"CRN","ARRIVAL_TM","AUTOMOBILE_COUNT","BELTED_DEATH_COUNT","BELTED_SUSP_SERIOUS_INJ_COUNT","BICYCLE_COUNT","BICYCLE_DEATH_COUNT","BICYCLE_SUSP_SERIOUS_INJ_COUNT","BUS_COUNT","CHLDPAS_DEATH_COUNT","CHLDPAS_SUSP_SERIOUS_INJ_COUNT","COLLISION_TYPE","COMM_VEH_COUNT","CONS_ZONE_SPD_LIM","COUNTY","CRASH_MONTH","CRASH_YEAR","DAY_OF_WEEK","DEC_LATITUDE","DEC_LONGITUDE","DISPATCH_TM","DISTRICT","DRIVER_COUNT_16YR","DRIVER_COUNT_17YR","DRIVER_COUNT_18YR","DRIVER_COUNT_19YR","DRIVER_COUNT_20YR","DRIVER_COUNT_50_64YR","DRIVER_COUNT_65_74YR","DRIVER_COUNT_75PLUS","EST_HRS_CLOSED","FATAL_COUNT","HEAVY_TRUCK_COUNT","HORSE_BUGGY_COUNT","HOUR_OF_DAY","ILLUMINATION","INJURY_COUNT","INTERSECTION_RELATED","INTERSECT_TYPE","LANE_CLOSED","LATITUDE","LN_CLOSE_DIR","LOCATION_TYPE","LONGITUDE","MAX_SEVERITY_LEVEL","MCYCLE_DEATH_COUNT","MCYCLE_SUSP_SERIOUS_INJ_COUNT","MOTORCYCLE_COUNT","MUNICIPALITY","NONMOTR_COUNT","NONMOTR_DEATH_COUNT","NONMOTR_SUSP_SERIOUS_INJ_COUNT","NTFY_HIWY_MAINT","PED_COUNT","PED_DEATH_COUNT","PED_SUSP_SERIOUS_INJ_COUNT","PERSON_COUNT","POLICE_AGCY","POSSIBLE_INJ_COUNT","RDWY_SURF_TYPE_CD","RELATION_TO_ROAD","ROADWAY_CLEARED","ROAD_CONDITION","SCH_BUS_IND","SCH_ZONE_IND","SECONDARY_CRASH","SMALL_TRUCK_COUNT","SPEC_JURIS_CD","SUSP_MINOR_INJ_COUNT","SUSP_SERIOUS_INJ_COUNT","SUV_COUNT","TCD_FUNC_CD","TCD_TYPE","TFC_DETOUR_IND","TIME_OF_DAY","TOTAL_UNITS","TOT_INJ_COUNT","UNBELTED_OCC_COUNT","UNB_DEATH_COUNT","UNB_SUSP_SERIOUS_INJ_COUNT","UNK_INJ_DEG_COUNT","UNK_INJ_PER_COUNT","URBAN_RURAL","VAN_COUNT","VEHICLE_COUNT","VULNERABLE_ROAD_USER_COUNT","VULNERABLE_ROAD_USER_DEATH_COUNT","VULNERABLE_ROAD_USER_SER_INJ_COUNT","WEATHER1","WEATHER2","WORKERS_PRES","WORK_ZONE_IND","WORK_ZONE_LOC","WORK_ZONE_TYPE","WZ_CLOSE_DETOUR","WZ_FLAGGER","WZ_LAW_OFFCR_IND","WZ_LN_CLOSURE","WZ_MOVING","WZ_OTHER","WZ_SHLDER_MDN","WZ_WORKERS_INJ_KILLED"
"2022002986","1743","0","0","0","0","0","0","0","0","0","1","0","","67","1","2022","7","40.017212","-75.05008","1725","6","0","0","0","0","0","0","0","0","","0","0","0","17","2","0","N","0","0","40 01:01.962","","0","75 03:00.287","0","0","0","0","67301","0","0","0","N","0","0","0","2","68K01","0","","1.0","","1","N","N","N","1","","0","0","1","0","0","","1725","2","0","0","0","0","0","0","2","0","2","0","0","0","3","03","","N","","","","","","","","","",""
"2022006612","0301","0","0","0","0","0","0","0","0","0","7","0","","67","1","2022","4","39.987998","-75.207259","0301","6","0","0","0","0","0","0","0","0","","0","0","0","3","3","1","N","0","0","39 59:16.794","","0","75 12:26.133","3","0","0","0","67301","0","0","0","N","0","0","0","2","68K01","0","","4.0","","1","N","N","N","1","","1","0","1","0","0","","300","2","1","0","0","0","0","0","2","0","2","0","0","0","3","03","","N","","","","","","","","","",""
"2022010614","1447","1","0","0","0","0","0","0","0","0","0","0","","67","1","2022","7","39.98217","-75.20767","1441","6","0","0","0","0","0","0","0","0","","0","0","0","14","1","0","N","0","2","39 58:55.812","3","0","75 12:27.613","9","0","0","0","67301","0","0","0","N","0","0","0","1","68K01","0","","4.0","1515.0","6","N","N","N","0","","0","0","0","0","0","N","1440","1","0","0","0","0","0","1","2","0","1","0","0","0","2","","","N","","","","","","","","","",""
"2022015965","2227","2","0","0","0","0","0","0","0","0","2","0","","67","2","2022","5","39.965331","-75.140425","2227","6","0","0","0","1","0","0","0","0","","0","0","0","22","3","0","N","0","0","39 57:55.190","","0","75 08:25.530","9","0","0","0","67301","0","0","0","N","0","0","0","2","67301","0","","1.0","","1","N","N","N","0","","0","0","0","3","3","","2204","2","0","0","0","0","0","1","2","0","2","0","0","0","3","03","","N","","","","","","","","","",""
"2022005493","1040","1","0","0","0","0","0","0","0","0","5","0","","67","1","2022","6","39.980668","-75.206101","1030","6","0","0","0","1","0","1","0","0","","0","0","0","10","1","2","N","0","1","39 58:50.406","3","0","75 12:21.965","3","0","0","0","67301","0","0","0","Y","0","0","0","3","68K01","0","","1.0","1107.0","9","N","N","N","0","","2","0","0","0","0","N","1028","2","2","1","0","0","0","0","2","1","2","0","0","0","3","","","N","","","","","","","","","",""
"2022011373","0133","0","0","0","0","0","0","0","0","0","7","0","","67","1","2022","1","39.935928","-75.199735","0124","6","0","0","0","0","0","0","0","0","","0","0","0","0","3","1","N","0","2","39 56:09.339","3","0","75 11:59.047","4","0","0","0","67301","0","0","0","N","0","0","0","1","68K01","1","","4.0","215.0","1","N","N","N","0","","0","0","1","0","0","N","51","1","1","0","0","0","0","0","2","0","1","0","0","0","3","","","N","","","","","","","","","",""
"2022003233","0629","0","0","0","0","0","0","0","0","0","7","0","","67","1","2022","1","40.037134","-75.0138","0607","6","0","0","0","0","0","0","0","0","","0","0","0","6","3","0","N","0","2","40 02:13.684","2","0","75 00:49.680","0","0","0","0","67301","0","0","0","N","0","0","0","1","68K01","0","","4.0","620.0","9","N","N","N","1","","0","0","0","0","0","N","605","1","0","0","0","0","0","0","2","0","1","0","0","0","7","","","N","","","","","","","","","",""
"2022010267","0722","1","0","0","0","0","0","0","0","0","7","0","","67","1","2022","6","40.029481","-75.022202","0704","6","0","0","0","0","1","0","0","0","","0","0","0","6","3","1","N","0","1","40 01:46.131","1","0","75 01:19.926","3","0","0","0","67301","0","0","0","N","0","0","0","1","68K01","0","","4.0","743.0","1","N","N","N","0","","1","0","0","0","0","N","651","1","1","0","0","0","0","0","2","0","1","0","0","0","3","","","N","","","","","","","","","",""
"2022005505","1832","1","0","0","0","0","0","0","0","0","1","0","","67","1","2022","7","39.939028","-75.143343","1823","6","0","0","0","0","0","0","0","0","","0","0","0","18","3","0","N","0","1","39 56:20.502","1","0","75 08:36.035","0","0","0","0","67301","0","0","0","N","0","0","0","4","68K01","0","","1.0","1826.0","9","N","N","Y","0","","0","0","1","0","0","N","1816","2","0","0","0","0","0","0","2","0","2","0","0","0","7","","","N","","","","","","","","","",""
"2022015823","1848","0","0","0","0","0","0","0","0","0","7","0","","67","1","2022","3","39.966879","-75.134613","1841","6","0","0","0","0","0","1","0","0","","0","0","0","18","3","0","N","0","0","39 58:00.766","","0","75 08:04.605","0","0","0","0","67301","0","0","0","N","0","0","0","1","68K01","0","","4.0","","1","N","N","N","0","","0","0","1","0","0","","1839","1","0","0","0","0","0","0","2","0","1","0","0","0","3","03","","N","","","","","","","","","",""
"2022004189","0544","1","0","0","0","0","0","0","0","0","7","0","","67","1","2022","4","40.088894","-75.045283","0541","6","0","0","0","0","0","0","0","0","","0","0","0","5","3","0","N","0","2","40 05:20.020","6","0","75 02:43.020","0","0","0","0","67301","0","0","0","N","0","0","0","1","67301","0","","5.0","800.0","2","N","N","N","0","","0","0","0","0","0","Y","535","1","0","0","0","0","0","0","2","0","1","0","0","0","7","","","N","","","","","","","","","",""
"2022017572","1850","1","0","0","0","0","0","0","0","0","1","0","","67","2","2022","6","39.989776","-75.087116","1839","6","0","0","0","0","1","0","0","0","","0","0","0","18","3","0","N","0","0","39 59:23.194","","0","75 05:13.619","0","0","0","0","67301","0","0","0","N","0","0","0","2","68K01","0","","1.0","","1","N","N","N","0","","0","0","1","0","0","","1839","2","0","0","0","0","0","0","2","0","2","0","0","0","3","03","","N","","","","","","","","","",""
"2022015825","1122","0","0","0","0","0","0","0","0","0","5","0","","67","1","2022","2","40.034711","-75.019087","1059","6","0","0","0","0","0","0","0","0","","0","0","0","10","1","0","N","0","0","40 02:04.960","","0","75 01:08.713","0","0","0","0","67301","0","0","0","N","0","0","0","2","68K01","0","","1.0","","1","N","N","N","1","","0","0","1","0","0","","1057","2","0","0","0","0","0","0","2","0","2","0","0","0","3","03","","N","","","","","","","","","",""
"2022015921","0927","1","0","0","0","0","0","0","0","0","1","0","","67","2","2022","3","39.966725","-75.211442","0922","6","0","0","0","0","0","0","0","0","","0","0","0","8","1","0","N","0","0","39 58:00.210","","0","75 12:41.190","9","0","0","0","67301","0","0","0","N","0","0","0","2","67301","0","","1.0","","1","N","Y","N","0","","0","0","1","0","0","","845","2","0","0","0","0","0","1","2","0","2","0","0","0","3","03","","N","","","","","","","","","",""
"2022008863","0231","1","0","0","0","0","0","0","0","0","7","0","","67","1","2022","4","40.009122","-75.067187","0220","6","0","0","0","0","0","0","0","0","","0","0","0","2","3","1","N","0","0","40 00:32.839","","0","75 04:01.873","3","0","0","0","67301","0","0","0","N","0","0","0","2","68K01","0","","4.0","","1","N","N","N","0","","1","0","0","0","0","","218","1","1","0","0","0","0","0","2","0","1","0","0","0","3","","","N","","","","","","","","","",""
"2022005765","1651","1","0","0","0","0","0","0","0","0","7","0","","67","1","2022","7","39.959878","-75.177832","1646","6","0","0","1","0","0","0","0","0","","0","0","0","16","3","0","N","0","0","39 57:35.559","","0","75 10:40.196","0","0","0","0","67301","0","0","0","N","0","0","0","1","68K01","0","","3.0","","9","N","N","N","0","","0","0","0","0","0","","1639","1","0","0","0","0","0","0","2","0","1","0","0","0","7","","","N","","","","","","","","","",""
"2022005499","0941","2","0","0","0","0","0","0","0","0","5","0","","67","1","2022","1","39.956972","-75.15506","0941","6","0","0","0","0","0","0","0","0","","0","0","0","9","1","0","N","0","1","39 57:25.100","4","0","75 09:18.217","0","0","0","0","67301","0","0","0","N","0","0","0","2","68K01","0","","1.0","1008.0","1","N","N","N","0","","0","0","0","0","0","N","940","2","0","0","0","0","0","0","2","0","2","0","0","0","3","","","N","","","","","","","","","",""
"2022005503","2025","1","0","0","0","0","0","0","0","0","5","0","","67","1","2022","1","39.954869","-75.149028","2014","6","0","0","1","0","0","0","0","0","","0","0","0","20","3","1","N","0","1","39 57:17.530","3","0","75 08:56.500","8","0","0","0","67301","0","0","0","N","0","0","0","5","68K01","0","","4.0","2035.0","9","N","N","N","0","","0","0","1","0","0","N","2012","2","1","0","0","0","1","0","2","0","2","0","0","0","7","","","N","","","","","","","","","",""
"2022015832","0653","2","0","0","0","0","0","0","0","0","4","0","","67","2","2022","5","40.009274","-75.066333","0625","6","0","0","0","0","0","1","0","0","","0","0","0","5","5","1","N","0","0","40 00:33.388","","0","75 03:58.800","8","0","0","0","67301","0","0","0","N","0","0","0","3","68K01","0","","3.0","","9","N","N","N","0","","0","0","0","3","8","","556","3","1","0","0","0","1","1","2","0","3","0","0","0","4","07","","N","","","","","","","","","",""
"2022011389","0430","0","0","0","0","0","0","0","0","0","7","0","","67","1","2022","7","40.045516","-75.001749","0421","6","0","0","0","0","0","0","0","0","","0","0","0","4","3","0","N","0","0","40 02:43.858","","0","75 00:06.298","9","0","0","0","67301","0","0","0","N","0","0","0","1","68K01","0","","4.0","","9","N","N","N","0","","0","0","1","0","0","","418","1","0","0","0","0","0","1","2","0","1","0","0","0","7","07","","N","","","","","","","","","",""
"2022005411","1551","1","0","0","0","0","0","0","0","0","7","0","","67","1","2022","7","39.943921","-75.142943","1551","6","0","0","1","0","0","0","0","0","","0","0","0","15","1","0","N","0","0","39 56:38.116","","0","75 08:34.595","0","0","0","0","67301","0","0","0","N","0","0","0","1","68K01","0","","4.0","","9","N","N","N","0","","0","0","0","0","0","","1551","1","0","0","0","0","0","0","2","0","1","0","0","0","7","","","N","","","","","","","","","",""
"2022017578","1557","0","0","0","0","0","0","0","0","0","7","0","","67","2","2022","7","39.96382","-75.184425","1546","6","0","0","0","0","0","1","0","0","","0","0","0","15","1","0","N","0","1","39 57:49.753","3","0","75 11:03.931","0","0","0","0","67301","0","0","0","N","0","0","0","1","68K01","0","","4.0","1650.0","1","N","N","N","0","","0","0","1","0","0","Y","1535","1","0","0","0","0","0","0","2","0","1","0","0","0","3","","","N","","","","","","","","","",""
"2022003956","0741","3","0","0","0","0","0","0","0","0","1","0","","67","1","2022","2","39.940567","-75.143127","0738","6","0","0","0","0","0","0","0","0","","0","0","0","7","1","2","N","0","0","39 56:26.042","","0","75 08:35.257","3","0","0","0","67301","0","0","0","N","0","0","0","3","68K01","0","","1.0","","1","N","N","N","0","","2","0","0","0","0","","735","3","2","1","0","0","0","0","2","0","3","0","0","0","3","","","N","","","","","","","","","",""
"2022009216","2215","1","0","0","0","0","0","0","0","0","7","0","","67","1","2022","5","39.898717","-75.170838","2210","6","0","0","0","0","0","0","0","0","","0","0","0","22","3","0","N","0","1","39 53:55.380","1","0","75 10:15.016","0","0","0","0","67301","0","0","0","N","0","0","0","4","68K01","0","","2.0","2245.0","1","N","N","N","0","","0","0","0","0","0","N","2209","1","0","0","0","0","0","0","2","0","1","0","0","0","3","","","N","","","","","","","","","",""
"2022009962","0555","0","0","0","0","0","0","0","0","0","7","0","","67","1","2022","1","39.993059","-75.085228","0547","6","0","0","0","0","0","0","0","0","","0","0","0","5","3","0","N","7","1","39 59:35.013","1","2","75 05:06.819","9","0","0","0","67301","0","0","0","N","0","0","0","1","68K01","0","","2.0","630.0","1","N","N","N","1","","0","0","0","0","0","N","542","1","0","0","0","0","0","1","2","0","1","0","0","0","3","","","N","","","","","","","","","",""
"2022011378","0200","1","0","0","0","0","0","0","0","0","7","0","","67","1","2022","2","40.04409","-75.002794","0140","6","0","0","0","0","0","0","0","0","","0","0","0","1","3","0","N","0","0","40 02:38.723","","0","75 00:10.057","0","0","0","0","67301","0","0","0","N","0","0","0","1","68K01","0","","3.0","","9","N","N","N","0","","0","0","0","0","0","","139","1","0","0","0","0","0","0","2","0","1","0","0","0","7","","","N","","","","","","","","","",""
"2022004300","1530","0","0","0","0","0","0","0","0","0","7","0","","67","1","2022","5","40.024258","-75.170936","1522","6","0","0","0","0","0","0","0","1","","0","0","0","15","1","0","N","0","0","40 01:27.330","","0","75 10:15.370","0","0","0","0","67301","0","0","0","N","0","0","0","1","67301","0","","5.0","","1","N","N","N","0","","0","0","1","0","0","","1515","1","0","0","0","0","0","0","2","0","1","0","0","0","3","03","","N","","","","","","","","","",""
"2022012276","1519","1","0","0","0","0","0","0","0","0","7","0","","67","1","2022","1","39.980337","-75.205591","1514","6","0","0","0","0","0","0","0","0","","0","0","0","15","1","1","N","0","0","39 58:49.212","","0","75 12:20.127","4","0","0","0","67301","0","0","0","N","0","0","0","1","68K01","1","","2.0","","9","N","N","N","0","","0","0","0","0","0","","1513","1","1","0","0","0","0","0","2","0","1","0","0","0","7","","","N","","","","","","","","","",""
"2022018065","1644","2","0","0","0","0","0","0","0","0","1","0","","67","2","2022","3","40.026744","-75.026537","1619","6","0","0","0","0","0","0","0","0","","0","0","0","16","1","0","N","0","0","40 01:36.279","","0","75 01:35.534","0","0","0","0","67301","0","0","0","N","0","0","0","2","68K01","0","","1.0","","1","N","N","N","0","","0","0","0","0","0","","1616","2","0","0","0","0","0","0","2","0","2","0","0","0","3","03","","N","","","","","","","","","",""
"2022004213","0115","1","0","0","0","0","0","0","0","0","7","0","","67","1","2022","3","39.928133","-75.243444","0054","6","0","0","0","0","0","0","0","0","","0","0","0","0","3","0","N","0","0","39 55:41.278","","0","75 14:36.400","0","0","0","0","67301","0","0","0","N","0","0","0","1","67301","0","","3.0","","1","N","N","N","0","","0","0","0","0","0","","53","1","0","0","0","0","0","0","2","0","1","0","0","0","3","","","N","","","","","","","","","",""
"2022008128","1046","1","0","0","0","0","0","0","0","0","1","0","","67","1","2022","6","39.967299","-75.188845","1041","6","0","0","0","0","0","0","0","0","","0","0","0","10","1","1","N","0","2","39 58:02.276","3","0","75 11:19.842","3","0","0","0","67301","0","0","0","N","0","0","0","4","68K01","0","","1.0","1056.0","1","N","N","N","0","","1","0","2","0","0","N","1038","3","1","0","0","0","0","0","2","0","3","0","0","0","3","","","N","","","","","","","","","",""
"2022006619","1836","1","0","0","0","0","0","0","0","0","5","0","","67","1","2022","5","40.034806","-75.018448","1836","6","0","0","0","1","0","0","0","0","","0","0","0","18","3","0","N","0","0","40 02:05.303","","0","75 01:06.414","0","0","0","0","67301","0","0","0","N","0","0","0","4","68K01","0","","1.0","","1","N","N","N","0","","0","0","1","0","0","","1829","2","0","0","0","0","0","0","2","0","2","0","0","0","3","","","N","","","","","","","","","",""
"2022009961","1123","2","0","0","0","0","0","0","0","0","1","0","","67","1","2022","7","39.931437","-75.145578","1114","6","0","0","0","0","0","1","0","0","","0","0","0","10","1","0","N","0","0","39 55:53.172","","0","75 08:44.081","0","0","0","0","67301","0","0","0","N","0","0","0","2","68K01","0","","1.0","","1","N","N","N","0","","0","0","0","0","0","","1059","2","0","0","0","0","0","0","2","0","2","0","0","0","3","03","","N","","","","","","","","","",""
"2022008653","0725","1","0","0","0","0","0","0","0","0","7","0","","67","1","2022","2","39.876528","-75.257488","0704","6","0","0","0","0","0","0","0","0","","0","0","0","7","1","1","N","0","0","39 52:35.502","","0","75 15:26.956","8","0","0","0","67301","0","0","0","Y","0","0","0","1","68K01","0","","3.0","","1","N","N","N","0","","0","0","0","0","0","","700","1","1","0","0","0","1","0","2","0","1","0","0","0","3","03","","N","","","","","","","","","",""
"2022004209","1630","0","0","0","0","0","0","0","0","0","8","0","","67","1","2022","7","39.949756","-75.16752","1600","6","0","0","0","0","0","0","0","0","","0","0","0","15","1","1","","2","0","39 56:59.121","","0","75 10:03.071","3","0","0","0","67301","1","0","0","N","1","0","0","2","67301","0","","1.0","","1","N","N","N","0","","1","0","1","3","2","","1555","2","1","1","0","0","0","0","2","0","1","1","0","0","99","","","N","","","","","","","","","",""
"2022002984","1623","1","0","0","0","0","0","0","0","0","1","0","","67","1","2022","7","39.967758","-75.131653","1618","6","0","0","0","0","0","0","0","0","","0","0","0","16","1","0","N","0","1","39 58:03.927","2","0","75 07:53.952","0","0","0","0","67301","0","0","0","N","0","0","0","2","68K01","0","","1.0","1630.0","1","N","N","N","0","","0","0","1","0","0","N","1615","2","0","0","0","0","0","0","2","0","2","0","0","0","3","03","","N","","","","","","","","","",""
"2022017761","1603","2","0","0","0","0","0","0","0","0","1","0","","67","2","2022","1","39.945014","-75.190855","1601","6","0","0","0","0","0","1","0","0","","0","0","0","15","1","0","N","0","0","39 56:42.051","","0","75 11:27.078","0","0","0","0","67301","0","0","0","N","0","0","0","2","68K01","0","","1.0","","1","N","N","N","0","","0","0","0","0","0","","1554","2","0","0","0","0","0","0","2","0","2","0","0","0","3","03","","N","","","","","","","","","",""
"2022018074","0628","2","0","0","0","0","0","0","0","0","1","0","","67","2","2022","3","39.961595","-75.182173","0626","6","0","0","0","0","1","1","0","0","","0","0","0","6","1","2","N","0","1","39 57:41.742","4","0","75 10:55.822","8","0","0","0","67301","0","0","0","N","0","0","0","6","68K01","0","","1.0","655.0","1","N","N","N","2","","0","0","0","0","0","N","622","4","2","2","0","0","2","0","2","0","4","0","0","0","3","","","N","","","","","","","","","",""
"2022003201","0758","1","0","0","0","0","0","0","0","0","7","0","","67","1","2022","6","39.881967","-75.245524","0753","6","0","0","0","0","0","0","0","0","","0","0","0","7","1","0","N","0","1","39 52:55.080","1","3","75 14:43.886","0","0","0","0","67301","0","0","0","N","0","0","0","1","68K01","0","","4.0","830.0","2","N","N","N","0","","0","0","0","0","0","N","725","1","0","0","0","0","0","0","2","0","1","0","0","0","10","","","N","","","","","","","","","",""
"2022004514","1606","1","0","0","0","0","0","0","0","0","7","0","","67","1","2022","3","39.885994","-75.211057","1546","6","0","0","0","0","0","0","0","0","","0","0","0","15","1","1","N","0","0","39 53:09.579","","0","75 12:39.806","3","0","0","0","67301","0","0","0","N","0","0","0","1","68K01","0","","2.0","","1","N","N","N","0","","1","0","0","0","0","","1540","1","1","0","0","0","0","0","2","0","1","0","0","0","3","","","N","","","","","","","","","",""
"2022015841","1225","3","0","0","0","0","0","0","0","0","4","0","","67","2","2022","1","40.033354","-75.020529","1215","6","0","1","0","0","0","0","0","0","","0","0","0","12","1","2","N","0","1","40 02:00.073","2","0","75 01:13.906","8","0","0","0","67301","0","0","0","N","0","0","0","3","68K01","0","","1.0","1245.0","1","N","N","Y","0","","0","0","0","3","8","N","1204","3","2","1","0","0","2","0","2","0","3","0","0","0","3","10","","N","","","","","","","","","",""
"2022009234","1807","2","0","0","0","0","0","0","0","0","7","0","","67","1","2022","1","39.952922","-75.140983","1751","6","0","0","0","0","0","0","0","0","","0","0","0","17","2","0","N","0","0","39 57:10.520","","0","75 08:27.538","0","0","0","0","67301","0","0","0","N","0","0","0","3","68K01","0","","4.0","","7","N","N","N","0","","0","0","0","0","0","","1748","2","0","0","0","0","0","0","2","0","2","0","0","0","10","","","N","","","","","","","","","",""
"2022004193","0932","0","0","0","0","0","0","0","0","0","7","0","","67","1","2022","6","40.084341","-75.062511","0922","6","0","0","0","0","0","0","0","0","","0","0","0","9","1","1","N","0","0","40 05:03.628","","0","75 03:45.039","3","0","0","0","67301","0","0","0","N","0","0","0","1","67301","0","","5.0","","6","N","N","N","0","","1","0","1","0","0","","922","1","1","1","0","0","0","0","2","0","1","0","0","0","3","","","N","","","","","","","","","",""
"2022017177","0750","0","0","0","0","0","0","0","0","0","1","0","","67","2","2022","2","39.943391","-75.142754","0732","6","0","0","0","0","0","1","0","0","","0","0","0","7","1","1","N","0","0","39 56:36.207","","4","75 08:33.914","3","0","0","0","67301","0","0","0","N","0","0","0","2","68K01","0","","1.0","","1","N","N","N","1","","1","0","1","0","0","","732","2","1","0","0","0","0","0","2","0","2","0","0","0","3","03","","N","","","","","","","","","",""
"2022016316","1845","1","0","0","0","0","0","0","0","0","4","0","","67","2","2022","1","40.026966","-75.183209","1845","6","0","0","0","0","0","0","0","0","","0","0","0","16","1","0","N","0","9","40 01:37.077","","7","75 10:59.551","0","0","0","0","67301","0","0","0","N","0","0","0","4","67301","0","","1.0","","9","N","N","N","0","","0","0","1","0","0","","1650","2","0","0","0","0","0","0","2","0","2","0","0","0","10","04","","N","","","","","","","","","",""
"2022016613","2141","1","0","0","0","0","0","0","0","0","98","0","","67","1","2022","7","40.009678","-75.065282","2138","6","0","0","0","0","0","0","0","0","","0","0","0","21","3","1","N","0","0","40 00:34.842","","0","75 03:55.015","4","0","0","0","67301","0","0","0","N","0","0","0","2","68K01","1","","2.0","","1","N","N","N","0","","0","0","0","0","0","","2138","1","1","2","0","0","0","0","2","0","1","0","0","0","3","","","N","","","","","","","","","",""
"2022005501","1506","0","0","0","0","0","0","0","0","0","7","0","","67","1","2022","1","40.040008","-75.006541","1447","6","0","0","0","0","0","0","0","0","","0","0","0","14","1","2","N","0","1","40 02:24.029","2","0","75 00:23.548","8","0","0","0","67301","0","0","0","N","0","0","0","2","68K01","0","","4.0","1520.0","9","N","N","N","1","","0","0","0","0","0","N","1442","1","2","0","0","0","2","0","2","0","1","0","0","0","7","","","N","","","","","","","","","",""
"2022005502","1826","0","0","0","0","0","0","0","0","0","7","0","","67","1","2022","1","40.043061","-75.003326","1817","6","0","0","0","0","0","1","0","0","","0","0","0","18","3","1","N","0","0","40 02:35.018","","0","75 00:11.974","8","0","0","0","67301","0","0","0","N","0","0","0","2","68K01","0","","4.0","","9","N","N","N","0","","0","0","0","0","0","","1815","1","1","0","0","0","1","0","2","1","1","0","0","0","7","","","N","","","","","","","","","",""
"2022015838","1055","1","0","0","0","0","0","0","0","0","7","0","","67","2","2022","6","39.93222","-75.199961","1049","6","0","0","0","0","1","0","0","0","","0","0","0","10","1","2","N","0","1","39 55:55.991","4","0","75 11:59.860","8","0","0","0","67301","0","0","0","N","0","0","0","2","68K01","0","","4.0","1150.0","9","N","N","N","0","","0","0","0","0","0","N","1049","1","2","2","0","0","2","0","2","0","1","0","0","0","7","04","","N","","","","","","","","","",""
"2022016322","1457","0","0","0","0","0","0","0","0","0","0","1","","67","2","2022","4","40.052617","-74.987561","1457","6","0","0","0","0","0","1","0","0","","0","1","0","14","1","1","N","0","1","40 03:09.422","2","0","74 59:15.221","8","0","0","0","67301","0","0","0","Y","0","0","0","1","68K01","0","","1.0","1840.0","1","N","N","N","0","","0","0","0","0","0","N","1424","1","1","0","0","0","1","0","2","0","1","0","0","0","3","03","","N","","","","","","","","","",""
"2022017057","1422","1","0","0","0","0","0","0","0","0","1","0","","67","1","2022","7","39.953526","-75.181527","1411","6","0","0","0","0","0","1","0","0","","0","0","0","14","1","1","N","0","0","39 57:12.692","","0","75 10:53.496","8","0","0","0","67301","0","0","0","N","0","0","0","2","68K01","0","","1.0","","1","N","N","N","0","","0","0","1","0","0","","1407","2","1","0","0","0","1","1","2","0","2","0","0","0","3","03","","N","","","","","","","","","",""
"2022011592","1225","3","0","0","0","0","0","0","0","0","1","0","","67","1","2022","4","39.947298","-75.188015","1216","6","0","0","0","0","0","1","0","0","","0","0","0","12","1","0","N","0","1","39 56:50.274","3","0","75 11:16.854","0","0","0","0","67301","0","0","0","N","0","0","0","5","68K01","0","","1.0","1312.0","1","N","N","N","0","","0","0","0","0","0","N","1214","3","0","0","0","0","0","0","2","0","3","0","0","0","3","","","N","","","","","","","","","",""
"2022002955","1543","1","0","0","0","0","0","0","0","0","7","0","","67","1","2022","4","39.918721","-75.148009","1543","6","0","0","0","0","0","1","0","0","","0","0","0","15","1","0","N","0","1","39 55:07.396","3","0","75 08:52.831","0","0","0","0","67301","0","0","0","N","0","0","0","1","68K01","0","","4.0","1640.0","1","N","N","N","0","","0","0","0","0","0","N","1542","1","0","0","0","0","0","0","2","0","1","0","0","0","3","03","","N","","","","","","","","","",""
"2022004359","2217","1","0","0","0","0","0","0","0","0","2","0","","67","1","2022","3","39.992755","-75.186163","2210","6","0","0","0","0","0","0","1","0","","0","0","0","22","3","1","","2","0","39 59:33.918","","0","75 11:10.185","3","0","0","0","67301","0","0","0","N","0","0","0","1","67301","0","","1.0","","1","N","N","N","0","","1","0","0","3","2","","2205","2","1","0","0","0","0","0","2","0","2","0","0","0","3","03","","N","","","","","","","","","",""
"2022016176","1005","1","0","0","0","0","0","1","0","0","1","1","","67","2","2022","4","40.022789","-75.159023","1000","6","0","0","0","0","0","1","0","0","","0","0","0","9","1","1","","5","0","40 01:22.042","","0","75 09:32.483","3","0","0","0","67301","0","0","0","N","0","0","0","2","67301","0","","1.0","","1","Y","N","N","0","","1","0","0","3","2","","900","2","1","1","0","0","0","0","2","0","2","0","0","0","3","","","N","","","","","","","","","",""
"2022020467","2359","0","0","0","0","0","0","0","0","0","4","0","","67","2","2022","6","39.970173","-75.159656","2359","6","0","0","0","0","0","0","0","0","","0","0","0","23","3","0","","1","1","39 58:12.621","4","0","75 09:34.763","0","0","0","0","67301","0","0","0","N","0","0","0","2","67301","0","","1.0","20.0","1","N","N","N","0","","0","0","2","3","3","N","2336","2","0","0","0","0","0","0","2","0","2","0","0","0","3","03","","N","","","","","","","","","",""
"2022010616","1632","0","0","0","0","0","0","0","0","0","5","0","","67","1","2022","7","39.993446","-75.084667","1627","6","0","0","0","0","0","0","0","0","","0","0","0","16","1","0","N","0","1","39 59:36.404","1","0","75 05:04.802","0","0","0","0","67301","0","0","0","N","0","0","0","2","68K01","0","","1.0","1700.0","6","N","N","N","0","","0","0","2","0","0","N","1626","2","0","0","0","0","0","0","2","0","2","0","0","0","2","02","","N","","","","","","","","","",""