"CRN","ARRIVAL_TM","AUTOMOBILE_COUNT","BELTED_DEATH_COUNT","BELTED_SUSP_SERIOUS_INJ_COUNT","BICYCLE_COUNT","BICYCLE_DEATH_COUNT","BICYCLE_SUSP_SERIOUS_INJ_COUNT","BUS_COUNT","CHLDPAS_DEATH_COUNT","CHLDPAS_SUSP_SERIOUS_INJ_COUNT","COLLISION_TYPE","COMM_VEH_COUNT","CONS_ZONE_SPD_LIM","COUNTY","CRASH_MONTH","CRASH_YEAR","DAY_OF_WEEK","DEC_LATITUDE","DEC_LONGITUDE","DISPATCH_TM","DISTRICT","DRIVER_COUNT_16YR","DRIVER_COUNT_17YR","DRIVER_COUNT_18YR","DRIVER_COUNT_19YR","DRIVER_COUNT_20YR","DRIVER_COUNT_50_64YR","DRIVER_COUNT_65_74YR","DRIVER_COUNT_75PLUS","EST_HRS_CLOSED","FATAL_COUNT","HEAVY_TRUCK_COUNT","HORSE_BUGGY_COUNT","HOUR_OF_DAY","ILLUMINATION","INJURY_COUNT","INTERSECTION_RELATED","INTERSECT_TYPE","LANE_CLOSED","LATITUDE","LN_CLOSE_DIR","LOCATION_TYPE","LONGITUDE","MAX_SEVERITY_LEVEL","MCYCLE_DEATH_COUNT","MCYCLE_SUSP_SERIOUS_INJ_COUNT","MOTORCYCLE_COUNT","MUNICIPALITY","NONMOTR_COUNT","NONMOTR_DEATH_COUNT","NONMOTR_SUSP_SERIOUS_INJ_COUNT","NTFY_HIWY_MAINT","PED_COUNT","PED_DEATH_COUNT","PED_SUSP_SERIOUS_INJ_COUNT","PERSON_COUNT","POLICE_AGCY","POSSIBLE_INJ_COUNT","RDWY_SURF_TYPE_CD","RELATION_TO_ROAD","ROADWAY_CLEARED","ROAD_CONDITION","SCH_BUS_IND","SCH_ZONE_IND","SECONDARY_CRASH","SMALL_TRUCK_COUNT","SPEC_JURIS_CD","SUSP_MINOR_INJ_COUNT","SUSP_SERIOUS_INJ_COUNT","SUV_COUNT","TCD_FUNC_CD","TCD_TYPE","TFC_DETOUR_IND","TIME_OF_DAY","TOTAL_UNITS","TOT_INJ_COUNT","UNBELTED_OCC_COUNT","UNB_DEATH_COUNT","UNB_SUSP_SERIOUS_INJ_COUNT","UNK_INJ_DEG_COUNT","UNK_INJ_PER_COUNT","URBAN_RURAL","VAN_COUNT","VEHICLE_COUNT","VULNERABLE_ROAD_USER_COUNT","VULNERABLE_ROAD_USER_DEATH_COUNT","VULNERABLE_ROAD_USER_SER_INJ_COUNT","WEATHER1","WEATHER2","WORKERS_PRES","WORK_ZONE_IND","WORK_ZONE_LOC","WORK_ZONE_TYPE","WZ_CLOSE_DETOUR","WZ_FLAGGER","WZ_LAW_OFFCR_IND","WZ_LN_CLOSURE","WZ_MOVING","WZ_OTHER","WZ_SHLDER_MDN","WZ_WORKERS_INJ_KILLED"
"2022017772","1145","1","0","0","0","0","0","0","0","0","1","0","","67","2","2022","7","39.92414","-75.192637","1128","6","0","0","0","0","0","0","0","0","","0","0","0","23","3","0","N","0","0","39 55:26.903","","0","75 11:33.494","9","0","0","0","67301","0","0","0","N","0","0","0","2","68K01","0","","3.0","","1","N","N","N","0","","0","0","1","0","0","","2331","2","0","0","0","0","0","1","2","0","2","0","0","0","3","","","N","","","","","","","","","",""
"2022004170","1818","2","0","0","0","0","0","0","0","0","1","0","","67","1","2022","3","40.045344","-75.088004","1818","6","0","0","0","0","0","0","0","0","","0","0","0","17","1","1","N","0","0","40 02:43.238","","0","75 05:16.816","3","0","0","0","67301","0","0","0","N","0","0","0","2","67301","0","","1.0","","1","N","N","N","0","","1","0","0","3","2","","1745","2","1","0","0","0","0","0","2","0","2","0","0","0","3","","","N","","","","","","","","","",""
"2022011351","0339","1","0","0","0","0","0","0","0","0","7","0","","67","1","2022","1","40.028395","-75.023624","0326","6","0","0","0","0","0","0","0","0","","0","0","0","3","3","0","N","0","0","40 01:42.221","","0","75 01:25.046","0","0","0","0","67301","0","0","0","N","0","0","0","1","68K01","0","","4.0","","2","N","N","N","0","","0","0","0","0","0","","322","1","0","0","0","0","0","0","2","0","1","0","0","0","3","03","","N","","","","","","","","","",""
"2022005035","0510","2","0","0","0","0","0","0","0","0","1","0","","67","1","2022","4","39.980932","-75.206486","0510","6","0","0","0","0","0","0","0","0","","0","0","0","5","3","0","N","0","0","39 58:51.356","","0","75 12:23.350","0","0","0","0","67301","0","0","0","N","0","0","0","2","68K01","0","","1.0","","1","N","N","N","0","","0","0","0","0","0","","502","2","0","0","0","0","0","0","2","0","2","0","0","0","7","","","N","","","","","","","","","",""
"2022017234","0216","1","0","0","0","0","0","0","0","0","7","0","","67","2","2022","4","40.110592","-75.003447","0210","6","0","0","0","0","0","0","0","0","","0","0","0","2","3","1","N","0","0","40 06:38.130","","0","75 00:12.410","8","0","0","0","67301","0","0","0","N","0","0","0","1","67301","0","","5.0","","1","N","N","N","0","","0","0","0","3","2","","205","1","1","0","0","0","1","0","2","0","1","0","0","0","3","","","N","","","","","","","","","",""
"2022015839","0650","1","0","0","0","0","0","0","0","0","5","0","","67","2","2022","7","39.936628","-75.144261","0648","6","0","0","0","0","0","0","0","0","","0","0","0","5","3","0","N","0","0","39 56:11.861","","0","75 08:39.341","9","0","0","0","67301","0","0","0","N","0","0","0","2","68K01","0","","1.0","","1","N","N","N","0","","0","0","0","0","0","","555","2","0","0","0","0","0","1","2","0","2","0","0","0","3","03","","N","","","","","","","","","",""
"2022007427","1543","2","0","0","0","0","0","0","0","0","1","0","","67","1","2022","3","39.958296","-75.165186","1540","6","0","0","0","0","0","0","0","0","","0","0","0","15","1","0","N","0","2","39 57:29.867","4","0","75 09:54.671","0","0","0","0","67301","0","0","0","N","0","0","0","2","68K01","0","","1.0","1550.0","1","N","N","N","0","","0","0","0","0","0","N","1537","2","0","0","0","0","0","0","2","0","2","0","0","0","3","","","N","","","","","","","","","",""
"2022015782","1310","1","0","0","0","0","0","0","0","0","8","0","","67","2","2022","4","40.008303","-75.194369","1255","6","0","0","0","0","0","0","0","0","","0","0","0","12","1","1","","2","0","40 00:29.891","","0","75 11:39.727","3","0","0","0","67301","1","0","0","N","1","0","0","1","67301","0","","1.0","","1","N","N","N","0","","1","0","0","3","2","","1255","2","1","0","0","0","0","0","2","0","1","1","0","0","3","03","","N","","","","","","","","","",""
"2022004458","1120","1","0","0","0","0","0","0","0","0","7","0","","67","1","2022","7","39.967186","-75.132742","1108","6","0","0","0","0","0","0","0","0","","0","0","0","11","1","0","N","0","2","39 58:01.869","1","0","75 07:57.872","9","0","0","0","67301","0","0","0","N","0","0","0","1","68K01","0","","3.0","1145.0","9","N","N","N","0","","0","0","0","0","0","N","1106","1","0","0","0","0","0","1","2","0","1","0","0","0","7","","","N","","","","","","","","","",""
"2022009619","2018","1","0","0","0","0","0","0","0","0","5","0","","67","1","2022","6","39.959759","-75.177885","2008","6","0","0","0","0","1","1","0","0","","0","0","0","20","3","0","N","0","2","39 57:35.134","3","0","75 10:40.387","0","0","0","0","67301","0","0","0","N","0","0","0","5","68K01","0","","1.0","2022.0","1","N","N","N","0","","0","0","1","0","0","N","2000","2","0","0","0","0","0","0","2","0","2","0","0","0","3","","","N","","","","","","","","","",""
"2022010405","1459","1","0","0","0","0","0","0","0","0","7","0","","67","1","2022","4","40.040148","-75.006316","1443","6","0","0","0","0","0","0","0","0","","0","0","0","14","1","0","N","0","0","40 02:24.534","","0","75 00:22.737","0","0","0","0","67301","0","0","0","N","0","0","0","1","68K01","0","","2.0","","1","N","Y","N","0","","0","0","0","0","0","","1442","1","0","0","0","0","0","0","2","0","1","0","0","0","3","","","N","","","","","","","","","",""
"2022016636","1025","0","0","0","0","0","0","0","0","0","7","1","","67","2","2022","2","40.023273","-75.159251","1010","6","0","0","0","0","0","0","0","0","","0","1","0","9","1","0","N","0","2","40 01:23.783","5","1","75 09:33.302","0","0","0","0","67301","0","0","0","N","0","0","0","1","67301","0","","5.0","1228.0","1","N","N","N","0","","0","0","0","3","8","Y","940","1","0","0","0","0","0","0","2","0","1","0","0","0","3","03","","N","","","","","","","","","",""
"2022016314","1730","2","0","0","0","0","0","0","0","0","5","0","","67","2","2022","1","40.006326","-75.193945","1730","6","0","0","1","0","0","0","0","0","","0","0","0","16","1","1","","7","9","40 00:22.773","","8","75 11:38.203","3","0","0","0","67301","0","0","0","N","0","0","0","3","67301","0","","1.0","","1","N","N","N","0","","1","0","0","0","0","","1642","2","1","0","0","0","0","1","2","0","2","0","0","0","3","03","","N","","","","","","","","","",""
"2022003234","0925","0","0","0","0","0","0","0","0","0","7","0","","67","1","2022","1","40.039606","-75.007264","0905","6","0","0","0","0","0","0","0","0","","0","0","0","9","1","1","N","0","0","40 02:22.582","","0","75 00:26.151","3","0","0","0","67301","0","0","0","N","0","0","0","1","68K01","0","","4.0","","9","N","N","N","0","","1","0","1","0","0","","903","1","1","0","0","0","0","0","2","0","1","0","0","0","4","","","N","","","","","","","","","",""
"2022016534","1409","0","0","0","0","0","0","0","0","0","1","2","","67","1","2022","6","39.958299","-75.166111","1351","6","0","0","0","0","0","1","0","0","","0","2","0","13","1","0","N","0","0","39 57:29.877","","0","75 09:57.998","0","0","0","0","67301","0","0","0","N","0","0","0","2","68K01","0","","1.0","","9","N","N","N","0","","0","0","0","0","0","","1348","2","0","0","0","0","0","0","2","0","2","0","0","0","3","03","","N","","","","","","","","","",""
"2022009219","0848","1","0","0","0","0","0","0","0","0","7","0","","67","1","2022","7","39.959874","-75.178794","0833","6","0","0","0","0","0","0","0","0","","0","0","0","8","1","1","N","0","1","39 57:35.547","3","0","75 10:43.659","8","0","0","0","67301","0","0","0","Y","0","0","0","2","68K01","0","","7.0","930.0","1","N","N","N","0","","0","0","0","0","0","N","831","1","1","0","0","0","1","0","2","0","1","0","0","0","3","03","","N","","","","","","","","","",""
"2022005163","1621","0","0","0","0","0","0","0","0","0","7","0","","67","1","2022","7","39.995326","-75.197637","1618","6","0","0","0","0","0","0","0","0","","0","0","0","16","1","0","N","0","0","39 59:43.173","","0","75 11:51.493","0","0","0","0","67301","0","0","0","N","0","0","0","1","68K01","0","","4.0","","9","N","N","N","0","","0","0","0","0","0","","1616","1","0","0","0","0","0","0","2","1","1","0","0","0","7","","","N","","","","","","","","","",""
"2022010872","1315","1","0","0","0","0","0","0","0","0","4","0","","67","1","2022","1","39.998355","-75.190734","1252","6","0","0","0","0","0","0","0","0","","0","0","0","12","1","0","N","0","0","39 59:54.079","","0","75 11:26.641","9","0","0","0","67301","0","0","0","N","0","0","0","3","67301","0","","1.0","","2","N","N","N","0","","0","0","0","0","0","","1230","2","0","0","0","0","0","1","2","0","2","0","0","0","3","03","","N","","","","","","","","","",""
"2022014410","","1","0","0","0","0","0","0","0","0","4","0","","67","1","2022","6","39.945278","-75.235778","","6","0","0","0","0","0","0","0","0","","0","0","0","10","1","0","N","0","0","39 56:43.000","","0","75 14:08.800","0","0","0","0","67301","0","0","0","N","0","0","0","5","00000","0","","1.0","","1","N","N","N","0","","0","0","1","0","0","","1027","3","0","0","0","0","0","0","2","0","3","0","0","0","3","","","N","","","","","","","","","",""
"2022016713","2254","0","0","0","0","0","0","0","0","0","1","0","","67","2","2022","7","39.964361","-75.137841","2248","6","0","0","0","0","0","1","1","0","","0","0","0","22","2","0","N","0","0","39 57:51.699","","0","75 08:16.226","0","0","0","0","67301","0","0","0","N","0","0","0","2","68K01","0","","1.0","","1","N","N","N","0","","0","0","1","0","0","","2236","2","0","0","0","0","0","0","2","1","2","0","0","0","3","","","N","","","","","","","","","",""
"2022021264","1737","3","0","0","0","0","0","0","0","0","1","0","","67","2","2022","7","39.958865","-75.170768","1729","6","0","0","0","0","0","0","0","0","","0","0","0","17","3","2","N","0","2","39 57:31.915","3","0","75 10:14.764","8","0","0","0","67301","0","0","0","N","0","0","0","4","68K01","0","","1.0","30.0","1","N","N","N","0","","0","0","0","0","0","Y","1728","3","2","0","0","0","2","0","2","0","3","0","0","0","3","03","","N","","","","","","","","","",""
"2022008125","0707","1","0","0","0","0","0","0","0","0","1","0","","67","1","2022","5","39.97701","-75.198199","0657","6","0","0","0","0","0","1","0","0","","0","0","0","6","5","0","N","0","2","39 58:37.237","4","0","75 11:53.516","0","0","0","0","67301","0","0","0","N","0","0","0","2","68K01","0","","1.0","720.0","9","N","N","N","1","","0","0","0","0","0","N","654","2","0","0","0","0","0","0","2","0","2","0","0","0","7","","","N","","","","","","","","","",""
"2022026079","0655","3","0","0","0","0","0","0","0","0","1","0","","67","2","2022","2","40.027035","-75.026007","0632","6","0","0","0","0","0","1","0","0","","0","0","0","6","1","0","N","0","0","40 01:37.326","","0","75 01:33.626","0","0","0","0","67301","0","0","0","N","0","0","0","3","68K01","0","","1.0","","1","N","N","Y","0","","0","0","0","3","8","","624","3","0","0","0","0","0","0","2","0","3","0","0","0","3","","","N","","","","","","","","","",""
"2022020309","0030","1","0","0","0","0","0","0","0","0","8","0","","67","1","2022","6","39.995345","-75.117249","0029","6","0","0","0","0","0","0","0","0","","1","0","0","0","3","0","","2","0","39 59:43.242","","0","75 07:02.096","1","0","0","0","67301","1","1","0","N","1","1","0","2","67301","0","2","1.0","","99","N","N","N","0","0","0","0","0","2","3","","28","2","0","0","0","0","0","1","2","0","1","1","1","0","99","03","","N","","","","","","","","","",""
"2022016595","1719","0","0","0","0","0","0","0","0","0","1","0","","67","2","2022","7","39.947932","-75.142147","1719","6","0","0","0","0","0","0","0","0","","0","0","0","17","1","0","N","0","1","39 56:52.555","2","0","75 08:31.728","0","0","0","0","67301","0","0","0","N","0","0","0","2","68K01","0","","1.0","1719.0","1","N","N","N","0","","0","0","1","0","0","N","1719","2","0","0","0","0","0","0","2","1","2","0","0","0","3","","","N","","","","","","","","","",""
"2022021554","1002","1","0","0","0","0","0","0","0","0","4","0","","67","2","2022","4","40.04721","-75.140685","1002","6","0","0","0","0","0","0","0","0","","0","0","0","9","1","1","","2","0","40 02:49.955","","0","75 08:26.465","3","0","0","0","67301","0","0","0","N","0","0","0","2","67301","0","","9.0","","1","N","N","N","0","","1","0","1","0","0","","937","2","1","1","0","0","0","1","2","0","2","0","0","0","3","03","","N","","","","","","","","","",""
"2022027574","1932","1","0","0","0","0","0","0","0","0","1","0","","67","3","2022","5","39.956765","-75.149701","1923","6","0","0","0","0","0","0","0","0","","0","0","0","19","3","0","N","6","0","39 57:24.355","","2","75 08:58.925","0","0","0","0","67301","0","0","0","N","0","0","0","2","68K01","0","","1.0","","1","N","N","N","0","","0","0","1","3","4","","1904","2","0","0","0","0","0","0","2","0","2","0","0","0","3","","","N","","","","","","","","","",""
"2022021860","0821","1","0","0","0","0","0","0","0","0","7","0","","67","2","2022","7","39.995689","-75.154231","0820","6","0","0","0","0","0","0","0","0","","1","0","0","7","1","0","N","0","2","39 59:44.479","5","0","75 09:15.231","1","0","0","0","67301","0","0","0","N","0","0","0","2","67301","0","2","3.0","1130.0","1","N","N","N","0","0","0","0","1","0","0","Y","759","2","0","0","0","0","0","0","2","0","2","0","0","0","3","03","","N","","","","","","","","","",""
"2022010625","2117","1","0","0","0","0","0","0","0","0","7","0","","67","1","2022","1","39.938165","-75.144048","2112","6","0","0","0","0","0","0","0","0","","0","0","0","21","3","0","N","0","0","39 56:17.393","","0","75 08:38.571","0","0","0","0","67301","0","0","0","N","0","0","0","1","68K01","0","","2.0","","9","N","N","N","0","","0","0","0","0","0","","2110","1","0","0","0","0","0","0","2","0","1","0","0","0","7","","","N","","","","","","","","","",""
"2022025407","0210","2","0","0","0","0","0","0","0","0","4","0","","67","3","2022","1","40.031685","-75.066905","0004","6","0","0","0","0","0","0","0","0","","0","0","0","23","3","0","","2","0","40 01:54.067","","0","75 04:00.858","9","0","0","0","67301","0","0","0","N","0","0","0","3","67301","0","","1.0","","1","N","N","N","1","","0","0","0","3","3","","2346","4","0","0","0","0","0","1","2","1","4","0","0","0","3","03","","N","","","","","","","","","",""
"2022027081","1202","2","0","0","0","0","0","0","0","0","2","0","","67","3","2022","4","40.058997","-75.044079","1202","6","0","0","0","1","0","0","1","0","","0","0","0","11","1","0","","1","0","40 03:32.389","","0","75 02:38.685","0","0","0","0","67301","0","0","0","N","0","0","0","2","67301","0","","1.0","","1","N","N","N","0","","0","0","0","3","2","","1115","2","0","0","0","0","0","0","2","0","2","0","0","0","3","03","","N","","","","","","","","","",""
"2022010883","0013","1","0","0","0","0","0","0","0","0","8","0","","67","1","2022","3","40.009225","-75.151134","0007","6","0","0","0","0","0","0","0","0","","0","0","0","0","3","1","N","1","0","40 00:33.211","","0","75 09:04.083","3","0","0","0","67301","1","0","0","N","1","0","0","2","67301","0","","1.0","","1","N","N","N","0","","1","0","0","3","2","","7","2","1","1","0","0","0","0","2","0","1","1","0","0","3","03","","N","","","","","","","","","",""
"2022026982","2257","2","0","0","0","0","0","0","0","0","4","0","","67","3","2022","3","40.050919","-75.051455","2244","6","0","0","0","0","0","0","0","0","","0","0","0","22","3","0","N","0","2","40 03:03.308","2","0","75 03:05.239","0","0","0","0","67301","0","0","0","N","0","0","0","4","67301","0","","1.0","2350.0","1","N","N","N","0","","0","0","1","0","0","Y","2240","3","0","0","0","0","0","0","2","0","3","0","0","0","3","03","","N","","","","","","","","","",""
"2022026357","2145","1","0","0","0","0","0","0","0","0","7","0","","67","3","2022","1","40.016794","-75.151846","2138","6","0","0","0","0","0","0","0","0","","0","0","0","21","3","1","N","0","0","40 01:00.458","","0","75 09:06.645","3","0","0","0","67301","0","0","0","N","0","0","0","1","67301","0","","2.0","","1","N","N","N","0","","1","0","0","0","0","","2137","1","1","0","0","0","0","0","2","0","1","0","0","0","3","03","","N","","","","","","","","","",""
"2022021392","1206","0","0","0","0","0","0","0","0","0","7","0","","67","2","2022","7","40.045761","-74.999709","1145","6","0","0","0","0","0","0","0","0","","0","0","0","11","1","0","N","7","0","40 02:44.738","","2","74 59:58.951","0","0","0","0","67301","0","0","0","Y","0","0","0","1","68K01","0","","4.0","","1","N","N","N","0","","0","0","1","0","0","","1145","1","0","0","0","0","0","0","2","0","1","0","0","0","3","","","N","","","","","","","","","",""
"2022004194","1330","1","0","0","0","0","0","0","0","0","7","0","","67","1","2022","4","40.108428","-75.041081","1330","6","0","0","0","0","0","0","0","0","","0","0","0","6","5","1","N","0","9","40 06:30.340","","0","75 02:27.890","8","0","0","0","67301","0","0","0","N","0","0","0","1","67301","0","","3.0","","2","N","N","N","0","","0","0","0","9","9","U","650","1","1","0","0","0","1","0","2","0","1","0","0","0","6","06","","N","","","","","","","","","",""
"2022000585","0853","0","0","0","0","0","0","0","0","0","7","0","","67","1","2022","1","39.982876","-75.207883","0852","6","0","0","0","1","0","0","0","0","","0","0","0","8","1","0","N","0","0","39 58:58.352","","0","75 12:28.378","0","0","0","0","67301","0","0","0","N","0","0","0","1","68K01","0","","4.0","","9","N","N","N","1","","0","0","0","0","0","","850","1","0","0","0","0","0","0","2","0","1","0","0","0","7","","","N","","","","","","","","","",""
"2022026679","1218","1","0","0","0","0","0","0","0","0","5","0","","67","3","2022","1","39.968284","-75.129887","1210","6","0","0","0","0","0","1","0","0","","0","0","0","12","1","0","N","0","1","39 58:05.824","2","0","75 07:47.593","0","0","0","0","67301","0","0","0","N","0","0","0","4","68K01","0","","1.0","1230.0","9","N","N","N","0","","0","0","0","0","0","N","1208","3","0","0","0","0","0","0","2","2","3","0","0","0","4","04","","N","","","","","","","","","",""
"2022017940","1107","0","0","0","0","0","0","0","0","0","7","1","35","67","2","2022","3","39.955528","-75.148164","1105","6","0","0","0","0","0","1","0","0","","0","1","0","11","1","0","N","0","1","39 57:19.901","4","2","75 08:53.389","0","0","0","0","67301","0","0","0","N","0","0","0","1","67501","0","","4.0","1917.0","1","N","N","N","0","","0","0","0","3","8","N","1105","1","0","0","0","0","0","0","2","0","1","0","0","0","3","03","Y","Y","3","2","","","N","Y","","","","N"
"2022025408","0428","2","0","0","0","0","0","0","0","0","2","0","","67","3","2022","4","40.02317","-75.048602","0420","6","0","0","0","0","0","0","0","0","","0","0","0","4","3","0","N","0","0","40 01:23.412","","0","75 02:54.968","0","0","0","0","67301","0","0","0","N","0","0","0","2","67301","0","","1.0","","1","N","N","N","0","","0","0","0","0","0","","417","2","0","1","0","0","0","0","2","0","2","0","0","0","3","03","","N","","","","","","","","","",""
"2022026632","0015","3","0","0","0","0","0","0","0","0","4","0","","67","3","2022","1","40.002322","-75.069364","0008","6","0","0","0","0","0","0","0","0","","0","0","0","23","3","2","N","0","0","40 00:08.360","","0","75 04:09.710","3","0","0","0","67301","0","0","0","N","0","0","0","2","67301","0","","1.0","","1","N","N","N","0","","1","0","0","0","0","","2342","3","2","0","0","0","1","0","2","0","3","0","0","0","3","03","","N","","","","","","","","","",""
"2022021510","0920","1","0","0","0","0","0","0","0","0","4","0","","67","2","2022","5","39.986404","-75.169612","0914","6","0","0","0","0","0","0","0","0","","0","0","0","12","1","1","","1","9","39 59:11.054","","0","75 10:10.603","3","0","0","0","67301","0","0","0","N","0","0","0","2","67301","0","","1.0","","99","N","N","N","0","","1","0","1","9","2","","1230","2","1","0","0","0","0","1","2","0","2","0","0","0","99","","","N","","","","","","","","","",""
"2022025056","0635","1","0","0","0","0","0","0","0","0","4","1","","67","3","2022","6","40.043134","-75.073804","0635","6","0","0","0","0","0","0","0","0","","0","1","0","6","1","1","","1","0","40 02:35.284","","0","75 04:25.695","3","0","0","0","67301","0","0","0","N","0","0","0","4","67301","0","","1.0","","1","N","N","N","0","","1","0","0","3","2","","632","2","1","0","0","0","0","0","2","0","2","0","0","0","3","","","N","","","","","","","","","",""
"2022003235","0959","0","0","0","0","0","0","0","0","0","7","0","","67","1","2022","1","40.031314","-75.02162","0959","6","0","0","0","0","0","0","0","0","","0","0","0","9","1","1","N","0","1","40 01:52.730","2","0","75 01:17.831","8","0","0","0","67301","0","0","0","N","0","0","0","1","68K01","0","","4.0","1020.0","9","N","N","N","1","","0","0","0","0","0","N","950","1","1","0","0","0","1","0","2","0","1","0","0","0","4","","","N","","","","","","","","","",""
"2022026094","1305","1","0","0","0","0","0","0","0","0","7","0","","67","2","2022","2","40.008801","-75.204928","1301","6","0","0","1","0","0","0","0","0","","0","0","0","12","1","1","N","6","2","40 00:31.683","7","2","75 12:17.742","8","0","0","0","67301","0","0","0","N","0","0","0","1","68K01","0","","4.0","1320.0","1","N","N","N","0","","0","0","0","3","4","N","1258","1","1","0","0","0","1","0","2","0","1","0","0","0","3","03","","N","","","","","","","","","",""
"2022026673","1026","1","0","0","0","0","0","0","0","0","5","0","","67","3","2022","3","40.000996","-75.079089","1018","6","0","0","0","0","0","0","1","0","","0","0","0","10","1","2","N","0","1","40 00:03.586","1","0","75 04:44.722","8","0","0","0","67301","0","0","0","N","0","0","0","2","68K01","0","","1.0","1119.0","1","N","N","N","0","","0","0","1","0","0","N","1012","2","2","0","0","0","2","0","2","0","2","0","0","0","3","","","N","","","","","","","","","",""
"2022021642","1928","3","0","0","0","0","0","0","0","0","1","0","","67","2","2022","4","39.982264","-75.207727","1925","6","0","0","0","0","1","1","0","0","","0","0","0","19","3","0","N","0","2","39 58:56.152","3","0","75 12:27.816","0","0","0","0","67301","0","0","0","N","0","0","0","9","68K01","0","","3.0","2030.0","1","N","N","N","0","","0","0","2","0","0","N","1923","5","0","0","0","0","0","0","2","0","5","0","0","0","3","","","N","","","","","","","","","",""
"2022002958","0032","1","0","0","0","0","0","0","0","0","7","0","","67","1","2022","5","39.95721","-75.156878","0028","6","0","0","0","0","0","0","1","0","","0","0","0","0","3","1","N","0","1","39 57:25.957","4","0","75 09:24.759","8","0","0","0","67301","0","0","0","N","0","0","0","1","68K01","0","","4.0","110.0","1","N","N","N","0","","0","0","0","0","0","N","28","1","1","0","0","0","1","0","2","0","1","0","0","0","3","","","N","","","","","","","","","",""
"2022021521","1333","1","0","0","0","0","0","0","0","0","1","0","","67","2","2022","7","40.034461","-75.071876","1326","6","0","1","0","0","0","1","0","0","","0","0","0","13","1","2","","3","0","40 02:04.058","","0","75 04:18.753","3","0","0","0","67301","0","0","0","N","0","0","0","3","67301","0","","1.0","","1","N","N","N","0","","2","0","1","3","2","","1320","2","2","0","0","0","0","0","2","0","2","0","0","0","3","03","","N","","","","","","","","","",""
"2022004293","0345","1","0","0","0","0","0","0","0","0","98","0","","67","1","2022","2","40.020542","-75.174356","0341","6","0","0","0","0","0","1","0","0","","0","0","0","3","3","1","N","0","0","40 01:13.950","","99","75 10:27.680","3","0","0","0","67301","0","0","0","N","0","0","0","1","67301","0","","1.0","","1","N","N","N","0","","1","0","0","9","9","","330","1","1","0","0","0","0","0","2","0","1","0","0","0","3","03","","N","","","","","","","","","",""
"2022021463","0733","1","0","0","0","0","0","0","0","0","4","0","","67","2","2022","1","39.957292","-75.247874","0730","6","0","0","0","0","0","1","0","0","","0","0","0","6","1","0","","1","0","39 57:26.251","","0","75 14:52.347","0","0","0","0","67301","0","0","0","N","0","0","0","2","67301","0","","1.0","","1","N","N","N","1","","0","0","1","3","2","","628","4","0","0","0","0","0","0","2","1","4","0","0","0","3","","","N","","","","","","","","","",""
"2022026905","0335","1","0","0","0","0","0","0","0","0","7","0","","67","3","2022","7","39.960452","-75.181239","0332","6","0","0","0","0","0","0","0","0","","0","0","0","3","3","0","N","7","2","39 57:37.626","4","2","75 10:52.459","9","0","0","0","67301","0","0","0","N","0","0","0","1","68K01","0","","4.0","10.0","1","N","N","N","0","","0","0","0","0","0","N","332","1","0","0","0","0","0","1","2","0","1","0","0","0","3","03","","N","","","","","","","","","",""
"2022027058","0650","2","0","0","0","0","0","0","0","0","5","0","","67","3","2022","1","39.90144","-75.152128","0635","6","0","0","0","0","0","0","0","0","","0","0","0","6","3","0","N","0","0","39 54:05.183","","0","75 09:07.659","0","0","0","0","67301","0","0","0","N","0","0","0","2","68K01","0","","1.0","","1","N","N","N","0","","0","0","0","0","0","","630","2","0","0","0","0","0","0","2","0","2","0","0","0","3","03","","N","","","","","","","","","",""
"2022027555","0253","3","0","0","0","0","0","0","0","0","1","0","","67","2","2022","1","39.982294","-75.207745","0241","6","0","0","0","0","0","0","0","0","","0","0","0","2","3","7","N","0","2","39 58:56.259","3","0","75 12:27.881","8","0","0","0","67301","0","0","0","N","0","0","0","10","68K01","0","","1.0","400.0","1","N","N","N","0","","0","0","2","0","0","N","240","6","7","0","0","0","7","0","2","1","6","0","0","0","3","03","","N","","","","","","","","","",""
"2022021628","2015","2","0","0","0","0","0","0","0","0","1","0","","67","2","2022","4","40.000956","-75.079119","1955","6","0","0","0","0","0","0","0","0","","0","0","0","19","3","0","N","0","0","40 00:03.440","","0","75 04:44.830","0","0","0","0","67301","0","0","0","N","0","0","0","2","68K01","0","","1.0","","1","N","N","N","0","","0","0","0","0","0","","1924","2","0","0","0","0","0","0","2","0","2","0","0","0","3","","","N","","","","","","","","","",""
"2022021419","2254","2","0","0","0","0","0","0","0","0","1","0","","67","2","2022","6","40.001167","-75.194992","2254","6","0","0","0","0","0","0","0","0","","0","0","0","22","3","0","N","0","0","40 00:04.202","","0","75 11:41.972","0","0","0","0","67301","0","0","0","N","0","0","0","4","68K01","0","","1.0","","1","N","N","N","0","","0","0","0","0","0","","2246","2","0","1","0","0","0","0","2","0","2","0","0","0","3","","","N","","","","","","","","","",""
"2022021371","0654","1","0","0","0","0","0","0","0","0","1","0","","67","2","2022","4","39.996713","-75.196785","0649","6","0","0","0","0","0","0","0","0","","0","0","0","6","1","1","N","0","0","39 59:48.168","","0","75 11:48.427","3","0","0","0","67301","0","0","0","N","0","0","0","3","68K01","0","","1.0","","1","N","N","N","0","","1","0","0","0","0","","638","2","1","0","0","0","0","1","2","0","2","0","0","0","3","","","N","","","","","","","","","",""
"2022025568","1003","1","0","0","0","0","0","0","0","0","4","1","","67","3","2022","5","39.939051","-75.176312","1001","6","0","0","0","0","0","0","0","0","","0","1","0","9","1","3","","1","0","39 56:20.584","","0","75 10:34.724","4","0","0","0","67301","0","0","0","N","0","0","0","4","67301","3","","1.0","","1","N","N","N","0","","0","0","0","3","2","","923","2","3","0","0","0","0","0","2","0","2","0","0","0","3","","","N","","","","","","","","","",""