"CRN","ARRIVAL_TM","AUTOMOBILE_COUNT","BELTED_DEATH_COUNT","BELTED_SUSP_SERIOUS_INJ_COUNT","BICYCLE_COUNT","BICYCLE_DEATH_COUNT","BICYCLE_SUSP_SERIOUS_INJ_COUNT","BUS_COUNT","CHLDPAS_DEATH_COUNT","CHLDPAS_SUSP_SERIOUS_INJ_COUNT","COLLISION_TYPE","COMM_VEH_COUNT","CONS_ZONE_SPD_LIM","COUNTY","CRASH_MONTH","CRASH_YEAR","DAY_OF_WEEK","DEC_LATITUDE","DEC_LONGITUDE","DISPATCH_TM","DISTRICT","DRIVER_COUNT_16YR","DRIVER_COUNT_17YR","DRIVER_COUNT_18YR","DRIVER_COUNT_19YR","DRIVER_COUNT_20YR","DRIVER_COUNT_50_64YR","DRIVER_COUNT_65_74YR","DRIVER_COUNT_75PLUS","EST_HRS_CLOSED","FATAL_COUNT","HEAVY_TRUCK_COUNT","HORSE_BUGGY_COUNT","HOUR_OF_DAY","ILLUMINATION","INJURY_COUNT","INTERSECTION_RELATED","INTERSECT_TYPE","LANE_CLOSED","LATITUDE","LN_CLOSE_DIR","LOCATION_TYPE","LONGITUDE","MAX_SEVERITY_LEVEL","MCYCLE_DEATH_COUNT","MCYCLE_SUSP_SERIOUS_INJ_COUNT","MOTORCYCLE_COUNT","MUNICIPALITY","NONMOTR_COUNT","NONMOTR_DEATH_COUNT","NONMOTR_SUSP_SERIOUS_INJ_COUNT","NTFY_HIWY_MAINT","PED_COUNT","PED_DEATH_COUNT","PED_SUSP_SERIOUS_INJ_COUNT","PERSON_COUNT","POLICE_AGCY","POSSIBLE_INJ_COUNT","RDWY_SURF_TYPE_CD","RELATION_TO_ROAD","ROADWAY_CLEARED","ROAD_CONDITION","SCH_BUS_IND","SCH_ZONE_IND","SECONDARY_CRASH","SMALL_TRUCK_COUNT","SPEC_JURIS_CD","SUSP_MINOR_INJ_COUNT","SUSP_SERIOUS_INJ_COUNT","SUV_COUNT","TCD_FUNC_CD","TCD_TYPE","TFC_DETOUR_IND","TIME_OF_DAY","TOTAL_UNITS","TOT_INJ_COUNT","UNBELTED_OCC_COUNT","UNB_DEATH_COUNT","UNB_SUSP_SERIOUS_INJ_COUNT","UNK_INJ_DEG_COUNT","UNK_INJ_PER_COUNT","URBAN_RURAL","VAN_COUNT","VEHICLE_COUNT","VULNERABLE_ROAD_USER_COUNT","VULNERABLE_ROAD_USER_DEATH_COUNT","VULNERABLE_ROAD_USER_SER_INJ_COUNT","WEATHER1","WEATHER2","WORKERS_PRES","WORK_ZONE_IND","WORK_ZONE_LOC","WORK_ZONE_TYPE","WZ_CLOSE_DETOUR","WZ_FLAGGER","WZ_LAW_OFFCR_IND","WZ_LN_CLOSURE","WZ_MOVING","WZ_OTHER","WZ_SHLDER_MDN","WZ_WORKERS_INJ_KILLED"
"2022021613","0300","0","0","0","0","0","0","1","0","0","1","1","","67","1","2022","1","39.942076","-75.193987","0250","6","0","0","0","0","0","0","0","0","","0","0","0","2","3","0","N","0","2","39 56:31.472","3","3","75 11:38.352","9","0","0","0","67301","0","0","0","N","0","0","0","2","68K01","0","","1.0","400.0","6","N","N","N","0","","0","0","0","0","0","N","250","2","0","0","0","0","0","1","2","1","2","0","0","0","3","","","N","","","","","","","","","",""
"2022026942","0044","1","0","0","0","0","0","0","0","0","7","0","","67","3","2022","3","39.981283","-75.206914","0041","6","0","0","0","1","0","0","0","0","","0","0","0","0","2","1","N","0","1","39 58:52.618","3","0","75 12:24.892","3","0","0","0","67301","0","0","0","N","0","0","0","1","68K01","0","","4.0","110.0","1","N","N","N","0","","1","0","0","0","0","N","37","1","1","0","0","0","0","0","2","0","1","0","0","0","3","03","","N","","","","","","","","","",""
"2022027038","1058","1","0","0","0","0","0","0","0","0","1","0","","67","3","2022","3","40.039138","-75.008284","1054","6","0","0","0","0","1","0","0","0","","0","0","0","10","1","1","N","0","0","40 02:20.897","","0","75 00:29.824","3","0","0","0","67301","0","0","0","N","0","0","0","2","68K01","0","","1.0","","1","N","N","N","0","","1","0","0","0","0","","1049","2","1","0","0","0","0","1","2","0","2","0","0","0","3","03","","N","","","","","","","","","",""
"2022022452","2344","1","0","0","0","0","0","0","0","0","7","0","","67","2","2022","2","40.030449","-75.021992","2332","6","0","0","0","0","0","0","0","0","","0","0","0","23","3","2","N","0","1","40 01:49.615","2","0","75 01:19.170","3","0","0","0","67301","0","0","0","N","0","0","0","2","68K01","0","","3.0","1157.0","9","N","N","N","0","","1","0","0","0","0","N","2329","1","2","1","0","0","1","0","2","0","1","0","0","0","7","","","N","","","","","","","","","",""
"2022026675","2246","0","0","0","0","0","0","0","0","0","7","0","","67","3","2022","4","39.922176","-75.147623","2238","6","0","0","0","0","0","1","0","0","","0","0","0","22","3","2","N","0","1","39 55:19.834","1","0","75 08:51.441","3","0","0","0","67301","0","0","0","N","0","0","0","2","68K01","0","","4.0","1120.0","1","N","N","N","0","","2","0","1","0","0","N","2229","1","2","0","0","0","0","0","2","0","1","0","0","0","3","03","","N","","","","","","","","","",""
"2022027579","0908","1","0","0","0","0","0","0","0","0","7","0","","67","3","2022","7","39.980794","-75.206289","0905","6","0","0","0","0","0","0","0","0","","0","0","0","9","1","0","N","0","0","39 58:50.858","","0","75 12:22.642","0","0","0","0","67301","0","0","0","N","0","0","0","1","68K01","0","","2.0","","9","N","N","N","0","","0","0","0","0","0","","904","1","0","0","0","0","0","0","2","0","1","0","0","0","7","03","","N","","","","","","","","","",""
"2022021410","2135","1","0","0","0","0","0","0","0","0","1","0","","67","2","2022","5","40.022211","-75.037708","2127","6","0","0","0","0","0","0","0","0","","0","0","0","21","3","4","N","0","0","40 01:19.959","","0","75 02:15.750","4","0","0","0","67301","0","0","0","N","0","0","0","5","68K01","4","","1.0","","9","N","N","N","0","","0","0","1","0","0","","2125","2","4","1","0","0","0","0","2","0","2","0","0","0","7","07","","N","","","","","","","","","",""
"2022020472","0232","2","0","0","0","0","0","0","0","0","4","0","","67","2","2022","7","39.969468","-75.139562","0229","6","0","0","0","0","0","0","1","0","","0","0","0","2","3","0","","1","1","39 58:10.083","4","0","75 08:22.422","0","0","0","0","67301","0","0","0","N","0","0","0","3","67301","0","","1.0","300.0","1","N","N","N","0","","0","0","0","3","2","N","228","2","0","0","0","0","0","0","2","0","2","0","0","0","3","","","N","","","","","","","","","",""
"2022021507","1220","1","0","0","0","0","0","0","0","0","5","0","","67","2","2022","5","40.021764","-75.049425","1206","6","0","0","0","0","0","0","0","0","","0","1","0","11","1","0","N","0","0","40 01:18.350","","0","75 02:57.930","9","0","0","0","67301","0","0","0","N","0","0","0","1","67301","0","","6.0","","1","N","N","N","0","","0","0","1","0","0","","1156","3","0","0","0","0","0","1","2","0","3","0","0","0","2","04","","N","","","","","","","","","",""
"2022021504","1648","0","0","0","0","0","0","0","0","0","8","0","","67","2","2022","7","40.006125","-75.077411","1644","6","0","0","0","0","0","0","0","0","","0","0","0","16","1","1","N","0","0","40 00:22.050","","0","75 04:38.680","3","0","0","0","67301","1","0","0","N","1","0","0","2","67301","0","","1.0","","1","N","N","N","1","","1","0","0","0","0","","1640","2","1","1","0","0","0","0","2","0","1","1","0","0","3","03","","N","","","","","","","","","",""
"2022027586","1416","2","0","0","0","0","0","0","0","0","7","0","","67","3","2022","7","39.981106","-75.206708","1414","6","0","0","0","0","0","1","0","0","","0","0","0","14","1","1","N","0","0","39 58:51.980","","0","75 12:24.150","8","0","0","0","67301","0","0","0","N","0","0","0","3","68K01","0","","2.0","","9","N","N","N","0","","0","0","0","0","0","","1412","2","1","2","0","0","1","0","2","0","2","0","0","0","10","","","N","","","","","","","","","",""
"2022026879","0008","1","0","0","0","0","0","0","0","0","5","0","","67","3","2022","1","40.003138","-75.195086","2356","6","0","0","0","0","0","0","0","0","","0","0","0","23","3","0","N","0","0","40 00:11.297","","0","75 11:42.311","0","0","0","0","67301","0","0","0","N","0","0","0","2","68K01","0","","1.0","","1","N","N","N","0","","0","0","1","0","0","","2354","2","0","0","0","0","0","0","2","0","2","0","0","0","3","03","","N","","","","","","","","","",""
"2022020749","1241","1","0","0","0","0","0","0","0","0","2","0","","67","2","2022","7","40.080732","-75.169985","1236","6","0","0","0","0","1","0","0","0","","0","0","0","12","1","0","","1","0","40 04:50.635","","0","75 10:11.945","0","0","0","0","67301","0","0","0","N","0","0","0","6","67301","0","","1.0","","1","N","N","N","0","","0","0","1","2","2","","1224","2","0","0","0","0","0","0","2","0","2","0","0","0","3","03","","N","","","","","","","","","",""
"2022020621","1513","1","0","0","0","0","0","0","0","0","1","0","","67","2","2022","2","39.938345","-75.197662","1456","6","0","0","0","0","0","0","0","0","","0","0","0","14","1","2","N","6","1","39 56:18.041","4","2","75 11:51.584","4","0","0","0","67301","0","0","0","N","0","0","0","3","68K01","2","","1.0","1600.0","1","N","N","N","1","","0","0","0","0","0","N","1447","2","2","0","0","0","0","0","2","0","2","0","0","0","3","","","N","","","","","","","","","",""
"2022004228","0830","0","0","0","0","0","0","0","0","0","7","0","","67","1","2022","5","40.050056","-75.199897","0819","6","0","0","0","0","0","0","0","0","","0","0","0","7","1","1","N","0","0","40 03:00.200","","0","75 11:59.630","3","0","0","0","67301","0","0","0","N","0","0","0","1","67301","0","","5.0","","1","N","N","N","0","","1","0","1","0","0","","715","1","1","0","0","0","0","0","2","0","1","0","0","0","4","04","","N","","","","","","","","","",""
"2022020824","1436","0","0","0","0","0","0","0","0","0","7","0","","67","2","2022","5","40.010381","-75.147316","1435","6","0","0","0","0","0","1","0","0","","0","0","0","14","1","0","","2","0","40 00:37.373","","0","75 08:50.339","9","0","0","0","67301","0","0","0","N","0","0","0","1","67301","0","","4.0","","1","N","N","N","1","","0","0","0","3","3","","1434","1","0","0","0","0","0","1","2","0","1","0","0","0","3","03","","N","","","","","","","","","",""
"2022021404","2210","1","0","0","0","0","0","0","0","0","7","0","","67","2","2022","4","39.967255","-75.188448","2203","6","0","1","0","0","0","0","0","0","","0","0","0","22","3","0","N","0","0","39 58:02.118","","0","75 11:18.411","0","0","0","0","67301","0","0","0","N","0","0","0","1","68K01","0","","4.0","","1","N","N","N","0","","0","0","0","0","0","","2202","1","0","0","0","0","0","0","2","0","1","0","0","0","3","03","","N","","","","","","","","","",""
"2022025930","0940","0","0","0","0","0","0","1","0","0","8","1","","67","3","2022","2","40.003165","-75.152455","0930","6","0","0","0","0","0","0","0","0","","0","0","0","9","1","1","","5","0","40 00:11.393","","0","75 09:08.837","8","0","0","0","67301","1","0","0","N","1","0","0","2","67505","0","","1.0","","1","N","N","N","0","","0","0","0","3","2","","930","2","1","0","0","0","1","0","2","0","1","1","0","0","3","03","","N","","","","","","","","","",""
"2022021436","0305","1","0","0","0","0","0","0","0","0","7","0","","67","1","2022","3","39.960938","-75.140446","0253","6","0","0","0","0","0","0","0","0","","0","0","0","2","3","0","N","0","2","39 57:39.375","2","0","75 08:25.606","9","0","0","0","67301","0","0","0","N","0","0","0","1","68K01","0","","4.0","322.0","1","N","N","N","0","","0","0","0","0","0","N","247","1","0","0","0","0","0","1","2","0","1","0","0","0","3","","","N","","","","","","","","","",""
"2022026870","0405","0","0","0","0","0","0","0","0","0","7","0","","67","3","2022","5","40.038671","-75.009549","0359","6","0","0","0","0","0","0","0","0","","0","0","0","3","3","0","N","0","0","40 02:19.216","","0","75 00:34.378","0","0","0","0","67301","0","0","0","N","0","0","0","1","68K01","0","","2.0","","1","N","N","N","0","","0","0","1","0","0","","352","1","0","0","0","0","0","0","2","0","1","0","0","0","3","03","","N","","","","","","","","","",""
"2022021289","1340","2","0","0","0","0","0","0","0","0","1","0","","67","2","2022","2","40.018131","-75.169876","1340","6","0","0","1","0","0","1","0","0","","0","0","0","13","1","0","N","0","1","40 01:05.270","1","0","75 10:11.555","0","0","0","0","67301","0","0","0","N","0","0","0","3","67301","0","","1.0","1355.0","1","N","N","N","0","","0","0","1","0","0","N","1325","3","0","0","0","0","0","0","2","0","3","0","0","0","3","03","","N","","","","","","","","","",""
"2022020620","1713","1","0","0","0","0","0","0","0","0","7","0","","67","2","2022","1","40.040645","-75.005586","1648","6","0","0","1","0","0","0","0","0","","0","0","0","16","1","1","N","0","1","40 02:26.322","2","0","75 00:20.111","3","0","0","0","67301","0","0","0","N","0","0","0","1","68K01","0","","4.0","1720.0","9","N","N","N","0","","1","0","0","0","0","N","1643","1","1","0","0","0","0","0","2","0","1","0","0","0","3","","","N","","","","","","","","","",""
"2022021875","0155","2","0","0","0","0","0","0","0","0","8","0","","67","2","2022","1","40.051972","-75.086496","0153","6","0","0","0","0","0","0","0","0","","1","0","0","1","3","0","N","0","2","40 03:07.100","7","0","75 05:11.385","1","0","0","0","67301","1","1","0","N","1","1","0","3","67301","0","2","1.0","155.0","1","N","N","N","0","0","0","0","0","0","0","Y","153","3","0","0","0","0","0","0","2","0","2","1","1","0","3","","","N","","","","","","","","","",""
"2022027025","1026","1","0","0","0","0","0","0","0","0","4","0","","67","3","2022","4","39.993184","-75.10692","1026","6","0","0","0","0","0","0","0","0","","0","0","0","7","1","0","","1","9","39 59:35.462","","0","75 06:24.912","9","0","0","0","67301","0","0","0","N","0","0","0","2","67301","0","","1.0","","1","N","N","N","0","","0","0","1","9","3","","745","2","0","0","0","0","0","1","2","0","2","0","0","0","3","","","N","","","","","","","","","",""
"2022020619","1533","1","0","0","0","0","0","0","0","0","1","0","","67","2","2022","1","39.943208","-75.192876","1504","6","0","0","0","0","0","0","0","0","","0","0","0","15","1","0","N","0","1","39 56:35.547","3","0","75 11:34.354","9","0","0","0","67301","0","0","0","N","0","0","0","2","68K01","0","","1.0","1600.0","9","N","N","N","0","","0","0","0","0","0","N","1503","2","0","0","0","0","0","1","2","0","2","0","0","0","10","","","N","","","","","","","","","",""
"2022020876","1845","0","0","0","0","0","0","0","0","0","7","0","","67","2","2022","1","40.041085","-75.199878","1826","6","0","0","0","0","0","1","0","0","","0","0","0","17","2","0","N","0","2","40 02:27.905","5","0","75 11:59.560","0","0","0","0","67301","0","0","0","N","0","0","0","1","67301","0","","5.0","1918.0","1","N","N","N","0","","0","0","1","0","0","Y","1756","1","0","0","0","0","0","0","2","0","1","0","0","0","3","","","N","","","","","","","","","",""
"2022019282","0749","1","0","0","0","0","0","0","0","0","5","1","","67","2","2022","2","39.981242","-75.102414","0730","6","0","0","0","0","0","1","0","0","","0","1","0","7","1","0","N","0","1","39 58:52.470","1","0","75 06:08.692","0","0","0","0","67301","0","0","0","N","0","0","0","3","68K01","0","","1.0","749.0","1","N","N","N","0","","0","0","0","0","0","N","728","2","0","0","0","0","0","0","2","0","2","0","0","0","3","03","","N","","","","","","","","","",""
"2022021464","0813","0","0","0","0","0","0","0","0","0","4","0","","67","2","2022","1","39.952184","-75.240772","0810","6","0","0","0","0","0","1","0","0","","0","0","0","7","1","1","","1","0","39 57:07.862","","0","75 14:26.779","4","0","0","0","67301","0","0","0","N","0","0","0","2","67301","1","","1.0","","1","N","N","N","0","","0","0","2","3","2","","752","2","1","0","0","0","0","0","2","0","2","0","0","0","3","03","","N","","","","","","","","","",""
"2022021409","2151","0","0","0","0","0","0","0","0","0","1","0","","67","2","2022","5","39.974402","-75.194111","2145","6","0","0","0","0","0","0","0","0","","0","0","0","21","3","0","N","0","0","39 58:27.847","","0","75 11:38.798","0","0","0","0","67301","0","0","0","N","0","0","0","2","68K01","0","","1.0","","9","N","N","N","0","","0","0","2","0","0","","2102","2","0","1","0","0","0","0","2","0","2","0","0","0","7","","","N","","","","","","","","","",""
"2022021405","0501","1","0","0","0","0","0","0","0","0","7","0","","67","2","2022","5","40.043567","-75.003044","0443","6","0","0","0","0","0","0","0","0","","0","0","0","4","3","0","N","0","1","40 02:36.842","2","0","75 00:10.957","9","0","0","0","67301","0","0","0","N","0","0","0","1","68K01","0","","4.0","512.0","1","N","N","N","0","","0","0","0","0","0","N","441","1","0","1","0","0","0","1","2","0","1","0","0","0","3","","","N","","","","","","","","","",""
"2022019660","2340","2","0","0","0","0","0","0","0","0","4","0","","67","2","2022","2","40.029502","-75.146713","2335","6","0","0","0","1","0","0","0","0","","0","0","0","23","3","1","","1","1","40 01:46.206","2","0","75 08:48.166","3","0","0","0","67301","0","0","0","N","0","0","0","2","67301","0","","1.0","8.0","1","N","N","N","0","","1","0","0","3","2","N","2320","2","1","0","0","0","0","1","2","0","2","0","0","0","3","03","","N","","","","","","","","","",""
"2022026227","0952","1","0","0","0","0","0","0","0","0","2","0","","67","3","2022","2","40.084798","-75.038105","0949","6","0","0","0","0","0","1","1","0","","0","0","0","9","1","2","N","0","0","40 05:05.274","","0","75 02:17.179","3","0","0","0","67301","0","0","0","N","0","0","0","3","67301","0","","1.0","","1","N","N","N","0","","2","0","0","0","0","","946","2","2","0","0","0","0","0","2","1","2","0","0","0","3","","","N","","","","","","","","","",""
"2022019665","2333","2","0","0","0","0","0","0","0","0","4","0","","67","2","2022","4","40.037892","-75.139495","2332","6","0","0","0","0","0","0","0","0","","0","0","0","23","3","2","","1","2","40 02:16.411","7","0","75 08:22.183","3","0","0","0","67301","0","0","0","N","0","0","0","2","67301","0","","1.0","200.0","1","N","N","N","0","","2","0","0","3","2","Y","2332","2","2","2","0","0","0","0","2","0","2","0","0","0","3","03","","N","","","","","","","","","",""
"2022021632","1655","1","0","0","0","0","0","0","0","0","1","0","","67","2","2022","6","40.037005","-75.014158","1655","6","0","0","0","0","0","0","0","0","","0","0","0","16","1","1","N","0","0","40 02:13.218","","0","75 00:50.968","3","0","0","0","67301","0","0","0","N","0","0","0","5","68K01","0","","1.0","","1","N","N","N","2","","1","0","0","0","0","","1655","3","1","0","0","0","0","0","2","0","3","0","0","0","3","03","","N","","","","","","","","","",""
"2022006778","2216","1","0","0","0","0","0","0","0","0","1","0","","67","1","2022","2","39.946902","-75.188531","2205","6","0","0","0","1","1","0","0","0","","0","0","0","21","3","1","N","0","2","39 56:48.846","3","0","75 11:18.710","4","0","0","0","67301","0","0","0","N","0","0","0","4","68K01","1","","1.0","2310.0","1","N","N","N","0","","0","0","2","0","0","Y","2156","3","1","0","0","0","0","0","2","0","3","0","0","0","3","03","","N","","","","","","","","","",""
"2022020094","0828","0","0","0","0","0","0","0","0","0","7","0","","67","1","2022","3","39.993262","-75.084465","0827","6","0","0","0","0","0","0","0","0","","0","0","0","8","1","0","N","7","2","39 59:35.744","2","2","75 05:04.073","0","0","0","0","67301","0","0","0","N","0","0","0","3","68K01","0","","3.0","830.0","1","N","N","N","0","","0","0","1","0","0","N","814","1","0","0","0","0","0","0","2","0","1","0","0","0","3","","","N","","","","","","","","","",""
"2022017109","0318","1","0","0","0","0","0","1","0","0","5","1","","67","2","2022","5","40.008148","-75.072467","0302","6","0","0","0","0","0","0","0","0","","0","0","0","2","3","1","","1","1","40 00:29.331","1","0","75 04:20.880","3","0","0","0","67301","0","0","0","N","0","0","0","3","67301","0","","1.0","335.0","1","N","N","N","0","","1","0","0","3","2","N","240","2","1","0","0","0","0","0","2","0","2","0","0","0","3","04","","N","","","","","","","","","",""
"2022025593","1442","0","0","0","0","0","0","0","0","0","2","0","","67","3","2022","5","39.991691","-75.229802","1442","6","0","0","0","0","0","0","1","0","","0","0","0","11","1","1","","1","0","39 59:30.087","","0","75 13:47.287","3","0","0","0","67301","0","0","0","N","0","0","0","2","67301","0","","1.0","","1","N","N","N","0","","1","0","2","3","2","","1135","2","1","0","0","0","0","1","2","0","2","0","0","0","3","03","","N","","","","","","","","","",""
"2022019597","1535","0","0","0","0","0","0","0","0","0","1","0","","67","2","2022","7","40.040536","-75.058133","1518","6","0","0","0","0","0","0","0","0","","0","0","0","15","1","3","N","0","0","40 02:25.928","","0","75 03:29.277","3","0","0","0","67301","0","0","0","N","0","0","0","3","67301","0","","1.0","","1","N","N","N","0","","3","0","2","0","0","","1518","2","3","3","0","0","0","0","2","0","2","0","0","0","3","03","","N","","","","","","","","","",""
"2022021629","2128","1","0","0","0","0","0","0","0","0","1","0","","67","2","2022","4","40.002414","-75.195001","2121","6","0","0","0","1","0","0","0","0","","0","0","0","21","3","1","N","0","0","40 00:08.689","","0","75 11:42.003","4","0","0","0","67301","0","0","0","N","0","0","0","3","68K01","1","","2.0","","1","N","N","N","0","","0","0","0","0","0","","2121","2","1","2","0","0","0","1","2","0","2","0","0","0","3","","","N","","","","","","","","","",""
"2022021620","1233","1","0","0","0","0","0","0","0","0","7","0","","67","2","2022","5","39.951709","-75.141471","1229","6","0","0","0","0","0","0","0","0","","0","0","0","12","1","0","N","7","0","39 57:06.151","","2","75 08:29.297","0","0","0","0","67301","0","0","0","N","0","0","0","1","68K01","0","","2.0","","1","N","N","N","0","","0","0","0","0","0","","1219","1","0","0","0","0","0","0","2","0","1","0","0","0","3","","","N","","","","","","","","","",""
"2022004285","0344","1","0","0","0","0","0","0","0","0","4","0","","67","1","2022","7","39.974358","-75.148617","0331","6","0","0","0","0","0","0","0","0","","0","0","0","3","3","0","N","0","0","39 58:27.690","","0","75 08:55.020","9","0","0","0","67301","0","0","0","N","0","0","0","1","67301","0","","2.0","","1","N","N","N","0","","0","0","1","0","0","","320","2","0","0","0","0","0","1","2","0","2","0","0","0","3","03","","N","","","","","","","","","",""
"2022026863","2326","1","0","0","0","0","0","0","0","0","1","0","","67","2","2022","5","39.957849","-75.162342","2310","6","0","0","0","0","0","0","0","0","","0","0","0","23","3","0","N","0","1","39 57:28.255","3","0","75 09:44.431","0","0","0","0","67301","0","0","0","N","0","0","0","2","68K01","0","","1.0","1140.0","9","N","N","N","0","","0","0","1","0","0","N","2309","2","0","0","0","0","0","0","2","0","2","0","0","0","7","","","N","","","","","","","","","",""
"2022021006","2000","0","0","0","0","0","0","1","0","0","8","1","","67","2","2022","5","39.910879","-75.185231","1945","6","0","0","0","0","0","0","0","0","","1","0","0","19","3","0","N","0","2","39 54:39.163","7","0","75 11:06.831","1","0","0","0","67301","1","1","0","N","1","1","0","2","67301","0","2","1.0","300.0","1","N","N","N","0","0","0","0","0","3","2","Y","1940","2","0","0","0","0","0","0","2","0","1","1","1","0","3","98","","N","","","","","","","","","",""
"2022019266","1912","0","0","0","0","0","0","0","0","0","7","0","","67","2","2022","4","39.967728","-75.18958","1912","6","0","0","0","0","0","0","0","0","","0","0","0","19","3","0","N","0","0","39 58:03.822","","0","75 11:22.488","9","0","0","0","67301","0","0","0","N","0","0","0","1","68K01","0","","4.0","","1","N","N","N","0","","0","0","1","0","0","","1912","1","0","0","0","0","0","1","2","0","1","0","0","0","3","","","N","","","","","","","","","",""
"2022019631","1144","3","0","0","0","0","0","0","0","0","1","0","","67","2","2022","3","39.978693","-75.157938","1143","6","0","1","0","0","0","1","0","0","","0","0","0","11","1","2","","1","0","39 58:43.293","","0","75 09:28.577","3","0","0","0","67301","0","0","0","N","0","0","0","4","67301","0","","3.0","","1","N","N","N","0","","2","0","0","0","0","","1143","3","2","0","0","0","0","1","2","0","3","0","0","0","3","03","","N","","","","","","","","","",""
"2022026692","1407","1","0","0","0","0","0","0","0","0","7","0","","67","3","2022","4","39.956748","-75.180347","1407","6","0","0","0","0","0","0","0","0","","0","0","0","14","8","0","N","0","2","39 57:24.294","4","0","75 10:49.248","0","0","0","0","67301","0","0","0","N","0","0","0","1","68K01","0","","3.0","1500.0","9","N","N","N","0","","0","0","0","0","0","N","1407","1","0","0","0","0","0","0","2","0","1","0","0","0","7","","","N","","","","","","","","","",""
"2022015972","0255","1","0","0","0","0","0","0","0","0","5","1","","67","2","2022","7","40.014794","-75.177738","0252","6","0","0","0","0","0","0","0","0","","0","1","0","2","3","2","N","0","1","40 00:53.259","1","0","75 10:39.855","3","0","0","0","67301","0","0","0","N","0","0","0","3","67301","0","","1.0","306.0","1","N","N","N","0","","2","0","0","0","0","N","242","2","2","0","0","0","0","0","2","0","2","0","0","0","3","03","","N","","","","","","","","","",""
"2022027568","1828","1","0","0","0","0","0","0","0","0","7","0","","67","3","2022","4","40.043517","-75.003068","1812","6","0","0","0","0","1","0","0","0","","0","0","0","18","3","0","N","0","0","40 02:36.662","","0","75 00:11.043","0","0","0","0","67301","0","0","0","N","0","0","0","1","68K01","0","","4.0","","9","N","N","N","0","","0","0","0","3","8","","1808","1","0","0","0","0","0","0","2","0","1","0","0","0","7","","","N","","","","","","","","","",""
"2022012255","1754","2","0","0","0","0","0","0","0","0","1","0","","67","1","2022","1","39.96826","-75.128985","1742","6","0","0","0","0","0","3","0","0","","0","0","0","17","3","0","N","0","1","39 58:05.737","1","0","75 07:44.345","0","0","0","0","67301","0","0","0","N","0","0","0","7","68K01","0","","1.0","1838.0","9","N","N","N","0","","0","0","4","0","0","N","1741","7","0","0","0","0","0","0","2","1","7","0","0","0","3","03","","N","","","","","","","","","",""
"2022026963","1355","1","0","0","0","0","0","0","0","0","2","0","","67","3","2022","4","40.027747","-75.148068","1348","6","0","0","0","1","0","0","0","1","","0","0","0","9","1","0","","1","0","40 01:39.889","","0","75 08:53.044","0","0","0","0","67301","0","0","0","N","0","0","0","2","67301","0","","1.0","","1","N","N","N","0","","0","0","1","3","3","","950","2","0","0","0","0","0","0","2","0","2","0","0","0","3","","","N","","","","","","","","","",""
"2022021308","0053","2","0","0","0","0","0","0","0","0","1","0","","67","2","2022","2","39.999596","-75.069004","0051","6","0","0","0","0","0","0","1","0","","0","0","0","0","3","0","N","0","0","39 59:58.545","","0","75 04:08.415","0","0","0","0","67301","0","0","0","N","0","0","0","1","67301","0","","1.0","","1","N","N","N","0","","0","0","0","0","0","","50","2","0","0","0","0","0","0","2","0","2","0","0","0","3","","","N","","","","","","","","","",""
"2022021411","0016","0","0","0","0","0","0","0","0","0","7","0","","67","2","2022","5","39.998918","-75.080873","0016","6","0","0","0","0","0","1","0","0","","0","0","0","23","3","1","N","0","0","39 59:56.103","","0","75 04:51.142","4","0","0","0","67301","0","0","0","N","0","0","0","1","68K01","1","","4.0","","9","N","N","N","0","","0","0","1","0","0","","2335","1","1","0","0","0","0","0","2","0","1","0","0","0","7","","","N","","","","","","","","","",""
"2022020139","1320","2","0","0","0","0","0","0","0","0","2","0","","67","2","2022","4","39.999234","-75.147397","1314","6","0","0","0","0","0","1","0","0","","0","0","0","15","1","2","","1","0","39 59:57.243","","0","75 08:50.630","3","0","0","0","67301","0","0","0","N","0","0","0","3","67301","0","","1.0","","1","N","N","N","0","","2","0","0","9","2","","1530","2","2","0","0","0","0","1","2","0","2","0","0","0","3","","","N","","","","","","","","","",""
"2022021377","2247","0","0","0","0","0","0","0","0","0","5","0","","67","2","2022","1","40.016774","-75.050485","2236","6","0","0","0","0","0","0","0","0","","0","0","0","22","3","0","N","0","2","40 01:00.385","1","0","75 03:01.745","0","0","0","0","67301","0","0","0","N","0","0","0","2","68K01","0","","1.0","2315.0","1","N","N","N","0","","0","0","2","0","0","Y","2230","2","0","0","0","0","0","0","2","0","2","0","0","0","3","03","","N","","","","","","","","","",""
"2022022467","2022","2","0","0","0","0","0","0","0","0","1","0","","67","2","2022","3","40.030556","-75.021943","2016","6","0","0","0","0","0","0","0","0","","0","0","0","20","3","2","N","0","1","40 01:50.002","2","0","75 01:18.995","8","0","0","0","67301","0","0","0","N","0","0","0","2","68K01","0","","1.0","912.0","9","N","N","Y","0","","0","0","0","0","0","N","2013","2","2","1","0","0","2","0","2","0","2","0","0","0","3","","","N","","","","","","","","","",""
"2022026356","1345","1","0","0","0","0","0","0","0","0","8","0","","67","3","2022","2","39.98031","-75.146316","1338","6","0","0","0","0","0","0","0","0","","0","0","0","13","1","1","","1","0","39 58:49.116","","0","75 08:46.737","3","0","0","0","67301","1","0","0","N","1","0","0","1","67301","0","","1.0","","1","N","N","N","0","","1","0","0","3","3","","1305","2","1","0","0","0","0","0","2","0","1","1","0","0","3","03","","N","","","","","","","","","",""