"CRN","ARRIVAL_TM","AUTOMOBILE_COUNT","BELTED_DEATH_COUNT","BELTED_SUSP_SERIOUS_INJ_COUNT","BICYCLE_COUNT","BICYCLE_DEATH_COUNT","BICYCLE_SUSP_SERIOUS_INJ_COUNT","BUS_COUNT","CHLDPAS_DEATH_COUNT","CHLDPAS_SUSP_SERIOUS_INJ_COUNT","COLLISION_TYPE","COMM_VEH_COUNT","CONS_ZONE_SPD_LIM","COUNTY","CRASH_MONTH","CRASH_YEAR","DAY_OF_WEEK","DEC_LATITUDE","DEC_LONGITUDE","DISPATCH_TM","DISTRICT","DRIVER_COUNT_16YR","DRIVER_COUNT_17YR","DRIVER_COUNT_18YR","DRIVER_COUNT_19YR","DRIVER_COUNT_20YR","DRIVER_COUNT_50_64YR","DRIVER_COUNT_65_74YR","DRIVER_COUNT_75PLUS","EST_HRS_CLOSED","FATAL_COUNT","HEAVY_TRUCK_COUNT","HORSE_BUGGY_COUNT","HOUR_OF_DAY","ILLUMINATION","INJURY_COUNT","INTERSECTION_RELATED","INTERSECT_TYPE","LANE_CLOSED","LATITUDE","LN_CLOSE_DIR","LOCATION_TYPE","LONGITUDE","MAX_SEVERITY_LEVEL","MCYCLE_DEATH_COUNT","MCYCLE_SUSP_SERIOUS_INJ_COUNT","MOTORCYCLE_COUNT","MUNICIPALITY","NONMOTR_COUNT","NONMOTR_DEATH_COUNT","NONMOTR_SUSP_SERIOUS_INJ_COUNT","NTFY_HIWY_MAINT","PED_COUNT","PED_DEATH_COUNT","PED_SUSP_SERIOUS_INJ_COUNT","PERSON_COUNT","POLICE_AGCY","POSSIBLE_INJ_COUNT","RDWY_SURF_TYPE_CD","RELATION_TO_ROAD","ROADWAY_CLEARED","ROAD_CONDITION","SCH_BUS_IND","SCH_ZONE_IND","SECONDARY_CRASH","SMALL_TRUCK_COUNT","SPEC_JURIS_CD","SUSP_MINOR_INJ_COUNT","SUSP_SERIOUS_INJ_COUNT","SUV_COUNT","TCD_FUNC_CD","TCD_TYPE","TFC_DETOUR_IND","TIME_OF_DAY","TOTAL_UNITS","TOT_INJ_COUNT","UNBELTED_OCC_COUNT","UNB_DEATH_COUNT","UNB_SUSP_SERIOUS_INJ_COUNT","UNK_INJ_DEG_COUNT","UNK_INJ_PER_COUNT","URBAN_RURAL","VAN_COUNT","VEHICLE_COUNT","VULNERABLE_ROAD_USER_COUNT","VULNERABLE_ROAD_USER_DEATH_COUNT","VULNERABLE_ROAD_USER_SER_INJ_COUNT","WEATHER1","WEATHER2","WORKERS_PRES","WORK_ZONE_IND","WORK_ZONE_LOC","WORK_ZONE_TYPE","WZ_CLOSE_DETOUR","WZ_FLAGGER","WZ_LAW_OFFCR_IND","WZ_LN_CLOSURE","WZ_MOVING","WZ_OTHER","WZ_SHLDER_MDN","WZ_WORKERS_INJ_KILLED"
"2022026734","1330","0","0","0","0","0","0","0","0","0","1","0","","67","3","2022","2","39.976045","-75.195429","1325","6","0","0","0","0","0","1","0","1","","0","0","0","13","1","2","N","0","2","39 58:33.763","3","0","75 11:43.544","3","0","0","0","67301","0","0","0","N","0","0","0","2","68K01","0","","1.0","1355.0","1","N","N","N","0","","2","0","2","0","0","N","1322","2","2","0","0","0","0","0","2","0","2","0","0","0","3","","","N","","","","","","","","","",""
"2022019608","0052","2","0","0","0","0","0","0","0","0","1","0","","67","2","2022","6","40.016439","-75.073189","0052","6","0","0","0","0","0","0","0","0","","0","0","0","0","3","0","N","0","1","40 00:59.180","3","0","75 04:23.480","0","0","0","0","67301","0","0","0","N","0","0","0","0","67301","0","","1.0","131.0","9","N","N","N","0","","0","0","0","0","0","N","39","2","0","0","0","0","0","0","2","0","2","0","0","0","7","","","N","","","","","","","","","",""
"2022016760","0940","0","0","0","0","0","0","0","0","0","5","2","","67","2","2022","2","39.900242","-75.230558","0930","6","0","0","0","0","0","0","0","0","","0","2","0","9","1","1","N","0","0","39 54:00.870","","0","75 13:50.010","3","0","0","0","67301","0","0","0","N","0","0","0","2","67301","0","","6.0","","1","N","N","N","0","","1","0","0","0","0","","916","2","1","0","0","0","0","0","2","0","2","0","0","0","3","","","N","","","","","","","","","",""
"2022018320","0203","0","0","0","0","0","0","0","0","0","7","0","","67","2","2022","2","39.969468","-75.192339","0200","6","0","0","0","0","0","0","0","0","","0","0","0","1","3","0","N","0","2","39 58:10.085","3","0","75 11:32.421","0","0","0","0","67301","0","0","0","N","0","0","0","1","68K01","0","","3.0","205.0","1","N","N","N","0","","0","0","1","0","0","N","156","1","0","0","0","0","0","0","2","0","1","0","0","0","3","","","N","","","","","","","","","",""
"2022019559","0710","1","0","0","0","0","0","0","0","0","8","0","","67","2","2022","4","39.950038","-75.140723","0700","6","0","0","0","0","0","0","1","0","","0","0","0","6","3","1","N","0","2","39 57:00.135","2","0","75 08:26.603","2","0","0","0","67301","1","0","1","N","1","0","1","2","67301","0","","1.0","200.0","1","N","N","N","0","","0","1","0","3","2","Y","620","2","1","0","0","0","0","0","2","0","1","1","0","1","3","03","","N","","","","","","","","","",""
"2022000404","2105","2","0","0","0","0","0","0","0","0","4","0","","67","1","2022","7","40.080855","-75.028774","2102","6","0","0","0","0","0","0","0","0","","0","0","0","20","3","2","","1","1","40 04:51.077","2","0","75 01:43.585","3","0","0","0","67301","0","0","0","N","0","0","0","3","67301","0","","1.0","2200.0","9","N","N","N","0","","2","0","0","3","2","N","2042","2","2","0","0","0","0","0","2","0","2","0","0","0","7","04","","N","","","","","","","","","",""
"2022019654","1745","0","0","0","0","0","0","0","0","0","4","1","","67","2","2022","2","39.987686","-75.142515","1742","6","0","0","0","0","0","1","0","0","","0","1","0","17","1","2","","1","0","39 59:15.669","","0","75 08:33.053","3","0","0","0","67301","0","0","0","N","0","0","0","2","67301","0","","1.0","","1","N","N","N","1","","2","0","0","3","3","","1740","2","2","0","0","0","0","0","2","0","2","0","0","0","3","03","","N","","","","","","","","","",""
"2022020271","1215","1","0","0","0","0","0","0","0","0","4","1","","67","2","2022","5","39.912054","-75.150499","1144","6","0","0","0","0","0","1","0","0","","0","1","0","11","1","1","","2","1","39 54:43.394","1","2","75 09:01.796","3","0","0","0","67301","0","0","0","N","0","0","0","3","67301","0","","1.0","1232.0","1","N","N","N","0","","1","0","0","3","2","N","1142","2","1","2","0","0","0","0","2","0","2","0","0","0","4","","","N","","","","","","","","","",""
"2022016610","1926","1","0","0","0","0","0","0","0","0","1","0","","67","1","2022","1","39.909382","-75.149293","1918","6","0","0","0","0","0","0","0","0","","0","0","0","19","3","0","N","0","0","39 54:33.776","","0","75 08:57.455","0","0","0","0","67301","0","0","0","N","0","0","0","2","68K01","0","","2.0","","9","N","N","N","0","","0","0","1","0","0","","1917","2","0","0","0","0","0","0","2","0","2","0","0","0","7","07","","N","","","","","","","","","",""
"2022015366","1720","2","0","0","0","0","0","0","0","0","1","0","","67","2","2022","5","39.980213","-75.157468","1715","6","0","0","0","0","0","0","0","0","","0","0","0","16","1","0","","1","0","39 58:48.767","","0","75 09:26.884","0","0","0","0","67301","0","0","0","N","0","0","0","3","67505","0","","1.0","","1","N","N","N","0","","0","0","0","3","2","","1645","2","0","0","0","0","0","0","2","0","2","0","0","0","3","03","","N","","","","","","","","","",""
"2022010875","0850","1","0","0","0","0","0","0","0","0","7","0","","67","1","2022","4","39.996561","-75.133767","0834","6","0","0","0","0","0","0","0","0","","0","0","0","8","1","0","N","0","2","39 59:47.620","2","0","75 08:01.560","0","0","0","0","67301","0","0","0","N","0","0","0","1","67301","0","","5.0","1039.0","2","N","N","N","0","","0","0","0","0","0","Y","800","1","0","0","0","0","0","0","2","0","1","0","0","0","6","","","N","","","","","","","","","",""
"2022020090","2114","1","0","0","0","0","0","0","0","0","5","0","","67","2","2022","4","39.888264","-75.203123","2111","6","0","0","0","0","0","0","1","0","","0","0","0","21","3","0","N","0","2","39 53:17.750","1","3","75 12:11.243","0","0","0","0","67301","0","0","0","N","0","0","0","1","68K01","0","","1.0","2130.0","9","N","N","N","0","","0","0","1","0","0","N","2110","2","0","0","0","0","0","0","2","0","2","0","0","0","3","","","N","","","","","","","","","",""
"2022019685","0526","2","0","0","0","0","0","0","0","0","4","0","","67","1","2022","4","39.953327","-75.183701","0524","6","0","0","0","0","0","0","0","0","","0","0","0","5","3","0","","1","0","39 57:11.978","","0","75 11:01.324","0","0","0","0","67301","0","0","0","N","0","0","0","2","67301","0","","1.0","","1","N","N","N","0","","0","0","0","3","2","","522","2","0","0","0","0","0","0","2","0","2","0","0","0","3","","","N","","","","","","","","","",""
"2022027261","0819","2","0","0","0","0","0","0","0","0","1","0","","67","3","2022","5","39.89615","-75.214839","0817","6","0","0","0","0","0","0","0","0","","0","0","0","5","5","0","N","0","0","39 53:46.140","","0","75 12:53.420","0","0","0","0","67301","0","0","0","N","0","0","0","1","67301","0","","1.0","","9","N","N","N","0","","0","0","0","0","0","","544","2","0","0","0","0","0","0","2","0","2","0","0","0","7","","","N","","","","","","","","","",""
"2022006693","0245","1","0","0","0","0","0","0","0","0","7","0","","67","1","2022","6","39.912372","-75.148691","0225","6","0","0","0","0","0","0","0","0","","0","0","0","2","3","0","N","6","0","39 54:44.540","","2","75 08:55.289","0","0","0","0","67301","0","0","0","N","0","0","0","1","68K01","0","","2.0","","1","N","N","N","0","","0","0","0","0","0","","222","1","0","0","0","0","0","0","2","0","1","0","0","0","3","","","N","","","","","","","","","",""
"2022025220","0240","3","0","0","0","0","0","0","0","0","7","0","","67","3","2022","7","40.019521","-75.160477","0232","6","0","0","0","0","0","0","0","0","","0","0","0","2","3","0","N","0","0","40 01:10.275","","0","75 09:37.717","0","0","0","0","67301","0","0","0","N","0","0","0","4","67301","0","","2.0","","1","N","N","N","0","","0","0","0","0","0","","230","4","0","0","0","0","0","0","2","0","4","0","0","0","3","03","","N","","","","","","","","","",""
"2022025803","1646","1","0","0","0","0","0","0","0","0","4","0","","67","3","2022","7","40.00848","-75.1087","1646","6","0","0","0","0","0","0","0","0","","0","0","0","15","1","1","","1","9","40 00:30.527","","0","75 06:31.319","4","0","0","0","67301","0","0","0","N","0","0","0","3","67301","1","","1.0","","9","N","N","N","0","","0","0","1","3","3","","1530","2","1","0","0","0","0","1","2","0","2","0","0","0","10","","","N","","","","","","","","","",""
"2022020086","1600","1","0","0","0","0","0","0","0","0","2","0","","67","2","2022","3","40.055884","-75.011901","1549","6","0","0","0","0","0","1","0","0","","0","0","0","15","1","1","N","0","2","40 03:21.182","1","0","75 00:42.842","3","0","0","0","67301","0","0","0","N","0","0","0","2","67301","0","","1.0","100.0","9","N","N","N","1","","1","0","0","0","0","N","1523","2","1","0","0","0","0","0","2","0","2","0","0","0","7","07","","N","","","","","","","","","",""
"2022004153","1017","1","0","0","0","0","0","0","0","0","1","0","","67","1","2022","4","40.028303","-75.110042","1011","6","0","0","0","0","0","1","0","0","","0","0","0","9","1","1","N","0","0","40 01:41.890","","0","75 06:36.150","4","0","0","0","67301","0","0","0","N","0","0","0","1","67301","1","","1.0","","1","N","N","N","0","","0","0","1","0","0","","955","2","1","0","0","0","0","0","2","0","2","0","0","0","3","03","","N","","","","","","","","","",""
"2022007728","1132","2","0","0","0","0","0","0","0","0","4","0","","67","1","2022","4","39.957288","-75.15746","1132","6","0","0","0","0","0","0","0","0","","0","0","0","11","1","1","N","0","2","39 57:26.236","4","0","75 09:26.855","3","0","0","0","67301","0","0","0","N","0","0","0","3","68K01","0","","1.0","1300.0","1","N","N","Y","0","","1","0","1","0","0","N","1131","3","1","0","0","0","0","1","2","0","3","0","0","0","3","03","","N","","","","","","","","","",""
"2022018060","2142","1","0","0","0","0","0","0","0","0","7","0","","67","2","2022","2","40.031373","-75.021599","2137","6","0","0","0","0","0","0","0","0","","0","0","0","21","3","0","N","0","0","40 01:52.941","","0","75 01:17.755","0","0","0","0","67301","0","0","0","Y","0","0","0","1","68K01","0","","2.0","","9","N","N","N","0","","0","0","0","0","0","","2134","1","0","0","0","0","0","0","2","0","1","0","0","0","3","03","","N","","","","","","","","","",""
"2022020231","1029","3","0","0","0","0","0","0","0","0","1","0","","67","2","2022","2","39.952801","-75.140985","1010","6","0","0","0","0","0","2","0","0","","0","0","0","10","1","0","N","0","0","39 57:10.083","","0","75 08:27.546","0","0","0","0","67301","0","0","0","N","0","0","0","3","68K01","0","","1.0","","1","N","N","N","0","","0","0","0","0","0","","1008","3","0","0","0","0","0","0","2","0","3","0","0","0","3","","","N","","","","","","","","","",""
"2022010824","0805","0","0","0","0","0","0","0","0","0","7","0","","67","1","2022","6","40.097517","-75.047954","0756","6","0","0","0","0","0","1","0","0","","0","0","0","7","1","1","N","0","0","40 05:51.061","","0","75 02:52.636","3","0","0","0","67301","0","0","0","N","0","0","0","1","67301","0","","5.0","","1","N","N","N","0","","1","0","1","0","0","","755","1","1","0","0","0","0","0","2","0","1","0","0","0","3","","","N","","","","","","","","","",""
"2022004342","1944","1","0","0","0","0","0","0","0","0","6","0","","67","1","2022","3","39.995891","-75.191423","1938","6","0","0","0","0","0","0","0","0","","0","0","0","19","3","0","","2","0","39 59:45.209","","0","75 11:29.122","0","0","0","0","67301","0","0","0","N","0","0","0","1","67301","0","","1.0","","2","N","N","N","0","","0","0","0","0","0","","1935","2","0","0","0","0","0","0","2","0","2","0","0","0","98","03","","N","","","","","","","","","",""
"2022006117","0353","1","0","0","0","0","0","0","0","0","7","0","","67","1","2022","2","39.946454","-75.189114","0353","6","0","0","0","0","0","0","0","0","","0","0","0","3","3","1","N","0","0","39 56:47.236","","0","75 11:20.811","3","0","0","0","67301","0","0","0","N","0","0","0","1","68K01","0","","4.0","","1","N","N","N","0","","1","0","0","0","0","","348","1","1","1","0","0","0","0","2","0","1","0","0","0","3","03","","N","","","","","","","","","",""
"2022018544","0319","1","0","0","0","0","0","0","0","0","98","1","","67","2","2022","2","40.03015","-75.021844","0301","6","0","0","0","0","1","0","0","0","","0","1","0","2","3","2","N","0","2","40 01:48.541","1","0","75 01:18.639","8","0","0","0","67301","0","0","0","N","0","0","0","9","68K01","0","","4.0","415.0","9","N","N","N","0","","0","0","3","0","0","N","259","5","2","0","0","0","2","0","2","0","5","0","0","0","2","02","","N","","","","","","","","","",""
"2022026285","0917","0","0","0","0","0","0","0","0","0","1","0","","67","3","2022","5","39.968482","-75.129215","0906","6","0","0","0","0","0","0","0","0","","0","0","0","9","1","0","N","0","0","39 58:06.535","","0","75 07:45.175","0","0","0","0","67301","0","0","0","N","0","0","0","3","68K01","0","","1.0","","1","N","N","N","0","","0","0","2","0","0","","904","2","0","0","0","0","0","0","2","0","2","0","0","0","3","03","","N","","","","","","","","","",""
"2022019634","2051","1","0","0","0","0","0","0","0","0","2","0","","67","2","2022","7","39.985477","-75.103666","2051","6","0","0","0","0","0","1","0","0","","0","0","0","20","3","1","N","0","0","39 59:07.717","","0","75 06:13.196","3","0","0","0","67301","0","0","0","N","0","0","0","1","67301","0","","1.0","","1","N","N","N","0","","1","0","0","0","0","","2051","2","1","1","0","0","0","0","2","0","2","0","0","0","3","03","","N","","","","","","","","","",""
"2022019630","1713","0","0","0","0","0","0","0","0","0","4","0","","67","2","2022","3","39.983508","-75.188187","1713","6","0","0","0","0","0","1","1","0","","1","0","0","17","1","1","","2","2","39 59:00.628","7","0","75 11:17.473","1","1","0","1","67301","0","0","0","N","0","0","0","2","67301","0","2","1.0","2020.0","1","N","N","N","0","0","1","0","1","0","0","Y","1711","2","1","0","0","0","0","0","2","0","2","0","0","0","3","03","","N","","","","","","","","","",""
"2022004341","1930","1","0","0","0","0","0","0","0","0","2","0","","67","1","2022","3","39.995689","-75.191471","1925","6","0","0","0","0","0","0","0","0","","0","0","0","19","3","0","","2","0","39 59:44.480","","0","75 11:29.297","0","0","0","0","67301","0","0","0","N","0","0","0","2","67301","0","","1.0","","2","N","N","N","0","","0","0","1","0","0","","1919","2","0","0","0","0","0","0","2","0","2","0","0","0","3","98","","N","","","","","","","","","",""
"2022004187","0906","0","0","0","0","0","0","0","0","0","6","0","","67","1","2022","2","39.964995","-75.159488","0857","6","0","0","0","0","0","0","1","0","","0","0","0","8","1","1","","1","0","39 57:53.981","","0","75 09:34.158","4","0","0","0","67301","0","0","0","N","0","0","0","1","67301","1","","1.0","","2","N","N","N","0","","0","0","1","0","0","","850","2","1","0","0","0","0","0","2","0","2","0","0","0","3","03","","N","","","","","","","","","",""
"2022006701","0246","0","0","0","0","0","0","0","0","0","5","0","","67","1","2022","7","40.006821","-75.073735","0233","6","0","0","0","0","0","0","0","0","","0","0","0","2","3","0","N","0","0","40 00:24.557","","0","75 04:25.446","0","0","0","0","67301","0","0","0","N","0","0","0","2","68K01","0","","1.0","","1","N","N","N","0","","0","0","2","0","0","","228","2","0","0","0","0","0","0","2","0","2","0","0","0","3","03","","N","","","","","","","","","",""
"2022019561","1818","3","0","0","0","0","0","0","0","0","1","0","","67","2","2022","7","39.957664","-75.159173","1812","6","0","0","0","0","0","1","0","0","","0","0","0","18","3","2","N","0","1","39 57:27.590","4","0","75 09:33.022","4","0","0","0","67301","0","0","0","N","0","0","0","4","67301","2","","1.0","1845.0","1","N","N","Y","0","","0","0","0","0","0","N","1808","3","2","3","0","0","0","0","2","0","3","0","0","0","3","03","","N","","","","","","","","","",""
"2022019646","2235","0","0","0","0","0","0","0","0","0","3","1","","67","2","2022","5","39.999816","-75.139071","2234","6","0","0","1","0","0","1","0","0","","0","1","0","22","2","1","","2","0","39 59:59.337","","0","75 08:20.656","3","0","0","0","67301","0","0","0","N","0","0","0","4","67301","0","","1.0","","1","N","N","N","0","","1","0","1","0","0","","2230","2","1","0","0","0","0","0","2","0","2","0","0","0","3","","","N","","","","","","","","","",""
"2022019919","0350","1","0","0","0","0","0","0","0","0","7","0","","67","2","2022","2","39.964871","-75.133759","0346","6","0","0","0","0","0","0","0","0","","0","0","0","3","3","2","N","0","0","39 57:53.534","","0","75 08:01.532","3","0","0","0","67301","0","0","0","N","0","0","0","2","67301","1","","5.0","","1","N","N","N","0","","1","0","0","0","0","","344","1","2","0","0","0","0","0","2","0","1","0","0","0","3","03","","N","","","","","","","","","",""
"2022005277","0027","1","0","0","0","0","0","0","0","0","7","0","","67","1","2022","7","39.939664","-75.196303","0000","6","0","0","1","0","0","0","0","0","","0","0","0","0","3","1","N","0","2","39 56:22.791","4","0","75 11:46.689","8","0","0","0","67301","0","0","0","N","0","0","0","1","68K01","0","","2.0","50.0","1","N","N","N","0","","0","0","0","0","0","Y","0","1","1","0","0","0","1","0","2","0","1","0","0","0","3","","","N","","","","","","","","","",""
"2022018708","0035","1","0","0","0","0","0","0","0","0","1","0","","67","2","2022","3","39.931813","-75.199906","0028","6","0","0","1","0","0","0","0","0","","0","0","0","0","3","0","N","0","2","39 55:54.527","3","0","75 11:59.663","0","0","0","0","67301","0","0","0","N","0","0","0","2","68K01","0","","1.0","130.0","1","N","N","N","0","","0","0","1","0","0","N","25","2","0","0","0","0","0","0","2","0","2","0","0","0","3","","","N","","","","","","","","","",""
"2022018572","2109","1","0","0","0","0","0","0","0","0","7","0","","67","2","2022","5","40.031411","-75.021584","2051","6","0","0","0","0","0","0","0","0","","0","0","0","20","3","0","N","0","0","40 01:53.081","","0","75 01:17.704","0","0","0","0","67301","0","0","0","N","0","0","0","1","68K01","0","","4.0","","8","N","N","N","0","","0","0","0","0","0","","2051","1","0","0","0","0","0","0","2","0","1","0","0","0","7","07","","N","","","","","","","","","",""
"2022014423","","1","0","0","0","0","0","0","0","0","4","0","","67","1","2022","4","40.021356","-75.052107","","6","0","0","0","0","0","0","0","0","","0","0","0","14","1","3","N","0","0","40 01:16.881","","7","75 03:07.585","8","0","0","0","67301","0","0","0","N","0","0","0","4","00000","0","","1.0","","1","N","N","N","0","","0","0","1","0","0","","1400","2","3","0","0","0","3","0","2","0","2","0","0","0","3","","","N","","","","","","","","","",""
"2022019570","1932","1","0","0","0","0","0","0","0","0","4","0","","67","2","2022","3","40.080669","-74.969942","1931","6","0","0","0","0","0","0","0","0","","0","0","0","19","3","0","N","0","0","40 04:50.410","","7","74 58:11.790","0","0","0","0","67301","0","0","0","N","0","0","0","0","67301","0","","5.0","","8","N","N","N","1","","0","0","0","3","3","","1930","2","0","0","0","0","0","0","2","0","2","0","0","0","7","07","","N","","","","","","","","","",""
"2022018390","0744","1","0","0","0","0","0","0","0","0","5","0","","67","1","2022","6","40.037624","-75.011766","0743","6","0","0","0","0","1","0","0","0","","0","1","0","7","1","0","N","0","2","40 02:15.447","1","0","75 00:42.358","0","0","0","0","67301","0","0","0","N","0","0","0","3","68K01","0","","4.0","35.0","1","N","N","N","0","","0","0","0","0","0","N","738","2","0","0","0","0","0","0","2","0","2","0","0","0","3","03","","N","","","","","","","","","",""
"2022019273","1524","1","0","0","0","0","0","0","0","0","1","0","","67","2","2022","7","40.010122","-75.063411","1506","6","0","0","0","0","0","1","0","0","","0","0","0","15","1","1","N","0","1","40 00:36.438","1","0","75 03:48.281","3","0","0","0","67301","0","0","0","N","0","0","0","3","68K01","0","","1.0","1535.0","1","N","N","N","0","","1","0","1","0","0","N","1500","3","1","0","0","0","0","0","2","1","3","0","0","0","3","","","N","","","","","","","","","",""
"2022020272","1225","0","0","0","0","0","0","0","0","0","4","1","","67","2","2022","3","40.035118","-75.069504","1155","6","0","0","1","0","0","0","0","0","","0","1","0","11","1","0","","1","1","40 02:06.425","1","0","75 04:10.216","0","0","0","0","67301","0","0","0","N","0","0","0","2","67301","0","","1.0","1300.0","9","N","N","N","0","","0","0","1","3","2","N","1145","2","0","0","0","0","0","0","2","0","2","0","0","0","7","04","","N","","","","","","","","","",""
"2022004223","0446","1","0","0","0","0","0","0","0","0","7","0","","67","1","2022","7","40.072748","-75.188476","0444","6","0","0","0","0","0","0","0","0","","0","0","0","4","3","0","","2","0","40 04:21.894","","0","75 11:18.513","0","0","0","0","67301","0","0","0","N","0","0","0","2","67301","0","","4.0","","9","N","N","N","0","","0","0","0","3","2","","430","1","0","0","0","0","0","0","2","0","1","0","0","0","5","07","","N","","","","","","","","","",""
"2022019748","1739","3","0","0","0","0","0","0","0","0","4","0","","67","2","2022","7","40.041584","-75.03407","1731","6","0","0","0","0","0","2","0","0","","0","0","0","17","4","1","","1","2","40 02:29.702","6","0","75 02:02.651","4","0","0","0","67301","0","0","0","N","0","0","0","3","67301","1","","1.0","1840.0","1","N","N","N","0","","0","0","0","3","3","N","1723","3","1","0","0","0","0","0","2","0","3","0","0","0","3","","","N","","","","","","","","","",""
"2022031439","2325","1","0","0","0","0","0","0","0","0","8","0","","67","3","2022","2","40.009225","-75.151137","2325","6","0","0","0","0","0","0","1","0","","0","0","0","23","3","1","","1","1","40 00:33.209","1","0","75 09:04.094","8","0","0","0","67301","1","0","0","N","1","0","0","2","67301","0","","1.0","118.0","1","N","N","N","0","","0","0","0","3","2","Y","2325","2","1","0","0","0","1","0","2","0","1","1","0","0","3","03","","N","","","","","","","","","",""
"2022004265","1115","1","0","0","0","0","0","0","0","0","2","0","","67","1","2022","3","39.985753","-75.164533","1112","6","0","0","0","0","0","0","0","0","","0","0","0","10","1","0","","2","0","39 59:08.710","","0","75 09:52.318","0","0","0","0","67301","0","0","0","N","0","0","0","2","67301","0","","1.0","","1","N","N","N","1","","0","0","0","3","2","","1050","2","0","0","0","0","0","0","2","0","2","0","0","0","3","03","","N","","","","","","","","","",""
"2022019567","1557","2","0","0","0","0","0","0","0","0","2","0","","67","2","2022","6","40.059379","-75.044493","1550","6","0","0","0","0","0","1","0","0","","0","0","0","15","1","1","","2","0","40 03:33.766","","0","75 02:40.176","3","0","0","0","67301","0","0","0","N","0","0","0","3","67301","0","","1.0","","1","N","N","N","0","","1","0","0","3","2","","1546","2","1","0","0","0","0","0","2","0","2","0","0","0","3","03","","N","","","","","","","","","",""
"2022019618","0220","1","0","0","0","0","0","0","0","0","1","0","","67","2","2022","7","39.939634","-75.198161","0212","6","0","0","0","0","0","0","0","0","","0","0","0","2","3","1","","1","0","39 56:22.681","","3","75 11:53.378","3","0","0","0","67301","0","0","0","N","0","0","0","2","67301","0","","1.0","","1","N","N","N","0","","1","0","0","3","2","","208","2","1","0","0","0","0","0","2","0","2","0","0","0","3","03","","N","","","","","","","","","",""
"2022018352","2055","2","0","0","0","0","0","0","0","0","2","0","","67","2","2022","7","39.927203","-75.172399","2055","6","0","0","0","0","0","1","0","0","","0","0","0","20","3","0","N","0","0","39 55:37.930","","0","75 10:20.638","0","0","0","0","67301","0","0","0","N","0","0","0","2","67505","0","","1.0","","1","N","N","N","0","","0","0","0","0","0","","2055","2","0","0","0","0","0","0","2","0","2","0","0","0","3","03","","N","","","","","","","","","",""
"2022018697","0801","1","0","0","0","0","0","0","0","0","1","0","","67","2","2022","3","39.956824","-75.153398","0800","6","0","0","0","0","0","0","0","0","","0","0","0","7","1","1","N","0","1","39 57:24.566","3","0","75 09:12.231","3","0","0","0","67301","0","0","0","N","0","0","0","3","68K01","0","","1.0","825.0","1","N","N","N","0","","1","0","2","0","0","N","752","3","1","0","0","0","0","0","2","0","3","0","0","0","3","03","","N","","","","","","","","","",""
"2022020364","2153","1","0","0","0","0","0","0","0","0","7","0","","67","2","2022","7","39.90044","-75.157133","2136","6","0","1","0","0","0","0","0","0","","0","0","0","21","3","1","N","0","0","39 54:01.584","","0","75 09:25.679","4","0","0","0","67301","0","0","0","N","0","0","0","1","68K01","1","","2.0","","1","N","N","N","0","","0","0","0","0","0","","2135","1","1","0","0","0","0","0","2","0","1","0","0","0","3","","","N","","","","","","","","","",""
"2022018402","0246","1","0","0","0","0","0","0","0","0","7","0","","67","2","2022","7","39.958339","-75.165522","0239","6","0","0","0","0","0","0","0","0","","0","0","0","2","3","0","N","0","1","39 57:30.019","4","0","75 09:55.880","0","0","0","0","67301","0","0","0","N","0","0","0","1","68K01","0","","4.0","315.0","1","N","N","N","0","","0","0","0","0","0","N","237","1","0","0","0","0","0","0","2","0","1","0","0","0","3","03","","N","","","","","","","","","",""
"2022019470","0039","1","0","0","0","0","0","0","0","0","7","0","","67","2","2022","7","39.986653","-75.091648","0031","6","0","0","0","0","0","0","0","0","","0","0","0","0","3","0","N","0","1","39 59:11.949","2","0","75 05:29.931","0","0","0","0","67301","0","0","0","N","0","0","0","1","68K01","0","","4.0","100.0","1","N","N","N","0","","0","0","0","0","0","N","29","1","0","0","0","0","0","0","2","0","1","0","0","0","3","03","","N","","","","","","","","","",""
"2022017581","0613","1","0","0","0","0","0","0","0","0","7","0","","67","2","2022","1","39.955078","-75.140759","0602","6","0","0","0","0","0","0","0","0","","0","0","0","5","3","1","N","0","1","39 57:18.282","1","0","75 08:26.731","8","0","0","0","67301","0","0","0","Y","0","0","0","1","68K01","0","","4.0","658.0","9","N","N","N","0","","0","0","0","0","0","N","554","1","1","1","0","0","1","0","2","0","1","0","0","0","10","","","N","","","","","","","","","",""
"2022010842","0232","0","0","0","0","0","0","0","0","0","7","0","","67","1","2022","7","40.002897","-75.079217","0226","6","0","0","0","0","0","0","0","0","","0","0","0","2","3","1","N","0","1","40 00:10.429","4","0","75 04:45.182","8","0","0","0","67301","0","0","0","N","0","0","0","2","67301","0","","2.0","45.0","9","N","N","N","0","","0","0","1","0","0","N","220","1","1","0","0","0","1","0","2","0","1","0","0","0","3","","","N","","","","","","","","","",""
"2022016568","1857","0","0","0","0","0","0","0","0","0","1","0","","67","2","2022","3","40.03092","-75.021788","1838","6","0","0","0","0","0","1","0","0","","0","0","0","18","3","2","N","0","0","40 01:51.312","","0","75 01:18.437","8","0","0","0","67301","0","0","0","N","0","0","0","2","68K01","0","","1.0","","1","N","N","N","0","","0","0","1","0","0","","1831","2","2","0","0","0","2","0","2","0","2","0","0","0","3","","","N","","","","","","","","","",""