"CRN","ARRIVAL_TM","AUTOMOBILE_COUNT","BELTED_DEATH_COUNT","BELTED_SUSP_SERIOUS_INJ_COUNT","BICYCLE_COUNT","BICYCLE_DEATH_COUNT","BICYCLE_SUSP_SERIOUS_INJ_COUNT","BUS_COUNT","CHLDPAS_DEATH_COUNT","CHLDPAS_SUSP_SERIOUS_INJ_COUNT","COLLISION_TYPE","COMM_VEH_COUNT","CONS_ZONE_SPD_LIM","COUNTY","CRASH_MONTH","CRASH_YEAR","DAY_OF_WEEK","DEC_LATITUDE","DEC_LONGITUDE","DISPATCH_TM","DISTRICT","DRIVER_COUNT_16YR","DRIVER_COUNT_17YR","DRIVER_COUNT_18YR","DRIVER_COUNT_19YR","DRIVER_COUNT_20YR","DRIVER_COUNT_50_64YR","DRIVER_COUNT_65_74YR","DRIVER_COUNT_75PLUS","EST_HRS_CLOSED","FATAL_COUNT","HEAVY_TRUCK_COUNT","HORSE_BUGGY_COUNT","HOUR_OF_DAY","ILLUMINATION","INJURY_COUNT","INTERSECTION_RELATED","INTERSECT_TYPE","LANE_CLOSED","LATITUDE","LN_CLOSE_DIR","LOCATION_TYPE","LONGITUDE","MAX_SEVERITY_LEVEL","MCYCLE_DEATH_COUNT","MCYCLE_SUSP_SERIOUS_INJ_COUNT","MOTORCYCLE_COUNT","MUNICIPALITY","NONMOTR_COUNT","NONMOTR_DEATH_COUNT","NONMOTR_SUSP_SERIOUS_INJ_COUNT","NTFY_HIWY_MAINT","PED_COUNT","PED_DEATH_COUNT","PED_SUSP_SERIOUS_INJ_COUNT","PERSON_COUNT","POLICE_AGCY","POSSIBLE_INJ_COUNT","RDWY_SURF_TYPE_CD","RELATION_TO_ROAD","ROADWAY_CLEARED","ROAD_CONDITION","SCH_BUS_IND","SCH_ZONE_IND","SECONDARY_CRASH","SMALL_TRUCK_COUNT","SPEC_JURIS_CD","SUSP_MINOR_INJ_COUNT","SUSP_SERIOUS_INJ_COUNT","SUV_COUNT","TCD_FUNC_CD","TCD_TYPE","TFC_DETOUR_IND","TIME_OF_DAY","TOTAL_UNITS","TOT_INJ_COUNT","UNBELTED_OCC_COUNT","UNB_DEATH_COUNT","UNB_SUSP_SERIOUS_INJ_COUNT","UNK_INJ_DEG_COUNT","UNK_INJ_PER_COUNT","URBAN_RURAL","VAN_COUNT","VEHICLE_COUNT","VULNERABLE_ROAD_USER_COUNT","VULNERABLE_ROAD_USER_DEATH_COUNT","VULNERABLE_ROAD_USER_SER_INJ_COUNT","WEATHER1","WEATHER2","WORKERS_PRES","WORK_ZONE_IND","WORK_ZONE_LOC","WORK_ZONE_TYPE","WZ_CLOSE_DETOUR","WZ_FLAGGER","WZ_LAW_OFFCR_IND","WZ_LN_CLOSURE","WZ_MOVING","WZ_OTHER","WZ_SHLDER_MDN","WZ_WORKERS_INJ_KILLED"
"2022019461","2033","2","0","0","0","0","0","0","0","0","1","0","","67","2","2022","4","39.962253","-75.182731","2029","6","0","0","0","0","0","1","0","0","","0","0","0","20","3","2","N","0","0","39 57:44.111","","0","75 10:57.831","3","0","0","0","67301","0","0","0","N","0","0","0","3","68K01","0","","1.0","","1","N","N","N","0","","2","0","0","0","0","","2003","2","2","0","0","0","0","0","2","0","2","0","0","0","3","03","","N","","","","","","","","","",""
"2022005630","1354","1","0","0","0","0","0","0","0","0","1","0","","67","1","2022","6","39.96011","-75.179769","1347","6","0","0","0","0","0","0","0","0","","0","0","0","13","1","2","N","0","1","39 57:36.397","4","3","75 10:47.167","3","0","0","0","67301","0","0","0","N","0","0","0","4","68K01","0","","1.0","1459.0","1","N","N","N","0","","1","0","1","0","0","N","1345","2","2","0","0","0","1","0","2","0","2","0","0","0","3","03","","N","","","","","","","","","",""
"2022019568","1614","2","0","0","0","0","0","0","0","0","4","0","","67","2","2022","6","40.057111","-75.042456","1559","6","0","0","0","0","0","0","0","0","","0","0","0","15","1","0","","3","0","40 03:25.600","","0","75 02:32.841","0","0","0","0","67301","0","0","0","N","0","0","0","1","67301","0","","1.0","","1","N","N","N","0","","0","0","0","3","3","","1550","2","0","0","0","0","0","0","2","0","2","0","0","0","3","03","","N","","","","","","","","","",""
"2022018695","1729","2","0","0","0","0","0","0","0","0","1","0","","67","2","2022","2","40.039421","-75.007634","1710","6","0","0","0","0","0","0","0","1","","0","0","0","17","4","3","N","0","1","40 02:21.915","2","0","75 00:27.482","3","0","0","0","67301","0","0","0","N","0","0","0","5","68K01","0","","1.0","1815.0","9","N","N","N","0","","2","0","1","0","0","N","1707","3","3","0","0","0","1","0","2","0","3","0","0","0","4","","","N","","","","","","","","","",""
"2022003904","1401","1","0","0","0","0","0","0","0","0","0","0","","67","1","2022","7","39.981274","-75.206905","1357","6","0","0","1","0","0","0","0","0","","0","0","0","13","1","0","N","0","0","39 58:52.588","","0","75 12:24.858","0","0","0","0","67301","0","0","0","N","0","0","0","1","68K01","0","","4.0","","9","N","N","N","0","","0","0","0","0","0","","1355","1","0","0","0","0","0","0","2","0","1","0","0","0","7","","","N","","","","","","","","","",""
"2022025799","0945","0","0","0","0","0","0","0","0","0","4","0","","67","2","2022","7","40.005821","-75.097034","0941","6","0","0","0","0","0","1","0","0","","0","1","0","9","1","1","","1","0","40 00:20.955","","0","75 05:49.322","3","0","0","0","67301","0","0","0","N","0","0","0","3","67301","0","","1.0","","1","N","N","N","0","","1","0","1","3","2","","920","2","1","0","0","0","0","0","2","0","2","0","0","0","3","03","","N","","","","","","","","","",""
"2022004660","0119","0","0","0","0","0","0","0","0","0","7","0","","67","1","2022","1","39.981506","-75.207148","0119","6","0","0","0","0","0","0","0","0","","0","0","0","0","3","0","N","0","0","39 58:53.423","","0","75 12:25.733","0","0","0","0","67301","0","0","0","N","0","0","0","1","68K01","0","","2.0","","9","N","N","N","0","","0","0","0","0","0","","24","1","0","0","0","0","0","0","2","1","1","0","0","0","7","","","N","","","","","","","","","",""
"2022019603","1548","3","0","0","0","0","0","0","0","0","1","0","","67","2","2022","3","40.035552","-75.067612","1542","6","0","0","0","0","0","2","0","0","","0","0","0","14","1","1","N","0","0","40 02:07.988","","0","75 04:03.402","3","0","0","0","67301","0","0","0","N","0","0","0","3","67301","0","","1.0","","1","N","N","N","0","","1","0","0","0","0","","1445","3","1","0","0","0","0","0","2","0","3","0","0","0","3","","","N","","","","","","","","","",""
"2022007421","0105","0","0","0","0","0","0","0","0","0","7","0","","67","1","2022","7","39.932589","-75.200035","0105","6","0","0","0","0","0","0","0","0","","0","0","0","1","3","0","N","0","1","39 55:57.319","4","0","75 12:00.125","0","0","0","0","67301","0","0","0","N","0","0","0","1","68K01","0","","4.0","135.0","1","N","N","N","0","","0","0","1","0","0","N","105","1","0","0","0","0","0","0","2","0","1","0","0","0","3","","","N","","","","","","","","","",""
"2022019937","0828","1","0","0","0","0","0","0","0","0","1","0","","67","2","2022","5","39.970771","-75.124854","0812","6","0","0","0","0","0","1","0","0","","0","0","0","8","1","0","N","0","0","39 58:14.775","","0","75 07:29.473","0","0","0","0","67301","0","0","0","N","0","0","0","6","68K01","0","","1.0","","1","N","N","N","1","","0","0","2","0","0","","811","4","0","0","0","0","0","0","2","0","4","0","0","0","3","03","","N","","","","","","","","","",""
"2022015859","0634","1","0","0","0","0","0","0","0","0","5","0","","67","1","2022","5","39.967219","-75.132612","0631","6","0","0","0","0","0","0","0","0","","0","0","0","6","5","1","N","0","1","39 58:01.989","1","0","75 07:57.404","8","0","0","0","67301","0","0","0","N","0","0","0","2","68K01","0","","1.0","644.0","1","N","N","N","0","","0","0","0","0","0","N","628","2","1","0","0","0","1","1","2","0","2","0","0","0","3","","","N","","","","","","","","","",""
"2022019582","2016","2","0","0","0","0","0","0","0","0","6","0","","67","2","2022","3","40.040916","-75.187325","2012","6","0","0","0","0","0","0","0","0","","0","0","0","20","3","0","","1","0","40 02:27.297","","0","75 11:14.370","0","0","0","0","67301","0","0","0","N","0","0","0","2","67301","0","","1.0","","1","N","N","N","0","","0","0","0","3","2","","2011","2","0","0","0","0","0","0","2","0","2","0","0","0","3","03","","N","","","","","","","","","",""
"2022023723","1640","1","0","0","0","0","0","0","0","0","4","0","","67","3","2022","1","39.957597","-75.158641","1635","6","0","0","0","0","0","0","0","0","","0","0","0","16","1","1","","1","0","39 57:27.348","","0","75 09:31.109","3","0","0","0","67301","0","0","0","N","0","0","0","3","67301","0","","1.0","","1","N","N","N","0","","1","0","1","3","2","","1630","2","1","0","0","0","0","0","2","0","2","0","0","0","4","04","","N","","","","","","","","","",""
"2022023596","0333","1","0","0","0","0","0","0","0","0","7","0","","67","3","2022","1","39.96527","-75.137515","0323","6","0","0","0","0","0","0","0","0","","0","0","0","3","3","1","N","0","2","39 57:54.972","2","0","75 08:15.054","8","0","0","0","67301","0","0","0","N","0","0","0","1","68K01","0","","2.0","359.0","1","N","N","N","0","","0","0","0","0","0","N","323","1","1","1","0","0","1","0","2","0","1","0","0","0","3","","","N","","","","","","","","","",""
"2022031057","2115","3","0","0","0","0","0","0","0","0","2","0","","67","3","2022","4","39.903576","-75.198748","2110","6","0","0","0","0","0","0","0","0","","0","0","0","20","3","2","N","0","0","39 54:12.875","","3","75 11:55.494","3","0","0","0","67301","0","0","0","N","0","0","0","3","67301","0","","1.0","","9","N","N","N","0","","2","0","0","0","0","","2058","3","2","3","0","0","0","0","2","0","3","0","0","0","7","07","","N","","","","","","","","","",""
"2022031441","1602","1","0","0","0","0","0","0","0","0","8","0","","67","3","2022","5","40.027303","-75.167733","1557","6","0","0","0","0","0","0","0","0","","0","0","0","15","1","1","N","0","0","40 01:38.290","","0","75 10:03.840","3","0","0","0","67301","1","0","0","N","1","0","0","2","67301","0","","1.0","","1","N","N","N","0","","1","0","0","0","0","","1542","2","1","0","0","0","0","0","2","0","1","1","0","0","3","","","N","","","","","","","","","",""
"2022019743","1635","4","0","0","0","0","0","0","0","0","4","0","","67","2","2022","3","40.057376","-75.052953","1623","6","0","0","0","0","0","2","0","0","","0","0","0","15","1","0","N","0","1","40 03:26.555","1","0","75 03:10.629","0","0","0","0","67301","0","0","0","N","0","0","0","4","67301","0","","1.0","100.0","9","N","N","N","0","","0","0","0","0","0","N","1558","4","0","0","0","0","0","0","2","0","4","0","0","0","7","04","","N","","","","","","","","","",""
"2022019615","2240","1","0","0","0","0","0","0","0","0","4","0","","67","2","2022","4","39.985802","-75.215608","2232","6","0","0","0","0","0","0","0","0","","0","0","0","22","3","1","","1","0","39 59:08.888","","0","75 12:56.190","3","0","0","0","67301","0","0","0","N","0","0","0","2","67301","0","","1.0","","1","N","N","N","0","","1","0","0","3","2","","2200","2","1","0","0","0","0","1","2","0","2","0","0","0","3","","","N","","","","","","","","","",""
"2022018696","0750","2","0","0","0","0","0","0","0","0","1","0","","67","2","2022","3","39.945651","-75.190161","0730","6","0","0","0","0","0","0","0","0","","0","0","0","7","1","1","N","0","1","39 56:44.342","3","0","75 11:24.578","3","0","0","0","67301","0","0","0","N","0","0","0","2","68K01","0","","1.0","830.0","1","N","N","N","0","","1","0","0","0","0","N","724","2","1","0","0","0","0","0","2","0","2","0","0","0","3","","","N","","","","","","","","","",""
"2022023748","2037","2","0","0","0","0","0","0","0","0","5","0","","67","3","2022","7","40.048328","-75.166583","2029","6","0","0","0","0","0","0","0","0","","0","0","0","19","3","1","N","0","0","40 02:53.980","","0","75 09:59.700","3","0","0","0","67301","0","0","0","N","0","0","0","1","67301","0","","6.0","","1","N","N","N","0","","1","0","0","0","0","","1936","2","1","0","0","0","0","0","2","0","2","0","0","0","3","03","","N","","","","","","","","","",""
"2022030655","0758","0","0","0","0","0","0","0","0","0","1","0","","67","3","2022","2","40.013734","-75.179275","0747","6","0","0","0","0","0","1","0","0","","0","0","0","7","1","1","N","0","1","40 00:49.443","1","0","75 10:45.389","4","0","0","0","67301","0","0","0","N","0","0","0","1","67301","1","","1.0","759.0","1","N","N","N","0","","0","0","1","0","0","Y","745","2","1","0","0","0","0","0","2","0","2","0","0","0","3","03","","N","","","","","","","","","",""
"2022024015","0639","0","0","0","0","0","0","0","0","0","7","0","","67","2","2022","6","40.043615","-75.003021","0630","6","0","0","0","0","0","1","0","0","","0","0","0","6","5","0","N","0","1","40 02:37.013","2","0","75 00:10.875","0","0","0","0","67301","0","0","0","N","0","0","0","1","68K01","0","","4.0","655.0","9","N","N","N","1","","0","0","0","0","0","N","628","1","0","0","0","0","0","0","2","0","1","0","0","0","7","","","N","","","","","","","","","",""
"2022030796","0551","2","0","0","0","0","0","0","0","0","4","0","","67","3","2022","3","39.925946","-75.243955","0541","6","0","0","0","0","0","1","0","0","","0","0","0","5","3","1","N","0","0","39 55:33.405","","0","75 14:38.237","3","0","0","0","67301","0","0","0","N","0","0","0","1","67301","0","","6.0","","1","N","N","N","0","","1","0","0","0","0","","527","2","1","0","0","0","0","0","2","0","2","0","0","0","3","03","","N","","","","","","","","","",""
"2022024044","1526","2","0","0","0","0","0","0","0","0","1","0","","67","3","2022","7","39.891686","-75.230722","1452","6","0","0","0","0","0","0","0","0","","0","0","0","14","1","1","N","7","0","39 53:30.070","","2","75 13:50.598","4","0","0","0","67301","0","0","0","N","0","0","0","3","68K01","1","","1.0","","1","N","N","N","0","","0","0","0","3","8","","1450","2","1","0","0","0","0","0","2","0","2","0","0","0","3","03","","N","","","","","","","","","",""
"2022030861","1521","3","0","0","0","0","0","0","0","0","5","0","","67","3","2022","1","39.98673","-75.159493","1520","6","0","0","0","1","0","0","0","0","","0","0","0","15","1","0","","1","0","39 59:12.227","","0","75 09:34.174","0","0","0","0","67301","0","0","0","N","0","0","0","1","67301","0","","1.0","","1","N","N","N","0","","0","0","0","3","2","","1500","3","0","0","0","0","0","0","2","0","3","0","0","0","4","04","","N","","","","","","","","","",""
"2022025008","0834","2","0","0","0","0","0","0","0","0","5","0","","67","3","2022","2","39.982822","-75.208019","0822","6","0","0","0","0","0","0","0","0","","0","0","0","8","1","0","N","0","0","39 58:58.159","","0","75 12:28.868","0","0","0","0","67301","0","0","0","N","0","0","0","2","68K01","0","","1.0","","1","N","N","N","0","","0","0","0","0","0","","820","2","0","0","0","0","0","0","2","0","2","0","0","0","3","03","","N","","","","","","","","","",""
"2022024001","0411","2","0","0","0","0","0","0","0","0","1","0","","67","2","2022","5","39.943753","-75.142685","0406","6","0","0","1","0","0","0","0","0","","0","0","0","4","3","0","N","0","1","39 56:37.512","1","0","75 08:33.667","0","0","0","0","67301","0","0","0","N","0","0","0","3","68K01","0","","1.0","430.0","1","N","N","N","0","","0","0","0","0","0","N","405","2","0","0","0","0","0","0","2","0","2","0","0","0","3","","","N","","","","","","","","","",""
"2022024591","0222","1","0","0","0","0","0","0","0","0","1","0","","67","2","2022","4","40.02773","-75.10997","0221","6","0","0","0","0","0","0","0","0","","0","0","0","14","1","2","N","1","0","40 01:39.827","","0","75 06:35.893","3","0","0","0","67301","0","0","0","N","0","0","0","3","67301","0","","1.0","","1","N","N","N","0","","1","0","1","0","0","","1415","2","2","0","0","0","1","1","2","0","2","0","0","0","3","","","N","","","","","","","","","",""
"2022024013","0204","0","0","0","0","0","0","0","0","0","7","0","","67","2","2022","6","39.995985","-75.082786","0156","6","0","0","0","0","0","0","0","0","","0","0","0","1","3","0","N","0","1","39 59:45.547","1","0","75 04:58.030","0","0","0","0","67301","0","0","0","N","0","0","0","1","68K01","0","","4.0","220.0","9","N","N","N","0","","0","0","1","0","0","Y","155","1","0","0","0","0","0","0","2","0","1","0","0","0","7","","","N","","","","","","","","","",""
"2022023170","0555","1","0","0","0","0","0","0","0","0","1","1","","67","2","2022","3","40.018832","-75.046916","0541","6","0","0","0","0","0","0","0","0","","0","1","0","5","3","0","N","0","2","40 01:07.796","2","0","75 02:48.896","0","0","0","0","67301","0","0","0","N","0","0","0","2","68K01","0","","1.0","542.0","1","N","N","N","0","","0","0","0","0","0","N","541","2","0","0","0","0","0","0","2","0","2","0","0","0","3","03","","N","","","","","","","","","",""
"2022023175","1026","0","0","0","0","0","0","0","0","0","7","0","","67","2","2022","6","39.998502","-75.080946","1012","6","0","0","0","0","0","0","1","0","","0","0","0","10","1","0","N","0","0","39 59:54.607","","0","75 04:51.405","0","0","0","0","67301","0","0","0","N","0","0","0","1","68K01","0","","3.0","","9","N","N","N","0","","0","0","1","0","0","","1012","1","0","0","0","0","0","0","2","0","1","0","0","0","6","","","N","","","","","","","","","",""
"2022030558","0155","1","0","0","0","0","0","0","0","0","7","0","","67","3","2022","3","39.976706","-75.19647","0148","6","0","0","0","0","0","0","0","0","","0","0","0","1","3","1","N","0","0","39 58:36.141","","0","75 11:47.293","4","0","0","0","67301","0","0","0","N","0","0","0","1","68K01","1","","4.0","","1","N","N","N","0","","0","0","0","0","0","","138","1","1","0","0","0","0","0","2","0","1","0","0","0","3","","","N","","","","","","","","","",""
"2022023730","2120","3","0","0","0","0","0","0","0","0","1","0","","67","3","2022","3","39.919827","-75.24676","2106","6","0","0","0","0","0","0","0","0","","0","0","0","20","3","1","N","0","9","39 55:11.376","","0","75 14:48.335","3","0","0","0","67301","0","0","0","N","0","0","0","1","67301","0","","1.0","","1","N","N","N","0","","1","0","0","0","0","","2038","3","1","0","0","0","0","0","2","0","3","0","0","0","3","98","","N","","","","","","","","","",""
"2022023396","1508","2","0","0","0","0","0","0","0","0","1","0","","67","2","2022","7","39.97774","-75.112095","1453","6","0","0","0","0","0","0","0","0","","0","0","0","14","1","0","N","0","0","39 58:39.864","","0","75 06:43.542","0","0","0","0","67301","0","0","0","N","0","0","0","3","68K01","0","","1.0","","1","N","N","N","0","","0","0","0","0","0","","1445","2","0","0","0","0","0","0","2","0","2","0","0","0","3","","","N","","","","","","","","","",""
"2022023746","1235","1","0","0","0","0","0","0","0","0","2","0","","67","3","2022","7","40.077559","-75.208109","1225","6","0","0","0","0","0","0","1","0","","0","0","0","12","1","0","N","0","0","40 04:39.212","","0","75 12:29.193","0","0","0","0","67301","0","0","0","N","0","0","0","1","67301","0","","1.0","","1","N","N","N","0","","0","0","1","0","0","","1225","2","0","0","0","0","0","0","2","0","2","0","0","0","3","","","N","","","","","","","","","",""
"2022024047","1448","1","0","0","0","0","0","0","0","0","4","0","","67","3","2022","1","39.968109","-75.129496","1433","6","0","0","0","0","0","0","0","0","","0","0","0","14","1","0","N","0","0","39 58:05.192","","0","75 07:46.187","9","0","0","0","67301","0","0","0","N","0","0","0","4","68K01","0","","1.0","","1","N","N","N","1","","0","0","0","0","0","","1401","2","0","0","0","0","0","1","2","0","2","0","0","0","3","","","N","","","","","","","","","",""
"2022031225","0842","2","0","0","0","0","0","0","0","0","4","0","","67","3","2022","2","39.962553","-75.232521","0827","6","0","0","0","0","0","0","0","0","","0","0","0","8","1","2","","1","0","39 57:45.192","","0","75 13:57.077","3","0","0","0","67301","0","0","0","N","0","0","0","2","67301","0","","1.0","","1","N","N","N","0","","2","0","1","3","3","","825","4","2","0","0","0","0","0","2","1","4","0","0","0","3","","","N","","","","","","","","","",""
"2022024153","0742","3","0","0","0","0","0","0","0","0","1","0","","67","3","2022","2","40.047694","-75.05983","0731","6","0","0","0","0","0","1","0","0","","0","0","0","6","1","1","","1","0","40 02:51.700","","0","75 03:35.389","8","0","0","0","67301","0","0","0","N","0","0","0","3","67301","0","","1.0","","1","N","N","N","0","","0","0","0","3","2","","657","3","1","0","0","0","1","0","2","0","3","0","0","0","3","","","N","","","","","","","","","",""
"2022023534","1223","2","0","0","0","0","0","0","0","0","1","0","","67","2","2022","4","39.94835","-75.186402","1223","6","0","0","0","0","0","0","0","0","","0","0","0","12","1","0","N","6","0","39 56:54.059","","2","75 11:11.048","0","0","0","0","67301","0","0","0","N","0","0","0","3","68K01","0","","1.0","","1","N","N","N","0","","0","0","1","0","0","","1215","3","0","0","0","0","0","0","2","0","3","0","0","0","3","03","","N","","","","","","","","","",""
"2022023164","2118","0","0","0","0","0","0","0","0","0","1","0","","67","2","2022","4","39.993395","-75.084704","2101","6","0","0","0","0","0","0","0","0","","0","0","0","20","3","1","N","0","0","39 59:36.223","","0","75 05:04.935","3","0","0","0","67301","0","0","0","N","0","0","0","3","68K01","0","","1.0","","1","N","N","N","0","","1","0","1","0","0","","2057","2","1","0","0","0","0","0","2","1","2","0","0","0","3","","","N","","","","","","","","","",""
"2022030171","1235","1","0","0","0","0","0","0","0","0","4","0","","67","3","2022","6","40.012866","-75.071814","1230","6","0","0","0","0","0","0","0","0","","0","0","0","12","1","0","","1","0","40 00:46.319","","0","75 04:18.532","0","0","0","0","67301","0","0","0","N","0","0","0","1","67301","0","","1.0","","1","N","N","N","1","","0","0","0","3","3","","1220","2","0","1","0","0","0","0","2","0","2","0","0","0","3","03","","N","","","","","","","","","",""
"2022024108","1840","1","0","0","0","0","0","0","0","0","5","1","","67","3","2022","3","39.949756","-75.16752","1838","6","0","0","0","0","0","0","0","0","","0","1","0","18","3","0","","1","1","39 56:59.121","4","0","75 10:03.071","0","0","0","0","67301","0","0","0","N","0","0","0","2","67301","0","","1.0","1910.0","1","N","N","N","0","","0","0","0","3","2","N","1835","2","0","0","0","0","0","0","2","0","2","0","0","0","3","","","N","","","","","","","","","",""
"2022024996","1610","1","0","0","0","0","0","0","0","0","1","1","","67","2","2022","7","39.968065","-75.130633","1557","6","0","0","0","1","0","0","0","0","","0","1","0","15","1","0","N","0","1","39 58:05.033","2","0","75 07:50.279","0","0","0","0","67301","0","0","0","N","0","0","0","3","68K01","0","","1.0","1645.0","1","N","N","Y","0","","0","0","0","0","0","N","1553","2","0","0","0","0","0","0","2","0","2","0","0","0","3","","","N","","","","","","","","","",""
"2022019672","1403","0","0","0","0","0","0","0","0","0","4","1","","67","2","2022","6","40.020404","-75.152107","1222","6","0","0","0","0","0","1","0","0","","0","1","0","11","1","1","","1","1","40 01:13.453","4","3","75 09:07.586","3","0","0","0","67301","0","0","0","N","0","0","0","2","67301","0","","1.0","1451.0","1","N","N","N","0","","1","0","1","3","2","N","1145","2","1","0","0","0","0","0","2","0","2","0","0","0","3","03","","N","","","","","","","","","",""
"2022003176","0818","1","0","0","0","0","0","0","0","0","7","0","","67","1","2022","7","39.982641","-75.207778","0813","6","0","0","0","0","0","0","0","0","","0","0","0","8","1","0","N","0","0","39 58:57.509","","0","75 12:28.000","0","0","0","0","67301","0","0","0","N","0","0","0","1","68K01","0","","2.0","","9","N","N","N","0","","0","0","0","0","0","","812","1","0","0","0","0","0","0","2","0","1","0","0","0","7","05","","N","","","","","","","","","",""
"2022031935","2039","1","0","0","0","0","0","0","0","0","7","0","","67","3","2022","4","39.996761","-75.196755","2036","6","0","0","0","0","0","0","0","0","","0","0","0","20","3","1","N","0","2","39 59:48.339","3","0","75 11:48.318","3","0","0","0","67301","0","0","0","N","0","0","0","1","68T07","0","","4.0","30.0","1","N","N","N","0","","1","0","0","0","0","N","2034","1","1","0","0","0","0","0","2","0","1","0","0","0","3","03","","N","","","","","","","","","",""
"2022024186","1605","2","0","0","0","0","0","0","0","0","4","0","","67","3","2022","3","40.058997","-75.044079","1550","6","0","0","0","0","0","0","0","0","","0","0","0","15","1","0","","1","1","40 03:32.389","1","1","75 02:38.685","0","0","0","0","67301","0","0","0","N","0","0","0","3","67301","0","","1.0","1605.0","1","N","N","N","0","","0","0","0","3","2","N","1530","2","0","1","0","0","0","0","2","0","2","0","0","0","3","","","N","","","","","","","","","",""
"2022023180","0924","0","0","0","0","0","0","0","0","0","7","0","","67","2","2022","1","39.960314","-75.180953","0916","6","0","0","0","0","0","0","0","0","","0","0","0","9","1","0","N","7","1","39 57:37.132","3","2","75 10:51.430","0","0","0","0","67301","0","0","0","N","0","0","0","1","68K01","0","","2.0","1000.0","1","N","N","N","1","","0","0","0","0","0","N","915","1","0","1","0","0","0","0","2","0","1","0","0","0","3","","","N","","","","","","","","","",""
"2022024205","1400","2","0","0","0","0","0","0","0","0","2","0","","67","3","2022","3","39.982842","-75.142214","1400","6","0","0","0","0","0","1","0","1","","0","0","0","8","1","2","","2","0","39 58:58.231","","0","75 08:31.970","3","0","0","0","67301","0","0","0","N","0","0","0","3","67301","0","","1.0","","1","N","N","N","0","","2","0","0","3","2","","850","2","2","0","0","0","0","1","2","0","2","0","0","0","3","03","","N","","","","","","","","","",""
"2022025002","1805","1","0","0","0","0","0","0","0","0","1","0","","67","3","2022","3","39.976355","-75.113991","1751","6","0","0","0","0","0","0","0","0","","0","0","0","17","1","0","N","0","1","39 58:34.878","1","0","75 06:50.369","0","0","0","0","67301","0","0","0","N","0","0","0","2","68K01","0","","1.0","1815.0","1","N","N","N","1","","0","0","0","0","0","N","1750","2","0","0","0","0","0","0","2","0","2","0","0","0","3","","","N","","","","","","","","","",""
"2022030574","0105","1","0","0","0","0","0","0","0","0","5","1","","67","3","2022","6","39.959862","-75.177713","0058","6","0","0","0","0","0","1","0","0","","0","1","0","0","3","1","N","0","1","39 57:35.504","4","0","75 10:39.765","3","0","0","0","67301","0","0","0","N","0","0","0","3","68K01","0","","1.0","129.0","9","N","N","N","0","","1","0","0","0","0","N","57","2","1","0","0","0","0","0","2","0","2","0","0","0","7","07","","N","","","","","","","","","",""
"2022023198","0632","2","0","0","0","0","0","0","0","0","7","0","55","67","3","2022","7","40.019717","-75.044486","0628","6","0","0","0","0","0","0","1","0","","0","0","0","6","1","0","N","0","1","40 01:10.981","1","0","75 02:40.148","0","0","0","0","67301","0","0","0","N","0","0","0","2","68K01","0","","2.0","645.0","1","N","N","N","0","","0","0","0","0","0","N","626","2","0","0","0","0","0","0","2","0","2","0","0","0","3","03","Y","Y","4","1","N","N","N","N","N","N","Y","N"
"2022030746","1730","3","0","0","0","0","0","0","0","0","4","0","","67","3","2022","7","40.036873","-75.040669","1729","6","0","0","1","0","0","0","0","0","","0","0","0","17","1","0","","1","0","40 02:12.744","","0","75 02:26.410","0","0","0","0","67301","0","0","0","N","0","0","0","2","67301","0","","1.0","","1","N","N","N","0","","0","0","0","3","2","","1728","3","0","0","0","0","0","0","2","0","3","0","0","0","4","","","N","","","","","","","","","",""
"2022030148","1957","1","0","0","0","0","0","0","0","0","6","0","","67","3","2022","6","39.960443","-75.241072","1957","6","0","0","0","0","0","0","0","0","","0","0","0","19","3","0","N","0","0","39 57:37.596","","0","75 14:27.860","9","0","0","0","67301","0","0","0","N","0","0","0","1","67301","0","","1.0","","1","N","N","N","0","","0","0","0","0","0","","1957","2","0","0","0","0","0","1","2","0","2","0","0","0","3","03","","N","","","","","","","","","",""
"2022030337","0135","2","0","0","0","0","0","0","0","0","4","0","","67","3","2022","1","39.917005","-75.234662","0129","6","0","0","0","0","0","0","0","0","","0","0","0","1","3","0","","1","0","39 55:01.217","","0","75 14:04.783","0","0","0","0","67301","0","0","0","N","0","0","0","1","67301","0","","1.0","","1","N","N","Y","0","","0","0","3","3","2","","103","5","0","1","0","0","0","0","2","0","5","0","0","0","3","03","","N","","","","","","","","","",""
"2022023869","0341","1","0","0","0","0","0","0","0","0","1","0","","67","2","2022","1","39.982272","-75.100246","0334","6","0","0","0","0","0","0","0","0","","0","0","0","3","3","3","N","7","2","39 58:56.179","1","0","75 06:00.884","2","0","0","0","67301","0","0","0","N","0","0","0","4","68K01","0","","7.0","410.0","1","N","N","N","0","","2","1","1","0","0","Y","332","2","3","1","0","1","0","1","2","0","2","0","0","0","3","","","N","","","","","","","","","",""
"2022023765","0107","0","0","0","0","0","0","0","0","0","4","1","","67","3","2022","3","39.959472","-75.233175","0106","6","0","0","0","0","0","1","0","0","","0","1","0","1","3","0","","1","0","39 57:34.098","","0","75 13:59.431","0","0","0","0","67301","0","0","0","N","0","0","0","2","67301","0","","1.0","","1","N","N","N","1","","0","0","0","3","2","","104","2","0","0","0","0","0","0","2","0","2","0","0","0","3","03","","N","","","","","","","","","",""
"2022023779","1710","2","0","0","0","0","0","0","0","0","4","0","","67","3","2022","7","39.991744","-75.112787","1710","6","0","0","0","0","0","0","0","0","","0","0","0","16","1","0","","1","9","39 59:30.278","","0","75 06:46.033","0","0","0","0","67301","0","0","0","N","0","0","0","2","67301","0","","1.0","","1","N","N","N","0","","0","0","0","3","2","","1630","2","0","0","0","0","0","0","2","0","2","0","0","0","3","","","N","","","","","","","","","",""