"CRN","ARRIVAL_TM","AUTOMOBILE_COUNT","BELTED_DEATH_COUNT","BELTED_SUSP_SERIOUS_INJ_COUNT","BICYCLE_COUNT","BICYCLE_DEATH_COUNT","BICYCLE_SUSP_SERIOUS_INJ_COUNT","BUS_COUNT","CHLDPAS_DEATH_COUNT","CHLDPAS_SUSP_SERIOUS_INJ_COUNT","COLLISION_TYPE","COMM_VEH_COUNT","CONS_ZONE_SPD_LIM","COUNTY","CRASH_MONTH","CRASH_YEAR","DAY_OF_WEEK","DEC_LATITUDE","DEC_LONGITUDE","DISPATCH_TM","DISTRICT","DRIVER_COUNT_16YR","DRIVER_COUNT_17YR","DRIVER_COUNT_18YR","DRIVER_COUNT_19YR","DRIVER_COUNT_20YR","DRIVER_COUNT_50_64YR","DRIVER_COUNT_65_74YR","DRIVER_COUNT_75PLUS","EST_HRS_CLOSED","FATAL_COUNT","HEAVY_TRUCK_COUNT","HORSE_BUGGY_COUNT","HOUR_OF_DAY","ILLUMINATION","INJURY_COUNT","INTERSECTION_RELATED","INTERSECT_TYPE","LANE_CLOSED","LATITUDE","LN_CLOSE_DIR","LOCATION_TYPE","LONGITUDE","MAX_SEVERITY_LEVEL","MCYCLE_DEATH_COUNT","MCYCLE_SUSP_SERIOUS_INJ_COUNT","MOTORCYCLE_COUNT","MUNICIPALITY","NONMOTR_COUNT","NONMOTR_DEATH_COUNT","NONMOTR_SUSP_SERIOUS_INJ_COUNT","NTFY_HIWY_MAINT","PED_COUNT","PED_DEATH_COUNT","PED_SUSP_SERIOUS_INJ_COUNT","PERSON_COUNT","POLICE_AGCY","POSSIBLE_INJ_COUNT","RDWY_SURF_TYPE_CD","RELATION_TO_ROAD","ROADWAY_CLEARED","ROAD_CONDITION","SCH_BUS_IND","SCH_ZONE_IND","SECONDARY_CRASH","SMALL_TRUCK_COUNT","SPEC_JURIS_CD","SUSP_MINOR_INJ_COUNT","SUSP_SERIOUS_INJ_COUNT","SUV_COUNT","TCD_FUNC_CD","TCD_TYPE","TFC_DETOUR_IND","TIME_OF_DAY","TOTAL_UNITS","TOT_INJ_COUNT","UNBELTED_OCC_COUNT","UNB_DEATH_COUNT","UNB_SUSP_SERIOUS_INJ_COUNT","UNK_INJ_DEG_COUNT","UNK_INJ_PER_COUNT","URBAN_RURAL","VAN_COUNT","VEHICLE_COUNT","VULNERABLE_ROAD_USER_COUNT","VULNERABLE_ROAD_USER_DEATH_COUNT","VULNERABLE_ROAD_USER_SER_INJ_COUNT","WEATHER1","WEATHER2","WORKERS_PRES","WORK_ZONE_IND","WORK_ZONE_LOC","WORK_ZONE_TYPE","WZ_CLOSE_DETOUR","WZ_FLAGGER","WZ_LAW_OFFCR_IND","WZ_LN_CLOSURE","WZ_MOVING","WZ_OTHER","WZ_SHLDER_MDN","WZ_WORKERS_INJ_KILLED"
"2022023711","0134","1","0","0","0","0","0","0","0","0","7","0","","67","3","2022","3","40.058335","-75.070403","0128","6","0","0","0","0","0","0","0","0","","0","0","0","1","3","1","","2","1","40 03:30.006","1","0","75 04:13.449","3","0","0","0","67301","0","0","0","N","0","0","0","1","67301","0","","2.0","130.0","1","N","N","N","0","","1","0","0","3","3","N","128","1","1","0","0","0","0","0","2","0","1","0","0","0","3","03","","N","","","","","","","","","",""
"2022024016","0920","0","0","0","0","0","0","0","0","0","5","0","","67","2","2022","6","40.028614","-75.022956","0907","6","0","0","0","0","0","0","0","0","","0","0","0","9","1","0","N","0","2","40 01:43.011","1","0","75 01:22.641","0","0","0","0","67301","0","0","0","N","0","0","0","2","68K01","0","","1.0","950.0","9","N","N","Y","0","","0","0","1","3","8","N","901","2","0","0","0","0","0","0","2","1","2","0","0","0","7","04","","N","","","","","","","","","",""
"2022023168","0705","0","0","0","0","0","0","0","0","0","7","0","","67","2","2022","2","39.885959","-75.210256","0700","6","0","0","0","0","0","1","0","0","","0","0","0","6","1","1","N","0","0","39 53:09.451","","0","75 12:36.922","8","0","0","0","67301","0","0","0","N","0","0","0","1","68K01","0","","4.0","","1","N","N","N","0","","0","0","1","0","0","","658","1","1","0","0","0","1","0","2","0","1","0","0","0","3","03","","N","","","","","","","","","",""
"2022023793","1030","2","0","0","0","0","0","0","0","0","1","0","","67","3","2022","6","40.023687","-75.147986","1021","6","0","0","0","0","0","0","1","0","","0","0","0","10","1","1","N","0","0","40 01:25.273","","0","75 08:52.749","3","0","0","0","67301","0","0","0","N","0","0","0","2","67301","0","","1.0","","1","N","N","N","0","","1","0","0","0","0","","1018","2","1","0","0","0","0","1","2","0","2","0","0","0","3","","","N","","","","","","","","","",""
"2022024025","2325","2","0","0","0","0","0","0","0","0","5","0","","67","2","2022","6","39.958167","-75.164158","2313","6","0","0","0","0","1","0","0","0","","0","0","0","22","3","1","N","0","2","39 57:29.400","4","0","75 09:50.969","3","0","0","0","67301","0","0","0","N","0","0","0","3","68K01","0","","1.0","2350.0","1","N","N","N","0","","1","0","1","0","0","Y","2258","3","1","0","0","0","0","0","2","0","3","0","0","0","3","03","","N","","","","","","","","","",""
"2022030295","0215","1","0","0","0","0","0","0","0","0","7","0","","67","3","2022","7","39.957953","-75.233502","0209","6","0","0","0","0","0","0","0","0","","0","0","0","2","3","0","","1","0","39 57:28.630","","0","75 14:00.608","0","0","0","0","67301","0","0","0","N","0","0","0","1","67301","0","","5.0","","1","N","N","N","0","","0","0","0","3","2","","205","1","0","0","0","0","0","0","2","0","1","0","0","0","3","","","N","","","","","","","","","",""
"2022024005","0002","2","0","0","0","0","0","0","0","0","5","0","","67","2","2022","1","40.009123","-75.067976","2344","6","0","0","0","0","0","0","0","0","","0","0","0","23","3","0","N","0","0","40 00:32.843","","0","75 04:04.714","0","0","0","0","67301","0","0","0","N","0","0","0","3","68K01","0","","1.0","","1","N","N","N","0","","0","0","0","0","0","","2326","2","0","0","0","0","0","0","2","0","2","0","0","0","3","03","","N","","","","","","","","","",""
"2022026667","2004","0","0","0","0","0","0","0","0","0","7","0","","67","2","2022","3","40.051779","-74.988815","2004","6","0","0","0","0","0","0","0","0","","0","0","0","20","3","1","N","0","1","40 03:06.406","2","0","74 59:19.733","8","0","0","0","67301","0","0","0","N","0","0","0","1","68K01","0","","4.0","2005.0","9","N","N","N","0","","0","0","1","0","0","N","2001","1","1","0","0","0","1","0","2","0","1","0","0","0","3","03","","N","","","","","","","","","",""
"2022004284","0135","0","0","0","0","0","0","0","0","0","5","0","","67","1","2022","6","39.987269","-75.140758","0131","6","0","0","0","0","1","0","0","0","","0","0","0","1","3","0","N","0","0","39 59:14.170","","0","75 08:26.730","0","0","0","0","67301","0","0","0","N","0","0","0","3","67301","0","","1.0","","9","N","N","N","1","","0","0","1","0","0","","120","2","0","0","0","0","0","0","2","0","2","0","0","0","10","","","N","","","","","","","","","",""
"2022029845","0035","2","0","0","0","0","0","0","0","0","4","0","","67","3","2022","7","39.982523","-75.230728","0033","6","0","0","0","0","0","1","0","0","","0","0","0","0","3","1","","1","0","39 58:57.082","","0","75 13:50.620","8","0","0","0","67301","0","0","0","N","0","0","0","2","67301","0","","1.0","","1","N","N","N","0","","0","0","0","3","2","","28","2","1","0","0","0","1","1","2","0","2","0","0","0","3","03","","N","","","","","","","","","",""
"2022030326","1218","2","0","0","0","0","0","0","0","0","4","0","","67","3","2022","5","40.080855","-75.028774","1209","6","0","0","0","0","0","0","0","0","","0","0","0","12","1","0","","5","1","40 04:51.077","2","0","75 01:43.585","0","0","0","0","67301","0","0","0","N","0","0","0","2","67301","0","","1.0","1230.0","9","N","N","N","0","","0","0","0","3","2","N","1205","2","0","0","0","0","0","0","2","0","2","0","0","0","7","04","","N","","","","","","","","","",""
"2022023744","0623","1","0","0","0","0","0","0","0","0","8","0","","67","3","2022","5","40.045352","-75.181954","0620","6","0","0","0","0","0","0","0","0","","0","0","0","6","5","1","N","0","0","40 02:43.267","","0","75 10:55.033","3","0","0","0","67301","1","0","0","N","1","0","0","2","67301","0","","1.0","","9","N","N","N","0","","1","0","0","0","0","","615","2","1","0","0","0","0","1","2","0","1","1","0","0","3","","","N","","","","","","","","","",""
"2022024202","1931","0","0","0","0","0","0","0","0","0","8","0","","67","3","2022","3","39.938267","-75.170015","1927","6","0","0","0","0","0","0","0","0","","0","0","0","19","2","1","","1","1","39 56:17.761","4","0","75 10:12.053","3","0","0","0","67301","1","0","0","N","1","0","0","2","67301","0","","1.0","2030.0","1","N","N","N","1","","1","0","0","3","2","N","1922","2","1","0","0","0","0","0","2","0","1","1","0","0","3","","","N","","","","","","","","","",""
"2022014706","1854","1","0","0","0","0","0","0","0","0","4","0","","67","1","2022","1","40.02888","-75.106009","1854","6","0","0","0","0","0","1","0","0","","0","0","0","18","3","3","","1","1","40 01:43.967","1","0","75 06:21.632","4","0","0","0","67301","0","0","0","N","0","0","0","3","67301","1","","1.0","1920.0","9","N","N","N","0","","0","0","1","3","2","Y","1844","2","3","0","0","0","2","0","2","0","2","0","0","0","7","07","","N","","","","","","","","","",""
"2022019674","1705","0","0","0","0","0","0","0","0","0","7","1","","67","2","2022","7","40.017675","-75.172516","1700","6","0","0","0","0","0","1","0","0","","0","1","0","16","1","1","N","0","1","40 01:03.630","2","1","75 10:21.059","2","0","0","0","67301","0","0","0","N","0","0","0","2","67301","0","","1.0","1845.0","1","N","N","N","0","","0","1","0","0","0","N","1655","1","1","1","0","1","0","0","2","0","1","0","0","0","3","03","","N","","","","","","","","","",""
"2022023183","1131","1","0","0","0","0","0","0","0","0","5","1","","67","3","2022","4","39.961221","-75.182403","1127","6","0","0","0","0","0","1","0","0","","0","1","0","11","1","0","N","6","1","39 57:40.397","4","2","75 10:56.651","0","0","0","0","67301","0","0","0","N","0","0","0","2","68K01","0","","1.0","1200.0","1","N","N","N","0","","0","0","0","3","8","N","1124","2","0","0","0","0","0","0","2","0","2","0","0","0","3","03","","N","","","","","","","","","",""
"2022031933","1651","1","0","0","0","0","0","0","0","0","7","0","","67","3","2022","4","39.951429","-75.182771","1651","6","0","0","0","0","0","0","0","0","","0","0","0","16","1","1","N","0","2","39 57:05.144","3","0","75 10:57.977","8","0","0","0","67301","0","0","0","Y","0","0","0","1","68T07","0","","4.0","100.0","1","N","N","N","0","","0","0","0","0","0","N","1651","1","1","1","0","0","1","0","2","0","1","0","0","0","3","03","","N","","","","","","","","","",""
"2022030170","1246","2","0","0","0","0","0","0","0","0","4","0","","67","3","2022","7","40.035118","-75.069504","1234","6","0","0","0","0","0","0","0","0","","0","0","0","12","1","1","","5","1","40 02:06.425","1","0","75 04:10.216","8","0","0","0","67301","0","0","0","N","0","0","0","2","67301","0","","1.0","1510.0","1","N","N","N","0","","0","0","0","3","2","N","1220","2","1","0","0","0","1","0","2","0","2","0","0","0","4","","","N","","","","","","","","","",""
"2022023755","0254","2","0","0","0","0","0","0","0","0","4","0","","67","3","2022","2","40.020657","-75.053456","0247","6","0","0","0","1","0","0","0","0","","0","0","0","2","3","0","N","0","0","40 01:14.364","","0","75 03:12.442","0","0","0","0","67301","0","0","0","N","0","0","0","1","67301","0","","4.0","","1","N","N","N","0","","0","0","0","3","2","","237","2","0","0","0","0","0","0","2","0","2","0","0","0","3","04","","N","","","","","","","","","",""
"2022029941","1917","1","0","0","0","0","0","0","0","0","4","0","","67","3","2022","6","40.128858","-75.013839","1910","6","0","0","0","0","0","2","0","0","","0","0","0","19","4","2","","1","1","40 07:43.890","1","0","75 00:49.819","3","0","0","0","67301","0","0","0","N","0","0","0","2","67301","0","","1.0","1950.0","1","N","N","N","0","","2","0","1","3","2","N","1908","2","2","0","0","0","0","0","2","0","2","0","0","0","3","03","","N","","","","","","","","","",""
"2022023187","1648","2","0","0","0","0","0","0","0","0","1","0","","67","3","2022","5","39.958505","-75.167833","1635","6","0","0","0","0","0","1","0","0","","0","0","0","16","1","1","N","0","0","39 57:30.617","","0","75 10:04.198","8","0","0","0","67301","0","0","0","N","0","0","0","3","68K01","0","","1.0","","1","N","N","N","0","","0","0","0","0","0","","1634","2","1","0","0","0","1","0","2","0","2","0","0","0","3","","","N","","","","","","","","","",""
"2022023176","1059","0","0","0","0","0","0","0","0","0","1","0","","67","2","2022","6","39.95706","-75.155749","1051","6","0","0","0","0","0","1","0","0","","0","0","0","10","1","0","N","0","1","39 57:25.416","4","0","75 09:20.695","0","0","0","0","67301","0","0","0","N","0","0","0","2","68K01","0","","1.0","1102.0","9","N","N","N","0","","0","0","1","3","8","N","1050","2","0","0","0","0","0","0","2","0","2","0","0","0","7","","","N","","","","","","","","","",""
"2022029859","0033","2","0","0","0","0","0","0","0","0","2","0","","67","3","2022","7","40.020136","-75.042597","0031","6","0","0","0","0","0","0","0","0","","0","0","0","21","3","0","N","0","0","40 01:12.489","","0","75 02:33.348","0","0","0","0","67301","0","0","0","N","0","0","0","2","67301","0","","1.0","","9","N","N","N","0","","0","0","0","0","0","","2139","2","0","0","0","0","0","0","2","0","2","0","0","0","7","","","N","","","","","","","","","",""
"2022030765","1605","0","0","0","0","0","0","0","0","0","4","1","","67","3","2022","2","39.957116","-75.148968","1557","6","0","1","0","0","0","0","0","0","","0","1","0","15","1","0","","2","1","39 57:25.618","2","0","75 08:56.284","0","0","0","0","67301","0","0","0","N","0","0","0","2","67301","0","","1.0","1618.0","9","N","N","N","1","","0","0","0","0","0","N","1503","2","0","0","0","0","0","0","2","0","2","0","0","0","10","","","N","","","","","","","","","",""
"2022024045","1334","1","0","0","0","0","0","0","0","0","5","0","","67","3","2022","1","39.89901","-75.174596","1309","6","0","0","0","0","0","1","0","0","","0","1","0","13","1","1","N","0","1","39 53:56.435","1","0","75 10:28.546","3","0","0","0","67301","0","0","0","N","0","0","0","4","68K01","0","","1.0","1338.0","1","N","N","N","0","","1","0","0","0","0","N","1306","3","1","0","0","0","0","1","2","0","3","0","0","0","3","","","N","","","","","","","","","",""
"2022030726","0156","0","0","0","0","0","0","0","0","0","98","0","","67","2","2022","4","39.984197","-75.124933","0155","6","0","0","0","0","0","0","0","0","","0","0","0","1","3","1","","1","0","39 59:03.109","","0","75 07:29.759","8","0","0","0","67301","1","0","0","N","1","0","0","1","67301","0","","1.0","","1","N","N","N","0","","0","0","0","0","0","","154","2","1","0","0","0","1","0","2","0","1","1","0","0","3","03","","N","","","","","","","","","",""
"2022024243","1122","1","0","0","0","0","0","0","0","0","1","1","","67","2","2022","2","40.042967","-75.051667","1110","6","0","0","0","0","0","1","0","0","","0","1","0","11","1","1","N","0","1","40 02:34.680","4","0","75 03:06.002","3","0","0","0","67301","0","0","0","N","0","0","0","2","67301","0","","1.0","30.0","1","N","N","N","0","","1","0","0","3","2","Y","1101","2","1","0","0","0","0","1","2","0","2","0","0","0","3","03","","N","","","","","","","","","",""
"2022020270","0327","1","0","0","0","0","0","0","0","0","5","1","","67","2","2022","6","40.040813","-75.107488","0327","6","0","0","0","0","0","0","0","0","","0","1","0","3","3","0","N","0","1","40 02:26.927","2","0","75 06:26.958","9","0","0","0","67301","0","0","0","N","0","0","0","1","67301","0","","6.0","430.0","9","N","N","N","0","","0","0","0","0","0","N","313","2","0","0","0","0","0","1","2","0","2","0","0","0","7","","","N","","","","","","","","","",""
"2022023605","0518","2","0","0","0","0","0","0","0","0","1","0","","67","1","2022","7","39.896879","-75.189924","0513","6","0","0","0","0","0","0","0","0","","0","0","0","5","3","1","N","0","0","39 53:48.766","","0","75 11:23.726","3","0","0","0","67301","0","0","0","N","0","0","0","3","68K01","0","","1.0","","1","N","N","N","0","","1","0","0","0","0","","503","2","1","0","0","0","0","0","2","0","2","0","0","0","3","","","N","","","","","","","","","",""
"2022026896","0239","1","0","0","0","0","0","0","0","0","7","0","","67","3","2022","6","40.032454","-75.020845","0223","6","0","0","0","0","0","1","0","0","","0","0","0","2","3","0","N","0","0","40 01:56.834","","0","75 01:15.042","0","0","0","0","67301","0","0","0","N","0","0","0","1","68K01","0","","4.0","","1","N","N","N","0","","0","0","0","0","0","","221","1","0","0","0","0","0","0","2","0","1","0","0","0","3","03","","N","","","","","","","","","",""
"2022023762","1920","2","0","0","0","0","0","0","0","0","4","0","","67","3","2022","6","39.957754","-75.219287","1915","6","0","0","0","0","0","0","0","0","","0","0","0","19","3","2","","1","0","39 57:27.914","","0","75 13:09.434","3","0","0","0","67301","0","0","0","N","0","0","0","4","67301","0","","1.0","","1","N","N","N","0","","2","0","0","3","2","","1905","2","2","0","0","0","0","0","2","0","2","0","0","0","3","03","","N","","","","","","","","","",""
"2022030433","1900","1","0","0","0","0","0","0","0","0","5","1","","67","3","2022","5","40.043639","-75.157111","1900","6","0","0","0","0","0","0","0","0","","0","1","0","18","1","1","N","0","0","40 02:37.100","","0","75 09:25.600","4","0","0","0","67301","0","0","0","N","0","0","0","2","67301","1","","6.0","","99","N","N","N","0","","0","0","0","0","0","","1800","2","1","1","0","0","0","1","2","0","2","0","0","0","99","","","N","","","","","","","","","",""
"2022024130","0837","2","0","0","0","0","0","0","0","0","1","0","","67","3","2022","3","40.083548","-75.025893","0832","6","0","0","0","0","0","0","0","0","","0","0","0","8","1","1","N","0","0","40 05:00.771","","0","75 01:33.215","3","0","0","0","67301","0","0","0","N","0","0","0","3","67301","0","","1.0","","1","N","N","N","0","","1","0","0","0","0","","830","2","1","2","0","0","0","0","2","0","2","0","0","0","3","03","","N","","","","","","","","","",""
"2022023394","1940","1","0","0","0","0","0","0","0","0","1","0","","67","2","2022","6","39.945577","-75.190096","1926","6","0","0","0","0","0","0","0","0","","0","0","0","19","3","1","N","0","2","39 56:44.078","4","0","75 11:24.346","3","0","0","0","67301","0","0","0","N","0","0","0","2","68K01","0","","1.0","2025.0","1","N","N","N","1","","1","0","0","0","0","N","1922","2","1","0","0","0","0","0","2","0","2","0","0","0","3","","","N","","","","","","","","","",""
"2022026753","2009","1","0","0","0","0","0","0","0","0","1","0","","67","3","2022","2","39.979617","-75.176367","2008","6","0","0","0","0","0","0","0","0","","0","0","0","19","4","2","N","0","0","39 58:46.620","","0","75 10:34.920","4","0","0","0","67301","0","0","0","N","0","0","0","3","67301","2","","1.0","","1","N","N","N","0","","0","0","1","0","0","","1957","2","2","0","0","0","0","0","2","0","2","0","0","0","3","04","","N","","","","","","","","","",""
"2022004231","0805","0","0","0","0","0","0","0","0","0","1","0","","67","1","2022","1","40.054071","-75.155528","0753","6","0","0","0","0","0","0","0","0","","0","0","0","7","1","0","","1","0","40 03:14.655","","0","75 09:19.899","0","0","0","0","67301","0","0","0","N","0","0","0","2","67301","0","","1.0","","1","N","N","N","0","","0","0","2","3","2","","734","2","0","0","0","0","0","0","2","0","2","0","0","0","3","03","","N","","","","","","","","","",""
"2022010879","1330","0","0","0","0","0","0","0","0","0","4","1","","67","1","2022","6","40.01384","-75.12598","1330","6","0","0","0","0","0","0","1","0","","0","1","0","12","1","0","","1","0","40 00:49.824","","0","75 07:33.527","9","0","0","0","67301","0","0","0","N","0","0","0","2","67301","0","","1.0","","1","N","N","N","0","","0","0","1","9","1","","1235","2","0","0","0","0","0","2","2","0","2","0","0","0","3","03","","N","","","","","","","","","",""
"2022030851","2135","0","0","0","0","0","0","0","0","0","4","1","","67","3","2022","6","39.967607","-75.225045","2135","6","0","0","0","0","0","0","0","0","","0","1","0","18","4","0","","2","0","39 58:03.385","","0","75 13:30.163","9","0","0","0","67301","0","0","0","N","0","0","0","2","67301","0","","1.0","","1","N","N","N","0","","0","0","1","0","0","","1847","2","0","0","0","0","0","1","2","0","2","0","0","0","3","03","","N","","","","","","","","","",""
"2022010818","1825","1","0","0","0","0","0","0","0","0","5","1","","67","1","2022","2","39.913916","-75.148437","1817","6","0","0","0","0","0","1","0","0","","0","1","0","16","1","0","N","0","2","39 54:50.097","4","0","75 08:54.374","0","0","0","0","67301","0","0","0","N","0","0","0","3","67301","0","","1.0","1855.0","1","N","N","N","0","","0","0","0","0","0","N","1618","2","0","0","0","0","0","0","2","0","2","0","0","0","3","","","N","","","","","","","","","",""
"2022022948","0109","0","0","0","0","0","0","0","0","0","5","0","","67","2","2022","6","40.04064","-75.005594","0056","6","0","0","0","0","0","1","0","0","","0","0","0","0","3","2","N","0","0","40 02:26.303","","0","75 00:20.137","3","0","0","0","67301","0","0","0","N","0","0","0","3","68K01","0","","1.0","","9","N","N","N","0","","1","0","1","0","0","","55","2","2","0","0","0","1","1","2","0","2","0","0","0","7","07","","N","","","","","","","","","",""
"2022023709","0331","2","0","0","0","0","0","0","0","0","2","0","","67","3","2022","7","40.035622","-75.070548","0330","6","0","0","0","0","0","0","0","0","","0","0","0","3","3","1","","1","1","40 02:08.240","1","0","75 04:13.971","3","0","0","0","67301","0","0","0","N","0","0","0","2","67301","0","","1.0","500.0","1","N","N","N","0","","1","0","0","3","2","N","327","2","1","0","0","0","0","0","2","0","2","0","0","0","3","03","","N","","","","","","","","","",""
"2022004303","1650","1","0","0","0","0","0","0","0","0","4","0","","67","1","2022","7","40.003105","-75.177252","1647","6","0","0","0","0","0","0","0","0","","0","0","0","16","1","2","","1","0","40 00:11.177","","0","75 10:38.108","3","0","0","0","67301","0","0","0","N","0","0","0","2","67301","1","","1.0","","2","N","Y","N","0","","1","0","1","3","2","","1640","2","2","0","0","0","0","0","2","0","2","0","0","0","3","","","N","","","","","","","","","",""
"2022008585","1859","1","0","0","0","0","0","0","0","0","7","0","","67","1","2022","7","39.940739","-75.143114","1859","6","0","0","0","0","0","0","0","0","","0","0","0","18","3","0","N","0","1","39 56:26.661","1","0","75 08:35.212","0","0","0","0","67301","0","0","0","N","0","0","0","1","68K01","0","","4.0","1902.0","9","N","N","N","0","","0","0","0","0","0","N","1859","1","0","0","0","0","0","0","2","0","1","0","0","0","7","","","N","","","","","","","","","",""
"2022010844","0600","3","0","0","0","0","0","0","0","0","6","0","","67","1","2022","7","40.028361","-75.052819","0550","6","0","0","0","0","0","0","0","0","","0","0","0","4","3","0","N","0","2","40 01:42.100","6","0","75 03:10.150","9","0","0","0","67301","0","0","0","N","0","0","0","1","67301","0","","6.0","40.0","1","N","N","N","0","","0","0","0","0","0","Y","400","3","0","0","0","0","0","1","2","0","3","0","0","0","3","","","N","","","","","","","","","",""
"2022032299","1110","1","0","0","0","0","0","0","0","0","98","0","","67","3","2022","1","39.944786","-75.191133","1056","6","0","0","0","0","0","1","0","0","","0","0","0","10","1","0","N","0","1","39 56:41.231","4","3","75 11:28.077","0","0","0","0","67301","0","0","0","N","0","0","0","2","68K01","0","","1.0","30.0","1","N","N","N","0","","0","0","0","0","0","N","1052","1","0","0","0","0","0","0","2","0","1","0","0","0","3","","","N","","","","","","","","","",""
"2022002056","0036","3","0","0","0","0","0","0","0","0","4","0","","67","1","2022","1","39.955947","-75.204775","0035","6","0","0","0","0","0","0","0","0","","0","0","0","0","3","0","","2","1","39 57:21.408","3","0","75 12:17.190","0","0","0","0","67301","0","0","0","N","0","0","0","5","67504","0","","1.0","106.0","9","N","N","N","0","","0","0","0","3","2","Y","34","3","0","0","0","0","0","0","2","0","3","0","0","0","7","04","","N","","","","","","","","","",""
"2022032902","0540","0","0","0","0","0","0","0","0","0","7","0","","67","1","2022","7","39.938831","-75.210299","0538","6","0","0","0","0","0","0","0","0","","0","0","0","4","3","1","","3","0","39 56:19.790","","0","75 12:37.075","2","0","0","0","67301","0","0","0","N","0","0","0","1","67301","0","","4.0","","9","N","N","N","0","","0","1","0","0","0","","420","1","1","0","0","0","0","0","2","1","1","0","0","0","7","07","","N","","","","","","","","","",""
"2022004190","0739","0","0","0","0","0","0","0","0","0","1","0","","67","1","2022","4","40.059027","-75.044559","0720","6","0","0","0","0","0","0","0","0","","0","0","0","7","1","1","Y","0","2","40 03:32.497","3","3","75 02:40.411","4","0","0","0","67301","0","0","0","N","0","0","0","2","67301","1","","1.0","810.0","2","N","N","N","0","","0","0","1","3","2","N","715","2","1","0","0","0","0","0","2","1","2","0","0","0","6","98","","N","","","","","","","","","",""
"2022025279","1007","2","0","0","0","0","0","0","0","0","2","0","","67","3","2022","5","39.993251","-75.149254","1003","6","0","0","0","0","0","0","0","0","","0","0","0","10","1","1","","1","0","39 59:35.703","","0","75 08:57.313","3","0","0","0","67301","0","0","0","N","0","0","0","1","67301","0","","1.0","","1","N","N","N","0","","1","0","1","3","2","","1000","3","1","0","0","0","0","0","2","0","3","0","0","0","3","","","N","","","","","","","","","",""
"2022000586","0926","1","0","0","0","0","0","0","0","0","7","0","","67","1","2022","1","39.984393","-75.208201","0926","6","0","0","0","0","0","0","0","0","","0","0","0","9","1","1","N","0","1","39 59:03.813","4","0","75 12:29.522","3","0","0","0","67301","0","0","0","N","0","0","0","1","68K01","0","","3.0","1000.0","9","N","N","N","0","","1","0","0","0","0","N","924","1","1","0","0","0","0","0","2","0","1","0","0","0","7","","","N","","","","","","","","","",""
"2022032877","0744","1","0","0","0","0","0","0","0","0","4","0","","67","4","2022","6","39.892331","-75.222694","0744","6","0","0","0","0","0","2","0","0","","0","0","0","7","1","0","N","0","0","39 53:32.390","","0","75 13:21.700","0","0","0","0","67301","0","0","0","N","0","0","0","3","67301","0","","1.0","","9","N","N","N","1","","0","0","0","3","2","","740","2","0","0","0","0","0","0","2","0","2","0","0","0","4","","","N","","","","","","","","","",""
"2022004301","0157","1","0","0","0","0","0","0","0","0","5","0","","67","1","2022","6","40.019396","-75.163239","0154","6","0","0","0","0","0","0","0","0","","0","0","0","1","3","0","N","0","2","40 01:09.824","1","3","75 09:47.659","0","0","0","0","67301","0","0","0","N","0","0","0","2","67301","0","","1.0","224.0","9","N","N","N","0","","0","0","0","0","0","N","143","2","0","0","0","0","0","0","2","1","2","0","0","0","10","10","","N","","","","","","","","","",""
"2022004224","0855","2","0","0","0","0","0","0","0","0","5","0","","67","1","2022","1","40.066172","-75.184658","0843","6","0","0","0","0","0","0","0","0","","0","0","0","7","5","0","N","0","2","40 03:58.220","3","0","75 11:04.768","9","0","0","0","67301","0","0","0","N","0","0","0","1","67301","0","","6.0","1000.0","9","N","N","N","0","","0","0","0","0","0","N","730","2","0","0","0","0","0","1","2","0","2","0","0","0","3","03","","N","","","","","","","","","",""
"2022014865","1215","1","0","0","0","0","0","0","0","0","4","0","","67","1","2022","1","40.025778","-75.123473","0012","6","0","0","0","0","0","1","0","0","","0","0","0","20","3","1","","1","0","40 01:32.799","","0","75 07:24.504","8","0","0","0","67301","0","0","0","N","0","0","0","3","67301","0","","1.0","","9","N","N","N","0","","0","0","1","3","2","","2045","2","1","0","0","0","1","1","2","0","2","0","0","0","5","05","","N","","","","","","","","","",""
"2022032869","2032","0","0","0","0","0","0","0","0","0","8","0","","67","4","2022","6","40.048885","-75.012319","2027","6","0","0","0","0","0","0","1","0","","0","0","0","20","3","1","","2","1","40 02:55.985","3","0","75 00:44.349","3","0","0","0","67301","1","0","0","N","1","0","0","2","67301","0","","1.0","2105.0","1","N","N","N","0","","1","0","0","3","3","N","2025","2","1","0","0","0","0","0","2","1","1","1","0","0","3","03","","N","","","","","","","","","",""
"2022004292","2015","0","0","0","0","0","0","0","0","0","8","0","","67","1","2022","7","40.003681","-75.169078","2004","6","0","0","0","0","0","0","0","0","","0","0","0","20","3","2","","5","0","40 00:13.253","","0","75 10:08.679","3","0","0","0","67301","1","0","0","N","1","0","0","2","67301","0","","1.0","","9","N","N","N","0","","1","0","0","3","2","","2000","2","2","0","0","0","1","0","2","0","1","1","0","0","3","","","N","","","","","","","","","",""
"2022024166","0952","2","0","0","0","0","0","0","0","0","4","0","","67","3","2022","2","40.013572","-75.092717","0946","6","0","0","0","0","0","0","1","0","","0","0","0","9","1","1","N","0","0","40 00:48.860","","0","75 05:33.780","3","0","0","0","67301","0","0","0","N","0","0","0","1","67301","0","","1.0","","1","N","N","N","0","","1","0","0","0","0","","945","2","1","0","0","0","0","0","2","0","2","0","0","0","3","03","","N","","","","","","","","","",""