"CRN","ARRIVAL_TM","AUTOMOBILE_COUNT","BELTED_DEATH_COUNT","BELTED_SUSP_SERIOUS_INJ_COUNT","BICYCLE_COUNT","BICYCLE_DEATH_COUNT","BICYCLE_SUSP_SERIOUS_INJ_COUNT","BUS_COUNT","CHLDPAS_DEATH_COUNT","CHLDPAS_SUSP_SERIOUS_INJ_COUNT","COLLISION_TYPE","COMM_VEH_COUNT","CONS_ZONE_SPD_LIM","COUNTY","CRASH_MONTH","CRASH_YEAR","DAY_OF_WEEK","DEC_LATITUDE","DEC_LONGITUDE","DISPATCH_TM","DISTRICT","DRIVER_COUNT_16YR","DRIVER_COUNT_17YR","DRIVER_COUNT_18YR","DRIVER_COUNT_19YR","DRIVER_COUNT_20YR","DRIVER_COUNT_50_64YR","DRIVER_COUNT_65_74YR","DRIVER_COUNT_75PLUS","EST_HRS_CLOSED","FATAL_COUNT","HEAVY_TRUCK_COUNT","HORSE_BUGGY_COUNT","HOUR_OF_DAY","ILLUMINATION","INJURY_COUNT","INTERSECTION_RELATED","INTERSECT_TYPE","LANE_CLOSED","LATITUDE","LN_CLOSE_DIR","LOCATION_TYPE","LONGITUDE","MAX_SEVERITY_LEVEL","MCYCLE_DEATH_COUNT","MCYCLE_SUSP_SERIOUS_INJ_COUNT","MOTORCYCLE_COUNT","MUNICIPALITY","NONMOTR_COUNT","NONMOTR_DEATH_COUNT","NONMOTR_SUSP_SERIOUS_INJ_COUNT","NTFY_HIWY_MAINT","PED_COUNT","PED_DEATH_COUNT","PED_SUSP_SERIOUS_INJ_COUNT","PERSON_COUNT","POLICE_AGCY","POSSIBLE_INJ_COUNT","RDWY_SURF_TYPE_CD","RELATION_TO_ROAD","ROADWAY_CLEARED","ROAD_CONDITION","SCH_BUS_IND","SCH_ZONE_IND","SECONDARY_CRASH","SMALL_TRUCK_COUNT","SPEC_JURIS_CD","SUSP_MINOR_INJ_COUNT","SUSP_SERIOUS_INJ_COUNT","SUV_COUNT","TCD_FUNC_CD","TCD_TYPE","TFC_DETOUR_IND","TIME_OF_DAY","TOTAL_UNITS","TOT_INJ_COUNT","UNBELTED_OCC_COUNT","UNB_DEATH_COUNT","UNB_SUSP_SERIOUS_INJ_COUNT","UNK_INJ_DEG_COUNT","UNK_INJ_PER_COUNT","URBAN_RURAL","VAN_COUNT","VEHICLE_COUNT","VULNERABLE_ROAD_USER_COUNT","VULNERABLE_ROAD_USER_DEATH_COUNT","VULNERABLE_ROAD_USER_SER_INJ_COUNT","WEATHER1","WEATHER2","WORKERS_PRES","WORK_ZONE_IND","WORK_ZONE_LOC","WORK_ZONE_TYPE","WZ_CLOSE_DETOUR","WZ_FLAGGER","WZ_LAW_OFFCR_IND","WZ_LN_CLOSURE","WZ_MOVING","WZ_OTHER","WZ_SHLDER_MDN","WZ_WORKERS_INJ_KILLED"
"2022010833","1052","1","0","0","0","0","0","0","0","0","4","1","","67","1","2022","1","39.952981","-75.16842","1047","6","0","0","0","0","0","0","0","0","","0","1","0","10","1","1","","1","0","39 57:10.730","","0","75 10:06.313","3","0","0","0","67301","0","0","0","N","0","0","0","2","67301","0","","1.0","","1","N","N","N","0","","1","0","0","3","2","","1047","2","1","0","0","0","0","0","2","0","2","0","0","0","3","","","N","","","","","","","","","",""
"2022027258","1308","0","0","0","0","0","0","0","0","0","7","0","","67","3","2022","4","40.118597","-75.033731","1308","6","0","0","0","0","0","1","0","0","","0","0","0","13","1","0","N","0","0","40 07:06.950","","0","75 02:01.430","0","0","0","0","67301","0","0","0","N","0","0","0","1","67301","0","","5.0","","1","N","N","N","0","","0","0","1","0","0","","1300","1","0","0","0","0","0","0","2","0","1","0","0","0","3","","","N","","","","","","","","","",""
"2022032405","0740","1","0","0","0","0","0","0","0","0","7","0","","67","3","2022","7","39.889774","-75.240406","0720","6","0","1","0","0","0","0","0","0","","0","0","0","7","1","0","N","0","0","39 53:23.188","","0","75 14:25.463","0","0","0","0","67301","0","0","0","N","0","0","0","1","68K01","0","","2.0","","1","N","N","N","0","","0","0","0","0","0","","717","1","0","0","0","0","0","0","2","0","1","0","0","0","3","03","","N","","","","","","","","","",""
"2022010835","0625","7","0","0","0","0","0","1","0","0","1","5","","67","1","2022","4","39.919888","-75.201765","0622","6","0","0","0","1","0","3","1","0","","0","3","0","6","3","1","N","0","2","39 55:11.596","6","3","75 12:06.353","3","0","0","0","67301","0","0","0","N","0","0","0","18","67301","0","","1.0","900.0","2","Y","N","N","0","","1","0","4","0","0","Y","621","18","1","0","0","0","0","0","2","3","18","0","0","0","6","09","","N","","","","","","","","","",""
"2022005295","0152","1","0","0","0","0","0","0","0","0","7","0","50","67","1","2022","1","40.012083","-75.059679","0140","6","0","0","0","0","0","0","0","0","","0","0","0","1","3","0","N","0","2","40 00:43.499","1","0","75 03:34.844","0","0","0","0","67301","0","0","0","N","0","0","0","1","68K01","0","","2.0","230.0","9","N","N","N","0","","0","0","0","0","0","Y","140","1","0","0","0","0","0","0","2","0","1","0","0","0","7","","N","Y","4","1","","","N","","","","Y","N"
"2022025995","2000","2","0","0","0","0","0","0","0","0","8","0","","67","3","2022","6","40.036267","-75.038336","1959","6","0","0","0","0","0","0","0","0","","1","0","0","19","2","1","N","0","0","40 02:10.560","","0","75 02:18.010","1","0","0","0","67301","2","1","0","N","2","1","0","2","67301","0","2","4.0","","1","N","N","N","0","0","1","0","0","0","0","","1955","4","1","0","0","0","0","0","2","0","2","2","1","0","3","03","","N","","","","","","","","","",""
"2022024169","0840","1","0","0","0","0","0","0","0","0","1","1","","67","3","2022","2","39.992391","-75.165066","0837","6","0","0","0","0","0","0","1","0","","0","1","0","8","1","0","","2","1","39 59:32.607","4","0","75 09:54.237","0","0","0","0","67301","0","0","0","N","0","0","0","2","67301","0","","1.0","930.0","1","N","N","N","0","","0","0","0","0","0","N","836","2","0","0","0","0","0","0","2","0","2","0","0","0","3","03","","N","","","","","","","","","",""
"2022023678","2032","2","0","0","0","0","0","0","0","0","8","0","","67","2","2022","6","39.970497","-75.152317","2000","6","0","0","0","0","0","1","0","0","","1","0","0","18","3","0","N","0","0","39 58:13.790","","0","75 09:08.342","1","0","0","0","67301","1","1","0","N","1","1","0","3","67301","0","2","1.0","","1","N","N","N","0","0","0","0","0","0","0","","1854","3","0","0","0","0","0","0","2","0","2","1","1","0","3","","","N","","","","","","","","","",""
"2022023704","2230","2","0","0","0","0","0","0","0","0","4","0","","67","2","2022","6","40.065597","-75.06219","1640","6","0","0","0","0","0","0","0","0","","0","0","0","16","1","1","","1","0","40 03:56.148","","0","75 03:43.883","8","0","0","0","67301","0","0","0","N","0","0","0","1","67301","0","","1.0","","1","N","N","N","0","","0","0","0","3","3","","1630","2","1","0","0","0","1","0","2","0","2","0","0","0","3","","","N","","","","","","","","","",""
"2022024021","1010","1","0","0","0","0","0","0","0","0","7","0","","67","2","2022","6","40.042346","-75.00354","1005","6","0","0","0","0","1","0","0","0","","0","0","0","10","1","0","N","0","0","40 02:32.446","","0","75 00:12.743","0","0","0","0","67301","0","0","0","N","0","0","0","1","68K01","0","","5.0","","9","N","N","N","0","","0","0","0","3","8","","1003","1","0","1","0","0","0","0","2","0","1","0","0","0","7","04","","N","","","","","","","","","",""
"2022023792","1215","2","0","0","0","0","0","0","0","0","1","0","","67","3","2022","4","40.057691","-75.139259","1209","6","0","0","0","1","0","1","0","0","","0","0","0","11","1","0","N","0","0","40 03:27.686","","0","75 08:21.331","0","0","0","0","67301","0","0","0","N","0","0","0","2","67301","0","","1.0","","1","N","N","N","0","","0","0","0","0","0","","1138","2","0","0","0","0","0","0","2","0","2","0","0","0","3","03","","N","","","","","","","","","",""
"2022023778","2045","1","0","0","0","0","0","0","0","0","1","0","","67","3","2022","6","40.005809","-75.097376","2045","6","0","0","0","0","0","0","0","0","","0","0","0","20","3","0","N","0","0","40 00:20.911","","0","75 05:50.555","0","0","0","0","67301","0","0","0","N","0","0","0","3","67301","0","","1.0","","1","N","N","N","0","","0","0","3","3","1","","2045","4","0","3","0","0","0","0","2","0","4","0","0","0","3","03","","N","","","","","","","","","",""
"2022010859","0517","2","0","0","0","0","0","0","0","0","4","0","","67","1","2022","6","39.958705","-75.233331","0515","6","0","0","0","0","0","0","0","0","","0","0","0","5","3","0","","1","0","39 57:31.338","","0","75 13:59.991","0","0","0","0","67301","0","0","0","N","0","0","0","1","67301","0","","1.0","","1","N","N","N","0","","0","0","0","3","3","","505","2","0","0","0","0","0","0","2","0","2","0","0","0","3","","","N","","","","","","","","","",""
"2022032924","1336","3","0","0","0","0","0","0","0","0","2","0","","67","3","2022","6","39.986653","-75.097762","1336","6","0","0","0","0","1","0","0","0","","0","0","0","12","1","1","","1","0","39 59:11.950","","0","75 05:51.943","3","0","0","0","67301","0","0","0","N","0","0","0","2","67301","0","","1.0","","1","N","N","N","0","","1","0","0","3","3","","1200","3","1","0","0","0","0","0","2","0","3","0","0","0","3","","","N","","","","","","","","","",""
"2022000185","1745","2","0","0","0","0","0","0","0","0","5","0","","67","1","2022","7","40.051159","-75.118676","1745","6","0","0","0","0","0","0","0","0","","0","0","0","15","1","1","","1","0","40 03:04.174","","0","75 07:07.232","4","0","0","0","67301","0","0","0","N","0","0","0","6","67301","1","","1.0","","9","N","N","N","0","","0","0","1","3","2","","1530","3","1","4","0","0","0","5","2","0","3","0","0","0","7","","","N","","","","","","","","","",""
"2022005495","0831","0","0","0","0","0","0","0","0","0","7","0","","67","1","2022","7","39.988517","-75.088301","0826","6","0","0","0","0","0","0","0","0","","0","0","0","8","1","4","N","0","1","39 59:18.662","1","0","75 05:17.884","8","0","0","0","67301","0","0","0","Y","0","0","0","4","68K01","0","","4.0","900.0","1","N","N","N","0","","0","0","1","0","0","N","819","1","4","0","0","0","4","0","2","0","1","0","0","0","3","","","N","","","","","","","","","",""
"2022033167","0957","0","0","0","0","0","0","0","0","0","5","0","","67","3","2022","3","39.934458","-75.199886","0942","6","0","0","1","0","0","0","0","0","","0","0","0","9","1","1","N","0","0","39 56:04.049","","0","75 11:59.588","4","0","0","0","67301","0","0","0","N","0","0","0","3","68K01","1","","1.0","","1","N","N","N","0","","0","0","1","0","0","","940","2","1","0","0","0","0","1","2","0","2","0","0","0","3","03","","N","","","","","","","","","",""
"2022011918","1919","1","0","0","0","0","0","0","0","0","8","0","","67","1","2022","6","40.045503","-75.112753","1915","6","0","0","0","0","0","0","0","0","","1","0","0","18","3","0","N","0","0","40 02:43.812","","0","75 06:45.909","1","0","0","0","67301","1","1","0","N","1","1","0","2","67301","0","2","1.0","","2","N","N","N","0","0","0","0","0","0","0","","1849","2","0","0","0","0","0","0","2","0","1","1","1","0","98","98","","N","","","","","","","","","",""
"2022009217","0431","1","0","0","0","0","0","0","0","0","7","0","","67","1","2022","7","40.001676","-75.194949","0417","6","0","0","0","0","0","0","0","0","","0","0","0","4","3","1","N","0","2","40 00:06.034","3","0","75 11:41.816","3","0","0","0","67301","0","0","0","N","0","0","0","1","68K01","0","","3.0","435.0","1","N","N","N","0","","1","0","0","0","0","N","413","1","1","0","0","0","0","0","2","0","1","0","0","0","3","","","N","","","","","","","","","",""
"2022004245","0147","1","0","0","0","0","0","0","0","0","5","0","","67","1","2022","1","39.964714","-75.196469","0141","6","0","0","0","0","0","0","0","0","","0","0","0","0","3","0","N","0","0","39 57:52.970","","0","75 11:47.290","0","0","0","0","67301","0","0","0","N","0","0","0","1","67301","0","","6.0","","9","N","N","N","1","","0","0","1","0","0","","3","3","0","0","0","0","0","0","2","0","3","0","0","0","7","","","N","","","","","","","","","",""
"2022012830","1144","2","0","0","0","0","0","0","0","0","5","0","","67","1","2022","7","39.890443","-75.220543","1136","6","0","0","0","0","0","0","0","0","","0","0","0","11","1","0","N","0","2","39 53:25.594","2","0","75 13:13.954","0","0","0","0","67301","0","0","0","N","0","0","0","3","68K01","0","","1.0","45.0","2","N","N","N","0","","0","0","0","0","0","Y","1134","2","0","0","0","0","0","0","2","0","2","0","0","0","2","02","","N","","","","","","","","","",""
"2022004266","0030","1","0","0","0","0","0","0","0","0","4","0","","67","1","2022","4","39.970836","-75.154134","0030","6","0","0","0","0","0","0","0","0","","0","0","0","13","1","1","","1","0","39 58:15.009","","0","75 09:14.884","3","0","0","0","67301","0","0","0","N","0","0","0","2","67301","0","","1.0","","99","N","N","N","0","","1","0","1","3","2","","1300","2","1","0","0","0","0","0","2","0","2","0","0","0","99","","","N","","","","","","","","","",""
"2022014827","1202","1","0","0","0","0","0","0","0","0","4","0","","67","1","2022","1","39.969035","-75.137233","1158","6","0","0","0","0","0","0","0","0","","0","0","0","11","1","1","","1","0","39 58:08.526","","0","75 08:14.037","3","0","0","0","67301","0","0","0","N","0","0","0","3","67301","0","","1.0","","9","N","N","N","0","","1","0","0","3","3","","1153","2","1","0","0","0","0","0","2","1","2","0","0","0","3","07","","N","","","","","","","","","",""
"2022004207","1601","0","0","0","0","0","0","0","0","0","4","0","","67","1","2022","1","39.961287","-75.175241","1600","6","0","0","0","0","0","0","0","0","","0","0","0","15","1","2","","1","0","39 57:40.634","","0","75 10:30.866","2","0","1","1","67301","0","0","0","N","0","0","0","3","67301","0","","1.0","","1","N","N","N","0","","1","1","1","3","2","","1553","2","2","0","0","0","0","0","2","0","2","0","0","0","3","03","","N","","","","","","","","","",""
"2022032723","1110","0","0","0","0","0","0","0","0","0","1","0","","67","3","2022","5","39.948119","-75.142118","1110","6","0","0","0","0","0","0","0","0","","0","0","0","11","1","0","N","0","0","39 56:53.228","","0","75 08:31.626","9","0","0","0","67301","0","0","0","N","0","0","0","2","68K01","0","","3.0","","9","N","N","N","0","","0","0","0","0","0","","1106","2","0","0","0","0","0","1","2","1","2","0","0","0","7","","","N","","","","","","","","","",""
"2022032302","1435","1","0","0","0","0","0","0","0","0","1","0","","67","3","2022","6","39.994042","-75.199186","1434","6","0","0","0","0","0","0","0","0","","0","0","0","14","1","1","N","0","1","39 59:38.550","3","0","75 11:57.070","4","0","0","0","67301","0","0","0","N","0","0","0","3","68K01","1","","1.0","20.0","1","N","N","N","0","","0","0","1","0","0","N","1426","2","1","0","0","0","0","0","2","0","2","0","0","0","3","","","N","","","","","","","","","",""
"2022030559","0251","1","0","0","0","0","0","0","0","0","7","0","","67","3","2022","4","39.968337","-75.128732","0246","6","0","0","0","0","0","0","0","0","","0","0","0","2","3","2","N","0","2","39 58:06.013","1","0","75 07:43.435","8","0","0","0","67301","0","0","0","N","0","0","0","2","68K01","0","","4.0","315.0","1","N","N","N","0","","0","0","0","0","0","N","237","1","2","2","0","0","2","0","2","0","1","0","0","0","3","","","N","","","","","","","","","",""
"2022030158","0758","1","0","0","0","0","0","0","0","0","7","0","","67","3","2022","1","40.000967","-75.067819","0758","6","0","0","0","0","0","0","0","0","","0","0","0","7","1","1","N","0","0","40 00:03.480","","0","75 04:04.150","3","0","0","0","67301","0","0","0","N","0","0","0","1","67301","0","","2.0","","1","N","N","N","0","","1","0","0","0","0","","755","1","1","1","0","0","0","0","2","0","1","0","0","0","3","","","N","","","","","","","","","",""
"2022031442","0819","3","0","0","0","0","0","0","0","0","4","0","","67","3","2022","4","39.998553","-75.153606","0809","6","0","0","0","0","0","1","0","0","","0","0","0","8","1","3","","2","0","39 59:54.789","","0","75 09:12.981","3","0","0","0","67301","0","0","0","N","0","0","0","4","67301","0","","1.0","","1","N","N","N","0","","3","0","0","3","2","","803","3","3","0","0","0","0","0","2","0","3","0","0","0","3","","","N","","","","","","","","","",""
"2022000513","0853","1","0","0","0","0","0","0","0","0","1","0","","67","1","2022","7","39.982183","-75.170525","0845","6","0","0","0","0","0","0","0","0","","0","0","0","7","1","0","N","0","0","39 58:55.860","","0","75 10:13.890","0","0","0","0","67301","0","0","0","N","0","0","0","1","67301","0","","6.0","","9","N","N","N","2","","0","0","0","0","0","","753","3","0","0","0","0","0","0","2","0","3","0","0","0","4","07","","N","","","","","","","","","",""
"2022030210","0219","1","0","0","0","0","0","0","0","0","7","0","","67","3","2022","1","40.044219","-75.018307","0219","6","0","0","0","1","0","0","0","0","","0","0","0","2","3","0","N","0","0","40 02:39.187","","7","75 01:05.905","0","0","0","0","67301","0","0","0","N","0","0","0","2","67301","0","","2.0","","1","N","N","N","0","","0","0","0","0","0","","219","1","0","0","0","0","0","0","2","0","1","0","0","0","3","03","","N","","","","","","","","","",""
"2022032634","1305","0","0","0","0","0","0","0","0","0","1","0","","67","4","2022","7","40.007855","-75.202095","1305","6","0","0","0","0","0","2","0","0","","0","0","0","13","1","1","N","0","2","40 00:28.278","3","0","75 12:07.543","3","0","0","0","67301","0","0","0","N","0","0","0","3","68T07","0","","1.0","1345.0","1","N","N","N","1","","1","0","2","0","0","N","1305","3","1","0","0","0","0","0","2","0","3","0","0","0","3","","","N","","","","","","","","","",""
"2022004277","1755","1","0","0","0","0","0","0","0","0","8","0","","67","1","2022","4","40.013455","-75.135524","1752","6","0","0","0","0","0","0","0","0","","0","0","0","17","3","1","","2","0","40 00:48.437","","0","75 08:07.886","4","0","0","0","67301","1","0","0","N","1","0","0","2","67301","1","","1.0","","1","N","N","N","0","","0","0","0","3","2","","1748","2","1","0","0","0","0","0","2","0","1","1","0","0","3","03","","N","","","","","","","","","",""
"2022032898","1145","0","0","0","0","0","0","0","0","0","4","0","","67","4","2022","7","40.029024","-75.056651","1145","6","0","0","0","0","0","1","0","0","","2","0","0","11","1","0","","2","0","40 01:44.487","","0","75 03:23.945","1","1","0","1","67301","1","1","0","N","1","1","0","3","67301","0","2","1.0","","1","N","N","N","1","0","0","0","0","3","3","","1145","3","0","0","0","0","0","0","2","0","2","1","1","0","3","03","","N","","","","","","","","","",""
"2022033883","1159","2","0","0","0","0","0","0","0","0","5","0","","67","4","2022","6","40.00468","-75.152126","1159","6","0","0","0","0","0","0","0","0","","0","0","0","11","1","1","N","1","1","40 00:16.847","1","0","75 09:07.652","3","0","0","0","67301","0","0","0","N","0","0","0","2","67505","0","","1.0","1240.0","1","N","N","Y","0","","1","0","2","3","2","N","1157","4","1","0","0","0","0","0","2","0","4","0","0","0","3","98","","N","","","","","","","","","",""
"2022032893","2010","2","0","0","0","0","0","0","0","0","1","0","","67","3","2022","4","40.025782","-75.094672","2010","6","0","0","0","0","0","1","0","0","","0","0","0","17","1","1","","1","0","40 01:32.815","","0","75 05:40.819","3","0","0","0","67301","0","0","0","N","0","0","0","2","67301","0","","1.0","","1","N","N","N","0","","1","0","0","3","3","","1715","2","1","0","0","0","0","1","2","0","2","0","0","0","3","","","N","","","","","","","","","",""
"2022019619","2247","0","0","0","0","0","0","0","0","0","4","0","","67","1","2022","7","39.951701","-75.236857","2243","6","0","0","0","0","0","1","0","0","","0","0","0","22","3","2","","1","0","39 57:06.123","","0","75 14:12.685","3","0","0","0","67301","0","0","0","N","0","0","0","3","67301","1","","1.0","","9","N","N","N","0","","1","0","2","3","2","","2227","2","2","0","0","0","0","0","2","0","2","0","0","0","7","","","N","","","","","","","","","",""
"2022005776","0428","1","0","0","0","0","0","0","0","0","7","0","","67","1","2022","1","39.956834","-75.153328","0425","6","0","0","0","0","0","0","0","0","","0","0","0","4","3","1","N","0","1","39 57:24.601","3","0","75 09:11.982","3","0","0","0","67301","0","0","0","N","0","0","0","1","68K01","0","","3.0","445.0","9","N","N","N","0","","1","0","0","0","0","N","424","1","1","0","0","0","0","0","2","0","1","0","0","0","7","","","N","","","","","","","","","",""
"2022032870","2041","0","0","0","0","0","0","0","0","0","8","0","","67","4","2022","2","40.078325","-74.990414","2039","6","0","0","0","0","0","1","0","0","","0","0","0","20","3","1","N","0","0","40 04:41.970","","0","74 59:25.490","3","0","0","0","67301","1","0","0","N","1","0","0","2","67301","0","","1.0","","1","N","N","N","0","","1","0","1","0","0","","2030","2","1","0","0","0","0","0","2","0","1","1","0","0","3","","","N","","","","","","","","","",""
"2022004283","0750","3","0","0","0","0","0","0","0","0","5","0","","67","1","2022","7","39.979406","-75.144844","0742","6","0","0","0","0","0","0","0","0","","0","0","0","4","3","0","N","0","0","39 58:45.860","","0","75 08:41.440","0","0","0","0","67301","0","0","0","N","0","0","0","1","67301","0","","6.0","","9","N","N","N","0","","0","0","0","0","0","","430","3","0","0","0","0","0","0","2","0","3","0","0","0","7","07","","N","","","","","","","","","",""
"2022004268","0010","1","0","0","0","0","0","0","0","0","5","0","","67","1","2022","2","39.987139","-75.175278","0006","6","0","0","0","0","0","0","0","0","","0","0","0","0","3","1","N","0","0","39 59:13.700","","0","75 10:31.000","4","0","0","0","67301","0","0","0","N","0","0","0","1","67301","1","","6.0","","9","N","Y","N","1","","0","0","0","0","0","","0","2","1","0","0","0","0","0","2","0","2","0","0","0","4","04","","N","","","","","","","","","",""
"2022010845","2349","2","0","0","0","0","0","0","0","0","6","0","","67","1","2022","1","40.008234","-75.084416","2340","6","0","0","0","0","0","0","0","0","","0","0","0","23","3","1","N","0","0","40 00:29.642","","0","75 05:03.899","2","0","0","0","67301","0","0","0","N","0","0","0","1","67301","0","","6.0","","9","N","N","N","1","","0","1","1","0","0","","2338","4","1","0","0","0","0","0","2","0","4","0","0","0","3","03","","N","","","","","","","","","",""
"2022010886","1745","3","0","0","0","0","0","0","0","0","4","0","","67","1","2022","6","39.986215","-75.129291","1739","6","0","0","0","0","0","0","0","0","","0","0","0","17","3","0","","2","0","39 59:10.373","","0","75 07:45.447","0","0","0","0","67301","0","0","0","N","0","0","0","2","67301","0","","1.0","","1","N","N","N","0","","0","0","1","3","3","","1704","4","0","0","0","0","0","0","2","0","4","0","0","0","3","03","","N","","","","","","","","","",""
"2022012541","1343","1","0","0","0","0","0","0","0","0","5","0","","67","1","2022","1","40.037837","-75.011849","1337","6","0","0","0","0","0","0","0","0","","0","0","0","13","1","1","N","0","2","40 02:16.212","2","0","75 00:42.656","8","0","0","0","67301","0","0","0","N","0","0","0","2","68K01","0","","1.0","1415.0","1","N","N","N","0","","0","0","0","0","0","N","1335","2","1","0","0","0","1","1","2","0","2","0","0","0","4","","","N","","","","","","","","","",""
"2022010781","0807","0","0","0","0","0","0","0","0","0","7","0","","67","1","2022","1","39.901393","-75.152508","0802","6","0","0","0","0","0","0","0","0","","0","1","0","8","1","0","N","0","2","39 54:05.013","2","0","75 09:09.027","0","0","0","0","67301","0","0","0","N","0","0","0","1","68K01","0","","4.0","900.0","1","N","N","N","0","","0","0","0","0","0","N","800","1","0","0","0","0","0","0","2","0","1","0","0","0","3","03","","N","","","","","","","","","",""
"2022000226","0208","2","0","0","0","0","0","0","0","0","1","0","","67","1","2022","7","40.034833","-75.131056","0208","6","0","0","0","0","0","0","0","0","","0","0","0","2","3","0","N","0","0","40 02:05.400","","0","75 07:51.800","9","0","0","0","67301","0","0","0","N","0","0","0","1","67301","0","","6.0","","9","N","N","N","0","","0","0","1","0","0","","200","3","0","0","0","0","0","1","2","0","3","0","0","0","4","04","","N","","","","","","","","","",""
"2022010900","1734","1","0","0","0","0","0","0","0","0","1","0","","67","1","2022","2","40.015832","-75.15393","1734","6","0","0","0","0","0","0","0","0","","0","0","0","17","3","0","N","0","1","40 00:56.996","3","0","75 09:14.149","0","0","0","0","67301","0","0","0","N","0","0","0","3","67301","0","","1.0","1815.0","1","N","N","N","0","","0","0","1","3","2","N","1734","2","0","0","0","0","0","0","2","0","2","0","0","0","3","03","","N","","","","","","","","","",""
"2022032613","0641","1","0","0","0","0","0","0","0","0","4","0","","67","3","2022","5","39.937184","-75.144333","0635","6","0","0","0","0","0","0","0","0","","0","0","0","6","1","1","N","0","0","39 56:13.864","","0","75 08:39.597","3","0","0","0","67301","0","0","0","N","0","0","0","3","68T07","0","","1.0","","1","N","N","N","0","","1","0","1","0","0","","632","2","1","0","0","0","0","0","2","0","2","0","0","0","3","","","N","","","","","","","","","",""
"2022030804","0730","2","0","0","0","0","0","1","0","0","5","1","","67","3","2022","3","39.894612","-75.236717","0716","6","0","0","0","0","0","1","0","0","","0","0","0","6","1","1","","1","0","39 53:40.603","","0","75 14:12.181","3","0","0","0","67301","0","0","0","N","0","0","0","4","67301","0","","1.0","","1","N","N","N","0","","1","0","1","3","2","","657","4","1","2","0","0","0","0","2","0","4","0","0","0","4","04","","N","","","","","","","","","",""
"2022014597","1432","2","0","0","0","0","0","0","0","0","1","0","","67","1","2022","7","40.112033","-74.990511","1421","6","0","0","0","0","0","1","1","0","","0","0","0","14","1","2","","2","1","40 06:43.320","1","0","74 59:25.838","8","0","0","0","67301","0","0","0","N","0","0","0","5","67301","0","","1.0","1530.0","1","N","N","N","0","","0","0","2","3","2","N","1420","5","2","0","0","0","2","0","2","1","5","0","0","0","3","03","","N","","","","","","","","","",""
"2022031440","1556","0","0","0","0","0","0","0","0","0","4","1","","67","1","2022","4","40.002081","-75.169456","1556","6","0","1","0","0","0","0","0","0","","0","1","0","15","1","1","","1","0","40 00:07.491","","0","75 10:10.041","4","0","0","0","67301","0","0","0","N","0","0","0","2","67301","1","","1.0","","1","N","N","N","0","","0","0","1","3","3","","1530","2","1","2","0","0","0","0","2","0","2","0","0","0","3","03","","N","","","","","","","","","",""
"2022004241","1000","1","0","0","0","0","0","0","0","0","1","0","","67","1","2022","7","40.000341","-75.0838","0956","6","0","0","0","0","0","2","0","0","","0","0","0","9","1","0","","2","1","40 00:01.228","2","2","75 05:01.679","0","0","0","0","67301","0","0","0","N","0","0","0","3","67301","0","","1.0","1030.0","1","N","N","N","0","","0","0","1","3","2","N","930","2","0","0","0","0","0","0","2","0","2","0","0","0","3","","","N","","","","","","","","","",""
"2022032304","1721","1","0","0","0","0","0","0","0","0","1","0","","67","3","2022","6","40.041986","-75.003817","1658","6","0","0","0","0","0","1","0","0","","0","0","0","16","1","0","N","0","0","40 02:31.151","","0","75 00:13.741","0","0","0","0","67301","0","0","0","N","0","0","0","2","68K01","0","","1.0","","1","N","N","N","1","","0","0","0","0","0","","1655","2","0","0","0","0","0","0","2","0","2","0","0","0","3","","","N","","","","","","","","","",""
"2022010138","0838","0","0","0","0","0","0","0","0","0","7","1","","67","1","2022","7","39.943572","-75.192515","0838","6","0","0","0","0","0","0","0","0","","0","1","0","8","1","0","N","0","2","39 56:36.859","3","0","75 11:33.053","0","0","0","0","67301","0","0","0","N","0","0","0","1","67501","0","","2.0","1020.0","7","N","N","N","0","","0","0","0","3","8","N","838","1","0","0","0","0","0","0","2","0","1","0","0","0","2","10","","N","","","","","","","","","",""
"2022004212","1721","1","0","0","0","0","0","0","0","0","7","0","","67","1","2022","2","39.941778","-75.225722","1721","6","0","0","0","0","0","0","0","0","","0","0","0","17","3","1","N","0","0","39 56:30.400","","0","75 13:32.600","3","0","0","0","67301","0","0","0","N","0","0","0","1","67301","0","","5.0","","1","N","N","N","0","","1","0","0","0","0","","1715","1","1","0","0","0","0","0","2","0","1","0","0","0","3","03","","N","","","","","","","","","",""
"2022004167","0850","0","0","0","0","0","0","0","0","0","8","0","","67","1","2022","2","40.059625","-75.064094","0837","6","0","0","0","0","0","0","0","0","","0","0","0","8","1","1","N","0","0","40 03:34.650","","0","75 03:50.740","3","0","0","0","67301","1","0","0","N","1","0","0","2","67301","0","","1.0","","1","N","N","N","0","","1","0","0","0","0","","830","2","1","0","0","0","0","0","2","1","1","1","0","0","4","","","N","","","","","","","","","",""
"2022004214","1749","2","0","0","0","0","0","0","0","0","4","0","","67","1","2022","3","39.926089","-75.242361","1748","6","0","0","0","0","0","0","0","0","","0","0","0","17","3","1","","1","0","39 55:33.920","","0","75 14:32.499","3","0","0","0","67301","0","0","0","N","0","0","0","3","67301","0","","1.0","","1","N","N","N","0","","1","0","0","3","2","","1737","2","1","1","0","0","0","0","2","0","2","0","0","0","3","03","","N","","","","","","","","","",""
"2022012542","1657","0","0","0","0","0","0","0","0","0","5","0","","67","1","2022","1","39.958348","-75.165594","1652","6","0","0","0","0","0","1","0","0","","0","0","0","16","1","1","N","0","0","39 57:30.052","","0","75 09:56.137","4","0","0","0","67301","0","0","0","N","0","0","0","2","68K01","1","","1.0","","1","N","N","N","0","","0","0","1","0","0","","1635","2","1","0","0","0","0","0","2","0","2","0","0","0","3","03","","N","","","","","","","","","",""