"CRN","ARRIVAL_TM","AUTOMOBILE_COUNT","BELTED_DEATH_COUNT","BELTED_SUSP_SERIOUS_INJ_COUNT","BICYCLE_COUNT","BICYCLE_DEATH_COUNT","BICYCLE_SUSP_SERIOUS_INJ_COUNT","BUS_COUNT","CHLDPAS_DEATH_COUNT","CHLDPAS_SUSP_SERIOUS_INJ_COUNT","COLLISION_TYPE","COMM_VEH_COUNT","CONS_ZONE_SPD_LIM","COUNTY","CRASH_MONTH","CRASH_YEAR","DAY_OF_WEEK","DEC_LATITUDE","DEC_LONGITUDE","DISPATCH_TM","DISTRICT","DRIVER_COUNT_16YR","DRIVER_COUNT_17YR","DRIVER_COUNT_18YR","DRIVER_COUNT_19YR","DRIVER_COUNT_20YR","DRIVER_COUNT_50_64YR","DRIVER_COUNT_65_74YR","DRIVER_COUNT_75PLUS","EST_HRS_CLOSED","FATAL_COUNT","HEAVY_TRUCK_COUNT","HORSE_BUGGY_COUNT","HOUR_OF_DAY","ILLUMINATION","INJURY_COUNT","INTERSECTION_RELATED","INTERSECT_TYPE","LANE_CLOSED","LATITUDE","LN_CLOSE_DIR","LOCATION_TYPE","LONGITUDE","MAX_SEVERITY_LEVEL","MCYCLE_DEATH_COUNT","MCYCLE_SUSP_SERIOUS_INJ_COUNT","MOTORCYCLE_COUNT","MUNICIPALITY","NONMOTR_COUNT","NONMOTR_DEATH_COUNT","NONMOTR_SUSP_SERIOUS_INJ_COUNT","NTFY_HIWY_MAINT","PED_COUNT","PED_DEATH_COUNT","PED_SUSP_SERIOUS_INJ_COUNT","PERSON_COUNT","POLICE_AGCY","POSSIBLE_INJ_COUNT","RDWY_SURF_TYPE_CD","RELATION_TO_ROAD","ROADWAY_CLEARED","ROAD_CONDITION","SCH_BUS_IND","SCH_ZONE_IND","SECONDARY_CRASH","SMALL_TRUCK_COUNT","SPEC_JURIS_CD","SUSP_MINOR_INJ_COUNT","SUSP_SERIOUS_INJ_COUNT","SUV_COUNT","TCD_FUNC_CD","TCD_TYPE","TFC_DETOUR_IND","TIME_OF_DAY","TOTAL_UNITS","TOT_INJ_COUNT","UNBELTED_OCC_COUNT","UNB_DEATH_COUNT","UNB_SUSP_SERIOUS_INJ_COUNT","UNK_INJ_DEG_COUNT","UNK_INJ_PER_COUNT","URBAN_RURAL","VAN_COUNT","VEHICLE_COUNT","VULNERABLE_ROAD_USER_COUNT","VULNERABLE_ROAD_USER_DEATH_COUNT","VULNERABLE_ROAD_USER_SER_INJ_COUNT","WEATHER1","WEATHER2","WORKERS_PRES","WORK_ZONE_IND","WORK_ZONE_LOC","WORK_ZONE_TYPE","WZ_CLOSE_DETOUR","WZ_FLAGGER","WZ_LAW_OFFCR_IND","WZ_LN_CLOSURE","WZ_MOVING","WZ_OTHER","WZ_SHLDER_MDN","WZ_WORKERS_INJ_KILLED"
"2022004243","2010","2","0","0","0","0","0","0","0","0","4","0","","67","1","2022","1","40.015472","-75.073528","2008","6","0","0","0","0","0","0","0","0","","0","0","0","20","3","1","N","0","2","40 00:55.700","2","0","75 04:24.700","3","0","0","0","67301","0","0","0","N","0","0","0","2","67301","0","","1.0","2036.0","9","N","N","Y","0","","1","0","2","0","0","N","2007","4","1","0","0","0","0","0","2","0","4","0","0","0","7","","","N","","","","","","","","","",""
"2022033173","0619","1","0","0","0","0","0","0","0","0","1","0","","67","3","2022","5","40.038886","-75.008956","0619","6","0","0","0","0","0","0","0","0","","0","0","0","5","3","1","N","0","0","40 02:19.990","","0","75 00:32.243","3","0","0","0","67301","0","0","0","N","0","0","0","2","68K01","0","","1.0","","9","N","N","N","0","","1","0","0","0","0","","558","2","1","0","0","0","0","1","2","0","2","0","0","0","7","","","N","","","","","","","","","",""
"2022004154","1840","2","0","0","0","0","0","0","0","0","4","0","","67","1","2022","7","39.97531","-75.165182","1832","6","0","0","0","0","0","1","0","0","","0","0","0","18","3","0","","1","0","39 58:31.117","","0","75 09:54.656","0","0","0","0","67301","0","0","0","N","0","0","0","2","67301","0","","1.0","","9","N","N","N","0","","0","0","2","3","2","","1826","4","0","0","0","0","0","0","2","0","4","0","0","0","7","04","","N","","","","","","","","","",""
"2022031240","0545","0","0","0","0","0","0","0","0","0","4","1","","67","3","2022","6","39.998509","-75.129281","0536","6","0","0","0","0","0","0","0","0","","0","1","0","5","3","0","","1","0","39 59:54.633","","0","75 07:45.412","0","0","0","0","67301","0","0","0","N","0","0","0","2","67301","0","","1.0","","9","N","N","N","0","","0","0","1","3","2","","530","2","0","0","0","0","0","0","2","0","2","0","0","0","3","03","","N","","","","","","","","","",""
"2022014755","0614","1","0","0","0","0","0","0","0","0","4","0","","67","1","2022","1","39.949438","-75.237333","0612","6","0","0","0","0","0","1","0","0","","0","0","0","6","3","2","","1","2","39 56:57.976","7","0","75 14:14.398","4","0","0","0","67301","0","0","0","N","0","0","0","2","67301","2","","1.0","745.0","1","N","N","N","0","","0","0","1","3","3","Y","610","2","2","1","0","0","0","0","2","0","2","0","0","0","3","03","","N","","","","","","","","","",""
"2022033160","0215","1","0","0","0","0","0","0","0","0","4","1","","67","4","2022","1","40.019014","-75.16008","0213","6","0","0","0","0","0","0","0","0","","0","1","0","2","3","0","","2","0","40 01:08.450","","0","75 09:36.287","9","0","0","0","67301","0","0","0","N","0","0","0","2","67301","0","","1.0","","1","N","N","N","0","","0","0","1","3","3","","200","3","0","0","0","0","0","2","2","0","3","0","0","0","3","03","","N","","","","","","","","","",""
"2022005773","0312","1","0","0","0","0","0","0","0","0","5","0","","67","1","2022","1","40.035157","-75.018384","0250","6","0","0","0","0","1","0","0","0","","0","0","0","0","3","2","N","0","0","40 02:06.566","","3","75 01:06.181","3","0","0","0","67301","0","0","0","N","0","0","0","4","68K01","0","","1.0","","9","N","N","N","0","","2","0","1","0","0","","46","2","2","0","0","0","0","0","2","0","2","0","0","0","7","","","N","","","","","","","","","",""
"2022029165","1101","2","0","0","0","0","0","0","0","0","4","0","","67","3","2022","3","40.035437","-75.108493","1051","6","0","0","0","0","0","0","1","0","","0","0","0","10","1","1","","1","0","40 02:07.572","","0","75 06:30.576","4","0","0","0","67301","0","0","0","N","0","0","0","2","67301","1","","1.0","","1","N","N","N","0","","0","0","0","3","2","","1045","2","1","0","0","0","0","0","2","0","2","0","0","0","3","","","N","","","","","","","","","",""
"2022026924","0156","1","0","0","0","0","0","0","0","0","7","0","","67","3","2022","1","39.898919","-75.168485","0156","6","0","0","0","0","0","0","0","0","","0","0","0","1","3","0","N","0","2","39 53:56.107","1","0","75 10:06.545","0","0","0","0","67301","0","0","0","N","0","0","0","1","68K01","0","","4.0","330.0","1","N","N","N","0","","0","0","0","0","0","N","155","1","0","0","0","0","0","0","2","0","1","0","0","0","3","03","","N","","","","","","","","","",""
"2022011899","1054","0","0","0","0","0","0","0","0","0","4","0","","67","1","2022","4","40.048847","-75.161364","1050","6","0","0","0","0","0","0","1","0","","0","0","0","10","1","1","N","0","0","40 02:55.850","","0","75 09:40.910","8","0","0","0","67301","0","0","0","N","0","0","0","1","67301","0","","1.0","","1","N","N","N","1","","0","0","1","0","0","","1049","2","1","0","0","0","1","0","2","0","2","0","0","0","3","03","","N","","","","","","","","","",""
"2022018395","2214","1","0","0","0","0","0","0","0","0","1","0","","67","2","2022","5","40.044299","-75.002694","2200","6","0","0","0","0","0","1","0","0","","0","0","0","21","3","0","N","0","2","40 02:39.476","2","0","75 00:09.697","0","0","0","0","67301","0","0","0","N","0","0","0","4","68K01","0","","1.0","2205.0","9","N","N","N","0","","0","0","2","0","0","N","2159","3","0","0","0","0","0","0","2","0","3","0","0","0","3","","","N","","","","","","","","","",""
"2022031315","0916","1","0","0","0","0","0","0","0","0","1","0","","67","3","2022","3","40.03352","-75.208241","0908","6","0","0","0","0","0","1","0","0","","0","0","0","8","1","0","N","0","0","40 02:00.673","","0","75 12:29.666","0","0","0","0","67301","0","0","0","N","0","0","0","2","67301","0","","1.0","","1","N","N","N","0","","0","0","1","0","0","","855","2","0","0","0","0","0","0","2","0","2","0","0","0","3","03","","N","","","","","","","","","",""
"2022004163","0317","0","0","0","0","0","0","0","0","0","5","0","","67","1","2022","2","39.920197","-75.171358","0302","6","0","0","0","0","0","0","0","0","","0","0","0","3","3","0","N","0","0","39 55:12.710","","0","75 10:16.890","0","0","0","0","67301","0","0","0","N","0","0","0","1","67301","0","","6.0","","1","N","N","N","0","","0","0","2","0","0","","302","2","0","1","0","0","0","0","2","0","2","0","0","0","3","04","","N","","","","","","","","","",""
"2022014530","1355","0","0","0","0","0","0","0","0","0","8","0","","67","1","2022","1","40.052527","-75.05105","1345","6","0","0","0","0","0","0","0","0","","0","0","0","13","1","1","N","0","0","40 03:09.096","","7","75 03:03.780","3","0","0","0","67301","1","0","0","N","1","0","0","2","67301","0","","1.0","","9","N","N","N","1","","1","0","0","0","0","","1335","2","1","0","0","0","0","0","2","0","1","1","0","0","7","07","","N","","","","","","","","","",""
"2022004222","0120","0","0","0","0","0","0","0","0","0","4","0","","67","1","2022","7","40.071537","-75.165423","0109","6","0","0","0","0","0","0","0","0","","0","0","0","0","3","0","","1","0","40 04:17.533","","0","75 09:55.522","0","0","0","0","67301","0","0","0","N","0","0","0","2","67301","0","","1.0","","9","N","N","N","0","","0","0","2","3","3","","0","2","0","1","0","0","0","0","2","0","2","0","0","0","5","05","","N","","","","","","","","","",""
"2022032535","0955","0","0","0","0","0","0","0","0","0","4","2","","67","3","2022","3","39.950579","-75.161686","0945","6","0","0","0","0","0","0","0","0","","0","2","0","9","1","0","","1","0","39 57:02.084","","0","75 09:42.068","0","0","0","0","67301","0","0","0","N","0","0","0","2","67508","0","","1.0","","1","N","N","Y","0","","0","0","0","3","2","","945","2","0","1","0","0","0","0","2","0","2","0","0","0","3","03","","N","","","","","","","","","",""
"2022032313","2259","1","0","0","0","0","0","0","0","0","5","0","","67","3","2022","7","39.961483","-75.182088","2253","6","0","0","0","0","0","0","0","0","","0","0","0","22","3","2","N","0","1","39 57:41.339","3","0","75 10:55.516","8","0","0","0","67301","0","0","0","N","0","0","0","3","68K01","0","","1.0","2311.0","9","N","N","N","0","","0","0","0","0","0","N","2249","2","2","0","0","0","2","1","2","0","2","0","0","0","3","","","N","","","","","","","","","",""
"2022014598","1750","1","0","0","0","0","0","0","0","0","6","0","","67","1","2022","2","40.076623","-75.032867","1743","6","0","0","0","0","0","0","0","0","","0","0","0","17","3","3","","1","2","40 04:35.844","2","0","75 01:58.321","4","0","0","0","67301","0","0","0","N","0","0","0","3","67301","1","","1.0","1900.0","1","N","N","N","0","","0","0","2","3","2","Y","1740","3","3","0","0","0","2","0","2","0","3","0","0","0","3","","","N","","","","","","","","","",""
"2022029444","1356","1","0","0","0","0","0","0","0","0","1","0","","67","3","2022","5","39.911708","-75.172371","1348","6","0","0","0","0","0","0","0","0","","0","0","0","13","1","2","","1","2","39 54:42.148","4","0","75 10:20.534","4","0","0","0","67301","0","0","0","N","0","0","0","2","67301","2","","1.0","1530.0","1","N","N","N","0","","0","0","0","3","2","N","1344","2","2","0","0","0","0","0","2","1","2","0","0","0","4","","","N","","","","","","","","","",""
"2022004489","2048","2","0","0","0","0","0","0","0","0","5","0","","67","1","2022","1","39.935654","-75.199811","2042","6","0","0","0","0","0","0","0","0","","0","0","0","20","3","0","N","0","1","39 56:08.355","3","0","75 11:59.320","0","0","0","0","67301","0","0","0","N","0","0","0","3","68K01","0","","1.0","2115.0","9","N","N","N","0","","0","0","0","0","0","N","2040","2","0","0","0","0","0","0","2","0","2","0","0","0","7","07","","N","","","","","","","","","",""
"2022032701","1613","1","0","0","0","0","0","0","0","0","7","0","","67","3","2022","7","39.897028","-75.189386","1606","6","0","0","0","0","0","0","0","0","","0","0","0","16","1","2","N","0","1","39 53:49.302","1","0","75 11:21.788","4","0","0","0","67301","0","0","0","N","0","0","0","2","68K01","1","","4.0","1630.0","2","N","N","N","0","","0","0","0","0","0","N","1602","1","2","0","0","0","1","0","2","0","1","0","0","0","2","02","","N","","","","","","","","","",""
"2022032864","0255","1","0","0","0","0","0","0","0","0","5","0","","67","3","2022","5","40.0637","-75.05275","0252","6","0","0","0","0","0","0","0","0","","0","0","0","2","3","0","N","0","0","40 03:49.320","","0","75 03:09.900","0","0","0","0","67301","0","0","0","N","0","0","0","1","67301","0","","5.0","","1","N","N","N","2","","0","0","0","0","0","","245","3","0","0","0","0","0","0","2","0","3","0","0","0","3","","","N","","","","","","","","","",""
"2022032863","2346","1","0","0","0","0","0","0","0","0","4","0","","67","3","2022","4","40.110705","-75.020836","2343","6","0","0","0","0","0","0","0","0","","0","0","0","23","3","0","","1","0","40 06:38.538","","0","75 01:15.009","0","0","0","0","67301","0","0","0","N","0","0","0","2","67301","0","","1.0","","1","N","N","N","0","","0","0","1","3","3","","2305","2","0","0","0","0","0","0","2","0","2","0","0","0","3","","","N","","","","","","","","","",""
"2022000079","1107","1","0","0","0","0","0","0","0","0","4","0","","67","1","2022","7","39.957849","-75.191055","1107","6","0","0","0","0","1","0","0","0","","0","0","0","11","1","0","","2","0","39 57:28.256","","0","75 11:27.798","0","0","0","0","67301","0","0","0","N","0","0","0","2","67507","0","","1.0","","9","N","N","N","0","","0","0","1","0","0","","1105","2","0","0","0","0","0","0","2","0","2","0","0","0","7","","","N","","","","","","","","","",""
"2022032530","2340","0","0","0","0","0","0","1","0","0","4","1","","67","3","2022","5","39.949615","-75.15391","2330","6","0","0","0","0","0","0","0","0","","0","0","0","23","3","3","","1","0","39 56:58.614","","0","75 09:14.075","8","0","0","0","67301","0","0","0","N","0","0","0","3","67508","0","","1.0","","98","N","N","Y","0","","0","0","1","9","2","N","2325","2","3","0","0","0","3","0","2","0","2","0","0","0","98","98","","N","","","","","","","","","",""
"2022032885","0653","1","0","0","0","0","0","0","0","0","5","0","","67","4","2022","7","40.05139","-75.185112","0652","6","0","0","0","0","0","0","0","0","","0","0","0","6","5","0","N","0","1","40 03:05.005","1","0","75 11:06.403","0","0","0","0","67301","0","0","0","N","0","0","0","1","67301","0","","2.0","800.0","1","N","N","N","0","","0","0","1","0","0","Y","647","2","0","1","0","0","0","0","2","0","2","0","0","0","3","03","","N","","","","","","","","","",""
"2022010863","0825","1","0","0","0","0","0","1","0","0","6","1","","67","1","2022","3","39.945965","-75.241151","0817","6","0","0","0","0","0","1","0","0","","0","0","0","8","1","0","N","0","2","39 56:45.473","6","0","75 14:28.144","0","0","0","0","67301","0","0","0","N","0","0","0","7","67301","0","","1.0","1600.0","1","Y","N","N","0","","0","0","0","0","0","Y","817","2","0","0","0","0","0","0","2","0","2","0","0","0","3","03","","N","","","","","","","","","",""
"2022030903","0259","1","0","0","0","0","0","0","0","0","7","0","","67","3","2022","7","39.945158","-75.142686","0255","6","0","0","0","0","0","0","0","0","","0","0","0","2","3","0","N","0","0","39 56:42.567","","0","75 08:33.669","0","0","0","0","67301","0","0","0","N","0","0","0","1","68K01","0","","4.0","","1","N","N","N","0","","0","0","0","0","0","","247","1","0","0","0","0","0","0","2","0","1","0","0","0","3","03","","N","","","","","","","","","",""
"2022004662","0410","1","0","0","0","0","0","0","0","0","0","0","","67","1","2022","7","39.981049","-75.206636","0358","6","0","0","0","0","0","0","0","0","","0","0","0","3","3","1","N","0","1","39 58:51.776","3","0","75 12:23.890","2","0","0","0","67301","0","0","0","N","0","0","0","1","68K01","0","","2.0","500.0","9","N","N","N","0","","0","1","0","0","0","N","358","1","1","1","0","1","0","0","2","0","1","0","0","0","7","","","N","","","","","","","","","",""
"2022004537","0035","1","0","0","0","0","0","0","0","0","7","0","","67","1","2022","6","40.015247","-75.16985","0033","6","0","0","0","0","0","0","1","0","","0","0","0","0","3","1","","1","0","40 00:54.888","","0","75 10:11.461","3","0","0","0","67301","0","0","0","N","0","0","0","1","67301","0","","4.0","","1","N","N","N","0","","1","0","0","3","2","","5","1","1","0","0","0","0","0","2","0","1","0","0","0","3","03","","N","","","","","","","","","",""
"2022031059","1724","3","0","0","0","0","0","0","0","0","4","0","","67","3","2022","2","40.056362","-75.075135","1717","6","0","0","0","0","0","0","0","1","","0","0","0","17","1","1","","1","1","40 03:22.903","3","0","75 04:30.486","3","0","0","0","67301","0","0","0","N","0","0","0","2","67301","0","","1.0","100.0","1","N","N","N","0","","1","0","0","3","2","N","1715","3","1","0","0","0","0","0","2","0","3","0","0","0","3","03","","N","","","","","","","","","",""
"2022004179","1635","1","0","0","0","0","0","0","0","0","8","0","","67","1","2022","5","39.920633","-75.170429","1604","6","0","0","0","0","0","0","0","0","","0","0","0","14","1","1","","1","0","39 55:14.279","","0","75 10:13.546","3","0","0","0","67301","1","0","0","N","1","0","0","2","67301","0","","1.0","","1","N","N","N","0","","1","0","0","3","2","","1449","2","1","0","0","0","0","0","2","0","1","1","0","0","3","03","","N","","","","","","","","","",""
"2022002996","1023","1","0","0","0","0","0","0","0","0","7","0","","67","1","2022","1","39.959848","-75.178584","1018","6","0","0","0","0","0","0","0","0","","0","0","0","10","1","0","N","0","1","39 57:35.452","3","3","75 10:42.902","0","0","0","0","67301","0","0","0","N","0","0","0","1","68K01","0","","3.0","1131.0","9","N","N","N","0","","0","0","0","0","0","N","1016","1","0","1","0","0","0","0","2","0","1","0","0","0","3","03","","N","","","","","","","","","",""
"2022004250","1752","2","0","0","0","0","0","0","0","0","4","0","","67","1","2022","6","39.973833","-75.206444","1752","6","0","0","0","0","0","1","0","0","","0","0","0","17","3","4","","1","0","39 58:25.797","","0","75 12:23.198","4","0","0","0","67301","0","0","0","N","0","0","0","4","67301","4","","1.0","","2","N","N","N","0","","0","0","0","3","2","","1740","2","4","0","0","0","0","0","2","0","2","0","0","0","3","03","","N","","","","","","","","","",""
"2022029657","0910","2","0","0","0","0","0","0","0","0","2","0","","67","3","2022","5","40.01294","-75.150329","0903","6","0","0","0","0","0","0","0","0","","0","0","0","8","1","0","N","0","1","40 00:46.583","2","7","75 09:01.185","9","0","0","0","67301","0","0","0","N","0","0","0","2","67301","0","","1.0","935.0","9","N","N","N","0","","0","0","0","0","0","N","855","2","0","0","0","0","0","1","2","0","2","0","0","0","7","07","","N","","","","","","","","","",""
"2022004173","2152","1","0","0","0","0","0","0","0","0","4","0","","67","1","2022","7","40.042225","-75.080163","2152","6","0","0","0","0","0","0","0","0","","0","0","0","17","1","1","","1","0","40 02:32.010","","0","75 04:48.588","3","0","0","0","67301","0","0","0","N","0","0","0","2","67301","0","","1.0","","99","N","N","N","0","","1","0","0","3","3","","1750","2","1","0","0","0","0","0","2","1","2","0","0","0","3","03","","N","","","","","","","","","",""
"2022004294","1030","2","0","0","0","0","0","0","0","0","5","0","","67","1","2022","3","40.022783","-75.197642","1008","6","0","0","0","0","0","0","0","0","","0","0","0","9","1","0","N","0","0","40 01:22.020","","0","75 11:51.510","0","0","0","0","67301","0","0","0","N","0","0","0","2","67301","0","","1.0","","1","N","N","N","0","","0","0","0","0","0","","922","2","0","0","0","0","0","0","2","0","2","0","0","0","3","03","","N","","","","","","","","","",""
"2022029279","1743","2","0","0","0","0","0","0","0","0","1","1","","67","3","2022","2","40.04274","-75.113559","1743","6","0","0","1","0","0","0","0","0","","0","1","0","17","1","2","","1","0","40 02:33.864","","0","75 06:48.811","3","0","0","0","67301","0","0","0","N","0","0","0","6","67301","0","","1.0","","1","N","N","N","0","","2","0","0","3","2","","1735","3","2","0","0","0","0","0","2","0","3","0","0","0","3","03","","N","","","","","","","","","",""
"2022004221","0000","1","0","0","0","0","0","0","0","0","4","0","","67","1","2022","7","40.036981","-75.178493","0046","6","0","0","0","0","0","1","0","0","","0","0","0","0","3","0","","2","0","40 02:13.131","","0","75 10:42.574","0","0","0","0","67301","0","0","0","N","0","0","0","1","67301","0","","1.0","","9","N","N","N","0","","0","0","1","3","3","","0","2","0","1","0","0","0","0","2","0","2","0","0","0","3","03","","N","","","","","","","","","",""
"2022032922","1620","0","0","0","0","0","0","0","0","0","8","0","","67","3","2022","4","39.998253","-75.127342","1620","6","0","0","0","0","0","0","0","0","","0","0","0","13","1","1","","1","0","39 59:53.709","","0","75 07:38.432","2","0","0","0","67301","1","0","1","N","1","0","1","2","67301","0","","9.0","","1","N","Y","N","0","","0","1","0","9","2","","1310","2","1","0","0","0","0","0","2","0","1","1","0","1","3","03","","N","","","","","","","","","",""
"2022021039","0759","3","0","0","0","0","0","0","0","0","5","0","","67","1","2022","2","40.032566","-75.124186","0756","6","0","0","0","0","0","0","0","0","","0","0","0","7","1","2","","1","0","40 01:57.237","","1","75 07:27.069","3","0","0","0","67301","0","0","0","N","0","0","0","3","67301","0","","1.0","","1","N","N","N","0","","2","0","2","3","2","","754","6","2","0","0","0","0","0","2","1","6","0","0","0","4","04","","N","","","","","","","","","",""
"2022033730","2133","1","0","0","0","0","0","0","0","0","4","0","","67","3","2022","5","40.031926","-75.021374","2125","6","0","0","0","0","0","0","0","0","","0","0","0","21","4","0","N","0","2","40 01:54.933","2","0","75 01:16.946","0","0","0","0","67301","0","0","0","N","0","0","0","1","68T07","0","","5.0","2150.0","9","N","N","N","0","","0","0","0","0","0","N","2125","1","0","0","0","0","0","0","2","0","1","0","0","0","7","","","N","","","","","","","","","",""
"2022004461","1800","1","0","0","0","0","0","0","0","0","1","0","","67","1","2022","4","39.957637","-75.160083","1748","6","0","0","0","0","0","0","0","0","","0","0","0","17","3","0","N","0","1","39 57:27.492","4","0","75 09:36.298","0","0","0","0","67301","0","0","0","N","0","0","0","2","68K01","0","","1.0","1845.0","1","N","N","N","0","","0","0","1","0","0","Y","1745","2","0","0","0","0","0","0","2","0","2","0","0","0","3","","","N","","","","","","","","","",""
"2022001474","1133","0","0","0","0","0","0","0","0","0","0","0","","67","1","2022","7","40.045781","-75.000247","1133","6","0","0","0","0","0","0","0","0","","0","0","0","11","1","0","N","0","0","40 02:44.813","","2","75 00:00.889","0","0","0","0","67301","0","0","0","N","0","0","0","1","68K01","0","","4.0","","9","N","N","N","0","","0","0","1","0","0","","1130","1","0","0","0","0","0","0","2","0","1","0","0","0","7","07","","N","","","","","","","","","",""
"2022000453","0140","1","0","0","0","0","0","0","0","0","4","0","","67","1","2022","7","40.039237","-75.066819","0130","6","0","0","0","0","0","0","0","0","","0","0","0","1","3","1","","1","1","40 02:21.254","4","0","75 04:00.550","3","0","0","0","67301","0","0","0","N","0","0","0","3","67301","0","","1.0","256.0","9","N","N","N","0","","1","0","1","3","2","N","128","2","1","0","0","0","0","0","2","0","2","0","0","0","3","05","","N","","","","","","","","","",""
"2022004295","1030","2","0","0","0","0","0","0","0","0","1","0","","67","1","2022","3","40.021569","-75.199925","1008","6","0","0","0","0","0","0","0","0","","0","0","0","9","1","0","N","0","0","40 01:17.650","","0","75 11:59.730","0","0","0","0","67301","0","0","0","N","0","0","0","2","67301","0","","1.0","","1","N","N","N","0","","0","0","0","0","0","","922","2","0","0","0","0","0","0","2","0","2","0","0","0","3","03","","N","","","","","","","","","",""
"2022010843","0141","1","0","0","0","0","0","0","0","0","7","0","","67","1","2022","2","40.013777","-75.070645","0137","6","0","0","0","0","0","0","0","0","","0","0","0","1","3","0","N","0","1","40 00:49.596","6","0","75 04:14.323","0","0","0","0","67301","0","0","0","N","0","0","0","1","67301","0","","4.0","230.0","1","N","N","N","0","","0","0","0","0","0","Y","120","1","0","0","0","0","0","0","2","0","1","0","0","0","3","03","","N","","","","","","","","","",""
"2022032310","1848","3","0","0","0","0","0","0","0","0","1","0","","67","3","2022","7","39.943733","-75.192244","1841","6","0","0","0","0","0","0","0","0","","0","0","0","18","4","1","N","0","2","39 56:37.438","4","3","75 11:32.080","4","0","0","0","67301","0","0","0","N","0","0","0","4","68K01","1","","1.0","20.0","1","N","N","N","0","","0","0","0","0","0","N","1835","4","1","0","0","0","0","1","2","0","4","0","0","0","3","","","N","","","","","","","","","",""
"2022032939","0418","2","0","0","0","0","0","0","0","0","4","0","","67","4","2022","1","40.052833","-75.131758","0415","6","0","0","0","0","0","0","0","0","","0","0","0","4","3","0","N","0","0","40 03:10.200","","0","75 07:54.330","0","0","0","0","67301","0","0","0","N","0","0","0","1","67301","0","","1.0","","1","N","N","N","0","","0","0","0","0","0","","400","2","0","0","0","0","0","0","2","0","2","0","0","0","3","","","N","","","","","","","","","",""
"2022031992","1833","2","0","0","0","0","0","0","0","0","1","0","","67","2","2022","3","39.924146","-75.147194","1815","6","0","0","0","0","0","1","0","0","","0","0","0","18","3","2","N","0","0","39 55:26.924","","0","75 08:49.898","3","0","0","0","67301","0","0","0","N","0","0","0","2","68K01","1","","1.0","","1","N","N","N","0","","1","0","0","0","0","","1812","2","2","0","0","0","0","0","2","0","2","0","0","0","3","","","N","","","","","","","","","",""
"2022028010","0749","2","0","0","0","0","0","0","0","0","1","0","","67","3","2022","3","39.948536","-75.185645","0729","6","0","0","0","0","0","0","0","0","","0","0","0","7","5","0","N","6","2","39 56:54.730","4","2","75 11:08.323","0","0","0","0","67301","0","0","0","N","0","0","0","3","68K01","0","","1.0","835.0","1","N","N","N","0","","0","0","1","0","0","N","726","3","0","0","0","0","0","0","2","0","3","0","0","0","3","","","N","","","","","","","","","",""
"2022027871","0532","1","0","0","0","0","0","0","0","0","7","0","","67","3","2022","7","39.957541","-75.147894","0521","6","0","0","0","0","0","0","0","0","","0","0","0","5","3","0","N","0","1","39 57:27.147","3","0","75 08:52.420","0","0","0","0","67301","0","0","0","N","0","0","0","1","68K01","0","","4.0","600.0","9","N","N","N","0","","0","0","0","0","0","N","509","1","0","0","0","0","0","0","2","0","1","0","0","0","7","","","N","","","","","","","","","",""
"2022033058","0850","0","0","0","0","0","0","0","0","0","1","0","","67","3","2022","5","39.943109","-75.14281","0833","6","0","0","0","0","0","0","0","0","","0","0","0","8","1","1","N","0","0","39 56:35.191","","0","75 08:34.117","3","0","0","0","67301","0","0","0","N","0","0","0","2","68T07","0","","1.0","","1","N","N","N","0","","1","0","2","0","0","","829","2","1","0","0","0","0","0","2","0","2","0","0","0","4","04","","N","","","","","","","","","",""
"2022032399","0903","1","0","0","0","0","0","0","0","0","1","0","","67","3","2022","3","40.019206","-75.045532","0857","6","0","0","0","0","0","0","0","0","","0","0","0","8","1","0","N","0","1","40 01:09.142","1","0","75 02:43.915","0","0","0","0","67301","0","0","0","N","0","0","0","3","68K01","0","","1.0","900.0","1","N","N","N","0","","0","0","2","0","0","N","855","3","0","0","0","0","0","0","2","0","3","0","0","0","3","03","","N","","","","","","","","","",""
"2022029170","1300","1","0","0","0","0","0","0","0","0","8","0","","67","3","2022","7","39.919554","-75.152051","1256","6","0","0","0","0","0","0","0","1","","0","0","0","12","1","1","","1","0","39 55:10.395","","0","75 09:07.382","3","0","0","0","67301","1","0","0","N","1","0","0","2","67301","0","","1.0","","1","N","N","N","0","","1","0","0","0","0","","1200","2","1","0","0","0","0","0","2","0","1","1","0","0","3","","","N","","","","","","","","","",""
"2022032847","1112","2","0","0","0","0","0","0","0","0","1","0","","67","3","2022","5","39.916829","-75.171324","1112","6","0","0","0","0","0","0","0","0","","0","0","0","9","1","1","","2","0","39 55:00.583","","7","75 10:16.768","8","0","0","0","67301","0","0","0","N","0","0","0","2","67301","0","","1.0","","99","N","N","N","0","","0","0","0","9","2","","900","2","1","0","0","0","1","0","2","0","2","0","0","0","99","","","N","","","","","","","","","",""
"2022004280","2256","2","0","0","0","0","0","0","0","0","4","0","","67","1","2022","2","39.995453","-75.1415","2255","6","0","0","0","0","0","0","0","0","","0","0","0","22","3","1","","1","0","39 59:43.630","","0","75 08:29.400","8","0","0","0","67301","0","0","0","N","0","0","0","2","67301","0","","1.0","","1","N","N","N","0","","0","0","2","3","2","","2250","4","1","0","0","0","1","0","2","0","4","0","0","0","3","03","","N","","","","","","","","","",""