"CRN","ARRIVAL_TM","AUTOMOBILE_COUNT","BELTED_DEATH_COUNT","BELTED_SUSP_SERIOUS_INJ_COUNT","BICYCLE_COUNT","BICYCLE_DEATH_COUNT","BICYCLE_SUSP_SERIOUS_INJ_COUNT","BUS_COUNT","CHLDPAS_DEATH_COUNT","CHLDPAS_SUSP_SERIOUS_INJ_COUNT","COLLISION_TYPE","COMM_VEH_COUNT","CONS_ZONE_SPD_LIM","COUNTY","CRASH_MONTH","CRASH_YEAR","DAY_OF_WEEK","DEC_LATITUDE","DEC_LONGITUDE","DISPATCH_TM","DISTRICT","DRIVER_COUNT_16YR","DRIVER_COUNT_17YR","DRIVER_COUNT_18YR","DRIVER_COUNT_19YR","DRIVER_COUNT_20YR","DRIVER_COUNT_50_64YR","DRIVER_COUNT_65_74YR","DRIVER_COUNT_75PLUS","EST_HRS_CLOSED","FATAL_COUNT","HEAVY_TRUCK_COUNT","HORSE_BUGGY_COUNT","HOUR_OF_DAY","ILLUMINATION","INJURY_COUNT","INTERSECTION_RELATED","INTERSECT_TYPE","LANE_CLOSED","LATITUDE","LN_CLOSE_DIR","LOCATION_TYPE","LONGITUDE","MAX_SEVERITY_LEVEL","MCYCLE_DEATH_COUNT","MCYCLE_SUSP_SERIOUS_INJ_COUNT","MOTORCYCLE_COUNT","MUNICIPALITY","NONMOTR_COUNT","NONMOTR_DEATH_COUNT","NONMOTR_SUSP_SERIOUS_INJ_COUNT","NTFY_HIWY_MAINT","PED_COUNT","PED_DEATH_COUNT","PED_SUSP_SERIOUS_INJ_COUNT","PERSON_COUNT","POLICE_AGCY","POSSIBLE_INJ_COUNT","RDWY_SURF_TYPE_CD","RELATION_TO_ROAD","ROADWAY_CLEARED","ROAD_CONDITION","SCH_BUS_IND","SCH_ZONE_IND","SECONDARY_CRASH","SMALL_TRUCK_COUNT","SPEC_JURIS_CD","SUSP_MINOR_INJ_COUNT","SUSP_SERIOUS_INJ_COUNT","SUV_COUNT","TCD_FUNC_CD","TCD_TYPE","TFC_DETOUR_IND","TIME_OF_DAY","TOTAL_UNITS","TOT_INJ_COUNT","UNBELTED_OCC_COUNT","UNB_DEATH_COUNT","UNB_SUSP_SERIOUS_INJ_COUNT","UNK_INJ_DEG_COUNT","UNK_INJ_PER_COUNT","URBAN_RURAL","VAN_COUNT","VEHICLE_COUNT","VULNERABLE_ROAD_USER_COUNT","VULNERABLE_ROAD_USER_DEATH_COUNT","VULNERABLE_ROAD_USER_SER_INJ_COUNT","WEATHER1","WEATHER2","WORKERS_PRES","WORK_ZONE_IND","WORK_ZONE_LOC","WORK_ZONE_TYPE","WZ_CLOSE_DETOUR","WZ_FLAGGER","WZ_LAW_OFFCR_IND","WZ_LN_CLOSURE","WZ_MOVING","WZ_OTHER","WZ_SHLDER_MDN","WZ_WORKERS_INJ_KILLED"
"2022032296","1221","1","0","0","0","0","0","0","0","0","5","1","","67","3","2022","7","39.973588","-75.119306","1210","6","0","0","0","0","0","1","0","0","","0","1","0","12","1","1","N","0","1","39 58:24.916","1","0","75 07:09.502","8","0","0","0","67301","0","0","0","N","0","0","0","2","68K01","0","","1.0","1245.0","9","N","N","N","0","","0","0","0","0","0","N","1208","2","1","0","0","0","1","0","2","0","2","0","0","0","7","","","N","","","","","","","","","",""
"2022004238","2030","1","0","0","0","0","0","0","0","0","5","0","","67","1","2022","5","40.008888","-75.071869","2028","6","0","0","0","0","0","0","0","0","","0","0","0","20","3","1","","5","1","40 00:31.996","2","0","75 04:18.728","8","0","0","0","67301","0","0","0","N","0","0","0","3","67301","0","","1.0","30.0","1","N","N","N","0","","0","0","2","3","2","N","2015","3","1","0","0","0","1","0","2","0","3","0","0","0","3","","","N","","","","","","","","","",""
"2022029290","0117","0","0","0","0","0","0","0","0","0","7","0","","67","3","2022","4","39.995428","-75.155975","0115","6","0","0","0","0","0","0","0","0","","0","0","0","1","3","0","N","0","0","39 59:43.540","","0","75 09:21.510","0","0","0","0","67301","0","0","0","N","0","0","0","1","67301","0","","5.0","","1","N","N","N","0","","0","0","1","0","0","","100","1","0","0","0","0","0","0","2","0","1","0","0","0","3","03","","N","","","","","","","","","",""
"2022004188","0938","1","0","0","0","0","0","0","0","0","1","0","","67","1","2022","3","40.118399","-75.018358","0924","6","0","0","0","0","0","1","0","0","","0","0","0","9","1","1","N","0","0","40 07:06.237","","7","75 01:06.089","4","0","0","0","67301","0","0","0","N","0","0","0","4","67301","1","","1.0","","1","N","N","Y","0","","0","0","2","0","0","","920","3","1","0","0","0","0","0","2","0","3","0","0","0","3","","","N","","","","","","","","","",""
"2022029212","1642","2","0","0","0","0","0","0","0","0","2","0","","67","3","2022","4","40.063559","-75.193593","1636","6","0","0","0","0","0","1","0","0","","0","0","0","16","1","1","N","0","0","40 03:48.813","","0","75 11:36.934","2","0","0","0","67301","0","0","0","N","0","0","0","1","67301","0","","1.0","","1","N","N","N","0","","0","1","0","0","0","","1635","2","1","0","0","0","0","0","2","0","2","0","0","0","3","03","","N","","","","","","","","","",""
"2022029244","1316","2","0","0","0","0","0","0","0","0","2","0","","67","3","2022","3","39.975577","-75.186543","1311","6","0","0","0","0","0","0","0","0","","0","0","0","13","1","1","","1","2","39 58:32.077","1","0","75 11:11.554","3","0","0","0","67301","0","0","0","N","0","0","0","2","67301","0","","1.0","30.0","1","N","N","N","0","","1","0","0","3","3","N","1310","2","1","0","0","0","0","0","2","0","2","0","0","0","3","03","","N","","","","","","","","","",""
"2022024373","2355","1","0","0","0","0","0","0","0","0","1","0","","67","1","2022","2","39.989398","-75.167695","2354","6","0","0","0","0","0","0","0","0","","0","0","0","23","3","1","N","0","0","39 59:21.834","","0","75 10:03.701","3","0","0","0","67301","0","0","0","N","0","0","0","1","67301","0","","6.0","","9","N","N","N","1","","1","0","0","0","0","","2305","3","1","0","0","0","0","0","2","1","3","0","0","0","7","09","","N","","","","","","","","","",""
"2022029424","1322","1","0","0","0","0","0","0","0","0","8","0","","67","3","2022","4","39.999674","-75.098989","1322","6","0","0","0","0","0","0","0","0","","0","0","0","13","1","1","","1","0","39 59:58.827","","0","75 05:56.359","3","0","0","0","67301","1","0","0","N","1","0","0","4","67301","0","","1.0","","1","N","N","N","0","","1","0","0","3","2","","1322","2","1","3","0","0","0","0","2","0","1","1","0","0","3","03","","N","","","","","","","","","",""
"2022029225","1210","0","0","0","0","0","0","0","0","0","4","2","","67","3","2022","3","40.026408","-75.027846","1200","6","0","0","0","0","0","0","0","0","","0","2","0","12","1","0","","1","1","40 01:35.067","4","2","75 01:40.247","0","0","0","0","67301","0","0","0","N","0","0","0","2","67301","0","","1.0","1330.0","1","N","N","N","0","","0","0","0","3","2","N","1200","2","0","0","0","0","0","0","2","0","2","0","0","0","3","03","","N","","","","","","","","","",""
"2022029172","1220","1","0","0","0","0","0","0","0","0","1","0","","67","2","2022","4","40.033993","-75.208382","1213","6","0","0","1","0","0","0","0","0","","0","0","0","12","1","0","N","0","0","40 02:02.376","","0","75 12:30.174","0","0","0","0","67301","0","0","0","N","0","0","0","2","67301","0","","1.0","","1","N","N","N","0","","0","0","1","3","2","","1213","2","0","1","0","0","0","0","2","0","2","0","0","0","3","03","","N","","","","","","","","","",""
"2022028731","1245","0","0","0","0","0","0","0","0","0","1","1","","67","3","2022","3","39.957028","-75.180293","1234","6","0","0","0","0","0","1","0","0","","0","1","0","12","1","1","N","0","0","39 57:25.299","","0","75 10:49.056","8","0","0","0","67301","0","0","0","N","0","0","0","6","68K01","0","","1.0","","1","N","N","N","0","","0","0","1","0","0","","1232","2","1","0","0","0","1","0","2","0","2","0","0","0","3","","","N","","","","","","","","","",""
"2022002980","1934","0","0","0","0","0","0","0","0","0","1","0","","67","1","2022","6","39.892557","-75.224881","1921","6","0","0","0","0","0","1","0","0","","0","0","0","18","3","0","N","0","1","39 53:33.205","2","3","75 13:29.570","0","0","0","0","67301","0","0","0","N","0","0","0","4","68K01","0","","1.0","2000.0","1","N","N","N","1","","0","0","1","0","0","N","1828","2","0","0","0","0","0","0","2","0","2","0","0","0","3","03","","N","","","","","","","","","",""
"2022029209","2344","1","0","0","0","0","0","0","0","0","7","0","","67","3","2022","7","40.062969","-75.202143","2344","6","0","0","0","0","0","0","0","0","","0","0","0","23","3","0","","2","0","40 03:46.688","","0","75 12:07.714","0","0","0","0","67301","0","0","0","N","0","0","0","1","67301","0","","5.0","","9","N","N","N","0","","0","0","0","0","0","","2338","1","0","0","0","0","0","0","2","0","1","0","0","0","3","","","N","","","","","","","","","",""
"2022029220","1645","0","0","0","0","0","0","0","0","0","4","0","","67","3","2022","5","40.008621","-75.068836","1615","6","0","0","0","0","0","1","0","0","","0","0","0","16","1","1","","7","1","40 00:31.034","3","2","75 04:07.810","3","0","0","0","67301","0","0","0","N","0","0","0","2","67301","0","","1.0","1752.0","9","N","N","N","0","","1","0","2","0","0","N","1609","2","1","0","0","0","0","0","2","0","2","0","0","0","7","07","","N","","","","","","","","","",""
"2022029257","1842","4","0","0","0","0","0","0","0","0","4","0","","67","3","2022","7","39.971403","-75.127137","1842","6","0","0","0","0","0","0","0","0","","0","0","0","18","3","3","","1","0","39 58:17.050","","0","75 07:37.694","3","0","0","0","67301","0","0","0","N","0","0","0","3","67301","0","","1.0","","9","N","N","N","0","","3","0","0","3","2","","1841","4","3","0","0","0","0","0","2","0","4","0","0","0","6","","","N","","","","","","","","","",""
"2022029189","2258","1","0","0","0","0","0","0","0","0","8","0","","67","3","2022","2","40.069172","-75.007253","2258","6","0","0","0","0","0","0","0","0","","0","0","0","21","3","1","N","0","0","40 04:09.018","","7","75 00:26.111","4","0","0","0","67301","1","0","0","N","1","0","0","2","67301","1","","5.0","","99","N","N","N","0","","0","0","0","0","0","","2158","2","1","0","0","0","0","0","2","0","1","1","0","0","3","03","","N","","","","","","","","","",""
"2022029262","0932","1","0","0","0","0","0","0","0","0","1","1","","67","3","2022","2","39.978758","-75.121875","0932","6","0","0","0","0","0","0","0","0","","0","1","0","9","1","0","N","0","0","39 58:43.530","","0","75 07:18.750","0","0","0","0","67301","0","0","0","N","0","0","0","1","67301","0","","6.0","","1","N","N","N","0","","0","0","0","0","0","","920","2","0","0","0","0","0","0","2","0","2","0","0","0","3","","","N","","","","","","","","","",""
"2022004171","1112","0","0","0","0","0","0","0","0","0","4","0","","67","1","2022","5","40.056076","-75.064027","1111","6","0","0","0","0","0","0","1","1","","0","0","0","11","1","2","","1","1","40 03:21.873","3","0","75 03:50.497","3","0","0","0","67301","0","0","0","N","0","0","0","2","67301","0","","1.0","22.0","1","N","N","N","0","","2","0","2","3","2","N","1107","2","2","0","0","0","0","0","2","0","2","0","0","0","3","","","N","","","","","","","","","",""
"2022014525","1558","1","0","0","0","0","0","0","0","0","4","0","","67","1","2022","4","39.897408","-75.175532","1557","6","0","0","0","0","0","0","0","1","","0","0","0","15","1","0","","1","1","39 53:50.668","7","0","75 10:31.915","0","0","0","0","67301","0","0","0","N","0","0","0","2","67301","0","","1.0","1610.0","1","N","N","N","0","","0","0","1","3","2","N","1557","2","0","0","0","0","0","0","2","0","2","0","0","0","3","","","N","","","","","","","","","",""
"2022019571","0259","3","0","0","0","0","0","0","0","0","5","0","","67","1","2022","4","39.963917","-75.170861","0259","6","0","0","0","0","0","0","0","0","","0","0","0","2","2","0","N","0","0","39 57:50.100","","0","75 10:15.100","0","0","0","0","67301","0","0","0","N","0","0","0","1","67301","0","","6.0","","1","N","N","N","0","","0","0","1","0","0","","250","4","0","0","0","0","0","0","2","0","4","0","0","0","3","03","","N","","","","","","","","","",""
"2022004242","1044","1","0","0","0","0","0","0","0","0","1","0","","67","1","2022","1","40.008622","-75.091131","1033","6","0","0","0","0","0","0","0","0","","0","0","0","10","1","0","Y","0","1","40 00:31.040","2","1","75 05:28.070","0","0","0","0","67301","0","0","0","N","0","0","0","2","67301","0","","1.0","1117.0","8","N","N","N","0","","0","0","1","3","2","N","1031","2","0","0","0","0","0","0","2","0","2","0","0","0","6","","","N","","","","","","","","","",""
"2022004198","1550","1","0","0","0","0","0","0","0","0","8","0","","67","1","2022","2","40.066401","-74.982159","1540","6","0","0","0","0","0","1","0","0","","0","0","0","15","1","1","","1","0","40 03:59.042","","0","74 58:55.772","8","0","0","0","67301","1","0","0","N","1","0","0","2","67301","0","","1.0","","1","N","N","Y","0","","0","0","0","0","0","","1531","2","1","0","0","0","1","0","2","0","1","1","0","0","3","03","","N","","","","","","","","","",""
"2022004296","1345","2","0","0","0","0","0","0","0","0","1","0","","67","1","2022","7","40.009827","-75.155705","1345","6","0","0","0","0","0","0","0","0","","0","0","0","18","3","4","N","0","0","40 00:35.377","","0","75 09:20.538","3","0","0","0","67301","0","0","0","N","0","0","0","6","67301","0","","1.0","","1","N","N","Y","0","","4","0","1","0","0","","1830","3","4","0","0","0","0","0","2","0","3","0","0","0","7","","","N","","","","","","","","","",""
"2022029241","1206","2","0","0","0","0","0","0","0","0","4","0","","67","3","2022","3","39.97489","-75.166899","1205","6","0","0","0","0","0","0","0","0","","0","0","0","23","3","0","","1","0","39 58:29.603","","0","75 10:00.838","0","0","0","0","67301","0","0","0","N","0","0","0","2","67301","0","","1.0","","1","N","N","N","0","","0","0","0","3","3","","2330","2","0","2","0","0","0","0","2","0","2","0","0","0","3","04","","N","","","","","","","","","",""
"2022032693","0449","1","0","0","0","0","0","0","0","0","7","0","","67","3","2022","6","40.000918","-75.194718","0447","6","0","0","0","0","0","0","0","0","","0","0","0","4","3","1","N","0","2","40 00:03.306","4","0","75 11:40.986","3","0","0","0","67301","0","0","0","N","0","0","0","1","68K01","0","","2.0","530.0","1","N","N","N","0","","1","0","0","0","0","Y","444","1","1","0","0","0","0","0","2","0","1","0","0","0","3","03","","N","","","","","","","","","",""
"2022032301","2057","1","0","0","0","0","0","0","0","0","7","0","","67","3","2022","5","40.034509","-75.018911","2042","6","0","0","0","0","0","0","0","0","","0","0","0","20","3","0","N","0","0","40 02:04.231","","0","75 01:08.081","0","0","0","0","67301","0","0","0","N","0","0","0","1","68K01","0","","2.0","","9","N","N","N","0","","0","0","0","0","0","","2041","1","0","0","0","0","0","0","2","0","1","0","0","0","7","","","N","","","","","","","","","",""
"2022005737","1442","0","0","0","0","0","0","1","0","0","8","1","","67","1","2022","2","40.0455","-75.164866","1425","6","0","0","0","0","0","0","0","0","","0","0","0","14","1","1","","1","0","40 02:43.799","","0","75 09:53.518","4","0","0","0","67301","1","0","0","N","1","0","0","2","67508","1","","1.0","","1","N","N","Y","0","","0","0","0","3","2","","1425","2","1","0","0","0","0","0","2","0","1","1","0","0","3","03","","N","","","","","","","","","",""
"2022012033","2250","0","0","0","0","0","0","1","0","0","1","1","","67","1","2022","3","40.063383","-74.985579","2230","6","0","0","0","0","0","0","0","0","","0","0","0","22","3","0","","2","0","40 03:48.178","","0","74 59:08.084","0","0","0","0","67301","0","0","0","N","0","0","0","2","67508","0","","1.0","","1","N","N","Y","0","","0","0","1","3","2","","2233","2","0","0","0","0","0","0","2","0","2","0","0","0","3","03","","N","","","","","","","","","",""
"2022010903","2010","1","0","0","1","0","0","0","0","0","8","0","","67","1","2022","4","40.021009","-75.148572","2010","6","0","0","0","0","0","0","0","0","","0","0","0","18","3","1","N","0","9","40 01:15.632","","7","75 08:54.860","3","0","0","0","67301","1","0","0","N","0","0","0","2","67301","0","","5.0","","1","N","N","N","0","","1","0","0","0","0","","1833","2","1","0","0","0","0","0","2","0","1","1","0","0","3","","","N","","","","","","","","","",""
"2022002081","0613","0","0","0","0","0","0","0","0","0","7","0","","67","1","2022","6","39.910417","-75.1585","0610","6","0","0","0","0","0","0","0","0","","0","0","0","6","3","1","N","0","0","39 54:37.500","","3","75 09:30.600","8","0","0","0","67301","0","0","0","N","0","0","0","1","67501","0","","4.0","","9","N","N","N","0","","0","0","1","0","0","","610","1","1","0","0","0","1","0","2","0","1","0","0","0","10","","","N","","","","","","","","","",""
"2022002551","1409","1","0","0","0","0","0","0","0","0","1","0","","67","1","2022","2","39.908167","-75.146917","1409","6","0","0","0","0","0","1","0","0","","0","0","0","14","1","1","N","0","1","39 54:29.400","3","3","75 08:48.900","8","0","0","0","67301","0","0","0","N","0","0","0","2","67501","0","","1.0","1425.0","1","N","N","N","1","","0","0","0","0","0","N","1409","2","1","0","0","0","1","0","2","0","2","0","0","0","3","03","","N","","","","","","","","","",""
"2022027985","0047","1","0","0","0","0","0","0","0","0","7","0","","67","3","2022","7","39.94215","-75.142983","0047","6","0","0","0","0","0","0","0","0","","0","0","0","0","3","0","N","0","1","39 56:31.740","1","0","75 08:34.740","0","0","0","0","67301","0","0","0","N","0","0","0","1","68K01","0","","2.0","100.0","1","N","N","N","0","","0","0","0","0","0","N","41","1","0","0","0","0","0","0","2","0","1","0","0","0","3","03","","N","","","","","","","","","",""
"2022004184","0224","2","0","0","0","0","0","0","0","0","5","0","","67","1","2022","7","39.948848","-75.160256","0224","6","0","0","0","0","0","0","0","0","","0","0","0","2","3","0","N","0","0","39 56:55.854","","0","75 09:36.922","0","0","0","0","67301","0","0","0","N","0","0","0","6","67301","0","","1.0","","6","N","N","N","0","","0","0","0","0","0","","220","3","0","3","0","0","0","0","2","0","3","0","0","0","3","","","N","","","","","","","","","",""
"2022027735","1648","0","0","0","0","0","0","1","0","0","8","1","","67","3","2022","6","40.029568","-75.080872","1642","6","0","0","0","0","0","0","0","0","","0","0","0","16","1","1","","1","0","40 01:46.444","","0","75 04:51.138","8","0","0","0","67301","1","0","0","N","1","0","0","2","67508","0","","1.0","","1","N","N","N","0","","0","0","0","3","3","","1642","2","1","0","0","0","1","0","2","0","1","1","0","0","3","03","","N","","","","","","","","","",""
"2022010889","1859","1","0","0","0","0","0","0","0","0","8","0","","67","1","2022","1","40.035351","-75.132773","1857","6","0","0","0","0","0","0","0","0","","0","0","0","18","3","1","","1","0","40 02:07.263","","0","75 07:57.982","3","0","0","0","67301","1","0","0","N","1","0","0","2","67301","0","","1.0","","1","N","N","N","0","","1","0","0","3","3","","1855","2","1","0","0","0","0","1","2","0","1","1","0","0","3","03","","N","","","","","","","","","",""
"2022028632","0740","1","0","0","0","0","0","0","0","0","1","0","45","67","3","2022","6","40.01425","-75.0556","0723","6","0","0","0","0","0","1","0","0","","0","0","0","7","1","2","N","0","1","40 00:51.299","1","0","75 03:20.161","8","0","0","0","67301","0","0","0","N","0","0","0","4","68K01","0","","1.0","755.0","1","N","N","N","0","","0","0","2","0","0","N","723","4","2","0","0","0","2","1","2","0","4","0","0","0","3","","Y","Y","4","1","N","N","N","Y","N","N","Y","N"
"2022004165","1112","2","0","0","0","0","0","0","0","0","4","0","","67","1","2022","3","40.058751","-75.050583","1112","6","0","0","0","0","0","1","0","0","","0","0","0","10","1","0","","1","0","40 03:31.504","","0","75 03:02.099","0","0","0","0","67301","0","0","0","N","0","0","0","3","67301","0","","1.0","","1","N","N","N","0","","0","0","0","0","0","","1030","2","0","3","0","0","0","0","2","0","2","0","0","0","3","03","","N","","","","","","","","","",""
"2022019606","1957","3","0","0","0","0","0","0","0","0","4","0","","67","2","2022","4","40.00868","-75.068855","1947","6","0","0","0","0","0","0","1","0","","0","0","0","19","3","3","","1","1","40 00:31.249","6","0","75 04:07.877","3","0","0","0","67301","0","0","0","N","0","0","0","4","67301","2","","1.0","2030.0","1","N","N","N","0","","1","0","0","3","2","Y","1927","3","3","0","0","0","0","0","2","0","3","0","0","0","3","","","N","","","","","","","","","",""
"2022019433","0205","1","0","0","0","0","0","0","0","0","5","1","","67","2","2022","4","39.970125","-75.192659","0201","6","0","0","0","0","0","1","0","0","","0","1","0","1","3","1","N","0","2","39 58:12.450","4","0","75 11:33.573","8","0","0","0","67301","0","0","0","N","0","0","0","2","68K01","0","","1.0","245.0","1","N","N","N","0","","0","0","0","0","0","Y","155","2","1","0","0","0","1","0","2","0","2","0","0","0","3","","","N","","","","","","","","","",""
"2022011915","1949","1","0","0","0","0","0","0","0","0","8","0","","67","1","2022","1","40.005023","-75.136398","1939","6","0","0","0","0","0","0","0","0","","1","0","0","19","3","0","","2","0","40 00:18.082","","0","75 08:11.032","1","0","0","0","67301","1","1","0","N","1","1","0","2","67301","0","2","1.0","","9","N","N","N","0","0","0","0","0","0","0","","1904","2","0","0","0","0","0","0","2","0","1","1","1","0","7","07","","N","","","","","","","","","",""
"2022004289","1145","1","0","0","0","0","0","0","0","0","4","0","","67","1","2022","2","40.03588","-75.134361","1145","6","0","0","0","0","0","1","0","0","","0","0","0","11","1","0","","2","0","40 02:09.167","","0","75 08:03.699","0","0","0","0","67301","0","0","0","N","0","0","0","2","67301","0","","1.0","","9","N","N","N","0","","0","0","0","3","3","","1115","2","0","1","0","0","0","0","2","1","2","0","0","0","4","10","","N","","","","","","","","","",""
"2022003944","1643","1","0","0","0","0","0","0","0","0","0","0","","67","1","2022","7","39.981366","-75.207006","1643","6","0","0","0","0","0","0","0","0","","0","0","0","16","4","0","N","0","0","39 58:52.918","","0","75 12:25.223","0","0","0","0","67301","0","0","0","N","0","0","0","1","68K01","0","","4.0","","9","N","N","N","0","","0","0","0","0","0","","1640","1","0","1","0","0","0","0","2","0","1","0","0","0","7","","","N","","","","","","","","","",""
"2022029235","1719","1","0","0","0","0","0","0","0","0","2","0","","67","3","2022","7","39.954606","-75.226194","1718","6","0","0","0","0","0","0","0","0","","0","0","0","17","1","1","N","0","0","39 57:16.580","","0","75 13:34.300","3","0","0","0","67301","0","0","0","N","0","0","0","10","67301","0","","1.0","","1","N","N","N","0","","1","0","2","3","2","","1715","3","1","0","0","0","0","0","2","0","3","0","0","0","3","03","","N","","","","","","","","","",""
"2022029250","1615","1","0","0","0","0","0","0","0","0","5","0","","67","3","2022","4","40.025511","-75.122391","1605","6","0","0","0","0","0","0","0","0","","0","0","0","16","1","1","","1","0","40 01:31.839","","0","75 07:20.608","3","0","0","1","67301","0","0","0","N","0","0","0","1","67301","0","","1.0","","1","N","N","N","0","","1","0","0","3","2","","1600","2","1","0","0","0","0","0","2","0","2","0","0","0","3","03","","N","","","","","","","","","",""
"2022027986","1228","2","0","0","0","0","0","0","0","0","4","0","","67","3","2022","7","39.968415","-75.129444","1228","6","0","0","0","0","0","1","0","0","","0","0","0","12","1","1","N","0","1","39 58:06.293","2","0","75 07:46.000","8","0","0","0","67301","0","0","0","N","0","0","0","7","68K01","0","","1.0","1240.0","1","N","N","N","2","","0","0","0","0","0","N","1226","4","1","0","0","0","1","0","2","0","4","0","0","0","3","03","","N","","","","","","","","","",""
"2022004196","1640","1","0","0","0","0","0","0","0","0","5","0","","67","1","2022","2","40.125972","-75.005894","1630","6","0","0","0","0","0","1","0","0","","0","0","0","16","1","0","N","0","0","40 07:33.500","","0","75 00:21.220","0","0","0","0","67301","0","0","0","N","0","0","0","1","67301","0","","6.0","","1","N","N","N","0","","0","0","1","0","0","","1610","2","0","0","0","0","0","0","2","0","2","0","0","0","3","","","N","","","","","","","","","",""
"2022029280","1910","1","0","0","0","0","0","0","0","0","7","0","","67","3","2022","2","40.052659","-75.121323","1858","6","0","0","0","0","0","0","0","0","","0","0","0","18","4","1","N","0","2","40 03:09.573","6","7","75 07:16.761","3","0","0","0","67301","0","0","0","N","0","0","0","1","67301","0","","5.0","1945.0","1","N","N","N","0","","1","0","0","0","0","Y","1820","1","1","1","0","0","0","0","2","0","1","0","0","0","3","","","N","","","","","","","","","",""
"2022004234","1912","1","0","0","0","0","0","0","0","0","1","0","","67","1","2022","1","40.024941","-75.031071","1907","6","0","0","0","0","0","0","0","0","","0","0","0","18","3","0","","3","2","40 01:29.786","4","0","75 01:51.854","9","0","0","0","67301","0","0","0","N","0","0","0","2","67301","0","","1.0","1945.0","1","N","N","N","1","","0","0","0","0","0","N","1856","2","0","0","0","0","0","1","2","0","2","0","0","0","3","","","N","","","","","","","","","",""
"2022029226","0053","1","0","0","0","0","0","0","0","0","4","0","","67","3","2022","2","39.962723","-75.203973","0052","6","0","0","0","0","0","0","0","0","","0","0","0","0","3","4","","1","0","39 57:45.803","","0","75 12:14.304","3","0","0","0","67301","0","0","0","N","0","0","0","4","67301","0","","1.0","","1","N","N","N","0","","4","0","1","3","3","","45","2","4","0","0","0","0","0","2","0","2","0","0","0","3","03","","N","","","","","","","","","",""
"2022010285","2039","0","0","0","0","0","0","0","0","0","5","0","","67","1","2022","2","39.978804","-75.203008","2029","6","0","0","0","0","0","0","1","0","","0","0","0","20","3","0","","6","0","39 58:43.695","","2","75 12:10.830","9","0","0","0","67301","0","0","0","N","0","0","0","2","68K01","0","","7.0","","1","N","N","N","0","","0","0","1","0","0","","2026","2","0","0","0","0","0","1","2","0","2","0","0","0","3","","","N","","","","","","","","","",""
"2022027990","1701","1","0","0","0","0","0","0","0","0","1","0","","67","3","2022","3","39.947909","-75.14215","1638","6","0","0","0","0","0","1","0","0","","0","0","0","16","1","0","N","0","0","39 56:52.474","","0","75 08:31.741","0","0","0","0","67301","0","0","0","N","0","0","0","2","68K01","0","","4.0","","1","N","N","N","0","","0","0","1","0","0","","1634","2","0","0","0","0","0","0","2","0","2","0","0","0","3","","","N","","","","","","","","","",""
"2022029204","1813","1","0","0","0","0","0","0","0","0","4","0","","67","3","2022","1","39.930638","-75.218339","1813","6","0","0","0","0","0","1","0","0","","0","0","0","18","1","2","","2","2","39 55:50.295","6","0","75 13:06.020","4","0","0","0","67301","0","0","0","N","0","0","0","3","67301","2","","1.0","1829.0","1","N","N","N","0","","0","0","1","3","3","N","1802","2","2","0","0","0","0","0","2","0","2","0","0","0","3","","","N","","","","","","","","","",""
"2022033989","1404","1","0","0","0","0","0","0","0","0","1","0","","67","3","2022","5","39.957203","-75.157519","1353","6","0","0","0","0","0","1","0","0","","0","0","0","13","1","3","N","0","2","39 57:25.932","3","0","75 09:27.068","4","0","0","0","67301","0","0","0","N","0","0","0","4","68T07","1","","1.0","1425.0","1","N","N","N","1","","0","0","0","0","0","N","1348","2","3","0","0","0","2","0","2","0","2","0","0","0","3","","","N","","","","","","","","","",""
"2022004263","2136","0","0","0","0","0","0","0","0","0","8","0","","67","1","2022","1","39.962724","-75.246709","2129","6","0","0","0","0","0","0","1","0","","0","0","0","20","3","1","","1","0","39 57:45.805","","1","75 14:48.154","8","0","0","0","67301","1","0","0","N","1","0","0","2","67301","0","","1.0","","9","N","N","N","0","","0","0","1","3","2","","2045","2","1","0","0","0","1","0","2","0","1","1","0","0","7","07","","N","","","","","","","","","",""
"2022004208","1600","1","0","0","0","0","0","0","0","0","8","0","","67","1","2022","2","39.955601","-75.172767","1535","6","0","0","0","0","0","0","0","0","","0","0","0","15","1","1","","1","0","39 57:20.163","","0","75 10:21.961","3","0","0","0","67301","1","0","0","N","1","0","0","2","67301","0","","1.0","","9","N","N","N","0","","1","0","0","3","2","","1530","2","1","1","0","0","0","0","2","0","1","1","0","0","7","","","N","","","","","","","","","",""
"2022027872","0532","2","0","0","0","0","0","0","0","0","1","0","","67","3","2022","7","39.957457","-75.14745","0521","6","0","0","0","0","0","0","0","0","","0","0","0","5","3","1","N","0","1","39 57:26.846","3","0","75 08:50.819","8","0","0","0","67301","0","0","0","N","0","0","0","2","68K01","0","","1.0","600.0","9","N","N","Y","0","","0","0","0","0","0","N","509","2","1","0","0","0","1","0","2","0","2","0","0","0","7","","","N","","","","","","","","","",""
"2022004215","0723","0","0","0","0","0","0","0","0","0","0","0","","67","1","2022","4","39.919221","-75.221028","0719","6","0","0","0","0","0","1","0","0","","0","0","0","7","5","1","N","0","0","39 55:09.196","","0","75 13:15.702","3","0","0","0","67301","0","0","0","N","0","0","0","1","67301","0","","1.0","","2","N","N","N","0","","1","0","1","0","0","","717","1","1","0","0","0","0","0","2","0","1","0","0","0","6","04","","N","","","","","","","","","",""