"CRN","ARRIVAL_TM","AUTOMOBILE_COUNT","BELTED_DEATH_COUNT","BELTED_SUSP_SERIOUS_INJ_COUNT","BICYCLE_COUNT","BICYCLE_DEATH_COUNT","BICYCLE_SUSP_SERIOUS_INJ_COUNT","BUS_COUNT","CHLDPAS_DEATH_COUNT","CHLDPAS_SUSP_SERIOUS_INJ_COUNT","COLLISION_TYPE","COMM_VEH_COUNT","CONS_ZONE_SPD_LIM","COUNTY","CRASH_MONTH","CRASH_YEAR","DAY_OF_WEEK","DEC_LATITUDE","DEC_LONGITUDE","DISPATCH_TM","DISTRICT","DRIVER_COUNT_16YR","DRIVER_COUNT_17YR","DRIVER_COUNT_18YR","DRIVER_COUNT_19YR","DRIVER_COUNT_20YR","DRIVER_COUNT_50_64YR","DRIVER_COUNT_65_74YR","DRIVER_COUNT_75PLUS","EST_HRS_CLOSED","FATAL_COUNT","HEAVY_TRUCK_COUNT","HORSE_BUGGY_COUNT","HOUR_OF_DAY","ILLUMINATION","INJURY_COUNT","INTERSECTION_RELATED","INTERSECT_TYPE","LANE_CLOSED","LATITUDE","LN_CLOSE_DIR","LOCATION_TYPE","LONGITUDE","MAX_SEVERITY_LEVEL","MCYCLE_DEATH_COUNT","MCYCLE_SUSP_SERIOUS_INJ_COUNT","MOTORCYCLE_COUNT","MUNICIPALITY","NONMOTR_COUNT","NONMOTR_DEATH_COUNT","NONMOTR_SUSP_SERIOUS_INJ_COUNT","NTFY_HIWY_MAINT","PED_COUNT","PED_DEATH_COUNT","PED_SUSP_SERIOUS_INJ_COUNT","PERSON_COUNT","POLICE_AGCY","POSSIBLE_INJ_COUNT","RDWY_SURF_TYPE_CD","RELATION_TO_ROAD","ROADWAY_CLEARED","ROAD_CONDITION","SCH_BUS_IND","SCH_ZONE_IND","SECONDARY_CRASH","SMALL_TRUCK_COUNT","SPEC_JURIS_CD","SUSP_MINOR_INJ_COUNT","SUSP_SERIOUS_INJ_COUNT","SUV_COUNT","TCD_FUNC_CD","TCD_TYPE","TFC_DETOUR_IND","TIME_OF_DAY","TOTAL_UNITS","TOT_INJ_COUNT","UNBELTED_OCC_COUNT","UNB_DEATH_COUNT","UNB_SUSP_SERIOUS_INJ_COUNT","UNK_INJ_DEG_COUNT","UNK_INJ_PER_COUNT","URBAN_RURAL","VAN_COUNT","VEHICLE_COUNT","VULNERABLE_ROAD_USER_COUNT","VULNERABLE_ROAD_USER_DEATH_COUNT","VULNERABLE_ROAD_USER_SER_INJ_COUNT","WEATHER1","WEATHER2","WORKERS_PRES","WORK_ZONE_IND","WORK_ZONE_LOC","WORK_ZONE_TYPE","WZ_CLOSE_DETOUR","WZ_FLAGGER","WZ_LAW_OFFCR_IND","WZ_LN_CLOSURE","WZ_MOVING","WZ_OTHER","WZ_SHLDER_MDN","WZ_WORKERS_INJ_KILLED"
"2022010820","1514","1","0","0","0","0","0","0","0","0","6","0","","67","1","2022","4","40.026018","-75.199003","1509","6","0","0","0","0","1","0","1","0","","0","0","0","15","1","2","N","0","2","40 01:33.663","2","0","75 11:56.410","8","0","0","0","67301","0","0","0","N","0","0","0","2","67301","0","","1.0","1700.0","9","N","N","N","0","","0","0","1","0","0","Y","1508","2","2","0","0","0","2","0","2","0","2","0","0","0","3","03","","N","","","","","","","","","",""
"2022032892","2008","1","0","0","0","0","0","0","0","0","8","0","","67","3","2022","4","40.024573","-75.045891","2001","6","0","0","0","0","0","0","0","0","","0","0","0","20","3","1","N","0","0","40 01:28.464","","0","75 02:45.207","8","0","0","0","67301","1","0","0","N","1","0","0","2","67301","0","","1.0","","1","N","N","N","0","","0","0","0","0","0","","2000","2","1","0","0","0","1","0","2","0","1","1","0","0","3","03","","N","","","","","","","","","",""
"2022027729","1550","1","0","0","0","0","0","1","0","0","4","1","","67","2","2022","6","40.036192","-75.128643","1518","6","0","0","0","0","0","0","0","0","","0","0","0","15","1","1","","1","0","40 02:10.290","","0","75 07:43.115","8","0","0","0","67301","0","0","0","N","0","0","0","3","67508","0","","1.0","","1","N","N","Y","0","","0","0","0","3","2","","1518","2","1","0","0","0","1","0","2","0","2","0","0","0","3","03","","N","","","","","","","","","",""
"2022006641","1817","1","0","0","0","0","0","0","0","0","7","0","","67","1","2022","6","39.993894","-75.218433","1817","6","1","0","0","0","0","0","0","0","","0","0","0","18","3","1","N","0","2","39 59:38.020","2","0","75 13:06.360","3","0","0","0","67301","0","0","0","N","0","0","0","5","68K01","0","","4.0","2300.0","1","N","N","N","0","","1","0","0","0","0","Y","1817","1","1","0","0","0","0","0","2","0","1","0","0","0","3","","","N","","","","","","","","","",""
"2022027989","0209","1","0","0","0","0","0","0","0","0","7","0","","67","3","2022","3","39.97706","-75.199264","0204","6","0","0","0","0","0","0","0","0","","0","0","0","2","3","0","N","7","0","39 58:37.417","","2","75 11:57.351","9","0","0","0","67301","0","0","0","N","0","0","0","1","68K01","0","","2.0","","1","N","N","N","0","","0","0","0","0","0","","203","1","0","0","0","0","0","1","2","0","1","0","0","0","3","03","","N","","","","","","","","","",""
"2022000243","0835","1","0","0","0","0","0","0","0","0","4","0","","67","1","2022","7","39.998137","-75.138861","0807","6","0","0","0","0","0","0","0","0","","0","0","0","7","1","1","","1","0","39 59:53.293","","0","75 08:19.899","4","0","0","0","67301","0","0","0","N","0","0","0","2","67301","1","","1.0","","9","N","N","N","0","","0","0","1","3","2","","745","2","1","0","0","0","0","0","2","0","2","0","0","0","7","04","","N","","","","","","","","","",""
"2022029240","0851","2","0","0","0","0","0","0","0","0","4","1","","67","3","2022","5","39.984538","-75.182964","0827","6","0","0","0","0","0","0","0","0","","0","1","0","8","1","0","","3","1","39 59:04.336","4","0","75 10:58.672","9","0","0","0","67301","0","0","0","N","0","0","0","3","67301","0","","1.0","930.0","9","N","N","N","0","","0","0","0","3","3","N","826","3","0","1","0","0","0","1","2","0","3","0","0","0","7","","","N","","","","","","","","","",""
"2022032875","1810","1","0","0","0","0","0","0","0","0","6","0","","67","3","2022","4","39.934653","-75.224292","1800","6","0","0","0","0","0","0","0","0","","0","0","0","17","1","1","N","0","0","39 56:04.750","","0","75 13:27.450","8","0","0","0","67301","0","0","0","N","0","0","0","1","67301","0","","1.0","","1","N","N","N","0","","0","0","0","0","0","","1755","2","1","0","0","0","1","0","2","0","2","0","0","0","3","03","","N","","","","","","","","","",""
"2022032888","1559","0","0","0","0","0","0","0","0","0","4","0","","67","4","2022","2","40.060054","-75.170026","1555","6","0","0","0","0","0","2","0","0","","0","0","0","15","1","1","","1","0","40 03:36.194","","0","75 10:12.093","3","0","0","0","67301","0","0","0","N","0","0","0","3","67301","0","","1.0","","1","N","N","N","0","","1","0","2","3","3","","1527","2","1","0","0","0","0","2","2","0","2","0","0","0","3","","","N","","","","","","","","","",""
"2022010877","0850","1","0","0","0","0","0","0","0","0","1","0","","67","1","2022","4","39.996561","-75.133767","0834","6","0","0","0","0","0","1","1","0","","0","0","0","8","1","1","N","0","2","39 59:47.620","2","0","75 08:01.560","3","0","0","0","67301","0","0","0","N","0","0","0","2","67301","0","","1.0","1039.0","2","N","N","Y","0","","1","0","2","0","0","Y","802","3","1","0","0","0","0","0","2","0","3","0","0","0","6","","","N","","","","","","","","","",""
"2022014567","1253","0","0","0","0","0","0","0","0","0","4","1","","67","1","2022","6","39.95762","-75.145687","1246","6","0","0","0","0","0","0","0","0","","0","1","0","12","1","2","","1","0","39 57:27.432","","0","75 08:44.473","4","0","0","0","67301","0","0","0","N","0","0","0","3","67301","2","","1.0","","1","N","N","N","0","","0","0","1","3","2","","1245","2","2","0","0","0","0","0","2","0","2","0","0","0","3","03","","N","","","","","","","","","",""
"2022032852","2124","2","0","0","0","0","0","0","0","0","4","0","","67","1","2022","7","40.025871","-75.208851","2109","6","0","0","0","0","0","0","0","0","","0","0","0","20","3","0","","2","0","40 01:33.137","","0","75 12:31.864","9","0","0","0","67301","0","0","0","N","0","0","0","2","67301","0","","1.0","","1","N","N","N","0","","0","0","2","0","0","","2028","4","0","0","0","0","0","1","2","0","4","0","0","0","3","03","","N","","","","","","","","","",""
"2022033511","1237","1","0","0","0","0","0","0","0","0","5","0","","67","3","2022","5","39.958646","-75.169008","1224","6","0","0","0","0","0","0","0","0","","0","0","0","12","1","0","N","0","1","39 57:31.125","3","0","75 10:08.427","9","0","0","0","67301","0","0","0","N","0","0","0","2","68K01","0","","1.0","1309.0","1","N","N","N","0","","0","0","1","0","0","N","1222","2","0","0","0","0","0","1","2","0","2","0","0","0","3","03","","N","","","","","","","","","",""
"2022032883","0110","1","0","0","0","0","0","0","0","0","4","0","","67","3","2022","1","40.040916","-75.187325","0105","6","0","0","0","0","0","0","0","0","","0","0","0","0","3","0","","1","0","40 02:27.297","","0","75 11:14.369","9","0","0","0","67301","0","0","0","N","0","0","0","2","67301","0","","1.0","","1","N","N","N","0","","0","0","1","3","2","","43","2","0","0","0","0","0","1","2","0","2","0","0","0","3","03","","N","","","","","","","","","",""
"2022004152","0057","2","0","0","0","0","0","0","0","0","1","0","","67","1","2022","1","39.965444","-75.140417","0055","6","0","0","0","0","0","1","0","0","","0","0","0","0","3","1","N","0","2","39 57:55.600","2","0","75 08:25.500","3","0","0","0","67301","0","0","0","N","0","0","0","2","67301","0","","1.0","200.0","1","N","N","N","0","","1","0","0","0","0","Y","45","2","1","0","0","0","0","1","2","0","2","0","0","0","3","03","","N","","","","","","","","","",""
"2022014801","1602","0","0","0","0","0","0","0","0","0","8","0","","67","2","2022","7","39.971462","-75.159522","1600","6","0","0","0","0","0","0","0","0","","0","0","0","15","1","1","","1","0","39 58:17.264","","0","75 09:34.278","3","0","0","0","67301","1","0","0","N","1","0","0","2","67301","0","","1.0","","1","N","N","N","0","","1","0","0","3","2","","1530","2","1","0","0","0","0","1","2","0","1","1","0","0","3","03","","N","","","","","","","","","",""
"2022029452","1620","1","0","0","0","0","0","0","0","0","4","0","","67","3","2022","2","40.060342","-75.073917","1609","6","0","0","0","0","0","2","0","0","","0","0","0","15","1","1","","1","0","40 03:37.231","","0","75 04:26.101","8","0","0","0","67301","0","0","0","N","0","0","0","2","67301","0","","1.0","","1","N","N","N","0","","0","0","1","3","3","","1544","2","1","0","0","0","1","0","2","0","2","0","0","0","3","03","","N","","","","","","","","","",""
"2022032925","2103","0","0","0","0","0","0","0","0","0","8","0","","67","3","2022","7","40.005622","-75.102471","2103","6","0","0","0","0","0","0","0","0","","0","0","0","19","4","1","","1","0","40 00:20.239","","0","75 06:08.896","3","0","0","0","67301","1","0","0","N","1","0","0","1","67301","0","","9.0","","1","N","N","N","0","","1","0","0","0","0","","1930","2","1","0","0","0","0","0","2","0","1","1","0","0","3","","","N","","","","","","","","","",""
"2022004248","0027","1","0","0","0","0","0","0","0","0","8","0","","67","1","2022","6","39.969664","-75.211523","0024","6","0","0","0","0","0","0","0","0","","0","0","0","0","3","2","","1","1","39 58:10.789","1","0","75 12:41.484","3","0","0","0","67301","2","0","0","N","2","0","0","3","67301","0","","1.0","45.0","1","N","N","N","0","","1","0","0","3","2","N","20","3","2","0","0","0","1","1","2","0","1","2","0","0","3","03","","N","","","","","","","","","",""
"2022004172","0347","1","0","0","0","0","0","0","0","0","5","0","","67","1","2022","7","40.033878","-75.084978","0344","6","0","0","0","0","0","0","0","0","","0","0","0","3","3","1","N","0","0","40 02:01.960","","0","75 05:05.920","3","0","0","0","67301","0","0","0","N","0","0","0","1","67301","0","","1.0","","1","N","N","N","0","","1","0","1","0","0","","344","2","1","0","0","0","0","0","2","0","2","0","0","0","3","","","N","","","","","","","","","",""
"2022029758","1936","1","0","0","0","0","0","0","0","0","7","0","","67","3","2022","2","39.980571","-75.234712","1933","6","0","0","0","0","0","0","0","0","","0","0","0","19","3","0","N","0","0","39 58:50.056","","0","75 14:04.962","9","0","0","0","67301","0","0","0","N","0","0","0","1","67301","0","","5.0","","1","N","N","N","0","","0","0","0","0","0","","1931","1","0","0","0","0","0","1","2","0","1","0","0","0","3","03","","N","","","","","","","","","",""
"2022029255","2322","1","0","0","0","0","0","0","0","0","8","0","","67","3","2022","6","40.009204","-75.150818","2313","6","0","0","0","0","0","0","0","0","","0","0","0","12","1","1","N","0","0","40 00:33.133","","0","75 09:02.943","8","0","0","0","67301","1","0","0","N","1","0","0","2","67301","0","","1.0","","99","N","N","N","0","","0","0","0","0","0","","1200","2","1","0","0","0","1","1","2","0","1","1","0","0","99","","","N","","","","","","","","","",""
"2022005771","2346","1","0","0","0","0","0","0","0","0","6","0","","67","1","2022","7","39.92232","-75.147591","2346","6","0","0","0","0","0","0","0","0","","0","0","0","23","3","2","N","0","2","39 55:20.351","1","3","75 08:51.329","3","0","0","0","67301","0","0","0","N","0","0","0","6","68K01","0","","1.0","15.0","9","N","N","Y","0","","1","0","1","0","0","N","2346","2","2","1","0","0","1","1","2","0","2","0","0","0","7","07","","N","","","","","","","","","",""
"2022033175","1352","3","0","0","0","0","0","0","0","0","1","0","","67","3","2022","5","39.958598","-75.167574","1342","6","0","0","0","0","0","0","0","0","","0","0","0","13","1","0","N","0","1","39 57:30.952","4","0","75 10:03.267","0","0","0","0","67301","0","0","0","N","0","0","0","5","68K01","0","","1.0","1448.0","1","N","N","N","0","","0","0","2","0","0","N","1341","5","0","0","0","0","0","0","2","0","5","0","0","0","3","","","N","","","","","","","","","",""
"2022000486","1200","0","0","0","0","0","0","0","0","0","5","0","","67","1","2022","7","40.040505","-75.059087","1150","6","0","0","0","0","0","0","0","1","","0","0","0","11","1","1","","1","1","40 02:25.817","2","0","75 03:32.713","4","0","0","0","67301","0","0","0","N","0","0","0","4","67301","1","","1.0","1300.0","9","N","N","N","0","","0","0","2","3","1","N","1145","2","1","0","0","0","0","0","2","0","2","0","0","0","7","04","","N","","","","","","","","","",""
"2022004260","0448","2","0","0","0","0","0","0","0","0","4","0","","67","1","2022","7","39.976356","-75.245813","0445","6","0","0","0","0","0","0","0","0","","0","0","0","4","3","0","N","0","0","39 58:34.882","","7","75 14:44.926","0","0","0","0","67301","0","0","0","N","0","0","0","2","67301","0","","1.0","","9","N","N","N","0","","0","0","3","0","0","","428","5","0","0","0","0","0","0","2","0","5","0","0","0","7","07","","N","","","","","","","","","",""
"2022004264","1810","0","0","0","0","0","0","0","0","0","8","0","","67","1","2022","7","39.986293","-75.168793","1805","6","0","0","0","0","0","0","0","0","","0","0","0","18","3","1","","1","0","39 59:10.654","","0","75 10:07.654","2","0","0","0","67301","1","0","1","N","1","0","1","2","67301","0","","1.0","","1","N","N","N","0","","0","1","0","3","3","","1800","2","1","0","0","0","0","0","2","0","1","1","0","1","3","03","","N","","","","","","","","","",""
"2022004267","0927","0","0","0","0","0","0","0","0","0","5","0","","67","1","2022","7","39.992194","-75.164861","0921","6","0","0","0","0","0","0","0","0","","0","0","0","0","3","0","N","0","0","39 59:31.900","","0","75 09:53.500","0","0","0","0","67301","0","0","0","N","0","0","0","1","67301","0","","6.0","","99","N","N","N","0","","0","0","1","0","0","","0","2","0","0","0","0","0","0","2","1","2","0","0","0","99","","","N","","","","","","","","","",""
"2022004288","0517","1","0","0","0","0","0","0","0","0","7","0","","67","1","2022","2","40.047508","-75.142894","0513","6","0","0","0","0","0","0","0","0","","0","0","0","5","3","0","","1","0","40 02:51.028","","0","75 08:34.417","0","0","0","0","67301","0","0","0","N","0","0","0","1","67301","0","","4.0","","1","N","N","N","0","","0","0","0","3","2","","512","1","0","1","0","0","0","0","2","0","1","0","0","0","3","03","","N","","","","","","","","","",""
"2022000405","1215","2","0","0","0","0","0","0","0","0","4","0","","67","1","2022","1","40.134325","-75.009065","1211","6","0","1","0","0","0","0","1","0","","0","0","0","11","1","0","","1","0","40 08:03.571","","0","75 00:32.634","0","0","0","0","67301","0","0","0","N","0","0","0","2","67301","0","","1.0","","9","N","N","N","0","","0","0","0","3","2","","1155","2","0","0","0","0","0","0","2","0","2","0","0","0","3","03","","N","","","","","","","","","",""
"2022004463","1239","2","0","0","0","0","0","0","0","0","5","0","","67","1","2022","7","39.983376","-75.208051","1236","6","0","0","0","0","0","0","0","0","","0","0","0","12","1","2","N","0","0","39 59:00.155","","0","75 12:28.984","4","0","0","0","67301","0","0","0","N","0","0","0","3","68K01","2","","1.0","","9","N","N","N","0","","0","0","0","0","0","","1234","2","2","2","0","0","0","0","2","0","2","0","0","0","7","","","N","","","","","","","","","",""
"2022004199","1551","2","0","0","0","0","0","0","0","0","1","0","","67","1","2022","3","40.094949","-74.978223","1546","6","0","0","0","0","0","0","0","0","","0","0","0","15","1","1","","2","0","40 05:41.817","","0","74 58:41.601","3","0","0","0","67301","0","0","0","N","0","0","0","2","67301","0","","1.0","","1","N","N","N","0","","1","0","0","3","2","","1542","2","1","0","0","0","0","0","2","0","2","0","0","0","3","03","","N","","","","","","","","","",""
"2022027727","2217","0","0","0","0","0","0","1","0","0","8","1","","67","2","2022","2","40.046276","-75.135999","2215","6","0","0","0","0","0","0","0","0","","0","0","0","22","3","1","","2","0","40 02:46.595","","0","75 08:09.597","4","0","0","0","67301","1","0","0","N","1","0","0","2","67508","1","","1.0","","1","N","N","N","0","","0","0","0","3","2","","2215","2","1","0","0","0","0","0","2","0","1","1","0","0","3","03","","N","","","","","","","","","",""
"2022004254","0500","1","0","0","0","0","0","0","0","0","4","0","","67","1","2022","1","39.955991","-75.217645","0456","6","0","0","0","0","0","1","0","0","","0","0","0","4","3","1","","1","0","39 57:21.568","","0","75 13:03.523","8","0","0","0","67301","0","0","0","N","0","0","0","3","67301","0","","1.0","","9","N","N","N","0","","0","0","1","3","2","","456","2","1","0","0","0","1","0","2","0","2","0","0","0","7","07","","N","","","","","","","","","",""
"2022010276","2112","0","0","0","0","0","0","0","0","0","7","0","","67","1","2022","4","39.971729","-75.193332","2104","6","0","0","0","0","0","1","0","0","","0","0","0","21","3","0","","7","0","39 58:18.224","","2","75 11:35.996","0","0","0","0","67301","0","0","0","Y","0","0","0","1","68K01","0","","7.0","","1","N","N","N","0","","0","0","0","0","0","","2100","1","0","0","0","0","0","0","2","1","1","0","0","0","3","03","","N","","","","","","","","","",""
"2022003977","1625","1","0","0","0","0","0","0","0","0","5","0","","67","1","2022","1","40.043321","-75.002886","1612","6","0","0","0","0","1","0","0","0","","0","0","0","16","1","1","N","0","1","40 02:35.955","1","0","75 00:10.391","3","0","0","1","67301","0","0","0","N","0","0","0","3","68K01","0","","1.0","1725.0","1","N","N","N","0","","1","0","0","0","0","N","1610","2","1","0","0","0","0","0","2","0","2","0","0","0","3","03","","N","","","","","","","","","",""
"2022029306","0915","0","0","0","0","0","0","0","0","0","1","1","","67","3","2022","5","39.991113","-75.108646","0902","6","0","0","0","0","0","1","0","0","","0","1","0","8","1","1","N","0","0","39 59:28.008","","0","75 06:31.125","3","0","0","0","67301","0","0","0","N","0","0","0","5","67301","0","","1.0","","9","N","N","N","0","","1","0","0","0","0","","842","2","1","1","0","0","0","0","2","1","2","0","0","0","7","07","","N","","","","","","","","","",""
"2022029219","0505","1","0","0","0","0","0","0","0","0","8","0","","67","3","2022","5","40.00868","-75.068855","0458","6","0","0","0","0","0","0","0","0","","0","0","0","4","3","1","","1","0","40 00:31.249","","0","75 04:07.877","3","0","0","0","67301","1","0","0","N","1","0","0","2","67301","0","","1.0","","9","N","N","N","0","","1","0","0","3","2","","455","2","1","0","0","0","0","0","2","0","1","1","0","0","7","","","N","","","","","","","","","",""
"2022004200","0739","1","0","0","0","0","0","0","0","0","5","0","","67","1","2022","4","40.069567","-75.036038","0726","6","0","0","0","0","0","0","1","0","","0","0","0","5","3","0","N","0","2","40 04:10.441","3","0","75 02:09.736","0","0","0","0","67301","0","0","0","N","0","0","0","1","67301","0","","6.0","900.0","2","N","N","N","1","","0","0","1","0","0","Y","553","3","0","0","0","0","0","0","2","0","3","0","0","0","6","","","N","","","","","","","","","",""
"2022029176","0001","2","0","0","0","0","0","0","0","0","6","0","","67","3","2022","1","40.026906","-75.227196","0001","6","0","0","0","0","0","0","0","0","","0","0","0","0","3","0","","1","0","40 01:36.861","","0","75 13:37.905","9","0","0","0","67301","0","0","0","N","0","0","0","2","67301","0","","1.0","","9","N","N","N","0","","0","0","0","3","2","","1","2","0","0","0","0","0","2","2","0","2","0","0","0","7","07","","N","","","","","","","","","",""
"2022029175","1557","2","0","0","0","0","0","0","0","0","2","0","","67","3","2022","7","40.054547","-75.232086","1555","6","0","0","0","0","0","0","0","0","","0","0","0","15","1","0","N","0","1","40 03:16.370","1","7","75 13:55.511","0","0","0","0","67301","0","0","0","N","0","0","0","2","67301","0","","1.0","1630.0","1","N","N","N","0","","0","0","0","0","0","N","1545","2","0","0","0","0","0","0","2","0","2","0","0","0","3","","","N","","","","","","","","","",""
"2022029216","2205","1","0","0","0","0","0","0","0","0","2","0","","67","3","2022","4","40.024017","-75.046965","2155","6","0","0","0","0","0","0","0","0","","0","0","0","21","3","1","N","0","0","40 01:26.462","","0","75 02:49.075","3","0","0","0","67301","0","0","0","N","0","0","0","1","67301","0","","6.0","","1","N","N","N","0","","1","0","2","0","0","","2154","3","1","1","0","0","0","0","2","0","3","0","0","0","3","03","","N","","","","","","","","","",""
"2022029769","1505","1","0","0","0","0","0","0","0","0","4","0","","67","3","2022","4","40.077989","-75.03654","1451","6","0","0","0","0","0","1","0","0","","0","0","0","14","1","1","N","0","1","40 04:40.761","3","0","75 02:11.544","8","0","0","0","67301","0","0","0","N","0","0","0","2","67301","0","","1.0","1515.0","1","N","N","N","0","","0","0","1","0","0","N","1431","2","1","0","0","0","1","0","2","0","2","0","0","0","4","04","","N","","","","","","","","","",""
"2022004166","1905","1","0","0","0","0","0","0","0","0","5","0","","67","1","2022","1","40.039357","-75.109689","1905","6","0","0","0","0","0","0","0","0","","0","0","0","18","6","1","N","0","0","40 02:21.686","","0","75 06:34.881","4","0","0","0","67301","0","0","0","N","0","0","0","4","67301","1","","1.0","","99","N","N","N","0","","0","0","0","0","0","","1840","2","1","2","0","0","0","3","2","1","2","0","0","0","99","","","N","","","","","","","","","",""
"2022014544","0220","0","0","0","0","0","0","0","0","0","5","1","","67","1","2022","5","40.036608","-75.064461","0214","6","0","0","0","0","0","1","0","0","","0","1","0","1","3","0","","1","2","40 02:11.789","7","0","75 03:52.061","0","0","0","0","67301","0","0","0","N","0","0","0","2","67301","0","","1.0","345.0","1","N","N","N","0","","0","0","0","3","2","Y","145","2","0","0","0","0","0","0","2","0","2","0","0","0","3","03","","N","","","","","","","","","",""
"2022029777","1210","2","0","0","0","0","0","0","0","0","2","0","","67","3","2022","4","39.961063","-75.22464","1205","6","0","0","0","0","0","0","1","0","","0","0","0","11","1","1","N","0","0","39 57:39.828","","0","75 13:28.705","3","0","0","0","67301","0","0","0","N","0","0","0","2","67301","0","","1.0","","1","N","N","N","0","","1","0","1","0","0","","1155","3","1","1","0","0","0","0","2","0","3","0","0","0","3","03","","N","","","","","","","","","",""
"2022005415","2241","1","0","0","0","0","0","0","0","0","5","0","","67","1","2022","7","40.04408","-75.002798","2241","6","0","0","0","0","0","0","1","0","","0","0","0","22","3","1","N","0","0","40 02:38.689","","0","75 00:10.073","3","0","0","0","67301","0","0","0","N","0","0","0","4","68K01","0","","1.0","","9","N","N","Y","0","","1","0","2","0","0","","2241","3","1","0","0","0","0","0","2","0","3","0","0","0","7","","","N","","","","","","","","","",""
"2022032394","1723","1","0","0","0","0","0","0","0","0","5","0","","67","3","2022","4","39.987583","-75.089566","1701","6","0","0","0","0","1","0","0","0","","0","0","0","16","1","1","N","0","1","39 59:15.300","1","0","75 05:22.439","3","0","0","0","67301","0","0","0","N","0","0","0","5","68K01","0","","1.0","1755.0","1","N","N","N","0","","1","0","3","0","0","N","1657","4","1","0","0","0","0","0","2","0","4","0","0","0","3","03","","N","","","","","","","","","",""
"2022010867","2015","1","0","0","0","0","0","0","0","0","1","1","","67","1","2022","1","40.000561","-75.225672","2010","6","0","0","0","0","0","0","0","0","","0","1","0","19","3","0","N","0","0","40 00:02.020","","0","75 13:32.420","9","0","0","0","67301","0","0","0","N","0","0","0","1","67301","0","","6.0","","9","N","N","N","0","","0","0","0","0","0","","1950","2","0","0","0","0","0","1","2","0","2","0","0","0","10","10","","N","","","","","","","","","",""
"2022032856","1640","2","0","0","0","0","0","0","0","0","2","0","","67","4","2022","6","39.954615","-75.149531","1639","6","0","0","0","0","0","0","0","0","","0","0","0","15","1","1","","1","0","39 57:16.613","","0","75 08:58.311","3","0","0","0","67301","0","0","0","N","0","0","0","3","67301","0","","1.0","","1","N","N","N","0","","1","0","0","3","2","","1504","2","1","0","0","0","0","0","2","0","2","0","0","0","4","03","","N","","","","","","","","","",""
"2022032700","1613","1","0","0","0","0","0","0","0","0","1","0","","67","3","2022","7","39.958182","-75.164283","1602","6","0","0","0","0","0","1","0","0","","0","0","0","16","1","0","N","0","1","39 57:29.456","4","0","75 09:51.419","0","0","0","0","67301","0","0","0","N","0","0","0","8","68K01","0","","1.0","1620.0","9","N","N","N","0","","0","0","3","0","0","N","1602","5","0","0","0","0","0","0","2","0","5","0","0","0","10","04","","N","","","","","","","","","",""
"2022014806","1010","1","0","0","0","0","0","0","0","0","5","1","","67","1","2022","2","40.011331","-75.1064","0939","6","0","0","0","0","0","0","0","0","","0","1","0","9","1","1","N","0","1","40 00:40.790","3","0","75 06:23.040","3","0","0","0","67301","0","0","0","N","0","0","0","2","67301","0","","1.0","1100.0","1","N","N","N","0","","1","0","0","0","0","N","935","3","1","0","0","0","0","0","2","1","3","0","0","0","3","03","","N","","","","","","","","","",""
"2022014586","0735","0","0","0","0","0","0","0","0","0","7","0","","67","1","2022","7","40.081796","-75.041134","0729","6","0","0","0","0","0","1","0","0","","0","0","0","7","1","0","N","0","0","40 04:54.466","","0","75 02:28.083","0","0","0","0","67301","0","0","0","N","0","0","0","1","67301","0","","4.0","","2","N","N","N","1","","0","0","0","0","0","","715","1","0","0","0","0","0","0","2","0","1","0","0","0","10","09","","N","","","","","","","","","",""
"2022014625","0247","1","0","0","0","0","0","1","0","0","4","1","","67","1","2022","6","39.952785","-75.16685","0247","6","0","0","0","0","0","0","0","0","","0","0","0","2","3","1","","1","1","39 57:10.026","1","0","75 10:00.660","8","0","0","0","67301","0","0","0","N","0","0","0","2","67301","0","","1.0","420.0","1","N","N","N","0","","0","0","0","3","2","N","235","2","1","0","0","0","1","0","2","0","2","0","0","0","3","03","","N","","","","","","","","","",""
"2022013730","1323","0","0","0","0","0","0","0","0","0","7","0","","67","1","2022","7","39.950246","-75.141691","1322","6","0","0","0","0","0","0","0","0","","0","0","0","13","1","0","N","0","0","39 57:00.886","","0","75 08:30.087","0","0","0","0","67301","0","0","0","Y","0","0","0","2","68K01","0","","2.0","","2","N","N","N","0","","0","0","1","0","0","","1312","1","0","0","0","0","0","0","2","0","1","0","0","0","2","02","","N","","","","","","","","","",""
"2022014547","1800","1","0","0","0","0","0","0","0","0","4","1","","67","2","2022","3","40.054528","-75.090776","1757","6","0","0","0","0","1","0","0","0","","0","1","0","17","3","2","","1","0","40 03:16.301","","0","75 05:26.793","8","0","0","0","67301","0","0","0","N","0","0","0","3","67301","0","","1.0","","2","N","N","N","0","","0","0","1","3","3","","1755","3","2","0","0","0","2","0","2","0","3","0","0","0","3","03","","N","","","","","","","","","",""
"2022014727","1413","0","0","0","0","0","0","0","0","0","7","0","","67","1","2022","1","40.030628","-75.049503","1410","6","0","0","0","0","1","0","0","0","","0","0","0","13","1","0","N","0","0","40 01:50.260","","0","75 02:58.210","0","0","0","0","67301","0","0","0","N","0","0","0","1","67301","0","","2.0","","2","N","N","N","0","","0","0","1","3","3","","1350","1","0","0","0","0","0","0","2","0","1","0","0","0","10","10","","N","","","","","","","","","",""
"2022029089","0545","1","0","0","0","0","0","0","0","0","1","0","","67","3","2022","5","39.926103","-75.163944","0543","6","0","0","0","0","0","0","0","0","","0","0","0","2","3","0","N","0","0","39 55:33.970","","0","75 09:50.197","0","0","0","0","67301","0","0","0","N","0","0","0","0","67505","0","","1.0","","9","N","N","N","0","","0","0","1","3","3","","226","2","0","0","0","0","0","0","2","0","2","0","0","0","7","07","","N","","","","","","","","","",""