"CRN","ARRIVAL_TM","AUTOMOBILE_COUNT","BELTED_DEATH_COUNT","BELTED_SUSP_SERIOUS_INJ_COUNT","BICYCLE_COUNT","BICYCLE_DEATH_COUNT","BICYCLE_SUSP_SERIOUS_INJ_COUNT","BUS_COUNT","CHLDPAS_DEATH_COUNT","CHLDPAS_SUSP_SERIOUS_INJ_COUNT","COLLISION_TYPE","COMM_VEH_COUNT","CONS_ZONE_SPD_LIM","COUNTY","CRASH_MONTH","CRASH_YEAR","DAY_OF_WEEK","DEC_LATITUDE","DEC_LONGITUDE","DISPATCH_TM","DISTRICT","DRIVER_COUNT_16YR","DRIVER_COUNT_17YR","DRIVER_COUNT_18YR","DRIVER_COUNT_19YR","DRIVER_COUNT_20YR","DRIVER_COUNT_50_64YR","DRIVER_COUNT_65_74YR","DRIVER_COUNT_75PLUS","EST_HRS_CLOSED","FATAL_COUNT","HEAVY_TRUCK_COUNT","HORSE_BUGGY_COUNT","HOUR_OF_DAY","ILLUMINATION","INJURY_COUNT","INTERSECTION_RELATED","INTERSECT_TYPE","LANE_CLOSED","LATITUDE","LN_CLOSE_DIR","LOCATION_TYPE","LONGITUDE","MAX_SEVERITY_LEVEL","MCYCLE_DEATH_COUNT","MCYCLE_SUSP_SERIOUS_INJ_COUNT","MOTORCYCLE_COUNT","MUNICIPALITY","NONMOTR_COUNT","NONMOTR_DEATH_COUNT","NONMOTR_SUSP_SERIOUS_INJ_COUNT","NTFY_HIWY_MAINT","PED_COUNT","PED_DEATH_COUNT","PED_SUSP_SERIOUS_INJ_COUNT","PERSON_COUNT","POLICE_AGCY","POSSIBLE_INJ_COUNT","RDWY_SURF_TYPE_CD","RELATION_TO_ROAD","ROADWAY_CLEARED","ROAD_CONDITION","SCH_BUS_IND","SCH_ZONE_IND","SECONDARY_CRASH","SMALL_TRUCK_COUNT","SPEC_JURIS_CD","SUSP_MINOR_INJ_COUNT","SUSP_SERIOUS_INJ_COUNT","SUV_COUNT","TCD_FUNC_CD","TCD_TYPE","TFC_DETOUR_IND","TIME_OF_DAY","TOTAL_UNITS","TOT_INJ_COUNT","UNBELTED_OCC_COUNT","UNB_DEATH_COUNT","UNB_SUSP_SERIOUS_INJ_COUNT","UNK_INJ_DEG_COUNT","UNK_INJ_PER_COUNT","URBAN_RURAL","VAN_COUNT","VEHICLE_COUNT","VULNERABLE_ROAD_USER_COUNT","VULNERABLE_ROAD_USER_DEATH_COUNT","VULNERABLE_ROAD_USER_SER_INJ_COUNT","WEATHER1","WEATHER2","WORKERS_PRES","WORK_ZONE_IND","WORK_ZONE_LOC","WORK_ZONE_TYPE","WZ_CLOSE_DETOUR","WZ_FLAGGER","WZ_LAW_OFFCR_IND","WZ_LN_CLOSURE","WZ_MOVING","WZ_OTHER","WZ_SHLDER_MDN","WZ_WORKERS_INJ_KILLED"
"2022004281","0225","2","0","0","0","0","0","0","0","0","4","0","","67","1","2022","7","39.971499","-75.145622","0222","6","0","0","0","0","1","0","0","0","","0","0","0","2","3","1","","2","0","39 58:17.396","","0","75 08:44.239","8","0","0","0","67301","0","0","0","N","0","0","0","2","67301","0","","1.0","","9","N","N","N","0","","0","0","0","3","3","","220","2","1","0","0","0","1","0","2","0","2","0","0","0","7","07","","N","","","","","","","","","",""
"2022032911","1100","1","0","0","0","0","0","0","0","0","1","0","","67","3","2022","2","39.974762","-75.185083","1056","6","0","0","0","0","0","1","1","0","","1","0","0","10","1","2","","1","0","39 58:29.144","","0","75 11:06.298","1","0","0","0","67301","2","1","0","N","2","1","0","4","67301","1","2","1.0","","1","N","N","Y","0","0","1","0","1","0","0","","1050","4","2","0","0","0","0","0","2","0","2","2","1","0","3","03","","N","","","","","","","","","",""
"2022032290","0830","1","0","0","0","0","0","0","0","0","4","0","","67","3","2022","7","39.996002","-75.082774","0829","6","0","0","1","0","0","0","0","0","","0","0","0","8","1","0","N","0","1","39 59:45.607","1","0","75 04:57.986","0","0","0","0","67301","0","0","0","N","0","0","0","1","68K01","0","","2.0","900.0","9","N","N","N","0","","0","0","0","0","0","N","828","1","0","0","0","0","0","0","2","0","1","0","0","0","7","05","","N","","","","","","","","","",""
"2022013015","1550","0","0","0","0","0","0","0","0","0","7","0","","67","1","2022","7","40.031205","-75.021665","1540","6","0","0","0","0","0","0","0","0","","0","0","0","15","1","1","N","0","1","40 01:52.338","2","0","75 01:17.994","3","0","0","0","67301","0","0","0","N","0","0","0","2","68K01","0","","4.0","1630.0","9","N","N","N","0","","1","0","1","0","0","Y","1538","1","1","0","0","0","0","0","2","0","1","0","0","0","7","","","N","","","","","","","","","",""
"2022014572","0842","0","0","0","0","0","0","0","0","0","8","0","","67","2","2022","6","39.953389","-75.154994","0840","6","0","0","0","0","0","0","0","0","","0","0","0","8","1","1","N","0","0","39 57:12.199","","0","75 09:17.977","8","0","0","0","67301","1","0","0","N","1","0","0","2","67301","0","","1.0","","9","N","N","N","1","","0","0","0","0","0","","835","2","1","0","0","0","1","0","2","0","1","1","0","0","7","07","","N","","","","","","","","","",""
"2022014650","1640","2","0","0","0","0","0","0","0","0","4","0","","67","2","2022","3","39.913387","-75.24333","1640","6","0","0","0","0","0","0","0","0","","0","0","0","15","1","0","","5","0","39 54:48.192","","0","75 14:35.989","0","0","0","0","67301","0","0","0","N","0","0","0","2","67301","0","","1.0","","6","N","N","N","0","","0","0","0","3","2","","1537","2","0","0","0","0","0","0","2","0","2","0","0","0","4","04","","N","","","","","","","","","",""
"2022014722","2019","1","0","0","0","0","0","0","0","0","2","0","","67","1","2022","5","40.032446","-75.037109","2009","6","0","0","0","0","0","0","0","0","","0","0","0","19","3","0","N","0","0","40 01:56.805","","0","75 02:13.592","9","0","0","0","67301","0","0","0","N","0","0","0","3","67301","0","","1.0","","1","N","N","Y","0","","0","0","2","3","2","","1937","3","0","0","0","0","0","1","2","0","3","0","0","0","3","","","N","","","","","","","","","",""
"2022014746","1835","1","0","0","0","0","0","0","0","0","7","0","","67","1","2022","1","39.96774","-75.209733","1835","6","0","0","0","0","0","0","0","0","","0","0","0","18","3","0","","1","0","39 58:03.863","","0","75 12:35.037","9","0","0","0","67301","0","0","0","N","0","0","0","1","67301","0","","5.0","","2","N","N","N","0","","0","0","0","0","0","","1832","1","0","0","0","0","0","1","2","0","1","0","0","0","10","10","","N","","","","","","","","","",""
"2022014614","2210","1","0","0","0","0","0","0","0","0","7","0","","67","1","2022","6","40.057328","-75.034408","2202","6","0","0","0","0","0","0","0","0","","0","0","0","22","3","0","N","0","0","40 03:26.382","","0","75 02:03.870","0","0","0","0","67301","0","0","0","N","0","0","0","1","67301","0","","2.0","","7","N","N","N","0","","0","0","0","3","2","","2200","1","0","0","0","0","0","0","2","0","1","0","0","0","10","10","","N","","","","","","","","","",""
"2022015351","1029","2","0","0","0","0","0","0","0","0","4","0","","67","2","2022","5","40.084681","-75.025077","1025","6","0","0","0","0","0","0","0","1","","0","0","0","10","1","1","","2","1","40 05:04.850","2","0","75 01:30.277","8","0","0","0","67301","0","0","0","N","0","0","0","5","67301","0","","1.0","1055.0","1","N","N","N","0","","0","0","0","3","2","N","1020","2","1","0","0","0","1","0","2","0","2","0","0","0","3","03","","N","","","","","","","","","",""
"2022015712","0813","1","0","0","0","0","0","0","0","0","1","0","","67","2","2022","3","39.961176","-75.139961","0747","6","0","0","0","0","0","0","0","0","","0","0","0","7","1","0","N","0","0","39 57:40.233","","0","75 08:23.859","0","0","0","0","67301","0","0","0","N","0","0","0","2","68K01","0","","3.0","","1","N","N","N","0","","0","0","1","0","0","","743","2","0","0","0","0","0","0","2","0","2","0","0","0","3","","","N","","","","","","","","","",""
"2022013523","1408","1","0","0","0","0","0","0","0","0","5","0","","67","2","2022","6","40.008086","-75.201963","1356","6","0","0","0","0","0","0","0","0","","0","0","0","13","1","1","N","0","0","40 00:29.109","","0","75 12:07.067","3","0","0","0","67301","0","0","0","N","0","0","0","3","68K01","0","","1.0","","9","N","N","N","1","","1","0","0","0","0","","1336","3","1","0","0","0","0","0","2","1","3","0","0","0","7","","","N","","","","","","","","","",""
"2022014840","2045","1","0","0","0","0","0","0","0","0","6","0","","67","1","2022","7","40.03715","-75.123707","2045","6","0","0","0","0","0","0","0","0","","0","0","0","19","3","0","","1","1","40 02:13.739","2","0","75 07:25.345","0","0","0","0","67301","0","0","0","N","0","0","0","1","67301","0","","1.0","2115.0","1","N","N","N","0","","0","0","1","3","2","N","1920","2","0","0","0","0","0","0","2","0","2","0","0","0","3","","","N","","","","","","","","","",""
"2022014899","0900","1","0","0","0","0","0","0","0","0","4","0","","67","2","2022","4","40.014736","-75.206043","0846","6","0","0","0","0","0","0","0","0","","0","0","0","8","1","1","","2","1","40 00:53.048","1","3","75 12:21.755","3","0","0","0","67301","0","0","0","N","0","0","0","3","67301","0","","1.0","935.0","9","N","N","N","0","","1","0","1","3","3","N","844","2","1","0","0","0","0","0","2","0","2","0","0","0","4","","","N","","","","","","","","","",""
"2022013953","1740","1","0","0","0","0","0","0","0","0","7","0","","67","2","2022","7","39.899575","-75.163126","1714","6","0","0","0","0","0","0","0","0","","0","0","0","17","1","3","N","0","1","39 53:58.471","2","0","75 09:47.254","4","0","0","0","67301","0","0","0","N","0","0","0","3","68K01","3","","2.0","1800.0","1","N","N","N","0","","0","0","0","0","0","N","1712","1","3","0","0","0","0","0","2","0","1","0","0","0","3","","","N","","","","","","","","","",""
"2022029442","1624","1","0","0","0","0","0","0","0","0","4","0","","67","3","2022","4","40.036295","-75.071755","1621","6","0","0","0","0","0","2","0","0","","0","0","0","16","1","1","","1","0","40 02:10.662","","0","75 04:18.319","2","0","0","0","67301","0","0","0","N","0","0","0","3","67301","0","","1.0","","1","N","N","N","0","","0","1","2","3","3","","1618","3","1","0","0","0","0","2","2","0","3","0","0","0","4","","","N","","","","","","","","","",""
"2022006679","0155","0","0","0","0","0","0","0","0","0","5","1","","67","1","2022","1","39.960052","-75.179253","0154","6","0","0","0","0","0","0","0","0","","0","1","0","1","3","0","N","0","2","39 57:36.188","4","3","75 10:45.310","0","0","0","0","67301","0","0","0","N","0","0","0","1","68K01","0","","4.0","100.0","9","N","N","N","0","","0","0","1","0","0","N","154","2","0","0","0","0","0","0","2","0","2","0","0","0","7","07","","N","","","","","","","","","",""
"2022014776","2048","1","0","0","0","0","0","0","0","0","4","0","","67","1","2022","6","39.978578","-75.21373","2043","6","0","0","0","0","0","1","0","0","","0","0","0","20","3","1","","1","0","39 58:42.879","","0","75 12:49.429","3","0","0","0","67301","0","0","0","N","0","0","0","2","67301","0","","1.0","","1","N","N","N","0","","1","0","1","3","2","","2014","2","1","0","0","0","0","1","2","0","2","0","0","0","3","03","","N","","","","","","","","","",""
"2022014574","0955","0","0","0","0","0","0","0","0","0","4","0","","67","2","2022","1","39.957697","-75.162478","0944","6","0","0","0","0","0","1","0","0","","0","0","0","9","1","0","","1","1","39 57:27.710","1","0","75 09:44.921","0","0","0","0","67301","0","0","0","N","0","0","0","2","67301","0","","1.0","1001.0","1","N","N","N","0","","0","0","2","3","2","Y","910","2","0","2","0","0","0","0","2","0","2","0","0","0","3","03","","N","","","","","","","","","",""
"2022014778","0242","2","0","0","0","0","0","0","0","0","5","0","","67","1","2022","5","39.970872","-75.230925","0237","6","0","0","0","0","0","0","0","0","","0","0","0","2","3","0","N","0","0","39 58:15.140","","0","75 13:51.330","0","0","0","0","67301","0","0","0","N","0","0","0","1","67301","0","","1.0","","1","N","N","N","0","","0","0","0","0","0","","222","2","0","1","0","0","0","0","2","0","2","0","0","0","3","03","","N","","","","","","","","","",""
"2022009473","","1","0","0","0","0","0","0","0","0","4","0","","67","1","2022","7","40.017006","-75.150153","","6","0","0","0","0","0","1","0","0","","0","0","0","10","1","1","N","0","0","40 01:01.223","","7","75 09:00.551","8","0","0","0","67301","0","0","0","N","0","0","0","2","00000","0","","1.0","","1","N","N","N","0","","0","0","0","0","0","","1000","2","1","0","0","0","1","0","2","0","2","0","0","0","3","","","N","","","","","","","","","",""
"2022014768","0320","0","0","0","0","0","0","0","0","0","4","1","","67","2","2022","2","39.958487","-75.22518","0318","6","0","0","0","0","0","0","0","0","","0","1","0","3","3","0","","1","2","39 57:30.554","5","0","75 13:30.649","0","0","0","0","67301","0","0","0","N","0","0","0","3","67301","0","","1.0","440.0","9","N","N","N","0","","0","0","1","3","2","Y","313","2","0","0","0","0","0","0","2","0","2","0","0","0","4","","","N","","","","","","","","","",""
"2022013770","1638","2","0","0","0","0","0","0","0","0","5","0","","67","2","2022","7","40.027041","-75.025996","1621","6","0","0","0","0","0","0","0","0","","0","0","0","16","1","0","N","0","0","40 01:37.348","","0","75 01:33.587","0","0","0","0","67301","0","0","0","N","0","0","0","2","68K01","0","","1.0","","1","N","N","N","0","","0","0","0","0","0","","1617","2","0","0","0","0","0","0","2","0","2","0","0","0","3","","","N","","","","","","","","","",""
"2022014818","1743","2","0","0","0","0","0","0","0","0","4","0","","67","1","2022","1","39.998768","-75.131259","1743","6","0","0","0","0","0","1","0","0","","0","0","0","14","1","1","","1","0","39 59:55.564","","0","75 07:52.533","3","0","0","0","67301","0","0","0","N","0","0","0","2","67301","0","","1.0","","1","N","N","N","0","","1","0","0","3","2","","1450","2","1","1","0","0","0","0","2","0","2","0","0","0","3","03","","N","","","","","","","","","",""
"2022032844","0018","1","0","0","0","0","0","0","0","0","1","0","","67","4","2022","6","40.029911","-75.103076","0015","6","0","0","0","0","0","0","0","0","","0","0","0","0","3","1","","2","9","40 01:47.679","","0","75 06:11.073","3","0","0","0","67301","0","0","0","N","0","0","0","2","67301","0","","1.0","","1","N","N","N","0","","1","0","0","3","2","","5","2","1","0","0","0","0","0","2","0","2","0","0","0","4","04","","N","","","","","","","","","",""
"2022009455","","1","0","0","0","0","0","0","0","0","4","0","","67","1","2022","2","40.04739","-75.156479","","6","0","0","0","0","0","1","0","0","","0","0","0","17","1","1","","1","0","40 02:50.604","","0","75 09:23.324","8","0","0","0","67301","0","0","0","N","0","0","0","2","00000","0","","1.0","","1","N","N","N","0","","0","0","0","3","3","","1730","2","1","0","0","0","1","0","2","0","2","0","0","0","3","","","N","","","","","","","","","",""
"2022014583","1940","1","0","0","0","0","0","0","0","0","8","0","","67","1","2022","6","40.102486","-75.028736","1937","6","0","0","0","0","0","0","0","0","","0","0","0","19","3","1","","1","0","40 06:08.948","","0","75 01:43.450","3","0","0","0","67301","1","0","0","N","1","0","0","2","67301","0","","1.0","","9","N","N","N","0","","1","0","0","3","2","","1934","2","1","0","0","0","0","0","2","0","1","1","0","0","10","","","N","","","","","","","","","",""
"2022014633","0100","1","0","0","0","0","0","0","0","0","7","0","","67","1","2022","2","39.917205","-75.246318","0055","6","0","0","0","0","0","0","0","0","","0","0","0","0","3","0","N","0","0","39 55:01.938","","0","75 14:46.743","9","0","0","0","67301","0","0","0","N","0","0","0","1","67301","0","","5.0","","9","N","N","N","0","","0","0","0","0","0","","54","1","0","0","0","0","0","1","2","0","1","0","0","0","7","07","","N","","","","","","","","","",""
"2022005769","0726","1","0","0","0","0","0","0","0","0","7","0","","67","1","2022","3","40.00787","-75.071507","0718","6","0","0","0","0","0","0","0","0","","0","0","0","7","1","1","N","0","1","40 00:28.331","1","0","75 04:17.425","3","0","0","0","67301","0","0","0","N","0","0","0","1","68K01","0","","3.0","750.0","1","N","N","N","0","","1","0","0","0","0","N","718","1","1","1","0","0","0","0","2","0","1","0","0","0","3","","","N","","","","","","","","","",""
"2022014523","1630","1","0","0","0","0","0","0","0","0","5","0","","67","1","2022","7","39.922949","-75.18342","1618","6","0","0","0","0","0","0","0","0","","0","0","0","13","1","0","","1","0","39 55:22.618","","0","75 11:00.312","0","0","0","0","67301","0","0","0","N","0","0","0","2","67301","0","","1.0","","8","N","N","N","0","","0","0","1","3","2","","1343","2","0","0","0","0","0","0","2","0","2","0","0","0","7","07","","N","","","","","","","","","",""
"2022014629","1728","1","0","0","0","0","0","0","0","0","7","0","","67","1","2022","5","39.923927","-75.222089","1721","6","0","0","0","0","0","0","0","0","","0","0","0","17","3","0","","1","0","39 55:26.137","","0","75 13:19.522","0","0","0","0","67301","0","0","0","N","0","0","0","2","67301","0","","3.0","","1","N","N","N","0","","0","0","0","3","2","","1719","1","0","0","0","0","0","0","2","0","1","0","0","0","3","","","N","","","","","","","","","",""
"2022014774","2350","0","0","0","0","0","0","0","0","0","1","0","","67","1","2022","1","39.990725","-75.221636","2344","6","0","0","0","0","0","0","0","0","","0","0","0","23","3","0","N","0","0","39 59:26.610","","0","75 13:17.890","0","0","0","0","67301","0","0","0","N","0","0","0","1","67301","0","","1.0","","1","N","N","N","0","","0","0","2","0","0","","2314","2","0","0","0","0","0","0","2","0","2","0","0","0","3","","","N","","","","","","","","","",""
"2022014777","1801","1","0","0","0","0","0","0","0","0","2","0","","67","1","2022","2","39.962105","-75.228892","1801","6","0","0","1","0","0","0","0","0","","0","0","0","17","3","0","","2","0","39 57:43.577","","0","75 13:44.012","0","0","0","0","67301","0","0","0","N","0","0","0","1","67301","0","","1.0","","1","N","N","N","0","","0","0","1","3","3","","1755","2","0","0","0","0","0","0","2","0","2","0","0","0","3","03","","N","","","","","","","","","",""
"2022014853","0144","1","0","0","0","0","0","0","0","0","4","0","","67","1","2022","1","40.046778","-75.149258","0142","6","0","0","0","0","0","0","0","0","","0","0","0","1","3","0","N","0","0","40 02:48.400","","0","75 08:57.330","9","0","0","0","67301","0","0","0","N","0","0","0","1","67301","0","","1.0","","1","N","N","N","0","","0","0","0","0","0","","140","2","0","0","0","0","0","1","2","1","2","0","0","0","3","03","","N","","","","","","","","","",""
"2022032851","2110","3","0","0","0","0","0","0","0","0","5","0","","67","4","2022","2","39.921561","-75.157714","2108","6","0","0","0","0","0","0","0","0","","0","0","0","20","3","0","N","0","1","39 55:17.620","4","0","75 09:27.770","0","0","0","0","67301","0","0","0","N","0","0","0","1","67301","0","","6.0","2155.0","1","N","N","N","0","","0","0","1","0","0","Y","2053","4","0","1","0","0","0","0","2","0","4","0","0","0","3","","","N","","","","","","","","","",""
"2022014570","1313","0","0","0","0","0","0","0","0","0","8","0","","67","1","2022","4","39.951932","-75.143299","1309","6","0","0","0","0","0","0","0","0","","0","0","0","12","1","1","","1","0","39 57:06.954","","0","75 08:35.878","3","0","0","0","67301","1","0","0","N","1","0","0","2","67301","0","","1.0","","1","N","N","N","1","","1","0","0","3","2","","1250","2","1","0","0","0","0","0","2","0","1","1","0","0","3","03","","N","","","","","","","","","",""
"2022014826","0115","1","0","0","0","0","0","0","0","0","7","0","","67","2","2022","7","39.9991","-75.138662","0102","6","0","0","0","0","0","0","0","0","","0","0","0","0","3","2","N","0","0","39 59:56.760","","0","75 08:19.184","3","0","0","0","67301","0","0","0","N","0","0","0","2","67301","0","","9.0","","1","N","N","N","0","","2","0","0","0","0","","42","1","2","0","0","0","0","0","2","0","1","0","0","0","3","03","","N","","","","","","","","","",""
"2022014870","0400","1","0","0","0","0","0","0","0","0","4","0","","67","2","2022","6","40.030616","-75.14658","0400","6","0","0","0","0","0","0","0","0","","0","0","0","21","3","0","","1","9","40 01:50.216","","0","75 08:47.687","9","0","0","0","67301","0","0","0","N","0","0","0","2","67301","0","","1.0","","99","N","N","N","0","","0","0","1","9","2","","2100","2","0","0","0","0","0","1","2","0","2","0","0","0","99","","","N","","","","","","","","","",""
"2022015026","0635","3","0","0","0","0","0","0","0","0","4","0","","67","2","2022","3","40.028834","-75.058398","0632","6","0","0","0","0","0","1","0","0","","0","0","0","6","1","3","","1","0","40 01:43.801","","0","75 03:30.233","4","0","0","0","67301","0","0","0","N","0","0","0","3","67301","3","","1.0","","9","N","N","N","0","","0","0","0","3","3","","615","3","3","0","0","0","0","0","2","0","3","0","0","0","3","03","","N","","","","","","","","","",""
"2022014685","1014","1","0","0","0","0","0","0","0","0","1","0","","67","1","2022","6","40.058141","-75.174302","1007","6","0","0","0","0","0","0","0","0","","0","0","0","10","1","2","","1","0","40 03:29.309","","0","75 10:27.487","3","0","0","0","67301","0","0","0","N","0","0","0","3","67301","1","","1.0","","7","N","N","N","0","","1","0","0","3","2","","1000","2","2","0","0","0","0","0","2","1","2","0","0","0","10","","","N","","","","","","","","","",""
"2022014084","2055","0","0","0","0","0","0","0","0","0","8","0","","67","1","2022","6","39.909031","-75.241894","2052","6","0","0","0","0","0","0","0","0","","1","0","0","20","3","0","","2","1","39 54:32.511","1","0","75 14:30.820","1","0","0","0","67301","1","1","0","N","1","1","0","2","67301","0","2","1.0","100.0","1","N","N","N","0","0","0","0","0","3","2","N","2050","2","0","0","0","0","0","0","2","0","1","1","1","0","3","03","","N","","","","","","","","","",""
"2022014886","0900","2","0","0","0","0","0","0","0","0","1","0","","67","1","2022","1","40.017889","-75.201994","0900","6","0","0","0","0","0","0","0","0","","0","0","0","22","3","0","N","0","9","40 01:04.400","","0","75 12:07.180","0","0","0","0","67301","0","0","0","N","0","0","0","4","67301","0","","1.0","","99","N","N","N","0","","0","0","0","0","0","","2230","2","0","0","0","0","0","0","2","0","2","0","0","0","99","","","N","","","","","","","","","",""
"2022014703","0303","2","0","0","0","0","0","0","0","0","6","0","","67","2","2022","7","40.053443","-75.170407","0303","6","0","0","0","0","0","0","0","0","","0","0","0","2","3","1","N","0","0","40 03:12.394","","0","75 10:13.464","2","0","0","0","67301","0","0","0","N","0","0","0","2","67301","0","","5.0","","1","N","N","N","0","","0","1","0","0","0","","255","2","1","1","0","1","0","1","2","0","2","0","0","0","3","","","N","","","","","","","","","",""
"2022007433","1710","1","0","0","0","0","0","0","0","0","7","0","","67","1","2022","6","40.04537","-75.000599","1646","6","0","0","0","0","0","0","0","0","","0","0","0","16","1","0","N","0","0","40 02:43.332","","2","75 00:02.157","0","0","0","0","67301","0","0","0","Y","0","0","0","1","68K01","0","","4.0","","1","N","N","N","0","","0","0","0","0","0","","1640","1","0","1","0","0","0","0","2","0","1","0","0","0","3","03","","N","","","","","","","","","",""
"2022032757","1950","2","0","0","0","0","0","0","0","0","5","0","","67","4","2022","1","39.985089","-75.094648","1937","6","0","0","0","0","0","0","0","0","","0","0","0","19","3","0","N","0","0","39 59:06.319","","0","75 05:40.731","0","0","0","0","67301","0","0","0","N","0","0","0","3","68K01","0","","3.0","","1","N","N","N","0","","0","0","0","0","0","","1925","2","0","0","0","0","0","0","2","0","2","0","0","0","3","","","N","","","","","","","","","",""
"2022004235","1610","1","0","0","0","0","0","0","0","0","1","0","","67","1","2022","3","40.004239","-75.07734","1554","6","0","0","0","0","0","0","0","0","","0","0","0","14","1","2","","1","0","40 00:15.259","","0","75 04:38.425","3","0","0","0","67301","0","0","0","N","0","0","0","4","67301","0","","1.0","","1","N","N","N","0","","1","0","0","3","2","","1400","2","2","0","0","0","1","2","2","1","2","0","0","0","3","03","","N","","","","","","","","","",""
"2022013425","2137","1","0","0","0","0","0","0","0","0","0","0","","67","1","2022","1","39.982426","-75.207823","2128","6","0","0","0","0","0","0","0","0","","0","0","0","21","3","1","N","0","1","39 58:56.733","3","0","75 12:28.164","4","0","0","0","67301","0","0","0","N","0","0","0","1","68K01","1","","4.0","2215.0","1","N","N","N","0","","0","0","0","0","0","N","2127","1","1","0","0","0","0","0","2","0","1","0","0","0","3","","","N","","","","","","","","","",""
"2022010862","0655","2","0","0","0","0","0","0","0","0","4","0","","67","1","2022","2","39.956769","-75.211372","0647","6","0","0","0","0","0","0","0","0","","0","0","0","6","5","2","","1","0","39 57:24.367","","0","75 12:40.940","3","0","0","0","67301","0","0","0","N","0","0","0","3","67301","0","","1.0","","9","N","N","N","0","","2","0","0","3","2","","645","2","2","0","0","0","0","0","2","0","2","0","0","0","7","07","","N","","","","","","","","","",""
"2022014887","0839","0","0","0","0","0","0","0","0","0","8","0","","67","1","2022","4","40.009927","-75.166676","0825","6","0","0","0","0","0","0","0","0","","0","0","0","7","1","1","N","0","0","40 00:35.736","","0","75 10:00.032","8","0","0","0","67301","1","0","0","N","1","0","0","2","67301","0","","1.0","","1","N","N","N","0","","0","0","1","3","2","","759","2","1","0","0","0","1","0","2","0","1","1","0","0","3","03","","N","","","","","","","","","",""
"2022004180","1615","2","0","0","0","0","0","0","0","0","1","0","","67","1","2022","6","39.90402","-75.173765","1604","6","0","0","0","0","0","1","0","0","","0","0","0","16","1","0","Y","0","0","39 54:14.471","","0","75 10:25.555","0","0","0","0","67301","0","0","0","N","0","0","0","2","67301","0","","1.0","","1","N","N","N","0","","0","0","0","3","2","","1600","2","0","0","0","0","0","0","2","0","2","0","0","0","3","03","","N","","","","","","","","","",""
"2022014725","0108","2","0","0","0","0","0","0","0","0","1","0","","67","1","2022","6","40.020782","-75.094744","0105","6","0","0","0","0","0","0","0","0","","0","0","0","23","3","0","N","0","0","40 01:14.815","","0","75 05:41.079","0","0","0","0","67301","0","0","0","N","0","0","0","0","67301","0","","6.0","","7","N","Y","N","0","","0","0","0","0","0","","2314","2","0","0","0","0","0","0","2","0","2","0","0","0","10","10","","N","","","","","","","","","",""
"2022014872","1530","1","0","0","0","0","0","0","0","0","7","0","","67","1","2022","5","40.002705","-75.190294","1525","6","0","0","0","0","0","0","0","0","","0","0","0","15","1","1","N","0","0","40 00:09.738","","0","75 11:25.060","3","0","0","0","67301","0","0","0","N","0","0","0","1","67301","0","","2.0","","1","N","N","N","0","","1","0","0","0","0","","1525","1","1","1","0","0","0","0","2","0","1","0","0","0","3","03","","N","","","","","","","","","",""
"2022014587","0258","0","0","0","0","0","0","0","0","0","7","0","","67","1","2022","1","40.128559","-75.013914","0247","6","0","0","0","0","0","0","0","0","","0","0","0","2","3","0","N","0","0","40 07:42.814","","0","75 00:50.089","9","0","0","0","67301","0","0","0","N","0","0","0","1","67301","0","","5.0","","2","N","N","N","1","","0","0","0","0","0","","245","1","0","0","0","0","0","1","2","0","1","0","0","0","2","","","N","","","","","","","","","",""
"2022029256","0120","2","0","0","0","0","0","0","0","0","4","0","","67","3","2022","1","39.993079","-75.147887","0100","6","0","0","0","0","0","0","0","0","","0","0","0","0","3","0","","1","2","39 59:35.083","5","0","75 08:52.393","0","0","0","0","67301","0","0","0","N","0","0","0","4","67301","0","","1.0","245.0","9","N","N","N","0","","0","0","0","3","2","Y","40","2","0","0","0","0","0","0","2","0","2","0","0","0","3","","","N","","","","","","","","","",""
"2022014554","1600","2","0","0","0","0","0","0","0","0","1","0","","67","1","2022","2","39.91101","-75.150707","1553","6","0","0","0","0","0","1","1","0","","0","0","0","15","1","0","N","0","0","39 54:39.635","","0","75 09:02.544","0","0","0","0","67301","0","0","0","N","0","0","0","2","67301","0","","1.0","","9","N","N","N","0","","0","0","0","0","0","","1545","2","0","0","0","0","0","0","2","0","2","0","0","0","3","03","","N","","","","","","","","","",""
"2022014771","0249","2","0","0","0","0","0","0","0","0","1","0","","67","2","2022","4","39.956169","-75.237942","0248","6","0","0","0","0","0","0","0","0","","0","0","0","2","3","0","N","0","0","39 57:22.210","","0","75 14:16.590","0","0","0","0","67301","0","0","0","N","0","0","0","1","67301","0","","6.0","","1","N","N","N","0","","0","0","0","3","2","","247","2","0","0","0","0","0","0","2","0","2","0","0","0","3","03","","N","","","","","","","","","",""
"2022014708","1326","2","0","0","0","0","0","0","0","0","4","0","","67","1","2022","5","40.027193","-75.06242","1318","6","0","0","0","1","0","0","0","0","","0","0","0","13","1","1","","3","1","40 01:37.895","3","0","75 03:44.712","4","0","0","0","67301","0","0","0","N","0","0","0","2","67301","1","","1.0","1340.0","9","N","N","N","0","","0","0","0","3","3","N","1306","2","1","1","0","0","0","0","2","0","2","0","0","0","4","","","N","","","","","","","","","",""