"CRN","ARRIVAL_TM","AUTOMOBILE_COUNT","BELTED_DEATH_COUNT","BELTED_SUSP_SERIOUS_INJ_COUNT","BICYCLE_COUNT","BICYCLE_DEATH_COUNT","BICYCLE_SUSP_SERIOUS_INJ_COUNT","BUS_COUNT","CHLDPAS_DEATH_COUNT","CHLDPAS_SUSP_SERIOUS_INJ_COUNT","COLLISION_TYPE","COMM_VEH_COUNT","CONS_ZONE_SPD_LIM","COUNTY","CRASH_MONTH","CRASH_YEAR","DAY_OF_WEEK","DEC_LATITUDE","DEC_LONGITUDE","DISPATCH_TM","DISTRICT","DRIVER_COUNT_16YR","DRIVER_COUNT_17YR","DRIVER_COUNT_18YR","DRIVER_COUNT_19YR","DRIVER_COUNT_20YR","DRIVER_COUNT_50_64YR","DRIVER_COUNT_65_74YR","DRIVER_COUNT_75PLUS","EST_HRS_CLOSED","FATAL_COUNT","HEAVY_TRUCK_COUNT","HORSE_BUGGY_COUNT","HOUR_OF_DAY","ILLUMINATION","INJURY_COUNT","INTERSECTION_RELATED","INTERSECT_TYPE","LANE_CLOSED","LATITUDE","LN_CLOSE_DIR","LOCATION_TYPE","LONGITUDE","MAX_SEVERITY_LEVEL","MCYCLE_DEATH_COUNT","MCYCLE_SUSP_SERIOUS_INJ_COUNT","MOTORCYCLE_COUNT","MUNICIPALITY","NONMOTR_COUNT","NONMOTR_DEATH_COUNT","NONMOTR_SUSP_SERIOUS_INJ_COUNT","NTFY_HIWY_MAINT","PED_COUNT","PED_DEATH_COUNT","PED_SUSP_SERIOUS_INJ_COUNT","PERSON_COUNT","POLICE_AGCY","POSSIBLE_INJ_COUNT","RDWY_SURF_TYPE_CD","RELATION_TO_ROAD","ROADWAY_CLEARED","ROAD_CONDITION","SCH_BUS_IND","SCH_ZONE_IND","SECONDARY_CRASH","SMALL_TRUCK_COUNT","SPEC_JURIS_CD","SUSP_MINOR_INJ_COUNT","SUSP_SERIOUS_INJ_COUNT","SUV_COUNT","TCD_FUNC_CD","TCD_TYPE","TFC_DETOUR_IND","TIME_OF_DAY","TOTAL_UNITS","TOT_INJ_COUNT","UNBELTED_OCC_COUNT","UNB_DEATH_COUNT","UNB_SUSP_SERIOUS_INJ_COUNT","UNK_INJ_DEG_COUNT","UNK_INJ_PER_COUNT","URBAN_RURAL","VAN_COUNT","VEHICLE_COUNT","VULNERABLE_ROAD_USER_COUNT","VULNERABLE_ROAD_USER_DEATH_COUNT","VULNERABLE_ROAD_USER_SER_INJ_COUNT","WEATHER1","WEATHER2","WORKERS_PRES","WORK_ZONE_IND","WORK_ZONE_LOC","WORK_ZONE_TYPE","WZ_CLOSE_DETOUR","WZ_FLAGGER","WZ_LAW_OFFCR_IND","WZ_LN_CLOSURE","WZ_MOVING","WZ_OTHER","WZ_SHLDER_MDN","WZ_WORKERS_INJ_KILLED"
"2022014602","0735","0","0","0","0","0","0","0","0","0","7","0","","67","1","2022","1","40.063683","-75.022324","0731","6","0","0","0","0","0","0","0","0","","0","0","0","7","1","0","N","0","0","40 03:49.260","","0","75 01:20.368","0","0","0","0","67301","0","0","0","N","0","0","0","1","67301","0","","5.0","","1","N","N","N","0","","0","0","1","0","0","","728","1","0","0","0","0","0","0","2","0","1","0","0","0","3","03","","N","","","","","","","","","",""
"2022014800","1615","1","0","0","0","0","0","0","0","0","4","0","","67","2","2022","6","39.99178","-75.186379","1544","6","0","0","0","0","0","0","0","0","","0","0","0","14","8","1","","1","0","39 59:30.408","","0","75 11:10.966","3","0","0","0","67301","0","0","0","N","0","0","0","4","67301","0","","1.0","","9","N","N","N","0","","1","0","1","3","2","","1429","2","1","0","0","0","0","3","2","0","2","0","0","0","7","","","N","","","","","","","","","",""
"2022014621","0710","0","0","0","0","0","0","0","0","0","1","1","","67","2","2022","3","40.050373","-75.035106","0700","6","0","0","0","0","0","1","0","0","","0","1","0","6","1","1","N","0","0","40 03:01.343","","0","75 02:06.380","4","0","0","0","67301","0","0","0","N","0","0","0","3","67301","1","","1.0","","2","N","N","N","0","","0","0","1","0","0","","655","2","1","0","0","0","0","0","2","0","2","0","0","0","6","06","","N","","","","","","","","","",""
"2022014617","1030","3","0","0","0","0","0","0","0","0","5","0","","67","2","2022","5","40.076528","-75.032684","1030","6","0","0","0","0","0","2","0","0","","0","0","0","10","1","1","","1","1","40 04:35.499","1","0","75 01:57.662","8","0","0","0","67301","0","0","0","N","0","0","0","3","67301","0","","1.0","1100.0","9","N","N","N","0","","0","0","0","3","2","N","1028","3","1","0","0","0","1","1","2","0","3","0","0","0","7","04","","N","","","","","","","","","",""
"2022013781","0422","1","0","0","0","0","0","0","0","0","7","0","","67","2","2022","1","39.958365","-75.180236","0419","6","0","0","0","0","0","0","0","0","","0","0","0","4","3","3","N","0","1","39 57:30.115","4","0","75 10:48.849","4","0","0","0","67301","0","0","0","N","0","0","0","3","68K01","1","","7.0","500.0","1","N","N","N","0","","0","0","0","0","0","N","419","1","3","2","0","0","2","0","2","0","1","0","0","0","3","","","N","","","","","","","","","",""
"2022013934","2310","1","0","0","0","0","0","0","0","0","1","0","","67","2","2022","5","39.972571","-75.121295","2259","6","0","0","0","1","0","0","0","0","","0","0","0","22","3","2","N","0","1","39 58:21.256","1","0","75 07:16.662","4","0","0","0","67301","0","0","0","N","0","0","0","3","68K01","1","","1.0","2345.0","9","N","N","N","0","","0","0","1","0","0","N","2258","2","2","0","0","0","1","0","2","0","2","0","0","0","7","","","N","","","","","","","","","",""
"2022014383","1802","1","0","0","0","0","0","0","0","0","1","0","","67","2","2022","6","39.996807","-75.082184","1802","6","0","0","0","0","0","0","0","0","","0","0","0","17","3","0","N","0","0","39 59:48.505","","0","75 04:55.861","0","0","0","0","67301","0","0","0","N","0","0","0","2","68K01","0","","1.0","","9","N","N","N","0","","0","0","1","0","0","","1741","2","0","0","0","0","0","0","2","0","2","0","0","0","7","","","N","","","","","","","","","",""
"2022014412","2200","1","0","0","0","0","0","0","0","0","7","0","","67","2","2022","1","39.955442","-75.148046","2112","6","0","0","0","0","0","0","0","0","","1","0","0","21","3","2","N","0","1","39 57:19.590","4","8","75 08:52.967","1","0","0","0","67301","0","0","0","N","0","0","0","3","67501","0","1","4.0","2357.0","1","N","N","N","0","8","0","0","0","3","8","N","2112","1","2","1","1","0","2","0","2","0","1","0","0","0","3","03","","N","","","","","","","","","",""
"2022007577","0612","2","0","0","0","0","0","0","0","0","1","0","","67","1","2022","7","40.003185","-75.152576","0609","6","0","0","0","0","0","0","0","0","","0","0","0","6","3","1","","1","0","40 00:11.467","","0","75 09:09.273","8","0","0","0","67301","0","0","0","N","0","0","0","2","67505","0","","1.0","","1","N","N","N","0","","0","0","0","3","2","","600","3","1","0","0","0","1","0","2","1","3","0","0","0","3","","","N","","","","","","","","","",""
"2022013909","1059","0","0","0","0","0","0","0","0","0","2","0","","67","1","2022","7","40.023372","-75.034774","1056","6","0","0","0","0","0","0","0","0","","0","0","0","10","1","0","N","0","0","40 01:24.140","","0","75 02:05.186","0","0","0","0","67301","0","0","0","Y","0","0","0","1","68K01","0","","2.0","","2","N","N","N","1","","0","0","0","0","0","","1054","1","0","0","0","0","0","0","2","0","1","0","0","0","2","02","","N","","","","","","","","","",""
"2022015123","0708","0","0","0","0","0","0","0","0","0","7","0","","67","1","2022","6","39.892402","-75.225191","0657","6","0","0","0","0","1","0","0","0","","0","0","0","6","5","1","N","0","0","39 53:32.648","","3","75 13:30.689","4","0","0","0","67301","0","0","0","N","0","0","0","1","68K01","1","","4.0","","9","N","N","N","1","","0","0","0","0","0","","629","1","1","1","0","0","0","0","2","0","1","0","0","0","10","04","","N","","","","","","","","","",""
"2022014825","0237","1","0","0","0","0","0","0","0","0","2","0","","67","2","2022","6","40.015208","-75.1472","0237","6","0","0","0","0","0","1","0","0","","0","0","0","2","3","0","","1","0","40 00:54.748","","0","75 08:49.919","0","0","0","0","67301","0","0","0","N","0","0","0","2","67301","0","","1.0","","9","N","N","N","0","","0","0","1","3","2","","231","2","0","0","0","0","0","0","2","0","2","0","0","0","7","07","","N","","","","","","","","","",""
"2022014891","0641","1","0","0","0","0","0","0","0","0","8","0","","67","1","2022","6","40.019694","-75.184329","0637","6","0","0","0","0","0","0","0","0","","0","0","0","6","3","1","","1","1","40 01:10.898","5","0","75 11:03.583","4","0","0","0","67301","1","0","0","N","1","0","0","2","67301","1","","1.0","650.0","1","N","N","N","0","","0","0","0","3","2","N","633","2","1","0","0","0","0","0","2","0","1","1","0","0","3","03","","N","","","","","","","","","",""
"2022015717","0847","1","0","0","0","0","0","0","0","0","1","0","","67","2","2022","4","39.959553","-75.17525","0836","6","0","0","0","0","0","0","0","0","","0","0","0","8","1","1","N","0","1","39 57:34.389","4","0","75 10:30.899","3","0","0","0","67301","0","0","0","N","0","0","0","2","68K01","0","","1.0","1000.0","1","N","N","N","0","","1","0","1","0","0","N","832","2","1","0","0","0","0","0","2","0","2","0","0","0","3","03","","N","","","","","","","","","",""
"2022014784","1150","1","0","0","0","0","0","0","0","0","4","0","","67","2","2022","5","40.010341","-75.207085","1130","6","0","0","0","0","0","0","0","0","","0","0","0","9","1","1","","7","9","40 00:37.227","","0","75 12:25.505","3","0","0","0","67301","0","0","0","N","0","0","0","3","67301","0","","1.0","","99","N","N","N","0","","1","0","1","0","0","","950","2","1","0","0","0","0","2","2","0","2","0","0","0","4","04","","N","","","","","","","","","",""
"2022004246","0916","0","0","0","0","0","0","0","0","0","8","0","","67","1","2022","3","39.954661","-75.181711","0911","6","0","0","0","0","0","0","0","0","","1","0","0","7","1","0","Y","0","0","39 57:16.780","","0","75 10:54.160","1","0","0","0","67301","1","1","0","N","1","1","0","2","67301","0","2","1.0","","1","N","N","N","0","0","0","0","0","0","0","","736","2","0","0","0","0","0","0","2","1","1","1","1","0","3","03","","N","","","","","","","","","",""
"2022035503","1641","2","0","0","0","0","0","0","0","0","1","0","","67","4","2022","2","39.979276","-75.203954","1641","6","0","0","0","0","0","1","0","0","","0","0","0","16","1","0","N","0","1","39 58:45.393","3","0","75 12:14.235","0","0","0","0","67301","0","0","0","N","0","0","0","2","68K01","0","","1.0","1650.0","1","N","N","N","0","","0","0","0","0","0","N","1641","2","0","0","0","0","0","0","2","0","2","0","0","0","3","03","","N","","","","","","","","","",""
"2022014787","1505","2","0","0","0","0","0","0","0","0","2","0","","67","2","2022","1","39.967058","-75.245799","1452","6","0","0","0","0","0","0","0","0","","0","0","0","14","1","2","N","0","0","39 58:01.408","","7","75 14:44.877","3","0","0","0","67301","0","0","0","N","0","0","0","2","67301","0","","1.0","","1","N","N","N","0","","1","0","0","0","0","","1450","2","2","0","0","0","1","0","2","0","2","0","0","0","3","03","","N","","","","","","","","","",""
"2022013748","2025","1","0","0","0","0","0","0","0","0","7","0","","67","2","2022","5","40.039131","-75.008302","2018","6","0","0","0","0","0","0","0","0","","0","0","0","20","3","1","N","0","0","40 02:20.872","","0","75 00:29.887","8","0","0","0","67301","0","0","0","N","0","0","0","1","68K01","0","","3.0","","9","N","N","N","0","","0","0","0","0","0","","2016","1","1","0","0","0","1","0","2","0","1","0","0","0","7","07","","N","","","","","","","","","",""
"2022014804","1415","3","0","0","0","0","0","0","0","0","4","0","","67","1","2022","1","40.007964","-75.104807","1414","6","0","0","0","1","0","0","0","0","","0","0","0","14","1","2","","1","0","40 00:28.672","","0","75 06:17.306","4","0","0","0","67301","0","0","0","N","0","0","0","2","67301","2","","1.0","","1","N","N","N","0","","0","0","0","2","2","","1410","3","2","0","0","0","0","0","2","0","3","0","0","0","3","03","","N","","","","","","","","","",""
"2022014541","0833","1","0","0","0","0","0","0","0","0","2","0","","67","1","2022","3","40.05083","-75.077492","0831","6","0","0","0","0","0","1","0","0","","0","0","0","8","1","2","","1","0","40 03:02.987","","0","75 04:38.971","3","0","0","0","67301","0","0","0","N","0","0","0","3","67301","1","","1.0","","1","N","N","N","0","","1","0","2","3","2","","828","3","2","0","0","0","0","0","2","0","3","0","0","0","3","","","N","","","","","","","","","",""
"2022014562","1146","1","0","0","0","0","0","0","0","0","4","0","","67","1","2022","3","40.037291","-75.220662","1145","6","0","0","0","0","0","2","0","0","","0","0","0","11","1","1","","2","1","40 02:14.247","6","0","75 13:14.383","2","0","0","0","67301","0","0","0","N","0","0","0","5","67301","0","","1.0","1240.0","1","N","N","Y","0","","0","1","2","0","0","Y","1139","3","1","0","0","0","0","0","2","0","3","0","0","0","3","04","","N","","","","","","","","","",""
"2022015763","0910","0","0","0","0","0","0","0","0","0","1","0","","67","1","2022","2","39.999175","-75.138647","0903","6","0","0","0","0","0","0","0","0","","0","0","0","8","1","0","N","0","0","39 59:57.029","","0","75 08:19.128","0","0","0","0","67301","0","0","0","N","0","0","0","2","67301","0","","1.0","","2","N","N","N","0","","0","0","0","0","0","","810","2","0","0","0","0","0","0","2","2","2","0","0","0","10","03","","N","","","","","","","","","",""
"2022009466","","0","0","0","0","0","0","0","0","0","5","0","","67","1","2022","3","","","","6","0","0","0","0","0","0","0","0","","0","0","0","6","5","0","N","0","0","","","0","","0","0","0","0","67301","0","0","0","N","0","0","0","2","00000","0","","1.0","","1","N","N","N","0","","0","0","1","0","0","","630","2","0","0","0","0","0","0","1","1","2","0","0","0","3","","","N","","","","","","","","","",""
"2022014792","1322","2","0","0","0","0","0","0","0","0","2","0","","67","1","2022","1","39.984856","-75.157537","1322","6","0","0","0","0","0","0","0","0","","0","0","0","13","1","2","","1","2","39 59:05.480","7","0","75 09:27.133","3","0","0","0","67301","0","0","0","N","0","0","0","4","67301","0","","1.0","1450.0","1","N","N","N","1","","2","0","0","0","0","Y","1322","3","2","0","0","0","0","0","2","0","3","0","0","0","3","03","","N","","","","","","","","","",""
"2022014705","1627","2","0","0","0","0","0","0","0","0","4","0","","67","2","2022","3","40.076716","-75.176178","1621","6","0","0","0","0","1","0","0","1","","0","0","0","16","1","1","","1","0","40 04:36.177","","0","75 10:34.240","3","0","0","0","67301","0","0","0","N","0","0","0","2","67301","0","","1.0","","1","N","N","N","0","","1","0","0","3","3","","1620","2","1","0","0","0","0","0","2","0","2","0","0","0","3","03","","N","","","","","","","","","",""
"2022013924","0740","2","0","0","0","0","0","0","0","0","1","0","","67","2","2022","4","39.957074","-75.152228","0739","6","0","0","0","0","0","1","0","0","","0","0","0","7","1","0","N","0","0","39 57:25.468","","0","75 09:08.021","0","0","0","0","67301","0","0","0","N","0","0","0","2","68K01","0","","1.0","","1","N","N","N","0","","0","0","0","0","0","","737","2","0","0","0","0","0","0","2","0","2","0","0","0","5","04","","N","","","","","","","","","",""
"2022013508","1242","0","0","0","0","0","0","0","0","0","5","1","","67","1","2022","6","39.949781","-75.183986","1227","6","0","0","0","0","0","1","0","0","","0","1","0","11","1","2","N","0","2","39 56:59.212","3","0","75 11:02.351","3","0","0","0","67301","0","0","0","N","0","0","0","3","68K01","0","","1.0","1245.0","9","N","N","N","0","","1","0","1","0","0","N","1149","2","2","0","0","0","1","0","2","0","2","0","0","0","10","","","N","","","","","","","","","",""
"2022013509","0755","1","0","0","0","0","0","0","0","0","7","0","","67","1","2022","7","39.888994","-75.218198","0730","6","0","0","0","0","0","1","0","0","","0","0","0","7","1","1","N","0","1","39 53:20.377","2","0","75 13:05.511","8","0","0","0","67301","0","0","0","N","0","0","0","1","68K01","0","","4.0","820.0","7","N","N","N","0","","0","0","0","0","0","N","730","1","1","0","0","0","1","0","2","0","1","0","0","0","10","","","N","","","","","","","","","",""
"2022014565","0912","2","0","0","0","0","0","0","0","0","1","0","","67","1","2022","1","40.014969","-75.206945","0912","6","0","0","0","0","0","0","0","0","","0","0","0","18","3","1","N","0","0","40 00:53.887","","0","75 12:25.003","8","0","0","0","67301","0","0","0","N","0","0","0","2","67301","0","","1.0","","9","N","N","N","0","","0","0","0","3","2","","1828","2","1","0","0","0","1","1","2","0","2","0","0","0","3","03","","N","","","","","","","","","",""
"2022014802","1217","0","0","0","0","0","0","0","0","0","8","0","","67","1","2022","2","39.994631","-75.094531","1217","6","0","0","0","0","0","0","0","0","","0","0","0","12","1","1","N","0","0","39 59:40.673","","7","75 05:40.311","8","0","0","0","67301","1","0","0","N","1","0","0","2","67301","0","","5.0","","1","N","N","N","0","","0","0","1","0","0","","1217","2","1","0","0","0","1","0","2","0","1","1","0","0","3","03","","N","","","","","","","","","",""
"2022014739","0046","0","0","0","0","0","0","0","0","0","7","0","","67","1","2022","3","39.986747","-75.207556","0035","6","0","0","0","0","0","0","0","0","","0","0","0","0","3","0","","6","0","39 59:12.288","","8","75 12:27.201","9","0","0","0","67301","0","0","0","N","0","0","0","1","67301","0","","2.0","","1","N","N","N","0","","0","0","1","3","2","","35","1","0","0","0","0","0","1","2","0","1","0","0","0","3","","","N","","","","","","","","","",""
"2022013775","2102","2","0","0","0","0","0","0","0","0","1","0","","67","2","2022","7","39.997699","-75.195986","2058","6","0","0","0","0","0","0","0","0","","0","0","0","20","3","2","N","0","0","39 59:51.718","","0","75 11:45.550","8","0","0","0","67301","0","0","0","N","0","0","0","8","68K01","0","","1.0","","1","N","N","N","0","","0","0","0","0","0","","2054","3","2","4","0","0","2","1","2","0","3","0","0","0","3","03","","N","","","","","","","","","",""
"2022004230","1850","1","0","0","0","0","0","0","0","0","3","0","","67","1","2022","7","40.029788","-75.164677","1840","6","0","0","0","0","0","0","0","1","","0","0","0","18","3","0","N","0","0","40 01:47.236","","0","75 09:52.837","0","0","0","0","67301","0","0","0","N","0","0","0","1","67301","0","","6.0","","2","N","N","N","0","","0","0","1","0","0","","1820","3","0","0","0","0","0","0","2","1","3","0","0","0","3","","","N","","","","","","","","","",""
"2022014603","1615","1","0","0","0","0","0","0","0","0","7","0","","67","1","2022","2","40.09538","-74.95968","1608","6","0","1","0","0","0","0","0","0","","0","0","0","16","1","1","","2","0","40 05:43.369","","7","74 57:34.849","3","0","0","0","67301","0","0","0","N","0","0","0","2","67301","0","","5.0","","9","N","N","N","0","","1","0","0","0","0","","1608","1","1","0","0","0","0","0","2","0","1","0","0","0","4","04","","N","","","","","","","","","",""
"2022014651","1715","2","0","0","0","0","0","0","0","0","1","0","","67","2","2022","3","39.947443","-75.22961","1711","6","0","0","0","0","0","0","0","0","","0","0","0","16","1","1","","2","0","39 56:50.794","","0","75 13:46.596","3","0","0","0","67301","0","0","0","N","0","0","0","2","67301","0","","1.0","","1","N","N","N","0","","1","0","0","0","0","","1629","2","1","0","0","0","0","0","2","0","2","0","0","0","3","03","","N","","","","","","","","","",""
"2022014589","1715","0","0","0","0","0","0","0","0","0","4","0","","67","2","2022","3","40.083417","-75.038018","1708","6","0","0","0","0","0","1","0","0","","0","0","0","17","4","0","N","0","0","40 05:00.302","","0","75 02:16.866","0","0","0","0","67301","0","0","0","N","0","0","0","2","67301","0","","3.0","","1","N","N","N","0","","0","0","2","0","0","","1700","2","0","0","0","0","0","0","2","0","2","0","0","0","3","03","","N","","","","","","","","","",""
"2022004302","0245","2","0","0","0","0","0","0","0","0","4","0","","67","1","2022","6","40.022303","-75.162025","0239","6","0","0","0","0","0","0","0","0","","0","0","0","2","3","0","","1","0","40 01:20.289","","0","75 09:43.290","9","0","0","0","67301","0","0","0","N","0","0","0","2","67301","0","","1.0","","7","N","N","N","0","","0","0","0","3","2","","220","2","0","1","0","0","0","1","2","0","2","0","0","0","10","03","","N","","","","","","","","","",""
"2022004256","1626","1","0","0","0","0","0","0","0","0","5","0","","67","1","2022","2","39.951623","-75.226613","1626","6","0","0","0","0","0","0","0","0","","0","0","0","16","1","0","N","0","0","39 57:05.841","","0","75 13:35.808","0","0","0","0","67301","0","0","0","N","0","0","0","3","67301","0","","1.0","","1","N","N","N","1","","0","0","0","0","0","","1615","2","0","0","0","0","0","0","2","0","2","0","0","0","3","","","N","","","","","","","","","",""
"2022014700","0105","0","0","0","0","0","0","0","0","0","7","0","","67","2","2022","6","40.043088","-75.193569","0102","6","0","0","0","0","0","0","0","0","","0","0","0","0","3","1","N","0","1","40 02:35.117","2","0","75 11:36.847","8","0","0","0","67301","0","0","0","N","0","0","0","1","67301","0","","5.0","230.0","9","N","N","N","0","","0","0","1","0","0","Y","50","1","1","0","0","0","1","0","2","0","1","0","0","0","7","07","","N","","","","","","","","","",""
"2022014559","2120","0","0","0","0","0","0","0","0","0","8","0","","67","2","2022","7","39.924928","-75.144203","2116","6","0","0","0","0","0","0","0","0","","1","0","0","21","3","0","N","0","1","39 55:29.740","2","0","75 08:39.131","1","0","0","0","67301","1","1","0","N","1","1","0","2","67301","0","2","2.0","2225.0","1","N","N","N","0","0","0","0","0","0","0","N","2105","2","0","0","0","0","0","1","2","0","1","1","1","0","3","","","N","","","","","","","","","",""
"2022014620","1840","2","0","0","0","0","0","0","0","0","1","0","","67","2","2022","1","40.041363","-75.028255","1829","6","0","0","0","0","0","0","1","0","","0","0","0","18","3","1","","1","0","40 02:28.908","","0","75 01:41.719","8","0","0","0","67301","0","0","0","N","0","0","0","2","67301","0","","1.0","","1","N","N","N","0","","0","0","0","3","2","","1800","2","1","0","0","0","1","0","2","0","2","0","0","0","3","","","N","","","","","","","","","",""
"2022015710","0510","1","0","0","0","0","0","0","0","0","7","0","","67","2","2022","3","39.96855","-75.191338","0504","6","0","0","0","0","0","0","0","0","","0","0","0","4","3","0","N","0","0","39 58:06.781","","0","75 11:28.817","0","0","0","0","67301","0","0","0","N","0","0","0","1","68K01","0","","2.0","","9","N","N","N","0","","0","0","0","0","0","","454","1","0","0","0","0","0","0","2","0","1","0","0","0","3","","","N","","","","","","","","","",""
"2022011925","","1","0","0","0","0","0","0","0","0","5","1","","67","1","2022","4","40.047663","-75.059843","","6","0","0","0","0","0","0","0","0","","0","1","0","7","1","2","N","0","0","40 02:51.585","","0","75 03:35.433","8","0","0","0","67301","0","0","0","N","0","0","0","3","00000","0","","1.0","","1","N","N","N","0","","0","0","0","0","0","","730","2","2","0","0","0","2","0","2","0","2","0","0","0","3","","","N","","","","","","","","","",""
"2022004220","1605","1","0","0","0","0","0","0","0","0","99","1","","67","1","2022","2","39.919733","-75.212156","1605","6","0","0","0","0","0","0","0","0","","0","1","0","16","1","0","N","0","0","39 55:11.040","","0","75 12:43.760","9","0","0","0","67301","0","0","0","N","0","0","0","3","67301","0","","1.0","","1","N","N","N","0","","0","0","2","0","0","","1604","5","0","1","0","0","0","1","2","1","5","0","0","0","3","03","","N","","","","","","","","","",""
"2022014895","1120","1","0","0","0","0","0","0","0","0","8","0","","67","1","2022","2","40.017724","-75.15484","1101","6","0","0","0","0","0","1","0","0","","0","0","0","11","1","1","N","0","0","40 01:03.805","","0","75 09:17.424","3","0","0","0","67301","1","0","0","N","1","0","0","2","67301","0","","6.0","","6","N","N","N","0","","1","0","0","0","0","","1101","2","1","0","0","0","0","0","2","0","1","1","0","0","3","","","N","","","","","","","","","",""
"2022014564","1035","1","0","0","0","0","0","0","0","0","7","0","","67","1","2022","6","40.026029","-75.199614","1029","6","0","0","0","1","0","0","0","0","","0","0","0","10","1","2","N","0","0","40 01:33.706","","0","75 11:58.611","3","0","0","0","67301","0","0","0","N","0","0","0","2","67301","0","","2.0","","7","N","N","N","0","","2","0","0","0","0","","1029","1","2","0","0","0","0","0","2","0","1","0","0","0","10","10","","N","","","","","","","","","",""
"2022004178","0940","1","0","0","0","0","0","0","0","0","5","1","","67","1","2022","5","39.91412","-75.14999","0938","6","0","0","0","0","0","0","0","0","","0","1","0","9","1","0","","1","0","39 54:50.832","","0","75 08:59.963","0","0","0","0","67301","0","0","0","N","0","0","0","2","67301","0","","1.0","","1","N","N","N","0","","0","0","0","3","2","","930","2","0","2","0","0","0","0","2","0","2","0","0","0","3","03","","N","","","","","","","","","",""
"2022004695","","1","0","0","0","0","0","0","0","0","4","0","","67","1","2022","3","40.051101","-75.09119","","6","0","0","0","0","0","0","0","0","","0","0","0","14","1","1","","1","0","40 03:03.963","","0","75 05:28.284","3","0","0","0","67301","0","0","0","N","0","0","0","2","00000","0","","1.0","","1","N","N","N","0","","1","0","0","3","3","","1440","2","1","0","0","0","0","0","2","0","2","0","0","0","3","","","N","","","","","","","","","",""
"2022004182","0840","1","0","0","0","0","0","0","0","0","5","1","","67","1","2022","3","40.032335","-75.213916","0840","6","0","0","0","0","0","0","0","1","","0","1","0","8","1","0","N","0","2","40 01:56.406","5","0","75 12:50.099","0","0","0","0","67301","0","0","0","N","0","0","0","1","67301","0","","6.0","100.0","1","N","N","N","0","","0","0","0","0","0","Y","838","2","0","0","0","0","0","0","2","0","2","0","0","0","3","03","","N","","","","","","","","","",""
"2022014901","1204","3","0","0","0","0","0","0","0","0","4","0","","67","2","2022","6","40.002081","-75.169456","1202","6","0","0","0","0","0","0","0","0","","0","0","0","11","1","0","","1","0","40 00:07.491","","0","75 10:10.041","0","0","0","0","67301","0","0","0","N","0","0","0","2","67301","0","","1.0","","9","N","N","N","0","","0","0","0","3","3","","1141","3","0","0","0","0","0","0","2","0","3","0","0","0","7","","","N","","","","","","","","","",""
"2022014714","2101","1","0","0","0","0","0","0","0","0","5","1","","67","1","2022","1","40.031327","-75.053933","2053","6","0","0","0","0","0","0","1","0","","0","1","0","20","3","0","N","0","0","40 01:52.778","","0","75 03:14.159","0","0","0","0","67301","0","0","0","N","0","0","0","1","67301","0","","6.0","","1","N","N","N","0","","0","0","0","0","0","","2048","2","0","0","0","0","0","0","2","0","2","0","0","0","3","","","N","","","","","","","","","",""
"2022015679","0954","1","0","0","0","0","0","0","0","0","7","0","","67","1","2022","7","39.984295","-75.20834","0948","6","0","0","0","0","0","0","0","0","","0","0","0","9","1","1","N","0","0","39 59:03.461","","0","75 12:30.024","4","0","0","0","67301","0","0","0","N","0","0","0","2","68K01","1","","2.0","","7","N","N","N","0","","0","0","0","0","0","","939","1","1","0","0","0","0","0","2","0","1","0","0","0","10","04","","N","","","","","","","","","",""
"2022014789","0422","1","0","0","0","0","0","1","0","0","4","1","","67","1","2022","7","39.986293","-75.168793","0418","6","0","0","0","0","0","1","0","0","","0","0","0","3","3","0","","1","0","39 59:10.654","","0","75 10:07.654","9","0","0","0","67301","0","0","0","N","0","0","0","2","67301","0","","1.0","","1","Y","N","N","0","","0","0","0","3","3","","330","2","0","0","0","0","0","1","2","0","2","0","0","0","3","03","","N","","","","","","","","","",""
"2022004225","1755","2","0","0","0","0","0","0","0","0","4","0","","67","1","2022","2","40.054925","-75.184459","1746","6","0","0","0","0","0","0","0","0","","0","0","0","17","3","1","","1","0","40 03:17.729","","0","75 11:04.052","3","0","0","0","67301","0","0","0","N","0","0","0","2","67301","0","","1.0","","1","N","N","N","0","","1","0","0","3","3","","1702","2","1","0","0","0","0","1","2","0","2","0","0","0","3","03","","N","","","","","","","","","",""
"2022010869","2230","2","0","0","0","0","0","0","0","0","4","0","","67","1","2022","4","39.988765","-75.17587","2225","6","0","0","0","0","0","0","0","0","","0","0","0","22","3","1","","2","2","39 59:19.553","6","0","75 10:33.131","8","0","0","0","67301","0","0","0","N","0","0","0","2","67301","0","","1.0","2300.0","1","N","N","Y","0","","0","0","0","3","3","Y","2223","2","1","0","0","0","1","0","2","0","2","0","0","0","3","","","N","","","","","","","","","",""
"2022013565","1520","1","0","0","0","0","0","0","0","0","8","0","","67","1","2022","5","39.991708","-75.154952","1520","6","0","0","0","0","0","0","0","0","","1","0","0","15","1","0","N","0","0","39 59:30.150","","0","75 09:17.827","1","0","0","0","67301","1","1","0","N","1","1","0","2","67301","0","2","1.0","","1","N","N","N","0","0","0","0","0","9","9","","1512","2","0","0","0","0","0","0","2","0","1","1","1","0","3","","","N","","","","","","","","","",""
"2022004539","0225","1","0","0","0","0","0","0","0","0","1","1","","67","1","2022","4","40.015638","-75.176945","0214","6","0","0","0","0","0","0","0","0","","0","1","0","2","3","0","","3","2","40 00:56.296","2","0","75 10:37.001","0","0","0","0","67301","0","0","0","N","0","0","0","2","67301","0","","1.0","245.0","1","N","N","N","0","","0","0","0","2","2","Y","210","2","0","0","0","0","0","0","2","0","2","0","0","0","3","03","","N","","","","","","","","","",""