"CRN","ARRIVAL_TM","AUTOMOBILE_COUNT","BELTED_DEATH_COUNT","BELTED_SUSP_SERIOUS_INJ_COUNT","BICYCLE_COUNT","BICYCLE_DEATH_COUNT","BICYCLE_SUSP_SERIOUS_INJ_COUNT","BUS_COUNT","CHLDPAS_DEATH_COUNT","CHLDPAS_SUSP_SERIOUS_INJ_COUNT","COLLISION_TYPE","COMM_VEH_COUNT","CONS_ZONE_SPD_LIM","COUNTY","CRASH_MONTH","CRASH_YEAR","DAY_OF_WEEK","DEC_LATITUDE","DEC_LONGITUDE","DISPATCH_TM","DISTRICT","DRIVER_COUNT_16YR","DRIVER_COUNT_17YR","DRIVER_COUNT_18YR","DRIVER_COUNT_19YR","DRIVER_COUNT_20YR","DRIVER_COUNT_50_64YR","DRIVER_COUNT_65_74YR","DRIVER_COUNT_75PLUS","EST_HRS_CLOSED","FATAL_COUNT","HEAVY_TRUCK_COUNT","HORSE_BUGGY_COUNT","HOUR_OF_DAY","ILLUMINATION","INJURY_COUNT","INTERSECTION_RELATED","INTERSECT_TYPE","LANE_CLOSED","LATITUDE","LN_CLOSE_DIR","LOCATION_TYPE","LONGITUDE","MAX_SEVERITY_LEVEL","MCYCLE_DEATH_COUNT","MCYCLE_SUSP_SERIOUS_INJ_COUNT","MOTORCYCLE_COUNT","MUNICIPALITY","NONMOTR_COUNT","NONMOTR_DEATH_COUNT","NONMOTR_SUSP_SERIOUS_INJ_COUNT","NTFY_HIWY_MAINT","PED_COUNT","PED_DEATH_COUNT","PED_SUSP_SERIOUS_INJ_COUNT","PERSON_COUNT","POLICE_AGCY","POSSIBLE_INJ_COUNT","RDWY_SURF_TYPE_CD","RELATION_TO_ROAD","ROADWAY_CLEARED","ROAD_CONDITION","SCH_BUS_IND","SCH_ZONE_IND","SECONDARY_CRASH","SMALL_TRUCK_COUNT","SPEC_JURIS_CD","SUSP_MINOR_INJ_COUNT","SUSP_SERIOUS_INJ_COUNT","SUV_COUNT","TCD_FUNC_CD","TCD_TYPE","TFC_DETOUR_IND","TIME_OF_DAY","TOTAL_UNITS","TOT_INJ_COUNT","UNBELTED_OCC_COUNT","UNB_DEATH_COUNT","UNB_SUSP_SERIOUS_INJ_COUNT","UNK_INJ_DEG_COUNT","UNK_INJ_PER_COUNT","URBAN_RURAL","VAN_COUNT","VEHICLE_COUNT","VULNERABLE_ROAD_USER_COUNT","VULNERABLE_ROAD_USER_DEATH_COUNT","VULNERABLE_ROAD_USER_SER_INJ_COUNT","WEATHER1","WEATHER2","WORKERS_PRES","WORK_ZONE_IND","WORK_ZONE_LOC","WORK_ZONE_TYPE","WZ_CLOSE_DETOUR","WZ_FLAGGER","WZ_LAW_OFFCR_IND","WZ_LN_CLOSURE","WZ_MOVING","WZ_OTHER","WZ_SHLDER_MDN","WZ_WORKERS_INJ_KILLED"
"2022014083","0017","1","0","0","0","0","0","0","0","0","8","0","","67","1","2022","6","40.001601","-75.152925","0016","6","0","0","0","0","0","0","0","0","","1","0","0","23","3","0","","1","0","40 00:05.763","","0","75 09:10.529","1","0","0","0","67301","1","1","0","N","1","1","0","2","67301","0","2","1.0","","1","N","N","N","0","0","0","0","0","3","2","","2345","2","0","0","0","0","0","0","2","0","1","1","1","0","3","03","","N","","","","","","","","","",""
"2022006813","2357","2","0","0","0","0","0","0","0","0","1","0","","67","1","2022","4","40.005878","-75.149766","2357","6","0","0","0","0","0","0","0","0","","0","0","0","23","3","2","N","1","0","40 00:21.160","","0","75 08:59.157","8","0","0","0","67301","0","0","0","N","0","0","0","3","67505","0","","1.0","","1","N","N","N","0","","0","0","0","3","2","","2357","2","2","1","0","0","2","0","2","0","2","0","0","0","3","03","","N","","","","","","","","","",""
"2022007393","1730","2","0","0","0","0","0","0","0","0","1","0","","67","1","2022","6","40.006806","-75.150056","1730","6","0","0","0","0","0","1","0","0","","0","0","0","17","3","3","Y","0","1","40 00:24.500","3","0","75 09:00.200","3","0","0","0","67301","0","0","0","N","0","0","0","6","67505","0","","1.0","1845.0","1","N","N","N","0","","1","0","1","3","2","N","1725","3","3","2","0","0","2","1","2","0","3","0","0","0","3","03","","N","","","","","","","","","",""
"2022015713","1311","0","0","0","0","0","0","0","0","0","1","0","","67","2","2022","3","39.959409","-75.174098","1311","6","0","0","0","0","0","0","0","0","","0","0","0","13","1","1","N","3","2","39 57:33.873","4","2","75 10:26.751","4","0","0","0","67301","0","0","0","N","0","0","0","3","68K01","1","","7.0","1400.0","1","N","N","N","0","","0","0","1","0","0","Y","1309","2","1","0","0","0","0","1","2","0","2","0","0","0","3","","","N","","","","","","","","","",""
"2022014734","0630","0","0","0","0","0","0","0","0","0","99","0","","67","2","2022","4","40.014123","-75.06839","0627","6","0","0","0","0","0","0","0","0","","0","0","0","6","3","1","N","0","2","40 00:50.842","1","0","75 04:06.203","3","0","0","0","67301","0","0","0","N","0","0","0","1","67301","0","","1.0","745.0","1","N","N","N","0","","1","0","1","0","0","Y","626","1","1","0","0","0","0","0","2","0","1","0","0","0","5","05","","N","","","","","","","","","",""
"2022010896","0227","0","0","0","0","0","0","0","0","0","4","0","","67","1","2022","6","40.007865","-75.172261","0225","6","0","0","0","0","0","0","0","0","","0","0","0","2","3","0","","1","1","40 00:28.314","4","0","75 10:20.141","0","0","0","0","67301","0","0","0","N","0","0","0","2","67301","0","","1.0","258.0","1","N","N","N","0","","0","0","2","3","2","N","206","2","0","0","0","0","0","0","2","0","2","0","0","0","3","03","","N","","","","","","","","","",""
"2022014871","1150","2","0","0","0","0","0","0","0","0","3","0","","67","2","2022","7","40.036989","-75.130389","1149","6","1","0","0","0","0","0","0","0","","0","0","0","11","1","0","N","0","0","40 02:13.160","","0","75 07:49.400","0","0","0","0","67301","0","0","0","N","0","0","0","2","67301","0","","1.0","","1","N","N","N","0","","0","0","0","0","0","","1149","2","0","0","0","0","0","0","2","0","2","0","0","0","3","","","N","","","","","","","","","",""
"2022004255","0821","0","0","0","0","0","0","0","0","0","4","1","","67","1","2022","6","39.941228","-75.209396","0811","6","0","0","0","0","0","0","0","0","","0","0","0","8","1","1","","1","0","39 56:28.421","","0","75 12:33.827","3","0","0","0","67301","0","0","0","N","0","0","0","3","67301","0","","1.0","","9","N","N","N","1","","1","0","1","3","2","","810","2","1","0","0","0","0","0","2","0","2","0","0","0","10","","","N","","","","","","","","","",""
"2022014696","1112","2","0","0","0","0","0","0","0","0","4","0","","67","2","2022","3","40.080957","-75.202694","1108","6","0","0","0","0","0","0","1","0","","0","0","0","11","1","0","","1","0","40 04:51.446","","0","75 12:09.698","0","0","0","0","67301","0","0","0","N","0","0","0","2","67301","0","","1.0","","1","N","N","N","0","","0","0","0","3","2","","1108","2","0","0","0","0","0","0","2","0","2","0","0","0","3","","","N","","","","","","","","","",""
"2022004287","1810","1","0","0","0","0","0","0","0","0","4","1","","67","1","2022","7","40.053107","-75.149927","1805","6","0","0","0","0","0","0","0","0","","0","0","0","18","3","3","","1","0","40 03:11.185","","0","75 08:59.737","3","0","0","0","67301","0","0","0","N","0","0","0","4","67301","0","","1.0","","9","N","N","N","1","","3","0","0","3","2","","1800","2","3","0","0","0","0","0","2","0","2","0","0","0","7","07","","N","","","","","","","","","",""
"2022001725","0915","1","0","0","0","0","0","1","0","0","4","1","","67","1","2022","2","39.993931","-75.154462","0900","6","0","0","0","0","0","1","0","0","","0","0","0","9","1","0","","1","0","39 59:38.150","","0","75 09:16.063","9","0","0","0","67301","0","0","0","N","0","0","0","2","67508","0","","1.0","","1","N","N","N","0","","0","0","0","3","2","","900","2","0","0","0","0","0","2","2","0","2","0","0","0","3","03","","N","","","","","","","","","",""
"2022004218","1253","1","0","0","0","0","0","0","0","0","6","1","","67","1","2022","7","39.933515","-75.239366","1247","6","0","0","0","0","0","0","0","0","","0","1","0","12","1","3","N","0","0","39 56:00.654","","0","75 14:21.719","2","0","0","0","67301","0","0","0","N","0","0","0","4","67301","0","","1.0","","1","N","N","N","0","","0","2","0","0","0","","1220","2","3","0","0","0","1","0","2","0","2","0","0","0","3","","","N","","","","","","","","","",""
"2022004462","2134","1","0","0","0","0","0","1","0","0","5","1","","67","1","2022","4","39.978887","-75.203358","2131","6","0","0","0","0","0","0","0","0","","0","0","0","21","3","2","N","0","0","39 58:43.994","","0","75 12:12.087","8","0","0","0","67301","0","0","0","N","0","0","0","19","68K01","0","","1.0","","1","N","N","N","0","","0","0","0","0","0","","2125","2","2","0","0","0","2","0","2","0","2","0","0","0","3","","","N","","","","","","","","","",""
"2022013016","2031","0","0","0","0","0","0","0","0","0","5","0","","67","1","2022","7","40.016622","-75.050793","2012","6","0","0","0","0","0","0","0","0","","0","0","0","20","3","0","N","0","0","40 00:59.840","","0","75 03:02.856","0","0","0","0","67301","0","0","0","N","0","0","0","2","68K01","0","","1.0","","9","N","N","N","0","","0","0","1","0","0","","2004","2","0","0","0","0","0","0","2","0","2","0","0","0","7","","","N","","","","","","","","","",""
"2022014835","1317","1","0","0","0","0","0","0","0","0","8","0","","67","2","2022","7","39.992071","-75.139698","1317","6","0","0","0","0","0","0","0","0","","0","0","0","21","3","1","","1","0","39 59:31.457","","0","75 08:22.914","3","0","0","0","67301","1","0","0","N","1","0","0","1","67301","0","","1.0","","1","N","N","N","0","","1","0","0","0","0","","2130","2","1","0","0","0","0","0","2","0","1","1","0","0","3","03","","N","","","","","","","","","",""
"2022012272","1245","0","0","0","0","0","0","0","0","0","1","0","","67","2","2022","4","39.958616","-75.16772","1236","6","0","0","0","0","0","1","0","0","","0","0","0","12","1","1","N","0","0","39 57:31.018","","0","75 10:03.792","8","0","0","0","67301","0","0","0","N","0","0","0","3","68K01","0","","1.0","","9","N","N","N","0","","0","0","2","0","0","","1233","2","1","1","0","0","1","0","2","0","2","0","0","0","3","","","N","","","","","","","","","",""
"2022011716","0101","1","0","0","0","0","0","0","0","0","5","0","","67","2","2022","4","39.95537","-75.147941","0101","6","0","0","0","0","0","0","0","0","","0","0","0","1","3","2","N","0","0","39 57:19.331","","2","75 08:52.586","3","0","0","0","67301","0","0","0","N","0","0","0","2","67501","1","","1.0","","9","N","N","N","0","","1","0","1","3","8","","101","2","2","0","0","0","0","0","2","0","2","0","0","0","3","","","N","","","","","","","","","",""
"2022014736","1432","1","0","0","0","0","0","0","0","0","4","0","","67","2","2022","7","40.025505","-75.063766","1428","6","0","0","0","0","0","0","0","0","","0","0","0","14","1","3","","1","2","40 01:31.818","6","0","75 03:49.557","3","0","0","0","67301","0","0","0","N","0","0","0","4","67301","0","","1.0","1700.0","1","N","N","N","1","","3","0","1","3","3","N","1422","3","3","0","0","0","0","0","2","0","3","0","0","0","3","03","","N","","","","","","","","","",""
"2022020600","1414","1","0","0","0","0","0","0","0","0","4","0","","67","2","2022","4","39.904061","-75.240291","1400","6","0","0","0","0","0","1","0","0","","0","0","0","22","6","0","","1","0","39 54:14.619","","0","75 14:25.049","9","0","0","0","67301","0","0","0","N","0","0","0","2","67301","0","","1.0","","99","N","N","N","0","","0","0","1","3","2","","2245","2","0","0","0","0","0","1","2","0","2","0","0","0","99","","","N","","","","","","","","","",""
"2022003232","1946","1","0","0","0","0","0","0","0","0","5","1","","67","1","2022","7","40.003698","-75.077246","1933","6","0","0","0","0","0","0","0","0","","0","1","0","19","3","0","N","0","0","40 00:13.312","","0","75 04:38.087","0","0","0","0","67301","0","0","0","N","0","0","0","2","68K01","0","","1.0","","9","N","N","N","0","","0","0","0","0","0","","1920","2","0","0","0","0","0","0","2","0","2","0","0","0","7","","","N","","","","","","","","","",""
"2022043716","0445","0","0","0","0","0","0","0","0","0","7","0","","67","5","2022","4","39.89876","-75.169961","0424","6","0","0","0","0","0","0","0","0","","0","0","0","4","3","0","N","0","0","39 53:55.536","","0","75 10:11.860","0","0","0","0","67301","0","0","0","N","0","0","0","1","68K01","0","","2.0","","9","N","N","N","0","","0","0","1","0","0","","424","1","0","0","0","0","0","0","2","0","1","0","0","0","7","","","N","","","","","","","","","",""
"2022043916","0920","2","0","0","0","0","0","0","0","0","2","0","","67","5","2022","1","40.059366","-75.200937","0914","6","0","0","0","0","0","1","1","0","","0","0","0","9","1","1","","1","0","40 03:33.719","","0","75 12:03.372","4","0","0","0","67301","0","0","0","N","0","0","0","2","67301","1","","1.0","","9","N","N","N","0","","0","0","0","0","0","","913","2","1","0","0","0","0","0","2","0","2","0","0","0","7","07","","N","","","","","","","","","",""
"2022016313","1155","0","0","0","0","0","0","0","0","0","8","0","","67","2","2022","1","40.030657","-75.052173","1149","6","0","0","0","0","0","0","0","0","","0","0","0","11","1","1","","1","0","40 01:50.365","","0","75 03:07.822","8","0","0","0","67301","1","0","0","N","1","0","0","2","67301","0","","1.0","","9","N","N","N","0","","0","0","0","3","3","","1146","2","1","0","0","0","1","0","2","1","1","1","0","0","10","10","","N","","","","","","","","","",""
"2022029202","1200","2","0","0","0","0","0","0","0","0","5","0","","67","3","2022","7","39.89516","-75.247757","1157","6","0","0","0","0","0","1","0","0","","0","0","0","11","1","0","N","0","0","39 53:42.577","","0","75 14:51.924","9","0","0","0","67301","0","0","0","N","0","0","0","3","67301","0","","1.0","","1","N","N","N","0","","0","0","0","0","0","","1150","2","0","0","0","0","0","2","2","0","2","0","0","0","3","03","","N","","","","","","","","","",""
"2022008738","1455","0","0","0","0","0","0","0","0","0","7","0","","67","1","2022","3","39.974481","-75.158723","1447","6","0","0","0","0","0","0","0","0","","0","0","0","14","1","1","Y","0","1","39 58:28.131","5","0","75 09:31.401","8","0","0","0","67301","0","0","0","N","0","0","0","1","67505","0","","3.0","1520.0","1","N","N","N","0","","0","0","1","3","2","N","1440","1","1","1","0","0","1","0","2","0","1","0","0","0","3","03","","N","","","","","","","","","",""
"2022004298","1000","2","0","0","0","0","0","0","0","0","5","1","","67","1","2022","5","39.994569","-75.154323","1000","6","0","0","0","0","0","1","0","0","","0","0","0","10","1","1","N","0","0","39 59:40.450","","0","75 09:15.563","3","0","0","0","67301","0","0","0","N","0","0","0","2","67301","0","","1.0","","1","N","N","N","1","","1","0","1","0","0","","1000","4","1","0","0","0","0","0","2","0","4","0","0","0","3","03","","N","","","","","","","","","",""
"2022000010","0048","0","0","0","0","0","0","0","0","0","7","0","","67","1","2022","7","39.912417","-75.173944","0045","6","0","0","0","0","0","0","0","0","","0","0","0","0","3","0","N","0","2","39 54:44.700","2","2","75 10:26.200","0","0","0","0","67301","0","0","0","N","0","0","0","1","67501","0","","4.0","59.0","9","N","N","N","0","","0","0","1","3","8","Y","45","1","0","0","0","0","0","0","2","0","1","0","0","0","4","05","","N","","","","","","","","","",""
"2022038669","0804","0","0","0","0","0","0","0","0","0","5","1","","67","4","2022","6","40.040504","-75.005402","0741","6","0","0","0","0","0","1","0","0","","0","1","0","7","1","1","N","0","0","40 02:25.813","","0","75 00:19.446","3","0","0","0","67301","0","0","0","N","0","0","0","2","68K01","0","","1.0","","1","N","N","N","0","","1","0","0","0","0","","739","2","1","0","0","0","0","1","2","1","2","0","0","0","3","","","N","","","","","","","","","",""
"2022015562","1620","1","0","0","0","0","0","0","0","0","7","0","","67","2","2022","5","40.002789","-75.137842","1620","6","0","0","0","0","0","0","0","0","","0","0","0","15","1","1","","5","0","40 00:10.040","","0","75 08:16.231","3","0","0","0","67301","0","0","0","N","0","0","0","1","67301","0","","4.0","","9","N","N","N","0","","1","0","0","3","2","","1550","1","1","0","0","0","0","0","2","0","1","0","0","0","7","07","","N","","","","","","","","","",""
"2022013211","0149","2","0","0","0","0","0","0","0","0","1","0","","67","2","2022","1","39.974417","-75.158056","0148","6","0","0","0","0","0","0","0","0","","0","0","0","1","3","1","N","0","0","39 58:27.900","","0","75 09:29.000","8","0","0","0","67301","0","0","0","N","0","0","0","1","67505","0","","6.0","","1","N","N","N","0","","0","0","1","0","0","","147","3","1","0","0","0","1","0","2","0","3","0","0","0","3","03","","N","","","","","","","","","",""
"2022008879","1001","1","0","0","0","0","0","0","0","0","1","1","","67","1","2022","3","39.960093","-75.179613","1001","6","0","0","0","0","0","1","0","0","","0","1","0","9","1","1","N","0","1","39 57:36.334","4","0","75 10:46.607","4","0","0","0","67301","0","0","0","N","0","0","0","3","68K01","1","","1.0","1003.0","1","N","N","N","0","","0","0","1","0","0","N","958","3","1","0","0","0","0","0","2","0","3","0","0","0","3","","","N","","","","","","","","","",""
"2022001792","1442","0","0","0","0","0","0","1","0","0","8","1","","67","1","2022","2","40.0455","-75.164866","1425","6","0","0","0","0","0","0","0","0","","0","0","0","14","1","1","","1","0","40 02:43.799","","0","75 09:53.518","4","0","0","0","67301","1","0","0","N","1","0","0","2","67508","1","","1.0","","9","N","N","N","0","","0","0","0","3","2","","1415","2","1","0","0","0","0","0","2","0","1","1","0","0","98","98","","N","","","","","","","","","",""
"2022038522","1449","1","0","0","0","0","0","0","0","0","5","0","","67","4","2022","5","39.949441","-75.141848","1420","6","0","0","0","0","0","0","0","0","","0","0","0","14","1","0","N","0","0","39 56:57.988","","0","75 08:30.651","0","0","0","0","67301","0","0","0","N","0","0","0","2","68K01","0","","1.0","","1","N","N","N","0","","0","0","1","0","0","","1420","2","0","0","0","0","0","0","2","0","2","0","0","0","4","","","N","","","","","","","","","",""
"2022038666","0942","0","0","0","0","0","0","0","0","0","1","0","","67","4","2022","5","40.027802","-75.024591","0942","6","0","0","0","0","0","1","0","0","","0","0","0","9","1","0","N","0","0","40 01:40.087","","0","75 01:28.527","0","0","0","0","67301","0","0","0","N","0","0","0","2","68K01","0","","1.0","","1","N","N","N","0","","0","0","2","0","0","","931","2","0","0","0","0","0","0","2","0","2","0","0","0","3","","","N","","","","","","","","","",""
"2022019581","0022","2","0","0","0","0","0","0","0","0","1","0","","67","2","2022","6","39.895431","-75.233493","0005","6","0","0","0","0","0","0","0","0","","0","0","0","23","3","1","","2","1","39 53:43.553","3","0","75 14:00.574","3","0","0","0","67301","0","0","0","N","0","0","0","2","67301","0","","1.0","134.0","1","N","N","N","0","","1","0","0","3","2","N","2353","2","1","1","0","0","0","0","2","0","2","0","0","0","3","03","","N","","","","","","","","","",""
"2022018117","1436","1","0","0","0","0","0","0","0","0","6","0","","67","2","2022","6","39.978972","-75.153972","1435","6","0","0","0","0","0","0","0","0","","0","0","0","14","1","2","N","0","0","39 58:44.300","","0","75 09:14.300","8","0","0","0","67301","0","0","0","N","0","0","0","3","67505","0","","1.0","","1","N","N","N","1","","0","0","0","0","0","","1434","2","2","0","0","0","2","0","2","0","2","0","0","0","3","03","","N","","","","","","","","","",""
"2022048176","1206","1","0","0","0","0","0","0","0","0","1","1","","67","4","2022","7","40.024627","-75.030488","1206","6","1","0","0","0","0","0","0","0","","0","0","0","12","1","1","N","0","1","40 01:28.658","5","0","75 01:49.757","3","0","0","0","67301","0","0","0","N","0","0","0","2","68Z99","0","","1.0","1220.0","1","N","N","N","1","","1","0","0","0","0","Y","1200","2","1","0","0","0","0","0","2","0","2","0","0","0","3","03","","N","","","","","","","","","",""
"2022033251","1340","1","0","0","0","0","0","0","0","0","4","0","","67","4","2022","1","39.927908","-75.167871","1328","6","0","0","0","0","1","0","1","0","","0","0","0","12","1","0","","2","0","39 55:40.469","","0","75 10:04.337","0","0","0","0","67301","0","0","0","N","0","0","0","2","67301","0","","1.0","","9","N","N","N","1","","0","0","0","3","3","","1257","2","0","0","0","0","0","0","2","0","2","0","0","0","7","","","N","","","","","","","","","",""
"2022026778","0214","2","0","0","0","0","0","0","0","0","3","0","","67","3","2022","4","40.046972","-75.181111","0212","6","0","0","0","0","0","1","0","0","","0","0","0","2","3","0","N","0","2","40 02:49.100","6","7","75 10:52.000","9","0","0","0","67301","0","0","0","N","0","0","0","2","67301","0","","1.0","441.0","1","N","N","N","0","","0","0","0","0","0","Y","209","2","0","0","0","0","0","1","2","0","2","0","0","0","3","03","","N","","","","","","","","","",""
"2022019577","0505","1","0","0","0","0","0","0","0","0","1","0","","67","2","2022","5","39.895878","-75.215716","0450","6","0","0","0","0","0","0","0","0","","0","0","0","4","3","0","N","0","0","39 53:45.162","","3","75 12:56.576","0","0","0","0","67301","0","0","0","N","0","0","0","4","67301","0","","1.0","","1","N","N","N","0","","0","0","0","0","0","","449","2","0","1","0","0","0","0","2","1","2","0","0","0","3","03","","N","","","","","","","","","",""
"2022016265","2210","0","0","0","0","0","0","0","0","0","8","0","","67","2","2022","3","39.966585","-75.213525","2200","6","0","0","0","0","0","0","0","0","","0","0","0","22","3","1","","1","0","39 57:59.705","","0","75 12:48.690","3","0","0","0","67301","1","0","0","N","0","0","0","2","67301","0","","1.0","","1","N","N","N","0","","1","0","1","3","2","","2256","2","1","0","0","0","0","0","2","0","1","1","0","0","3","03","","N","","","","","","","","","",""
"2022026846","0926","1","0","0","0","0","0","0","0","0","8","0","","67","3","2022","4","39.927855","-75.237036","0923","6","0","0","0","0","0","0","0","0","","0","0","0","9","1","1","","1","0","39 55:40.278","","0","75 14:13.330","3","0","0","0","67301","1","0","0","N","1","0","0","2","67301","0","","1.0","","1","N","N","N","0","","1","0","0","3","2","","921","2","1","0","0","0","0","0","2","0","1","1","0","0","3","98","","N","","","","","","","","","",""
"2022019611","0328","1","0","0","0","0","0","0","0","0","4","0","","67","2","2022","1","40.007909","-75.0852","0324","6","0","0","0","0","0","0","0","0","","0","0","0","3","3","2","","2","1","40 00:28.472","5","0","75 05:06.719","3","0","0","0","67301","0","0","0","N","0","0","0","2","67301","1","","1.0","355.0","1","N","N","N","0","","1","0","1","3","3","N","320","2","2","0","0","0","0","0","2","0","2","0","0","0","3","03","","N","","","","","","","","","",""
"2022019649","0800","1","0","0","0","0","0","0","0","0","4","0","","67","2","2022","5","39.971811","-75.125954","0800","6","0","0","0","0","1","0","0","0","","0","0","0","8","1","0","","1","0","39 58:18.518","","0","75 07:33.433","0","0","0","0","67301","0","0","0","N","0","0","0","3","67301","0","","1.0","","1","N","N","N","0","","0","0","1","3","2","","800","3","0","2","0","0","0","0","2","1","3","0","0","0","3","03","","N","","","","","","","","","",""
"2022043941","0023","2","0","0","0","0","0","0","0","0","4","0","","67","5","2022","3","40.008632","-75.083473","0019","6","0","0","0","0","0","0","0","0","","0","0","0","0","3","3","","1","0","40 00:31.074","","0","75 05:00.501","4","0","0","0","67301","0","0","0","N","0","0","0","3","67301","3","","1.0","","1","N","N","N","0","","0","0","0","3","2","","12","2","3","1","0","0","0","0","2","0","2","0","0","0","3","03","","N","","","","","","","","","",""
"2022043825","1910","2","0","0","0","0","0","0","0","0","5","0","","67","4","2022","1","39.948084","-75.149392","1906","6","0","0","0","0","0","0","0","0","","0","0","0","18","1","1","N","0","2","39 56:53.101","1","0","75 08:57.811","3","0","0","0","67301","0","0","0","N","0","0","0","1","67301","0","","6.0","200.0","1","N","N","N","0","","1","0","0","0","0","N","1850","2","1","1","0","0","0","0","2","0","2","0","0","0","3","03","","N","","","","","","","","","",""
"2022023750","1723","0","0","0","0","0","0","0","0","0","8","0","","67","3","2022","1","40.055766","-75.158873","1718","6","0","0","0","0","0","0","0","0","","0","0","0","17","1","1","","1","0","40 03:20.759","","0","75 09:31.942","3","0","0","0","67301","1","0","0","N","1","0","0","2","67301","0","","1.0","","1","N","N","N","0","","1","0","1","3","2","","1710","2","1","0","0","0","0","0","2","0","1","1","0","0","3","98","","N","","","","","","","","","",""
"2022050541","0112","2","0","0","0","0","0","0","0","0","4","0","","67","5","2022","1","40.018919","-75.049508","0110","6","0","0","0","0","0","0","0","0","","0","0","0","1","3","3","","1","0","40 01:08.110","","0","75 02:58.228","3","0","0","0","67301","0","0","0","N","0","0","0","4","67301","0","","1.0","","1","N","N","N","0","","3","0","0","3","3","","106","2","3","0","0","0","0","0","2","0","2","0","0","0","3","03","","N","","","","","","","","","",""
"2022049292","2114","0","0","0","1","0","0","0","0","0","8","0","","67","4","2022","3","39.970909","-75.240914","2113","6","0","0","0","0","0","0","0","0","","0","0","0","21","3","1","","1","0","39 58:15.274","","0","75 14:27.291","3","0","0","0","67301","1","0","0","N","0","0","0","2","67301","0","","1.0","","1","N","N","N","0","","1","0","1","3","2","","2112","2","1","0","0","0","0","0","2","0","1","1","0","0","3","","","N","","","","","","","","","",""
"2022045305","0410","1","0","0","0","0","0","0","0","0","4","1","","67","4","2022","1","39.971881","-75.162714","0409","6","0","0","0","0","0","0","0","0","","0","1","0","3","3","5","","1","2","39 58:18.772","7","0","75 09:45.770","8","0","0","0","67301","0","0","0","N","0","0","0","6","67301","0","","1.0","454.0","1","N","N","N","0","","0","0","2","3","2","Y","357","4","5","0","0","0","5","1","2","0","4","0","0","0","3","03","","N","","","","","","","","","",""
"2022052420","1006","1","0","0","0","0","0","0","0","0","1","0","","67","5","2022","1","39.956918","-75.152873","1000","6","0","0","0","0","0","0","0","0","","0","0","0","9","1","1","N","0","2","39 57:24.903","3","0","75 09:10.342","3","0","0","0","67301","0","0","0","N","0","0","0","2","68K01","0","","1.0","1050.0","1","N","N","N","0","","1","0","0","0","0","N","957","2","1","0","0","0","0","0","2","1","2","0","0","0","3","","","N","","","","","","","","","",""
"2022050591","1900","0","0","0","0","0","0","0","0","0","4","0","","67","5","2022","3","39.908412","-75.173489","1855","6","0","0","0","0","0","0","0","0","","1","0","0","18","1","0","N","0","2","39 54:30.283","2","7","75 10:24.560","1","1","0","1","67301","0","0","0","N","0","0","0","2","67301","0","2","1.0","100.0","1","N","N","N","0","0","0","0","1","0","0","N","1840","2","0","0","0","0","0","0","2","0","2","0","0","0","3","","","N","","","","","","","","","",""
"2022020887","0358","2","0","0","0","0","0","0","0","0","5","0","","67","2","2022","1","40.032208","-75.081649","0358","6","0","0","0","0","0","0","0","0","","0","0","0","3","3","0","N","0","1","40 01:55.950","1","0","75 04:53.937","0","0","0","0","67301","0","0","0","N","0","0","0","2","67301","0","","1.0","530.0","1","N","N","N","0","","0","0","0","0","0","N","350","2","0","0","0","0","0","0","2","0","2","0","0","0","3","03","","N","","","","","","","","","",""
"2022045062","0920","0","0","0","0","0","0","0","0","0","7","0","","67","5","2022","6","40.130882","-75.014564","0918","6","0","0","0","0","0","0","0","0","","0","0","0","9","1","1","N","0","0","40 07:51.174","","0","75 00:52.431","3","0","0","0","67301","0","0","0","N","0","0","0","1","67301","0","","5.0","","9","N","N","N","0","","1","0","1","0","0","","915","1","1","0","0","0","0","0","2","0","1","0","0","0","7","","","N","","","","","","","","","",""
"2022046424","0036","0","0","0","0","0","0","0","0","0","2","0","","67","3","2022","2","39.996537","-75.113982","9999","6","0","0","0","0","0","0","0","0","","0","0","0","99","3","0","N","0","0","39 59:47.534","","0","75 06:50.335","0","0","0","0","67301","0","0","0","N","0","0","0","3","67508","0","","1.0","","1","N","N","N","0","","0","0","0","0","0","","9999","2","0","0","0","0","0","0","2","1","2","0","0","0","3","03","","N","","","","","","","","","",""
"2022019558","1805","0","0","0","0","0","0","0","0","0","4","0","","67","2","2022","7","40.02919","-75.218312","1757","6","0","0","0","0","0","1","0","0","","0","0","0","17","3","1","","2","0","40 01:45.084","","0","75 13:05.923","8","0","0","0","67301","0","0","0","N","0","0","0","2","67301","0","","1.0","","1","N","N","N","0","","0","0","2","3","3","","1755","2","1","0","0","0","1","0","2","0","2","0","0","0","3","03","","N","","","","","","","","","",""
"2022032868","1530","1","0","0","0","0","0","0","0","0","4","0","","67","3","2022","5","40.08044","-74.977146","1530","6","0","0","0","0","0","1","0","0","","0","0","0","14","1","1","","1","0","40 04:49.584","","0","74 58:37.727","3","0","0","0","67301","0","0","0","N","0","0","0","3","67301","0","","1.0","","1","N","N","N","0","","1","0","1","3","2","","1430","2","1","0","0","0","0","0","2","0","2","0","0","0","4","04","","N","","","","","","","","","",""