"CRN","ARRIVAL_TM","AUTOMOBILE_COUNT","BELTED_DEATH_COUNT","BELTED_SUSP_SERIOUS_INJ_COUNT","BICYCLE_COUNT","BICYCLE_DEATH_COUNT","BICYCLE_SUSP_SERIOUS_INJ_COUNT","BUS_COUNT","CHLDPAS_DEATH_COUNT","CHLDPAS_SUSP_SERIOUS_INJ_COUNT","COLLISION_TYPE","COMM_VEH_COUNT","CONS_ZONE_SPD_LIM","COUNTY","CRASH_MONTH","CRASH_YEAR","DAY_OF_WEEK","DEC_LATITUDE","DEC_LONGITUDE","DISPATCH_TM","DISTRICT","DRIVER_COUNT_16YR","DRIVER_COUNT_17YR","DRIVER_COUNT_18YR","DRIVER_COUNT_19YR","DRIVER_COUNT_20YR","DRIVER_COUNT_50_64YR","DRIVER_COUNT_65_74YR","DRIVER_COUNT_75PLUS","EST_HRS_CLOSED","FATAL_COUNT","HEAVY_TRUCK_COUNT","HORSE_BUGGY_COUNT","HOUR_OF_DAY","ILLUMINATION","INJURY_COUNT","INTERSECTION_RELATED","INTERSECT_TYPE","LANE_CLOSED","LATITUDE","LN_CLOSE_DIR","LOCATION_TYPE","LONGITUDE","MAX_SEVERITY_LEVEL","MCYCLE_DEATH_COUNT","MCYCLE_SUSP_SERIOUS_INJ_COUNT","MOTORCYCLE_COUNT","MUNICIPALITY","NONMOTR_COUNT","NONMOTR_DEATH_COUNT","NONMOTR_SUSP_SERIOUS_INJ_COUNT","NTFY_HIWY_MAINT","PED_COUNT","PED_DEATH_COUNT","PED_SUSP_SERIOUS_INJ_COUNT","PERSON_COUNT","POLICE_AGCY","POSSIBLE_INJ_COUNT","RDWY_SURF_TYPE_CD","RELATION_TO_ROAD","ROADWAY_CLEARED","ROAD_CONDITION","SCH_BUS_IND","SCH_ZONE_IND","SECONDARY_CRASH","SMALL_TRUCK_COUNT","SPEC_JURIS_CD","SUSP_MINOR_INJ_COUNT","SUSP_SERIOUS_INJ_COUNT","SUV_COUNT","TCD_FUNC_CD","TCD_TYPE","TFC_DETOUR_IND","TIME_OF_DAY","TOTAL_UNITS","TOT_INJ_COUNT","UNBELTED_OCC_COUNT","UNB_DEATH_COUNT","UNB_SUSP_SERIOUS_INJ_COUNT","UNK_INJ_DEG_COUNT","UNK_INJ_PER_COUNT","URBAN_RURAL","VAN_COUNT","VEHICLE_COUNT","VULNERABLE_ROAD_USER_COUNT","VULNERABLE_ROAD_USER_DEATH_COUNT","VULNERABLE_ROAD_USER_SER_INJ_COUNT","WEATHER1","WEATHER2","WORKERS_PRES","WORK_ZONE_IND","WORK_ZONE_LOC","WORK_ZONE_TYPE","WZ_CLOSE_DETOUR","WZ_FLAGGER","WZ_LAW_OFFCR_IND","WZ_LN_CLOSURE","WZ_MOVING","WZ_OTHER","WZ_SHLDER_MDN","WZ_WORKERS_INJ_KILLED"
"2022023943","1756","0","0","0","0","0","0","0","0","0","7","0","","67","3","2022","3","39.980445","-75.159234","1755","6","0","0","0","0","0","1","0","0","","0","0","0","17","1","0","","1","0","39 58:49.603","","0","75 09:33.243","0","0","0","0","67301","0","0","0","N","0","0","0","1","67505","0","","4.0","","1","N","N","N","0","","0","0","0","3","2","","1755","1","0","0","0","0","0","0","2","1","1","0","0","0","3","03","","N","","","","","","","","","",""
"2022032915","1755","2","0","0","0","0","0","0","0","0","6","0","","67","4","2022","1","39.987567","-75.196753","1747","6","0","0","0","0","0","1","0","0","","0","0","0","17","1","1","N","0","0","39 59:15.240","","0","75 11:48.310","3","0","0","0","67301","0","0","0","N","0","0","0","2","67301","0","","1.0","","1","N","N","N","0","","1","0","0","0","0","","1731","2","1","0","0","0","0","0","2","0","2","0","0","0","3","","","N","","","","","","","","","",""
"2022033157","0045","1","0","0","0","0","0","0","0","0","5","0","","67","4","2022","1","39.997808","-75.159931","0039","6","0","0","0","0","0","0","0","0","","0","0","0","0","3","0","N","0","0","39 59:52.110","","0","75 09:35.750","0","0","0","0","67301","0","0","0","N","0","0","0","3","67301","0","","6.0","","1","N","N","N","0","","0","0","1","0","0","","25","2","0","0","0","0","0","0","2","0","2","0","0","0","3","03","","N","","","","","","","","","",""
"2022032879","0318","1","0","0","0","0","0","0","0","0","4","0","","67","4","2022","7","39.918516","-75.208181","0317","6","0","0","0","0","0","0","0","0","","0","0","0","1","3","2","N","0","0","39 55:06.657","","7","75 12:29.451","3","0","0","0","67301","0","0","0","N","0","0","0","3","67301","0","","1.0","","1","N","N","N","0","","2","0","1","0","0","","130","2","2","0","0","0","0","0","2","0","2","0","0","0","3","","","N","","","","","","","","","",""
"2022029228","2120","0","0","0","0","0","0","0","0","0","8","0","","67","3","2022","7","39.974263","-75.212475","2114","6","0","0","0","0","0","0","0","0","","0","0","0","21","3","1","N","0","0","39 58:27.345","","0","75 12:44.909","8","0","0","0","67301","1","0","0","N","1","0","0","2","67301","0","","1.0","","9","N","N","N","0","","0","0","0","0","0","","2100","2","1","0","0","0","1","0","2","0","1","1","0","0","7","","","N","","","","","","","","","",""
"2022043818","0800","2","0","0","0","0","0","0","0","0","4","0","","67","4","2022","3","40.031615","-75.207632","0749","6","0","0","0","0","0","0","0","0","","0","0","0","7","1","1","","1","0","40 01:53.814","","0","75 12:27.475","4","0","0","0","67301","0","0","0","N","0","0","0","3","67301","1","","1.0","","1","N","N","N","0","","0","0","1","3","2","","746","3","1","0","0","0","0","0","2","0","3","0","0","0","3","03","","N","","","","","","","","","",""
"2022020771","1830","1","0","0","0","0","0","0","0","0","8","0","","67","2","2022","2","39.998509","-75.129281","1830","6","0","0","0","0","0","0","0","0","","0","0","0","18","3","1","","1","0","39 59:54.633","","0","75 07:45.412","3","0","0","0","67301","1","0","0","N","1","0","0","2","67301","0","","1.0","","9","N","N","N","0","","1","0","0","3","2","","1830","2","1","0","0","0","0","0","2","0","1","1","0","0","7","07","","N","","","","","","","","","",""
"2022029765","1730","2","0","0","0","0","0","0","0","0","5","0","","67","3","2022","3","40.119348","-75.017699","1728","6","0","0","1","0","0","0","0","0","","0","0","0","17","1","1","N","0","0","40 07:09.653","","0","75 01:03.718","4","0","0","0","67301","0","0","0","N","0","0","0","2","67301","1","","1.0","","1","N","N","N","0","","0","0","0","0","0","","1716","2","1","0","0","0","0","0","2","0","2","0","0","0","3","03","","N","","","","","","","","","",""
"2022045061","1945","2","0","0","0","0","0","0","0","0","4","0","","67","5","2022","5","40.035788","-75.108568","1926","6","0","0","0","0","0","1","0","0","","0","0","0","19","1","0","N","0","1","40 02:08.837","6","0","75 06:30.844","0","0","0","0","67301","0","0","0","N","0","0","0","3","67301","0","","1.0","2100.0","1","N","N","N","0","","0","0","0","0","0","Y","1926","2","0","1","0","0","0","0","2","0","2","0","0","0","3","03","","N","","","","","","","","","",""
"2022039770","1720","0","0","0","0","0","0","0","0","0","7","0","","67","4","2022","1","40.005156","-75.196391","1717","6","0","0","0","0","0","0","0","0","","0","0","0","17","1","1","","7","1","40 00:18.562","1","2","75 11:47.007","8","0","0","0","67301","0","0","0","N","0","0","0","1","68K01","0","","4.0","1814.0","1","N","N","N","0","","0","0","1","0","0","N","1717","1","1","0","0","0","1","0","2","0","1","0","0","0","3","","","N","","","","","","","","","",""
"2022015817","0055","1","0","0","0","0","0","0","0","0","1","0","","67","2","2022","7","40.020246","-75.152805","0049","6","0","0","0","0","0","0","0","0","","0","0","0","0","3","1","N","0","0","40 01:12.886","","0","75 09:10.097","3","0","0","0","67301","0","0","0","N","0","0","0","2","67301","0","","1.0","","1","N","N","N","0","","1","0","1","0","0","","35","2","1","0","0","0","0","0","2","0","2","0","0","0","3","03","","N","","","","","","","","","",""
"2022030745","1817","1","0","0","0","0","0","0","0","0","2","0","","67","3","2022","5","40.025346","-75.044399","1759","6","0","0","0","0","0","1","0","0","","0","0","0","17","1","0","N","0","1","40 01:31.244","1","0","75 02:39.836","0","0","0","0","67301","0","0","0","N","0","0","0","2","67301","0","","1.0","1845.0","9","N","N","N","0","","0","0","0","0","0","N","1757","2","0","1","0","0","0","0","2","1","2","0","0","0","7","","","N","","","","","","","","","",""
"2022026845","2028","1","0","0","0","0","0","0","0","0","1","0","","67","3","2022","2","39.893176","-75.224173","2020","6","0","0","0","0","0","0","0","0","","0","0","0","17","3","1","N","0","1","39 53:35.434","4","1","75 13:27.023","3","0","0","0","67301","0","0","0","N","0","0","0","7","67301","0","","1.0","45.0","1","N","N","N","0","","1","0","1","0","0","N","1751","2","1","0","0","0","0","0","2","0","2","0","0","0","3","03","","N","","","","","","","","","",""
"2022026612","0817","1","0","0","0","0","0","0","0","0","1","0","","67","3","2022","3","39.960647","-75.156588","0816","6","0","0","0","0","0","0","0","0","","0","0","0","7","1","1","N","0","0","39 57:38.329","","0","75 09:23.717","3","0","0","0","67301","0","0","0","N","0","0","0","2","67301","0","","1.0","","1","N","N","N","0","","1","0","1","0","0","","735","2","1","1","0","0","0","0","2","0","2","0","0","0","3","03","","N","","","","","","","","","",""
"2022032858","1212","1","0","0","0","0","0","0","0","0","5","0","","67","4","2022","7","39.955731","-75.157444","1202","6","0","0","0","0","0","0","0","0","","0","0","0","23","3","0","N","0","0","39 57:20.630","","0","75 09:26.800","0","0","0","0","67301","0","0","0","N","0","0","0","1","67301","0","","6.0","","1","N","N","N","0","","0","0","1","0","0","","2305","2","0","0","0","0","0","0","2","0","2","0","0","0","3","03","","N","","","","","","","","","",""
"2022014652","0905","1","0","0","0","0","0","0","0","0","4","0","","67","2","2022","4","39.921017","-75.22412","0901","6","0","0","0","0","0","1","0","0","","0","0","0","8","1","3","","1","0","39 55:15.660","","0","75 13:26.832","4","0","0","0","67301","0","0","0","N","0","0","0","3","67301","3","","1.0","","1","N","N","Y","0","","0","0","1","3","2","","830","2","3","0","0","0","0","0","2","0","2","0","0","0","3","03","","N","","","","","","","","","",""
"2022019640","0737","3","0","0","0","0","0","0","0","0","5","0","","67","2","2022","7","40.024417","-75.122111","0734","6","0","0","0","0","0","0","0","0","","0","0","0","7","1","1","N","0","0","40 01:27.900","","0","75 07:19.600","3","0","0","0","67301","0","0","0","N","0","0","0","1","67301","0","","6.0","","1","N","N","N","0","","1","0","0","0","0","","721","4","1","0","0","0","0","0","2","1","4","0","0","0","3","03","","N","","","","","","","","","",""
"2022041160","0926","1","0","0","0","0","0","0","0","0","7","0","","67","4","2022","7","40.033609","-75.019954","0925","6","0","0","0","0","0","0","0","0","","0","0","0","9","1","0","N","0","1","40 02:00.991","1","3","75 01:11.833","0","0","0","0","67301","0","0","0","N","0","0","0","1","68K01","0","","3.0","955.0","9","N","N","N","0","","0","0","0","0","0","N","919","1","0","0","0","0","0","0","2","0","1","0","0","0","7","","","N","","","","","","","","","",""
"2022053688","1015","0","0","0","0","0","0","0","0","0","5","0","","67","4","2022","4","40.041139","-75.187667","1004","6","0","0","0","0","0","0","0","0","","0","0","0","9","1","0","N","0","0","40 02:28.100","","0","75 11:15.600","0","0","0","0","67301","0","0","0","N","0","0","0","1","67301","0","","6.0","","1","N","N","Y","1","","0","0","1","0","0","","950","2","0","0","0","0","0","0","2","0","2","0","0","0","4","04","","N","","","","","","","","","",""
"2022014834","0002","4","0","0","0","0","0","0","0","0","5","0","","67","2","2022","7","39.970539","-75.139333","2355","6","0","0","0","0","0","0","0","0","","0","0","0","23","3","0","N","0","2","39 58:13.940","2","0","75 08:21.600","0","0","0","0","67301","0","0","0","N","0","0","0","1","67301","0","","6.0","20.0","1","N","N","N","0","","0","0","2","0","0","Y","2324","6","0","0","0","0","0","0","2","0","6","0","0","0","3","","","N","","","","","","","","","",""
"2022014868","1410","1","0","0","0","0","0","0","0","0","4","0","","67","2","2022","5","40.026037","-75.146678","1402","6","0","0","0","0","0","1","0","1","","0","0","0","13","1","1","","1","0","40 01:33.733","","0","75 08:48.040","3","0","0","0","67301","0","0","0","N","0","0","0","2","67301","0","","1.0","","9","N","N","N","0","","1","0","1","3","2","","1311","2","1","0","0","0","0","0","2","0","2","0","0","0","7","07","","N","","","","","","","","","",""
"2022016055","0055","1","0","0","0","0","0","0","0","0","7","0","","67","2","2022","3","40.024187","-75.147985","0053","6","0","0","0","0","0","0","0","0","","0","0","0","0","3","1","N","0","0","40 01:27.074","","0","75 08:52.747","3","0","0","0","67301","0","0","0","N","0","0","0","1","67301","0","","5.0","","9","N","N","N","0","","1","0","0","0","0","","40","1","1","0","0","0","0","0","2","0","1","0","0","0","3","","","N","","","","","","","","","",""
"2022020642","0543","0","0","0","0","0","0","0","0","0","5","0","45","67","2","2022","6","39.994937","-75.083563","0524","6","0","0","0","0","0","2","0","0","","0","0","0","5","3","1","N","0","1","39 59:41.773","1","0","75 05:00.825","8","0","0","0","67301","0","0","0","N","0","0","0","4","68K01","0","","1.0","600.0","9","N","N","N","0","","0","0","3","0","0","N","523","4","1","0","0","0","1","0","2","0","4","0","0","0","6","","N","Y","4","1","","","N","","","","Y","N"
"2022019656","1152","1","0","0","0","0","0","0","0","0","0","0","","67","2","2022","7","39.984067","-75.141453","1151","6","0","0","0","0","0","0","0","0","","0","0","0","19","3","2","N","0","0","39 59:02.640","","0","75 08:29.230","3","0","0","0","67301","0","0","0","N","0","0","0","2","67301","0","","1.0","","1","N","N","N","0","","2","0","0","0","0","","1900","1","2","0","0","0","0","0","2","0","1","0","0","0","3","98","","N","","","","","","","","","",""
"2022032918","1955","0","0","0","0","0","0","0","0","0","8","0","","67","2","2022","7","39.996718","-75.115468","1955","6","0","0","0","0","0","0","0","0","","0","0","0","19","3","3","","1","2","39 59:48.185","6","0","75 06:55.684","2","0","0","0","67301","3","0","1","N","3","0","1","4","67301","2","","1.0","130.0","1","N","N","N","0","","0","1","1","3","2","Y","1955","4","3","1","0","0","0","0","2","0","1","3","0","1","3","03","","N","","","","","","","","","",""
"2022048310","2020","1","0","0","0","0","0","0","0","0","1","0","","67","5","2022","7","40.107912","-75.026423","2015","6","0","0","0","0","0","1","0","1","","0","0","0","20","3","0","","2","0","40 06:28.483","","0","75 01:35.121","0","0","0","0","67301","0","0","0","N","0","0","0","2","67301","0","","1.0","","1","N","N","N","1","","0","0","0","3","2","","2000","2","0","0","0","0","0","0","2","0","2","0","0","0","3","03","","N","","","","","","","","","",""
"2022044367","1333","0","0","0","0","0","0","0","0","0","4","0","","67","3","2022","2","39.910729","-75.165661","1314","6","0","0","0","0","0","1","0","0","","0","0","0","13","1","1","","1","0","39 54:38.625","","0","75 09:56.378","8","0","0","0","67301","0","0","0","N","0","0","0","2","68K01","0","","1.0","","1","N","N","N","0","","0","0","2","3","2","","1313","2","1","1","0","0","1","0","2","0","2","0","0","0","3","","","N","","","","","","","","","",""
"2022043962","2110","0","0","0","1","0","0","0","0","0","8","0","","67","5","2022","3","39.939283","-75.178237","2110","6","0","0","0","0","0","0","0","0","","0","0","0","15","1","1","","1","0","39 56:21.417","","0","75 10:41.654","3","0","0","0","67301","1","0","0","N","0","0","0","2","67301","0","","1.0","","1","N","N","N","1","","1","0","0","9","2","","1545","2","1","0","0","0","0","0","2","0","1","1","0","0","3","","","N","","","","","","","","","",""
"2022045497","0220","1","0","0","0","0","0","0","0","0","0","0","","67","5","2022","1","39.894671","-75.229564","0210","6","0","0","0","0","0","0","0","0","","0","0","0","2","3","1","N","0","0","39 53:40.814","","0","75 13:46.430","3","0","0","0","67301","0","0","0","N","0","0","0","1","67301","0","","9.0","","9","N","N","N","0","","1","0","0","9","2","","207","1","1","0","0","0","0","0","2","0","1","0","0","0","7","05","","N","","","","","","","","","",""
"2022019645","0339","0","0","0","0","0","0","0","0","0","4","0","","67","2","2022","4","40.003019","-75.127646","0332","6","0","0","0","0","0","1","0","0","","0","0","0","3","3","0","","1","2","40 00:10.868","7","0","75 07:39.525","9","0","0","0","67301","0","0","0","N","0","0","0","2","67301","0","","1.0","515.0","1","N","N","N","0","","0","0","3","3","3","N","331","3","0","0","0","0","0","1","2","0","3","0","0","0","3","03","","N","","","","","","","","","",""
"2022029237","0827","1","0","0","0","0","0","0","0","0","1","0","","67","3","2022","2","39.950992","-75.239383","0817","6","0","0","0","0","0","0","0","0","","0","0","0","8","1","0","N","0","2","39 57:03.570","3","0","75 14:21.780","0","0","0","0","67301","0","0","0","N","0","0","0","2","67301","0","","6.0","945.0","1","N","N","N","1","","0","0","0","0","0","N","808","2","0","0","0","0","0","0","2","0","2","0","0","0","3","03","","N","","","","","","","","","",""
"2022043535","0530","1","0","0","0","0","0","0","0","0","7","0","","67","3","2022","5","40.030782","-75.021846","0509","6","0","0","0","0","0","1","0","0","","0","0","0","4","3","0","N","0","1","40 01:50.815","2","3","75 01:18.644","0","0","0","0","67301","0","0","0","N","0","0","0","1","68K01","0","","2.0","600.0","9","N","N","N","0","","0","0","0","0","0","N","456","1","0","0","0","0","0","0","2","0","1","0","0","0","7","","","N","","","","","","","","","",""
"2022026987","0128","1","0","0","0","0","0","0","0","0","4","0","","67","2","2022","1","39.990879","-75.155279","0125","6","0","0","0","0","1","0","0","0","","0","0","0","1","3","1","","1","2","39 59:27.165","1","0","75 09:19.006","4","0","0","0","67301","0","0","0","N","0","0","0","3","67301","1","","1.0","0.0","1","N","N","N","0","","0","0","1","3","2","N","115","2","1","0","0","0","0","0","2","0","2","0","0","0","3","03","","N","","","","","","","","","",""
"2022053687","1015","1","0","0","0","0","0","0","0","0","3","0","","67","4","2022","4","40.040916","-75.187325","1004","6","0","0","0","0","0","0","0","0","","0","0","0","9","1","0","","1","1","40 02:27.297","2","0","75 11:14.369","0","0","0","0","67301","0","0","0","N","0","0","0","2","67301","0","","1.0","1025.0","1","N","N","Y","1","","0","0","0","3","2","N","950","2","0","0","0","0","0","0","2","0","2","0","0","0","4","04","","N","","","","","","","","","",""
"2022052015","1045","1","0","0","0","0","0","0","0","0","8","0","","67","6","2022","6","39.95127","-75.167206","1045","6","0","0","0","0","0","0","0","0","","0","0","0","10","1","1","","5","0","39 57:04.571","","0","75 10:01.941","4","0","0","0","67301","1","0","0","N","1","0","0","1","67301","1","","1.0","","1","N","N","N","0","","0","0","0","3","2","","1040","2","1","0","0","0","0","0","2","0","1","1","0","0","3","03","","N","","","","","","","","","",""
"2022014753","0713","3","0","0","0","0","0","0","0","0","6","0","","67","2","2022","4","39.929066","-75.168728","0707","6","0","0","0","0","0","2","0","0","","0","0","0","7","1","2","N","0","0","39 55:44.636","","0","75 10:07.421","3","0","0","0","67301","0","0","0","N","0","0","0","4","67301","0","","3.0","","1","N","N","N","1","","1","0","1","0","0","","700","5","2","0","0","0","1","0","2","0","5","0","0","0","5","07","","N","","","","","","","","","",""
"2022043743","2015","0","0","0","0","0","0","0","0","0","4","0","","67","5","2022","1","39.979873","-75.204666","1945","6","0","0","0","0","0","0","0","0","","0","0","0","19","4","2","N","0","0","39 58:47.544","","0","75 12:16.798","8","0","0","0","67301","0","0","0","N","0","0","0","5","68K01","0","","1.0","","1","N","N","N","0","","0","0","2","3","8","","1943","2","2","0","0","0","2","0","2","0","2","0","0","0","3","","","N","","","","","","","","","",""
"2022048112","1806","1","0","0","0","0","0","0","0","0","1","0","","67","5","2022","1","40.01666","-75.171133","1804","6","0","0","0","0","0","0","0","0","","0","0","0","18","1","2","N","0","0","40 00:59.977","","99","75 10:16.079","3","0","0","0","67301","0","0","0","N","0","0","0","2","67301","0","","1.0","","1","N","N","N","0","","2","0","1","3","2","","1800","2","2","0","0","0","0","0","2","0","2","0","0","0","3","","","N","","","","","","","","","",""
"2022040523","1741","2","0","0","0","0","0","0","0","0","1","0","","67","4","2022","5","39.900355","-75.156777","1734","6","0","0","0","0","0","2","0","0","","0","0","0","17","1","4","N","0","2","39 54:01.279","1","0","75 09:24.398","8","0","0","0","67301","0","0","0","N","0","0","0","6","68K01","0","","1.0","30.0","1","N","N","N","0","","0","0","2","0","0","Y","1724","4","4","0","0","0","4","0","2","0","4","0","0","0","3","03","","N","","","","","","","","","",""
"2022053196","0525","1","0","0","0","0","0","0","0","0","1","0","","67","4","2022","6","39.994319","-75.157534","0524","6","0","0","0","0","0","0","0","0","","1","0","0","5","3","0","N","0","2","39 59:39.550","6","0","75 09:27.122","1","0","0","0","67301","1","1","0","N","1","1","0","3","67301","0","2","1.0","630.0","9","N","N","N","0","0","0","0","4","0","0","Y","524","6","0","0","0","0","0","2","2","0","5","1","1","0","7","07","","N","","","","","","","","","",""
"2022024421","0045","1","0","0","0","0","0","0","0","0","5","0","","67","3","2022","5","39.995286","-75.143908","0044","6","0","0","0","0","0","0","0","0","","0","0","0","0","3","1","N","0","0","39 59:43.030","","0","75 08:38.070","3","0","0","0","67301","0","0","0","N","0","0","0","1","67301","0","","6.0","","1","N","N","N","0","","1","0","2","0","0","","43","3","1","1","0","0","0","0","2","0","3","0","0","0","3","03","","N","","","","","","","","","",""
"2022038551","0603","2","0","0","0","0","0","0","0","0","1","0","","67","4","2022","3","39.936791","-75.199286","0554","6","0","0","0","0","0","0","0","0","","0","0","0","5","1","0","N","0","1","39 56:12.448","3","0","75 11:57.428","9","0","0","0","67301","0","0","0","N","0","0","0","3","68K01","0","","1.0","607.0","1","N","N","N","0","","0","0","0","0","0","N","548","3","0","0","0","0","0","1","2","0","3","0","0","0","3","","","N","","","","","","","","","",""
"2022037593","1410","0","0","0","0","0","0","1","0","0","4","1","","67","4","2022","3","39.991523","-75.226567","1400","6","0","0","0","0","0","1","0","0","","0","0","0","14","1","1","","1","0","39 59:29.482","","0","75 13:35.641","4","0","0","0","67301","0","0","0","N","0","0","0","3","67508","1","","1.0","","1","N","N","Y","0","","0","0","1","3","2","","1400","2","1","0","0","0","0","0","2","0","2","0","0","0","3","03","","N","","","","","","","","","",""
"2022018319","0109","1","0","0","0","0","0","0","0","0","7","0","","67","2","2022","1","39.986864","-75.208366","0109","6","0","0","0","0","0","1","0","0","","0","0","0","1","3","0","N","0","1","39 59:12.711","3","2","75 12:30.117","0","0","0","0","67301","0","0","0","Y","0","0","0","1","68K01","0","","4.0","140.0","1","N","N","N","0","","0","0","0","0","0","N","104","1","0","0","0","0","0","0","2","0","1","0","0","0","3","03","","N","","","","","","","","","",""
"2022021363","0126","2","0","0","0","0","0","0","0","0","6","0","","67","2","2022","4","39.980943","-75.206502","0122","6","0","0","0","0","0","0","0","0","","0","0","0","1","2","0","N","0","2","39 58:51.396","3","0","75 12:23.407","0","0","0","0","67301","0","0","0","N","0","0","0","2","68K01","0","","1.0","135.0","9","N","N","Y","0","","0","0","0","0","0","Y","116","2","0","1","0","0","0","0","2","0","2","0","0","0","3","03","","N","","","","","","","","","",""
"2022043733","0240","1","0","0","0","0","0","0","0","0","7","0","","67","5","2022","7","39.959969","-75.178566","0240","6","0","0","0","0","0","0","0","0","","0","0","0","2","3","2","N","0","2","39 57:35.889","4","0","75 10:42.837","4","0","0","0","67301","0","0","0","N","0","0","0","2","68K01","2","","2.0","244.0","9","N","N","N","0","","0","0","0","0","0","Y","240","1","2","0","0","0","0","0","2","0","1","0","0","0","7","","","N","","","","","","","","","",""
"2022050638","1730","2","0","0","0","0","0","0","0","0","1","0","","67","5","2022","1","39.930302","-75.233439","1722","6","0","0","0","0","0","0","0","0","","0","0","0","17","1","1","N","0","0","39 55:49.087","","0","75 14:00.382","3","0","0","0","67301","0","0","0","N","0","0","0","2","67301","0","","6.0","","1","N","N","N","0","","1","0","2","0","0","","1705","4","1","0","0","0","0","0","2","0","4","0","0","0","3","","","N","","","","","","","","","",""
"2022023699","0906","0","0","0","0","0","0","0","0","0","7","0","","67","3","2022","2","39.921826","-75.18941","0859","6","0","0","0","0","0","0","0","0","","0","0","0","7","1","1","N","0","0","39 55:18.573","","0","75 11:21.876","8","0","0","1","67301","0","0","0","N","0","0","0","1","67301","0","","4.0","","1","N","N","N","0","","0","0","0","0","0","","710","2","1","0","0","0","1","0","2","0","1","0","0","0","3","","","N","","","","","","","","","",""
"2022038768","1905","1","0","0","0","0","0","1","0","0","4","1","","67","4","2022","6","39.999027","-75.133244","1829","6","0","0","0","0","0","0","0","0","","0","0","0","18","1","3","","1","2","39 59:56.498","7","0","75 07:59.680","4","0","0","0","67301","0","0","0","N","0","0","0","4","67508","3","","1.0","9999.0","1","N","N","Y","0","","0","0","1","3","2","Y","1829","3","3","0","0","0","0","0","2","0","3","0","0","0","3","03","","N","","","","","","","","","",""
"2022024242","0825","1","0","0","0","0","0","0","0","0","4","0","","67","2","2022","5","40.02384","-75.048857","0825","6","0","0","0","0","0","0","0","1","","0","0","0","8","1","1","","1","0","40 01:25.824","","0","75 02:55.884","3","0","0","0","67301","0","0","0","N","0","0","0","3","67301","0","","1.0","","1","N","N","N","0","","1","0","1","3","3","","825","2","1","3","0","0","0","0","2","0","2","0","0","0","3","03","","N","","","","","","","","","",""
"2022043844","0315","0","0","0","0","0","0","0","0","0","7","0","","67","4","2022","1","40.068097","-75.017069","0302","6","0","0","0","0","0","0","0","0","","0","0","0","2","3","1","N","0","0","40 04:05.150","","0","75 01:01.450","8","0","0","0","67301","0","0","0","N","0","0","0","1","67301","0","","5.0","","1","N","N","N","0","","0","0","1","0","0","","220","1","1","0","0","0","1","0","2","0","1","0","0","0","3","03","","N","","","","","","","","","",""
"2022038510","1339","1","0","0","0","0","0","0","0","0","98","0","","67","3","2022","4","39.996107","-75.082697","1311","6","0","0","0","0","0","0","0","0","","0","0","0","13","1","0","N","0","1","39 59:45.986","1","0","75 04:57.708","0","0","0","0","67301","0","0","0","N","0","0","0","1","68K01","0","","1.0","1339.0","1","N","N","N","0","","0","0","0","0","0","N","1309","1","0","0","0","0","0","0","2","0","1","0","0","0","3","","","N","","","","","","","","","",""
"2022043926","1305","2","0","0","0","0","0","0","0","0","1","0","","67","4","2022","2","40.040501","-75.047356","1305","6","0","0","0","0","0","0","0","0","","0","0","0","12","1","2","","1","0","40 02:25.802","","0","75 02:50.481","4","0","0","0","67301","0","0","0","N","0","0","0","3","67301","2","","1.0","","1","N","N","N","0","","0","0","0","3","2","","1257","2","2","0","0","0","0","0","2","0","2","0","0","0","4","","","N","","","","","","","","","",""
"2022030747","2057","0","0","0","0","0","0","0","0","0","4","0","","67","3","2022","7","40.033128","-75.066093","2049","6","0","0","0","0","0","0","0","0","","0","0","0","20","3","0","","2","0","40 01:59.261","","0","75 03:57.935","0","0","0","0","67301","0","0","0","N","0","0","0","1","67301","0","","1.0","","1","N","N","N","0","","0","0","1","0","0","","2048","2","0","0","0","0","0","0","2","1","2","0","0","0","3","03","","N","","","","","","","","","",""
"2022043851","1330","1","0","0","0","0","0","0","0","0","1","0","","67","5","2022","2","40.080783","-75.028366","1326","6","0","0","0","0","0","1","0","0","","0","0","0","13","1","1","","1","0","40 04:50.820","","0","75 01:42.117","3","0","0","0","67301","0","0","0","N","0","0","0","2","67301","0","","1.0","","1","N","N","N","0","","1","0","1","3","2","","1326","2","1","0","0","0","0","0","2","0","2","0","0","0","4","04","","N","","","","","","","","","",""
"2022023726","1015","0","0","0","0","0","0","0","0","0","4","0","","67","3","2022","6","40.084453","-75.038374","1008","6","0","0","0","0","0","0","0","0","","0","0","0","10","1","2","","1","1","40 05:04.029","1","0","75 02:18.148","4","0","0","0","67301","0","0","0","N","0","0","0","5","67301","2","","1.0","1100.0","1","N","N","N","0","","0","0","1","3","2","Y","1000","2","2","0","0","0","0","0","2","1","2","0","0","0","3","03","","N","","","","","","","","","",""
"2022052149","0558","0","0","0","0","0","0","0","0","0","7","0","","67","5","2022","7","39.893277","-75.231667","0521","6","0","0","0","0","0","1","0","0","","0","0","0","3","3","0","","7","0","39 53:35.796","","2","75 13:54.001","0","0","0","0","67301","0","0","0","N","0","0","0","1","68K01","0","","2.0","","9","N","N","N","0","","0","0","1","0","0","","345","1","0","0","0","0","0","0","2","0","1","0","0","0","7","","","N","","","","","","","","","",""
"2022023782","0358","2","0","0","0","0","0","0","0","0","5","0","","67","2","2022","1","40.000861","-75.12875","0355","6","0","0","0","0","0","0","0","0","","0","0","0","3","3","1","N","0","2","40 00:03.100","7","0","75 07:43.500","3","0","0","0","67301","0","0","0","N","0","0","0","1","67301","0","","6.0","545.0","1","N","N","N","0","","1","0","1","0","0","N","350","3","1","1","0","0","0","0","2","0","3","0","0","0","3","03","","N","","","","","","","","","",""