"CRN","ARRIVAL_TM","AUTOMOBILE_COUNT","BELTED_DEATH_COUNT","BELTED_SUSP_SERIOUS_INJ_COUNT","BICYCLE_COUNT","BICYCLE_DEATH_COUNT","BICYCLE_SUSP_SERIOUS_INJ_COUNT","BUS_COUNT","CHLDPAS_DEATH_COUNT","CHLDPAS_SUSP_SERIOUS_INJ_COUNT","COLLISION_TYPE","COMM_VEH_COUNT","CONS_ZONE_SPD_LIM","COUNTY","CRASH_MONTH","CRASH_YEAR","DAY_OF_WEEK","DEC_LATITUDE","DEC_LONGITUDE","DISPATCH_TM","DISTRICT","DRIVER_COUNT_16YR","DRIVER_COUNT_17YR","DRIVER_COUNT_18YR","DRIVER_COUNT_19YR","DRIVER_COUNT_20YR","DRIVER_COUNT_50_64YR","DRIVER_COUNT_65_74YR","DRIVER_COUNT_75PLUS","EST_HRS_CLOSED","FATAL_COUNT","HEAVY_TRUCK_COUNT","HORSE_BUGGY_COUNT","HOUR_OF_DAY","ILLUMINATION","INJURY_COUNT","INTERSECTION_RELATED","INTERSECT_TYPE","LANE_CLOSED","LATITUDE","LN_CLOSE_DIR","LOCATION_TYPE","LONGITUDE","MAX_SEVERITY_LEVEL","MCYCLE_DEATH_COUNT","MCYCLE_SUSP_SERIOUS_INJ_COUNT","MOTORCYCLE_COUNT","MUNICIPALITY","NONMOTR_COUNT","NONMOTR_DEATH_COUNT","NONMOTR_SUSP_SERIOUS_INJ_COUNT","NTFY_HIWY_MAINT","PED_COUNT","PED_DEATH_COUNT","PED_SUSP_SERIOUS_INJ_COUNT","PERSON_COUNT","POLICE_AGCY","POSSIBLE_INJ_COUNT","RDWY_SURF_TYPE_CD","RELATION_TO_ROAD","ROADWAY_CLEARED","ROAD_CONDITION","SCH_BUS_IND","SCH_ZONE_IND","SECONDARY_CRASH","SMALL_TRUCK_COUNT","SPEC_JURIS_CD","SUSP_MINOR_INJ_COUNT","SUSP_SERIOUS_INJ_COUNT","SUV_COUNT","TCD_FUNC_CD","TCD_TYPE","TFC_DETOUR_IND","TIME_OF_DAY","TOTAL_UNITS","TOT_INJ_COUNT","UNBELTED_OCC_COUNT","UNB_DEATH_COUNT","UNB_SUSP_SERIOUS_INJ_COUNT","UNK_INJ_DEG_COUNT","UNK_INJ_PER_COUNT","URBAN_RURAL","VAN_COUNT","VEHICLE_COUNT","VULNERABLE_ROAD_USER_COUNT","VULNERABLE_ROAD_USER_DEATH_COUNT","VULNERABLE_ROAD_USER_SER_INJ_COUNT","WEATHER1","WEATHER2","WORKERS_PRES","WORK_ZONE_IND","WORK_ZONE_LOC","WORK_ZONE_TYPE","WZ_CLOSE_DETOUR","WZ_FLAGGER","WZ_LAW_OFFCR_IND","WZ_LN_CLOSURE","WZ_MOVING","WZ_OTHER","WZ_SHLDER_MDN","WZ_WORKERS_INJ_KILLED"
"2022043869","0739","1","0","0","0","0","0","0","0","0","4","0","","67","4","2022","7","39.924042","-75.227707","0730","6","0","0","0","0","0","0","0","0","","0","1","0","6","1","1","","1","0","39 55:26.552","","0","75 13:39.745","4","0","0","0","67301","0","0","0","N","0","0","0","2","67301","1","","1.0","","1","N","N","N","0","","0","0","0","3","2","","656","2","1","1","0","0","0","0","2","0","2","0","0","0","3","03","","N","","","","","","","","","",""
"2022051588","1102","2","0","0","0","0","0","0","0","0","4","0","","67","6","2022","5","39.98483","-75.113391","1102","6","0","0","0","0","0","0","0","0","","0","0","0","0","3","0","","1","9","39 59:05.388","","0","75 06:48.208","9","0","0","0","67301","0","0","0","N","0","0","0","1","67301","0","","1.0","","1","N","N","Y","0","","0","0","2","3","2","","0","4","0","0","0","0","0","1","2","0","4","0","0","0","4","","","N","","","","","","","","","",""
"2022015355","2257","3","0","0","0","0","0","0","0","0","1","0","","67","2","2022","3","40.014629","-75.178124","2245","6","0","0","0","0","0","0","0","0","","0","0","0","22","3","2","N","0","2","40 00:52.666","2","0","75 10:41.245","3","0","0","0","67301","0","0","0","N","0","0","0","4","67301","1","","1.0","2340.0","1","N","N","N","1","","1","0","0","0","0","Y","2226","4","2","0","0","0","0","0","2","0","4","0","0","0","3","03","","N","","","","","","","","","",""
"2022043980","1330","4","0","0","0","0","0","0","0","0","4","0","","67","4","2022","1","39.979149","-75.230908","1323","6","0","0","0","0","0","0","0","0","","0","0","0","13","1","1","","3","0","39 58:44.935","","0","75 13:51.269","3","0","0","0","67301","0","0","0","N","0","0","0","3","67301","0","","1.0","","1","N","N","N","0","","1","0","0","3","3","","1320","4","1","0","0","0","0","0","2","0","4","0","0","0","3","","","N","","","","","","","","","",""
"2022019610","1859","1","0","0","0","0","0","0","0","0","4","0","","67","2","2022","6","40.022811","-75.063831","1854","6","0","0","0","0","0","1","0","0","","0","0","0","18","3","1","","1","0","40 01:22.119","","0","75 03:49.791","8","0","0","0","67301","0","0","0","N","0","0","0","3","67301","0","","1.0","","1","N","N","N","0","","0","0","1","3","3","","1850","2","1","0","0","0","1","0","2","0","2","0","0","0","3","03","","N","","","","","","","","","",""
"2022032909","1925","2","0","0","0","0","0","0","0","0","5","0","","67","3","2022","7","39.980881","-75.244319","1920","6","0","0","0","0","0","0","0","0","","0","0","0","19","4","1","N","0","2","39 58:51.170","7","0","75 14:39.550","4","0","0","0","67301","0","0","0","N","0","0","0","1","67301","1","","6.0","1700.0","1","N","N","N","0","","0","0","0","0","0","N","1915","2","1","0","0","0","0","0","2","0","2","0","0","0","3","03","","N","","","","","","","","","",""
"2022031371","1914","1","0","0","0","0","0","0","0","0","4","0","","67","3","2022","3","40.045609","-75.056416","1904","6","0","0","0","0","1","0","0","0","","0","0","0","18","4","0","","2","0","40 02:44.193","","7","75 03:23.098","0","0","0","0","67301","0","0","0","N","0","0","0","2","67301","0","","1.0","","1","N","N","N","0","","0","0","1","3","2","","1847","2","0","0","0","0","0","0","2","0","2","0","0","0","3","","","N","","","","","","","","","",""
"2022029289","1544","0","0","0","0","0","0","0","0","0","4","0","","67","3","2022","3","40.013136","-75.156924","1535","6","0","0","0","0","0","1","0","0","","0","0","0","15","1","2","","1","0","40 00:47.289","","0","75 09:24.926","3","0","0","0","67301","0","0","0","N","0","0","0","4","67301","0","","1.0","","1","N","Y","N","0","","2","0","2","3","3","","1533","3","2","1","0","0","0","1","2","1","3","0","0","0","3","03","","N","","","","","","","","","",""
"2022044343","1815","3","0","0","0","0","0","0","0","0","4","0","","67","1","2022","2","40.028383","-75.050172","1805","6","0","0","0","0","0","1","0","0","","0","0","0","17","3","0","","2","0","40 01:42.178","","0","75 03:00.619","0","0","0","0","67301","0","0","0","N","0","0","0","3","67301","0","","1.0","","1","N","N","Y","0","","0","0","0","3","3","","1758","3","0","1","0","0","0","0","2","0","3","0","0","0","3","03","","N","","","","","","","","","",""
"2022012321","0635","0","0","0","0","0","0","0","0","0","7","0","","67","2","2022","5","39.910389","-75.158389","0635","6","0","0","0","0","0","0","0","0","","0","0","0","6","3","0","N","0","0","39 54:37.400","","3","75 09:30.200","0","0","0","0","67301","0","0","0","N","0","0","0","1","67501","0","","4.0","","9","N","N","N","0","","0","0","1","3","8","","635","1","0","0","0","0","0","0","2","0","1","0","0","0","7","07","","N","","","","","","","","","",""
"2022014785","0400","2","0","0","0","0","0","0","0","0","4","0","","67","2","2022","6","39.97191","-75.23601","0350","6","0","0","0","0","0","0","0","0","","0","0","0","3","3","2","","1","0","39 58:18.876","","0","75 14:09.635","4","0","0","0","67301","0","0","0","N","0","0","0","2","67301","2","","1.0","","9","N","N","N","0","","0","0","0","3","3","","342","2","2","0","0","0","0","0","2","0","2","0","0","0","7","07","","N","","","","","","","","","",""
"2022050584","1741","2","0","0","0","0","0","0","0","0","4","0","","67","5","2022","3","40.007022","-75.159892","1740","6","0","0","0","0","0","1","0","0","","0","0","0","16","1","1","N","0","0","40 00:25.280","","0","75 09:35.610","8","0","0","0","67301","0","0","0","N","0","0","0","1","67301","0","","4.0","","1","N","N","N","0","","0","0","0","0","0","","1655","2","1","0","0","0","1","0","2","0","2","0","0","0","3","","","N","","","","","","","","","",""
"2022039405","2333","2","0","0","0","0","0","0","0","0","1","0","","67","4","2022","7","39.971539","-75.12308","2333","6","0","0","0","0","0","0","0","0","","0","0","0","23","3","1","N","0","2","39 58:17.540","1","0","75 07:23.089","8","0","0","0","67301","0","0","0","N","0","0","0","3","68K01","0","","1.0","2345.0","1","N","N","N","0","","0","0","0","0","0","N","2321","3","1","0","0","0","1","1","2","0","3","0","0","0","3","","","N","","","","","","","","","",""
"2022045607","1030","1","0","0","0","0","0","0","0","0","7","0","","67","5","2022","6","40.039001","-75.008014","1026","6","0","0","0","0","0","0","0","0","","0","0","0","10","1","0","N","0","0","40 02:20.403","","0","75 00:28.849","0","0","0","0","67301","0","0","0","N","0","0","0","2","68K01","0","","4.0","","9","N","N","N","1","","0","0","0","0","0","","1024","2","0","1","0","0","0","0","2","0","2","0","0","0","7","07","","N","","","","","","","","","",""
"2022046421","1800","0","0","0","0","0","0","1","0","0","5","1","","67","5","2022","3","","","1744","6","0","0","0","0","0","0","0","0","","0","0","0","17","1","1","","1","0","","","0","","8","0","0","0","67301","0","0","0","N","0","0","0","2","67508","0","","1.0","","1","N","N","Y","0","","0","0","1","0","0","","1744","2","1","0","0","0","1","0","1","0","2","0","0","0","3","03","","N","","","","","","","","","",""
"2022023985","0403","1","0","0","0","0","0","0","0","0","7","0","","67","3","2022","3","40.009222","-75.114306","0351","6","0","0","0","0","0","0","0","0","","0","0","0","3","3","0","N","0","0","40 00:33.200","","0","75 06:51.500","0","0","0","0","67301","0","0","0","N","0","0","0","1","67301","0","","5.0","","1","N","N","N","0","","0","0","0","0","0","","347","1","0","1","0","0","0","0","2","0","1","0","0","0","3","","","N","","","","","","","","","",""
"2022043845","0955","0","0","0","0","0","0","0","0","0","7","0","","67","4","2022","3","40.043422","-75.022559","0949","6","0","0","0","0","0","0","0","0","","0","0","0","9","1","0","N","0","2","40 02:36.319","5","0","75 01:21.212","0","0","0","0","67301","0","0","0","N","0","0","0","1","67301","0","","4.0","900.0","1","N","N","N","0","","0","0","1","0","0","Y","945","1","0","0","0","0","0","0","2","0","1","0","0","0","3","03","","N","","","","","","","","","",""
"2022031942","1613","1","0","0","0","0","0","0","0","0","1","0","","67","3","2022","5","39.959028","-75.171075","1551","6","0","0","0","0","0","0","0","0","","0","0","0","15","1","0","N","0","1","39 57:32.500","4","0","75 10:15.870","0","0","0","0","67301","0","0","0","N","0","0","0","3","68T07","0","","1.0","1650.0","1","N","N","N","0","","0","0","0","0","0","N","1550","2","0","0","0","0","0","0","2","1","2","0","0","0","3","","","N","","","","","","","","","",""
"2022044057","0505","0","0","0","0","0","0","0","0","0","2","1","","67","5","2022","6","40.012558","-75.115939","0545","6","0","0","0","0","0","2","0","0","","0","1","0","3","3","1","N","0","2","40 00:45.210","6","0","75 06:57.380","2","0","0","0","67301","0","0","0","N","0","0","0","2","67301","0","","1.0","930.0","1","N","N","N","0","","0","1","1","0","0","Y","326","2","1","0","0","0","0","0","2","0","2","0","0","0","4","04","","N","","","","","","","","","",""
"2022040324","0040","0","0","0","0","0","0","0","0","0","7","1","","67","4","2022","3","40.031653","-75.021486","0018","6","0","0","0","0","0","0","0","0","","0","1","0","0","3","0","N","0","1","40 01:53.951","2","0","75 01:17.350","0","0","0","0","67301","0","0","0","N","0","0","0","1","68K01","0","","4.0","145.0","9","N","N","N","0","","0","0","0","0","0","N","12","1","0","0","0","0","0","0","2","0","1","0","0","0","7","07","","N","","","","","","","","","",""
"2022044145","0230","0","0","0","0","0","0","0","0","0","7","0","","67","5","2022","2","40.118602","-75.007034","0227","6","0","0","0","0","0","0","0","0","","0","0","0","2","3","0","","3","0","40 07:06.967","","0","75 00:25.322","0","0","0","0","67301","0","0","0","N","0","0","0","1","67301","0","","5.0","","1","N","N","N","0","","0","0","1","3","2","","225","1","0","0","0","0","0","0","2","0","1","0","0","0","3","03","","N","","","","","","","","","",""
"2022040707","0044","2","0","0","0","0","0","0","0","0","1","0","","67","4","2022","4","39.987209","-75.09058","0043","6","0","0","0","0","0","0","0","0","","0","0","0","0","3","0","N","0","0","39 59:13.954","","0","75 05:26.088","0","0","0","0","67301","0","0","0","N","0","0","0","2","68K01","0","","1.0","","1","N","N","N","0","","0","0","0","0","0","","20","2","0","1","0","0","0","0","2","0","2","0","0","0","3","","","N","","","","","","","","","",""
"2022051358","1803","0","0","0","0","0","0","0","0","0","4","0","","67","5","2022","3","40.025432","-75.028367","1732","6","0","0","0","0","0","0","0","0","","0","0","0","17","1","0","","6","0","40 01:31.554","","2","75 01:42.121","9","0","0","0","67301","0","0","0","N","0","0","0","2","68K01","0","","1.0","","1","N","N","N","1","","0","0","0","0","0","","1727","2","0","0","0","0","0","1","2","0","2","0","0","0","3","","","N","","","","","","","","","",""
"2022023799","1813","1","0","0","0","0","0","0","0","0","4","0","","67","3","2022","5","40.002381","-75.171625","1813","6","0","0","0","1","0","1","0","0","","0","0","0","18","1","0","","1","0","40 00:08.571","","0","75 10:17.849","0","0","0","0","67301","0","0","0","N","0","0","0","2","67301","0","","1.0","","1","N","N","N","0","","0","0","1","3","3","","1810","2","0","0","0","0","0","0","2","0","2","0","0","0","3","03","","N","","","","","","","","","",""
"2022026967","2036","2","0","0","0","0","0","0","0","0","4","0","","67","3","2022","3","39.955578","-75.233984","2036","6","0","0","0","0","0","0","0","0","","0","0","0","20","3","1","","1","1","39 57:20.080","4","0","75 14:02.342","8","0","0","0","67301","0","0","0","N","0","0","0","3","67301","0","","1.0","2100.0","1","N","N","N","0","","0","0","0","3","2","N","2036","2","1","0","0","0","1","2","2","0","2","0","0","0","3","","","N","","","","","","","","","",""
"2022034497","0003","1","0","0","0","0","0","0","0","0","7","0","","67","2","2022","3","39.990285","-75.205107","2355","6","0","0","0","0","0","0","0","0","","0","0","0","23","3","1","N","0","2","39 59:25.026","3","0","75 12:18.384","2","0","0","0","67301","0","0","0","N","0","0","0","2","68K01","0","","3.0","400.0","1","N","N","Y","0","","0","1","1","0","0","N","2355","2","1","0","0","0","0","0","2","0","2","0","0","0","3","","","N","","","","","","","","","",""
"2022030481","2017","0","0","0","0","0","0","0","0","0","1","0","","67","3","2022","1","40.069094","-75.052097","2013","6","0","0","0","0","0","0","1","0","","0","0","0","20","3","1","N","0","2","40 04:08.740","5","0","75 03:07.550","3","0","0","0","67301","0","0","0","N","0","0","0","1","67301","0","","6.0","2205.0","1","N","N","N","0","","1","0","2","0","0","Y","2012","2","1","0","0","0","0","0","2","0","2","0","0","0","4","","","N","","","","","","","","","",""
"2022045136","1638","1","0","0","0","0","0","0","0","0","7","0","","67","5","2022","6","40.093917","-74.980253","1633","6","0","0","0","0","0","0","0","0","","0","0","0","16","1","1","N","0","1","40 05:38.101","3","0","74 58:48.909","3","0","0","0","67301","0","0","0","N","0","0","0","1","67301","0","","5.0","1641.0","9","N","N","N","0","","1","0","0","0","0","N","1624","1","1","0","0","0","0","0","2","0","1","0","0","0","7","04","","N","","","","","","","","","",""
"2022023754","0950","1","0","0","0","0","0","0","0","0","2","0","","67","3","2022","1","40.025594","-75.084744","0943","6","0","0","0","0","0","1","0","0","","0","0","0","9","1","0","N","0","0","40 01:32.140","","0","75 05:05.080","0","0","0","0","67301","0","0","0","N","0","0","0","1","67301","0","","6.0","","1","N","N","N","0","","0","0","0","0","0","","923","2","0","0","0","0","0","0","2","1","2","0","0","0","7","04","","N","","","","","","","","","",""
"2022019639","1650","1","0","0","0","0","0","0","0","0","4","0","","67","2","2022","6","40.021555","-75.124352","1642","6","0","0","0","0","0","1","0","0","","0","0","0","16","4","0","","1","1","40 01:17.597","1","0","75 07:27.667","0","0","0","0","67301","0","0","0","N","0","0","0","4","67301","0","","1.0","1712.0","9","N","N","N","0","","0","0","1","3","2","N","1620","2","0","0","0","0","0","0","2","0","2","0","0","0","7","07","","N","","","","","","","","","",""
"2022039373","0956","1","0","0","0","0","0","0","0","0","1","1","55","67","4","2022","2","40.037114","-75.013857","0944","6","0","0","0","0","0","0","0","0","","0","1","0","9","1","1","N","0","0","40 02:13.611","","0","75 00:49.885","3","0","0","0","67301","0","0","0","N","0","0","0","2","68K01","0","","1.0","","1","N","N","N","0","","1","0","0","3","8","","936","2","1","0","0","0","0","0","2","0","2","0","0","0","3","03","Y","Y","2","2","N","N","N","Y","N","N","Y","N"
"2022014687","1145","2","0","0","0","0","0","0","0","0","4","0","","67","1","2022","6","40.057227","-75.207939","1140","6","0","0","0","1","0","0","0","1","","0","0","0","11","1","2","","2","0","40 03:26.017","","0","75 12:28.580","3","0","0","0","67301","0","0","0","N","0","0","0","2","67301","0","","1.0","","6","N","N","Y","0","","2","0","0","3","3","","1122","2","2","0","0","0","0","0","2","0","2","0","0","0","10","","","N","","","","","","","","","",""
"2022029288","0125","1","0","0","0","0","0","0","0","0","6","0","99","67","3","2022","3","40.020562","-75.156561","0123","6","0","0","0","0","0","1","0","0","","0","0","0","1","3","0","N","0","2","40 01:14.024","5","0","75 09:23.621","0","0","0","0","67301","0","0","0","N","0","0","0","2","67301","0","","1.0","250.0","1","N","N","N","0","","0","0","1","0","0","Y","122","2","0","0","0","0","0","0","2","0","2","0","0","0","3","03","U","Y","4","1","","","U","Y","","Y","","N"
"2022014653","1650","1","0","0","0","0","0","0","0","0","4","0","","67","2","2022","4","39.923253","-75.220476","1650","6","0","0","0","1","0","0","0","0","","0","0","0","16","1","0","","2","0","39 55:23.710","","0","75 13:13.713","0","0","0","0","67301","0","0","0","N","0","0","0","2","67301","0","","1.0","","1","N","N","N","0","","0","0","1","3","2","","1650","2","0","0","0","0","0","0","2","0","2","0","0","0","3","03","","N","","","","","","","","","",""
"2022047195","2000","0","0","0","0","0","0","0","0","0","8","0","","67","4","2022","2","39.979622","-75.268814","2000","6","0","0","0","0","0","0","0","0","","0","0","0","15","1","1","N","0","0","39 58:46.640","","7","75 16:07.729","8","0","0","0","67301","1","0","0","N","1","0","0","2","67301","0","","1.0","","99","N","N","N","0","","0","0","1","0","0","","1500","2","1","0","0","0","1","1","2","0","1","1","0","0","99","","","N","","","","","","","","","",""
"2022044075","2040","1","0","0","0","0","0","0","0","0","4","0","","67","5","2022","3","39.991551","-75.136452","2040","6","0","0","0","0","0","0","0","0","","0","0","0","16","1","0","N","0","1","39 59:29.582","3","0","75 08:11.228","9","0","0","0","67301","0","0","0","N","0","0","0","2","67301","0","","1.0","1645.0","1","N","N","N","0","","0","0","1","3","2","N","1605","2","0","0","0","0","0","1","2","0","2","0","0","0","3","","","N","","","","","","","","","",""
"2022014590","1626","1","0","0","0","0","0","0","0","0","4","0","","67","2","2022","5","40.068856","-75.040197","1612","6","0","0","0","0","1","0","1","0","","0","0","0","16","1","2","","2","0","40 04:07.880","","0","75 02:24.710","3","0","0","0","67301","0","0","0","N","0","0","0","2","67301","0","","1.0","","9","N","N","N","0","","2","0","0","3","3","","1604","2","2","0","0","0","0","0","2","1","2","0","0","0","7","","","N","","","","","","","","","",""
"2022014735","0146","2","0","0","0","0","0","0","0","0","4","0","","67","2","2022","7","40.032321","-75.030914","0140","6","0","0","0","0","0","0","0","0","","0","0","0","1","3","2","","1","0","40 01:56.357","","0","75 01:51.292","3","0","0","0","67301","0","0","0","N","0","0","0","3","67301","0","","1.0","","1","N","N","N","0","","2","0","0","3","2","","120","2","2","0","0","0","0","0","2","0","2","0","0","0","3","03","","N","","","","","","","","","",""
"2022014655","0215","1","0","0","0","0","0","0","0","0","4","0","","67","2","2022","5","39.911336","-75.242664","2300","6","0","0","0","0","0","1","0","0","","0","0","0","23","3","0","","5","0","39 54:40.810","","0","75 14:33.592","0","0","0","0","67301","0","0","0","N","0","0","0","2","67301","0","","1.0","","9","N","N","N","0","","0","0","1","3","2","","2330","2","0","1","0","0","0","0","2","0","2","0","0","0","7","07","","N","","","","","","","","","",""
"2022014867","0717","0","0","0","0","0","0","0","0","0","4","0","","67","2","2022","5","40.041174","-75.118173","0717","6","0","0","0","0","0","0","0","0","","0","0","0","8","1","1","","2","0","40 02:28.226","","0","75 07:05.422","8","0","0","0","67301","0","0","0","N","0","0","0","4","67301","0","","1.0","","9","N","N","N","0","","0","0","2","3","3","","830","2","1","0","0","0","1","3","2","0","2","0","0","0","3","10","","N","","","","","","","","","",""
"2022022805","0812","0","0","0","0","0","0","0","0","0","7","0","","67","3","2022","6","39.921361","-75.190639","0808","6","0","0","0","0","0","0","0","0","","0","0","0","8","1","1","N","0","1","39 55:16.900","3","8","75 11:26.300","4","0","0","0","67301","0","0","0","N","0","0","0","1","67501","1","","4.0","835.0","1","N","N","N","0","","0","0","1","0","0","N","808","1","1","0","0","0","0","0","2","0","1","0","0","0","3","03","","N","","","","","","","","","",""
"2022038558","1539","1","0","0","0","0","0","0","0","0","4","0","","67","4","2022","4","39.957091","-75.152168","1512","6","0","0","0","1","0","1","0","0","","0","0","0","15","1","0","N","0","0","39 57:25.527","","0","75 09:07.806","0","0","0","0","67301","0","0","0","N","0","0","0","4","68K01","0","","1.0","","1","N","N","N","1","","0","0","0","0","0","","1511","2","0","0","0","0","0","0","2","0","2","0","0","0","3","03","","N","","","","","","","","","",""
"2022024132","0813","0","0","0","0","0","0","0","0","0","1","0","","67","3","2022","4","39.894612","-75.236717","0812","6","0","0","0","0","0","1","0","0","","0","0","0","8","1","0","","1","1","39 53:40.603","1","0","75 14:12.181","0","0","0","0","67301","0","0","0","N","0","0","0","3","67301","0","","1.0","45.0","9","N","N","N","0","","0","0","1","3","2","N","809","2","0","0","0","0","0","0","2","1","2","0","0","0","7","07","","N","","","","","","","","","",""
"2022013331","1200","2","0","0","0","0","0","0","0","0","3","0","","67","2","2022","1","39.976871","-75.155068","1155","6","0","0","0","0","0","0","0","0","","0","0","0","11","1","0","","2","0","39 58:36.735","","7","75 09:18.244","0","0","0","0","67301","0","0","0","N","0","0","0","3","67505","0","","1.0","","1","N","N","N","0","","0","0","0","0","0","","1145","2","0","0","0","0","0","0","2","0","2","0","0","0","3","03","","N","","","","","","","","","",""
"2022039583","1745","1","0","0","0","0","0","0","0","0","7","0","","67","4","2022","6","39.903846","-75.150233","1731","6","0","0","0","0","1","0","0","0","","0","0","0","17","1","1","N","0","1","39 54:13.845","1","0","75 09:00.838","3","0","0","0","67301","0","0","0","N","0","0","0","1","68Z99","0","","2.0","1800.0","1","N","N","N","0","","1","0","0","0","0","N","1729","1","1","0","0","0","0","0","2","0","1","0","0","0","3","03","","N","","","","","","","","","",""
"2022013942","1952","0","0","0","0","0","0","0","0","0","5","0","","67","2","2022","6","40.026377","-75.027206","1946","6","0","0","0","0","0","0","0","0","","0","0","0","19","3","0","N","0","1","40 01:34.958","2","0","75 01:37.941","0","0","0","0","67301","0","0","0","N","0","0","0","2","68K01","0","","1.0","1955.0","9","N","N","N","0","","0","0","2","0","0","N","1945","2","0","0","0","0","0","0","2","0","2","0","0","0","7","07","","N","","","","","","","","","",""
"2022039375","2110","1","0","1","0","0","0","0","0","0","7","0","","67","4","2022","4","40.035496","-75.017157","2101","6","0","0","0","0","0","1","0","0","","0","0","0","20","3","1","N","0","1","40 02:07.785","1","0","75 01:01.764","2","0","0","0","67301","0","0","0","N","0","0","0","1","68K01","0","","2.0","2139.0","1","N","N","N","0","","0","1","0","0","0","N","2059","1","1","0","0","0","0","0","2","0","1","0","0","0","3","03","","N","","","","","","","","","",""
"2022014550","0415","2","0","0","0","0","0","0","0","0","2","0","","67","2","2022","1","40.0331","-75.09005","0409","6","0","0","0","0","0","0","0","0","","0","0","0","4","3","0","N","0","0","40 01:59.160","","0","75 05:24.180","0","0","0","0","67301","0","0","0","N","0","0","0","1","67301","0","","1.0","","1","N","N","N","0","","0","0","0","0","0","","400","2","0","0","0","0","0","0","2","0","2","0","0","0","3","03","","N","","","","","","","","","",""
"2022020659","1826","0","0","0","0","0","0","0","0","0","8","0","","67","2","2022","4","40.016208","-75.07235","1825","6","0","0","0","0","0","0","0","0","","0","0","0","18","1","1","N","0","0","40 00:58.350","","0","75 04:20.460","8","0","0","0","67301","1","0","0","N","1","0","0","2","67301","0","","1.0","","1","N","N","N","0","","0","0","0","0","0","","1815","2","1","0","0","0","1","0","2","1","1","1","0","0","3","","","N","","","","","","","","","",""
"2022021549","1300","0","0","0","0","0","0","0","0","0","8","0","","67","2","2022","3","39.962044","-75.135727","1300","6","0","0","0","0","0","0","0","0","","0","0","0","19","3","2","","2","0","39 57:43.358","","0","75 08:08.617","3","0","0","0","67301","2","0","0","N","2","0","0","3","67301","0","","1.0","","99","N","N","N","0","","2","0","1","3","3","","1930","3","2","0","0","0","0","0","2","0","1","2","0","0","99","","","N","","","","","","","","","",""
"2022027033","0244","0","0","0","0","0","0","0","0","0","5","0","","67","3","2022","7","39.986143","-75.208183","0241","6","0","0","0","0","0","0","0","0","","0","0","0","2","3","0","N","0","2","39 59:10.113","3","0","75 12:29.459","0","0","0","0","67301","0","0","0","N","0","0","0","2","68K01","0","","1.0","330.0","1","N","N","N","0","","0","0","2","0","0","N","239","2","0","0","0","0","0","0","2","0","2","0","0","0","3","03","","N","","","","","","","","","",""
"2022043192","1502","3","0","0","0","0","0","0","0","0","1","0","","67","5","2022","2","39.986559","-75.091452","1435","6","0","0","0","0","1","1","0","0","","0","1","0","14","1","0","N","0","1","39 59:11.611","1","0","75 05:29.228","0","0","0","0","67301","0","0","0","N","0","0","0","7","68K01","0","","1.0","1544.0","1","N","N","N","0","","0","0","0","0","0","N","1433","4","0","0","0","0","0","0","2","0","4","0","0","0","3","03","","N","","","","","","","","","",""
"2022037952","2157","1","0","0","0","0","0","1","0","0","1","1","","67","4","2022","2","40.040323","-75.058538","2154","6","0","0","0","0","0","1","0","0","","0","0","0","21","3","1","","1","0","40 02:25.164","","0","75 03:30.737","8","0","0","0","67301","0","0","0","N","0","0","0","2","67508","0","","1.0","","1","N","N","Y","0","","0","0","0","3","2","","2154","2","1","0","0","0","1","0","2","0","2","0","0","0","3","03","","N","","","","","","","","","",""
"2022029158","0819","0","0","0","0","0","0","0","0","0","8","0","","67","3","2022","2","40.055323","-75.053787","0818","6","0","0","0","0","0","1","0","0","","0","0","0","8","1","1","N","0","0","40 03:19.161","","0","75 03:13.632","3","0","0","0","67301","1","0","0","N","1","0","0","2","67301","0","","1.0","","1","N","N","N","0","","1","0","1","0","0","","818","2","1","0","0","0","0","0","2","0","1","1","0","0","3","03","","N","","","","","","","","","",""
"2022039425","","1","0","0","0","0","0","0","0","0","1","0","","67","1","2022","4","39.976344","-75.139412","","6","0","0","0","0","0","1","0","0","","0","0","0","8","1","1","","1","0","39 58:34.838","","0","75 08:21.883","8","0","0","0","67301","0","0","0","N","0","0","0","2","00000","0","","1.0","","2","N","N","N","1","","0","0","0","0","0","","800","2","1","0","0","0","1","1","2","0","2","0","0","0","99","","","N","","","","","","","","","",""
"2022043992","1405","1","0","0","0","0","0","0","0","0","8","0","","67","4","2022","4","39.982458","-75.174975","1359","6","0","0","0","0","0","0","0","0","","0","0","0","13","1","1","","1","0","39 58:56.847","","0","75 10:29.911","3","0","0","0","67301","1","0","0","N","0","0","0","2","67301","0","","1.0","","1","N","N","N","0","","1","0","0","3","2","","1359","2","1","0","0","0","0","0","2","0","1","1","0","0","3","03","","N","","","","","","","","","",""
"2022018172","1629","1","0","0","0","0","0","0","0","0","1","0","","67","2","2022","3","39.913861","-75.185778","1626","6","0","0","0","0","0","0","0","0","","0","0","0","16","1","2","N","0","2","39 54:49.900","3","3","75 11:08.800","8","0","0","0","67301","0","0","0","N","0","0","0","3","67501","0","","1.0","1714.0","1","N","N","N","1","","0","0","1","0","0","N","1626","3","2","0","0","0","2","0","2","0","3","0","0","0","3","","","N","","","","","","","","","",""