"CRN","ARRIVAL_TM","AUTOMOBILE_COUNT","BELTED_DEATH_COUNT","BELTED_SUSP_SERIOUS_INJ_COUNT","BICYCLE_COUNT","BICYCLE_DEATH_COUNT","BICYCLE_SUSP_SERIOUS_INJ_COUNT","BUS_COUNT","CHLDPAS_DEATH_COUNT","CHLDPAS_SUSP_SERIOUS_INJ_COUNT","COLLISION_TYPE","COMM_VEH_COUNT","CONS_ZONE_SPD_LIM","COUNTY","CRASH_MONTH","CRASH_YEAR","DAY_OF_WEEK","DEC_LATITUDE","DEC_LONGITUDE","DISPATCH_TM","DISTRICT","DRIVER_COUNT_16YR","DRIVER_COUNT_17YR","DRIVER_COUNT_18YR","DRIVER_COUNT_19YR","DRIVER_COUNT_20YR","DRIVER_COUNT_50_64YR","DRIVER_COUNT_65_74YR","DRIVER_COUNT_75PLUS","EST_HRS_CLOSED","FATAL_COUNT","HEAVY_TRUCK_COUNT","HORSE_BUGGY_COUNT","HOUR_OF_DAY","ILLUMINATION","INJURY_COUNT","INTERSECTION_RELATED","INTERSECT_TYPE","LANE_CLOSED","LATITUDE","LN_CLOSE_DIR","LOCATION_TYPE","LONGITUDE","MAX_SEVERITY_LEVEL","MCYCLE_DEATH_COUNT","MCYCLE_SUSP_SERIOUS_INJ_COUNT","MOTORCYCLE_COUNT","MUNICIPALITY","NONMOTR_COUNT","NONMOTR_DEATH_COUNT","NONMOTR_SUSP_SERIOUS_INJ_COUNT","NTFY_HIWY_MAINT","PED_COUNT","PED_DEATH_COUNT","PED_SUSP_SERIOUS_INJ_COUNT","PERSON_COUNT","POLICE_AGCY","POSSIBLE_INJ_COUNT","RDWY_SURF_TYPE_CD","RELATION_TO_ROAD","ROADWAY_CLEARED","ROAD_CONDITION","SCH_BUS_IND","SCH_ZONE_IND","SECONDARY_CRASH","SMALL_TRUCK_COUNT","SPEC_JURIS_CD","SUSP_MINOR_INJ_COUNT","SUSP_SERIOUS_INJ_COUNT","SUV_COUNT","TCD_FUNC_CD","TCD_TYPE","TFC_DETOUR_IND","TIME_OF_DAY","TOTAL_UNITS","TOT_INJ_COUNT","UNBELTED_OCC_COUNT","UNB_DEATH_COUNT","UNB_SUSP_SERIOUS_INJ_COUNT","UNK_INJ_DEG_COUNT","UNK_INJ_PER_COUNT","URBAN_RURAL","VAN_COUNT","VEHICLE_COUNT","VULNERABLE_ROAD_USER_COUNT","VULNERABLE_ROAD_USER_DEATH_COUNT","VULNERABLE_ROAD_USER_SER_INJ_COUNT","WEATHER1","WEATHER2","WORKERS_PRES","WORK_ZONE_IND","WORK_ZONE_LOC","WORK_ZONE_TYPE","WZ_CLOSE_DETOUR","WZ_FLAGGER","WZ_LAW_OFFCR_IND","WZ_LN_CLOSURE","WZ_MOVING","WZ_OTHER","WZ_SHLDER_MDN","WZ_WORKERS_INJ_KILLED"
"2022020471","0236","3","0","0","0","0","0","0","0","0","4","0","","67","2","2022","6","39.992798","-75.146123","0233","6","0","0","0","0","0","1","0","0","","0","0","0","2","3","0","","1","0","39 59:34.073","","0","75 08:46.043","0","0","0","0","67301","0","0","0","N","0","0","0","2","67301","0","","1.0","","9","N","N","Y","0","","0","0","1","3","2","","200","4","0","0","0","0","0","0","2","0","4","0","0","0","7","07","","N","","","","","","","","","",""
"2022032921","1108","1","0","0","0","0","0","0","0","0","4","0","","67","3","2022","5","39.994196","-75.111355","1107","6","0","0","0","0","0","0","0","0","","0","0","0","11","1","1","","1","0","39 59:39.104","","0","75 06:40.879","2","0","0","0","67301","0","0","0","N","0","0","0","3","67301","0","","1.0","","9","N","N","N","0","","0","1","0","3","2","","1103","2","1","2","0","1","0","0","2","1","2","0","0","0","4","07","","N","","","","","","","","","",""
"2022044066","1230","1","0","0","0","0","0","0","0","0","4","0","","67","4","2022","5","39.970451","-75.150975","1225","6","0","0","0","0","0","0","0","0","","0","0","0","12","1","0","","1","0","39 58:13.623","","1","75 09:03.509","0","0","0","0","67301","0","0","0","N","0","0","0","2","67301","0","","1.0","","1","N","N","N","0","","0","0","1","0","0","","1207","2","0","1","0","0","0","0","2","0","2","0","0","0","3","03","","N","","","","","","","","","",""
"2022044130","2130","1","0","0","0","0","0","0","0","0","1","0","","67","5","2022","5","40.012638","-75.160979","2130","6","0","0","0","0","0","1","0","0","","0","0","0","21","3","0","","1","1","40 00:45.495","6","0","75 09:39.526","0","0","0","0","67301","0","0","0","N","0","0","0","3","67301","0","","1.0","2200.0","1","N","N","N","1","","0","0","0","3","2","N","2115","2","0","0","0","0","0","0","2","0","2","0","0","0","3","","","N","","","","","","","","","",""
"2022024494","2155","1","0","0","0","0","0","0","0","0","1","0","","67","3","2022","2","40.075311","-75.165103","2149","6","0","0","0","0","0","0","0","0","","0","0","0","21","3","0","N","0","0","40 04:31.120","","0","75 09:54.370","0","0","0","0","67301","0","0","0","N","0","0","0","1","67301","0","","6.0","","9","N","N","N","0","","0","0","1","0","0","","2100","2","0","0","0","0","0","0","2","0","2","0","0","0","7","98","","N","","","","","","","","","",""
"2022044118","2320","2","0","0","0","0","0","0","0","0","6","0","","67","5","2022","1","40.015873","-75.153841","2318","6","0","0","0","0","0","0","0","0","","0","0","0","23","3","0","","1","0","40 00:57.144","","0","75 09:13.828","0","0","0","0","67301","0","0","0","N","0","0","0","3","67301","0","","4.0","","1","N","N","N","0","","0","0","0","3","2","","2311","2","0","0","0","0","0","0","2","0","2","0","0","0","3","","","N","","","","","","","","","",""
"2022019553","1610","0","0","0","0","0","0","0","0","0","1","0","","67","2","2022","6","39.911472","-75.1705","1605","6","0","0","0","0","0","0","1","0","","0","0","0","15","1","0","N","0","0","39 54:41.300","","0","75 10:13.800","0","0","0","0","67301","0","0","0","N","0","0","0","2","67301","0","","1.0","","1","N","N","N","0","","0","0","2","0","0","","1540","2","0","0","0","0","0","0","2","0","2","0","0","0","3","03","","N","","","","","","","","","",""
"2022037577","1405","1","0","0","0","0","0","0","0","0","8","0","","67","4","2022","5","39.982","-75.158889","1400","6","0","0","0","0","0","1","0","0","","0","0","0","13","1","1","N","0","0","39 58:55.200","","0","75 09:32.000","3","0","0","0","67301","1","0","0","N","1","0","0","2","67505","0","","1.0","","1","N","N","N","0","","1","0","0","3","3","","1345","2","1","0","0","0","0","0","2","0","1","1","0","0","3","03","","N","","","","","","","","","",""
"2022046920","1536","0","0","0","0","0","0","0","0","0","1","0","","67","4","2022","2","39.912555","-75.148436","1536","6","0","0","0","0","0","1","0","0","","0","0","0","15","1","2","N","0","0","39 54:45.198","","3","75 08:54.371","4","0","0","0","67301","0","0","0","N","0","0","0","3","68K01","2","","1.0","","1","N","N","N","0","","0","0","2","0","0","","1536","2","2","0","0","0","0","0","2","0","2","0","0","0","4","","","N","","","","","","","","","",""
"2022030172","1045","2","0","0","0","0","0","0","0","0","4","0","","67","3","2022","7","40.030001","-75.024086","1045","6","0","0","0","0","0","2","0","0","","0","0","0","10","1","1","N","0","0","40 01:48.004","","7","75 01:26.710","3","0","0","0","67301","0","0","0","N","0","0","0","2","67301","0","","1.0","","1","N","N","N","0","","1","0","0","0","0","","1045","2","1","2","0","0","0","0","2","0","2","0","0","0","3","03","","N","","","","","","","","","",""
"2022015920","0730","1","0","0","0","0","0","0","0","0","1","0","","67","2","2022","6","40.117007","-74.991338","0723","6","0","0","0","0","0","1","0","0","","0","0","0","6","1","0","","2","0","40 07:01.226","","0","74 59:28.818","0","0","0","0","67301","0","0","0","N","0","0","0","2","67301","0","","1.0","","1","N","N","N","0","","0","0","1","3","2","","630","2","0","0","0","0","0","0","2","0","2","0","0","0","3","","","N","","","","","","","","","",""
"2022043847","1920","1","0","0","0","0","0","0","0","0","7","0","","67","4","2022","4","40.053038","-74.982753","1920","6","0","1","0","0","0","0","0","0","","0","0","0","19","1","0","","1","1","40 03:10.938","4","0","74 58:57.912","9","0","0","0","67301","0","0","0","N","0","0","0","1","67301","0","","5.0","50.0","1","N","N","N","0","","0","0","0","3","2","Y","1900","1","0","0","0","0","0","1","2","0","1","0","0","0","3","03","","N","","","","","","","","","",""
"2022034785","0220","1","0","0","0","0","0","0","0","0","5","1","","67","4","2022","6","39.953938","-75.139855","0217","6","0","0","0","0","0","0","0","0","","0","1","0","2","3","0","N","0","0","39 57:14.176","","3","75 08:23.478","9","0","0","0","67301","0","0","0","N","0","0","0","2","67501","0","","1.0","","9","N","N","Y","0","","0","0","0","3","1","","217","2","0","0","0","0","0","1","2","0","2","0","0","0","4","","","N","","","","","","","","","",""
"2022025801","2013","1","0","0","0","0","0","0","0","0","4","0","","67","3","2022","4","40.007469","-75.094305","2013","6","0","0","0","0","0","0","0","0","","0","0","0","20","3","0","","1","0","40 00:26.888","","0","75 05:39.498","0","0","0","0","67301","0","0","0","N","0","0","0","2","67301","0","","1.0","","9","N","N","N","0","","0","0","1","3","3","","2013","2","0","2","0","0","0","0","2","0","2","0","0","0","7","07","","N","","","","","","","","","",""
"2022029282","1716","1","0","0","0","0","0","0","0","0","8","0","","67","3","2022","3","40.054821","-75.152728","1710","6","0","0","0","0","0","0","0","0","","0","0","0","16","1","1","","1","0","40 03:17.355","","0","75 09:09.820","3","0","0","0","67301","1","0","0","N","1","0","0","2","67301","0","","1.0","","1","N","N","N","0","","1","0","0","3","2","","1633","2","1","0","0","0","0","0","2","0","1","1","0","0","3","","","N","","","","","","","","","",""
"2022023725","2035","1","0","0","0","0","0","0","0","0","1","0","","67","3","2022","4","40.056814","-75.047008","2032","6","0","0","0","0","0","0","0","0","","0","0","0","20","3","0","","1","0","40 03:24.532","","0","75 02:49.228","0","0","0","0","67301","0","0","0","N","0","0","0","4","67301","0","","1.0","","1","N","N","N","0","","0","0","3","3","2","","2029","4","0","0","0","0","0","0","2","0","4","0","0","0","3","03","","N","","","","","","","","","",""
"2022038677","1339","1","0","0","0","0","0","0","0","0","7","0","","67","4","2022","4","40.005156","-75.196391","1334","6","0","0","0","0","0","0","0","0","","0","0","0","12","1","0","","7","2","40 00:18.562","3","2","75 11:47.007","0","0","0","0","67301","0","0","0","Y","0","0","0","1","68K01","0","","2.0","1415.0","1","N","N","N","0","","0","0","0","0","0","N","1248","1","0","0","0","0","0","0","2","0","1","0","0","0","3","","","N","","","","","","","","","",""
"2022039362","0113","1","0","0","0","0","0","0","0","0","7","0","","67","4","2022","4","39.958908","-75.180446","0109","6","0","0","0","0","0","0","0","0","","0","0","0","0","3","1","N","0","0","39 57:32.070","","0","75 10:49.604","3","0","0","0","67301","0","0","0","N","0","0","0","1","68K01","0","","4.0","","9","N","N","N","0","","1","0","0","0","0","","55","1","1","0","0","0","0","0","2","0","1","0","0","0","7","07","","N","","","","","","","","","",""
"2022038518","0928","0","0","0","0","0","0","0","0","0","7","0","","67","4","2022","2","40.038689","-75.008795","0908","6","0","0","0","0","0","0","0","0","","0","0","0","8","1","0","N","0","0","40 02:19.280","","0","75 00:31.662","0","0","0","0","67301","0","0","0","N","0","0","0","1","68K01","0","","4.0","","1","N","N","N","0","","0","0","1","0","0","","836","1","0","0","0","0","0","0","2","0","1","0","0","0","3","","","N","","","","","","","","","",""
"2022019589","1741","0","0","0","0","0","0","0","0","0","5","0","","67","2","2022","7","40.036669","-75.062172","1736","6","0","0","0","0","0","0","0","0","","0","0","0","17","1","0","N","0","0","40 02:12.010","","0","75 03:43.820","9","0","0","0","67301","0","0","0","N","0","0","0","1","67301","0","","6.0","","1","N","N","N","0","","0","0","2","0","0","","1732","2","0","0","0","0","0","1","2","0","2","0","0","0","3","03","","N","","","","","","","","","",""
"2022014627","1700","1","0","0","0","0","0","0","0","0","8","0","","67","2","2022","5","39.947136","-75.165956","1646","6","0","0","0","0","0","0","0","0","","0","0","0","9","1","1","N","0","0","39 56:49.690","","0","75 09:57.440","3","0","0","0","67301","1","0","0","N","1","0","0","2","67301","0","","1.0","","9","N","N","N","0","","1","0","0","0","0","","945","2","1","0","0","0","0","0","2","0","1","1","0","0","7","07","","N","","","","","","","","","",""
"2022037463","1534","1","0","0","0","0","0","0","0","0","0","0","","67","3","2022","5","39.891631","-75.23704","1512","6","0","0","0","0","0","0","0","0","","0","0","0","15","1","2","N","0","0","39 53:29.871","","0","75 14:13.343","8","0","0","0","67301","0","0","0","N","0","0","0","2","68K01","0","","5.0","","1","N","N","N","0","","0","0","0","0","0","","1510","1","2","0","0","0","2","0","2","0","1","0","0","0","3","03","","N","","","","","","","","","",""
"2022045385","1302","3","0","0","0","0","0","0","0","0","4","0","","67","5","2022","7","40.035648","-75.081016","1259","6","0","0","0","0","0","0","0","0","","0","0","0","12","1","3","","1","1","40 02:08.332","6","0","75 04:51.656","3","0","0","0","67301","0","0","0","N","0","0","0","4","67301","0","","1.0","1342.0","9","N","N","N","0","","3","0","1","3","2","N","1258","4","3","0","0","0","0","0","2","0","4","0","0","0","7","04","","N","","","","","","","","","",""
"2022039423","2216","1","0","0","0","0","0","0","0","0","1","0","","67","4","2022","3","39.981566","-75.101773","2203","6","0","0","0","0","0","0","0","1","","0","0","0","21","3","0","N","0","0","39 58:53.637","","0","75 06:06.384","0","0","0","0","67301","0","0","0","N","0","0","0","2","68K01","0","","1.0","","9","N","N","N","0","","0","0","1","0","0","","2103","2","0","0","0","0","0","0","2","0","2","0","0","0","7","03","","N","","","","","","","","","",""
"2022038557","0902","2","0","0","0","0","0","0","0","0","5","1","","67","4","2022","4","39.985347","-75.208176","0902","6","0","0","0","0","0","2","0","0","","0","1","0","8","1","0","N","0","1","39 59:07.249","3","0","75 12:29.435","0","0","0","0","67301","0","0","0","N","0","0","0","6","68K01","0","","1.0","952.0","1","N","N","N","1","","0","0","1","0","0","N","859","5","0","0","0","0","0","0","2","0","5","0","0","0","3","","","N","","","","","","","","","",""
"2022038543","1457","3","0","0","0","0","0","0","0","0","1","0","","67","4","2022","2","39.95991","-75.178086","1457","6","0","0","0","0","0","0","0","0","","0","0","0","14","1","0","N","0","0","39 57:35.676","","0","75 10:41.108","0","0","0","0","67301","0","0","0","N","0","0","0","3","68K01","0","","1.0","","1","N","N","N","0","","0","0","0","0","0","","1456","3","0","0","0","0","0","0","2","0","3","0","0","0","3","","","N","","","","","","","","","",""
"2022038182","2215","0","0","0","0","0","0","1","0","0","5","1","","67","4","2022","7","40.016001","-75.153566","2150","6","0","0","0","0","0","0","0","0","","0","0","0","21","3","1","N","0","0","40 00:57.602","","0","75 09:12.836","4","0","0","0","67301","0","0","0","N","0","0","0","3","67508","1","","1.0","","9","N","N","Y","1","","0","0","0","0","0","","2150","2","1","0","0","0","0","0","2","0","2","0","0","0","7","07","","N","","","","","","","","","",""
"2022048409","1655","0","0","0","0","0","0","0","0","0","7","0","","67","4","2022","5","39.905517","-75.240584","1654","6","0","0","0","0","0","0","0","0","","0","0","0","16","1","0","N","0","0","39 54:19.862","","0","75 14:26.101","0","0","0","0","67301","0","0","0","N","0","0","0","1","67301","0","","3.0","","9","N","N","N","0","","0","0","1","0","0","","1653","1","0","0","0","0","0","0","2","0","1","0","0","0","7","07","","N","","","","","","","","","",""
"2022043925","0005","2","0","0","0","0","0","0","0","0","4","0","","67","4","2022","1","40.01752","-75.065135","0000","6","0","0","0","0","0","0","0","0","","0","0","0","21","3","1","","1","0","40 01:03.072","","0","75 03:54.486","3","0","0","0","67301","0","0","0","N","0","0","0","2","67301","0","","1.0","","1","N","N","N","0","","1","0","0","3","2","","2148","2","1","0","0","0","0","0","2","0","2","0","0","0","3","03","","N","","","","","","","","","",""
"2022013434","0151","1","0","0","0","0","0","0","0","0","2","0","","67","2","2022","7","39.956351","-75.148819","0151","6","0","0","0","0","0","0","0","0","","0","0","0","1","3","1","N","0","0","39 57:22.862","","2","75 08:55.749","3","0","0","0","67301","0","0","0","N","0","0","0","2","67501","0","","1.0","","1","N","N","N","0","","1","0","1","3","8","","151","2","1","0","0","0","0","0","2","0","2","0","0","0","3","","","N","","","","","","","","","",""
"2022021424","2313","2","0","0","0","0","0","0","0","0","5","0","","67","2","2022","7","39.926952","-75.195129","2311","6","0","0","0","0","0","0","0","0","","0","0","0","23","3","1","N","0","2","39 55:37.026","6","0","75 11:42.464","3","0","0","0","67301","0","0","0","N","0","0","0","2","68K01","0","","1.0","2345.0","1","N","N","N","0","","1","0","0","0","0","Y","2307","2","1","0","0","0","0","0","2","0","2","0","0","0","3","03","","N","","","","","","","","","",""
"2022032614","0743","1","0","0","0","0","0","0","0","0","1","0","","67","3","2022","5","39.961499","-75.139819","0730","6","0","0","0","0","0","0","0","0","","0","0","0","7","1","0","N","0","0","39 57:41.395","","0","75 08:23.349","0","0","0","0","67301","0","0","0","N","0","0","0","6","68T07","0","","1.0","","1","N","N","N","0","","0","0","2","0","0","","728","3","0","0","0","0","0","0","2","0","3","0","0","0","3","03","","N","","","","","","","","","",""
"2022014747","1228","2","0","0","0","0","0","0","0","0","4","0","","67","2","2022","6","39.974638","-75.199108","1227","6","0","0","0","0","0","0","0","0","","0","0","0","12","1","0","","1","0","39 58:28.698","","2","75 11:56.790","0","0","0","0","67301","0","0","0","N","0","0","0","2","67301","0","","1.0","","9","N","N","N","0","","0","0","0","3","2","","1220","2","0","0","0","0","0","0","2","0","2","0","0","0","7","","","N","","","","","","","","","",""
"2022042371","0637","2","0","0","0","0","0","0","0","0","7","0","","67","5","2022","4","39.968211","-75.129146","0624","6","0","0","0","0","0","2","0","0","","0","0","0","6","1","2","N","0","1","39 58:05.560","1","0","75 07:44.927","8","0","0","0","67301","0","0","0","N","0","0","0","3","68K01","0","","3.0","655.0","9","N","N","N","1","","0","0","0","0","0","N","614","3","2","1","0","0","2","0","2","0","3","0","0","0","7","","","N","","","","","","","","","",""
"2022029446","2005","3","0","0","0","0","0","0","0","0","4","0","","67","3","2022","3","39.947778","-75.227428","2000","6","0","0","0","0","0","0","0","0","","0","0","0","20","3","1","","5","0","39 56:52.000","","0","75 13:38.740","3","0","0","0","67301","0","0","0","N","0","0","0","2","67301","0","","1.0","","1","N","N","N","0","","1","0","0","3","2","","2000","3","1","1","0","0","0","0","2","0","3","0","0","0","3","03","","N","","","","","","","","","",""
"2022045615","0655","0","0","0","0","0","0","0","0","0","7","0","","67","5","2022","1","39.960338","-75.181298","0650","6","0","0","0","0","0","0","0","0","","0","0","0","6","1","3","N","0","2","39 57:37.218","4","0","75 10:52.671","4","0","0","0","67301","0","0","0","N","0","0","0","4","68K01","2","","2.0","735.0","9","N","N","N","0","","0","0","1","0","0","Y","641","2","3","0","0","0","1","1","2","0","2","0","0","0","7","03","","N","","","","","","","","","",""
"2022015930","1215","1","0","0","0","0","0","0","0","0","1","0","","67","2","2022","4","40.042896","-75.143783","1214","6","0","0","0","1","0","1","1","0","","0","0","0","12","1","0","","1","0","40 02:34.426","","0","75 08:37.618","0","0","0","0","67301","0","0","0","N","0","0","0","3","67301","0","","1.0","","1","N","N","N","0","","0","0","2","3","2","","1205","3","0","0","0","0","0","0","2","0","3","0","0","0","3","03","","N","","","","","","","","","",""
"2022043931","0011","1","0","0","0","0","0","0","0","0","1","0","","67","4","2022","5","40.015594","-75.084706","0010","6","0","0","0","0","0","0","0","0","","0","0","0","23","3","0","N","0","0","40 00:56.140","","0","75 05:04.940","0","0","0","0","67301","0","0","0","N","0","0","0","1","67301","0","","6.0","","1","N","N","N","0","","0","0","1","0","0","","2356","2","0","0","0","0","0","0","2","0","2","0","0","0","3","","","N","","","","","","","","","",""
"2022014748","0427","1","0","0","0","0","0","0","0","0","4","0","","67","2","2022","1","39.973833","-75.206444","0427","6","0","0","0","0","0","0","0","0","","0","0","0","4","3","3","","1","0","39 58:25.797","","0","75 12:23.198","2","0","0","0","67301","0","0","0","N","0","0","0","3","67301","1","","1.0","","1","N","N","N","0","","1","1","1","3","2","","424","2","3","0","0","0","0","0","2","0","2","0","0","0","3","","","N","","","","","","","","","",""
"2022024367","2112","2","0","0","0","0","0","0","0","0","5","0","","67","3","2022","6","39.999933","-75.144053","2111","6","0","0","0","0","0","0","0","0","","0","0","0","21","2","0","N","0","2","39 59:59.760","2","0","75 08:38.590","0","0","0","0","67301","0","0","0","N","0","0","0","1","67301","0","","6.0","2315.0","1","N","N","N","1","","0","0","1","0","0","Y","2111","4","0","0","0","0","0","0","2","0","4","0","0","0","3","03","","N","","","","","","","","","",""
"2022016057","0025","2","0","0","0","0","0","0","0","0","4","0","","67","2","2022","3","40.047508","-75.142894","0014","6","0","0","0","0","0","1","0","0","","0","0","0","22","3","1","","1","0","40 02:51.028","","0","75 08:34.417","3","0","0","0","67301","0","0","0","N","0","0","0","2","67301","0","","1.0","","1","N","N","N","0","","1","0","0","3","2","","2230","2","1","0","0","0","0","0","2","0","2","0","0","0","3","","","N","","","","","","","","","",""
"2022015906","1914","0","0","0","0","0","0","0","0","0","8","0","","67","2","2022","4","39.960209","-75.16686","1911","6","0","0","0","0","0","0","0","0","","0","0","0","19","3","1","","1","0","39 57:36.752","","0","75 10:00.695","4","0","0","0","67301","1","0","0","N","1","0","0","2","67301","1","","1.0","","1","N","N","N","0","","0","0","1","3","3","","1910","2","1","0","0","0","0","0","2","0","1","1","0","0","3","","","N","","","","","","","","","",""
"2022014701","0938","2","0","0","0","0","0","0","0","0","4","0","","67","2","2022","6","40.074144","-75.15839","0924","6","0","0","0","0","0","0","1","0","","0","0","0","9","1","2","","5","0","40 04:26.918","","0","75 09:30.203","3","0","0","0","67301","0","0","0","N","0","0","0","2","67301","0","","1.0","","9","N","N","N","0","","2","0","0","3","2","","924","2","2","0","0","0","0","0","2","0","2","0","0","0","7","07","","N","","","","","","","","","",""
"2022043910","1944","2","0","0","0","0","0","0","0","0","2","0","","67","5","2022","4","40.081746","-75.171681","1940","6","0","0","0","0","0","0","0","0","","0","0","0","19","1","3","","1","2","40 04:54.285","7","0","75 10:18.052","3","0","0","0","67301","0","0","0","N","0","0","0","4","67301","0","","1.0","2022.0","1","N","N","N","0","","3","0","0","3","2","Y","1936","2","3","0","0","0","0","0","2","0","2","0","0","0","3","03","","N","","","","","","","","","",""
"2022016150","2355","1","0","0","0","0","0","0","0","0","4","0","","67","2","2022","7","40.123573","-75.015465","2350","6","0","0","0","0","0","0","0","0","","0","0","0","23","3","0","","1","0","40 07:24.863","","0","75 00:55.673","9","0","0","0","67301","0","0","0","N","0","0","0","4","67301","0","","1.0","","1","N","N","N","1","","0","0","0","3","2","","2300","2","0","0","0","0","0","1","2","0","2","0","0","0","3","03","","N","","","","","","","","","",""
"2022029215","2012","0","0","0","0","0","0","0","0","0","7","0","","67","3","2022","3","40.029044","-75.101646","2009","6","0","0","0","0","0","1","0","0","","0","0","0","19","3","0","N","0","0","40 01:44.558","","0","75 06:05.927","0","0","0","0","67301","0","0","0","N","0","0","0","1","67301","0","","5.0","","1","N","N","N","0","","0","0","1","0","0","","1958","1","0","0","0","0","0","0","2","0","1","0","0","0","3","","","N","","","","","","","","","",""
"2022025064","0910","0","0","0","1","0","1","0","0","0","8","0","","67","3","2022","2","39.963896","-75.203528","0909","6","0","0","0","0","0","0","0","0","","0","0","0","7","1","1","","1","0","39 57:50.027","","0","75 12:12.700","2","0","0","0","67301","1","0","1","N","0","0","0","2","67301","0","","1.0","","1","N","N","N","0","","0","1","0","0","0","","754","2","1","0","0","0","0","0","2","1","1","1","0","1","3","03","","N","","","","","","","","","",""
"2022043927","0047","1","0","0","0","0","0","0","0","0","8","0","","67","4","2022","3","40.024054","-75.062976","0045","6","0","0","0","0","0","0","0","0","","1","0","0","0","3","0","N","0","0","40 01:26.594","","0","75 03:46.715","1","0","0","0","67301","1","1","0","N","1","1","0","2","67301","0","2","1.0","","1","N","N","N","0","0","0","0","0","0","0","","44","2","0","0","0","0","0","0","2","0","1","1","1","0","3","03","","N","","","","","","","","","",""
"2022044382","0311","2","0","0","0","0","0","0","0","0","5","0","","67","4","2022","1","39.946586","-75.188943","0309","6","0","0","0","0","1","0","0","0","","0","0","0","3","3","1","N","0","2","39 56:47.709","3","0","75 11:20.194","8","0","0","0","67301","0","0","0","N","0","0","0","3","68K01","0","","1.0","400.0","1","N","N","N","0","","0","0","1","0","0","N","306","3","1","1","0","0","1","0","2","0","3","0","0","0","3","","","N","","","","","","","","","",""
"2022043681","2312","0","0","0","0","0","0","0","0","0","1","0","","67","4","2022","5","39.957098","-75.156037","2257","6","0","0","0","0","0","0","0","0","","0","0","0","22","3","0","N","0","0","39 57:25.554","","0","75 09:21.732","0","0","0","0","67301","0","0","0","N","0","0","0","3","68K01","0","","1.0","","9","N","N","N","0","","0","0","3","0","0","","2248","3","0","0","0","0","0","0","2","0","3","0","0","0","7","07","","N","","","","","","","","","",""
"2022025770","0227","1","0","0","0","0","0","0","0","0","7","0","","67","3","2022","2","40.053311","-75.126789","0223","6","0","0","0","0","0","0","0","0","","0","0","0","2","3","2","","1","0","40 03:11.919","","0","75 07:36.440","3","0","0","0","67301","0","0","0","N","0","0","0","2","67301","0","","4.0","","1","N","N","N","0","","2","0","0","0","0","","220","1","2","0","0","0","0","0","2","0","1","0","0","0","3","","","N","","","","","","","","","",""
"2022033550","1508","0","0","0","0","0","0","0","0","0","0","0","","67","4","2022","3","39.952278","-75.141184","1449","6","0","0","0","0","0","1","0","0","","0","0","0","14","1","0","N","0","1","39 57:08.202","1","2","75 08:28.262","0","0","0","0","67301","0","0","0","N","0","0","0","1","68K01","0","","1.0","1533.0","1","N","N","N","0","","0","0","1","0","0","N","1440","1","0","0","0","0","0","0","2","0","1","0","0","0","3","03","","N","","","","","","","","","",""
"2022038507","1547","2","0","0","0","0","0","0","0","0","1","0","","67","3","2022","5","40.029855","-75.022295","1510","6","0","0","0","0","0","0","0","0","","0","0","0","15","1","2","N","0","1","40 01:47.477","2","0","75 01:20.261","8","0","0","0","67301","0","0","0","N","0","0","0","4","68K01","0","","1.0","1620.0","9","N","N","N","0","","0","0","1","0","0","N","1509","3","2","0","0","0","2","0","2","0","3","0","0","0","7","","","N","","","","","","","","","",""
"2022015195","1707","1","0","0","0","0","0","0","0","0","4","0","","67","2","2022","3","40.027537","-75.062373","1706","6","0","0","0","0","0","1","0","0","","0","0","0","17","1","1","","1","0","40 01:39.133","","0","75 03:44.544","4","0","0","0","67301","0","0","0","N","0","0","0","2","67301","1","","1.0","","1","N","N","N","0","","0","0","1","3","2","","1703","2","1","1","0","0","0","1","2","0","2","0","0","0","3","03","","N","","","","","","","","","",""
"2022014615","2150","0","0","1","0","0","0","0","0","0","2","0","","67","1","2022","7","40.072303","-75.013501","2147","6","0","0","0","0","0","0","0","0","","0","0","0","21","3","2","N","0","0","40 04:20.290","","0","75 00:48.605","2","0","0","0","67301","0","0","0","N","0","0","0","2","67301","0","","1.0","","6","N","N","N","0","","1","1","2","3","2","","2140","2","2","0","0","0","0","0","2","0","2","0","0","0","10","10","","N","","","","","","","","","",""
"2022014644","1331","1","0","1","0","0","0","0","0","0","4","0","","67","1","2022","4","39.916994","-75.246601","1331","6","0","0","0","0","0","1","0","0","","0","0","0","21","3","1","N","0","0","39 55:01.178","","7","75 14:47.764","2","0","0","0","67301","0","0","0","N","0","0","0","2","67301","0","","1.0","","1","N","N","N","0","","0","1","1","0","0","","2100","2","1","0","0","0","0","0","2","0","2","0","0","0","3","","","N","","","","","","","","","",""
"2022015176","","2","0","0","0","0","0","0","0","0","1","0","","67","1","2022","4","39.919569","-75.24022","","6","0","0","0","0","0","0","0","0","","0","0","0","9","1","1","","1","0","39 55:10.448","","0","75 14:24.792","8","0","0","0","67301","0","0","0","N","0","0","0","2","00000","0","","1.0","","1","N","N","N","0","","0","0","0","3","2","","945","2","1","0","0","0","1","0","2","0","2","0","0","0","3","","","N","","","","","","","","","",""
"2022051737","1624","1","0","0","0","0","0","0","0","0","8","0","","67","6","2022","5","40.033737","-75.030462","1622","6","0","0","0","0","0","0","0","0","","0","0","0","16","1","1","","1","1","40 02:01.453","2","0","75 01:49.663","3","0","0","0","67301","1","0","0","N","1","0","0","2","67301","0","","1.0","1651.0","1","N","N","N","0","","1","0","0","3","3","N","1622","2","1","0","0","0","0","0","2","0","1","1","0","0","4","04","","N","","","","","","","","","",""