"CRN","ARRIVAL_TM","AUTOMOBILE_COUNT","BELTED_DEATH_COUNT","BELTED_SUSP_SERIOUS_INJ_COUNT","BICYCLE_COUNT","BICYCLE_DEATH_COUNT","BICYCLE_SUSP_SERIOUS_INJ_COUNT","BUS_COUNT","CHLDPAS_DEATH_COUNT","CHLDPAS_SUSP_SERIOUS_INJ_COUNT","COLLISION_TYPE","COMM_VEH_COUNT","CONS_ZONE_SPD_LIM","COUNTY","CRASH_MONTH","CRASH_YEAR","DAY_OF_WEEK","DEC_LATITUDE","DEC_LONGITUDE","DISPATCH_TM","DISTRICT","DRIVER_COUNT_16YR","DRIVER_COUNT_17YR","DRIVER_COUNT_18YR","DRIVER_COUNT_19YR","DRIVER_COUNT_20YR","DRIVER_COUNT_50_64YR","DRIVER_COUNT_65_74YR","DRIVER_COUNT_75PLUS","EST_HRS_CLOSED","FATAL_COUNT","HEAVY_TRUCK_COUNT","HORSE_BUGGY_COUNT","HOUR_OF_DAY","ILLUMINATION","INJURY_COUNT","INTERSECTION_RELATED","INTERSECT_TYPE","LANE_CLOSED","LATITUDE","LN_CLOSE_DIR","LOCATION_TYPE","LONGITUDE","MAX_SEVERITY_LEVEL","MCYCLE_DEATH_COUNT","MCYCLE_SUSP_SERIOUS_INJ_COUNT","MOTORCYCLE_COUNT","MUNICIPALITY","NONMOTR_COUNT","NONMOTR_DEATH_COUNT","NONMOTR_SUSP_SERIOUS_INJ_COUNT","NTFY_HIWY_MAINT","PED_COUNT","PED_DEATH_COUNT","PED_SUSP_SERIOUS_INJ_COUNT","PERSON_COUNT","POLICE_AGCY","POSSIBLE_INJ_COUNT","RDWY_SURF_TYPE_CD","RELATION_TO_ROAD","ROADWAY_CLEARED","ROAD_CONDITION","SCH_BUS_IND","SCH_ZONE_IND","SECONDARY_CRASH","SMALL_TRUCK_COUNT","SPEC_JURIS_CD","SUSP_MINOR_INJ_COUNT","SUSP_SERIOUS_INJ_COUNT","SUV_COUNT","TCD_FUNC_CD","TCD_TYPE","TFC_DETOUR_IND","TIME_OF_DAY","TOTAL_UNITS","TOT_INJ_COUNT","UNBELTED_OCC_COUNT","UNB_DEATH_COUNT","UNB_SUSP_SERIOUS_INJ_COUNT","UNK_INJ_DEG_COUNT","UNK_INJ_PER_COUNT","URBAN_RURAL","VAN_COUNT","VEHICLE_COUNT","VULNERABLE_ROAD_USER_COUNT","VULNERABLE_ROAD_USER_DEATH_COUNT","VULNERABLE_ROAD_USER_SER_INJ_COUNT","WEATHER1","WEATHER2","WORKERS_PRES","WORK_ZONE_IND","WORK_ZONE_LOC","WORK_ZONE_TYPE","WZ_CLOSE_DETOUR","WZ_FLAGGER","WZ_LAW_OFFCR_IND","WZ_LN_CLOSURE","WZ_MOVING","WZ_OTHER","WZ_SHLDER_MDN","WZ_WORKERS_INJ_KILLED"
"2022038523","2025","0","0","0","0","0","0","0","0","0","7","0","","67","4","2022","5","39.970291","-75.124935","2023","6","0","0","0","0","0","1","0","0","","0","0","0","20","3","0","N","0","1","39 58:13.046","1","0","75 07:29.767","0","0","0","0","67301","0","0","0","Y","0","0","0","1","68K01","0","","4.0","2029.0","9","N","N","N","0","","0","0","1","0","0","N","2017","1","0","0","0","0","0","0","2","0","1","0","0","0","7","","","N","","","","","","","","","",""
"2022047388","1250","1","0","0","0","0","0","0","0","0","4","1","","67","5","2022","6","40.058997","-75.044079","1225","6","0","0","0","0","0","0","0","0","","0","1","0","12","1","1","","1","2","40 03:32.389","7","0","75 02:38.685","3","0","0","0","67301","0","0","0","N","0","0","0","2","67301","0","","1.0","1459.0","1","N","N","N","0","","1","0","0","3","2","Y","1223","2","1","0","0","0","0","0","2","0","2","0","0","0","3","","","N","","","","","","","","","",""
"2022016698","1118","1","0","0","0","0","0","0","0","0","4","0","","67","2","2022","2","","","1108","6","0","0","0","0","1","0","0","0","","0","0","0","11","1","0","","2","0","","","7","","0","0","0","0","67301","0","0","0","N","0","0","0","2","67301","0","","1.0","","1","N","N","N","0","","0","0","1","0","0","","1100","2","0","0","0","0","0","0","1","0","2","0","0","0","3","03","","N","","","","","","","","","",""
"2022043969","0040","0","0","0","0","0","0","0","0","0","8","0","","67","4","2022","6","39.953811","-75.219789","0033","6","0","0","0","0","0","1","0","0","","0","0","0","22","3","1","N","0","0","39 57:13.720","","0","75 13:11.240","8","0","0","0","67301","1","0","0","N","1","0","0","2","67301","0","","1.0","","1","N","N","N","0","","0","0","1","0","0","","2209","2","1","0","0","0","1","0","2","0","1","1","0","0","3","03","","N","","","","","","","","","",""
"2022017261","1802","0","0","0","0","0","0","0","0","0","8","0","","67","2","2022","3","39.921894","-75.227703","1800","6","0","0","0","0","0","1","0","0","","0","0","0","17","3","1","","1","0","39 55:18.818","","0","75 13:39.730","3","0","0","0","67301","1","0","0","N","1","0","0","2","67301","0","","1.0","","1","N","N","N","0","","1","0","1","3","2","","1757","2","1","0","0","0","0","0","2","0","1","1","0","0","3","","","N","","","","","","","","","",""
"2022019556","2015","0","0","0","0","0","0","0","0","0","8","0","","67","2","2022","2","39.91442","-75.15306","2000","6","0","0","0","0","0","1","0","0","","0","0","0","18","3","1","","2","0","39 54:51.912","","0","75 09:11.017","3","0","0","0","67301","1","0","0","N","1","0","0","2","67301","0","","1.0","","1","N","N","N","0","","1","0","1","3","2","","1852","2","1","0","0","0","0","0","2","0","1","1","0","0","3","03","","N","","","","","","","","","",""
"2022044542","0146","1","0","0","0","0","0","0","0","0","7","0","","67","4","2022","2","39.97155","-75.217314","0146","6","0","0","0","0","0","0","0","0","","1","0","0","1","3","0","N","0","2","39 58:17.580","5","0","75 13:02.330","1","0","0","0","67301","0","0","0","N","0","0","0","1","67301","0","2","4.0","430.0","1","N","N","N","0","0","0","0","0","0","0","Y","144","1","0","1","1","0","0","0","2","0","1","0","0","0","3","","","N","","","","","","","","","",""
"2022044830","1116","0","0","0","0","0","0","0","0","0","5","1","","67","5","2022","4","39.966086","-75.194394","1058","6","0","0","0","0","0","1","0","0","","0","1","0","10","1","1","N","0","0","39 57:57.910","","0","75 11:39.820","3","0","0","0","67301","1","0","0","N","1","0","0","2","67301","0","","1.0","","1","N","Y","N","0","","1","0","0","0","0","","1050","3","1","0","0","0","0","0","2","1","2","1","0","0","3","","","N","","","","","","","","","",""
"2022044006","2341","1","0","0","0","0","0","0","0","0","4","0","","67","1","2022","6","40.013124","-75.107695","2340","6","0","0","0","0","0","0","0","0","","0","0","0","14","1","0","","1","0","40 00:47.246","","0","75 06:27.701","0","0","0","0","67301","0","0","0","N","0","0","0","2","67301","0","","1.0","","7","N","N","N","0","","0","0","1","3","3","","1400","2","0","1","0","0","0","0","2","0","2","0","0","0","10","10","","N","","","","","","","","","",""
"2022025987","0920","1","0","0","0","0","0","0","0","0","7","0","","67","3","2022","1","39.991796","-75.068651","0857","6","0","0","0","0","0","0","0","0","","0","0","0","8","1","0","","11","0","39 59:30.465","","0","75 04:07.142","0","0","0","0","67301","0","0","0","N","0","0","0","1","67301","0","","5.0","","1","N","N","N","0","","0","0","0","3","3","","856","1","0","0","0","0","0","0","2","0","1","0","0","0","3","03","","N","","","","","","","","","",""
"2022038575","1748","1","0","0","0","0","0","0","0","0","7","0","","67","1","2022","1","39.89902","-75.174681","1743","6","0","0","0","0","0","0","0","0","","0","0","0","17","3","0","N","0","1","39 53:56.472","1","3","75 10:28.850","0","0","0","0","67301","0","0","0","N","0","0","0","1","68K01","0","","3.0","1845.0","7","N","N","N","0","","0","0","0","0","0","N","1738","1","0","0","0","0","0","0","2","0","1","0","0","0","2","","","N","","","","","","","","","",""
"2022019586","1625","2","0","0","0","0","0","0","0","0","4","0","","67","2","2022","7","40.071537","-75.165423","1615","6","0","0","0","0","0","1","0","0","","0","0","0","14","1","0","","1","0","40 04:17.533","","0","75 09:55.522","0","0","0","0","67301","0","0","0","N","0","0","0","2","67301","0","","1.0","","1","N","N","N","0","","0","0","0","3","3","","1434","2","0","0","0","0","0","0","2","0","2","0","0","0","3","03","","N","","","","","","","","","",""
"2022031229","2118","2","0","0","0","0","0","0","0","0","4","0","","67","3","2022","3","40.004199","-75.099379","2118","6","0","0","0","0","0","0","0","0","","0","0","0","21","3","0","","1","0","40 00:15.118","","1","75 05:57.764","0","0","0","0","67301","0","0","0","N","0","0","0","2","67301","0","","1.0","","1","N","N","N","0","","0","0","0","3","2","","2117","2","0","2","0","0","0","0","2","0","2","0","0","0","3","03","","N","","","","","","","","","",""
"2022019623","0851","1","0","0","0","0","0","0","0","0","4","0","","67","2","2022","2","39.951446","-75.234844","0847","6","0","0","0","0","0","0","0","0","","0","0","0","8","1","2","","1","1","39 57:05.205","3","0","75 14:05.438","3","0","0","0","67301","0","0","0","N","0","0","0","2","67301","1","","1.0","1041.0","1","N","N","N","0","","1","0","1","3","2","N","847","3","2","0","0","0","0","0","2","1","3","0","0","0","3","","","N","","","","","","","","","",""
"2022019647","2230","0","0","0","0","0","0","0","0","0","4","0","","67","2","2022","7","40.010821","-75.126649","2030","6","0","0","0","0","0","0","0","0","","0","0","0","20","3","0","","1","0","40 00:38.955","","0","75 07:35.936","0","0","0","0","67301","0","0","0","N","0","0","0","2","67301","0","","1.0","","1","N","N","N","0","","0","0","2","3","2","","2030","2","0","1","0","0","0","0","2","0","2","0","0","0","3","03","","N","","","","","","","","","",""
"2022050568","1325","1","0","0","0","0","0","0","0","0","4","1","","67","5","2022","1","40.01384","-75.12598","1322","6","0","0","0","0","0","1","0","0","","0","1","0","13","1","1","","1","1","40 00:49.823","1","0","75 07:33.528","3","0","0","0","67301","0","0","0","N","0","0","0","6","67301","0","","1.0","1410.0","1","N","N","N","0","","1","0","0","3","2","Y","1321","2","1","5","0","0","0","0","2","0","2","0","0","0","3","03","","N","","","","","","","","","",""
"2022049749","0930","1","0","0","0","0","0","0","0","0","8","0","","67","5","2022","5","39.983018","-75.132547","0921","6","0","0","0","0","0","0","0","0","","0","0","0","8","1","1","","5","0","39 58:58.864","","0","75 07:57.169","4","0","0","0","67301","1","0","0","N","1","0","0","1","67301","1","","1.0","","1","N","N","N","0","","0","0","0","3","2","","830","2","1","0","0","0","0","0","2","0","1","1","0","0","3","03","","N","","","","","","","","","",""
"2022042350","1939","1","0","0","0","0","0","0","0","0","1","0","","67","4","2022","4","39.972376","-75.193674","1933","6","0","0","0","0","0","0","0","0","","0","0","0","19","4","0","N","0","1","39 58:20.554","3","0","75 11:37.225","0","0","0","0","67301","0","0","0","N","0","0","0","6","68K01","0","","1.0","1945.0","1","N","N","N","0","","0","0","2","0","0","N","1932","3","0","0","0","0","0","0","2","0","3","0","0","0","3","03","","N","","","","","","","","","",""
"2022033728","1734","2","0","0","0","0","0","0","0","0","5","0","","67","3","2022","4","39.976738","-75.19754","1659","6","0","0","0","0","0","0","0","1","","0","0","0","16","1","0","N","0","0","39 58:36.258","","0","75 11:51.144","0","0","0","0","67301","0","0","0","N","0","0","0","6","68T07","0","","1.0","","1","N","N","N","0","","0","0","1","0","0","","1659","4","0","0","0","0","0","0","2","1","4","0","0","0","3","03","","N","","","","","","","","","",""
"2022030313","1626","0","0","0","0","0","0","0","0","0","4","0","","67","3","2022","3","40.027205","-75.064523","1625","6","0","0","0","0","0","0","1","0","","0","0","0","16","1","0","N","0","0","40 01:37.937","","7","75 03:52.284","0","0","0","0","67301","0","0","0","N","0","0","0","2","67301","0","","1.0","","1","N","N","N","0","","0","0","2","0","0","","1620","2","0","1","0","0","0","0","2","0","2","0","0","0","3","03","","N","","","","","","","","","",""
"2022030805","1700","0","0","0","0","0","0","0","0","0","8","0","","67","3","2022","2","40.067743","-75.1625","1653","6","0","0","0","0","0","0","0","0","","0","0","0","16","1","1","","1","0","40 04:03.874","","0","75 09:44.999","8","0","0","0","67301","1","0","0","N","1","0","0","2","67301","0","","1.0","","1","N","N","N","0","","0","0","0","3","3","","1620","2","1","0","0","0","1","0","2","0","1","1","0","0","3","03","","N","","","","","","","","","",""
"2022024131","1633","2","0","0","0","0","0","0","0","0","4","0","","67","3","2022","4","39.941661","-75.22278","1631","6","0","0","0","0","0","0","0","0","","0","0","0","16","1","3","","1","0","39 56:29.979","","0","75 13:22.008","3","0","0","0","67301","0","0","0","N","0","0","0","4","67301","0","","1.0","","1","N","N","N","0","","3","0","0","2","2","","1630","2","3","0","0","0","0","0","2","0","2","0","0","0","3","03","","N","","","","","","","","","",""
"2022043805","1037","0","0","0","0","0","0","0","0","0","5","0","","67","5","2022","4","40.061777","-75.084388","1037","6","0","0","0","0","0","0","1","0","","0","0","0","10","1","0","N","0","0","40 03:42.396","","0","75 05:03.796","0","0","0","0","67301","0","0","0","N","0","0","0","2","67301","0","","1.0","","9","N","N","N","0","","0","0","2","0","0","","1030","2","0","0","0","0","0","0","2","0","2","0","0","0","7","04","","N","","","","","","","","","",""
"2022039769","1549","1","0","0","0","0","0","0","0","0","1","0","","67","4","2022","1","40.024893","-75.029431","1523","6","0","0","0","0","0","0","0","0","","0","0","0","15","1","0","N","0","2","40 01:29.613","2","0","75 01:45.951","0","0","0","0","67301","0","0","0","N","0","0","0","4","68K01","0","","1.0","1555.0","1","N","N","N","1","","0","0","0","0","0","N","1519","2","0","0","0","0","0","0","2","0","2","0","0","0","3","","","N","","","","","","","","","",""
"2022030743","2022","2","0","0","0","0","0","0","0","0","1","0","","67","3","2022","4","40.027703","-75.087303","2012","6","0","0","0","0","0","0","0","0","","0","0","0","19","3","0","N","0","0","40 01:39.730","","0","75 05:14.290","0","0","0","0","67301","0","0","0","N","0","0","0","1","67301","0","","6.0","","1","N","N","N","0","","0","0","0","0","0","","1945","2","0","0","0","0","0","0","2","0","2","0","0","0","3","03","","N","","","","","","","","","",""
"2022026058","1628","1","0","0","0","0","0","0","0","0","7","0","","67","3","2022","1","40.029929","-75.14123","1624","6","0","0","0","0","0","0","0","0","","0","0","0","14","1","1","","1","0","40 01:47.744","","0","75 08:28.428","3","0","0","0","67301","0","0","0","N","0","0","0","1","67301","0","","4.0","","1","N","N","N","0","","1","0","0","0","0","","1423","1","1","0","0","0","0","0","2","0","1","0","0","0","3","03","","N","","","","","","","","","",""
"2022044138","1400","1","0","0","0","0","0","0","0","0","4","0","","67","5","2022","3","40.010085","-75.164417","1355","6","0","0","0","0","0","0","0","0","","0","0","0","13","1","0","","1","0","40 00:36.306","","0","75 09:51.901","9","0","0","0","67301","0","0","0","N","0","0","0","3","67301","0","","1.0","","1","N","N","N","1","","0","0","0","3","3","","1315","2","0","0","0","0","0","2","2","0","2","0","0","0","3","03","","N","","","","","","","","","",""
"2022032859","0057","1","0","0","0","0","0","0","0","0","4","0","","67","4","2022","1","39.957337","-75.144132","0048","6","0","0","0","0","0","0","0","0","","0","0","0","21","3","1","","5","0","39 57:26.412","","2","75 08:38.875","3","0","0","0","67301","0","0","0","N","0","0","0","2","67301","0","","1.0","","1","N","N","N","0","","1","0","1","3","2","","2156","2","1","0","0","0","0","0","2","0","2","0","0","0","3","","","N","","","","","","","","","",""
"2022044908","0930","0","0","0","0","0","0","1","0","0","5","1","","67","4","2022","6","40.014433","-75.137344","0837","6","0","0","0","0","0","0","0","0","","0","0","0","8","1","0","N","0","2","40 00:51.960","5","0","75 08:14.440","0","0","0","0","67301","0","0","0","N","0","0","0","15","67301","0","","1.0","1155.0","1","Y","Y","N","1","","0","0","0","0","0","Y","835","2","0","0","0","0","0","0","2","0","2","0","0","0","3","03","","N","","","","","","","","","",""
"2022023764","1305","0","0","0","0","0","0","0","0","0","1","0","","67","3","2022","1","39.953154","-75.248748","1303","6","0","0","0","0","0","1","0","0","","0","0","0","12","1","1","","2","0","39 57:11.353","","0","75 14:55.491","3","0","0","0","67301","0","0","0","N","0","0","0","4","67301","0","","1.0","","9","N","N","N","0","","1","0","2","3","2","","1250","3","1","0","0","0","0","0","2","0","3","0","0","0","7","","","N","","","","","","","","","",""
"2022016409","0230","0","0","0","0","0","0","0","0","0","8","0","","67","2","2022","1","39.950707","-75.150374","0228","6","0","0","0","0","0","1","0","0","","0","0","0","2","3","1","","1","0","39 57:02.546","","0","75 09:01.347","3","0","0","0","67301","1","0","0","N","1","0","0","2","67301","0","","1.0","","9","N","N","N","0","","1","0","1","3","2","","215","2","1","0","0","0","0","0","2","0","1","1","0","0","6","09","","N","","","","","","","","","",""
"2022014765","2058","3","0","1","0","0","0","0","0","0","4","0","","67","2","2022","6","39.955499","-75.24211","2058","6","0","0","0","0","0","1","0","0","","0","0","0","20","3","3","","1","0","39 57:19.796","","0","75 14:31.596","2","0","0","0","67301","0","0","0","N","0","0","0","3","67301","0","","1.0","","1","N","N","N","0","","2","1","1","3","3","","2058","4","3","2","0","0","0","0","2","0","4","0","0","0","3","03","","N","","","","","","","","","",""
"2022030425","0843","1","0","0","0","0","0","0","0","0","2","0","","67","3","2022","1","39.952016","-75.234733","0836","6","0","0","0","0","0","1","0","0","","0","0","0","8","3","1","","2","1","39 57:07.257","5","0","75 14:05.038","3","0","0","0","67301","0","0","0","N","0","0","0","2","67301","0","","1.0","930.0","1","N","N","N","0","","1","0","2","0","0","N","835","4","1","0","0","0","0","0","2","1","4","0","0","0","3","03","","N","","","","","","","","","",""
"2022043915","0325","2","0","0","0","0","0","0","0","0","4","0","","67","5","2022","1","40.0626","-75.17081","0315","6","0","0","0","0","0","0","0","0","","0","0","0","3","3","0","","1","0","40 03:45.360","","0","75 10:14.916","9","0","0","0","67301","0","0","0","N","0","0","0","2","67301","0","","1.0","","9","N","N","N","0","","0","0","0","3","2","","310","2","0","1","0","0","0","1","2","0","2","0","0","0","7","","","N","","","","","","","","","",""
"2022043965","0605","0","0","0","0","0","0","0","0","0","8","0","","67","3","2022","3","39.95055","-75.214699","1605","6","0","0","0","0","0","0","0","0","","0","0","0","19","3","1","","1","9","39 57:01.981","","0","75 12:52.916","2","0","0","0","67301","1","0","1","N","1","0","1","1","67301","0","","1.0","","1","N","N","N","0","","0","1","0","3","3","","1940","2","1","0","0","0","0","0","2","0","1","1","0","1","3","03","","N","","","","","","","","","",""
"2022047208","2358","3","0","0","0","0","0","0","0","0","2","0","","67","4","2022","6","39.997997","-75.125411","2356","6","0","0","0","0","1","0","0","0","","0","0","0","23","3","1","","1","2","39 59:52.789","7","0","75 07:31.478","4","0","0","0","67301","0","0","0","N","0","0","0","9","67301","1","","1.0","300.0","1","N","N","N","0","","0","0","1","3","2","Y","2320","4","1","1","0","0","0","2","2","0","4","0","0","0","3","03","","N","","","","","","","","","",""
"2022043856","1715","0","0","0","0","0","0","0","0","0","7","0","","67","5","2022","5","40.091632","-74.982655","1707","6","0","0","0","0","0","0","0","0","","0","0","0","15","1","0","N","0","0","40 05:29.876","","0","74 58:57.558","0","0","0","0","67301","0","0","0","N","0","0","0","0","67301","0","","4.0","","1","N","N","N","1","","0","0","0","0","0","","1520","1","0","0","0","0","0","0","2","0","1","0","0","0","3","03","","N","","","","","","","","","",""
"2022041390","1535","1","0","0","0","0","0","0","0","0","5","0","","67","4","2022","7","39.891611","-75.237083","1514","6","0","0","0","0","0","1","0","0","","0","0","0","15","1","0","N","0","0","39 53:29.799","","0","75 14:13.498","0","0","0","0","67301","0","0","0","N","0","0","0","2","68K01","0","","1.0","","1","N","N","N","0","","0","0","0","0","0","","1502","2","0","0","0","0","0","0","2","1","2","0","0","0","3","","","N","","","","","","","","","",""
"2022043539","1907","2","0","0","0","0","0","0","0","0","5","0","","67","3","2022","7","40.027105","-75.025265","1851","6","0","0","0","0","0","0","0","0","","0","0","0","18","1","0","N","0","1","40 01:37.578","1","0","75 01:30.954","0","0","0","0","67301","0","0","0","N","0","0","0","4","68K01","0","","1.0","2000.0","1","N","N","N","0","","0","0","1","0","0","N","1849","3","0","0","0","0","0","0","2","0","3","0","0","0","3","","","N","","","","","","","","","",""
"2022039747","0753","2","0","0","0","0","0","0","0","0","1","0","","67","4","2022","4","39.991581","-75.085946","0741","6","0","0","0","0","0","0","0","0","","0","0","0","7","1","3","N","0","1","39 59:29.692","1","0","75 05:09.406","3","0","0","0","67301","0","0","0","N","0","0","0","4","68K01","0","","1.0","850.0","1","N","N","Y","0","","3","0","2","0","0","N","738","4","3","1","0","0","0","0","2","0","4","0","0","0","3","03","","N","","","","","","","","","",""
"2022016174","0854","1","0","0","0","0","0","0","0","0","7","0","","67","2","2022","1","40.021711","-75.150367","0853","6","0","0","0","0","0","0","0","0","","0","0","0","8","1","2","N","0","1","40 01:18.160","3","0","75 09:01.320","2","0","0","0","67301","0","0","0","N","0","0","0","2","67301","0","","4.0","1000.0","1","N","N","N","0","","0","2","0","0","0","N","853","1","2","2","0","2","0","0","2","0","1","0","0","0","3","03","","N","","","","","","","","","",""
"2022041046","1953","1","0","0","0","0","0","0","0","0","5","0","","67","4","2022","2","40.030558","-75.021669","1948","6","0","0","0","0","0","1","0","0","","0","0","0","19","4","0","N","0","1","40 01:50.009","1","0","75 01:18.009","0","0","0","0","67301","0","0","0","N","0","0","0","2","68K01","0","","1.0","2015.0","1","N","N","N","0","","0","0","1","0","0","N","1946","2","0","0","0","0","0","0","2","0","2","0","0","0","3","03","","N","","","","","","","","","",""
"2022029467","0111","1","0","0","0","0","0","0","0","0","5","0","","67","3","2022","4","40.057525","-75.089428","1259","6","0","0","0","0","0","0","0","0","","0","0","0","0","3","0","N","0","0","40 03:27.090","","0","75 05:21.940","0","0","0","0","67301","0","0","0","N","0","0","0","1","67301","0","","6.0","","1","N","N","N","0","","0","0","1","0","0","","50","2","0","0","0","0","0","0","2","0","2","0","0","0","3","","","N","","","","","","","","","",""
"2022013460","2230","2","0","0","0","0","0","0","0","0","4","0","","67","2","2022","1","40.004886","-75.153889","2230","6","0","0","0","0","0","0","0","0","","0","0","0","22","3","0","","1","2","40 00:17.589","2","0","75 09:14.000","9","0","0","0","67301","0","0","0","N","0","0","0","2","67505","0","","1.0","10.0","1","N","N","N","0","","0","0","0","3","2","Y","2230","2","0","0","0","0","0","1","2","0","2","0","0","0","3","","","N","","","","","","","","","",""
"2022014593","1843","0","0","0","0","0","0","0","0","0","8","0","","67","2","2022","6","40.09587","-75.02522","1828","6","0","0","0","0","0","1","0","0","","0","0","0","18","3","1","","1","0","40 05:45.132","","0","75 01:30.792","8","0","0","0","67301","1","0","0","N","1","0","0","2","67301","0","","1.0","","9","N","N","N","0","","0","0","1","3","2","","1828","2","1","0","0","0","1","0","2","0","1","1","0","0","4","","","N","","","","","","","","","",""
"2022036289","0902","0","0","0","0","0","0","0","0","0","7","0","","67","3","2022","5","40.042923","-75.003416","0841","6","0","0","0","0","0","0","0","0","","0","0","0","8","1","0","N","0","0","40 02:34.522","","3","75 00:12.299","0","0","0","0","67301","0","0","0","N","0","0","0","2","68K01","0","","3.0","","8","N","N","N","1","","0","0","0","0","0","","829","1","0","0","0","0","0","0","2","0","1","0","0","0","4","04","","N","","","","","","","","","",""
"2022044013","2101","3","0","0","0","0","0","0","0","0","4","0","","67","2","2022","2","39.997342","-75.120319","2101","6","0","0","0","1","0","0","0","0","","0","0","0","21","3","0","","1","0","39 59:50.432","","0","75 07:13.150","0","0","0","0","67301","0","0","0","N","0","0","0","5","67301","0","","1.0","","1","N","N","Y","0","","0","0","1","0","0","","2101","4","0","0","0","0","0","0","2","0","4","0","0","0","3","03","","N","","","","","","","","","",""
"2022014588","0810","2","0","0","0","0","0","0","0","0","1","0","","67","1","2022","2","40.076432","-75.047459","0804","6","0","0","0","0","0","0","0","0","","0","0","0","8","1","2","","2","0","40 04:35.155","","0","75 02:50.852","3","0","0","0","67301","0","0","0","N","0","0","0","2","67301","0","","1.0","","2","N","N","N","0","","1","0","0","0","0","","803","2","2","0","0","0","1","0","2","0","2","0","0","0","3","10","","N","","","","","","","","","",""
"2022018321","0346","1","0","0","0","0","0","0","0","0","5","0","","67","2","2022","2","40.031176","-75.02143","0346","6","0","0","0","1","0","0","0","0","","0","0","0","3","3","0","N","0","2","40 01:52.233","1","3","75 01:17.147","0","0","0","0","67301","0","0","0","N","0","0","0","2","68K01","0","","1.0","358.0","9","N","N","Y","0","","0","0","1","0","0","N","329","2","0","0","0","0","0","0","2","0","2","0","0","0","10","","","N","","","","","","","","","",""
"2022017337","1250","1","0","0","0","0","0","0","0","0","6","0","","67","2","2022","1","40.046355","-75.15069","1250","6","0","0","0","0","0","0","0","0","","0","0","0","22","6","4","","1","0","40 02:46.877","","0","75 09:02.484","4","0","0","0","67301","0","0","0","N","0","0","0","5","67301","4","","1.0","","99","N","N","N","0","","0","0","1","3","2","","2200","2","4","2","0","0","0","1","2","0","2","0","0","0","99","","","N","","","","","","","","","",""
"2022008559","1850","2","0","0","0","0","0","0","0","0","6","0","","67","1","2022","1","39.984068","-75.260989","1844","6","0","0","0","0","0","0","0","0","","0","0","0","18","3","1","N","0","0","39 59:02.644","","0","75 15:39.561","4","0","0","0","67301","0","0","0","N","0","0","0","3","46104","1","","1.0","","7","N","N","N","0","","0","0","0","0","0","","1843","2","1","0","0","0","0","0","2","0","2","0","0","0","10","","","N","","","","","","","","","",""
"2022014764","0941","1","0","0","0","0","0","0","0","0","1","0","","67","1","2022","2","39.959671","-75.247404","0928","6","0","0","0","0","0","0","1","0","","0","0","0","9","1","0","","2","0","39 57:34.816","","0","75 14:50.653","0","0","0","0","67301","0","0","0","N","0","0","0","3","67301","0","","1.0","","7","N","N","N","0","","0","0","1","3","2","","926","3","0","0","0","0","0","0","2","1","3","0","0","0","3","03","","N","","","","","","","","","",""
"2022015353","0926","0","0","0","0","0","0","0","0","0","8","0","","67","2","2022","2","39.996031","-75.170758","0920","6","0","0","0","0","0","0","0","0","","0","0","0","16","1","1","","1","0","39 59:45.712","","0","75 10:14.729","3","0","0","0","67301","1","0","0","N","1","0","0","2","67301","0","","1.0","","1","N","N","N","0","","1","0","1","3","2","","1603","2","1","0","0","0","0","1","2","0","1","1","0","0","3","03","","N","","","","","","","","","",""
"2022026826","1241","1","0","0","0","0","0","0","0","0","8","0","","67","3","2022","4","40.029956","-75.164975","1241","6","0","0","0","0","0","0","0","0","","0","0","0","12","1","1","","2","0","40 01:47.842","","0","75 09:53.911","3","0","0","0","67301","1","0","0","N","1","0","0","2","67301","0","","1.0","","1","N","N","N","0","","1","0","0","3","2","","1241","2","1","0","0","0","0","0","2","0","1","1","0","0","3","03","","N","","","","","","","","","",""
"2022014594","1813","2","0","0","0","0","0","0","0","0","1","0","","67","2","2022","1","40.06492","-75.051547","1813","6","0","0","0","0","0","0","0","0","","0","0","0","18","3","1","","1","0","40 03:53.711","","0","75 03:05.569","3","0","0","0","67301","0","0","0","N","0","0","0","2","67301","0","","1.0","","1","N","N","N","0","","1","0","0","3","2","","1810","2","1","0","0","0","0","0","2","0","2","0","0","0","3","03","","N","","","","","","","","","",""
"2022015545","1700","1","0","0","0","0","0","0","0","0","8","0","","67","2","2022","6","39.939972","-75.213864","1650","6","0","0","0","0","0","0","0","0","","0","0","0","16","3","1","","1","0","39 56:23.899","","0","75 12:49.910","8","0","0","0","67301","1","0","0","N","1","0","0","2","67301","0","","1.0","","2","N","N","N","0","","0","0","0","3","2","","1650","2","1","0","0","0","1","0","2","0","1","1","0","0","7","06","","N","","","","","","","","","",""
"2022020299","0733","2","0","0","0","0","0","0","0","0","4","0","","67","2","2022","6","39.972513","-75.242109","0733","6","0","0","0","0","0","0","0","0","","0","0","0","7","1","1","","1","0","39 58:21.046","","0","75 14:31.592","3","0","0","0","67301","0","0","0","N","0","0","0","2","67301","0","","1.0","","9","N","N","N","0","","1","0","1","3","3","","733","3","1","0","0","0","0","0","2","0","3","0","0","0","7","07","","N","","","","","","","","","",""