"CRN","ARRIVAL_TM","AUTOMOBILE_COUNT","BELTED_DEATH_COUNT","BELTED_SUSP_SERIOUS_INJ_COUNT","BICYCLE_COUNT","BICYCLE_DEATH_COUNT","BICYCLE_SUSP_SERIOUS_INJ_COUNT","BUS_COUNT","CHLDPAS_DEATH_COUNT","CHLDPAS_SUSP_SERIOUS_INJ_COUNT","COLLISION_TYPE","COMM_VEH_COUNT","CONS_ZONE_SPD_LIM","COUNTY","CRASH_MONTH","CRASH_YEAR","DAY_OF_WEEK","DEC_LATITUDE","DEC_LONGITUDE","DISPATCH_TM","DISTRICT","DRIVER_COUNT_16YR","DRIVER_COUNT_17YR","DRIVER_COUNT_18YR","DRIVER_COUNT_19YR","DRIVER_COUNT_20YR","DRIVER_COUNT_50_64YR","DRIVER_COUNT_65_74YR","DRIVER_COUNT_75PLUS","EST_HRS_CLOSED","FATAL_COUNT","HEAVY_TRUCK_COUNT","HORSE_BUGGY_COUNT","HOUR_OF_DAY","ILLUMINATION","INJURY_COUNT","INTERSECTION_RELATED","INTERSECT_TYPE","LANE_CLOSED","LATITUDE","LN_CLOSE_DIR","LOCATION_TYPE","LONGITUDE","MAX_SEVERITY_LEVEL","MCYCLE_DEATH_COUNT","MCYCLE_SUSP_SERIOUS_INJ_COUNT","MOTORCYCLE_COUNT","MUNICIPALITY","NONMOTR_COUNT","NONMOTR_DEATH_COUNT","NONMOTR_SUSP_SERIOUS_INJ_COUNT","NTFY_HIWY_MAINT","PED_COUNT","PED_DEATH_COUNT","PED_SUSP_SERIOUS_INJ_COUNT","PERSON_COUNT","POLICE_AGCY","POSSIBLE_INJ_COUNT","RDWY_SURF_TYPE_CD","RELATION_TO_ROAD","ROADWAY_CLEARED","ROAD_CONDITION","SCH_BUS_IND","SCH_ZONE_IND","SECONDARY_CRASH","SMALL_TRUCK_COUNT","SPEC_JURIS_CD","SUSP_MINOR_INJ_COUNT","SUSP_SERIOUS_INJ_COUNT","SUV_COUNT","TCD_FUNC_CD","TCD_TYPE","TFC_DETOUR_IND","TIME_OF_DAY","TOTAL_UNITS","TOT_INJ_COUNT","UNBELTED_OCC_COUNT","UNB_DEATH_COUNT","UNB_SUSP_SERIOUS_INJ_COUNT","UNK_INJ_DEG_COUNT","UNK_INJ_PER_COUNT","URBAN_RURAL","VAN_COUNT","VEHICLE_COUNT","VULNERABLE_ROAD_USER_COUNT","VULNERABLE_ROAD_USER_DEATH_COUNT","VULNERABLE_ROAD_USER_SER_INJ_COUNT","WEATHER1","WEATHER2","WORKERS_PRES","WORK_ZONE_IND","WORK_ZONE_LOC","WORK_ZONE_TYPE","WZ_CLOSE_DETOUR","WZ_FLAGGER","WZ_LAW_OFFCR_IND","WZ_LN_CLOSURE","WZ_MOVING","WZ_OTHER","WZ_SHLDER_MDN","WZ_WORKERS_INJ_KILLED"
"2022023756","0457","1","0","0","0","0","0","0","0","0","5","0","","67","3","2022","4","39.957078","-75.182475","0446","6","0","0","0","0","0","0","0","0","","0","0","0","4","3","0","N","0","0","39 57:25.480","","0","75 10:56.909","0","0","0","0","67301","0","0","0","N","0","0","0","2","67301","0","","1.0","","1","N","N","N","0","","0","0","1","0","0","","429","2","0","0","0","0","0","0","2","0","2","0","0","0","3","","","N","","","","","","","","","",""
"2022048186","2027","3","0","0","0","0","0","0","0","0","5","0","","67","4","2022","3","40.043498","-75.003077","2013","6","0","0","0","0","0","0","0","0","","0","0","0","20","3","1","N","0","0","40 02:36.594","","0","75 00:11.076","4","0","0","0","67301","0","0","0","N","0","0","0","3","68K01","1","","4.0","","9","N","N","N","0","","0","0","0","0","0","","2009","3","1","0","0","0","0","1","2","0","3","0","0","0","4","04","","N","","","","","","","","","",""
"2022019587","0510","2","0","0","0","0","0","0","0","0","4","0","","67","2","2022","1","40.037778","-75.176416","0508","6","0","0","0","1","0","0","0","0","","0","0","0","5","3","1","","2","0","40 02:15.999","","0","75 10:35.099","3","0","0","0","67301","0","0","0","N","0","0","0","3","67301","0","","1.0","","1","N","N","Y","0","","1","0","0","0","0","","505","2","1","0","0","0","0","0","2","0","2","0","0","0","3","","","N","","","","","","","","","",""
"2022014770","1115","0","0","0","1","0","0","0","0","0","8","0","","67","2","2022","2","39.953725","-75.209006","1115","6","0","0","0","0","0","0","0","0","","0","0","0","9","1","1","","1","0","39 57:13.410","","0","75 12:32.421","8","0","0","0","67301","1","0","0","N","0","0","0","2","67301","0","","1.0","","9","N","N","N","0","","0","0","1","3","2","","945","2","1","0","0","0","1","0","2","0","1","1","0","0","4","07","","N","","","","","","","","","",""
"2022023776","1950","1","0","0","0","0","0","0","0","0","8","0","","67","2","2022","4","39.999211","-75.111289","1945","6","0","0","0","0","0","0","0","0","","0","0","0","18","4","1","N","0","0","39 59:57.160","","0","75 06:40.640","3","0","0","0","67301","1","0","0","N","1","0","0","2","67301","0","","1.0","","1","N","N","N","0","","1","0","0","0","0","","1800","2","1","0","0","0","0","0","2","0","1","1","0","0","3","03","","N","","","","","","","","","",""
"2022030744","2125","0","0","0","0","0","0","0","0","0","5","0","","67","3","2022","4","40.023044","-75.089078","2125","6","0","0","0","0","0","0","0","0","","0","0","0","21","3","0","N","0","0","40 01:22.960","","0","75 05:20.680","0","0","0","0","67301","0","0","0","N","0","0","0","1","67301","0","","6.0","","9","N","N","N","0","","0","0","1","0","0","","2100","2","0","0","0","0","0","0","2","0","2","0","0","0","7","07","","N","","","","","","","","","",""
"2022039799","1520","0","0","0","0","0","0","1","0","0","8","1","","67","3","2022","6","39.994222","-75.117556","1505","6","0","0","0","0","0","0","0","0","","0","0","0","14","1","1","N","0","0","39 59:39.200","","1","75 07:03.200","8","0","0","0","67301","1","0","0","N","1","0","0","2","67508","0","","1.0","","1","N","","N","0","","0","0","0","0","0","","1455","2","1","0","0","0","1","0","2","0","1","1","0","0","3","03","","N","","","","","","","","","",""
"2022023780","1900","2","0","0","0","0","0","0","0","0","4","0","","67","3","2022","1","40.011294","-75.106103","1855","6","0","0","0","0","1","0","0","0","","0","0","0","18","3","3","","1","1","40 00:40.660","3","0","75 06:21.970","3","0","0","0","67301","0","0","0","N","0","0","0","3","67301","0","","1.0","2055.0","1","N","N","N","0","","3","0","0","3","3","Y","1855","2","3","0","0","0","0","0","2","0","2","0","0","0","3","03","","N","","","","","","","","","",""
"2022029436","1825","3","0","0","0","0","0","0","0","0","4","0","","67","3","2022","4","39.917867","-75.158739","1819","6","0","0","0","1","0","0","0","0","","0","0","0","18","4","0","","1","0","39 55:04.321","","0","75 09:31.460","0","0","0","0","67301","0","0","0","N","0","0","0","2","67301","0","","1.0","","9","N","N","Y","0","","0","0","0","3","3","","1815","3","0","2","0","0","0","0","2","0","3","0","0","0","7","","","N","","","","","","","","","",""
"2022029443","2048","0","0","0","0","0","0","0","0","0","8","0","","67","3","2022","4","39.94275","-75.161876","2047","6","0","0","0","0","0","1","0","0","","0","0","0","20","3","1","","1","0","39 56:33.899","","0","75 09:42.753","2","0","0","0","67301","1","0","1","N","1","0","1","2","67301","0","","1.0","","9","N","N","N","0","","0","1","1","0","0","","2045","2","1","0","0","0","0","0","2","0","1","1","0","1","7","07","","N","","","","","","","","","",""
"2022030654","2344","2","0","0","0","0","0","0","0","0","5","0","","67","3","2022","2","39.973078","-75.133951","2339","6","0","0","0","0","0","0","0","0","","0","0","0","23","3","2","N","0","0","39 58:23.082","","0","75 08:02.225","2","0","0","0","67301","1","0","1","N","1","0","1","2","67301","0","","6.0","","1","N","N","N","0","","0","1","1","0","0","","2330","4","2","0","0","0","1","0","2","0","3","1","0","1","3","","","N","","","","","","","","","",""
"2022024352","2057","2","0","0","0","0","0","0","0","0","4","0","","67","3","2022","3","40.045289","-75.06069","2043","6","0","0","1","0","0","0","0","0","","0","0","0","20","3","2","","1","0","40 02:43.041","","0","75 03:38.484","8","0","0","0","67301","0","0","0","N","0","0","0","3","67301","0","","1.0","","1","N","N","N","0","","0","0","0","3","2","","2020","2","2","1","0","0","2","0","2","0","2","0","0","0","3","","","N","","","","","","","","","",""
"2022019621","0755","3","0","0","0","0","0","0","0","0","4","0","","67","2","2022","1","39.955258","-75.240146","0748","6","0","0","0","0","0","0","0","0","","0","0","0","6","2","2","","1","0","39 57:18.928","","0","75 14:24.525","3","0","0","0","67301","0","0","0","N","0","0","0","2","67301","0","","1.0","","9","N","N","N","0","","2","0","0","3","2","","630","3","2","0","0","0","0","0","2","0","3","0","0","0","10","10","","N","","","","","","","","","",""
"2022021522","0800","1","0","0","0","0","0","0","0","0","8","0","","67","3","2022","3","40.013611","-75.089139","0731","6","0","0","0","0","0","0","0","0","","0","0","0","7","5","1","N","0","0","40 00:49.000","","0","75 05:20.900","3","0","0","0","67301","1","0","0","N","1","0","0","2","67301","0","","1.0","","1","N","N","N","0","","1","0","0","0","0","","724","2","1","0","0","0","0","1","2","0","1","1","0","0","3","","","N","","","","","","","","","",""
"2022029214","2030","1","0","0","0","0","0","0","0","0","4","0","","67","3","2022","2","40.026288","-75.097275","2026","6","0","0","0","0","0","1","0","0","","0","0","0","19","3","1","","1","0","40 01:34.637","","0","75 05:50.189","4","0","0","0","67301","0","0","0","N","0","0","0","2","67301","1","","1.0","","1","N","N","N","0","","0","0","1","3","2","","1950","2","1","0","0","0","0","0","2","0","2","0","0","0","3","","","N","","","","","","","","","",""
"2022048407","1642","1","0","0","0","0","0","0","0","0","4","1","","67","5","2022","2","39.958058","-75.162286","1631","6","0","0","0","0","0","1","0","0","","0","1","0","15","1","0","","1","1","39 57:29.007","4","0","75 09:44.230","0","0","0","0","67301","0","0","0","N","0","0","0","2","67301","0","","1.0","1655.0","1","N","N","N","0","","0","0","0","3","2","N","1526","2","0","0","0","0","0","0","2","0","2","0","0","0","3","03","","N","","","","","","","","","",""
"2022043970","2332","2","0","0","0","0","0","0","0","0","4","0","","67","4","2022","1","39.9577","-75.225346","2332","6","0","0","0","0","0","0","0","0","","0","0","0","23","3","0","","2","0","39 57:27.720","","0","75 13:31.247","0","0","0","0","67301","0","0","0","N","0","0","0","3","67301","0","","1.0","","1","N","N","N","0","","0","0","0","3","3","","2326","2","0","1","0","0","0","0","2","0","2","0","0","0","3","03","","N","","","","","","","","","",""
"2022037716","1555","1","0","0","0","0","0","0","0","0","1","1","","67","4","2022","5","39.929373","-75.146046","1501","6","0","0","0","0","0","1","1","0","","0","1","0","14","1","0","N","0","1","39 55:45.744","1","0","75 08:45.764","0","0","0","0","67301","0","0","0","N","0","0","0","3","68K01","0","","1.0","1700.0","1","N","N","N","0","","0","0","0","0","0","N","1457","2","0","0","0","0","0","0","2","0","2","0","0","0","3","03","","N","","","","","","","","","",""
"2022024552","1048","0","0","0","0","0","0","0","0","0","2","0","","67","3","2022","4","39.935039","-75.225169","1045","6","0","0","0","0","0","0","0","0","","0","0","0","10","1","1","N","0","0","39 56:06.140","","0","75 13:30.610","3","0","0","0","67301","0","0","0","N","0","0","0","2","67301","0","","6.0","","9","N","N","N","1","","1","0","1","0","0","","1020","2","1","0","0","0","0","0","2","0","2","0","0","0","7","04","","N","","","","","","","","","",""
"2022032880","1845","1","0","0","0","0","0","0","0","0","4","0","","67","4","2022","7","39.928019","-75.219299","1845","6","0","0","0","0","0","0","0","0","","0","0","0","18","1","1","","1","1","39 55:40.869","5","0","75 13:09.477","3","0","0","0","67301","0","0","0","N","0","0","0","2","67301","0","","1.0","1909.0","1","N","N","N","0","","1","0","1","3","2","Y","1839","2","1","0","0","0","0","0","2","0","2","0","0","0","3","03","","N","","","","","","","","","",""
"2022024902","0905","0","0","0","0","0","0","0","0","0","4","0","","67","3","2022","1","40.015303","-75.137158","0902","6","0","0","0","0","0","0","1","0","","0","0","0","9","1","1","","1","2","40 00:55.090","6","0","75 08:13.768","3","0","0","0","67301","0","0","0","N","0","0","0","3","67301","0","","1.0","45.0","9","N","N","N","0","","1","0","2","3","2","Y","900","3","1","0","0","0","0","0","2","0","3","0","0","0","7","07","","N","","","","","","","","","",""
"2022046598","2359","1","0","0","0","0","0","0","0","0","1","0","","67","4","2022","3","39.950009","-75.183746","2351","6","0","0","0","0","1","0","0","0","","0","0","0","23","3","1","N","0","0","39 57:00.034","","0","75 11:01.487","8","0","0","0","67301","0","0","0","N","0","0","0","3","68K01","0","","1.0","","9","N","N","N","0","","0","0","0","0","0","","2351","2","1","0","0","0","1","1","2","0","2","0","0","0","7","","","N","","","","","","","","","",""
"2022042346","1600","0","0","0","0","0","0","0","0","0","1","0","","67","4","2022","3","39.982752","-75.0992","1549","6","0","0","0","1","0","0","0","0","","0","0","0","15","1","0","N","0","1","39 58:57.908","1","0","75 05:57.121","0","0","0","0","67301","0","0","0","N","0","0","0","3","68K01","0","","1.0","1635.0","1","N","N","N","1","","0","0","2","0","0","N","1543","3","0","0","0","0","0","0","2","0","3","0","0","0","3","","","N","","","","","","","","","",""
"2022045682","1710","0","0","0","1","1","0","0","0","0","8","0","","67","5","2022","5","39.919011","-75.241017","1703","6","0","0","0","0","0","0","0","0","","1","0","0","17","1","0","N","0","0","39 55:08.440","","0","75 14:27.660","1","0","0","0","67301","1","1","0","N","0","0","0","2","67301","0","2","1.0","","1","N","N","N","0","0","0","0","1","0","0","","1701","2","0","0","0","0","0","0","2","0","1","1","1","0","3","03","","N","","","","","","","","","",""
"2022016683","1540","1","0","0","0","0","0","0","0","0","4","0","","67","2","2022","3","39.951162","-75.207128","1539","6","0","0","0","0","1","0","1","0","","0","0","0","15","1","0","","1","0","39 57:04.183","","0","75 12:25.660","0","0","0","0","67301","0","0","0","N","0","0","0","2","67504","0","","1.0","","1","N","N","N","0","","0","0","1","3","3","","1536","2","0","0","0","0","0","0","2","0","2","0","0","0","3","03","","N","","","","","","","","","",""
"2022047751","0949","2","0","0","0","0","0","0","0","0","4","0","","67","1","2022","4","40.008839","-75.122359","0950","6","0","0","0","0","0","0","0","0","","0","0","0","9","1","0","N","0","2","40 00:31.821","1","0","75 07:20.492","9","0","0","0","67301","0","0","0","N","0","0","0","1","67301","0","","6.0","1118.0","1","N","N","N","0","","0","0","1","0","0","Y","949","3","0","0","0","0","0","1","2","0","3","0","0","0","3","03","","N","","","","","","","","","",""
"2022045157","0635","1","0","0","1","0","0","0","0","0","8","0","","67","4","2022","7","39.995051","-75.16318","0630","6","0","0","0","0","0","0","0","0","","0","0","0","6","1","1","","1","0","39 59:42.182","","0","75 09:47.448","3","0","0","0","67301","1","0","0","N","0","0","0","2","67301","0","","1.0","","1","N","N","N","0","","1","0","0","3","2","","604","2","1","0","0","0","0","0","2","0","1","1","0","0","3","03","","N","","","","","","","","","",""
"2022029281","0000","2","0","0","0","0","0","0","0","0","4","0","","67","3","2022","2","40.038972","-75.150035","0000","6","0","0","0","0","0","0","0","0","","0","0","0","21","3","0","","1","0","40 02:20.299","","0","75 09:00.127","0","0","0","0","67301","0","0","0","N","0","0","0","3","67301","0","","1.0","","1","N","N","N","0","","0","0","1","3","2","","2158","3","0","0","0","0","0","0","2","0","3","0","0","0","3","03","","N","","","","","","","","","",""
"2022029445","0610","1","0","0","0","0","0","0","0","0","4","0","","67","3","2022","4","39.892414","-75.222811","0558","6","0","0","0","0","0","0","0","0","","0","0","0","5","3","1","","1","0","39 53:32.691","","2","75 13:22.119","3","0","0","0","67301","0","0","0","N","0","0","0","3","67301","0","","1.0","","1","N","N","N","1","","1","0","0","3","2","","554","2","1","0","0","0","0","0","2","0","2","0","0","0","3","03","","N","","","","","","","","","",""
"2022043668","1627","2","0","0","0","0","0","0","0","0","1","0","","67","3","2022","3","39.991706","-75.202509","1625","6","0","0","0","0","0","0","1","0","","0","0","0","16","1","2","N","0","1","39 59:30.142","4","0","75 12:09.034","8","0","0","0","67301","0","0","0","N","0","0","0","4","68K01","0","","1.0","1715.0","1","N","N","N","0","","0","0","2","0","0","N","1620","4","2","0","0","0","2","0","2","0","4","0","0","0","3","03","","N","","","","","","","","","",""
"2022016250","2145","0","0","0","0","0","0","0","0","0","8","0","","67","2","2022","7","39.917299","-75.154503","2134","6","0","0","0","0","0","1","0","0","","0","0","0","21","3","1","","1","0","39 55:02.276","","0","75 09:16.210","3","0","0","0","67301","1","0","0","N","1","0","0","2","67301","0","","1.0","","1","N","N","N","0","","1","0","1","3","3","","2111","2","1","0","0","0","0","0","2","0","1","1","0","0","3","","","N","","","","","","","","","",""
"2022044026","0348","0","0","0","0","0","0","0","0","0","4","0","","67","4","2022","7","39.987051","-75.122334","0345","6","0","0","0","0","0","0","0","0","","0","0","0","3","3","1","","5","0","39 59:13.382","","0","75 07:20.404","8","0","0","0","67301","0","0","0","N","0","0","0","2","67301","0","","1.0","","9","N","N","N","2","","0","0","0","3","2","","340","2","1","0","0","0","1","0","2","0","2","0","0","0","7","07","","N","","","","","","","","","",""
"2022021930","0805","1","0","0","0","0","0","0","0","0","4","0","","67","3","2022","4","40.060926","-75.024171","0756","6","0","0","0","0","0","0","1","0","","0","0","0","6","1","2","","2","1","40 03:39.335","5","0","75 01:27.017","8","0","0","0","67301","0","0","0","N","0","0","0","3","67301","0","","1.0","1000.0","1","N","N","N","0","","0","0","2","0","0","Y","635","3","2","0","0","0","2","0","2","0","3","0","0","0","3","03","","N","","","","","","","","","",""
"2022029858","2331","2","0","0","0","0","0","0","0","0","5","0","","67","3","2022","6","40.043999","-75.030251","2328","6","0","0","0","0","0","0","0","0","","0","0","0","22","3","0","N","0","0","40 02:38.398","","0","75 01:48.904","0","0","0","0","67301","0","0","0","N","0","0","0","1","67301","0","","6.0","","1","N","N","N","0","","0","0","1","0","0","","2250","3","0","0","0","0","0","0","2","0","3","0","0","0","3","03","","N","","","","","","","","","",""
"2022029166","1612","2","0","0","0","0","0","0","0","0","4","0","","67","3","2022","3","40.043134","-75.073804","1605","6","0","0","0","0","0","1","0","0","","0","0","0","16","1","2","","1","0","40 02:35.284","","0","75 04:25.695","3","0","0","0","67301","0","0","0","N","0","0","0","3","67301","0","","1.0","","1","N","N","N","0","","2","0","0","3","2","","1600","2","2","0","0","0","0","0","2","0","2","0","0","0","3","","","N","","","","","","","","","",""
"2022021509","1332","1","0","0","0","0","0","0","0","0","4","0","","67","2","2022","6","40.00674","-75.078026","1329","6","0","0","0","0","0","1","0","0","","0","0","0","13","1","1","","1","1","40 00:24.264","1","0","75 04:40.893","3","0","0","0","67301","0","0","0","N","0","0","0","3","67301","0","","1.0","1403.0","1","N","N","N","0","","1","0","0","3","3","N","1327","2","1","0","0","0","0","0","2","1","2","0","0","0","3","","","N","","","","","","","","","",""
"2022032891","1901","1","0","0","0","0","0","0","0","0","1","0","","67","3","2022","3","40.032858","-75.063469","1852","6","0","0","0","0","0","0","1","0","","0","0","0","17","1","0","Y","0","0","40 01:58.287","","0","75 03:48.490","0","0","0","0","67301","0","0","0","N","0","0","0","2","67301","0","","1.0","","1","N","N","N","0","","0","0","1","3","2","","1750","2","0","0","0","0","0","0","2","0","2","0","0","0","3","03","","N","","","","","","","","","",""
"2022014611","1540","1","0","0","0","0","0","0","0","0","4","0","","67","1","2022","5","40.077389","-75.024278","1530","6","0","0","0","0","0","1","0","0","","0","0","0","15","1","0","N","0","0","40 04:38.600","","7","75 01:27.400","0","0","0","0","67301","0","0","0","N","0","0","0","4","67301","0","","1.0","","1","N","N","N","0","","0","0","1","0","0","","1510","2","0","0","0","0","0","0","2","0","2","0","0","0","3","","","N","","","","","","","","","",""
"2022017610","","0","0","0","0","0","0","0","0","0","4","1","","67","1","2022","4","40.026578","-75.068001","","6","0","0","0","0","0","0","0","0","","0","1","0","15","1","1","","3","0","40 01:35.682","","0","75 04:04.802","3","0","0","0","67301","0","0","0","N","0","0","0","2","00000","0","","1.0","","1","N","N","N","0","","1","0","1","3","2","","1550","2","1","0","0","0","0","0","2","0","2","0","0","0","3","","","N","","","","","","","","","",""
"2022014745","0149","2","0","0","0","0","0","0","0","0","7","0","","67","1","2022","1","39.974124","-75.204633","0149","6","0","0","0","1","0","0","0","0","","0","0","0","1","3","0","N","0","2","39 58:26.848","4","0","75 12:16.678","0","0","0","0","67301","0","0","0","N","0","0","0","1","67301","0","","4.0","300.0","7","N","N","N","0","","0","0","0","0","0","N","140","2","0","0","0","0","0","0","2","0","2","0","0","0","10","02","","N","","","","","","","","","",""
"2022014822","1000","0","0","0","0","0","0","0","0","0","8","0","","67","1","2022","4","40.018331","-75.148503","1000","6","0","0","0","0","0","1","0","0","","0","0","0","19","2","1","","1","0","40 01:05.992","","0","75 08:54.612","2","0","0","0","67301","1","0","1","N","1","0","1","2","67301","0","","1.0","","1","N","N","N","0","","0","1","0","0","0","","1900","2","1","0","0","0","0","0","2","1","1","1","0","1","3","","","N","","","","","","","","","",""
"2022044049","0735","2","0","0","0","0","0","0","0","0","4","0","","67","4","2022","7","39.998477","-75.129036","0726","6","0","0","0","0","0","0","0","0","","0","0","0","7","1","1","N","0","0","39 59:54.516","","0","75 07:44.530","8","0","0","0","67301","0","0","0","N","0","0","0","3","67301","0","","1.0","","1","N","N","N","0","","0","0","0","0","0","","726","2","1","0","0","0","1","0","2","0","2","0","0","0","3","03","","N","","","","","","","","","",""
"2022039356","1843","2","0","0","0","0","0","0","0","0","5","0","","67","3","2022","5","39.959536","-75.180965","1843","6","0","0","0","0","0","0","0","0","","0","0","0","18","3","1","N","0","2","39 57:34.330","3","0","75 10:51.474","4","0","0","0","67301","0","0","0","N","0","0","0","10","68K01","1","","1.0","1945.0","1","N","N","N","1","","0","0","1","0","0","N","1843","5","1","0","0","0","0","1","2","1","5","0","0","0","3","03","","N","","","","","","","","","",""
"2022029221","1528","0","0","0","0","0","0","0","0","0","5","0","","67","3","2022","6","40.011671","-75.069854","1526","6","0","0","0","0","0","0","0","0","","0","0","0","15","1","0","","1","0","40 00:42.017","","0","75 04:11.475","0","0","0","0","67301","0","0","0","N","0","0","0","3","67301","0","","1.0","","1","N","N","N","1","","0","0","2","3","2","","1516","3","0","0","0","0","0","0","2","0","3","0","0","0","3","","","N","","","","","","","","","",""
"2022019749","1700","1","0","0","0","0","0","0","0","0","5","0","","67","2","2022","2","40.017067","-75.046503","1650","6","0","0","0","0","0","1","0","0","","0","0","0","15","1","2","N","0","0","40 01:01.440","","0","75 02:47.410","8","0","0","1","67301","0","0","0","N","0","0","0","3","67301","0","","1.0","","1","N","N","N","0","","0","0","0","0","0","","1520","2","2","0","0","0","2","0","2","0","2","0","0","0","3","03","","N","","","","","","","","","",""
"2022033137","0015","1","0","0","0","0","0","0","0","0","1","0","","67","4","2022","4","39.898563","-75.209953","0011","6","0","0","0","0","0","1","0","0","","0","0","0","0","3","1","N","0","0","39 53:54.825","","3","75 12:35.831","3","0","0","0","67301","0","0","0","N","0","0","0","2","67301","0","","1.0","","9","N","N","N","0","","1","0","0","0","0","","1","2","1","0","0","0","0","0","2","1","2","0","0","0","7","","","N","","","","","","","","","",""
"2022015363","0341","0","0","0","0","0","0","0","0","0","7","0","","67","2","2022","3","39.973226","-75.165654","0341","6","0","0","0","0","0","1","0","0","","0","0","0","3","3","0","","2","0","39 58:23.613","","0","75 09:56.354","0","0","0","0","67301","0","0","0","N","0","0","0","1","67301","0","","4.0","","9","N","Y","N","0","","0","0","1","3","3","","335","1","0","0","0","0","0","0","2","0","1","0","0","0","3","","","N","","","","","","","","","",""
"2022030068","0211","1","0","0","0","0","0","0","0","0","4","0","","67","3","2022","7","40.031874","-75.131503","0202","6","0","0","0","0","0","0","0","0","","0","0","0","2","3","1","","1","0","40 01:54.746","","0","75 07:53.410","3","0","0","0","67301","0","0","0","N","0","0","0","3","67301","0","","1.0","","1","N","N","N","0","","1","0","1","3","2","","200","2","1","3","0","0","0","0","2","0","2","0","0","0","3","03","","N","","","","","","","","","",""
"2022019604","1820","2","0","0","0","0","0","0","0","0","4","0","","67","2","2022","3","40.026687","-75.074983","1810","6","0","0","0","1","0","0","0","0","","0","0","0","18","3","0","","2","0","40 01:36.073","","0","75 04:29.938","0","0","0","0","67301","0","0","0","N","0","0","0","2","67301","0","","1.0","","1","N","N","N","0","","0","0","0","3","3","","1809","3","0","1","0","0","0","0","2","0","3","0","0","0","3","","","N","","","","","","","","","",""
"2022042348","2217","1","0","0","0","0","0","0","0","0","7","0","","67","4","2022","3","39.908248","-75.149519","2215","6","0","0","0","0","1","0","0","0","","0","0","0","21","3","2","N","0","1","39 54:29.693","2","0","75 08:58.267","3","0","0","0","67301","0","0","0","N","0","0","0","2","68K01","1","","3.0","2230.0","1","N","N","N","0","","1","0","0","0","0","N","2143","1","2","0","0","0","0","0","2","0","1","0","0","0","3","03","","N","","","","","","","","","",""
"2022032882","0200","2","0","0","0","0","0","0","0","0","5","0","","67","4","2022","3","39.935047","-75.229589","0143","6","0","0","0","0","0","0","0","0","","0","0","0","1","3","0","N","0","0","39 56:06.170","","0","75 13:46.520","0","0","0","0","67301","0","0","0","N","0","0","0","1","67301","0","","6.0","","1","N","N","N","0","","0","0","1","0","0","","135","3","0","0","0","0","0","0","2","0","3","0","0","0","3","03","","N","","","","","","","","","",""
"2022014592","1137","1","0","0","0","0","0","0","0","0","4","0","","67","2","2022","5","40.128935","-75.008739","1130","6","0","0","0","0","0","0","0","1","","0","0","0","13","1","1","","1","0","40 07:44.165","","0","75 00:31.460","8","0","0","0","67301","0","0","0","N","0","0","0","3","67301","0","","1.0","","9","N","N","N","0","","0","0","1","3","3","","1315","2","1","0","0","0","1","0","2","0","2","0","0","0","7","07","","N","","","","","","","","","",""
"2022040219","2321","2","0","0","0","0","0","0","0","0","5","0","","67","4","2022","6","39.899148","-75.166605","2320","6","0","0","0","0","0","0","0","0","","0","0","0","23","3","0","N","0","0","39 53:56.933","","3","75 09:59.777","0","0","0","0","67301","0","0","0","N","0","0","0","2","68K01","0","","1.0","","1","N","N","N","0","","0","0","0","0","0","","2320","2","0","0","0","0","0","0","2","0","2","0","0","0","3","","","N","","","","","","","","","",""
"2022045304","0316","1","0","0","0","0","0","0","0","0","1","0","","67","4","2022","6","39.989558","-75.170334","0300","6","0","0","0","0","0","0","0","0","","0","0","0","2","3","1","","2","0","39 59:22.408","","0","75 10:13.202","3","0","0","0","67301","0","0","0","N","0","0","0","2","67301","0","","1.0","","8","N","N","N","0","","1","0","1","3","3","","256","2","1","1","0","0","0","0","2","0","2","0","0","0","3","","","N","","","","","","","","","",""
"2022016257","1715","0","0","0","0","0","0","0","0","0","8","0","","67","2","2022","4","39.927278","-75.176139","1710","6","0","0","0","0","0","0","1","0","","0","0","0","17","1","1","N","0","0","39 55:38.200","","0","75 10:34.100","4","0","0","0","67301","1","0","0","N","1","0","0","2","67301","1","","6.0","","1","N","N","N","0","","0","0","1","0","0","","1700","2","1","0","0","0","0","0","2","0","1","1","0","0","3","03","","N","","","","","","","","","",""
"2022045156","1610","0","0","0","0","0","0","1","0","0","5","1","","67","4","2022","6","39.948611","-75.145868","1536","6","0","0","0","0","0","0","0","0","","0","0","0","15","1","1","N","0","0","39 56:55.000","","0","75 08:45.124","8","0","0","0","67301","0","0","0","N","0","0","0","2","67508","0","","1.0","","1","N","N","Y","0","","0","0","0","0","0","","1536","2","1","0","0","0","1","0","2","0","2","0","0","0","3","03","","N","","","","","","","","","",""
"2022016186","1702","0","0","0","0","0","0","0","0","0","4","0","","67","2","2022","1","39.980224","-75.157607","1700","6","0","0","0","0","0","1","0","0","","0","0","0","16","1","0","","1","2","39 58:48.805","3","0","75 09:27.384","0","0","0","0","67301","0","0","0","Y","0","0","0","2","67505","0","","1.0","1735.0","9","N","N","N","0","","0","0","2","3","2","Y","1657","2","0","0","0","0","0","0","2","0","2","0","0","0","10","04","","N","","","","","","","","","",""
"2022030132","1233","0","0","0","0","0","0","0","0","0","7","0","","67","3","2022","6","39.9095","-75.154417","1230","6","0","0","0","0","0","0","0","0","","0","0","0","12","1","1","N","0","0","39 54:34.200","","5","75 09:15.900","4","0","0","0","67301","0","0","0","N","0","0","0","1","67501","1","","4.0","","1","N","N","N","0","","0","0","1","3","1","","1230","1","1","0","0","0","0","0","2","0","1","0","0","0","3","03","","N","","","","","","","","","",""