"CRN","ARRIVAL_TM","AUTOMOBILE_COUNT","BELTED_DEATH_COUNT","BELTED_SUSP_SERIOUS_INJ_COUNT","BICYCLE_COUNT","BICYCLE_DEATH_COUNT","BICYCLE_SUSP_SERIOUS_INJ_COUNT","BUS_COUNT","CHLDPAS_DEATH_COUNT","CHLDPAS_SUSP_SERIOUS_INJ_COUNT","COLLISION_TYPE","COMM_VEH_COUNT","CONS_ZONE_SPD_LIM","COUNTY","CRASH_MONTH","CRASH_YEAR","DAY_OF_WEEK","DEC_LATITUDE","DEC_LONGITUDE","DISPATCH_TM","DISTRICT","DRIVER_COUNT_16YR","DRIVER_COUNT_17YR","DRIVER_COUNT_18YR","DRIVER_COUNT_19YR","DRIVER_COUNT_20YR","DRIVER_COUNT_50_64YR","DRIVER_COUNT_65_74YR","DRIVER_COUNT_75PLUS","EST_HRS_CLOSED","FATAL_COUNT","HEAVY_TRUCK_COUNT","HORSE_BUGGY_COUNT","HOUR_OF_DAY","ILLUMINATION","INJURY_COUNT","INTERSECTION_RELATED","INTERSECT_TYPE","LANE_CLOSED","LATITUDE","LN_CLOSE_DIR","LOCATION_TYPE","LONGITUDE","MAX_SEVERITY_LEVEL","MCYCLE_DEATH_COUNT","MCYCLE_SUSP_SERIOUS_INJ_COUNT","MOTORCYCLE_COUNT","MUNICIPALITY","NONMOTR_COUNT","NONMOTR_DEATH_COUNT","NONMOTR_SUSP_SERIOUS_INJ_COUNT","NTFY_HIWY_MAINT","PED_COUNT","PED_DEATH_COUNT","PED_SUSP_SERIOUS_INJ_COUNT","PERSON_COUNT","POLICE_AGCY","POSSIBLE_INJ_COUNT","RDWY_SURF_TYPE_CD","RELATION_TO_ROAD","ROADWAY_CLEARED","ROAD_CONDITION","SCH_BUS_IND","SCH_ZONE_IND","SECONDARY_CRASH","SMALL_TRUCK_COUNT","SPEC_JURIS_CD","SUSP_MINOR_INJ_COUNT","SUSP_SERIOUS_INJ_COUNT","SUV_COUNT","TCD_FUNC_CD","TCD_TYPE","TFC_DETOUR_IND","TIME_OF_DAY","TOTAL_UNITS","TOT_INJ_COUNT","UNBELTED_OCC_COUNT","UNB_DEATH_COUNT","UNB_SUSP_SERIOUS_INJ_COUNT","UNK_INJ_DEG_COUNT","UNK_INJ_PER_COUNT","URBAN_RURAL","VAN_COUNT","VEHICLE_COUNT","VULNERABLE_ROAD_USER_COUNT","VULNERABLE_ROAD_USER_DEATH_COUNT","VULNERABLE_ROAD_USER_SER_INJ_COUNT","WEATHER1","WEATHER2","WORKERS_PRES","WORK_ZONE_IND","WORK_ZONE_LOC","WORK_ZONE_TYPE","WZ_CLOSE_DETOUR","WZ_FLAGGER","WZ_LAW_OFFCR_IND","WZ_LN_CLOSURE","WZ_MOVING","WZ_OTHER","WZ_SHLDER_MDN","WZ_WORKERS_INJ_KILLED"
"2022039748","0753","1","0","0","0","0","0","0","0","0","5","1","","67","4","2022","4","39.994675","-75.083757","0741","6","0","0","1","0","0","0","0","0","","0","0","0","7","1","1","N","0","1","39 59:40.831","1","0","75 05:01.526","3","0","0","0","67301","0","0","0","N","0","0","0","3","68K01","0","","1.0","845.0","1","N","N","N","0","","1","0","1","0","0","N","738","3","1","0","0","0","0","0","2","0","3","0","0","0","3","03","","N","","","","","","","","","",""
"2022039370","2258","0","0","0","0","0","0","0","0","0","1","0","","67","4","2022","7","40.029794","-75.022014","2246","6","0","0","0","0","0","2","0","0","","0","0","0","22","3","1","N","0","0","40 01:47.258","","0","75 01:19.249","8","0","0","0","67301","0","0","0","N","0","0","0","3","68K01","0","","1.0","","1","N","N","N","0","","0","0","2","0","0","","2234","2","1","0","0","0","1","0","2","0","2","0","0","0","3","","","N","","","","","","","","","",""
"2022029205","0936","1","0","0","0","0","0","0","0","0","4","0","","67","3","2022","3","39.917469","-75.244436","0936","6","0","0","0","0","0","0","0","0","","0","0","0","9","1","1","","1","0","39 55:02.888","","0","75 14:39.969","4","0","0","0","67301","0","0","0","N","0","0","0","2","67301","1","","1.0","","1","N","N","N","0","","0","0","1","3","3","","936","2","1","1","0","0","0","0","2","0","2","0","0","0","3","03","","N","","","","","","","","","",""
"2022039361","2325","3","0","0","0","0","0","0","0","0","5","0","","67","4","2022","1","40.031793","-75.021429","2315","6","0","0","0","0","1","0","0","0","","0","0","0","22","2","0","N","0","1","40 01:54.455","2","3","75 01:17.144","0","0","0","0","67301","0","0","0","N","0","0","0","4","68K01","0","","1.0","2330.0","1","N","N","N","0","","0","0","0","0","0","N","2245","3","0","0","0","0","0","0","2","0","3","0","0","0","3","03","","N","","","","","","","","","",""
"2022047189","0750","0","0","0","0","0","0","0","0","0","8","0","","67","5","2022","5","39.938091","-75.168445","0739","6","0","0","0","0","0","0","0","0","","0","0","0","7","1","1","","1","0","39 56:17.129","","0","75 10:06.401","3","0","0","0","67301","1","0","0","N","1","0","0","1","67301","0","","9.0","","9","N","N","N","0","","1","0","1","3","2","","720","2","1","0","0","0","0","0","2","0","1","1","0","0","7","","","N","","","","","","","","","",""
"2022016288","0115","1","0","0","0","0","0","0","0","0","7","0","","67","2","2022","7","39.905738","-75.193924","0115","6","0","0","0","0","0","0","0","0","","0","0","0","1","3","2","","1","0","39 54:20.655","","0","75 11:38.126","3","0","0","0","67301","0","0","0","N","0","0","0","2","67301","0","","4.0","","1","N","N","N","0","","2","0","0","3","1","","115","1","2","2","0","0","0","0","2","0","1","0","0","0","3","","","N","","","","","","","","","",""
"2022045600","1416","0","0","0","0","0","0","0","0","0","1","0","","67","4","2022","4","39.923298","-75.147618","1355","6","0","0","0","0","0","0","0","0","","0","0","0","13","1","3","N","0","2","39 55:23.873","2","0","75 08:51.426","3","0","0","0","67301","0","0","0","N","0","0","0","3","68K01","0","","2.0","1500.0","1","N","N","N","0","","3","0","2","0","0","N","1352","2","3","0","0","0","0","0","2","0","2","0","0","0","3","","","N","","","","","","","","","",""
"2022027661","0230","3","0","0","0","0","0","0","0","0","1","0","","67","3","2022","7","39.983","-75.160278","0230","6","0","0","0","0","0","0","0","0","","0","0","0","2","3","0","N","0","2","39 58:58.800","1","0","75 09:37.000","0","0","0","0","67301","0","0","0","N","0","0","0","3","67505","0","","6.0","245.0","1","N","N","Y","0","","0","0","1","0","0","Y","225","4","0","0","0","0","0","0","2","0","4","0","0","0","3","03","","N","","","","","","","","","",""
"2022044016","0458","1","0","0","0","0","0","0","0","0","99","0","","67","3","2022","1","40.005844","-75.096417","0454","6","0","0","0","0","0","0","0","0","","0","0","0","4","3","1","","1","0","40 00:21.038","","1","75 05:47.101","8","0","0","0","67301","0","0","0","N","0","0","0","2","67301","0","","1.0","","1","N","N","N","0","","0","0","0","3","2","","430","2","1","0","0","0","1","0","2","1","2","0","0","0","3","03","","N","","","","","","","","","",""
"2022031060","1002","0","0","0","1","0","0","0","0","0","8","0","","67","3","2022","2","39.927757","-75.157117","0959","6","0","0","0","0","0","0","0","0","","0","0","0","9","1","1","","1","0","39 55:39.925","","0","75 09:25.621","3","0","0","0","67301","1","0","0","N","0","0","0","2","67301","0","","1.0","","1","N","N","N","0","","1","0","1","3","3","","955","2","1","0","0","0","0","0","2","0","1","1","0","0","3","03","","N","","","","","","","","","",""
"2022020135","1550","0","0","0","0","0","0","0","0","0","4","0","","67","2","2022","5","39.914008","-75.149937","1550","6","0","0","0","0","0","0","0","0","","0","0","0","15","1","0","","1","0","39 54:50.430","","7","75 08:59.773","0","0","0","0","67301","0","0","0","N","0","0","0","2","67301","0","","1.0","","1","N","N","N","0","","0","0","2","3","2","","1506","2","0","0","0","0","0","0","2","0","2","0","0","0","99","","","N","","","","","","","","","",""
"2022037321","0426","0","0","0","0","0","0","0","0","0","5","0","","67","4","2022","1","39.958821","-75.170416","0421","6","0","0","0","0","0","1","0","0","","0","0","0","4","3","0","N","0","1","39 57:31.757","3","0","75 10:13.496","9","0","0","0","67301","0","0","0","N","0","0","0","3","68Z99","0","","1.0","440.0","1","N","N","N","0","","0","0","1","0","0","N","421","2","0","0","0","0","0","1","2","0","2","0","0","0","3","","","N","","","","","","","","","",""
"2022022037","1720","1","0","0","0","0","0","0","0","0","8","0","","67","2","2022","1","39.975299","-75.245606","1701","6","0","0","0","0","0","0","0","0","","0","0","0","15","1","1","","1","0","39 58:31.077","","0","75 14:44.180","3","0","0","0","67301","1","0","0","N","1","0","0","2","67301","0","","1.0","","1","N","N","N","0","","1","0","0","3","2","","1550","2","1","0","0","0","0","0","2","0","1","1","0","0","3","","","N","","","","","","","","","",""
"2022037459","1124","1","0","0","0","0","0","0","0","0","1","0","","67","3","2022","1","39.94916","-75.184868","1118","6","0","0","0","0","0","0","0","0","","0","0","0","11","1","0","N","0","1","39 56:56.975","3","0","75 11:05.524","0","0","0","0","67301","0","0","0","N","0","0","0","5","68K01","0","","1.0","1135.0","1","N","N","N","0","","0","0","2","0","0","N","1114","3","0","1","0","0","0","0","2","0","3","0","0","0","3","","","N","","","","","","","","","",""
"2022043723","1848","2","0","0","0","0","0","0","0","0","1","0","","67","5","2022","5","39.943899","-75.192074","1820","6","0","0","0","0","0","0","0","0","","0","0","0","18","1","3","N","0","0","39 56:38.036","","0","75 11:31.467","8","0","0","0","67301","0","0","0","N","0","0","0","4","68K01","0","","1.0","","1","N","N","N","0","","0","0","0","3","8","","1814","2","3","0","0","0","3","0","2","0","2","0","0","0","3","","","N","","","","","","","","","",""
"2022040210","0812","2","0","0","0","0","0","0","0","0","1","0","","67","4","2022","6","40.02768","-75.024797","0737","6","0","0","0","0","0","0","0","0","","0","0","0","7","1","1","N","0","0","40 01:39.649","","0","75 01:29.270","4","0","0","0","67301","0","0","0","N","0","0","0","3","68K01","1","","1.0","","1","N","N","N","0","","0","0","1","3","8","","726","3","1","0","0","0","0","0","2","0","3","0","0","0","7","03","","N","","","","","","","","","",""
"2022044070","2320","2","0","0","0","0","0","0","0","0","4","0","","67","4","2022","7","39.971819","-75.125928","2320","6","0","0","0","0","0","1","0","0","","0","0","0","22","3","0","","1","0","39 58:18.550","","0","75 07:33.339","0","0","0","0","67301","0","0","0","N","0","0","0","2","67301","0","","1.0","","1","N","N","N","0","","0","0","0","3","2","","2250","2","0","0","0","0","0","0","2","0","2","0","0","0","3","03","","N","","","","","","","","","",""
"2022025742","1350","1","0","0","0","0","0","0","0","0","5","0","","67","3","2022","6","39.974594","-75.200459","1345","6","0","0","0","0","0","0","0","0","","0","0","0","13","1","1","N","0","0","39 58:28.537","","0","75 12:01.651","8","0","0","0","67301","0","0","0","N","0","0","0","3","67301","0","","1.0","","1","N","N","N","0","","0","0","1","0","0","","1330","2","1","0","0","0","1","0","2","0","2","0","0","0","3","03","","N","","","","","","","","","",""
"2022026250","0234","2","0","0","0","0","0","0","0","0","6","0","","67","2","2022","1","39.954428","-75.233361","0234","6","0","0","0","0","0","0","0","0","","0","0","0","2","3","0","N","0","0","39 57:15.940","","0","75 14:00.100","0","0","0","0","67301","0","0","0","N","0","0","0","1","67301","0","","6.0","","1","N","N","N","0","","0","0","1","0","0","","234","3","0","1","0","0","0","0","2","0","3","0","0","0","3","03","","N","","","","","","","","","",""
"2022020016","1618","3","0","0","0","0","0","0","0","0","4","0","","67","2","2022","7","40.023633","-75.12192","1616","6","0","0","0","0","0","0","0","0","","0","0","0","15","1","1","","1","0","40 01:25.078","","0","75 07:18.912","3","0","0","0","67301","0","0","0","N","0","0","0","3","67301","0","","1.0","","1","N","N","N","0","","1","0","1","3","3","","1540","4","1","0","0","0","0","0","2","0","4","0","0","0","3","03","","N","","","","","","","","","",""
"2022014743","0217","1","0","0","0","0","0","0","0","0","4","0","","67","1","2022","5","39.96898","-75.217001","0213","6","0","0","0","0","0","0","0","0","","0","0","0","2","3","0","","1","0","39 58:08.327","","0","75 13:01.203","0","0","0","0","67301","0","0","0","N","0","0","0","2","67301","0","","1.0","","1","N","N","N","0","","0","0","1","3","2","","210","3","0","0","0","0","0","0","2","1","3","0","0","0","3","","","N","","","","","","","","","",""
"2022019573","2210","0","0","0","0","0","0","0","0","0","8","0","","67","1","2022","5","39.955601","-75.172767","2205","6","0","0","0","0","0","0","0","0","","0","0","0","21","3","1","","1","0","39 57:20.163","","0","75 10:21.961","3","0","0","0","67301","1","0","0","N","1","0","0","2","67301","0","","1.0","","1","N","N","N","0","","1","0","1","3","2","","2145","2","1","0","0","0","0","1","2","0","1","1","0","0","3","03","","N","","","","","","","","","",""
"2022029198","0355","2","0","0","0","0","0","0","0","0","1","0","","67","3","2022","1","39.962803","-75.164633","0344","6","0","0","0","0","0","1","0","0","","0","0","0","3","3","0","","1","0","39 57:46.089","","0","75 09:52.678","0","0","0","0","67301","0","0","0","N","0","0","0","2","67301","0","","1.0","","1","N","N","N","0","","0","0","0","3","2","","330","2","0","0","0","0","0","0","2","0","2","0","0","0","3","03","","N","","","","","","","","","",""
"2022015973","0642","1","0","0","0","0","0","0","0","0","1","0","","67","2","2022","7","40.007208","-75.160022","0636","6","0","0","0","0","0","0","0","0","","0","0","0","6","5","1","N","0","0","40 00:25.950","","0","75 09:36.080","3","0","0","0","67301","0","0","0","N","0","0","0","2","67301","0","","6.0","","1","N","N","N","0","","1","0","1","0","0","","630","2","1","0","0","0","0","1","2","0","2","0","0","0","3","","","N","","","","","","","","","",""
"2022016163","2221","0","0","0","0","0","0","0","0","0","8","0","","67","2","2022","3","40.045706","-75.14317","2220","6","0","0","0","0","0","0","0","0","","0","0","0","18","3","1","","2","0","40 02:44.541","","0","75 08:35.413","3","0","0","0","67301","1","0","0","N","1","0","0","2","67301","0","","1.0","","1","N","N","N","0","","1","0","1","0","0","","1830","2","1","0","0","0","0","0","2","0","1","1","0","0","3","03","","N","","","","","","","","","",""
"2022030458","1029","0","0","0","0","0","0","0","0","0","4","0","","67","3","2022","2","40.034076","-75.12402","1024","6","0","0","0","0","0","1","0","1","","0","0","0","9","1","2","","1","0","40 02:02.673","","0","75 07:26.472","3","0","0","0","67301","0","0","0","N","0","0","0","3","67301","0","","1.0","","1","N","N","N","0","","2","0","2","3","3","","957","2","2","0","0","0","0","0","2","0","2","0","0","0","3","04","","N","","","","","","","","","",""
"2022044030","0900","2","0","0","0","0","0","0","0","0","4","0","","67","4","2022","5","40.000514","-75.083374","0900","6","0","0","0","0","1","0","0","0","","0","0","0","8","1","1","","2","0","40 00:01.851","","2","75 05:00.146","3","0","0","0","67301","0","0","0","N","0","0","0","2","67301","0","","1.0","","1","N","N","N","0","","1","0","0","3","2","","830","2","1","0","0","0","0","0","2","0","2","0","0","0","3","03","","N","","","","","","","","","",""
"2022029206","1518","0","0","0","0","0","0","0","0","0","8","0","","67","3","2022","3","39.937639","-75.223018","1518","6","0","0","1","0","0","0","0","0","","0","0","0","15","1","1","","1","0","39 56:15.501","","0","75 13:22.863","3","0","0","0","67301","2","0","0","N","2","0","0","3","67301","0","","1.0","","1","N","N","N","0","","1","0","1","3","2","","1500","3","1","1","0","0","0","0","2","0","1","2","0","0","3","03","","N","","","","","","","","","",""
"2022045954","0329","1","0","0","0","0","0","0","0","0","7","0","","67","2","2022","4","39.982398","-75.207645","0129","6","0","0","0","0","0","0","0","0","","0","0","0","1","3","1","N","0","1","39 58:56.632","4","0","75 12:27.523","4","0","0","0","67301","0","0","0","N","0","0","0","1","68K01","1","","3.0","129.0","9","N","N","N","0","","0","0","0","0","0","N","128","1","1","0","0","0","0","0","2","0","1","0","0","0","3","","","N","","","","","","","","","",""
"2022052963","0032","0","0","0","0","0","0","0","0","0","8","0","","67","2","2022","6","40.017862","-75.149676","0023","6","0","0","0","0","0","0","0","0","","0","0","0","0","3","1","N","0","2","40 01:04.303","6","0","75 08:58.834","2","0","0","0","67301","1","0","1","N","1","0","1","4","67301","0","","1.0","355.0","9","N","N","Y","0","","0","1","1","0","0","Y","16","2","1","0","0","0","0","0","2","0","1","1","0","1","7","04","","N","","","","","","","","","",""
"2022029349","1632","0","0","0","0","0","0","0","0","0","6","0","","67","3","2022","7","40.018061","-75.134042","1627","6","0","0","0","0","0","0","0","0","","0","0","0","12","1","0","N","0","0","40 01:05.020","","0","75 08:02.550","9","0","0","1","67301","0","0","0","N","0","0","0","1","67301","0","","4.0","","1","N","N","N","0","","0","0","1","0","0","","1236","2","0","0","0","0","0","1","2","0","2","0","0","0","3","","","N","","","","","","","","","",""
"2022043722","1728","1","0","0","0","0","0","0","0","0","1","0","","67","5","2022","5","39.991699","-75.202524","1715","6","0","0","0","0","0","0","0","0","","0","0","0","16","1","0","N","0","0","39 59:30.115","","0","75 12:09.088","0","0","0","0","67301","0","0","0","N","0","0","0","2","68K01","0","","1.0","","1","N","N","N","0","","0","0","1","3","8","","1658","2","0","0","0","0","0","0","2","0","2","0","0","0","3","","","N","","","","","","","","","",""
"2022043898","2030","2","0","0","0","0","0","0","0","0","2","0","","67","4","2022","5","40.05843","-75.149239","2019","6","0","0","0","0","0","1","0","0","","0","0","0","19","1","1","","5","0","40 03:30.348","","0","75 08:57.260","3","0","0","0","67301","0","0","0","N","0","0","0","3","67301","0","","1.0","","1","N","N","N","0","","1","0","0","3","2","","1910","2","1","1","0","0","0","1","2","0","2","0","0","0","3","98","","N","","","","","","","","","",""
"2022029248","0250","1","0","0","0","0","0","0","0","0","5","0","","67","2","2022","1","39.995","-75.139556","0245","6","0","0","0","0","0","0","0","0","","0","0","0","2","3","1","N","0","0","39 59:42.000","","0","75 08:22.400","3","0","0","0","67301","0","0","0","N","0","0","0","2","67301","0","","1.0","","1","N","N","N","0","","1","0","0","0","0","","230","2","1","0","0","0","0","0","2","0","2","0","0","0","3","03","","N","","","","","","","","","",""
"2022034308","0804","2","0","0","0","0","0","0","0","0","5","0","","67","4","2022","1","39.960207","-75.190892","0755","6","0","0","0","0","0","0","0","0","","0","0","0","7","1","1","","1","0","39 57:36.745","","0","75 11:27.211","8","0","0","0","67301","0","0","0","N","0","0","0","3","67507","0","","1.0","","1","N","N","N","0","","0","0","0","3","2","","755","2","1","0","0","0","1","0","2","0","2","0","0","0","3","","","N","","","","","","","","","",""
"2022020772","1211","2","0","0","0","0","0","0","0","0","1","0","","67","2","2022","1","40.000889","-75.142953","1209","6","0","0","0","1","0","0","0","0","","0","0","0","11","1","3","N","0","0","40 00:03.200","","0","75 08:34.630","3","0","0","0","67301","0","0","0","N","0","0","0","3","67301","1","","6.0","","1","N","N","N","0","","2","0","0","0","0","","1100","3","3","0","0","0","0","0","2","0","2","0","0","0","3","03","","N","","","","","","","","","",""
"2022043795","2155","1","0","0","0","0","0","0","0","0","4","0","","67","4","2022","4","39.90675","-75.183833","2154","6","0","0","0","0","0","1","0","0","","0","0","0","21","3","1","N","0","0","39 54:24.300","","0","75 11:01.800","8","0","0","0","67301","0","0","0","N","0","0","0","3","67301","0","","1.0","","1","N","N","N","0","","0","0","0","0","0","","2134","2","1","0","0","0","1","0","2","1","2","0","0","0","3","","","N","","","","","","","","","",""
"2022053259","0559","1","0","0","0","0","0","0","0","0","7","0","","67","5","2022","6","40.033833","-75.019728","0542","6","0","0","0","0","0","0","0","0","","0","0","0","5","5","0","N","0","0","40 02:01.799","","0","75 01:11.021","0","0","0","0","67301","0","0","0","N","0","0","0","1","68K01","0","","3.0","","9","N","N","N","0","","0","0","0","0","0","","534","1","0","0","0","0","0","0","2","0","1","0","0","0","7","","","N","","","","","","","","","",""
"2022048318","1933","1","0","0","0","0","0","0","0","0","4","0","","67","5","2022","3","39.955047","-75.152727","1930","6","0","0","0","0","0","0","0","0","","0","0","0","19","1","3","","1","0","39 57:18.170","","0","75 09:09.818","3","0","0","0","67301","0","0","0","N","0","0","0","4","67301","0","","1.0","","1","N","N","N","0","","2","0","1","3","2","","1930","2","3","0","0","0","1","0","2","0","2","0","0","0","3","","","N","","","","","","","","","",""
"2022052120","0035","0","0","0","0","0","0","0","0","0","8","0","","67","6","2022","1","40.014034","-75.157971","0010","6","0","0","0","0","0","0","0","0","","0","0","0","0","3","1","","1","0","40 00:50.523","","99","75 09:28.694","3","0","0","0","67301","1","0","0","N","1","0","0","1","67301","0","","1.0","","1","N","N","N","0","","1","0","0","3","3","","5","2","1","0","0","0","0","0","2","0","1","1","0","0","3","03","","N","","","","","","","","","",""
"2022044148","1346","1","0","0","0","0","0","0","0","0","4","0","","67","5","2022","2","39.975317","-75.191647","1346","6","0","0","0","0","0","0","0","0","","0","0","0","13","1","0","N","0","1","39 58:31.142","1","7","75 11:29.928","0","0","0","0","67301","0","0","0","N","0","0","0","2","67301","0","","1.0","1500.0","1","N","N","N","0","","0","0","1","0","0","N","1346","2","0","1","0","0","0","0","2","0","2","0","0","0","3","03","","N","","","","","","","","","",""
"2022033959","1735","1","0","0","0","0","0","0","0","0","1","0","","67","4","2022","6","39.974332","-75.158891","1731","6","0","0","0","0","0","0","0","0","","0","0","0","17","1","0","N","0","1","39 58:27.596","2","0","75 09:32.007","0","0","0","0","67301","0","0","0","N","0","0","0","2","67505","0","","1.0","1745.0","1","N","N","N","0","","0","0","1","0","0","N","1725","2","0","1","0","0","0","0","2","0","2","0","0","0","3","03","","N","","","","","","","","","",""
"2022053469","1812","1","0","0","0","0","0","0","0","0","5","0","","67","4","2022","3","40.019303","-75.045331","1801","6","0","0","0","0","0","0","0","0","","0","0","0","17","1","2","N","0","1","40 01:09.491","1","0","75 02:43.192","3","0","0","0","67301","0","0","0","N","0","0","0","2","68K01","0","","1.0","1930.0","1","N","N","N","0","","1","0","1","0","0","Y","1759","2","2","1","0","0","1","0","2","0","2","0","0","0","3","","","N","","","","","","","","","",""
"2022032702","1630","2","0","0","0","0","0","0","0","0","1","0","","67","3","2022","7","39.888923","-75.202245","1625","6","0","0","0","0","0","0","0","0","","0","0","0","16","1","2","N","0","2","39 53:20.121","1","3","75 12:08.081","8","0","0","0","67301","0","0","0","N","0","0","0","5","68K01","0","","2.0","1715.0","2","N","N","N","0","","0","0","1","0","0","N","1625","3","2","0","0","0","2","0","2","0","3","0","0","0","2","02","","N","","","","","","","","","",""
"2022031372","2145","2","0","0","0","0","0","0","0","0","2","0","","67","3","2022","4","40.041216","-75.106879","2145","6","0","0","0","0","0","0","0","0","","0","0","0","21","3","0","N","0","1","40 02:28.377","1","0","75 06:24.766","0","0","0","0","67301","0","0","0","N","0","0","0","2","67301","0","","1.0","30.0","1","N","N","N","0","","0","0","0","0","0","N","2132","2","0","2","0","0","0","0","2","0","2","0","0","0","3","03","","N","","","","","","","","","",""
"2022043896","2007","1","0","0","0","0","0","0","0","0","4","0","","67","5","2022","1","39.937214","-75.226503","2004","6","0","0","0","0","0","0","0","0","","0","0","0","19","4","1","N","0","0","39 56:13.970","","0","75 13:35.410","8","0","0","0","67301","0","0","0","N","0","0","0","1","67301","0","","1.0","","1","N","N","N","0","","0","0","0","0","0","","1956","2","1","0","0","0","1","0","2","0","2","0","0","0","3","","","N","","","","","","","","","",""
"2022032919","2120","0","0","0","0","0","0","0","0","0","4","0","","67","3","2022","4","39.983436","-75.119145","2118","6","0","0","0","0","0","0","0","0","","0","0","0","21","3","1","","1","0","39 59:00.370","","0","75 07:08.921","3","0","0","1","67301","0","0","0","N","0","0","0","2","67301","0","","1.0","","1","N","N","N","0","","1","0","0","3","2","","2117","2","1","0","0","0","0","0","2","0","2","0","0","0","3","03","","N","","","","","","","","","",""
"2022050874","0435","1","0","0","0","0","0","0","0","0","7","0","","67","2","2022","4","39.981269","-75.206898","0433","6","0","0","0","0","0","0","0","0","","0","0","0","4","3","0","N","0","0","39 58:52.567","","0","75 12:24.834","9","0","0","0","67301","0","0","0","N","0","0","0","1","68K01","0","","4.0","","9","N","N","N","0","","0","0","0","0","0","","431","1","0","0","0","0","0","1","2","0","1","0","0","0","3","03","","N","","","","","","","","","",""
"2022024133","1815","0","0","0","0","0","0","0","0","0","8","0","","67","3","2022","2","39.958928","-75.24139","1810","6","0","0","0","0","0","0","0","0","","0","0","0","16","1","1","","1","0","39 57:32.141","","0","75 14:29.004","3","0","0","0","67301","1","0","0","N","1","0","0","2","67301","0","","1.0","","1","N","N","N","0","","1","0","1","3","2","","1622","2","1","0","0","0","0","0","2","0","1","1","0","0","4","04","","N","","","","","","","","","",""
"2022035904","1705","0","0","0","0","0","0","0","0","0","5","0","","67","4","2022","6","40.003472","-75.154806","1700","6","0","0","0","0","0","0","0","0","","0","0","0","16","1","0","N","0","2","40 00:12.500","4","0","75 09:17.300","0","0","0","0","67301","0","0","0","N","0","0","0","1","67505","0","","6.0","40.0","1","N","N","N","0","","0","0","2","0","0","Y","1655","2","0","0","0","0","0","0","2","0","2","0","0","0","3","03","","N","","","","","","","","","",""
"2022051779","1241","0","0","0","0","0","0","0","0","0","4","1","","67","6","2022","4","40.017041","-75.150419","1240","6","0","0","0","0","0","1","0","0","","0","1","0","12","1","2","","2","0","40 01:01.347","","0","75 09:01.508","3","0","0","0","67301","0","0","0","N","0","0","0","3","67301","0","","1.0","","1","N","N","N","1","","2","0","1","0","0","","1235","3","2","0","0","0","0","0","2","0","3","0","0","0","3","03","","N","","","","","","","","","",""
"2022017077","1716","0","0","0","0","0","0","0","0","0","4","0","","67","2","2022","1","39.983789","-75.257117","1455","6","0","0","0","0","0","1","1","0","","0","0","0","14","1","1","","1","0","39 59:01.640","","0","75 15:25.621","3","0","0","0","67301","0","0","0","N","0","0","0","2","67301","0","","1.0","","9","N","N","N","0","","1","0","2","3","3","","1430","2","1","0","0","0","0","0","2","0","2","0","0","0","3","07","","N","","","","","","","","","",""
"2022043808","0215","1","0","0","0","0","0","0","0","0","1","0","","67","5","2022","7","40.046784","-75.070288","0207","6","0","0","0","0","0","0","0","0","","0","0","0","1","3","1","","1","0","40 02:48.424","","0","75 04:13.037","4","0","0","0","67301","0","0","0","N","0","0","0","1","67301","1","","4.0","","9","N","N","N","1","","0","0","0","0","0","","153","2","1","0","0","0","0","0","2","0","2","0","0","0","7","","","N","","","","","","","","","",""
"2022051025","1305","1","0","0","0","0","0","0","0","0","1","0","","67","5","2022","4","40.046432","-75.001425","1249","6","0","0","0","0","0","0","0","0","","0","0","0","12","1","0","N","0","0","40 02:47.154","","0","75 00:05.129","0","0","0","0","67301","0","0","0","N","0","0","0","2","68K01","0","","1.0","","1","N","N","N","0","","0","0","1","0","0","","1245","2","0","0","0","0","0","0","2","0","2","0","0","0","3","","","N","","","","","","","","","",""
"2022019667","1620","1","0","0","0","0","0","0","0","0","8","0","","67","2","2022","6","40.044394","-75.143567","1615","6","0","0","0","0","0","0","0","0","","0","0","0","16","1","1","","1","0","40 02:39.820","","0","75 08:36.842","3","0","0","0","67301","1","0","0","N","1","0","0","2","67301","0","","1.0","","1","N","N","N","0","","1","0","0","3","2","","1614","2","1","0","0","0","0","0","2","0","1","1","0","0","3","","","N","","","","","","","","","",""
"2022036819","1222","1","0","0","0","0","0","1","0","0","4","1","","67","3","2022","2","40.039076","-75.144733","1222","6","0","0","0","0","0","0","1","0","","0","0","0","12","1","3","","1","2","40 02:20.672","2","0","75 08:41.040","4","0","0","0","67301","0","0","0","N","0","0","0","4","67508","1","","1.0","9999.0","1","","","N","0","","0","0","0","3","2","Y","1222","2","3","0","0","0","2","0","2","0","2","0","0","0","3","03","","N","","","","","","","","","",""
"2022037725","1219","1","0","0","0","0","0","0","0","0","1","0","","67","4","2022","2","39.956848","-75.153235","1201","6","0","0","0","0","0","0","0","0","","0","0","0","11","1","1","N","0","0","39 57:24.654","","0","75 09:11.646","8","0","0","0","67301","0","0","0","N","0","0","0","2","68K01","0","","1.0","","1","N","N","N","0","","0","0","1","0","0","","1158","2","1","0","0","0","1","0","2","0","2","0","0","0","4","04","","N","","","","","","","","","",""