"CRN","ARRIVAL_TM","AUTOMOBILE_COUNT","BELTED_DEATH_COUNT","BELTED_SUSP_SERIOUS_INJ_COUNT","BICYCLE_COUNT","BICYCLE_DEATH_COUNT","BICYCLE_SUSP_SERIOUS_INJ_COUNT","BUS_COUNT","CHLDPAS_DEATH_COUNT","CHLDPAS_SUSP_SERIOUS_INJ_COUNT","COLLISION_TYPE","COMM_VEH_COUNT","CONS_ZONE_SPD_LIM","COUNTY","CRASH_MONTH","CRASH_YEAR","DAY_OF_WEEK","DEC_LATITUDE","DEC_LONGITUDE","DISPATCH_TM","DISTRICT","DRIVER_COUNT_16YR","DRIVER_COUNT_17YR","DRIVER_COUNT_18YR","DRIVER_COUNT_19YR","DRIVER_COUNT_20YR","DRIVER_COUNT_50_64YR","DRIVER_COUNT_65_74YR","DRIVER_COUNT_75PLUS","EST_HRS_CLOSED","FATAL_COUNT","HEAVY_TRUCK_COUNT","HORSE_BUGGY_COUNT","HOUR_OF_DAY","ILLUMINATION","INJURY_COUNT","INTERSECTION_RELATED","INTERSECT_TYPE","LANE_CLOSED","LATITUDE","LN_CLOSE_DIR","LOCATION_TYPE","LONGITUDE","MAX_SEVERITY_LEVEL","MCYCLE_DEATH_COUNT","MCYCLE_SUSP_SERIOUS_INJ_COUNT","MOTORCYCLE_COUNT","MUNICIPALITY","NONMOTR_COUNT","NONMOTR_DEATH_COUNT","NONMOTR_SUSP_SERIOUS_INJ_COUNT","NTFY_HIWY_MAINT","PED_COUNT","PED_DEATH_COUNT","PED_SUSP_SERIOUS_INJ_COUNT","PERSON_COUNT","POLICE_AGCY","POSSIBLE_INJ_COUNT","RDWY_SURF_TYPE_CD","RELATION_TO_ROAD","ROADWAY_CLEARED","ROAD_CONDITION","SCH_BUS_IND","SCH_ZONE_IND","SECONDARY_CRASH","SMALL_TRUCK_COUNT","SPEC_JURIS_CD","SUSP_MINOR_INJ_COUNT","SUSP_SERIOUS_INJ_COUNT","SUV_COUNT","TCD_FUNC_CD","TCD_TYPE","TFC_DETOUR_IND","TIME_OF_DAY","TOTAL_UNITS","TOT_INJ_COUNT","UNBELTED_OCC_COUNT","UNB_DEATH_COUNT","UNB_SUSP_SERIOUS_INJ_COUNT","UNK_INJ_DEG_COUNT","UNK_INJ_PER_COUNT","URBAN_RURAL","VAN_COUNT","VEHICLE_COUNT","VULNERABLE_ROAD_USER_COUNT","VULNERABLE_ROAD_USER_DEATH_COUNT","VULNERABLE_ROAD_USER_SER_INJ_COUNT","WEATHER1","WEATHER2","WORKERS_PRES","WORK_ZONE_IND","WORK_ZONE_LOC","WORK_ZONE_TYPE","WZ_CLOSE_DETOUR","WZ_FLAGGER","WZ_LAW_OFFCR_IND","WZ_LN_CLOSURE","WZ_MOVING","WZ_OTHER","WZ_SHLDER_MDN","WZ_WORKERS_INJ_KILLED"
"2022044103","1120","1","0","0","0","0","0","0","0","0","5","0","","67","5","2022","4","40.040989","-75.144199","1120","6","0","0","0","0","0","0","0","0","","0","1","0","4","6","1","N","0","0","40 02:27.559","","0","75 08:39.116","4","0","0","0","67301","0","0","0","N","0","0","0","2","67301","1","","1.0","","99","N","N","N","0","","0","0","0","0","0","","400","2","1","1","0","0","0","1","2","0","2","0","0","0","99","","","N","","","","","","","","","",""
"2022020310","0835","2","0","0","0","0","0","0","0","0","4","0","","67","2","2022","6","39.977153","-75.146069","0833","6","0","0","0","1","0","0","1","0","","0","0","0","8","1","1","","1","0","39 58:37.750","","0","75 08:45.848","4","0","0","0","67301","0","0","0","N","0","0","0","2","67301","1","","1.0","","9","N","N","N","0","","0","0","0","3","3","","810","2","1","0","0","0","0","0","2","0","2","0","0","0","7","07","","N","","","","","","","","","",""
"2022014783","1547","1","0","0","0","0","0","0","0","0","8","0","","67","2","2022","3","39.969078","-75.245491","1545","6","0","0","0","0","0","0","0","0","","0","0","0","15","1","1","N","0","0","39 58:08.680","","0","75 14:43.767","3","0","0","0","67301","1","0","0","N","1","0","0","2","67301","0","","1.0","","6","N","N","N","0","","1","0","0","0","0","","1542","2","1","0","0","0","0","1","2","0","1","1","0","0","3","","","N","","","","","","","","","",""
"2022036298","0115","1","0","0","0","0","0","0","0","0","7","0","","67","4","2022","6","39.974644","-75.194183","0113","6","0","0","0","0","0","0","0","0","","0","0","0","1","3","0","N","0","0","39 58:28.719","","0","75 11:39.060","0","0","0","0","67301","0","0","0","N","0","0","0","1","68K01","0","","5.0","","9","N","N","N","0","","0","0","0","0","0","","103","1","0","0","0","0","0","0","2","0","1","0","0","0","7","07","","N","","","","","","","","","",""
"2022037465","0208","1","0","0","0","0","0","0","0","0","7","0","","67","3","2022","6","40.007373","-75.200726","0205","6","0","0","0","0","0","0","0","0","","0","0","0","2","3","0","N","0","2","40 00:26.543","3","0","75 12:02.612","9","0","0","0","67301","0","0","0","Y","0","0","0","1","68K01","0","","4.0","300.0","9","N","N","N","0","","0","0","0","0","0","Y","203","1","0","0","0","0","0","1","2","0","1","0","0","0","3","03","","N","","","","","","","","","",""
"2022014571","0015","2","0","0","0","0","0","0","0","0","0","0","","67","1","2022","4","39.947348","-75.164753","0007","6","0","0","0","0","0","0","0","0","","0","0","0","23","3","0","N","0","0","39 56:50.451","","0","75 09:53.109","0","0","0","0","67301","0","0","0","N","0","0","0","3","67301","0","","1.0","","1","N","N","N","0","","0","0","1","0","0","","2300","3","0","1","0","0","0","0","2","0","3","0","0","0","3","03","","N","","","","","","","","","",""
"2022014609","0848","1","0","0","0","0","0","0","0","0","4","0","","67","1","2022","4","40.094644","-75.015196","0843","6","0","0","0","0","0","2","0","0","","0","0","0","8","1","1","","1","0","40 05:40.718","","0","75 00:54.707","3","0","0","0","67301","0","0","0","N","0","0","0","3","67301","0","","1.0","","1","N","N","N","0","","1","0","1","3","2","","833","2","1","0","0","0","0","0","2","0","2","0","0","0","3","03","","N","","","","","","","","","",""
"2022043918","0800","1","0","0","0","0","0","0","0","0","4","0","","67","5","2022","3","40.044928","-75.165383","0756","6","0","0","0","0","0","0","0","0","","0","0","0","7","1","1","N","0","0","40 02:41.740","","0","75 09:55.380","4","0","0","0","67301","0","0","0","N","0","0","0","2","67301","1","","1.0","","1","N","N","N","0","","0","0","1","0","0","","745","2","1","0","0","0","0","0","2","0","2","0","0","0","3","","","N","","","","","","","","","",""
"2022037308","0701","1","0","0","0","0","0","0","0","0","1","0","","67","3","2022","3","40.006756","-75.073549","0632","6","0","0","0","0","0","1","0","0","","0","0","0","6","1","0","N","0","0","40 00:24.320","","0","75 04:24.775","0","0","0","0","67301","0","0","0","N","0","0","0","2","68K01","0","","1.0","","1","N","N","Y","1","","0","0","0","0","0","","632","2","0","0","0","0","0","0","2","0","2","0","0","0","3","03","","N","","","","","","","","","",""
"2022014721","1735","2","0","0","0","0","0","0","0","0","4","0","","67","1","2022","5","40.033502","-75.0403","1731","6","0","0","0","0","0","0","0","1","","0","0","0","17","3","1","","1","0","40 02:00.607","","0","75 02:25.079","4","0","0","0","67301","0","0","0","N","0","0","0","4","67301","1","","1.0","","1","N","N","Y","0","","0","0","1","3","3","","1726","3","1","1","0","0","0","0","2","0","3","0","0","0","3","","","N","","","","","","","","","",""
"2022020660","1530","2","0","0","0","0","0","0","0","0","4","0","","67","2","2022","5","40.017483","-75.085539","1520","6","0","0","0","0","0","1","0","0","","0","0","0","15","1","0","","1","0","40 01:02.938","","0","75 05:07.940","9","0","0","0","67301","0","0","0","N","0","0","0","3","67301","0","","1.0","","1","N","N","N","0","","0","0","0","3","3","","1517","2","0","0","0","0","0","1","2","0","2","0","0","0","3","","","N","","","","","","","","","",""
"2022037707","2044","3","0","0","0","0","0","0","0","0","1","0","","67","4","2022","2","39.989525","-75.206235","2044","6","0","0","0","0","0","1","0","0","","0","0","0","20","1","0","N","0","1","39 59:22.289","3","0","75 12:22.446","0","0","0","0","67301","0","0","0","N","0","0","0","3","68K01","0","","1.0","2100.0","1","N","N","N","0","","0","0","0","0","0","N","2044","3","0","0","0","0","0","0","2","0","3","0","0","0","3","03","","N","","","","","","","","","",""
"2022027738","0410","1","0","0","0","0","0","0","0","0","7","0","","67","3","2022","7","39.955556","-75.148187","0328","6","0","0","0","0","0","0","0","0","","1","0","0","3","3","1","N","0","2","39 57:20.000","4","2","75 08:53.473","1","0","0","0","67301","0","0","0","N","0","0","0","2","67501","0","1","4.0","730.0","1","N","N","N","0","0","0","1","0","0","0","Y","318","1","1","0","0","0","0","0","2","0","1","0","0","0","3","03","","N","","","","","","","","","",""
"2022014808","1830","1","0","0","0","0","0","0","0","0","8","0","","67","2","2022","3","39.992957","-75.110258","1830","6","0","0","0","0","0","1","0","0","","0","0","0","15","8","1","","1","0","39 59:34.645","","0","75 06:36.928","4","0","0","0","67301","1","0","0","N","1","0","0","2","67301","1","","1.0","","99","N","N","N","0","","0","0","0","3","2","","1500","2","1","0","0","0","0","0","2","0","1","1","0","0","3","","","N","","","","","","","","","",""
"2022014858","1442","0","0","0","0","0","0","0","0","0","4","0","","67","1","2022","6","40.050773","-75.148714","1436","6","0","0","0","0","0","0","1","0","","0","0","0","14","1","1","","1","0","40 03:02.783","","0","75 08:55.370","3","0","0","0","67301","0","0","0","N","0","0","0","2","67301","0","","1.0","","8","N","N","N","0","","1","0","2","3","1","","1415","2","1","1","0","0","0","0","2","0","2","0","0","0","10","10","","N","","","","","","","","","",""
"2022014645","0740","0","0","0","0","0","0","0","0","0","4","0","","67","1","2022","6","39.90369","-75.243239","0734","6","0","0","0","0","0","0","0","0","","0","0","0","7","1","5","","1","0","39 54:13.285","","0","75 14:35.660","3","0","0","0","67301","0","0","0","N","0","0","0","8","67301","0","","1.0","","1","N","N","N","1","","5","0","2","3","2","","733","3","5","0","0","0","0","0","2","0","3","0","0","0","3","03","","N","","","","","","","","","",""
"2022036991","1415","1","0","0","0","0","0","0","0","0","4","1","","67","4","2022","4","40.052384","-74.987374","1400","6","0","0","0","0","0","1","0","0","","0","1","0","14","1","0","N","0","1","40 03:08.584","1","0","74 59:14.548","0","0","0","0","67301","0","0","0","N","0","0","0","4","68M03","0","","1.0","1500.0","1","N","N","N","0","","0","0","0","0","0","Y","1400","2","0","0","0","0","0","0","2","0","2","0","0","0","3","03","","N","","","","","","","","","",""
"2022014889","1640","2","0","0","0","0","0","0","0","0","4","0","","67","1","2022","4","40.020198","-75.150541","1635","6","0","0","0","0","0","0","0","1","","0","0","0","16","1","1","","1","0","40 01:12.714","","3","75 09:01.947","8","0","0","0","67301","0","0","0","N","0","0","0","3","67301","0","","1.0","","1","N","N","N","0","","0","0","0","3","2","","1620","2","1","0","0","0","1","0","2","0","2","0","0","0","3","","","N","","","","","","","","","",""
"2022014860","1530","0","0","0","0","0","0","0","0","0","4","0","","67","1","2022","1","40.048403","-75.137645","1530","6","0","0","0","0","0","0","0","0","","0","0","0","15","1","1","","1","0","40 02:54.250","","0","75 08:15.522","8","0","0","0","67301","0","0","0","N","0","0","0","2","67301","0","","1.0","","2","N","N","N","0","","0","0","1","3","3","","1520","2","1","0","0","0","1","0","2","0","2","0","0","0","3","","","N","","","","","","","","","",""
"2022014780","1200","0","0","0","0","0","0","0","0","0","5","0","","67","1","2022","6","39.967928","-75.250572","1136","6","0","0","0","0","0","0","0","0","","0","0","0","21","3","0","N","0","0","39 58:04.540","","0","75 15:02.060","0","0","0","0","67301","0","0","0","N","0","0","0","1","67301","0","","6.0","","7","N","N","N","0","","0","0","1","0","0","","2100","2","0","0","0","0","0","0","2","0","2","0","0","0","10","10","","N","","","","","","","","","",""
"2022037485","0441","1","0","0","0","0","0","0","0","0","7","0","","67","4","2022","7","39.983473","-75.208076","0433","6","0","0","0","0","0","0","0","0","","0","0","0","4","3","0","N","0","2","39 59:00.501","4","0","75 12:29.073","0","0","0","0","67301","0","0","0","N","0","0","0","2","68K01","0","","4.0","449.0","9","N","N","N","0","","0","0","0","0","0","N","432","1","0","0","0","0","0","0","2","0","1","0","0","0","3","","","N","","","","","","","","","",""
"2022016860","0506","2","0","0","0","0","0","0","0","0","4","0","","67","1","2022","5","39.996783","-75.115974","0505","6","0","0","0","0","0","0","0","0","","0","0","0","5","1","0","","2","0","39 59:48.419","","0","75 06:57.506","9","0","0","0","67301","0","0","0","N","0","0","0","3","67301","0","","1.0","","1","N","N","N","0","","0","0","0","0","0","","500","2","0","3","0","0","0","1","2","0","2","0","0","0","3","03","","N","","","","","","","","","",""
"2022014726","0115","0","0","0","0","0","0","0","0","0","7","0","","67","1","2022","7","40.008227","-75.090418","0112","6","0","0","0","0","0","1","0","0","","0","0","0","0","3","2","N","0","0","40 00:29.618","","0","75 05:25.504","3","0","0","0","67301","0","0","0","N","0","0","0","2","67301","0","","4.0","","7","N","N","N","0","","2","0","1","0","0","","56","1","2","0","0","0","0","0","2","0","1","0","0","0","10","10","","N","","","","","","","","","",""
"2022023773","1621","1","0","0","0","0","0","0","0","0","8","0","","67","1","2022","4","39.993891","-75.114694","1620","6","0","0","0","0","0","0","1","0","","0","0","0","16","1","1","","1","0","39 59:38.007","","0","75 06:52.898","3","0","0","0","67301","1","0","0","N","1","0","0","2","67301","0","","1.0","","1","N","Y","N","0","","1","0","0","3","3","","1600","2","1","1","0","0","0","0","2","0","1","1","0","0","3","","","N","","","","","","","","","",""
"2022014582","1514","1","0","0","0","0","0","0","0","0","5","0","","67","1","2022","5","40.078283","-75.036598","1512","6","0","0","0","0","0","0","0","1","","0","0","0","15","1","1","N","0","0","40 04:41.818","","0","75 02:11.754","3","0","0","0","67301","0","0","0","N","0","0","0","2","67301","0","","1.0","","1","N","N","N","1","","1","0","1","0","0","","1500","3","1","0","0","0","0","0","2","0","3","0","0","0","3","03","","N","","","","","","","","","",""
"2022036652","2033","1","0","0","0","0","0","0","0","0","8","0","","67","4","2022","2","39.984681","-75.156494","2030","6","0","0","0","0","0","0","0","0","","0","0","0","20","3","1","N","1","0","39 59:04.850","","0","75 09:23.377","8","0","0","0","67301","1","0","0","N","1","0","0","2","67505","0","","1.0","","9","N","N","N","0","","0","0","0","3","2","","2012","2","1","0","0","0","1","1","2","0","1","1","0","0","7","07","","N","","","","","","","","","",""
"2022014626","1130","1","0","0","0","0","0","0","0","0","1","0","","67","1","2022","6","39.971556","-75.170417","1118","6","0","0","0","0","0","0","0","0","","0","0","0","11","1","0","N","0","0","39 58:17.600","","0","75 10:13.500","0","0","0","0","67301","0","0","0","N","0","0","0","1","67301","0","","6.0","","6","N","Y","N","0","","0","0","1","0","0","","1100","3","0","0","0","0","0","0","2","1","3","0","0","0","10","10","","N","","","","","","","","","",""
"2022037739","0635","1","0","0","0","0","0","0","0","0","5","0","","67","4","2022","3","40.021699","-75.039299","0635","6","0","0","0","0","0","0","0","0","","0","0","0","6","5","7","N","0","1","40 01:18.115","1","0","75 02:21.477","3","0","0","0","67301","0","0","0","N","0","0","0","7","68K01","0","","1.0","655.0","9","N","N","Y","0","","7","0","1","0","0","N","634","2","7","0","0","0","0","0","2","0","2","0","0","0","3","","","N","","","","","","","","","",""
"2022014610","1420","0","0","0","0","0","0","0","0","0","1","0","","67","1","2022","4","40.079472","-75.029637","1415","6","0","0","0","0","0","0","0","0","","0","0","0","13","1","2","N","0","0","40 04:46.098","","0","75 01:46.692","8","0","0","0","67301","0","0","0","N","0","0","0","3","67301","0","","1.0","","1","N","N","N","1","","0","0","1","0","0","","1355","2","2","0","0","0","2","1","2","0","2","0","0","0","3","03","","N","","","","","","","","","",""
"2022014861","2142","1","0","0","0","0","0","0","0","0","4","0","","67","1","2022","6","40.030583","-75.146476","2142","6","0","0","0","0","0","0","0","0","","0","0","0","22","3","1","","1","0","40 01:50.100","","0","75 08:47.313","4","0","0","0","67301","0","0","0","N","0","0","0","2","67301","1","","1.0","","7","N","N","N","0","","0","0","0","3","2","","2200","2","1","0","0","0","0","0","2","0","2","0","0","0","10","","","N","","","","","","","","","",""
"2022044040","2300","1","0","0","0","0","0","0","0","0","5","0","","67","4","2022","5","40.0065","-75.095278","2300","6","0","0","0","0","0","0","0","0","","0","0","0","21","3","1","N","0","0","40 00:23.400","","7","75 05:43.000","4","0","0","0","67301","0","0","0","N","0","0","0","2","67301","1","","1.0","","1","N","N","N","0","","0","0","1","0","0","","2115","2","1","0","0","0","0","1","2","0","2","0","0","0","3","","","N","","","","","","","","","",""
"2022051345","1241","1","0","0","0","0","0","0","0","0","1","0","","67","6","2022","5","40.006022","-75.151964","1240","6","0","0","0","0","0","0","1","0","","0","0","0","12","1","1","N","0","0","40 00:21.679","","0","75 09:07.070","4","0","0","0","67301","0","0","0","N","0","0","0","2","67505","1","","1.0","","1","N","N","Y","1","","0","0","2","0","0","","1238","4","1","0","0","0","0","0","2","0","4","0","0","0","3","03","","N","","","","","","","","","",""
"2022025804","1756","1","0","0","0","0","0","0","0","0","4","0","","67","3","2022","7","39.999837","-75.114796","1745","6","0","0","0","0","0","0","0","0","","0","0","0","17","1","1","","1","0","39 59:59.413","","0","75 06:53.265","3","0","0","0","67301","0","0","0","N","0","0","0","2","67301","0","","1.0","","1","N","N","N","0","","1","0","1","2","2","","1743","2","1","0","0","0","0","0","2","0","2","0","0","0","3","98","","N","","","","","","","","","",""
"2022043846","1430","1","0","0","0","0","0","0","0","0","4","0","","67","4","2022","3","40.069107","-75.007363","1415","6","0","0","0","0","1","0","0","0","","0","0","0","14","1","1","N","0","0","40 04:08.785","","7","75 00:26.506","8","0","0","0","67301","0","0","0","N","0","0","0","2","67301","0","","1.0","","1","N","N","N","0","","0","0","1","0","0","","1402","2","1","0","0","0","1","0","2","0","2","0","0","0","3","03","","N","","","","","","","","","",""
"2022024079","1114","0","0","0","0","0","0","0","0","0","5","0","","67","3","2022","1","39.957928","-75.161262","1003","6","0","0","0","0","0","0","0","0","","0","0","0","2","3","0","N","0","0","39 57:28.541","","99","75 09:40.544","0","0","0","0","67301","0","0","0","N","0","0","0","1","67301","0","","6.0","","1","N","N","N","0","","0","0","1","0","0","","200","2","0","0","0","0","0","0","2","0","2","0","0","0","3","03","","N","","","","","","","","","",""
"2022014779","0130","0","0","0","0","0","0","0","0","0","5","0","","67","1","2022","6","39.985014","-75.238053","0120","6","0","0","0","0","0","0","0","0","","0","0","0","23","3","0","N","0","0","39 59:06.050","","0","75 14:16.990","9","0","0","0","67301","0","0","0","N","0","0","0","1","67301","0","","6.0","","7","N","N","N","1","","0","0","1","0","0","","2343","3","0","0","0","0","0","1","2","1","3","0","0","0","10","10","","N","","","","","","","","","",""
"2022017600","","2","0","0","0","0","0","0","0","0","1","0","","67","1","2022","3","40.077412","-75.175518","","6","0","0","0","0","0","0","0","0","","0","0","0","20","1","1","","1","0","40 04:38.684","","0","75 10:31.865","8","0","0","0","67301","0","0","0","N","0","0","0","2","00000","0","","1.0","","1","N","N","N","0","","0","0","0","3","2","","2005","2","1","0","0","0","1","0","2","0","2","0","0","0","3","","","N","","","","","","","","","",""
"2022024968","1505","1","0","0","0","0","0","0","0","0","7","0","","67","3","2022","5","39.897205","-75.212758","1501","6","0","0","0","0","0","0","1","0","","0","0","0","15","1","1","N","0","0","39 53:49.939","","3","75 12:45.930","3","0","0","0","67301","0","0","0","N","0","0","0","1","67301","0","","4.0","","1","N","N","N","0","","1","0","0","0","0","","1500","1","1","1","0","0","0","0","2","0","1","0","0","0","3","03","","N","","","","","","","","","",""
"2022050818","1423","1","0","0","0","0","0","0","0","0","4","0","","67","5","2022","7","39.990431","-75.126996","1423","6","0","0","0","0","0","0","0","0","","0","0","0","1","3","1","","1","9","39 59:25.550","","0","75 07:37.185","8","0","0","0","67301","0","0","0","N","0","0","0","1","67301","0","","1.0","","9","N","N","N","0","","0","0","1","3","2","","100","2","1","1","0","0","1","0","2","0","2","0","0","0","7","","","N","","","","","","","","","",""
"2022016149","0850","2","0","0","0","0","0","0","0","0","1","0","","67","2","2022","6","40.081921","-75.030665","0842","6","0","0","0","0","1","1","0","1","","0","0","0","8","1","1","N","0","2","40 04:54.916","3","0","75 01:50.395","3","0","0","0","67301","0","0","0","N","0","0","0","5","67301","0","","1.0","200.0","1","N","N","N","0","","1","0","2","0","0","Y","830","4","1","0","0","0","0","0","2","0","4","0","0","0","3","","","N","","","","","","","","","",""
"2022029224","0915","2","0","1","0","0","0","0","0","0","5","0","","67","3","2022","3","40.029738","-75.08785","0912","6","0","0","0","1","0","1","0","1","","0","0","0","9","1","3","Y","0","1","40 01:47.058","1","0","75 05:16.261","2","0","0","0","67301","0","0","0","N","0","0","0","3","67301","1","","1.0","1010.0","1","N","N","N","1","","1","1","0","3","2","Y","908","3","3","1","0","0","0","0","2","0","3","0","0","0","3","03","","N","","","","","","","","","",""
"2022037482","0056","2","0","0","0","0","0","0","0","0","1","0","","67","4","2022","7","39.947895","-75.186608","0050","6","0","0","0","0","0","0","0","0","","0","0","0","0","3","1","","6","2","39 56:52.422","4","2","75 11:11.789","4","0","0","0","67301","0","0","0","N","0","0","0","3","68K01","1","","7.0","130.0","9","N","N","N","0","","0","0","0","0","0","N","20","2","1","0","0","0","0","0","2","0","2","0","0","0","7","","","N","","","","","","","","","",""
"2022023713","2110","1","0","0","0","0","0","0","0","0","4","0","","67","2","2022","2","39.910347","-75.150855","2104","6","0","0","0","0","0","0","0","0","","0","0","0","21","3","2","","1","0","39 54:37.249","","2","75 09:03.078","3","0","0","0","67301","0","0","0","N","0","0","0","3","67301","1","","1.0","","1","N","N","N","0","","1","0","0","3","2","","2103","2","2","0","0","0","0","0","2","0","2","0","0","0","3","03","","N","","","","","","","","","",""
"2022029850","1707","0","0","0","0","0","0","0","0","0","4","0","","67","3","2022","6","40.011111","-75.164141","1701","6","0","0","0","0","0","0","0","0","","0","0","0","17","1","0","","2","2","40 00:39.998","4","0","75 09:50.907","0","0","0","0","67301","0","0","0","N","0","0","0","2","67301","0","","1.0","1817.0","1","N","N","N","0","","0","0","2","3","2","Y","1701","2","0","2","0","0","0","0","2","0","2","0","0","0","3","03","","N","","","","","","","","","",""
"2022019513","0845","1","0","0","0","0","0","0","0","0","4","0","","67","2","2022","4","39.960654","-75.192616","0840","6","0","0","0","0","0","0","0","0","","0","0","0","8","1","0","","1","0","39 57:38.354","","0","75 11:33.417","0","0","0","0","67301","0","0","0","N","0","0","0","2","67507","0","","1.0","","9","N","N","N","0","","0","0","0","3","3","","830","2","0","0","0","0","0","0","2","1","2","0","0","0","4","","","N","","","","","","","","","",""
"2022012017","1947","2","0","0","0","0","0","0","0","0","4","0","","67","1","2022","2","40.050703","-75.117743","1947","6","0","0","0","0","0","1","0","0","","0","0","0","19","3","1","N","0","1","40 03:02.529","6","7","75 07:03.874","8","0","0","0","67301","0","0","0","N","0","0","0","2","46102","0","","1.0","2051.0","9","N","N","N","0","","0","0","0","0","0","N","1947","2","1","1","0","0","1","0","2","0","2","0","0","0","3","03","","N","","","","","","","","","",""
"2022014862","1048","2","0","0","0","0","0","0","0","0","4","0","","67","1","2022","2","40.03744","-75.132301","1045","6","0","0","0","0","0","0","0","0","","0","0","0","10","1","3","","1","0","40 02:14.784","","0","75 07:56.283","3","0","0","0","67301","0","0","0","N","0","0","0","4","67301","0","","1.0","","6","N","N","N","1","","3","0","0","3","3","","1030","3","3","0","0","0","0","0","2","0","3","0","0","0","3","03","","N","","","","","","","","","",""
"2022037457","1546","2","0","0","0","0","0","0","0","0","1","0","","67","3","2022","6","39.957641","-75.150443","1527","6","0","0","0","0","0","1","0","0","","0","0","0","15","1","0","N","0","0","39 57:27.509","","0","75 09:01.593","0","0","0","0","67301","0","0","0","N","0","0","0","6","68K01","0","","1.0","","1","N","N","N","0","","0","0","0","0","0","","1524","2","0","0","0","0","0","0","2","0","2","0","0","0","3","03","","N","","","","","","","","","",""
"2022014557","0931","1","0","0","0","0","0","0","0","0","8","0","","67","2","2022","4","39.917209","-75.17118","0928","6","0","0","0","0","0","0","1","0","","0","0","0","9","1","1","N","0","2","39 55:01.951","1","0","75 10:16.247","8","0","0","0","67301","1","0","0","N","1","0","0","2","67301","0","","1.0","1020.0","9","N","N","N","0","","0","0","0","0","0","Y","920","2","1","0","0","0","1","0","2","0","1","1","0","0","5","","","N","","","","","","","","","",""
"2022015676","0741","1","0","0","0","0","0","0","0","0","7","0","","67","1","2022","7","39.961167","-75.182137","0741","6","0","0","0","0","0","0","0","0","","0","0","0","7","1","0","N","0","0","39 57:40.201","","0","75 10:55.693","0","0","0","0","67301","0","0","0","N","0","0","0","2","68K01","0","","2.0","","7","N","N","N","0","","0","0","0","0","0","","730","1","0","0","0","0","0","0","2","0","1","0","0","0","10","04","","N","","","","","","","","","",""
"2022036286","1613","1","0","0","0","0","0","0","0","0","1","0","","67","3","2022","3","39.889927","-75.201016","1552","6","0","0","0","0","0","0","0","0","","0","0","0","15","1","2","N","0","1","39 53:23.738","2","0","75 12:03.656","3","0","0","0","67301","0","0","0","N","0","0","0","3","68K01","0","","1.0","1625.0","1","N","N","N","0","","2","0","1","0","0","N","1548","2","2","0","0","0","0","0","2","0","2","0","0","0","3","03","","N","","","","","","","","","",""
"2022016151","2020","0","0","1","0","0","0","0","0","0","4","0","","67","2","2022","3","39.902499","-75.224775","2012","6","0","0","0","0","0","0","0","0","","0","0","0","18","4","1","","2","0","39 54:08.998","","0","75 13:29.191","2","0","0","0","67301","0","0","0","N","0","0","0","2","67301","0","","1.0","","9","N","N","N","0","","0","1","2","3","2","","1852","2","1","0","0","0","0","1","2","0","2","0","0","0","7","04","","N","","","","","","","","","",""
"2022015891","1852","1","0","0","0","0","0","0","0","0","8","0","","67","1","2022","4","40.031874","-75.131503","1852","6","0","0","0","0","0","0","0","0","","0","0","0","18","3","1","","1","0","40 01:54.746","","0","75 07:53.410","3","0","0","0","67301","1","0","0","N","0","0","0","2","67301","0","","1.0","","1","N","N","N","0","","1","0","0","3","2","","1850","2","1","0","0","0","0","0","2","0","1","1","0","0","3","03","","N","","","","","","","","","",""
"2022014556","1611","0","0","0","0","0","0","0","0","0","8","0","","67","2","2022","3","39.914528","-75.16413","1610","6","0","0","0","0","0","0","0","0","","0","0","0","15","1","1","","2","0","39 54:52.300","","0","75 09:50.867","3","0","0","0","67301","1","0","0","N","1","0","0","2","67301","0","","1.0","","9","N","Y","N","0","","1","0","0","0","0","","1540","2","1","0","0","0","0","0","2","0","1","1","0","0","3","03","","N","","","","","","","","","",""
"2022012267","1557","1","0","0","0","0","0","0","0","0","7","0","","67","2","2022","3","39.983168","-75.098711","1550","6","0","0","0","0","0","0","0","0","","0","0","0","15","1","1","","7","2","39 58:59.403","2","2","75 05:55.361","3","0","0","0","67301","0","0","0","Y","0","0","0","1","68K01","0","","7.0","1645.0","1","N","N","N","0","","1","0","0","0","0","Y","1547","1","1","0","0","0","0","0","2","0","1","0","0","0","3","","","N","","","","","","","","","",""
"2022037292","2048","1","0","0","0","0","0","0","0","0","8","0","","67","4","2022","7","39.953653","-75.198763","2047","6","0","0","0","0","0","1","0","0","","0","0","0","20","3","1","","1","0","39 57:13.151","","0","75 11:55.547","8","0","0","0","67301","1","0","0","N","1","0","0","2","67504","0","","1.0","","9","N","N","N","0","","0","0","0","3","2","","2047","2","1","0","0","0","1","0","2","0","1","1","0","0","7","","","N","","","","","","","","","",""
"2022050733","2356","0","0","1","0","0","0","0","0","0","7","1","","67","5","2022","2","39.988714","-75.08808","2333","6","0","0","0","0","0","0","0","0","","0","1","0","23","3","2","N","0","1","39 59:19.372","1","0","75 05:17.087","2","0","0","0","67301","0","0","0","N","0","0","0","2","67301","0","","2.0","52.0","1","N","N","N","0","","0","1","0","0","0","N","2333","1","2","0","0","0","1","0","2","0","1","0","0","0","3","03","","N","","","","","","","","","",""
"2022048330","1305","0","0","0","0","0","0","0","0","0","8","0","","67","5","2022","6","39.984436","-75.132225","1257","6","0","0","0","0","0","1","0","0","","0","0","0","12","1","1","N","0","0","39 59:03.970","","0","75 07:56.010","8","0","0","0","67301","1","0","0","N","1","0","0","2","67301","0","","1.0","","1","N","N","N","0","","0","0","1","0","0","","1254","2","1","0","0","0","1","0","2","0","1","1","0","0","3","03","","N","","","","","","","","","",""