"CRN","ARRIVAL_TM","AUTOMOBILE_COUNT","BELTED_DEATH_COUNT","BELTED_SUSP_SERIOUS_INJ_COUNT","BICYCLE_COUNT","BICYCLE_DEATH_COUNT","BICYCLE_SUSP_SERIOUS_INJ_COUNT","BUS_COUNT","CHLDPAS_DEATH_COUNT","CHLDPAS_SUSP_SERIOUS_INJ_COUNT","COLLISION_TYPE","COMM_VEH_COUNT","CONS_ZONE_SPD_LIM","COUNTY","CRASH_MONTH","CRASH_YEAR","DAY_OF_WEEK","DEC_LATITUDE","DEC_LONGITUDE","DISPATCH_TM","DISTRICT","DRIVER_COUNT_16YR","DRIVER_COUNT_17YR","DRIVER_COUNT_18YR","DRIVER_COUNT_19YR","DRIVER_COUNT_20YR","DRIVER_COUNT_50_64YR","DRIVER_COUNT_65_74YR","DRIVER_COUNT_75PLUS","EST_HRS_CLOSED","FATAL_COUNT","HEAVY_TRUCK_COUNT","HORSE_BUGGY_COUNT","HOUR_OF_DAY","ILLUMINATION","INJURY_COUNT","INTERSECTION_RELATED","INTERSECT_TYPE","LANE_CLOSED","LATITUDE","LN_CLOSE_DIR","LOCATION_TYPE","LONGITUDE","MAX_SEVERITY_LEVEL","MCYCLE_DEATH_COUNT","MCYCLE_SUSP_SERIOUS_INJ_COUNT","MOTORCYCLE_COUNT","MUNICIPALITY","NONMOTR_COUNT","NONMOTR_DEATH_COUNT","NONMOTR_SUSP_SERIOUS_INJ_COUNT","NTFY_HIWY_MAINT","PED_COUNT","PED_DEATH_COUNT","PED_SUSP_SERIOUS_INJ_COUNT","PERSON_COUNT","POLICE_AGCY","POSSIBLE_INJ_COUNT","RDWY_SURF_TYPE_CD","RELATION_TO_ROAD","ROADWAY_CLEARED","ROAD_CONDITION","SCH_BUS_IND","SCH_ZONE_IND","SECONDARY_CRASH","SMALL_TRUCK_COUNT","SPEC_JURIS_CD","SUSP_MINOR_INJ_COUNT","SUSP_SERIOUS_INJ_COUNT","SUV_COUNT","TCD_FUNC_CD","TCD_TYPE","TFC_DETOUR_IND","TIME_OF_DAY","TOTAL_UNITS","TOT_INJ_COUNT","UNBELTED_OCC_COUNT","UNB_DEATH_COUNT","UNB_SUSP_SERIOUS_INJ_COUNT","UNK_INJ_DEG_COUNT","UNK_INJ_PER_COUNT","URBAN_RURAL","VAN_COUNT","VEHICLE_COUNT","VULNERABLE_ROAD_USER_COUNT","VULNERABLE_ROAD_USER_DEATH_COUNT","VULNERABLE_ROAD_USER_SER_INJ_COUNT","WEATHER1","WEATHER2","WORKERS_PRES","WORK_ZONE_IND","WORK_ZONE_LOC","WORK_ZONE_TYPE","WZ_CLOSE_DETOUR","WZ_FLAGGER","WZ_LAW_OFFCR_IND","WZ_LN_CLOSURE","WZ_MOVING","WZ_OTHER","WZ_SHLDER_MDN","WZ_WORKERS_INJ_KILLED"
"2022044907","0930","2","0","0","0","0","0","0","0","0","4","1","","67","5","2022","3","40.000341","-75.0838","0900","6","0","0","0","0","0","0","0","0","","0","0","0","8","1","0","","2","1","40 00:01.228","5","0","75 05:01.679","0","0","0","0","67301","0","0","0","N","0","0","0","2","67301","0","","1.0","1030.0","1","N","N","N","0","","0","0","0","3","2","N","848","2","0","0","0","0","0","0","2","0","2","0","0","0","3","03","","N","","","","","","","","","",""
"2022029354","0840","1","0","0","0","0","0","0","0","0","8","0","","67","3","2022","5","40.013666","-75.158758","0840","6","0","0","0","0","0","0","0","0","","0","0","0","8","1","1","","2","0","40 00:49.197","","0","75 09:31.528","8","0","0","0","67301","1","0","0","N","1","0","0","2","67301","0","","1.0","","9","N","N","N","0","","0","0","0","3","2","","834","2","1","0","0","0","1","0","2","0","1","1","0","0","4","07","","N","","","","","","","","","",""
"2022032907","1246","1","0","0","0","0","0","0","0","0","4","0","","67","4","2022","1","39.95726","-75.215317","1246","6","0","0","0","0","0","0","0","0","","0","0","0","12","1","1","","2","0","39 57:26.135","","7","75 12:55.142","3","0","0","0","67301","0","0","0","N","0","0","0","3","67301","0","","1.0","","1","N","N","N","0","","1","0","1","3","3","","1246","2","1","2","0","0","0","0","2","0","2","0","0","0","3","03","","N","","","","","","","","","",""
"2022021175","1542","0","0","0","0","0","0","0","0","0","4","0","","67","2","2022","2","40.06524","-75.055366","1534","6","0","0","0","0","0","1","0","0","","0","0","0","15","1","1","","1","0","40 03:54.863","","0","75 03:19.317","8","0","0","0","67301","0","0","0","N","0","0","0","2","67301","0","","1.0","","1","N","N","N","0","","0","0","1","3","3","","1505","2","1","0","0","0","1","0","2","1","2","0","0","0","3","03","","N","","","","","","","","","",""
"2022047182","1633","1","0","0","0","0","0","0","0","0","8","0","","67","5","2022","2","40.037863","-75.052399","1610","6","0","0","0","0","0","0","0","0","","0","0","0","15","1","1","","1","0","40 02:16.306","","0","75 03:08.636","3","0","0","0","67301","1","0","0","N","1","0","0","2","67301","0","","1.0","","1","N","N","N","0","","1","0","0","0","0","","1509","2","1","1","0","0","0","0","2","0","1","1","0","0","3","","","N","","","","","","","","","",""
"2022038487","0217","1","0","0","0","0","0","0","0","0","1","0","","67","4","2022","6","39.955152","-75.19832","0216","6","0","0","0","0","1","0","0","0","","0","0","0","2","3","0","","1","0","39 57:18.548","","0","75 11:53.953","0","0","0","0","67301","0","0","0","N","0","0","0","4","67504","0","","1.0","","9","N","N","N","0","","0","0","1","3","2","","210","3","0","0","0","0","0","0","2","0","3","0","0","0","7","07","","N","","","","","","","","","",""
"2022041389","1446","0","0","0","0","0","0","0","0","0","1","0","","67","4","2022","7","39.965421","-75.186045","1446","6","0","1","0","0","0","0","0","0","","0","0","0","14","1","2","N","0","2","39 57:55.514","3","0","75 11:09.762","8","0","0","0","67301","0","0","0","N","0","0","0","4","68K01","0","","1.0","1450.0","1","N","N","N","0","","0","0","2","3","8","N","1430","2","2","0","0","0","2","0","2","0","2","0","0","0","3","","","N","","","","","","","","","",""
"2022050945","2114","0","0","0","0","0","0","0","0","0","7","0","","67","5","2022","7","39.95751","-75.150536","2114","6","0","0","0","0","0","0","0","0","","0","0","0","21","1","0","N","0","1","39 57:27.037","3","0","75 09:01.930","0","0","0","0","67301","0","0","0","N","0","0","0","1","68K01","0","","4.0","2140.0","9","N","N","N","0","","0","0","1","0","0","N","2114","1","0","0","0","0","0","0","2","0","1","0","0","0","7","","","N","","","","","","","","","",""
"2022024969","1612","2","0","0","0","0","0","0","0","0","4","0","","67","3","2022","5","39.926022","-75.17267","1611","6","0","0","0","0","0","0","0","0","","0","0","0","16","1","0","","1","2","39 55:33.679","1","0","75 10:21.612","9","0","0","0","67301","0","0","0","N","0","0","0","2","67301","0","","1.0","1910.0","1","N","N","N","0","","0","0","2","3","3","Y","1611","4","0","0","0","0","0","1","2","0","4","0","0","0","4","","","N","","","","","","","","","",""
"2022016315","2006","1","0","0","0","0","0","0","0","0","4","0","","67","2","2022","7","40.011956","-75.176015","2005","6","0","0","0","0","0","0","0","0","","0","0","0","20","3","4","","1","0","40 00:43.041","","0","75 10:33.654","3","0","0","0","67301","0","0","0","N","0","0","0","4","67301","0","","1.0","","1","N","N","N","0","","4","0","1","3","2","","2004","2","4","0","0","0","0","0","2","0","2","0","0","0","3","","","N","","","","","","","","","",""
"2022029253","2109","2","0","0","0","0","0","0","0","0","4","0","","67","3","2022","5","39.992774","-75.145113","2109","6","0","0","0","0","0","0","0","0","","0","0","0","21","3","0","","1","0","39 59:33.986","","0","75 08:42.408","0","0","0","0","67301","0","0","0","N","0","0","0","3","67301","0","","1.0","","9","N","N","N","0","","0","0","1","3","2","","2100","3","0","0","0","0","0","0","2","0","3","0","0","0","7","","","N","","","","","","","","","",""
"2022032873","0131","1","0","0","0","0","0","0","0","0","8","0","","67","4","2022","7","39.945561","-75.165024","0125","6","0","0","0","0","0","0","0","0","","0","0","0","1","3","1","","1","0","39 56:44.019","","0","75 09:54.085","3","0","0","0","67301","1","0","0","N","1","0","0","2","67301","0","","1.0","","1","N","N","N","0","","1","0","0","3","2","","122","2","1","0","0","0","0","0","2","0","1","1","0","0","3","03","","N","","","","","","","","","",""
"2022044088","1352","0","0","0","0","0","0","0","0","0","8","0","","67","5","2022","3","39.990586","-75.128968","1352","6","0","0","0","0","0","0","0","0","","0","0","0","13","1","1","","2","9","39 59:26.111","","0","75 07:44.284","2","0","0","0","67301","1","0","1","N","1","0","1","2","67301","0","","1.0","","1","N","N","N","0","","0","1","0","3","2","","1350","2","1","0","0","0","0","0","2","1","1","1","0","1","3","03","","N","","","","","","","","","",""
"2022029695","0852","1","0","0","0","0","0","0","0","0","8","0","","67","3","2022","5","39.962043","-75.159259","0846","6","0","0","0","0","0","0","0","0","","0","0","0","8","1","1","","1","0","39 57:43.355","","0","75 09:33.331","2","0","0","0","67301","1","0","1","N","1","0","1","2","67301","0","","1.0","","9","N","N","N","0","","0","1","0","3","2","","841","2","1","0","0","0","0","0","2","0","1","1","0","1","4","07","","N","","","","","","","","","",""
"2022019552","0456","2","0","0","0","0","0","0","0","0","4","0","","67","2","2022","1","39.928157","-75.160233","0456","6","0","0","0","0","0","0","0","0","","0","0","0","4","3","0","","1","0","39 55:41.365","","0","75 09:36.837","0","0","0","0","67301","0","0","0","N","0","0","0","2","67301","0","","1.0","","9","N","N","N","0","","0","0","3","3","3","","456","5","0","0","0","0","0","0","2","0","5","0","0","0","6","06","","N","","","","","","","","","",""
"2022034606","1136","0","0","0","0","0","0","0","0","0","1","0","","67","3","2022","1","40.001201","-75.226387","1132","6","0","0","0","0","0","1","0","1","","0","0","0","11","1","1","","1","0","40 00:04.324","","0","75 13:34.993","4","0","0","0","67301","0","0","0","N","0","0","0","2","46104","1","","1.0","","1","N","N","N","1","","0","0","1","3","2","","1132","2","1","0","0","0","0","0","2","0","2","0","0","0","3","","","N","","","","","","","","","",""
"2022021379","0109","2","0","0","0","0","0","0","0","0","1","0","","67","2","2022","3","39.931371","-75.199538","0109","6","0","0","0","0","0","0","0","0","","0","0","0","0","3","1","N","0","1","39 55:52.936","3","0","75 11:58.336","8","0","0","0","67301","0","0","0","N","0","0","0","2","68K01","0","","1.0","100.0","1","N","N","Y","0","","0","0","0","0","0","N","29","2","1","0","0","0","1","0","2","0","2","0","0","0","3","","","N","","","","","","","","","",""
"2022025296","1530","2","0","0","0","0","0","0","0","0","4","0","","67","3","2022","1","39.995371","-75.140846","1528","6","0","0","0","1","0","0","0","0","","0","0","0","15","1","3","","1","0","39 59:43.335","","0","75 08:27.045","3","0","0","0","67301","0","0","0","N","0","0","0","4","67301","1","","1.0","","1","N","N","N","0","","2","0","1","3","3","","1528","3","3","0","0","0","0","1","2","0","3","0","0","0","3","03","","N","","","","","","","","","",""
"2022049795","0231","1","0","0","0","0","0","0","0","0","2","0","","67","5","2022","6","39.995755","-75.112752","0231","6","0","0","0","1","0","0","0","0","","1","0","0","2","3","1","N","0","0","39 59:44.717","","0","75 06:45.908","1","1","0","1","67301","0","0","0","N","0","0","0","3","67301","0","2","1.0","","1","N","N","N","0","0","1","0","0","0","0","","231","2","1","0","0","0","0","0","2","0","2","0","0","0","3","03","","N","","","","","","","","","",""
"2022026662","","0","0","0","0","0","0","0","0","0","4","0","","67","1","2022","5","40.128835","-75.013723","","6","0","0","0","0","0","0","1","0","","0","0","0","16","1","1","","1","0","40 07:43.807","","0","75 00:49.401","8","0","0","0","67301","0","0","0","N","0","0","0","2","00000","0","","1.0","","1","N","N","N","0","","0","0","2","3","2","","1615","2","1","1","0","0","1","0","2","0","2","0","0","0","3","","","N","","","","","","","","","",""
"2022012849","1238","2","0","0","0","0","0","0","0","0","5","0","","67","2","2022","4","39.942933","-75.142846","1236","6","0","0","0","0","0","0","0","0","","0","0","0","12","1","2","N","0","2","39 56:34.559","1","0","75 08:34.245","3","0","0","0","67301","0","0","0","N","0","0","0","3","68K01","0","","1.0","1330.0","9","N","N","N","0","","2","0","0","0","0","N","1232","2","2","0","0","0","0","0","2","0","2","0","0","0","3","","","N","","","","","","","","","",""
"2022014647","1926","1","0","0","0","0","0","0","0","0","4","0","","67","1","2022","1","39.926643","-75.235595","1918","6","0","0","0","0","0","0","0","0","","0","0","0","19","3","0","","1","0","39 55:35.914","","0","75 14:08.141","0","0","0","0","67301","0","0","0","N","0","0","0","3","67301","0","","1.0","","6","N","N","N","0","","0","0","1","3","2","","1912","2","0","0","0","0","0","0","2","0","2","0","0","0","10","10","","N","","","","","","","","","",""
"2022037091","1032","2","0","0","0","0","0","0","0","0","1","0","","67","3","2022","5","39.959739","-75.176735","1023","6","0","0","0","0","0","3","0","0","","0","0","0","10","1","1","N","0","2","39 57:35.059","4","0","75 10:36.246","8","0","0","0","67301","0","0","0","N","0","0","0","4","68K01","0","","1.0","1122.0","9","N","N","Y","1","","0","0","0","0","0","N","1019","4","1","1","0","0","1","1","2","0","4","0","0","0","7","04","","N","","","","","","","","","",""
"2022015669","1052","0","0","0","0","0","0","0","0","0","7","0","","67","1","2022","6","40.039828","-75.006852","1049","6","0","0","0","0","1","0","0","0","","0","0","0","10","1","0","N","0","1","40 02:23.382","2","0","75 00:24.666","0","0","0","0","67301","0","0","0","N","0","0","0","2","68K01","0","","2.0","1130.0","9","N","N","N","1","","0","0","0","0","0","N","1040","1","0","0","0","0","0","0","2","0","1","0","0","0","10","04","","N","","","","","","","","","",""
"2022031049","","1","0","0","0","0","0","0","0","0","4","0","","67","1","2022","2","39.995414","-75.170878","","6","0","0","0","0","0","0","1","0","","0","0","0","13","1","4","","1","0","39 59:43.490","","0","75 10:15.160","8","0","0","0","67301","0","0","0","N","0","0","0","5","00000","0","","1.0","","1","N","N","N","0","","0","0","1","3","3","","1330","2","4","0","0","0","4","0","2","0","2","0","0","0","3","","","N","","","","","","","","","",""
"2022014799","1717","2","0","0","0","0","0","0","0","0","4","0","","67","2","2022","3","39.985138","-75.156394","1716","6","0","0","0","0","0","2","0","0","","0","0","0","17","1","1","N","0","2","39 59:06.498","1","7","75 09:23.018","4","0","0","0","67301","0","0","0","N","0","0","0","3","67301","1","","1.0","1830.0","1","N","N","Y","0","","0","0","1","0","0","Y","1715","3","1","0","0","0","0","0","2","0","3","0","0","0","3","03","","N","","","","","","","","","",""
"2022014555","1530","1","0","0","0","0","0","0","0","0","5","0","","67","2","2022","3","39.920722","-75.151225","1510","6","0","0","0","0","0","0","0","1","","0","0","0","15","1","0","N","0","0","39 55:14.600","","0","75 09:04.410","0","0","0","0","67301","0","0","0","N","0","0","0","1","67301","0","","6.0","","2","N","N","N","1","","0","0","1","0","0","","1510","3","0","0","0","0","0","0","2","0","3","0","0","0","3","","","N","","","","","","","","","",""
"2022037448","0252","1","0","0","0","0","0","0","0","0","7","0","","67","2","2022","1","39.9537","-75.181584","0237","6","0","0","0","0","0","1","0","0","","0","0","0","2","3","1","N","0","1","39 57:13.320","3","0","75 10:53.702","4","0","0","0","67301","0","0","0","N","0","0","0","1","68K01","1","","2.0","246.0","1","N","N","N","0","","0","0","0","0","0","N","236","1","1","0","0","0","0","0","2","0","1","0","0","0","3","","","N","","","","","","","","","",""
"2022014435","0430","0","0","0","0","0","0","1","0","0","8","1","","67","2","2022","3","39.99299","-75.159725","0418","6","0","0","0","0","0","0","0","0","","0","0","0","4","3","1","","1","0","39 59:34.764","","0","75 09:35.010","8","0","0","0","67301","1","0","0","N","1","0","0","2","67508","0","","1.0","","6","N","N","Y","0","","0","0","0","3","2","","418","2","1","0","0","0","1","0","2","0","1","1","0","0","3","03","","N","","","","","","","","","",""
"2022032926","1843","1","0","0","0","0","0","0","0","0","4","0","","67","3","2022","3","39.996421","-75.12578","1843","6","0","0","0","0","0","1","0","0","","0","0","0","16","1","0","","1","0","39 59:47.115","","0","75 07:32.807","0","0","0","0","67301","0","0","0","N","0","0","0","2","67301","0","","1.0","","1","N","N","N","0","","0","0","1","3","3","","1643","2","0","0","0","0","0","0","2","0","2","0","0","0","3","03","","N","","","","","","","","","",""
"2022037571","1322","0","0","0","1","0","0","0","0","0","8","0","","67","4","2022","5","39.955608","-75.189481","1320","6","0","0","0","0","0","1","0","0","","0","0","0","13","1","1","","1","0","39 57:20.190","","0","75 11:22.130","3","0","0","0","67301","1","0","0","N","0","0","0","2","67507","0","","1.0","","1","N","N","N","0","","1","0","1","3","2","","1317","2","1","0","0","0","0","0","2","0","1","1","0","0","3","","","N","","","","","","","","","",""
"2022043875","2034","1","0","0","0","0","0","0","0","0","5","0","","67","4","2022","5","39.929829","-75.221521","2032","6","0","0","0","0","0","1","0","0","","0","0","0","20","3","1","","2","0","39 55:47.385","","0","75 13:17.477","3","0","0","1","67301","0","0","0","N","0","0","0","2","67301","0","","1.0","","1","N","N","N","0","","1","0","1","0","0","","2018","3","1","0","0","0","0","0","2","0","3","0","0","0","3","03","","N","","","","","","","","","",""
"2022019664","2024","1","0","0","0","0","0","0","0","0","8","0","","67","2","2022","4","40.037447","-75.141092","2024","6","0","0","0","0","0","0","0","0","","0","0","0","17","4","1","N","0","0","40 02:14.810","","7","75 08:27.930","3","0","0","0","67301","1","0","0","N","1","0","0","2","67301","0","","1.0","","1","N","N","N","0","","1","0","0","3","3","","1755","2","1","0","0","0","0","0","2","0","1","1","0","0","3","03","","N","","","","","","","","","",""
"2022049647","2222","2","0","0","0","0","0","0","0","0","2","0","","67","5","2022","5","40.007217","-75.123438","2219","6","0","0","0","0","0","0","0","0","","0","0","0","22","3","2","","1","0","40 00:25.981","","0","75 07:24.378","3","0","0","0","67301","0","0","0","N","0","0","0","3","67301","0","","1.0","","1","N","N","N","0","","2","0","0","3","2","","2210","2","2","0","0","0","0","1","2","0","2","0","0","0","3","03","","N","","","","","","","","","",""
"2022053888","0656","0","0","0","0","0","0","0","0","0","1","0","","67","4","2022","5","39.968327","-75.129743","0647","6","0","0","0","0","1","1","0","0","","0","0","0","6","1","0","N","0","0","39 58:05.976","","0","75 07:47.075","0","0","0","0","67301","0","0","0","N","0","0","0","3","68K01","0","","1.0","","1","N","N","N","0","","0","0","1","0","0","","641","2","0","0","0","0","0","0","2","1","2","0","0","0","3","","","N","","","","","","","","","",""
"2022027978","1616","0","0","0","0","0","0","0","0","0","1","0","","67","2","2022","6","40.004046","-75.076729","1540","6","0","0","0","0","0","1","0","0","","0","0","0","15","1","0","","6","1","40 00:14.567","1","2","75 04:36.225","0","0","0","0","67301","0","0","0","N","0","0","0","2","68K01","0","","7.0","1616.0","1","N","N","N","1","","0","0","0","3","4","Y","1512","2","0","0","0","0","0","0","2","1","2","0","0","0","3","","","N","","","","","","","","","",""
"2022029656","1600","1","0","0","0","0","0","0","0","0","8","0","","67","3","2022","2","40.013083","-75.156306","1600","6","0","0","0","0","0","0","0","0","","0","0","0","19","3","1","N","0","0","40 00:47.100","","0","75 09:22.700","3","0","0","0","67301","1","0","0","N","1","0","0","2","67301","0","","1.0","","1","N","N","N","0","","1","0","0","0","0","","1930","2","1","0","0","0","0","1","2","0","1","1","0","0","3","","","N","","","","","","","","","",""
"2022037467","0401","1","0","0","0","0","0","0","0","0","7","0","","67","3","2022","6","39.982915","-75.207897","0352","6","0","0","0","0","0","0","0","0","","0","0","0","3","3","1","N","0","1","39 58:58.494","4","0","75 12:28.429","3","0","0","0","67301","0","0","0","N","0","0","0","1","68K01","0","","3.0","10.0","1","N","N","N","0","","1","0","0","0","0","N","349","1","1","0","0","0","0","0","2","0","1","0","0","0","3","03","","N","","","","","","","","","",""
"2022014433","","0","0","0","0","0","0","0","0","0","1","0","","67","1","2022","2","40.020117","-75.132177","","6","0","0","0","0","0","1","0","0","","0","0","0","23","3","3","","1","0","40 01:12.421","","0","75 07:55.837","3","0","0","0","67301","0","0","0","N","0","0","0","4","00000","0","","1.0","","1","N","N","N","0","","2","0","0","3","3","","2330","2","3","0","0","0","1","0","2","1","2","0","0","0","3","","","N","","","","","","","","","",""
"2022052523","2330","3","0","0","0","0","0","0","0","0","1","0","","67","6","2022","7","40.122453","-74.992058","2324","6","0","0","0","0","0","0","0","0","","0","0","0","21","3","0","N","0","0","40 07:20.830","","0","74 59:31.410","9","0","0","0","67301","0","0","0","N","0","0","0","1","67301","0","","4.0","","1","N","N","N","0","","0","0","0","0","0","","2130","3","0","0","0","0","0","1","2","0","3","0","0","0","3","","","N","","","","","","","","","",""
"2022014857","1045","1","0","0","0","0","0","0","0","0","1","0","","67","1","2022","6","40.050734","-75.148644","1045","6","0","0","0","0","0","1","0","1","","0","0","0","7","1","1","","1","0","40 03:02.643","","0","75 08:55.120","3","0","0","0","67301","0","0","0","N","0","0","0","5","67301","0","","1.0","","9","N","N","N","0","","1","0","1","3","2","","745","2","1","0","0","0","0","3","2","0","2","0","0","0","10","10","","N","","","","","","","","","",""
"2022030286","0056","0","0","0","0","0","0","0","0","0","1","0","","67","3","2022","6","39.950764","-75.241686","0056","6","0","0","0","0","0","0","0","0","","0","0","0","0","3","0","N","0","0","39 57:02.750","","0","75 14:30.070","0","0","0","0","67301","0","0","0","N","0","0","0","2","67301","0","","1.0","","1","N","N","N","1","","0","0","1","0","0","","21","2","0","0","0","0","0","0","2","0","2","0","0","0","3","03","","N","","","","","","","","","",""
"2022019607","2014","0","0","0","0","0","0","0","0","0","8","0","","67","2","2022","5","40.016392","-75.069361","2006","6","0","0","0","0","0","0","0","0","","0","0","0","20","3","1","N","0","0","40 00:59.010","","0","75 04:09.700","8","0","0","0","67301","1","0","0","N","1","0","0","2","67301","0","","1.0","","1","N","N","N","0","","0","0","1","0","0","","2004","2","1","0","0","0","1","0","2","0","1","1","0","0","3","03","","N","","","","","","","","","",""
"2022049517","2048","0","0","0","0","0","0","0","0","0","7","0","","67","5","2022","1","40.005215","-75.218088","2048","6","0","0","0","0","0","0","0","0","","0","0","0","20","3","2","N","0","2","40 00:18.773","2","0","75 13:05.115","2","0","1","2","67301","0","0","0","N","0","0","0","3","46104","1","","3.0","2150.0","1","N","N","Y","0","","0","1","0","0","0","Y","2048","3","2","0","0","0","0","1","2","1","3","0","0","0","3","","","N","","","","","","","","","",""
"2022030410","2041","1","0","0","0","0","0","0","0","0","8","0","","67","3","2022","7","40.003165","-75.152455","2041","6","0","0","0","0","0","0","0","0","","0","0","0","20","3","3","","5","1","40 00:11.393","1","0","75 09:08.837","2","0","0","0","67301","1","0","1","N","1","0","1","3","67301","0","","1.0","2249.0","1","N","N","N","0","","2","1","0","3","2","Y","2041","2","3","0","0","0","0","0","2","0","1","1","0","1","3","03","","N","","","","","","","","","",""
"2022044034","1045","1","0","0","0","0","0","0","0","0","1","0","","67","4","2022","7","40.012217","-75.108911","1037","6","0","0","0","0","0","2","0","0","","0","0","0","8","1","1","N","0","0","40 00:43.980","","0","75 06:32.080","4","0","0","0","67301","0","0","0","N","0","0","0","2","67301","1","","1.0","","1","N","N","N","0","","0","0","1","0","0","","815","3","1","0","0","0","0","0","2","0","3","0","0","0","3","03","","N","","","","","","","","","",""
"2022014699","1705","2","0","0","0","0","0","0","0","0","1","0","","67","2","2022","3","40.0367","-75.158384","1703","6","0","1","0","0","0","0","0","0","","0","0","0","16","4","2","","1","0","40 02:12.120","","0","75 09:30.184","3","0","0","0","67301","0","0","0","N","0","0","0","3","67301","0","","1.0","","1","N","N","Y","0","","2","0","0","3","2","","1650","2","2","0","0","0","0","1","2","0","2","0","0","0","3","03","","N","","","","","","","","","",""
"2022029268","1322","0","0","0","0","0","0","0","0","0","1","0","","67","3","2022","6","40.026752","-75.117654","1315","6","0","0","0","0","0","0","0","0","","0","0","0","12","1","3","N","0","0","40 01:36.308","","0","75 07:03.554","3","0","0","0","67301","0","0","0","N","0","0","0","4","67301","0","","1.0","","1","N","N","N","0","","3","0","1","0","0","","1236","3","3","0","0","0","0","0","2","1","3","0","0","0","3","03","","N","","","","","","","","","",""
"2022029207","1943","1","0","0","0","0","0","0","0","0","1","0","","67","3","2022","3","39.904045","-75.240114","1939","6","0","0","0","0","0","0","0","0","","0","0","0","19","3","1","","1","0","39 54:14.563","","0","75 14:24.409","3","0","0","0","67301","0","0","0","N","0","0","0","2","67301","0","","1.0","","1","N","N","N","0","","1","0","1","3","2","","1917","2","1","0","0","0","0","1","2","0","2","0","0","0","3","03","","N","","","","","","","","","",""
"2022019711","2149","0","0","0","0","0","0","0","0","0","5","0","","67","2","2022","2","39.877278","-75.252863","2139","6","0","0","0","0","0","0","0","0","","0","0","0","21","3","0","N","0","0","39 52:38.202","","8","75 15:10.306","0","0","0","0","67301","0","0","0","N","0","0","0","2","67301","0","","2.0","","1","N","N","N","0","","0","0","2","0","0","","2135","2","0","0","0","0","0","0","2","0","2","0","0","0","3","03","","N","","","","","","","","","",""
"2022014794","1935","4","0","0","0","0","0","0","0","0","1","0","","67","1","2022","6","39.970603","-75.153338","1929","6","0","0","0","1","0","0","0","0","","0","0","0","19","3","4","N","0","0","39 58:14.170","","0","75 09:12.015","3","0","0","0","67301","0","0","0","N","0","0","0","7","67301","2","","1.0","","7","N","N","Y","0","","2","0","0","0","0","","1921","4","4","0","0","0","0","1","2","0","4","0","0","0","10","02","","N","","","","","","","","","",""
"2022020345","1551","1","0","0","0","0","0","0","0","0","4","0","","67","2","2022","4","40.027605","-75.165415","1551","6","0","0","0","0","0","0","0","0","","0","0","0","15","1","1","","1","1","40 01:39.377","3","0","75 09:55.494","3","0","0","0","67301","0","0","0","N","0","0","0","2","67301","0","","1.0","1655.0","1","N","N","N","0","","1","0","1","3","2","N","1521","2","1","0","0","0","0","0","2","0","2","0","0","0","3","","","N","","","","","","","","","",""
"2022047190","2112","1","0","0","0","0","0","0","0","0","6","0","","67","4","2022","5","39.957444","-75.233611","2111","6","0","0","0","0","0","0","0","0","","0","0","0","21","3","0","N","0","0","39 57:26.800","","0","75 14:01.000","9","0","0","0","67301","0","0","0","N","0","0","0","2","67301","0","","6.0","","1","N","N","N","1","","0","0","1","0","0","","2110","3","0","0","0","0","0","2","2","0","3","0","0","0","3","03","","N","","","","","","","","","",""
"2022032843","1541","1","0","0","0","0","0","0","0","0","8","0","","67","3","2022","5","40.060523","-75.082313","1531","6","0","0","0","0","0","0","0","0","","0","0","0","14","1","1","","1","0","40 03:37.882","","0","75 04:56.325","8","0","0","0","67301","1","0","0","N","1","0","0","2","67301","0","","1.0","","1","N","N","N","0","","0","0","0","3","2","","1445","2","1","0","0","0","1","0","2","0","1","1","0","0","3","","","N","","","","","","","","","",""
"2022032874","2146","0","0","0","0","0","0","0","0","0","8","0","","67","3","2022","7","39.940534","-75.218905","2146","6","0","0","0","0","0","0","0","0","","0","0","0","20","3","1","","1","0","39 56:25.922","","0","75 13:08.059","8","0","0","0","67301","1","0","0","N","1","0","0","2","67301","0","","1.0","","1","N","N","N","0","","0","0","0","3","2","","2016","2","1","0","0","0","1","0","2","0","1","1","0","0","3","03","","N","","","","","","","","","",""
"2022050974","2250","1","0","0","0","0","0","1","0","0","4","1","","67","5","2022","1","39.991699","-75.185608","2235","6","0","0","0","0","0","0","0","0","","0","0","0","22","3","5","","1","1","39 59:30.115","1","0","75 11:08.190","4","0","0","0","67301","0","0","0","N","0","0","0","6","67508","5","","1.0","9999.0","1","N","N","Y","0","","0","0","0","3","2","N","2235","2","5","0","0","0","0","0","2","0","2","0","0","0","3","03","","N","","","","","","","","","",""
"2022040216","1505","3","0","0","0","0","0","0","0","0","1","0","","67","4","2022","4","39.944084","-75.191884","1449","6","0","0","0","0","0","0","1","0","","0","0","0","14","1","1","N","0","0","39 56:38.704","","0","75 11:30.782","8","0","0","0","67301","0","0","0","N","0","0","0","4","68K01","0","","1.0","","1","N","N","N","0","","0","0","0","3","8","","1423","3","1","0","0","0","1","0","2","0","3","0","0","0","3","03","","N","","","","","","","","","",""