"CRN","ARRIVAL_TM","AUTOMOBILE_COUNT","BELTED_DEATH_COUNT","BELTED_SUSP_SERIOUS_INJ_COUNT","BICYCLE_COUNT","BICYCLE_DEATH_COUNT","BICYCLE_SUSP_SERIOUS_INJ_COUNT","BUS_COUNT","CHLDPAS_DEATH_COUNT","CHLDPAS_SUSP_SERIOUS_INJ_COUNT","COLLISION_TYPE","COMM_VEH_COUNT","CONS_ZONE_SPD_LIM","COUNTY","CRASH_MONTH","CRASH_YEAR","DAY_OF_WEEK","DEC_LATITUDE","DEC_LONGITUDE","DISPATCH_TM","DISTRICT","DRIVER_COUNT_16YR","DRIVER_COUNT_17YR","DRIVER_COUNT_18YR","DRIVER_COUNT_19YR","DRIVER_COUNT_20YR","DRIVER_COUNT_50_64YR","DRIVER_COUNT_65_74YR","DRIVER_COUNT_75PLUS","EST_HRS_CLOSED","FATAL_COUNT","HEAVY_TRUCK_COUNT","HORSE_BUGGY_COUNT","HOUR_OF_DAY","ILLUMINATION","INJURY_COUNT","INTERSECTION_RELATED","INTERSECT_TYPE","LANE_CLOSED","LATITUDE","LN_CLOSE_DIR","LOCATION_TYPE","LONGITUDE","MAX_SEVERITY_LEVEL","MCYCLE_DEATH_COUNT","MCYCLE_SUSP_SERIOUS_INJ_COUNT","MOTORCYCLE_COUNT","MUNICIPALITY","NONMOTR_COUNT","NONMOTR_DEATH_COUNT","NONMOTR_SUSP_SERIOUS_INJ_COUNT","NTFY_HIWY_MAINT","PED_COUNT","PED_DEATH_COUNT","PED_SUSP_SERIOUS_INJ_COUNT","PERSON_COUNT","POLICE_AGCY","POSSIBLE_INJ_COUNT","RDWY_SURF_TYPE_CD","RELATION_TO_ROAD","ROADWAY_CLEARED","ROAD_CONDITION","SCH_BUS_IND","SCH_ZONE_IND","SECONDARY_CRASH","SMALL_TRUCK_COUNT","SPEC_JURIS_CD","SUSP_MINOR_INJ_COUNT","SUSP_SERIOUS_INJ_COUNT","SUV_COUNT","TCD_FUNC_CD","TCD_TYPE","TFC_DETOUR_IND","TIME_OF_DAY","TOTAL_UNITS","TOT_INJ_COUNT","UNBELTED_OCC_COUNT","UNB_DEATH_COUNT","UNB_SUSP_SERIOUS_INJ_COUNT","UNK_INJ_DEG_COUNT","UNK_INJ_PER_COUNT","URBAN_RURAL","VAN_COUNT","VEHICLE_COUNT","VULNERABLE_ROAD_USER_COUNT","VULNERABLE_ROAD_USER_DEATH_COUNT","VULNERABLE_ROAD_USER_SER_INJ_COUNT","WEATHER1","WEATHER2","WORKERS_PRES","WORK_ZONE_IND","WORK_ZONE_LOC","WORK_ZONE_TYPE","WZ_CLOSE_DETOUR","WZ_FLAGGER","WZ_LAW_OFFCR_IND","WZ_LN_CLOSURE","WZ_MOVING","WZ_OTHER","WZ_SHLDER_MDN","WZ_WORKERS_INJ_KILLED"
"2022048665","1555","2","0","0","0","0","0","0","0","0","1","0","","67","5","2022","4","39.977241","-75.199499","1532","6","0","0","0","0","0","0","0","0","","0","0","0","15","1","1","N","0","1","39 58:38.067","4","0","75 11:58.198","4","0","0","0","67301","0","0","0","N","0","0","0","2","68K01","1","","1.0","1600.0","1","N","N","N","0","","0","0","0","0","0","N","1528","2","1","0","0","0","0","0","2","0","2","0","0","0","3","03","","N","","","","","","","","","",""
"2022029196","1351","0","0","0","1","0","0","0","0","0","8","0","","67","3","2022","5","39.948611","-75.177832","1200","6","0","0","0","0","0","0","0","0","","0","0","0","20","3","1","","1","0","39 56:54.998","","0","75 10:40.196","3","0","0","0","67301","1","0","0","N","0","0","0","2","67301","0","","1.0","","99","N","N","N","0","","1","0","1","3","2","","2015","2","1","0","0","0","0","1","2","0","1","1","0","0","99","","","N","","","","","","","","","",""
"2022038506","1905","2","0","0","0","0","0","0","0","0","1","0","","67","3","2022","4","39.90345","-75.150544","1900","6","0","0","0","0","0","2","0","0","","0","0","0","19","4","0","N","0","2","39 54:12.419","2","0","75 09:01.960","9","0","0","0","67301","0","0","0","N","0","0","0","5","68K01","0","","1.0","2000.0","1","N","N","N","1","","0","0","1","0","0","N","1900","5","0","0","0","0","0","1","2","0","5","0","0","0","3","","","N","","","","","","","","","",""
"2022023800","0410","2","0","0","0","0","0","0","0","0","1","0","","67","3","2022","6","39.996129","-75.171516","0408","6","0","0","0","0","0","1","0","0","","0","0","0","4","3","1","N","0","2","39 59:46.064","6","0","75 10:17.457","8","0","0","0","67301","0","0","0","N","0","0","0","1","67301","0","","6.0","500.0","1","N","N","N","0","","0","0","0","0","0","Y","407","2","1","0","0","0","1","0","2","0","2","0","0","0","3","","","N","","","","","","","","","",""
"2022029249","2040","1","0","0","0","0","0","0","0","0","5","0","","67","3","2022","3","40.006439","-75.149947","2036","6","0","0","0","0","0","0","0","0","","0","0","0","20","3","0","N","0","0","40 00:23.180","","0","75 08:59.810","0","0","0","0","67301","0","0","0","N","0","0","0","1","67301","0","","6.0","","1","N","N","N","1","","0","0","0","0","0","","2035","2","0","0","0","0","0","0","2","0","2","0","0","0","3","","","N","","","","","","","","","",""
"2022043687","0322","0","0","0","0","0","0","0","0","0","7","0","","67","4","2022","4","40.046414","-75.001108","0305","6","0","0","0","0","0","0","0","0","","0","0","0","3","3","0","N","0","0","40 02:47.089","","0","75 00:03.987","0","0","0","0","67301","0","0","0","Y","0","0","0","1","68K01","0","","4.0","","1","N","N","N","0","","0","0","1","0","0","","304","1","0","0","0","0","0","0","2","0","1","0","0","0","3","03","","N","","","","","","","","","",""
"2022044050","2018","0","0","0","0","0","0","0","0","0","8","0","","67","4","2022","3","39.998567","-75.149197","2016","6","0","0","0","0","0","1","0","0","","0","0","0","20","3","1","N","0","0","39 59:54.840","","0","75 08:57.110","2","0","0","0","67301","1","0","1","N","1","0","1","2","67301","0","","1.0","","9","N","N","N","0","","0","1","1","3","2","","2014","2","1","0","0","0","0","0","2","0","1","1","0","1","7","04","","N","","","","","","","","","",""
"2022023697","0325","3","0","0","0","0","0","0","0","0","5","0","","67","2","2022","1","39.926238","-75.169331","0323","6","0","0","0","0","0","0","0","0","","0","0","0","3","3","0","N","0","2","39 55:34.455","2","0","75 10:09.593","0","0","0","0","67301","0","0","0","N","0","0","0","2","67301","0","","6.0","30.0","1","N","N","N","0","","0","0","1","0","0","N","320","4","0","0","0","0","0","0","2","0","4","0","0","0","3","03","","N","","","","","","","","","",""
"2022029245","1935","1","0","0","0","0","0","0","0","0","4","0","","67","3","2022","3","39.986614","-75.171234","1935","6","0","0","0","0","0","1","0","0","","1","0","0","19","2","0","","2","2","39 59:11.810","7","0","75 10:16.442","1","1","0","1","67301","0","0","0","N","0","0","0","2","67301","0","2","1.0","2145.0","1","N","N","N","0","0","0","0","0","3","2","Y","1934","2","0","1","0","0","0","0","2","0","2","0","0","0","3","03","","N","","","","","","","","","",""
"2022048360","1901","0","0","0","0","0","0","0","0","0","7","0","","67","5","2022","4","39.88036","-75.247513","1850","6","0","0","0","0","0","0","0","0","","0","0","0","18","1","1","N","0","0","39 52:49.297","","0","75 14:51.046","8","0","0","0","67301","0","0","0","N","0","0","0","1","68K01","0","","2.0","","1","N","N","N","0","","0","0","1","0","0","","1848","1","1","1","0","0","1","0","2","0","1","0","0","0","3","03","","N","","","","","","","","","",""
"2022023806","0900","1","0","0","0","0","0","0","0","0","1","0","","67","3","2022","2","40.021268","-75.160231","0856","6","0","0","0","0","0","1","0","0","","0","0","0","8","1","2","","1","0","40 01:16.566","","0","75 09:36.833","3","0","0","0","67301","0","0","0","N","0","0","0","3","67301","0","","1.0","","1","N","N","N","1","","2","0","1","3","2","","808","3","2","0","0","0","0","1","2","0","3","0","0","0","3","","","N","","","","","","","","","",""
"2022019625","2157","2","0","0","0","0","0","0","0","0","5","0","","67","2","2022","4","39.955864","-75.21662","2157","6","0","0","0","0","0","1","0","0","","0","0","0","21","3","1","N","0","1","39 57:21.111","4","0","75 12:59.831","3","0","0","0","67301","0","0","0","N","0","0","0","1","67301","0","","6.0","2359.0","1","N","N","N","0","","1","0","1","0","0","N","2157","4","1","0","0","0","0","0","2","1","4","0","0","0","3","03","","N","","","","","","","","","",""
"2022051138","2337","1","0","0","0","0","0","0","0","0","7","0","","67","5","2022","3","39.899786","-75.165608","2337","6","0","0","0","0","0","0","0","0","","0","0","0","23","3","0","N","0","0","39 53:59.230","","0","75 09:56.190","0","0","0","0","67301","0","0","0","N","0","0","0","2","68Z99","0","","4.0","","1","N","N","N","0","","0","0","0","0","0","","2337","1","0","0","0","0","0","0","2","0","1","0","0","0","3","","","N","","","","","","","","","",""
"2022031096","1016","1","0","0","0","0","0","0","0","0","4","0","","67","3","2022","3","39.956337","-75.195646","1016","6","0","0","0","0","0","0","0","0","","0","0","0","10","1","1","","2","0","39 57:22.814","","0","75 11:44.324","3","0","0","0","67301","0","0","0","N","0","0","0","2","67301","0","","1.0","","1","N","N","N","0","","1","0","1","3","2","","1012","2","1","0","0","0","0","0","2","0","2","0","0","0","3","","","N","","","","","","","","","",""
"2022029168","1055","0","0","0","0","0","0","0","0","0","8","0","99","67","3","2022","5","39.92992","-75.144444","1046","6","0","0","0","0","0","0","0","0","","0","0","0","10","1","1","","2","2","39 55:47.711","2","0","75 08:40.000","3","0","0","0","67301","1","0","0","N","1","0","0","2","67301","0","","1.0","1110.0","9","N","N","N","0","","1","0","1","3","2","N","1040","2","1","0","0","0","0","0","2","0","1","1","0","0","7","","Y","Y","4","3","","","N","","","Y","","Y"
"2022052681","1920","1","0","0","0","0","0","0","0","0","7","0","","67","5","2022","3","39.968352","-75.128682","1905","6","0","0","0","0","0","0","0","0","","0","0","0","18","1","0","N","0","1","39 58:06.068","1","0","75 07:43.255","0","0","0","0","67301","0","0","0","Y","0","0","0","1","68K01","0","","3.0","1905.0","1","N","N","N","0","","0","0","0","0","0","N","1856","1","0","0","0","0","0","0","2","0","1","0","0","0","3","","","N","","","","","","","","","",""
"2022023928","1645","0","0","0","1","0","0","0","0","0","8","0","","67","3","2022","2","39.952053","-75.214385","1642","6","0","0","0","0","0","0","0","0","","0","0","0","16","1","1","","1","0","39 57:07.390","","0","75 12:51.785","4","0","0","0","67301","1","0","0","N","0","0","0","4","67301","1","","1.0","","9","N","N","N","0","","0","0","0","3","3","","1640","2","1","0","0","0","0","1","2","1","1","1","0","0","7","04","","N","","","","","","","","","",""
"2022047640","1641","1","0","0","0","0","0","0","0","0","8","0","","67","5","2022","5","39.942061","-75.176306","1638","6","0","0","0","0","0","0","0","0","","0","0","0","16","1","1","N","0","2","39 56:31.420","4","0","75 10:34.700","8","0","0","0","67301","1","0","0","N","1","0","0","3","67301","0","","1.0","1730.0","1","N","N","N","0","","0","0","0","0","0","Y","1630","2","1","0","0","0","1","0","2","0","1","1","0","0","3","","","N","","","","","","","","","",""
"2022029200","1731","1","0","0","0","0","0","0","0","0","4","0","","67","3","2022","6","39.908176","-75.223132","1731","6","0","0","0","0","0","0","0","0","","0","0","0","17","1","2","N","0","1","39 54:29.433","3","7","75 13:23.276","2","0","0","0","67301","0","0","0","N","0","0","0","3","67301","1","","1.0","1900.0","1","N","N","N","0","","0","1","1","3","2","N","1730","2","2","1","0","1","0","0","2","0","2","0","0","0","3","03","","N","","","","","","","","","",""
"2022022909","1838","1","0","0","0","0","0","0","0","0","7","0","","67","3","2022","6","39.91275","-75.181139","1834","6","0","0","0","0","0","0","0","0","","0","0","0","18","3","0","N","0","0","39 54:45.900","","8","75 10:52.100","0","0","0","0","67301","0","0","0","N","0","0","0","1","67501","0","","4.0","","1","N","N","N","0","","0","0","0","0","0","","1834","1","0","0","0","0","0","0","2","0","1","0","0","0","3","","","N","","","","","","","","","",""
"2022030742","1651","1","0","0","0","0","0","0","0","0","4","0","","67","3","2022","3","40.008666","-75.068949","1645","6","0","0","0","1","0","1","0","0","","0","0","0","16","1","1","","1","0","40 00:31.197","","0","75 04:08.216","3","0","0","0","67301","0","0","0","N","0","0","0","2","67301","0","","1.0","","1","N","N","N","0","","1","0","1","2","2","","1639","2","1","0","0","0","0","0","2","0","2","0","0","0","3","03","","N","","","","","","","","","",""
"2022014680","0440","2","0","0","0","0","0","0","0","0","5","0","","67","1","2022","5","40.055875","-75.155275","0438","6","0","0","0","0","0","0","0","0","","0","0","0","4","3","0","N","0","0","40 03:21.150","","0","75 09:18.990","0","0","0","0","67301","0","0","0","N","0","0","0","1","67301","0","","6.0","","1","N","N","N","0","","0","0","2","0","0","","435","4","0","0","0","0","0","0","2","0","4","0","0","0","3","03","","N","","","","","","","","","",""
"2022027639","2228","2","0","0","0","0","0","0","0","0","4","0","","67","3","2022","6","39.976578","-75.15825","2225","6","0","0","0","1","0","0","0","0","","0","0","0","22","3","2","N","0","0","39 58:35.680","","7","75 09:29.701","4","0","0","0","67301","0","0","0","N","0","0","0","4","67505","2","","1.0","","1","N","N","N","0","","0","0","0","0","0","","2201","2","2","1","0","0","0","2","2","0","2","0","0","0","3","03","","N","","","","","","","","","",""
"2022035571","1600","2","0","0","0","0","0","0","0","0","1","0","","67","4","2022","3","40.020244","-75.114084","1553","6","0","0","0","0","0","0","0","0","","0","0","0","15","1","1","","1","0","40 01:12.880","","0","75 06:50.704","8","0","0","0","67301","0","0","0","N","0","0","0","3","67508","0","","1.0","","1","N","N","N","0","","0","0","0","3","2","","1553","2","1","0","0","0","1","0","2","0","2","0","0","0","3","03","","N","","","","","","","","","",""
"2022046918","1756","1","0","0","0","0","0","0","0","0","1","0","","67","4","2022","6","40.008634","-75.069482","1753","6","0","0","0","0","0","1","0","0","","0","0","0","17","1","1","N","0","0","40 00:31.081","","3","75 04:10.135","8","0","0","1","67301","0","0","0","N","0","0","0","2","68K01","0","","1.0","","1","N","N","N","0","","0","0","0","0","0","","1752","2","1","0","0","0","1","1","2","0","2","0","0","0","3","","","N","","","","","","","","","",""
"2022043985","2252","2","0","0","0","0","0","0","0","0","5","0","","67","4","2022","1","39.968094","-75.232081","2240","6","0","0","0","0","0","0","0","0","","0","0","0","22","3","0","N","0","0","39 58:05.140","","0","75 13:55.490","0","0","0","0","67301","0","0","0","N","0","0","0","1","67301","0","","6.0","","1","N","N","N","0","","0","0","4","0","0","","2240","6","0","1","0","0","0","0","2","0","6","0","0","0","3","03","","N","","","","","","","","","",""
"2022042333","0904","1","0","0","0","0","0","0","0","0","1","0","","67","4","2022","5","39.9581","-75.164433","0830","6","0","0","0","0","0","0","0","0","","0","0","0","8","1","1","N","0","1","39 57:29.161","3","0","75 09:51.960","4","0","0","0","67301","0","0","0","N","0","0","0","4","68K01","1","","1.0","910.0","1","N","N","N","0","","0","0","2","0","0","N","828","3","1","0","0","0","0","0","2","0","3","0","0","0","3","03","","N","","","","","","","","","",""
"2022023707","1814","1","0","0","0","0","0","0","0","0","5","0","","67","3","2022","4","40.034178","-75.104464","1814","6","0","0","0","1","0","0","0","0","","0","0","0","18","3","0","N","0","0","40 02:03.040","","0","75 06:16.070","0","0","0","0","67301","0","0","0","N","0","0","0","2","67301","0","","6.0","","1","N","N","N","0","","0","0","1","0","0","","1814","2","0","1","0","0","0","0","2","0","2","0","0","0","3","03","","N","","","","","","","","","",""
"2022031228","1745","0","0","0","0","0","0","0","0","0","8","0","","67","3","2022","4","39.97449","-75.158856","1745","6","0","0","0","0","0","0","0","0","","0","0","0","12","1","1","","1","0","39 58:28.164","","0","75 09:31.882","8","0","0","0","67301","1","0","0","N","1","0","0","2","67301","0","","1.0","","1","N","N","N","0","","0","0","0","3","2","","1200","2","1","0","0","0","1","0","2","0","1","1","0","0","3","03","","N","","","","","","","","","",""
"2022016077","0138","2","0","0","0","0","0","0","0","0","4","0","","67","2","2022","1","39.992136","-75.140198","0138","6","0","0","0","0","0","0","0","0","","0","0","0","1","3","1","","1","0","39 59:31.689","","0","75 08:24.712","3","0","0","0","67301","0","0","0","N","0","0","0","2","67301","0","","1.0","","9","N","N","N","0","","1","0","0","3","2","","115","2","1","0","0","0","0","0","2","0","2","0","0","0","10","07","","N","","","","","","","","","",""
"2022029184","2145","1","0","0","0","0","0","0","0","0","5","0","","67","3","2022","5","40.113161","-75.025344","2140","6","0","0","0","0","0","1","0","0","","0","0","0","21","3","1","N","0","1","40 06:47.380","2","0","75 01:31.240","4","0","0","0","67301","0","0","0","N","0","0","0","1","67301","1","","6.0","1100.0","9","N","N","N","0","","0","0","1","0","0","N","2135","2","1","1","0","0","0","0","2","0","2","0","0","0","4","04","","N","","","","","","","","","",""
"2022014795","0305","0","0","0","0","0","0","0","0","0","4","0","","67","1","2022","1","39.976279","-75.161751","0301","6","0","0","1","0","0","0","0","0","","0","0","0","2","3","0","","1","0","39 58:34.606","","0","75 09:42.303","0","0","0","0","67301","0","0","0","N","0","0","0","4","67301","0","","1.0","","7","N","N","N","0","","0","0","2","3","2","","240","2","0","1","0","0","0","0","2","0","2","0","0","0","10","98","","N","","","","","","","","","",""
"2022032845","1835","2","0","0","0","0","0","0","0","0","4","0","","67","4","2022","1","40.042524","-75.096582","1833","6","0","0","2","0","0","0","0","0","","0","0","0","18","1","2","","2","2","40 02:33.086","5","0","75 05:47.695","2","0","0","0","67301","0","0","0","N","0","0","0","4","67301","0","","1.0","1915.0","1","N","N","N","0","","1","1","0","0","0","Y","1831","2","2","0","0","0","0","0","2","0","2","0","0","0","4","","","N","","","","","","","","","",""
"2022043938","0225","1","0","0","0","0","0","0","0","0","8","0","","67","5","2022","1","40.013558","-75.068675","0222","6","0","0","0","0","0","0","0","0","","1","0","0","2","3","0","","5","2","40 00:48.808","4","0","75 04:07.229","1","0","0","0","67301","1","1","0","N","1","1","0","2","67301","0","2","1.0","155.0","1","N","N","N","0","0","0","0","0","3","2","Y","221","2","0","0","0","0","0","0","2","0","1","1","1","0","3","03","","N","","","","","","","","","",""
"2022047238","0537","1","0","0","0","0","0","0","0","0","4","0","","67","5","2022","3","40.049044","-75.094661","0533","6","0","0","0","0","0","0","0","0","","0","0","0","5","1","2","","1","0","40 02:56.557","","0","75 05:40.778","3","0","0","0","67301","0","0","0","N","0","0","0","3","67301","0","","1.0","","9","N","N","Y","1","","2","0","1","3","3","","530","3","2","0","0","0","0","0","2","0","3","0","0","0","3","","","N","","","","","","","","","",""
"2022029849","0010","2","0","0","0","0","0","0","0","0","5","0","","67","3","2022","6","40.076861","-75.17604","2359","6","0","0","0","0","0","0","0","0","","0","0","0","23","3","0","N","0","0","40 04:36.700","","0","75 10:33.745","9","0","0","0","67301","0","0","0","N","0","0","0","1","67301","0","","6.0","","1","N","N","N","0","","0","0","1","0","0","","2355","3","0","0","0","0","0","1","2","0","3","0","0","0","3","","","N","","","","","","","","","",""
"2022049115","0714","1","0","0","0","0","0","0","0","0","5","0","","67","5","2022","7","40.034406","-75.019052","0706","6","0","0","0","0","0","0","0","0","","0","0","0","7","1","1","N","0","1","40 02:03.863","1","0","75 01:08.586","4","0","0","0","67301","0","0","0","N","0","0","0","2","68K01","1","","1.0","721.0","1","N","N","N","0","","0","0","0","0","0","N","700","2","1","1","0","0","0","1","2","0","2","0","0","0","3","05","","N","","","","","","","","","",""
"2022037464","2225","1","0","0","0","0","0","0","0","0","1","0","","67","3","2022","5","39.960005","-75.179783","2210","6","0","0","0","0","0","0","0","0","","0","0","0","22","3","0","","6","0","39 57:36.017","","2","75 10:47.219","0","0","0","0","67301","0","0","0","N","0","0","0","2","68K01","0","","1.0","","9","N","N","N","0","","0","0","1","0","0","","2205","2","0","0","0","0","0","0","2","0","2","0","0","0","7","07","","N","","","","","","","","","",""
"2022014793","1958","2","0","0","0","0","0","0","0","0","4","0","","67","1","2022","5","39.983458","-75.181532","1948","6","0","0","0","0","0","0","0","0","","0","0","0","19","3","1","","5","2","39 59:00.448","6","0","75 10:53.514","2","0","0","0","67301","0","0","0","N","0","0","0","5","67301","0","","1.0","2048.0","1","N","N","N","0","","0","1","2","3","2","Y","1900","4","1","0","0","0","0","0","2","0","4","0","0","0","3","03","","N","","","","","","","","","",""
"2022031336","0859","2","0","0","0","0","0","0","0","0","4","0","","67","3","2022","4","39.99085","-75.155141","0847","6","0","0","0","0","0","0","0","0","","0","0","0","7","1","1","","1","0","39 59:27.061","","0","75 09:18.508","3","0","0","0","67301","0","0","0","N","0","0","0","2","67301","0","","1.0","","1","N","N","N","0","","1","0","0","3","2","","715","2","1","0","0","0","0","0","2","0","2","0","0","0","3","03","","N","","","","","","","","","",""
"2022019594","1252","1","0","0","0","0","0","0","0","0","4","0","","67","2","2022","4","40.035968","-75.039876","1246","6","0","0","1","0","0","0","1","0","","0","0","0","12","1","1","N","0","0","40 02:09.484","","7","75 02:23.554","8","0","0","0","67301","0","0","0","N","0","0","0","4","67301","0","","1.0","","1","N","N","N","0","","0","0","1","0","0","","1232","2","1","4","0","0","1","0","2","0","2","0","0","0","3","03","","N","","","","","","","","","",""
"2022044915","0816","2","0","0","0","0","0","0","0","0","4","0","","67","5","2022","6","40.071705","-75.179209","0808","6","0","0","0","0","0","1","0","0","","0","0","0","8","1","2","N","0","2","40 04:18.138","6","7","75 10:45.154","3","0","0","0","67301","0","0","0","N","0","0","0","2","67301","0","","6.0","30.0","9","N","N","N","0","","2","0","0","0","0","Y","804","2","2","0","0","0","0","0","2","0","2","0","0","0","7","07","","N","","","","","","","","","",""
"2022029217","0435","0","0","0","0","0","0","0","0","0","4","0","","67","3","2022","5","40.02744","-75.062499","0433","6","0","0","0","0","0","0","0","0","","0","0","0","4","3","2","","1","1","40 01:38.783","3","0","75 03:44.998","3","0","0","0","67301","0","0","0","N","0","0","0","2","67301","0","","1.0","500.0","9","N","N","N","0","","2","0","2","3","2","N","430","2","2","0","0","0","0","0","2","0","2","0","0","0","4","07","","N","","","","","","","","","",""
"2022024539","0537","1","0","0","0","0","0","0","0","0","4","0","","67","3","2022","4","40.022303","-75.162025","0537","6","0","0","0","0","0","0","0","0","","0","0","0","5","3","1","","1","0","40 01:20.289","","0","75 09:43.290","4","0","0","0","67301","0","0","0","N","0","0","0","2","67301","1","","1.0","","1","N","N","N","0","","0","0","1","3","2","","537","2","1","0","0","0","0","1","2","0","2","0","0","0","3","04","","N","","","","","","","","","",""
"2022031937","0830","1","0","0","0","0","0","0","0","0","5","0","","67","3","2022","5","40.038689","-75.008795","0812","6","0","0","0","0","0","0","0","0","","0","0","0","8","1","1","N","0","1","40 02:19.280","1","0","75 00:31.662","3","0","0","0","67301","0","0","0","N","0","0","0","2","68T07","0","","1.0","915.0","1","N","N","N","0","","1","0","1","0","0","Y","812","2","1","0","0","0","0","0","2","0","2","0","0","0","3","03","","N","","","","","","","","","",""
"2022045506","1004","1","0","0","0","0","0","0","0","0","1","0","","67","4","2022","6","40.027551","-75.025047","0950","6","0","0","0","0","0","1","0","0","","0","0","0","9","1","1","N","0","1","40 01:39.184","2","0","75 01:30.169","8","0","0","0","67301","0","0","0","N","0","0","0","2","68K01","0","","1.0","1014.0","1","N","N","N","1","","0","0","0","0","0","N","948","2","1","0","0","0","1","0","2","0","2","0","0","0","3","","","N","","","","","","","","","",""
"2022019850","1928","1","0","0","0","0","0","0","0","0","8","0","","67","2","2022","3","39.959471","-75.233172","1928","6","0","0","0","0","0","0","0","0","","0","0","0","19","3","1","","1","0","39 57:34.096","","0","75 13:59.419","3","0","0","0","67301","1","0","0","N","1","0","0","2","67301","0","","1.0","","9","N","N","N","0","","1","0","0","3","1","","1923","2","1","0","0","0","0","1","2","0","1","1","0","0","7","","","N","","","","","","","","","",""
"2022032934","1912","2","0","0","0","0","0","0","0","0","4","0","","67","3","2022","3","40.036567","-75.137213","1855","6","0","0","0","0","0","1","0","0","","0","0","0","18","1","1","","1","1","40 02:11.641","5","0","75 08:13.966","3","0","0","0","67301","0","0","0","N","0","0","0","3","67301","0","","1.0","1916.0","1","N","N","N","0","","1","0","0","3","3","N","1808","2","1","0","0","0","0","0","2","0","2","0","0","0","3","03","","N","","","","","","","","","",""
"2022045230","0245","1","0","0","0","0","0","0","0","0","7","0","25","67","5","2022","7","40.009649","-75.1803","0242","6","0","0","0","0","0","0","0","0","","0","0","0","2","3","1","","2","1","40 00:34.737","2","0","75 10:49.079","8","0","0","0","67301","0","0","0","N","0","0","0","1","67301","0","","5.0","325.0","9","N","N","N","0","","0","0","0","3","2","N","240","1","1","0","0","0","1","0","2","0","1","0","0","0","7","05","N","Y","8","1","N","N","N","N","N","N","Y","N"
"2022031331","1301","1","0","0","0","0","0","0","0","0","4","0","","67","3","2022","4","40.080757","-75.028601","1301","6","0","0","0","0","0","0","1","0","","0","0","0","13","1","1","","1","0","40 04:50.725","","0","75 01:42.964","3","0","0","0","67301","0","0","0","N","0","0","0","2","67301","0","","1.0","","1","N","N","N","0","","1","0","1","3","2","","1300","2","1","0","0","0","0","0","2","0","2","0","0","0","3","03","","N","","","","","","","","","",""
"2022015919","0534","0","0","0","0","0","0","0","0","0","7","0","","67","2","2022","6","40.092703","-75.039972","0528","6","0","0","0","0","0","0","0","0","","0","0","0","5","3","0","N","0","0","40 05:33.730","","0","75 02:23.900","0","0","0","0","67301","0","0","0","N","0","0","0","1","67301","0","","4.0","","1","N","N","N","0","","0","0","1","0","0","","523","1","0","0","0","0","0","0","2","0","1","0","0","0","3","03","","N","","","","","","","","","",""
"2022019644","2359","0","0","0","0","0","0","0","0","0","7","0","","67","2","2022","7","40.01934","-75.1194","2356","6","0","0","0","0","0","0","1","0","","0","0","0","23","3","1","","11","0","40 01:09.623","","0","75 07:09.840","3","0","0","0","67301","0","0","0","N","0","0","0","1","67301","0","","5.0","","1","N","N","N","0","","1","0","1","0","0","","2355","1","1","0","0","0","0","0","2","0","1","0","0","0","3","03","","N","","","","","","","","","",""
"2022040203","1701","1","0","0","0","0","0","0","0","0","1","0","","67","3","2022","2","40.030283","-75.022069","1647","6","0","0","0","0","1","0","0","0","","0","0","0","16","1","1","N","0","0","40 01:49.019","","3","75 01:19.448","3","0","0","0","67301","0","0","0","N","0","0","0","2","68K01","0","","1.0","","1","N","N","N","0","","1","0","1","0","0","","1645","2","1","0","0","0","0","0","2","0","2","0","0","0","3","03","","N","","","","","","","","","",""
"2022029261","0240","0","0","0","0","0","0","0","0","0","7","0","","67","3","2022","2","39.972639","-75.135039","0240","6","0","0","0","0","0","0","0","0","","0","0","0","2","3","1","N","0","0","39 58:21.500","","1","75 08:06.140","3","0","0","0","67301","0","0","0","N","0","0","0","1","67301","0","","4.0","","1","N","N","N","1","","1","0","0","0","0","","240","1","1","0","0","0","0","0","2","0","1","0","0","0","3","03","","N","","","","","","","","","",""
"2022043949","0026","1","0","0","0","0","0","0","0","0","4","0","","67","5","2022","2","40.032905","-75.04869","0018","6","0","0","0","0","0","0","0","0","","0","0","0","23","3","3","","1","0","40 01:58.459","","0","75 02:55.285","3","0","0","0","67301","0","0","0","N","0","0","0","3","67301","0","","1.0","","1","N","N","N","0","","3","0","1","3","3","","2348","2","3","0","0","0","0","0","2","0","2","0","0","0","3","03","","N","","","","","","","","","",""
"2022029232","1300","1","0","0","0","0","0","0","0","0","4","0","","67","3","2022","4","39.955832","-75.235997","1257","6","0","0","0","0","0","1","0","0","","0","0","0","12","1","3","","1","1","39 57:20.995","4","0","75 14:09.589","3","0","0","0","67301","0","0","0","N","0","0","0","3","67301","0","","1.0","1400.0","1","N","N","N","0","","3","0","1","3","2","Y","1249","2","3","0","0","0","0","0","2","0","2","0","0","0","3","03","","N","","","","","","","","","",""
"2022051586","1159","0","0","0","0","0","0","0","0","0","2","0","","67","6","2022","4","39.994244","-75.094189","1159","6","0","0","0","0","0","0","0","0","","0","0","0","13","1","0","N","0","9","39 59:39.279","","0","75 05:39.080","9","0","0","1","67301","0","0","0","N","0","0","0","2","67301","0","","1.0","","1","N","N","N","0","","0","0","1","0","0","","1330","2","0","0","0","0","0","1","2","0","2","0","0","0","3","","","N","","","","","","","","","",""
"2022048888","0825","1","0","0","0","0","0","0","0","0","7","0","","67","5","2022","5","40.020418","-75.14133","0810","6","0","0","0","0","0","0","0","0","","0","0","0","6","1","1","N","0","2","40 01:13.506","1","0","75 08:28.788","4","0","0","0","67301","0","0","0","N","0","0","0","1","67301","1","","4.0","845.0","9","N","N","N","0","","0","0","0","0","0","N","655","1","1","0","0","0","0","0","2","0","1","0","0","0","7","07","","N","","","","","","","","","",""