"CRN","ARRIVAL_TM","AUTOMOBILE_COUNT","BELTED_DEATH_COUNT","BELTED_SUSP_SERIOUS_INJ_COUNT","BICYCLE_COUNT","BICYCLE_DEATH_COUNT","BICYCLE_SUSP_SERIOUS_INJ_COUNT","BUS_COUNT","CHLDPAS_DEATH_COUNT","CHLDPAS_SUSP_SERIOUS_INJ_COUNT","COLLISION_TYPE","COMM_VEH_COUNT","CONS_ZONE_SPD_LIM","COUNTY","CRASH_MONTH","CRASH_YEAR","DAY_OF_WEEK","DEC_LATITUDE","DEC_LONGITUDE","DISPATCH_TM","DISTRICT","DRIVER_COUNT_16YR","DRIVER_COUNT_17YR","DRIVER_COUNT_18YR","DRIVER_COUNT_19YR","DRIVER_COUNT_20YR","DRIVER_COUNT_50_64YR","DRIVER_COUNT_65_74YR","DRIVER_COUNT_75PLUS","EST_HRS_CLOSED","FATAL_COUNT","HEAVY_TRUCK_COUNT","HORSE_BUGGY_COUNT","HOUR_OF_DAY","ILLUMINATION","INJURY_COUNT","INTERSECTION_RELATED","INTERSECT_TYPE","LANE_CLOSED","LATITUDE","LN_CLOSE_DIR","LOCATION_TYPE","LONGITUDE","MAX_SEVERITY_LEVEL","MCYCLE_DEATH_COUNT","MCYCLE_SUSP_SERIOUS_INJ_COUNT","MOTORCYCLE_COUNT","MUNICIPALITY","NONMOTR_COUNT","NONMOTR_DEATH_COUNT","NONMOTR_SUSP_SERIOUS_INJ_COUNT","NTFY_HIWY_MAINT","PED_COUNT","PED_DEATH_COUNT","PED_SUSP_SERIOUS_INJ_COUNT","PERSON_COUNT","POLICE_AGCY","POSSIBLE_INJ_COUNT","RDWY_SURF_TYPE_CD","RELATION_TO_ROAD","ROADWAY_CLEARED","ROAD_CONDITION","SCH_BUS_IND","SCH_ZONE_IND","SECONDARY_CRASH","SMALL_TRUCK_COUNT","SPEC_JURIS_CD","SUSP_MINOR_INJ_COUNT","SUSP_SERIOUS_INJ_COUNT","SUV_COUNT","TCD_FUNC_CD","TCD_TYPE","TFC_DETOUR_IND","TIME_OF_DAY","TOTAL_UNITS","TOT_INJ_COUNT","UNBELTED_OCC_COUNT","UNB_DEATH_COUNT","UNB_SUSP_SERIOUS_INJ_COUNT","UNK_INJ_DEG_COUNT","UNK_INJ_PER_COUNT","URBAN_RURAL","VAN_COUNT","VEHICLE_COUNT","VULNERABLE_ROAD_USER_COUNT","VULNERABLE_ROAD_USER_DEATH_COUNT","VULNERABLE_ROAD_USER_SER_INJ_COUNT","WEATHER1","WEATHER2","WORKERS_PRES","WORK_ZONE_IND","WORK_ZONE_LOC","WORK_ZONE_TYPE","WZ_CLOSE_DETOUR","WZ_FLAGGER","WZ_LAW_OFFCR_IND","WZ_LN_CLOSURE","WZ_MOVING","WZ_OTHER","WZ_SHLDER_MDN","WZ_WORKERS_INJ_KILLED"
"2022016519","2005","1","0","0","0","0","0","0","0","0","8","0","","67","2","2022","5","39.954145","-75.16101","2003","6","0","0","0","0","0","0","0","0","","0","0","0","20","3","1","","1","0","39 57:14.923","","0","75 09:39.636","4","0","0","0","67301","1","0","0","N","1","0","0","2","67301","1","","1.0","","1","N","N","N","0","","0","0","0","3","2","","2000","2","1","0","0","0","0","0","2","0","1","1","0","0","3","03","","N","","","","","","","","","",""
"2022020081","1455","2","0","0","0","0","0","0","0","0","8","0","","67","2","2022","3","39.992112","-75.140015","1452","6","0","0","0","0","0","0","0","0","","0","0","0","14","1","1","Y","0","0","39 59:31.604","","0","75 08:24.053","3","0","0","0","67301","1","0","0","N","1","0","0","3","67301","0","","4.0","","1","N","N","N","0","","1","0","0","3","2","","1428","3","1","0","0","0","0","0","2","0","2","1","0","0","3","03","","N","","","","","","","","","",""
"2022023745","0840","1","0","0","0","0","0","0","0","0","4","0","","67","3","2022","7","40.057603","-75.154898","0830","6","0","0","0","0","0","1","0","0","","0","0","0","8","1","1","","2","0","40 03:27.370","","0","75 09:17.632","3","0","0","0","67301","0","0","0","N","0","0","0","2","67301","0","","1.0","","1","N","N","N","0","","1","0","1","3","3","","800","2","1","0","0","0","0","0","2","0","2","0","0","0","3","","","N","","","","","","","","","",""
"2022016311","1207","0","0","0","0","0","0","0","0","0","8","0","","67","2","2022","7","40.03528","-75.043817","1159","6","0","0","0","0","0","0","1","0","","0","0","0","11","1","1","N","0","0","40 02:07.009","","0","75 02:37.741","3","0","0","0","67301","1","0","0","N","1","0","0","3","67301","0","","1.0","","1","N","N","N","1","","1","0","0","0","0","","1151","2","1","0","0","0","0","0","2","0","1","1","0","0","3","","","N","","","","","","","","","",""
"2022017378","1312","0","0","0","0","0","0","0","0","0","8","0","","67","2","2022","5","39.928054","-75.178701","1308","6","0","0","0","0","0","0","1","0","","0","0","0","13","1","1","","1","0","39 55:40.994","","0","75 10:43.323","8","0","0","0","67301","1","0","0","N","1","0","0","2","67301","0","","1.0","","1","N","N","N","0","","0","0","1","3","3","","1300","2","1","0","0","0","1","0","2","0","1","1","0","0","3","","","N","","","","","","","","","",""
"2022019551","2200","0","0","0","0","0","0","0","0","0","5","0","","67","2","2022","3","39.918419","-75.158636","2150","6","0","0","0","0","0","0","0","0","","0","0","0","20","3","0","N","0","0","39 55:06.310","","0","75 09:31.090","0","0","0","0","67301","0","0","0","N","0","0","0","1","67301","0","","4.0","","1","N","N","N","1","","0","0","1","0","0","","2030","2","0","0","0","0","0","0","2","0","2","0","0","0","3","","","N","","","","","","","","","",""
"2022019575","1304","0","0","0","0","0","0","0","0","0","8","0","","67","2","2022","7","39.951945","-75.1726","1304","6","0","0","0","0","0","0","0","0","","0","0","0","11","1","1","N","0","0","39 57:07.001","","0","75 10:21.359","2","0","0","0","67301","1","0","1","N","1","0","1","2","67301","0","","1.0","","1","N","N","N","0","","0","1","0","0","0","","1115","2","1","0","0","0","0","0","2","0","1","1","0","1","3","03","","N","","","","","","","","","",""
"2022043515","1125","2","0","0","0","0","0","0","0","0","5","0","","67","4","2022","7","39.95186","-75.184418","1120","6","0","0","0","0","0","0","0","0","","0","0","0","11","1","0","N","0","0","39 57:06.695","","3","75 11:03.906","0","0","0","0","67301","0","0","0","N","0","0","0","2","67504","0","","1.0","","1","N","N","N","0","","0","0","0","0","0","","1120","2","0","0","0","0","0","0","2","0","2","0","0","0","3","","","N","","","","","","","","","",""
"2022049089","1805","2","0","0","0","0","0","0","0","0","4","0","","67","5","2022","4","40.086041","-75.211941","1756","6","0","0","0","0","0","0","1","0","","0","0","0","17","1","1","","1","0","40 05:09.747","","0","75 12:42.989","4","0","0","0","67301","0","0","0","N","0","0","0","4","67301","1","","1.0","","1","N","N","N","0","","0","0","0","3","2","","1756","2","1","0","0","0","0","0","2","0","2","0","0","0","3","03","","N","","","","","","","","","",""
"2022052696","1136","0","0","0","0","0","0","0","0","0","0","0","","67","5","2022","2","39.899302","-75.16535","1051","6","0","0","0","0","0","0","1","0","","0","0","0","9","1","1","N","0","0","39 53:57.488","","0","75 09:55.261","8","0","0","0","67301","0","0","0","N","0","0","0","2","68K01","0","","1.0","","1","N","N","N","0","","0","0","1","0","0","","951","2","1","0","0","0","1","1","2","0","2","0","0","0","3","03","","N","","","","","","","","","",""
"2022023759","2345","0","0","0","0","0","0","0","0","0","4","0","","67","2","2022","2","39.96093","-75.245028","2338","6","0","0","0","0","0","0","0","0","","0","0","0","22","3","2","","1","0","39 57:39.347","","0","75 14:42.100","3","0","0","0","67301","0","0","0","N","0","0","0","2","67301","0","","1.0","","9","N","N","N","0","","2","0","2","3","2","","2230","2","2","0","0","0","0","0","2","0","2","0","0","0","3","03","","N","","","","","","","","","",""
"2022044721","0805","2","0","0","0","0","0","0","0","0","1","1","","67","5","2022","4","40.047104","-75.004823","0800","6","0","0","0","0","0","1","0","0","","0","1","0","8","1","1","","1","2","40 02:49.576","5","0","75 00:17.362","3","0","0","0","67301","0","0","0","N","0","0","0","3","67301","0","","1.0","915.0","1","N","N","N","0","","1","0","1","3","2","Y","800","4","1","0","0","0","0","0","2","0","4","0","0","0","3","03","","N","","","","","","","","","",""
"2022040195","1650","3","0","0","0","0","0","0","0","0","2","0","","67","3","2022","4","39.898169","-75.183796","1612","6","0","0","0","0","0","0","0","0","","0","0","0","16","1","1","N","0","1","39 53:53.407","2","0","75 11:01.665","3","0","0","0","67301","0","0","0","N","0","0","0","4","68K01","0","","1.0","1724.0","9","N","N","N","0","","1","0","0","0","0","N","1610","3","1","0","0","0","0","0","2","0","3","0","0","0","4","07","","N","","","","","","","","","",""
"2022019510","1351","1","0","0","0","0","0","0","0","0","7","0","","67","2","2022","1","39.91175","-75.1685","1349","6","0","0","0","0","0","0","0","0","","0","0","0","13","1","0","N","0","1","39 54:42.300","3","3","75 10:06.600","9","0","0","0","67301","0","0","0","N","0","0","0","2","67501","0","","4.0","1433.0","1","N","N","N","0","","0","0","0","3","1","N","1349","1","0","2","0","0","0","2","2","0","1","0","0","0","3","03","","N","","","","","","","","","",""
"2022023775","1922","0","0","0","0","0","0","0","0","0","8","0","","67","2","2022","6","39.994956","-75.116225","1922","6","0","0","0","0","0","0","0","0","","0","0","0","19","3","1","N","0","0","39 59:41.840","","1","75 06:58.410","3","0","0","0","67301","1","0","0","N","1","0","0","2","67301","0","","1.0","","1","N","N","N","0","","1","0","1","0","0","","1922","2","1","0","0","0","0","0","2","0","1","1","0","0","3","03","","N","","","","","","","","","",""
"2022051826","1204","1","0","0","0","0","0","0","0","0","5","1","","67","5","2022","3","39.984584","-75.09564","1155","6","0","0","0","0","1","0","0","0","","0","1","0","11","1","0","N","0","0","39 59:04.502","","3","75 05:44.305","0","0","0","0","67301","0","0","0","N","0","0","0","2","68K01","0","","1.0","","1","N","N","N","0","","0","0","0","0","0","","1150","2","0","0","0","0","0","0","2","0","2","0","0","0","3","03","","N","","","","","","","","","",""
"2022048410","1124","0","0","0","0","0","0","0","0","0","7","1","","67","5","2022","3","39.903517","-75.242206","1122","6","0","0","0","0","0","0","0","1","","0","1","0","11","1","1","N","0","0","39 54:12.660","","0","75 14:31.940","2","0","0","0","67301","0","0","0","N","0","0","0","1","67301","0","","4.0","","1","N","N","N","0","","0","1","0","0","0","","1120","1","1","1","0","1","0","0","2","0","1","0","0","0","3","03","","N","","","","","","","","","",""
"2022044032","0526","1","0","0","0","0","0","0","0","0","1","0","","67","4","2022","7","39.999161","-75.109481","0526","6","0","0","0","0","0","0","0","0","","0","0","0","5","3","0","N","0","2","39 59:56.980","3","0","75 06:34.130","9","0","0","0","67301","0","0","0","N","0","0","0","1","67301","0","","6.0","600.0","1","N","N","N","0","","0","0","2","0","0","Y","526","3","0","0","0","0","0","1","2","0","3","0","0","0","3","03","","N","","","","","","","","","",""
"2022047176","1159","1","0","0","0","0","0","0","0","0","4","0","","67","5","2022","7","40.033507","-75.056514","1159","6","0","0","0","1","0","1","0","0","","0","0","0","13","1","0","","1","9","40 02:00.625","","0","75 03:23.450","0","0","0","0","67301","0","0","0","N","0","0","0","2","67301","0","","1.0","","9","N","N","N","0","","0","0","1","3","3","","1340","2","0","2","0","0","0","0","2","0","2","0","0","0","7","","","N","","","","","","","","","",""
"2022043811","0603","1","0","0","0","0","0","0","0","0","1","0","","67","4","2022","7","39.933434","-75.145697","0601","6","0","0","0","0","0","1","0","0","","0","0","0","5","1","2","","2","0","39 56:00.364","","0","75 08:44.509","4","0","0","1","67301","0","0","0","N","0","0","0","5","67301","2","","1.0","","1","N","N","Y","0","","0","0","1","3","2","","559","3","2","0","0","0","0","0","2","0","3","0","0","0","3","03","","N","","","","","","","","","",""
"2022047666","0050","2","0","0","0","0","0","0","0","0","4","0","","67","5","2022","6","40.026273","-75.11717","0042","6","0","0","1","0","0","0","0","0","","0","0","0","0","3","0","","1","0","40 01:34.581","","0","75 07:01.811","0","0","0","0","67301","0","0","0","N","0","0","0","4","67301","0","","1.0","","1","N","N","N","0","","0","0","0","3","2","","35","2","0","0","0","0","0","0","2","0","2","0","0","0","3","03","","N","","","","","","","","","",""
"2022023728","1655","1","0","0","0","0","0","0","0","0","6","0","","67","3","2022","4","40.052991","-74.982709","1649","6","0","0","0","0","0","1","1","0","","0","0","0","16","1","1","","1","0","40 03:10.766","","0","74 58:57.754","3","0","0","0","67301","0","0","0","N","0","0","0","3","67301","0","","1.0","","1","N","N","Y","1","","1","0","1","3","2","","1612","3","1","0","0","0","0","0","2","0","3","0","0","0","3","03","","N","","","","","","","","","",""
"2022040252","2315","1","0","0","0","0","0","0","0","0","7","0","","67","4","2022","4","39.959898","-75.178977","2308","6","0","0","0","0","0","0","0","0","","0","0","0","23","3","0","N","0","1","39 57:35.631","3","0","75 10:44.318","0","0","0","0","67301","0","0","0","N","0","0","0","3","68K01","0","","4.0","1130.0","1","N","N","N","0","","0","0","0","0","0","N","2307","1","0","0","0","0","0","0","2","0","1","0","0","0","3","03","","N","","","","","","","","","",""
"2022035033","0741","1","0","0","0","0","0","0","0","0","0","0","","67","4","2022","7","39.957878","-75.161897","0726","6","0","0","0","0","0","0","0","0","","0","0","0","7","1","0","N","0","0","39 57:28.360","","0","75 09:42.828","0","0","0","0","67301","0","0","0","N","0","0","0","2","68T07","0","","1.0","","1","N","N","N","0","","0","0","1","0","0","","721","2","0","0","0","0","0","0","2","0","2","0","0","0","3","","","N","","","","","","","","","",""
"2022039315","2251","1","0","0","0","0","0","0","0","0","7","0","","67","4","2022","3","39.96233","-75.189802","2245","6","0","0","0","0","0","0","0","0","","0","0","0","22","3","0","","1","0","39 57:44.387","","0","75 11:23.287","0","0","0","0","67301","0","0","0","N","0","0","0","1","67507","0","","5.0","","9","N","N","N","0","","0","0","0","3","3","","2240","2","0","0","0","0","0","0","2","0","1","0","0","0","7","07","","N","","","","","","","","","",""
"2022032903","0034","1","0","0","0","0","0","0","0","0","2","0","","67","3","2022","6","39.943602","-75.196444","0031","6","0","0","0","0","1","0","0","0","","0","0","0","0","3","1","","3","1","39 56:36.966","3","2","75 11:47.200","8","0","0","0","67301","0","0","0","N","0","0","0","4","67301","0","","1.0","140.0","9","N","N","N","0","","0","0","1","3","2","N","30","2","1","3","0","0","1","0","2","0","2","0","0","0","7","07","","N","","","","","","","","","",""
"2022023480","1912","1","0","0","0","0","0","0","0","0","7","0","","67","3","2022","2","39.955903","-75.148439","1912","6","0","0","0","0","0","0","0","0","","0","0","0","19","3","0","N","0","0","39 57:21.249","","2","75 08:54.382","0","0","0","0","67301","0","0","0","N","0","0","0","1","67501","0","","2.0","","1","N","N","N","0","","0","0","0","0","0","","1912","1","0","0","0","0","0","0","2","0","1","0","0","0","3","03","","N","","","","","","","","","",""
"2022038491","1526","3","0","0","0","0","0","0","0","0","5","0","","67","4","2022","7","39.961028","-75.188111","1457","6","0","0","0","1","0","0","0","0","","0","0","0","8","1","0","N","0","0","39 57:39.700","","0","75 11:17.200","0","0","0","0","67301","0","0","0","N","0","0","0","1","67507","0","","6.0","","1","N","N","Y","0","","0","0","0","0","0","","815","3","0","0","0","0","0","0","2","0","3","0","0","0","3","03","","N","","","","","","","","","",""
"2022023786","0313","1","0","0","0","0","0","0","0","0","0","0","","67","3","2022","5","39.971571","-75.146317","0310","6","0","0","0","0","0","1","0","0","","0","0","0","2","3","1","","1","0","39 58:17.655","","0","75 08:46.741","8","0","0","0","67301","0","0","0","N","0","0","0","1","67301","0","","1.0","","1","N","N","N","0","","0","0","2","3","2","","258","3","1","0","0","0","1","0","2","0","3","0","0","0","3","03","","N","","","","","","","","","",""
"2022027987","1147","1","0","0","0","0","0","0","0","0","1","0","","67","3","2022","1","39.958191","-75.165204","1141","6","0","0","0","0","0","0","0","0","","0","0","0","11","1","0","N","0","0","39 57:29.489","","0","75 09:54.733","0","0","0","0","67301","0","0","0","N","0","0","0","2","68K01","0","","1.0","","9","N","N","N","0","","0","0","1","0","0","","1138","2","0","0","0","0","0","0","2","0","2","0","0","0","7","07","","N","","","","","","","","","",""
"2022049539","1535","0","0","0","0","0","0","0","0","0","7","1","","67","5","2022","5","39.991483","-75.225803","1516","6","0","0","0","0","0","0","0","0","","0","1","0","15","1","0","N","0","1","39 59:29.340","3","1","75 13:32.890","0","0","0","0","67301","0","0","0","N","0","0","0","2","67301","0","","1.0","1800.0","1","N","N","N","0","","0","0","0","3","8","N","1516","1","0","0","0","0","0","0","2","0","1","0","0","0","4","04","","N","","","","","","","","","",""
"2022029163","1000","1","0","0","0","0","0","0","0","0","4","0","","67","3","2022","3","40.077988","-75.086157","0950","6","0","0","0","0","0","1","1","0","","0","0","0","9","1","0","","2","1","40 04:40.758","1","0","75 05:10.164","0","0","0","0","67301","0","0","0","N","0","0","0","2","67301","0","","1.0","1100.0","1","N","N","N","0","","0","0","1","0","0","N","902","2","0","0","0","0","0","0","2","0","2","0","0","0","3","03","","N","","","","","","","","","",""
"2022023753","0248","2","0","0","0","0","0","0","0","0","4","0","","67","2","2022","1","40.044297","-75.054111","0241","6","0","0","0","1","0","0","0","0","","0","0","0","2","3","0","","1","0","40 02:39.468","","0","75 03:14.798","0","0","0","0","67301","0","0","0","N","0","0","0","4","67301","0","","1.0","","1","N","N","Y","0","","0","0","1","3","2","","238","4","0","0","0","0","0","0","2","1","4","0","0","0","3","03","","N","","","","","","","","","",""
"2022023162","1551","2","0","0","0","0","0","0","0","0","1","0","","67","2","2022","7","39.966377","-75.187014","1543","6","0","0","0","0","1","1","0","0","","0","0","0","15","1","3","N","0","2","39 57:58.957","4","0","75 11:13.251","4","0","0","0","67301","0","0","0","N","0","0","0","8","68K01","3","","1.0","1657.0","1","N","N","N","0","","0","0","0","0","0","N","1542","4","3","0","0","0","0","1","2","1","4","0","0","0","3","","","N","","","","","","","","","",""
"2022039842","1238","1","0","0","0","0","0","0","0","0","4","0","","67","4","2022","5","39.980819","-75.15034","1236","6","0","0","0","0","0","1","0","0","","0","0","0","12","1","0","","1","2","39 58:50.948","3","0","75 09:01.224","9","0","0","0","67301","0","0","0","N","0","0","0","2","67505","0","","1.0","1330.0","1","N","N","N","0","","0","0","1","3","2","Y","1230","2","0","0","0","0","0","1","2","0","2","0","0","0","3","03","","N","","","","","","","","","",""
"2022041161","0932","1","0","0","0","0","0","0","0","0","4","0","","67","4","2022","7","40.033436","-75.020105","0932","6","0","0","0","0","0","0","0","0","","0","0","0","9","1","1","N","0","1","40 02:00.370","1","0","75 01:12.377","3","0","0","0","67301","0","0","0","N","0","0","0","2","68K01","0","","1.0","1000.0","9","N","N","Y","0","","1","0","1","0","0","Y","931","2","1","0","0","0","0","0","2","0","2","0","0","0","4","","","N","","","","","","","","","",""
"2022045508","1324","1","0","0","0","0","0","0","0","0","1","0","","67","5","2022","3","39.958395","-75.166915","1311","6","0","0","0","0","0","1","0","0","","0","0","0","13","1","1","N","0","0","39 57:30.223","","0","75 10:00.894","8","0","0","0","67301","0","0","0","N","0","0","0","2","68K01","0","","1.0","","1","N","N","N","0","","0","0","1","0","0","","1304","2","1","0","0","0","1","0","2","0","2","0","0","0","3","","","N","","","","","","","","","",""
"2022025806","0339","1","0","0","0","0","0","0","0","0","7","0","","67","3","2022","2","39.973702","-75.121798","0338","6","0","0","0","0","0","1","0","0","","0","0","0","3","3","1","N","0","0","39 58:25.326","","0","75 07:18.474","2","0","0","0","67301","0","0","0","N","0","0","0","1","67301","0","","4.0","","1","N","N","N","0","","0","1","0","0","0","","300","1","1","0","0","0","0","0","2","0","1","0","0","0","3","03","","N","","","","","","","","","",""
"2022031241","2116","0","0","0","0","0","0","0","0","0","8","0","","67","3","2022","3","40.015214","-75.1365","2114","6","0","0","0","0","0","0","0","0","","0","0","0","21","3","1","","1","0","40 00:54.770","","0","75 08:11.399","8","0","0","0","67301","1","0","0","N","1","0","0","2","67301","0","","1.0","","1","N","N","N","0","","0","0","0","0","0","","2111","2","1","0","0","0","1","0","2","0","1","1","0","0","3","03","","N","","","","","","","","","",""
"2022045462","0900","1","0","0","0","0","0","0","0","0","5","0","","67","5","2022","1","40.000969","-75.157981","0848","6","0","0","0","0","0","0","0","0","","0","0","0","6","3","0","N","0","0","40 00:03.490","","0","75 09:28.730","0","0","0","0","67301","0","0","0","N","0","0","0","1","67301","0","","1.0","","99","N","N","N","0","","0","0","2","0","0","","600","3","0","0","0","0","0","0","2","0","3","0","0","0","99","","","N","","","","","","","","","",""
"2022025529","0807","0","0","0","0","0","0","0","0","0","4","0","","67","2","2022","3","39.9602","-75.226852","0806","6","0","0","0","0","0","1","0","0","","0","0","0","7","1","0","","1","0","39 57:36.721","","1","75 13:36.666","9","0","0","0","67301","0","0","0","N","0","0","0","2","67301","0","","1.0","","1","N","N","N","0","","0","0","1","3","2","","754","2","0","2","0","0","0","1","2","1","2","0","0","0","3","03","","N","","","","","","","","","",""
"2022043924","0236","1","0","0","0","0","0","0","0","0","5","0","","67","4","2022","7","40.035569","-75.037731","0234","6","0","0","0","0","0","0","0","0","","0","0","0","2","3","0","N","0","0","40 02:08.050","","0","75 02:15.830","0","0","0","0","67301","0","0","0","N","0","0","0","1","67301","0","","6.0","","1","N","N","N","0","","0","0","3","0","0","","233","4","0","0","0","0","0","0","2","0","4","0","0","0","3","","","N","","","","","","","","","",""
"2022019622","1140","2","0","0","0","0","0","0","0","0","4","0","","67","2","2022","1","39.94814","-75.237599","1130","6","0","0","0","0","0","0","0","0","","0","0","0","11","1","1","","2","0","39 56:53.304","","0","75 14:15.356","3","0","0","0","67301","0","0","0","N","0","0","0","2","67301","0","","1.0","","7","N","N","N","0","","1","0","0","3","3","","1130","3","1","2","0","0","0","0","2","1","3","0","0","0","10","10","","N","","","","","","","","","",""
"2022016148","1119","2","0","0","0","0","0","0","0","0","4","0","","67","2","2022","7","40.033146","-75.10696","1119","6","0","0","0","0","0","0","0","0","","0","0","0","6","3","1","","1","0","40 01:59.326","","0","75 06:25.057","3","0","0","0","67301","0","0","0","N","0","0","0","4","67301","0","","1.0","","1","N","N","N","0","","1","0","1","3","2","","640","3","1","0","0","0","0","1","2","0","3","0","0","0","99","","","N","","","","","","","","","",""
"2022038281","1832","1","0","0","0","0","0","0","0","0","1","0","45","67","4","2022","3","40.014387","-75.055323","1832","6","0","0","0","0","0","0","0","0","","0","0","0","18","1","0","N","0","0","40 00:51.794","","0","75 03:19.161","0","0","0","1","67301","0","0","0","N","0","0","0","2","68K01","0","","1.0","","1","N","N","N","0","","0","0","0","0","0","","1832","2","0","0","0","0","0","0","2","0","2","0","0","0","3","03","N","Y","2","1","","","N","","","","Y","N"
"2022049172","1426","2","0","0","0","0","0","0","0","0","4","0","","67","5","2022","5","39.923927","-75.222089","1426","6","0","0","0","0","0","0","0","0","","0","0","0","13","1","1","","1","0","39 55:26.137","","0","75 13:19.522","3","0","0","0","67301","0","0","0","N","0","0","0","2","67301","0","","1.0","","1","N","N","N","0","","1","0","0","3","2","","1302","2","1","0","0","0","0","1","2","0","2","0","0","0","3","03","","N","","","","","","","","","",""
"2022025238","0941","1","0","0","0","0","0","0","0","0","4","0","","67","3","2022","7","39.9435","-75.235244","0938","6","0","0","0","0","0","0","0","0","","0","0","0","8","1","1","","1","0","39 56:36.600","","0","75 14:06.878","3","0","0","0","67301","0","0","0","N","0","0","0","2","67301","0","","1.0","","9","N","N","Y","0","","1","0","2","3","3","","835","3","1","0","0","0","0","0","2","0","3","0","0","0","7","07","","N","","","","","","","","","",""
"2022021037","2335","1","0","0","0","0","0","0","0","0","4","0","","67","2","2022","1","39.945766","-75.166775","2251","6","0","0","0","0","0","0","0","0","","0","0","0","22","3","0","","1","0","39 56:44.757","","0","75 10:00.390","0","0","0","0","67301","0","0","0","N","0","0","0","2","67301","0","","1.0","","1","N","N","N","0","","0","0","3","3","2","","2245","4","0","0","0","0","0","0","2","0","4","0","0","0","3","","","N","","","","","","","","","",""
"2022029756","1920","1","0","0","0","0","0","0","0","0","4","0","","67","3","2022","6","39.977065","-75.229834","1920","6","0","0","0","0","0","0","0","0","","0","0","0","15","1","1","","1","0","39 58:37.434","","0","75 13:47.402","3","0","0","0","67301","0","0","0","N","0","0","0","2","67301","0","","1.0","","1","N","N","N","0","","1","0","1","3","2","","1540","2","1","0","0","0","0","0","2","0","2","0","0","0","3","03","","N","","","","","","","","","",""
"2022023761","1651","1","0","0","0","0","0","0","0","0","4","0","","67","3","2022","3","39.959446","-75.239265","1647","6","0","0","0","0","0","0","1","0","","0","0","0","16","1","1","","1","0","39 57:34.005","","0","75 14:21.353","3","0","0","0","67301","0","0","0","N","0","0","0","2","67301","0","","1.0","","1","N","N","N","0","","1","0","1","3","3","","1644","2","1","1","0","0","0","0","2","0","2","0","0","0","3","03","","N","","","","","","","","","",""
"2022045512","1036","0","0","0","0","0","0","0","0","0","1","1","","67","5","2022","3","39.981552","-75.207188","1036","6","0","0","0","0","0","1","0","0","","0","1","0","10","1","1","N","0","1","39 58:53.587","3","0","75 12:25.876","3","0","0","0","67301","0","0","0","N","0","0","0","3","68K01","0","","1.0","1100.0","1","N","N","N","0","","1","0","1","0","0","N","1021","3","1","0","0","0","0","0","2","1","3","0","0","0","3","","","N","","","","","","","","","",""
"2022045384","2219","2","0","0","0","0","0","0","0","0","6","0","","67","4","2022","1","39.925139","-75.179333","2219","6","0","0","0","0","0","1","0","0","","0","0","0","22","3","0","N","0","0","39 55:30.500","","0","75 10:45.600","0","0","0","0","67301","0","0","0","N","0","0","0","1","67301","0","","6.0","","1","N","N","N","0","","0","0","3","0","0","","2213","6","0","0","0","0","0","0","2","1","6","0","0","0","3","","","N","","","","","","","","","",""
"2022019652","0217","2","0","0","0","0","0","0","0","0","1","0","","67","2","2022","1","39.991073","-75.132738","0215","6","0","0","0","0","0","0","0","0","","0","0","0","2","3","0","N","0","0","39 59:27.862","","0","75 07:57.858","9","0","0","0","67301","0","0","0","N","0","0","0","1","67301","0","","6.0","","1","N","N","N","0","","0","0","1","0","0","","210","3","0","0","0","0","0","1","2","0","3","0","0","0","3","03","","N","","","","","","","","","",""
"2022025297","2100","0","0","0","0","0","0","0","0","0","8","0","","67","3","2022","3","39.999028","-75.133251","1601","6","0","0","0","0","0","0","0","0","","0","0","0","16","1","1","","1","0","39 59:56.501","","0","75 07:59.705","3","0","0","0","67301","1","0","0","N","1","0","0","2","67301","0","","1.0","","1","N","N","N","0","","1","0","1","3","2","","1600","2","1","0","0","0","0","0","2","0","1","1","0","0","3","03","","N","","","","","","","","","",""
"2022046207","0543","1","0","0","0","0","0","0","0","0","6","0","","67","4","2022","6","40.047166","-75.000742","0521","6","0","0","0","0","0","1","0","0","","0","0","0","5","3","0","N","0","0","40 02:49.799","","0","75 00:02.671","0","0","0","0","67301","0","0","0","N","0","0","0","2","68K01","0","","1.0","","1","N","N","N","0","","0","0","1","0","0","","512","2","0","0","0","0","0","0","2","0","2","0","0","0","3","","","N","","","","","","","","","",""
"2022045639","1805","2","0","0","0","0","0","0","0","0","1","0","","67","5","2022","7","39.977084","-75.198671","1749","6","0","0","0","0","0","2","0","1","","0","0","0","17","1","1","N","0","0","39 58:37.503","","0","75 11:55.215","8","0","0","0","67301","0","0","0","N","0","0","0","6","68K01","0","","3.0","","9","N","N","N","0","","0","0","2","0","0","","1747","4","1","0","0","0","1","0","2","0","4","0","0","0","7","","","N","","","","","","","","","",""
"2022041163","0554","1","0","0","0","0","0","0","0","0","7","0","","67","4","2022","1","39.955338","-75.180934","0550","6","0","0","0","0","0","0","0","0","","0","0","0","5","3","0","N","0","1","39 57:19.217","3","0","75 10:51.364","0","0","0","0","67301","0","0","0","N","0","0","0","1","68K01","0","","4.0","630.0","1","N","N","N","0","","0","0","0","0","0","N","549","1","0","0","0","0","0","0","2","0","1","0","0","0","3","","","N","","","","","","","","","",""