"CRN","ARRIVAL_TM","AUTOMOBILE_COUNT","BELTED_DEATH_COUNT","BELTED_SUSP_SERIOUS_INJ_COUNT","BICYCLE_COUNT","BICYCLE_DEATH_COUNT","BICYCLE_SUSP_SERIOUS_INJ_COUNT","BUS_COUNT","CHLDPAS_DEATH_COUNT","CHLDPAS_SUSP_SERIOUS_INJ_COUNT","COLLISION_TYPE","COMM_VEH_COUNT","CONS_ZONE_SPD_LIM","COUNTY","CRASH_MONTH","CRASH_YEAR","DAY_OF_WEEK","DEC_LATITUDE","DEC_LONGITUDE","DISPATCH_TM","DISTRICT","DRIVER_COUNT_16YR","DRIVER_COUNT_17YR","DRIVER_COUNT_18YR","DRIVER_COUNT_19YR","DRIVER_COUNT_20YR","DRIVER_COUNT_50_64YR","DRIVER_COUNT_65_74YR","DRIVER_COUNT_75PLUS","EST_HRS_CLOSED","FATAL_COUNT","HEAVY_TRUCK_COUNT","HORSE_BUGGY_COUNT","HOUR_OF_DAY","ILLUMINATION","INJURY_COUNT","INTERSECTION_RELATED","INTERSECT_TYPE","LANE_CLOSED","LATITUDE","LN_CLOSE_DIR","LOCATION_TYPE","LONGITUDE","MAX_SEVERITY_LEVEL","MCYCLE_DEATH_COUNT","MCYCLE_SUSP_SERIOUS_INJ_COUNT","MOTORCYCLE_COUNT","MUNICIPALITY","NONMOTR_COUNT","NONMOTR_DEATH_COUNT","NONMOTR_SUSP_SERIOUS_INJ_COUNT","NTFY_HIWY_MAINT","PED_COUNT","PED_DEATH_COUNT","PED_SUSP_SERIOUS_INJ_COUNT","PERSON_COUNT","POLICE_AGCY","POSSIBLE_INJ_COUNT","RDWY_SURF_TYPE_CD","RELATION_TO_ROAD","ROADWAY_CLEARED","ROAD_CONDITION","SCH_BUS_IND","SCH_ZONE_IND","SECONDARY_CRASH","SMALL_TRUCK_COUNT","SPEC_JURIS_CD","SUSP_MINOR_INJ_COUNT","SUSP_SERIOUS_INJ_COUNT","SUV_COUNT","TCD_FUNC_CD","TCD_TYPE","TFC_DETOUR_IND","TIME_OF_DAY","TOTAL_UNITS","TOT_INJ_COUNT","UNBELTED_OCC_COUNT","UNB_DEATH_COUNT","UNB_SUSP_SERIOUS_INJ_COUNT","UNK_INJ_DEG_COUNT","UNK_INJ_PER_COUNT","URBAN_RURAL","VAN_COUNT","VEHICLE_COUNT","VULNERABLE_ROAD_USER_COUNT","VULNERABLE_ROAD_USER_DEATH_COUNT","VULNERABLE_ROAD_USER_SER_INJ_COUNT","WEATHER1","WEATHER2","WORKERS_PRES","WORK_ZONE_IND","WORK_ZONE_LOC","WORK_ZONE_TYPE","WZ_CLOSE_DETOUR","WZ_FLAGGER","WZ_LAW_OFFCR_IND","WZ_LN_CLOSURE","WZ_MOVING","WZ_OTHER","WZ_SHLDER_MDN","WZ_WORKERS_INJ_KILLED"
"2022021538","1426","1","0","0","0","0","0","0","0","0","4","0","","67","2","2022","6","39.971811","-75.125954","1423","6","0","0","0","0","0","0","0","0","","0","0","0","14","1","1","","1","1","39 58:18.518","3","0","75 07:33.433","8","0","0","0","67301","0","0","0","N","0","0","0","4","67301","0","","1.0","1530.0","9","N","N","N","0","","0","0","2","3","2","N","1420","3","1","0","0","0","1","1","2","0","3","0","0","0","3","03","","N","","","","","","","","","",""
"2022043972","1555","1","0","0","0","0","0","0","0","0","1","0","","67","4","2022","6","39.956369","-75.217569","1555","6","0","0","0","0","0","0","0","0","","0","0","0","15","1","1","N","0","0","39 57:22.930","","0","75 13:03.250","8","0","0","0","67301","0","0","0","N","0","0","0","1","67301","0","","1.0","","1","N","N","N","0","","0","0","0","0","0","","1545","2","1","0","0","0","1","0","2","0","2","0","0","0","3","03","","N","","","","","","","","","",""
"2022029247","0901","2","0","0","0","0","0","0","0","0","4","0","","67","3","2022","3","39.983546","-75.101944","0901","6","0","0","0","0","0","2","0","0","","0","0","0","9","1","0","","1","0","39 59:00.766","","0","75 06:06.999","0","0","0","0","67301","0","0","0","N","0","0","0","5","67301","0","","1.0","","1","N","N","N","0","","0","0","3","3","3","","900","5","0","0","0","0","0","0","2","0","5","0","0","0","3","03","","N","","","","","","","","","",""
"2022030338","1545","2","0","0","0","0","0","0","0","0","1","0","","67","2","2022","3","40.006863","-75.073706","1533","6","0","0","0","0","0","0","1","0","","0","0","0","15","1","0","N","0","0","40 00:24.706","","2","75 04:25.343","0","0","0","0","67301","0","0","0","N","0","0","0","3","68K01","0","","1.0","","1","N","N","N","0","","0","0","0","0","0","","1532","3","0","0","0","0","0","0","2","1","3","0","0","0","3","","","N","","","","","","","","","",""
"2022053216","0033","1","0","0","0","0","0","0","0","0","4","0","","67","4","2022","3","39.985357","-75.161384","0032","6","0","0","0","0","0","0","0","0","","0","0","0","0","3","3","","1","1","39 59:07.285","2","0","75 09:40.982","4","0","0","0","67301","0","0","0","N","0","0","0","4","67301","3","","1.0","105.0","9","N","N","N","0","","0","0","1","3","2","N","8","2","3","0","0","0","0","0","2","0","2","0","0","0","7","07","","N","","","","","","","","","",""
"2022019624","1811","1","0","0","0","0","0","0","0","0","8","0","","67","2","2022","2","39.950528","-75.193194","1802","6","0","0","0","0","0","0","0","0","","0","0","0","17","4","1","N","0","0","39 57:01.900","","0","75 11:35.500","8","0","0","0","67301","1","0","0","N","1","0","0","2","67301","0","","6.0","","1","N","N","N","0","","0","0","0","0","0","","1716","2","1","0","0","0","1","0","2","0","1","1","0","0","3","03","","N","","","","","","","","","",""
"2022032312","2019","2","0","0","0","0","0","0","0","0","1","0","","67","3","2022","7","39.957556","-75.147265","2014","6","0","0","0","0","0","0","0","0","","0","0","0","20","3","1","N","0","1","39 57:27.203","4","3","75 08:50.153","3","0","0","0","67301","0","0","0","N","0","0","0","4","68K01","0","","1.0","2025.0","1","N","N","N","0","","1","0","0","0","0","N","2012","3","1","0","0","0","0","1","2","0","3","0","0","0","3","","","N","","","","","","","","","",""
"2022045683","0243","0","0","0","0","0","0","0","0","0","8","0","","67","5","2022","3","39.996367","-75.113329","0243","6","0","0","0","0","0","0","0","0","","3","0","0","2","3","1","Y","0","0","39 59:46.921","","0","75 06:47.985","1","0","0","0","67301","3","2","1","N","3","2","1","4","67301","0","2","4.0","","1","N","N","N","0","0","0","1","1","3","2","","243","4","1","1","1","0","0","0","2","0","1","3","2","1","3","03","","N","","","","","","","","","",""
"2022026226","0354","1","0","0","0","0","0","0","0","0","7","0","","67","3","2022","7","40.134374","-75.009144","0346","6","0","0","0","0","0","0","0","0","","0","0","0","3","3","2","","1","1","40 08:03.746","1","0","75 00:32.919","3","0","0","0","67301","0","0","0","N","0","0","0","3","67301","0","","4.0","430.0","9","N","N","N","0","","2","0","1","3","2","N","345","2","2","0","0","0","0","0","2","0","2","0","0","0","7","05","","N","","","","","","","","","",""
"2022043874","1016","0","0","0","0","0","0","0","0","0","4","2","","67","4","2022","5","39.920211","-75.213308","0955","6","0","0","0","0","0","0","0","0","","0","2","0","7","1","0","N","0","0","39 55:12.760","","7","75 12:47.910","0","0","0","0","67301","0","0","0","N","0","0","0","2","67301","0","","1.0","","1","N","N","N","0","","0","0","0","0","0","","741","2","0","0","0","0","0","0","2","0","2","0","0","0","3","03","","N","","","","","","","","","",""
"2022029653","1952","0","0","0","0","0","0","0","0","0","4","0","","67","3","2022","1","39.913054","-75.172419","1952","6","0","0","0","0","0","2","0","0","","0","0","0","19","3","3","","1","0","39 54:46.993","","0","75 10:20.708","3","0","0","0","67301","0","0","0","N","0","0","0","3","67301","0","","1.0","","1","N","N","N","0","","2","0","2","3","2","","1950","2","3","2","0","0","1","0","2","0","2","0","0","0","3","","","N","","","","","","","","","",""
"2022043799","1631","1","0","0","0","0","0","0","0","0","2","0","","67","4","2022","2","40.042424","-75.082666","1631","6","0","0","0","0","0","1","0","0","","0","0","0","16","1","0","","1","0","40 02:32.725","","0","75 04:57.598","0","0","0","0","67301","0","0","0","N","0","0","0","2","67301","0","","1.0","","1","N","N","N","0","","0","0","1","0","0","","1610","2","0","2","0","0","0","0","2","0","2","0","0","0","3","03","","N","","","","","","","","","",""
"2022052335","2000","1","0","0","0","0","0","0","0","0","4","0","","67","6","2022","7","39.964856","-75.195156","2000","6","0","0","0","0","0","0","0","0","","0","0","0","19","1","0","N","0","0","39 57:53.480","","0","75 11:42.560","9","0","0","0","67301","0","0","0","N","0","0","0","2","67301","0","","6.0","","1","N","N","N","0","","0","0","1","0","0","","1916","2","0","0","0","0","0","2","2","0","2","0","0","0","3","03","","N","","","","","","","","","",""
"2022026783","1547","1","0","0","0","0","0","0","0","0","4","0","","67","3","2022","3","40.087534","-74.971328","1547","6","0","0","0","0","0","2","0","0","","0","0","0","14","1","2","","1","0","40 05:15.121","","2","74 58:16.779","8","0","0","0","67301","0","0","0","N","0","0","0","3","67301","0","","1.0","","1","N","N","N","0","","0","0","1","3","2","","1434","2","2","0","0","0","2","1","2","0","2","0","0","0","3","03","","N","","","","","","","","","",""
"2022031226","1201","2","0","0","0","0","0","0","0","0","4","0","","67","3","2022","6","39.97198","-75.245891","1200","6","0","0","0","0","0","1","0","0","","0","0","0","10","1","1","","1","0","39 58:19.129","","0","75 14:45.206","8","0","0","0","67301","0","0","0","N","0","0","0","2","67301","0","","1.0","","1","N","N","N","0","","0","0","0","3","3","","1030","2","1","1","0","0","1","0","2","0","2","0","0","0","3","03","","N","","","","","","","","","",""
"2022021422","1451","2","0","0","0","0","0","0","0","0","1","0","","67","2","2022","7","39.994723","-75.083722","1439","6","0","0","1","0","0","1","0","0","","0","0","0","14","1","1","N","0","1","39 59:41.002","1","0","75 05:01.399","3","0","0","0","67301","0","0","0","N","0","0","0","4","68K01","0","","1.0","1501.0","1","N","N","N","0","","1","0","1","0","0","N","1433","4","1","1","0","0","0","0","2","1","4","0","0","0","3","","","N","","","","","","","","","",""
"2022049762","1927","0","0","0","0","0","0","0","0","0","7","0","","67","5","2022","5","40.012721","-75.160799","1927","6","0","0","0","0","0","0","1","0","","0","0","0","19","1","1","N","0","0","40 00:45.796","","0","75 09:38.876","3","0","0","0","67301","0","0","0","N","0","0","0","1","67301","0","","5.0","","1","N","N","N","0","","1","0","0","0","0","","1927","1","1","0","0","0","0","0","2","1","1","0","0","0","4","","","N","","","","","","","","","",""
"2022032910","1050","1","0","0","0","0","0","0","0","0","4","0","","67","3","2022","1","39.989114","-75.243236","1037","6","0","0","0","0","0","1","0","1","","0","0","0","9","1","0","","1","0","39 59:20.810","","0","75 14:35.649","0","0","0","0","67301","0","0","0","N","0","0","0","2","67301","0","","1.0","","1","N","N","N","0","","0","0","1","3","3","","927","2","0","0","0","0","0","0","2","0","2","0","0","0","4","","","N","","","","","","","","","",""
"2022024893","1112","1","0","0","0","0","0","0","0","0","1","0","","67","3","2022","4","39.959326","-75.225002","1105","6","0","0","0","0","0","1","0","0","","0","0","0","10","1","1","N","0","0","39 57:33.575","","0","75 13:30.008","3","0","0","0","67301","0","0","0","N","0","0","0","3","67301","0","","1.0","","1","N","N","N","1","","1","0","0","0","0","","1034","2","1","0","0","0","0","2","2","0","2","0","0","0","3","","","N","","","","","","","","","",""
"2022032914","1708","2","0","0","0","0","0","0","0","0","5","0","","67","4","2022","1","39.988252","-75.155714","1704","6","0","0","0","0","0","0","0","0","","0","0","0","17","1","0","N","0","1","39 59:17.707","1","0","75 09:20.570","0","0","0","0","67301","0","0","0","N","0","0","0","2","67301","0","","1.0","1831.0","1","N","N","N","0","","0","0","1","0","0","Y","1700","3","0","1","0","0","0","0","2","0","3","0","0","0","3","03","","N","","","","","","","","","",""
"2022023727","1305","2","0","0","0","0","0","0","0","0","4","0","","67","2","2022","2","40.086788","-74.971843","1255","6","0","0","0","0","0","2","0","0","","0","0","0","12","1","1","","1","0","40 05:12.438","","0","74 58:18.635","4","0","0","0","67301","0","0","0","N","0","0","0","3","67301","1","","1.0","","1","N","N","N","0","","0","0","0","3","2","","1240","2","1","0","0","0","0","0","2","0","2","0","0","0","3","03","","N","","","","","","","","","",""
"2022040192","0835","1","0","0","0","0","0","0","0","0","1","0","","67","3","2022","5","39.945659","-75.142312","0758","6","0","0","0","0","0","1","0","0","","0","0","0","7","1","0","N","0","0","39 56:44.373","","0","75 08:32.324","0","0","0","0","67301","0","0","0","N","0","0","0","2","68K01","0","","1.0","","9","N","N","N","0","","0","0","1","0","0","","757","2","0","0","0","0","0","0","2","0","2","0","0","0","7","07","","N","","","","","","","","","",""
"2022043968","0245","1","0","0","0","0","0","0","0","0","5","0","","67","4","2022","7","39.953622","-75.239517","0240","6","0","0","0","0","0","0","0","0","","0","0","0","0","3","0","N","0","0","39 57:13.040","","0","75 14:22.260","0","0","0","0","67301","0","0","0","N","0","0","0","1","67301","0","","6.0","","9","N","N","N","0","","0","0","1","0","0","","33","3","0","0","0","0","0","0","2","0","3","0","0","0","7","07","","N","","","","","","","","","",""
"2022040194","1254","1","0","0","0","0","0","0","0","0","1","0","","67","3","2022","7","39.967584","-75.132252","1247","6","0","0","0","0","0","1","0","0","","0","0","0","12","1","2","N","0","0","39 58:03.304","","0","75 07:56.106","4","0","0","0","67301","0","0","0","N","0","0","0","3","68K01","2","","1.0","","1","N","N","N","0","","0","0","1","3","8","","1246","2","2","0","0","0","0","0","2","0","2","0","0","0","3","","","N","","","","","","","","","",""
"2022038647","1118","0","0","0","0","0","0","0","0","0","7","0","","67","3","2022","4","39.959364","-75.140234","1059","6","0","0","0","0","0","0","0","0","","0","0","0","10","1","0","N","0","0","39 57:33.711","","8","75 08:24.841","0","0","0","0","67301","0","0","0","N","0","0","0","1","68K01","0","","4.0","","1","N","N","N","0","","0","0","1","0","0","","1058","1","0","0","0","0","0","0","2","0","1","0","0","0","3","","","N","","","","","","","","","",""
"2022023787","2142","1","0","0","0","0","0","0","0","0","2","0","","67","3","2022","5","39.975842","-75.133908","2140","6","0","0","0","0","0","1","0","0","","0","0","0","21","3","1","N","0","0","39 58:33.030","","1","75 08:02.070","8","0","0","0","67301","0","0","0","N","0","0","0","1","67301","0","","6.0","","1","N","N","N","1","","0","0","1","0","0","","2140","3","1","1","0","0","1","0","2","0","3","0","0","0","3","","","N","","","","","","","","","",""
"2022029156","1701","1","0","0","1","0","0","0","0","0","8","0","","67","3","2022","7","39.926019","-75.182443","1700","6","0","0","0","0","0","0","0","0","","0","0","0","16","1","1","N","0","0","39 55:33.668","","0","75 10:56.794","3","0","0","0","67301","1","0","0","N","0","0","0","2","67301","0","","1.0","","1","N","N","N","0","","1","0","0","0","0","","1655","2","1","0","0","0","0","0","2","0","1","1","0","0","3","03","","N","","","","","","","","","",""
"2022029195","0828","0","0","0","0","0","0","0","0","0","8","0","","67","3","2022","4","39.952667","-75.176972","0828","6","0","0","0","0","0","0","0","0","","0","0","0","8","1","1","N","0","0","39 57:09.600","","0","75 10:37.100","3","0","0","0","67301","1","0","0","N","1","0","0","2","67301","0","","1.0","","1","N","N","N","0","","1","0","1","0","0","","825","2","1","0","0","0","0","0","2","0","1","1","0","0","3","03","","N","","","","","","","","","",""
"2022050866","1235","0","0","0","0","0","0","0","0","0","5","1","","67","5","2022","3","40.020705","-75.140454","1234","6","0","0","0","0","0","0","0","0","","0","1","0","11","1","1","N","0","0","40 01:14.539","","0","75 08:25.635","3","0","0","0","67301","0","0","0","N","0","0","0","3","67301","0","","6.0","","1","N","N","N","0","","1","0","1","0","0","","1145","2","1","1","0","0","0","0","2","0","2","0","0","0","3","03","","N","","","","","","","","","",""
"2022043836","1455","1","0","0","0","0","0","0","0","0","8","0","","67","4","2022","3","40.109805","-75.025184","1450","6","0","0","0","1","0","0","0","0","","0","0","0","14","1","1","Y","0","2","40 06:35.299","1","0","75 01:30.662","2","0","0","0","67301","1","0","1","N","1","0","1","3","67301","0","","1.0","1732.0","1","N","N","N","0","","0","1","0","3","2","Y","1449","2","1","0","0","0","0","0","2","0","1","1","0","1","3","03","","N","","","","","","","","","",""
"2022016153","0013","0","0","0","0","0","0","0","0","0","4","0","","67","2","2022","1","39.942944","-75.226794","0007","6","0","0","0","0","0","0","0","0","","0","0","0","0","3","0","","1","0","39 56:34.598","","0","75 13:36.458","9","0","0","0","67301","0","0","0","N","0","0","0","3","67301","0","","1.0","","99","N","N","N","1","","0","0","0","3","2","","0","2","0","0","0","0","0","2","2","1","2","0","0","0","3","03","","N","","","","","","","","","",""
"2022025639","2205","1","0","0","0","0","0","0","0","0","5","0","","67","3","2022","7","39.972427","-75.175423","2201","6","0","0","0","0","0","0","0","1","","0","0","0","22","2","1","N","0","0","39 58:20.738","","0","75 10:31.522","3","0","0","0","67301","0","0","0","N","0","0","0","1","67301","0","","6.0","","1","N","N","N","0","","1","0","2","0","0","","2201","3","1","0","0","0","0","0","2","0","3","0","0","0","3","03","","N","","","","","","","","","",""
"2022014658","1800","2","0","0","0","0","0","0","0","0","4","0","","67","2","2022","2","39.907198","-75.228147","1751","6","0","0","0","0","0","0","0","0","","0","0","0","17","3","1","","2","1","39 54:25.912","5","0","75 13:41.329","3","0","0","0","67301","0","0","0","N","0","0","0","2","67301","0","","1.0","1910.0","9","N","N","N","0","","1","0","0","3","7","N","1743","2","1","2","0","0","0","0","2","0","2","0","0","0","6","98","","N","","","","","","","","","",""
"2022015196","1005","0","0","0","0","0","0","0","0","0","4","0","","67","2","2022","3","40.008237","-75.090412","0947","6","0","0","0","0","0","1","0","0","","0","0","0","9","1","1","N","0","1","40 00:29.653","5","0","75 05:25.482","4","0","0","0","67301","0","0","0","N","0","0","0","2","67301","1","","1.0","1145.0","1","N","N","N","1","","0","0","0","0","0","N","908","2","1","1","0","0","0","0","2","1","2","0","0","0","3","03","","N","","","","","","","","","",""
"2022044116","2035","1","0","0","0","0","0","0","0","0","4","0","","67","4","2022","7","40.014821","-75.151746","2035","6","0","0","0","0","0","1","0","0","","0","0","0","16","1","1","","2","9","40 00:53.355","","0","75 09:06.285","3","0","0","1","67301","0","0","0","N","0","0","0","2","67301","0","","1.0","","1","N","N","N","0","","1","0","0","0","0","","1640","2","1","0","0","0","0","0","2","0","2","0","0","0","3","","","N","","","","","","","","","",""
"2022014750","0836","1","0","0","0","0","0","0","0","0","1","0","","67","2","2022","2","40.006728","-75.193992","0836","6","0","0","0","0","0","0","0","0","","0","0","0","8","1","0","N","0","2","40 00:24.220","5","0","75 11:38.370","9","0","0","0","67301","0","0","0","N","0","0","0","3","67301","0","","1.0","200.0","2","N","N","N","0","","0","0","2","0","0","Y","836","3","0","3","0","0","0","3","2","0","3","0","0","0","6","04","","N","","","","","","","","","",""
"2022053204","0315","0","0","0","0","0","0","0","0","0","8","0","","67","4","2022","1","39.972373","-75.166494","0315","6","0","0","0","0","0","0","0","0","","0","0","0","3","3","1","","5","0","39 58:20.544","","0","75 09:59.380","3","0","0","0","67301","1","0","0","N","1","0","0","2","67301","0","","1.0","","1","N","N","N","0","","1","0","0","3","2","","313","2","1","0","0","0","0","0","2","0","1","1","0","0","3","03","","N","","","","","","","","","",""
"2022023276","2131","2","0","0","0","0","0","0","0","0","5","0","","67","2","2022","2","40.009345","-75.20949","2130","6","0","0","0","0","0","1","0","0","","0","0","0","21","3","2","","6","1","40 00:33.642","2","2","75 12:34.165","3","0","0","0","67301","0","0","0","N","0","0","0","3","46104","0","","1.0","2232.0","1","N","N","N","0","","2","0","0","3","2","N","2130","2","2","0","0","0","0","1","2","0","2","0","0","0","3","","","N","","","","","","","","","",""
"2022046312","1620","0","0","0","0","0","0","0","0","0","7","0","","67","5","2022","1","40.041342","-75.233939","1612","6","0","0","0","0","0","1","0","0","","0","0","0","16","1","1","N","0","0","40 02:28.830","","0","75 14:02.180","3","0","0","0","67301","0","0","0","N","0","0","0","1","67301","0","","4.0","","1","N","N","N","0","","1","0","1","0","0","","1600","1","1","0","0","0","0","0","2","0","1","0","0","0","3","03","","N","","","","","","","","","",""
"2022043897","1015","0","0","0","0","0","0","0","0","0","1","0","","67","4","2022","4","40.041056","-75.1875","1004","6","0","0","0","0","0","1","0","0","","0","0","0","9","1","1","N","0","1","40 02:27.800","2","0","75 11:15.000","3","0","0","0","67301","0","0","0","N","0","0","0","2","67301","0","","1.0","1025.0","1","N","N","N","1","","1","0","1","0","0","N","950","2","1","0","0","0","0","0","2","0","2","0","0","0","4","04","","N","","","","","","","","","",""
"2022024129","0900","0","0","0","0","0","0","0","0","0","8","0","","67","3","2022","2","40.060398","-74.990435","0847","6","0","0","0","0","0","0","0","0","","0","0","0","6","1","1","","1","0","40 03:37.434","","0","74 59:25.565","3","0","0","0","67301","1","0","0","N","1","0","0","2","67301","0","","1.0","","1","N","Y","N","0","","1","0","0","3","2","","618","2","1","0","0","0","0","0","2","0","1","1","0","0","3","03","","N","","","","","","","","","",""
"2022024154","2050","0","0","0","0","0","0","0","0","0","7","0","","67","3","2022","2","40.064554","-75.020559","2047","6","0","0","0","0","0","0","0","0","","0","0","0","20","3","0","","2","0","40 03:52.394","","0","75 01:14.012","0","0","0","0","67301","0","0","0","N","0","0","0","1","67301","0","","5.0","","9","N","N","N","0","","0","0","0","0","0","","2030","1","0","0","0","0","0","0","2","1","1","0","0","0","7","07","","N","","","","","","","","","",""
"2022044303","2137","3","0","0","0","0","0","0","0","0","2","0","","67","4","2022","1","39.924144","-75.152275","2131","6","0","0","0","0","0","0","0","0","","0","0","0","21","3","2","N","0","0","39 55:26.920","","0","75 09:08.190","3","0","0","0","67301","0","0","0","N","0","0","0","3","67301","0","","1.0","","1","N","N","N","1","","2","0","4","0","0","","2128","9","2","0","0","0","0","0","2","1","9","0","0","0","3","","","N","","","","","","","","","",""
"2022045167","1114","1","0","0","0","0","0","0","0","0","4","0","","67","2","2022","6","39.959174","-75.243377","1114","6","0","0","0","0","0","0","0","0","","0","0","0","21","3","1","","1","0","39 57:33.025","","0","75 14:36.157","3","0","0","0","67301","0","0","0","N","0","0","0","2","67301","0","","1.0","","1","N","N","N","0","","1","0","0","3","2","","2150","2","1","0","0","0","0","0","2","0","2","0","0","0","3","03","","N","","","","","","","","","",""
"2022016125","1548","1","0","0","0","0","0","0","0","0","1","0","","67","2","2022","7","39.9075","-75.142944","1545","6","0","0","0","0","0","0","1","0","","0","0","0","15","1","0","N","0","0","39 54:27.000","","3","75 08:34.600","0","0","0","0","67301","0","0","0","N","0","0","0","3","67501","0","","1.0","","1","N","N","N","0","","0","0","1","3","8","","1540","2","0","0","0","0","0","0","2","0","2","0","0","0","3","03","","N","","","","","","","","","",""
"2022015354","0720","2","0","0","0","0","0","0","0","0","6","0","","67","2","2022","4","40.023053","-75.197344","0712","6","0","0","0","0","0","1","0","0","","0","0","0","7","1","0","N","0","1","40 01:22.990","2","0","75 11:50.440","9","0","0","0","67301","0","0","0","N","0","0","0","2","67301","0","","1.0","15.0","2","N","N","N","0","","0","0","0","0","0","N","712","2","0","2","0","0","0","2","2","0","2","0","0","0","3","","","N","","","","","","","","","",""
"2022043928","1115","0","0","0","0","0","0","0","0","0","8","0","","67","2","2022","4","40.022351","-75.078135","1115","6","0","0","0","0","0","0","0","0","","0","0","0","12","1","1","","1","0","40 01:20.463","","0","75 04:41.285","8","0","0","0","67301","1","0","0","N","1","0","0","2","67301","0","","4.0","","1","N","N","N","0","","0","0","0","3","2","","1245","2","1","0","0","0","1","1","2","0","1","1","0","0","3","03","","N","","","","","","","","","",""
"2022032886","2214","2","0","0","0","0","0","0","0","0","1","0","","67","4","2022","7","40.039231","-75.177615","2213","6","0","0","0","0","0","1","1","0","","0","0","0","22","2","1","","2","0","40 02:21.230","","0","75 10:39.415","8","0","0","0","67301","0","0","0","N","0","0","0","2","67301","0","","1.0","","1","N","N","N","0","","0","0","0","3","2","","2205","2","1","0","0","0","1","0","2","0","2","0","0","0","3","","","N","","","","","","","","","",""
"2022029270","0910","2","0","0","0","0","0","0","0","0","4","0","","67","2","2022","2","40.051741","-75.152996","0901","6","0","0","0","0","0","0","0","0","","0","0","0","9","1","1","","1","0","40 03:06.267","","0","75 09:10.785","8","0","0","0","67301","0","0","0","N","0","0","0","2","67301","0","","1.0","","1","N","N","N","0","","0","0","0","3","2","","900","2","1","0","0","0","1","0","2","0","2","0","0","0","3","03","","N","","","","","","","","","",""
"2022032240","0958","1","0","0","0","0","0","0","0","0","7","0","","67","3","2022","2","39.912472","-75.174056","0953","6","0","0","0","0","0","0","0","0","","0","0","0","9","1","0","","7","2","39 54:44.900","2","8","75 10:26.600","0","0","0","0","67301","0","0","0","N","0","0","0","2","67501","0","","7.0","1030.0","1","N","N","Y","0","","0","0","0","0","0","Y","953","1","0","0","0","0","0","0","2","0","1","0","0","0","3","03","","N","","","","","","","","","",""
"2022023724","0932","1","0","0","0","0","0","0","0","0","1","0","","67","3","2022","4","40.105517","-75.000936","0928","6","0","0","0","0","0","1","0","0","","0","0","0","9","1","1","Y","0","0","40 06:19.860","","0","75 00:03.368","3","0","0","0","67301","0","0","0","N","0","0","0","3","67301","0","","1.0","","1","N","N","N","1","","1","0","0","3","2","","906","3","1","2","0","0","0","1","2","1","3","0","0","0","3","","","N","","","","","","","","","",""
"2022023781","2009","0","0","0","0","0","0","0","0","0","8","0","","67","2","2022","5","40.010987","-75.150754","2004","6","0","0","0","0","0","1","0","0","","0","0","0","19","3","1","N","0","0","40 00:39.554","","0","75 09:02.714","8","0","0","0","67301","1","0","0","N","1","0","0","2","67301","0","","1.0","","1","N","N","N","0","","0","0","0","0","0","","1951","2","1","0","0","0","1","0","2","1","1","1","0","0","3","","","N","","","","","","","","","",""
"2022044037","1617","1","0","0","0","0","0","0","0","0","4","0","","67","4","2022","2","40.00713","-75.094069","1614","6","0","0","0","0","0","1","0","0","","0","0","0","15","1","0","","1","0","40 00:25.667","","0","75 05:38.650","9","0","0","0","67301","0","0","0","N","0","0","0","3","67301","0","","1.0","","1","N","N","N","0","","0","0","1","3","2","","1550","2","0","0","0","0","0","1","2","0","2","0","0","0","3","04","","N","","","","","","","","","",""
"2022053252","1040","1","0","0","0","0","0","0","0","0","5","1","","67","5","2022","2","39.986419","-75.092096","1026","6","0","0","0","0","0","0","0","0","","0","0","0","10","1","0","N","0","1","39 59:11.108","2","0","75 05:31.546","0","0","0","0","67301","0","0","0","N","0","0","0","2","68K01","0","","1.0","1115.0","1","N","N","N","0","","0","0","0","0","0","N","1024","2","0","0","0","0","0","0","2","0","2","0","0","0","3","03","","N","","","","","","","","","",""
"2022026244","0110","0","0","0","0","0","0","0","0","0","4","0","","67","2","2022","1","39.953327","-75.183701","0100","6","0","0","0","0","0","0","0","0","","0","0","0","0","3","0","","1","1","39 57:11.978","2","0","75 11:01.324","9","0","0","0","67301","0","0","0","N","0","0","0","2","67301","0","","1.0","215.0","1","N","N","N","0","","0","0","1","3","2","N","45","2","0","0","0","0","0","1","2","0","2","0","0","0","3","03","","N","","","","","","","","","",""
"2022044080","2220","1","0","0","0","0","0","0","0","0","5","0","","67","5","2022","5","39.969416","-75.139285","2220","6","0","0","0","0","0","0","0","0","","0","0","0","22","3","1","N","0","0","39 58:09.898","","0","75 08:21.426","3","0","0","0","67301","0","0","0","N","0","0","0","1","67301","0","","1.0","","1","N","N","N","0","","1","0","1","0","0","","2219","2","1","0","0","0","0","0","2","0","2","0","0","0","3","03","","N","","","","","","","","","",""
"2022045332","1114","1","0","0","0","0","0","0","0","0","1","0","","67","4","2022","2","39.941928","-75.194038","1101","6","0","0","0","0","0","0","0","0","","0","0","0","11","1","0","N","0","1","39 56:30.939","4","0","75 11:38.538","0","0","0","0","67301","0","0","0","N","0","0","0","4","68K01","0","","1.0","1134.0","1","N","N","N","0","","0","0","1","0","0","N","1100","2","0","1","0","0","0","0","2","0","2","0","0","0","3","","","N","","","","","","","","","",""
"2022035756","0649","0","0","0","0","0","0","0","0","0","7","0","","67","3","2022","2","39.95806","-75.16573","0639","6","0","0","0","0","0","0","0","0","","0","0","0","6","3","0","N","0","1","39 57:29.015","3","2","75 09:56.628","0","0","0","0","67301","0","0","0","N","0","0","0","1","68K01","0","","4.0","658.0","1","N","N","N","0","","0","0","1","0","0","N","630","1","0","1","0","0","0","0","2","0","1","0","0","0","3","","","N","","","","","","","","","",""