"CRN","ARRIVAL_TM","AUTOMOBILE_COUNT","BELTED_DEATH_COUNT","BELTED_SUSP_SERIOUS_INJ_COUNT","BICYCLE_COUNT","BICYCLE_DEATH_COUNT","BICYCLE_SUSP_SERIOUS_INJ_COUNT","BUS_COUNT","CHLDPAS_DEATH_COUNT","CHLDPAS_SUSP_SERIOUS_INJ_COUNT","COLLISION_TYPE","COMM_VEH_COUNT","CONS_ZONE_SPD_LIM","COUNTY","CRASH_MONTH","CRASH_YEAR","DAY_OF_WEEK","DEC_LATITUDE","DEC_LONGITUDE","DISPATCH_TM","DISTRICT","DRIVER_COUNT_16YR","DRIVER_COUNT_17YR","DRIVER_COUNT_18YR","DRIVER_COUNT_19YR","DRIVER_COUNT_20YR","DRIVER_COUNT_50_64YR","DRIVER_COUNT_65_74YR","DRIVER_COUNT_75PLUS","EST_HRS_CLOSED","FATAL_COUNT","HEAVY_TRUCK_COUNT","HORSE_BUGGY_COUNT","HOUR_OF_DAY","ILLUMINATION","INJURY_COUNT","INTERSECTION_RELATED","INTERSECT_TYPE","LANE_CLOSED","LATITUDE","LN_CLOSE_DIR","LOCATION_TYPE","LONGITUDE","MAX_SEVERITY_LEVEL","MCYCLE_DEATH_COUNT","MCYCLE_SUSP_SERIOUS_INJ_COUNT","MOTORCYCLE_COUNT","MUNICIPALITY","NONMOTR_COUNT","NONMOTR_DEATH_COUNT","NONMOTR_SUSP_SERIOUS_INJ_COUNT","NTFY_HIWY_MAINT","PED_COUNT","PED_DEATH_COUNT","PED_SUSP_SERIOUS_INJ_COUNT","PERSON_COUNT","POLICE_AGCY","POSSIBLE_INJ_COUNT","RDWY_SURF_TYPE_CD","RELATION_TO_ROAD","ROADWAY_CLEARED","ROAD_CONDITION","SCH_BUS_IND","SCH_ZONE_IND","SECONDARY_CRASH","SMALL_TRUCK_COUNT","SPEC_JURIS_CD","SUSP_MINOR_INJ_COUNT","SUSP_SERIOUS_INJ_COUNT","SUV_COUNT","TCD_FUNC_CD","TCD_TYPE","TFC_DETOUR_IND","TIME_OF_DAY","TOTAL_UNITS","TOT_INJ_COUNT","UNBELTED_OCC_COUNT","UNB_DEATH_COUNT","UNB_SUSP_SERIOUS_INJ_COUNT","UNK_INJ_DEG_COUNT","UNK_INJ_PER_COUNT","URBAN_RURAL","VAN_COUNT","VEHICLE_COUNT","VULNERABLE_ROAD_USER_COUNT","VULNERABLE_ROAD_USER_DEATH_COUNT","VULNERABLE_ROAD_USER_SER_INJ_COUNT","WEATHER1","WEATHER2","WORKERS_PRES","WORK_ZONE_IND","WORK_ZONE_LOC","WORK_ZONE_TYPE","WZ_CLOSE_DETOUR","WZ_FLAGGER","WZ_LAW_OFFCR_IND","WZ_LN_CLOSURE","WZ_MOVING","WZ_OTHER","WZ_SHLDER_MDN","WZ_WORKERS_INJ_KILLED"
"2022015506","2355","1","0","0","0","0","0","0","0","0","4","0","","67","2","2022","4","40.058119","-75.165773","2351","6","0","0","0","1","0","0","0","0","","0","0","0","21","3","0","N","0","0","40 03:29.228","","6","75 09:56.782","9","0","0","0","67301","0","0","0","N","0","0","0","2","67301","0","","1.0","","1","N","N","N","1","","0","0","0","3","3","","2159","2","0","0","0","0","0","1","2","0","2","0","0","0","3","","","N","","","","","","","","","",""
"2022043901","0306","1","0","0","0","0","0","0","0","0","7","0","","67","4","2022","6","40.028806","-75.16175","0255","6","0","0","0","0","0","0","0","0","","0","0","0","2","3","0","N","0","0","40 01:43.700","","0","75 09:42.300","0","0","0","0","67301","0","0","0","N","0","0","0","1","67301","0","","5.0","","1","N","N","N","0","","0","0","0","0","0","","248","1","0","0","0","0","0","0","2","0","1","0","0","0","3","03","","N","","","","","","","","","",""
"2022014711","2237","1","0","0","0","0","0","0","0","0","1","0","","67","1","2022","7","40.054093","-75.049043","2237","6","0","0","0","0","0","0","0","0","","0","0","0","1","3","0","","1","0","40 03:14.733","","0","75 02:56.553","9","0","0","0","67301","0","0","0","N","0","0","0","4","67301","0","","1.0","","1","N","N","N","0","","0","0","1","3","2","","115","2","0","0","0","0","0","4","2","0","2","0","0","0","3","","","N","","","","","","","","","",""
"2022041593","2027","0","0","0","0","0","0","1","0","0","8","1","","67","4","2022","2","40.020504","-75.19238","2017","6","0","0","0","0","0","0","0","0","","0","0","0","20","3","1","","1","0","40 01:13.816","","0","75 11:32.569","8","0","0","0","67301","1","0","0","N","1","0","0","2","67508","0","","1.0","","1","N","N","Y","0","","0","0","0","3","2","","2017","2","1","0","0","0","1","0","2","0","1","1","0","0","3","03","","N","","","","","","","","","",""
"2022023796","0034","1","0","0","0","0","0","0","0","0","5","0","","67","3","2022","2","40.023668","-75.14799","0029","6","0","0","0","0","0","0","0","0","","0","0","0","23","3","0","N","0","0","40 01:25.205","","0","75 08:52.764","0","0","0","0","67301","0","0","0","N","0","0","0","1","67301","0","","6.0","","1","N","N","N","0","","0","0","1","0","0","","2341","2","0","0","0","0","0","0","2","0","2","0","0","0","3","03","","N","","","","","","","","","",""
"2022041511","1410","0","0","0","0","0","0","0","0","0","1","0","","67","3","2022","7","39.978834","-75.203276","1343","6","0","0","0","0","0","0","0","0","","0","0","0","13","1","2","N","0","0","39 58:43.801","","0","75 12:11.795","4","0","0","0","67301","0","0","0","N","0","0","0","4","68K01","2","","1.0","","1","N","N","N","0","","0","0","2","0","0","","1337","2","2","0","0","0","0","1","2","0","2","0","0","0","3","","","N","","","","","","","","","",""
"2022025546","0342","1","0","0","0","0","0","0","0","0","1","0","","67","3","2022","1","39.904045","-75.240114","0339","6","0","0","0","0","0","0","0","0","","0","0","0","3","3","2","","5","0","39 54:14.563","","0","75 14:24.409","3","0","0","0","67301","0","0","0","N","0","0","0","3","67301","0","","1.0","","1","N","N","N","0","","2","0","1","3","2","","331","2","2","0","0","0","0","0","2","0","2","0","0","0","3","","","N","","","","","","","","","",""
"2022049121","1607","0","0","0","0","0","0","0","0","0","1","0","","67","5","2022","5","39.917989","-75.147884","1548","6","0","0","0","0","0","0","0","0","","0","0","0","15","1","1","N","0","2","39 55:04.760","2","3","75 08:52.381","3","0","0","0","67301","0","0","0","N","0","0","0","3","68K01","0","","1.0","1700.0","1","N","N","N","0","","1","0","2","0","0","N","1545","3","1","0","0","0","0","0","2","1","3","0","0","0","3","","","N","","","","","","","","","",""
"2022048293","0131","1","0","0","0","0","0","0","0","0","7","0","","67","5","2022","1","40.041319","-75.106723","0123","6","0","0","0","0","0","0","0","0","","0","0","0","1","3","0","","1","0","40 02:28.749","","0","75 06:24.204","9","0","0","0","67301","0","0","0","N","0","0","0","1","67301","0","","2.0","","1","N","N","N","0","","0","0","0","3","2","","122","1","0","0","0","0","0","1","2","0","1","0","0","0","3","","","N","","","","","","","","","",""
"2022043684","0832","1","0","0","0","0","0","0","0","0","5","0","","67","4","2022","7","40.051424","-74.989448","0817","6","0","0","0","0","0","0","0","0","","0","0","0","8","1","1","N","0","1","40 03:05.128","2","0","74 59:22.011","4","0","0","0","67301","0","0","0","N","0","0","0","2","68K01","1","","1.0","840.0","9","N","N","N","0","","0","0","1","0","0","N","812","2","1","0","0","0","0","0","2","0","2","0","0","0","7","","","N","","","","","","","","","",""
"2022036557","2115","2","0","0","0","0","0","0","0","0","5","0","","67","4","2022","1","39.961221","-75.182403","2110","6","0","1","0","0","0","0","0","0","","0","0","0","21","3","0","","3","2","39 57:40.397","3","0","75 10:56.651","0","0","0","0","67301","0","0","0","N","0","0","0","2","68K01","0","","1.0","2130.0","1","N","N","N","0","","0","0","0","0","0","N","2107","2","0","1","0","0","0","0","2","0","2","0","0","0","3","03","","N","","","","","","","","","",""
"2022030978","1710","2","0","0","0","0","0","0","0","0","5","0","","67","3","2022","2","40.058267","-75.026888","1705","6","0","0","0","0","0","0","0","0","","0","0","0","16","1","1","","2","0","40 03:29.761","","0","75 01:36.796","8","0","0","0","67301","0","0","0","N","0","0","0","2","67301","0","","1.0","","1","N","N","N","0","","0","0","0","0","0","","1648","2","1","0","0","0","1","0","2","0","2","0","0","0","4","04","","N","","","","","","","","","",""
"2022024167","1130","1","0","0","0","0","0","0","0","0","4","0","","67","3","2022","3","40.017878","-75.080686","1128","6","0","0","0","0","0","0","0","0","","0","0","0","11","1","0","","1","0","40 01:04.360","","0","75 04:50.469","9","0","0","0","67301","0","0","0","N","0","0","0","2","67301","0","","1.0","","1","N","N","N","0","","0","0","1","3","3","","1122","2","0","0","0","0","0","1","2","0","2","0","0","0","3","","","N","","","","","","","","","",""
"2022050552","0241","2","0","0","0","0","0","0","0","0","1","0","","67","5","2022","1","39.97758","-75.212933","0237","6","0","0","0","0","0","1","0","0","","0","0","0","2","3","0","","1","0","39 58:39.289","","0","75 12:46.559","0","0","0","0","67301","0","0","0","N","0","0","0","2","67301","0","","1.0","","1","N","N","N","0","","0","0","0","3","2","","221","2","0","0","0","0","0","0","2","0","2","0","0","0","3","03","","N","","","","","","","","","",""
"2022022828","1550","0","0","0","0","0","0","0","0","0","8","0","","67","3","2022","7","39.9605","-75.188472","1545","6","0","0","0","1","0","0","0","0","","0","0","0","15","1","1","N","0","0","39 57:37.800","","0","75 11:18.500","4","0","0","0","67301","1","0","0","N","1","0","0","2","67507","1","","1.0","","1","N","N","N","0","","0","0","1","0","0","","1540","2","1","0","0","0","0","0","2","0","1","1","0","0","3","","","N","","","","","","","","","",""
"2022032719","0858","2","0","0","0","0","0","0","0","0","1","0","","67","3","2022","4","40.013498","-75.057117","0839","6","0","0","0","0","0","0","0","0","","0","0","0","8","1","0","N","0","1","40 00:48.593","1","0","75 03:25.622","0","0","0","0","67301","0","0","0","N","0","0","0","4","68K01","0","","1.0","948.0","1","N","N","N","1","","0","0","0","0","0","N","837","3","0","0","0","0","0","0","2","0","3","0","0","0","3","","","N","","","","","","","","","",""
"2022023962","2330","2","0","2","0","0","0","0","0","0","6","0","","67","3","2022","3","40.002001","-75.156063","2326","6","0","0","0","0","0","0","0","0","","0","0","0","23","3","2","","1","0","40 00:07.205","","0","75 09:21.826","2","0","0","0","67301","0","0","0","N","0","0","0","3","67301","0","","1.0","","1","N","N","N","0","","0","2","0","3","2","","2306","2","2","0","0","0","0","0","2","0","2","0","0","0","3","","","N","","","","","","","","","",""
"2022044376","2318","0","0","0","0","0","0","0","0","0","0","0","","67","4","2022","7","40.029949","-75.022239","2257","6","0","0","0","0","0","0","0","0","","0","0","0","22","3","1","N","0","0","40 01:47.816","","0","75 01:20.059","3","0","0","1","67301","0","0","0","N","0","0","0","1","68K01","0","","1.0","","1","N","N","N","0","","1","0","0","0","0","","2253","2","1","0","0","0","0","0","2","0","1","0","0","0","3","","","N","","","","","","","","","",""
"2022047306","0803","2","0","0","0","0","0","0","0","0","2","0","","67","5","2022","6","40.080757","-75.028601","0757","6","0","0","0","0","0","0","0","0","","0","0","0","7","1","2","","5","2","40 04:50.725","1","0","75 01:42.964","3","0","0","0","67301","0","0","0","N","0","0","0","2","67301","0","","1.0","824.0","1","N","N","Y","0","","2","0","0","3","2","Y","754","2","2","0","0","0","0","0","2","0","2","0","0","0","3","","","N","","","","","","","","","",""
"2022014837","1110","1","0","0","0","0","0","0","0","0","8","0","","67","2","2022","4","39.983269","-75.125828","1102","6","0","0","0","0","0","0","0","0","","0","0","0","9","1","1","","1","0","39 58:59.767","","0","75 07:32.979","8","0","0","0","67301","1","0","0","N","1","0","0","2","67301","0","","1.0","","1","N","N","N","0","","0","0","0","3","2","","908","2","1","1","0","0","1","0","2","0","1","1","0","0","3","03","","N","","","","","","","","","",""
"2022021858","0429","2","0","0","0","0","0","0","0","0","4","0","","67","2","2022","7","39.913093","-75.243302","0425","6","0","0","0","0","0","0","0","0","","0","0","0","4","3","3","","5","0","39 54:47.133","","0","75 14:35.886","3","0","0","0","67301","0","0","0","N","0","0","0","4","67301","0","","1.0","","1","N","N","N","0","","3","0","0","3","2","","421","2","3","2","0","0","0","0","2","0","2","0","0","0","3","03","","N","","","","","","","","","",""
"2022020429","2242","1","0","0","0","0","0","0","0","0","1","0","","67","2","2022","6","40.004705","-75.152241","2242","6","0","0","0","0","0","1","0","0","","0","0","0","22","3","0","","1","0","40 00:16.937","","0","75 09:08.069","0","0","0","0","67301","0","0","0","N","0","0","0","2","67505","0","","1.0","","1","N","N","N","0","","0","0","1","3","2","","2242","2","0","1","0","0","0","0","2","0","2","0","0","0","3","","","N","","","","","","","","","",""
"2022029459","1856","1","0","0","0","0","0","0","0","0","4","0","","67","3","2022","5","40.04308","-75.181026","1853","6","0","0","0","0","0","0","0","0","","0","0","0","18","3","1","N","0","0","40 02:35.089","","7","75 10:51.693","4","0","0","0","67301","0","0","0","N","0","0","0","5","67301","1","","1.0","","9","N","N","N","0","","0","0","1","0","0","","1845","2","1","0","0","0","0","0","2","0","2","0","0","0","3","07","","N","","","","","","","","","",""
"2022023760","2112","0","0","0","0","0","0","0","0","0","4","0","","67","2","2022","2","39.95275","-75.232483","2112","6","0","0","0","0","0","0","0","0","","0","0","0","21","3","1","","1","0","39 57:09.900","","0","75 13:56.938","4","0","0","0","67301","0","0","0","N","0","0","0","2","67301","1","","1.0","","1","N","N","N","0","","0","0","2","3","3","","2112","2","1","2","0","0","0","1","2","0","2","0","0","0","3","03","","N","","","","","","","","","",""
"2022026988","0448","1","0","0","0","0","0","0","0","0","4","0","","67","3","2022","4","39.97306","-75.15917","0446","6","0","0","0","0","0","0","0","0","","0","0","0","3","3","1","N","0","1","39 58:23.017","2","0","75 09:33.011","8","0","0","0","67301","0","0","0","N","0","0","0","4","67301","0","","1.0","457.0","1","N","N","N","0","","0","0","1","0","0","N","348","2","1","0","0","0","1","1","2","0","2","0","0","0","3","03","","N","","","","","","","","","",""
"2022043999","2152","3","0","0","0","0","0","0","0","0","4","0","","67","5","2022","4","39.990614","-75.165214","2150","6","0","0","0","0","0","0","0","0","","0","0","0","21","3","0","N","0","2","39 59:26.210","4","0","75 09:54.770","0","0","0","0","67301","0","0","0","N","0","0","0","1","67301","0","","1.0","2245.0","1","N","N","N","0","","0","0","0","0","0","Y","2150","3","0","0","0","0","0","0","2","0","3","0","0","0","3","","","N","","","","","","","","","",""
"2022048597","0449","1","0","0","0","0","0","0","0","0","7","0","","67","4","2022","7","39.899053","-75.168371","0439","6","0","0","0","0","0","0","0","0","","0","0","0","4","3","1","N","0","2","39 53:56.589","2","0","75 10:06.135","3","0","0","0","67301","0","0","0","N","0","0","0","2","68K02","0","","4.0","500.0","1","N","N","N","0","","1","0","0","0","0","N","438","1","1","0","0","0","0","0","2","0","1","0","0","0","3","","","N","","","","","","","","","",""
"2022043517","1103","1","0","0","0","0","0","0","0","0","1","0","","67","5","2022","7","39.952264","-75.183981","1103","6","0","0","0","0","0","0","0","0","","0","0","0","11","8","0","N","0","0","39 57:08.150","","0","75 11:02.330","0","0","0","0","67301","0","0","0","N","0","0","0","2","67504","0","","1.0","","9","N","N","N","0","","0","0","1","3","2","","1103","2","0","1","0","0","0","0","2","0","2","0","0","0","7","07","","N","","","","","","","","","",""
"2022016164","1034","3","0","0","0","0","0","0","0","0","2","0","","67","2","2022","2","40.04125","-75.154889","1027","6","0","0","0","1","0","0","1","0","","0","0","0","9","1","3","N","0","0","40 02:28.500","","0","75 09:17.600","3","0","0","0","67301","0","0","0","N","0","0","0","4","67301","0","","1.0","","2","N","N","N","0","","3","0","1","0","0","","928","4","3","0","0","0","0","0","2","0","4","0","0","0","10","04","","N","","","","","","","","","",""
"2022015001","1715","1","0","0","0","0","0","0","0","0","4","0","","67","2","2022","4","40.004705","-75.152241","1715","6","0","0","0","0","0","0","1","0","","0","0","0","17","4","0","","1","0","40 00:16.937","","0","75 09:08.069","0","0","0","0","67301","0","0","0","N","0","0","0","2","67505","0","","1.0","","1","N","N","N","0","","0","0","1","3","2","","1715","2","0","1","0","0","0","0","2","0","2","0","0","0","3","","","N","","","","","","","","","",""
"2022049724","0538","0","0","0","0","0","0","0","0","0","7","0","","67","5","2022","7","39.901531","-75.152251","0528","6","0","0","0","0","0","0","0","0","","0","0","0","5","3","1","N","0","0","39 54:05.513","","0","75 09:08.103","3","0","0","0","67301","0","0","0","N","0","0","0","1","68K01","0","","4.0","","9","N","N","N","0","","1","0","1","0","0","","501","1","1","0","0","0","0","0","2","0","1","0","0","0","4","05","","N","","","","","","","","","",""
"2022044124","1501","1","0","0","0","0","0","0","0","0","2","0","","67","5","2022","3","40.013632","-75.158688","1500","6","0","0","0","0","0","0","0","0","","0","0","0","16","1","1","","1","0","40 00:49.075","","0","75 09:31.275","3","0","0","0","67301","0","0","0","N","0","0","0","1","67301","0","","1.0","","1","N","N","N","0","","1","0","0","3","2","","1615","2","1","1","0","0","0","0","2","1","2","0","0","0","3","04","","N","","","","","","","","","",""
"2022019613","2125","2","0","0","0","0","0","0","0","0","4","0","","67","2","2022","1","40.007912","-75.085214","2120","6","0","0","0","0","1","0","0","0","","0","0","0","21","3","1","","2","0","40 00:28.484","","0","75 05:06.771","3","0","0","0","67301","0","0","0","N","0","0","0","2","67301","0","","1.0","","1","N","N","N","0","","1","0","1","3","3","","2118","3","1","2","0","0","0","0","2","0","3","0","0","0","3","03","","N","","","","","","","","","",""
"2022023751","0854","1","0","0","0","0","0","0","0","0","6","0","","67","3","2022","2","40.070181","-75.180496","0848","6","0","0","0","0","0","0","1","0","","0","0","0","8","1","1","","1","0","40 04:12.650","","0","75 10:49.787","4","0","0","0","67301","0","0","0","N","0","0","0","3","67301","1","","1.0","","1","N","N","N","0","","0","0","2","3","2","","846","3","1","0","0","0","0","0","2","0","3","0","0","0","3","03","","N","","","","","","","","","",""
"2022044012","0223","2","0","0","0","0","0","0","0","0","4","0","","67","2","2022","1","40.001366","-75.114471","0223","6","0","0","0","0","0","0","0","0","","0","0","0","2","3","0","","1","1","40 00:04.917","3","0","75 06:52.095","9","0","0","0","67301","0","0","0","N","0","0","0","2","67301","0","","1.0","226.0","9","N","N","N","0","","0","0","0","3","2","N","223","2","0","0","0","0","0","1","2","0","2","0","0","0","9","07","","N","","","","","","","","","",""
"2022043676","0946","2","0","0","0","0","0","0","0","0","1","0","","67","4","2022","2","39.97676","-75.197654","0940","6","0","0","0","0","0","0","1","0","","0","0","0","9","1","1","N","0","0","39 58:36.335","","0","75 11:51.555","4","0","0","0","67301","0","0","0","N","0","0","0","2","68K01","1","","1.0","","1","N","N","N","0","","0","0","0","0","0","","938","2","1","0","0","0","0","0","2","0","2","0","0","0","3","","","N","","","","","","","","","",""
"2022030293","1800","1","0","0","0","0","0","0","0","0","7","0","","67","3","2022","1","39.968739","-75.200678","1800","6","0","0","0","0","0","0","0","0","","0","0","0","17","1","0","","2","0","39 58:07.460","","0","75 12:02.440","0","0","0","0","67301","0","0","0","N","0","0","0","1","67301","0","","5.0","","1","N","N","N","0","","0","0","0","0","0","","1752","1","0","0","0","0","0","0","2","0","1","0","0","0","3","","","N","","","","","","","","","",""
"2022023719","1045","0","0","0","0","0","0","0","0","0","8","0","","67","3","2022","7","39.953354","-75.154714","1040","6","0","0","0","0","0","0","0","0","","0","0","0","9","1","1","","1","0","39 57:12.074","","0","75 09:16.972","3","0","0","0","67301","1","0","0","N","1","0","0","2","67301","0","","1.0","","1","N","N","N","1","","1","0","0","3","2","","945","2","1","0","0","0","0","1","2","0","1","1","0","0","3","03","","N","","","","","","","","","",""
"2022044099","1043","2","0","0","0","0","0","0","0","0","5","0","","67","5","2022","3","40.027322","-75.14719","1041","6","0","0","0","0","0","0","1","0","","0","0","0","10","1","1","N","0","0","40 01:38.360","","0","75 08:49.884","3","0","0","0","67301","0","0","0","N","0","0","0","2","67301","0","","1.0","","1","N","N","N","0","","1","0","1","0","0","","1015","3","1","0","0","0","0","0","2","0","3","0","0","0","3","03","","N","","","","","","","","","",""
"2022052561","1910","3","0","0","0","0","0","0","0","0","2","0","","67","6","2022","4","39.994431","-75.094915","1910","6","0","0","0","0","0","0","0","0","","0","0","0","17","1","2","N","0","0","39 59:39.950","","0","75 05:41.693","8","0","0","0","67301","0","0","0","N","0","0","0","3","67301","0","","1.0","","1","N","N","N","0","","0","0","0","0","0","","1750","3","2","1","0","0","2","0","2","0","3","0","0","0","3","03","","N","","","","","","","","","",""
"2022030411","0942","0","0","0","0","0","0","0","0","0","1","0","","67","3","2022","1","40.018362","-75.167883","0937","6","0","0","0","0","0","2","0","0","","0","0","0","9","1","2","N","0","0","40 01:06.104","","0","75 10:04.377","3","0","0","0","67301","0","0","0","N","0","0","0","2","67301","0","","1.0","","1","N","N","N","0","","2","0","2","0","0","","921","2","2","0","0","0","0","0","2","0","2","0","0","0","3","","","N","","","","","","","","","",""
"2022019554","1855","0","0","0","0","0","0","0","0","0","4","0","","67","2","2022","6","39.915495","-75.161322","1852","6","0","0","0","1","0","1","0","0","","0","0","0","17","1","1","","1","0","39 54:55.783","","0","75 09:40.760","3","0","0","0","67301","0","0","0","N","0","0","0","2","67301","0","","1.0","","1","N","N","N","0","","1","0","1","3","2","","1715","2","1","0","0","0","0","1","2","1","2","0","0","0","3","03","","N","","","","","","","","","",""
"2022029847","0330","1","0","0","0","0","0","0","0","0","1","0","","67","3","2022","7","39.978939","-75.157885","0330","6","0","0","0","0","0","0","0","0","","0","0","0","3","3","0","N","0","0","39 58:44.179","","0","75 09:28.385","0","0","0","0","67301","0","0","0","N","0","0","0","2","67505","0","","1.0","","1","N","N","N","0","","0","0","1","0","0","","330","2","0","0","0","0","0","0","2","0","2","0","0","0","3","03","","N","","","","","","","","","",""
"2022020293","1011","0","0","0","0","0","0","0","0","0","4","0","","67","2","2022","2","39.981503","-75.226183","1009","6","0","0","0","0","0","0","0","1","","0","0","0","9","1","1","","1","0","39 58:53.410","","0","75 13:34.260","4","0","0","0","67301","0","0","0","N","0","0","0","2","67301","1","","1.0","","1","N","N","N","0","","0","0","2","0","0","","949","2","1","0","0","0","0","0","2","0","2","0","0","0","3","03","","N","","","","","","","","","",""
"2022030067","0539","1","0","0","0","0","0","0","0","0","7","0","","67","3","2022","5","40.057061","-75.129049","0538","6","0","0","0","0","0","0","0","0","","0","0","0","5","3","1","","1","0","40 03:25.421","","0","75 07:44.576","3","0","0","0","67301","0","0","0","N","0","0","0","1","67301","0","","4.0","","8","N","N","N","0","","1","0","1","3","2","","500","2","1","0","0","0","0","0","2","0","2","0","0","0","7","98","","N","","","","","","","","","",""
"2022045285","1530","1","0","0","0","0","0","0","0","0","4","0","","67","5","2022","7","39.915662","-75.161932","1525","6","0","0","0","0","0","1","1","0","","0","0","0","15","1","1","","2","0","39 54:56.384","","0","75 09:42.956","3","0","0","0","67301","0","0","0","N","0","0","0","2","67301","0","","1.0","","9","N","N","N","0","","1","0","1","3","3","","1524","2","1","0","0","0","0","0","2","0","2","0","0","0","7","04","","N","","","","","","","","","",""
"2022041158","0615","0","0","0","0","0","0","0","0","0","7","0","","67","4","2022","4","39.996524","-75.196911","0607","6","0","0","0","0","0","1","0","0","","0","0","0","5","3","0","N","0","1","39 59:47.485","3","0","75 11:48.881","0","0","0","0","67301","0","0","0","N","0","0","0","1","68K01","0","","4.0","620.0","9","N","N","N","0","","0","0","0","0","0","N","544","1","0","0","0","0","0","0","2","1","1","0","0","0","7","","","N","","","","","","","","","",""
"2022033142","2346","0","0","0","0","0","0","0","0","0","4","0","","67","2","2022","3","40.061462","-75.05891","2344","6","0","0","0","0","0","0","0","0","","0","0","0","22","3","1","","1","0","40 03:41.263","","0","75 03:32.076","4","0","0","0","67301","0","0","0","N","0","0","0","2","67301","1","","1.0","","9","N","N","N","0","","0","0","2","3","3","","2230","3","1","0","0","0","0","0","2","1","3","0","0","0","7","","","N","","","","","","","","","",""
"2022026960","0550","1","0","0","0","0","0","0","0","0","5","0","","67","3","2022","5","39.916164","-75.159667","0548","6","0","0","0","0","0","0","0","0","","0","0","0","5","3","0","N","0","0","39 54:58.190","","0","75 09:34.800","9","0","0","0","67301","0","0","0","N","0","0","0","1","67301","0","","6.0","","9","N","N","N","0","","0","0","0","0","0","","545","2","0","0","0","0","0","1","2","1","2","0","0","0","4","07","","N","","","","","","","","","",""
"2022029783","2256","1","0","0","0","0","0","0","0","0","8","0","","67","3","2022","5","39.969664","-75.211523","2256","6","0","0","0","0","0","0","0","0","","0","0","0","22","3","1","","1","0","39 58:10.789","","0","75 12:41.484","3","0","0","0","67301","1","0","0","N","1","0","0","2","67301","0","","1.0","","9","N","N","N","0","","1","0","0","3","2","","2256","2","1","0","0","0","0","0","2","0","1","1","0","0","7","","","N","","","","","","","","","",""
"2022023712","1928","0","0","0","0","0","0","0","0","0","8","0","","67","2","2022","2","39.934714","-75.152346","1926","6","0","0","0","0","0","0","0","0","","0","0","0","19","3","2","","1","0","39 56:04.970","","0","75 09:08.445","3","0","0","0","67301","2","0","0","N","2","0","0","3","67301","0","","1.0","","1","N","N","N","0","","2","0","0","3","2","","1924","3","2","0","0","0","0","0","2","0","1","2","0","0","3","03","","N","","","","","","","","","",""
"2022044083","1618","1","0","0","0","0","0","0","0","0","7","0","","67","5","2022","6","39.975006","-75.121316","1616","6","0","0","0","0","0","0","0","0","","0","0","0","16","1","1","N","0","0","39 58:30.020","","0","75 07:16.739","3","0","0","0","67301","0","0","0","N","0","0","0","1","67301","0","","5.0","","9","N","N","N","0","","1","0","0","0","0","","1616","1","1","0","0","0","0","0","2","0","1","0","0","0","7","","","N","","","","","","","","","",""
"2022015179","1815","2","0","0","0","0","0","0","0","0","4","0","","67","2","2022","4","39.903432","-75.243164","1815","6","0","0","0","0","0","0","0","0","","0","0","0","18","3","1","","1","0","39 54:12.355","","0","75 14:35.390","3","0","0","0","67301","0","0","0","N","0","0","0","3","67301","0","","1.0","","1","N","N","N","0","","1","0","1","3","2","","1800","3","1","0","0","0","0","0","2","0","3","0","0","0","3","03","","N","","","","","","","","","",""
"2022021351","0333","0","0","0","0","0","0","0","0","0","1","0","","67","2","2022","2","40.031831","-75.105601","0328","6","0","0","0","0","0","0","0","0","","0","0","0","3","3","1","","2","2","40 01:54.593","7","0","75 06:20.165","3","0","0","0","67301","0","0","0","N","0","0","0","2","67301","0","","1.0","500.0","1","N","N","N","0","","1","0","2","3","2","Y","320","2","1","0","0","0","0","0","2","0","2","0","0","0","3","03","","N","","","","","","","","","",""
"2022032897","0439","2","0","0","0","0","0","0","0","0","4","0","","67","4","2022","7","40.028549","-75.057919","0434","6","0","0","0","0","0","1","0","0","","0","0","0","4","3","1","","1","0","40 01:42.775","","0","75 03:28.507","3","0","0","0","67301","0","0","0","N","0","0","0","2","67301","0","","1.0","","1","N","N","N","0","","1","0","0","3","2","","429","2","1","0","0","0","0","0","2","0","2","0","0","0","4","03","","N","","","","","","","","","",""
"2022045300","1840","2","0","0","0","0","0","0","0","0","2","0","","67","5","2022","7","40.070003","-75.162742","1822","6","0","0","0","0","0","0","0","0","","0","0","0","18","1","0","","1","0","40 04:12.010","","0","75 09:45.872","0","0","0","0","67301","0","0","0","N","0","0","0","1","67301","0","","1.0","","9","N","N","N","0","","0","0","1","3","2","","1822","3","0","1","0","0","0","0","2","0","3","0","0","0","7","07","","N","","","","","","","","","",""
"2022012279","2148","1","0","0","0","0","0","0","0","0","7","0","","67","1","2022","4","40.001303","-75.079094","2142","6","0","0","0","0","0","0","0","0","","0","0","0","21","3","1","N","0","0","40 00:04.692","","0","75 04:44.740","8","0","0","0","67301","0","0","0","N","0","0","0","1","68K01","0","","2.0","","1","N","N","N","0","","0","0","0","0","0","","2141","1","1","0","0","0","1","0","2","0","1","0","0","0","3","","","N","","","","","","","","","",""