"CRN","ARRIVAL_TM","AUTOMOBILE_COUNT","BELTED_DEATH_COUNT","BELTED_SUSP_SERIOUS_INJ_COUNT","BICYCLE_COUNT","BICYCLE_DEATH_COUNT","BICYCLE_SUSP_SERIOUS_INJ_COUNT","BUS_COUNT","CHLDPAS_DEATH_COUNT","CHLDPAS_SUSP_SERIOUS_INJ_COUNT","COLLISION_TYPE","COMM_VEH_COUNT","CONS_ZONE_SPD_LIM","COUNTY","CRASH_MONTH","CRASH_YEAR","DAY_OF_WEEK","DEC_LATITUDE","DEC_LONGITUDE","DISPATCH_TM","DISTRICT","DRIVER_COUNT_16YR","DRIVER_COUNT_17YR","DRIVER_COUNT_18YR","DRIVER_COUNT_19YR","DRIVER_COUNT_20YR","DRIVER_COUNT_50_64YR","DRIVER_COUNT_65_74YR","DRIVER_COUNT_75PLUS","EST_HRS_CLOSED","FATAL_COUNT","HEAVY_TRUCK_COUNT","HORSE_BUGGY_COUNT","HOUR_OF_DAY","ILLUMINATION","INJURY_COUNT","INTERSECTION_RELATED","INTERSECT_TYPE","LANE_CLOSED","LATITUDE","LN_CLOSE_DIR","LOCATION_TYPE","LONGITUDE","MAX_SEVERITY_LEVEL","MCYCLE_DEATH_COUNT","MCYCLE_SUSP_SERIOUS_INJ_COUNT","MOTORCYCLE_COUNT","MUNICIPALITY","NONMOTR_COUNT","NONMOTR_DEATH_COUNT","NONMOTR_SUSP_SERIOUS_INJ_COUNT","NTFY_HIWY_MAINT","PED_COUNT","PED_DEATH_COUNT","PED_SUSP_SERIOUS_INJ_COUNT","PERSON_COUNT","POLICE_AGCY","POSSIBLE_INJ_COUNT","RDWY_SURF_TYPE_CD","RELATION_TO_ROAD","ROADWAY_CLEARED","ROAD_CONDITION","SCH_BUS_IND","SCH_ZONE_IND","SECONDARY_CRASH","SMALL_TRUCK_COUNT","SPEC_JURIS_CD","SUSP_MINOR_INJ_COUNT","SUSP_SERIOUS_INJ_COUNT","SUV_COUNT","TCD_FUNC_CD","TCD_TYPE","TFC_DETOUR_IND","TIME_OF_DAY","TOTAL_UNITS","TOT_INJ_COUNT","UNBELTED_OCC_COUNT","UNB_DEATH_COUNT","UNB_SUSP_SERIOUS_INJ_COUNT","UNK_INJ_DEG_COUNT","UNK_INJ_PER_COUNT","URBAN_RURAL","VAN_COUNT","VEHICLE_COUNT","VULNERABLE_ROAD_USER_COUNT","VULNERABLE_ROAD_USER_DEATH_COUNT","VULNERABLE_ROAD_USER_SER_INJ_COUNT","WEATHER1","WEATHER2","WORKERS_PRES","WORK_ZONE_IND","WORK_ZONE_LOC","WORK_ZONE_TYPE","WZ_CLOSE_DETOUR","WZ_FLAGGER","WZ_LAW_OFFCR_IND","WZ_LN_CLOSURE","WZ_MOVING","WZ_OTHER","WZ_SHLDER_MDN","WZ_WORKERS_INJ_KILLED"
"2022020695","0122","2","0","0","0","0","0","0","0","0","1","0","","67","2","2022","1","39.977746","-75.158143","0122","6","0","0","0","0","2","0","0","0","","0","0","0","1","3","1","N","0","2","39 58:39.887","2","0","75 09:29.316","2","0","0","0","67301","0","0","0","N","0","0","0","6","67505","0","","1.0","200.0","1","N","N","N","1","","0","1","2","0","0","Y","102","5","1","1","0","1","0","0","2","0","5","0","0","0","3","03","","N","","","","","","","","","",""
"2022015072","1440","1","0","0","0","0","0","0","0","0","8","0","","67","2","2022","2","39.985997","-75.172992","1440","6","0","0","0","0","0","0","0","0","","0","0","0","14","1","1","N","0","0","39 59:09.590","","0","75 10:22.770","3","0","0","0","67301","1","0","0","N","1","0","0","2","67301","0","","1.0","","1","N","N","N","0","","1","0","0","0","0","","1440","2","1","0","0","0","0","0","2","0","1","1","0","0","4","","","N","","","","","","","","","",""
"2022020138","0950","0","0","0","0","0","0","0","0","0","8","0","","67","2","2022","3","39.970235","-75.159775","0930","6","0","0","0","0","0","0","0","0","","0","0","0","16","1","1","","1","0","39 58:12.846","","0","75 09:35.189","3","0","0","0","67301","1","0","0","N","1","0","0","2","67301","0","","1.0","","1","N","N","N","0","","1","0","1","3","2","","1615","2","1","0","0","0","0","1","2","0","1","1","0","0","3","03","","N","","","","","","","","","",""
"2022038129","2358","3","0","0","0","0","0","0","0","0","5","0","","67","4","2022","6","39.961306","-75.187056","2356","6","0","0","0","0","0","0","0","0","","0","0","0","23","3","0","N","0","2","39 57:40.700","1","0","75 11:13.400","0","0","0","0","67301","0","0","0","N","0","0","0","1","67507","0","","6.0","137.0","1","N","N","N","0","","0","0","0","0","0","Y","2356","3","0","0","0","0","0","0","2","0","3","0","0","0","3","03","","N","","","","","","","","","",""
"2022045944","0245","0","0","0","0","0","0","0","0","0","1","0","","67","5","2022","2","39.956333","-75.157333","0241","6","0","0","0","0","0","0","0","0","","0","0","0","2","3","1","Y","0","0","39 57:22.800","","0","75 09:26.400","3","0","0","0","67301","0","0","0","N","0","0","0","3","67301","0","","1.0","","1","N","N","N","2","","1","0","0","3","2","","239","2","1","2","0","0","0","0","2","0","2","0","0","0","3","03","","N","","","","","","","","","",""
"2022016121","1620","1","0","0","0","0","0","0","0","0","8","0","","67","2","2022","6","39.925118","-75.165756","1620","6","0","0","0","0","0","0","0","1","","0","0","0","14","1","1","","1","0","39 55:30.424","","0","75 09:56.723","3","0","0","0","67301","1","0","0","N","1","0","0","2","67301","0","","1.0","","1","N","N","N","0","","1","0","0","3","3","","1410","2","1","0","0","0","0","0","2","0","1","1","0","0","3","","","N","","","","","","","","","",""
"2022014540","1619","1","0","0","0","0","0","0","0","0","4","0","","67","1","2022","7","40.049362","-75.067901","1609","6","0","0","0","0","0","0","0","0","","0","0","0","16","1","1","","1","0","40 02:57.703","","0","75 04:04.444","8","0","0","0","67301","0","0","0","N","0","0","0","7","67301","0","","1.0","","1","N","N","Y","0","","0","0","1","3","2","","1607","3","1","0","0","0","1","2","2","1","3","0","0","0","3","03","","N","","","","","","","","","",""
"2022014662","1600","2","0","0","0","0","0","0","0","0","4","0","","67","1","2022","6","40.051201","-75.17272","1555","6","0","0","0","0","0","1","1","0","","0","0","0","15","1","4","N","0","2","40 03:04.325","6","7","75 10:21.793","3","0","0","0","67301","0","0","0","N","0","0","0","4","67301","0","","1.0","1615.0","1","N","Y","N","0","","4","0","1","3","3","Y","1538","3","4","0","0","0","0","0","2","0","3","0","0","0","3","98","","N","","","","","","","","","",""
"2022014668","1950","0","0","0","0","0","0","0","0","0","5","0","","67","1","2022","1","40.058535","-75.178098","1940","6","0","0","0","0","0","1","0","0","","0","0","0","19","3","0","","2","0","40 03:30.726","","0","75 10:41.152","0","0","0","0","67301","0","0","0","N","0","0","0","2","67301","0","","1.0","","1","N","N","N","0","","0","0","3","0","0","","1902","3","0","2","0","0","0","0","2","0","3","0","0","0","3","","","N","","","","","","","","","",""
"2022004251","0010","3","0","0","0","0","0","0","0","0","4","0","","67","1","2022","3","39.961595","-75.199412","0010","6","0","0","0","0","0","0","0","0","","0","0","0","0","3","2","","3","1","39 57:41.742","4","0","75 11:57.883","3","0","0","0","67301","0","0","0","N","0","0","0","3","67301","0","","1.0","50.0","1","N","N","N","1","","2","0","0","3","3","N","0","4","2","0","0","0","0","0","2","0","4","0","0","0","3","","","N","","","","","","","","","",""
"2022029213","1750","2","0","0","0","0","0","0","0","0","4","0","","67","3","2022","1","40.009658","-75.090962","1737","6","0","0","1","0","0","0","0","0","","0","0","0","16","1","0","","1","0","40 00:34.768","","0","75 05:27.463","0","0","0","0","67301","0","0","0","N","0","0","0","2","67301","0","","1.0","","1","N","N","Y","0","","0","0","1","3","3","","1631","3","0","0","0","0","0","0","2","0","3","0","0","0","3","03","","N","","","","","","","","","",""
"2022037860","1533","1","0","0","0","0","0","0","0","0","7","0","","67","4","2022","2","39.908556","-75.157194","1531","6","0","0","0","0","0","1","0","0","","0","0","0","15","1","0","N","0","0","39 54:30.800","","2","75 09:25.900","0","0","0","0","67301","0","0","0","N","0","0","0","1","67501","0","","4.0","","9","N","N","N","0","","0","0","0","3","8","","1531","1","0","0","0","0","0","0","2","0","1","0","0","0","7","","","N","","","","","","","","","",""
"2022043942","0915","0","0","0","0","0","0","0","0","0","7","1","","67","5","2022","4","40.014626","-75.085709","0859","6","0","0","0","0","0","0","0","0","","0","1","0","7","1","2","N","0","2","40 00:52.654","2","0","75 05:08.552","2","0","0","0","67301","0","0","0","N","0","0","0","3","67301","0","","5.0","1055.0","9","N","N","N","0","","1","1","0","0","0","Y","746","1","2","0","0","0","0","0","2","0","1","0","0","0","7","07","","N","","","","","","","","","",""
"2022019629","0850","1","0","0","0","0","0","0","0","0","4","0","","67","2","2022","2","39.979529","-75.240907","0848","6","0","0","0","0","0","0","0","0","","0","0","0","8","1","0","","1","0","39 58:46.304","","0","75 14:27.265","0","0","0","0","67301","0","0","0","N","0","0","0","2","67301","0","","1.0","","1","N","N","N","0","","0","0","1","3","3","","836","2","0","0","0","0","0","0","2","0","2","0","0","0","3","03","","N","","","","","","","","","",""
"2022015816","0046","2","0","0","0","0","0","0","0","0","1","0","","67","2","2022","7","39.995072","-75.138486","0044","6","0","0","0","0","0","0","0","0","","0","0","0","0","3","2","N","0","0","39 59:42.260","","0","75 08:18.550","2","0","0","0","67301","0","0","0","N","0","0","0","2","67301","0","","6.0","","1","N","N","N","1","","1","1","0","0","0","","39","3","2","0","0","0","0","0","2","0","3","0","0","0","3","03","","N","","","","","","","","","",""
"2022029188","2053","1","0","0","0","0","0","0","0","0","5","0","","67","3","2022","1","40.081131","-75.080792","2037","6","0","0","0","0","0","0","0","0","","0","0","0","20","3","0","N","0","0","40 04:52.070","","0","75 04:50.850","0","0","0","0","67301","0","0","0","N","0","0","0","1","67301","0","","6.0","","1","N","N","N","0","","0","0","1","0","0","","2009","2","0","0","0","0","0","0","2","0","2","0","0","0","3","03","","N","","","","","","","","","",""
"2022032694","2019","1","0","0","0","0","0","0","0","0","5","0","","67","3","2022","6","39.946304","-75.142174","2008","6","0","0","0","0","0","0","0","0","","0","0","0","20","3","0","N","0","1","39 56:46.693","1","0","75 08:31.827","0","0","0","0","67301","0","0","0","N","0","0","0","2","68K01","0","","1.0","2040.0","1","N","N","N","0","","0","0","1","0","0","N","2006","2","0","0","0","0","0","0","2","0","2","0","0","0","3","03","","N","","","","","","","","","",""
"2022047382","0440","1","0","0","0","0","0","0","0","0","0","0","","67","4","2022","7","39.97319","-75.159004","0439","6","0","0","0","0","0","0","0","0","","0","0","0","4","3","0","","1","2","39 58:23.483","1","0","75 09:32.415","0","0","0","0","67301","0","0","0","N","0","0","0","1","67301","0","","1.0","500.0","1","N","N","N","0","","0","0","0","3","2","Y","427","2","0","0","0","0","0","0","2","0","1","0","0","0","3","04","","N","","","","","","","","","",""
"2022050703","1051","0","0","0","0","0","0","0","0","0","4","0","","67","6","2022","4","40.099205","-75.030173","1041","6","0","0","0","0","0","0","1","1","","0","0","0","10","1","1","N","0","1","40 05:57.138","1","7","75 01:48.623","3","0","0","0","67301","0","0","0","N","0","0","0","2","67301","0","","1.0","1148.0","1","N","N","N","1","","1","0","1","0","0","N","1037","2","1","0","0","0","0","0","2","0","2","0","0","0","3","03","","N","","","","","","","","","",""
"2022044038","1935","1","0","0","1","0","0","0","0","0","8","0","","67","4","2022","2","40.010472","-75.09675","1930","6","0","0","0","0","0","0","0","0","","0","0","0","19","1","1","","1","0","40 00:37.700","","0","75 05:48.300","4","0","0","0","67301","1","0","0","N","0","0","0","2","67301","1","","1.0","","1","N","N","N","0","","0","0","0","0","0","","1900","2","1","1","0","0","0","0","2","0","1","1","0","0","3","03","","N","","","","","","","","","",""
"2022049645","1524","0","0","0","0","0","0","0","0","0","4","0","","67","5","2022","2","40.006581","-75.113353","1519","6","0","0","0","0","0","0","0","0","","0","0","0","15","1","1","N","0","2","40 00:23.690","5","0","75 06:48.070","3","0","0","0","67301","0","0","0","N","0","0","0","1","67301","0","","1.0","1700.0","1","N","N","N","1","","1","0","1","0","0","Y","1519","2","1","0","0","0","0","0","2","0","2","0","0","0","3","03","","N","","","","","","","","","",""
"2022044544","2055","0","0","0","0","0","0","0","0","0","8","0","","67","4","2022","5","40.056697","-75.14081","2046","6","0","0","0","0","0","0","0","0","","1","0","0","20","3","0","","1","0","40 03:24.109","","0","75 08:26.915","1","0","0","0","67301","1","1","0","N","1","1","0","5","67301","0","2","1.0","","9","N","N","N","0","0","0","0","2","3","2","","2044","3","0","2","0","0","0","0","2","0","2","1","1","0","7","07","","N","","","","","","","","","",""
"2022026972","1753","1","0","0","0","0","0","0","0","0","7","0","","67","3","2022","1","39.920524","-75.198321","1745","6","0","0","0","0","0","0","0","0","","0","0","0","17","1","0","N","0","0","39 55:13.886","","0","75 11:53.957","9","0","0","0","67301","0","0","0","N","0","0","0","1","67301","0","","3.0","","1","N","N","N","0","","0","0","0","0","0","","1737","1","0","0","0","0","0","1","2","0","1","0","0","0","3","","","N","","","","","","","","","",""
"2022050731","1222","2","0","0","0","0","0","0","0","0","4","0","","67","5","2022","2","40.039876","-75.045109","1219","6","0","0","0","0","0","1","0","0","","0","0","0","11","1","1","","2","0","40 02:23.553","","0","75 02:42.392","4","0","0","0","67301","0","0","0","N","0","0","0","2","67301","1","","1.0","","1","N","N","N","0","","0","0","0","3","3","","1120","2","1","0","0","0","0","0","2","0","2","0","0","0","3","","","N","","","","","","","","","",""
"2022020699","0310","2","0","0","0","0","0","0","0","0","1","0","","67","2","2022","1","40.007286","-75.135892","0300","6","0","0","0","0","0","0","0","0","","0","0","0","3","3","0","","1","0","40 00:26.228","","0","75 08:09.211","0","0","0","0","67301","0","0","0","N","0","0","0","1","67301","0","","4.0","","1","N","N","N","1","","0","0","0","0","0","","300","3","0","1","0","0","0","0","2","0","3","0","0","0","3","04","","N","","","","","","","","","",""
"2022048718","1832","1","0","0","0","0","0","0","0","0","1","0","","67","5","2022","2","40.082691","-74.992635","1828","6","0","0","0","0","0","0","1","0","","0","0","0","18","1","0","N","0","1","40 04:57.687","1","0","74 59:33.487","9","0","0","0","67301","0","0","0","N","0","0","0","2","67301","0","","1.0","1945.0","1","N","N","N","0","","0","0","1","0","0","N","1820","2","0","0","0","0","0","2","2","0","2","0","0","0","3","03","","N","","","","","","","","","",""
"2022020534","2025","2","0","0","0","0","0","0","0","0","1","0","","67","2","2022","6","40.0365","-75.174028","2020","6","0","0","0","0","0","0","0","0","","0","0","0","20","3","0","Y","0","1","40 02:11.400","3","0","75 10:26.500","0","0","0","0","67301","0","0","0","N","0","0","0","4","67301","0","","1.0","2059.0","1","N","N","N","0","","0","0","2","3","2","Y","2019","4","0","1","0","0","0","0","2","0","4","0","0","0","3","03","","N","","","","","","","","","",""
"2022019988","1732","0","0","0","0","0","0","0","0","0","7","0","","67","2","2022","4","39.964334","-75.19985","1726","6","0","0","1","0","0","0","0","0","","0","0","0","17","1","1","","1","0","39 57:51.602","","0","75 11:59.459","8","0","0","0","67301","1","0","0","N","1","0","0","2","67301","0","","4.0","","1","N","N","N","0","","0","0","1","3","3","","1719","2","1","1","0","0","1","0","2","0","1","1","0","0","3","","","N","","","","","","","","","",""
"2022032920","1156","0","0","0","0","0","0","0","0","0","8","0","","67","3","2022","6","40.006997","-75.098781","1151","6","0","0","0","0","0","1","0","0","","0","0","0","11","1","1","N","0","0","40 00:25.190","","0","75 05:55.613","3","0","0","0","67301","1","0","0","N","1","0","0","2","67301","0","","6.0","","1","N","N","N","1","","1","0","0","0","0","","1150","2","1","0","0","0","0","0","2","0","1","1","0","0","3","03","","N","","","","","","","","","",""
"2022032872","0010","0","0","0","0","0","0","0","0","0","1","1","","67","4","2022","7","39.968366","-75.190871","0005","6","0","0","0","0","0","1","0","0","","0","1","0","0","3","1","N","0","2","39 58:06.118","4","0","75 11:27.134","8","0","0","0","67301","0","0","0","Y","0","0","0","4","67301","0","","2.0","45.0","99","N","N","N","0","","0","0","2","0","0","N","5","3","1","0","0","0","1","0","2","0","3","0","0","0","3","03","","N","","","","","","","","","",""
"2022031223","0946","0","0","0","0","0","0","0","0","0","7","0","","67","3","2022","4","39.972028","-75.234475","0944","6","0","0","0","0","0","0","0","0","","0","0","0","9","1","0","","1","0","39 58:19.300","","0","75 14:04.109","0","0","0","0","67301","0","0","0","N","0","0","0","1","67301","0","","4.0","","1","N","N","N","0","","0","0","0","0","0","","900","1","0","0","0","0","0","0","2","0","1","0","0","0","3","03","","N","","","","","","","","","",""
"2022026407","0130","1","0","0","0","0","0","0","0","0","7","0","","67","3","2022","3","40.048157","-75.113306","0125","6","0","0","0","0","0","0","0","0","","0","0","0","0","3","0","N","0","0","40 02:53.365","","0","75 06:47.903","9","0","0","0","67301","0","0","0","N","0","0","0","1","67301","0","","4.0","","1","N","N","N","0","","0","0","0","0","0","","45","1","0","0","0","0","0","1","2","0","1","0","0","0","3","","","N","","","","","","","","","",""
"2022052199","1803","1","0","0","0","0","0","0","0","0","7","0","","67","5","2022","7","39.973899","-75.118095","1758","6","0","0","0","0","0","0","0","0","","0","0","0","17","1","0","N","0","0","39 58:26.036","","0","75 07:05.143","9","0","0","0","67301","0","0","0","N","0","0","0","1","67301","0","","2.0","","1","N","N","N","0","","0","0","0","0","0","","1755","1","0","0","0","0","0","1","2","0","1","0","0","0","4","","","N","","","","","","","","","",""
"2022043793","2115","2","0","0","0","0","0","0","0","0","1","0","","67","4","2022","2","39.905757","-75.193824","2109","6","0","0","0","0","0","0","0","0","","0","0","0","20","3","1","","1","0","39 54:20.725","","0","75 11:37.765","3","0","0","0","67301","0","0","0","N","0","0","0","2","67301","0","","1.0","","1","N","N","N","0","","1","0","0","3","2","","2005","2","1","1","0","0","0","1","2","0","2","0","0","0","3","03","","N","","","","","","","","","",""
"2022049725","1714","2","0","0","0","0","0","0","0","0","1","0","","67","5","2022","5","40.036911","-75.014417","1714","6","0","0","0","0","0","1","0","0","","0","0","0","17","1","1","N","0","0","40 02:12.880","","0","75 00:51.901","3","0","0","0","67301","0","0","0","N","0","0","0","2","68K01","0","","1.0","","1","N","N","N","0","","1","0","0","0","0","","1713","2","1","1","0","0","0","0","2","0","2","0","0","0","3","","","N","","","","","","","","","",""
"2022041522","1841","1","0","0","0","0","0","0","0","0","1","0","","67","4","2022","3","39.958298","-75.166103","1831","6","0","0","0","0","0","1","0","0","","0","0","0","18","1","0","N","0","1","39 57:29.874","3","1","75 09:57.972","0","0","0","0","67301","0","0","0","N","0","0","0","2","68K01","0","","1.0","30.0","1","N","N","N","0","","0","0","1","0","0","N","1822","2","0","0","0","0","0","0","2","0","2","0","0","0","3","","","N","","","","","","","","","",""
"2022022739","2233","1","0","0","0","0","0","0","0","0","4","0","","67","2","2022","7","39.952508","-75.209267","2233","6","0","0","0","1","0","0","0","0","","0","0","0","22","3","1","","1","0","39 57:09.028","","0","75 12:33.361","3","0","0","0","67301","0","0","0","N","0","0","0","2","67504","0","","1.0","","1","N","N","Y","0","","1","0","2","3","2","","2233","3","1","1","0","0","0","0","2","0","3","0","0","0","3","03","","N","","","","","","","","","",""
"2022025048","2139","1","0","0","0","0","0","0","0","0","4","0","","67","3","2022","3","39.961265","-75.175095","2138","6","0","0","0","0","0","0","0","0","","0","0","0","21","3","0","","1","1","39 57:40.553","4","0","75 10:30.342","9","0","0","0","67301","0","0","0","N","0","0","0","2","67301","0","","1.0","2200.0","1","N","N","N","0","","0","0","1","3","2","N","2138","2","0","0","0","0","0","2","2","0","2","0","0","0","3","03","","N","","","","","","","","","",""
"2022039359","1250","0","0","0","0","0","0","0","0","0","1","0","","67","3","2022","6","39.922654","-75.191066","1228","6","0","0","0","0","0","0","1","0","","0","0","0","12","1","0","N","0","1","39 55:21.556","4","0","75 11:27.839","0","0","0","0","67301","0","0","0","N","0","0","0","4","68K01","0","","1.0","1315.0","1","N","N","N","0","","0","0","3","0","0","N","1223","3","0","0","0","0","0","0","2","0","3","0","0","0","3","03","","N","","","","","","","","","",""
"2022040445","1602","1","0","0","0","0","0","0","0","0","5","0","","67","3","2022","7","39.967545","-75.132385","1602","6","0","0","0","0","0","1","0","0","","0","0","0","16","1","0","N","0","1","39 58:03.162","2","0","75 07:56.585","0","0","0","0","67301","0","0","0","N","0","0","0","2","68K01","0","","1.0","1650.0","1","N","N","N","0","","0","0","1","0","0","Y","1600","2","0","0","0","0","0","0","2","0","2","0","0","0","3","","","N","","","","","","","","","",""
"2022047639","1857","0","0","0","0","0","0","0","0","0","8","0","","67","5","2022","3","39.957697","-75.162478","1857","6","0","0","0","0","0","0","0","0","","0","0","0","18","1","1","","1","0","39 57:27.710","","0","75 09:44.921","3","0","0","0","67301","1","0","0","N","1","0","0","1","67301","0","","1.0","","1","N","N","N","0","","1","0","0","3","2","","1857","2","1","0","0","0","0","0","2","0","1","1","0","0","3","03","","N","","","","","","","","","",""
"2022031219","1711","1","0","0","0","0","0","0","0","0","1","0","","67","3","2022","4","39.901029","-75.204235","1707","6","0","0","0","0","0","0","1","0","","0","0","0","17","1","3","N","0","2","39 54:03.705","6","3","75 12:15.245","3","0","0","0","67301","0","0","0","N","0","0","0","6","67301","0","","1.0","1755.0","1","N","N","N","3","","3","0","2","9","7","N","1706","6","3","0","0","0","0","0","2","0","6","0","0","0","3","03","","N","","","","","","","","","",""
"2022032928","1642","1","0","0","0","0","0","0","0","0","4","0","","67","4","2022","1","40.026388","-75.117154","1629","6","0","0","0","0","0","1","0","0","","0","0","0","15","1","4","","1","0","40 01:34.996","","0","75 07:01.756","4","0","0","0","67301","0","0","0","N","0","0","0","5","67301","1","","1.0","","1","N","N","N","1","","0","0","0","3","2","","1540","2","4","0","0","0","3","0","2","0","2","0","0","0","4","03","","N","","","","","","","","","",""
"2022023715","1503","2","0","0","0","0","0","0","0","0","4","0","","67","3","2022","6","40.029272","-75.205993","1456","6","0","0","0","0","0","0","0","0","","0","0","0","12","1","0","","2","0","40 01:45.378","","0","75 12:21.576","9","0","0","0","67301","0","0","0","N","0","0","0","2","67301","0","","1.0","","1","N","N","N","0","","0","0","0","3","3","","1227","2","0","0","0","0","0","2","2","0","2","0","0","0","3","03","","N","","","","","","","","","",""
"2022044039","2120","0","0","0","0","0","0","0","0","0","8","0","","67","4","2022","2","39.998041","-75.125401","2120","6","0","0","0","0","0","0","0","0","","0","0","0","14","1","1","","1","9","39 59:52.946","","0","75 07:31.445","3","0","0","0","67301","1","0","0","N","1","0","0","1","67301","0","","1.0","","99","N","Y","N","0","","1","0","0","3","2","","1450","2","1","0","0","0","0","0","2","0","1","1","0","0","99","","","N","","","","","","","","","",""
"2022029271","1636","1","0","0","0","0","0","0","0","0","1","0","","67","3","2022","7","40.038431","-75.123567","1631","6","0","0","0","0","1","0","0","0","","0","0","0","16","1","0","N","0","0","40 02:18.350","","0","75 07:24.840","0","0","0","0","67301","0","0","0","N","0","0","0","2","67301","0","","6.0","","1","N","N","N","0","","0","0","0","0","0","","1629","2","0","0","0","0","0","0","2","1","2","0","0","0","3","03","","N","","","","","","","","","",""
"2022043955","1522","1","0","0","0","0","0","0","0","0","4","0","","67","4","2022","7","39.934452","-75.179574","1522","6","0","0","0","0","0","0","0","0","","0","0","0","18","6","0","","1","0","39 56:04.026","","0","75 10:46.467","0","0","0","0","67301","0","0","0","N","0","0","0","1","67301","0","","1.0","","99","N","N","N","0","","0","0","2","0","0","","1800","3","0","1","0","0","0","0","2","0","3","0","0","0","99","","","N","","","","","","","","","",""
"2022015931","0945","1","0","0","0","0","0","0","0","0","4","0","","67","2","2022","7","40.021538","-75.139814","0945","6","0","0","0","0","0","0","0","0","","0","0","0","9","1","0","","1","1","40 01:17.537","2","0","75 08:23.331","0","0","0","0","67301","0","0","0","N","0","0","0","2","67301","0","","1.0","1121.0","1","N","N","N","0","","0","0","1","3","2","N","945","2","0","0","0","0","0","0","2","0","2","0","0","0","3","","","N","","","","","","","","","",""
"2022037090","0746","2","0","0","0","0","0","0","0","0","1","0","","67","3","2022","5","40.021726","-75.040556","0738","6","0","0","0","0","0","0","0","0","","0","0","0","7","1","1","N","0","2","40 01:18.213","2","2","75 02:26.003","8","0","0","0","67301","0","0","0","N","0","0","0","3","68K01","0","","1.0","750.0","9","N","N","N","0","","0","0","1","0","0","N","736","3","1","0","0","0","1","1","2","0","3","0","0","0","7","","","N","","","","","","","","","",""
"2022035417","2325","1","0","0","0","0","0","0","0","0","5","0","","67","4","2022","4","39.977806","-75.159806","2320","6","0","0","0","0","0","0","0","0","","0","0","0","23","6","0","N","0","0","39 58:40.100","","0","75 09:35.300","0","0","0","0","67301","0","0","0","N","0","0","0","3","67505","0","","1.0","","1","N","N","N","0","","0","0","0","0","0","","2320","2","0","0","0","0","0","0","2","0","2","0","0","0","3","03","","N","","","","","","","","","",""
"2022032912","2035","1","0","0","0","0","0","0","0","0","5","0","","67","3","2022","5","39.978154","-75.169893","2027","6","0","0","0","0","0","0","0","0","","0","0","0","20","3","1","N","0","0","39 58:41.355","","0","75 10:11.615","3","0","0","0","67301","0","0","0","N","0","0","0","2","67301","0","","6.0","","9","N","N","N","0","","1","0","2","0","0","","2000","3","1","2","0","0","0","1","2","0","3","0","0","0","7","07","","N","","","","","","","","","",""
"2022019627","2115","2","0","0","0","0","0","0","0","0","4","0","","67","2","2022","7","39.952989","-75.234525","2115","6","0","0","0","0","0","0","0","0","","0","0","0","21","3","0","","1","0","39 57:10.760","","0","75 14:04.290","0","0","0","0","67301","0","0","0","N","0","0","0","1","67301","0","","1.0","","1","N","N","Y","0","","0","0","2","3","3","","2114","4","0","0","0","0","0","0","2","0","4","0","0","0","3","","","N","","","","","","","","","",""
"2022030818","2027","1","0","0","0","0","0","0","0","0","4","0","","67","3","2022","2","39.986614","-75.171234","2021","6","0","0","0","0","0","1","0","0","","0","0","0","20","3","3","","1","0","39 59:11.810","","0","75 10:16.442","3","0","0","0","67301","0","0","0","N","0","0","0","3","67301","0","","1.0","","1","N","N","Y","0","","3","0","1","3","2","","2020","2","3","1","0","0","0","0","2","0","2","0","0","0","3","","","N","","","","","","","","","",""
"2022016001","1615","1","0","0","0","0","0","0","0","0","8","0","","67","2","2022","6","40.08044","-74.977146","1611","6","0","0","1","0","0","0","0","0","","0","0","0","16","1","1","","1","0","40 04:49.584","","0","74 58:37.727","3","0","0","0","67301","1","0","0","N","1","0","0","2","67301","0","","1.0","","1","N","N","N","0","","1","0","0","3","2","","1610","2","1","1","0","0","0","0","2","0","1","1","0","0","3","03","","N","","","","","","","","","",""
"2022019693","0104","2","0","0","0","0","0","0","0","0","5","0","","67","2","2022","2","40.054964","-75.149661","0059","6","0","0","0","0","0","0","0","0","","0","0","0","0","3","0","N","0","0","40 03:17.870","","0","75 08:58.780","0","0","0","0","67301","0","0","0","N","0","0","0","1","67301","0","","6.0","","1","N","N","N","0","","0","0","2","0","0","","58","4","0","0","0","0","0","0","2","0","4","0","0","0","3","03","","N","","","","","","","","","",""
"2022051972","2035","1","0","0","0","0","0","0","0","0","4","1","","67","6","2022","6","40.028579","-75.033945","2030","6","0","0","0","0","0","0","0","0","","0","1","0","19","3","0","","1","0","40 01:42.885","","0","75 02:02.202","9","0","0","0","67301","0","0","0","N","0","0","0","2","67301","0","","1.0","","1","N","N","N","0","","0","0","0","3","2","","1952","2","0","0","0","0","0","1","2","0","2","0","0","0","3","03","","N","","","","","","","","","",""
"2022032407","0517","1","0","0","0","0","0","0","0","0","7","0","","67","3","2022","1","40.045258","-75.001895","0504","6","0","0","0","0","0","0","0","0","","0","0","0","4","3","0","","7","0","40 02:42.930","","2","75 00:06.821","0","0","0","0","67301","0","0","0","Y","0","0","0","1","68K01","0","","7.0","","1","N","N","N","0","","0","0","0","0","0","","445","2","0","0","0","0","0","0","2","0","1","0","0","0","3","","","N","","","","","","","","","",""
"2022043876","1518","1","0","0","0","0","0","0","0","0","1","0","","67","4","2022","6","39.946838","-75.235681","1518","6","0","0","0","0","0","0","0","0","","0","0","0","15","1","0","N","0","0","39 56:48.616","","0","75 14:08.452","0","0","0","0","67301","0","0","0","N","0","0","0","1","67301","0","","4.0","","1","N","N","N","1","","0","0","0","3","7","","1518","2","0","1","0","0","0","0","2","0","2","0","0","0","3","03","","N","","","","","","","","","",""