"CRN","ARRIVAL_TM","AUTOMOBILE_COUNT","BELTED_DEATH_COUNT","BELTED_SUSP_SERIOUS_INJ_COUNT","BICYCLE_COUNT","BICYCLE_DEATH_COUNT","BICYCLE_SUSP_SERIOUS_INJ_COUNT","BUS_COUNT","CHLDPAS_DEATH_COUNT","CHLDPAS_SUSP_SERIOUS_INJ_COUNT","COLLISION_TYPE","COMM_VEH_COUNT","CONS_ZONE_SPD_LIM","COUNTY","CRASH_MONTH","CRASH_YEAR","DAY_OF_WEEK","DEC_LATITUDE","DEC_LONGITUDE","DISPATCH_TM","DISTRICT","DRIVER_COUNT_16YR","DRIVER_COUNT_17YR","DRIVER_COUNT_18YR","DRIVER_COUNT_19YR","DRIVER_COUNT_20YR","DRIVER_COUNT_50_64YR","DRIVER_COUNT_65_74YR","DRIVER_COUNT_75PLUS","EST_HRS_CLOSED","FATAL_COUNT","HEAVY_TRUCK_COUNT","HORSE_BUGGY_COUNT","HOUR_OF_DAY","ILLUMINATION","INJURY_COUNT","INTERSECTION_RELATED","INTERSECT_TYPE","LANE_CLOSED","LATITUDE","LN_CLOSE_DIR","LOCATION_TYPE","LONGITUDE","MAX_SEVERITY_LEVEL","MCYCLE_DEATH_COUNT","MCYCLE_SUSP_SERIOUS_INJ_COUNT","MOTORCYCLE_COUNT","MUNICIPALITY","NONMOTR_COUNT","NONMOTR_DEATH_COUNT","NONMOTR_SUSP_SERIOUS_INJ_COUNT","NTFY_HIWY_MAINT","PED_COUNT","PED_DEATH_COUNT","PED_SUSP_SERIOUS_INJ_COUNT","PERSON_COUNT","POLICE_AGCY","POSSIBLE_INJ_COUNT","RDWY_SURF_TYPE_CD","RELATION_TO_ROAD","ROADWAY_CLEARED","ROAD_CONDITION","SCH_BUS_IND","SCH_ZONE_IND","SECONDARY_CRASH","SMALL_TRUCK_COUNT","SPEC_JURIS_CD","SUSP_MINOR_INJ_COUNT","SUSP_SERIOUS_INJ_COUNT","SUV_COUNT","TCD_FUNC_CD","TCD_TYPE","TFC_DETOUR_IND","TIME_OF_DAY","TOTAL_UNITS","TOT_INJ_COUNT","UNBELTED_OCC_COUNT","UNB_DEATH_COUNT","UNB_SUSP_SERIOUS_INJ_COUNT","UNK_INJ_DEG_COUNT","UNK_INJ_PER_COUNT","URBAN_RURAL","VAN_COUNT","VEHICLE_COUNT","VULNERABLE_ROAD_USER_COUNT","VULNERABLE_ROAD_USER_DEATH_COUNT","VULNERABLE_ROAD_USER_SER_INJ_COUNT","WEATHER1","WEATHER2","WORKERS_PRES","WORK_ZONE_IND","WORK_ZONE_LOC","WORK_ZONE_TYPE","WZ_CLOSE_DETOUR","WZ_FLAGGER","WZ_LAW_OFFCR_IND","WZ_LN_CLOSURE","WZ_MOVING","WZ_OTHER","WZ_SHLDER_MDN","WZ_WORKERS_INJ_KILLED"
"2022026200","1705","0","0","0","1","0","0","0","0","0","5","0","","67","3","2022","5","39.938341","-75.166706","1700","6","0","0","0","0","0","0","0","0","","0","0","0","14","1","1","N","0","0","39 56:18.027","","0","75 10:00.143","3","0","0","0","67301","1","0","0","N","0","0","0","3","67301","0","","1.0","","1","N","N","N","0","","1","0","1","0","0","","1440","3","1","0","0","0","0","0","2","1","2","1","0","0","3","03","","N","","","","","","","","","",""
"2022050942","1717","0","0","0","0","0","0","0","0","0","7","0","","67","5","2022","7","40.038606","-75.009728","1710","6","0","0","0","0","0","0","0","0","","0","1","0","16","1","0","N","0","0","40 02:18.983","","0","75 00:35.021","0","0","0","0","67301","0","0","0","N","0","0","0","1","68K01","0","","4.0","","9","N","N","N","0","","0","0","0","0","0","","1649","1","0","0","0","0","0","0","2","0","1","0","0","0","7","","","N","","","","","","","","","",""
"2022043951","1745","2","0","0","0","0","0","0","0","0","8","0","","67","5","2022","1","39.97509","-75.194944","1737","6","0","0","0","0","0","0","0","0","","0","0","0","17","1","1","N","0","0","39 58:30.324","","7","75 11:41.797","3","0","0","0","67301","1","0","0","N","1","0","0","3","67301","0","","3.0","","9","N","N","N","0","","1","0","0","0","0","","1730","3","1","0","0","0","0","0","2","0","2","1","0","0","7","07","","N","","","","","","","","","",""
"2022025397","0105","1","0","0","0","0","0","0","0","0","4","0","","67","3","2022","4","40.004698","-75.077573","0100","6","0","0","0","0","0","0","0","0","","0","0","0","23","3","0","","1","0","40 00:16.912","","0","75 04:39.262","0","0","0","0","67301","0","0","0","N","0","0","0","2","67301","0","","1.0","","1","N","N","N","0","","0","0","0","0","0","","2300","2","0","0","0","0","0","0","2","0","2","0","0","0","3","","","N","","","","","","","","","",""
"2022030807","0854","1","0","0","0","0","0","0","0","0","7","0","","67","3","2022","3","39.984917","-75.146806","0850","6","0","0","0","0","0","0","0","0","","0","0","0","8","1","0","N","0","0","39 59:05.700","","0","75 08:48.500","0","0","0","0","67301","0","0","0","N","0","0","0","1","67301","0","","4.0","","1","N","N","N","0","","0","0","0","0","0","","847","1","0","1","0","0","0","0","2","0","1","0","0","0","3","03","","N","","","","","","","","","",""
"2022043934","1426","0","0","0","0","0","0","0","0","0","1","0","","67","4","2022","7","40.011821","-75.069732","1422","6","0","0","0","0","0","0","0","0","","0","0","0","14","1","1","N","0","0","40 00:42.557","","0","75 04:11.036","3","0","0","0","67301","0","0","0","N","0","0","0","1","67301","0","","1.0","","1","N","N","N","0","","1","0","2","0","0","","1405","2","1","0","0","0","0","0","2","0","2","0","0","0","3","03","","N","","","","","","","","","",""
"2022019653","0805","2","0","0","0","0","0","0","0","0","4","0","","67","2","2022","2","39.969979","-75.143001","0803","6","0","0","0","0","0","0","0","0","","0","0","0","7","1","0","","1","0","39 58:11.924","","0","75 08:34.804","0","0","0","0","67301","0","0","0","N","0","0","0","2","67301","0","","1.0","","1","N","N","N","0","","0","0","0","3","2","","755","3","0","0","0","0","0","0","2","1","3","0","0","0","3","03","","N","","","","","","","","","",""
"2022008117","1741","0","0","0","0","0","0","0","0","0","7","0","","67","1","2022","3","39.958776","-75.164694","1731","6","0","0","0","0","0","0","0","0","","0","0","0","17","3","0","N","0","2","39 57:31.592","1","2","75 09:52.899","9","0","0","0","67301","0","0","0","N","0","0","0","1","68K01","0","","4.0","30.0","1","N","N","N","0","","0","0","1","0","0","N","1725","1","0","0","0","0","0","1","2","0","1","0","0","0","3","03","","N","","","","","","","","","",""
"2022011650","0618","1","0","0","0","0","0","0","0","0","7","0","","67","1","2022","1","39.96491","-75.18545","0610","6","0","0","0","0","0","0","0","0","","0","0","0","5","3","0","N","0","1","39 57:53.677","3","0","75 11:07.621","0","0","0","0","67301","0","0","0","N","0","0","0","1","68K01","0","","3.0","635.0","1","N","N","N","0","","0","0","0","0","0","N","559","1","0","0","0","0","0","0","2","0","1","0","0","0","3","03","","N","","","","","","","","","",""
"2022014843","1245","0","0","0","0","0","0","0","0","0","5","0","","67","1","2022","3","40.056739","-75.141153","1245","6","0","0","0","0","0","0","0","0","","0","0","0","16","1","0","N","0","0","40 03:24.260","","0","75 08:28.150","9","0","0","0","67301","0","0","0","N","0","0","0","2","67301","0","","6.0","","99","N","N","N","0","","0","0","2","0","0","","1615","2","0","1","0","0","0","2","2","0","2","0","0","0","99","","","N","","","","","","","","","",""
"2022014873","1720","2","0","0","0","0","0","0","0","0","4","0","","67","1","2022","5","40.009163","-75.196863","1711","6","0","0","0","0","0","0","1","0","","0","0","0","16","4","0","","1","2","40 00:32.988","5","0","75 11:48.705","0","0","0","0","67301","0","0","0","N","0","0","0","3","67301","0","","1.0","1800.0","1","N","N","N","0","","0","0","1","3","2","Y","1653","3","0","0","0","0","0","0","2","0","3","0","0","0","3","","","N","","","","","","","","","",""
"2022014876","1416","0","0","0","0","0","0","0","0","0","2","0","","67","1","2022","6","40.002474","-75.184579","1413","6","0","0","0","0","0","0","0","0","","0","0","0","14","1","3","N","0","2","40 00:08.908","6","0","75 11:04.484","3","0","0","0","67301","0","0","0","N","0","0","0","4","67301","1","","1.0","100.0","1","N","N","N","0","","2","0","3","0","0","Y","1408","3","3","0","0","0","0","0","2","0","3","0","0","0","3","","","N","","","","","","","","","",""
"2022014885","1638","0","0","0","0","0","0","0","0","0","8","0","","67","1","2022","3","40.031278","-75.179361","1638","6","0","0","0","0","0","0","0","0","","0","0","0","15","1","1","N","0","0","40 01:52.600","","0","75 10:45.700","8","0","0","0","67301","1","0","0","N","1","0","0","2","67301","0","","1.0","","99","N","N","N","0","","0","0","0","0","0","","1540","2","1","0","0","0","1","0","2","1","1","1","0","0","3","","","N","","","","","","","","","",""
"2022019563","0214","2","0","0","0","0","0","0","0","0","4","0","","67","2","2022","2","39.95892","-75.156737","0214","6","0","0","0","0","0","0","0","0","","0","0","0","1","3","0","","1","0","39 57:32.111","","0","75 09:24.253","0","0","0","0","67301","0","0","0","N","0","0","0","2","67301","0","","1.0","","1","N","N","N","0","","0","0","0","3","2","","110","2","0","0","0","0","0","0","2","0","2","0","0","0","3","03","","N","","","","","","","","","",""
"2022023742","1332","1","0","0","0","0","0","0","0","0","4","0","","67","3","2022","4","40.038513","-75.15845","1325","6","1","0","0","0","0","0","0","0","","0","0","0","13","1","1","","2","0","40 02:18.646","","0","75 09:30.419","4","0","0","0","67301","0","0","0","N","0","0","0","2","67301","1","","1.0","","1","N","N","N","0","","0","0","1","3","3","","1321","2","1","2","0","0","0","0","2","0","2","0","0","0","3","03","","N","","","","","","","","","",""
"2022043989","1659","1","0","0","0","0","0","0","0","0","4","1","","67","5","2022","3","39.991523","-75.226567","1657","6","0","0","0","0","0","0","0","1","","0","1","0","15","1","1","","1","0","39 59:29.482","","0","75 13:35.641","3","0","0","0","67301","0","0","0","N","0","0","0","2","67301","0","","1.0","","1","N","N","N","0","","1","0","0","3","2","","1525","2","1","0","0","0","0","0","2","0","2","0","0","0","3","03","","N","","","","","","","","","",""
"2022050900","1949","1","0","1","0","0","0","1","0","0","4","1","","67","4","2022","2","39.98663","-75.091316","1939","6","0","0","0","0","0","0","0","0","","0","0","0","19","3","1","N","0","2","39 59:11.867","1","0","75 05:28.737","2","0","0","0","67301","0","0","0","N","0","0","0","2","68K01","0","","1.0","2004.0","9","N","N","Y","0","","0","1","0","0","0","N","1937","2","1","0","0","0","0","0","2","0","2","0","0","0","7","","","N","","","","","","","","","",""
"2022014640","1712","1","0","0","0","0","0","0","0","0","4","0","","67","1","2022","2","39.881667","-75.253419","1706","6","0","0","0","0","0","0","0","0","","0","0","0","15","1","1","","3","0","39 52:54.000","","2","75 15:12.310","3","0","0","0","67301","0","0","0","N","0","0","0","2","67301","0","","1.0","","1","N","N","N","0","","1","0","0","3","2","","1503","2","1","0","0","0","0","1","2","0","2","0","0","0","3","03","","N","","","","","","","","","",""
"2022014712","0425","1","0","0","0","0","0","0","0","0","5","0","","67","1","2022","1","40.035121","-75.039184","0400","6","0","0","0","0","0","0","0","0","","0","0","0","3","3","0","N","0","0","40 02:06.436","","0","75 02:21.063","0","0","0","0","67301","0","0","0","N","0","0","0","2","67301","0","","1.0","","1","N","N","N","0","","0","0","1","0","0","","350","3","0","0","0","0","0","0","2","1","3","0","0","0","3","03","","N","","","","","","","","","",""
"2022032878","1241","2","0","0","0","0","0","0","0","0","4","0","","67","4","2022","6","39.907198","-75.228147","1239","6","0","0","0","0","0","0","0","0","","0","0","0","12","1","2","","2","1","39 54:25.912","2","0","75 13:41.329","3","0","0","0","67301","0","0","0","N","0","0","0","3","67301","0","","1.0","1300.0","1","N","N","N","0","","2","0","1","0","0","N","1236","3","2","0","0","0","0","0","2","0","3","0","0","0","4","","","N","","","","","","","","","",""
"2022047212","2145","1","0","0","0","0","0","0","0","0","1","0","","67","4","2022","5","40.00678","-75.132143","2145","6","0","0","1","0","0","0","0","0","","0","0","0","21","3","3","","2","0","40 00:24.409","","0","75 07:55.714","3","0","0","0","67301","0","0","0","N","0","0","0","3","67301","0","","1.0","","1","N","N","N","1","","3","0","0","3","3","","2145","2","3","0","0","0","0","0","2","0","2","0","0","0","3","03","","N","","","","","","","","","",""
"2022029655","2132","0","0","0","0","0","0","0","0","0","4","0","","67","2","2022","3","39.997997","-75.125411","2131","6","0","0","1","0","0","1","0","0","","0","0","0","21","3","1","","1","0","39 59:52.789","","0","75 07:31.478","4","0","0","0","67301","0","0","0","N","0","0","0","2","67301","1","","1.0","","1","N","N","N","0","","0","0","2","3","2","","2130","2","1","0","0","0","0","1","2","0","2","0","0","0","3","03","","N","","","","","","","","","",""
"2022039718","0012","1","0","0","0","0","0","0","0","0","7","0","","67","3","2022","3","39.895609","-75.193021","0006","6","0","0","0","1","0","0","0","0","","0","0","0","0","3","1","N","0","1","39 53:44.191","2","3","75 11:34.876","3","0","0","0","67301","0","0","0","N","0","0","0","1","68K01","0","","2.0","120.0","1","N","N","N","0","","1","0","0","0","0","N","5","1","1","1","0","0","0","0","2","0","1","0","0","0","3","","","N","","","","","","","","","",""
"2022023766","0855","2","0","0","0","0","0","0","0","0","5","0","","67","3","2022","7","39.965097","-75.228097","0845","6","0","0","0","0","0","0","0","0","","0","0","0","7","5","0","N","0","0","39 57:54.350","","0","75 13:41.150","0","0","0","0","67301","0","0","0","N","0","0","0","1","67301","0","","6.0","","1","N","N","N","0","","0","0","1","0","0","","713","4","0","0","0","0","0","0","2","1","4","0","0","0","3","03","","N","","","","","","","","","",""
"2022019592","1950","1","0","0","0","0","0","0","0","0","4","0","","67","2","2022","2","40.037944","-75.078194","1945","6","0","0","0","0","1","0","0","0","","0","0","0","19","1","1","","1","0","40 02:16.600","","0","75 04:41.500","4","0","0","0","67301","0","0","0","N","0","0","0","2","67301","1","","1.0","","9","N","N","N","0","","0","0","1","0","0","","1945","2","1","0","0","0","0","1","2","0","2","0","0","0","7","04","","N","","","","","","","","","",""
"2022049166","2310","2","0","0","0","0","0","0","0","0","1","0","","67","4","2022","1","40.012414","-75.087626","2310","6","0","0","0","0","0","1","0","0","","0","0","0","23","3","2","","1","1","40 00:44.691","1","1","75 05:15.453","4","0","0","0","67301","0","0","0","N","0","0","0","4","67508","2","","1.0","9999.0","1","","","N","0","","0","0","1","0","0","N","2310","4","2","0","0","0","0","0","2","0","4","0","0","0","3","03","","N","","","","","","","","","",""
"2022030191","1212","1","0","0","0","0","0","0","0","0","1","0","","67","3","2022","4","40.050792","-75.164022","1212","6","0","0","0","0","0","0","0","0","","0","0","0","10","1","1","N","0","0","40 03:02.850","","0","75 09:50.480","8","0","0","0","67301","0","0","0","N","0","0","0","1","67301","0","","6.0","","1","N","N","N","0","","0","0","1","0","0","","1051","2","1","0","0","0","1","0","2","0","2","0","0","0","3","03","","N","","","","","","","","","",""
"2022043870","1535","0","0","0","0","0","0","0","0","0","4","0","","67","4","2022","3","39.924042","-75.227707","1527","6","0","0","0","0","0","1","0","0","","0","0","0","15","1","1","","1","0","39 55:26.552","","0","75 13:39.745","4","0","0","0","67301","0","0","0","N","0","0","0","6","67301","1","","1.0","","1","N","N","N","0","","0","0","2","3","2","","1525","2","1","6","0","0","0","0","2","0","2","0","0","0","4","04","","N","","","","","","","","","",""
"2022029178","0006","0","0","0","0","0","0","0","0","0","8","0","","67","3","2022","1","39.95768","-75.162367","0006","6","0","0","0","0","0","0","0","0","","0","0","0","0","3","1","","1","0","39 57:27.649","","8","75 09:44.521","3","0","0","0","67301","1","0","0","N","1","0","0","2","67301","0","","1.0","","1","N","N","N","0","","1","0","0","3","2","","5","2","1","0","0","0","0","0","2","0","1","1","0","0","3","04","","N","","","","","","","","","",""
"2022047173","1818","1","0","0","0","0","0","0","0","0","1","0","","67","5","2022","5","40.054323","-75.169498","1814","6","0","0","0","0","0","0","0","0","","0","0","0","17","1","0","N","0","0","40 03:15.562","","0","75 10:10.193","9","0","0","0","67301","0","0","0","N","0","0","0","2","67301","0","","1.0","","1","N","N","N","0","","0","0","1","3","2","","1753","2","0","0","0","0","0","2","2","0","2","0","0","0","3","03","","N","","","","","","","","","",""
"2022039766","1808","0","0","0","0","0","0","0","0","0","1","0","","67","4","2022","7","39.877347","-75.252731","1753","6","0","0","0","0","0","1","0","0","","0","0","0","17","1","2","N","0","0","39 52:38.448","","0","75 15:09.831","8","0","0","0","67301","0","0","0","N","0","0","0","6","68K01","0","","1.0","","1","N","N","N","0","","0","0","2","0","0","","1748","2","2","0","0","0","2","0","2","0","2","0","0","0","3","03","","N","","","","","","","","","",""
"2022032923","2006","1","0","0","0","0","0","0","0","0","8","0","","67","3","2022","2","40.01182","-75.097752","2005","6","0","0","0","0","0","0","0","0","","0","0","0","20","3","1","","1","0","40 00:42.552","","0","75 05:51.907","8","0","0","0","67301","1","0","0","N","1","0","0","2","67301","0","","1.0","","1","N","N","N","0","","0","0","0","3","2","","2001","2","1","0","0","0","1","1","2","0","1","1","0","0","3","03","","N","","","","","","","","","",""
"2022019633","1530","1","0","0","0","0","0","0","0","0","8","0","","67","2","2022","6","39.975774","-75.168553","1526","6","0","0","0","0","0","0","0","0","","0","0","0","15","1","1","","1","0","39 58:32.788","","0","75 10:06.789","8","0","0","0","67301","1","0","0","N","1","0","0","2","67301","0","","1.0","","1","N","N","N","0","","0","0","0","3","2","","1505","2","1","0","0","0","1","0","2","0","1","1","0","0","3","03","","N","","","","","","","","","",""
"2022025418","1616","2","0","0","0","0","0","0","0","0","2","0","","67","3","2022","7","40.003066","-75.164297","1613","6","0","0","0","0","0","0","0","0","","0","0","0","16","1","2","","1","0","40 00:11.036","","0","75 09:51.468","3","0","0","0","67301","0","0","0","N","0","0","0","3","67301","0","","1.0","","1","N","N","N","0","","2","0","0","3","2","","1610","2","2","0","0","0","0","0","2","0","2","0","0","0","3","07","","N","","","","","","","","","",""
"2022050865","1750","1","0","0","0","0","0","0","0","0","8","0","","67","6","2022","4","40.036726","-75.187508","1734","6","0","0","0","0","0","0","0","1","","0","0","0","17","1","1","","2","0","40 02:12.212","","0","75 11:15.028","3","0","0","0","67301","1","0","0","N","1","0","0","2","67301","0","","1.0","","1","N","N","N","0","","1","0","0","3","2","","1707","2","1","1","0","0","0","0","2","0","1","1","0","0","3","03","","N","","","","","","","","","",""
"2022049231","0050","0","0","0","0","0","0","0","0","0","4","0","","67","5","2022","4","40.040323","-75.058538","0040","6","0","0","0","1","0","0","0","0","","0","0","0","0","3","0","","1","0","40 02:25.164","","0","75 03:30.737","0","0","0","0","67301","0","0","0","N","0","0","0","2","67301","0","","1.0","","1","N","N","N","0","","0","0","2","3","2","","30","2","0","0","0","0","0","0","2","0","2","0","0","0","3","03","","N","","","","","","","","","",""
"2022033224","2043","1","0","0","0","0","0","0","0","0","4","0","","67","4","2022","2","39.940157","-75.164054","2032","6","0","0","0","0","1","0","0","0","","0","0","0","20","3","1","","1","0","39 56:24.565","","0","75 09:50.594","3","0","0","0","67301","0","0","0","N","0","0","0","3","67301","0","","1.0","","1","N","N","N","0","","1","0","1","3","3","","2028","2","1","0","0","0","0","2","2","0","2","0","0","0","3","03","","N","","","","","","","","","",""
"2022020701","0200","1","0","0","0","0","0","0","0","0","5","0","","67","2","2022","5","40.023311","-75.128047","0155","6","0","0","0","0","0","0","0","0","","0","0","0","1","3","0","N","0","0","40 01:23.920","","0","75 07:40.970","0","0","0","0","67301","0","0","0","N","0","0","0","1","67301","0","","1.0","","1","N","N","N","0","","0","0","2","0","0","","114","3","0","0","0","0","0","0","2","0","3","0","0","0","3","03","","N","","","","","","","","","",""
"2022021449","2100","2","0","0","0","0","0","0","0","0","1","0","","67","2","2022","7","40.094773","-75.015326","2100","6","0","0","0","0","0","0","1","0","","0","0","0","16","1","3","","1","0","40 05:41.184","","0","75 00:55.174","8","0","0","0","67301","0","0","0","N","0","0","0","4","67301","0","","1.0","","1","N","N","N","0","","0","0","0","3","2","","1600","2","3","0","0","0","3","1","2","0","2","0","0","0","3","03","","N","","","","","","","","","",""
"2022029192","2005","1","0","0","0","0","0","0","0","0","7","0","","67","3","2022","2","40.107024","-74.994928","1948","6","0","0","0","0","0","0","0","0","","0","0","0","19","3","0","N","0","2","40 06:25.285","4","2","74 59:41.741","9","0","0","0","67301","0","0","0","N","0","0","0","1","67301","0","","4.0","2020.0","1","N","N","N","0","","0","0","0","0","0","N","1925","1","0","0","0","0","0","1","2","0","1","0","0","0","3","03","","N","","","","","","","","","",""
"2022023772","0155","3","0","0","0","0","0","0","0","0","4","0","","67","3","2022","7","39.977255","-75.158096","0155","6","0","1","0","0","0","0","0","0","","0","0","0","1","3","2","","1","2","39 58:38.118","4","0","75 09:29.146","3","0","0","0","67301","0","0","0","N","0","0","0","3","67301","1","","1.0","355.0","1","N","N","N","0","","1","0","1","3","2","Y","155","4","2","0","0","0","0","0","2","0","4","0","0","0","3","03","","N","","","","","","","","","",""
"2022051467","1113","0","0","0","0","0","0","0","0","0","7","0","","67","4","2022","1","40.03797","-75.011483","1055","6","0","0","0","0","0","0","0","0","","0","0","0","10","1","0","N","0","0","40 02:16.691","","0","75 00:41.338","0","0","0","0","67301","0","0","0","N","0","0","0","1","68K01","0","","2.0","","1","N","N","N","1","","0","0","0","0","0","","1054","1","0","0","0","0","0","0","2","0","1","0","0","0","3","03","","N","","","","","","","","","",""
"2022043957","1955","1","0","0","0","0","0","0","0","0","4","1","","67","4","2022","5","39.940204","-75.200688","1955","6","0","0","0","0","0","1","0","0","","0","1","0","15","1","2","","2","0","39 56:24.735","","0","75 12:02.476","3","0","0","0","67301","0","0","0","N","0","0","0","4","67301","0","","1.0","","1","N","N","N","0","","2","0","0","3","2","","1506","2","2","0","0","0","0","0","2","0","2","0","0","0","3","","","N","","","","","","","","","",""
"2022043794","1630","1","0","0","0","0","0","0","0","0","4","0","","67","4","2022","7","39.926057","-75.182739","1630","6","0","0","0","0","0","0","0","0","","0","0","0","20","3","0","","1","0","39 55:33.806","","0","75 10:57.862","0","0","0","0","67301","0","0","0","N","0","0","0","2","67301","0","","1.0","","1","N","N","N","0","","0","0","1","3","2","","2030","2","0","0","0","0","0","0","2","0","2","0","0","0","3","03","","N","","","","","","","","","",""
"2022042342","2323","1","0","0","0","0","0","0","0","0","7","0","","67","4","2022","2","39.957903","-75.162088","2311","6","0","0","0","1","0","0","0","0","","0","0","0","23","3","0","N","0","0","39 57:28.451","","0","75 09:43.516","0","0","0","0","67301","0","0","0","N","0","0","0","1","68K01","0","","4.0","","8","N","N","N","0","","0","0","0","0","0","","2308","1","0","0","0","0","0","0","2","0","1","0","0","0","7","07","","N","","","","","","","","","",""
"2022044029","1758","1","0","0","0","0","0","0","0","0","8","0","","67","4","2022","3","40.015171","-75.111501","1725","6","0","0","0","0","0","1","0","0","","0","0","0","17","1","2","","2","0","40 00:54.615","","0","75 06:41.403","3","0","0","0","67301","2","0","0","N","2","0","0","3","67301","0","","1.0","","1","N","N","N","0","","2","0","0","3","3","","1725","3","2","0","0","0","0","0","2","0","1","2","0","0","3","04","","N","","","","","","","","","",""
"2022016143","1219","0","0","0","0","0","0","0","0","0","7","0","","67","2","2022","7","40.036472","-75.022877","1212","6","0","0","0","0","0","0","0","1","","0","0","0","12","1","1","N","0","0","40 02:11.299","","0","75 01:22.356","3","0","0","1","67301","0","0","0","N","0","0","0","2","67301","0","","5.0","","1","N","N","N","0","","1","0","0","0","0","","1209","1","1","0","0","0","0","0","2","0","1","0","0","0","3","","","N","","","","","","","","","",""
"2022051921","0550","1","0","0","0","0","0","0","0","0","7","0","","67","5","2022","6","39.932877","-75.200035","0542","6","0","0","0","0","0","0","0","0","","0","0","0","5","5","1","N","0","2","39 55:58.358","4","0","75 12:00.126","3","0","0","0","67301","0","0","0","N","0","0","0","1","68K01","0","","3.0","616.0","9","N","N","N","0","","1","0","0","0","0","N","537","1","1","0","0","0","0","0","2","0","1","0","0","0","7","","","N","","","","","","","","","",""
"2022049632","0023","3","0","0","0","0","0","0","0","0","5","0","","67","5","2022","5","40.123236","-74.998031","0019","6","0","0","0","0","0","0","0","0","","0","0","0","23","3","0","N","0","0","40 07:23.650","","0","74 59:52.910","0","0","0","0","67301","0","0","0","N","0","0","0","0","67301","0","","1.0","","1","N","N","N","0","","0","0","0","0","0","","2348","3","0","0","0","0","0","0","2","0","3","0","0","0","3","03","","N","","","","","","","","","",""
"2022029285","2335","2","0","0","0","0","0","0","0","0","1","0","","67","3","2022","3","40.027928","-75.146356","2330","6","0","0","0","0","0","0","0","0","","0","0","0","22","3","2","N","0","0","40 01:40.540","","0","75 08:46.880","3","0","0","0","67301","0","0","0","N","0","0","0","2","67301","0","","1.0","","1","N","N","N","0","","2","0","0","0","0","","2245","4","2","0","0","0","0","0","2","2","4","0","0","0","3","","","N","","","","","","","","","",""
"2022015631","0121","1","0","0","0","0","0","0","0","0","7","0","","67","2","2022","6","40.078286","-75.053914","0113","6","0","0","0","0","0","0","0","0","","0","0","0","1","3","0","N","0","0","40 04:41.830","","0","75 03:14.090","0","0","0","0","67301","0","0","0","N","0","0","0","1","67301","0","","4.0","","1","N","N","N","0","","0","0","0","0","0","","110","1","0","0","0","0","0","0","2","0","1","0","0","0","3","","","N","","","","","","","","","",""
"2022048025","0552","1","0","0","0","0","0","0","0","0","4","0","","67","5","2022","2","39.915997","-75.164524","0549","6","0","0","0","0","0","2","0","0","","0","0","0","5","5","2","","1","0","39 54:57.588","","0","75 09:52.288","3","0","0","0","67301","0","0","0","N","0","0","0","4","67301","0","","1.0","","1","N","N","N","1","","2","0","0","3","2","","547","2","2","0","0","0","0","0","2","0","2","0","0","0","3","","","N","","","","","","","","","",""
"2022047178","0331","1","0","0","0","0","0","0","0","0","7","0","","67","5","2022","1","40.012406","-75.070131","0326","6","0","0","0","0","0","0","0","0","","0","0","0","2","3","0","N","0","0","40 00:44.663","","0","75 04:12.470","0","0","0","0","67301","0","0","0","N","0","0","0","0","67301","0","","5.0","","1","N","N","N","0","","0","0","0","0","0","","200","1","0","0","0","0","0","0","2","0","1","0","0","0","3","03","","N","","","","","","","","","",""
"2022042340","0012","1","0","0","0","0","0","0","0","0","7","0","","67","4","2022","7","39.956647","-75.143386","0001","6","0","0","0","0","0","0","0","0","","0","0","0","23","3","1","N","0","0","39 57:23.930","","0","75 08:36.188","8","0","0","0","67301","0","0","0","N","0","0","0","1","68K01","0","","4.0","","8","N","N","N","0","","0","0","0","0","0","","2354","1","1","0","0","0","1","0","2","0","1","0","0","0","3","03","","N","","","","","","","","","",""
"2022025752","0620","2","0","0","0","0","0","0","0","0","5","0","","67","3","2022","1","40.039108","-75.083683","0617","6","0","0","0","0","0","0","0","0","","0","0","0","6","3","0","N","0","0","40 02:20.790","","0","75 05:01.260","9","0","0","0","67301","0","0","0","N","0","0","0","1","67301","0","","6.0","","1","N","N","N","1","","0","0","2","0","0","","615","5","0","0","0","0","0","1","2","0","5","0","0","0","3","","","N","","","","","","","","","",""
"2022023784","0304","2","0","0","0","0","0","0","0","0","1","0","","67","3","2022","7","40.009442","-75.138436","0259","6","0","0","0","0","0","0","0","0","","0","0","0","2","3","0","N","0","2","40 00:33.990","2","0","75 08:18.370","0","0","0","0","67301","0","0","0","N","0","0","0","1","67301","0","","6.0","415.0","1","N","N","N","1","","0","0","1","0","0","N","258","4","0","0","0","0","0","0","2","0","4","0","0","0","3","03","","N","","","","","","","","","",""
"2022019579","1910","1","0","0","0","0","0","0","0","0","7","0","","67","2","2022","5","39.887484","-75.247993","1908","6","0","0","0","0","0","0","0","0","","0","0","0","15","1","2","","2","0","39 53:14.941","","0","75 14:52.776","8","0","0","0","67301","0","0","0","N","0","0","0","2","67301","0","","4.0","","1","N","N","N","0","","0","0","0","3","2","","1500","2","2","0","0","0","2","0","2","0","1","0","0","0","3","","","N","","","","","","","","","",""