"CRN","ARRIVAL_TM","AUTOMOBILE_COUNT","BELTED_DEATH_COUNT","BELTED_SUSP_SERIOUS_INJ_COUNT","BICYCLE_COUNT","BICYCLE_DEATH_COUNT","BICYCLE_SUSP_SERIOUS_INJ_COUNT","BUS_COUNT","CHLDPAS_DEATH_COUNT","CHLDPAS_SUSP_SERIOUS_INJ_COUNT","COLLISION_TYPE","COMM_VEH_COUNT","CONS_ZONE_SPD_LIM","COUNTY","CRASH_MONTH","CRASH_YEAR","DAY_OF_WEEK","DEC_LATITUDE","DEC_LONGITUDE","DISPATCH_TM","DISTRICT","DRIVER_COUNT_16YR","DRIVER_COUNT_17YR","DRIVER_COUNT_18YR","DRIVER_COUNT_19YR","DRIVER_COUNT_20YR","DRIVER_COUNT_50_64YR","DRIVER_COUNT_65_74YR","DRIVER_COUNT_75PLUS","EST_HRS_CLOSED","FATAL_COUNT","HEAVY_TRUCK_COUNT","HORSE_BUGGY_COUNT","HOUR_OF_DAY","ILLUMINATION","INJURY_COUNT","INTERSECTION_RELATED","INTERSECT_TYPE","LANE_CLOSED","LATITUDE","LN_CLOSE_DIR","LOCATION_TYPE","LONGITUDE","MAX_SEVERITY_LEVEL","MCYCLE_DEATH_COUNT","MCYCLE_SUSP_SERIOUS_INJ_COUNT","MOTORCYCLE_COUNT","MUNICIPALITY","NONMOTR_COUNT","NONMOTR_DEATH_COUNT","NONMOTR_SUSP_SERIOUS_INJ_COUNT","NTFY_HIWY_MAINT","PED_COUNT","PED_DEATH_COUNT","PED_SUSP_SERIOUS_INJ_COUNT","PERSON_COUNT","POLICE_AGCY","POSSIBLE_INJ_COUNT","RDWY_SURF_TYPE_CD","RELATION_TO_ROAD","ROADWAY_CLEARED","ROAD_CONDITION","SCH_BUS_IND","SCH_ZONE_IND","SECONDARY_CRASH","SMALL_TRUCK_COUNT","SPEC_JURIS_CD","SUSP_MINOR_INJ_COUNT","SUSP_SERIOUS_INJ_COUNT","SUV_COUNT","TCD_FUNC_CD","TCD_TYPE","TFC_DETOUR_IND","TIME_OF_DAY","TOTAL_UNITS","TOT_INJ_COUNT","UNBELTED_OCC_COUNT","UNB_DEATH_COUNT","UNB_SUSP_SERIOUS_INJ_COUNT","UNK_INJ_DEG_COUNT","UNK_INJ_PER_COUNT","URBAN_RURAL","VAN_COUNT","VEHICLE_COUNT","VULNERABLE_ROAD_USER_COUNT","VULNERABLE_ROAD_USER_DEATH_COUNT","VULNERABLE_ROAD_USER_SER_INJ_COUNT","WEATHER1","WEATHER2","WORKERS_PRES","WORK_ZONE_IND","WORK_ZONE_LOC","WORK_ZONE_TYPE","WZ_CLOSE_DETOUR","WZ_FLAGGER","WZ_LAW_OFFCR_IND","WZ_LN_CLOSURE","WZ_MOVING","WZ_OTHER","WZ_SHLDER_MDN","WZ_WORKERS_INJ_KILLED"
"2022019744","1705","1","0","0","0","0","0","0","0","0","4","0","","67","2","2022","1","39.991883","-75.233669","1703","6","0","0","0","0","0","0","1","0","","0","0","0","17","4","2","","1","2","39 59:30.778","6","0","75 14:01.208","4","0","0","0","67301","0","0","0","N","0","0","0","3","67301","2","","1.0","1745.0","1","N","N","N","0","","0","0","1","3","2","Y","1703","2","2","0","0","0","0","0","2","0","2","0","0","0","3","03","","N","","","","","","","","","",""
"2022019636","1810","0","0","0","0","0","0","0","0","0","1","0","","67","2","2022","1","39.989545","-75.104342","1804","6","0","0","0","0","0","2","0","0","","0","0","0","18","3","1","N","0","0","39 59:22.363","","0","75 06:15.632","3","0","0","0","67301","0","0","0","N","0","0","0","4","67301","0","","1.0","","1","N","N","N","2","","1","0","1","0","0","","1804","3","1","1","0","0","0","0","2","0","3","0","0","0","3","03","","N","","","","","","","","","",""
"2022019580","2046","1","0","0","0","0","0","0","0","0","1","0","","67","2","2022","5","39.918044","-75.242881","2046","6","0","0","0","0","0","0","0","0","","0","0","0","0","6","0","N","0","0","39 55:04.960","","0","75 14:34.370","9","0","0","0","67301","0","0","0","N","0","0","0","5","67301","0","","1.0","","1","N","N","N","0","","0","0","1","0","0","","30","2","0","0","0","0","0","3","2","0","2","0","0","0","3","","","N","","","","","","","","","",""
"2022036116","2030","3","0","0","0","0","0","0","0","0","4","0","","67","4","2022","7","39.984711","-75.161527","2020","6","0","0","0","0","0","0","0","0","","0","0","0","20","3","0","","1","2","39 59:04.959","2","0","75 09:41.497","0","0","0","0","67301","0","0","0","N","0","0","0","3","67505","0","","1.0","2115.0","9","N","N","N","0","","0","0","0","3","3","N","2000","3","0","0","0","0","0","0","2","0","3","0","0","0","7","07","","N","","","","","","","","","",""
"2022045908","1408","1","0","0","0","0","0","0","0","0","1","0","","67","5","2022","6","39.940421","-75.187486","1406","6","0","0","0","0","0","0","0","1","","0","0","0","14","1","1","","2","0","39 56:25.515","","0","75 11:14.948","8","0","0","0","67301","0","0","0","N","0","0","0","3","67301","0","","1.0","","1","N","N","N","1","","0","0","0","3","2","","1400","2","1","0","0","0","1","0","2","0","2","0","0","0","3","","","N","","","","","","","","","",""
"2022019574","0319","2","0","0","0","0","0","0","0","0","5","0","","67","2","2022","5","39.970858","-75.159646","0313","6","0","0","0","0","0","1","0","0","","0","0","0","3","3","1","N","0","0","39 58:15.089","","0","75 09:34.727","8","0","0","0","67301","0","0","0","N","0","0","0","2","67301","0","","1.0","","1","N","N","N","0","","0","0","0","0","0","","310","2","1","0","0","0","1","1","2","0","2","0","0","0","3","03","","N","","","","","","","","","",""
"2022020877","1624","0","0","0","0","0","0","0","0","0","8","0","","67","2","2022","5","40.028241","-75.162121","1624","6","0","0","0","0","0","0","0","0","","0","0","0","15","1","1","","1","0","40 01:41.669","","0","75 09:43.637","8","0","0","0","67301","1","0","0","N","1","0","0","2","67301","0","","1.0","","1","N","N","N","0","","0","0","1","3","2","","1530","2","1","0","0","0","1","0","2","0","1","1","0","0","3","03","","N","","","","","","","","","",""
"2022014704","0836","2","0","0","0","0","0","0","0","0","4","0","","67","2","2022","3","40.034997","-75.188438","0836","6","0","0","0","0","0","0","0","1","","0","0","0","8","1","4","","2","2","40 02:05.989","5","0","75 11:18.376","4","0","0","0","67301","0","0","0","N","0","0","0","4","67301","4","","1.0","30.0","1","N","N","N","0","","0","0","1","0","0","Y","836","3","4","4","0","0","0","0","2","0","3","0","0","0","3","","","N","","","","","","","","","",""
"2022034197","0750","1","0","0","0","0","0","0","0","0","7","0","","67","3","2022","1","39.959374","-75.17381","0744","6","0","0","0","0","0","0","0","0","","0","0","0","7","1","1","","7","2","39 57:33.745","4","2","75 10:25.715","8","0","0","0","67301","0","0","0","Y","0","0","0","1","68K01","0","","7.0","822.0","1","N","N","N","0","","0","0","0","0","0","Y","743","1","1","0","0","0","1","0","2","0","1","0","0","0","3","","","N","","","","","","","","","",""
"2022031239","0127","1","0","0","0","0","0","0","0","0","7","0","","67","3","2022","6","40.006699","-75.123548","0126","6","0","0","0","0","0","0","0","0","","0","0","0","1","3","1","N","0","0","40 00:24.117","","0","75 07:24.772","3","0","0","0","67301","0","0","0","N","0","0","0","1","67301","0","","4.0","","9","N","N","N","0","","1","0","0","0","0","","115","1","1","0","0","0","0","0","2","0","1","0","0","0","7","07","","N","","","","","","","","","",""
"2022016634","1637","0","0","0","0","0","0","0","0","0","8","0","","67","2","2022","6","39.940644","-75.221552","1633","6","0","0","0","0","0","0","0","0","","0","0","0","16","1","1","","1","0","39 56:26.318","","0","75 13:17.587","8","0","0","0","67301","1","0","0","N","1","0","0","2","67301","0","","1.0","","1","N","N","N","0","","0","0","1","3","3","","1628","2","1","0","0","0","1","0","2","0","1","1","0","0","3","03","","N","","","","","","","","","",""
"2022029190","1744","1","0","0","0","0","0","0","0","0","4","0","","67","3","2022","6","40.04004","-75.027574","1728","6","0","0","0","1","0","0","0","0","","0","0","0","17","1","3","","1","0","40 02:24.144","","0","75 01:39.268","8","0","0","0","67301","0","0","0","N","0","0","0","4","67301","0","","1.0","","1","N","N","N","0","","0","0","3","3","3","","1721","4","3","0","0","0","3","0","2","0","4","0","0","0","3","03","","N","","","","","","","","","",""
"2022029179","2010","1","0","0","0","0","0","0","0","0","8","0","","67","3","2022","5","39.951356","-75.155153","2010","6","0","0","0","0","0","0","0","0","","0","0","0","20","3","1","","1","0","39 57:04.881","","0","75 09:18.550","3","0","0","0","67301","1","0","0","N","1","0","0","2","67301","0","","1.0","","9","N","N","N","0","","1","0","0","3","2","","2010","2","1","0","0","0","0","0","2","0","1","1","0","0","7","07","","N","","","","","","","","","",""
"2022032900","2120","1","0","0","0","0","0","0","0","0","8","0","","67","3","2022","5","39.964959","-75.224574","2112","6","0","0","0","0","0","0","0","0","","0","0","0","20","3","1","","1","0","39 57:53.852","","0","75 13:28.466","3","0","0","0","67301","1","0","0","N","1","0","0","2","67301","0","","1.0","","9","N","N","N","0","","1","0","0","3","2","","2000","2","1","0","0","0","0","0","2","0","1","1","0","0","7","07","","N","","","","","","","","","",""
"2022044035","0735","3","0","0","0","0","0","0","0","0","1","0","","67","4","2022","1","40.001019","-75.100406","0735","6","0","0","0","0","0","0","0","0","","0","0","0","5","3","0","N","0","0","40 00:03.670","","0","75 06:01.460","0","0","0","0","67301","0","0","0","N","0","0","0","1","67301","0","","6.0","","99","N","N","N","0","","0","0","0","0","0","","549","3","0","0","0","0","0","0","2","0","3","0","0","0","99","98","","N","","","","","","","","","",""
"2022021498","0041","1","0","0","0","0","0","0","0","0","1","0","","67","2","2022","1","39.97103","-75.155661","0037","6","0","0","0","0","0","1","0","0","","0","0","0","0","3","1","","1","0","39 58:15.708","","0","75 09:20.380","3","0","0","1","67301","0","0","0","N","0","0","0","3","67301","0","","1.0","","1","N","N","N","0","","1","0","0","3","2","","26","2","1","0","0","0","0","0","2","0","2","0","0","0","3","","","N","","","","","","","","","",""
"2022043917","0133","4","0","0","0","0","0","0","0","0","4","0","","67","5","2022","2","40.078536","-75.173378","0128","6","0","0","0","0","0","0","0","0","","0","0","0","1","3","0","N","0","2","40 04:42.730","5","0","75 10:24.160","0","0","0","0","67301","0","0","0","N","0","0","0","1","67301","0","","6.0","259.0","1","N","N","Y","0","","0","0","0","0","0","Y","126","4","0","0","0","0","0","0","2","0","4","0","0","0","3","03","","N","","","","","","","","","",""
"2022030012","0255","3","0","0","0","0","0","0","0","0","1","0","","67","3","2022","2","40.020202","-75.183588","0248","6","0","0","0","0","0","0","0","0","","0","0","0","2","3","0","N","0","0","40 01:12.726","","0","75 11:00.918","9","0","0","0","67301","0","0","0","N","0","0","0","1","67301","0","","6.0","","1","N","N","N","0","","0","0","0","0","0","","221","3","0","0","0","0","0","1","2","0","3","0","0","0","3","03","","N","","","","","","","","","",""
"2022024065","0842","2","0","0","0","0","0","0","0","0","1","0","","67","1","2022","3","39.970918","-75.124634","0836","6","0","0","0","0","0","0","1","0","","0","0","0","8","1","1","N","0","0","39 58:15.303","","0","75 07:28.682","3","0","0","0","67301","0","0","0","N","0","0","0","2","68K01","0","","1.0","","1","N","N","N","0","","1","0","0","0","0","","835","2","1","0","0","0","0","0","2","0","2","0","0","0","3","","","N","","","","","","","","","",""
"2022010830","1902","0","0","0","0","0","0","0","0","0","8","0","","67","1","2022","3","40.100596","-74.979703","1902","6","0","0","0","0","0","1","0","0","","0","0","0","19","2","1","","2","1","40 06:02.145","3","0","74 58:46.930","2","0","0","0","67301","1","0","1","N","1","0","1","3","67301","0","","1.0","2130.0","1","N","N","N","0","","0","1","0","3","3","Y","1901","2","1","0","0","0","0","0","2","1","1","1","0","1","3","03","","N","","","","","","","","","",""
"2022014577","2345","1","0","0","0","0","0","0","0","0","4","0","","67","1","2022","3","40.105294","-75.039937","2337","6","0","0","0","0","0","0","0","0","","0","0","0","22","3","0","","2","2","40 06:19.058","6","0","75 02:23.773","0","0","0","0","67301","0","0","0","N","0","0","0","1","67301","0","","1.0","215.0","1","N","N","N","0","","0","0","0","3","3","N","2240","2","0","0","0","0","0","0","2","1","2","0","0","0","3","03","","N","","","","","","","","","",""
"2022014599","1548","1","0","0","0","0","0","0","0","0","4","0","","67","1","2022","6","40.076444","-75.032562","1540","6","0","0","0","0","0","1","0","0","","0","0","0","15","1","1","","1","0","40 04:35.200","","0","75 01:57.222","3","0","0","0","67301","0","0","0","N","0","0","0","4","67301","0","","1.0","","1","N","N","N","0","","1","0","1","3","2","","1500","2","1","0","0","0","0","0","2","0","2","0","0","0","3","03","","N","","","","","","","","","",""
"2022047926","2322","1","0","0","0","0","0","0","0","0","4","0","","67","5","2022","7","40.044086","-75.138131","2320","6","0","0","0","0","0","0","0","0","","0","0","0","23","3","1","N","0","0","40 02:38.710","","0","75 08:17.270","3","0","0","0","67301","0","0","0","N","0","0","0","1","67301","0","","1.0","","1","N","N","N","0","","1","0","1","0","0","","2307","2","1","0","0","0","0","0","2","0","2","0","0","0","3","03","","N","","","","","","","","","",""
"2022030379","0204","1","0","0","0","0","0","0","0","0","4","0","","67","3","2022","1","40.037371","-75.190983","0156","6","0","0","0","0","0","0","0","0","","0","0","0","1","3","4","","1","0","40 02:14.535","","0","75 11:27.538","3","0","0","0","67301","0","0","0","N","0","0","0","4","67301","2","","1.0","","1","N","N","N","0","","1","0","1","3","2","","142","2","4","0","0","0","1","0","2","0","2","0","0","0","3","","","N","","","","","","","","","",""
"2022045606","0735","1","0","0","0","0","0","0","0","0","5","0","","67","5","2022","3","39.893902","-75.195594","0718","6","0","0","0","0","0","1","0","0","","0","0","0","7","1","2","N","0","1","39 53:38.048","2","3","75 11:44.137","4","0","0","0","67301","0","0","0","N","0","0","0","3","68K01","2","","1.0","820.0","1","N","N","N","0","","0","0","2","0","0","N","709","3","2","0","0","0","0","0","2","0","3","0","0","0","3","","","N","","","","","","","","","",""
"2022048828","","1","0","0","0","0","0","0","0","0","4","0","","67","1","2022","2","40.019732","-75.061131","","6","0","0","0","0","0","0","0","0","","0","0","0","23","3","1","","1","0","40 01:11.035","","0","75 03:40.071","8","0","0","0","67301","0","0","0","N","0","0","0","2","00000","0","","1.0","","1","N","N","N","0","","0","0","1","3","3","","2345","2","1","0","0","0","1","0","2","0","2","0","0","0","3","","","N","","","","","","","","","",""
"2022055684","1407","1","0","0","0","0","0","0","0","0","4","1","","67","3","2022","5","40.017029","-75.171665","1407","6","0","0","0","0","0","0","0","0","","0","1","0","13","1","1","N","0","0","40 01:01.305","","0","75 10:17.993","8","0","0","0","67301","0","0","0","N","0","0","0","2","67301","0","","1.0","","99","N","N","N","0","","0","0","0","0","0","","1315","2","1","0","0","0","1","0","2","0","2","0","0","0","99","","","N","","","","","","","","","",""
"2022040458","1929","2","0","0","0","0","0","0","0","0","1","0","","67","4","2022","1","39.959985","-75.178698","1806","6","0","0","0","0","0","1","0","0","","0","0","0","17","1","2","N","0","1","39 57:35.945","4","0","75 10:43.311","8","0","0","0","67301","0","0","0","N","0","0","0","9","68K01","0","","1.0","1830.0","1","N","N","N","1","","0","0","0","0","0","N","1745","3","2","0","0","0","2","0","2","0","3","0","0","0","3","03","","N","","","","","","","","","",""
"2022053628","0611","1","0","0","0","0","0","0","0","0","1","0","","67","4","2022","3","40.021658","-75.039421","0603","6","0","0","0","0","0","1","0","0","","0","0","0","5","1","11","N","0","1","40 01:17.967","1","0","75 02:21.916","8","0","0","0","67301","0","0","0","N","0","0","0","11","68K01","0","","1.0","706.0","9","N","N","N","0","","0","0","1","0","0","N","556","3","11","0","0","0","11","0","2","1","3","0","0","0","3","","","N","","","","","","","","","",""
"2022021382","2345","1","0","0","0","0","0","0","0","0","7","0","","67","2","2022","3","39.960407","-75.181158","2338","6","0","0","0","0","0","0","0","0","","0","0","0","23","3","0","","7","2","39 57:37.466","4","8","75 10:52.167","0","0","0","0","67301","0","0","0","N","0","0","0","2","68K01","0","","7.0","15.0","1","N","N","N","0","","0","0","0","0","0","Y","2333","1","0","0","0","0","0","0","2","0","1","0","0","0","3","03","","N","","","","","","","","","",""
"2022030048","1640","3","0","0","0","0","0","0","0","0","3","0","","67","3","2022","6","40.024386","-75.219775","1632","6","0","0","0","0","0","0","0","1","","0","0","0","16","1","0","N","0","0","40 01:27.790","","7","75 13:11.190","0","0","0","0","67301","0","0","0","N","0","0","0","3","67301","0","","1.0","","1","N","N","N","0","","0","0","0","0","0","","1610","3","0","0","0","0","0","0","2","0","3","0","0","0","3","03","","N","","","","","","","","","",""
"2022048197","1145","0","0","0","0","0","0","0","0","0","5","1","","67","5","2022","6","40.040278","-75.006114","1136","6","0","0","0","0","0","1","0","1","","0","1","0","11","1","0","N","0","1","40 02:25.001","2","0","75 00:22.009","0","0","0","0","67301","0","0","0","N","0","0","0","2","68K01","0","","1.0","1200.0","8","N","N","N","0","","0","0","1","0","0","N","1130","2","0","0","0","0","0","0","2","0","2","0","0","0","7","04","","N","","","","","","","","","",""
"2022032889","1210","0","0","0","0","0","0","0","0","0","1","0","","67","4","2022","3","40.057125","-75.172672","1208","6","0","0","0","0","0","0","0","0","","0","0","0","11","1","0","N","0","0","40 03:25.650","","0","75 10:21.620","0","0","0","0","67301","0","0","0","N","0","0","0","1","67301","0","","6.0","","1","N","N","N","0","","0","0","2","0","0","","1100","2","0","0","0","0","0","0","2","0","2","0","0","0","4","04","","N","","","","","","","","","",""
"2022023740","2030","0","0","0","0","0","0","0","0","0","4","0","","67","3","2022","7","39.917658","-75.229613","2019","6","0","0","0","0","0","0","0","0","","0","0","0","20","3","1","","1","0","39 55:03.569","","0","75 13:46.605","8","0","0","1","67301","0","0","0","N","0","0","0","2","67301","0","","1.0","","1","N","N","N","1","","0","0","0","3","3","","2013","2","1","1","0","0","1","0","2","0","2","0","0","0","3","03","","N","","","","","","","","","",""
"2022035801","1455","0","0","0","0","0","0","1","0","0","4","1","","67","3","2022","3","40.046964","-75.058761","1445","6","0","0","0","0","0","1","0","0","","0","0","0","14","1","1","N","0","0","40 02:49.071","","7","75 03:31.539","4","0","0","0","67301","0","0","0","N","0","0","0","3","67508","1","","1.0","","1","N","N","N","1","","0","0","0","0","0","","1435","2","1","0","0","0","0","2","2","0","2","0","0","0","3","03","","N","","","","","","","","","",""
"2022050729","1312","1","0","0","0","0","0","0","0","0","4","0","","67","5","2022","1","40.028261","-75.074422","1303","6","0","0","0","0","0","0","0","0","","0","0","0","12","1","0","","1","1","40 01:41.740","1","0","75 04:27.919","9","0","0","0","67301","0","0","0","N","0","0","0","3","67301","0","","1.0","1409.0","1","N","N","N","0","","0","0","1","3","3","N","1250","2","0","0","0","0","0","3","2","0","2","0","0","0","3","03","","N","","","","","","","","","",""
"2022043731","2244","1","0","0","0","0","0","0","0","0","7","0","","67","5","2022","6","39.959959","-75.17848","2238","6","0","0","0","0","0","0","0","0","","0","0","0","22","3","0","N","0","2","39 57:35.853","4","0","75 10:42.529","9","0","0","0","67301","0","0","0","N","0","0","0","1","68K01","0","","2.0","2253.0","9","N","N","N","0","","0","0","0","0","0","Y","2227","1","0","0","0","0","0","1","2","0","1","0","0","0","7","","","N","","","","","","","","","",""
"2022019663","0534","1","0","0","0","0","0","0","0","0","1","0","","67","2","2022","4","40.043734","-75.125962","0529","6","0","0","0","0","0","1","0","0","","0","0","0","5","3","2","","1","0","40 02:37.443","","0","75 07:33.463","3","0","0","0","67301","0","0","0","N","0","0","0","3","67301","0","","1.0","","1","N","N","Y","0","","2","0","1","3","3","","525","3","2","0","0","0","0","0","2","1","3","0","0","0","3","","","N","","","","","","","","","",""
"2022036842","2238","1","0","0","0","0","0","0","0","0","4","0","","67","4","2022","3","39.985547","-75.162945","2235","6","0","0","0","0","0","0","0","0","","0","0","0","22","3","3","","1","1","39 59:07.969","1","0","75 09:46.601","3","0","0","0","67301","0","0","0","N","0","0","0","4","67505","0","","1.0","2255.0","9","N","N","N","0","","3","0","1","3","2","Y","2233","2","3","0","0","0","0","0","2","0","2","0","0","0","7","","","N","","","","","","","","","",""
"2022020910","0030","2","0","0","0","0","0","0","0","0","5","0","","67","2","2022","1","39.979842","-75.133231","0025","6","0","0","0","0","0","1","0","0","","0","0","0","0","3","0","N","0","0","39 58:47.430","","1","75 07:59.630","0","0","0","0","67301","0","0","0","N","0","0","0","1","67301","0","","6.0","","1","N","N","N","0","","0","0","0","0","0","","15","2","0","0","0","0","0","0","2","0","2","0","0","0","3","03","","N","","","","","","","","","",""
"2022024008","1331","1","0","0","0","0","0","0","0","0","1","0","","67","2","2022","2","40.002335","-75.078098","1324","6","0","0","0","0","0","0","0","0","","0","0","0","13","1","2","N","0","1","40 00:08.407","1","3","75 04:41.154","3","0","0","0","67301","0","0","0","N","0","0","0","4","68K01","1","","1.0","1335.0","1","N","N","N","1","","1","0","1","0","0","N","1321","3","2","0","0","0","0","0","2","0","3","0","0","0","3","","","N","","","","","","","","","",""
"2022020657","1959","0","0","0","0","0","0","0","0","0","5","0","","67","2","2022","6","39.929847","-75.155575","1958","6","0","0","0","0","0","0","0","0","","0","0","0","19","3","3","N","0","0","39 55:47.450","","0","75 09:20.070","3","0","0","0","67301","0","0","0","N","0","0","0","3","67301","0","","1.0","","1","N","N","N","0","","3","0","0","0","0","","1956","2","3","0","0","0","0","0","2","2","2","0","0","0","3","","","N","","","","","","","","","",""
"2022029670","1733","1","0","0","0","0","0","0","0","0","8","0","","67","3","2022","7","39.945057","-75.239298","1733","6","0","0","0","0","0","0","0","0","","0","0","0","17","1","4","N","0","0","39 56:42.204","","0","75 14:21.474","3","0","0","0","67301","4","0","0","N","4","0","0","5","67301","0","","1.0","","1","N","N","N","0","","4","0","0","0","0","","1733","5","4","1","0","0","0","0","2","0","1","4","0","0","3","03","","N","","","","","","","","","",""
"2022043994","1615","1","0","0","0","0","0","0","0","0","2","0","","67","5","2022","3","39.99178","-75.186379","1610","6","0","0","0","0","0","0","0","0","","0","0","0","16","1","1","","2","0","39 59:30.408","","0","75 11:10.966","3","0","0","0","67301","0","0","0","N","0","0","0","2","67301","0","","1.0","","1","N","N","N","0","","1","0","1","3","2","","1600","2","1","0","0","0","0","0","2","0","2","0","0","0","3","03","","N","","","","","","","","","",""
"2022029182","1025","1","0","0","0","0","0","0","0","0","4","0","","67","3","2022","2","39.964566","-75.157115","1019","6","0","0","0","0","0","0","0","0","","0","0","0","10","1","0","","1","1","39 57:52.437","2","0","75 09:25.614","0","0","0","0","67301","0","0","0","N","0","0","0","2","67301","0","","1.0","1130.0","1","N","Y","N","0","","0","0","0","3","3","N","1019","2","0","1","0","0","0","0","2","1","2","0","0","0","3","03","","N","","","","","","","","","",""
"2022043966","0112","2","0","0","0","0","0","0","0","0","5","0","","67","3","2022","2","39.960863","-75.244485","0110","6","0","0","0","0","0","0","0","0","","0","0","0","1","3","1","N","0","0","39 57:39.107","","0","75 14:40.147","3","0","0","0","67301","0","0","0","N","0","0","0","1","67301","0","","6.0","","1","N","N","N","0","","1","0","2","0","0","","105","4","1","0","0","0","0","0","2","0","4","0","0","0","3","03","","N","","","","","","","","","",""
"2022029243","1216","1","0","0","0","0","0","0","0","0","5","0","","67","3","2022","2","39.987272","-75.163856","1216","6","0","0","1","0","0","0","0","1","","0","0","0","12","1","1","N","0","0","39 59:14.180","","0","75 09:49.880","4","0","0","0","67301","0","0","0","N","0","0","0","2","67301","1","","1.0","","1","N","N","N","1","","0","0","2","0","0","","1216","4","1","1","0","0","0","0","2","0","4","0","0","0","3","03","","N","","","","","","","","","",""
"2022019583","1315","0","0","0","0","0","0","0","0","0","8","0","","67","2","2022","4","40.0584","-75.189424","1304","6","0","0","0","0","0","0","0","0","","0","0","0","12","1","1","","1","0","40 03:30.240","","0","75 11:21.928","4","0","0","0","67301","1","0","0","N","0","0","0","2","67301","1","","1.0","","1","N","N","N","0","","0","0","1","3","2","","1251","2","1","0","0","0","0","0","2","0","1","1","0","0","3","03","","N","","","","","","","","","",""
"2022014580","0844","1","0","0","0","0","0","0","0","0","4","0","","67","1","2022","3","40.094773","-75.015326","0840","6","0","0","0","0","0","0","0","0","","0","0","0","8","1","4","","1","0","40 05:41.184","","0","75 00:55.174","3","0","0","0","67301","0","0","0","N","0","0","0","4","67301","0","","1.0","","1","N","N","N","0","","4","0","1","3","2","","838","2","4","4","0","0","0","0","2","0","2","0","0","0","3","03","","N","","","","","","","","","",""
"2022012283","1037","1","0","0","0","0","0","0","0","0","7","0","","67","1","2022","5","40.002781","-75.07799","1018","6","0","0","0","0","0","0","0","1","","0","0","0","10","1","1","N","0","1","40 00:10.013","2","3","75 04:40.765","3","0","0","0","67301","0","0","0","N","0","0","0","2","68K01","0","","3.0","1100.0","9","N","N","N","0","","1","0","1","0","0","N","1016","2","1","0","0","0","0","0","2","0","2","0","0","0","6","10","","N","","","","","","","","","",""
"2022014761","2210","2","0","0","0","0","0","0","0","0","1","0","","67","1","2022","2","39.947951","-75.198855","2200","6","0","0","0","0","0","0","0","0","","0","0","0","21","3","1","Y","0","1","39 56:52.622","2","0","75 11:55.877","4","0","0","0","67301","0","0","0","N","0","0","0","3","67301","1","","1.0","45.0","1","N","N","Y","0","","0","0","1","3","2","N","2150","3","1","0","0","0","0","2","2","0","3","0","0","0","3","","","N","","","","","","","","","",""
"2022014636","2325","2","0","0","0","0","0","0","0","0","4","0","","67","1","2022","6","39.928019","-75.219299","2324","6","0","0","0","0","0","1","0","0","","0","0","0","23","3","1","","1","0","39 55:40.869","","0","75 13:09.477","3","0","0","0","67301","0","0","0","N","0","0","0","5","67301","0","","1.0","","1","N","N","N","0","","1","0","1","3","2","","2324","3","1","0","0","0","0","0","2","0","3","0","0","0","3","03","","N","","","","","","","","","",""
"2022004174","0330","1","0","0","0","0","0","0","0","0","6","0","","67","1","2022","2","40.0484","-75.069628","0328","6","0","0","0","0","0","0","0","0","","0","0","0","3","3","0","N","0","0","40 02:54.240","","0","75 04:10.660","0","0","0","0","67301","0","0","0","N","0","0","0","1","67301","0","","6.0","","1","N","N","N","0","","0","0","1","0","0","","318","2","0","0","0","0","0","0","2","0","2","0","0","0","3","03","","N","","","","","","","","","",""
"2022037161","","0","0","0","0","0","0","0","0","0","1","0","","67","1","2022","7","40.005699","-75.100387","","6","0","0","0","0","0","1","0","0","","0","0","0","12","1","1","N","0","0","40 00:20.515","","0","75 06:01.394","8","0","0","0","67301","0","0","0","N","0","0","0","3","00000","0","","1.0","","7","N","N","N","1","","0","0","1","0","0","","1230","2","1","0","0","0","1","2","2","0","2","0","0","0","10","","","N","","","","","","","","","",""
"2022032850","0955","3","0","0","0","0","0","0","0","0","5","0","","67","4","2022","1","39.919583","-75.1645","0950","6","0","0","0","0","0","0","0","0","","0","0","0","9","1","0","N","0","0","39 55:10.500","","0","75 09:52.200","0","0","0","0","67301","0","0","0","N","0","0","0","1","67301","0","","6.0","","9","N","N","Y","0","","0","0","1","0","0","","940","4","0","1","0","0","0","0","2","0","4","0","0","0","7","","","N","","","","","","","","","",""
"2022014532","0435","2","0","0","0","0","0","0","0","0","4","0","","67","1","2022","7","40.059533","-75.084578","0406","6","0","0","0","0","0","0","0","0","","0","0","0","4","3","2","N","0","0","40 03:34.317","","7","75 05:04.482","3","0","0","0","67301","0","0","0","N","0","0","0","2","67301","0","","1.0","","1","N","N","N","0","","2","0","1","0","0","","400","3","2","0","0","0","0","0","2","0","3","0","0","0","3","","","N","","","","","","","","","",""
"2022010902","2050","1","0","0","0","0","0","0","0","0","6","0","","67","1","2022","3","39.99835","-75.19081","2044","6","0","0","0","0","1","0","0","0","","0","0","0","20","2","0","N","0","1","39 59:54.060","5","0","75 11:26.916","0","0","0","0","67301","0","0","0","N","0","0","0","2","67301","0","","1.0","2125.0","2","N","N","N","0","","0","0","0","0","0","N","2030","2","0","0","0","0","0","0","2","1","2","0","0","0","3","03","","N","","","","","","","","","",""
"2022043963","1600","0","0","0","0","0","0","1","0","0","5","1","","67","5","2022","4","39.938897","-75.195019","1421","6","0","0","0","0","0","1","0","0","","0","0","0","14","1","0","N","0","0","39 56:20.030","","0","75 11:42.070","0","0","0","0","67301","0","0","0","N","0","0","0","3","67301","0","","1.0","","1","N","N","Y","0","","0","0","1","0","0","","1420","2","0","0","0","0","0","0","2","0","2","0","0","0","3","","","N","","","","","","","","","",""