"CRN","ARRIVAL_TM","AUTOMOBILE_COUNT","BELTED_DEATH_COUNT","BELTED_SUSP_SERIOUS_INJ_COUNT","BICYCLE_COUNT","BICYCLE_DEATH_COUNT","BICYCLE_SUSP_SERIOUS_INJ_COUNT","BUS_COUNT","CHLDPAS_DEATH_COUNT","CHLDPAS_SUSP_SERIOUS_INJ_COUNT","COLLISION_TYPE","COMM_VEH_COUNT","CONS_ZONE_SPD_LIM","COUNTY","CRASH_MONTH","CRASH_YEAR","DAY_OF_WEEK","DEC_LATITUDE","DEC_LONGITUDE","DISPATCH_TM","DISTRICT","DRIVER_COUNT_16YR","DRIVER_COUNT_17YR","DRIVER_COUNT_18YR","DRIVER_COUNT_19YR","DRIVER_COUNT_20YR","DRIVER_COUNT_50_64YR","DRIVER_COUNT_65_74YR","DRIVER_COUNT_75PLUS","EST_HRS_CLOSED","FATAL_COUNT","HEAVY_TRUCK_COUNT","HORSE_BUGGY_COUNT","HOUR_OF_DAY","ILLUMINATION","INJURY_COUNT","INTERSECTION_RELATED","INTERSECT_TYPE","LANE_CLOSED","LATITUDE","LN_CLOSE_DIR","LOCATION_TYPE","LONGITUDE","MAX_SEVERITY_LEVEL","MCYCLE_DEATH_COUNT","MCYCLE_SUSP_SERIOUS_INJ_COUNT","MOTORCYCLE_COUNT","MUNICIPALITY","NONMOTR_COUNT","NONMOTR_DEATH_COUNT","NONMOTR_SUSP_SERIOUS_INJ_COUNT","NTFY_HIWY_MAINT","PED_COUNT","PED_DEATH_COUNT","PED_SUSP_SERIOUS_INJ_COUNT","PERSON_COUNT","POLICE_AGCY","POSSIBLE_INJ_COUNT","RDWY_SURF_TYPE_CD","RELATION_TO_ROAD","ROADWAY_CLEARED","ROAD_CONDITION","SCH_BUS_IND","SCH_ZONE_IND","SECONDARY_CRASH","SMALL_TRUCK_COUNT","SPEC_JURIS_CD","SUSP_MINOR_INJ_COUNT","SUSP_SERIOUS_INJ_COUNT","SUV_COUNT","TCD_FUNC_CD","TCD_TYPE","TFC_DETOUR_IND","TIME_OF_DAY","TOTAL_UNITS","TOT_INJ_COUNT","UNBELTED_OCC_COUNT","UNB_DEATH_COUNT","UNB_SUSP_SERIOUS_INJ_COUNT","UNK_INJ_DEG_COUNT","UNK_INJ_PER_COUNT","URBAN_RURAL","VAN_COUNT","VEHICLE_COUNT","VULNERABLE_ROAD_USER_COUNT","VULNERABLE_ROAD_USER_DEATH_COUNT","VULNERABLE_ROAD_USER_SER_INJ_COUNT","WEATHER1","WEATHER2","WORKERS_PRES","WORK_ZONE_IND","WORK_ZONE_LOC","WORK_ZONE_TYPE","WZ_CLOSE_DETOUR","WZ_FLAGGER","WZ_LAW_OFFCR_IND","WZ_LN_CLOSURE","WZ_MOVING","WZ_OTHER","WZ_SHLDER_MDN","WZ_WORKERS_INJ_KILLED"
"2022029201","1847","2","0","0","0","0","0","0","0","0","4","0","","67","3","2022","6","39.923882","-75.245331","1845","6","0","0","0","0","1","0","0","0","","0","0","0","18","4","0","","1","0","39 55:25.975","","0","75 14:43.191","0","0","0","0","67301","0","0","0","N","0","0","0","2","67301","0","","1.0","","1","N","N","N","0","","0","0","0","3","3","","1825","2","0","0","0","0","0","0","2","0","2","0","0","0","3","03","","N","","","","","","","","","",""
"2022019617","2247","2","0","0","0","0","0","0","0","0","5","0","","67","2","2022","6","39.937106","-75.176994","2240","6","0","0","0","0","0","0","0","0","","0","0","0","22","3","2","N","0","2","39 56:13.580","2","0","75 10:37.180","3","0","0","0","67301","0","0","0","N","0","0","0","3","67301","0","","6.0","2337.0","1","N","N","N","0","","2","0","1","0","0","N","2240","4","2","0","0","0","0","0","2","1","4","0","0","0","3","","","N","","","","","","","","","",""
"2022021825","0235","0","0","0","0","0","0","0","0","0","4","0","","67","3","2022","3","40.026801","-75.097355","0228","6","0","0","0","0","0","1","0","0","","0","0","0","2","3","1","","1","0","40 01:36.484","","0","75 05:50.479","8","0","0","0","67301","0","0","0","N","0","0","0","2","67301","0","","1.0","","1","N","N","N","0","","0","0","1","2","2","","200","2","1","0","0","0","1","1","2","1","2","0","0","0","3","04","","N","","","","","","","","","",""
"2022016177","1225","2","0","0","0","0","0","0","0","0","1","0","","67","2","2022","5","40.019019","-75.147199","1225","6","0","0","0","0","0","1","0","0","","0","0","0","7","1","3","","1","0","40 01:08.467","","0","75 08:49.916","4","0","0","0","67301","0","0","0","N","0","0","0","4","67301","3","","1.0","","99","N","N","N","0","","0","0","1","3","2","","700","3","3","4","0","0","0","1","2","0","3","0","0","0","99","","","N","","","","","","","","","",""
"2022032916","1747","1","0","0","0","0","0","0","0","0","6","0","","67","4","2022","2","39.995008","-75.18565","1745","6","0","0","0","0","0","0","0","0","","0","0","0","17","1","0","N","0","0","39 59:42.030","","0","75 11:08.340","0","0","0","0","67301","0","0","0","N","0","0","0","1","67301","0","","6.0","","1","N","N","N","0","","0","0","1","0","0","","1745","2","0","1","0","0","0","0","2","0","2","0","0","0","3","03","","N","","","","","","","","","",""
"2022049750","1751","1","0","0","0","0","0","0","0","0","4","0","","67","5","2022","6","39.974744","-75.138429","1751","6","0","0","0","0","0","0","1","0","","0","0","0","8","1","0","","1","9","39 58:29.078","","0","75 08:18.344","9","0","0","0","67301","0","0","0","N","0","0","0","2","67301","0","","1.0","","1","N","N","N","0","","0","0","1","3","2","","830","2","0","0","0","0","0","1","2","0","2","0","0","0","4","","","N","","","","","","","","","",""
"2022044724","1618","1","0","0","0","0","0","1","0","0","4","1","","67","5","2022","4","39.914008","-75.149937","1618","6","0","0","0","0","0","1","0","0","","0","0","0","16","1","2","","1","0","39 54:50.430","","0","75 08:59.773","3","0","0","0","67301","0","0","0","N","0","0","0","2","67301","0","","1.0","","1","N","N","N","0","","2","0","0","3","2","","1610","2","2","0","0","0","0","0","2","0","2","0","0","0","4","04","","N","","","","","","","","","",""
"2022044062","1700","1","0","0","0","0","0","0","0","0","4","0","","67","4","2022","6","39.973137","-75.148382","1700","6","0","0","0","0","0","0","0","0","","0","0","0","6","1","1","","1","0","39 58:23.293","","0","75 08:54.175","8","0","0","0","67301","0","0","0","N","0","0","0","2","67301","0","","1.0","","1","N","N","Y","0","","0","0","2","0","0","","645","3","1","0","0","0","1","0","2","0","3","0","0","0","3","03","","N","","","","","","","","","",""
"2022025295","2155","2","0","0","0","0","0","0","0","0","5","0","","67","3","2022","5","40.016183","-75.147183","2144","6","0","0","0","0","0","0","0","0","","0","0","0","21","3","2","N","0","0","40 00:58.260","","0","75 08:49.860","3","0","0","0","67301","0","0","0","N","0","0","0","4","67301","0","","6.0","","1","N","N","N","0","","2","0","1","0","0","","2136","3","2","0","0","0","0","0","2","0","3","0","0","0","3","","","N","","","","","","","","","",""
"2022052137","0302","2","0","0","0","0","0","0","0","0","5","0","","67","6","2022","1","40.037175","-75.166142","0300","6","0","0","0","0","0","0","0","0","","0","0","0","2","3","1","N","0","0","40 02:13.830","","0","75 09:58.110","3","0","0","0","67301","0","0","0","N","0","0","0","1","67301","0","","1.0","","1","N","N","N","1","","1","0","3","0","0","","220","6","1","1","0","0","0","0","2","0","6","0","0","0","3","","","N","","","","","","","","","",""
"2022023597","0408","2","0","0","0","0","0","0","0","0","1","0","","67","3","2022","1","39.963284","-75.139161","0357","6","0","0","0","0","0","0","0","0","","0","0","0","3","3","2","N","0","2","39 57:47.822","2","0","75 08:20.980","8","0","0","0","67301","0","0","0","N","0","0","0","2","68K01","0","","1.0","359.0","1","N","N","Y","0","","0","0","0","0","0","N","357","2","2","0","0","0","2","0","2","0","2","0","0","0","3","","","N","","","","","","","","","",""
"2022043838","1711","0","0","0","0","0","0","0","0","0","8","0","","67","4","2022","5","40.111198","-75.024348","1656","6","0","0","0","0","0","0","0","0","","0","0","0","16","1","1","","1","0","40 06:40.311","","0","75 01:27.652","8","0","0","0","67301","1","0","0","N","0","0","0","2","67301","0","","1.0","","1","N","N","N","0","","0","0","1","3","2","","1650","2","1","0","0","0","1","0","2","0","1","1","0","0","3","","","N","","","","","","","","","",""
"2022046599","0123","1","0","0","0","0","0","0","0","0","7","0","","67","4","2022","3","39.878769","-75.249986","0114","6","0","0","0","0","0","0","0","0","","0","0","0","1","3","0","N","0","1","39 52:43.567","1","0","75 14:59.950","0","0","0","0","67301","0","0","0","Y","0","0","0","1","68K01","0","","2.0","200.0","9","N","N","N","0","","0","0","0","0","0","N","113","1","0","0","0","0","0","0","2","0","1","0","0","0","7","","","N","","","","","","","","","",""
"2022021497","1635","3","0","0","0","0","0","0","0","0","4","0","","67","2","2022","2","40.071476","-75.169018","1622","6","0","0","0","1","0","1","0","0","","0","0","0","15","1","1","","1","0","40 04:17.313","","0","75 10:08.464","3","0","0","0","67301","0","0","0","N","0","0","0","2","67301","0","","1.0","","1","N","N","N","0","","1","0","0","3","3","","1535","3","1","0","0","0","0","0","2","0","3","0","0","0","3","","","N","","","","","","","","","",""
"2022019576","0842","1","0","0","0","0","0","0","0","0","4","0","","67","2","2022","5","39.950318","-75.177456","0842","6","0","0","0","0","0","1","0","0","","0","0","0","8","1","0","","2","0","39 57:01.143","","0","75 10:38.840","0","0","0","0","67301","0","0","0","N","0","0","0","3","67301","0","","1.0","","1","N","N","Y","0","","0","0","2","0","0","","842","4","0","0","0","0","0","0","2","0","4","0","0","0","4","04","","N","","","","","","","","","",""
"2022023710","2121","2","0","0","0","0","0","0","0","0","4","0","","67","3","2022","7","40.036904","-75.079806","2106","6","0","0","0","0","0","0","0","1","","0","0","0","21","3","1","","1","0","40 02:12.854","","0","75 04:47.301","3","0","0","0","67301","0","0","0","N","0","0","0","2","67301","0","","1.0","","1","N","N","N","0","","1","0","0","3","2","","2104","2","1","0","0","0","0","0","2","0","2","0","0","0","3","","","N","","","","","","","","","",""
"2022020791","1210","0","0","0","0","0","0","0","0","0","8","0","","67","2","2022","7","39.987754","-75.182046","1203","6","0","0","0","0","0","1","0","0","","0","0","0","12","1","1","N","0","0","39 59:15.914","","0","75 10:55.366","3","0","0","0","67301","1","0","0","N","1","0","0","2","67301","0","","1.0","","1","N","N","N","0","","1","0","1","0","0","","1202","2","1","0","0","0","0","0","2","0","1","1","0","0","3","03","","N","","","","","","","","","",""
"2022043677","1258","2","0","0","0","0","0","0","0","0","1","1","","67","4","2022","2","40.021928","-75.039464","1240","6","0","0","0","0","0","1","0","0","","0","1","0","12","1","0","N","0","0","40 01:18.942","","0","75 02:22.071","9","0","0","0","67301","0","0","0","N","0","0","0","4","68K01","0","","1.0","","1","N","N","N","0","","0","0","1","0","0","","1237","4","0","0","0","0","0","1","2","0","4","0","0","0","3","","","N","","","","","","","","","",""
"2022016858","0717","0","0","0","0","0","0","0","0","0","8","0","","67","2","2022","3","39.939051","-75.176312","0717","6","0","0","0","0","0","0","0","0","","0","0","0","6","3","1","","1","0","39 56:20.584","","0","75 10:34.724","3","0","0","0","67301","1","0","0","N","1","0","0","2","67301","0","","1.0","","1","N","N","N","1","","1","0","0","3","2","","617","2","1","0","0","0","0","0","2","0","1","1","0","0","3","03","","N","","","","","","","","","",""
"2022040466","1847","1","0","0","0","0","0","0","0","0","1","0","","67","4","2022","5","39.887746","-75.203818","1835","6","0","0","0","0","0","1","0","0","","0","0","0","18","1","1","N","0","0","39 53:15.886","","0","75 12:13.743","8","0","0","0","67301","0","0","0","N","0","0","0","4","68K01","0","","1.0","","1","N","N","N","1","","0","0","1","0","0","","1832","3","1","0","0","0","1","1","2","0","3","0","0","0","3","03","","N","","","","","","","","","",""
"2022015809","2339","1","0","0","0","0","0","0","0","0","4","0","","67","2","2022","3","40.020026","-75.13727","2339","6","0","0","0","0","0","1","0","0","","0","0","0","23","3","0","","2","0","40 01:12.095","","0","75 08:14.172","0","0","0","0","67301","0","0","0","N","0","0","0","2","67301","0","","1.0","","1","N","N","N","0","","0","0","1","3","3","","2328","2","0","0","0","0","0","0","2","0","2","0","0","0","3","03","","N","","","","","","","","","",""
"2022043804","2350","2","0","0","0","0","0","0","0","0","5","0","","67","5","2022","2","40.044575","-75.076397","2348","6","0","0","0","0","0","0","0","0","","0","0","0","22","3","0","N","0","0","40 02:40.470","","0","75 04:35.030","0","0","0","0","67301","0","0","0","N","0","0","0","1","67301","0","","6.0","","1","N","N","N","0","","0","0","1","0","0","","2252","3","0","0","0","0","0","0","2","0","3","0","0","0","3","","","N","","","","","","","","","",""
"2022043883","1737","1","0","0","0","0","0","0","0","0","8","0","","67","5","2022","2","39.919481","-75.231842","1733","6","0","0","0","0","0","0","0","0","","0","0","0","17","1","1","N","0","0","39 55:10.130","","0","75 13:54.630","3","0","0","0","67301","1","0","0","N","1","0","0","2","67301","0","","1.0","","1","N","N","N","0","","1","0","0","0","0","","1731","2","1","0","0","0","0","0","2","0","1","1","0","0","3","03","","N","","","","","","","","","",""
"2022019569","1621","1","0","0","0","0","0","0","0","0","4","0","","67","2","2022","1","40.056616","-75.029043","1611","6","0","0","0","0","0","1","0","0","","0","0","0","16","1","1","","1","0","40 03:23.816","","0","75 01:44.553","3","0","0","0","67301","0","0","0","N","0","0","0","2","67301","0","","1.0","","1","N","N","N","1","","1","0","0","3","2","","1608","2","1","0","0","0","0","0","2","0","2","0","0","0","3","","","N","","","","","","","","","",""
"2022043958","1600","0","0","0","0","0","0","0","0","0","1","0","","67","5","2022","1","39.937869","-75.166816","1600","6","0","0","0","0","0","1","0","0","","0","0","0","13","1","1","","1","0","39 56:16.329","","0","75 10:00.536","3","0","0","0","67301","0","0","0","N","0","0","0","2","67301","0","","1.0","","99","N","N","N","0","","1","0","2","3","2","","1315","2","1","0","0","0","0","0","2","0","2","0","0","0","3","","","N","","","","","","","","","",""
"2022021519","1918","1","0","0","0","0","0","0","0","0","4","0","","67","2","2022","1","40.019228","-75.044921","1911","6","0","0","0","0","0","1","0","0","","0","0","0","19","3","2","","2","2","40 01:09.219","2","0","75 02:41.715","3","0","0","0","67301","0","0","0","N","0","0","0","2","67301","0","","1.0","2015.0","1","N","N","N","0","","2","0","1","3","2","Y","1910","2","2","0","0","0","0","0","2","0","2","0","0","0","3","03","","N","","","","","","","","","",""
"2022029719","1838","1","0","0","0","0","0","0","0","0","5","0","","67","3","2022","2","40.021864","-75.126881","1834","6","0","0","0","0","0","0","0","0","","0","0","0","17","1","0","N","0","1","40 01:18.710","4","0","75 07:36.770","0","0","0","0","67301","0","0","0","N","0","0","0","2","67301","0","","1.0","1920.0","1","N","N","N","0","","0","0","1","0","0","N","1748","2","0","2","0","0","0","0","2","0","2","0","0","0","3","03","","N","","","","","","","","","",""
"2022050521","0426","0","0","0","0","0","0","0","0","0","4","0","","67","5","2022","3","39.915997","-75.164524","0423","6","0","0","0","0","0","0","0","0","","0","0","0","4","3","1","","1","1","39 54:57.588","4","0","75 09:52.288","3","0","0","0","67301","0","0","0","N","0","0","0","1","67301","0","","1.0","440.0","1","N","N","N","0","","1","0","1","3","2","Y","415","2","1","0","0","0","0","0","2","0","2","0","0","0","3","03","","N","","","","","","","","","",""
"2022029211","2300","0","0","0","0","0","0","0","0","0","4","0","","67","3","2022","3","40.058592","-75.152742","2300","6","0","0","0","0","0","0","0","0","","0","0","0","22","3","0","","5","0","40 03:30.931","","0","75 09:09.871","0","0","0","0","67301","0","0","0","N","0","0","0","2","67301","0","","1.0","","1","N","N","N","0","","0","0","2","3","2","","2200","2","0","0","0","0","0","0","2","0","2","0","0","0","3","03","","N","","","","","","","","","",""
"2022019849","1645","1","0","0","0","0","0","0","0","0","5","0","","67","2","2022","3","39.952508","-75.209267","1636","6","0","0","0","0","0","0","0","0","","0","0","0","16","1","0","","1","0","39 57:09.028","","0","75 12:33.361","0","0","0","0","67301","0","0","0","N","0","0","0","2","67301","0","","1.0","","9","N","N","N","0","","0","0","1","3","2","","1635","2","0","1","0","0","0","0","2","0","2","0","0","0","7","","","N","","","","","","","","","",""
"2022023767","0210","0","0","0","0","0","0","0","0","0","5","0","","67","1","2022","4","39.991975","-75.173247","0156","6","0","0","0","0","0","0","0","0","","0","0","0","1","3","0","N","0","0","39 59:31.110","","0","75 10:23.690","9","0","0","0","67301","0","0","0","N","0","0","0","1","67301","0","","6.0","","1","N","N","N","0","","0","0","0","0","0","","106","2","0","0","0","0","0","1","2","1","2","0","0","0","3","03","","N","","","","","","","","","",""
"2022016140","2257","2","0","0","0","0","0","0","0","0","5","0","","67","2","2022","7","39.959987","-75.237363","2256","6","0","0","0","0","0","0","0","0","","0","0","0","22","3","1","N","0","0","39 57:35.953","","0","75 14:14.508","3","0","0","0","67301","0","0","0","N","0","0","0","2","67301","0","","1.0","","1","N","N","N","0","","1","0","0","0","0","","2245","2","1","0","0","0","0","0","2","0","2","0","0","0","3","","","N","","","","","","","","","",""
"2022047206","0545","1","0","0","0","0","0","0","0","0","4","0","","67","4","2022","5","39.992999","-75.134514","0530","6","0","0","0","0","0","0","1","0","","0","0","0","4","3","1","","1","0","39 59:34.796","","0","75 08:04.250","3","0","0","0","67301","0","0","0","N","0","0","0","2","67301","0","","1.0","","1","N","N","N","0","","1","0","1","3","2","","436","2","1","0","0","0","0","1","2","0","2","0","0","0","3","","","N","","","","","","","","","",""
"2022019588","0039","1","0","0","0","0","0","0","0","0","4","0","","67","1","2022","6","40.029898","-75.087801","0035","6","0","0","0","0","0","0","0","0","","0","0","0","0","3","2","","1","0","40 01:47.633","","0","75 05:16.085","3","0","0","0","67301","0","0","0","N","0","0","0","2","67301","1","","1.0","","1","N","N","Y","0","","1","0","1","3","2","","30","2","2","0","0","0","0","0","2","0","2","0","0","0","3","03","","N","","","","","","","","","",""
"2022004175","1516","1","0","0","0","0","0","0","0","0","5","0","","67","1","2022","3","40.052208","-75.050993","1454","6","0","0","0","0","0","2","0","0","","0","0","0","14","1","1","Y","0","1","40 03:07.950","2","0","75 03:03.576","3","0","0","0","67301","0","0","0","N","0","0","0","6","67301","0","","1.0","1545.0","1","N","N","N","0","","1","0","2","3","2","N","1451","4","1","0","0","0","0","0","2","1","4","0","0","0","3","03","","N","","","","","","","","","",""
"2022014880","0845","1","0","0","0","0","0","0","0","0","7","0","","67","1","2022","7","40.002128","-75.157054","0840","6","0","0","0","0","0","0","0","0","","0","0","0","8","1","1","N","0","0","40 00:07.660","","0","75 09:25.396","3","0","0","0","67301","0","0","0","N","0","0","0","1","67301","0","","4.0","","1","N","N","N","0","","1","0","0","0","0","","835","1","1","1","0","0","0","0","2","0","1","0","0","0","3","03","","N","","","","","","","","","",""
"2022030603","0220","2","0","0","0","0","0","0","0","0","5","0","","67","3","2022","1","39.951988","-75.141181","0211","6","0","0","0","0","1","0","0","0","","0","0","0","2","3","0","N","0","1","39 57:07.158","1","2","75 08:28.252","0","0","0","0","67301","0","0","0","N","0","0","0","1","68K01","0","","1.0","245.0","1","N","N","N","0","","0","0","0","0","0","N","208","2","0","0","0","0","0","0","2","0","2","0","0","0","3","03","","N","","","","","","","","","",""
"2022019670","1402","0","0","0","0","0","0","0","0","0","4","0","","67","2","2022","3","40.052978","-75.136681","1357","6","0","0","0","0","0","1","0","0","","0","0","0","11","1","1","","1","0","40 03:10.720","","0","75 08:12.051","3","0","0","0","67301","0","0","0","N","0","0","0","2","67301","0","","1.0","","9","N","N","N","0","","1","0","2","3","2","","1115","2","1","0","0","0","0","0","2","0","2","0","0","0","7","","","N","","","","","","","","","",""
"2022030093","0125","1","0","0","0","0","0","0","0","0","4","0","","67","3","2022","1","40.045586","-75.150083","0118","6","0","0","0","0","0","0","0","0","","0","0","0","1","3","4","N","0","2","40 02:44.110","5","0","75 09:00.300","2","0","0","0","67301","0","0","0","N","0","0","0","4","67301","0","","1.0","530.0","1","N","N","N","0","","2","2","1","0","0","Y","114","2","4","0","0","0","0","0","2","0","2","0","0","0","3","03","","N","","","","","","","","","",""
"2022027314","0856","4","0","0","0","0","0","0","0","0","1","0","","67","3","2022","6","39.979153","-75.203764","0855","6","0","0","0","0","0","1","0","0","","0","0","0","8","1","2","N","0","1","39 58:44.950","3","0","75 12:13.550","3","0","0","0","67301","0","0","0","N","0","0","0","6","68K01","0","","1.0","907.0","1","N","N","N","0","","1","0","1","0","0","N","854","5","2","0","0","0","1","0","2","0","5","0","0","0","3","","","N","","","","","","","","","",""
"2022014849","0826","1","0","0","0","0","0","0","0","0","4","0","","67","1","2022","7","40.044269","-75.142395","0826","6","0","0","0","0","0","0","1","0","","0","0","0","20","3","1","","1","0","40 02:39.368","","0","75 08:32.621","8","0","0","0","67301","0","0","0","N","0","0","0","2","67301","0","","1.0","","1","N","N","N","0","","0","0","1","3","3","","2000","3","1","0","0","0","1","1","2","0","3","0","0","0","3","03","","N","","","","","","","","","",""
"2022014879","0234","0","0","0","0","0","0","0","0","0","5","0","","67","1","2022","7","40.010929","-75.177934","0224","6","0","0","0","0","0","0","0","0","","0","0","0","2","3","1","N","0","0","40 00:39.344","","7","75 10:40.564","3","0","0","0","67301","0","0","0","N","0","0","0","2","67301","0","","1.0","","1","N","N","N","0","","1","0","2","3","1","","202","2","1","1","0","0","0","1","2","0","2","0","0","0","3","03","","N","","","","","","","","","",""
"2022005420","1142","1","0","0","0","0","0","0","0","0","1","0","","67","1","2022","6","39.945071","-75.190784","1134","6","0","0","0","0","0","0","1","0","","0","0","0","11","1","3","N","0","1","39 56:42.254","4","3","75 11:26.821","3","0","0","0","67301","0","0","0","N","0","0","0","4","68K01","0","","1.0","1145.0","1","N","N","N","0","","3","0","0","0","0","N","1133","2","3","1","0","0","0","0","2","1","2","0","0","0","3","","","N","","","","","","","","","",""
"2022014710","2001","1","0","0","0","0","0","0","0","0","4","0","","67","1","2022","7","40.032077","-75.081228","1927","6","0","0","0","0","0","0","0","0","","0","0","0","19","3","0","","1","0","40 01:55.477","","0","75 04:52.420","9","0","0","0","67301","0","0","0","N","0","0","0","3","67301","0","","1.0","","1","N","N","N","0","","0","0","2","3","3","","1925","4","0","1","0","0","0","1","2","1","4","0","0","0","3","","","N","","","","","","","","","",""
"2022014752","0804","2","0","0","0","0","0","0","0","0","5","0","","67","1","2022","1","39.931025","-75.192064","0804","6","0","0","0","0","0","0","0","0","","0","0","0","7","1","0","N","0","0","39 55:51.690","","0","75 11:31.430","0","0","0","0","67301","0","0","0","N","0","0","0","1","67301","0","","6.0","","1","N","N","N","0","","0","0","0","0","0","","722","2","0","0","0","0","0","0","2","0","2","0","0","0","3","03","","N","","","","","","","","","",""
"2022014538","0015","0","0","0","0","0","0","0","0","0","1","0","","67","1","2022","7","40.043583","-75.078667","0008","6","0","0","0","0","0","0","0","0","","0","0","0","0","3","1","N","0","0","40 02:36.900","","0","75 04:43.200","3","0","0","0","67301","0","0","0","N","0","0","0","1","67301","0","","6.0","","1","N","N","N","0","","1","0","2","0","0","","4","2","1","0","0","0","0","0","2","0","2","0","0","0","3","03","","N","","","","","","","","","",""
"2022014552","1045","2","0","0","0","0","0","0","0","0","4","0","","67","1","2022","6","39.911708","-75.172371","1045","6","0","0","0","0","0","0","0","0","","0","0","0","22","6","0","","1","0","39 54:42.148","","0","75 10:20.534","9","0","0","0","67301","0","0","0","N","0","0","0","2","67301","0","","1.0","","1","N","N","N","0","","0","0","0","9","2","","2215","2","0","1","0","0","0","1","2","0","2","0","0","0","3","03","","N","","","","","","","","","",""
"2022025077","0135","1","0","0","0","0","0","0","0","0","4","0","","67","1","2022","2","39.986343","-75.180236","0132","6","0","0","0","0","0","0","0","0","","0","0","0","1","3","1","","1","0","39 59:10.834","","0","75 10:48.850","3","0","0","0","67301","0","0","0","N","0","0","0","2","67301","0","","1.0","","9","N","N","N","0","","1","0","1","3","2","","126","2","1","2","0","0","0","0","2","0","2","0","0","0","4","07","","N","","","","","","","","","",""
"2022014845","1745","3","0","0","0","0","0","0","0","0","4","0","","67","1","2022","6","40.041499","-75.158367","1740","6","0","0","0","0","0","1","0","1","","0","0","0","17","3","2","","5","0","40 02:29.398","","0","75 09:30.121","3","0","0","0","67301","0","0","0","N","0","0","0","5","67301","0","","1.0","","1","N","N","N","0","","2","0","1","3","1","","1730","4","2","0","0","0","0","0","2","0","4","0","0","0","3","03","","N","","","","","","","","","",""
"2022044055","2136","0","0","0","0","0","0","0","0","0","1","1","","67","5","2022","2","40.025616","-75.121508","2131","6","0","0","0","0","0","0","0","0","","0","1","0","21","3","3","","2","2","40 01:32.217","3","0","75 07:17.428","2","0","3","2","67301","0","0","0","N","0","0","0","3","67301","0","","1.0","30.0","1","N","N","N","0","","0","3","0","3","3","Y","2121","4","3","0","0","0","0","0","2","0","3","0","0","0","3","03","","N","","","","","","","","","",""
"2022004142","0823","2","0","0","0","0","0","0","0","0","4","0","","67","1","2022","3","40.021964","-75.083564","0817","6","0","0","0","0","0","0","0","0","","0","0","0","8","1","0","","1","0","40 01:19.070","","0","75 05:00.831","0","0","0","0","67301","0","0","0","N","0","0","0","2","67301","0","","1.0","","1","N","N","Y","0","","0","0","1","3","3","","807","3","0","0","0","0","0","0","2","0","3","0","0","0","3","","","N","","","","","","","","","",""
"2022010817","1921","1","0","0","0","0","0","0","0","0","4","0","","67","1","2022","3","40.055518","-75.06194","1904","6","0","0","0","0","0","0","0","0","","0","0","0","19","3","1","","1","0","40 03:19.863","","0","75 03:42.983","4","0","0","0","67301","0","0","0","N","0","0","0","2","67301","1","","1.0","","1","N","N","N","0","","0","0","1","3","3","","1900","2","1","0","0","0","0","1","2","0","2","0","0","0","3","03","","N","","","","","","","","","",""
"2022035217","0846","2","0","0","0","0","0","0","0","0","4","0","","67","4","2022","4","40.00768","-75.15158","0844","6","0","0","0","0","0","0","0","0","","0","0","0","8","1","1","","1","0","40 00:27.648","","0","75 09:05.687","8","0","0","0","67301","0","0","0","N","0","0","0","2","67505","0","","1.0","","1","N","N","N","0","","0","0","0","3","2","N","844","2","1","0","0","0","1","1","2","0","2","0","0","0","3","03","","N","","","","","","","","","",""
"2022014542","1845","0","0","0","0","0","0","0","0","0","4","0","","67","1","2022","3","40.036732","-75.064498","1835","6","0","0","0","0","0","0","0","0","","0","0","0","17","3","1","","1","0","40 02:12.235","","0","75 03:52.193","8","0","0","0","67301","0","0","0","N","0","0","0","2","67301","0","","1.0","","1","N","N","N","0","","0","0","2","3","2","","1755","2","1","0","0","0","1","0","2","0","2","0","0","0","3","03","","N","","","","","","","","","",""
"2022014762","1643","1","0","0","0","0","0","0","0","0","4","0","","67","1","2022","3","39.955832","-75.235997","1638","6","0","0","0","0","0","0","0","1","","0","0","0","16","1","0","","1","0","39 57:20.995","","0","75 14:09.589","0","0","0","0","67301","0","0","0","N","0","0","0","5","67301","0","","1.0","","1","N","N","N","0","","0","0","1","3","2","","1615","2","0","2","0","0","0","0","2","0","2","0","0","0","3","98","","N","","","","","","","","","",""
"2022022967","1953","3","0","0","0","0","0","0","0","0","5","0","","67","1","2022","5","39.981368","-75.207009","1947","6","0","0","0","0","0","1","0","0","","0","0","0","19","3","0","N","0","0","39 58:52.926","","0","75 12:25.231","0","0","0","0","67301","0","0","0","N","0","0","0","3","68K01","0","","1.0","","1","N","N","Y","0","","0","0","0","0","0","","1941","3","0","0","0","0","0","0","2","0","3","0","0","0","3","03","","N","","","","","","","","","",""
"2022035035","0220","2","0","0","0","0","0","0","0","0","1","0","","67","4","2022","1","39.999068","-75.195328","0230","6","0","0","0","0","0","0","0","0","","0","0","0","2","3","0","N","0","1","39 59:56.646","4","0","75 11:43.180","0","0","0","0","67301","0","0","0","N","0","0","0","4","68Z99","0","","1.0","30.0","1","N","N","Y","0","","0","0","0","0","0","N","200","2","0","0","0","0","0","0","2","0","2","0","0","0","3","03","","N","","","","","","","","","",""