"CRN","ARRIVAL_TM","AUTOMOBILE_COUNT","BELTED_DEATH_COUNT","BELTED_SUSP_SERIOUS_INJ_COUNT","BICYCLE_COUNT","BICYCLE_DEATH_COUNT","BICYCLE_SUSP_SERIOUS_INJ_COUNT","BUS_COUNT","CHLDPAS_DEATH_COUNT","CHLDPAS_SUSP_SERIOUS_INJ_COUNT","COLLISION_TYPE","COMM_VEH_COUNT","CONS_ZONE_SPD_LIM","COUNTY","CRASH_MONTH","CRASH_YEAR","DAY_OF_WEEK","DEC_LATITUDE","DEC_LONGITUDE","DISPATCH_TM","DISTRICT","DRIVER_COUNT_16YR","DRIVER_COUNT_17YR","DRIVER_COUNT_18YR","DRIVER_COUNT_19YR","DRIVER_COUNT_20YR","DRIVER_COUNT_50_64YR","DRIVER_COUNT_65_74YR","DRIVER_COUNT_75PLUS","EST_HRS_CLOSED","FATAL_COUNT","HEAVY_TRUCK_COUNT","HORSE_BUGGY_COUNT","HOUR_OF_DAY","ILLUMINATION","INJURY_COUNT","INTERSECTION_RELATED","INTERSECT_TYPE","LANE_CLOSED","LATITUDE","LN_CLOSE_DIR","LOCATION_TYPE","LONGITUDE","MAX_SEVERITY_LEVEL","MCYCLE_DEATH_COUNT","MCYCLE_SUSP_SERIOUS_INJ_COUNT","MOTORCYCLE_COUNT","MUNICIPALITY","NONMOTR_COUNT","NONMOTR_DEATH_COUNT","NONMOTR_SUSP_SERIOUS_INJ_COUNT","NTFY_HIWY_MAINT","PED_COUNT","PED_DEATH_COUNT","PED_SUSP_SERIOUS_INJ_COUNT","PERSON_COUNT","POLICE_AGCY","POSSIBLE_INJ_COUNT","RDWY_SURF_TYPE_CD","RELATION_TO_ROAD","ROADWAY_CLEARED","ROAD_CONDITION","SCH_BUS_IND","SCH_ZONE_IND","SECONDARY_CRASH","SMALL_TRUCK_COUNT","SPEC_JURIS_CD","SUSP_MINOR_INJ_COUNT","SUSP_SERIOUS_INJ_COUNT","SUV_COUNT","TCD_FUNC_CD","TCD_TYPE","TFC_DETOUR_IND","TIME_OF_DAY","TOTAL_UNITS","TOT_INJ_COUNT","UNBELTED_OCC_COUNT","UNB_DEATH_COUNT","UNB_SUSP_SERIOUS_INJ_COUNT","UNK_INJ_DEG_COUNT","UNK_INJ_PER_COUNT","URBAN_RURAL","VAN_COUNT","VEHICLE_COUNT","VULNERABLE_ROAD_USER_COUNT","VULNERABLE_ROAD_USER_DEATH_COUNT","VULNERABLE_ROAD_USER_SER_INJ_COUNT","WEATHER1","WEATHER2","WORKERS_PRES","WORK_ZONE_IND","WORK_ZONE_LOC","WORK_ZONE_TYPE","WZ_CLOSE_DETOUR","WZ_FLAGGER","WZ_LAW_OFFCR_IND","WZ_LN_CLOSURE","WZ_MOVING","WZ_OTHER","WZ_SHLDER_MDN","WZ_WORKERS_INJ_KILLED"
"2022010849","0246","2","0","0","0","0","0","0","0","0","5","0","","67","1","2022","1","40.039744","-75.046154","0240","6","0","0","0","0","0","0","0","0","","0","0","0","2","3","0","N","0","0","40 02:23.079","","0","75 02:46.156","0","0","0","0","67301","0","0","0","N","0","0","0","1","67301","0","","6.0","","1","N","N","N","0","","0","0","0","0","0","","230","2","0","0","0","0","0","0","2","0","2","0","0","0","3","03","","N","","","","","","","","","",""
"2022034296","1552","1","0","0","0","0","0","0","0","0","1","0","","67","4","2022","6","40.013042","-75.057987","1514","6","0","0","0","0","0","0","0","0","","0","0","0","15","1","1","N","0","0","40 00:46.952","","0","75 03:28.753","3","0","0","0","67301","0","0","0","N","0","0","0","2","68K01","0","","1.0","","1","N","N","N","1","","1","0","0","0","0","","1511","2","1","1","0","0","0","0","2","0","2","0","0","0","3","","","N","","","","","","","","","",""
"2022014539","1025","0","0","0","0","0","0","0","0","0","4","0","","67","1","2022","7","40.06149","-75.083805","1012","6","0","0","0","0","0","1","0","0","","0","0","0","10","1","1","","1","0","40 03:41.363","","0","75 05:01.699","3","0","0","0","67301","0","0","0","N","0","0","0","2","67301","0","","1.0","","1","N","N","N","0","","1","0","2","3","1","","1000","2","1","1","0","0","0","0","2","0","2","0","0","0","3","03","","N","","","","","","","","","",""
"2022017149","2301","1","0","0","0","0","0","0","0","0","4","0","","67","1","2022","7","39.945858","-75.240283","2300","6","0","0","0","0","0","0","0","0","","0","0","0","21","3","2","","5","0","39 56:45.089","","0","75 14:25.018","8","0","0","0","67301","0","0","0","N","0","0","0","3","67301","0","","1.0","","1","N","N","N","0","","0","0","1","3","2","","2125","2","2","0","0","0","2","1","2","0","2","0","0","0","3","03","","N","","","","","","","","","",""
"2022015901","1118","1","0","0","0","0","0","0","0","0","4","0","","67","1","2022","3","40.012976","-75.119388","1116","6","0","0","0","0","0","0","0","0","","0","0","0","11","1","2","","1","1","40 00:46.715","1","0","75 07:09.796","3","0","0","0","67301","0","0","0","N","0","0","0","2","67301","0","","1.0","1135.0","1","N","N","N","0","","2","0","1","3","2","N","1110","2","2","0","0","0","0","0","2","0","2","0","0","0","3","03","","N","","","","","","","","","",""
"2022004233","1620","0","0","0","0","0","0","0","0","0","5","0","","67","1","2022","3","40.039228","-75.165342","1613","6","0","0","0","0","0","1","0","0","","0","0","0","16","1","1","N","0","0","40 02:21.220","","0","75 09:55.230","4","0","0","0","67301","0","0","0","N","0","0","0","1","67301","1","","6.0","","1","N","N","N","1","","0","0","1","0","0","","1600","2","1","0","0","0","0","0","2","0","2","0","0","0","3","03","","N","","","","","","","","","",""
"2022014663","0415","0","0","0","0","0","0","0","0","0","7","0","","67","1","2022","7","40.050681","-75.157867","0403","6","0","0","0","0","0","0","0","0","","0","0","0","3","3","0","N","0","0","40 03:02.450","","0","75 09:28.320","0","0","0","0","67301","0","0","0","N","0","0","0","1","67301","0","","5.0","","1","N","N","N","0","","0","0","1","0","0","","307","1","0","0","0","0","0","0","2","0","1","0","0","0","3","03","","N","","","","","","","","","",""
"2022014665","1520","1","0","0","0","0","0","0","0","0","1","0","","67","1","2022","7","40.044361","-75.165972","1517","6","0","0","0","0","0","1","0","0","","0","0","0","15","1","2","N","0","1","40 02:39.700","3","0","75 09:57.500","3","0","0","0","67301","0","0","0","N","0","0","0","5","67301","0","","1.0","1542.0","1","N","N","N","0","","2","0","1","0","0","Y","1513","2","2","4","0","0","0","0","2","0","2","0","0","0","3","03","","N","","","","","","","","","",""
"2022043710","2305","1","0","0","0","0","0","0","0","0","5","0","","67","5","2022","2","39.973994","-75.118504","2255","6","0","0","0","0","0","1","0","0","","0","0","0","22","3","0","N","0","0","39 58:26.377","","0","75 07:06.613","0","0","0","0","67301","0","0","0","N","0","0","0","2","68K01","0","","1.0","","1","N","N","N","0","","0","0","0","0","0","","2253","2","0","0","0","0","0","0","2","0","2","0","0","0","3","03","","N","","","","","","","","","",""
"2022015178","1132","1","0","0","0","0","0","0","0","0","1","0","","67","2","2022","2","39.921289","-75.215994","1129","6","0","0","0","0","0","1","0","0","","0","0","0","10","1","0","N","0","1","39 55:16.640","1","0","75 12:57.580","9","0","0","0","67301","0","0","0","N","0","0","0","2","67301","0","","1.0","1240.0","9","N","N","N","0","","0","0","0","0","0","N","1058","2","0","0","0","0","0","1","2","1","2","0","0","0","7","04","","N","","","","","","","","","",""
"2022010860","1644","1","0","0","0","0","0","0","0","0","1","0","","67","1","2022","6","39.954286","-75.203866","1642","6","0","0","0","0","0","0","0","0","","0","0","0","16","1","0","N","0","0","39 57:15.428","","0","75 12:13.919","0","0","0","0","67301","0","0","0","N","0","0","0","2","67301","0","","1.0","","1","N","N","N","0","","0","0","1","0","0","","1641","2","0","2","0","0","0","0","2","0","2","0","0","0","3","03","","N","","","","","","","","","",""
"2022023934","1005","1","0","0","0","0","0","0","0","0","8","0","","67","3","2022","3","40.029954","-75.128984","1000","6","0","0","0","0","0","0","0","0","","0","0","0","10","1","1","","1","0","40 01:47.834","","0","75 07:44.342","3","0","0","0","67301","1","0","0","N","1","0","0","2","67301","0","","1.0","","1","N","Y","N","0","","1","0","0","3","3","","1000","2","1","0","0","0","0","0","2","0","1","1","0","0","3","03","","N","","","","","","","","","",""
"2022014642","1655","1","0","0","0","0","0","0","0","0","1","0","","67","1","2022","3","39.918149","-75.209686","1650","6","0","0","0","0","0","0","0","0","","0","0","0","16","1","0","N","0","1","39 55:05.338","4","0","75 12:34.869","0","0","0","0","67301","0","0","0","N","0","0","0","2","67301","0","","1.0","1800.0","1","N","N","N","0","","0","0","0","0","0","N","1634","2","0","1","0","0","0","0","2","1","2","0","0","0","3","","","N","","","","","","","","","",""
"2022014623","1935","2","0","0","0","0","0","0","0","0","4","0","","67","1","2022","5","39.967786","-75.163593","1927","6","0","0","0","0","0","0","0","0","","0","0","0","19","3","1","","1","0","39 58:04.029","","0","75 09:48.934","3","0","0","0","67301","0","0","0","N","0","0","0","2","67301","0","","1.0","","1","N","N","N","0","","1","0","0","3","3","","1920","2","1","0","0","0","0","0","2","0","2","0","0","0","3","03","","N","","","","","","","","","",""
"2022020649","1416","1","0","0","0","0","0","0","0","0","5","0","","67","1","2022","7","39.97216","-75.193608","1406","6","0","0","0","0","0","1","0","0","","0","0","0","13","1","0","N","0","1","39 58:19.775","3","0","75 11:36.987","0","0","0","0","67301","0","0","0","N","0","0","0","5","68K01","0","","1.0","1400.0","1","N","N","N","0","","0","0","2","0","0","Y","1352","3","0","0","0","0","0","0","2","0","3","0","0","0","3","","","N","","","","","","","","","",""
"2022005770","1439","2","0","0","0","0","0","0","0","0","1","0","","67","1","2022","3","40.007296","-75.072636","1425","6","0","0","0","1","0","2","0","0","","0","0","0","14","1","3","N","0","2","40 00:26.267","1","0","75 04:21.491","3","0","0","0","67301","0","0","0","N","0","0","0","3","68K01","0","","1.0","1528.0","1","N","N","N","0","","3","0","1","0","0","N","1425","3","3","0","0","0","0","0","2","0","3","0","0","0","3","","","N","","","","","","","","","",""
"2022004259","0050","1","0","0","0","0","0","0","0","0","7","0","","67","1","2022","3","39.941204","-75.205354","0045","6","0","0","0","0","0","0","0","0","","0","0","0","0","3","0","N","0","1","39 56:28.334","4","3","75 12:19.274","0","0","0","0","67301","0","0","0","N","0","0","0","1","67301","0","","4.0","105.0","1","N","N","N","0","","0","0","0","0","0","N","30","1","0","0","0","0","0","0","2","0","1","0","0","0","3","03","","N","","","","","","","","","",""
"2022029239","0950","0","0","0","0","0","0","0","0","0","8","0","","67","1","2022","4","40.000267","-75.228371","0945","6","0","0","0","0","0","0","0","0","","0","0","0","8","1","1","","2","0","40 00:00.960","","0","75 13:42.137","3","0","0","0","67301","1","0","0","N","1","0","0","2","67301","0","","1.0","","1","N","N","N","0","","1","0","0","3","3","","821","2","1","0","0","0","0","0","2","1","1","1","0","0","3","03","","N","","","","","","","","","",""
"2022010881","0727","4","0","0","0","0","0","0","0","0","2","0","","67","1","2022","7","40.020872","-75.126294","0724","6","0","0","0","0","0","0","0","0","","0","0","0","7","5","1","N","0","1","40 01:15.140","1","0","75 07:34.660","3","0","0","0","67301","0","0","0","N","0","0","0","3","67301","0","","1.0","815.0","1","N","N","N","0","","1","0","2","0","0","N","709","6","1","0","0","0","0","1","2","0","6","0","0","0","3","03","","N","","","","","","","","","",""
"2022010901","0854","1","0","0","0","0","0","0","0","0","4","0","","67","1","2022","3","40.003661","-75.168915","0852","6","0","0","0","0","0","1","0","0","","0","0","0","8","1","0","","5","0","40 00:13.178","","0","75 10:08.095","0","0","0","0","67301","0","0","0","N","0","0","0","2","67301","0","","1.0","","1","N","N","N","0","","0","0","0","3","2","","851","2","0","2","0","0","0","0","2","1","2","0","0","0","3","03","","N","","","","","","","","","",""
"2022009101","1905","1","0","0","0","0","0","0","0","0","4","0","","67","1","2022","5","39.949907","-75.204057","1850","6","0","0","0","0","0","0","0","0","","0","0","0","18","3","0","N","0","2","39 56:59.664","6","7","75 12:14.605","9","0","0","0","67301","0","0","0","N","0","0","0","2","67508","0","","1.0","9999.0","1","","","N","0","","0","0","0","0","0","N","1845","2","0","0","0","0","0","1","2","0","2","0","0","0","3","03","","N","","","","","","","","","",""
"2022025065","0752","1","0","0","0","0","0","0","0","0","4","0","","67","3","2022","4","39.969513","-75.225371","0751","6","0","0","0","0","0","0","0","0","","0","0","0","7","1","1","","1","0","39 58:10.246","","0","75 13:31.336","4","0","0","0","67301","0","0","0","N","0","0","0","2","67301","1","","1.0","","1","N","N","N","0","","0","0","1","3","2","","724","2","1","0","0","0","0","0","2","0","2","0","0","0","3","03","","N","","","","","","","","","",""
"2022014852","0130","1","0","0","0","0","0","0","0","0","5","0","","67","1","2022","1","40.033919","-75.128383","0126","6","0","0","0","0","0","0","0","0","","0","0","0","1","3","0","N","0","1","40 02:02.110","4","0","75 07:42.180","0","0","0","0","67301","0","0","0","N","0","0","0","1","67301","0","","6.0","230.0","1","N","N","N","0","","0","0","1","0","0","N","120","2","0","0","0","0","0","0","2","0","2","0","0","0","3","03","","N","","","","","","","","","",""
"2022014874","2145","2","0","0","0","0","0","0","0","0","1","0","","67","1","2022","5","40.01108","-75.164346","2145","6","0","0","0","0","0","1","0","0","","0","0","0","21","3","0","N","0","1","40 00:39.888","4","7","75 09:51.645","0","0","0","0","67301","0","0","0","N","0","0","0","3","67301","0","","1.0","2155.0","1","N","N","N","0","","0","0","0","0","0","N","2140","2","0","0","0","0","0","0","2","0","2","0","0","0","3","","","N","","","","","","","","","",""
"2022034502","1306","1","0","0","0","0","0","0","0","0","1","0","","67","3","2022","1","40.030354","-75.022035","1244","6","0","0","0","0","0","0","0","0","","0","0","0","12","1","1","N","0","0","40 01:49.275","","0","75 01:19.327","4","0","0","0","67301","0","0","0","N","0","0","0","7","68K01","1","","1.0","","1","N","N","N","0","","0","0","1","0","0","","1241","2","1","0","0","0","0","4","2","0","2","0","0","0","3","","","N","","","","","","","","","",""
"2022026631","0244","0","0","0","0","0","0","0","0","0","7","0","","67","3","2022","2","40.026801","-75.097355","0238","6","0","0","0","0","0","0","0","0","","0","0","0","2","3","1","","1","2","40 01:36.484","7","0","75 05:50.479","4","0","0","0","67301","0","0","0","N","0","0","0","1","67301","1","","3.0","337.0","1","N","N","N","0","","0","0","1","3","2","N","225","1","1","0","0","0","0","0","2","0","1","0","0","0","3","03","","N","","","","","","","","","",""
"2022029278","1645","1","0","0","0","0","0","0","0","0","8","0","","67","3","2022","2","40.037827","-75.142738","1642","6","0","0","0","0","0","1","0","0","","0","0","0","16","1","1","","2","0","40 02:16.177","","0","75 08:33.856","3","0","0","0","67301","1","0","0","N","1","0","0","2","67301","0","","1.0","","1","N","N","N","0","","1","0","0","3","3","","1639","2","1","0","0","0","0","0","2","0","1","1","0","0","3","","","N","","","","","","","","","",""
"2022024590","1907","2","0","0","0","0","0","0","0","0","4","0","","67","3","2022","4","40.077539","-75.043754","1855","6","0","0","0","1","0","0","0","0","","0","0","0","18","3","1","","2","0","40 04:39.140","","0","75 02:37.514","8","0","0","0","67301","0","0","0","N","0","0","0","3","67301","0","","1.0","","9","N","N","N","0","","0","0","0","3","2","","1840","2","1","0","0","0","1","0","2","0","2","0","0","0","7","","","N","","","","","","","","","",""
"2022015604","1515","0","0","0","0","0","0","0","0","0","8","0","","67","2","2022","4","39.990408","-75.175531","1510","6","0","0","0","0","0","0","0","0","","0","0","0","14","1","1","N","0","0","39 59:25.469","","0","75 10:31.913","8","0","0","0","67301","1","0","0","N","1","0","0","2","67301","0","","1.0","","1","N","N","N","0","","0","0","0","0","0","","1440","2","1","0","0","0","1","0","2","1","1","1","0","0","3","03","","N","","","","","","","","","",""
"2022016304","0048","2","0","0","0","0","0","0","0","0","5","0","","67","2","2022","2","39.979864","-75.116617","0044","6","0","0","0","0","0","0","0","0","","0","0","0","0","3","1","N","0","2","39 58:47.510","2","0","75 06:59.820","3","0","0","0","67301","0","0","0","N","0","0","0","1","67301","0","","6.0","200.0","1","N","N","N","0","","1","0","2","0","0","N","40","4","1","0","0","0","0","0","2","0","4","0","0","0","3","03","","N","","","","","","","","","",""
"2022014579","0127","1","0","0","0","0","0","0","0","0","6","0","","67","1","2022","2","40.0648","-75.054584","0123","6","0","0","0","0","0","0","0","0","","0","0","0","1","3","1","N","0","0","40 03:53.281","","0","75 03:16.503","8","0","0","0","67301","0","0","0","N","0","0","0","1","67301","0","","6.0","","1","N","N","N","0","","0","0","0","0","0","","123","2","1","0","0","0","1","0","2","1","2","0","0","0","3","03","","N","","","","","","","","","",""
"2022014844","0911","2","0","0","0","0","0","0","0","0","4","0","","67","1","2022","5","40.030332","-75.131845","0858","6","0","0","0","0","0","0","0","0","","0","0","0","8","1","0","","1","0","40 01:49.195","","0","75 07:54.642","0","0","0","0","67301","0","0","0","N","0","0","0","3","67301","0","","1.0","","9","N","N","N","0","","0","0","0","2","2","","853","2","0","0","0","0","0","0","2","0","2","0","0","0","7","","","N","","","","","","","","","",""
"2022025078","2119","2","0","0","0","0","0","0","0","0","1","0","","67","1","2022","2","39.991836","-75.154924","2118","6","0","0","0","0","0","0","0","0","","0","0","0","21","3","0","N","0","0","39 59:30.608","","0","75 09:17.726","9","0","0","0","67301","0","0","0","N","0","0","0","3","67301","0","","6.0","","1","N","N","N","0","","0","0","0","0","0","","2115","2","0","0","0","0","0","3","2","0","2","0","0","0","3","03","","N","","","","","","","","","",""
"2022014877","2000","2","0","0","0","0","0","0","0","0","1","0","","67","1","2022","6","40.002836","-75.175242","1250","6","0","0","0","0","0","0","0","0","","0","0","0","0","3","3","N","0","0","40 00:10.210","","0","75 10:30.870","3","0","0","0","67301","0","0","0","N","0","0","0","4","67301","0","","1.0","","99","N","N","N","0","","3","0","0","0","0","","45","2","3","0","0","0","0","0","2","0","2","0","0","0","3","03","","N","","","","","","","","","",""
"2022004517","1812","2","0","0","0","0","0","0","0","0","1","0","","67","1","2022","3","40.011182","-75.205919","1807","6","0","0","0","0","0","2","0","0","","0","0","0","18","3","1","N","0","1","40 00:40.254","1","3","75 12:21.307","3","0","0","0","67301","0","0","0","N","0","0","0","3","68K01","0","","1.0","1825.0","1","N","N","N","0","","1","0","1","0","0","N","1802","3","1","0","0","0","0","0","2","0","3","0","0","0","3","","","N","","","","","","","","","",""
"2022014815","2235","1","0","0","0","0","0","0","0","0","4","0","","67","1","2022","4","40.016102","-75.130795","2235","6","0","0","0","0","0","0","0","0","","0","0","0","21","3","0","","1","0","40 00:57.967","","0","75 07:50.861","0","0","0","0","67301","0","0","0","N","0","0","0","2","67301","0","","1.0","","1","N","N","N","0","","0","0","1","3","3","","2115","2","0","0","0","0","0","0","2","0","2","0","0","0","3","","","N","","","","","","","","","",""
"2022054584","0041","2","0","0","0","0","0","0","0","0","1","0","","67","5","2022","7","40.037968","-75.010809","0032","6","0","0","0","0","0","0","0","0","","0","0","0","0","3","1","N","0","1","40 02:16.685","1","0","75 00:38.914","3","0","0","0","67301","0","0","0","N","0","0","0","2","68K01","0","","2.0","125.0","9","N","N","N","0","","1","0","0","0","0","N","14","2","1","0","0","0","0","0","2","0","2","0","0","0","7","","","N","","","","","","","","","",""
"2022044126","1840","2","0","0","0","0","0","0","0","0","1","0","","67","5","2022","4","40.001417","-75.152965","1823","6","0","0","0","0","0","0","0","0","","0","0","0","18","1","1","N","0","2","40 00:05.101","2","0","75 09:10.673","3","0","0","0","67301","0","0","0","N","0","0","0","1","67301","0","","6.0","30.0","1","N","N","Y","0","","1","0","0","0","0","N","1815","3","1","0","0","0","0","0","2","1","3","0","0","0","3","03","","N","","","","","","","","","",""
"2022044125","1655","0","0","0","0","0","0","0","0","0","4","0","","67","5","2022","4","40.01224","-75.150481","1655","6","0","0","0","0","0","1","1","0","","0","0","0","16","1","1","","5","1","40 00:44.064","2","0","75 09:01.733","3","0","0","1","67301","0","0","0","N","0","0","0","2","67301","0","","1.0","1745.0","1","N","N","N","0","","1","0","1","3","2","N","1645","2","1","0","0","0","0","0","2","0","2","0","0","0","3","04","","N","","","","","","","","","",""
"2022040475","0405","0","0","0","0","0","0","0","0","0","1","0","35","67","4","2022","7","39.9875","-75.071667","0405","6","0","0","0","0","0","0","0","0","","0","0","0","4","3","1","N","0","2","39 59:15.000","4","3","75 04:18.000","3","0","0","0","67301","0","0","0","N","0","0","0","5","67501","0","","1.0","0.0","1","N","N","N","1","","1","0","1","0","0","N","401","2","1","0","0","0","0","0","2","0","2","0","0","0","3","","N","Y","4","1","","","N","Y","","","","N"
"2022055283","1523","1","0","0","0","0","0","0","0","0","5","0","","67","5","2022","6","39.894028","-75.195282","1450","6","0","0","0","0","0","0","0","0","","0","0","0","14","1","0","N","0","0","39 53:38.499","","0","75 11:43.014","0","0","0","0","67301","0","0","0","N","0","0","0","2","68K01","0","","1.0","","8","N","N","N","0","","0","0","1","0","0","","1438","2","0","0","0","0","0","0","2","0","2","0","0","0","7","07","","N","","","","","","","","","",""
"2022047218","2211","1","0","0","0","0","0","0","0","0","8","0","","67","5","2022","4","39.991071","-75.132721","2209","6","0","0","0","0","0","0","0","0","","0","0","0","22","3","1","N","0","0","39 59:27.854","","0","75 07:57.795","3","0","0","0","67301","1","0","0","N","1","0","0","2","67301","0","","1.0","","1","N","N","N","0","","1","0","0","0","0","","2202","2","1","0","0","0","0","1","2","0","1","1","0","0","3","03","","N","","","","","","","","","",""
"2022055588","0220","1","0","0","0","0","0","0","0","0","1","1","","67","6","2022","5","39.892714","-75.222848","0208","6","0","0","0","0","0","0","1","0","","0","1","0","2","2","0","","2","2","39 53:33.770","3","0","75 13:22.252","0","0","0","0","67301","0","0","0","N","0","0","0","3","67301","0","","1.0","400.0","9","N","N","N","0","","0","0","0","3","2","Y","201","2","0","0","0","0","0","0","2","0","2","0","0","0","7","07","","N","","","","","","","","","",""
"2022046408","","2","0","0","0","0","0","0","0","0","4","0","","67","2","2022","4","40.058467","-75.084218","","6","0","0","0","0","0","0","0","0","","0","0","0","16","1","1","","1","0","40 03:30.481","","0","75 05:03.184","8","0","0","0","67301","0","0","0","N","0","0","0","2","00000","0","","1.0","","1","","","N","0","","0","0","0","3","3","","1630","2","1","0","0","0","1","0","2","0","2","0","0","0","3","","","N","","","","","","","","","",""
"2022010828","1225","2","0","0","0","0","0","0","0","0","4","0","","67","1","2022","6","40.0523","-75.016408","1217","6","0","0","0","0","0","1","0","1","","0","0","0","11","1","0","","2","0","40 03:08.280","","0","75 00:59.068","0","0","0","0","67301","0","0","0","N","0","0","0","4","67301","0","","1.0","","1","N","N","N","0","","0","0","0","0","0","","1150","2","0","0","0","0","0","0","2","0","2","0","0","0","3","","","N","","","","","","","","","",""
"2022014713","1845","1","0","0","0","0","0","0","0","0","4","0","","67","1","2022","1","40.01475","-75.06425","1842","6","1","0","0","0","0","0","0","0","","0","0","0","18","4","0","","1","0","40 00:53.100","","0","75 03:51.300","0","0","0","0","67301","0","0","0","N","0","0","0","2","67301","0","","1.0","","1","N","N","N","0","","0","0","1","0","0","","1823","2","0","0","0","0","0","0","2","0","2","0","0","0","3","03","","N","","","","","","","","","",""
"2022014839","1954","1","0","0","0","0","0","0","0","0","5","0","","67","1","2022","7","40.025778","-75.123473","1954","6","0","0","0","0","0","0","0","0","","0","0","0","16","1","0","","1","0","40 01:32.799","","0","75 07:24.504","9","0","0","0","67301","0","0","0","N","0","0","0","2","67301","0","","1.0","","1","N","N","N","1","","0","0","0","3","2","","1610","2","0","0","0","0","0","2","2","0","2","0","0","0","3","03","","N","","","","","","","","","",""
"2022040780","2324","0","0","0","0","0","0","0","0","0","1","1","","67","4","2022","3","39.905673","-75.13241","2323","6","0","0","0","0","0","0","0","0","","0","1","0","23","3","1","N","0","2","39 54:20.423","3","3","75 07:56.675","3","0","0","0","67301","0","0","0","N","0","0","0","2","67501","0","","1.0","2359.0","1","N","N","N","0","","1","0","1","3","8","N","2323","2","1","0","0","0","0","0","2","0","2","0","0","0","3","03","","N","","","","","","","","","",""
"2022045507","0524","1","0","0","0","0","0","0","0","0","7","0","","67","4","2022","7","39.960819","-75.181981","0512","6","0","0","0","0","0","0","0","0","","0","0","0","5","3","0","N","0","1","39 57:38.947","3","0","75 10:55.130","9","0","0","0","67301","0","0","0","N","0","0","0","1","68K01","0","","4.0","610.0","1","N","N","N","0","","0","0","0","0","0","N","511","1","0","0","0","0","0","1","2","0","1","0","0","0","3","","","N","","","","","","","","","",""
"2022014591","0826","1","0","0","0","0","0","0","0","0","5","0","","67","2","2022","6","40.118421","-75.018228","0826","6","0","0","0","0","0","0","0","0","","0","0","0","8","1","1","N","0","0","40 07:06.314","","0","75 01:05.620","3","0","0","0","67301","0","0","0","N","0","0","0","4","67301","0","","1.0","","9","N","N","N","0","","1","0","1","0","0","","825","2","1","0","0","0","0","0","2","0","2","0","0","0","7","04","","N","","","","","","","","","",""
"2022014654","0340","3","0","0","0","0","0","0","0","0","4","0","","67","2","2022","5","39.938889","-75.229764","0332","6","0","0","0","0","0","0","0","0","","0","0","0","2","3","1","","1","0","39 56:20.000","","0","75 13:47.150","4","0","0","0","67301","0","0","0","N","0","0","0","2","67301","1","","1.0","","9","N","N","N","2","","0","0","0","3","3","","252","5","1","2","0","0","0","1","2","0","5","0","0","0","7","07","","N","","","","","","","","","",""
"2022041565","","1","0","0","0","0","0","0","0","0","1","0","","67","3","2022","1","","","","6","0","0","1","0","0","0","0","0","","0","0","0","23","3","2","N","0","0","","","3","","8","0","0","0","67301","0","0","0","N","0","0","0","3","00000","0","","1.0","","1","","","N","0","","0","0","0","0","0","","2310","2","2","0","0","0","2","0","1","0","2","0","0","0","3","","","N","","","","","","","","","",""
"2022063956","0114","1","0","0","0","0","0","0","0","0","1","0","","67","6","2022","1","39.982489","-75.207701","0107","6","0","0","0","0","0","1","0","0","","0","0","0","0","3","0","N","0","1","39 58:56.961","4","0","75 12:27.723","0","0","0","0","67301","0","0","0","N","0","0","0","2","68K01","0","","1.0","130.0","1","N","N","N","0","","0","0","0","0","0","N","32","2","0","0","0","0","0","0","2","1","2","0","0","0","3","","","N","","","","","","","","","",""
"2022025073","0343","4","0","0","0","0","0","0","0","0","4","0","","67","1","2022","7","39.976387","-75.151309","0341","6","0","0","0","0","0","0","0","0","","0","0","0","3","3","0","","1","0","39 58:34.993","","0","75 09:04.712","9","0","0","0","67301","0","0","0","N","0","0","0","5","67301","0","","1.0","","1","N","N","N","0","","0","0","2","3","2","","330","6","0","0","0","0","0","1","2","0","6","0","0","0","3","03","","N","","","","","","","","","",""
"2022005296","1530","2","0","0","0","0","0","0","0","0","1","0","","67","1","2022","5","39.958026","-75.163815","1514","6","0","0","0","0","0","0","0","0","","0","0","0","15","1","0","N","0","1","39 57:28.895","3","0","75 09:49.734","0","0","0","0","67301","0","0","0","N","0","0","0","3","68K01","0","","1.0","1535.0","1","N","N","N","0","","0","0","0","0","0","N","1510","3","0","1","0","0","0","0","2","1","3","0","0","0","3","","","N","","","","","","","","","",""
"2022014643","1830","1","0","0","0","0","0","0","0","0","6","0","","67","1","2022","3","39.935551","-75.223009","1830","6","0","0","0","0","0","0","0","1","","0","0","0","17","3","1","","1","0","39 56:07.983","","0","75 13:22.832","4","0","0","0","67301","0","0","0","N","0","0","0","2","67301","1","","1.0","","1","N","N","N","0","","0","0","0","3","3","","1759","2","1","0","0","0","0","0","2","0","2","0","0","0","3","03","","N","","","","","","","","","",""
"2022014740","1535","1","0","0","0","0","0","0","0","0","6","0","","67","1","2022","5","39.989133","-75.203089","1524","6","0","0","0","0","0","1","0","0","","0","0","0","15","1","2","N","0","2","39 59:20.880","5","0","75 12:11.120","2","0","0","0","67301","0","0","0","N","0","0","0","3","67301","0","","1.0","1640.0","1","N","N","N","1","","0","2","0","0","0","Y","1524","2","2","1","0","1","0","0","2","0","2","0","0","0","3","03","","N","","","","","","","","","",""
"2022010854","1733","1","0","0","0","0","0","0","0","0","1","0","","67","1","2022","7","39.986693","-75.208025","1733","6","0","0","0","0","0","0","0","0","","0","0","0","4","3","0","N","0","0","39 59:12.093","","1","75 12:28.890","0","0","0","0","67301","0","0","0","N","0","0","0","2","67301","0","","1.0","","1","N","N","N","0","","0","0","0","0","0","","400","2","0","0","0","0","0","0","2","0","2","0","0","0","3","03","","N","","","","","","","","","",""