"CRN","ARRIVAL_TM","AUTOMOBILE_COUNT","BELTED_DEATH_COUNT","BELTED_SUSP_SERIOUS_INJ_COUNT","BICYCLE_COUNT","BICYCLE_DEATH_COUNT","BICYCLE_SUSP_SERIOUS_INJ_COUNT","BUS_COUNT","CHLDPAS_DEATH_COUNT","CHLDPAS_SUSP_SERIOUS_INJ_COUNT","COLLISION_TYPE","COMM_VEH_COUNT","CONS_ZONE_SPD_LIM","COUNTY","CRASH_MONTH","CRASH_YEAR","DAY_OF_WEEK","DEC_LATITUDE","DEC_LONGITUDE","DISPATCH_TM","DISTRICT","DRIVER_COUNT_16YR","DRIVER_COUNT_17YR","DRIVER_COUNT_18YR","DRIVER_COUNT_19YR","DRIVER_COUNT_20YR","DRIVER_COUNT_50_64YR","DRIVER_COUNT_65_74YR","DRIVER_COUNT_75PLUS","EST_HRS_CLOSED","FATAL_COUNT","HEAVY_TRUCK_COUNT","HORSE_BUGGY_COUNT","HOUR_OF_DAY","ILLUMINATION","INJURY_COUNT","INTERSECTION_RELATED","INTERSECT_TYPE","LANE_CLOSED","LATITUDE","LN_CLOSE_DIR","LOCATION_TYPE","LONGITUDE","MAX_SEVERITY_LEVEL","MCYCLE_DEATH_COUNT","MCYCLE_SUSP_SERIOUS_INJ_COUNT","MOTORCYCLE_COUNT","MUNICIPALITY","NONMOTR_COUNT","NONMOTR_DEATH_COUNT","NONMOTR_SUSP_SERIOUS_INJ_COUNT","NTFY_HIWY_MAINT","PED_COUNT","PED_DEATH_COUNT","PED_SUSP_SERIOUS_INJ_COUNT","PERSON_COUNT","POLICE_AGCY","POSSIBLE_INJ_COUNT","RDWY_SURF_TYPE_CD","RELATION_TO_ROAD","ROADWAY_CLEARED","ROAD_CONDITION","SCH_BUS_IND","SCH_ZONE_IND","SECONDARY_CRASH","SMALL_TRUCK_COUNT","SPEC_JURIS_CD","SUSP_MINOR_INJ_COUNT","SUSP_SERIOUS_INJ_COUNT","SUV_COUNT","TCD_FUNC_CD","TCD_TYPE","TFC_DETOUR_IND","TIME_OF_DAY","TOTAL_UNITS","TOT_INJ_COUNT","UNBELTED_OCC_COUNT","UNB_DEATH_COUNT","UNB_SUSP_SERIOUS_INJ_COUNT","UNK_INJ_DEG_COUNT","UNK_INJ_PER_COUNT","URBAN_RURAL","VAN_COUNT","VEHICLE_COUNT","VULNERABLE_ROAD_USER_COUNT","VULNERABLE_ROAD_USER_DEATH_COUNT","VULNERABLE_ROAD_USER_SER_INJ_COUNT","WEATHER1","WEATHER2","WORKERS_PRES","WORK_ZONE_IND","WORK_ZONE_LOC","WORK_ZONE_TYPE","WZ_CLOSE_DETOUR","WZ_FLAGGER","WZ_LAW_OFFCR_IND","WZ_LN_CLOSURE","WZ_MOVING","WZ_OTHER","WZ_SHLDER_MDN","WZ_WORKERS_INJ_KILLED"
"2022014607","1202","1","0","0","0","0","0","0","0","0","2","0","","67","1","2022","1","40.079275","-75.02505","1200","6","0","0","0","0","0","1","0","0","","0","0","0","11","1","1","N","0","1","40 04:45.390","1","0","75 01:30.180","3","0","0","0","67301","0","0","0","N","0","0","0","2","67301","0","","1.0","20.0","1","N","N","N","0","","1","0","1","0","0","N","1138","2","1","1","0","0","0","1","2","0","2","0","0","0","3","03","","N","","","","","","","","","",""
"2022010897","1545","1","0","0","0","0","0","0","0","0","1","0","","67","1","2022","6","40.013421","-75.159287","1531","6","0","0","0","0","0","0","0","0","","0","0","0","13","1","1","N","0","0","40 00:48.315","","0","75 09:33.433","8","0","0","0","67301","0","0","0","N","0","0","0","2","67301","0","","1.0","","1","N","N","N","1","","0","0","0","0","0","","1345","2","1","0","0","0","1","0","2","0","2","0","0","0","3","03","","N","","","","","","","","","",""
"2022014536","0230","3","0","0","0","0","0","0","0","0","5","0","","67","1","2022","6","40.049703","-75.068508","0224","6","0","0","0","0","0","0","0","0","","0","0","0","2","2","0","N","0","1","40 02:58.930","6","0","75 04:06.630","9","0","0","0","67301","0","0","0","N","0","0","0","1","67301","0","","6.0","200.0","1","N","N","N","0","","0","0","1","0","0","N","214","4","0","1","0","0","0","1","2","0","4","0","0","0","3","","","N","","","","","","","","","",""
"2022014819","2022","1","0","0","0","0","0","0","0","0","4","0","","67","1","2022","1","39.998768","-75.131259","2007","6","0","1","0","0","0","0","0","0","","0","0","0","19","3","0","","1","0","39 59:55.564","","0","75 07:52.533","0","0","0","0","67301","0","0","0","N","0","0","0","2","67301","0","","1.0","","1","N","N","N","0","","0","0","1","3","2","","1938","2","0","0","0","0","0","0","2","0","2","0","0","0","3","","","N","","","","","","","","","",""
"2022034191","1810","0","0","0","0","0","0","0","0","0","1","0","","67","3","2022","2","39.995732","-75.083256","1810","6","0","0","0","0","0","1","0","0","","0","0","0","17","1","1","N","0","1","39 59:44.635","2","0","75 04:59.723","4","0","0","0","67301","0","0","0","N","0","0","0","2","68K01","1","","1.0","1550.0","1","N","N","Y","1","","0","0","1","0","0","Y","1754","2","1","0","0","0","0","0","2","0","2","0","0","0","3","","","N","","","","","","","","","",""
"2022010861","1040","0","0","0","0","0","0","0","0","0","8","0","","67","1","2022","5","39.954582","-75.215873","1034","6","0","0","0","0","0","0","0","0","","0","0","0","22","3","1","","1","0","39 57:16.495","","0","75 12:57.142","2","0","0","0","67301","1","0","1","N","1","0","1","2","67301","0","","1.0","","1","N","N","N","0","","0","1","0","3","2","","2200","2","1","0","0","0","0","1","2","1","1","1","0","1","3","03","","N","","","","","","","","","",""
"2022014635","0204","0","0","0","0","0","0","0","0","0","1","0","","67","1","2022","5","39.887484","-75.247993","0151","6","0","0","0","0","0","1","0","0","","0","0","0","1","3","2","","2","0","39 53:14.941","","0","75 14:52.776","3","0","0","0","67301","0","0","0","N","0","0","0","2","67301","0","","1.0","","9","N","N","N","0","","2","0","1","3","2","","150","2","2","0","0","0","0","0","2","1","2","0","0","0","7","07","","N","","","","","","","","","",""
"2022010298","1616","2","0","0","0","0","0","0","0","0","5","0","","67","1","2022","2","39.898782","-75.169717","1609","6","0","0","0","0","0","1","0","0","","0","0","0","16","1","2","N","0","1","39 53:55.615","1","0","75 10:10.982","2","0","0","0","67301","0","0","0","N","0","0","0","4","68K01","0","","1.0","1650.0","1","N","N","N","0","","1","1","0","0","0","N","1609","2","2","2","0","1","0","0","2","0","2","0","0","0","3","","","N","","","","","","","","","",""
"2022014841","1058","1","0","0","0","0","0","0","0","0","1","0","","67","1","2022","3","40.024333","-75.133161","1058","6","0","0","0","0","0","0","0","0","","0","0","0","10","1","1","","5","0","40 01:27.600","","0","75 07:59.380","8","0","0","0","67301","0","0","0","N","0","0","0","3","67301","0","","1.0","","1","N","N","N","0","","0","0","0","3","2","","1030","2","1","0","0","0","1","1","2","1","2","0","0","0","3","","","N","","","","","","","","","",""
"2022014816","2340","1","0","0","0","0","0","0","0","0","5","0","","67","1","2022","6","40.026862","-75.116912","2330","6","0","0","0","0","0","0","0","0","","0","0","0","23","3","0","Y","0","0","40 01:36.702","","0","75 07:00.882","0","0","0","0","67301","0","0","0","N","0","0","0","2","67301","0","","1.0","","1","N","N","N","0","","0","0","1","3","2","","2320","2","0","0","0","0","0","0","2","0","2","0","0","0","3","03","","N","","","","","","","","","",""
"2022014604","0751","1","0","0","0","0","0","0","0","0","4","0","","67","1","2022","4","40.064873","-75.009421","0750","6","0","0","0","0","0","0","0","0","","0","0","0","7","1","1","","2","0","40 03:53.543","","7","75 00:33.914","3","0","0","0","67301","0","0","0","N","0","0","0","2","67301","0","","1.0","","1","N","N","N","0","","1","0","1","3","3","","742","2","1","0","0","0","0","0","2","0","2","0","0","0","3","03","","N","","","","","","","","","",""
"2022014661","1241","1","0","0","0","0","0","0","0","0","4","0","","67","1","2022","5","40.061286","-75.172063","1241","6","0","0","0","0","0","0","0","0","","0","0","0","23","3","2","","1","0","40 03:40.629","","0","75 10:19.427","3","0","0","0","67301","0","0","0","N","0","0","0","3","67301","0","","1.0","","1","N","N","N","0","","2","0","1","3","3","","2343","3","2","0","0","0","0","0","2","0","3","0","0","0","3","","","N","","","","","","","","","",""
"2022034501","1832","1","0","0","0","0","0","0","0","0","1","0","","67","3","2022","6","39.881687","-75.246136","1818","6","0","0","0","0","0","0","1","0","","0","0","0","18","1","2","N","0","2","39 52:54.072","2","0","75 14:46.090","8","0","0","0","67301","0","0","0","N","0","0","0","2","68K01","0","","1.0","1932.0","1","N","N","N","0","","0","0","1","0","0","N","1818","2","2","0","0","0","2","0","2","0","2","0","0","0","3","03","","N","","","","","","","","","",""
"2022014543","0845","0","0","0","0","0","0","0","0","0","6","0","","67","1","2022","4","40.04828","-75.065948","0829","6","0","0","0","0","0","0","0","0","","0","0","0","7","1","2","","1","0","40 02:53.808","","0","75 03:57.412","3","0","0","0","67301","0","0","0","N","0","0","0","3","67301","0","","1.0","","1","N","N","N","0","","2","0","2","3","3","","731","3","2","0","0","0","0","1","2","1","3","0","0","0","3","","","N","","","","","","","","","",""
"2022014878","0002","1","0","0","0","0","0","0","0","0","1","0","","67","1","2022","6","40.009718","-75.187234","2347","6","0","0","0","0","0","0","1","0","","0","0","0","23","3","2","","7","1","40 00:34.985","4","2","75 11:14.041","3","0","0","0","67301","0","0","0","N","0","0","0","3","67301","0","","1.0","140.0","1","N","N","N","0","","2","0","0","0","0","N","2346","2","2","0","0","0","0","0","2","1","2","0","0","0","3","03","","N","","","","","","","","","",""
"2022010834","1605","1","0","0","0","0","0","0","0","0","4","0","","67","1","2022","3","39.959487","-75.162091","1559","6","0","0","0","0","0","1","0","1","","0","0","0","15","1","3","","1","1","39 57:34.154","2","0","75 09:43.529","3","0","0","0","67301","0","0","0","N","0","0","0","4","67301","0","","1.0","30.0","1","N","N","Y","0","","3","0","2","3","3","Y","1555","3","3","0","0","0","0","0","2","0","3","0","0","0","3","","","N","","","","","","","","","",""
"2022014630","0150","2","0","0","0","0","0","0","0","0","4","0","","67","1","2022","6","39.937729","-75.228353","0141","6","0","0","0","0","0","0","0","0","","0","0","0","1","3","0","","1","0","39 56:15.824","","0","75 13:42.070","9","0","0","0","67301","0","0","0","N","0","0","0","2","67301","0","","1.0","","1","N","N","N","0","","0","0","0","3","2","","140","2","0","0","0","0","0","1","2","0","2","0","0","0","3","03","","N","","","","","","","","","",""
"2022014631","1600","1","0","0","0","0","0","0","0","0","4","0","","67","1","2022","6","39.890466","-75.245024","1555","6","0","0","0","0","0","1","0","0","","0","0","0","15","1","0","","2","0","39 53:25.676","","0","75 14:42.086","0","0","0","0","67301","0","0","0","N","0","0","0","2","67301","0","","1.0","","1","N","N","N","0","","0","0","1","0","0","","1540","2","0","0","0","0","0","0","2","0","2","0","0","0","3","03","","N","","","","","","","","","",""
"2022055873","2210","1","0","0","0","0","0","0","0","0","7","0","","67","6","2022","7","40.015234","-75.177086","2200","6","0","0","0","0","0","0","0","0","","0","0","0","21","3","1","","5","1","40 00:54.842","1","0","75 10:37.508","8","0","0","0","67301","0","0","0","N","0","0","0","1","67301","0","","2.0","2220.0","1","N","N","N","0","","0","0","0","0","0","N","2145","1","1","0","0","0","1","0","2","0","1","0","0","0","3","03","","N","","","","","","","","","",""
"2022048834","1239","0","0","0","0","0","0","0","0","0","8","1","","67","5","2022","2","39.944711","-75.158224","1236","6","0","0","0","0","0","0","0","0","","0","1","0","12","1","1","","1","0","39 56:40.959","","0","75 09:29.607","3","0","0","0","67301","1","0","0","N","1","0","0","2","67301","0","","1.0","","1","N","N","N","0","","1","0","0","3","2","","1230","2","1","1","0","0","0","0","2","0","1","1","0","0","3","03","","N","","","","","","","","","",""
"2022050483","","1","0","0","0","0","0","0","0","0","4","0","","67","2","2022","5","40.038586","-75.142576","","6","0","0","0","0","0","0","0","0","","0","0","0","16","1","1","","1","0","40 02:18.911","","0","75 08:33.275","8","0","0","0","67301","0","0","0","N","0","0","0","2","00000","0","","1.0","","9","N","N","N","0","","0","0","1","3","2","","1613","2","1","0","0","0","1","0","2","0","2","0","0","0","7","","","N","","","","","","","","","",""
"2022049708","0110","1","0","0","0","0","0","0","0","0","5","0","","67","5","2022","7","40.059017","-75.159611","0110","6","0","0","0","0","0","0","0","0","","0","0","0","1","3","0","N","0","0","40 03:32.460","","0","75 09:34.600","9","0","0","0","67301","0","0","0","N","0","0","0","1","67301","0","","1.0","","9","N","N","N","0","","0","0","5","0","0","","105","6","0","1","0","0","0","1","2","0","6","0","0","0","7","","","N","","","","","","","","","",""
"2022014632","0230","0","0","0","0","0","0","0","0","0","7","0","","67","1","2022","1","39.930986","-75.242954","0225","6","0","0","0","0","0","0","0","0","","0","0","0","0","3","0","","3","0","39 55:51.548","","2","75 14:34.635","9","0","0","0","67301","0","0","0","N","0","0","0","1","67301","0","","5.0","","1","N","N","N","0","","0","0","0","0","0","","23","1","0","0","0","0","0","1","2","1","1","0","0","0","3","03","","N","","","","","","","","","",""
"2022043906","1818","0","0","0","0","0","0","0","0","0","4","0","","67","5","2022","3","40.054847","-75.168958","1811","6","0","0","0","0","0","0","0","1","","0","0","0","18","1","2","","1","2","40 03:17.448","6","0","75 10:08.248","3","0","0","0","67301","0","0","0","N","0","0","0","5","67301","0","","1.0","1824.0","1","N","N","N","0","","2","0","2","3","2","Y","1808","2","2","0","0","0","0","0","2","0","2","0","0","0","3","98","","N","","","","","","","","","",""
"2022055698","2251","2","0","0","0","0","0","0","0","0","4","0","","67","6","2022","3","40.045516","-75.088316","2247","6","0","1","1","0","0","0","0","0","","0","0","0","22","3","3","","1","0","40 02:43.859","","0","75 05:17.937","8","0","0","0","67301","0","0","0","N","0","0","0","4","67301","0","","1.0","","9","N","N","N","1","","0","0","0","3","2","","2247","3","3","0","0","0","3","1","2","0","3","0","0","0","7","","","N","","","","","","","","","",""
"2022010831","1144","2","0","0","0","0","0","0","0","0","7","0","","67","1","2022","4","40.093335","-74.962074","1136","6","0","0","0","0","0","0","0","0","","0","0","0","11","1","1","","2","0","40 05:36.005","","7","74 57:43.465","8","0","0","0","67301","0","0","0","N","0","0","0","2","67301","0","","3.0","","1","N","N","N","0","","0","0","0","3","2","","1136","2","1","0","0","0","1","0","2","0","2","0","0","0","3","03","","N","","","","","","","","","",""
"2022010898","1730","0","0","0","0","0","0","0","0","0","4","0","","67","1","2022","6","40.024521","-75.16608","1729","6","0","0","0","0","0","0","0","0","","0","0","0","17","3","2","","2","0","40 01:28.275","","0","75 09:57.888","3","0","0","0","67301","0","0","0","N","0","0","0","2","67301","0","","1.0","","1","N","N","N","0","","2","0","2","3","2","","1724","2","2","1","0","0","0","0","2","0","2","0","0","0","3","","","N","","","","","","","","","",""
"2022034499","0617","2","0","0","0","0","0","0","0","0","5","0","","67","3","2022","1","39.981546","-75.206998","0617","6","0","0","0","0","0","0","0","0","","0","0","0","6","3","3","N","0","2","39 58:53.566","4","0","75 12:25.191","8","0","0","0","67301","0","0","0","N","0","0","0","3","68K01","0","","1.0","700.0","1","N","N","N","0","","0","0","0","0","0","N","617","2","3","1","0","0","3","0","2","0","2","0","0","0","3","03","","N","","","","","","","","","",""
"2022010882","0347","1","0","0","0","0","0","0","0","0","4","0","","67","1","2022","1","39.999745","-75.138532","0338","6","0","0","0","0","0","1","0","0","","0","0","0","3","3","1","","1","0","39 59:59.082","","0","75 08:18.715","3","0","0","0","67301","0","0","0","N","0","0","0","2","67301","0","","1.0","","1","N","N","N","0","","1","0","1","3","2","","328","2","1","0","0","0","0","0","2","0","2","0","0","0","3","03","","N","","","","","","","","","",""
"2022008119","1900","1","0","0","0","0","0","0","0","0","1","1","","67","1","2022","6","39.900344","-75.157915","1855","6","0","0","0","0","0","1","0","0","","0","1","0","18","3","1","N","0","0","39 54:01.237","","3","75 09:28.494","4","0","0","0","67301","0","0","0","N","0","0","0","4","68K01","1","","1.0","","1","N","N","N","0","","0","0","0","0","0","","1845","2","1","0","0","0","0","2","2","0","2","0","0","0","3","03","","N","","","","","","","","","",""
"2022010636","0749","4","0","0","0","0","0","0","0","0","1","0","","67","1","2022","4","39.997613","-75.081596","0749","6","0","0","0","1","0","1","0","0","","0","0","0","7","1","1","N","0","1","39 59:51.406","1","3","75 04:53.745","4","0","0","0","67301","0","0","0","N","0","0","0","5","68K01","1","","1.0","840.0","1","N","N","N","0","","0","0","1","0","0","N","749","5","1","0","0","0","0","0","2","0","5","0","0","0","3","03","","N","","","","","","","","","",""
"2022014535","0202","1","0","1","0","0","0","0","0","0","5","0","","67","1","2022","6","40.059784","-75.081034","0157","6","0","0","0","0","0","0","0","0","","0","0","0","1","3","1","N","0","0","40 03:35.221","","0","75 04:51.721","2","0","0","0","67301","0","0","0","N","0","0","0","1","67301","0","","6.0","","1","N","N","N","0","","0","1","2","0","0","","156","3","1","0","0","0","0","0","2","0","3","0","0","0","3","","","N","","","","","","","","","",""
"2022014667","1917","2","0","0","0","0","0","0","0","0","4","0","","67","1","2022","7","40.07056","-75.184659","1917","6","0","0","0","0","0","0","0","1","","0","0","0","19","3","5","","1","0","40 04:14.015","","0","75 11:04.774","8","0","0","0","67301","0","0","0","N","0","0","0","5","67301","0","","1.0","","1","N","N","N","0","","0","0","0","1","2","","1911","2","5","0","0","0","5","0","2","0","2","0","0","0","3","","","N","","","","","","","","","",""
"2022010856","1112","1","0","0","0","0","0","0","0","0","4","0","","67","1","2022","3","39.957865","-75.201833","1110","6","0","0","0","0","0","1","0","0","","0","0","0","10","1","1","","1","0","39 57:28.313","","0","75 12:06.598","3","0","0","0","67301","0","0","0","N","0","0","0","3","67301","0","","1.0","","1","N","N","N","0","","1","0","1","3","3","","1058","2","1","0","0","0","0","0","2","0","2","0","0","0","3","03","","N","","","","","","","","","",""
"2022007436","1448","1","0","0","0","0","0","0","0","0","7","0","","67","1","2022","7","39.910361","-75.151194","1447","6","0","0","0","0","0","1","0","0","","0","0","0","14","1","1","","3","2","39 54:37.300","3","2","75 09:04.300","3","0","0","0","67301","0","0","0","N","0","0","0","3","68K01","0","","4.0","1528.0","1","N","N","N","0","","1","0","1","3","2","Y","1447","2","1","1","0","0","0","0","2","0","2","0","0","0","3","","","N","","","","","","","","","",""
"2022014881","0922","2","0","0","0","0","0","0","0","0","4","0","","67","1","2022","7","40.028505","-75.16708","0919","6","0","0","0","1","0","0","0","0","","0","0","0","8","1","0","","1","0","40 01:42.618","","0","75 10:01.487","0","0","0","0","67301","0","0","0","N","0","0","0","2","67301","0","","1.0","","1","N","N","N","0","","0","0","0","3","3","","840","2","0","0","0","0","0","0","2","0","2","0","0","0","3","03","","N","","","","","","","","","",""
"2022010300","1913","1","0","0","0","0","0","0","0","0","1","0","","67","1","2022","3","39.904489","-75.150265","1903","6","0","0","0","0","0","0","0","0","","0","0","0","19","3","1","N","0","0","39 54:16.161","","0","75 09:00.953","4","0","0","1","67301","0","0","0","N","0","0","0","2","68K01","1","","1.0","","1","N","N","N","0","","0","0","0","0","0","","1901","2","1","0","0","0","0","0","2","0","2","0","0","0","3","","","N","","","","","","","","","",""
"2022010832","0238","1","0","0","0","0","0","0","0","0","4","0","","67","1","2022","1","39.945766","-75.166775","0234","6","0","0","0","1","0","0","0","0","","0","0","0","2","3","2","","1","2","39 56:44.757","7","0","75 10:00.390","8","0","0","0","67301","0","0","0","N","0","0","0","5","67301","0","","1.0","320.0","1","N","N","N","0","","0","0","0","3","2","Y","230","2","2","0","0","0","2","0","2","1","2","0","0","0","3","03","","N","","","","","","","","","",""
"2022023158","2248","0","0","0","0","0","0","0","0","0","0","0","","67","1","2022","3","39.92234","-75.147833","2240","6","0","0","0","0","0","0","0","0","","0","0","0","22","3","1","N","0","2","39 55:20.423","2","3","75 08:52.197","8","0","0","0","67301","0","0","0","N","0","0","0","1","68K01","0","","1.0","2325.0","1","N","N","N","0","","0","0","1","0","0","N","2235","1","1","0","0","0","1","0","2","0","1","0","0","0","3","","","N","","","","","","","","","",""
"2022010864","1918","0","0","0","0","0","0","0","0","0","8","0","","67","1","2022","3","39.990194","-75.220083","1917","6","0","0","0","0","0","0","0","0","","0","0","0","14","1","1","N","0","0","39 59:24.700","","1","75 13:12.300","8","0","0","0","67301","1","0","0","N","1","0","0","2","67301","0","","2.0","","1","N","N","N","0","","0","0","0","0","0","","1440","2","1","0","0","0","1","0","2","0","1","1","0","0","3","03","","N","","","","","","","","","",""
"2022014664","1000","1","0","0","0","0","0","0","0","0","8","0","","67","1","2022","6","40.053802","-75.160903","1000","6","0","0","0","0","0","0","0","0","","0","0","0","14","1","1","","2","0","40 03:13.687","","0","75 09:39.250","4","0","0","0","67301","1","0","0","N","1","0","0","3","67301","1","","1.0","","99","N","N","N","0","","0","0","0","3","3","","1453","2","1","2","0","0","0","2","2","0","1","1","0","0","99","","","N","","","","","","","","","",""
"2022010893","1849","1","0","0","0","0","0","0","0","0","4","0","","67","1","2022","7","40.043736","-75.13821","1849","6","0","0","0","0","0","0","0","0","","0","0","0","18","3","0","","1","0","40 02:37.449","","0","75 08:17.555","0","0","0","0","67301","0","0","0","N","0","0","0","2","67301","0","","1.0","","1","N","N","N","0","","0","0","1","3","3","","1800","2","0","0","0","0","0","0","2","0","2","0","0","0","3","","","N","","","","","","","","","",""
"2022014814","1116","2","0","0","0","0","0","0","0","0","1","0","","67","1","2022","4","39.997997","-75.125411","1116","6","0","0","0","0","0","0","1","0","","0","0","0","11","1","1","","1","1","39 59:52.789","2","0","75 07:31.478","3","0","0","0","67301","0","0","0","N","0","0","0","3","67301","0","","1.0","1220.0","1","N","N","N","0","","1","0","0","3","2","N","1116","2","1","1","0","0","0","0","2","0","2","0","0","0","3","03","","N","","","","","","","","","",""
"2022025219","2127","1","0","0","0","0","0","0","0","0","5","0","","67","1","2022","3","39.948383","-75.219253","2127","6","0","0","0","0","0","0","0","0","","0","0","0","21","3","1","","5","0","39 56:54.179","","0","75 13:09.311","3","0","0","0","67301","0","0","0","N","0","0","0","3","67301","0","","1.0","","1","N","N","N","0","","1","0","2","3","2","","2127","3","1","1","0","0","0","2","2","0","3","0","0","0","3","03","","N","","","","","","","","","",""
"2022014527","1222","1","0","0","0","0","0","0","0","0","8","0","","67","1","2022","5","39.923246","-75.181873","1220","6","0","0","0","0","0","1","0","0","","0","0","0","12","1","1","","5","1","39 55:23.686","3","0","75 10:54.742","3","0","0","0","67301","1","0","0","N","1","0","0","2","67301","0","","1.0","30.0","2","N","N","N","0","","1","0","0","3","2","Y","1217","2","1","0","0","0","0","0","2","0","1","1","0","0","6","07","","N","","","","","","","","","",""
"2022014717","1935","1","0","0","1","0","0","0","0","0","8","0","","67","1","2022","3","40.034485","-75.048146","1930","6","0","0","0","0","0","0","0","0","","0","0","0","19","3","1","","1","0","40 02:04.146","","0","75 02:53.325","8","0","0","0","67301","1","0","0","N","0","0","0","2","67301","0","","1.0","","1","N","N","N","0","","0","0","0","3","3","","1930","2","1","0","0","0","1","0","2","0","1","1","0","0","3","03","","N","","","","","","","","","",""
"2022014537","1811","0","0","0","0","0","0","0","0","0","8","0","","67","1","2022","6","40.066133","-75.089508","1808","6","0","0","0","0","0","0","0","0","","0","0","0","18","3","2","N","0","2","40 03:58.080","5","0","75 05:22.230","2","0","0","0","67301","2","0","2","N","2","0","2","3","67301","0","","1.0","1811.0","1","N","N","N","0","","0","2","1","0","0","Y","1806","4","2","0","0","0","0","0","2","1","2","2","0","2","3","","","N","","","","","","","","","",""
"2022027046","1920","1","0","0","0","0","0","0","0","0","1","0","","67","3","2022","5","39.966185","-75.13624","1909","6","0","0","0","0","0","0","0","0","","0","0","0","19","3","4","N","0","0","39 57:58.267","","0","75 08:10.463","8","0","0","0","67301","0","0","0","N","0","0","0","8","68K01","0","","1.0","","1","N","N","N","0","","0","0","1","0","0","","1909","3","4","4","0","0","4","0","2","1","3","0","0","0","3","03","","N","","","","","","","","","",""
"2022017088","1435","1","0","0","0","0","0","0","0","0","6","0","","67","2","2022","3","40.062522","-75.042874","1430","6","0","0","0","0","0","0","1","0","","0","0","0","14","1","1","","1","0","40 03:45.079","","0","75 02:34.348","3","0","0","0","67301","0","0","0","N","0","0","0","2","67301","0","","1.0","","1","N","N","N","0","","1","0","1","3","2","","1410","2","1","1","0","0","0","0","2","0","2","0","0","0","3","03","","N","","","","","","","","","",""
"2022010838","0943","1","0","1","0","0","0","0","0","0","6","0","","67","1","2022","6","40.048082","-75.158041","0938","6","0","0","0","0","0","0","0","0","","0","0","0","9","1","1","N","0","2","40 02:53.094","6","0","75 09:28.949","2","0","0","0","67301","0","0","0","N","0","0","0","1","67301","0","","4.0","1232.0","1","N","N","N","0","","0","1","1","0","0","Y","935","2","1","0","0","0","0","0","2","0","2","0","0","0","3","","","N","","","","","","","","","",""
"2022014842","1436","1","0","0","0","0","0","0","0","0","4","0","","67","1","2022","3","40.030737","-75.112002","1422","6","0","0","0","0","0","0","0","0","","0","0","0","14","1","1","","1","0","40 01:50.653","","0","75 06:43.207","8","0","0","0","67301","0","0","0","N","0","0","0","2","67301","0","","1.0","","1","N","N","N","0","","0","0","1","3","2","","1418","2","1","0","0","0","1","0","2","0","2","0","0","0","3","","","N","","","","","","","","","",""
"2022032933","1143","2","0","0","0","0","0","0","0","0","5","0","","67","1","2022","4","40.044306","-75.12875","1142","6","0","0","0","0","0","0","1","0","","0","0","0","11","1","0","N","0","0","40 02:39.500","","0","75 07:43.500","0","0","0","0","67301","0","0","0","N","0","0","0","1","67301","0","","6.0","","1","N","N","N","0","","0","0","1","0","0","","1133","3","0","0","0","0","0","0","2","0","3","0","0","0","3","03","","N","","","","","","","","","",""
"2022005990","2016","1","0","0","0","0","0","0","0","0","1","0","45","67","1","2022","6","39.994018","-75.084529","1944","6","0","0","0","0","0","0","0","0","","0","0","0","19","3","0","N","0","1","39 59:38.466","2","0","75 05:04.305","0","0","0","0","67301","0","0","0","N","0","0","0","6","68K01","0","","1.0","2057.0","1","N","N","N","0","","0","0","2","0","0","N","1937","3","0","0","0","0","0","0","2","0","3","0","0","0","3","","Y","Y","4","1","N","N","N","N","Y","N","N","N"
"2022032917","1631","0","0","0","0","0","0","0","0","0","7","0","","67","2","2022","3","39.988786","-75.124433","1631","6","0","0","0","0","0","0","0","0","","0","0","0","16","1","0","","2","0","39 59:19.628","","0","75 07:27.958","0","0","0","0","67301","0","0","0","N","0","0","0","3","67301","0","","4.0","","9","N","N","N","0","","0","0","1","0","0","","1631","1","0","0","0","0","0","0","2","0","1","0","0","0","7","07","","N","","","","","","","","","",""
"2022043959","2106","0","0","0","0","0","0","0","0","0","8","0","","67","5","2022","1","39.936227","-75.170447","2105","6","0","0","0","0","0","0","0","0","","0","0","0","20","3","1","","1","0","39 56:10.417","","0","75 10:13.609","4","0","0","0","67301","1","0","0","N","1","0","0","2","67301","1","","1.0","","99","N","N","N","0","","0","0","1","3","3","","2030","2","1","0","0","0","0","0","2","0","1","1","0","0","99","","","N","","","","","","","","","",""
"2022066296","0309","0","0","0","0","0","0","0","0","0","7","0","","67","6","2022","1","39.936808","-75.199181","0258","6","0","0","0","0","0","0","0","0","","0","0","0","2","3","1","N","0","0","39 56:12.508","","0","75 11:57.051","3","0","0","0","67301","0","0","0","N","0","0","0","1","68K01","0","","4.0","","1","N","N","N","0","","1","0","1","0","0","","255","1","1","1","0","0","0","0","2","0","1","0","0","0","3","03","","N","","","","","","","","","",""
"2022063154","1450","1","0","0","0","0","0","0","0","0","1","0","","67","6","2022","5","39.996873","-75.196683","1447","6","0","0","0","0","0","0","0","0","","0","0","0","14","1","1","N","0","1","39 59:48.743","3","0","75 11:48.060","8","0","0","0","67301","0","0","0","N","0","0","0","3","68K01","0","","1.0","100.0","1","N","N","N","1","","0","0","0","0","0","Y","1433","2","1","0","0","0","1","0","2","0","2","0","0","0","3","","","N","","","","","","","","","",""