"CRN","ARRIVAL_TM","AUTOMOBILE_COUNT","BELTED_DEATH_COUNT","BELTED_SUSP_SERIOUS_INJ_COUNT","BICYCLE_COUNT","BICYCLE_DEATH_COUNT","BICYCLE_SUSP_SERIOUS_INJ_COUNT","BUS_COUNT","CHLDPAS_DEATH_COUNT","CHLDPAS_SUSP_SERIOUS_INJ_COUNT","COLLISION_TYPE","COMM_VEH_COUNT","CONS_ZONE_SPD_LIM","COUNTY","CRASH_MONTH","CRASH_YEAR","DAY_OF_WEEK","DEC_LATITUDE","DEC_LONGITUDE","DISPATCH_TM","DISTRICT","DRIVER_COUNT_16YR","DRIVER_COUNT_17YR","DRIVER_COUNT_18YR","DRIVER_COUNT_19YR","DRIVER_COUNT_20YR","DRIVER_COUNT_50_64YR","DRIVER_COUNT_65_74YR","DRIVER_COUNT_75PLUS","EST_HRS_CLOSED","FATAL_COUNT","HEAVY_TRUCK_COUNT","HORSE_BUGGY_COUNT","HOUR_OF_DAY","ILLUMINATION","INJURY_COUNT","INTERSECTION_RELATED","INTERSECT_TYPE","LANE_CLOSED","LATITUDE","LN_CLOSE_DIR","LOCATION_TYPE","LONGITUDE","MAX_SEVERITY_LEVEL","MCYCLE_DEATH_COUNT","MCYCLE_SUSP_SERIOUS_INJ_COUNT","MOTORCYCLE_COUNT","MUNICIPALITY","NONMOTR_COUNT","NONMOTR_DEATH_COUNT","NONMOTR_SUSP_SERIOUS_INJ_COUNT","NTFY_HIWY_MAINT","PED_COUNT","PED_DEATH_COUNT","PED_SUSP_SERIOUS_INJ_COUNT","PERSON_COUNT","POLICE_AGCY","POSSIBLE_INJ_COUNT","RDWY_SURF_TYPE_CD","RELATION_TO_ROAD","ROADWAY_CLEARED","ROAD_CONDITION","SCH_BUS_IND","SCH_ZONE_IND","SECONDARY_CRASH","SMALL_TRUCK_COUNT","SPEC_JURIS_CD","SUSP_MINOR_INJ_COUNT","SUSP_SERIOUS_INJ_COUNT","SUV_COUNT","TCD_FUNC_CD","TCD_TYPE","TFC_DETOUR_IND","TIME_OF_DAY","TOTAL_UNITS","TOT_INJ_COUNT","UNBELTED_OCC_COUNT","UNB_DEATH_COUNT","UNB_SUSP_SERIOUS_INJ_COUNT","UNK_INJ_DEG_COUNT","UNK_INJ_PER_COUNT","URBAN_RURAL","VAN_COUNT","VEHICLE_COUNT","VULNERABLE_ROAD_USER_COUNT","VULNERABLE_ROAD_USER_DEATH_COUNT","VULNERABLE_ROAD_USER_SER_INJ_COUNT","WEATHER1","WEATHER2","WORKERS_PRES","WORK_ZONE_IND","WORK_ZONE_LOC","WORK_ZONE_TYPE","WZ_CLOSE_DETOUR","WZ_FLAGGER","WZ_LAW_OFFCR_IND","WZ_LN_CLOSURE","WZ_MOVING","WZ_OTHER","WZ_SHLDER_MDN","WZ_WORKERS_INJ_KILLED"
"2022064630","0330","1","0","0","0","0","0","0","0","0","2","0","","67","7","2022","4","40.036061","-75.087866","0311","6","0","0","0","1","0","0","0","0","","0","0","0","3","3","1","","1","0","40 02:09.819","","0","75 05:16.319","4","0","0","0","67301","0","0","0","N","0","0","0","1","67301","1","","1.0","","1","N","N","N","0","","0","0","2","3","2","","311","3","1","0","0","0","0","0","2","0","3","0","0","0","3","","","N","","","","","","","","","",""
"2022063925","0023","1","1","0","0","0","0","0","0","0","98","0","","67","4","2022","6","39.899166","-75.176536","0015","6","0","0","0","0","0","1","0","0","","1","0","0","0","3","0","N","0","1","39 53:56.999","2","3","75 10:35.529","1","0","0","0","67301","0","0","0","N","0","0","0","2","68K01","0","1","1.0","334.0","9","N","N","N","1","0","0","0","0","0","0","N","8","2","0","0","0","0","0","0","2","0","2","0","0","0","3","","","N","","","","","","","","","",""
"2022063659","1645","0","0","0","0","0","0","0","0","0","4","0","","67","5","2022","4","39.9789","-75.147327","1641","6","0","0","0","0","0","0","0","0","","0","0","0","15","1","1","","1","0","39 58:44.040","","0","75 08:50.377","4","0","0","0","67301","0","0","0","N","0","0","0","2","67301","1","","1.0","","1","N","N","N","0","","0","0","2","3","3","","1557","2","1","0","0","0","0","0","2","0","2","0","0","0","3","03","","N","","","","","","","","","",""
"2022065867","2156","2","0","0","0","0","0","0","0","0","4","0","","67","7","2022","1","40.055324","-75.073194","2152","6","0","0","0","1","0","1","0","0","","0","0","0","21","3","1","","1","0","40 03:19.168","","0","75 04:23.497","3","0","0","0","67301","0","0","0","N","0","0","0","2","67301","0","","1.0","","1","N","N","N","0","","1","0","0","3","2","","2150","2","1","1","0","0","0","1","2","0","2","0","0","0","3","","","N","","","","","","","","","",""
"2022064953","2112","2","0","0","0","0","0","0","0","0","4","0","","67","7","2022","2","39.904045","-75.240114","2112","6","0","0","0","0","0","0","0","0","","0","0","0","13","1","1","","1","0","39 54:14.563","","0","75 14:24.409","3","0","0","0","67301","0","0","0","N","0","0","0","1","67301","0","","1.0","","1","N","N","N","0","","1","0","0","3","2","","1340","2","1","0","0","0","0","0","2","0","2","0","0","0","3","","","N","","","","","","","","","",""
"2022014817","2155","2","0","0","0","0","0","0","0","0","4","0","","67","1","2022","6","40.015043","-75.135168","2155","6","0","0","0","0","0","0","0","0","","0","0","0","17","1","1","","1","0","40 00:54.154","","0","75 08:06.604","8","0","0","0","67301","0","0","0","N","0","0","0","2","67301","0","","1.0","","1","N","N","N","0","","0","0","0","3","2","","1700","2","1","0","0","0","1","1","2","0","2","0","0","0","3","03","","N","","","","","","","","","",""
"2022004921","2348","1","0","0","0","0","0","0","0","0","5","0","","67","1","2022","5","39.983189","-75.156819","2348","6","0","0","0","0","0","1","0","0","","0","0","0","23","3","2","","1","2","39 58:59.480","1","0","75 09:24.548","2","0","0","0","67301","0","0","0","N","0","0","0","2","67505","0","","1.0","230.0","1","N","N","N","0","","0","1","1","3","2","Y","2347","2","2","0","0","0","1","0","2","0","2","0","0","0","3","03","","N","","","","","","","","","",""
"2022033221","","0","0","0","0","0","0","0","0","0","7","0","","67","3","2022","2","39.911099","-75.149892","","6","0","0","0","0","0","0","0","0","","0","0","0","2","3","0","N","0","0","39 54:39.957","","8","75 08:59.611","0","0","0","0","67301","0","0","0","N","0","0","0","1","00000","0","","4.0","","1","","","N","0","","0","0","1","0","0","","200","1","0","0","0","0","0","0","2","0","1","0","0","0","3","","","N","","","","","","","","","",""
"2022063068","1956","0","0","0","0","0","0","0","0","0","6","0","","67","5","2022","6","39.975975","-75.231617","1955","6","0","0","0","0","0","0","0","0","","0","0","0","19","1","1","N","0","2","39 58:33.510","5","0","75 13:53.820","3","0","0","1","67301","0","0","0","N","0","0","0","2","67301","0","","1.0","2147.0","1","N","N","N","1","","1","0","1","0","0","Y","1948","3","1","0","0","0","0","0","2","0","3","0","0","0","3","03","","N","","","","","","","","","",""
"2022014846","0738","0","0","0","0","0","0","0","0","0","7","0","","67","1","2022","7","40.033108","-75.139181","0738","6","0","0","0","0","0","0","0","0","","0","0","0","16","3","0","N","0","0","40 01:59.190","","0","75 08:21.050","9","0","0","0","67301","0","0","0","N","0","0","0","1","67301","0","","4.0","","99","N","N","N","0","","0","0","1","0","0","","1646","2","0","0","0","0","0","1","2","0","2","0","0","0","99","98","","N","","","","","","","","","",""
"2022007959","1645","2","0","0","0","0","0","0","0","0","4","0","","67","1","2022","1","39.985946","-75.161254","1643","6","0","0","0","0","0","0","0","0","","0","0","0","16","1","0","","1","2","39 59:09.405","2","0","75 09:40.514","0","0","0","0","67301","0","0","0","N","0","0","0","4","67505","0","","1.0","1715.0","1","N","N","N","0","","0","0","0","3","3","Y","1640","2","0","0","0","0","0","0","2","0","2","0","0","0","3","04","","N","","","","","","","","","",""
"2022014875","0844","1","0","0","0","0","0","0","0","0","1","0","","67","1","2022","6","40.018117","-75.169991","0835","6","0","0","0","0","0","0","0","0","","0","0","0","8","1","1","N","0","1","40 01:05.220","1","0","75 10:11.968","2","0","0","0","67301","0","0","0","N","0","0","0","2","67301","0","","1.0","900.0","1","N","N","N","0","","0","1","1","0","0","Y","835","2","1","0","0","0","0","0","2","0","2","0","0","0","3","03","","N","","","","","","","","","",""
"2022010815","0218","1","0","0","0","0","0","0","0","0","6","0","","67","1","2022","6","40.033961","-75.089311","0201","6","0","0","0","0","0","0","0","0","","0","0","0","1","3","0","N","0","2","40 02:02.260","4","0","75 05:21.520","0","0","0","0","67301","0","0","0","N","0","0","0","1","67301","0","","6.0","334.0","1","N","N","N","1","","0","0","0","0","0","N","154","2","0","0","0","0","0","0","2","0","2","0","0","0","3","","","N","","","","","","","","","",""
"2022014637","0838","1","0","0","0","0","0","0","0","0","1","0","","67","1","2022","1","39.911148","-75.23051","0828","6","0","0","0","0","0","0","0","0","","0","0","0","8","1","1","","1","0","39 54:40.132","","0","75 13:49.836","4","0","0","0","67301","0","0","0","N","0","0","0","2","67301","1","","1.0","","1","N","N","N","0","","0","0","1","3","2","","825","2","1","1","0","0","0","0","2","0","2","0","0","0","3","03","","N","","","","","","","","","",""
"2022014624","0320","1","0","0","0","0","0","0","0","0","7","0","","67","1","2022","6","39.944968","-75.167754","0320","6","0","0","0","0","0","0","0","0","","0","0","0","3","3","0","","2","0","39 56:41.884","","0","75 10:03.914","0","0","0","0","67301","0","0","0","N","0","0","0","1","67301","0","","4.0","","1","N","N","N","0","","0","0","0","0","0","","310","1","0","0","0","0","0","0","2","0","1","0","0","0","3","","","N","","","","","","","","","",""
"2022010892","0541","0","0","0","0","0","0","0","0","0","4","0","","67","1","2022","7","40.045003","-75.123562","0540","6","0","0","0","0","0","0","1","0","","0","0","0","5","3","0","","1","0","40 02:42.011","","0","75 07:24.823","0","0","0","0","67301","0","0","0","N","0","0","0","3","67301","0","","1.0","","1","N","N","N","1","","0","0","1","3","2","","539","2","0","0","0","0","0","0","2","0","2","0","0","0","3","03","","N","","","","","","","","","",""
"2022014831","1135","0","0","0","0","0","0","0","0","0","3","0","","67","1","2022","2","39.987882","-75.143994","1135","6","0","0","0","0","0","1","0","0","","0","0","0","11","1","1","","1","0","39 59:16.375","","0","75 08:38.378","3","0","0","0","67301","0","0","0","N","0","0","0","2","67301","0","","1.0","","99","N","N","N","0","","1","0","1","3","3","","1150","2","1","0","0","0","0","0","2","1","2","0","0","0","4","04","","N","","","","","","","","","",""
"2022014576","0805","0","0","0","0","0","0","0","0","0","4","0","","67","1","2022","6","40.063974","-75.059602","0753","6","0","0","0","0","0","0","0","0","","0","0","0","6","1","4","","1","0","40 03:50.306","","0","75 03:34.568","3","0","0","0","67301","0","0","0","N","0","0","0","5","67301","0","","1.0","","1","N","N","N","1","","4","0","2","3","3","","635","3","4","0","0","0","0","0","2","0","3","0","0","0","3","03","","N","","","","","","","","","",""
"2022014790","1628","2","0","0","0","0","0","0","0","0","4","0","","67","1","2022","3","39.987694","-75.166981","1622","6","0","0","0","0","0","0","0","0","","0","0","0","16","1","2","","1","0","39 59:15.698","","0","75 10:01.131","4","0","0","0","67301","0","0","0","N","0","0","0","5","67301","1","","1.0","","1","N","N","N","0","","0","0","1","3","3","","1615","3","2","2","0","0","1","1","2","0","3","0","0","0","3","03","","N","","","","","","","","","",""
"2022005136","1705","2","0","0","0","0","0","0","0","0","4","0","","67","1","2022","6","40.004705","-75.152241","1700","6","0","0","0","0","1","0","0","0","","0","0","0","16","3","0","","1","0","40 00:16.937","","0","75 09:08.069","0","0","0","0","67301","0","0","0","N","0","0","0","2","67505","0","","1.0","","1","N","N","N","0","","0","0","0","3","2","","1655","2","0","0","0","0","0","0","2","0","2","0","0","0","3","","","N","","","","","","","","","",""
"2022039715","0612","0","0","0","0","0","0","0","0","0","7","1","","67","4","2022","4","39.909722","-75.154306","0612","6","0","0","0","0","0","0","1","0","","0","1","0","6","1","1","N","0","0","39 54:35.000","","5","75 09:15.500","3","0","0","0","67301","0","0","0","N","0","0","0","1","67501","0","","4.0","","1","N","N","N","0","","1","0","0","3","8","","612","1","1","0","0","0","0","0","2","0","1","0","0","0","3","03","","N","","","","","","","","","",""
"2022055612","1648","1","0","0","0","0","0","0","0","0","8","0","","67","6","2022","5","40.03594","-75.042382","1646","6","0","0","0","0","0","1","0","0","","0","0","0","16","1","2","","1","0","40 02:09.385","","0","75 02:32.575","3","0","0","0","67301","2","0","0","N","2","0","0","3","67301","0","","1.0","","1","N","N","N","0","","2","0","0","3","2","","1640","3","2","1","0","0","0","0","2","0","1","2","0","0","3","03","","N","","","","","","","","","",""
"2022044104","1304","0","0","0","0","0","0","0","0","0","1","0","","67","4","2022","2","40.038972","-75.15005","1304","6","0","0","0","0","0","0","0","0","","0","0","0","13","1","1","","1","0","40 02:20.300","","0","75 09:00.181","4","0","0","0","67301","0","0","0","N","0","0","0","2","67301","1","","1.0","","99","N","N","N","0","","0","0","2","3","2","","1330","2","1","1","0","0","0","1","2","0","2","0","0","0","99","","","N","","","","","","","","","",""
"2022043939","2208","1","0","0","0","0","0","0","0","0","4","0","","67","5","2022","1","40.009369","-75.078607","2208","6","0","0","0","0","0","0","0","0","","0","0","0","22","3","1","","1","0","40 00:33.728","","0","75 04:42.985","3","0","0","1","67301","0","0","0","N","0","0","0","4","67301","0","","1.0","","1","N","N","N","0","","1","0","0","3","3","","2200","2","1","0","0","0","0","0","2","0","2","0","0","0","3","03","","N","","","","","","","","","",""
"2022055688","0515","1","0","0","0","0","0","0","0","0","7","0","","67","6","2022","1","40.015553","-75.176726","0456","6","0","0","0","0","0","0","0","0","","0","0","0","4","3","1","N","0","0","40 00:55.991","","0","75 10:36.214","2","0","0","0","67301","0","0","0","N","0","0","0","1","67301","0","","4.0","","9","N","N","N","0","","0","1","0","0","0","","453","1","1","0","0","0","0","0","2","0","1","0","0","0","7","03","","N","","","","","","","","","",""
"2022010840","0900","3","0","0","0","0","0","0","0","0","3","0","","67","1","2022","1","40.042827","-75.181284","0900","6","0","0","0","0","0","0","0","0","","0","0","0","0","8","0","N","0","0","40 02:34.177","","0","75 10:52.621","9","0","0","0","67301","0","0","0","N","0","0","0","1","67301","0","","6.0","","1","N","N","N","0","","0","0","0","0","0","","0","3","0","1","0","0","0","1","2","0","3","0","0","0","3","03","","N","","","","","","","","","",""
"2022010858","1329","1","0","0","0","0","0","0","0","0","4","0","","67","1","2022","4","39.950209","-75.237177","1323","6","0","0","0","0","0","0","1","0","","0","0","0","13","1","0","","1","0","39 57:00.752","","0","75 14:13.837","0","0","0","0","67301","0","0","0","N","0","0","0","2","67301","0","","1.0","","1","N","N","N","0","","0","0","1","3","2","","1320","2","0","0","0","0","0","0","2","0","2","0","0","0","3","03","","N","","","","","","","","","",""
"2022024885","0140","3","0","0","0","0","0","0","0","0","4","0","","67","3","2022","6","39.92165","-75.242695","0138","6","0","0","0","0","0","1","0","0","","0","0","0","1","3","1","","1","1","39 55:17.939","1","0","75 14:33.701","4","0","0","0","67301","0","0","0","N","0","0","0","5","67301","1","","1.0","420.0","1","N","N","N","0","","0","0","1","3","1","N","119","4","1","5","0","0","0","2","2","0","4","0","0","0","3","03","","N","","","","","","","","","",""
"2022041394","1545","0","0","0","0","0","0","0","0","0","7","0","","67","4","2022","1","39.959087","-75.180678","1533","6","0","0","0","0","0","0","0","0","","0","0","0","15","1","2","N","0","2","39 57:32.713","3","0","75 10:50.440","4","0","0","0","67301","0","0","0","N","0","0","0","2","68K01","1","","4.0","1600.0","1","N","N","N","0","","0","0","0","0","0","Y","1532","1","2","0","0","0","1","0","2","1","1","0","0","0","3","03","","N","","","","","","","","","",""
"2022023703","0312","1","0","0","0","0","0","0","0","0","4","0","","67","1","2022","1","40.047488","-75.091868","0312","6","0","0","0","0","0","0","0","0","","0","0","0","3","3","2","","1","2","40 02:50.956","7","0","75 05:30.725","8","0","0","0","67301","0","0","0","N","0","0","0","3","67301","0","","1.0","312.0","2","N","N","Y","1","","0","0","0","3","2","Y","306","2","2","0","0","0","2","1","2","0","2","0","0","0","3","03","","N","","","","","","","","","",""
"2022004244","1000","2","0","0","0","0","0","0","0","0","4","0","","67","1","2022","3","40.029789","-75.05578","0957","6","0","0","0","0","0","0","0","0","","0","0","0","9","1","1","N","0","0","40 01:47.239","","7","75 03:20.809","3","0","0","0","67301","0","0","0","N","0","0","0","2","67301","0","","1.0","","1","N","N","N","0","","1","0","0","0","0","","956","2","1","0","0","0","0","0","2","0","2","0","0","0","3","","","N","","","","","","","","","",""
"2022014803","1029","1","0","0","0","0","0","0","0","0","5","0","","67","1","2022","1","40.000828","-75.105547","1029","6","0","0","0","0","0","0","0","1","","0","0","0","10","1","0","N","0","1","40 00:02.980","2","1","75 06:19.970","9","0","0","0","67301","0","0","0","N","0","0","0","2","67301","0","","1.0","1200.0","1","N","N","N","0","","0","0","0","0","0","Y","1027","2","0","0","0","0","0","2","2","1","2","0","0","0","3","04","","N","","","","","","","","","",""
"2022044004","0129","1","0","0","0","0","0","0","0","0","2","0","","67","1","2022","2","39.998147","-75.110428","0129","6","0","0","0","0","0","0","0","0","","0","0","0","1","3","0","","2","0","39 59:53.329","","1","75 06:37.540","0","0","0","0","67301","0","0","0","N","0","0","0","1","67301","0","","1.0","","9","N","N","N","0","","0","0","1","0","0","","129","2","0","0","0","0","0","0","2","0","2","0","0","0","7","07","","N","","","","","","","","","",""
"2022010839","0135","1","0","0","0","0","0","0","0","0","4","0","","67","1","2022","6","40.077412","-75.175518","0135","6","0","0","0","0","0","1","0","0","","0","0","0","20","3","0","","1","0","40 04:38.684","","0","75 10:31.865","0","0","0","0","67301","0","0","0","N","0","0","0","2","67301","0","","1.0","","1","N","N","N","1","","0","0","0","3","2","","2000","2","0","2","0","0","0","0","2","0","2","0","0","0","3","03","","N","","","","","","","","","",""
"2022044058","1530","1","0","0","0","0","0","0","0","0","8","0","","67","5","2022","4","39.997452","-75.145106","1530","6","0","0","0","0","0","0","0","0","","0","0","0","21","3","1","","1","0","39 59:50.827","","0","75 08:42.381","2","0","0","0","67301","1","0","1","N","1","0","1","2","67301","0","","1.0","","1","N","N","N","0","","0","1","0","3","3","","2130","2","1","0","0","0","0","0","2","0","1","1","0","1","3","03","","N","","","","","","","","","",""
"2022019687","2110","2","0","0","0","0","0","0","0","0","5","0","","67","2","2022","2","39.976772","-75.160028","2057","6","0","0","0","0","0","0","0","0","","0","0","0","20","3","0","N","0","2","39 58:36.380","2","0","75 09:36.100","0","0","0","0","67301","0","0","0","N","0","0","0","1","67301","0","","6.0","2322.0","1","N","N","Y","0","","0","0","1","0","0","Y","2057","3","0","0","0","0","0","0","2","0","3","0","0","0","3","03","","N","","","","","","","","","",""
"2022044054","0442","1","0","0","0","0","0","0","0","0","4","0","","67","5","2022","1","40.003111","-75.128286","0434","6","0","0","0","0","0","1","0","0","","0","0","0","4","3","1","","1","0","40 00:11.199","","0","75 07:41.829","3","0","0","0","67301","0","0","0","N","0","0","0","2","67301","0","","1.0","","1","N","N","N","1","","1","0","0","3","2","","434","2","1","0","0","0","0","0","2","0","2","0","0","0","3","03","","N","","","","","","","","","",""
"2022044123","0124","0","0","0","0","0","0","0","0","0","7","0","","67","5","2022","4","40.003693","-75.181291","0119","6","0","0","0","0","0","0","0","0","","0","0","0","1","3","0","","5","0","40 00:13.296","","0","75 10:52.648","9","0","0","0","67301","0","0","0","N","0","0","0","1","67301","0","","4.0","","1","N","N","N","0","","0","0","1","3","2","","114","1","0","0","0","0","0","1","2","0","1","0","0","0","3","03","","N","","","","","","","","","",""
"2022043998","1933","1","0","0","0","0","0","0","0","0","8","0","","67","5","2022","4","39.9837","-75.184783","1918","6","0","0","0","0","0","0","0","0","","0","0","0","19","1","1","","1","0","39 59:01.320","","0","75 11:05.218","8","0","0","0","67301","1","0","0","N","1","0","0","2","67301","0","","1.0","","1","N","N","N","0","","0","0","0","3","3","","1917","2","1","0","0","0","1","0","2","0","1","1","0","0","3","","","N","","","","","","","","","",""
"2022044072","2131","1","0","0","0","0","0","0","0","0","4","0","","67","5","2022","1","39.970586","-75.150888","2131","6","0","0","0","0","0","0","0","0","","0","0","0","21","3","2","","1","0","39 58:14.110","","1","75 09:03.197","3","0","0","0","67301","0","0","0","N","0","0","0","2","67301","0","","1.0","","1","N","N","N","0","","1","0","1","3","3","","2130","2","2","1","0","0","1","0","2","0","2","0","0","0","3","","","N","","","","","","","","","",""
"2022043848","1240","1","0","0","0","0","0","0","0","0","4","0","","67","4","2022","6","40.066401","-74.982159","1236","6","0","0","0","0","0","1","1","0","","0","0","0","12","1","2","","2","0","40 03:59.042","","0","74 58:55.772","3","0","0","0","67301","0","0","0","N","0","0","0","3","67301","0","","1.0","","1","N","N","N","0","","2","0","1","0","0","","1225","2","2","0","0","0","0","0","2","0","2","0","0","0","3","03","","N","","","","","","","","","",""
"2022055644","1322","0","0","0","0","0","0","0","0","0","5","1","","67","6","2022","5","39.978729","-75.158224","1321","6","0","0","0","0","0","1","0","0","","0","1","0","13","1","1","N","0","0","39 58:43.426","","0","75 09:29.608","4","0","0","0","67301","0","0","0","N","0","0","0","2","67301","1","","6.0","","1","N","N","N","0","","0","0","1","0","0","","1320","2","1","0","0","0","0","0","2","0","2","0","0","0","3","03","","N","","","","","","","","","",""
"2022034302","1840","1","0","0","0","0","0","0","0","0","7","0","","67","1","2022","1","39.902291","-75.151301","1827","6","0","1","0","0","0","0","0","0","","0","0","0","18","3","0","N","0","1","39 54:08.249","2","0","75 09:04.683","0","0","0","0","67301","0","0","0","N","0","0","0","1","68K01","0","","4.0","1900.0","7","N","N","N","0","","0","0","0","0","0","N","1803","1","0","0","0","0","0","0","2","0","1","0","0","0","2","","","N","","","","","","","","","",""
"2022056509","1048","1","0","0","0","0","0","0","0","0","7","0","","67","5","2022","4","39.899068","-75.167258","1048","6","0","0","1","0","0","0","0","0","","0","0","0","10","1","0","N","0","1","39 53:56.644","1","0","75 10:02.129","0","0","0","0","67301","0","0","0","N","0","0","0","1","68K01","0","","4.0","1123.0","1","N","N","Y","0","","0","0","0","0","0","N","1048","1","0","0","0","0","0","0","2","0","1","0","0","0","3","","","N","","","","","","","","","",""
"2022044114","0226","0","0","0","0","0","0","0","0","0","8","0","","67","4","2022","7","40.003273","-75.165898","0224","6","0","0","0","0","0","0","0","0","","0","0","0","2","3","1","","1","1","40 00:11.783","2","0","75 09:57.234","2","0","0","0","67301","1","0","1","N","0","0","0","2","67301","0","","1.0","330.0","1","N","N","N","0","","0","1","1","3","2","Y","223","2","1","0","0","0","0","0","2","0","1","1","0","1","3","03","","N","","","","","","","","","",""
"2022014715","1856","1","0","0","0","0","0","0","0","0","4","0","","67","1","2022","2","40.053209","-75.044106","1845","6","0","1","0","0","0","0","0","0","","0","0","0","17","4","0","","1","0","40 03:11.552","","0","75 02:38.781","0","0","0","0","67301","0","0","0","N","0","0","0","2","67301","0","","1.0","","1","N","N","N","0","","0","0","1","3","3","","1757","2","0","0","0","0","0","0","2","0","2","0","0","0","3","","","N","","","","","","","","","",""
"2022014756","0921","2","0","0","0","0","0","0","0","0","4","0","","67","1","2022","3","39.960442","-75.241062","0912","6","0","0","0","0","0","1","0","0","","0","0","0","9","1","0","","1","0","39 57:37.591","","0","75 14:27.822","9","0","0","0","67301","0","0","0","N","0","0","0","2","67301","0","","1.0","","1","N","N","N","0","","0","0","0","2","2","","904","2","0","0","0","0","0","2","2","0","2","0","0","0","3","","","N","","","","","","","","","",""
"2022055633","0800","0","0","0","0","0","0","1","0","0","4","1","","67","6","2022","3","39.952925","-75.246703","0747","6","0","0","0","0","0","0","0","1","","0","0","0","7","1","2","","1","1","39 57:10.530","3","0","75 14:48.130","3","0","0","0","67301","0","0","0","N","0","0","0","10","67301","0","","1.0","1000.0","1","Y","N","N","0","","2","0","2","3","2","N","715","3","2","0","0","0","0","0","2","0","3","0","0","0","3","03","","N","","","","","","","","","",""
"2022043728","1706","1","0","0","0","0","0","0","0","0","7","0","","67","5","2022","6","39.886754","-75.214235","1645","6","0","0","0","0","0","0","0","0","","0","0","0","16","1","0","N","0","1","39 53:12.315","2","0","75 12:51.246","0","0","0","0","67301","0","0","0","N","0","0","0","1","68K01","0","","4.0","1718.0","9","N","N","N","0","","0","0","0","0","0","Y","1643","1","0","0","0","0","0","0","2","0","1","0","0","0","7","","","N","","","","","","","","","",""
"2022043987","1815","2","0","0","0","0","0","0","0","0","5","0","","67","4","2022","6","39.99218","-75.233706","1804","6","0","0","0","0","0","1","0","0","","0","0","0","18","1","1","","1","1","39 59:31.848","1","0","75 14:01.341","3","0","0","0","67301","0","0","0","N","0","0","0","3","67301","0","","1.0","1928.0","1","N","N","N","0","","1","0","1","3","2","Y","1800","3","1","0","0","0","0","0","2","0","3","0","0","0","3","03","","N","","","","","","","","","",""
"2022048107","1232","0","0","0","0","0","0","0","0","0","5","0","","67","5","2022","2","40.067312","-75.02824","1224","6","0","0","0","0","0","1","0","0","","0","0","0","12","1","1","","1","0","40 04:02.323","","0","75 01:41.663","3","0","0","1","67301","0","0","0","N","0","0","0","1","67301","0","","5.0","","1","N","N","N","0","","1","0","1","3","3","","1214","2","1","0","0","0","0","0","2","0","2","0","0","0","3","","","N","","","","","","","","","",""
"2022014850","2337","3","0","0","0","0","0","0","0","0","4","0","","67","1","2022","7","40.03148","-75.140864","2336","6","0","0","0","0","0","0","0","0","","0","0","0","23","3","0","","1","0","40 01:53.328","","0","75 08:27.110","9","0","0","0","67301","0","0","0","N","0","0","0","2","67301","0","","1.0","","1","N","N","N","0","","0","0","0","3","3","","2325","3","0","0","0","0","0","1","2","0","3","0","0","0","3","03","","N","","","","","","","","","",""
"2022032940","1149","1","0","0","0","0","0","0","0","0","4","0","","67","4","2022","1","40.037211","-75.136476","1144","6","0","0","0","0","0","0","0","0","","0","0","0","11","1","3","","3","0","40 02:13.959","","0","75 08:11.315","2","0","0","0","67301","0","0","0","N","0","0","0","3","67301","0","","1.0","","9","N","N","N","0","","2","1","1","0","0","","1110","2","3","1","0","1","0","0","2","0","2","0","0","0","3","","","N","","","","","","","","","",""
"2022044100","0050","2","0","0","0","0","0","0","0","0","4","0","","67","5","2022","3","40.027579","-75.147244","0047","6","0","0","0","0","0","0","0","0","","0","0","0","23","3","2","","1","0","40 01:39.286","","0","75 08:50.079","3","0","0","0","67301","0","0","0","N","0","0","0","4","67301","0","","1.0","","1","N","N","N","0","","2","0","0","3","2","","2350","2","2","1","0","0","0","1","2","0","2","0","0","0","3","03","","N","","","","","","","","","",""
"2022038100","0957","1","0","0","0","0","0","0","0","0","1","0","","67","4","2022","5","39.958491","-75.167717","0950","6","0","0","0","0","0","0","0","0","","0","0","0","9","1","0","N","0","0","39 57:30.567","","0","75 10:03.782","0","0","0","0","67301","0","0","0","N","0","0","0","2","68K01","0","","1.0","","1","N","N","N","0","","0","0","1","0","0","","947","2","0","0","0","0","0","0","2","0","2","0","0","0","3","03","","N","","","","","","","","","",""
"2022005397","1826","1","0","0","0","0","0","0","0","0","5","0","","67","1","2022","7","39.982833","-75.158694","1826","6","0","0","0","0","1","0","0","0","","0","0","0","18","3","0","N","0","2","39 58:58.200","2","0","75 09:31.300","0","0","0","0","67301","0","0","0","N","0","0","0","1","67505","0","","6.0","1835.0","1","N","N","N","1","","0","0","0","0","0","Y","1820","2","0","0","0","0","0","0","2","0","2","0","0","0","3","03","","N","","","","","","","","","",""
"2022014811","1026","1","0","0","0","0","0","0","0","0","8","0","","67","1","2022","3","40.002626","-75.124413","1021","6","0","0","0","0","0","0","0","0","","0","0","0","9","1","1","","1","0","40 00:09.455","","0","75 07:27.886","8","0","0","0","67301","1","0","0","N","1","0","0","2","67301","0","","1.0","","1","N","N","N","0","","0","0","0","3","2","","957","2","1","0","0","0","1","0","2","0","1","1","0","0","3","","","N","","","","","","","","","",""
"2022041519","1848","1","0","0","0","0","0","0","0","0","1","0","","67","4","2022","1","39.937234","-75.198806","1831","6","0","0","0","0","0","0","0","0","","0","0","0","18","1","1","","6","1","39 56:14.042","4","8","75 11:55.702","3","0","0","0","67301","0","0","0","N","0","0","0","3","68K01","0","","1.0","45.0","1","N","N","N","0","","1","0","0","0","0","N","1822","2","1","0","0","0","0","0","2","1","2","0","0","0","3","","","N","","","","","","","","","",""