"CRN","ARRIVAL_TM","AUTOMOBILE_COUNT","BELTED_DEATH_COUNT","BELTED_SUSP_SERIOUS_INJ_COUNT","BICYCLE_COUNT","BICYCLE_DEATH_COUNT","BICYCLE_SUSP_SERIOUS_INJ_COUNT","BUS_COUNT","CHLDPAS_DEATH_COUNT","CHLDPAS_SUSP_SERIOUS_INJ_COUNT","COLLISION_TYPE","COMM_VEH_COUNT","CONS_ZONE_SPD_LIM","COUNTY","CRASH_MONTH","CRASH_YEAR","DAY_OF_WEEK","DEC_LATITUDE","DEC_LONGITUDE","DISPATCH_TM","DISTRICT","DRIVER_COUNT_16YR","DRIVER_COUNT_17YR","DRIVER_COUNT_18YR","DRIVER_COUNT_19YR","DRIVER_COUNT_20YR","DRIVER_COUNT_50_64YR","DRIVER_COUNT_65_74YR","DRIVER_COUNT_75PLUS","EST_HRS_CLOSED","FATAL_COUNT","HEAVY_TRUCK_COUNT","HORSE_BUGGY_COUNT","HOUR_OF_DAY","ILLUMINATION","INJURY_COUNT","INTERSECTION_RELATED","INTERSECT_TYPE","LANE_CLOSED","LATITUDE","LN_CLOSE_DIR","LOCATION_TYPE","LONGITUDE","MAX_SEVERITY_LEVEL","MCYCLE_DEATH_COUNT","MCYCLE_SUSP_SERIOUS_INJ_COUNT","MOTORCYCLE_COUNT","MUNICIPALITY","NONMOTR_COUNT","NONMOTR_DEATH_COUNT","NONMOTR_SUSP_SERIOUS_INJ_COUNT","NTFY_HIWY_MAINT","PED_COUNT","PED_DEATH_COUNT","PED_SUSP_SERIOUS_INJ_COUNT","PERSON_COUNT","POLICE_AGCY","POSSIBLE_INJ_COUNT","RDWY_SURF_TYPE_CD","RELATION_TO_ROAD","ROADWAY_CLEARED","ROAD_CONDITION","SCH_BUS_IND","SCH_ZONE_IND","SECONDARY_CRASH","SMALL_TRUCK_COUNT","SPEC_JURIS_CD","SUSP_MINOR_INJ_COUNT","SUSP_SERIOUS_INJ_COUNT","SUV_COUNT","TCD_FUNC_CD","TCD_TYPE","TFC_DETOUR_IND","TIME_OF_DAY","TOTAL_UNITS","TOT_INJ_COUNT","UNBELTED_OCC_COUNT","UNB_DEATH_COUNT","UNB_SUSP_SERIOUS_INJ_COUNT","UNK_INJ_DEG_COUNT","UNK_INJ_PER_COUNT","URBAN_RURAL","VAN_COUNT","VEHICLE_COUNT","VULNERABLE_ROAD_USER_COUNT","VULNERABLE_ROAD_USER_DEATH_COUNT","VULNERABLE_ROAD_USER_SER_INJ_COUNT","WEATHER1","WEATHER2","WORKERS_PRES","WORK_ZONE_IND","WORK_ZONE_LOC","WORK_ZONE_TYPE","WZ_CLOSE_DETOUR","WZ_FLAGGER","WZ_LAW_OFFCR_IND","WZ_LN_CLOSURE","WZ_MOVING","WZ_OTHER","WZ_SHLDER_MDN","WZ_WORKERS_INJ_KILLED"
"2022010857","2149","2","0","0","0","0","0","0","0","0","4","0","","67","1","2022","3","39.954999","-75.238168","2148","6","0","0","0","0","0","0","0","0","","0","0","0","21","3","2","","1","0","39 57:17.996","","0","75 14:17.404","3","0","0","0","67301","0","0","0","N","0","0","0","3","67301","0","","1.0","","1","N","N","N","0","","1","0","1","3","2","","2147","3","2","0","0","0","1","1","2","0","3","0","0","0","3","","","N","","","","","","","","","",""
"2022032929","0303","4","0","0","0","0","0","0","0","0","4","0","","67","4","2022","6","39.983399","-75.129351","0303","6","0","0","0","0","0","0","0","0","","0","0","0","3","3","0","","1","0","39 59:00.236","","0","75 07:45.663","0","0","0","0","67301","0","0","0","N","0","0","0","2","67301","0","","1.0","","9","N","N","N","0","","0","0","3","3","3","","303","7","0","0","0","0","0","0","2","0","7","0","0","0","7","07","","N","","","","","","","","","",""
"2022051224","1742","1","0","0","0","0","0","0","0","0","7","0","","67","5","2022","6","39.929383","-75.197549","1727","6","0","0","0","0","0","0","0","0","","0","0","0","17","1","1","","6","2","39 55:45.779","3","2","75 11:51.176","4","0","0","0","67301","0","0","0","N","0","0","0","1","68K01","1","","7.0","1810.0","9","N","N","N","0","","0","0","0","3","3","Y","1724","1","1","0","0","0","0","0","2","0","1","0","0","0","3","","","N","","","","","","","","","",""
"2022065505","1755","0","0","0","0","0","0","0","0","0","2","0","","67","7","2022","7","40.041412","-75.120105","1750","6","0","0","0","0","0","0","0","0","","0","0","0","17","1","1","","1","0","40 02:29.083","","0","75 07:12.377","3","0","0","0","67301","0","0","0","N","0","0","0","3","67301","0","","1.0","","1","N","N","N","0","","1","0","2","3","2","","1740","2","1","0","0","0","0","0","2","0","2","0","0","0","4","","","N","","","","","","","","","",""
"2022065926","0324","0","0","0","0","0","0","0","0","0","7","0","","67","7","2022","4","39.97679","-75.197817","0315","6","0","0","0","0","0","0","0","0","","0","0","0","3","3","0","N","0","1","39 58:36.445","3","0","75 11:52.140","0","0","0","0","67301","0","0","0","N","0","0","0","2","68K01","0","","2.0","350.0","1","N","N","N","1","","0","0","0","0","0","N","305","1","0","0","0","0","0","0","2","0","1","0","0","0","3","","","N","","","","","","","","","",""
"2022065987","1927","0","0","0","0","0","0","0","0","0","1","0","","67","7","2022","7","39.959055","-75.171308","1913","6","0","0","0","0","0","1","0","0","","0","0","0","19","1","0","N","0","1","39 57:32.597","4","0","75 10:16.709","0","0","0","0","67301","0","0","0","N","0","0","0","2","68K01","0","","1.0","1948.0","1","N","N","N","0","","0","0","2","0","0","N","1910","2","0","0","0","0","0","0","2","0","2","0","0","0","3","03","","N","","","","","","","","","",""
"2022029757","1735","1","0","0","0","0","0","0","0","0","8","0","","67","3","2022","2","39.971449","-75.241818","1733","6","0","0","0","0","0","0","0","1","","0","0","0","17","4","1","","2","0","39 58:17.218","","0","75 14:30.546","3","0","0","0","67301","1","0","0","N","1","0","0","2","67301","0","","1.0","","1","N","N","N","0","","1","0","0","0","0","","1732","2","1","0","0","0","0","0","2","0","1","1","0","0","3","03","","N","","","","","","","","","",""
"2022017626","","0","0","0","0","0","0","0","0","0","4","0","","67","2","2022","1","39.935101","-75.157081","","6","0","0","0","0","0","0","0","0","","0","0","0","3","3","1","","1","0","39 56:06.363","","0","75 09:25.491","8","0","0","0","67301","0","0","0","N","0","0","0","2","00000","0","","1.0","","1","","","N","0","","0","0","1","3","2","","300","2","1","0","0","0","1","0","2","0","2","0","0","0","3","","","N","","","","","","","","","",""
"2022043975","2318","2","0","0","0","0","0","0","0","0","4","0","","67","4","2022","6","39.955499","-75.24211","2315","6","0","0","0","0","0","1","0","0","","0","0","0","22","3","0","","1","0","39 57:19.796","","0","75 14:31.596","9","0","0","0","67301","0","0","0","N","0","0","0","2","67301","0","","1.0","","1","N","N","N","0","","0","0","0","3","3","","2203","2","0","0","0","0","0","1","2","0","2","0","0","0","3","03","","N","","","","","","","","","",""
"2022021879","1420","1","0","0","0","0","0","1","0","0","1","1","","67","2","2022","3","40.032893","-75.177728","1355","6","0","0","0","0","0","1","0","0","","0","0","0","13","1","2","","2","0","40 01:58.414","","0","75 10:39.820","8","0","0","0","67301","0","0","0","N","0","0","0","2","67508","0","","1.0","","1","","","N","0","","0","0","0","3","2","","1355","2","2","1","0","0","2","0","2","0","2","0","0","0","3","03","","N","","","","","","","","","",""
"2022026243","0136","1","0","0","0","0","0","0","0","0","4","0","","67","2","2022","7","39.940851","-75.212589","0132","6","0","0","0","0","0","1","0","0","","0","0","0","1","3","0","","1","2","39 56:27.063","5","0","75 12:45.321","9","0","0","0","67301","0","0","0","N","0","0","0","2","67301","0","","1.0","300.0","1","N","N","N","1","","0","0","0","3","2","Y","130","2","0","0","0","0","0","1","2","0","2","0","0","0","3","03","","N","","","","","","","","","",""
"2022014854","1845","1","0","0","0","0","0","0","0","0","8","0","","67","1","2022","3","40.050579","-75.142107","1845","6","0","0","0","0","0","0","1","0","","0","0","0","17","8","1","","1","0","40 03:02.085","","0","75 08:31.586","8","0","0","0","67301","1","0","0","N","1","0","0","2","67301","0","","1.0","","99","N","N","N","0","","0","0","0","3","2","","1752","2","1","0","0","0","1","0","2","0","1","1","0","0","99","","","N","","","","","","","","","",""
"2022055611","1500","1","0","0","0","0","0","0","0","0","8","0","","67","6","2022","5","40.033547","-75.035958","1440","6","0","0","0","0","0","0","1","0","","0","0","0","14","1","1","N","0","0","40 02:00.770","","0","75 02:09.450","3","0","0","0","67301","1","0","0","N","1","0","0","2","67301","0","","1.0","","1","N","N","N","0","","1","0","0","0","0","","1439","2","1","0","0","0","0","0","2","0","1","1","0","0","3","03","","N","","","","","","","","","",""
"2022020763","1153","0","0","0","0","0","0","0","0","0","6","0","","67","2","2022","4","40.013517","-75.141636","1149","6","0","0","0","0","0","0","0","0","","0","0","0","11","1","1","N","0","0","40 00:48.660","","0","75 08:29.890","3","0","0","0","67301","0","0","0","N","0","0","0","3","67301","0","","1.0","","1","N","N","N","1","","1","0","1","0","0","","1137","3","1","1","0","0","0","0","2","1","3","0","0","0","3","04","","N","","","","","","","","","",""
"2022014608","1315","1","0","0","0","0","0","0","0","0","4","0","","67","1","2022","3","40.078112","-75.023623","1304","6","0","0","0","0","0","0","0","0","","0","0","0","12","1","1","","2","0","40 04:41.204","","0","75 01:25.042","8","0","0","0","67301","0","0","0","N","0","0","0","2","67301","0","","1.0","","1","N","N","N","0","","0","0","1","3","2","","1256","2","1","0","0","0","1","0","2","0","2","0","0","0","4","04","","N","","","","","","","","","",""
"2022039720","0659","1","0","0","0","0","0","0","0","0","7","0","","67","3","2022","1","39.943614","-75.143004","0659","6","0","0","0","0","0","0","0","0","","0","0","0","6","1","1","N","0","0","39 56:37.011","","0","75 08:34.816","3","0","0","0","67301","0","0","0","N","0","0","0","1","68K01","0","","4.0","","1","N","N","N","0","","1","0","0","0","0","","659","1","1","0","0","0","0","0","2","0","1","0","0","0","3","03","","N","","","","","","","","","",""
"2022055550","0055","1","0","0","0","0","0","0","0","0","8","0","","67","6","2022","7","39.942012","-75.152332","0050","6","0","0","0","0","0","0","0","0","","0","0","0","0","3","1","","1","0","39 56:31.243","","0","75 09:08.396","3","0","0","0","67301","1","0","0","N","1","0","0","1","67301","0","","4.0","","1","N","N","N","0","","1","0","0","3","2","","28","2","1","0","0","0","0","0","2","0","1","1","0","0","3","","","N","","","","","","","","","",""
"2022055664","2347","1","0","0","1","0","0","0","0","0","8","0","","67","6","2022","4","39.979156","-75.13749","2337","6","0","0","0","0","0","0","0","0","","0","0","0","17","1","1","","1","0","39 58:44.962","","0","75 08:14.965","3","0","0","0","67301","1","0","0","N","0","0","0","1","67301","0","","1.0","","1","N","N","N","0","","1","0","0","0","0","","1730","2","1","0","0","0","0","0","2","0","1","1","0","0","3","03","","N","","","","","","","","","",""
"2022043801","0140","1","0","0","0","0","0","0","0","0","5","0","","67","4","2022","6","40.052203","-75.0916","0136","6","0","0","0","0","0","0","0","0","","0","0","0","1","3","1","N","0","2","40 03:07.930","3","0","75 05:29.760","4","0","0","0","67301","0","0","0","N","0","0","0","1","67301","1","","6.0","330.0","1","N","N","N","2","","0","0","2","0","0","Y","136","5","1","0","0","0","0","0","2","0","5","0","0","0","3","03","","N","","","","","","","","","",""
"2022043796","0150","1","0","0","0","0","0","0","0","0","1","0","","67","5","2022","2","39.921144","-75.193801","0147","6","0","0","0","0","0","1","0","0","","0","0","0","1","3","2","","1","0","39 55:16.119","","0","75 11:37.683","3","0","0","0","67301","0","0","0","N","0","0","0","3","67301","0","","1.0","","1","N","N","N","0","","2","0","1","3","2","","130","2","2","1","0","0","0","0","2","0","2","0","0","0","3","03","","N","","","","","","","","","",""
"2022056359","2105","1","0","0","0","0","0","0","0","0","5","0","","67","6","2022","2","39.996649","-75.175534","2057","6","0","0","0","0","0","0","0","1","","0","0","0","16","1","2","","1","0","39 59:47.935","","0","75 10:31.923","3","0","0","0","67301","0","0","0","N","0","0","0","3","67301","0","","2.0","","1","N","N","N","0","","2","0","0","3","2","","1630","2","2","0","0","0","0","1","2","1","2","0","0","0","3","","","N","","","","","","","","","",""
"2022041566","","1","0","0","0","0","0","0","0","0","5","0","","67","1","2022","1","40.043823","-75.08526","","6","0","0","0","0","0","0","0","0","","0","0","0","14","1","1","N","0","0","40 02:37.762","","0","75 05:06.936","8","0","0","0","67301","0","0","0","N","0","0","0","4","00000","0","","1.0","","1","N","N","N","0","","0","0","1","0","0","","1440","2","1","0","0","0","1","0","2","0","2","0","0","0","3","","","N","","","","","","","","","",""
"2022043935","1508","1","0","0","0","0","0","0","0","0","7","0","","67","4","2022","7","40.01176","-75.088241","1508","6","0","0","0","0","0","0","0","0","","0","0","0","15","1","1","N","0","0","40 00:42.337","","1","75 05:17.667","3","0","0","0","67301","0","0","0","N","0","0","0","1","67301","0","","3.0","","1","N","N","N","0","","1","0","0","0","0","","1507","1","1","0","0","0","0","0","2","0","1","0","0","0","3","03","","N","","","","","","","","","",""
"2022044127","2000","0","0","0","0","0","0","0","0","0","8","0","","67","5","2022","4","40.000204","-75.158143","1953","6","0","0","0","0","0","0","0","0","","0","0","0","18","1","1","","2","0","40 00:00.734","","0","75 09:29.314","8","0","0","0","67301","1","0","0","N","1","0","0","2","67301","0","","1.0","","1","N","N","N","0","","0","0","0","0","0","","1850","2","1","0","0","0","1","0","2","0","1","1","0","0","3","03","","N","","","","","","","","","",""
"2022043703","1055","1","0","0","0","0","0","0","0","0","1","0","","67","5","2022","1","39.941575","-75.194381","1029","6","0","0","0","0","0","1","0","0","","0","0","0","10","1","0","N","0","2","39 56:29.671","4","3","75 11:39.771","0","0","0","0","67301","0","0","0","N","0","0","0","5","68K01","0","","1.0","1100.0","1","N","N","N","0","","0","0","2","3","8","N","1026","3","0","0","0","0","0","0","2","0","3","0","0","0","3","","","N","","","","","","","","","",""
"2022055909","0942","0","0","0","0","0","0","0","0","0","7","0","","67","5","2022","7","39.957142","-75.144361","0942","6","0","0","0","0","0","0","0","0","","0","0","0","9","1","0","","7","1","39 57:25.710","4","2","75 08:39.698","0","0","0","0","67301","0","0","0","N","0","0","0","1","68K01","0","","4.0","955.0","1","N","N","N","0","","0","0","1","0","0","N","942","1","0","0","0","0","0","0","2","0","1","0","0","0","3","03","","N","","","","","","","","","",""
"2022047786","2115","2","0","0","0","0","0","0","0","0","1","0","","67","4","2022","6","40.010456","-75.123892","2110","6","0","0","0","0","0","1","0","0","","0","0","0","21","3","1","N","0","0","40 00:37.640","","0","75 07:26.010","8","0","0","0","67301","0","0","0","N","0","0","0","2","67301","0","","1.0","","1","N","N","N","0","","0","0","0","0","0","","2110","2","1","1","0","0","1","0","2","0","2","0","0","0","3","03","","N","","","","","","","","","",""
"2022047196","1415","0","0","0","0","0","0","0","0","0","3","0","","67","5","2022","4","39.964222","-75.233592","1415","6","0","0","0","0","0","0","1","0","","0","0","0","11","1","1","N","0","0","39 57:51.200","","0","75 14:00.930","8","0","0","0","67301","0","0","0","N","0","0","0","3","67301","0","","1.0","","1","N","N","N","1","","0","0","1","0","0","","1124","2","1","0","0","0","1","1","2","0","2","0","0","0","3","03","","N","","","","","","","","","",""
"2022043852","1834","0","0","0","0","0","0","0","0","0","8","0","","67","5","2022","3","40.082572","-74.987236","1822","6","0","0","0","0","0","0","0","0","","0","0","0","18","1","1","N","0","0","40 04:57.260","","0","74 59:14.050","4","0","0","0","67301","1","0","0","N","1","0","0","2","67301","1","","1.0","","1","N","N","N","0","","0","0","1","0","0","","1821","2","1","1","0","0","0","0","2","0","1","1","0","0","3","03","","N","","","","","","","","","",""
"2022044092","1400","1","0","0","0","0","0","0","0","0","4","0","","67","4","2022","7","40.053112","-75.13777","1355","6","0","0","0","0","0","0","1","0","","0","0","0","12","1","1","","1","0","40 03:11.203","","0","75 08:15.971","2","0","0","0","67301","0","0","0","N","0","0","0","2","67301","0","","1.0","","1","N","N","N","0","","0","1","1","3","2","","1235","2","1","0","0","0","0","0","2","0","2","0","0","0","3","","","N","","","","","","","","","",""
"2022043882","1440","1","0","0","0","0","0","0","0","0","8","0","","67","5","2022","2","39.937097","-75.226661","1434","6","0","0","0","0","0","0","0","0","","0","0","0","14","1","1","","1","0","39 56:13.549","","0","75 13:35.979","8","0","0","0","67301","1","0","0","N","1","0","0","2","67301","0","","1.0","","1","N","N","N","0","","0","0","0","0","0","","1424","2","1","0","0","0","1","0","2","0","1","1","0","0","3","03","","N","","","","","","","","","",""
"2022044115","1300","0","0","0","0","0","0","0","0","0","0","0","","67","4","2022","7","40.007018","-75.191882","1250","6","0","0","0","0","0","0","0","0","","0","0","0","12","1","1","","2","0","40 00:25.263","","0","75 11:30.776","2","0","1","1","67301","0","0","0","N","0","0","0","1","67301","0","","1.0","","3","N","N","N","0","","0","1","0","0","0","","1245","1","1","0","0","0","0","0","2","0","1","0","0","0","3","03","","N","","","","","","","","","",""
"2022046467","1020","0","0","0","0","0","0","0","0","0","4","0","","67","4","2022","6","39.951163","-75.153585","1020","6","0","0","0","0","0","0","1","0","","0","0","0","10","1","1","","1","0","39 57:04.188","","0","75 09:12.905","4","0","0","0","67301","0","0","0","N","0","0","0","2","67508","1","","1.0","","9","N","N","Y","0","","0","0","2","3","2","","1020","2","1","1","0","0","0","0","2","0","2","0","0","0","3","03","","N","","","","","","","","","",""
"2022050572","0420","2","0","0","0","0","0","0","0","0","5","0","","67","4","2022","4","40.052661","-75.141654","0420","6","0","0","0","0","0","0","0","0","","0","0","0","4","3","0","N","0","0","40 03:09.581","","0","75 08:29.953","9","0","0","0","67301","0","0","0","N","0","0","0","1","67301","0","","6.0","","1","N","N","N","0","","0","0","1","0","0","","418","3","0","0","0","0","0","1","2","0","3","0","0","0","3","03","","N","","","","","","","","","",""
"2022055583","0315","0","0","0","0","0","0","0","0","0","8","0","","67","4","2022","7","39.94822","-75.164563","0257","6","0","0","0","0","0","0","0","0","","1","0","0","2","3","0","","1","0","39 56:53.591","","0","75 09:52.428","1","0","0","0","67301","1","1","0","N","1","1","0","2","67301","0","2","1.0","","1","N","N","N","0","0","0","0","1","3","2","","253","2","0","1","0","0","0","0","2","0","1","1","1","0","3","03","","N","","","","","","","","","",""
"2022023770","2230","1","0","0","0","0","0","0","0","0","1","0","","67","3","2022","5","39.974664","-75.184304","2230","6","0","0","0","0","0","0","0","0","","0","0","0","22","3","0","N","0","1","39 58:28.789","4","0","75 11:03.493","0","0","0","0","67301","0","0","0","N","0","0","0","1","67301","0","","1.0","2350.0","1","N","N","N","0","","0","0","1","0","0","Y","2230","2","0","1","0","0","0","0","2","0","2","0","0","0","3","03","","N","","","","","","","","","",""
"2022049518","1415","1","0","0","0","0","0","0","0","0","4","1","","67","5","2022","4","39.991898","-75.109332","1355","6","0","0","0","1","0","1","0","0","","0","1","0","13","1","1","","2","0","39 59:30.833","","0","75 06:33.594","4","0","0","0","67301","0","0","0","N","0","0","0","2","67508","1","","1.0","","1","N","N","Y","0","","0","0","0","3","3","","1355","2","1","0","0","0","0","0","2","0","2","0","0","0","3","03","","N","","","","","","","","","",""
"2022066073","2019","0","0","0","0","0","0","0","0","0","1","0","","67","6","2022","1","39.957811","-75.161396","2019","6","0","0","0","0","0","0","0","0","","0","0","0","20","1","0","N","0","0","39 57:28.120","","0","75 09:41.024","0","0","0","0","67301","0","0","0","N","0","0","0","3","68K01","0","","1.0","","1","N","N","N","0","","0","0","2","0","0","","2019","2","0","0","0","0","0","0","2","0","2","0","0","0","3","","","N","","","","","","","","","",""
"2022048643","1411","0","0","0","0","0","0","0","0","0","1","0","","67","5","2022","1","40.014483","-75.055131","1355","6","0","0","0","0","0","1","0","0","","0","0","0","13","1","3","N","0","0","40 00:52.139","","0","75 03:18.470","3","0","0","0","67301","0","0","0","N","0","0","0","4","68K01","0","","1.0","","1","N","N","N","0","","1","0","2","0","0","","1351","2","3","0","0","0","2","0","2","0","2","0","0","0","3","03","","N","","","","","","","","","",""
"2022041083","1652","2","0","0","0","0","0","0","0","0","5","0","","67","4","2022","7","39.967351","-75.13304","1652","6","0","0","0","1","0","0","1","0","","0","0","0","16","1","0","N","0","0","39 58:02.464","","0","75 07:58.944","0","0","0","0","67301","0","0","0","N","0","0","0","2","68K01","0","","1.0","","1","N","N","N","0","","0","0","0","0","0","","1644","2","0","0","0","0","0","0","2","0","2","0","0","0","3","03","","N","","","","","","","","","",""
"2022047935","1902","0","0","0","0","0","0","0","0","0","7","0","","67","5","2022","1","40.082374","-74.964469","1848","6","0","0","0","0","0","0","0","0","","0","0","0","18","1","2","N","0","0","40 04:56.547","","0","74 57:52.088","3","0","0","0","67301","0","0","0","N","0","0","0","3","67301","0","","5.0","","9","N","N","N","0","","2","0","1","0","0","","1822","1","2","0","0","0","0","0","2","0","1","0","0","0","7","","","N","","","","","","","","","",""
"2022055545","0435","2","0","0","0","0","0","0","0","0","4","0","","67","6","2022","7","40.02958","-75.103989","0435","6","0","0","0","0","0","0","0","0","","0","0","0","4","3","0","","5","1","40 01:46.488","5","0","75 06:14.359","0","0","0","0","67301","0","0","0","N","0","0","0","2","67301","0","","1.0","520.0","1","N","N","N","0","","0","0","0","3","2","N","435","2","0","0","0","0","0","0","2","0","2","0","0","0","3","","","N","","","","","","","","","",""
"2022044098","2127","1","0","0","0","0","0","0","0","0","8","0","","67","5","2022","2","40.023447","-75.145069","2125","6","0","0","0","0","0","0","0","0","","0","0","0","21","1","1","N","0","0","40 01:24.410","","0","75 08:42.250","3","0","0","0","67301","1","0","0","N","1","0","0","2","67301","0","","4.0","","1","N","N","N","0","","1","0","0","0","0","","2117","2","1","0","0","0","0","0","2","0","1","1","0","0","3","","","N","","","","","","","","","",""
"2022040292","0019","1","0","0","0","0","0","0","0","0","1","0","","67","4","2022","7","40.006168","-75.151802","0018","6","0","0","0","0","0","0","0","0","","0","0","0","0","3","0","","1","1","40 00:22.203","1","0","75 09:06.487","9","0","0","0","67301","0","0","0","N","0","0","0","4","67505","0","","1.0","130.0","1","N","N","N","0","","0","0","2","3","2","N","15","3","0","0","0","0","0","3","2","0","3","0","0","0","3","03","","N","","","","","","","","","",""
"2022056484","1603","0","0","0","0","0","0","0","0","0","4","0","","67","6","2022","4","40.045111","-75.087584","1558","6","0","0","0","0","0","0","1","0","","0","0","0","15","1","1","N","0","0","40 02:42.398","","7","75 05:15.301","2","0","1","1","67301","0","0","0","N","0","0","0","4","67301","0","","2.0","","1","N","N","N","0","","0","1","1","0","0","","1553","2","1","0","0","0","0","1","2","0","2","0","0","0","3","03","","N","","","","","","","","","",""
"2022043850","2140","2","0","0","0","0","0","0","0","0","4","0","","67","5","2022","1","40.095744","-74.959369","2132","6","0","0","0","0","0","0","0","0","","0","0","0","21","3","0","N","0","0","40 05:44.680","","0","74 57:33.728","0","0","0","0","67301","0","0","0","N","0","0","0","2","67301","0","","1.0","","1","N","N","N","0","","0","0","0","0","0","","2131","2","0","0","0","0","0","0","2","0","2","0","0","0","3","03","","N","","","","","","","","","",""
"2022055621","1346","0","0","0","0","0","0","0","0","0","4","1","","67","6","2022","2","40.012552","-75.073222","1346","6","0","0","0","0","0","0","0","0","","0","1","0","13","1","0","","1","1","40 00:45.188","1","0","75 04:23.599","0","0","0","0","67301","0","0","0","N","0","0","0","2","67301","0","","1.0","1348.0","1","N","N","N","0","","0","0","1","3","2","N","1323","2","0","0","0","0","0","0","2","0","2","0","0","0","3","","","N","","","","","","","","","",""
"2022044101","0840","1","0","0","0","0","0","0","0","0","1","0","","67","5","2022","4","40.023844","-75.133523","0840","6","0","0","0","0","0","0","0","0","","0","0","0","8","1","6","N","0","0","40 01:25.840","","3","75 08:00.684","4","0","0","0","67301","0","0","0","N","0","0","0","6","67301","6","","1.0","","9","N","N","N","0","","0","0","2","0","0","","840","4","6","6","0","0","0","0","2","1","4","0","0","0","4","07","","N","","","","","","","","","",""
"2022055598","0900","0","0","0","0","0","0","1","0","0","6","2","","67","6","2022","6","40.058492","-75.165755","0840","6","0","0","0","0","0","0","0","0","","0","1","0","7","1","1","N","0","1","40 03:30.571","3","0","75 09:56.717","3","0","0","0","67301","0","0","0","N","0","0","0","3","67301","0","","1.0","1000.0","1","Y","N","N","1","","1","0","0","0","0","N","750","3","1","0","0","0","0","0","2","0","3","0","0","0","3","03","","N","","","","","","","","","",""
"2022043977","0416","2","0","0","0","0","0","0","0","0","4","0","","67","5","2022","1","39.955253","-75.211681","0416","6","0","0","0","0","0","0","0","0","","0","0","0","4","3","0","","1","0","39 57:18.911","","0","75 12:42.053","0","0","0","0","67301","0","0","0","N","0","0","0","2","67301","0","","1.0","","1","N","N","N","0","","0","0","0","3","2","","415","2","0","0","0","0","0","0","2","0","2","0","0","0","3","03","","N","","","","","","","","","",""
"2022043988","1341","1","0","0","0","0","0","0","0","0","4","0","","67","5","2022","2","39.973888","-75.224067","1334","6","0","0","0","0","0","0","2","0","","0","0","0","13","1","1","","1","0","39 58:25.996","","0","75 13:26.641","3","0","0","0","67301","0","0","0","N","0","0","0","2","67301","0","","1.0","","99","N","N","N","0","","1","0","0","3","3","","1308","2","1","1","0","0","0","1","2","1","2","0","0","0","99","","","N","","","","","","","","","",""
"2022026537","1625","1","0","0","0","0","0","0","0","0","1","0","","67","3","2022","6","39.999811","-75.080203","1600","6","0","0","0","1","0","0","0","0","","0","0","0","15","1","0","N","0","0","39 59:59.320","","3","75 04:48.729","0","0","0","0","67301","0","0","0","N","0","0","0","2","68K01","0","","1.0","","1","N","N","N","0","","0","0","1","0","0","","1559","2","0","0","0","0","0","0","2","0","2","0","0","0","3","","","N","","","","","","","","","",""
"2022050554","1946","3","0","0","0","0","0","0","0","0","1","0","","67","5","2022","1","39.955306","-75.227889","1944","6","0","0","0","0","0","0","0","0","","0","0","0","19","1","1","N","0","0","39 57:19.100","","0","75 13:40.400","3","0","0","0","67301","0","0","0","N","0","0","0","2","67301","0","","1.0","","1","N","N","Y","0","","1","0","2","0","0","","1944","5","1","1","0","0","0","1","2","0","5","0","0","0","4","04","","N","","","","","","","","","",""
"2022043812","1959","4","0","0","0","0","0","0","0","0","5","0","","67","5","2022","1","39.920461","-75.159006","1959","6","0","0","0","0","0","1","0","0","","0","0","0","19","1","2","N","0","2","39 55:13.660","3","0","75 09:32.420","2","0","0","0","67301","0","0","0","N","0","0","0","3","67301","0","","1.0","2130.0","1","N","N","Y","0","","1","1","0","0","0","Y","1900","5","2","2","0","1","0","0","2","1","5","0","0","0","3","","","N","","","","","","","","","",""
"2022055628","1005","0","0","0","0","0","0","0","0","0","4","1","","67","6","2022","3","39.934452","-75.179574","1005","6","0","0","0","0","0","0","0","0","","0","0","0","9","1","1","","1","0","39 56:04.026","","0","75 10:46.467","8","0","0","0","67301","0","0","0","N","0","0","0","2","67301","0","","1.0","","1","N","N","N","1","","0","0","1","3","2","","954","2","1","0","0","0","1","0","2","0","2","0","0","0","3","03","","N","","","","","","","","","",""
"2022021813","","1","0","0","0","0","0","0","0","0","4","0","","67","2","2022","6","39.999101","-75.230871","","6","0","0","0","0","0","0","0","0","","0","0","0","18","1","0","","1","0","39 59:56.764","","0","75 13:51.134","0","0","0","0","67301","0","0","0","N","0","0","0","2","00000","0","","1.0","","1","","","N","0","","0","0","1","0","0","","1845","2","0","0","0","0","0","0","2","0","2","0","0","0","3","","","N","","","","","","","","","",""
"2022010899","1110","2","0","0","0","0","0","0","0","0","1","0","","67","1","2022","7","40.017526","-75.172696","1100","6","0","0","0","0","0","2","0","0","","0","0","0","9","1","0","N","0","0","40 01:03.093","","0","75 10:21.706","0","0","0","0","67301","0","0","0","N","0","0","0","5","67301","0","","1.0","","1","N","N","N","0","","0","0","2","0","0","","945","5","0","0","0","0","0","0","2","1","5","0","0","0","3","03","","N","","","","","","","","","",""