"CRN","ARRIVAL_TM","AUTOMOBILE_COUNT","BELTED_DEATH_COUNT","BELTED_SUSP_SERIOUS_INJ_COUNT","BICYCLE_COUNT","BICYCLE_DEATH_COUNT","BICYCLE_SUSP_SERIOUS_INJ_COUNT","BUS_COUNT","CHLDPAS_DEATH_COUNT","CHLDPAS_SUSP_SERIOUS_INJ_COUNT","COLLISION_TYPE","COMM_VEH_COUNT","CONS_ZONE_SPD_LIM","COUNTY","CRASH_MONTH","CRASH_YEAR","DAY_OF_WEEK","DEC_LATITUDE","DEC_LONGITUDE","DISPATCH_TM","DISTRICT","DRIVER_COUNT_16YR","DRIVER_COUNT_17YR","DRIVER_COUNT_18YR","DRIVER_COUNT_19YR","DRIVER_COUNT_20YR","DRIVER_COUNT_50_64YR","DRIVER_COUNT_65_74YR","DRIVER_COUNT_75PLUS","EST_HRS_CLOSED","FATAL_COUNT","HEAVY_TRUCK_COUNT","HORSE_BUGGY_COUNT","HOUR_OF_DAY","ILLUMINATION","INJURY_COUNT","INTERSECTION_RELATED","INTERSECT_TYPE","LANE_CLOSED","LATITUDE","LN_CLOSE_DIR","LOCATION_TYPE","LONGITUDE","MAX_SEVERITY_LEVEL","MCYCLE_DEATH_COUNT","MCYCLE_SUSP_SERIOUS_INJ_COUNT","MOTORCYCLE_COUNT","MUNICIPALITY","NONMOTR_COUNT","NONMOTR_DEATH_COUNT","NONMOTR_SUSP_SERIOUS_INJ_COUNT","NTFY_HIWY_MAINT","PED_COUNT","PED_DEATH_COUNT","PED_SUSP_SERIOUS_INJ_COUNT","PERSON_COUNT","POLICE_AGCY","POSSIBLE_INJ_COUNT","RDWY_SURF_TYPE_CD","RELATION_TO_ROAD","ROADWAY_CLEARED","ROAD_CONDITION","SCH_BUS_IND","SCH_ZONE_IND","SECONDARY_CRASH","SMALL_TRUCK_COUNT","SPEC_JURIS_CD","SUSP_MINOR_INJ_COUNT","SUSP_SERIOUS_INJ_COUNT","SUV_COUNT","TCD_FUNC_CD","TCD_TYPE","TFC_DETOUR_IND","TIME_OF_DAY","TOTAL_UNITS","TOT_INJ_COUNT","UNBELTED_OCC_COUNT","UNB_DEATH_COUNT","UNB_SUSP_SERIOUS_INJ_COUNT","UNK_INJ_DEG_COUNT","UNK_INJ_PER_COUNT","URBAN_RURAL","VAN_COUNT","VEHICLE_COUNT","VULNERABLE_ROAD_USER_COUNT","VULNERABLE_ROAD_USER_DEATH_COUNT","VULNERABLE_ROAD_USER_SER_INJ_COUNT","WEATHER1","WEATHER2","WORKERS_PRES","WORK_ZONE_IND","WORK_ZONE_LOC","WORK_ZONE_TYPE","WZ_CLOSE_DETOUR","WZ_FLAGGER","WZ_LAW_OFFCR_IND","WZ_LN_CLOSURE","WZ_MOVING","WZ_OTHER","WZ_SHLDER_MDN","WZ_WORKERS_INJ_KILLED"
"2022043945","2000","0","0","0","0","0","0","0","0","0","8","0","","67","5","2022","4","40.034953","-75.052244","1950","6","0","0","0","0","0","0","1","0","","0","0","0","19","1","1","N","0","0","40 02:05.830","","0","75 03:08.080","4","0","0","0","67301","1","0","0","N","1","0","0","2","67301","1","","1.0","","1","N","N","N","0","","0","0","1","0","0","","1900","2","1","0","0","0","0","0","2","0","1","1","0","0","3","03","","N","","","","","","","","","",""
"2022055650","0745","1","0","0","0","0","0","0","0","0","1","1","","67","6","2022","3","39.985463","-75.100078","0730","6","0","0","0","0","1","0","0","0","","0","1","0","7","1","1","","1","0","39 59:07.668","","0","75 06:00.282","3","0","0","0","67301","0","0","0","N","0","0","0","2","67301","0","","1.0","","1","N","N","N","0","","1","0","0","3","3","","706","2","1","1","0","0","0","0","2","0","2","0","0","0","4","","","N","","","","","","","","","",""
"2022044120","1945","0","0","0","0","0","0","0","0","0","4","0","","67","5","2022","3","40.015296","-75.155233","1945","6","0","0","0","1","0","1","0","0","","0","0","0","19","4","0","","2","1","40 00:55.067","6","0","75 09:18.839","0","0","0","0","67301","0","0","0","N","0","0","0","3","67301","0","","1.0","2100.0","1","N","Y","N","0","","0","0","2","3","2","Y","1945","2","0","0","0","0","0","0","2","0","2","0","0","0","3","","","N","","","","","","","","","",""
"2022043822","1523","2","0","0","0","0","0","0","0","0","4","0","","67","5","2022","3","40.030808","-75.226778","1519","6","0","0","1","0","0","0","0","0","","0","0","0","14","1","1","","1","0","40 01:50.908","","0","75 13:36.400","3","0","0","0","67301","0","0","0","N","0","0","0","2","67301","0","","1.0","","1","N","N","N","0","","1","0","0","3","3","","1442","2","1","0","0","0","0","0","2","0","2","0","0","0","3","03","","N","","","","","","","","","",""
"2022048174","0744","1","0","0","0","0","0","0","0","0","1","0","","67","3","2022","5","39.957572","-75.15021","0725","6","0","0","0","0","0","0","0","0","","0","0","0","7","1","0","N","0","0","39 57:27.260","","0","75 09:00.755","0","0","0","0","67301","0","0","0","N","0","0","0","3","68Z99","0","","1.0","","9","N","N","N","0","","0","0","1","0","0","","720","2","0","0","0","0","0","0","2","0","2","0","0","0","3","03","","N","","","","","","","","","",""
"2022043820","0316","2","0","0","0","0","0","0","0","0","4","0","","67","5","2022","1","40.021314","-75.213268","0315","6","0","0","0","0","0","0","0","0","","0","0","0","3","3","2","","1","0","40 01:16.730","","0","75 12:47.764","3","0","0","0","67301","0","0","0","N","0","0","0","4","67301","0","","1.0","","1","N","N","N","0","","2","0","1","3","3","","314","3","2","0","0","0","0","1","2","0","3","0","0","0","3","03","","N","","","","","","","","","",""
"2022044093","0830","1","0","0","0","0","0","0","0","0","8","0","","67","5","2022","1","40.039826","-75.144452","0830","6","0","0","0","0","0","0","0","0","","0","0","0","8","1","1","","1","0","40 02:23.374","","0","75 08:40.028","3","0","0","0","67301","1","0","0","N","1","0","0","2","67301","0","","1.0","","1","N","N","N","0","","1","0","0","3","2","","830","2","1","0","0","0","0","0","2","0","1","1","0","0","3","03","","N","","","","","","","","","",""
"2022044545","0529","1","0","0","0","0","0","0","0","0","4","0","","67","4","2022","5","40.123541","-75.015353","0528","6","0","0","0","0","0","0","1","0","","1","0","0","5","3","0","","1","2","40 07:24.748","7","0","75 00:55.269","1","0","0","0","67301","0","0","0","N","0","0","0","2","67301","0","2","1.0","744.0","1","N","N","N","1","0","0","0","0","3","2","Y","525","2","0","0","0","0","0","0","2","0","2","0","0","0","3","03","","N","","","","","","","","","",""
"2022065789","1151","1","0","0","0","0","0","0","0","0","99","0","","67","7","2022","6","40.012297","-75.138428","1150","6","0","0","1","0","0","0","0","0","","0","0","0","11","1","1","N","0","0","40 00:44.270","","0","75 08:18.340","3","0","0","0","67301","0","0","0","N","0","0","0","1","67301","0","","1.0","","1","N","N","N","0","","1","0","0","0","0","","1135","2","1","1","0","0","0","0","2","0","2","0","0","0","3","03","","N","","","","","","","","","",""
"2022055606","0258","0","0","0","0","0","0","0","0","0","4","0","","67","6","2022","1","40.018698","-75.060235","0253","6","0","0","0","1","0","0","0","0","","0","0","0","2","3","1","","1","0","40 01:07.312","","0","75 03:36.845","3","0","0","0","67301","0","0","0","N","0","0","0","2","67301","0","","1.0","","1","N","N","N","0","","1","0","2","3","3","","247","2","1","0","0","0","0","0","2","0","2","0","0","0","3","","","N","","","","","","","","","",""
"2022049360","1530","2","0","0","0","0","0","0","0","0","4","0","","67","5","2022","5","40.063107","-75.051719","1525","6","0","0","0","0","0","1","0","0","","0","0","0","15","1","1","","5","0","40 03:47.184","","0","75 03:06.187","3","0","0","0","67301","0","0","0","N","0","0","0","2","67301","0","","1.0","","1","N","N","N","0","","1","0","0","3","2","","1510","2","1","0","0","0","0","0","2","0","2","0","0","0","3","03","","N","","","","","","","","","",""
"2022053027","1840","0","0","0","0","0","0","0","0","0","4","0","","67","6","2022","2","40.029719","-75.054003","1837","6","0","0","0","0","0","1","0","0","","0","0","0","18","1","0","","1","1","40 01:46.988","1","0","75 03:14.410","0","0","0","0","67301","0","0","0","N","0","0","0","4","67301","0","","1.0","2033.0","1","N","N","N","0","","0","0","2","3","3","Y","1837","2","0","0","0","0","0","0","2","0","2","0","0","0","3","03","","N","","","","","","","","","",""
"2022055555","1501","0","0","0","0","0","0","0","0","0","4","0","","67","6","2022","6","39.899041","-75.17486","1500","6","0","0","0","0","0","2","0","0","","0","0","0","14","1","0","","1","0","39 53:56.549","","2","75 10:29.495","9","0","0","0","67301","0","0","0","N","0","0","0","2","67301","0","","1.0","","1","N","N","N","0","","0","0","2","3","2","","1400","2","0","0","0","0","0","1","2","0","2","0","0","0","3","","","N","","","","","","","","","",""
"2022043512","0727","0","0","0","0","0","0","0","0","0","8","0","","67","5","2022","3","39.951249","-75.199138","0726","6","0","0","0","0","0","1","0","0","","0","0","0","7","1","1","","1","0","39 57:04.496","","0","75 11:56.898","8","0","0","0","67301","1","0","0","N","1","0","0","2","67504","0","","1.0","","1","N","N","N","0","","0","0","1","3","2","","726","2","1","0","0","0","1","0","2","0","1","1","0","0","3","","","N","","","","","","","","","",""
"2022043198","2059","1","0","0","0","0","0","0","0","0","5","0","","67","5","2022","3","40.001444","-75.194667","2058","6","0","0","0","0","0","2","0","0","","0","0","0","20","3","0","","7","2","40 00:05.200","4","2","75 11:40.800","0","0","0","0","67301","0","0","0","N","0","0","0","2","68K01","0","","7.0","100.0","1","N","N","N","0","","0","0","1","0","0","Y","2056","2","0","0","0","0","0","0","2","0","2","0","0","0","3","03","","N","","","","","","","","","",""
"2022043797","0536","1","0","0","0","0","0","0","0","0","7","0","","67","5","2022","2","39.906812","-75.193655","0530","6","0","0","0","0","0","0","0","0","","0","0","0","5","3","2","N","0","0","39 54:24.524","","0","75 11:37.159","3","0","0","0","67301","0","0","0","N","0","0","0","2","67301","0","","3.0","","1","N","N","N","0","","1","0","0","0","0","","515","1","2","0","0","0","1","0","2","0","1","0","0","0","3","03","","N","","","","","","","","","",""
"2022054610","0223","1","0","0","0","0","0","0","0","0","7","0","","67","6","2022","5","39.986062","-75.208202","0222","6","0","0","0","0","0","0","0","0","","0","0","0","2","3","0","N","0","0","39 59:09.823","","0","75 12:29.527","0","0","0","0","67301","0","0","0","N","0","0","0","2","68K01","0","","4.0","","9","N","N","N","0","","0","0","0","0","0","","220","1","0","0","0","0","0","0","2","0","1","0","0","0","7","","","N","","","","","","","","","",""
"2022047209","0925","0","0","0","0","0","0","0","0","0","5","0","","67","4","2022","7","40.002525","-75.133781","0920","6","0","0","0","0","0","0","0","0","","0","0","0","8","1","0","N","0","0","40 00:09.090","","0","75 08:01.610","9","0","0","0","67301","0","0","0","N","0","0","0","1","67301","0","","6.0","","1","N","N","N","0","","0","0","2","0","0","","801","2","0","1","0","0","0","1","2","0","2","0","0","0","3","","","N","","","","","","","","","",""
"2022029654","1943","1","0","0","0","0","0","0","0","0","4","0","","67","3","2022","7","39.943903","-75.225442","1939","6","0","0","0","0","0","0","1","0","","0","0","0","19","4","1","","1","0","39 56:38.050","","0","75 13:31.591","8","0","0","0","67301","0","0","0","N","0","0","0","3","67301","0","","1.0","","1","N","N","N","0","","0","0","1","3","3","","1938","2","1","0","0","0","1","0","2","0","2","0","0","0","3","03","","N","","","","","","","","","",""
"2022036153","2237","2","0","0","0","0","0","0","0","0","1","0","","67","4","2022","6","39.953725","-75.139316","2237","6","0","0","0","0","1","0","0","0","","0","0","0","22","3","1","N","0","0","39 57:13.409","","3","75 08:21.537","8","0","0","0","67301","0","0","0","N","0","0","0","4","67501","0","","1.0","","1","N","N","N","0","","0","0","0","3","1","","2234","2","1","0","0","0","1","0","2","0","2","0","0","0","3","","","N","","","","","","","","","",""
"2022019598","2018","3","0","0","0","0","0","0","0","0","4","0","","67","2","2022","7","40.037222","-75.03598","2018","6","0","0","0","0","0","0","0","0","","0","0","0","20","2","0","","1","0","40 02:13.999","","0","75 02:09.528","0","0","0","0","67301","0","0","0","N","0","0","0","2","67301","0","","1.0","","1","N","N","N","0","","0","0","0","3","3","","2018","3","0","2","0","0","0","0","2","0","3","0","0","0","3","03","","N","","","","","","","","","",""
"2022029453","0701","1","0","0","0","0","0","0","0","0","1","0","","67","3","2022","2","40.035776","-75.068065","0701","6","0","0","0","0","0","0","1","0","","0","0","0","6","1","0","N","0","2","40 02:08.792","2","0","75 04:05.034","0","0","0","0","67301","0","0","0","N","0","0","0","3","67301","0","","1.0","100.0","1","N","N","N","0","","0","0","2","0","0","N","649","3","0","0","0","0","0","0","2","0","3","0","0","0","3","03","","N","","","","","","","","","",""
"2022050550","1256","1","0","0","0","0","0","0","0","0","7","0","","67","5","2022","3","39.97096","-75.215004","1250","6","0","0","0","0","0","0","0","0","","0","0","0","12","1","0","","2","0","39 58:15.456","","0","75 12:54.013","0","0","0","0","67301","0","0","0","N","0","0","0","1","67301","0","","5.0","","1","N","Y","N","0","","0","0","0","0","0","","1230","1","0","0","0","0","0","0","2","0","1","0","0","0","3","04","","N","","","","","","","","","",""
"2022054592","2344","1","0","0","0","0","0","0","0","0","7","0","","67","5","2022","1","39.956888","-75.155197","2335","6","0","0","0","0","0","0","0","0","","0","0","0","23","3","1","N","0","1","39 57:24.795","3","0","75 09:18.708","4","0","0","0","67301","0","0","0","N","0","0","0","2","68K01","1","","4.0","1208.0","1","N","N","N","0","","0","0","0","0","0","N","2335","1","1","0","0","0","0","0","2","0","1","0","0","0","3","","","N","","","","","","","","","",""
"2022056499","2322","1","0","0","0","0","0","0","0","0","7","0","","67","5","2022","5","39.956939","-75.155543","2316","6","1","0","0","0","0","0","0","0","","0","0","0","23","3","0","N","0","1","39 57:24.980","3","0","75 09:19.953","0","0","0","0","67301","0","0","0","N","0","0","0","1","68K01","0","","4.0","2341.0","1","N","N","N","0","","0","0","0","0","0","N","2309","1","0","0","0","0","0","0","2","0","1","0","0","0","3","","","N","","","","","","","","","",""
"2022042351","1647","1","0","0","0","0","0","0","0","0","7","0","","67","4","2022","5","40.019021","-75.045916","1628","6","0","0","0","0","0","1","0","0","","0","0","0","16","1","1","N","0","0","40 01:08.476","","0","75 02:45.296","3","0","0","0","67301","0","0","0","N","0","0","0","1","68K01","0","","1.0","","1","N","N","N","0","","1","0","0","0","0","","1604","1","1","0","0","0","0","0","2","0","1","0","0","0","3","03","","N","","","","","","","","","",""
"2022053885","0016","2","0","0","0","0","0","0","0","0","5","0","","67","4","2022","1","39.979496","-75.106777","0007","6","0","0","0","0","0","0","0","0","","0","0","0","0","3","0","N","0","2","39 58:46.185","1","0","75 06:24.398","0","0","0","0","67301","0","0","0","N","0","0","0","3","68K02","0","","1.0","100.0","1","N","N","N","0","","0","0","1","0","0","N","5","4","0","0","0","0","0","0","2","0","3","0","0","0","3","","","N","","","","","","","","","",""
"2022056058","1758","0","0","0","0","0","0","0","0","0","7","0","","67","6","2022","4","40.05423","-74.983796","1752","6","0","0","0","0","0","1","0","0","","0","0","0","17","1","1","","2","0","40 03:15.228","","3","74 59:01.665","3","0","0","0","67301","0","0","0","N","0","0","0","1","67301","0","","4.0","","1","N","N","N","0","","1","0","1","0","0","","1751","1","1","0","0","0","0","0","2","0","1","0","0","0","3","03","","N","","","","","","","","","",""
"2022024247","1841","1","0","0","0","0","0","0","0","0","1","0","","67","3","2022","3","40.009184","-75.071642","1825","6","0","0","0","0","0","1","0","0","","0","0","0","17","3","0","N","0","1","40 00:33.061","1","0","75 04:17.911","0","0","0","0","67301","0","0","0","N","0","0","0","3","67301","0","","1.0","1900.0","1","N","N","N","0","","0","0","1","0","0","N","1721","3","0","0","0","0","0","0","2","1","3","0","0","0","3","","","N","","","","","","","","","",""
"2022055563","1225","1","0","0","0","0","0","1","0","0","4","1","","67","6","2022","5","39.954472","-75.148417","1220","6","0","0","0","0","0","0","1","0","","0","0","0","11","1","0","N","0","0","39 57:16.100","","7","75 08:54.300","0","0","0","0","67301","0","0","0","N","0","0","0","2","67301","0","","1.0","","1","N","N","N","0","","0","0","0","0","0","","1130","2","0","0","0","0","0","0","2","0","2","0","0","0","3","03","","N","","","","","","","","","",""
"2022049900","1708","0","0","0","0","0","0","0","0","0","8","0","","67","5","2022","7","40.001392","-75.118953","1704","6","0","0","0","0","0","0","0","0","","0","0","0","16","1","1","N","0","0","40 00:05.010","","0","75 07:08.230","2","0","0","0","67301","1","0","1","N","1","0","1","2","67301","0","","1.0","","1","N","N","N","0","","0","1","1","0","0","","1600","2","1","0","0","0","0","0","2","0","1","1","0","1","3","","","N","","","","","","","","","",""
"2022054320","1700","0","0","0","0","0","0","0","0","0","4","0","","67","5","2022","5","39.924369","-75.169611","1700","6","0","0","0","0","0","0","0","0","","0","0","0","17","1","2","","1","0","39 55:27.728","","0","75 10:10.600","4","0","0","0","67301","0","0","0","N","0","0","0","3","67508","1","","1.0","","1","N","N","N","0","","0","0","2","1","2","","1700","2","2","0","0","0","1","0","2","0","2","0","0","0","3","03","","N","","","","","","","","","",""
"2022051788","0144","1","0","0","0","0","0","0","0","0","7","0","","67","4","2022","5","39.951398","-75.182656","0128","6","0","0","0","0","1","0","0","0","","0","0","0","1","3","0","","7","0","39 57:05.031","","2","75 10:57.560","0","0","0","0","67301","0","0","0","N","0","0","0","1","68K01","0","","7.0","","1","N","N","N","0","","0","0","0","0","0","","121","1","0","0","0","0","0","0","2","0","1","0","0","0","3","03","","N","","","","","","","","","",""
"2022043974","2138","1","0","0","0","0","0","0","0","0","4","0","","67","4","2022","6","39.954461","-75.238278","2138","6","0","0","0","0","0","1","0","0","","0","0","0","21","3","1","","1","0","39 57:16.059","","0","75 14:17.800","3","0","0","0","67301","0","0","0","N","0","0","0","3","67301","0","","1.0","","1","N","N","N","0","","1","0","1","3","3","","2111","2","1","0","0","0","0","0","2","0","2","0","0","0","3","","","N","","","","","","","","","",""
"2022047161","2228","2","0","0","0","0","0","0","0","0","5","0","","67","4","2022","6","39.94535","-75.163456","2228","6","0","0","0","0","0","0","0","0","","0","0","0","22","3","0","N","0","0","39 56:43.260","","0","75 09:48.440","0","0","0","0","67301","0","0","0","N","0","0","0","1","67301","0","","6.0","","1","N","N","N","0","","0","0","0","0","0","","2215","2","0","0","0","0","0","0","2","0","2","0","0","0","3","03","","N","","","","","","","","","",""
"2022019529","","1","0","0","0","0","0","0","0","0","4","0","","67","2","2022","4","39.885164","-75.250086","","6","0","0","0","0","0","1","0","0","","0","0","0","18","1","1","","2","0","39 53:06.592","","0","75 15:00.311","8","0","0","0","67301","0","0","0","N","0","0","0","2","00000","0","","1.0","","1","N","N","N","0","","0","0","0","3","1","","1830","2","1","0","0","0","1","0","2","0","2","0","0","0","3","","","N","","","","","","","","","",""
"2022045162","1556","1","0","0","0","0","0","0","0","0","4","0","","67","4","2022","7","40.039078","-75.144753","1546","6","0","0","0","0","0","0","0","0","","0","0","0","15","1","1","","1","0","40 02:20.682","","0","75 08:41.109","8","0","0","0","67301","0","0","0","N","0","0","0","2","67508","0","","1.0","","1","N","N","Y","0","","0","0","1","3","2","","1546","2","1","0","0","0","1","0","2","0","2","0","0","0","3","03","","N","","","","","","","","","",""
"2022053022","1350","1","0","0","0","0","0","0","0","0","4","0","","67","5","2022","1","39.938133","-75.228855","1346","6","0","0","0","0","0","0","0","0","","0","0","0","13","1","1","","1","0","39 56:17.278","","0","75 13:43.878","8","0","0","0","67301","0","0","0","N","0","0","0","4","67301","0","","1.0","","1","N","N","N","0","","0","0","2","3","3","","1341","3","1","0","0","0","1","1","2","0","3","0","0","0","3","","","N","","","","","","","","","",""
"2022043976","2357","0","0","0","0","0","0","0","0","0","4","0","","67","4","2022","6","39.956071","-75.227708","2357","6","0","0","0","0","0","0","1","0","","0","0","0","23","3","0","","1","0","39 57:21.855","","0","75 13:39.748","0","0","0","0","67301","0","0","0","N","0","0","0","4","67301","0","","1.0","","1","N","N","N","0","","0","0","1","3","3","","2302","2","0","4","0","0","0","0","2","1","2","0","0","0","3","03","","N","","","","","","","","","",""
"2022065090","1806","1","0","0","1","0","0","0","0","0","8","0","","67","6","2022","3","39.947188","-75.164787","1802","6","0","0","0","0","0","0","1","0","","0","0","0","17","1","1","N","0","0","39 56:49.878","","0","75 09:53.233","3","0","0","0","67301","1","0","0","N","0","0","0","2","67301","0","","1.0","","1","N","N","N","0","","1","0","0","0","0","","1750","2","1","0","0","0","0","0","2","0","1","1","0","0","3","","","N","","","","","","","","","",""
"2022049082","0214","2","0","0","0","0","0","0","0","0","4","0","","67","5","2022","5","40.039151","-75.110002","0212","6","0","0","0","0","0","0","0","0","","0","0","0","2","3","1","","1","0","40 02:20.942","","0","75 06:36.006","3","0","0","0","67301","0","0","0","N","0","0","0","3","67301","0","","1.0","","1","N","N","Y","0","","1","0","1","3","2","","211","3","1","0","0","0","0","0","2","0","3","0","0","0","3","","","N","","","","","","","","","",""
"2022044053","2020","1","0","0","0","0","0","0","0","0","8","0","","67","4","2022","7","40.014361","-75.14625","2018","6","0","0","0","0","0","1","0","0","","0","0","0","20","3","1","N","0","0","40 00:51.700","","0","75 08:46.500","3","0","0","0","67301","1","0","0","N","1","0","0","2","67301","0","","1.0","","1","N","N","N","0","","1","0","0","0","0","","2014","2","1","0","0","0","0","0","2","0","1","1","0","0","3","03","","N","","","","","","","","","",""
"2022024069","","0","0","0","0","0","0","0","0","0","4","0","","67","2","2022","6","40.010726","-75.15081","","6","0","0","0","0","0","0","0","0","","0","0","0","16","1","1","","1","0","40 00:38.613","","0","75 09:02.915","8","0","0","0","67301","0","0","0","N","0","0","0","2","00000","0","","1.0","","1","","","N","0","","0","0","2","3","2","","1615","2","1","0","0","0","1","0","2","0","2","0","0","0","3","","","N","","","","","","","","","",""
"2022043978","1952","0","0","0","0","0","0","0","0","0","5","0","","67","5","2022","3","39.949472","-75.243556","1950","6","0","0","0","0","0","0","0","0","","0","0","0","19","1","0","N","0","0","39 56:58.100","","0","75 14:36.800","0","0","0","0","67301","0","0","0","N","0","0","0","1","67301","0","","6.0","","1","N","N","N","0","","0","0","3","0","0","","1950","3","0","0","0","0","0","0","2","0","3","0","0","0","3","","","N","","","","","","","","","",""
"2022043810","0915","0","0","0","0","0","0","0","0","0","4","0","","67","4","2022","5","39.915392","-75.15984","0910","6","0","0","0","0","0","0","0","0","","0","0","0","9","1","1","","1","0","39 54:55.412","","0","75 09:35.425","3","0","0","0","67301","0","0","0","N","0","0","0","3","67301","0","","1.0","","1","N","N","N","0","","1","0","1","3","2","","900","2","1","0","0","0","0","0","2","1","2","0","0","0","3","","","N","","","","","","","","","",""
"2022063045","0000","3","0","0","0","0","0","0","0","0","5","0","","67","5","2022","7","39.950558","-75.214786","2358","6","0","0","0","0","0","0","0","0","","0","0","0","23","3","1","N","0","0","39 57:02.010","","0","75 12:53.230","8","0","0","0","67301","0","0","0","N","0","0","0","2","67301","0","","6.0","","1","N","N","N","0","","0","0","0","0","0","","2325","3","1","0","0","0","1","0","2","0","3","0","0","0","3","03","","N","","","","","","","","","",""
"2022039791","","2","0","0","0","0","0","0","0","0","1","0","","67","3","2022","5","39.957388","-75.16032","","6","0","0","0","0","0","1","0","0","","0","0","0","0","3","1","","1","0","39 57:26.596","","0","75 09:37.151","8","0","0","0","67301","0","0","0","N","0","0","0","2","00000","0","","1.0","","1","","","N","0","","0","0","0","0","0","","30","2","1","0","0","0","1","0","2","0","2","0","0","0","3","","","N","","","","","","","","","",""
"2022050573","0629","0","0","0","0","0","0","0","0","0","1","0","","67","5","2022","4","40.033856","-75.140736","0616","6","0","0","0","0","0","0","0","0","","0","0","0","5","1","0","N","0","0","40 02:01.880","","0","75 08:26.650","9","0","0","0","67301","0","0","0","N","0","0","0","1","67301","0","","6.0","","1","N","N","N","0","","0","0","2","0","0","","551","2","0","0","0","0","0","1","2","0","2","0","0","0","3","03","","N","","","","","","","","","",""
"2022063046","1010","1","0","0","0","0","0","0","0","0","1","1","","67","6","2022","5","39.955427","-75.200572","0948","6","0","0","0","0","0","0","0","0","","0","1","0","7","1","0","N","0","0","39 57:19.538","","0","75 12:02.059","0","0","0","0","67301","0","0","0","N","0","0","0","3","67301","0","","1.0","","1","N","N","N","0","","0","0","1","0","0","","730","3","0","1","0","0","0","0","2","0","3","0","0","0","3","03","","N","","","","","","","","","",""
"2022063844","1108","0","0","0","0","0","0","0","0","0","3","1","","67","7","2022","3","39.972591","-75.193421","1100","6","0","0","0","0","0","1","0","0","","0","1","0","10","1","0","N","0","1","39 58:21.329","4","2","75 11:36.314","0","0","0","0","67301","0","0","0","N","0","0","0","2","68K01","0","","1.0","45.0","1","N","N","N","0","","0","0","0","0","0","Y","1055","2","0","0","0","0","0","0","2","1","2","0","0","0","3","03","","N","","","","","","","","","",""
"2022063610","1557","2","0","0","0","0","0","0","0","0","7","0","","67","7","2022","5","39.880275","-75.247617","1503","6","0","0","0","0","1","0","0","0","","0","0","0","14","1","0","N","0","0","39 52:48.991","","0","75 14:51.421","0","0","0","0","67301","0","0","0","N","0","0","0","2","68K03","0","","2.0","","1","N","N","N","0","","0","0","0","0","0","","1432","2","0","0","0","0","0","0","2","0","2","0","0","0","3","03","","N","","","","","","","","","",""
"2022049633","0830","2","0","0","0","0","0","0","0","0","4","0","","67","5","2022","6","39.95872","-75.162257","0825","6","0","0","0","0","0","0","0","0","","0","0","0","8","1","1","","1","1","39 57:31.392","2","0","75 09:44.125","3","0","0","0","67301","0","0","0","N","0","0","0","3","67301","0","","1.0","925.0","1","N","N","N","0","","1","0","0","0","0","N","815","2","1","0","0","0","0","0","2","0","2","0","0","0","4","04","","N","","","","","","","","","",""
"2022050520","1733","0","0","0","0","0","0","0","0","0","5","0","","67","5","2022","2","39.903542","-75.173868","1733","6","0","0","0","0","0","0","0","0","","0","0","0","17","1","0","N","0","1","39 54:12.751","1","0","75 10:25.924","0","0","0","0","67301","0","0","0","N","0","0","0","7","67301","0","","1.0","1800.0","1","N","N","N","0","","0","0","2","0","0","Y","1716","2","0","0","0","0","0","0","2","0","2","0","0","0","3","03","","N","","","","","","","","","",""
"2022062302","1038","1","0","0","0","0","0","0","0","0","1","0","","67","5","2022","3","39.892983","-75.196709","1028","6","0","0","0","0","0","0","0","0","","0","0","0","10","1","1","N","0","1","39 53:34.740","1","3","75 11:48.154","3","0","0","0","67301","0","0","0","N","0","0","0","2","68K02","0","","1.0","1127.0","1","N","N","N","0","","1","0","1","0","0","N","1028","2","1","1","0","0","0","0","2","0","2","0","0","0","3","03","","N","","","","","","","","","",""
"2022043878","0400","0","0","0","0","0","0","0","0","0","99","0","","67","4","2022","7","39.897531","-75.252476","0356","6","0","0","0","0","0","0","0","0","","0","0","0","3","3","1","","1","0","39 53:51.111","","0","75 15:08.912","2","0","1","1","67301","0","0","0","N","0","0","0","2","67301","0","","1.0","","1","N","N","N","0","","0","1","0","3","2","","350","2","1","0","0","0","0","1","2","0","2","0","0","0","3","03","","N","","","","","","","","","",""
"2022055594","1800","1","0","0","0","0","0","0","0","0","4","0","","67","6","2022","3","39.947508","-75.223353","1753","6","0","0","0","0","0","1","0","0","","0","0","0","17","1","0","N","0","0","39 56:51.030","","0","75 13:24.070","0","0","0","0","67301","0","0","0","N","0","0","0","2","67301","0","","1.0","","1","N","N","N","1","","0","0","1","0","0","","1734","3","0","1","0","0","0","0","2","0","3","0","0","0","3","","","N","","","","","","","","","",""
"2022051789","0521","0","0","0","0","0","0","0","0","0","7","0","","67","4","2022","5","39.932707","-75.200184","0513","6","0","0","0","0","0","0","0","0","","0","0","0","5","3","1","N","0","1","39 55:57.746","3","0","75 12:00.663","4","0","0","0","67301","0","0","0","N","0","0","0","1","68K01","1","","4.0","600.0","1","N","N","N","0","","0","0","1","0","0","Y","509","1","1","0","0","0","0","0","2","0","1","0","0","0","3","","","N","","","","","","","","","",""
"2022065799","0018","0","0","0","0","0","0","0","0","0","8","0","","67","7","2022","1","40.033136","-75.17061","0018","6","0","0","0","0","0","0","0","0","","1","0","0","0","3","0","","1","2","40 01:59.289","5","0","75 10:14.197","1","0","0","0","67301","1","1","0","N","1","1","0","2","67301","0","1","1.0","203.0","1","N","N","N","0","0","0","0","1","3","2","Y","14","2","0","0","0","0","0","1","2","0","1","1","1","0","3","04","","N","","","","","","","","","",""