"CRN","ARRIVAL_TM","AUTOMOBILE_COUNT","BELTED_DEATH_COUNT","BELTED_SUSP_SERIOUS_INJ_COUNT","BICYCLE_COUNT","BICYCLE_DEATH_COUNT","BICYCLE_SUSP_SERIOUS_INJ_COUNT","BUS_COUNT","CHLDPAS_DEATH_COUNT","CHLDPAS_SUSP_SERIOUS_INJ_COUNT","COLLISION_TYPE","COMM_VEH_COUNT","CONS_ZONE_SPD_LIM","COUNTY","CRASH_MONTH","CRASH_YEAR","DAY_OF_WEEK","DEC_LATITUDE","DEC_LONGITUDE","DISPATCH_TM","DISTRICT","DRIVER_COUNT_16YR","DRIVER_COUNT_17YR","DRIVER_COUNT_18YR","DRIVER_COUNT_19YR","DRIVER_COUNT_20YR","DRIVER_COUNT_50_64YR","DRIVER_COUNT_65_74YR","DRIVER_COUNT_75PLUS","EST_HRS_CLOSED","FATAL_COUNT","HEAVY_TRUCK_COUNT","HORSE_BUGGY_COUNT","HOUR_OF_DAY","ILLUMINATION","INJURY_COUNT","INTERSECTION_RELATED","INTERSECT_TYPE","LANE_CLOSED","LATITUDE","LN_CLOSE_DIR","LOCATION_TYPE","LONGITUDE","MAX_SEVERITY_LEVEL","MCYCLE_DEATH_COUNT","MCYCLE_SUSP_SERIOUS_INJ_COUNT","MOTORCYCLE_COUNT","MUNICIPALITY","NONMOTR_COUNT","NONMOTR_DEATH_COUNT","NONMOTR_SUSP_SERIOUS_INJ_COUNT","NTFY_HIWY_MAINT","PED_COUNT","PED_DEATH_COUNT","PED_SUSP_SERIOUS_INJ_COUNT","PERSON_COUNT","POLICE_AGCY","POSSIBLE_INJ_COUNT","RDWY_SURF_TYPE_CD","RELATION_TO_ROAD","ROADWAY_CLEARED","ROAD_CONDITION","SCH_BUS_IND","SCH_ZONE_IND","SECONDARY_CRASH","SMALL_TRUCK_COUNT","SPEC_JURIS_CD","SUSP_MINOR_INJ_COUNT","SUSP_SERIOUS_INJ_COUNT","SUV_COUNT","TCD_FUNC_CD","TCD_TYPE","TFC_DETOUR_IND","TIME_OF_DAY","TOTAL_UNITS","TOT_INJ_COUNT","UNBELTED_OCC_COUNT","UNB_DEATH_COUNT","UNB_SUSP_SERIOUS_INJ_COUNT","UNK_INJ_DEG_COUNT","UNK_INJ_PER_COUNT","URBAN_RURAL","VAN_COUNT","VEHICLE_COUNT","VULNERABLE_ROAD_USER_COUNT","VULNERABLE_ROAD_USER_DEATH_COUNT","VULNERABLE_ROAD_USER_SER_INJ_COUNT","WEATHER1","WEATHER2","WORKERS_PRES","WORK_ZONE_IND","WORK_ZONE_LOC","WORK_ZONE_TYPE","WZ_CLOSE_DETOUR","WZ_FLAGGER","WZ_LAW_OFFCR_IND","WZ_LN_CLOSURE","WZ_MOVING","WZ_OTHER","WZ_SHLDER_MDN","WZ_WORKERS_INJ_KILLED"
"2022044091","0901","1","0","0","0","0","0","0","0","0","4","0","","67","4","2022","6","40.051184","-75.147006","0900","6","0","0","0","0","0","0","0","0","","0","0","0","8","1","0","","2","0","40 03:04.262","","0","75 08:49.221","0","0","0","0","67301","0","0","0","N","0","0","0","2","67301","0","","1.0","","1","N","N","N","0","","0","0","1","3","3","","859","2","0","0","0","0","0","0","2","0","2","0","0","0","3","03","","N","","","","","","","","","",""
"2022057681","","0","0","0","0","0","0","0","0","0","5","0","","67","3","2022","4","40.06115","-75.083271","","6","0","0","0","0","0","0","0","0","","0","0","0","15","1","1","N","0","0","40 03:40.139","","0","75 04:59.776","8","0","0","0","67301","0","0","0","N","0","0","0","2","00000","0","","1.0","","1","","","N","0","","0","0","1","0","0","","1554","2","1","0","0","0","1","0","2","1","2","0","0","0","3","","","N","","","","","","","","","",""
"2022033230","","1","0","0","0","0","0","0","0","0","4","0","","67","3","2022","1","39.940369","-75.236609","","6","0","0","0","0","0","0","0","0","","0","0","0","0","3","2","","1","0","39 56:25.327","","0","75 14:11.791","8","0","0","0","67301","0","0","0","N","0","0","0","4","00000","0","","1.0","","1","","","N","0","","0","0","1","3","2","","30","2","2","0","0","0","2","0","2","0","2","0","0","0","3","","","N","","","","","","","","","",""
"2022050819","1820","1","0","0","0","0","0","0","0","0","1","0","","67","5","2022","7","40.012032","-75.097707","1820","6","0","0","0","0","0","0","0","0","","0","0","0","0","3","0","N","0","0","40 00:43.316","","0","75 05:51.745","0","0","0","0","67301","0","0","0","N","0","0","0","1","67301","0","","6.0","","9","N","N","N","0","","0","0","0","0","0","","0","2","0","0","0","0","0","0","2","0","2","0","0","0","4","","","N","","","","","","","","","",""
"2022037162","","1","0","0","0","0","0","0","0","0","1","0","","67","4","2022","2","40.028662","-75.20553","","6","0","0","0","0","0","0","0","0","","0","0","0","14","1","1","","1","0","40 01:43.183","","0","75 12:19.909","8","0","0","0","67301","0","0","0","N","0","0","0","2","00000","0","","1.0","","1","","","N","0","","0","0","0","3","2","","1420","2","1","0","0","0","1","0","2","0","2","0","0","0","3","","","N","","","","","","","","","",""
"2022063122","0036","1","0","0","0","0","0","0","0","0","5","1","","67","5","2022","7","39.932391","-75.200151","0027","6","0","0","0","0","0","1","0","0","","0","1","0","0","3","0","N","0","2","39 55:56.607","3","0","75 12:00.544","0","0","0","0","67301","0","0","0","N","0","0","0","2","68K01","0","","1.0","100.0","9","N","N","N","0","","0","0","0","0","0","Y","26","2","0","0","0","0","0","0","2","0","2","0","0","0","7","","","N","","","","","","","","","",""
"2022043819","","1","0","0","0","0","0","0","0","0","4","0","","67","2","2022","7","40.045003","-75.123562","","6","0","0","0","0","0","1","0","0","","0","0","0","18","1","2","","1","0","40 02:42.011","","0","75 07:24.823","8","0","0","0","67301","0","0","0","N","0","0","0","2","00000","0","","1.0","","1","","","N","1","","0","0","0","3","2","","1800","2","2","0","0","0","2","0","2","0","2","0","0","0","3","","","N","","","","","","","","","",""
"2022063052","0234","1","0","0","0","0","0","0","0","0","1","0","","67","3","2022","1","39.975554","-75.22321","0234","6","0","0","0","0","0","1","0","0","","0","0","0","2","3","2","N","0","2","39 58:31.996","6","0","75 13:23.555","8","0","0","0","67301","0","0","0","N","0","0","0","3","67301","0","","1.0","30.0","1","N","N","N","0","","0","0","1","0","0","Y","230","2","2","0","0","0","2","0","2","0","2","0","0","0","3","03","","N","","","","","","","","","",""
"2022055635","2024","1","0","0","0","0","0","0","0","0","4","0","","67","6","2022","3","39.953993","-75.229997","2024","6","0","0","0","1","0","0","0","0","","0","0","0","19","4","0","","1","0","39 57:14.376","","0","75 13:47.990","0","0","0","0","67301","0","0","0","N","0","0","0","2","67301","0","","1.0","","1","N","N","N","0","","0","0","1","3","2","","1930","2","0","0","0","0","0","0","2","0","2","0","0","0","3","","","N","","","","","","","","","",""
"2022043997","1603","3","0","0","0","0","0","0","0","0","1","0","","67","5","2022","4","39.988543","-75.182945","1559","6","0","0","0","0","0","1","0","0","","0","0","0","15","8","1","N","0","2","39 59:18.754","6","0","75 10:58.602","8","0","0","0","67301","0","0","0","N","0","0","0","3","67301","0","","1.0","1800.0","1","N","N","N","0","","0","0","0","0","0","Y","1559","3","1","2","0","0","1","0","2","0","3","0","0","0","4","04","","N","","","","","","","","","",""
"2022044105","1353","2","0","0","0","0","0","0","0","0","4","0","","67","5","2022","2","40.024156","-75.1449","1353","6","0","0","0","0","0","0","0","0","","0","0","0","17","1","1","","1","0","40 01:26.961","","0","75 08:41.640","4","0","0","0","67301","0","0","0","N","0","0","0","2","67301","1","","1.0","","99","N","N","N","0","","0","0","0","3","3","","1740","2","1","2","0","0","0","1","2","0","2","0","0","0","99","","","N","","","","","","","","","",""
"2022024873","0104","2","0","0","0","0","0","0","0","0","4","0","","67","3","2022","6","40.003681","-75.169078","0100","6","0","0","0","0","0","0","0","0","","0","0","0","0","3","1","","5","0","40 00:13.253","","0","75 10:08.679","3","0","0","0","67301","0","0","0","N","0","0","0","2","67301","0","","1.0","","1","N","N","N","0","","1","0","0","3","2","","45","2","1","0","0","0","0","0","2","0","2","0","0","0","3","03","","N","","","","","","","","","",""
"2022043932","0851","3","0","0","0","0","0","0","0","0","4","0","","67","4","2022","6","40.033779","-75.058719","0847","6","0","0","0","0","0","0","0","0","","0","0","0","8","1","0","","1","0","40 02:01.604","","0","75 03:31.388","0","0","0","0","67301","0","0","0","N","0","0","0","2","67301","0","","1.0","","1","N","N","N","0","","0","0","1","3","3","","830","4","0","0","0","0","0","0","2","0","4","0","0","0","3","03","","N","","","","","","","","","",""
"2022044074","2340","2","0","0","0","0","0","0","0","0","7","0","","67","5","2022","2","39.971037","-75.121654","2333","6","0","0","0","1","0","0","0","0","","0","0","0","22","3","2","Y","0","0","39 58:15.733","","0","75 07:17.956","3","0","0","0","67301","0","0","0","N","0","0","0","4","67301","0","","3.0","","1","N","N","N","0","","2","0","1","3","2","","2207","3","2","0","0","0","0","0","2","0","3","0","0","0","3","03","","N","","","","","","","","","",""
"2022063343","2305","0","0","0","0","0","0","0","0","0","4","1","","67","7","2022","6","39.955776","-75.180698","2303","6","0","0","0","0","0","1","0","0","","0","1","0","23","3","0","","3","0","39 57:20.795","","3","75 10:50.512","0","0","0","0","67301","0","0","0","N","0","0","0","2","67301","0","","1.0","","1","N","N","N","0","","0","0","1","3","2","","2303","2","0","0","0","0","0","0","2","0","2","0","0","0","3","","","N","","","","","","","","","",""
"2022039424","","1","0","0","0","0","0","0","0","0","4","0","","67","3","2022","1","39.979611","-75.234417","","6","0","0","0","0","0","0","1","0","","0","0","0","21","1","1","","1","0","39 58:46.600","","7","75 14:03.900","8","0","0","0","67301","0","0","0","N","0","0","0","2","00000","0","","1.0","","1","","","N","0","","0","0","1","3","3","","2130","2","1","0","0","0","1","0","2","0","2","0","0","0","3","","","N","","","","","","","","","",""
"2022049673","0750","3","0","0","0","0","0","0","0","0","5","0","","67","5","2022","5","39.949992","-75.223044","0744","6","0","0","0","0","0","0","0","0","","0","0","0","6","1","0","N","0","0","39 56:59.970","","0","75 13:22.960","0","0","0","0","67301","0","0","0","N","0","0","0","1","67301","0","","6.0","","1","N","N","N","0","","0","0","0","0","0","","644","3","0","0","0","0","0","0","2","0","3","0","0","0","3","03","","N","","","","","","","","","",""
"2022055649","0908","1","0","0","0","0","0","0","0","0","5","0","","67","6","2022","1","39.990944","-75.126333","0908","6","0","0","0","1","0","0","0","0","","0","0","0","20","6","0","N","0","0","39 59:27.400","","0","75 07:34.800","0","0","0","0","67301","0","0","0","N","0","0","0","1","67301","0","","6.0","","99","N","N","N","0","","0","0","0","0","0","","2030","2","0","0","0","0","0","0","2","1","2","0","0","0","99","","","N","","","","","","","","","",""
"2022055596","1639","1","0","0","0","0","0","0","0","0","4","0","","67","6","2022","4","40.059851","-75.15013","1638","6","0","0","0","0","0","0","0","0","","0","0","0","16","1","3","","1","2","40 03:35.463","6","0","75 09:00.467","3","0","0","0","67301","0","0","0","N","0","0","0","5","67301","0","","1.0","1733.0","1","N","N","N","0","","3","0","1","3","2","Y","1637","2","3","2","0","0","0","0","2","0","2","0","0","0","3","03","","N","","","","","","","","","",""
"2022068605","0825","1","0","0","0","0","0","0","0","0","4","0","","67","7","2022","6","39.97687","-75.143527","0810","6","0","0","0","0","0","0","0","1","","0","0","0","8","1","0","","1","0","39 58:36.732","","0","75 08:36.697","0","0","0","0","67301","0","0","0","N","0","0","0","2","67301","0","","1.0","","1","N","N","N","0","","0","0","1","3","2","","808","2","0","0","0","0","0","0","2","0","2","0","0","0","3","","","N","","","","","","","","","",""
"2022052237","1316","1","0","0","0","0","0","0","0","0","4","0","","67","6","2022","7","40.033146","-75.10696","1308","6","0","0","0","0","0","1","0","1","","0","0","0","13","1","1","","1","0","40 01:59.326","","0","75 06:25.057","4","0","0","0","67301","0","0","0","N","0","0","0","3","67301","1","","1.0","","1","N","N","N","0","","0","0","1","3","2","","1308","2","1","0","0","0","0","0","2","0","2","0","0","0","3","03","","N","","","","","","","","","",""
"2022050536","2153","1","0","0","0","0","0","0","0","0","4","0","","67","5","2022","1","39.900102","-75.250391","2149","6","0","0","0","0","0","0","0","0","","0","0","0","21","3","2","","1","1","39 54:00.367","4","0","75 15:01.407","4","0","0","1","67301","0","0","0","N","0","0","0","4","67301","1","","1.0","100.0","1","N","N","N","0","","0","0","0","3","2","N","2142","2","2","0","0","0","1","0","2","0","2","0","0","0","3","03","","N","","","","","","","","","",""
"2022056252","2122","0","0","0","0","0","0","0","0","0","1","0","","67","6","2022","6","39.954167","-75.141111","2122","6","0","0","0","0","0","0","0","0","","0","0","0","21","3","0","N","0","0","39 57:15.000","","3","75 08:28.000","0","0","0","0","67301","0","0","0","N","0","0","0","2","67501","0","","1.0","","1","N","N","N","0","","0","0","2","3","8","","2122","2","0","0","0","0","0","0","2","0","2","0","0","0","3","","","N","","","","","","","","","",""
"2022063079","2008","2","0","0","0","0","0","0","0","0","2","0","","67","6","2022","7","39.988153","-75.253664","2005","6","0","0","0","1","0","0","0","0","","0","0","0","19","1","1","N","0","0","39 59:17.352","","0","75 15:13.190","3","0","0","0","67301","0","0","0","N","0","0","0","2","67301","0","","1.0","","1","N","N","Y","0","","1","0","0","0","0","","1945","2","1","0","0","0","0","0","2","0","2","0","0","0","3","03","","N","","","","","","","","","",""
"2022055619","2100","1","0","0","0","0","0","0","0","0","1","0","","67","6","2022","6","40.016136","-75.082303","2100","6","0","0","0","0","0","0","0","0","","0","0","0","18","3","0","N","0","0","40 00:58.090","","0","75 04:56.290","0","0","0","0","67301","0","0","0","N","0","0","0","1","67301","0","","6.0","","1","N","N","N","0","","0","0","1","0","0","","1828","2","0","0","0","0","0","0","2","0","2","0","0","0","3","","","N","","","","","","","","","",""
"2022066823","1605","0","0","0","0","0","0","1","0","0","4","1","","67","6","2022","5","39.952128","-75.161449","1605","6","0","0","1","0","0","0","0","0","","0","0","0","99","1","0","","1","1","39 57:07.661","1","0","75 09:41.216","0","0","0","0","67301","0","0","0","N","0","0","0","2","67508","0","","1.0","9999.0","1","N","N","N","0","","0","0","1","3","2","Y","9999","2","0","0","0","0","0","0","2","0","2","0","0","0","3","03","","N","","","","","","","","","",""
"2022068258","1833","1","0","0","0","0","0","0","0","0","1","1","","67","7","2022","1","39.966858","-75.134677","1828","6","0","0","0","0","0","0","0","0","","0","1","0","18","1","5","N","0","1","39 58:00.690","2","0","75 08:04.838","8","0","0","0","67301","0","0","0","N","0","0","0","9","68K01","0","","1.0","1900.0","1","N","N","N","0","","0","0","1","0","0","N","1827","3","5","0","0","0","5","1","2","0","3","0","0","0","3","03","","N","","","","","","","","","",""
"2022055908","0837","2","0","0","0","0","0","0","0","0","1","0","","67","5","2022","6","39.979341","-75.204055","0830","6","0","0","0","0","0","1","0","0","","0","0","0","8","1","1","N","0","1","39 58:45.628","3","0","75 12:14.598","3","0","0","0","67301","0","0","0","N","0","0","0","3","68K01","0","","1.0","920.0","1","N","N","N","0","","1","0","1","0","0","N","826","3","1","0","0","0","0","0","2","0","3","0","0","0","4","","","N","","","","","","","","","",""
"2022037147","","1","0","0","0","0","0","0","0","0","4","0","","67","2","2022","6","39.982517","-75.151592","","6","0","0","0","0","0","0","0","0","","0","0","0","15","1","2","","1","0","39 58:57.061","","0","75 09:05.731","8","0","0","0","67301","0","0","0","N","0","0","0","3","00000","0","","1.0","","1","N","N","N","0","","0","0","0","3","2","","1500","2","2","0","0","0","2","0","2","1","2","0","0","0","3","","","N","","","","","","","","","",""
"2022043995","1845","0","0","0","0","0","0","0","0","0","4","0","","67","5","2022","3","39.982006","-75.183702","1840","6","0","0","0","0","0","0","1","0","","0","0","0","18","1","1","","5","0","39 58:55.221","","0","75 11:01.327","8","0","0","0","67301","0","0","0","N","0","0","0","1","67301","0","","1.0","","1","N","N","N","0","","0","0","2","3","2","","1840","2","1","0","0","0","1","0","2","0","2","0","0","0","3","03","","N","","","","","","","","","",""
"2022055617","0920","1","0","0","0","0","0","1","0","0","5","1","","67","6","2022","6","40.018087","-75.047113","0845","6","0","0","0","0","0","0","0","0","","0","0","0","8","1","0","","3","1","40 01:05.113","2","0","75 02:49.606","0","0","0","0","67301","0","0","0","N","0","0","0","7","67301","0","","1.0","1025.0","1","Y","N","N","0","","0","0","0","3","2","N","840","2","0","0","0","0","0","0","2","0","2","0","0","0","3","03","","N","","","","","","","","","",""
"2022035451","","2","0","0","0","0","0","0","0","0","5","0","","67","3","2022","3","39.94417","-75.141964","","6","0","0","0","0","0","0","0","0","","0","0","0","1","3","1","","2","0","39 56:39.012","","0","75 08:31.072","8","0","0","0","67301","0","0","0","N","0","0","0","2","00000","0","","1.0","","1","","","N","0","","0","0","0","3","2","","110","2","1","0","0","0","1","0","2","0","2","0","0","0","3","","","N","","","","","","","","","",""
"2022025528","1559","1","0","0","0","0","0","0","0","0","4","0","","67","3","2022","7","40.068668","-75.16411","1549","6","0","0","0","0","0","0","1","0","","0","0","0","13","1","1","","1","0","40 04:07.205","","0","75 09:50.797","3","0","0","0","67301","0","0","0","N","0","0","0","2","67301","0","","1.0","","1","N","N","N","0","","1","0","1","3","2","","1333","2","1","0","0","0","0","0","2","0","2","0","0","0","3","98","","N","","","","","","","","","",""
"2022043905","1617","0","0","0","0","0","0","0","0","0","4","0","","67","5","2022","2","40.044239","-75.166097","1610","6","0","0","0","0","0","1","0","0","","0","0","0","15","1","2","","1","0","40 02:39.260","","0","75 09:57.949","3","0","0","0","67301","0","0","0","N","0","0","0","3","67301","0","","1.0","","1","N","N","N","0","","2","0","2","3","3","","1551","2","2","0","0","0","0","0","2","0","2","0","0","0","3","98","","N","","","","","","","","","",""
"2022065484","1320","2","0","0","0","0","0","0","0","0","4","0","","67","7","2022","1","39.959881","-75.193786","1319","6","0","0","0","0","0","1","0","0","","0","0","0","13","1","0","N","1","0","39 57:35.571","","0","75 11:37.629","0","0","0","0","67301","0","0","0","N","0","0","0","8","67507","0","","1.0","","1","N","N","N","0","","0","0","0","3","2","","1318","2","0","0","0","0","0","0","2","0","2","0","0","0","3","","","N","","","","","","","","","",""
"2022064675","1939","2","0","0","0","0","0","0","0","0","1","0","","67","6","2022","3","39.897823","-75.185866","1938","6","0","0","0","0","0","0","0","0","","0","0","0","19","1","2","N","0","1","39 53:52.164","2","0","75 11:09.119","3","0","0","0","67301","0","0","0","N","0","0","0","2","68K01","0","","1.0","2021.0","1","N","N","N","0","","2","0","0","0","0","Y","1933","2","2","0","0","0","0","0","2","0","2","0","0","0","3","03","","N","","","","","","","","","",""
"2022063152","0020","3","0","0","0","0","0","0","0","0","5","0","","67","5","2022","7","40.03811","-75.010413","0014","6","0","0","0","0","0","0","0","0","","0","0","0","0","3","2","N","0","1","40 02:17.196","1","0","75 00:37.487","8","0","0","0","67301","0","0","0","N","0","0","0","4","68K01","0","","1.0","150.0","9","N","N","Y","0","","0","0","0","0","0","N","14","3","2","0","0","0","2","0","2","0","3","0","0","0","7","04","","N","","","","","","","","","",""
"2022055657","0521","2","0","0","0","0","0","0","0","0","4","0","","67","5","2022","2","40.024577","-75.123187","0514","6","0","0","0","0","0","0","0","0","","0","0","0","5","3","1","","1","0","40 01:28.477","","0","75 07:23.473","3","0","0","0","67301","0","0","0","N","0","0","0","2","67301","0","","1.0","","1","N","N","N","0","","1","0","0","3","1","","514","2","1","0","0","0","0","0","2","0","2","0","0","0","3","03","","N","","","","","","","","","",""
"2022049537","1654","1","0","0","0","0","0","0","0","0","8","0","","67","5","2022","5","39.930638","-75.218339","1649","6","0","0","0","0","0","0","0","0","","0","0","0","16","1","1","","2","0","39 55:50.295","","0","75 13:06.020","3","0","0","0","67301","1","0","0","N","1","0","0","2","67301","0","","1.0","","1","N","N","N","0","","1","0","0","0","0","","1645","2","1","0","0","0","0","0","2","0","1","1","0","0","3","03","","N","","","","","","","","","",""
"2022050526","1903","2","0","0","0","0","0","0","0","0","4","0","","67","5","2022","7","39.941575","-75.142138","1856","6","0","0","0","0","0","0","0","0","","0","0","0","18","1","0","","2","0","39 56:29.671","","2","75 08:31.695","0","0","0","0","67301","0","0","0","N","0","0","0","3","67301","0","","1.0","","1","N","N","N","0","","0","0","0","3","2","","1849","2","0","0","0","0","0","0","2","0","2","0","0","0","3","03","","N","","","","","","","","","",""
"2022035450","","1","0","0","0","0","0","0","0","0","1","0","","67","3","2022","4","40.016468","-75.066939","","6","0","0","0","0","0","1","0","0","","0","0","0","21","1","2","Y","0","0","40 00:59.285","","0","75 04:00.979","8","0","0","0","67301","0","0","0","N","0","0","0","3","00000","0","","1.0","","1","","","N","0","","0","0","1","3","2","","2100","2","2","1","0","0","2","0","2","0","2","0","0","0","3","","","N","","","","","","","","","",""
"2022063660","0840","1","0","0","0","0","0","0","0","0","5","1","","67","6","2022","6","39.967856","-75.134418","0840","6","0","0","0","0","0","0","0","0","","0","1","0","8","1","0","N","0","0","39 58:04.281","","0","75 08:03.904","0","0","0","0","67301","0","0","0","N","0","0","0","1","67301","0","","6.0","","1","N","N","N","0","","0","0","0","0","0","","815","2","0","1","0","0","0","0","2","0","2","0","0","0","3","","","N","","","","","","","","","",""
"2022066297","0024","0","0","0","0","0","0","0","0","0","0","1","","67","6","2022","3","40.011075","-75.061904","0024","6","0","0","0","0","0","0","0","0","","0","0","0","0","3","1","N","0","1","40 00:39.869","2","0","75 03:42.856","3","0","0","0","67301","0","0","0","N","0","0","0","1","68K01","0","","1.0","433.0","1","N","N","N","1","","1","0","0","0","0","N","24","1","1","0","0","0","0","0","2","0","1","0","0","0","3","","","N","","","","","","","","","",""
"2022048870","2339","1","0","0","0","0","0","0","0","0","4","0","","67","5","2022","4","40.058141","-75.174302","2329","6","0","0","0","0","0","0","0","0","","0","0","0","23","3","0","","1","0","40 03:29.309","","0","75 10:27.487","0","0","0","0","67301","0","0","0","N","0","0","0","2","67301","0","","1.0","","1","N","N","N","0","","0","0","1","3","2","","2320","2","0","0","0","0","0","0","2","0","2","0","0","0","3","03","","N","","","","","","","","","",""
"2022064379","1533","0","0","0","0","0","0","0","0","0","7","0","","67","7","2022","7","39.957918","-75.140751","1524","6","0","0","0","0","0","0","0","0","","0","0","0","15","1","0","N","0","2","39 57:28.504","1","0","75 08:26.704","0","0","0","0","67301","0","0","0","N","0","0","0","1","68K03","0","","2.0","1600.0","1","N","N","N","0","","0","0","0","0","0","N","1520","1","0","0","0","0","0","0","2","1","1","0","0","0","4","04","","N","","","","","","","","","",""
"2022031045","","1","0","0","0","0","0","0","0","0","1","0","","67","3","2022","1","","","","6","0","0","0","0","0","0","0","0","","0","0","0","17","1","1","N","0","0","","","0","","8","0","0","0","67301","0","0","0","N","0","0","0","3","00000","0","","1.0","","1","","","N","0","","0","0","0","0","0","","1730","3","1","0","0","0","1","0","1","0","3","0","0","0","3","","","N","","","","","","","","","",""
"2022056857","0208","1","0","0","0","0","0","0","0","0","5","0","","67","5","2022","7","39.996036","-75.082749","0155","6","0","0","0","0","0","0","0","0","","0","0","0","1","3","0","N","0","2","39 59:45.728","1","3","75 04:57.898","0","0","0","0","67301","0","0","0","N","0","0","0","2","68K01","0","","1.0","218.0","8","N","N","N","0","","0","0","1","0","0","N","152","2","0","0","0","0","0","0","2","0","2","0","0","0","7","07","","N","","","","","","","","","",""
"2022051987","1815","1","0","0","0","0","0","0","0","0","4","0","","67","5","2022","2","39.957796","-75.160214","1809","6","0","0","0","0","0","0","0","0","","0","0","0","17","1","6","","1","0","39 57:28.064","","3","75 09:36.770","8","0","0","0","67301","0","0","0","N","0","0","0","7","67301","0","","1.0","","1","N","N","N","0","","0","0","2","3","2","","1729","3","6","0","0","0","6","0","2","0","3","0","0","0","3","03","","N","","","","","","","","","",""
"2022063033","1735","2","0","0","0","0","0","0","0","0","5","1","","67","7","2022","5","39.897783","-75.211471","1706","6","0","0","0","1","0","1","0","0","","0","1","0","16","1","3","N","0","2","39 53:52.018","6","3","75 12:41.295","2","0","0","0","67301","0","0","0","N","0","0","0","4","67301","0","","1.0","1800.0","99","N","N","N","0","","2","1","0","0","0","Y","1630","3","3","0","0","0","0","0","2","0","3","0","0","0","3","","","N","","","","","","","","","",""
"2022063147","1005","1","0","0","0","0","0","0","0","0","7","0","","67","6","2022","1","39.982523","-75.100137","0953","6","0","0","0","1","0","0","0","0","","0","0","0","9","1","1","N","0","1","39 58:57.083","4","0","75 06:00.492","8","0","0","0","67301","0","0","0","N","0","0","0","1","68K01","0","","2.0","45.0","1","N","N","N","0","","0","0","0","0","0","Y","951","1","1","0","0","0","1","0","2","0","1","0","0","0","3","","","N","","","","","","","","","",""
"2022065636","1956","1","0","0","0","0","0","0","0","0","8","0","","67","7","2022","1","39.949567","-75.153517","1955","6","0","0","0","0","0","0","0","0","","0","0","0","19","1","1","N","0","0","39 56:58.440","","0","75 09:12.662","3","0","0","0","67301","1","0","0","N","1","0","0","2","67301","0","","1.0","","1","N","N","N","0","","1","0","0","0","0","","1949","2","1","0","0","0","0","1","2","0","1","1","0","0","3","03","","N","","","","","","","","","",""
"2022051515","1222","0","0","0","0","0","0","0","0","0","4","0","","67","5","2022","5","39.916919","-75.21597","1215","6","0","0","0","0","0","0","0","0","","0","0","0","8","1","1","","2","0","39 55:00.909","","0","75 12:57.493","8","0","0","1","67301","0","0","0","N","0","0","0","2","67301","0","","1.0","","1","N","N","N","1","","0","0","0","3","1","","800","2","1","0","0","0","1","0","2","0","2","0","0","0","3","","","N","","","","","","","","","",""
"2022066020","1010","1","0","1","0","0","0","0","0","0","7","0","","67","7","2022","2","39.921078","-75.144157","1010","6","0","0","0","0","0","0","0","1","","0","0","0","10","1","1","N","0","0","39 55:15.880","","0","75 08:38.964","2","0","0","0","67301","0","0","0","N","0","0","0","1","67301","0","","5.0","","1","N","N","N","0","","0","1","0","0","0","","1000","1","1","0","0","0","0","0","2","0","1","0","0","0","3","03","","N","","","","","","","","","",""
"2022063067","0023","1","0","0","0","0","0","0","0","0","8","0","","67","5","2022","3","39.972632","-75.217776","2230","6","0","0","0","0","0","0","0","0","","0","0","0","22","3","1","","3","0","39 58:21.476","","0","75 13:03.992","8","0","0","0","67301","1","0","0","N","1","0","0","2","67301","0","","1.0","","1","N","N","N","0","","0","0","0","3","2","","2220","2","1","0","0","0","1","0","2","0","1","1","0","0","3","03","","N","","","","","","","","","",""
"2022053185","1846","2","0","0","0","0","0","0","0","0","4","0","","67","5","2022","1","40.005931","-75.113497","1846","6","0","0","0","0","0","0","0","0","","0","0","0","2","3","1","","1","0","40 00:21.351","","0","75 06:48.588","8","0","0","0","67301","0","0","0","N","0","0","0","2","67301","0","","1.0","","99","N","N","N","0","","0","0","0","3","2","","200","2","1","0","0","0","1","0","2","0","2","0","0","0","99","","","N","","","","","","","","","",""
"2022065774","1830","1","0","0","0","0","0","0","0","0","4","0","","67","7","2022","6","40.103531","-75.028291","1817","6","0","0","0","0","0","0","0","0","","1","0","0","18","1","1","","2","0","40 06:12.711","","0","75 01:41.848","1","1","0","1","67301","0","0","0","N","0","0","0","2","67301","1","2","1.0","","1","N","N","N","0","0","0","0","0","3","3","","1804","2","1","0","0","0","0","0","2","0","2","0","0","0","3","03","","N","","","","","","","","","",""
"2022063050","0005","2","0","0","0","0","0","0","0","0","2","0","","67","3","2022","5","39.966583","-75.240806","0005","6","0","0","0","0","0","0","0","0","","0","0","0","21","3","0","N","0","0","39 57:59.700","","0","75 14:26.900","0","0","0","0","67301","0","0","0","N","0","0","0","1","67301","0","","6.0","","1","N","N","N","0","","0","0","0","0","0","","2130","2","0","0","0","0","0","0","2","0","2","0","0","0","3","03","","N","","","","","","","","","",""