"CRN","ARRIVAL_TM","AUTOMOBILE_COUNT","BELTED_DEATH_COUNT","BELTED_SUSP_SERIOUS_INJ_COUNT","BICYCLE_COUNT","BICYCLE_DEATH_COUNT","BICYCLE_SUSP_SERIOUS_INJ_COUNT","BUS_COUNT","CHLDPAS_DEATH_COUNT","CHLDPAS_SUSP_SERIOUS_INJ_COUNT","COLLISION_TYPE","COMM_VEH_COUNT","CONS_ZONE_SPD_LIM","COUNTY","CRASH_MONTH","CRASH_YEAR","DAY_OF_WEEK","DEC_LATITUDE","DEC_LONGITUDE","DISPATCH_TM","DISTRICT","DRIVER_COUNT_16YR","DRIVER_COUNT_17YR","DRIVER_COUNT_18YR","DRIVER_COUNT_19YR","DRIVER_COUNT_20YR","DRIVER_COUNT_50_64YR","DRIVER_COUNT_65_74YR","DRIVER_COUNT_75PLUS","EST_HRS_CLOSED","FATAL_COUNT","HEAVY_TRUCK_COUNT","HORSE_BUGGY_COUNT","HOUR_OF_DAY","ILLUMINATION","INJURY_COUNT","INTERSECTION_RELATED","INTERSECT_TYPE","LANE_CLOSED","LATITUDE","LN_CLOSE_DIR","LOCATION_TYPE","LONGITUDE","MAX_SEVERITY_LEVEL","MCYCLE_DEATH_COUNT","MCYCLE_SUSP_SERIOUS_INJ_COUNT","MOTORCYCLE_COUNT","MUNICIPALITY","NONMOTR_COUNT","NONMOTR_DEATH_COUNT","NONMOTR_SUSP_SERIOUS_INJ_COUNT","NTFY_HIWY_MAINT","PED_COUNT","PED_DEATH_COUNT","PED_SUSP_SERIOUS_INJ_COUNT","PERSON_COUNT","POLICE_AGCY","POSSIBLE_INJ_COUNT","RDWY_SURF_TYPE_CD","RELATION_TO_ROAD","ROADWAY_CLEARED","ROAD_CONDITION","SCH_BUS_IND","SCH_ZONE_IND","SECONDARY_CRASH","SMALL_TRUCK_COUNT","SPEC_JURIS_CD","SUSP_MINOR_INJ_COUNT","SUSP_SERIOUS_INJ_COUNT","SUV_COUNT","TCD_FUNC_CD","TCD_TYPE","TFC_DETOUR_IND","TIME_OF_DAY","TOTAL_UNITS","TOT_INJ_COUNT","UNBELTED_OCC_COUNT","UNB_DEATH_COUNT","UNB_SUSP_SERIOUS_INJ_COUNT","UNK_INJ_DEG_COUNT","UNK_INJ_PER_COUNT","URBAN_RURAL","VAN_COUNT","VEHICLE_COUNT","VULNERABLE_ROAD_USER_COUNT","VULNERABLE_ROAD_USER_DEATH_COUNT","VULNERABLE_ROAD_USER_SER_INJ_COUNT","WEATHER1","WEATHER2","WORKERS_PRES","WORK_ZONE_IND","WORK_ZONE_LOC","WORK_ZONE_TYPE","WZ_CLOSE_DETOUR","WZ_FLAGGER","WZ_LAW_OFFCR_IND","WZ_LN_CLOSURE","WZ_MOVING","WZ_OTHER","WZ_SHLDER_MDN","WZ_WORKERS_INJ_KILLED"
"2022064088","0315","2","0","0","0","0","0","0","0","0","4","0","","67","7","2022","1","39.938311","-75.155383","0310","6","0","0","0","0","0","0","0","0","","0","0","0","2","3","0","N","0","0","39 56:17.920","","0","75 09:19.380","0","0","0","0","67301","0","0","0","N","0","0","0","0","67301","0","","1.0","","1","N","N","N","0","","0","0","1","0","0","","215","3","0","0","0","0","0","0","2","0","3","0","0","0","3","03","","N","","","","","","","","","",""
"2022064866","1423","0","0","0","0","0","0","0","0","0","8","0","","67","7","2022","4","40.086942","-75.045444","1417","6","0","0","0","0","0","0","0","1","","0","0","0","14","1","1","N","0","0","40 05:12.990","","0","75 02:43.600","3","0","0","0","67301","1","0","0","N","1","0","0","2","67301","0","","5.0","","1","N","N","N","1","","1","0","0","0","0","","1417","2","1","0","0","0","0","0","2","0","1","1","0","0","3","03","","N","","","","","","","","","",""
"2022065788","1149","1","0","0","0","0","0","0","0","0","5","1","","67","7","2022","4","40.021983","-75.127872","1149","6","0","0","0","0","0","1","0","1","","0","1","0","10","1","1","N","0","0","40 01:19.140","","0","75 07:40.340","8","0","0","0","67301","0","0","0","N","0","0","0","2","67301","0","","1.0","","99","N","N","N","0","","0","0","0","0","0","","1000","2","1","1","0","0","1","1","2","0","2","0","0","0","3","","","N","","","","","","","","","",""
"2022063063","0301","1","0","0","0","0","0","0","0","0","5","0","","67","5","2022","4","39.973683","-75.231561","0253","6","0","0","0","0","0","0","0","0","","0","0","0","2","3","0","N","0","0","39 58:25.260","","0","75 13:53.620","9","0","0","0","67301","0","0","0","N","0","0","0","1","67301","0","","6.0","","1","N","N","N","0","","0","0","2","0","0","","245","3","0","0","0","0","0","1","2","0","3","0","0","0","3","03","","N","","","","","","","","","",""
"2022050586","1944","1","0","0","0","0","0","0","0","0","4","0","","67","5","2022","3","40.017439","-75.172212","1944","6","0","0","0","0","0","0","0","0","","0","0","0","19","1","0","","2","0","40 01:02.780","","0","75 10:19.963","0","0","0","0","67301","0","0","0","N","0","0","0","6","67301","0","","1.0","","1","N","N","N","1","","0","0","0","3","3","","1922","2","0","0","0","0","0","0","2","0","2","0","0","0","3","","","N","","","","","","","","","",""
"2022059217","1508","0","0","0","0","0","0","0","0","0","1","0","","67","6","2022","6","40.013016","-75.058035","1446","6","0","0","0","0","0","1","0","0","","0","0","0","14","1","0","N","0","1","40 00:46.858","1","3","75 03:28.926","0","0","0","0","67301","0","0","0","N","0","0","0","4","68K01","0","","1.0","1508.0","1","N","N","N","0","","0","0","2","0","0","N","1439","2","0","0","0","0","0","0","2","0","2","0","0","0","3","03","","N","","","","","","","","","",""
"2022051571","1403","1","0","0","0","0","0","0","0","0","1","0","","67","5","2022","3","39.908278","-75.146861","1403","6","0","0","0","0","0","0","0","0","","0","0","0","14","1","2","N","0","2","39 54:29.800","4","3","75 08:48.700","4","0","0","0","67301","0","0","0","N","0","0","0","6","67501","1","","1.0","1412.0","1","N","N","N","0","","0","0","1","3","8","N","1402","2","2","0","0","0","1","0","2","0","2","0","0","0","3","03","","N","","","","","","","","","",""
"2022055591","2220","2","0","0","0","0","0","0","0","0","4","0","","67","6","2022","6","39.941865","-75.225534","2151","6","0","0","0","0","1","1","0","0","","0","0","0","21","3","1","","1","0","39 56:30.714","","0","75 13:31.922","3","0","0","0","67301","0","0","0","N","0","0","0","2","67301","0","","1.0","","1","N","N","N","0","","1","0","0","3","2","","2151","2","1","2","0","0","0","0","2","0","2","0","0","0","3","03","","N","","","","","","","","","",""
"2022050854","1134","2","0","0","0","0","0","0","0","0","4","0","","67","6","2022","5","39.962167","-75.191273","1132","6","0","0","0","0","0","1","0","0","","0","0","0","11","1","0","","1","0","39 57:43.801","","0","75 11:28.582","0","0","0","0","67301","0","0","0","N","0","0","0","2","67507","0","","1.0","","1","","","N","0","","0","0","0","3","2","","1127","2","0","0","0","0","0","0","2","0","2","0","0","0","3","","","N","","","","","","","","","",""
"2022063057","2200","1","0","0","0","0","0","0","0","0","4","0","","67","4","2022","6","39.972194","-75.244888","2200","6","0","0","0","0","0","1","0","0","","0","0","0","21","3","0","","1","0","39 58:19.899","","0","75 14:41.596","0","0","0","0","67301","0","0","0","N","0","0","0","2","67301","0","","1.0","","1","N","N","N","0","","0","0","1","3","2","","2155","2","0","0","0","0","0","0","2","0","2","0","0","0","3","03","","N","","","","","","","","","",""
"2022065132","2152","1","0","0","0","0","0","0","0","0","7","0","","67","7","2022","5","40.028142","-75.225464","2147","6","0","0","0","0","0","0","0","0","","0","0","0","21","3","0","","1","0","40 01:41.311","","0","75 13:31.670","0","0","0","0","67301","0","0","0","N","0","0","0","2","67301","0","","4.0","","1","N","N","N","0","","0","0","0","3","3","","2143","1","0","1","0","0","0","0","2","0","1","0","0","0","3","03","","N","","","","","","","","","",""
"2022033235","","1","0","0","0","0","0","0","0","0","1","0","","67","3","2022","7","39.913972","-75.238975","","6","0","0","0","0","0","0","0","0","","0","0","0","16","1","0","","1","0","39 54:50.299","","0","75 14:20.310","0","0","0","0","67301","0","0","0","N","0","0","0","2","00000","0","","1.0","","1","","","N","0","","0","0","0","3","3","","1646","2","0","1","0","0","0","0","2","1","2","0","0","0","3","","","N","","","","","","","","","",""
"2022050524","2028","0","0","0","0","0","0","0","0","0","8","0","","67","5","2022","6","39.960679","-75.141393","2021","6","0","0","0","0","0","0","0","0","","0","0","0","20","3","1","","1","0","39 57:38.443","","0","75 08:29.016","8","0","0","0","67301","1","0","0","N","0","0","0","2","67301","0","","1.0","","1","N","N","N","0","","0","0","0","3","2","","2020","2","1","0","0","0","1","0","2","1","1","1","0","0","3","03","","N","","","","","","","","","",""
"2022048833","1000","1","0","0","0","0","0","0","0","0","4","0","","67","5","2022","3","40.030758","-75.104284","0957","6","0","0","0","0","0","0","0","0","","0","0","0","9","1","0","N","0","0","40 01:50.728","","7","75 06:15.424","0","0","0","0","67301","0","0","0","N","0","0","0","2","67301","0","","1.0","","1","N","N","N","0","","0","0","1","0","0","","946","2","0","0","0","0","0","0","2","0","2","0","0","0","4","03","","N","","","","","","","","","",""
"2022048716","1925","1","0","0","0","0","0","0","0","0","1","0","","67","5","2022","3","40.093282","-74.966942","1910","6","0","0","0","0","0","0","0","0","","0","0","0","18","1","1","N","0","0","40 05:35.814","","7","74 58:00.992","3","0","0","0","67301","0","0","0","N","0","0","0","2","67301","0","","1.0","","1","N","N","N","1","","1","0","0","0","0","","1829","2","1","0","0","0","0","0","2","0","2","0","0","0","4","04","","N","","","","","","","","","",""
"2022060340","1809","1","0","0","0","0","0","0","0","0","4","0","","67","6","2022","4","40.05025","-75.159928","1802","6","0","0","0","0","0","0","0","0","","1","0","0","17","1","0","N","0","2","40 03:00.900","6","0","75 09:35.740","1","1","0","1","67301","0","0","0","N","0","0","0","6","67301","0","2","1.0","2034.0","1","N","N","Y","0","0","0","0","0","0","0","N","1758","3","0","0","0","0","0","0","2","1","3","0","0","0","3","03","","N","","","","","","","","","",""
"2022049751","0409","1","0","0","0","0","0","0","0","0","5","0","","67","5","2022","7","40.025342","-75.1946","0401","6","0","0","0","0","0","0","0","0","","0","0","0","3","3","0","N","0","0","40 01:31.230","","0","75 11:40.560","9","0","0","0","67301","0","0","0","N","0","0","0","2","67301","0","","1.0","","8","N","N","N","0","","0","0","1","0","0","","308","2","0","0","0","0","0","1","2","0","2","0","0","0","7","04","","N","","","","","","","","","",""
"2022063027","1725","1","0","0","0","0","0","0","0","0","2","0","","67","7","2022","4","40.058997","-75.044079","1706","6","0","0","0","0","0","0","0","0","","0","0","0","17","1","1","","1","0","40 03:32.389","","0","75 02:38.685","3","0","0","0","67301","0","0","0","N","0","0","0","2","67301","0","","1.0","","1","N","N","N","0","","1","0","1","3","2","","1701","2","1","0","0","0","0","0","2","0","2","0","0","0","3","03","","N","","","","","","","","","",""
"2022050547","0040","1","0","0","0","0","0","1","0","0","4","1","","67","5","2022","1","40.006004","-75.091851","0040","6","0","0","0","0","0","0","0","0","","0","0","0","0","3","4","","5","0","40 00:21.613","","0","75 05:30.664","3","0","0","0","67301","0","0","0","N","0","0","0","6","67301","0","","1.0","","1","N","N","N","0","","4","0","1","3","2","","39","4","4","1","0","0","0","1","2","0","4","0","0","0","3","","","N","","","","","","","","","",""
"2022063159","1612","2","0","0","0","0","0","0","0","0","1","0","","67","7","2022","2","39.966362","-75.187187","1612","6","0","0","0","0","0","0","0","0","","0","0","0","16","1","0","N","0","0","39 57:58.902","","0","75 11:13.874","0","0","0","0","67301","0","0","0","N","0","0","0","3","68K01","0","","1.0","","1","N","N","N","0","","0","0","0","0","0","","1610","2","0","0","0","0","0","0","2","0","2","0","0","0","3","","","N","","","","","","","","","",""
"2022049778","0804","0","0","0","0","0","0","0","0","0","8","0","","67","5","2022","5","40.054295","-75.071557","0801","6","0","0","0","0","0","1","0","0","","0","0","0","7","1","1","","1","0","40 03:15.462","","0","75 04:17.606","8","0","0","0","67301","1","0","0","N","1","0","0","2","67301","0","","1.0","","1","N","Y","N","0","","0","0","0","3","2","","751","2","1","0","0","0","1","0","2","1","1","1","0","0","3","03","","N","","","","","","","","","",""
"2022061565","2130","1","0","0","0","0","0","0","0","0","5","0","","67","6","2022","5","39.989639","-75.125861","2130","6","0","0","0","0","0","0","0","0","","0","0","0","11","1","2","N","0","0","39 59:22.700","","1","75 07:33.100","3","0","0","0","67301","0","0","0","N","0","0","0","3","67301","0","","1.0","","1","N","N","N","1","","2","0","0","0","0","","1130","2","2","0","0","0","0","1","2","0","2","0","0","0","3","03","","N","","","","","","","","","",""
"2022051262","1757","0","0","0","0","0","0","0","0","0","1","0","","67","5","2022","7","39.957829","-75.162195","1738","6","0","0","0","0","1","0","0","0","","0","0","0","17","1","1","N","0","1","39 57:28.185","3","0","75 09:43.903","3","0","0","0","67301","0","0","0","N","0","0","0","6","68K01","0","","1.0","1849.0","1","N","N","N","0","","1","0","3","0","0","Y","1734","4","1","1","0","0","0","1","2","0","4","0","0","0","3","","","N","","","","","","","","","",""
"2022064489","1130","0","0","0","0","0","0","0","0","0","4","1","","67","7","2022","3","40.099877","-75.008179","1123","6","0","0","0","0","0","2","0","0","","0","1","0","11","1","1","","2","2","40 05:59.558","1","0","75 00:29.443","2","0","1","1","67301","0","0","0","N","0","0","0","2","67301","0","","1.0","1330.0","1","N","N","N","0","","0","1","0","3","2","Y","1120","2","1","0","0","0","0","0","2","0","2","0","0","0","3","03","","N","","","","","","","","","",""
"2022064338","0726","0","0","0","0","0","0","0","0","0","7","0","","67","6","2022","5","39.994797","-75.083667","0726","6","0","0","0","0","0","0","0","0","","0","0","0","5","5","0","N","0","0","39 59:41.268","","0","75 05:01.201","0","0","0","0","67301","0","0","0","N","0","0","0","1","68K01","0","","2.0","","9","N","N","N","0","","0","0","0","0","0","","556","1","0","0","0","0","0","0","2","1","1","0","0","0","7","07","","N","","","","","","","","","",""
"2022063064","0130","0","0","0","0","0","0","0","0","0","6","0","","67","5","2022","7","39.986798","-75.250899","0130","6","0","0","0","0","0","0","0","0","","0","0","0","1","3","1","N","0","0","39 59:12.472","","0","75 15:03.235","3","0","0","0","67301","0","0","0","N","0","0","0","1","67301","0","","6.0","","9","N","N","N","0","","1","0","2","0","0","","130","2","1","1","0","0","0","0","2","0","2","0","0","0","7","07","","N","","","","","","","","","",""
"2022037139","","0","0","0","0","0","0","0","0","0","5","0","","67","3","2022","1","40.052167","-75.157972","","6","0","0","0","0","0","0","0","0","","0","0","0","15","1","1","N","0","0","40 03:07.800","","0","75 09:28.700","8","0","0","0","67301","0","0","0","N","0","0","0","2","00000","0","","1.0","","1","","","N","0","","0","0","1","0","0","","1524","2","1","0","0","0","1","0","2","0","2","0","0","0","3","","","N","","","","","","","","","",""
"2022063096","0013","2","0","0","0","0","0","0","0","0","1","0","","67","4","2022","6","39.992667","-75.154917","0006","6","0","0","0","0","0","0","0","0","","0","0","0","0","3","2","N","0","0","39 59:33.600","","0","75 09:17.700","3","0","0","0","67301","0","0","0","N","0","0","0","2","67301","0","","6.0","","1","N","N","N","0","","1","0","0","0","0","","0","2","2","0","0","0","1","0","2","0","2","0","0","0","3","03","","N","","","","","","","","","",""
"2022063028","1750","2","0","0","0","0","0","0","0","0","2","0","","67","7","2022","6","40.058997","-75.044079","1744","6","0","0","0","0","0","2","0","0","","0","0","0","17","1","0","","5","1","40 03:32.389","1","0","75 02:38.685","0","0","0","0","67301","0","0","0","N","0","0","0","3","67301","0","","1.0","1907.0","1","N","N","N","0","","0","0","0","3","2","N","1740","2","0","0","0","0","0","0","2","0","2","0","0","0","3","","","N","","","","","","","","","",""
"2022027127","","1","0","0","0","0","0","0","0","0","4","0","","67","3","2022","5","39.991699","-75.185608","","6","0","1","0","0","0","1","0","0","","0","0","0","17","1","1","","5","0","39 59:30.115","","0","75 11:08.190","8","0","0","0","67301","0","0","0","N","0","0","0","2","00000","0","","1.0","","1","","","N","0","","0","0","0","3","2","","1700","2","1","0","0","0","1","0","2","1","2","0","0","0","3","","","N","","","","","","","","","",""
"2022063060","2355","2","0","0","0","0","0","0","0","0","4","0","","67","4","2022","3","39.99704","-75.235258","2355","6","0","0","0","0","0","0","0","0","","0","0","0","23","3","1","","1","0","39 59:49.345","","0","75 14:06.930","3","0","0","0","67301","0","0","0","N","0","0","0","2","67301","0","","1.0","","1","N","N","N","0","","1","0","0","3","2","","2355","2","1","0","0","0","0","1","2","0","2","0","0","0","7","04","","N","","","","","","","","","",""
"2022062085","1545","0","0","0","0","0","0","1","0","0","4","1","","67","6","2022","2","40.02546","-75.084711","1535","6","0","0","0","0","0","0","0","0","","0","0","0","99","1","9","","1","0","40 01:31.655","","0","75 05:04.959","4","0","0","0","67301","0","0","0","N","0","0","0","9","67508","9","","1.0","","9","N","N","N","1","","0","0","0","3","3","","9999","2","9","0","0","0","0","0","2","0","2","0","0","0","7","07","","N","","","","","","","","","",""
"2022066718","0226","2","0","0","0","0","0","0","0","0","5","0","","67","6","2022","4","39.958086","-75.141244","0200","6","0","0","0","0","0","0","0","0","","0","0","0","1","3","1","N","0","0","39 57:29.111","","0","75 08:28.479","4","0","0","0","67301","0","0","0","N","0","0","0","2","68K01","1","","1.0","","1","N","N","N","0","","0","0","0","0","0","","158","2","1","0","0","0","0","0","2","0","2","0","0","0","3","03","","N","","","","","","","","","",""
"2022055553","0530","1","0","0","0","0","0","0","0","0","1","0","","67","6","2022","6","39.930262","-75.144367","0515","6","0","0","0","0","0","0","1","0","","0","0","0","15","1","2","Y","0","0","39 55:48.944","","0","75 08:39.720","3","0","0","0","67301","0","0","0","N","0","0","0","4","67301","0","","1.0","","1","N","N","N","0","","2","0","1","3","2","","1500","3","2","0","0","0","0","0","2","0","3","0","0","0","3","03","","N","","","","","","","","","",""
"2022061762","2258","2","0","0","0","0","0","0","0","0","1","0","","67","5","2022","3","39.956888","-75.153019","2258","6","0","0","0","0","0","0","0","0","","0","0","0","22","3","1","N","0","1","39 57:24.797","3","0","75 09:10.870","8","0","0","0","67301","0","0","0","N","0","0","0","4","68K01","0","","1.0","2358.0","1","N","N","N","0","","0","0","0","0","0","N","2257","3","1","0","0","0","1","1","2","0","3","0","0","0","3","","","N","","","","","","","","","",""
"2022061893","1339","1","0","0","0","0","0","0","0","0","1","0","","67","6","2022","1","40.015192","-75.053706","1339","6","0","0","0","0","0","1","0","0","","0","0","0","13","1","0","N","0","0","40 00:54.690","","0","75 03:13.342","0","0","0","0","67301","0","0","0","N","0","0","0","2","68K01","0","","1.0","","1","N","N","N","0","","0","0","1","0","0","","1320","2","0","0","0","0","0","0","2","0","2","0","0","0","3","03","","N","","","","","","","","","",""
"2022061055","0309","0","0","0","0","0","0","0","0","0","2","0","","67","6","2022","5","40.036903","-75.130406","0308","6","0","0","0","0","0","0","0","0","","0","0","0","3","3","2","N","0","0","40 02:12.850","","0","75 07:49.460","4","0","0","0","67301","0","0","0","N","0","0","0","2","67301","2","","1.0","","1","N","N","N","0","","0","0","2","0","0","","304","2","2","1","0","0","0","0","2","0","2","0","0","0","3","03","","N","","","","","","","","","",""
"2022049760","1815","1","0","0","0","0","0","0","0","0","8","0","","67","5","2022","5","39.937436","-75.152167","1807","6","0","0","0","0","0","0","0","0","","0","0","0","16","1","1","N","0","0","39 56:14.770","","0","75 09:07.800","3","0","0","0","67301","1","0","0","N","1","0","0","2","67301","0","","1.0","","1","N","N","N","0","","1","0","0","0","0","","1610","2","1","0","0","0","0","0","2","0","1","1","0","0","3","03","","N","","","","","","","","","",""
"2022050522","1616","1","0","0","0","0","0","0","0","0","1","0","","67","5","2022","4","39.963325","-75.149475","1614","6","0","0","0","0","0","0","0","0","","0","0","0","16","1","4","N","0","0","39 57:47.970","","0","75 08:58.110","4","0","0","0","67301","0","0","0","N","0","0","0","5","67301","4","","1.0","","1","N","N","N","0","","0","0","1","0","0","","1600","2","4","0","0","0","0","0","2","0","2","0","0","0","3","03","","N","","","","","","","","","",""
"2022063071","0319","0","0","0","0","0","0","0","0","0","7","0","","67","5","2022","5","39.982104","-75.223731","0317","6","0","0","0","0","0","0","0","0","","0","0","0","3","3","0","","2","0","39 58:55.574","","0","75 13:25.431","0","0","0","0","67301","0","0","0","N","0","0","0","1","67301","0","","4.0","","1","N","N","N","0","","0","0","1","3","3","","315","1","0","0","0","0","0","0","2","0","1","0","0","0","3","","","N","","","","","","","","","",""
"2022062309","1111","0","0","0","0","0","0","0","0","0","1","1","","67","5","2022","2","39.962634","-75.183291","1108","6","0","0","0","0","0","3","0","0","","0","1","0","11","1","1","N","0","1","39 57:45.483","4","0","75 10:59.849","3","0","0","0","67301","0","0","0","N","0","0","0","8","68K01","0","","1.0","1200.0","1","N","N","N","0","","1","0","5","0","0","N","1107","6","1","0","0","0","0","0","2","0","6","0","0","0","3","03","","N","","","","","","","","","",""
"2022014558","1800","3","0","0","0","0","0","0","0","0","5","1","","67","2","2022","5","39.922831","-75.148281","1758","6","0","0","0","0","0","0","0","0","","0","1","0","17","3","0","N","0","2","39 55:22.190","4","0","75 08:53.810","0","0","0","0","67301","0","0","0","N","0","0","0","1","67301","0","","6.0","1852.0","9","N","N","N","2","","0","0","6","0","0","Y","1745","12","0","0","0","0","0","0","2","0","12","0","0","0","7","","","N","","","","","","","","","",""
"2022016552","2336","0","0","0","0","0","0","0","0","0","2","0","","67","2","2022","6","40.013396","-75.205524","2334","6","0","0","0","0","0","0","0","0","","0","0","0","23","3","0","N","0","2","40 00:48.226","3","2","75 12:19.885","0","0","0","0","67301","0","0","0","N","0","0","0","3","68K01","0","","1.0","115.0","1","N","N","N","0","","0","0","2","0","0","N","2331","2","0","0","0","0","0","0","2","0","2","0","0","0","3","","","N","","","","","","","","","",""
"2022050523","1747","2","0","0","0","0","0","0","0","0","4","0","","67","5","2022","6","39.944756","-75.146876","1741","6","0","0","0","0","1","1","0","0","","0","0","0","17","1","0","","1","1","39 56:41.121","1","0","75 08:48.753","0","0","0","0","67301","0","0","0","N","0","0","0","2","67301","0","","1.0","100.0","9","N","N","Y","0","","0","0","0","3","2","N","1740","2","0","2","0","0","0","0","2","0","2","0","0","0","7","","","N","","","","","","","","","",""
"2022063058","0122","1","0","0","0","0","0","0","0","0","1","0","","67","4","2022","7","40.007511","-75.204831","0119","6","0","0","0","0","1","0","0","0","","0","0","0","1","3","0","N","0","0","40 00:27.040","","0","75 12:17.390","0","0","0","0","67301","0","0","0","N","0","0","0","2","67301","0","","1.0","","9","N","N","N","0","","0","0","1","0","0","","100","2","0","0","0","0","0","0","2","0","2","0","0","0","7","07","","N","","","","","","","","","",""
"2022060076","1741","1","0","0","0","0","0","0","0","0","4","0","","67","5","2022","5","39.99999","-75.153145","1730","6","0","0","0","0","0","0","1","0","","0","0","0","17","1","1","","1","0","39 59:59.964","","0","75 09:11.322","3","0","0","0","67301","0","0","0","N","0","0","0","2","67301","0","","1.0","","1","N","N","N","0","","1","0","0","3","2","","1723","2","1","0","0","0","0","0","2","0","2","0","0","0","4","","","N","","","","","","","","","",""
"2022064347","1754","2","0","0","0","0","0","0","0","0","5","1","","67","6","2022","4","39.998938","-75.195409","1741","6","0","0","0","0","0","0","1","0","","0","1","0","17","1","0","N","0","0","39 59:56.178","","0","75 11:43.472","0","0","0","0","67301","0","0","0","N","0","0","0","3","68K01","0","","1.0","","1","N","N","N","0","","0","0","0","0","0","","1728","3","0","0","0","0","0","0","2","0","3","0","0","0","3","","","N","","","","","","","","","",""
"2022063056","0123","1","0","0","0","0","0","1","0","0","1","1","","67","3","2022","5","39.96166","-75.238099","0123","6","0","0","0","0","0","0","0","0","","0","0","0","1","3","1","N","0","2","39 57:41.977","4","0","75 14:17.155","8","0","0","0","67301","0","0","0","N","0","0","0","1","67301","0","","6.0","140.0","1","N","N","N","0","","0","0","0","0","0","Y","123","2","1","0","0","0","1","0","2","0","2","0","0","0","3","","","N","","","","","","","","","",""
"2022063208","0238","2","0","0","0","0","0","0","0","0","4","0","","67","7","2022","1","40.011228","-75.182992","0234","6","0","0","0","0","0","0","0","0","","0","0","0","2","3","1","N","0","2","40 00:40.422","2","0","75 10:58.770","3","0","0","0","67301","0","0","0","N","0","0","0","2","67301","0","","1.0","430.0","1","N","N","N","0","","1","0","0","0","0","Y","234","2","1","1","0","0","0","0","2","0","2","0","0","0","4","04","","N","","","","","","","","","",""
"2022049635","1707","0","0","0","0","0","0","0","0","0","4","0","","67","5","2022","3","39.935638","-75.17902","1706","6","0","0","0","0","0","1","0","0","","0","0","0","17","1","0","","1","0","39 56:08.298","","0","75 10:44.471","0","0","0","0","67301","0","0","0","N","0","0","0","2","67301","0","","1.0","","1","N","N","N","0","","0","0","2","3","2","","1705","2","0","0","0","0","0","0","2","0","2","0","0","0","3","03","","N","","","","","","","","","",""
"2022063943","1224","2","0","0","0","0","0","0","0","0","1","0","","67","6","2022","2","39.978289","-75.202439","1216","6","0","0","0","0","1","1","0","0","","0","0","0","12","1","0","N","0","1","39 58:41.840","3","0","75 12:08.780","0","0","0","0","67301","0","0","0","N","0","0","0","2","68K01","0","","1.0","1245.0","1","N","N","N","0","","0","0","0","0","0","N","1214","2","0","0","0","0","0","0","2","0","2","0","0","0","3","","","N","","","","","","","","","",""
"2022049538","0850","0","0","0","1","0","0","0","0","0","8","0","","67","5","2022","5","39.941053","-75.175875","0845","6","0","0","0","0","0","0","0","0","","0","0","0","6","1","1","N","0","0","39 56:27.790","","0","75 10:33.150","3","0","0","0","67301","1","0","0","N","0","0","0","2","67301","0","","1.0","","1","N","N","N","0","","1","0","1","0","0","","645","2","1","0","0","0","0","1","2","0","1","1","0","0","3","03","","N","","","","","","","","","",""
"2022063448","0500","3","0","0","0","0","0","0","0","0","4","0","","67","7","2022","6","40.071953","-75.03935","0457","6","0","0","0","0","0","0","0","0","","0","0","0","4","3","1","N","0","0","40 04:19.030","","0","75 02:21.660","8","0","0","0","67301","0","0","0","N","0","0","0","1","67301","0","","6.0","","1","N","N","N","0","","0","0","0","3","3","","456","3","1","0","0","0","1","0","2","0","3","0","0","0","3","","","N","","","","","","","","","",""
"2022061759","2050","2","0","0","0","0","0","0","0","0","1","0","","67","5","2022","1","40.033416","-75.020479","2033","6","0","0","0","0","0","1","0","0","","0","0","0","20","3","1","N","0","2","40 02:00.297","2","3","75 01:13.724","8","0","0","0","67301","0","0","0","N","0","0","0","3","68K01","0","","1.0","2140.0","1","N","N","N","0","","0","0","0","0","0","N","2031","3","1","0","0","0","1","0","2","1","3","0","0","0","3","","","N","","","","","","","","","",""
"2022064466","2059","1","0","0","0","0","0","0","0","0","4","0","","67","7","2022","2","40.031897","-75.108644","2059","6","0","0","0","0","0","0","0","1","","0","0","0","15","1","0","N","0","0","40 01:54.830","","7","75 06:31.120","9","0","0","0","67301","0","0","0","N","0","0","0","1","67301","0","","6.0","","1","N","N","N","0","","0","0","1","3","2","","1500","2","0","0","0","0","0","1","2","0","2","0","0","0","3","03","","N","","","","","","","","","",""
"2022046407","","0","0","0","0","0","0","0","0","0","5","0","","67","4","2022","2","39.964667","-75.234167","","6","0","0","0","0","0","0","0","0","","0","0","0","99","1","1","N","0","0","39 57:52.800","","0","75 14:03.000","8","0","0","0","67301","0","0","0","N","0","0","0","2","00000","0","","1.0","","1","","","N","0","","0","0","2","0","0","","9999","2","1","0","0","0","1","0","2","0","2","0","0","0","3","","","N","","","","","","","","","",""
"2022061143","2142","1","0","0","0","0","0","0","0","0","7","0","","67","5","2022","1","39.900602","-75.155827","2131","6","0","0","0","0","0","0","0","0","","0","0","0","21","3","2","N","0","0","39 54:02.166","","3","75 09:20.976","3","0","0","0","67301","0","0","0","N","0","0","0","2","68K01","0","","3.0","","1","N","N","N","0","","2","0","0","0","0","","2108","1","2","0","0","0","0","0","2","0","1","0","0","0","3","03","","N","","","","","","","","","",""
"2022063142","1652","1","0","0","0","0","0","0","0","0","5","1","","67","6","2022","6","39.931684","-75.145532","1631","6","0","0","0","0","0","1","0","1","","0","1","0","16","1","1","N","0","1","39 55:54.061","1","0","75 08:43.915","8","0","0","0","67301","0","0","0","N","0","0","0","3","68K01","0","","1.0","1720.0","1","N","N","N","0","","0","0","1","0","0","Y","1630","3","1","0","0","0","1","0","2","0","3","0","0","0","3","","","N","","","","","","","","","",""