"CRN","ARRIVAL_TM","AUTOMOBILE_COUNT","BELTED_DEATH_COUNT","BELTED_SUSP_SERIOUS_INJ_COUNT","BICYCLE_COUNT","BICYCLE_DEATH_COUNT","BICYCLE_SUSP_SERIOUS_INJ_COUNT","BUS_COUNT","CHLDPAS_DEATH_COUNT","CHLDPAS_SUSP_SERIOUS_INJ_COUNT","COLLISION_TYPE","COMM_VEH_COUNT","CONS_ZONE_SPD_LIM","COUNTY","CRASH_MONTH","CRASH_YEAR","DAY_OF_WEEK","DEC_LATITUDE","DEC_LONGITUDE","DISPATCH_TM","DISTRICT","DRIVER_COUNT_16YR","DRIVER_COUNT_17YR","DRIVER_COUNT_18YR","DRIVER_COUNT_19YR","DRIVER_COUNT_20YR","DRIVER_COUNT_50_64YR","DRIVER_COUNT_65_74YR","DRIVER_COUNT_75PLUS","EST_HRS_CLOSED","FATAL_COUNT","HEAVY_TRUCK_COUNT","HORSE_BUGGY_COUNT","HOUR_OF_DAY","ILLUMINATION","INJURY_COUNT","INTERSECTION_RELATED","INTERSECT_TYPE","LANE_CLOSED","LATITUDE","LN_CLOSE_DIR","LOCATION_TYPE","LONGITUDE","MAX_SEVERITY_LEVEL","MCYCLE_DEATH_COUNT","MCYCLE_SUSP_SERIOUS_INJ_COUNT","MOTORCYCLE_COUNT","MUNICIPALITY","NONMOTR_COUNT","NONMOTR_DEATH_COUNT","NONMOTR_SUSP_SERIOUS_INJ_COUNT","NTFY_HIWY_MAINT","PED_COUNT","PED_DEATH_COUNT","PED_SUSP_SERIOUS_INJ_COUNT","PERSON_COUNT","POLICE_AGCY","POSSIBLE_INJ_COUNT","RDWY_SURF_TYPE_CD","RELATION_TO_ROAD","ROADWAY_CLEARED","ROAD_CONDITION","SCH_BUS_IND","SCH_ZONE_IND","SECONDARY_CRASH","SMALL_TRUCK_COUNT","SPEC_JURIS_CD","SUSP_MINOR_INJ_COUNT","SUSP_SERIOUS_INJ_COUNT","SUV_COUNT","TCD_FUNC_CD","TCD_TYPE","TFC_DETOUR_IND","TIME_OF_DAY","TOTAL_UNITS","TOT_INJ_COUNT","UNBELTED_OCC_COUNT","UNB_DEATH_COUNT","UNB_SUSP_SERIOUS_INJ_COUNT","UNK_INJ_DEG_COUNT","UNK_INJ_PER_COUNT","URBAN_RURAL","VAN_COUNT","VEHICLE_COUNT","VULNERABLE_ROAD_USER_COUNT","VULNERABLE_ROAD_USER_DEATH_COUNT","VULNERABLE_ROAD_USER_SER_INJ_COUNT","WEATHER1","WEATHER2","WORKERS_PRES","WORK_ZONE_IND","WORK_ZONE_LOC","WORK_ZONE_TYPE","WZ_CLOSE_DETOUR","WZ_FLAGGER","WZ_LAW_OFFCR_IND","WZ_LN_CLOSURE","WZ_MOVING","WZ_OTHER","WZ_SHLDER_MDN","WZ_WORKERS_INJ_KILLED"
"2022054582","0030","2","0","0","0","0","0","0","0","0","1","0","","67","5","2022","6","39.970831","-75.124763","0024","6","0","0","0","0","0","0","0","0","","0","0","0","0","3","3","N","0","1","39 58:14.992","2","3","75 07:29.147","3","0","0","0","67301","0","0","0","N","0","0","0","3","68K01","0","","1.0","1250.0","1","N","N","N","0","","3","0","0","0","0","N","11","2","3","0","0","0","0","0","2","0","2","0","0","0","3","","","N","","","","","","","","","",""
"2022049536","1636","0","0","0","0","0","0","0","0","0","4","0","","67","5","2022","5","39.914098","-75.233718","1636","6","0","0","0","0","0","1","0","0","","0","0","0","16","1","2","","3","0","39 54:50.752","","0","75 14:01.384","3","0","0","0","67301","0","0","0","N","0","0","0","3","67301","0","","1.0","","1","N","N","N","0","","2","0","2","3","3","","1612","2","2","0","0","0","0","0","2","0","2","0","0","0","3","03","","N","","","","","","","","","",""
"2022053366","","1","0","0","0","0","0","0","0","0","4","0","","67","2","2022","3","40.029849","-75.104298","","6","0","0","0","0","0","0","0","0","","0","0","0","1","3","1","","1","0","40 01:47.456","","0","75 06:15.471","8","0","0","0","67301","0","0","0","N","0","0","0","3","00000","0","","1.0","","1","","","N","0","","0","0","0","3","2","","145","2","1","1","0","0","1","0","2","0","2","0","0","0","3","","","N","","","","","","","","","",""
"2022063141","1857","0","0","0","0","0","0","0","0","0","5","1","","67","6","2022","4","40.012487","-75.059361","1837","6","0","0","0","0","0","0","0","0","","0","1","0","18","1","2","N","0","1","40 00:44.954","2","0","75 03:33.699","3","0","0","0","67301","0","0","0","N","0","0","0","3","68K01","0","","1.0","1850.0","1","N","N","N","0","","2","0","1","0","0","N","1833","2","2","0","0","0","0","0","2","0","2","0","0","0","3","03","","N","","","","","","","","","",""
"2022065955","0959","0","0","0","0","0","0","0","0","0","1","2","55","67","7","2022","5","39.891325","-75.237669","0950","6","0","0","0","0","0","0","0","0","","0","2","0","9","1","1","N","0","1","39 53:28.770","1","0","75 14:15.607","8","0","0","0","67301","0","0","0","Y","0","0","0","2","68K01","0","","1.0","1203.0","1","N","N","N","0","","0","0","0","0","0","N","948","2","1","0","0","0","1","0","2","0","2","0","0","0","3","03","Y","Y","2","2","N","N","N","Y","N","N","N","Y"
"2022064052","0817","2","0","0","0","0","0","0","0","0","4","0","","67","7","2022","3","40.05295","-75.170924","0817","6","0","0","0","0","0","0","0","0","","0","0","0","8","1","0","N","0","0","40 03:10.621","","0","75 10:15.327","0","0","0","0","67301","0","0","0","N","0","0","0","2","67301","0","","2.0","","1","N","N","N","0","","0","0","0","0","0","","800","2","0","0","0","0","0","0","2","0","2","0","0","0","3","","","N","","","","","","","","","",""
"2022063204","0819","0","0","0","0","0","0","1","0","0","6","1","","67","7","2022","6","40.042984","-75.160782","0819","6","0","0","0","0","0","0","0","0","","0","0","0","19","3","0","N","0","0","40 02:34.743","","0","75 09:38.816","0","0","0","0","67301","0","0","0","N","0","0","0","1","67301","0","","6.0","","99","Y","N","N","0","","0","0","1","0","0","","1932","2","0","0","0","0","0","0","2","0","2","0","0","0","99","","","N","","","","","","","","","",""
"2022050545","0147","2","0","0","0","0","0","0","0","0","1","0","","67","5","2022","5","40.031652","-75.084053","0135","6","0","0","0","0","0","0","0","0","","0","0","0","1","3","1","","1","2","40 01:53.948","1","0","75 05:02.590","2","0","0","0","67301","0","0","0","N","0","0","0","2","67301","0","","1.0","215.0","1","N","N","N","0","","0","1","0","3","2","Y","130","2","1","1","0","1","0","0","2","0","2","0","0","0","3","03","","N","","","","","","","","","",""
"2022044274","1740","0","0","0","0","0","0","1","0","0","5","1","","67","5","2022","4","39.961667","-75.191167","1739","6","0","0","0","0","1","0","0","0","","0","0","0","17","1","1","N","0","0","39 57:42.000","","0","75 11:28.200","4","0","0","0","67301","0","0","0","N","0","0","0","2","67507","1","","1.0","","1","Y","Y","N","0","","0","0","1","0","0","","1735","2","1","0","0","0","0","0","2","0","2","0","0","0","3","03","","N","","","","","","","","","",""
"2022050570","1950","0","0","0","0","0","0","0","0","0","1","0","","67","5","2022","1","40.025178","-75.125421","1940","6","0","0","0","0","0","0","0","0","","0","0","0","19","1","2","","1","1","40 01:30.639","1","0","75 07:31.514","3","0","0","0","67301","0","0","0","N","0","0","0","6","67301","0","","1.0","2010.0","1","N","N","N","0","","2","0","2","3","2","Y","1935","2","2","0","0","0","0","0","2","0","2","0","0","0","3","03","","N","","","","","","","","","",""
"2022049233","1400","3","0","0","0","0","0","0","0","0","5","0","","67","5","2022","4","39.982608","-75.181716","1438","6","0","0","0","0","0","0","0","0","","0","0","0","13","1","0","N","0","2","39 58:57.390","6","0","75 10:54.179","0","0","0","0","67301","0","0","0","N","0","0","0","1","67301","0","","6.0","1557.0","1","N","N","Y","0","","0","0","2","0","0","Y","1348","5","0","0","0","0","0","0","2","0","5","0","0","0","3","03","","N","","","","","","","","","",""
"2022054586","0346","0","0","0","0","0","0","0","0","0","1","0","","67","5","2022","7","40.008653","-75.203614","0342","6","0","0","0","0","0","0","0","0","","0","0","0","3","3","1","N","0","1","40 00:31.150","4","2","75 12:13.012","8","0","0","0","67301","0","0","0","N","0","0","0","2","68K01","0","","1.0","440.0","9","N","N","N","0","","0","0","1","0","0","N","340","2","1","0","0","0","1","0","2","1","2","0","0","0","3","","","N","","","","","","","","","",""
"2022053024","1326","0","0","0","0","0","0","0","0","0","8","0","","67","6","2022","2","39.924133","-75.230656","1322","6","0","0","0","0","0","1","0","0","","0","0","0","13","1","1","N","0","0","39 55:26.880","","0","75 13:50.360","3","0","0","0","67301","1","0","0","N","1","0","0","2","67301","0","","1.0","","1","N","N","N","0","","1","0","1","0","0","","1319","2","1","0","0","0","0","0","2","0","1","1","0","0","3","","","N","","","","","","","","","",""
"2022066382","0009","2","0","0","0","0","0","0","0","0","4","0","","67","6","2022","6","39.999511","-75.125084","0009","6","0","0","0","0","0","0","0","0","","0","0","0","0","3","0","N","0","0","39 59:58.240","","0","75 07:30.304","0","0","0","0","67301","0","0","0","N","0","0","0","1","67301","0","","1.0","","1","N","N","N","0","","0","0","0","3","2","","7","2","0","1","0","0","0","0","2","0","2","0","0","0","3","03","","N","","","","","","","","","",""
"2022054609","0041","1","0","0","0","0","0","0","0","0","1","0","","67","6","2022","5","40.049385","-74.995121","0018","6","0","0","0","0","0","0","0","0","","0","0","0","0","2","2","N","0","0","40 02:57.787","","0","74 59:42.437","3","0","0","0","67301","0","0","0","N","0","0","0","3","68K01","0","","1.0","","9","N","N","N","0","","2","0","1","0","0","","15","2","2","0","0","0","0","0","2","0","2","0","0","0","7","","","N","","","","","","","","","",""
"2022050518","1610","2","0","0","0","0","0","0","0","0","5","0","","67","5","2022","6","39.91525","-75.164678","1603","6","0","0","0","0","0","0","0","0","","0","0","0","15","1","1","N","0","0","39 54:54.900","","0","75 09:52.840","3","0","0","0","67301","0","0","0","N","0","0","0","1","67301","0","","6.0","","1","N","N","Y","0","","1","0","1","0","0","","1545","3","1","0","0","0","0","0","2","0","3","0","0","0","7","","","N","","","","","","","","","",""
"2022053206","0019","1","0","0","0","0","0","0","0","0","8","0","","67","5","2022","2","39.995052","-75.163187","0017","6","0","0","0","0","0","0","0","0","","0","0","0","22","3","2","","1","0","39 59:42.186","","0","75 09:47.473","2","0","0","0","67301","1","0","1","N","1","0","1","3","67301","0","","1.0","","1","N","N","N","0","","1","1","0","3","1","","2204","2","2","0","0","0","0","1","2","0","1","1","0","1","3","03","","N","","","","","","","","","",""
"2022049361","0349","0","0","0","0","0","0","0","0","0","4","0","","67","5","2022","5","39.985822","-75.181018","0347","6","0","0","1","0","0","0","0","1","","0","0","0","3","8","4","","1","0","39 59:08.960","","0","75 10:51.665","2","0","0","0","67301","0","0","0","N","0","0","0","4","67301","0","","1.0","","1","Y","Y","N","0","","2","2","1","3","2","","337","2","4","3","0","2","0","0","2","1","2","0","0","0","4","04","","N","","","","","","","","","",""
"2022063025","1110","1","0","0","0","0","0","0","0","0","7","0","","67","5","2022","7","40.054013","-75.231604","1104","6","0","0","0","0","0","1","0","0","","0","0","0","13","1","0","Y","0","0","40 03:14.445","","0","75 13:53.775","9","0","0","0","67301","0","0","0","N","0","0","0","1","67301","0","","5.0","","1","N","N","N","0","","0","0","0","0","0","","1345","1","0","0","0","0","0","1","2","0","1","0","0","0","3","03","","N","","","","","","","","","",""
"2022039426","","2","0","0","0","0","0","0","0","0","4","0","","67","3","2022","5","40.044332","-75.14849","","6","0","0","0","0","0","0","0","0","","0","0","0","21","1","1","","1","0","40 02:39.595","","0","75 08:54.564","8","0","0","0","67301","0","0","0","N","0","0","0","2","00000","0","","1.0","","1","","","N","0","","0","0","0","3","3","","2100","2","1","0","0","0","1","0","2","0","2","0","0","0","3","","","N","","","","","","","","","",""
"2022049232","1257","0","0","0","0","0","0","0","0","0","4","0","","67","5","2022","3","39.993948","-75.154613","1257","6","0","0","0","0","0","0","0","0","","0","0","0","18","1","1","","1","0","39 59:38.214","","0","75 09:16.608","8","0","0","0","67301","0","0","0","N","0","0","0","2","67301","0","","1.0","","99","N","N","N","0","","0","0","2","3","2","","1820","2","1","0","0","0","1","1","2","0","2","0","0","0","99","98","","N","","","","","","","","","",""
"2022063048","1616","0","0","0","0","0","0","0","0","0","5","0","","67","2","2022","2","39.964056","-75.231833","1616","6","0","0","0","0","0","0","0","0","","0","0","0","16","1","0","N","0","2","39 57:50.600","4","0","75 13:54.600","9","0","0","0","67301","0","0","0","N","0","0","0","1","67301","0","","6.0","1854.0","1","N","N","N","0","","0","0","2","0","0","Y","1610","2","0","0","0","0","0","1","2","0","2","0","0","0","3","03","","N","","","","","","","","","",""
"2022056986","1617","0","0","0","0","0","0","0","0","0","1","0","","67","5","2022","6","39.966708","-75.187688","1602","6","0","0","0","0","0","1","0","0","","0","0","0","16","1","0","N","0","0","39 58:00.148","","0","75 11:15.676","0","0","0","0","67301","0","0","0","N","0","0","0","4","68K01","0","","1.0","","9","N","N","N","0","","0","0","2","0","0","","1600","2","0","0","0","0","0","0","2","0","2","0","0","0","7","04","","N","","","","","","","","","",""
"2022050537","1506","0","0","0","0","0","0","0","0","0","1","0","","67","5","2022","4","40.038025","-75.181192","1502","6","0","0","0","0","0","0","0","0","","0","0","0","12","1","1","N","0","0","40 02:16.890","","0","75 10:52.290","8","0","0","0","67301","0","0","0","N","0","0","0","1","67301","0","","6.0","","1","N","N","N","1","","0","0","1","0","0","","1247","2","1","0","0","0","1","0","2","0","2","0","0","0","3","03","","N","","","","","","","","","",""
"2022064941","0647","1","0","0","0","0","0","0","0","0","1","0","","67","7","2022","5","39.960123","-75.179876","0640","6","0","0","0","0","0","0","0","0","","0","0","0","6","1","0","N","0","0","39 57:36.441","","0","75 10:47.553","0","0","0","0","67301","0","0","0","N","0","0","0","2","68K01","0","","1.0","","1","N","N","N","0","","0","0","0","0","0","","633","2","0","0","0","0","0","0","2","1","2","0","0","0","3","03","","N","","","","","","","","","",""
"2022066283","2251","0","0","0","0","0","0","0","0","0","5","0","","67","6","2022","1","39.979643","-75.106251","2241","6","0","0","0","0","0","0","0","0","","0","0","0","21","3","1","N","0","0","39 58:46.716","","0","75 06:22.503","3","0","0","0","67301","0","0","0","N","0","0","0","2","68K01","0","","1.0","","1","N","N","N","0","","1","0","0","0","0","","2144","2","1","0","0","0","0","1","2","1","2","0","0","0","3","","","N","","","","","","","","","",""
"2022035454","","2","0","0","0","0","0","0","0","0","4","0","","67","4","2022","6","39.943837","-75.237835","","6","0","0","0","0","0","0","0","0","","0","0","0","16","1","2","","1","0","39 56:37.812","","0","75 14:16.207","8","0","0","0","67301","0","0","0","N","0","0","0","3","00000","0","","1.0","","1","","","N","0","","0","0","0","3","2","","1615","2","2","0","0","0","2","0","2","0","2","0","0","0","3","","","N","","","","","","","","","",""
"2022059100","0016","1","0","0","0","0","0","0","0","0","5","0","","67","5","2022","4","40.003832","-75.194586","0008","6","0","0","0","0","0","0","0","0","","0","0","0","23","3","0","N","0","0","40 00:13.795","","0","75 11:40.510","0","0","0","0","67301","0","0","0","N","0","0","0","2","68K01","0","","1.0","","1","N","N","N","0","","0","0","1","0","0","","2358","2","0","0","0","0","0","0","2","0","2","0","0","0","3","03","","N","","","","","","","","","",""
"2022049173","1834","1","0","0","0","0","0","0","0","0","1","0","","67","5","2022","4","39.934519","-75.221797","1833","6","0","0","0","0","0","0","0","0","","0","0","0","18","4","1","N","0","0","39 56:04.270","","0","75 13:18.470","8","0","0","0","67301","0","0","0","N","0","0","0","1","67301","0","","6.0","","1","N","N","N","0","","0","0","1","0","0","","1830","2","1","0","0","0","1","0","2","0","2","0","0","0","3","","","N","","","","","","","","","",""
"2022033166","","1","0","0","0","0","0","0","0","0","5","0","","67","3","2022","1","39.952734","-75.191504","","6","0","0","0","0","0","0","0","0","","0","0","0","20","1","0","N","0","0","39 57:09.841","","0","75 11:29.414","0","0","0","0","67301","0","0","0","N","0","0","0","2","00000","0","","1.0","","1","","","N","0","","0","0","1","0","0","","2011","2","0","0","0","0","0","0","2","0","2","0","0","0","3","","","N","","","","","","","","","",""
"2022064488","0100","1","0","0","0","0","0","0","0","0","7","0","","67","7","2022","6","40.099932","-74.986888","0124","6","0","0","0","0","1","0","0","0","","0","0","0","23","3","1","N","0","0","40 05:59.754","","0","74 59:12.798","3","0","0","0","67301","0","0","0","N","0","0","0","1","67301","0","","5.0","","9","N","N","N","0","","1","0","0","0","0","","2300","1","1","0","0","0","0","0","2","0","1","0","0","0","7","07","","N","","","","","","","","","",""
"2022064059","0740","3","0","0","0","0","0","0","0","0","1","0","","67","7","2022","2","40.020421","-75.154384","0740","6","0","0","0","0","0","2","0","0","","0","0","0","7","1","4","","7","1","40 01:13.514","1","3","75 09:15.784","3","0","0","0","67301","0","0","0","N","0","0","0","7","67301","0","","1.0","845.0","1","N","N","N","0","","4","0","1","0","0","N","735","4","4","0","0","0","0","0","2","0","4","0","0","0","3","03","","N","","","","","","","","","",""
"2022063188","2340","3","0","0","0","0","0","0","0","0","4","0","","67","7","2022","4","40.113469","-75.025164","2340","6","1","0","0","0","0","0","0","0","","0","0","0","23","3","0","N","0","0","40 06:48.490","","0","75 01:30.590","0","0","0","0","67301","0","0","0","N","0","0","0","1","67301","0","","1.0","","1","N","N","N","0","","0","0","2","0","0","","2339","5","0","0","0","0","0","0","2","0","5","0","0","0","3","03","","N","","","","","","","","","",""
"2022059993","","1","0","0","0","0","0","0","0","0","1","0","","67","2","2022","1","40.026789","-75.097993","","6","0","0","0","0","0","0","0","0","","0","0","0","19","1","1","Y","0","0","40 01:36.440","","0","75 05:52.773","8","0","0","0","67301","0","0","0","N","0","0","0","3","00000","0","","1.0","","1","","","N","0","","0","0","1","3","2","","1900","3","1","0","0","0","1","0","2","0","3","0","0","0","3","","","N","","","","","","","","","",""
"2022061685","1512","2","0","0","0","0","0","0","0","0","2","0","","67","7","2022","3","39.983189","-75.156819","1510","6","0","0","0","0","0","0","1","0","","0","0","0","15","1","1","","1","1","39 58:59.480","1","0","75 09:24.548","3","0","0","0","67301","0","0","0","N","0","0","0","3","67505","0","","1.0","1535.0","1","N","N","N","0","","1","0","0","3","2","N","1508","2","1","0","0","0","0","1","2","0","2","0","0","0","3","03","","N","","","","","","","","","",""
"2022055655","1040","1","0","0","0","0","0","0","0","0","1","0","","67","5","2022","3","40.014376","-75.118513","1039","6","0","0","0","0","0","0","0","0","","0","0","0","10","1","1","N","0","0","40 00:51.752","","0","75 07:06.645","3","0","0","0","67301","0","0","0","N","0","0","0","2","67301","0","","1.0","","1","N","N","N","0","","1","0","1","0","0","","1015","2","1","0","0","0","0","0","2","0","2","0","0","0","3","03","","N","","","","","","","","","",""
"2022047770","0025","1","0","0","0","0","0","0","0","0","4","0","","67","5","2022","1","40.084535","-74.989341","0020","6","0","0","0","0","0","0","0","0","","0","0","0","0","3","1","N","0","0","40 05:04.325","","0","74 59:21.629","4","0","0","0","67301","0","0","0","N","0","0","0","1","67301","1","","5.0","","1","N","N","N","0","","0","0","1","0","0","","15","2","1","0","0","0","0","0","2","0","2","0","0","0","3","03","","N","","","","","","","","","",""
"2022047730","1310","1","0","0","0","0","0","0","0","0","2","0","","67","5","2022","7","40.055283","-75.155131","1308","6","0","0","0","0","0","0","1","0","","0","0","0","12","1","1","N","0","0","40 03:19.020","","0","75 09:18.470","3","0","0","0","67301","0","0","0","N","0","0","0","2","67301","0","","1.0","","1","N","N","N","0","","1","0","1","0","0","","1248","2","1","0","0","0","0","0","2","0","2","0","0","0","3","03","","N","","","","","","","","","",""
"2022058786","1705","0","0","0","0","0","0","1","0","0","4","1","","67","6","2022","3","40.009832","-75.166871","1650","6","0","0","0","0","0","0","0","0","","0","0","0","16","1","4","N","1","0","40 00:35.396","","0","75 10:00.737","4","0","0","0","67301","0","0","0","N","0","0","0","6","67508","4","","1.0","","1","N","N","Y","0","","0","0","0","9","2","N","1650","2","4","0","0","0","0","0","2","0","2","0","0","0","3","03","","N","","","","","","","","","",""
"2022063236","1639","1","0","0","0","0","0","0","0","0","1","0","","67","7","2022","3","40.042566","-75.113363","1639","6","0","0","0","0","0","0","0","0","","0","0","0","0","6","0","","1","0","40 02:33.239","","0","75 06:48.108","9","0","0","0","67301","0","0","0","N","0","0","0","3","67301","0","","1.0","","99","N","N","N","1","","0","0","0","9","2","","30","2","0","1","0","0","0","3","2","0","2","0","0","0","3","","","N","","","","","","","","","",""
"2022062300","1315","1","0","0","0","0","0","0","0","0","1","1","20","67","5","2022","5","39.986063","-75.092264","1255","6","0","0","0","0","0","0","0","0","","0","1","0","12","1","2","N","0","2","39 59:09.828","1","2","75 05:32.149","3","0","0","0","67301","0","0","0","Y","0","0","0","2","68K01","0","","1.0","1410.0","1","N","N","N","0","","2","0","0","3","8","N","1253","2","2","0","0","0","0","0","2","0","2","0","0","0","3","03","Y","Y","4","2","N","N","N","Y","N","N","N","Y"
"2022050582","2240","0","0","0","0","0","0","0","0","0","4","0","","67","5","2022","1","40.023517","-75.171602","2240","6","0","0","0","0","0","1","0","0","","0","0","0","22","3","0","","1","0","40 01:24.661","","0","75 10:17.767","0","0","0","0","67301","0","0","0","N","0","0","0","2","67301","0","","1.0","","1","N","N","N","0","","0","0","2","3","3","","2240","2","0","0","0","0","0","0","2","0","2","0","0","0","3","","","N","","","","","","","","","",""
"2022043930","2050","1","0","0","0","0","0","0","0","0","8","0","","67","4","2022","3","40.030515","-75.055016","2044","6","0","0","0","0","0","0","0","0","","0","0","0","20","3","1","N","0","1","40 01:49.853","2","0","75 03:18.057","3","0","0","0","67301","1","0","0","N","1","0","0","2","67301","0","","1.0","2110.0","9","N","N","N","0","","1","0","0","0","0","N","2043","2","1","0","0","0","0","0","2","0","1","1","0","0","7","","","N","","","","","","","","","",""
"2022050567","0224","1","0","0","0","0","0","0","0","0","8","0","","67","5","2022","1","40.006696","-75.143074","0212","6","0","0","0","0","0","0","0","0","","0","0","0","2","3","1","","5","0","40 00:24.105","","0","75 08:35.066","2","0","0","0","67301","1","0","1","N","1","0","1","2","67301","0","","1.0","","1","N","N","N","0","","0","1","0","0","0","","212","2","1","0","0","0","0","0","2","0","1","1","0","1","3","03","","N","","","","","","","","","",""
"2022068254","1425","1","0","0","0","0","0","0","0","0","7","0","","67","7","2022","1","39.981229","-75.102438","1425","6","0","0","0","0","0","0","0","0","","0","0","0","14","1","0","N","0","1","39 58:52.426","1","0","75 06:08.778","0","0","0","0","67301","0","0","0","N","0","0","0","1","68K01","0","","3.0","235.0","1","N","N","N","0","","0","0","0","0","0","N","1401","1","0","0","0","0","0","0","2","0","1","0","0","0","3","03","","N","","","","","","","","","",""
"2022051961","1240","1","0","0","0","0","0","0","0","0","4","0","","67","6","2022","6","40.045997","-75.082334","1234","6","0","0","0","0","0","0","0","0","","0","0","0","12","1","1","","1","0","40 02:45.589","","0","75 04:56.402","3","0","0","0","67301","0","0","0","N","0","0","0","2","67301","0","","1.0","","1","N","N","N","0","","1","0","1","3","2","","1234","2","1","0","0","0","0","0","2","0","2","0","0","0","3","","","N","","","","","","","","","",""
"2022060028","2335","1","0","0","0","0","0","0","0","0","4","0","","67","6","2022","7","39.92558","-75.234331","2333","6","0","0","0","1","0","0","0","0","","0","0","0","23","3","1","","1","0","39 55:32.089","","0","75 14:03.592","3","0","0","1","67301","0","0","0","N","0","0","0","2","67301","0","","1.0","","1","N","N","N","0","","1","0","0","3","1","","2330","2","1","1","0","0","0","1","2","0","2","0","0","0","3","03","","N","","","","","","","","","",""
"2022052944","1355","2","0","0","0","0","0","0","0","0","4","0","","67","6","2022","1","40.061325","-75.151142","1349","6","0","0","0","0","0","0","0","0","","0","0","0","13","1","3","","1","2","40 03:40.769","5","0","75 09:04.111","3","0","0","0","67301","0","0","0","N","0","0","0","3","67301","1","","1.0","1600.0","1","N","N","N","0","","2","0","0","3","2","Y","1347","2","3","0","0","0","0","0","2","0","2","0","0","0","3","98","","N","","","","","","","","","",""
"2022055631","0610","1","0","0","0","0","0","0","0","0","6","0","","67","6","2022","1","39.948355","-75.210504","0605","6","0","0","0","0","0","0","0","0","","0","0","0","6","3","0","N","0","2","39 56:54.077","3","0","75 12:37.814","0","0","0","0","67301","0","0","0","N","0","0","0","2","67301","0","","1.0","640.0","1","N","N","N","0","","0","0","1","0","0","N","600","2","0","0","0","0","0","0","2","0","2","0","0","0","3","03","","N","","","","","","","","","",""
"2022062311","1308","0","0","0","0","0","0","0","0","0","1","0","","67","5","2022","2","39.958643","-75.168981","1304","6","0","0","0","0","0","0","0","0","","0","0","0","12","1","0","N","0","0","39 57:31.113","","0","75 10:08.330","0","0","0","0","67301","0","0","0","N","0","0","0","5","68K01","0","","1.0","","1","N","N","N","0","","0","0","2","0","0","","1248","2","0","0","0","0","0","0","2","0","2","0","0","0","3","","","N","","","","","","","","","",""
"2022049761","2201","2","0","0","0","0","0","0","0","0","4","0","","67","5","2022","4","40.019666","-75.158645","2200","6","0","0","0","0","0","1","0","0","","0","0","0","21","3","2","","1","0","40 01:10.797","","0","75 09:31.122","3","0","0","0","67301","0","0","0","N","0","0","0","3","67301","0","","1.0","","1","N","N","N","0","","2","0","0","3","3","","2130","2","2","0","0","0","0","0","2","0","2","0","0","0","3","03","","N","","","","","","","","","",""
"2022049781","1036","0","0","0","0","0","0","0","0","0","1","0","","67","5","2022","7","39.989794","-75.142736","1036","6","0","0","0","0","0","0","0","0","","1","0","0","10","1","0","N","0","0","39 59:23.260","","0","75 08:33.850","1","0","0","0","67301","0","0","0","N","0","0","0","1","67301","0","2","6.0","","1","N","N","N","0","0","0","0","0","0","0","","1035","2","0","0","0","0","0","0","2","1","2","0","0","0","3","","","N","","","","","","","","","",""
"2022049433","1406","2","0","0","0","0","0","0","0","0","1","0","","67","5","2022","5","39.991699","-75.185608","1404","6","0","0","0","0","0","0","0","0","","0","0","0","14","1","1","","1","0","39 59:30.115","","0","75 11:08.190","8","0","0","0","67301","0","0","0","N","0","0","0","2","67301","0","","1.0","","1","N","N","N","0","","0","0","0","3","2","","1400","2","1","2","0","0","1","0","2","0","2","0","0","0","4","03","","N","","","","","","","","","",""
"2022064681","0917","0","0","0","0","0","0","0","0","0","7","0","","67","6","2022","1","40.043382","-75.003132","0843","6","0","0","0","0","0","0","0","0","","0","0","0","8","8","0","N","0","0","40 02:36.175","","0","75 00:11.276","0","0","0","0","67301","0","0","0","Y","0","0","0","1","68K01","0","","4.0","","8","N","N","N","1","","0","0","0","0","0","","842","1","0","0","0","0","0","0","2","0","1","0","0","0","7","","","N","","","","","","","","","",""
"2022055605","1151","2","0","0","0","0","0","0","0","0","4","0","","67","6","2022","2","40.060757","-75.181775","1141","6","0","0","0","0","0","0","0","0","","0","0","0","11","1","1","","1","0","40 03:38.725","","0","75 10:54.390","3","0","0","0","67301","0","0","0","N","0","0","0","2","67301","0","","1.0","","1","N","N","N","0","","1","0","0","3","3","","1141","2","1","0","0","0","0","0","2","0","2","0","0","0","3","","","N","","","","","","","","","",""
"2022055549","1340","0","0","0","0","0","0","0","0","0","4","0","","67","6","2022","6","39.932918","-75.148727","1233","6","0","0","0","0","0","1","0","0","","0","0","0","22","3","1","","1","0","39 55:58.503","","0","75 08:55.417","3","0","0","0","67301","0","0","0","N","0","0","0","2","67301","0","","1.0","","1","N","N","N","0","","1","0","2","3","2","","2230","2","1","0","0","0","0","0","2","0","2","0","0","0","3","03","","N","","","","","","","","","",""
"2022055597","0051","0","0","0","0","0","0","0","0","0","0","0","","67","6","2022","5","40.050494","-75.164328","0048","6","0","0","0","0","0","0","0","0","","0","0","0","0","3","0","N","0","0","40 03:01.780","","0","75 09:51.580","0","0","0","0","67301","0","0","0","N","0","0","0","1","67301","0","","1.0","","9","N","N","N","0","","0","0","1","0","0","","47","1","0","0","0","0","0","0","2","0","1","0","0","0","7","07","","N","","","","","","","","","",""
"2022065501","2034","2","0","0","0","0","0","0","0","0","4","0","","67","7","2022","6","40.040647","-75.2247","2032","6","0","0","0","0","0","0","0","0","","0","0","0","20","4","1","N","0","0","40 02:26.330","","7","75 13:28.920","3","0","0","0","67301","0","0","0","N","0","0","0","3","67301","0","","1.0","","1","N","N","N","0","","1","0","0","0","0","","2030","2","1","0","0","0","0","0","2","0","2","0","0","0","3","03","","N","","","","","","","","","",""