"CRN","ARRIVAL_TM","AUTOMOBILE_COUNT","BELTED_DEATH_COUNT","BELTED_SUSP_SERIOUS_INJ_COUNT","BICYCLE_COUNT","BICYCLE_DEATH_COUNT","BICYCLE_SUSP_SERIOUS_INJ_COUNT","BUS_COUNT","CHLDPAS_DEATH_COUNT","CHLDPAS_SUSP_SERIOUS_INJ_COUNT","COLLISION_TYPE","COMM_VEH_COUNT","CONS_ZONE_SPD_LIM","COUNTY","CRASH_MONTH","CRASH_YEAR","DAY_OF_WEEK","DEC_LATITUDE","DEC_LONGITUDE","DISPATCH_TM","DISTRICT","DRIVER_COUNT_16YR","DRIVER_COUNT_17YR","DRIVER_COUNT_18YR","DRIVER_COUNT_19YR","DRIVER_COUNT_20YR","DRIVER_COUNT_50_64YR","DRIVER_COUNT_65_74YR","DRIVER_COUNT_75PLUS","EST_HRS_CLOSED","FATAL_COUNT","HEAVY_TRUCK_COUNT","HORSE_BUGGY_COUNT","HOUR_OF_DAY","ILLUMINATION","INJURY_COUNT","INTERSECTION_RELATED","INTERSECT_TYPE","LANE_CLOSED","LATITUDE","LN_CLOSE_DIR","LOCATION_TYPE","LONGITUDE","MAX_SEVERITY_LEVEL","MCYCLE_DEATH_COUNT","MCYCLE_SUSP_SERIOUS_INJ_COUNT","MOTORCYCLE_COUNT","MUNICIPALITY","NONMOTR_COUNT","NONMOTR_DEATH_COUNT","NONMOTR_SUSP_SERIOUS_INJ_COUNT","NTFY_HIWY_MAINT","PED_COUNT","PED_DEATH_COUNT","PED_SUSP_SERIOUS_INJ_COUNT","PERSON_COUNT","POLICE_AGCY","POSSIBLE_INJ_COUNT","RDWY_SURF_TYPE_CD","RELATION_TO_ROAD","ROADWAY_CLEARED","ROAD_CONDITION","SCH_BUS_IND","SCH_ZONE_IND","SECONDARY_CRASH","SMALL_TRUCK_COUNT","SPEC_JURIS_CD","SUSP_MINOR_INJ_COUNT","SUSP_SERIOUS_INJ_COUNT","SUV_COUNT","TCD_FUNC_CD","TCD_TYPE","TFC_DETOUR_IND","TIME_OF_DAY","TOTAL_UNITS","TOT_INJ_COUNT","UNBELTED_OCC_COUNT","UNB_DEATH_COUNT","UNB_SUSP_SERIOUS_INJ_COUNT","UNK_INJ_DEG_COUNT","UNK_INJ_PER_COUNT","URBAN_RURAL","VAN_COUNT","VEHICLE_COUNT","VULNERABLE_ROAD_USER_COUNT","VULNERABLE_ROAD_USER_DEATH_COUNT","VULNERABLE_ROAD_USER_SER_INJ_COUNT","WEATHER1","WEATHER2","WORKERS_PRES","WORK_ZONE_IND","WORK_ZONE_LOC","WORK_ZONE_TYPE","WZ_CLOSE_DETOUR","WZ_FLAGGER","WZ_LAW_OFFCR_IND","WZ_LN_CLOSURE","WZ_MOVING","WZ_OTHER","WZ_SHLDER_MDN","WZ_WORKERS_INJ_KILLED"
"2022068623","1730","0","0","0","0","0","0","0","0","0","7","1","","67","7","2022","2","40.000017","-75.189273","1720","6","0","0","0","0","0","1","0","0","","0","1","0","16","1","0","N","0","2","40 00:00.060","6","1","75 11:21.384","0","0","0","0","67301","0","0","0","N","0","0","0","1","67301","0","","1.0","20.0","1","N","N","N","0","","0","0","0","0","0","Y","1650","1","0","0","0","0","0","0","2","0","1","0","0","0","3","03","","N","","","","","","","","","",""
"2022055629","2223","1","0","0","0","0","0","0","0","0","5","0","","67","6","2022","1","39.935389","-75.173889","2223","6","0","0","0","0","0","0","0","0","","0","0","0","21","3","2","N","0","0","39 56:07.400","","0","75 10:26.000","2","0","2","1","67301","0","0","0","N","0","0","0","2","67301","0","","6.0","","1","N","N","N","0","","0","2","1","0","0","","2120","3","2","0","0","0","0","0","2","0","3","0","0","0","3","03","","N","","","","","","","","","",""
"2022064306","1718","1","0","0","0","0","0","0","0","0","4","0","","67","7","2022","3","40.043783","-75.012708","1713","6","0","0","0","0","0","0","2","0","","0","0","0","17","1","4","","1","2","40 02:37.620","7","0","75 00:45.749","2","0","0","0","67301","0","0","0","N","0","0","0","4","67301","1","","1.0","200.0","1","N","N","N","0","","0","3","2","3","3","Y","1711","3","4","4","0","3","0","0","2","0","3","0","0","0","3","03","","N","","","","","","","","","",""
"2022050580","1411","1","0","0","0","0","0","0","0","0","1","0","","67","5","2022","7","40.014086","-75.177883","1411","6","0","0","0","0","0","0","0","0","","0","0","0","13","1","0","N","0","0","40 00:50.710","","7","75 10:40.380","0","0","0","0","67301","0","0","0","N","0","0","0","2","67301","0","","1.0","","1","N","N","N","0","","0","0","1","0","0","","1333","2","0","0","0","0","0","0","2","0","2","0","0","0","3","03","","N","","","","","","","","","",""
"2022055675","1415","1","0","0","0","0","0","0","0","0","8","0","","67","6","2022","6","40.029046","-75.146157","1410","6","0","0","0","0","0","0","0","0","","0","0","0","13","1","1","","1","0","40 01:44.565","","0","75 08:46.165","3","0","0","0","67301","1","0","0","N","1","0","0","2","67301","0","","1.0","","1","N","N","N","0","","1","0","0","3","2","","1330","2","1","1","0","0","0","1","2","0","1","1","0","0","3","03","","N","","","","","","","","","",""
"2022067167","2216","1","0","0","0","0","0","0","0","0","7","0","","67","6","2022","5","39.937436","-75.143968","2206","6","0","0","0","0","1","0","0","0","","0","0","0","21","3","0","N","0","2","39 56:14.769","1","0","75 08:38.283","0","0","0","0","67301","0","0","0","N","0","0","0","1","68K01","0","","3.0","1045.0","1","N","N","N","0","","0","0","0","0","0","N","2157","1","0","0","0","0","0","0","2","0","1","0","0","0","3","03","","N","","","","","","","","","",""
"2022053411","1429","0","0","0","0","0","0","0","0","0","5","0","","67","6","2022","4","39.959056","-75.190861","1426","6","0","0","0","1","0","0","0","0","","0","0","0","14","1","0","N","0","0","39 57:32.600","","0","75 11:27.100","0","0","0","0","67301","0","0","0","N","0","0","0","2","67507","0","","1.0","","1","N","N","N","1","","0","0","1","0","0","","1420","2","0","0","0","0","0","0","2","0","2","0","0","0","3","02","","N","","","","","","","","","",""
"2022050543","1920","1","0","0","0","0","0","0","0","0","4","0","","67","5","2022","3","40.022351","-75.078135","1910","6","0","0","0","0","0","0","0","0","","0","0","0","19","1","2","","1","0","40 01:20.463","","0","75 04:41.285","3","0","0","0","67301","0","0","0","N","0","0","0","3","67301","0","","1.0","","1","N","N","N","0","","2","0","1","3","2","","1900","2","2","0","0","0","0","0","2","0","2","0","0","0","4","","","N","","","","","","","","","",""
"2022063073","0630","1","0","0","0","0","0","0","0","0","4","0","","67","6","2022","3","39.971858","-75.244883","0627","6","0","0","0","0","0","0","0","0","","0","0","0","6","5","2","","1","0","39 58:18.687","","0","75 14:41.580","4","0","0","0","67301","0","0","0","N","0","0","0","2","67301","2","","1.0","","1","N","N","N","0","","0","0","1","3","2","","620","2","2","0","0","0","0","0","2","0","2","0","0","0","3","03","","N","","","","","","","","","",""
"2022055579","1540","0","0","0","0","0","0","0","0","0","1","0","","67","6","2022","5","40.092447","-74.991367","1538","6","0","0","0","0","0","0","0","0","","0","0","0","15","1","1","Y","0","0","40 05:32.810","","0","74 59:28.920","8","0","0","0","67301","0","0","0","N","0","0","0","3","67301","0","","1.0","","1","N","N","N","0","","0","0","2","3","2","","1535","2","1","0","0","0","1","0","2","0","2","0","0","0","3","03","","N","","","","","","","","","",""
"2022055544","0135","2","0","0","0","0","0","0","0","0","4","0","","67","6","2022","6","40.041688","-75.064376","0132","6","0","0","0","1","0","0","0","0","","0","0","0","1","3","2","","1","0","40 02:30.078","","0","75 03:51.754","8","0","0","0","67301","0","0","0","N","0","0","0","2","67301","0","","1.0","","1","N","N","N","0","","0","0","0","3","2","","130","2","2","0","0","0","2","0","2","0","2","0","0","0","3","","","N","","","","","","","","","",""
"2022055663","0845","1","0","0","0","0","0","0","0","0","5","0","","67","6","2022","5","39.969922","-75.142541","0842","6","0","0","0","0","0","0","0","0","","0","0","0","6","1","0","N","0","0","39 58:11.719","","0","75 08:33.148","0","0","0","0","67301","0","0","0","N","0","0","0","1","67301","0","","6.0","","1","N","N","N","0","","0","0","1","0","0","","656","2","0","0","0","0","0","0","2","0","2","0","0","0","3","03","","N","","","","","","","","","",""
"2022055620","0235","1","0","0","0","0","0","0","0","0","4","0","","67","6","2022","6","40.020533","-75.050906","0235","6","0","0","0","0","0","0","0","0","","0","0","0","23","3","0","","1","0","40 01:13.918","","0","75 03:03.260","9","0","0","0","67301","0","0","0","N","0","0","0","2","67301","0","","1.0","","1","N","N","N","0","","0","0","0","3","3","","2300","2","0","0","0","0","0","1","2","1","2","0","0","0","3","","","N","","","","","","","","","",""
"2022043784","","1","0","0","0","0","0","0","0","0","4","0","","67","4","2022","5","39.957292","-75.247874","","6","0","0","0","0","0","0","0","0","","0","0","0","13","1","1","","1","0","39 57:26.251","","0","75 14:52.347","8","0","0","0","67301","0","0","0","N","0","0","0","2","00000","0","","1.0","","1","","","N","0","","0","0","1","3","2","","1304","2","1","1","0","0","1","0","2","0","2","0","0","0","3","","","N","","","","","","","","","",""
"2022068598","1040","1","0","0","0","0","0","0","0","0","7","0","","67","7","2022","5","39.981614","-75.167061","1034","6","0","0","1","0","0","0","0","0","","0","0","0","10","1","1","N","0","0","39 58:53.810","","0","75 10:01.420","3","0","0","0","67301","0","0","0","N","0","0","0","1","67301","0","","5.0","","1","N","N","N","0","","1","0","0","0","0","","1033","1","1","0","0","0","0","0","2","0","1","0","0","0","3","03","","N","","","","","","","","","",""
"2022067083","1726","1","0","0","0","0","0","0","0","0","1","0","","67","7","2022","2","40.04253","-75.143863","1726","6","0","0","0","0","0","0","0","0","","0","0","0","19","4","0","N","0","0","40 02:33.109","","0","75 08:37.906","9","0","0","0","67301","0","0","0","N","0","0","0","2","67301","0","","1.0","","9","N","N","N","0","","0","0","1","3","2","","1930","2","0","0","0","0","0","2","2","0","2","0","0","0","7","07","","N","","","","","","","","","",""
"2022041553","","0","0","0","0","0","0","0","0","0","4","0","","67","4","2022","7","39.883695","-75.251582","","6","0","0","0","0","0","0","0","0","","0","0","0","13","1","1","","2","0","39 53:01.302","","2","75 15:05.694","8","0","0","0","67301","0","0","0","N","0","0","0","2","00000","0","","1.0","","1","","","N","0","","0","0","1","3","3","","1345","2","1","0","0","0","1","0","2","0","2","0","0","0","3","","","N","","","","","","","","","",""
"2022050516","0056","1","0","0","0","0","0","0","0","0","4","0","","67","5","2022","2","40.042782","-75.076571","0054","6","0","0","0","0","0","0","0","0","","0","0","0","0","3","2","","5","0","40 02:34.015","","0","75 04:35.655","3","0","0","0","67301","0","0","0","N","0","0","0","3","67301","0","","1.0","","1","N","N","N","0","","2","0","1","3","2","","47","2","2","0","0","0","0","0","2","0","2","0","0","0","3","","","N","","","","","","","","","",""
"2022050730","0924","1","0","0","0","0","0","0","0","0","6","0","","67","5","2022","2","40.030014","-75.040512","0920","6","0","0","0","0","0","0","1","0","","0","0","0","9","1","0","N","0","1","40 01:48.052","3","0","75 02:25.843","0","0","0","0","67301","0","0","0","N","0","0","0","1","67301","0","","6.0","958.0","1","N","N","N","1","","0","0","2","0","0","N","913","4","0","0","0","0","0","0","2","0","4","0","0","0","3","","","N","","","","","","","","","",""
"2022051861","1619","0","0","0","0","0","0","0","0","0","1","0","","67","6","2022","6","39.916829","-75.171324","1608","6","0","0","0","0","0","0","0","0","","0","0","0","15","1","2","","1","0","39 55:00.583","","0","75 10:16.768","3","0","0","0","67301","0","0","0","N","0","0","0","4","67301","0","","1.0","","1","N","N","N","1","","2","0","1","3","2","","1521","2","2","0","0","0","0","0","2","0","2","0","0","0","3","03","","N","","","","","","","","","",""
"2022050583","0020","0","0","0","0","0","0","0","0","0","7","0","","67","5","2022","3","40.004572","-75.165622","0020","6","0","0","0","0","0","0","0","0","","0","0","0","0","3","0","N","0","0","40 00:16.460","","0","75 09:56.240","9","0","0","0","67301","0","0","0","N","0","0","0","1","67301","0","","4.0","","1","N","N","N","0","","0","0","1","0","0","","20","1","0","0","0","0","0","1","2","0","1","0","0","0","3","03","","N","","","","","","","","","",""
"2022064682","2005","3","0","0","0","0","0","0","0","0","1","0","","67","6","2022","1","39.968917","-75.21575","2005","6","0","0","0","0","0","0","0","0","","0","0","0","20","1","1","N","0","2","39 58:08.100","4","0","75 12:56.700","4","0","0","0","67301","0","0","0","N","0","0","0","1","68K01","1","","6.0","2130.0","1","N","N","N","0","","0","0","2","0","0","Y","2005","5","1","0","0","0","0","0","2","0","5","0","0","0","3","","","N","","","","","","","","","",""
"2022067188","1100","1","0","0","0","0","0","0","0","0","1","0","","67","7","2022","5","39.942583","-75.193392","1038","6","0","0","0","0","0","0","0","0","","0","0","0","10","1","1","N","0","0","39 56:33.297","","0","75 11:36.210","8","0","0","0","67301","0","0","0","N","0","0","0","2","68K01","0","","1.0","","1","N","N","N","0","","0","0","1","0","0","","1029","2","1","1","0","0","1","0","2","0","2","0","0","0","3","","","N","","","","","","","","","",""
"2022070482","0723","2","0","0","0","0","0","0","0","0","5","0","","67","6","2022","5","40.032618","-75.020739","0711","6","0","0","0","1","0","1","0","0","","0","0","0","7","1","0","N","0","1","40 01:57.424","1","3","75 01:14.661","0","0","0","0","67301","0","0","0","N","0","0","0","3","68K01","0","","1.0","800.0","9","N","N","N","0","","0","0","0","0","0","N","710","2","0","0","0","0","0","0","2","0","2","0","0","0","7","","","N","","","","","","","","","",""
"2022048095","1205","1","0","0","0","0","0","0","0","0","8","0","","67","5","2022","1","39.964608","-75.157342","1201","6","0","0","0","0","0","0","0","0","","0","0","0","11","1","1","N","0","0","39 57:52.590","","0","75 09:26.430","4","0","0","0","67301","1","0","0","N","1","0","0","2","67301","1","","1.0","","1","N","N","N","0","","0","0","0","0","0","","1155","2","1","0","0","0","0","0","2","0","1","1","0","0","3","03","","N","","","","","","","","","",""
"2022068800","0141","3","0","0","0","0","0","0","0","0","8","0","","67","3","2022","7","39.990972","-75.168556","0140","6","0","0","0","0","0","1","0","0","","0","0","0","1","3","3","N","0","0","39 59:27.500","","0","75 10:06.800","2","0","0","0","67301","1","0","1","N","1","0","1","4","67301","2","","6.0","","1","N","N","N","0","","0","1","1","0","0","","139","5","3","0","0","0","0","0","2","0","4","1","0","1","3","","","N","","","","","","","","","",""
"2022047231","0028","2","0","0","0","0","0","0","0","0","4","0","","67","5","2022","6","40.022303","-75.162025","0024","6","0","0","0","0","0","0","0","0","","0","0","0","0","3","3","","1","2","40 01:20.289","5","0","75 09:43.290","8","0","0","0","67301","0","0","0","N","0","0","0","4","67301","0","","1.0","145.0","1","N","N","N","0","","0","0","0","3","2","Y","15","3","3","0","0","0","3","0","2","1","3","0","0","0","3","","","N","","","","","","","","","",""
"2022068551","2215","2","0","0","0","0","0","0","0","0","4","0","","67","7","2022","5","40.059513","-75.05199","2215","6","0","0","0","0","0","0","0","0","","0","0","0","19","4","1","","1","9","40 03:34.246","","0","75 03:07.165","3","0","0","0","67301","0","0","0","N","0","0","0","3","67301","0","","1.0","","99","N","N","N","0","","1","0","0","9","2","","1900","2","1","0","0","0","0","1","2","0","2","0","0","0","3","","","N","","","","","","","","","",""
"2022057731","","1","0","0","0","0","0","0","0","0","4","0","","67","4","2022","1","","","","6","0","0","0","0","0","0","0","0","","0","0","0","1","3","1","","1","0","","","0","","8","0","0","0","67301","0","0","0","N","0","0","0","2","00000","0","","1.0","","1","","","N","0","","0","0","0","3","3","","115","2","1","0","0","0","1","0","1","0","2","0","0","0","3","","","N","","","","","","","","","",""
"2022067352","1829","2","0","0","0","0","0","0","0","0","4","0","","67","6","2022","1","39.992924","-75.200666","1824","6","0","0","0","0","0","1","0","0","","0","0","0","18","1","3","N","0","0","39 59:34.527","","0","75 12:02.396","3","0","0","0","67301","0","0","0","N","0","0","0","3","68K01","0","","1.0","","1","N","N","N","0","","2","0","0","0","0","","1812","2","3","1","0","0","1","0","2","0","2","0","0","0","3","","","N","","","","","","","","","",""
"2022055560","1230","1","0","0","0","0","0","0","0","0","5","0","","67","6","2022","2","39.945556","-75.141731","1221","6","0","0","0","0","0","0","0","0","","0","0","0","12","1","0","Y","0","2","39 56:44.002","1","0","75 08:30.231","0","0","0","0","67301","0","0","0","N","0","0","0","2","67301","0","","1.0","100.0","1","N","N","N","1","","0","0","0","3","2","N","1200","2","0","2","0","0","0","0","2","0","2","0","0","0","3","03","","N","","","","","","","","","",""
"2022039417","","0","0","0","0","0","0","0","0","0","5","0","","67","4","2022","7","39.958352","-75.224144","","6","0","0","0","1","0","0","0","0","","0","0","0","8","1","1","N","0","0","39 57:30.068","","0","75 13:26.917","8","0","0","0","67301","0","0","0","N","0","0","0","2","00000","0","","1.0","","1","","","N","0","","0","0","1","0","0","","845","2","1","0","0","0","1","0","2","0","2","0","0","0","3","","","N","","","","","","","","","",""
"2022061803","0814","1","0","0","0","0","0","0","0","0","7","0","","67","6","2022","1","39.958634","-75.16891","0808","6","0","0","0","0","0","0","0","0","","0","0","0","8","1","0","N","0","0","39 57:31.081","","0","75 10:08.077","0","0","0","0","67301","0","0","0","N","0","0","0","2","68K01","0","","4.0","","9","N","N","N","0","","0","0","0","0","0","","807","1","0","0","0","0","0","0","2","0","1","0","0","0","7","","","N","","","","","","","","","",""
"2022037164","","1","0","0","0","0","0","0","0","0","4","0","","67","4","2022","6","39.913799","-75.236199","","6","0","0","0","0","0","0","0","0","","0","0","0","17","1","1","","1","0","39 54:49.676","","0","75 14:10.316","8","0","0","0","67301","0","0","0","N","0","0","0","2","00000","0","","1.0","","1","","","N","0","","0","0","1","3","3","","1730","2","1","0","0","0","1","0","2","0","2","0","0","0","3","","","N","","","","","","","","","",""
"2022053373","","2","0","0","0","0","0","0","0","0","4","0","","67","4","2022","1","39.916598","-75.231141","","6","0","0","0","0","0","0","0","0","","0","0","0","14","1","1","","1","0","39 54:59.751","","0","75 13:52.108","8","0","0","0","67301","0","0","0","N","0","0","0","2","00000","0","","1.0","","1","","","N","0","","0","0","0","3","3","","1410","2","1","0","0","0","1","0","2","0","2","0","0","0","3","","","N","","","","","","","","","",""
"2022055581","1817","2","0","0","0","0","0","0","0","0","1","0","","67","6","2022","7","40.043573","-75.019794","1816","6","0","0","0","0","0","0","0","0","","0","0","0","18","1","1","N","0","0","40 02:36.863","","0","75 01:11.258","3","0","0","0","67301","0","0","0","N","0","0","0","3","67301","0","","1.0","","1","N","N","Y","0","","1","0","0","0","0","","1814","2","1","0","0","0","0","1","2","0","2","0","0","0","3","03","","N","","","","","","","","","",""
"2022052058","1933","1","0","0","0","0","0","0","0","0","5","0","","67","6","2022","5","39.925051","-75.221493","1926","6","0","0","0","0","0","1","1","0","","0","0","0","18","4","0","N","0","0","39 55:30.182","","0","75 13:17.376","0","0","0","0","67301","0","0","0","N","0","0","0","2","67301","0","","1.0","","8","N","N","N","0","","0","0","1","0","0","","1854","2","0","0","0","0","0","0","2","0","2","0","0","0","7","04","","N","","","","","","","","","",""
"2022050848","0104","2","0","0","0","0","0","0","0","0","4","0","","67","6","2022","5","40.001107","-75.124741","0105","6","0","0","0","0","0","0","0","0","","0","0","0","1","3","1","","1","1","40 00:03.985","3","0","75 07:29.066","8","0","0","0","67301","0","0","0","N","0","0","0","4","67301","0","","1.0","140.0","1","N","N","N","0","","0","0","1","3","2","Y","101","3","1","0","0","0","1","0","2","0","3","0","0","0","3","","","N","","","","","","","","","",""
"2022064765","2208","1","0","0","0","0","0","0","0","0","4","0","","67","6","2022","5","39.954826","-75.217894","2206","6","0","0","0","0","1","0","0","0","","0","0","0","22","3","3","","1","0","39 57:17.373","","0","75 13:04.418","3","0","0","0","67301","0","0","0","N","0","0","0","3","67301","0","","1.0","","1","N","N","N","0","","3","0","1","3","2","","2206","2","3","2","0","0","0","0","2","0","2","0","0","0","3","","","N","","","","","","","","","",""
"2022052926","1145","1","0","0","0","0","0","0","0","0","4","0","","67","6","2022","1","40.000118","-75.177903","1140","6","0","0","0","0","0","1","0","0","","0","0","0","11","1","6","","2","0","40 00:00.424","","0","75 10:40.450","3","0","0","0","67301","0","0","0","N","0","0","0","6","67301","3","","1.0","","1","N","N","N","0","","3","0","2","3","2","","1100","3","6","0","0","0","0","0","2","0","3","0","0","0","3","03","","N","","","","","","","","","",""
"2022066471","0748","1","0","0","0","0","0","1","0","0","4","1","","67","7","2022","6","39.891942","-75.241906","0741","6","0","0","0","0","0","0","0","0","","0","0","0","7","1","1","","2","0","39 53:30.990","","0","75 14:30.862","8","0","0","0","67301","0","0","0","N","0","0","0","3","67508","0","","1.0","","1","N","N","Y","0","","0","0","0","3","2","","741","2","1","1","0","0","1","0","2","0","2","0","0","0","3","03","","N","","","","","","","","","",""
"2022051778","1808","0","0","0","0","0","0","0","0","0","5","0","","67","6","2022","5","40.024722","-75.046972","1805","6","0","0","0","0","0","0","0","0","","0","0","0","18","1","0","N","0","0","40 01:29.000","","0","75 02:49.100","0","0","0","0","67301","0","0","0","N","0","0","0","0","67301","0","","6.0","","9","N","N","N","0","","0","0","2","0","0","","1800","2","0","0","0","0","0","0","2","0","2","0","0","0","7","","","N","","","","","","","","","",""
"2022055659","1243","2","0","0","0","0","0","0","0","0","4","0","","67","6","2022","4","40.021125","-75.139925","1241","6","0","0","0","0","0","0","1","1","","0","0","0","12","1","4","","1","0","40 01:16.051","","0","75 08:23.731","4","0","0","0","67301","0","0","0","N","0","0","0","4","67301","4","","1.0","","1","N","N","N","0","","0","0","0","3","2","","1241","2","4","0","0","0","0","0","2","0","2","0","0","0","3","03","","N","","","","","","","","","",""
"2022064467","1645","0","0","0","0","0","0","0","0","0","4","0","","67","6","2022","5","39.98976","-75.117702","1645","6","0","0","0","0","1","0","0","0","","0","0","0","16","1","1","","1","0","39 59:23.135","","0","75 07:03.727","8","0","0","1","67301","0","0","0","N","0","0","0","2","67301","0","","1.0","","1","N","N","N","0","","0","0","1","3","2","","1645","2","1","0","0","0","1","0","2","0","2","0","0","0","3","03","","N","","","","","","","","","",""
"2022063081","1358","2","0","0","0","0","0","0","0","0","4","0","","67","6","2022","6","39.978974","-75.213729","1358","6","0","0","0","1","0","0","0","0","","0","0","0","20","3","3","N","0","0","39 58:44.305","","0","75 12:49.424","8","0","0","0","67301","0","0","0","N","0","0","0","3","67301","0","","1.0","","1","N","N","N","0","","0","0","0","0","0","","2030","2","3","0","0","0","3","0","2","0","2","0","0","0","4","","","N","","","","","","","","","",""
"2022061054","2233","2","0","0","0","0","0","0","0","0","1","0","","67","6","2022","2","40.032806","-75.13875","2233","6","0","0","0","0","0","0","0","0","","0","0","0","22","3","1","N","0","0","40 01:58.100","","0","75 08:19.500","8","0","0","0","67301","0","0","0","N","0","0","0","1","67301","0","","6.0","","1","N","N","N","0","","0","0","1","0","0","","2228","3","1","0","0","0","1","0","2","0","3","0","0","0","3","","","N","","","","","","","","","",""
"2022066496","1130","1","0","0","0","0","0","0","0","0","8","0","","67","7","2022","3","39.940049","-75.166226","1126","6","0","0","0","0","0","0","0","0","","0","0","0","11","1","1","","1","0","39 56:24.176","","0","75 09:58.414","8","0","0","0","67301","1","0","0","N","1","0","0","2","67301","0","","1.0","","1","N","Y","N","0","","0","0","0","3","2","","1105","2","1","0","0","0","1","0","2","0","1","1","0","0","3","","","N","","","","","","","","","",""
"2022053354","","2","0","0","0","0","0","0","0","0","1","0","","67","4","2022","3","40.027797","-75.085229","","6","0","0","0","0","0","0","0","0","","0","0","0","17","1","0","","1","0","40 01:40.069","","0","75 05:06.824","0","0","0","0","67301","0","0","0","N","0","0","0","2","00000","0","","1.0","","1","","","N","0","","0","0","0","3","2","","1705","2","0","1","0","0","0","0","2","0","2","0","0","0","3","","","N","","","","","","","","","",""
"2022055614","1800","1","0","0","0","0","0","0","0","0","8","0","","67","6","2022","5","39.995044","-75.077911","1752","6","0","0","0","0","0","0","0","0","","0","0","0","17","1","1","N","0","1","39 59:42.158","1","0","75 04:40.480","3","0","0","0","67301","1","0","0","N","1","0","0","2","67301","0","","1.0","1811.0","1","N","N","N","0","","1","0","0","0","0","N","1749","2","1","0","0","0","0","0","2","0","1","1","0","0","3","03","","N","","","","","","","","","",""
"2022063131","1050","2","0","0","0","0","0","0","0","0","1","0","","67","6","2022","1","40.007199","-75.200233","1030","6","0","0","0","0","0","0","0","0","","0","0","0","10","1","0","","7","0","40 00:25.917","","2","75 12:00.838","0","0","0","0","67301","0","0","0","N","0","0","0","3","68K01","0","","7.0","","1","N","N","N","0","","0","0","0","0","0","","1020","2","0","0","0","0","0","0","2","0","2","0","0","0","3","","","N","","","","","","","","","",""
"2022056552","1828","3","0","0","0","0","0","0","0","0","4","0","","67","6","2022","6","39.93259","-75.184711","1813","6","0","0","0","0","0","0","0","0","","0","0","0","18","1","1","","1","2","39 55:57.323","2","0","75 11:04.959","8","0","0","0","67301","0","0","0","N","0","0","0","2","67301","0","","1.0","1828.0","1","N","N","Y","0","","0","0","0","3","3","Y","1810","3","1","0","0","0","1","1","2","0","3","0","0","0","3","03","","N","","","","","","","","","",""
"2022054466","1502","0","0","0","0","0","0","0","0","0","7","0","","67","6","2022","7","39.972428","-75.121322","1502","6","0","0","0","0","0","0","0","0","","0","0","0","14","1","1","N","0","0","39 58:20.742","","8","75 07:16.758","3","0","0","0","67301","0","0","0","N","0","0","0","1","68K01","0","","2.0","","9","N","N","N","0","","1","0","1","0","0","","1401","1","1","0","0","0","0","0","2","0","1","0","0","0","7","07","","N","","","","","","","","","",""
"2022047499","0115","1","0","0","0","0","0","0","0","0","4","0","","67","5","2022","6","40.034076","-75.12402","0107","6","0","0","0","0","0","0","0","0","","0","0","0","22","3","1","","1","0","40 02:02.673","","0","75 07:26.471","4","0","0","0","67301","0","0","0","N","0","0","0","2","67301","1","","1.0","","1","N","N","N","1","","0","0","0","3","3","","2225","2","1","1","0","0","0","1","2","0","2","0","0","0","3","03","","N","","","","","","","","","",""
"2022056011","1010","1","0","0","0","0","0","0","0","0","4","0","","67","6","2022","4","39.948485","-75.223243","1005","6","0","0","0","0","0","2","0","0","","0","0","0","10","1","4","","1","0","39 56:54.545","","0","75 13:23.674","3","0","0","0","67301","0","0","0","N","0","0","0","4","67301","1","","1.0","","1","N","N","N","0","","3","0","1","3","3","","1000","2","4","0","0","0","0","0","2","0","2","0","0","0","3","","","N","","","","","","","","","",""
"2022062120","1630","1","0","0","0","0","0","0","0","0","1","0","","67","6","2022","5","39.958053","-75.164038","1611","6","0","0","0","0","0","0","0","0","","0","0","0","16","1","2","N","0","2","39 57:28.992","3","0","75 09:50.536","8","0","0","0","67301","0","0","0","N","0","0","0","4","68K01","0","","1.0","1640.0","1","N","N","N","0","","0","0","1","0","0","N","1602","2","2","0","0","0","2","0","2","0","2","0","0","0","3","03","","N","","","","","","","","","",""
"2022057369","1753","1","0","0","0","0","0","0","0","0","4","0","","67","6","2022","2","40.129225","-75.024888","1747","6","1","0","0","0","0","0","0","0","","0","0","0","17","1","0","","1","0","40 07:45.210","","0","75 01:29.597","0","0","0","0","67301","0","0","0","N","0","0","0","3","67301","0","","1.0","","1","N","N","N","0","","0","0","1","3","2","","1740","2","0","0","0","0","0","0","2","0","2","0","0","0","3","","","N","","","","","","","","","",""
"2022048108","1531","0","0","0","0","0","0","0","0","0","1","0","","67","5","2022","1","39.991083","-75.155235","1528","6","0","0","0","0","0","0","0","0","","0","0","0","14","1","2","N","0","0","39 59:27.897","","0","75 09:18.847","3","0","0","0","67301","0","0","0","N","0","0","0","6","67301","1","","1.0","","1","N","N","N","0","","1","0","1","0","0","","1418","2","2","3","0","0","0","1","2","1","2","0","0","0","3","","","N","","","","","","","","","",""