"CRN","ARRIVAL_TM","AUTOMOBILE_COUNT","BELTED_DEATH_COUNT","BELTED_SUSP_SERIOUS_INJ_COUNT","BICYCLE_COUNT","BICYCLE_DEATH_COUNT","BICYCLE_SUSP_SERIOUS_INJ_COUNT","BUS_COUNT","CHLDPAS_DEATH_COUNT","CHLDPAS_SUSP_SERIOUS_INJ_COUNT","COLLISION_TYPE","COMM_VEH_COUNT","CONS_ZONE_SPD_LIM","COUNTY","CRASH_MONTH","CRASH_YEAR","DAY_OF_WEEK","DEC_LATITUDE","DEC_LONGITUDE","DISPATCH_TM","DISTRICT","DRIVER_COUNT_16YR","DRIVER_COUNT_17YR","DRIVER_COUNT_18YR","DRIVER_COUNT_19YR","DRIVER_COUNT_20YR","DRIVER_COUNT_50_64YR","DRIVER_COUNT_65_74YR","DRIVER_COUNT_75PLUS","EST_HRS_CLOSED","FATAL_COUNT","HEAVY_TRUCK_COUNT","HORSE_BUGGY_COUNT","HOUR_OF_DAY","ILLUMINATION","INJURY_COUNT","INTERSECTION_RELATED","INTERSECT_TYPE","LANE_CLOSED","LATITUDE","LN_CLOSE_DIR","LOCATION_TYPE","LONGITUDE","MAX_SEVERITY_LEVEL","MCYCLE_DEATH_COUNT","MCYCLE_SUSP_SERIOUS_INJ_COUNT","MOTORCYCLE_COUNT","MUNICIPALITY","NONMOTR_COUNT","NONMOTR_DEATH_COUNT","NONMOTR_SUSP_SERIOUS_INJ_COUNT","NTFY_HIWY_MAINT","PED_COUNT","PED_DEATH_COUNT","PED_SUSP_SERIOUS_INJ_COUNT","PERSON_COUNT","POLICE_AGCY","POSSIBLE_INJ_COUNT","RDWY_SURF_TYPE_CD","RELATION_TO_ROAD","ROADWAY_CLEARED","ROAD_CONDITION","SCH_BUS_IND","SCH_ZONE_IND","SECONDARY_CRASH","SMALL_TRUCK_COUNT","SPEC_JURIS_CD","SUSP_MINOR_INJ_COUNT","SUSP_SERIOUS_INJ_COUNT","SUV_COUNT","TCD_FUNC_CD","TCD_TYPE","TFC_DETOUR_IND","TIME_OF_DAY","TOTAL_UNITS","TOT_INJ_COUNT","UNBELTED_OCC_COUNT","UNB_DEATH_COUNT","UNB_SUSP_SERIOUS_INJ_COUNT","UNK_INJ_DEG_COUNT","UNK_INJ_PER_COUNT","URBAN_RURAL","VAN_COUNT","VEHICLE_COUNT","VULNERABLE_ROAD_USER_COUNT","VULNERABLE_ROAD_USER_DEATH_COUNT","VULNERABLE_ROAD_USER_SER_INJ_COUNT","WEATHER1","WEATHER2","WORKERS_PRES","WORK_ZONE_IND","WORK_ZONE_LOC","WORK_ZONE_TYPE","WZ_CLOSE_DETOUR","WZ_FLAGGER","WZ_LAW_OFFCR_IND","WZ_LN_CLOSURE","WZ_MOVING","WZ_OTHER","WZ_SHLDER_MDN","WZ_WORKERS_INJ_KILLED"
"2022062299","0125","0","0","0","0","0","0","0","0","0","7","0","","67","5","2022","2","39.983638","-75.097256","0112","6","0","0","0","0","0","0","0","0","","0","0","0","1","3","0","N","0","0","39 59:01.098","","0","75 05:50.122","0","0","0","0","67301","0","0","0","N","0","0","0","1","68K01","0","","4.0","","1","N","N","N","0","","0","0","1","0","0","","110","1","0","0","0","0","0","0","2","0","1","0","0","0","3","","","N","","","","","","","","","",""
"2022067180","0833","1","0","0","0","0","0","0","0","0","7","0","","67","7","2022","5","40.046752","-75.000763","0831","6","0","0","0","0","0","0","0","0","","0","0","0","7","1","0","","7","0","40 02:48.306","","2","75 00:02.745","0","0","0","0","67301","0","0","0","N","0","0","0","1","68K01","0","","2.0","","9","N","N","N","0","","0","0","0","0","0","","758","1","0","0","0","0","0","0","2","0","1","0","0","0","4","","","N","","","","","","","","","",""
"2022068803","2120","1","0","0","0","0","0","0","0","0","7","0","","67","5","2022","7","39.988778","-75.159","2115","6","0","0","0","0","0","0","0","0","","0","0","0","21","3","1","N","0","0","39 59:19.600","","0","75 09:32.400","3","0","0","0","67301","0","0","0","N","0","0","0","1","67301","0","","5.0","","1","N","N","N","0","","1","0","0","0","0","","2114","1","1","1","0","0","0","0","2","0","1","0","0","0","3","","","N","","","","","","","","","",""
"2022056017","1718","1","0","0","0","0","0","0","0","0","7","0","","67","6","2022","6","40.008481","-75.137631","1718","6","0","0","0","0","0","0","0","0","","0","0","0","17","1","0","N","0","0","40 00:30.530","","0","75 08:15.470","0","0","0","0","67301","0","0","0","N","0","0","0","1","67301","0","","5.0","","1","N","N","N","0","","0","0","0","0","0","","1718","1","0","1","0","0","0","0","2","0","1","0","0","0","3","03","","N","","","","","","","","","",""
"2022050571","0155","2","0","0","0","0","0","0","0","0","4","0","","67","5","2022","2","40.015951","-75.117379","0155","6","0","0","0","0","0","0","0","0","","0","0","0","1","3","1","","5","0","40 00:57.425","","0","75 07:02.566","3","0","0","0","67301","0","0","0","N","0","0","0","2","67301","0","","1.0","","1","N","N","N","0","","1","0","0","0","0","","145","2","1","0","0","0","0","1","2","0","2","0","0","0","3","","","N","","","","","","","","","",""
"2022052279","1827","1","0","0","0","0","0","0","0","0","7","0","","67","6","2022","7","39.991974","-75.178012","1827","6","0","0","0","0","0","0","1","0","","0","0","0","18","1","1","","11","0","39 59:31.106","","0","75 10:40.843","2","0","0","0","67301","0","0","0","N","0","0","0","1","67301","0","","4.0","","1","N","N","N","0","","0","1","0","0","0","","1827","1","1","1","0","1","0","0","2","0","1","0","0","0","3","03","","N","","","","","","","","","",""
"2022051519","0218","2","0","0","0","0","0","0","0","0","1","0","","67","6","2022","5","39.935453","-75.223147","0208","6","0","0","0","0","0","0","0","0","","0","0","0","1","3","0","N","0","0","39 56:07.630","","0","75 13:23.330","9","0","0","0","67301","0","0","0","N","0","0","0","2","67301","0","","1.0","","1","N","N","N","0","","0","0","0","0","0","","130","3","0","0","0","0","0","2","2","0","3","0","0","0","3","03","","N","","","","","","","","","",""
"2022063062","0305","1","0","1","0","0","0","0","0","0","4","0","","67","5","2022","1","39.983583","-75.247044","0259","6","0","0","0","0","0","0","0","0","","0","0","0","2","3","3","","1","0","39 59:00.899","","0","75 14:49.359","2","0","0","0","67301","0","0","0","N","0","0","0","3","67301","0","","1.0","","1","N","N","N","0","","2","1","1","3","2","","250","2","3","2","0","0","0","0","2","0","2","0","0","0","3","","","N","","","","","","","","","",""
"2022068055","1121","1","0","0","0","0","0","0","0","0","7","0","","67","5","2022","2","39.995158","-75.197785","1118","6","0","0","0","0","0","0","0","0","","0","0","0","10","1","0","N","0","1","39 59:42.570","4","0","75 11:52.027","0","0","0","0","67301","0","0","0","N","0","0","0","1","68K01","0","","4.0","1208.0","1","N","N","N","0","","0","0","0","0","0","N","1056","1","0","0","0","0","0","0","2","0","1","0","0","0","3","03","","N","","","","","","","","","",""
"2022067350","0615","1","0","0","0","0","0","0","0","0","5","0","","67","6","2022","5","39.906593","-75.149849","0605","6","0","0","0","0","0","1","0","0","","0","0","0","5","5","2","N","0","0","39 54:23.733","","0","75 08:59.456","3","0","0","0","67301","0","0","0","N","0","0","0","2","68K01","0","","1.0","","8","N","N","N","0","","2","0","1","0","0","","544","2","2","1","0","0","0","0","2","0","2","0","0","0","3","","","N","","","","","","","","","",""
"2022068059","1201","2","0","0","0","0","0","0","0","0","5","0","","67","6","2022","1","39.888072","-75.21722","1155","6","0","0","0","0","0","0","0","1","","0","0","0","11","1","0","N","0","0","39 53:17.060","","0","75 13:01.993","0","0","0","0","67301","0","0","0","N","0","0","0","2","68K01","0","","1.0","","1","N","N","N","0","","0","0","0","0","0","","1153","2","0","0","0","0","0","0","2","0","2","0","0","0","3","03","","N","","","","","","","","","",""
"2022057157","2139","1","0","0","0","0","0","0","0","0","4","0","","67","5","2022","3","40.024169","-75.030133","2134","6","0","0","1","0","0","0","0","0","","0","0","0","21","3","0","N","0","1","40 01:27.007","1","2","75 01:48.479","0","0","0","0","67301","0","0","0","N","0","0","0","2","68K01","0","","1.0","2217.0","1","N","N","N","1","","0","0","0","0","0","N","2116","2","0","0","0","0","0","0","2","0","2","0","0","0","3","03","","N","","","","","","","","","",""
"2022055542","1435","1","0","0","0","0","0","0","0","0","6","0","","67","6","2022","4","40.041622","-75.064336","1430","6","0","0","0","0","0","1","0","0","","0","0","0","14","1","1","","1","0","40 02:29.839","","0","75 03:51.611","3","0","0","0","67301","0","0","0","N","0","0","0","2","67301","0","","1.0","","1","N","N","N","0","","1","0","1","3","2","","1407","2","1","0","0","0","0","0","2","0","2","0","0","0","3","","","N","","","","","","","","","",""
"2022064770","2151","0","0","0","0","0","0","0","0","0","4","0","","67","6","2022","2","39.954837","-75.227984","2150","6","0","0","0","0","0","1","1","0","","0","0","0","21","3","2","","1","0","39 57:17.413","","0","75 13:40.742","2","0","1","1","67301","0","0","0","N","0","0","0","2","67301","0","","1.0","","1","N","N","N","0","","1","1","1","3","2","","2145","2","2","0","0","0","0","0","2","0","2","0","0","0","3","03","","N","","","","","","","","","",""
"2022068296","1220","1","0","0","0","0","0","1","0","0","1","1","","67","7","2022","5","40.004293","-75.149298","1215","6","0","0","0","0","0","0","1","0","","0","0","0","12","1","1","","1","1","40 00:15.454","2","0","75 08:57.472","8","0","0","0","67301","0","0","0","N","0","0","0","2","67508","0","","1.0","9999.0","1","N","N","Y","0","","0","0","0","3","2","N","1215","2","1","0","0","0","1","0","2","0","2","0","0","0","3","03","","N","","","","","","","","","",""
"2022068606","1535","1","0","0","0","0","0","0","0","0","7","0","","67","7","2022","6","39.975222","-75.142185","1526","6","0","0","0","0","0","0","0","0","","0","0","0","15","1","3","","1","0","39 58:30.799","","0","75 08:31.866","3","0","0","0","67301","1","0","0","N","1","0","0","3","67301","2","","5.0","","1","N","N","N","0","","1","0","0","3","3","","1526","2","3","2","0","0","0","0","2","0","1","1","0","0","3","03","","N","","","","","","","","","",""
"2022068557","0730","0","0","0","0","0","0","0","0","0","4","1","","67","7","2022","7","39.914017","-75.160124","0730","6","0","0","0","0","0","0","0","0","","0","1","0","22","3","1","","1","0","39 54:50.461","","0","75 09:36.446","3","0","0","0","67301","0","0","0","N","0","0","0","2","67301","0","","1.0","","99","N","N","N","0","","1","0","1","0","0","","2222","3","1","2","0","0","0","1","2","1","3","0","0","0","3","","","N","","","","","","","","","",""
"2022054644","2056","0","0","0","0","0","0","0","0","0","7","0","","67","6","2022","6","39.912444","-75.173972","2052","6","0","0","0","0","0","0","0","0","","0","0","0","20","4","1","","7","2","39 54:44.800","2","8","75 10:26.300","8","0","0","0","67301","0","0","0","N","0","0","0","4","67501","0","","4.0","2113.0","1","N","N","N","0","","0","0","0","0","0","Y","2045","1","1","0","0","0","1","0","2","1","1","0","0","0","3","03","","N","","","","","","","","","",""
"2022052923","1112","1","0","0","0","0","0","0","0","0","7","0","","67","5","2022","1","39.909361","-75.153167","1112","6","0","0","0","0","1","0","0","0","","0","0","0","11","1","1","N","0","1","39 54:33.700","4","5","75 09:11.400","4","0","0","0","67301","0","0","0","N","0","0","0","3","67501","1","","3.0","1130.0","1","N","N","N","0","","0","0","1","0","0","N","1112","2","1","0","0","0","0","0","2","0","2","0","0","0","3","03","","N","","","","","","","","","",""
"2022051459","1321","0","0","0","1","0","0","0","0","0","8","0","","67","6","2022","5","40.01529","-75.149927","1321","6","0","0","0","0","0","0","0","0","","0","0","0","12","1","1","","1","0","40 00:55.044","","0","75 08:59.736","3","0","0","0","67301","1","0","0","N","0","0","0","2","67301","0","","1.0","","1","N","N","N","0","","1","0","0","3","2","","1215","2","1","0","0","0","0","0","2","0","1","1","0","0","3","","","N","","","","","","","","","",""
"2022052016","1941","0","0","0","0","0","0","0","0","0","8","0","","67","6","2022","6","40.003008","-75.153519","1939","6","0","0","0","0","0","1","0","0","","0","0","0","19","1","1","N","0","0","40 00:10.830","","0","75 09:12.670","8","0","0","0","67301","1","0","0","N","1","0","0","2","67301","0","","1.0","","1","N","N","N","0","","0","0","0","0","0","","1938","2","1","0","0","0","1","0","2","1","1","1","0","0","3","03","","N","","","","","","","","","",""
"2022066072","1515","1","0","0","0","0","0","0","0","0","1","0","","67","6","2022","1","39.957353","-75.158636","1506","6","0","0","0","0","0","1","0","0","","0","0","0","15","1","1","N","0","1","39 57:26.470","3","0","75 09:31.089","8","0","0","0","67301","0","0","0","N","0","0","0","5","68K01","0","","1.0","1556.0","1","N","N","N","0","","0","0","1","0","0","N","1500","2","1","0","0","0","1","0","2","0","2","0","0","0","3","","","N","","","","","","","","","",""
"2022041557","","0","0","0","0","0","0","0","0","0","5","0","","67","4","2022","6","","","","6","0","0","0","0","0","2","0","0","","0","0","0","11","1","2","N","0","0","","","0","","8","0","0","0","67301","0","0","0","N","0","0","0","3","00000","0","","1.0","","1","","","N","1","","0","0","1","0","0","","1130","2","2","1","0","0","2","0","1","0","2","0","0","0","3","","","N","","","","","","","","","",""
"2022035453","","1","0","0","0","0","0","0","0","0","1","0","","67","3","2022","4","39.988495","-75.160727","","6","0","0","0","0","0","0","0","0","","0","0","0","20","1","1","","1","0","39 59:18.582","","0","75 09:38.617","8","0","0","0","67301","0","0","0","N","0","0","0","2","00000","0","","1.0","","1","","","N","0","","0","0","0","3","2","","2030","2","1","0","0","0","1","0","2","0","2","0","0","0","3","","","N","","","","","","","","","",""
"2022063076","0416","2","0","0","0","0","0","0","0","0","2","0","","67","6","2022","6","39.978288","-75.273591","0412","6","1","0","0","0","0","0","0","0","","0","0","0","4","3","1","","2","0","39 58:41.836","","0","75 16:24.927","3","0","0","0","67301","0","0","0","N","0","0","0","3","67301","0","","1.0","","1","N","N","N","0","","1","0","0","3","2","","401","2","1","0","0","0","0","0","2","0","2","0","0","0","3","03","","N","","","","","","","","","",""
"2022052343","1635","0","0","0","0","0","0","0","0","0","2","0","","67","6","2022","5","39.972969","-75.233025","1630","6","0","0","0","0","0","0","0","0","","0","0","0","20","3","0","N","0","0","39 58:22.690","","0","75 13:58.890","0","0","0","0","67301","0","0","0","N","0","0","0","1","67301","0","","6.0","","1","N","N","N","0","","0","0","1","0","0","","2030","2","0","0","0","0","0","0","2","0","2","0","0","0","3","03","","N","","","","","","","","","",""
"2022053669","1644","1","0","0","0","0","0","0","0","0","7","0","","67","6","2022","7","39.96233","-75.139761","1631","6","0","0","0","0","0","0","0","0","","0","0","0","16","1","0","N","0","1","39 57:44.389","2","0","75 08:23.141","0","0","0","0","67301","0","0","0","N","0","0","0","1","68K01","0","","3.0","1700.0","1","N","N","N","0","","0","0","0","0","0","N","1630","1","0","0","0","0","0","0","2","0","1","0","0","0","3","03","","N","","","","","","","","","",""
"2022064450","1017","2","0","0","0","0","0","0","0","0","5","0","","67","7","2022","4","40.060549","-75.191352","1006","6","1","0","0","0","0","0","0","0","","0","0","0","10","1","0","N","0","1","40 03:37.977","1","0","75 11:28.866","0","0","0","0","67301","0","0","0","N","0","0","0","2","67301","0","","1.0","1056.0","1","N","N","N","0","","0","0","0","0","0","N","1003","2","0","0","0","0","0","0","2","0","2","0","0","0","3","03","","N","","","","","","","","","",""
"2022052334","1842","1","0","0","0","0","0","0","0","0","7","0","","67","6","2022","7","39.952292","-75.156567","1840","6","0","0","0","0","0","0","0","0","","0","0","0","18","1","0","N","0","0","39 57:08.250","","0","75 09:23.640","0","0","0","0","67301","0","0","0","N","0","0","0","1","67301","0","","5.0","","1","N","N","N","0","","0","0","0","0","0","","1838","1","0","0","0","0","0","0","2","0","1","0","0","0","3","98","","N","","","","","","","","","",""
"2022055672","2139","2","0","0","0","0","0","0","0","0","6","0","","67","6","2022","2","40.044974","-75.14344","2139","6","0","0","0","0","0","0","0","0","","0","0","0","21","3","2","N","0","2","40 02:41.906","5","0","75 08:36.383","3","0","0","0","67301","0","0","0","N","0","0","0","3","67301","0","","1.0","2300.0","1","N","N","N","0","","1","0","1","0","0","Y","2120","4","2","3","0","0","1","0","2","1","4","0","0","0","3","","","N","","","","","","","","","",""
"2022050534","1033","0","0","0","0","0","0","0","0","0","4","0","","67","5","2022","2","40.099146","-74.986864","1022","6","0","0","0","0","1","1","0","0","","0","0","0","10","1","2","","1","0","40 05:56.927","","2","74 59:12.712","3","0","0","0","67301","0","0","0","N","0","0","0","3","67301","0","","1.0","","1","N","N","N","1","","2","0","1","3","2","","1017","2","2","0","0","0","0","0","2","0","2","0","0","0","3","03","","N","","","","","","","","","",""
"2022068808","0044","1","0","0","0","0","0","0","0","0","4","1","","67","6","2022","2","39.989343","-75.155473","0044","6","0","0","0","0","0","0","0","0","","0","1","0","0","3","0","","1","0","39 59:21.634","","0","75 09:19.704","0","0","0","0","67301","0","0","0","N","0","0","0","2","67301","0","","1.0","","1","N","N","N","0","","0","0","0","3","2","","30","2","0","0","0","0","0","0","2","0","2","0","0","0","3","","","N","","","","","","","","","",""
"2022065991","2312","1","0","0","0","0","0","0","0","0","7","0","","67","7","2022","7","39.956987","-75.152569","2302","6","0","0","0","0","0","0","0","0","","0","0","0","22","3","0","N","0","0","39 57:25.154","","0","75 09:09.249","0","0","0","0","67301","0","0","0","N","0","0","0","1","68K01","0","","4.0","","9","N","N","N","0","","0","0","0","0","0","","2251","1","0","0","0","0","0","0","2","0","1","0","0","0","7","07","","N","","","","","","","","","",""
"2022063021","1139","1","0","0","0","0","0","0","0","0","7","0","","67","7","2022","3","39.919855","-75.201372","1139","6","0","0","0","0","0","0","0","0","","0","0","0","17","1","1","N","0","9","39 55:11.477","","3","75 12:04.940","3","0","0","0","67301","0","0","0","N","0","0","0","1","67301","0","","2.0","","9","N","N","N","0","","1","0","0","0","0","","1710","1","1","0","0","0","0","0","2","0","1","0","0","0","7","","","N","","","","","","","","","",""
"2022063136","1117","1","0","0","0","0","0","1","0","0","1","1","","67","6","2022","6","39.96006","-75.181428","1106","6","0","0","0","0","0","1","0","0","","0","0","0","11","1","1","N","0","2","39 57:36.217","2","0","75 10:53.139","3","0","0","0","67301","0","0","0","N","0","0","0","2","68K01","0","","1.0","1230.0","1","Y","N","N","0","","1","0","0","0","0","N","1104","2","1","0","0","0","0","0","2","0","2","0","0","0","3","","","N","","","","","","","","","",""
"2022063075","1725","2","0","0","0","0","0","0","0","0","4","0","","67","6","2022","4","39.987304","-75.241788","1720","6","0","0","0","0","0","1","0","0","","0","0","0","15","1","1","","2","0","39 59:14.293","","0","75 14:30.436","3","0","0","0","67301","0","0","0","N","0","0","0","2","67301","0","","1.0","","1","N","N","N","0","","1","0","0","3","3","","1549","2","1","0","0","0","0","0","2","0","2","0","0","0","3","03","","N","","","","","","","","","",""
"2022056028","1838","1","0","0","0","0","0","0","0","0","1","0","","67","6","2022","6","39.939995","-75.199684","1836","6","0","0","0","0","0","0","1","1","","0","0","0","18","1","2","","2","0","39 56:23.981","","0","75 11:58.862","3","0","0","0","67301","0","0","0","N","0","0","0","6","67301","0","","1.0","","1","N","N","N","0","","2","0","1","3","2","","1830","3","2","2","0","0","0","0","2","1","3","0","0","0","3","03","","N","","","","","","","","","",""
"2022066837","1512","1","0","0","0","0","0","0","0","0","5","0","","67","6","2022","6","40.026826","-75.025765","1430","6","0","0","0","0","0","1","0","0","","0","0","0","14","1","1","N","0","0","40 01:36.573","","0","75 01:32.753","3","0","0","0","67301","0","0","0","N","0","0","0","3","68K01","0","","1.0","","1","N","N","N","0","","1","0","1","0","0","","1419","2","1","0","0","0","0","0","2","0","2","0","0","0","3","","","N","","","","","","","","","",""
"2022055645","1036","2","0","0","0","0","0","0","0","0","4","0","","67","6","2022","6","39.981221","-75.188694","1036","6","0","0","0","0","0","1","0","0","","0","0","0","10","1","1","","1","0","39 58:52.396","","0","75 11:19.300","3","0","0","0","67301","0","0","0","N","0","0","0","3","67301","0","","1.0","","1","N","N","N","0","","1","0","0","3","2","","1035","2","1","0","0","0","0","0","2","0","2","0","0","0","3","03","","N","","","","","","","","","",""
"2022066381","0231","1","0","0","0","0","0","0","0","0","7","0","","67","6","2022","1","40.01384","-75.12598","0231","6","0","0","0","0","0","1","0","0","","0","0","0","1","3","1","","1","0","40 00:49.823","","0","75 07:33.528","3","0","0","0","67301","0","0","0","N","0","0","0","1","67301","0","","4.0","","1","N","N","N","0","","1","0","0","3","2","","156","1","1","0","0","0","0","0","2","0","1","0","0","0","3","03","","N","","","","","","","","","",""
"2022060011","0301","1","0","0","0","0","0","0","0","0","4","0","","67","6","2022","1","39.957191","-75.158716","0301","6","0","0","0","0","0","0","0","0","","0","0","0","3","3","1","","1","0","39 57:25.888","","3","75 09:31.377","3","0","0","0","67301","0","0","0","N","0","0","0","2","67301","0","","1.0","","1","N","N","N","0","","1","0","0","3","2","","300","2","1","0","0","0","0","0","2","0","2","0","0","0","3","03","","N","","","","","","","","","",""
"2022061240","1949","3","0","0","0","0","0","0","0","0","4","0","","67","6","2022","3","39.950023","-75.216841","1949","6","0","0","0","0","0","0","0","0","","0","0","0","19","4","3","","1","2","39 57:00.082","6","0","75 13:00.627","3","0","0","0","67301","0","0","0","N","0","0","0","4","67301","0","","1.0","2150.0","1","N","N","N","0","","3","0","2","3","3","Y","1949","5","3","2","0","0","0","0","2","0","5","0","0","0","3","03","","N","","","","","","","","","",""
"2022055543","0830","1","0","0","0","0","0","0","0","0","4","0","","67","6","2022","5","40.065597","-75.06219","0830","6","0","0","0","0","0","0","0","0","","0","0","0","8","1","1","","1","0","40 03:56.148","","0","75 03:43.883","3","0","0","0","67301","0","0","0","N","0","0","0","2","67301","0","","1.0","","1","N","N","N","0","","1","0","1","3","3","","830","2","1","2","0","0","0","0","2","0","2","0","0","0","3","03","","N","","","","","","","","","",""
"2022066852","1225","2","0","0","0","0","0","0","0","0","5","0","","67","7","2022","4","39.957174","-75.156605","1224","6","0","0","0","0","0","0","0","0","","0","0","0","12","1","0","N","0","1","39 57:25.826","4","0","75 09:23.777","0","0","0","0","67301","0","0","0","N","0","0","0","2","68K01","0","","1.0","1320.0","1","N","N","N","0","","0","0","0","0","0","N","1219","2","0","0","0","0","0","0","2","0","2","0","0","0","3","","","N","","","","","","","","","",""
"2022064060","2239","0","0","0","0","0","0","0","0","0","0","0","","67","7","2022","2","40.025457","-75.167791","2239","6","0","0","0","1","0","0","0","0","","0","0","0","22","3","1","N","0","0","40 01:31.644","","0","75 10:04.047","3","0","0","0","67301","0","0","0","N","0","0","0","1","67301","0","","1.0","","98","N","N","N","0","","1","0","0","0","0","","2239","1","1","0","0","0","0","0","2","0","1","0","0","0","3","03","","N","","","","","","","","","",""
"2022055624","2030","0","0","0","0","0","0","0","0","0","1","0","","67","6","2022","1","39.974059","-75.205229","2028","6","0","0","0","0","0","0","0","0","","0","0","0","20","4","1","N","0","0","39 58:26.614","","0","75 12:18.824","4","0","0","0","67301","0","0","0","N","0","0","0","2","67301","1","","1.0","","1","N","N","N","0","","0","0","1","0","0","","2023","2","1","1","0","0","0","1","2","0","2","0","0","0","3","03","","N","","","","","","","","","",""
"2022059109","0911","2","0","0","0","0","0","0","0","0","5","0","","67","6","2022","4","39.957761","-75.161021","0904","6","0","0","0","0","0","0","1","0","","0","0","0","9","1","3","N","0","1","39 57:27.941","4","0","75 09:39.674","3","0","0","0","67301","0","0","0","N","0","0","0","4","68K01","0","","1.0","951.0","1","N","Y","N","0","","2","0","1","0","0","N","903","3","3","2","0","0","1","0","2","0","3","0","0","0","3","","","N","","","","","","","","","",""
"2022069387","2338","3","0","0","0","0","0","0","0","0","1","0","","67","5","2022","3","40.018195","-75.048154","2326","6","0","0","0","0","0","0","0","0","","0","0","0","23","3","1","N","0","0","40 01:05.501","","0","75 02:53.356","3","0","0","0","67301","0","0","0","N","0","0","0","4","68K01","0","","1.0","","1","N","N","N","0","","1","0","0","0","0","","2319","3","1","0","0","0","0","0","2","0","3","0","0","0","3","03","","N","","","","","","","","","",""
"2022051713","1700","1","0","0","0","0","0","0","0","0","4","0","","67","6","2022","5","40.003165","-75.152455","1700","6","0","0","0","0","0","1","0","0","","0","0","0","17","1","1","","5","0","40 00:11.393","","0","75 09:08.837","2","0","1","1","67301","0","0","0","N","0","0","0","2","67505","0","","1.0","","1","N","N","N","0","","0","1","0","3","2","","1700","2","1","0","0","0","0","0","2","0","2","0","0","0","3","03","","N","","","","","","","","","",""
"2022063078","1921","1","0","0","0","0","0","0","0","0","1","0","","67","6","2022","7","39.974819","-75.245391","1919","6","0","0","0","0","0","0","0","1","","0","0","0","19","1","1","N","0","2","39 58:29.349","5","0","75 14:43.408","3","0","0","0","67301","0","0","0","N","0","0","0","5","67301","0","","1.0","2000.0","1","N","N","N","0","","1","0","1","0","0","Y","1908","2","1","4","0","0","0","0","2","0","2","0","0","0","3","","","N","","","","","","","","","",""
"2022055854","1640","1","0","0","0","0","0","0","0","0","8","0","","67","5","2022","2","39.948613","-75.217112","1638","6","0","0","0","0","0","0","0","0","","0","0","0","16","1","1","","1","0","39 56:55.007","","0","75 13:01.602","2","0","0","0","67301","1","0","1","N","1","0","1","2","67301","0","","1.0","","1","N","N","N","0","","0","1","0","3","2","","1637","2","1","0","0","0","0","1","2","0","1","1","0","1","3","03","","N","","","","","","","","","",""
"2022052524","1225","2","0","0","0","0","0","0","0","0","5","0","","67","6","2022","1","40.043908","-75.158275","1220","6","0","0","0","0","0","0","0","0","","0","0","0","12","1","1","N","0","0","40 02:38.070","","0","75 09:29.790","3","0","0","0","67301","1","0","0","N","1","0","0","2","67301","0","","6.0","","1","N","N","N","0","","1","0","0","0","0","","1213","3","1","0","0","0","0","0","2","0","2","1","0","0","3","","","N","","","","","","","","","",""
"2022055557","1338","1","0","0","0","0","0","0","0","0","5","0","","67","6","2022","1","40.035706","-75.23575","1336","6","0","0","0","0","0","1","0","0","","0","0","0","13","1","3","N","0","0","40 02:08.540","","0","75 14:08.700","4","0","0","0","67301","0","0","0","N","0","0","0","4","67301","3","","1.0","","1","N","N","N","0","","0","0","1","0","0","","1333","2","3","0","0","0","0","0","2","0","2","0","0","0","3","03","","N","","","","","","","","","",""
"2022066153","1000","1","0","0","0","0","0","0","0","0","4","1","","67","7","2022","1","40.079024","-75.02524","0953","6","0","0","0","0","0","1","0","0","","0","1","0","9","1","1","","2","0","40 04:44.486","","0","75 01:30.863","4","0","0","0","67301","0","0","0","N","0","0","0","2","67301","1","","1.0","","1","N","N","N","0","","0","0","0","3","2","","935","2","1","0","0","0","0","0","2","0","2","0","0","0","3","","","N","","","","","","","","","",""
"2022066280","0337","0","0","0","0","0","0","0","0","0","5","1","","67","6","2022","3","39.930803","-75.198996","0335","6","0","0","0","0","0","0","0","0","","0","1","0","3","3","1","N","0","1","39 55:50.892","3","0","75 11:56.386","8","0","0","0","67301","0","0","0","N","0","0","0","2","68K01","0","","1.0","400.0","1","N","N","N","0","","0","0","1","0","0","N","334","2","1","1","0","0","1","0","2","0","2","0","0","0","3","","","N","","","","","","","","","",""
"2022063384","1548","1","0","0","0","0","0","0","0","0","1","0","","67","7","2022","7","39.962728","-75.183498","1534","6","0","0","0","0","0","0","0","0","","0","0","0","15","1","1","N","0","0","39 57:45.819","","0","75 11:00.593","3","0","0","0","67301","0","0","0","N","0","0","0","2","68K01","0","","1.0","","1","N","N","N","0","","1","0","1","0","0","","1532","2","1","0","0","0","0","0","2","0","2","0","0","0","4","","","N","","","","","","","","","",""
"2022055585","0125","0","0","0","0","0","0","0","0","0","7","0","","67","6","2022","4","39.939786","-75.238586","0122","6","0","0","0","0","0","0","0","0","","0","0","0","1","2","1","N","0","0","39 56:23.230","","0","75 14:18.910","8","0","0","0","67301","0","0","0","N","0","0","0","1","67301","0","","4.0","","9","N","N","N","0","","0","0","1","0","0","","114","1","1","0","0","0","1","0","2","0","1","0","0","0","7","07","","N","","","","","","","","","",""
"2022052764","1445","1","0","0","0","0","0","0","0","0","4","0","","67","6","2022","7","40.02666","-75.146579","1445","6","0","0","0","0","0","1","0","0","","0","0","0","12","1","1","","2","0","40 01:35.976","","0","75 08:47.684","8","0","0","0","67301","0","0","0","N","0","0","0","2","67301","0","","1.0","","99","N","N","N","0","","0","0","1","0","0","","1200","2","1","1","0","0","1","1","2","0","2","0","0","0","3","","","N","","","","","","","","","",""