"CRN","ARRIVAL_TM","AUTOMOBILE_COUNT","BELTED_DEATH_COUNT","BELTED_SUSP_SERIOUS_INJ_COUNT","BICYCLE_COUNT","BICYCLE_DEATH_COUNT","BICYCLE_SUSP_SERIOUS_INJ_COUNT","BUS_COUNT","CHLDPAS_DEATH_COUNT","CHLDPAS_SUSP_SERIOUS_INJ_COUNT","COLLISION_TYPE","COMM_VEH_COUNT","CONS_ZONE_SPD_LIM","COUNTY","CRASH_MONTH","CRASH_YEAR","DAY_OF_WEEK","DEC_LATITUDE","DEC_LONGITUDE","DISPATCH_TM","DISTRICT","DRIVER_COUNT_16YR","DRIVER_COUNT_17YR","DRIVER_COUNT_18YR","DRIVER_COUNT_19YR","DRIVER_COUNT_20YR","DRIVER_COUNT_50_64YR","DRIVER_COUNT_65_74YR","DRIVER_COUNT_75PLUS","EST_HRS_CLOSED","FATAL_COUNT","HEAVY_TRUCK_COUNT","HORSE_BUGGY_COUNT","HOUR_OF_DAY","ILLUMINATION","INJURY_COUNT","INTERSECTION_RELATED","INTERSECT_TYPE","LANE_CLOSED","LATITUDE","LN_CLOSE_DIR","LOCATION_TYPE","LONGITUDE","MAX_SEVERITY_LEVEL","MCYCLE_DEATH_COUNT","MCYCLE_SUSP_SERIOUS_INJ_COUNT","MOTORCYCLE_COUNT","MUNICIPALITY","NONMOTR_COUNT","NONMOTR_DEATH_COUNT","NONMOTR_SUSP_SERIOUS_INJ_COUNT","NTFY_HIWY_MAINT","PED_COUNT","PED_DEATH_COUNT","PED_SUSP_SERIOUS_INJ_COUNT","PERSON_COUNT","POLICE_AGCY","POSSIBLE_INJ_COUNT","RDWY_SURF_TYPE_CD","RELATION_TO_ROAD","ROADWAY_CLEARED","ROAD_CONDITION","SCH_BUS_IND","SCH_ZONE_IND","SECONDARY_CRASH","SMALL_TRUCK_COUNT","SPEC_JURIS_CD","SUSP_MINOR_INJ_COUNT","SUSP_SERIOUS_INJ_COUNT","SUV_COUNT","TCD_FUNC_CD","TCD_TYPE","TFC_DETOUR_IND","TIME_OF_DAY","TOTAL_UNITS","TOT_INJ_COUNT","UNBELTED_OCC_COUNT","UNB_DEATH_COUNT","UNB_SUSP_SERIOUS_INJ_COUNT","UNK_INJ_DEG_COUNT","UNK_INJ_PER_COUNT","URBAN_RURAL","VAN_COUNT","VEHICLE_COUNT","VULNERABLE_ROAD_USER_COUNT","VULNERABLE_ROAD_USER_DEATH_COUNT","VULNERABLE_ROAD_USER_SER_INJ_COUNT","WEATHER1","WEATHER2","WORKERS_PRES","WORK_ZONE_IND","WORK_ZONE_LOC","WORK_ZONE_TYPE","WZ_CLOSE_DETOUR","WZ_FLAGGER","WZ_LAW_OFFCR_IND","WZ_LN_CLOSURE","WZ_MOVING","WZ_OTHER","WZ_SHLDER_MDN","WZ_WORKERS_INJ_KILLED"
"2022061266","1549","2","0","0","0","0","0","0","0","0","4","0","","67","6","2022","1","39.956486","-75.215481","1545","6","0","0","0","1","0","0","0","0","","0","0","0","14","1","1","","1","0","39 57:23.349","","0","75 12:55.731","3","0","0","0","67301","0","0","0","N","0","0","0","4","67301","0","","1.0","","1","N","N","N","0","","1","0","0","3","3","","1430","2","1","4","0","0","0","1","2","0","2","0","0","0","3","","","N","","","","","","","","","",""
"2022050639","1627","2","0","0","0","0","0","0","0","0","4","0","","67","5","2022","2","39.938875","-75.221262","1622","6","0","0","0","0","0","0","0","0","","0","0","0","15","1","1","N","0","0","39 56:19.950","","0","75 13:16.543","3","0","0","0","67301","0","0","0","N","0","0","0","3","67301","0","","1.0","","1","N","N","Y","0","","1","0","1","0","0","","1558","3","1","1","0","0","0","0","2","0","3","0","0","0","3","03","","N","","","","","","","","","",""
"2022067142","1655","1","0","0","0","0","0","1","0","0","4","1","","67","7","2022","5","40.005925","-75.18648","1655","6","0","0","0","0","0","0","0","0","","0","0","0","16","1","0","","1","0","40 00:21.331","","0","75 11:11.329","0","0","0","0","67301","0","0","0","N","0","0","0","2","67301","0","","1.0","","1","N","N","N","0","","0","0","0","3","3","","1650","2","0","0","0","0","0","0","2","0","2","0","0","0","3","","","N","","","","","","","","","",""
"2022051585","1215","1","0","0","1","0","0","0","0","0","8","0","","67","5","2022","2","40.105287","-75.032586","1221","6","0","0","0","0","0","0","1","0","","0","0","0","12","1","1","N","0","0","40 06:19.032","","7","75 01:57.311","3","0","0","0","67301","1","0","0","N","0","0","0","2","67301","0","","1.0","","1","N","N","N","0","","1","0","0","0","0","","1215","2","1","0","0","0","0","0","2","0","1","1","0","0","3","","","N","","","","","","","","","",""
"2022051900","0245","1","0","0","0","0","0","0","0","0","5","0","","67","6","2022","7","40.039461","-75.063281","0226","6","0","0","0","0","0","0","0","0","","0","0","0","2","3","0","N","0","0","40 02:22.060","","0","75 03:47.810","0","0","0","0","67301","0","0","0","N","0","0","0","1","67301","0","","6.0","","1","N","N","N","2","","0","0","1","0","0","","224","4","0","0","0","0","0","0","2","0","4","0","0","0","3","","","N","","","","","","","","","",""
"2022063053","0003","0","0","0","0","0","0","0","0","0","7","0","","67","3","2022","6","39.993836","-75.226686","0001","6","0","0","0","0","0","0","0","0","","0","0","0","23","3","0","N","0","0","39 59:37.810","","0","75 13:36.070","0","0","0","0","67301","0","0","0","N","0","0","0","1","67301","0","","4.0","","1","N","N","N","0","","0","0","1","0","0","","2300","1","0","0","0","0","0","0","2","0","1","0","0","0","3","03","","N","","","","","","","","","",""
"2022069406","2220","1","0","0","0","0","0","0","0","0","7","0","","67","7","2022","7","39.980502","-75.205845","2218","6","0","0","0","0","0","0","0","0","","0","0","0","22","3","0","N","0","1","39 58:49.807","3","0","75 12:21.043","0","0","0","0","67301","0","0","0","N","0","0","0","1","68K01","0","","5.0","10.0","1","N","N","N","0","","0","0","0","0","0","Y","2210","1","0","1","0","0","0","0","2","0","1","0","0","0","3","","","N","","","","","","","","","",""
"2022060945","2236","1","0","0","0","0","0","0","0","0","1","0","","67","5","2022","3","39.893376","-75.196174","2223","6","0","0","0","0","0","0","0","0","","0","0","0","22","3","1","N","0","2","39 53:36.152","1","3","75 11:46.225","8","0","0","0","67301","0","0","0","N","0","0","0","1","68K01","0","","2.0","2300.0","1","N","N","N","0","","0","0","1","0","0","N","2214","2","1","0","0","0","1","0","2","0","2","0","0","0","3","03","","N","","","","","","","","","",""
"2022064003","0002","1","0","0","0","0","0","0","0","0","7","0","","67","7","2022","7","39.898568","-75.181431","2354","6","0","0","0","0","0","0","0","0","","0","0","0","23","3","1","N","0","1","39 53:54.846","2","0","75 10:53.150","3","0","0","0","67301","0","0","0","N","0","0","0","1","68K01","0","","4.0","1230.0","1","N","N","N","0","","1","0","0","0","0","N","2347","1","1","0","0","0","0","0","2","0","1","0","0","0","3","03","","N","","","","","","","","","",""
"2022055552","1145","0","0","0","0","0","0","0","0","0","4","0","","67","6","2022","6","39.936748","-75.166941","1141","6","0","0","0","0","0","0","0","1","","0","0","0","11","1","2","","1","0","39 56:12.293","","0","75 10:00.986","3","0","0","0","67301","0","0","0","N","0","0","0","3","67301","0","","1.0","","1","N","N","N","1","","2","0","1","3","2","","1130","2","2","1","0","0","0","0","2","0","2","0","0","0","3","03","","N","","","","","","","","","",""
"2022043803","1235","1","0","0","0","0","0","0","0","0","4","0","","67","5","2022","1","40.027709","-75.098754","1223","6","0","0","0","0","1","1","0","0","","0","0","0","12","1","3","","1","0","40 01:39.754","","0","75 05:55.514","3","0","0","0","67301","0","0","0","N","0","0","0","6","67301","0","","1.0","","1","N","N","N","0","","3","0","1","3","2","","1215","2","3","0","0","0","0","0","2","0","2","0","0","0","3","03","","N","","","","","","","","","",""
"2022054604","2242","1","0","0","0","0","0","0","0","0","5","0","","67","6","2022","3","40.030053","-75.022178","2238","6","0","0","0","0","0","0","0","0","","0","0","0","22","2","0","N","0","1","40 01:48.190","2","0","75 01:19.842","9","0","0","0","67301","0","0","0","N","0","0","0","2","68K01","0","","4.0","2310.0","9","N","N","N","0","","0","0","0","0","0","N","2235","2","0","0","0","0","0","1","2","0","2","0","0","0","7","","","N","","","","","","","","","",""
"2022042643","2000","1","0","0","0","0","0","0","0","0","8","0","","67","5","2022","7","39.958759","-75.19087","1958","6","0","0","0","0","0","0","0","0","","0","0","0","19","3","1","","2","1","39 57:31.532","2","0","75 11:27.131","3","0","0","0","67301","1","0","0","N","1","0","0","2","67507","0","","1.0","2013.0","9","N","N","N","0","","1","0","0","0","0","N","1955","2","1","0","0","0","0","0","2","0","1","1","0","0","7","","","N","","","","","","","","","",""
"2022050538","1745","1","0","0","0","0","0","0","0","0","4","0","","67","5","2022","2","40.053245","-75.157694","1743","6","0","0","0","0","0","0","0","0","","0","0","0","16","1","1","","1","0","40 03:11.681","","0","75 09:27.698","4","0","0","0","67301","0","0","0","N","0","0","0","3","67301","1","","1.0","","1","N","N","N","0","","0","0","2","3","3","","1648","3","1","0","0","0","0","1","2","0","3","0","0","0","3","03","","N","","","","","","","","","",""
"2022055625","0059","0","0","0","0","0","0","0","0","0","4","0","","67","6","2022","7","39.959556","-75.19717","0047","6","0","0","0","0","0","1","0","0","","0","0","0","0","3","2","","1","1","39 57:34.403","1","0","75 11:49.811","8","0","0","0","67301","0","0","0","N","0","0","0","5","67301","0","","1.0","400.0","1","N","N","N","0","","0","0","3","3","2","Y","33","3","2","0","0","0","2","0","2","0","3","0","0","0","3","03","","N","","","","","","","","","",""
"2022051517","1500","2","0","0","0","0","0","0","0","0","1","0","","67","5","2022","3","39.942061","-75.234201","1322","6","0","0","0","0","0","0","0","0","","0","0","0","12","1","0","N","0","0","39 56:31.421","","0","75 14:03.122","0","0","0","0","67301","0","0","0","N","0","0","0","1","67301","0","","6.0","","1","N","N","N","0","","0","0","1","0","0","","1210","3","0","0","0","0","0","0","2","0","3","0","0","0","3","03","","N","","","","","","","","","",""
"2022066990","1554","2","0","0","0","0","0","0","0","0","4","0","","67","7","2022","4","40.034775","-75.050343","1554","6","0","0","0","1","0","0","0","0","","0","0","0","15","1","0","","2","0","40 02:05.190","","0","75 03:01.234","0","0","0","0","67301","0","0","0","N","0","0","0","3","67301","0","","1.0","","1","N","N","N","0","","0","0","0","3","3","","1517","2","0","0","0","0","0","0","2","0","2","0","0","0","3","","","N","","","","","","","","","",""
"2022051867","1830","1","0","0","0","0","0","0","0","0","8","0","","67","6","2022","6","40.048489","-75.171639","1825","6","0","0","0","1","0","0","0","0","","0","0","0","18","1","1","N","0","0","40 02:54.560","","0","75 10:17.900","2","0","0","0","67301","1","0","1","N","1","0","1","2","67301","0","","1.0","","1","N","N","N","0","","0","1","0","0","0","","1822","2","1","0","0","0","0","0","2","0","1","1","0","1","3","03","","N","","","","","","","","","",""
"2022059101","1721","0","0","0","0","0","0","0","0","0","1","0","","67","5","2022","5","39.91212","-75.148754","1720","6","0","0","0","0","0","0","1","0","","0","0","0","17","1","0","N","0","0","39 54:43.633","","3","75 08:55.516","0","0","0","0","67301","0","0","0","N","0","0","0","6","68K01","0","","1.0","","1","N","N","N","1","","0","0","1","0","0","","1718","3","0","1","0","0","0","0","2","1","3","0","0","0","3","","","N","","","","","","","","","",""
"2022055554","2325","1","0","0","0","0","0","0","0","0","4","0","","67","6","2022","6","39.910729","-75.165661","2315","6","0","0","0","0","0","1","0","0","","0","0","0","22","3","1","","1","0","39 54:38.625","","0","75 09:56.378","3","0","0","0","67301","0","0","0","N","0","0","0","3","67301","0","","1.0","","1","N","N","N","0","","1","0","2","3","2","","2255","3","1","0","0","0","0","0","2","0","3","0","0","0","3","03","","N","","","","","","","","","",""
"2022054763","1828","0","0","0","0","0","0","1","0","0","4","1","","67","5","2022","5","40.034138","-75.055917","1758","6","0","0","0","0","0","0","0","0","","0","0","0","17","1","1","","1","0","40 02:02.896","","0","75 03:21.301","4","0","0","0","67301","0","0","0","N","0","0","0","2","67508","1","","1.0","","1","N","N","N","0","","0","0","1","3","3","","1758","2","1","0","0","0","0","0","2","0","2","0","0","0","3","03","","N","","","","","","","","","",""
"2022068609","1415","1","0","0","0","0","0","0","0","0","4","1","","67","7","2022","6","40.047188","-75.128149","1415","6","0","0","0","0","0","0","0","0","","0","1","0","13","1","3","","1","0","40 02:49.876","","0","75 07:41.336","3","0","0","0","67301","0","0","0","N","0","0","0","4","67301","0","","1.0","","1","N","N","N","0","","1","0","0","3","2","","1330","2","3","1","0","0","2","1","2","0","2","0","0","0","3","","","N","","","","","","","","","",""
"2022055622","1755","1","0","0","0","0","0","0","0","0","8","0","","67","6","2022","4","39.959179","-75.201967","1739","6","0","0","0","0","0","0","0","0","","0","0","0","17","1","1","","1","0","39 57:33.044","","0","75 12:07.081","3","0","0","0","67301","1","0","0","N","1","0","0","2","67301","0","","1.0","","1","N","N","N","0","","1","0","0","3","1","","1715","2","1","0","0","0","0","0","2","0","1","1","0","0","3","03","","N","","","","","","","","","",""
"2022068804","1543","1","0","0","0","0","0","0","0","0","4","0","","67","5","2022","3","39.97552","-75.166764","1532","6","0","0","0","0","0","0","0","1","","0","0","0","12","1","0","","1","0","39 58:31.871","","0","75 10:00.351","9","0","0","0","67301","0","0","0","N","0","0","0","2","67301","0","","1.0","","1","N","N","N","0","","0","0","0","3","2","","1230","2","0","2","0","0","0","1","2","1","2","0","0","0","3","03","","N","","","","","","","","","",""
"2022063383","1850","2","0","0","0","0","0","0","0","0","1","0","","67","7","2022","6","40.030075","-75.022166","1834","6","0","0","0","0","0","0","0","0","","0","0","0","18","1","1","N","0","2","40 01:48.270","2","0","75 01:19.797","8","0","0","0","67301","0","0","0","N","0","0","0","5","68K01","0","","1.0","1900.0","1","N","N","N","0","","0","0","0","0","0","N","1815","3","1","0","0","0","1","0","2","1","3","0","0","0","3","03","","N","","","","","","","","","",""
"2022058394","0401","0","0","0","0","0","0","0","0","0","7","0","35","67","6","2022","7","39.955387","-75.147966","0401","6","0","0","0","0","0","1","0","0","","0","0","0","4","3","0","N","0","1","39 57:19.394","4","2","75 08:52.678","0","0","0","0","67301","0","0","0","N","0","0","0","1","67501","0","","4.0","455.0","1","N","N","N","1","","0","0","0","0","0","N","401","1","0","0","0","0","0","0","2","0","1","0","0","0","3","","Y","Y","8","1","","","N","Y","","","","N"
"2022055639","2100","1","0","0","0","0","0","0","0","0","8","0","","67","5","2022","1","39.973258","-75.242261","2100","6","0","0","0","0","0","0","0","0","","0","0","0","15","1","1","N","0","0","39 58:23.730","","0","75 14:32.140","3","0","0","0","67301","1","0","0","N","1","0","0","2","67301","0","","1.0","","1","N","N","N","0","","1","0","0","0","0","","1530","2","1","0","0","0","0","1","2","0","1","1","0","0","3","03","","N","","","","","","","","","",""
"2022059641","0038","0","0","0","0","0","0","0","0","0","1","0","","67","6","2022","2","39.963329","-75.246676","0038","6","0","0","0","0","0","1","0","0","","0","0","0","0","3","1","N","0","0","39 57:47.983","","0","75 14:48.033","8","0","0","0","67301","0","0","0","N","0","0","0","1","67508","0","","6.0","","1","N","N","N","0","","0","0","2","0","0","","38","2","1","0","0","0","1","0","2","0","2","0","0","0","3","03","","N","","","","","","","","","",""
"2022051195","0907","2","0","0","0","0","0","0","0","0","4","0","","67","6","2022","5","40.085459","-75.037453","0905","6","0","0","1","0","0","0","1","0","","0","0","0","9","1","2","","1","0","40 05:07.651","","0","75 02:14.830","3","0","0","0","67301","0","0","0","N","0","0","0","2","67301","1","","1.0","","1","N","N","N","0","","1","0","0","3","2","","900","2","2","0","0","0","0","0","2","0","2","0","0","0","3","03","","N","","","","","","","","","",""
"2022037466","0246","1","0","0","0","0","0","0","0","0","7","0","","67","3","2022","6","40.034366","-75.019108","0230","6","0","0","0","0","0","0","0","0","","0","0","0","2","3","2","N","0","2","40 02:03.716","2","0","75 01:08.788","4","0","0","0","67301","0","0","0","N","0","0","0","2","68K01","2","","2.0","257.0","9","N","N","N","1","","0","0","0","0","0","N","228","2","2","0","0","0","0","0","2","0","2","0","0","0","3","","","N","","","","","","","","","",""
"2022055587","2125","1","0","0","0","0","0","0","0","0","1","1","","67","6","2022","4","39.946633","-75.230039","2125","6","0","0","0","0","0","0","0","0","","0","1","0","21","1","0","N","0","0","39 56:47.880","","0","75 13:48.140","0","0","0","0","67301","0","0","0","N","0","0","0","1","67301","0","","6.0","","1","N","N","N","0","","0","0","0","0","0","","2125","2","0","0","0","0","0","0","2","0","2","0","0","0","3","","","N","","","","","","","","","",""
"2022055609","0722","2","0","0","0","0","0","0","0","0","4","0","","67","6","2022","4","40.027789","-75.060077","0707","6","0","0","0","0","0","1","0","0","","0","0","0","6","1","1","","1","1","40 01:40.042","5","0","75 03:36.277","3","0","0","0","67301","0","0","0","N","0","0","0","2","67301","0","","1.0","720.0","1","N","N","N","0","","1","0","0","2","2","N","642","2","1","0","0","0","0","0","2","0","2","0","0","0","4","04","","N","","","","","","","","","",""
"2022071060","0858","1","0","0","0","0","0","0","0","0","1","1","","67","8","2022","2","39.968524","-75.129078","0845","6","0","0","0","0","0","0","0","0","","0","1","0","8","1","0","N","0","0","39 58:06.687","","0","75 07:44.679","0","0","0","0","67301","0","0","0","N","0","0","0","2","68K01","0","","1.0","","9","N","N","N","0","","0","0","0","0","0","","844","2","0","0","0","0","0","0","2","0","2","0","0","0","7","","","N","","","","","","","","","",""
"2022070286","2235","1","0","0","0","0","0","0","0","0","5","1","","67","4","2022","6","40.048374","-75.079807","2235","6","0","0","0","0","0","1","1","0","","1","1","0","22","3","0","N","1","0","40 02:54.146","","0","75 04:47.305","1","0","0","0","67301","0","0","0","N","0","0","0","4","67301","0","1","1.0","","1","N","N","N","0","0","0","0","1","2","2","","2200","3","0","1","1","0","0","3","2","0","3","0","0","0","3","03","","N","","","","","","","","","",""
"2022051644","2100","4","0","0","0","0","0","0","0","0","4","0","","67","5","2022","2","40.036295","-75.071755","2052","6","0","1","0","0","0","0","0","0","","0","0","0","20","3","1","","1","0","40 02:10.662","","0","75 04:18.319","3","0","0","0","67301","0","0","0","N","0","0","0","2","67301","0","","1.0","","1","N","N","N","0","","1","0","1","3","2","","2052","5","1","0","0","0","0","0","2","0","5","0","0","0","3","03","","N","","","","","","","","","",""
"2022057149","0015","1","0","0","0","0","0","0","0","0","5","0","","67","6","2022","3","39.970208","-75.134864","0012","6","0","0","0","0","0","1","0","0","","0","0","0","0","3","1","N","0","0","39 58:12.750","","0","75 08:05.510","4","0","0","0","67301","0","0","0","N","0","0","0","1","67301","1","","6.0","","1","N","N","N","0","","0","0","2","0","0","","10","3","1","0","0","0","0","0","2","0","3","0","0","0","3","03","","N","","","","","","","","","",""
"2022062117","0004","1","0","0","0","0","0","0","0","0","5","0","","67","6","2022","2","40.038721","-75.009412","2352","6","0","0","0","0","0","0","0","0","","0","0","0","23","3","1","N","0","0","40 02:19.395","","0","75 00:33.884","3","0","0","0","67301","0","0","0","N","0","0","0","2","68K01","0","","1.0","","1","N","N","N","0","","1","0","0","0","0","","2341","2","1","0","0","0","0","0","2","0","2","0","0","0","3","03","","N","","","","","","","","","",""
"2022051850","1745","1","0","0","0","0","0","0","0","0","4","0","","67","6","2022","6","40.051422","-75.16338","1743","6","0","0","0","0","0","0","0","0","","0","0","0","17","1","0","","1","1","40 03:05.119","2","0","75 09:48.167","0","0","0","0","67301","0","0","0","N","0","0","0","3","67301","0","","1.0","1809.0","1","N","N","N","0","","0","0","1","3","2","Y","1720","2","0","2","0","0","0","0","2","0","2","0","0","0","3","03","","N","","","","","","","","","",""
"2022060012","1042","0","0","0","1","0","0","0","0","0","8","0","","67","6","2022","4","39.958503","-75.148724","1030","6","0","0","0","0","0","0","0","0","","0","0","0","10","1","1","","1","0","39 57:30.611","","0","75 08:55.408","4","0","0","0","67301","1","0","0","N","0","0","0","2","67301","1","","1.0","","1","N","N","N","0","","0","0","0","3","3","","1025","2","1","1","0","0","0","0","2","1","1","1","0","0","4","04","","N","","","","","","","","","",""
"2022047498","0940","2","0","0","0","0","0","0","0","0","2","0","","67","5","2022","7","39.916846","-75.246091","0923","6","0","0","0","0","0","0","0","0","","0","0","0","6","1","1","N","0","0","39 55:00.645","","0","75 14:45.926","3","0","0","0","67301","0","0","0","N","0","0","0","2","67301","0","","1.0","","1","N","N","N","0","","1","0","0","0","0","","609","2","1","0","0","0","0","0","2","0","2","0","0","0","3","03","","N","","","","","","","","","",""
"2022069565","1122","0","0","0","0","0","0","0","0","0","8","0","","67","6","2022","3","39.953111","-75.158033","1119","6","0","0","0","0","0","0","0","0","","0","0","0","8","1","1","N","0","0","39 57:11.200","","1","75 09:28.920","3","0","0","0","67301","1","0","0","N","0","0","0","2","67301","0","","1.0","","1","N","N","N","0","","1","0","1","0","0","","855","2","1","0","0","0","0","0","2","0","1","1","0","0","3","","","N","","","","","","","","","",""
"2022066833","2121","2","0","0","0","0","0","0","0","0","1","0","","67","6","2022","2","40.050813","-75.006244","2121","6","0","0","0","0","0","1","0","0","","0","0","0","21","3","2","N","0","1","40 03:02.926","3","0","75 00:22.480","8","0","0","0","67301","0","0","0","N","0","0","0","3","68K01","0","","1.0","2200.0","1","N","N","N","0","","0","0","0","0","0","N","2121","2","2","0","0","0","2","0","2","0","2","0","0","0","3","03","","N","","","","","","","","","",""
"2022050038","0243","2","0","0","0","0","0","0","0","0","1","0","","67","5","2022","2","39.985945","-75.156218","0241","6","0","0","0","0","0","0","0","0","","0","0","0","2","3","2","N","0","1","39 59:09.402","1","0","75 09:22.384","3","0","0","0","67301","0","0","0","N","0","0","0","3","67505","1","","6.0","325.0","1","N","N","N","0","","1","0","0","0","0","N","219","2","2","0","0","0","0","0","2","0","2","0","0","0","3","03","","N","","","","","","","","","",""
"2022051862","0956","1","0","0","0","0","0","0","0","0","4","0","","67","5","2022","3","39.957208","-75.22748","0956","6","0","0","0","0","0","2","0","0","","0","0","0","9","1","2","","1","0","39 57:25.948","","0","75 13:38.927","3","0","0","0","67301","0","0","0","N","0","0","0","2","67301","0","","1.0","","1","N","N","N","0","","2","0","1","3","2","","952","2","2","0","0","0","0","0","2","0","2","0","0","0","3","03","","N","","","","","","","","","",""
"2022048713","2019","0","0","0","0","0","0","0","0","0","7","0","","67","5","2022","3","39.912472","-75.174","2013","6","0","0","0","0","0","0","0","0","","0","0","0","20","3","0","","7","2","39 54:44.900","3","8","75 10:26.400","0","0","0","0","67301","0","0","0","N","0","0","0","1","67501","0","","7.0","253.0","1","N","N","N","0","","0","0","1","0","0","N","2006","1","0","0","0","0","0","0","2","0","1","0","0","0","3","","","N","","","","","","","","","",""
"2022057912","0352","1","0","0","0","0","0","0","0","0","7","0","","67","5","2022","1","40.006387","-75.193977","0342","6","0","0","0","0","0","0","0","0","","0","0","0","3","3","0","","7","1","40 00:22.992","3","8","75 11:38.316","0","0","0","0","67301","0","0","0","N","0","0","0","1","68K01","0","","7.0","445.0","1","N","N","N","0","","0","0","0","0","0","N","339","1","0","0","0","0","0","0","2","0","1","0","0","0","3","","","N","","","","","","","","","",""
"2022061818","1504","0","0","0","0","0","0","0","0","0","1","0","","67","6","2022","4","39.903235","-75.150632","1504","6","0","0","0","0","0","1","0","0","","0","0","0","14","1","0","N","0","0","39 54:11.646","","0","75 09:02.274","0","0","0","0","67301","0","0","0","N","0","0","0","2","68K01","0","","1.0","","1","N","N","N","1","","0","0","0","0","0","","1452","2","0","0","0","0","0","0","2","1","2","0","0","0","3","03","","N","","","","","","","","","",""
"2022056805","1635","1","0","0","0","0","0","0","0","0","4","0","","67","6","2022","5","40.03694","-75.145084","1630","6","0","0","0","0","0","0","0","0","","0","0","0","16","1","2","","2","2","40 02:12.984","1","0","75 08:42.301","3","0","0","0","67301","0","0","0","N","0","0","0","4","67301","0","","1.0","100.0","1","N","N","N","0","","2","0","1","3","2","N","1615","2","2","0","0","0","0","0","2","0","2","0","0","0","3","","","N","","","","","","","","","",""
"2022050732","1557","0","0","0","0","0","0","0","0","0","4","0","","67","5","2022","2","40.041363","-75.028255","1552","6","0","0","0","0","0","0","0","0","","0","0","0","15","1","5","","1","1","40 02:28.908","3","0","75 01:41.719","3","0","0","0","67301","0","0","0","N","0","0","0","5","67301","0","","1.0","1736.0","1","N","N","N","0","","5","0","2","3","2","N","1550","2","5","0","0","0","0","0","2","0","2","0","0","0","3","03","","N","","","","","","","","","",""
"2022058550","1320","0","0","0","0","0","0","1","0","0","8","1","","67","6","2022","6","40.045669","-75.150145","1310","6","0","0","0","0","0","0","0","0","","0","0","0","13","1","1","","1","0","40 02:44.408","","0","75 09:00.522","4","0","0","0","67301","1","0","0","N","0","0","0","2","67508","1","","1.0","","1","N","","Y","0","","0","0","0","0","0","","1310","2","1","0","0","0","0","0","2","0","1","1","0","0","3","03","","N","","","","","","","","","",""
"2022060526","1750","1","0","0","0","0","0","0","0","0","7","0","","67","6","2022","3","40.054674","-75.072218","1745","6","0","0","0","0","0","0","0","0","","0","0","0","17","1","0","N","0","0","40 03:16.828","","0","75 04:19.984","9","0","0","0","67301","0","0","0","N","0","0","0","1","67301","0","","4.0","","1","N","N","N","0","","0","0","0","0","0","","1745","1","0","0","0","0","0","1","2","0","1","0","0","0","3","03","","N","","","","","","","","","",""
"2022040448","2049","2","0","0","0","0","0","0","0","0","1","0","","67","3","2022","1","39.996802","-75.082187","2036","6","0","0","0","0","0","0","0","0","","0","0","0","20","3","1","N","0","1","39 59:48.488","1","0","75 04:55.874","4","0","0","0","67301","0","0","0","N","0","0","0","2","68K01","1","","1.0","2040.0","1","N","N","N","0","","0","0","0","0","0","Y","2034","2","1","0","0","0","0","0","2","0","2","0","0","0","3","","","N","","","","","","","","","",""
"2022066279","1636","1","0","0","0","0","0","0","0","0","4","0","","67","7","2022","3","40.097156","-75.018134","1636","6","0","0","0","0","0","0","0","0","","0","0","0","16","1","2","","1","0","40 05:49.760","","0","75 01:05.283","8","0","0","0","67301","0","0","0","N","0","0","0","2","67301","0","","1.0","","1","N","N","N","0","","0","0","1","3","2","","1620","2","2","0","0","0","2","0","2","0","2","0","0","0","3","","","N","","","","","","","","","",""
"2022063066","2105","3","0","0","0","0","0","0","0","0","5","0","","67","5","2022","6","39.977456","-75.236931","2103","6","0","0","0","0","0","1","0","0","","0","0","0","21","3","1","N","0","0","39 58:38.840","","0","75 14:12.950","3","0","0","0","67301","0","0","0","N","0","0","0","3","67301","0","","6.0","","1","N","N","N","0","","1","0","1","0","0","","2100","4","1","0","0","0","0","0","2","0","4","0","0","0","3","03","","N","","","","","","","","","",""
"2022061786","1033","2","0","0","0","0","0","0","0","0","1","0","","67","6","2022","5","39.977015","-75.199028","1031","6","0","0","1","0","0","0","1","0","","0","0","0","10","1","0","N","0","0","39 58:37.253","","0","75 11:56.499","9","0","0","0","67301","0","0","0","N","0","0","0","3","68K01","0","","1.0","","1","N","N","N","0","","0","0","0","0","0","","1028","2","0","0","0","0","0","1","2","0","2","0","0","0","3","03","","N","","","","","","","","","",""
"2022060108","1740","1","0","0","0","0","0","0","0","0","8","0","","67","6","2022","4","39.985103","-75.179028","1732","6","0","0","0","0","0","0","0","0","","0","0","0","16","4","1","N","0","0","39 59:06.370","","0","75 10:44.500","3","0","0","0","67301","1","0","0","N","1","0","0","2","67301","0","","1.0","","99","N","N","N","0","","1","0","0","0","0","","1600","2","1","1","0","0","0","0","2","0","1","1","0","0","3","03","","N","","","","","","","","","",""
"2022060102","1827","2","0","0","0","0","0","0","0","0","1","0","","67","6","2022","3","39.976361","-75.119813","1827","6","0","0","0","0","0","1","0","0","","0","0","0","18","1","1","","1","0","39 58:34.901","","0","75 07:11.326","4","0","0","0","67301","0","0","0","N","0","0","0","2","67301","1","","1.0","","1","N","N","N","0","","0","0","0","3","2","","1805","2","1","0","0","0","0","0","2","0","2","0","0","0","3","","","N","","","","","","","","","",""