"CRN","ARRIVAL_TM","AUTOMOBILE_COUNT","BELTED_DEATH_COUNT","BELTED_SUSP_SERIOUS_INJ_COUNT","BICYCLE_COUNT","BICYCLE_DEATH_COUNT","BICYCLE_SUSP_SERIOUS_INJ_COUNT","BUS_COUNT","CHLDPAS_DEATH_COUNT","CHLDPAS_SUSP_SERIOUS_INJ_COUNT","COLLISION_TYPE","COMM_VEH_COUNT","CONS_ZONE_SPD_LIM","COUNTY","CRASH_MONTH","CRASH_YEAR","DAY_OF_WEEK","DEC_LATITUDE","DEC_LONGITUDE","DISPATCH_TM","DISTRICT","DRIVER_COUNT_16YR","DRIVER_COUNT_17YR","DRIVER_COUNT_18YR","DRIVER_COUNT_19YR","DRIVER_COUNT_20YR","DRIVER_COUNT_50_64YR","DRIVER_COUNT_65_74YR","DRIVER_COUNT_75PLUS","EST_HRS_CLOSED","FATAL_COUNT","HEAVY_TRUCK_COUNT","HORSE_BUGGY_COUNT","HOUR_OF_DAY","ILLUMINATION","INJURY_COUNT","INTERSECTION_RELATED","INTERSECT_TYPE","LANE_CLOSED","LATITUDE","LN_CLOSE_DIR","LOCATION_TYPE","LONGITUDE","MAX_SEVERITY_LEVEL","MCYCLE_DEATH_COUNT","MCYCLE_SUSP_SERIOUS_INJ_COUNT","MOTORCYCLE_COUNT","MUNICIPALITY","NONMOTR_COUNT","NONMOTR_DEATH_COUNT","NONMOTR_SUSP_SERIOUS_INJ_COUNT","NTFY_HIWY_MAINT","PED_COUNT","PED_DEATH_COUNT","PED_SUSP_SERIOUS_INJ_COUNT","PERSON_COUNT","POLICE_AGCY","POSSIBLE_INJ_COUNT","RDWY_SURF_TYPE_CD","RELATION_TO_ROAD","ROADWAY_CLEARED","ROAD_CONDITION","SCH_BUS_IND","SCH_ZONE_IND","SECONDARY_CRASH","SMALL_TRUCK_COUNT","SPEC_JURIS_CD","SUSP_MINOR_INJ_COUNT","SUSP_SERIOUS_INJ_COUNT","SUV_COUNT","TCD_FUNC_CD","TCD_TYPE","TFC_DETOUR_IND","TIME_OF_DAY","TOTAL_UNITS","TOT_INJ_COUNT","UNBELTED_OCC_COUNT","UNB_DEATH_COUNT","UNB_SUSP_SERIOUS_INJ_COUNT","UNK_INJ_DEG_COUNT","UNK_INJ_PER_COUNT","URBAN_RURAL","VAN_COUNT","VEHICLE_COUNT","VULNERABLE_ROAD_USER_COUNT","VULNERABLE_ROAD_USER_DEATH_COUNT","VULNERABLE_ROAD_USER_SER_INJ_COUNT","WEATHER1","WEATHER2","WORKERS_PRES","WORK_ZONE_IND","WORK_ZONE_LOC","WORK_ZONE_TYPE","WZ_CLOSE_DETOUR","WZ_FLAGGER","WZ_LAW_OFFCR_IND","WZ_LN_CLOSURE","WZ_MOVING","WZ_OTHER","WZ_SHLDER_MDN","WZ_WORKERS_INJ_KILLED"
"2022061507","0645","1","0","0","0","0","0","0","0","0","7","0","","67","7","2022","1","40.097937","-74.985071","0645","6","0","0","0","0","0","0","0","0","","0","0","0","6","5","1","","7","0","40 05:52.573","","2","74 59:06.255","4","0","0","0","67301","0","0","0","N","0","0","0","1","67301","1","","4.0","","9","N","N","N","0","","0","0","0","0","0","","630","1","1","1","0","0","0","0","2","0","1","0","0","0","7","04","","N","","","","","","","","","",""
"2022056260","1532","1","0","0","0","0","0","0","0","0","4","0","","67","6","2022","5","40.027077","-75.0426","1522","6","0","0","0","0","0","0","0","0","","0","0","0","15","1","1","","1","0","40 01:37.477","","0","75 02:33.359","3","0","0","0","67301","0","0","0","N","0","0","0","2","67301","0","","1.0","","1","N","N","N","1","","1","0","0","3","3","","1500","2","1","0","0","0","0","1","2","0","2","0","0","0","3","","","N","","","","","","","","","",""
"2022048026","1233","0","0","0","0","0","0","0","0","0","4","0","","67","5","2022","7","39.94507","-75.168539","1230","6","0","0","0","0","0","0","0","0","","0","0","0","9","8","1","","1","0","39 56:42.251","","0","75 10:06.740","3","0","0","0","67301","0","0","0","N","0","0","0","2","67301","0","","1.0","","1","N","N","N","0","","1","0","1","1","2","","944","2","1","0","0","0","0","0","2","1","2","0","0","0","3","03","","N","","","","","","","","","",""
"2022068746","1339","1","0","0","0","0","0","0","0","0","4","1","","67","7","2022","5","39.898286","-75.226248","1323","6","0","0","0","0","0","0","0","0","","0","1","0","10","1","1","N","0","0","39 53:53.828","","7","75 13:34.493","2","0","0","0","67301","0","0","0","N","0","0","0","2","67301","0","","1.0","","1","N","N","N","0","","0","1","0","0","0","","1040","2","1","0","0","0","0","0","2","0","2","0","0","0","3","03","","N","","","","","","","","","",""
"2022047522","1139","1","0","0","0","0","0","0","0","0","4","0","","67","5","2022","7","40.041499","-75.158367","1138","6","0","0","0","0","0","0","0","0","","0","0","0","11","1","0","","5","1","40 02:29.397","5","0","75 09:30.120","0","0","0","0","67301","0","0","0","N","0","0","0","2","67301","0","","1.0","1157.0","1","N","N","N","0","","0","0","1","3","2","Y","1137","2","0","0","0","0","0","0","2","0","2","0","0","0","3","03","","N","","","","","","","","","",""
"2022061990","1759","0","0","0","0","0","0","0","0","0","1","0","","67","7","2022","6","39.957136","-75.151069","1729","6","0","0","0","0","0","0","0","0","","0","0","0","17","1","2","N","0","0","39 57:25.688","","2","75 09:03.847","4","0","0","0","67301","0","0","0","N","0","0","0","3","68K01","2","","1.0","","1","N","N","N","0","","0","0","2","0","0","","1726","2","2","0","0","0","0","0","2","0","2","0","0","0","3","03","","N","","","","","","","","","",""
"2022067442","1424","2","0","0","0","0","0","0","0","0","1","0","","67","6","2022","1","40.043604","-75.002734","1356","6","0","0","0","0","0","0","0","0","","0","0","0","13","1","0","N","0","0","40 02:36.974","","0","75 00:09.842","0","0","0","0","67301","0","0","0","N","0","0","0","2","68K01","0","","1.0","","1","N","N","N","0","","0","0","0","0","0","","1356","2","0","0","0","0","0","0","2","0","2","0","0","0","3","03","","N","","","","","","","","","",""
"2022055654","1008","1","0","0","0","0","0","0","0","0","4","0","","67","5","2022","3","40.000967","-75.148029","1008","6","0","0","0","0","0","1","0","0","","0","0","0","8","1","0","","1","0","40 00:03.481","","0","75 08:52.906","0","0","0","0","67301","0","0","0","N","0","0","0","2","67301","0","","1.0","","1","N","N","N","0","","0","0","1","3","2","","830","2","0","0","0","0","0","0","2","0","2","0","0","0","3","","","N","","","","","","","","","",""
"2022061807","1309","1","0","0","0","0","0","0","0","0","5","0","","67","6","2022","1","39.896296","-75.191584","1240","6","0","0","0","0","0","1","0","0","","0","0","0","12","1","1","N","0","0","39 53:46.665","","3","75 11:29.703","3","0","0","0","67301","0","0","0","N","0","0","0","2","68K01","0","","1.0","","1","N","N","N","1","","1","0","0","0","0","","1236","2","1","0","0","0","0","0","2","0","2","0","0","0","3","03","","N","","","","","","","","","",""
"2022061742","1231","1","0","0","0","0","0","0","0","0","4","0","","67","5","2022","3","39.971086","-75.193266","1218","6","0","0","0","0","0","0","0","0","","0","0","0","12","1","1","N","0","1","39 58:15.911","3","0","75 11:35.756","3","0","0","0","67301","0","0","0","N","0","0","0","2","68K01","0","","1.0","1255.0","1","N","N","N","0","","1","0","1","0","0","N","1213","2","1","0","0","0","0","0","2","0","2","0","0","0","4","","","N","","","","","","","","","",""
"2022044071","","1","0","0","0","0","0","0","0","0","4","0","","67","5","2022","1","39.903694","-75.243194","","6","0","0","0","0","0","0","1","1","","0","0","0","13","1","0","","1","0","39 54:13.300","","0","75 14:35.500","0","0","0","0","67301","0","0","0","N","0","0","0","2","00000","0","","1.0","","1","","","N","0","","0","0","1","3","2","","1300","2","0","0","0","0","0","0","2","0","2","0","0","0","3","","","N","","","","","","","","","",""
"2022057543","0927","2","0","0","0","0","0","0","0","0","5","0","","67","6","2022","6","39.976053","-75.255547","0834","6","0","0","0","0","0","1","0","0","","0","0","0","8","5","0","N","0","0","39 58:33.790","","0","75 15:19.970","0","0","0","0","67301","0","0","0","N","0","0","0","1","67301","0","","6.0","","1","N","N","N","0","","0","0","2","0","0","","834","4","0","0","0","0","0","0","2","0","4","0","0","0","4","04","","N","","","","","","","","","",""
"2022053021","1246","1","0","0","0","0","0","0","0","0","4","0","","67","5","2022","4","39.935423","-75.220353","1245","6","0","0","0","0","0","2","0","0","","0","0","0","12","1","0","","1","0","39 56:07.522","","0","75 13:13.270","0","0","0","0","67301","0","0","0","N","0","0","0","2","67301","0","","1.0","","1","N","N","N","0","","0","0","1","3","2","","1242","2","0","0","0","0","0","0","2","0","2","0","0","0","3","03","","N","","","","","","","","","",""
"2022053765","1510","1","0","0","0","0","0","0","0","0","4","0","","67","6","2022","5","39.963097","-75.189939","1505","6","0","0","0","0","0","0","0","0","","0","0","0","14","1","0","","1","0","39 57:47.150","","0","75 11:23.780","0","0","0","0","67301","0","0","0","N","0","0","0","2","67507","0","","1.0","","1","N","N","N","0","","0","0","1","3","2","","1405","2","0","0","0","0","0","0","2","0","2","0","0","0","3","","","N","","","","","","","","","",""
"2022068763","1240","2","0","0","0","0","0","0","0","0","4","0","","67","7","2022","5","39.921724","-75.221535","1240","6","0","0","0","0","0","1","0","0","","0","0","0","12","1","0","","2","0","39 55:18.207","","0","75 13:17.526","0","0","0","0","67301","0","0","0","N","0","0","0","3","67301","0","","1.0","","1","N","N","N","0","","0","0","1","3","3","","1230","3","0","0","0","0","0","0","2","0","3","0","0","0","3","03","","N","","","","","","","","","",""
"2022057142","1322","2","0","0","0","0","0","0","0","0","4","0","","67","6","2022","1","39.963044","-75.177076","1322","6","0","0","0","0","0","1","0","1","","0","0","0","12","1","0","N","3","0","39 57:46.958","","6","75 10:37.475","0","0","0","0","67301","0","0","0","N","0","0","0","2","67301","0","","1.0","","1","N","N","N","0","","0","0","0","3","2","","1208","2","0","0","0","0","0","0","2","0","2","0","0","0","3","03","","N","","","","","","","","","",""
"2022033198","","1","0","0","0","0","0","0","0","0","1","0","","67","4","2022","1","39.972478","-75.212059","","6","0","0","0","0","0","0","1","0","","0","0","0","14","1","3","","3","0","39 58:20.921","","0","75 12:43.411","8","0","0","0","67301","0","0","0","N","0","0","0","5","00000","0","","1.0","","1","","","N","0","","0","0","1","0","0","","1430","3","3","0","0","0","3","0","2","0","3","0","0","0","3","","","N","","","","","","","","","",""
"2022062667","1812","1","0","0","0","0","0","0","0","0","1","0","","67","6","2022","3","39.958241","-75.164747","1754","6","0","0","0","0","0","0","0","0","","0","0","0","17","1","1","N","0","0","39 57:29.667","","0","75 09:53.090","3","0","0","0","67301","0","0","0","N","0","0","0","2","68K01","0","","1.0","","1","N","N","N","0","","1","0","0","0","0","","1749","2","1","0","0","0","0","1","2","0","2","0","0","0","3","03","","N","","","","","","","","","",""
"2022056747","0745","0","0","0","0","0","0","0","0","0","5","0","","67","6","2022","7","40.060004","-75.009229","0741","6","0","0","0","0","0","1","0","0","","0","0","0","5","5","1","N","0","0","40 03:36.016","","0","75 00:33.223","3","0","0","0","67301","0","0","0","N","0","0","0","1","67301","0","","6.0","","1","N","N","N","0","","1","0","1","0","0","","558","2","1","0","0","0","0","0","2","1","2","0","0","0","3","03","","N","","","","","","","","","",""
"2022068807","1710","1","0","0","0","0","0","0","0","0","7","0","","67","6","2022","7","39.983644","-75.184306","1702","6","0","0","0","0","0","0","0","0","","0","0","0","17","1","1","","3","0","39 59:01.119","","0","75 11:03.502","3","0","0","0","67301","0","0","0","N","0","0","0","1","67301","0","","4.0","","1","N","N","N","0","","1","0","0","0","0","","1701","1","1","0","0","0","0","0","2","0","1","0","0","0","3","03","","N","","","","","","","","","",""
"2022045609","0756","1","0","0","0","0","0","0","0","0","7","0","","67","5","2022","7","40.038928","-75.00884","0748","6","0","0","0","0","0","0","0","1","","0","0","0","7","1","1","N","0","1","40 02:20.142","2","0","75 00:31.825","4","0","0","0","67301","0","0","0","N","0","0","0","1","68K01","1","","2.0","815.0","9","N","N","N","0","","0","0","0","0","0","N","747","1","1","0","0","0","0","0","2","0","1","0","0","0","7","04","","N","","","","","","","","","",""
"2022055872","1732","1","0","0","0","0","0","0","0","0","8","0","","67","6","2022","5","40.034107","-75.176519","1718","6","0","0","0","0","0","0","0","0","","0","0","0","15","1","1","","1","0","40 02:02.785","","0","75 10:35.468","3","0","0","0","67301","1","0","0","N","1","0","0","2","67301","0","","1.0","","1","N","N","N","0","","1","0","0","3","2","","1531","2","1","0","0","0","0","0","2","0","1","1","0","0","3","03","","N","","","","","","","","","",""
"2022069340","1924","1","0","0","0","0","0","0","0","0","1","0","","67","7","2022","3","40.037024","-75.219735","1918","6","0","0","0","0","0","0","0","0","","0","0","0","19","1","0","N","0","0","40 02:13.287","","0","75 13:11.047","0","0","0","0","67301","0","0","0","N","0","0","0","2","67301","0","","6.0","","1","N","N","N","0","","0","0","1","0","0","","1910","2","0","0","0","0","0","0","2","0","2","0","0","0","3","03","","N","","","","","","","","","",""
"2022048061","1324","2","0","0","0","0","0","0","0","0","4","0","","67","5","2022","7","40.134374","-75.009144","1324","6","0","0","0","0","0","0","1","0","","0","0","0","13","1","1","","1","0","40 08:03.746","","0","75 00:32.919","3","0","0","0","67301","0","0","0","N","0","0","0","2","67301","0","","1.0","","1","N","N","N","0","","1","0","0","3","2","","1324","2","1","0","0","0","0","0","2","0","2","0","0","0","3","","","N","","","","","","","","","",""
"2022056377","0910","1","0","0","0","0","0","0","0","0","1","0","","67","6","2022","5","39.938479","-75.142336","0902","6","0","0","0","0","0","1","0","0","","0","0","0","8","1","1","","1","0","39 56:18.523","","2","75 08:32.410","4","0","0","0","67301","0","0","0","N","0","0","0","6","67301","1","","1.0","","9","N","N","N","0","","0","0","1","3","2","","849","3","1","0","0","0","0","0","2","1","3","0","0","0","4","07","","N","","","","","","","","","",""
"2022061015","0018","1","0","0","0","0","0","0","0","0","1","0","","67","6","2022","3","39.991097","-75.204101","0014","6","0","0","0","0","0","1","0","0","","0","0","0","0","3","3","N","0","2","39 59:27.948","3","0","75 12:14.763","8","0","0","0","67301","0","0","0","N","0","0","0","3","68K01","0","","1.0","50.0","1","N","N","N","0","","0","0","1","0","0","N","13","2","3","0","0","0","3","0","2","0","2","0","0","0","3","03","","N","","","","","","","","","",""
"2022061825","1503","2","0","0","0","0","0","0","0","0","1","0","","67","6","2022","5","39.887389","-75.204318","1445","6","0","0","0","1","0","0","0","0","","0","0","0","14","1","1","N","0","0","39 53:14.599","","0","75 12:15.544","8","0","0","0","67301","0","0","0","N","0","0","0","2","68K01","0","","1.0","","1","N","N","N","0","","0","0","0","0","0","","1438","2","1","0","0","0","1","0","2","0","2","0","0","0","3","","","N","","","","","","","","","",""
"2022014545","1805","0","0","0","0","0","0","0","0","0","4","0","","67","1","2022","5","40.033146","-75.10696","1804","6","0","0","0","0","0","0","0","0","","0","0","0","18","3","1","","1","1","40 01:59.326","6","0","75 06:25.057","4","0","0","0","67301","0","0","0","N","0","0","0","2","67301","1","","1.0","100.0","1","N","N","N","0","","0","0","2","3","2","Y","1803","2","1","0","0","0","0","0","2","0","2","0","0","0","3","","","N","","","","","","","","","",""
"2022056894","1532","1","0","0","0","0","0","0","0","0","4","0","","67","6","2022","7","39.899326","-75.174784","1531","6","0","0","0","0","0","0","0","0","","0","0","0","15","1","2","","1","1","39 53:57.573","1","2","75 10:29.222","3","0","0","0","67301","0","0","0","N","0","0","0","5","67301","0","","1.0","1535.0","1","N","N","N","1","","2","0","0","3","2","N","1530","2","2","0","0","0","0","0","2","0","2","0","0","0","3","03","","N","","","","","","","","","",""
"2022061707","1529","1","0","0","0","0","0","0","0","0","8","0","","67","7","2022","3","40.082897","-75.03695","1524","6","0","0","0","0","0","0","0","1","","0","0","0","14","1","1","N","0","0","40 04:58.430","","7","75 02:13.020","8","0","0","0","67301","1","0","0","N","1","0","0","2","67301","0","","6.0","","1","N","N","N","0","","0","0","0","0","0","","1455","2","1","1","0","0","1","0","2","0","1","1","0","0","3","03","","N","","","","","","","","","",""
"2022061749","0641","1","0","0","0","0","0","0","0","0","5","0","","67","5","2022","1","39.967901","-75.131175","0634","6","0","0","0","0","0","0","1","0","","0","0","0","6","1","0","N","0","0","39 58:04.443","","0","75 07:52.229","0","0","0","0","67301","0","0","0","N","0","0","0","2","68K01","0","","1.0","","1","N","N","N","0","","0","0","1","0","0","","632","2","0","0","0","0","0","0","2","0","2","0","0","0","3","","","N","","","","","","","","","",""
"2022057946","0016","1","0","0","0","0","0","0","0","0","7","0","","67","6","2022","4","39.945827","-75.142545","0010","6","0","0","0","1","0","0","0","0","","0","0","0","0","3","0","N","0","0","39 56:44.976","","0","75 08:33.161","0","0","0","0","67301","0","0","0","N","0","0","0","1","68K01","0","","3.0","","9","N","N","N","0","","0","0","0","0","0","","7","1","0","0","0","0","0","0","2","0","1","0","0","0","3","03","","N","","","","","","","","","",""
"2022050579","2200","1","0","0","1","0","0","0","0","0","8","0","","67","5","2022","3","40.008426","-75.193209","2200","6","0","0","0","0","0","0","0","0","","0","0","0","19","3","1","N","0","0","40 00:30.335","","0","75 11:35.553","3","0","0","0","67301","1","0","0","N","0","0","0","2","67301","0","","1.0","","1","N","N","N","0","","1","0","0","0","0","","1959","2","1","0","0","0","0","0","2","0","1","1","0","0","3","03","","N","","","","","","","","","",""
"2022056903","2220","1","0","0","0","0","0","0","0","0","1","0","","67","6","2022","4","39.989503","-75.103675","2219","6","0","0","0","0","0","0","0","0","","0","0","0","22","3","2","Y","0","0","39 59:22.210","","0","75 06:13.230","3","0","0","0","67301","0","0","0","N","0","0","0","2","67301","1","","1.0","","1","N","N","N","0","","1","0","1","3","2","","2210","2","2","1","0","0","0","0","2","0","2","0","0","0","3","03","","N","","","","","","","","","",""
"2022043785","","2","0","0","0","0","0","0","0","0","4","0","","67","4","2022","5","","","","6","0","0","0","0","0","0","0","0","","0","0","0","99","1","1","N","0","0","","","7","","8","0","0","0","67301","0","0","0","N","0","0","0","2","00000","0","","1.0","","1","","","N","0","","0","0","0","3","2","","9999","2","1","1","0","0","1","0","1","0","2","0","0","0","3","","","N","","","","","","","","","",""
"2022048423","1202","1","0","0","0","0","0","0","0","0","4","0","","67","5","2022","7","40.016941","-75.060645","1202","6","0","0","0","0","0","1","0","0","","0","0","0","12","1","1","","1","0","40 01:00.988","","0","75 03:38.322","4","0","0","0","67301","0","0","0","N","0","0","0","3","67301","1","","1.0","","1","N","N","N","0","","0","0","1","3","2","","1202","4","1","3","0","0","0","0","2","2","4","0","0","0","3","03","","N","","","","","","","","","",""
"2022062015","1735","1","0","0","0","0","0","0","0","0","7","0","","67","7","2022","7","39.957034","-75.156253","1718","6","0","0","0","0","1","0","0","0","","0","0","0","17","1","0","N","0","1","39 57:25.322","3","0","75 09:22.511","0","0","0","0","67301","0","0","0","N","0","0","0","1","68K01","0","","2.0","1740.0","1","N","N","N","0","","0","0","0","0","0","N","1715","1","0","0","0","0","0","0","2","0","1","0","0","0","3","03","","N","","","","","","","","","",""
"2022071653","1147","0","0","0","0","0","0","0","0","0","5","2","","67","7","2022","2","39.993933","-75.199059","1135","6","0","0","0","0","0","0","0","0","","0","2","0","11","1","1","N","0","1","39 59:38.160","4","0","75 11:56.613","8","0","0","0","67301","0","0","0","N","0","0","0","3","68K01","0","","4.0","1230.0","1","N","N","N","1","","0","0","0","3","8","N","1129","3","1","0","0","0","1","0","2","0","3","0","0","0","3","","","N","","","","","","","","","",""
"2022062675","0539","1","0","0","0","0","0","0","0","0","5","1","","67","6","2022","3","40.035697","-75.017363","0539","6","0","0","0","0","0","1","0","0","","0","1","0","5","5","0","N","0","0","40 02:08.508","","0","75 01:02.508","9","0","0","0","67301","0","0","0","N","0","0","0","3","68K01","0","","1.0","","1","N","N","N","0","","0","0","0","0","0","","529","3","0","0","0","0","0","1","2","1","3","0","0","0","3","","","N","","","","","","","","","",""
"2022049153","0615","2","0","0","0","0","0","0","0","0","1","0","","67","5","2022","1","39.904268","-75.197001","0615","6","0","0","0","0","1","0","0","0","","0","0","0","23","3","2","N","0","0","39 54:15.364","","0","75 11:49.202","8","0","0","0","67301","0","0","0","N","0","0","0","3","67301","0","","1.0","","1","N","N","N","0","","0","0","0","0","0","","2300","2","2","0","0","0","2","1","2","0","2","0","0","0","3","","","N","","","","","","","","","",""
"2022047642","1835","1","0","0","0","0","0","0","0","0","4","0","","67","5","2022","6","39.985947","-75.166115","1828","6","0","0","0","0","0","0","0","0","","0","0","0","18","1","0","","1","0","39 59:09.409","","0","75 09:58.014","0","0","0","0","67301","0","0","0","N","0","0","0","2","67301","0","","1.0","","9","N","N","N","0","","0","0","1","3","2","","1827","2","0","0","0","0","0","0","2","0","2","0","0","0","3","03","","N","","","","","","","","","",""
"2022053025","0117","1","0","0","0","0","0","0","0","0","4","0","","67","6","2022","3","39.893044","-75.235618","0113","6","0","0","1","0","0","0","0","0","","0","0","0","1","3","1","","2","1","39 53:34.958","2","2","75 14:08.223","3","0","0","0","67301","0","0","0","N","0","0","0","3","67301","0","","1.0","330.0","1","N","N","N","0","","1","0","1","3","3","N","103","2","1","0","0","0","0","0","2","0","2","0","0","0","3","03","","N","","","","","","","","","",""
"2022070440","2247","2","0","0","0","0","0","0","0","0","1","0","","67","8","2022","2","39.959861","-75.190889","2245","6","0","0","0","0","0","0","0","0","","0","0","0","22","3","0","N","0","2","39 57:35.500","2","0","75 11:27.200","0","0","0","0","67301","0","0","0","N","0","0","0","1","67507","0","","6.0","10.0","1","N","N","N","0","","0","0","1","0","0","N","2243","3","0","0","0","0","0","0","2","0","3","0","0","0","3","03","","N","","","","","","","","","",""
"2022048056","1343","0","0","0","0","0","0","0","0","0","4","0","","67","5","2022","1","39.921054","-75.224167","1343","6","0","0","1","0","0","0","0","1","","0","0","0","13","1","0","","1","0","39 55:15.795","","0","75 13:27.001","0","0","0","0","67301","0","0","0","N","0","0","0","2","67301","0","","1.0","","1","N","N","N","1","","0","0","1","3","2","","1342","2","0","1","0","0","0","0","2","0","2","0","0","0","3","03","","N","","","","","","","","","",""
"2022062121","0002","1","0","0","0","0","0","0","0","0","5","0","","67","6","2022","5","39.977355","-75.112838","2354","6","0","0","0","0","0","0","0","0","","0","0","0","23","3","6","N","0","2","39 58:38.478","2","0","75 06:46.217","4","0","0","0","67301","0","0","0","N","0","0","0","8","68K01","6","","1.0","5.0","1","N","N","N","0","","0","0","0","0","0","N","2348","2","6","0","0","0","0","0","2","1","2","0","0","0","3","","","N","","","","","","","","","",""
"2022046391","","1","0","0","0","0","0","0","0","0","4","0","","67","4","2022","6","40.05083","-75.077492","","6","0","0","0","0","0","0","0","0","","0","0","0","0","3","1","","1","0","40 03:02.987","","0","75 04:38.971","8","0","0","0","67301","0","0","0","N","0","0","0","2","00000","0","","1.0","","1","","","N","0","","0","0","0","3","2","","45","2","1","0","0","0","1","0","2","0","2","0","0","0","3","","","N","","","","","","","","","",""
"2022060044","2133","2","0","0","0","0","0","0","0","0","1","0","","67","6","2022","2","40.011334","-75.077069","2130","6","0","0","0","0","0","0","1","0","","0","0","0","21","3","2","","1","2","40 00:40.802","5","0","75 04:37.448","3","0","0","0","67301","0","0","0","N","0","0","0","3","67301","0","","1.0","2201.0","1","N","N","N","0","","2","0","1","3","2","N","2130","3","2","0","0","0","0","0","2","0","3","0","0","0","3","","","N","","","","","","","","","",""
"2022069485","0847","0","0","0","0","0","0","0","0","0","8","0","","67","7","2022","6","39.944927","-75.154918","0845","6","0","0","0","0","0","0","1","0","","0","0","0","8","1","1","","2","2","39 56:41.737","3","0","75 09:17.704","3","0","0","0","67301","1","0","0","N","1","0","0","2","67301","0","","1.0","907.0","1","N","N","N","0","","1","0","1","0","0","Y","843","2","1","0","0","0","0","0","2","0","1","1","0","0","3","03","","N","","","","","","","","","",""
"2022056969","2333","0","0","0","0","0","0","0","0","0","4","0","","67","6","2022","7","40.082357","-74.981817","2328","6","0","0","0","0","0","0","0","1","","0","0","0","22","3","0","","1","0","40 04:56.485","","0","74 58:54.541","0","0","0","0","67301","0","0","0","N","0","0","0","3","67301","0","","1.0","","1","N","N","N","0","","0","0","2","3","3","","2210","2","0","0","0","0","0","0","2","0","2","0","0","0","3","03","","N","","","","","","","","","",""
"2022050700","1156","2","0","0","0","0","0","0","0","0","4","0","","67","5","2022","3","39.940025","-75.159803","1156","6","0","0","0","0","0","0","0","1","","0","0","0","15","1","1","N","0","0","39 56:24.090","","7","75 09:35.290","3","0","0","0","67301","0","0","0","N","0","0","0","2","67301","0","","1.0","","1","N","N","N","0","","1","0","0","0","0","","1530","2","1","1","0","0","0","1","2","0","2","0","0","0","3","","","N","","","","","","","","","",""
"2022050657","2225","1","0","0","0","0","0","0","0","0","4","0","","67","5","2022","1","40.027789","-75.060077","2214","6","0","0","0","0","0","0","0","0","","0","0","0","22","3","1","","1","0","40 01:40.042","","0","75 03:36.277","3","0","0","1","67301","0","0","0","N","0","0","0","2","67301","0","","1.0","","1","N","N","N","0","","1","0","0","3","2","","2212","2","1","0","0","0","0","0","2","0","2","0","0","0","3","03","","N","","","","","","","","","",""
"2022063950","0303","1","0","0","0","0","0","0","0","0","7","0","","67","6","2022","7","39.948746","-75.185325","0259","6","0","0","0","0","0","0","0","0","","0","0","0","2","3","0","N","0","2","39 56:55.484","4","0","75 11:07.169","0","0","0","0","67301","0","0","0","N","0","0","0","1","68K01","0","","4.0","315.0","1","N","N","N","0","","0","0","0","0","0","N","259","1","0","0","0","0","0","0","2","0","1","0","0","0","3","03","","N","","","","","","","","","",""
"2022060119","1005","1","0","0","0","0","0","0","0","0","1","0","","67","6","2022","4","40.009744","-75.155058","1005","6","0","0","0","0","1","0","0","0","","0","0","0","9","1","1","N","0","0","40 00:35.080","","0","75 09:18.210","3","0","0","0","67301","0","0","0","N","0","0","0","4","67301","0","","1.0","","1","N","N","N","0","","1","0","2","0","0","","950","3","1","0","0","0","0","2","2","0","3","0","0","0","4","04","","N","","","","","","","","","",""
"2022058539","1630","2","0","0","0","0","0","0","0","0","4","0","","67","6","2022","3","39.99185","-75.186363","1620","6","0","0","0","1","0","0","0","0","","0","0","0","16","1","0","","1","0","39 59:30.660","","0","75 11:10.908","0","0","0","0","67301","0","0","0","N","0","0","0","2","67508","0","","1.0","","1","N","N","Y","0","","0","0","0","3","2","N","1620","2","0","1","0","0","0","0","2","0","2","0","0","0","3","03","","N","","","","","","","","","",""
"2022070552","0217","1","0","0","0","0","0","0","0","0","7","0","","67","8","2022","3","39.917183","-75.246303","0216","6","0","0","0","0","0","0","0","0","","0","0","0","2","3","1","","2","0","39 55:01.859","","0","75 14:46.691","3","0","0","0","67301","0","0","0","N","0","0","0","1","67301","0","","2.0","","9","N","N","N","0","","1","0","0","3","2","","215","1","1","0","0","0","0","0","2","0","1","0","0","0","7","07","","N","","","","","","","","","",""
"2022070485","2110","1","0","0","0","0","0","0","0","0","7","2","","67","6","2022","4","39.958154","-75.180363","2100","6","0","0","0","0","1","1","0","0","","0","2","0","20","3","5","N","0","1","39 57:29.356","3","0","75 10:49.308","4","0","0","0","67301","0","0","0","N","0","0","0","5","68K01","2","","3.0","2239.0","1","N","N","N","0","","0","0","0","0","0","N","2057","3","5","0","0","0","3","0","2","0","3","0","0","0","3","03","","N","","","","","","","","","",""
"2022069706","1735","0","0","0","0","0","0","0","0","0","8","0","","67","7","2022","4","40.045665","-75.143179","1725","6","0","0","0","0","0","0","0","0","","0","0","0","14","1","1","N","0","0","40 02:44.395","","0","75 08:35.445","4","0","0","0","67301","1","0","0","N","1","0","0","2","67301","1","","5.0","","1","N","N","N","0","","0","0","0","0","0","","1400","2","1","0","0","0","0","1","2","0","1","1","0","0","3","","","N","","","","","","","","","",""
"2022063082","1640","1","0","0","0","0","0","0","0","0","4","0","","67","6","2022","2","39.99182","-75.232297","1640","6","0","0","0","0","0","0","0","0","","0","0","0","16","1","0","","2","0","39 59:30.551","","0","75 13:56.269","9","0","0","0","67301","0","0","0","N","0","0","0","3","67301","0","","1.0","","1","N","N","N","0","","0","0","1","0","0","","1610","2","0","0","0","0","0","3","2","0","2","0","0","0","3","03","","N","","","","","","","","","",""