"CRN","ARRIVAL_TM","AUTOMOBILE_COUNT","BELTED_DEATH_COUNT","BELTED_SUSP_SERIOUS_INJ_COUNT","BICYCLE_COUNT","BICYCLE_DEATH_COUNT","BICYCLE_SUSP_SERIOUS_INJ_COUNT","BUS_COUNT","CHLDPAS_DEATH_COUNT","CHLDPAS_SUSP_SERIOUS_INJ_COUNT","COLLISION_TYPE","COMM_VEH_COUNT","CONS_ZONE_SPD_LIM","COUNTY","CRASH_MONTH","CRASH_YEAR","DAY_OF_WEEK","DEC_LATITUDE","DEC_LONGITUDE","DISPATCH_TM","DISTRICT","DRIVER_COUNT_16YR","DRIVER_COUNT_17YR","DRIVER_COUNT_18YR","DRIVER_COUNT_19YR","DRIVER_COUNT_20YR","DRIVER_COUNT_50_64YR","DRIVER_COUNT_65_74YR","DRIVER_COUNT_75PLUS","EST_HRS_CLOSED","FATAL_COUNT","HEAVY_TRUCK_COUNT","HORSE_BUGGY_COUNT","HOUR_OF_DAY","ILLUMINATION","INJURY_COUNT","INTERSECTION_RELATED","INTERSECT_TYPE","LANE_CLOSED","LATITUDE","LN_CLOSE_DIR","LOCATION_TYPE","LONGITUDE","MAX_SEVERITY_LEVEL","MCYCLE_DEATH_COUNT","MCYCLE_SUSP_SERIOUS_INJ_COUNT","MOTORCYCLE_COUNT","MUNICIPALITY","NONMOTR_COUNT","NONMOTR_DEATH_COUNT","NONMOTR_SUSP_SERIOUS_INJ_COUNT","NTFY_HIWY_MAINT","PED_COUNT","PED_DEATH_COUNT","PED_SUSP_SERIOUS_INJ_COUNT","PERSON_COUNT","POLICE_AGCY","POSSIBLE_INJ_COUNT","RDWY_SURF_TYPE_CD","RELATION_TO_ROAD","ROADWAY_CLEARED","ROAD_CONDITION","SCH_BUS_IND","SCH_ZONE_IND","SECONDARY_CRASH","SMALL_TRUCK_COUNT","SPEC_JURIS_CD","SUSP_MINOR_INJ_COUNT","SUSP_SERIOUS_INJ_COUNT","SUV_COUNT","TCD_FUNC_CD","TCD_TYPE","TFC_DETOUR_IND","TIME_OF_DAY","TOTAL_UNITS","TOT_INJ_COUNT","UNBELTED_OCC_COUNT","UNB_DEATH_COUNT","UNB_SUSP_SERIOUS_INJ_COUNT","UNK_INJ_DEG_COUNT","UNK_INJ_PER_COUNT","URBAN_RURAL","VAN_COUNT","VEHICLE_COUNT","VULNERABLE_ROAD_USER_COUNT","VULNERABLE_ROAD_USER_DEATH_COUNT","VULNERABLE_ROAD_USER_SER_INJ_COUNT","WEATHER1","WEATHER2","WORKERS_PRES","WORK_ZONE_IND","WORK_ZONE_LOC","WORK_ZONE_TYPE","WZ_CLOSE_DETOUR","WZ_FLAGGER","WZ_LAW_OFFCR_IND","WZ_LN_CLOSURE","WZ_MOVING","WZ_OTHER","WZ_SHLDER_MDN","WZ_WORKERS_INJ_KILLED"
"2022062491","0830","1","0","0","0","0","0","0","0","0","5","0","","67","5","2022","4","39.980072","-75.105923","0814","6","0","0","0","0","0","1","0","0","","0","0","0","8","1","2","N","0","1","39 58:48.259","2","0","75 06:21.322","4","0","0","0","67301","0","0","0","N","0","0","0","2","68K01","2","","1.0","900.0","1","N","N","N","0","","0","0","1","0","0","N","814","2","2","0","0","0","0","0","2","0","2","0","0","0","3","","","N","","","","","","","","","",""
"2022061752","1728","0","0","0","0","0","0","0","0","0","1","0","","67","5","2022","4","40.02753","-75.025088","1708","6","0","0","0","0","0","1","0","0","","0","0","0","17","1","0","N","0","0","40 01:39.107","","0","75 01:30.316","0","0","0","0","67301","0","0","0","N","0","0","0","3","68K01","0","","1.0","","1","N","N","N","0","","0","0","2","0","0","","1704","3","0","0","0","0","0","0","2","1","3","0","0","0","3","","","N","","","","","","","","","",""
"2022055689","1917","0","0","0","0","0","0","0","0","0","7","0","","67","6","2022","3","40.020667","-75.153972","1915","6","0","0","0","0","0","1","0","0","","0","0","0","19","1","1","N","0","1","40 01:14.400","4","0","75 09:14.300","3","0","0","0","67301","0","0","0","N","0","0","0","1","67301","0","","6.0","1950.0","1","N","N","N","0","","1","0","1","0","0","N","1903","1","1","0","0","0","0","0","2","0","1","0","0","0","3","","","N","","","","","","","","","",""
"2022062002","1137","0","0","0","0","0","0","0","0","0","7","0","","67","7","2022","7","39.957738","-75.141857","1123","6","0","0","0","0","0","0","0","0","","0","0","0","11","1","0","N","0","1","39 57:27.858","4","8","75 08:30.686","9","0","0","0","67301","0","0","0","N","0","0","0","1","68K01","0","","2.0","1151.0","1","N","N","N","0","","0","0","1","0","0","N","1121","1","0","1","0","0","0","1","2","0","1","0","0","0","3","03","","N","","","","","","","","","",""
"2022068571","0615","0","0","0","0","0","0","0","0","0","4","1","","67","7","2022","6","39.920972","-75.215186","0555","6","0","0","0","0","0","0","0","0","","1","1","0","4","3","0","N","0","2","39 55:15.500","5","7","75 12:54.670","1","1","0","1","67301","0","0","0","N","0","0","0","2","67301","0","2","1.0","840.0","1","N","N","N","0","0","0","0","0","0","0","Y","415","2","0","0","0","0","0","0","2","0","2","0","0","0","3","03","","N","","","","","","","","","",""
"2022050803","1150","1","0","0","0","0","0","0","0","0","6","0","","67","5","2022","2","40.014692","-75.129822","1150","6","0","0","0","0","0","0","0","0","","0","0","0","15","1","1","N","0","0","40 00:52.890","","0","75 07:47.360","3","0","0","0","67301","0","0","0","N","0","0","0","2","67301","0","","1.0","","1","N","N","N","0","","1","0","1","0","0","","1540","2","1","0","0","0","0","1","2","0","2","0","0","0","3","","","N","","","","","","","","","",""
"2022048835","","1","0","0","0","0","0","0","0","0","5","1","","67","5","2022","5","39.948681","-75.158902","","6","0","0","0","0","0","1","0","0","","0","1","0","9","1","0","","1","0","39 56:55.252","","0","75 09:32.047","0","0","0","0","67301","0","0","0","N","0","0","0","2","00000","0","","1.0","","1","","","N","0","","0","0","0","3","2","","935","2","0","1","0","0","0","0","2","0","2","0","0","0","3","","","N","","","","","","","","","",""
"2022049043","2205","0","0","0","0","0","0","0","0","0","4","0","","67","5","2022","7","40.082303","-75.037692","2201","6","0","0","0","0","0","0","0","0","","0","0","0","21","3","1","N","0","0","40 04:56.291","","7","75 02:15.691","3","0","0","0","67301","0","0","0","N","0","0","0","3","67301","0","","1.0","","1","N","N","N","1","","1","0","1","0","0","","2155","2","1","0","0","0","0","0","2","0","2","0","0","0","3","03","","N","","","","","","","","","",""
"2022054685","1731","0","0","0","0","0","0","0","0","0","7","0","","67","6","2022","4","39.909917","-75.154194","1729","6","0","0","0","0","0","0","0","0","","0","0","0","17","1","1","N","0","0","39 54:35.700","","5","75 09:15.100","8","0","0","0","67301","0","0","0","N","0","0","0","1","67501","0","","4.0","","1","N","N","N","0","","0","0","1","3","8","","1727","1","1","0","0","0","1","0","2","0","1","0","0","0","3","03","","N","","","","","","","","","",""
"2022047389","1400","0","0","0","0","0","0","0","0","0","7","0","","67","5","2022","6","40.090472","-74.969111","1356","6","0","0","0","0","0","1","0","0","","0","0","0","13","1","1","N","0","0","40 05:25.700","","0","74 58:08.800","3","0","0","0","67301","0","0","0","N","0","0","0","1","67301","0","","4.0","","1","N","N","Y","1","","1","0","0","0","0","","1345","1","1","0","0","0","0","0","2","0","1","0","0","0","3","03","","N","","","","","","","","","",""
"2022063029","0003","0","0","0","0","0","0","0","0","0","7","0","","67","4","2022","3","39.964964","-75.178978","0003","6","0","0","0","0","0","0","0","0","","0","0","0","0","3","0","N","0","0","39 57:53.870","","0","75 10:44.321","9","0","0","0","67301","0","0","0","N","0","0","0","1","67301","0","","4.0","","9","N","N","N","1","","0","0","0","0","0","","3","1","0","1","0","0","0","1","2","0","1","0","0","0","7","","","N","","","","","","","","","",""
"2022055593","1257","1","0","0","0","0","0","0","0","0","4","0","","67","6","2022","2","39.917847","-75.224206","1253","6","0","0","0","0","0","0","1","0","","0","0","0","15","1","1","","2","0","39 55:04.249","","0","75 13:27.141","3","0","0","0","67301","0","0","0","N","0","0","0","2","67301","0","","1.0","","8","N","N","N","0","","1","0","1","3","3","","1530","2","1","0","0","0","0","0","2","0","2","0","0","0","7","04","","N","","","","","","","","","",""
"2022057703","1244","1","0","0","0","0","0","0","0","0","1","0","","67","6","2022","7","39.908389","-75.147583","1237","6","0","0","0","0","0","1","0","0","","0","0","0","12","1","1","N","0","0","39 54:30.200","","3","75 08:51.300","4","0","0","0","67301","0","0","0","N","0","0","0","2","67501","1","","1.0","","1","N","N","N","0","","0","0","1","3","8","","1237","2","1","0","0","0","0","0","2","0","2","0","0","0","3","03","","N","","","","","","","","","",""
"2022057086","2140","1","0","0","0","0","0","0","0","0","7","0","","67","6","2022","7","40.123292","-75.014875","2138","6","0","0","0","0","0","0","1","0","","0","0","0","21","3","1","N","0","0","40 07:23.850","","0","75 00:53.550","4","0","0","0","67301","0","0","0","N","0","0","0","3","67301","1","","5.0","","99","N","N","N","0","","0","0","0","0","0","","2120","1","1","1","0","0","0","0","2","0","1","0","0","0","3","03","","N","","","","","","","","","",""
"2022068778","2045","0","0","0","0","0","0","0","0","0","7","0","","67","6","2022","6","39.996267","-75.173994","2041","6","0","0","0","0","0","0","0","0","","0","0","0","20","3","1","N","0","0","39 59:46.560","","0","75 10:26.380","2","0","1","1","67301","0","0","0","N","0","0","0","1","67301","0","","5.0","","1","N","N","N","0","","0","1","0","0","0","","2038","1","1","0","0","0","0","0","2","0","1","0","0","0","3","03","","N","","","","","","","","","",""
"2022062676","0621","1","0","0","0","0","0","0","0","0","5","0","","67","6","2022","3","39.978917","-75.108857","0614","6","0","0","0","0","0","2","0","0","","0","0","0","6","1","2","N","0","2","39 58:44.101","1","0","75 06:31.885","3","0","0","0","67301","0","0","0","N","0","0","0","4","68K01","0","","1.0","623.0","1","N","N","N","0","","2","0","1","0","0","N","611","2","2","0","0","0","0","0","2","0","2","0","0","0","3","","","N","","","","","","","","","",""
"2022062128","1608","0","0","0","0","0","0","0","0","0","7","0","","67","6","2022","4","40.026626","-75.026122","1601","6","0","0","0","0","0","1","0","0","","0","0","0","16","1","2","N","0","1","40 01:35.854","1","0","75 01:34.040","3","0","0","0","67301","0","0","0","N","0","0","0","2","68K01","0","","4.0","1644.0","1","N","N","N","0","","2","0","1","0","0","Y","1600","1","2","1","0","0","0","0","2","0","1","0","0","0","4","","","N","","","","","","","","","",""
"2022066831","0344","1","0","0","0","0","0","0","0","0","1","0","","67","6","2022","7","39.910903","-75.149029","0325","6","0","0","0","0","0","0","0","0","","0","0","0","3","3","0","N","0","0","39 54:39.252","","0","75 08:56.503","9","0","0","0","67301","0","0","0","N","0","0","0","2","68K01","0","","2.0","","1","N","N","N","0","","0","0","0","0","0","","323","2","0","0","0","0","0","2","2","0","2","0","0","0","3","","","N","","","","","","","","","",""
"2022020226","1948","0","0","0","0","0","0","0","0","0","8","0","","67","2","2022","5","40.062234","-75.151763","1942","6","0","0","0","0","0","0","0","0","","0","0","0","19","3","1","","1","0","40 03:44.042","","0","75 09:06.346","3","0","0","0","67301","1","0","0","N","1","0","0","2","67301","0","","1.0","","1","N","N","N","0","","1","0","0","3","2","","1940","2","1","0","0","0","0","0","2","0","1","1","0","0","3","03","","N","","","","","","","","","",""
"2022048297","0232","2","0","0","0","0","0","0","0","0","4","0","","67","5","2022","1","40.023338","-75.179026","0225","6","0","0","0","0","0","0","0","0","","0","0","0","2","3","2","","1","0","40 01:24.018","","0","75 10:44.495","3","0","0","0","67301","0","0","0","N","0","0","0","4","67301","0","","1.0","","1","N","N","N","0","","2","0","0","3","2","","225","2","2","0","0","0","0","1","2","0","2","0","0","0","3","03","","N","","","","","","","","","",""
"2022043929","","0","0","0","0","0","0","0","0","0","1","0","","67","5","2022","2","39.894555","-75.229568","","6","0","0","0","0","0","0","0","0","","0","0","0","7","1","0","","3","0","39 53:40.398","","0","75 13:46.445","0","0","0","0","67301","0","0","0","N","0","0","0","2","00000","0","","1.0","","1","","","N","1","","0","0","1","3","2","","740","2","0","0","0","0","0","0","2","0","2","0","0","0","3","","","N","","","","","","","","","",""
"2022061997","0535","2","0","0","0","0","0","0","0","0","1","1","45","67","7","2022","7","40.015908","-75.052248","0527","6","0","0","0","0","0","1","0","0","","0","1","0","5","5","0","N","0","1","40 00:57.267","1","0","75 03:08.094","0","0","0","0","67301","0","0","0","N","0","0","0","3","68K01","0","","1.0","700.0","1","N","N","N","0","","0","0","0","0","0","N","526","3","0","0","0","0","0","0","2","0","3","0","0","0","3","","N","Y","4","1","","","N","","","","Y","N"
"2022049495","1607","1","0","0","0","0","0","0","0","0","1","0","","67","5","2022","3","39.955346","-75.147905","1606","6","0","0","0","0","1","0","0","0","","0","0","0","16","1","0","N","0","1","39 57:19.245","4","2","75 08:52.459","0","0","0","0","67301","0","0","0","N","0","0","0","6","67501","0","","1.0","1702.0","1","N","N","Y","0","","0","0","2","0","0","N","1606","3","0","0","0","0","0","0","2","0","3","0","0","0","3","03","","N","","","","","","","","","",""
"2022063086","0740","1","0","0","0","0","0","0","0","0","4","0","","67","6","2022","3","39.972039","-75.227371","0735","6","0","0","0","0","0","0","0","0","","0","0","0","7","1","1","","1","0","39 58:19.340","","0","75 13:38.535","3","0","0","0","67301","0","0","0","N","0","0","0","4","67301","0","","1.0","","1","N","N","N","0","","1","0","1","3","3","","725","3","1","0","0","0","0","0","2","1","3","0","0","0","3","","","N","","","","","","","","","",""
"2022060053","2040","2","0","0","0","0","0","0","0","0","4","0","","67","6","2022","1","39.960933","-75.195448","2023","6","0","0","0","0","1","0","0","0","","0","0","0","20","4","1","","1","0","39 57:39.358","","0","75 11:43.612","4","0","0","0","67301","0","0","0","N","0","0","0","3","67301","1","","1.0","","1","N","N","N","0","","0","0","0","3","3","","2016","2","1","0","0","0","0","1","2","0","2","0","0","0","3","03","","N","","","","","","","","","",""
"2022056902","1337","0","0","0","1","0","0","0","0","0","8","0","","67","5","2022","2","40.005748","-75.099049","1337","6","0","0","0","0","0","0","0","0","","0","0","0","13","1","1","","1","0","40 00:20.692","","0","75 05:56.577","8","0","0","0","67301","1","0","0","N","0","0","0","2","67301","0","","1.0","","1","N","N","N","0","","0","0","0","3","1","","1337","2","1","0","0","0","1","0","2","0","1","1","0","0","3","03","","N","","","","","","","","","",""
"2022069840","0310","2","0","0","0","0","0","0","0","0","1","0","","67","7","2022","7","40.038436","-75.172039","0310","6","0","0","0","0","0","1","0","0","","0","0","0","2","3","0","N","0","0","40 02:18.370","","0","75 10:19.340","0","0","0","0","67301","0","0","0","N","0","0","0","2","67301","0","","1.0","","1","N","N","N","0","","0","0","0","0","0","","254","2","0","0","0","0","0","0","2","0","2","0","0","0","3","03","","N","","","","","","","","","",""
"2022068819","1805","2","0","0","0","0","0","0","0","0","5","0","","67","7","2022","6","39.987919","-75.168967","1758","6","0","0","0","0","0","1","0","0","","0","0","0","16","1","0","N","0","0","39 59:16.510","","0","75 10:08.280","0","0","0","0","67301","0","0","0","N","0","0","0","1","67301","0","","1.0","","1","N","N","N","0","","0","0","0","0","0","","1643","2","0","0","0","0","0","0","2","0","2","0","0","0","3","","","N","","","","","","","","","",""
"2022070244","2140","1","0","0","0","0","0","0","0","0","4","0","","67","6","2022","6","39.954726","-75.240255","2138","6","0","0","0","0","0","0","0","0","","0","0","0","21","1","1","","1","0","39 57:17.013","","0","75 14:24.917","3","0","0","0","67301","0","0","0","N","0","0","0","2","67301","0","","1.0","","1","N","N","N","0","","1","0","0","3","3","","2134","2","1","0","0","0","0","0","2","0","2","0","0","0","3","","","N","","","","","","","","","",""
"2022070258","1635","0","1","0","0","0","0","0","0","0","7","0","","67","4","2022","2","40.057433","-75.07697","1620","6","0","0","0","0","0","0","0","1","","2","0","0","15","1","0","N","0","0","40 03:26.758","","0","75 04:37.091","1","0","0","0","67301","0","0","0","N","0","0","0","2","67301","0","2","4.0","","1","N","N","N","0","0","0","0","1","0","0","","1550","1","0","0","0","0","0","0","2","0","1","0","0","0","3","03","","N","","","","","","","","","",""
"2022069184","0723","2","0","0","0","0","0","0","0","0","2","0","","67","7","2022","1","39.990941","-75.101576","0719","6","0","0","0","0","0","1","0","0","","1","0","0","6","1","0","","1","2","39 59:27.389","7","0","75 06:05.675","1","0","0","0","67301","0","0","0","N","0","0","0","2","67301","0","2","1.0","1030.0","1","N","N","N","0","0","0","0","0","3","2","N","643","2","0","1","1","0","0","1","2","0","2","0","0","0","3","","","N","","","","","","","","","",""
"2022048839","","1","0","0","0","0","0","0","0","0","1","0","","67","5","2022","5","39.959952","-75.179396","","6","0","0","0","0","0","0","0","0","","0","0","0","7","1","2","N","0","0","39 57:35.826","","3","75 10:45.824","8","0","0","0","67301","0","0","0","N","0","0","0","3","00000","0","","1.0","","1","","","N","0","","0","0","0","0","0","","745","2","2","0","0","0","2","0","2","0","2","0","0","0","3","","","N","","","","","","","","","",""
"2022047513","0305","2","0","0","0","0","0","0","0","0","1","0","","67","5","2022","7","39.953375","-75.237583","0300","6","0","0","0","0","0","0","0","0","","0","0","0","3","3","0","N","0","1","39 57:12.150","3","0","75 14:15.300","0","0","0","0","67301","0","0","0","N","0","0","0","1","67301","0","","1.0","350.0","1","N","N","N","0","","0","0","0","0","0","N","300","2","0","0","0","0","0","0","2","0","2","0","0","0","3","03","","N","","","","","","","","","",""
"2022057350","0905","1","0","0","0","0","0","0","0","0","5","0","","67","6","2022","7","40.056289","-75.178553","0901","6","0","0","0","0","0","0","0","0","","0","0","0","20","3","0","N","0","0","40 03:22.640","","0","75 10:42.790","9","0","0","0","67301","0","0","0","N","0","0","0","1","67301","0","","6.0","","1","N","N","N","0","","0","0","2","0","0","","2030","3","0","0","0","0","0","1","2","0","3","0","0","0","3","03","","N","","","","","","","","","",""
"2022049706","0010","0","0","0","0","0","0","0","0","0","5","0","","67","5","2022","2","40.044028","-75.076","0005","6","0","0","0","0","0","0","0","0","","0","0","0","22","3","1","N","0","0","40 02:38.500","","0","75 04:33.600","4","0","0","0","67301","0","0","0","N","0","0","0","1","67301","1","","6.0","","1","N","N","N","0","","0","0","1","0","0","","2250","2","1","0","0","0","0","0","2","1","2","0","0","0","3","03","","N","","","","","","","","","",""
"2022043919","","0","0","0","0","0","0","0","0","0","4","0","","67","4","2022","6","39.919528","-75.211611","","6","0","0","0","0","0","1","0","0","","0","0","0","15","1","1","N","0","0","39 55:10.300","","7","75 12:41.800","8","0","0","0","67301","0","0","0","N","0","0","0","2","00000","0","","1.0","","1","","","N","2","","0","0","0","0","0","","1527","2","1","0","0","0","1","0","2","0","2","0","0","0","3","","","N","","","","","","","","","",""
"2022057542","1524","2","0","0","0","0","0","0","0","0","4","0","","67","6","2022","2","40.074316","-75.034824","1522","6","0","0","0","0","0","0","0","0","","0","0","0","15","1","3","","1","1","40 04:27.539","5","0","75 02:05.367","3","0","0","0","67301","0","0","0","N","0","0","0","3","67301","0","","1.0","1550.0","1","N","N","N","0","","3","0","0","3","2","N","1520","2","3","0","0","0","0","0","2","0","2","0","0","0","3","03","","N","","","","","","","","","",""
"2022062318","2200","1","0","0","0","0","0","0","0","0","1","0","","67","6","2022","7","39.976623","-75.196972","2156","6","0","0","1","0","0","0","0","0","","0","0","0","21","3","0","N","0","0","39 58:35.844","","0","75 11:49.100","0","0","0","0","67301","0","0","0","N","0","0","0","2","68K01","0","","1.0","","1","N","N","N","0","","0","0","1","0","0","","2156","2","0","0","0","0","0","0","2","0","2","0","0","0","3","03","","N","","","","","","","","","",""
"2022062126","0334","1","0","0","0","0","0","0","0","0","1","0","","67","6","2022","4","39.993395","-75.199722","0329","6","0","0","0","0","0","0","0","0","","0","0","0","3","3","0","N","0","0","39 59:36.222","","0","75 11:58.998","9","0","0","0","67301","0","0","0","N","0","0","0","2","68K01","0","","1.0","","1","N","N","Y","0","","0","0","1","0","0","","329","2","0","0","0","0","0","1","2","0","2","0","0","0","3","03","","N","","","","","","","","","",""
"2022051860","1525","0","0","0","0","0","0","0","0","0","8","0","","67","5","2022","3","39.92453","-75.157841","1510","6","0","0","0","0","0","0","0","0","","0","0","0","15","1","1","","1","0","39 55:28.308","","0","75 09:28.227","3","0","0","0","67301","1","0","0","N","1","0","0","2","67301","0","","1.0","","1","N","N","N","0","","1","0","1","3","3","","1510","2","1","0","0","0","0","0","2","0","1","1","0","0","3","03","","N","","","","","","","","","",""
"2022068956","1851","1","0","0","0","0","0","0","0","0","1","0","","67","7","2022","5","39.950877","-75.141579","1818","6","0","0","1","0","1","0","0","0","","0","0","0","18","1","0","N","0","1","39 57:03.157","2","0","75 08:29.684","0","0","0","0","67301","0","0","0","N","0","0","0","3","68K01","0","","1.0","1820.0","1","N","N","N","0","","0","0","2","0","0","N","1803","3","0","0","0","0","0","0","2","0","3","0","0","0","3","03","","N","","","","","","","","","",""
"2022056036","1006","1","0","0","0","0","0","0","0","0","4","0","","67","6","2022","5","40.027537","-75.062373","1005","6","0","0","0","0","0","0","2","0","","0","0","0","10","1","0","","1","0","40 01:39.133","","0","75 03:44.544","0","0","0","0","67301","0","0","0","N","0","0","0","2","67301","0","","1.0","","1","N","N","N","0","","0","0","1","3","2","","1004","2","0","0","0","0","0","0","2","0","2","0","0","0","4","04","","N","","","","","","","","","",""
"2022063080","0502","0","0","0","0","0","0","0","0","0","5","0","","67","6","2022","1","39.979264","-75.237333","0500","6","0","0","0","0","0","1","0","0","","0","0","0","4","3","0","N","0","0","39 58:45.350","","0","75 14:14.400","0","0","0","0","67301","0","0","0","N","0","0","0","1","67301","0","","6.0","","1","N","N","N","1","","0","0","2","0","0","","458","3","0","0","0","0","0","0","2","0","3","0","0","0","3","03","","N","","","","","","","","","",""
"2022063135","1225","0","0","0","0","0","0","0","0","0","1","0","","67","6","2022","2","39.972519","-75.193716","1220","6","0","0","0","0","0","0","0","0","","0","0","0","12","1","1","N","0","0","39 58:21.070","","0","75 11:37.379","3","0","0","1","67301","0","0","0","N","0","0","0","2","68K01","0","","1.0","","1","N","N","N","0","","1","0","0","0","0","","1220","2","1","0","0","0","0","0","2","1","2","0","0","0","3","","","N","","","","","","","","","",""
"2022056793","1809","0","0","0","0","0","0","0","0","0","1","0","","67","6","2022","7","40.033238","-75.196743","1801","6","0","0","0","0","0","0","0","0","","0","0","0","17","1","1","N","0","0","40 01:59.657","","0","75 11:48.274","4","0","0","0","67301","0","0","0","N","0","0","0","2","67301","1","","1.0","","1","N","N","N","0","","0","0","2","0","0","","1736","2","1","0","0","0","0","0","2","0","2","0","0","0","3","","","N","","","","","","","","","",""
"2022058780","0220","1","0","0","0","0","0","0","0","0","8","0","","67","6","2022","7","40.00713","-75.094069","0212","6","0","0","0","0","0","1","0","0","","0","0","0","2","3","1","","1","1","40 00:25.667","7","1","75 05:38.650","8","0","0","0","67301","1","0","0","N","1","0","0","2","67508","0","","1.0","9999.0","1","N","N","Y","0","","0","0","0","3","2","Y","212","2","1","0","0","0","1","0","2","0","1","1","0","0","3","03","","N","","","","","","","","","",""
"2022047671","0235","1","0","0","0","0","0","0","0","0","7","0","","67","5","2022","7","40.0102","-75.122011","0233","6","0","0","0","0","0","0","0","0","","0","0","0","2","3","0","N","0","0","40 00:36.720","","0","75 07:19.240","9","0","0","0","67301","0","0","0","N","0","0","0","1","67301","0","","5.0","","1","N","N","N","0","","0","0","0","0","0","","216","1","0","1","0","0","0","1","2","0","1","0","0","0","3","03","","N","","","","","","","","","",""
"2022066285","0156","3","0","0","0","0","0","0","0","0","1","0","","67","6","2022","5","40.016936","-75.174344","0147","6","0","0","0","0","0","0","0","0","","0","0","0","1","3","2","N","0","1","40 01:00.969","2","0","75 10:27.639","3","0","0","0","67301","0","0","0","N","0","0","0","3","68K01","0","","1.0","230.0","1","N","N","N","0","","1","0","1","0","0","N","140","4","2","0","0","0","1","0","2","0","4","0","0","0","3","03","","N","","","","","","","","","",""
"2022068203","0456","1","0","0","0","0","0","0","0","0","7","0","","67","6","2022","4","39.890102","-75.239594","0433","6","0","0","0","0","0","0","0","0","","0","0","0","4","3","0","N","0","0","39 53:24.367","","0","75 14:22.538","9","0","0","0","67301","0","0","0","Y","0","0","0","1","68K01","0","","2.0","","1","N","N","N","0","","0","0","0","0","0","","413","1","0","0","0","0","0","1","2","0","1","0","0","0","3","03","","N","","","","","","","","","",""
"2022070053","0305","2","0","0","0","0","0","0","0","0","2","0","","67","7","2022","1","40.055994","-74.985465","0254","6","0","0","0","0","0","1","0","0","","0","0","0","2","3","1","N","0","0","40 03:21.577","","0","74 59:07.674","3","0","0","0","67301","0","0","0","N","0","0","0","1","67301","0","","5.0","","1","N","N","N","0","","1","0","1","0","0","","252","3","1","0","0","0","0","0","2","0","3","0","0","0","3","03","","N","","","","","","","","","",""
"2022060107","0103","1","0","0","0","0","0","0","0","0","99","0","","67","6","2022","4","40.055418","-75.126339","0100","6","0","0","0","1","0","0","0","0","","0","0","0","20","4","1","","2","0","40 03:19.504","","0","75 07:34.819","3","0","0","0","67301","0","0","0","N","0","0","0","2","67301","0","","1.0","","99","N","N","N","0","","1","0","0","3","2","","2000","2","1","0","0","0","0","0","2","0","2","0","0","0","99","","","N","","","","","","","","","",""
"2022068634","1800","1","0","0","0","0","0","0","0","0","8","0","","67","4","2022","4","40.021489","-75.074954","1748","6","0","0","0","0","0","0","0","0","","0","0","0","15","1","1","","2","0","40 01:17.359","","0","75 04:29.836","2","0","0","0","67301","1","0","1","N","1","0","1","2","67301","0","","1.0","","1","N","N","N","0","","0","1","0","3","3","","1550","2","1","1","0","0","0","0","2","0","1","1","0","1","4","04","","N","","","","","","","","","",""
"2022055666","1719","2","0","0","0","0","0","0","0","0","4","0","","67","6","2022","5","39.989746","-75.134668","1719","6","0","0","1","0","0","0","0","0","","0","0","0","8","1","0","","1","0","39 59:23.085","","0","75 08:04.804","9","0","0","0","67301","0","0","0","N","0","0","0","2","67301","0","","1.0","","1","N","N","N","0","","0","0","0","3","3","","830","2","0","1","0","0","0","1","2","0","2","0","0","0","3","03","","N","","","","","","","","","",""
"2022056898","1520","0","0","0","0","0","0","0","0","0","7","0","","67","6","2022","4","40.036933","-75.219433","1516","6","0","0","0","0","0","1","0","0","","0","0","0","15","1","2","N","0","0","40 02:12.959","","0","75 13:09.959","8","0","0","0","67301","0","0","0","N","0","0","0","2","67301","0","","4.0","","1","N","N","N","0","","0","0","1","0","0","","1515","1","2","0","0","0","2","0","2","0","1","0","0","0","3","","","N","","","","","","","","","",""
"2022048027","","0","0","0","0","0","0","0","0","0","5","0","","67","4","2022","1","39.951797","-75.165201","","6","0","0","0","0","0","0","0","0","","0","0","0","5","1","1","N","0","0","39 57:06.469","","0","75 09:54.723","8","0","0","0","67301","0","0","0","N","0","0","0","2","00000","0","","1.0","","1","","","N","0","","0","0","1","0","0","","550","2","1","0","0","0","1","0","2","0","2","0","0","0","3","","","N","","","","","","","","","",""
"2022061014","0100","1","0","0","0","0","0","0","0","0","7","0","","67","6","2022","5","39.885611","-75.243218","0045","6","0","0","0","0","0","0","0","0","","0","0","0","0","3","0","N","0","2","39 53:08.198","1","0","75 14:35.584","0","0","0","0","67301","0","0","0","N","0","0","0","1","68K01","0","","5.0","107.0","9","N","N","N","0","","0","0","0","0","0","N","41","1","0","0","0","0","0","0","2","0","1","0","0","0","7","07","","N","","","","","","","","","",""
"2022056819","1954","1","0","0","1","0","0","0","0","0","8","0","","67","6","2022","7","39.92649","-75.186109","1954","6","0","0","0","0","0","1","0","0","","0","0","0","19","4","1","","1","1","39 55:35.364","3","0","75 11:09.994","3","0","0","0","67301","1","0","0","N","0","0","0","2","67301","0","","1.0","2020.0","1","N","N","N","0","","1","0","0","3","2","Y","1954","2","1","0","0","0","0","0","2","0","1","1","0","0","3","03","","N","","","","","","","","","",""
"2022055662","2018","2","0","0","0","0","0","0","0","0","4","0","","67","6","2022","2","40.000631","-75.132891","2015","6","0","0","0","0","0","0","0","0","","0","0","0","18","1","1","","1","0","40 00:02.271","","0","75 07:58.407","3","0","0","0","67301","0","0","0","N","0","0","0","3","67301","0","","1.0","","1","N","N","N","0","","1","0","0","3","2","","1854","2","1","2","0","0","0","0","2","0","2","0","0","0","3","03","","N","","","","","","","","","",""