"CRN","ARRIVAL_TM","AUTOMOBILE_COUNT","BELTED_DEATH_COUNT","BELTED_SUSP_SERIOUS_INJ_COUNT","BICYCLE_COUNT","BICYCLE_DEATH_COUNT","BICYCLE_SUSP_SERIOUS_INJ_COUNT","BUS_COUNT","CHLDPAS_DEATH_COUNT","CHLDPAS_SUSP_SERIOUS_INJ_COUNT","COLLISION_TYPE","COMM_VEH_COUNT","CONS_ZONE_SPD_LIM","COUNTY","CRASH_MONTH","CRASH_YEAR","DAY_OF_WEEK","DEC_LATITUDE","DEC_LONGITUDE","DISPATCH_TM","DISTRICT","DRIVER_COUNT_16YR","DRIVER_COUNT_17YR","DRIVER_COUNT_18YR","DRIVER_COUNT_19YR","DRIVER_COUNT_20YR","DRIVER_COUNT_50_64YR","DRIVER_COUNT_65_74YR","DRIVER_COUNT_75PLUS","EST_HRS_CLOSED","FATAL_COUNT","HEAVY_TRUCK_COUNT","HORSE_BUGGY_COUNT","HOUR_OF_DAY","ILLUMINATION","INJURY_COUNT","INTERSECTION_RELATED","INTERSECT_TYPE","LANE_CLOSED","LATITUDE","LN_CLOSE_DIR","LOCATION_TYPE","LONGITUDE","MAX_SEVERITY_LEVEL","MCYCLE_DEATH_COUNT","MCYCLE_SUSP_SERIOUS_INJ_COUNT","MOTORCYCLE_COUNT","MUNICIPALITY","NONMOTR_COUNT","NONMOTR_DEATH_COUNT","NONMOTR_SUSP_SERIOUS_INJ_COUNT","NTFY_HIWY_MAINT","PED_COUNT","PED_DEATH_COUNT","PED_SUSP_SERIOUS_INJ_COUNT","PERSON_COUNT","POLICE_AGCY","POSSIBLE_INJ_COUNT","RDWY_SURF_TYPE_CD","RELATION_TO_ROAD","ROADWAY_CLEARED","ROAD_CONDITION","SCH_BUS_IND","SCH_ZONE_IND","SECONDARY_CRASH","SMALL_TRUCK_COUNT","SPEC_JURIS_CD","SUSP_MINOR_INJ_COUNT","SUSP_SERIOUS_INJ_COUNT","SUV_COUNT","TCD_FUNC_CD","TCD_TYPE","TFC_DETOUR_IND","TIME_OF_DAY","TOTAL_UNITS","TOT_INJ_COUNT","UNBELTED_OCC_COUNT","UNB_DEATH_COUNT","UNB_SUSP_SERIOUS_INJ_COUNT","UNK_INJ_DEG_COUNT","UNK_INJ_PER_COUNT","URBAN_RURAL","VAN_COUNT","VEHICLE_COUNT","VULNERABLE_ROAD_USER_COUNT","VULNERABLE_ROAD_USER_DEATH_COUNT","VULNERABLE_ROAD_USER_SER_INJ_COUNT","WEATHER1","WEATHER2","WORKERS_PRES","WORK_ZONE_IND","WORK_ZONE_LOC","WORK_ZONE_TYPE","WZ_CLOSE_DETOUR","WZ_FLAGGER","WZ_LAW_OFFCR_IND","WZ_LN_CLOSURE","WZ_MOVING","WZ_OTHER","WZ_SHLDER_MDN","WZ_WORKERS_INJ_KILLED"
"2022060695","1150","1","0","0","0","0","0","0","0","0","4","0","","67","6","2022","2","40.062593","-75.009551","1142","6","0","0","0","0","0","0","0","0","","0","0","0","11","1","1","","1","0","40 03:45.334","","0","75 00:34.383","3","0","0","0","67301","0","0","0","N","0","0","0","2","67301","0","","1.0","","1","N","N","N","0","","1","0","1","3","2","","1141","2","1","0","0","0","0","0","2","0","2","0","0","0","4","04","","N","","","","","","","","","",""
"2022058907","2120","1","0","0","0","0","0","0","0","0","4","0","","67","6","2022","7","39.963255","-75.188499","2115","6","0","0","0","0","0","0","0","0","","0","0","0","21","3","1","","1","1","39 57:47.719","2","0","75 11:18.597","8","0","0","0","67301","0","0","0","N","0","0","0","2","67507","0","","1.0","2210.0","1","N","N","Y","0","","0","0","3","3","2","N","2115","4","1","1","0","0","1","0","2","0","4","0","0","0","3","03","","N","","","","","","","","","",""
"2022055656","1135","1","0","0","0","0","0","0","0","0","1","0","","67","5","2022","7","40.013583","-75.146417","1128","6","0","0","0","0","0","0","0","0","","0","0","0","21","6","1","N","0","0","40 00:48.900","","0","75 08:47.100","8","0","0","0","67301","0","0","0","N","0","0","0","1","67301","0","","6.0","","99","N","N","Y","0","","0","0","2","0","0","","2100","3","1","1","0","0","1","0","2","0","3","0","0","0","99","","","N","","","","","","","","","",""
"2022056364","1225","2","0","0","0","0","0","0","0","0","4","0","","67","6","2022","4","40.006181","-75.170825","1220","6","0","0","0","0","0","0","0","0","","0","0","0","11","1","0","","1","0","40 00:22.251","","0","75 10:14.969","0","0","0","0","67301","0","0","0","N","0","0","0","4","67301","0","","1.0","","1","N","N","N","0","","0","0","0","3","2","","1140","2","0","0","0","0","0","0","2","0","2","0","0","0","3","03","","N","","","","","","","","","",""
"2022057351","1251","2","0","0","0","0","0","0","0","0","4","0","","67","6","2022","3","40.036079","-75.139872","1251","6","0","0","0","0","0","0","1","1","","0","0","0","12","1","1","","1","0","40 02:09.884","","0","75 08:23.539","3","0","0","0","67301","0","0","0","N","0","0","0","2","67301","0","","1.0","","1","N","N","N","0","","1","0","0","3","3","","1244","2","1","0","0","0","0","0","2","0","2","0","0","0","3","","","N","","","","","","","","","",""
"2022055615","0027","0","0","0","0","0","0","0","0","0","4","0","","67","6","2022","6","40.040258","-75.058429","0003","6","0","0","0","0","0","0","0","0","","0","0","0","0","3","1","","1","1","40 02:24.930","1","0","75 03:30.344","3","0","0","0","67301","0","0","0","N","0","0","0","2","67301","0","","1.0","145.0","1","N","N","N","0","","1","0","1","3","2","N","2","2","1","0","0","0","0","0","2","1","2","0","0","0","3","03","","N","","","","","","","","","",""
"2022068682","","1","0","0","0","0","0","0","0","0","1","0","","67","5","2022","5","39.999822","-75.219465","","6","0","0","0","0","0","1","0","0","","0","0","0","10","1","1","","1","0","39 59:59.360","","0","75 13:10.074","8","0","0","0","67301","0","0","0","N","0","0","0","2","00000","0","","1.0","","1","","","N","0","","0","0","0","3","2","","1030","2","1","0","0","0","1","0","2","0","2","0","0","0","3","","","N","","","","","","","","","",""
"2022069448","2052","0","0","0","0","0","0","0","0","0","5","1","","67","7","2022","3","40.013556","-75.1043","2047","6","0","0","0","0","0","0","0","0","","0","1","0","8","1","1","N","0","0","40 00:48.800","","0","75 06:15.480","3","0","0","0","67301","0","0","0","N","0","0","0","3","67301","0","","6.0","","1","N","N","N","0","","1","0","1","0","0","","820","2","1","0","0","0","0","0","2","0","2","0","0","0","3","98","","N","","","","","","","","","",""
"2022048818","","1","0","0","0","0","0","0","0","0","4","0","","67","5","2022","6","39.921054","-75.224167","","6","0","0","0","0","1","0","0","0","","0","0","0","16","1","0","","1","0","39 55:15.795","","0","75 13:27.001","0","0","0","0","67301","0","0","0","N","0","0","0","2","00000","0","","1.0","","1","","","N","0","","0","0","0","3","2","","1650","2","0","0","0","0","0","0","2","1","2","0","0","0","3","","","N","","","","","","","","","",""
"2022055676","1120","0","0","0","0","0","0","0","0","0","8","0","","67","6","2022","2","40.041052","-75.129488","1107","6","0","0","0","0","0","1","0","0","","0","0","0","11","1","1","","1","0","40 02:27.787","","0","75 07:46.156","4","0","0","0","67301","1","0","0","N","1","0","0","2","67301","1","","1.0","","1","N","N","N","1","","0","0","0","3","2","","1104","2","1","0","0","0","0","0","2","0","1","1","0","0","3","","","N","","","","","","","","","",""
"2022047484","0208","1","0","0","0","0","0","0","0","0","7","0","","67","5","2022","7","40.042006","-75.188972","0201","6","0","0","0","0","0","0","0","0","","0","0","0","2","3","0","N","0","0","40 02:31.220","","0","75 11:20.300","9","0","0","0","67301","0","0","0","N","0","0","0","1","67301","0","","5.0","","1","N","N","N","0","","0","0","0","0","0","","200","1","0","0","0","0","0","1","2","0","1","0","0","0","3","03","","N","","","","","","","","","",""
"2022055610","0325","1","0","0","0","0","0","0","0","0","5","0","","67","6","2022","5","40.02084","-75.094688","0315","6","0","0","0","0","0","0","0","0","","0","0","0","2","3","0","N","0","0","40 01:15.024","","0","75 05:40.875","0","0","0","0","67301","0","0","0","N","0","0","0","1","67301","0","","6.0","","9","N","N","N","0","","0","0","0","0","0","","235","2","0","0","0","0","0","0","2","0","2","0","0","0","7","07","","N","","","","","","","","","",""
"2022048069","0836","3","0","0","0","0","0","0","0","0","4","0","","67","5","2022","2","40.063808","-75.172901","0830","6","0","0","0","0","0","0","2","0","","0","0","0","7","1","0","","1","0","40 03:49.709","","0","75 10:22.442","9","0","0","0","67301","0","0","0","N","0","0","0","5","67301","0","","1.0","","1","N","N","N","0","","0","0","0","3","2","","709","3","0","2","0","0","0","2","2","0","3","0","0","0","3","03","","N","","","","","","","","","",""
"2022055577","1420","0","0","0","0","0","0","0","0","0","1","0","","67","6","2022","4","40.087534","-74.971328","1420","6","0","0","0","0","0","0","0","0","","0","0","0","12","1","1","","1","0","40 05:15.121","","2","74 58:16.779","4","0","0","0","67301","0","0","0","N","0","0","0","2","67301","1","","1.0","","1","N","N","N","0","","0","0","2","3","2","","1230","2","1","0","0","0","0","0","2","0","2","0","0","0","3","03","","N","","","","","","","","","",""
"2022047772","0940","1","0","0","0","0","0","0","0","0","7","0","","67","5","2022","7","39.930332","-75.227574","0934","6","0","0","0","0","0","0","0","0","","0","0","0","9","1","1","","2","1","39 55:49.195","1","0","75 13:39.266","3","0","0","0","67301","0","0","0","N","0","0","0","2","67301","0","","4.0","1005.0","1","N","N","Y","0","","1","0","0","3","2","N","932","1","1","0","0","0","0","0","2","0","1","0","0","0","3","","","N","","","","","","","","","",""
"2022060122","1101","0","0","0","0","0","0","0","0","0","8","0","","67","6","2022","1","39.99999","-75.153145","1100","6","0","0","0","0","0","0","0","0","","0","0","0","19","3","1","","1","0","39 59:59.964","","0","75 09:11.322","3","0","0","0","67301","1","0","0","N","1","0","0","2","67301","0","","1.0","","1","N","N","N","0","","1","0","1","3","2","","1930","2","1","0","0","0","0","0","2","0","1","1","0","0","3","03","","N","","","","","","","","","",""
"2022061819","1733","2","0","0","0","0","0","0","0","0","5","1","","67","6","2022","4","40.017385","-75.049731","1715","6","0","0","0","0","0","0","0","0","","0","1","0","17","1","2","N","0","1","40 01:02.585","2","0","75 02:59.030","8","0","0","0","67301","0","0","0","N","0","0","0","4","68K01","0","","1.0","1840.0","1","N","N","N","0","","0","0","0","3","8","N","1707","3","2","0","0","0","2","0","2","0","3","0","0","0","3","","","N","","","","","","","","","",""
"2022048024","0342","1","0","0","0","0","0","0","0","0","8","0","","67","5","2022","1","39.942602","-75.157062","0345","6","0","0","1","0","0","0","0","0","","0","0","0","3","3","1","","1","0","39 56:33.366","","0","75 09:25.422","3","0","0","0","67301","1","0","0","N","1","0","0","2","67301","0","","1.0","","1","N","N","N","0","","1","0","0","3","2","","341","2","1","0","0","0","0","0","2","0","1","1","0","0","3","03","","N","","","","","","","","","",""
"2022041397","0227","0","0","0","0","0","0","0","0","0","7","1","","67","4","2022","3","40.036953","-75.013521","0222","6","0","0","0","0","0","0","1","0","","0","1","0","2","3","1","N","0","2","40 02:13.030","1","0","75 00:48.677","3","0","0","0","67301","0","0","0","Y","0","0","0","1","68K01","0","","4.0","543.0","9","N","N","N","0","","1","0","0","0","0","Y","222","1","1","1","0","0","0","0","2","0","1","0","0","0","7","","","N","","","","","","","","","",""
"2022044023","0430","1","0","0","0","0","0","0","0","0","4","0","","67","3","2022","5","40.004199","-75.099379","0430","6","0","0","0","0","0","0","0","0","","0","0","0","4","3","0","","1","1","40 00:15.118","3","1","75 05:57.764","9","0","0","0","67301","0","0","0","N","0","0","0","2","67301","0","","1.0","445.0","1","N","N","N","0","","0","0","1","3","2","N","421","2","0","0","0","0","0","1","2","0","2","0","0","0","3","03","","N","","","","","","","","","",""
"2022043817","1624","0","0","0","0","0","0","1","0","0","5","1","","67","5","2022","3","39.913721","-75.147744","1612","6","0","0","0","0","0","1","0","0","","0","0","0","16","1","1","N","0","0","39 54:49.395","","0","75 08:51.877","3","0","0","1","67301","0","0","0","N","0","0","0","2","67301","0","","1.0","","1","Y","N","N","0","","1","0","0","0","0","","1608","2","1","0","0","0","0","0","2","0","2","0","0","0","3","","","N","","","","","","","","","",""
"2022016843","1418","1","0","0","0","0","0","0","0","0","2","0","","67","2","2022","2","39.994582","-75.159615","1418","6","0","0","0","0","0","0","0","0","","0","0","0","14","1","1","N","0","0","39 59:40.496","","0","75 09:34.613","3","0","0","0","67301","0","0","0","N","0","0","0","2","67301","0","","1.0","","1","N","N","N","1","","1","0","1","0","0","","1404","3","1","1","0","0","0","0","2","0","3","0","0","0","3","03","","N","","","","","","","","","",""
"2022057697","1351","1","0","0","0","0","0","0","0","0","4","0","","67","6","2022","7","39.955435","-75.148037","1351","6","0","0","0","0","0","1","0","0","","0","0","0","13","1","1","","3","0","39 57:19.566","","2","75 08:52.932","3","0","0","1","67301","0","0","0","N","0","0","0","6","67501","0","","1.0","","1","N","N","N","0","","1","0","0","0","0","","1351","2","1","0","0","0","0","0","2","0","2","0","0","0","3","03","","N","","","","","","","","","",""
"2022048382","1507","1","0","0","0","0","0","0","0","0","1","0","","67","5","2022","1","39.957913","-75.162163","1441","6","0","0","1","0","0","1","0","0","","0","0","0","14","1","0","N","0","1","39 57:28.487","4","0","75 09:43.786","0","0","0","0","67301","0","0","0","N","0","0","0","9","68K01","0","","1.0","1510.0","1","N","N","N","0","","0","0","1","0","0","N","1440","3","0","0","0","0","0","0","2","1","3","0","0","0","3","03","","N","","","","","","","","","",""
"2022061452","2006","1","0","0","0","0","0","0","0","0","4","0","","67","7","2022","1","40.029844","-75.104318","2006","6","0","0","0","0","0","0","0","0","","0","0","0","20","1","1","","5","2","40 01:47.440","2","0","75 06:15.543","3","0","0","0","67301","0","0","0","N","0","0","0","2","67301","0","","1.0","2153.0","1","N","N","N","0","","1","0","1","3","2","Y","2005","2","1","0","0","0","0","0","2","0","2","0","0","0","3","03","","N","","","","","","","","","",""
"2022061804","0843","1","0","0","0","0","0","0","0","0","7","0","","67","6","2022","1","40.037773","-75.011351","0836","6","0","0","0","0","0","0","0","0","","0","0","0","8","1","2","N","0","0","40 02:15.984","","0","75 00:40.864","3","0","0","0","67301","0","0","0","N","0","0","0","2","68K01","0","","3.0","","8","N","N","N","0","","2","0","0","0","0","","834","1","2","1","0","0","0","0","2","0","1","0","0","0","7","","","N","","","","","","","","","",""
"2022056378","1340","1","0","0","0","0","0","0","0","0","8","0","","67","6","2022","5","39.918881","-75.156836","1340","6","0","0","0","0","0","0","0","0","","0","0","0","13","1","1","N","0","0","39 55:07.970","","0","75 09:24.610","3","0","0","0","67301","1","0","0","N","1","0","0","2","67301","0","","1.0","","1","N","N","N","0","","1","0","0","0","0","","1325","2","1","0","0","0","0","0","2","0","1","1","0","0","3","","","N","","","","","","","","","",""
"2022061836","1902","1","0","0","0","0","0","0","0","0","1","0","","67","6","2022","2","39.945399","-75.190363","1847","6","0","0","0","0","0","1","0","0","","0","0","0","18","1","1","N","0","0","39 56:43.438","","3","75 11:25.306","4","0","0","0","67301","0","0","0","N","0","0","0","4","68K01","1","","1.0","","1","N","N","N","1","","0","0","1","0","0","","1801","3","1","0","0","0","0","1","2","0","3","0","0","0","3","","","N","","","","","","","","","",""
"2022048747","","0","0","0","0","0","0","0","0","0","4","0","","67","4","2022","7","39.963784","-75.242413","","6","0","0","0","0","0","0","0","0","","0","0","0","17","1","1","","1","0","39 57:49.622","","0","75 14:32.686","8","0","0","0","67301","0","0","0","N","0","0","0","1","00000","0","","1.0","","1","","","N","0","","0","0","1","3","3","","1730","3","1","0","0","0","1","0","2","0","2","0","0","0","3","","","N","","","","","","","","","",""
"2022061734","0212","1","0","0","0","0","0","0","0","0","1","0","","67","5","2022","2","39.96851","-75.191281","0208","6","0","0","0","0","0","0","0","0","","0","0","0","2","3","0","N","0","2","39 58:06.636","4","0","75 11:28.610","0","0","0","0","67301","0","0","0","N","0","0","0","2","68K01","0","","1.0","220.0","1","N","N","N","0","","0","0","0","0","0","N","206","2","0","0","0","0","0","0","2","1","2","0","0","0","3","","","N","","","","","","","","","",""
"2022050559","1420","4","0","0","1","0","1","0","0","0","8","0","","67","5","2022","1","39.972764","-75.227516","1416","6","0","0","0","0","0","0","0","0","","0","0","0","14","1","3","","1","2","39 58:21.950","1","0","75 13:39.057","2","0","0","0","67301","1","0","1","N","0","0","0","3","67301","0","","1.0","1700.0","1","N","N","Y","0","","2","1","2","3","3","Y","1414","7","3","2","0","0","0","0","2","0","6","1","0","1","3","","","N","","","","","","","","","",""
"2022061566","0335","0","0","0","0","0","0","0","0","0","1","0","","67","7","2022","1","40.010864","-75.183693","0339","6","0","0","0","0","0","0","0","0","","0","0","0","3","3","1","N","0","1","40 00:39.110","2","0","75 11:01.296","3","0","0","0","67301","0","0","0","N","0","0","0","1","67301","0","","1.0","250.0","1","N","N","N","1","","1","0","1","3","8","N","335","2","1","0","0","0","0","0","2","0","2","0","0","0","3","03","","N","","","","","","","","","",""
"2022053026","1910","1","0","0","0","0","0","0","0","0","4","0","","67","6","2022","2","40.028579","-75.033945","1904","6","0","0","0","0","0","1","0","0","","0","0","0","19","1","0","","1","0","40 01:42.885","","0","75 02:02.202","9","0","0","0","67301","0","0","0","N","0","0","0","3","67301","0","","1.0","","1","N","N","N","0","","0","0","2","3","2","","1904","3","0","0","0","0","0","1","2","0","3","0","0","0","3","03","","N","","","","","","","","","",""
"2022062517","1514","0","0","0","0","0","0","0","0","0","1","0","","67","7","2022","7","40.016082","-75.051893","1500","6","0","0","0","0","0","0","0","0","","0","0","0","14","1","0","N","0","0","40 00:57.896","","0","75 03:06.814","0","0","0","0","67301","0","0","0","N","0","0","0","5","68K01","0","","1.0","","1","N","N","N","0","","0","0","3","0","0","","1459","3","0","0","0","0","0","0","2","0","3","0","0","0","3","","","N","","","","","","","","","",""
"2022063084","1352","1","0","0","0","0","0","0","0","0","4","0","","67","6","2022","6","40.007159","-75.209621","1340","6","0","0","0","0","0","0","0","0","","0","0","0","13","1","0","","1","0","40 00:25.773","","0","75 12:34.634","0","0","0","0","67301","0","0","0","N","0","0","0","2","67301","0","","1.0","","1","N","N","N","0","","0","0","1","3","2","","1320","2","0","0","0","0","0","0","2","0","2","0","0","0","3","03","","N","","","","","","","","","",""
"2022058034","1913","1","0","0","0","0","0","0","0","0","1","0","","67","6","2022","1","","","1910","6","0","0","0","0","0","1","0","0","","0","0","0","19","1","0","N","0","2","","4","3","","0","0","0","0","67301","0","0","0","N","0","0","0","2","67501","0","","1.0","1950.0","1","N","N","N","0","","0","0","1","0","0","Y","1910","2","0","0","0","0","0","0","1","0","2","0","0","0","3","03","","N","","","","","","","","","",""
"2022073665","1210","2","0","0","0","0","0","0","0","0","4","0","","67","8","2022","4","39.982974","-75.101439","1210","6","0","0","0","0","0","0","1","0","","0","0","0","11","1","3","","1","1","39 58:58.706","3","0","75 06:05.180","3","0","0","0","67301","0","0","0","N","0","0","0","4","67301","0","","1.0","1256.0","1","N","N","N","0","","3","0","0","3","2","N","1120","2","3","0","0","0","0","0","2","0","2","0","0","0","3","03","","N","","","","","","","","","",""
"2022066838","1552","2","0","0","0","0","0","0","0","0","1","0","","67","6","2022","6","39.905542","-75.149625","1543","6","0","0","0","0","0","0","0","0","","0","0","0","15","1","0","N","0","0","39 54:19.950","","8","75 08:58.649","9","0","0","0","67301","0","0","0","N","0","0","0","3","68K01","0","","1.0","","1","N","N","N","0","","0","0","0","0","0","","1540","3","0","0","0","0","0","1","2","0","3","0","0","0","3","03","","N","","","","","","","","","",""
"2022072523","1123","0","0","0","0","0","0","1","0","0","4","1","","67","4","2022","2","39.959724","-75.235186","1116","6","0","0","0","0","0","2","0","0","","0","0","0","8","1","1","","1","0","39 57:35.007","","0","75 14:06.670","3","0","0","0","67301","0","0","0","N","0","0","0","2","67301","0","","1.0","","1","N","N","N","0","","1","0","1","3","2","","855","2","1","0","0","0","0","0","2","0","2","0","0","0","4","","","N","","","","","","","","","",""
"2022060024","1609","1","0","0","0","0","0","0","0","0","5","0","","67","6","2022","1","40.099389","-74.973056","1558","6","0","0","0","0","0","0","1","0","","0","0","0","15","1","0","N","0","0","40 05:57.800","","0","74 58:23.000","0","0","0","0","67301","0","0","0","N","0","0","0","1","67301","0","","6.0","","1","N","N","N","0","","0","0","1","0","0","","1530","2","0","0","0","0","0","0","2","0","2","0","0","0","3","03","","N","","","","","","","","","",""
"2022073830","0203","1","0","0","0","0","0","0","0","0","5","0","","67","8","2022","6","39.974046","-75.204561","0201","6","0","0","0","0","0","0","0","0","","0","0","0","1","3","1","N","0","2","39 58:26.564","6","0","75 12:16.419","3","0","0","0","67301","0","0","0","N","0","0","0","1","67301","0","","3.0","330.0","1","N","N","N","1","","1","0","1","0","0","Y","155","3","1","0","0","0","0","0","2","0","3","0","0","0","3","03","","N","","","","","","","","","",""
"2022060033","1839","1","0","0","0","0","0","0","0","0","4","0","","67","6","2022","4","39.924229","-75.224444","1835","6","0","0","0","0","0","0","0","0","","0","0","0","18","1","1","","1","0","39 55:27.224","","0","75 13:27.998","3","0","0","0","67301","0","0","0","N","0","0","0","3","67301","0","","1.0","","1","N","N","N","1","","1","0","0","3","3","","1821","2","1","0","0","0","0","0","2","0","2","0","0","0","3","03","","N","","","","","","","","","",""
"2022068811","2145","1","0","0","0","0","0","0","0","0","1","0","","67","7","2022","6","39.984124","-75.188052","2139","6","0","0","0","0","0","1","0","0","","0","0","0","21","3","1","","2","0","39 59:02.847","","0","75 11:16.987","3","0","0","0","67301","0","0","0","N","0","0","0","2","67301","0","","1.0","","1","N","N","N","0","","1","0","1","3","2","","2135","2","1","0","0","0","0","0","2","0","2","0","0","0","3","","","N","","","","","","","","","",""
"2022070072","1540","0","0","0","0","0","0","0","0","0","4","0","","67","7","2022","6","40.003417","-75.203234","1536","6","0","0","0","0","0","0","0","0","","0","0","0","15","1","1","","1","0","40 00:12.301","","0","75 12:11.644","3","0","0","0","67301","0","0","0","N","0","0","0","1","67301","0","","1.0","","1","N","N","N","1","","1","0","1","0","0","","1503","2","1","0","0","0","0","0","2","0","2","0","0","0","3","03","","N","","","","","","","","","",""
"2022060000","1555","1","0","0","0","0","0","0","0","0","1","0","","67","6","2022","6","40.068917","-75.086667","1540","6","0","0","0","1","0","0","0","0","","0","0","0","15","1","0","N","0","0","40 04:08.100","","0","75 05:12.000","0","0","0","0","67301","0","0","0","N","0","0","0","2","67301","0","","1.0","","1","N","N","N","0","","0","0","1","0","0","","1534","2","0","0","0","0","0","0","2","0","2","0","0","0","3","","","N","","","","","","","","","",""
"2022048887","1745","0","0","0","0","0","0","0","0","0","8","0","","67","5","2022","1","39.982036","-75.107156","1745","6","0","0","0","0","0","0","0","0","","0","0","0","16","1","1","N","0","0","39 58:55.330","","0","75 06:25.760","4","0","0","0","67301","1","0","0","N","1","0","0","2","67301","1","","1.0","","9","N","N","N","0","","0","0","1","0","0","","1603","2","1","0","0","0","0","0","2","0","1","1","0","0","3","03","","N","","","","","","","","","",""
"2022055570","0735","0","0","0","0","0","0","0","0","0","4","0","","67","6","2022","5","40.134325","-75.009065","0723","6","0","0","0","0","0","0","0","0","","0","0","0","7","1","1","","1","0","40 08:03.571","","0","75 00:32.634","3","0","0","0","67301","0","0","0","N","0","0","0","2","67301","0","","1.0","","9","N","N","N","0","","1","0","1","3","2","","718","2","1","0","0","0","0","0","2","1","2","0","0","0","3","04","","N","","","","","","","","","",""
"2022060111","0543","2","0","0","0","0","0","0","0","0","5","0","","67","6","2022","7","40.021631","-75.139966","0542","6","0","0","0","0","0","0","0","0","","0","0","0","5","5","1","N","0","0","40 01:17.873","","0","75 08:23.876","3","0","0","0","67301","0","0","0","N","0","0","0","2","67301","0","","1.0","","1","N","N","N","0","","1","0","0","0","0","","520","2","1","1","0","0","0","1","2","0","2","0","0","0","3","03","","N","","","","","","","","","",""
"2022060010","1003","2","0","0","0","0","0","0","0","0","4","0","","67","6","2022","7","40.064133","-75.239558","0959","6","0","0","0","0","0","0","0","1","","0","0","0","9","1","0","","1","0","40 03:50.880","","0","75 14:22.409","9","0","0","0","67301","0","0","0","N","0","0","0","3","67301","0","","1.0","","1","N","N","N","0","","0","0","0","3","2","","950","2","0","0","0","0","0","3","2","0","2","0","0","0","3","03","","N","","","","","","","","","",""
"2022060003","1857","0","0","0","0","0","0","0","0","0","1","0","","67","6","2022","4","39.91925","-75.159778","1857","6","0","0","0","0","0","0","0","0","","0","0","0","18","1","4","N","0","0","39 55:09.300","","0","75 09:35.200","3","0","0","0","67301","0","0","0","N","0","0","0","6","67301","0","","1.0","","1","N","N","N","1","","4","0","1","0","0","","1857","2","4","0","0","0","0","0","2","0","2","0","0","0","3","03","","N","","","","","","","","","",""
"2022070546","0141","1","0","0","0","0","0","0","0","0","8","0","","67","7","2022","7","39.970798","-75.128518","0141","6","0","0","0","0","0","0","0","0","","0","0","0","1","3","1","N","0","0","39 58:14.873","","0","75 07:42.664","2","0","0","0","67301","1","0","1","N","1","0","1","2","67301","0","","1.0","","1","N","N","N","0","","0","1","0","0","0","","140","2","1","0","0","0","0","0","2","0","1","1","0","1","3","03","","N","","","","","","","","","",""
"2022073510","0055","2","0","0","0","0","0","0","0","0","4","0","","67","7","2022","7","39.955634","-75.214762","0041","6","0","0","0","0","0","0","0","0","","0","0","0","0","3","1","N","0","0","39 57:20.284","","0","75 12:53.144","3","0","0","0","67301","0","0","0","N","0","0","0","2","67301","0","","1.0","","1","N","N","N","0","","1","0","0","0","0","","0","2","1","0","0","0","0","0","2","0","2","0","0","0","3","03","","N","","","","","","","","","",""
"2022061680","1330","2","0","0","0","0","0","0","0","0","5","0","","67","6","2022","7","40.031572","-75.090792","1323","6","0","0","0","0","0","1","0","0","","0","0","0","13","1","1","N","0","2","40 01:53.660","6","0","75 05:26.850","8","0","0","0","67301","0","0","0","N","0","0","0","1","67301","0","","6.0","1430.0","1","N","N","N","0","","0","0","1","0","0","Y","1322","3","1","0","0","0","1","0","2","0","3","0","0","0","3","03","","N","","","","","","","","","",""
"2022068812","2010","3","0","0","0","0","0","0","0","0","5","0","","67","7","2022","7","39.980562","-75.172409","2000","6","0","0","0","0","0","1","0","1","","0","0","0","19","4","5","","5","0","39 58:50.024","","0","75 10:20.673","2","0","0","0","67301","0","0","0","N","0","0","0","5","67301","0","","1.0","","99","N","N","N","0","","0","1","0","3","2","","1953","3","5","0","0","0","4","0","2","0","3","0","0","0","3","03","","N","","","","","","","","","",""
"2022070810","1604","3","0","0","0","0","0","0","0","0","1","0","","67","7","2022","1","39.997044","-75.08201","1552","6","0","0","0","0","0","0","1","0","","0","0","0","15","1","2","N","0","0","39 59:49.357","","0","75 04:55.237","3","0","0","0","67301","0","0","0","N","0","0","0","4","68K01","0","","1.0","","1","N","N","N","0","","2","0","0","0","0","","1551","3","2","1","0","0","0","0","2","0","3","0","0","0","3","","","N","","","","","","","","","",""
"2022060980","1627","0","0","0","0","0","0","0","0","0","8","0","","67","7","2022","6","40.035437","-75.108493","1613","6","0","0","0","0","0","0","0","1","","0","0","0","14","1","1","","1","0","40 02:07.572","","0","75 06:30.576","3","0","0","0","67301","1","0","0","N","1","0","0","2","67301","0","","1.0","","1","N","N","N","0","","1","0","0","3","2","","1410","2","1","0","0","0","0","0","2","1","1","1","0","0","3","03","","N","","","","","","","","","",""
"2022072215","0828","1","0","0","0","0","0","0","0","0","4","1","","67","4","2022","6","40.075001","-75.026665","0822","6","0","0","0","0","0","1","0","0","","0","1","0","8","1","1","","2","0","40 04:30.003","","7","75 01:35.993","3","0","0","0","67301","0","0","0","N","0","0","0","2","67301","0","","1.0","","1","N","N","N","0","","1","0","0","0","0","","815","2","1","0","0","0","0","0","2","0","2","0","0","0","3","03","","N","","","","","","","","","",""