"CRN","ARRIVAL_TM","AUTOMOBILE_COUNT","BELTED_DEATH_COUNT","BELTED_SUSP_SERIOUS_INJ_COUNT","BICYCLE_COUNT","BICYCLE_DEATH_COUNT","BICYCLE_SUSP_SERIOUS_INJ_COUNT","BUS_COUNT","CHLDPAS_DEATH_COUNT","CHLDPAS_SUSP_SERIOUS_INJ_COUNT","COLLISION_TYPE","COMM_VEH_COUNT","CONS_ZONE_SPD_LIM","COUNTY","CRASH_MONTH","CRASH_YEAR","DAY_OF_WEEK","DEC_LATITUDE","DEC_LONGITUDE","DISPATCH_TM","DISTRICT","DRIVER_COUNT_16YR","DRIVER_COUNT_17YR","DRIVER_COUNT_18YR","DRIVER_COUNT_19YR","DRIVER_COUNT_20YR","DRIVER_COUNT_50_64YR","DRIVER_COUNT_65_74YR","DRIVER_COUNT_75PLUS","EST_HRS_CLOSED","FATAL_COUNT","HEAVY_TRUCK_COUNT","HORSE_BUGGY_COUNT","HOUR_OF_DAY","ILLUMINATION","INJURY_COUNT","INTERSECTION_RELATED","INTERSECT_TYPE","LANE_CLOSED","LATITUDE","LN_CLOSE_DIR","LOCATION_TYPE","LONGITUDE","MAX_SEVERITY_LEVEL","MCYCLE_DEATH_COUNT","MCYCLE_SUSP_SERIOUS_INJ_COUNT","MOTORCYCLE_COUNT","MUNICIPALITY","NONMOTR_COUNT","NONMOTR_DEATH_COUNT","NONMOTR_SUSP_SERIOUS_INJ_COUNT","NTFY_HIWY_MAINT","PED_COUNT","PED_DEATH_COUNT","PED_SUSP_SERIOUS_INJ_COUNT","PERSON_COUNT","POLICE_AGCY","POSSIBLE_INJ_COUNT","RDWY_SURF_TYPE_CD","RELATION_TO_ROAD","ROADWAY_CLEARED","ROAD_CONDITION","SCH_BUS_IND","SCH_ZONE_IND","SECONDARY_CRASH","SMALL_TRUCK_COUNT","SPEC_JURIS_CD","SUSP_MINOR_INJ_COUNT","SUSP_SERIOUS_INJ_COUNT","SUV_COUNT","TCD_FUNC_CD","TCD_TYPE","TFC_DETOUR_IND","TIME_OF_DAY","TOTAL_UNITS","TOT_INJ_COUNT","UNBELTED_OCC_COUNT","UNB_DEATH_COUNT","UNB_SUSP_SERIOUS_INJ_COUNT","UNK_INJ_DEG_COUNT","UNK_INJ_PER_COUNT","URBAN_RURAL","VAN_COUNT","VEHICLE_COUNT","VULNERABLE_ROAD_USER_COUNT","VULNERABLE_ROAD_USER_DEATH_COUNT","VULNERABLE_ROAD_USER_SER_INJ_COUNT","WEATHER1","WEATHER2","WORKERS_PRES","WORK_ZONE_IND","WORK_ZONE_LOC","WORK_ZONE_TYPE","WZ_CLOSE_DETOUR","WZ_FLAGGER","WZ_LAW_OFFCR_IND","WZ_LN_CLOSURE","WZ_MOVING","WZ_OTHER","WZ_SHLDER_MDN","WZ_WORKERS_INJ_KILLED"
"2022072277","0751","2","0","0","0","0","0","0","0","0","4","0","","67","8","2022","2","39.993184","-75.10692","0749","6","0","0","0","0","0","0","0","0","","0","0","0","7","1","0","","1","1","39 59:35.462","4","0","75 06:24.911","9","0","0","0","67301","0","0","0","N","0","0","0","2","67301","0","","1.0","820.0","1","N","N","N","0","","0","0","0","3","3","N","747","3","0","0","0","0","0","1","2","1","3","0","0","0","4","04","","N","","","","","","","","","",""
"2022055705","1734","0","0","0","0","0","0","0","0","0","1","0","","67","6","2022","3","40.079024","-75.02524","1729","6","0","0","1","0","0","0","0","0","","0","0","0","17","1","3","","2","1","40 04:44.486","4","0","75 01:30.863","3","0","0","0","67301","0","0","0","N","0","0","0","3","67301","0","","1.0","1900.0","1","N","N","N","1","","3","0","1","3","2","N","1729","2","3","0","0","0","0","0","2","0","2","0","0","0","3","03","","N","","","","","","","","","",""
"2022060161","0402","0","0","0","0","0","0","0","0","0","2","0","","67","6","2022","2","39.925472","-75.155556","0401","6","0","0","0","0","0","0","0","0","","0","0","0","4","3","0","N","0","0","39 55:31.700","","0","75 09:20.000","0","0","0","0","67301","0","0","0","N","0","0","0","1","67301","0","","6.0","","1","N","N","Y","1","","0","0","1","0","0","","400","3","0","0","0","0","0","0","2","1","3","0","0","0","3","03","","N","","","","","","","","","",""
"2022048826","","1","0","0","0","0","0","0","0","0","4","0","","67","4","2022","7","39.989808","-75.233236","","6","0","0","0","0","0","0","0","0","","0","0","0","15","1","1","","2","0","39 59:23.308","","0","75 13:59.649","8","0","0","0","67301","0","0","0","N","0","0","0","2","00000","0","","1.0","","1","","","N","0","","0","0","0","3","3","","1500","2","1","0","0","0","1","0","2","0","2","0","0","0","3","","","N","","","","","","","","","",""
"2022071493","1806","0","0","0","0","0","0","1","0","0","1","1","","67","7","2022","4","39.907375","-75.139324","1804","6","0","0","0","0","0","0","0","0","","0","0","0","10","1","1","","2","0","39 54:26.549","","0","75 08:21.567","4","0","0","0","67301","0","0","0","N","0","0","0","2","67508","1","","1.0","","1","N","N","Y","0","","0","0","0","3","2","","1027","2","1","0","0","0","0","0","2","1","2","0","0","0","3","03","","N","","","","","","","","","",""
"2022063091","1730","3","0","0","0","0","0","0","0","0","1","0","","67","6","2022","3","39.966333","-75.227889","1726","6","0","0","0","0","0","0","0","0","","0","0","0","17","1","4","Y","0","0","39 57:58.800","","0","75 13:40.400","3","0","0","0","67301","0","0","0","N","0","0","0","6","67301","0","","1.0","","1","N","N","N","0","","3","0","1","3","2","","1726","4","4","0","0","0","1","0","2","0","4","0","0","0","3","03","","N","","","","","","","","","",""
"2022056697","0950","2","0","0","0","0","0","0","0","0","5","0","","67","6","2022","6","39.973108","-75.229103","0844","6","0","0","0","0","0","0","0","0","","0","0","0","5","6","0","N","0","0","39 58:23.190","","0","75 13:44.770","9","0","0","0","67301","0","0","0","N","0","0","0","1","67301","0","","6.0","","1","N","N","N","0","","0","0","1","0","0","","530","3","0","0","0","0","0","1","2","0","3","0","0","0","3","03","","N","","","","","","","","","",""
"2022060172","1955","0","0","0","0","0","0","0","0","0","8","0","","67","6","2022","6","39.975264","-75.249375","1953","6","0","0","0","0","0","0","1","0","","0","0","0","19","1","1","N","0","0","39 58:30.950","","0","75 14:57.750","8","0","0","0","67301","1","0","0","N","1","0","0","2","67301","0","","1.0","","1","N","N","N","0","","0","0","1","0","0","","1941","2","1","1","0","0","1","0","2","0","1","1","0","0","3","03","","N","","","","","","","","","",""
"2022060140","1021","0","0","0","0","0","0","0","0","0","8","0","","67","6","2022","3","39.988354","-75.159644","1021","6","0","0","0","0","0","0","0","0","","0","0","0","10","1","1","","2","0","39 59:18.076","","0","75 09:34.720","3","0","0","0","67301","1","0","0","N","1","0","0","2","67301","0","","1.0","","99","N","N","N","0","","1","0","0","0","0","","1020","2","1","0","0","0","0","0","2","0","1","1","0","0","3","03","","N","","","","","","","","","",""
"2022072606","0515","3","0","0","0","0","0","0","0","0","5","0","","67","6","2022","5","39.991733","-75.114572","0456","6","0","0","0","0","0","0","0","0","","0","0","0","3","3","0","N","0","0","39 59:30.240","","0","75 06:52.460","0","0","0","0","67301","0","0","0","N","0","0","0","1","67301","0","","6.0","","1","N","N","N","1","","0","0","1","0","0","","323","8","0","0","0","0","0","0","2","3","8","0","0","0","3","03","","N","","","","","","","","","",""
"2022070142","2321","0","0","0","0","0","0","0","0","0","5","0","","67","7","2022","4","39.988508","-75.207084","2310","6","0","0","0","0","0","1","0","0","","0","0","0","23","3","1","N","0","1","39 59:18.630","3","0","75 12:25.501","3","0","0","0","67301","0","0","0","N","0","0","0","2","68K01","0","","1.0","1145.0","1","N","N","N","0","","1","0","1","0","0","N","2306","2","1","0","0","0","0","1","2","0","2","0","0","0","3","","","N","","","","","","","","","",""
"2022060687","1640","0","0","0","0","0","0","0","0","0","4","0","","67","6","2022","4","40.028651","-75.205594","1638","6","0","0","0","0","0","2","0","0","","0","0","0","16","1","1","","1","0","40 01:43.143","","0","75 12:20.140","8","0","0","1","67301","0","0","0","N","0","0","0","2","67301","0","","1.0","","1","N","N","N","0","","0","0","1","3","2","","1636","2","1","0","0","0","1","0","2","0","2","0","0","0","3","03","","N","","","","","","","","","",""
"2022056901","2220","1","0","0","0","0","0","0","0","0","5","0","","67","6","2022","5","40.100866","-75.041851","2213","6","0","0","0","0","0","0","0","0","","0","0","0","22","3","1","N","0","0","40 06:03.119","","0","75 02:30.663","8","0","0","0","67301","0","0","0","N","0","0","0","1","67301","0","","6.0","","1","N","N","N","0","","0","0","1","0","0","","2213","2","1","0","0","0","1","0","2","0","2","0","0","0","3","03","","N","","","","","","","","","",""
"2022063092","0043","1","0","0","0","0","0","0","0","0","4","0","","67","6","2022","3","39.982681","-75.227053","1940","6","0","1","0","0","0","0","0","0","","0","0","0","19","1","2","","3","0","39 58:57.650","","0","75 13:37.390","8","0","0","0","67301","0","0","0","N","0","0","0","2","67301","0","","1.0","","1","N","N","N","0","","0","0","1","3","2","","1940","2","2","0","0","0","2","0","2","0","2","0","0","0","3","03","","N","","","","","","","","","",""
"2022070339","2115","1","0","0","0","0","0","0","0","0","1","0","","67","4","2022","3","40.044716","-75.002489","2100","6","0","0","0","1","0","0","0","0","","0","0","0","20","3","2","N","0","2","40 02:40.976","2","0","75 00:08.960","3","0","0","0","67301","0","0","0","N","0","0","0","2","68K01","0","","1.0","2230.0","9","N","N","N","0","","2","0","1","0","0","N","2059","2","2","0","0","0","0","0","2","0","2","0","0","0","7","","","N","","","","","","","","","",""
"2022055457","","1","0","0","0","0","0","0","0","0","5","0","","67","5","2022","6","40.042809","-75.06315","","6","0","0","0","0","0","0","0","0","","0","0","0","19","1","1","","1","0","40 02:34.113","","0","75 03:47.339","8","0","0","0","67301","0","0","0","N","0","0","0","2","00000","0","","1.0","","1","","","N","0","","0","0","1","3","2","","1955","2","1","1","0","0","1","0","2","0","2","0","0","0","3","","","N","","","","","","","","","",""
"2022048471","1725","1","0","0","0","0","0","0","0","0","4","0","","67","5","2022","2","39.970242","-75.130505","1722","6","0","0","0","0","0","0","1","0","","0","0","0","17","1","0","","1","0","39 58:12.871","","0","75 07:49.819","9","0","0","0","67301","0","0","0","N","0","0","0","6","67301","0","","1.0","","1","N","N","N","0","","0","0","2","3","2","","1721","3","0","0","0","0","0","3","2","0","3","0","0","0","3","03","","N","","","","","","","","","",""
"2022056983","1355","2","0","0","0","0","0","0","0","0","1","0","","67","5","2022","1","40.006617","-75.198741","1348","6","0","0","0","0","0","0","0","0","","0","0","0","13","1","0","N","0","2","40 00:23.820","3","0","75 11:55.467","0","0","0","0","67301","0","0","0","N","0","0","0","2","68K01","0","","1.0","1445.0","1","N","N","N","0","","0","0","0","0","0","N","1340","2","0","1","0","0","0","0","2","0","2","0","0","0","3","03","","N","","","","","","","","","",""
"2022047166","1640","0","0","0","0","0","0","0","0","0","0","0","","67","5","2022","4","39.957597","-75.158641","1640","6","0","0","0","0","0","0","0","0","","0","0","0","18","1","1","","1","0","39 57:27.348","","3","75 09:31.109","8","0","0","1","67301","0","0","0","N","0","0","0","1","67301","0","","1.0","","1","N","N","N","0","","0","0","0","9","2","","1800","2","1","0","0","0","1","0","2","0","1","0","0","0","99","","","N","","","","","","","","","",""
"2022004217","1847","2","0","0","0","0","0","0","0","0","4","0","","67","1","2022","6","39.936383","-75.218989","1845","6","0","1","0","0","0","1","0","0","","0","0","0","18","3","2","","1","0","39 56:10.978","","0","75 13:08.360","4","0","0","0","67301","0","0","0","N","0","0","0","2","67301","2","","1.0","","2","N","N","N","0","","0","0","1","3","2","","1845","3","2","0","0","0","0","0","2","0","3","0","0","0","3","03","","N","","","","","","","","","",""
"2022041392","0032","1","0","0","0","0","0","0","0","0","7","0","","67","4","2022","1","40.031181","-75.021428","0019","6","0","0","0","0","0","0","0","0","","0","0","0","0","3","0","N","0","1","40 01:52.250","2","0","75 01:17.140","0","0","0","0","67301","0","0","0","N","0","0","0","1","68K01","0","","4.0","110.0","9","N","N","N","0","","0","0","0","0","0","Y","19","1","0","0","0","0","0","0","2","0","1","0","0","0","7","","","N","","","","","","","","","",""
"2022072294","1455","0","0","0","0","0","0","0","0","0","7","0","","67","8","2022","5","40.043883","-75.115592","1455","6","0","0","0","0","0","0","0","0","","0","0","0","21","6","1","N","0","0","40 02:37.980","","0","75 06:56.132","3","0","0","0","67301","0","0","0","N","0","0","0","1","67301","0","","3.0","","9","N","N","N","1","","1","0","0","0","0","","2145","1","1","0","0","0","0","0","2","0","1","0","0","0","7","","","N","","","","","","","","","",""
"2022060110","1918","0","0","0","0","0","0","0","0","0","4","0","","67","6","2022","6","40.051546","-75.1501","1915","6","0","0","0","0","0","1","0","0","","0","0","0","19","1","1","","1","0","40 03:05.564","","0","75 09:00.360","3","0","0","1","67301","0","0","0","N","0","0","0","2","67301","0","","1.0","","1","N","N","N","1","","1","0","0","3","2","","1911","2","1","0","0","0","0","0","2","0","2","0","0","0","3","03","","N","","","","","","","","","",""
"2022057349","1000","0","0","0","0","0","0","0","0","0","2","0","","67","6","2022","1","40.071394","-75.158719","0950","6","0","0","0","0","0","0","0","0","","0","0","0","9","1","0","N","0","1","40 04:17.020","4","0","75 09:31.390","0","0","0","0","67301","0","0","0","N","0","0","0","1","67301","0","","6.0","1013.0","1","N","N","N","0","","0","0","2","0","0","Y","904","2","0","0","0","0","0","0","2","0","2","0","0","0","3","03","","N","","","","","","","","","",""
"2022071643","2241","0","0","0","0","0","0","0","0","0","1","1","","67","7","2022","6","40.036415","-75.014958","2227","6","0","0","0","0","0","1","0","0","","0","1","0","22","3","0","N","0","0","40 02:11.095","","0","75 00:53.847","0","0","0","0","67301","0","0","0","N","0","0","0","2","68K03","0","","1.0","","1","N","N","N","0","","0","0","1","0","0","","2221","2","0","0","0","0","0","0","2","0","2","0","0","0","3","03","","N","","","","","","","","","",""
"2022060040","1515","0","0","0","0","0","0","0","0","0","5","0","","67","6","2022","1","40.033158","-75.049394","1515","6","0","0","0","0","0","0","0","0","","0","0","0","19","1","1","N","0","0","40 01:59.370","","0","75 02:57.820","3","0","0","1","67301","0","0","0","N","0","0","0","1","67301","0","","6.0","","1","N","N","N","0","","1","0","1","0","0","","1930","2","1","0","0","0","0","0","2","0","2","0","0","0","3","","","N","","","","","","","","","",""
"2022063090","1300","0","0","0","1","0","0","0","0","0","8","0","","67","6","2022","6","39.963907","-75.227894","1255","6","0","0","0","0","0","0","0","0","","0","0","0","12","1","1","","2","0","39 57:50.065","","0","75 13:40.418","3","0","0","0","67301","1","0","0","N","0","0","0","2","67301","0","","1.0","","1","N","N","N","0","","1","0","1","0","0","","1240","2","1","1","0","0","0","0","2","0","1","1","0","0","3","03","","N","","","","","","","","","",""
"2022073716","1130","1","0","0","0","0","0","0","0","0","4","1","","67","8","2022","6","40.020404","-75.152107","1110","6","0","0","0","0","0","0","1","0","","0","1","0","10","1","1","","1","1","40 01:13.453","7","0","75 09:07.586","3","0","0","0","67301","0","0","0","N","0","0","0","2","67301","0","","1.0","1145.0","1","N","N","N","0","","1","0","0","3","2","Y","1035","2","1","0","0","0","0","0","2","0","2","0","0","0","3","03","","N","","","","","","","","","",""
"2022060058","1808","2","0","0","0","0","0","0","0","0","4","0","","67","6","2022","1","39.932341","-75.19255","1801","6","0","0","0","0","0","0","0","0","","0","0","0","18","1","2","","1","0","39 55:56.427","","0","75 11:33.179","4","0","0","0","67301","0","0","0","N","0","0","0","2","67301","2","","1.0","","1","N","N","N","0","","0","0","0","3","3","","1800","2","2","0","0","0","0","0","2","0","2","0","0","0","3","03","","N","","","","","","","","","",""
"2022072591","2355","2","0","0","0","0","0","0","0","0","4","0","","67","6","2022","4","40.012981","-75.106414","2355","6","0","0","0","0","0","1","0","0","","0","0","0","19","1","1","","1","0","40 00:46.731","","0","75 06:23.090","3","0","0","0","67301","0","0","0","N","0","0","0","2","67301","0","","1.0","","1","N","N","N","0","","1","0","0","3","3","","1930","2","1","0","0","0","0","0","2","0","2","0","0","0","3","","","N","","","","","","","","","",""
"2022067171","1716","1","0","0","0","0","0","0","0","0","1","0","","67","6","2022","7","39.941762","-75.194206","1654","6","0","0","0","0","0","0","0","0","","0","0","0","16","1","1","N","0","0","39 56:30.344","","3","75 11:39.140","3","0","0","0","67301","0","0","0","N","0","0","0","4","68K01","0","","1.0","","1","N","N","N","0","","1","0","0","0","0","","1645","2","1","0","0","0","0","0","2","1","2","0","0","0","3","03","","N","","","","","","","","","",""
"2022061604","2229","2","0","0","0","0","0","0","0","0","4","0","","67","7","2022","6","39.913816","-75.158379","2225","6","0","0","0","0","0","0","0","0","","0","0","0","21","3","1","","1","0","39 54:49.737","","0","75 09:30.164","8","0","0","0","67301","0","0","0","N","0","0","0","2","67301","0","","1.0","","1","N","N","Y","1","","0","0","2","3","3","","2140","5","1","0","0","0","1","0","2","0","5","0","0","0","3","03","","N","","","","","","","","","",""
"2022056803","1910","3","0","0","0","0","0","0","0","0","6","0","","67","6","2022","4","40.0324","-75.141225","1906","6","0","0","0","0","0","0","0","0","","0","0","0","18","1","0","N","0","0","40 01:56.640","","0","75 08:28.410","9","0","0","0","67301","0","0","0","N","0","0","0","1","67301","0","","6.0","","1","N","N","Y","0","","0","0","0","0","0","","1855","3","0","0","0","0","0","1","2","0","3","0","0","0","3","","","N","","","","","","","","","",""
"2022070586","1000","1","0","0","0","0","0","0","0","0","4","0","","67","7","2022","7","39.968403","-75.151344","0952","6","0","0","0","0","0","0","0","0","","0","0","0","9","1","1","N","0","0","39 58:06.250","","0","75 09:04.840","3","0","0","0","67301","0","0","0","N","0","0","0","2","67301","0","","1.0","","1","N","N","N","0","","1","0","1","3","4","","940","2","1","0","0","0","0","1","2","0","2","0","0","0","3","03","","N","","","","","","","","","",""
"2022060116","1950","1","0","0","0","0","0","0","0","0","4","0","","67","6","2022","3","40.027409","-75.133507","1950","6","0","0","0","0","0","0","0","1","","0","0","0","19","4","0","","1","0","40 01:38.672","","0","75 08:00.625","0","0","0","0","67301","0","0","0","N","0","0","0","2","67301","0","","1.0","","1","N","N","N","0","","0","0","2","3","3","","1916","3","0","0","0","0","0","0","2","0","3","0","0","0","3","","","N","","","","","","","","","",""
"2022071354","2134","2","0","0","0","0","0","0","0","0","1","0","","67","5","2022","6","39.937195","-75.144065","2121","6","0","0","1","0","0","0","0","0","","0","0","0","21","3","4","N","0","1","39 56:13.901","1","0","75 08:38.633","4","0","0","0","67301","0","0","0","N","0","0","0","4","68K01","4","","2.0","2315.0","1","N","N","N","0","","0","0","0","0","0","N","2118","2","4","0","0","0","0","0","2","0","2","0","0","0","3","","","N","","","","","","","","","",""
"2022060009","1245","2","0","0","0","0","0","0","0","0","4","0","","67","6","2022","2","40.070742","-75.24119","1241","6","0","0","0","0","0","0","0","0","","0","0","0","12","1","1","","1","1","40 04:14.672","2","0","75 14:28.285","3","0","0","0","67301","0","0","0","N","0","0","0","3","67301","0","","1.0","1400.0","1","N","N","N","0","","1","0","0","3","2","N","1235","2","1","0","0","0","0","0","2","0","2","0","0","0","3","03","","N","","","","","","","","","",""
"2022070431","0438","4","0","0","0","0","0","0","0","0","4","0","","67","7","2022","1","39.954533","-75.23423","0438","6","0","0","0","0","0","0","0","0","","0","0","0","4","3","1","","1","0","39 57:16.318","","0","75 14:03.228","8","0","0","0","67301","0","0","0","N","0","0","0","4","67301","0","","1.0","","1","N","N","N","0","","0","0","0","3","2","","438","4","1","1","0","0","1","0","2","0","4","0","0","0","3","03","","N","","","","","","","","","",""
"2022062131","1301","2","0","0","0","0","0","0","0","0","5","0","","67","6","2022","3","39.959903","-75.140393","1223","6","0","0","0","0","0","0","0","0","","0","0","0","12","1","6","","6","0","39 57:35.650","","2","75 08:25.416","3","0","0","0","67301","0","0","0","N","0","0","0","6","68K01","0","","7.0","","1","N","N","N","0","","6","0","0","0","0","","1216","3","6","0","0","0","0","0","2","1","3","0","0","0","3","","","N","","","","","","","","","",""
"2022060032","1854","0","0","0","0","0","0","0","0","0","1","0","","67","6","2022","3","39.919783","-75.2307","1854","6","0","0","0","0","0","0","0","0","","0","0","0","18","1","1","N","0","0","39 55:11.220","","0","75 13:50.520","2","0","1","1","67301","0","0","0","N","0","0","0","1","67301","0","","6.0","","1","N","N","N","0","","0","1","1","0","0","","1853","2","1","0","0","0","0","0","2","0","2","0","0","0","3","03","","N","","","","","","","","","",""
"2022068801","0535","1","0","0","0","0","0","0","0","0","8","0","","67","4","2022","2","39.971446","-75.159371","0533","6","0","0","0","0","0","0","0","0","","0","0","0","5","3","1","","1","2","39 58:17.205","1","0","75 09:33.736","8","0","0","0","67301","1","0","0","N","1","0","0","2","67301","0","","1.0","702.0","1","N","N","N","0","","0","0","0","3","2","Y","529","2","1","0","0","0","1","1","2","0","1","1","0","0","3","03","","N","","","","","","","","","",""
"2022071660","0953","1","0","0","0","0","0","0","0","0","1","1","","67","7","2022","5","40.023192","-75.035511","0936","6","0","0","0","0","0","0","0","0","","0","1","0","9","1","1","N","0","0","40 01:23.491","","0","75 02:07.839","3","0","0","0","67301","0","0","0","N","0","0","0","4","68K01","0","","1.0","","1","N","N","N","0","","1","0","0","0","0","","934","2","1","0","0","0","0","0","2","0","2","0","0","0","3","03","","N","","","","","","","","","",""
"2022071368","1528","1","0","0","0","0","0","0","0","0","1","0","","67","7","2022","4","39.957391","-75.145979","1512","6","0","0","0","0","0","1","0","0","","0","0","0","15","1","1","N","0","1","39 57:26.608","4","0","75 08:45.524","8","0","0","0","67301","0","0","0","N","0","0","0","2","68K01","0","","1.0","1540.0","1","N","N","N","0","","0","0","1","0","0","N","1506","2","1","0","0","0","1","0","2","0","2","0","0","0","3","03","","N","","","","","","","","","",""
"2022060002","1705","0","0","0","0","0","0","0","0","0","5","0","","67","6","2022","1","40.047244","-75.051796","1652","6","0","0","0","0","0","1","0","0","","0","0","0","16","1","1","N","0","0","40 02:50.080","","0","75 03:06.466","3","0","0","0","67301","0","0","0","N","0","0","0","3","67301","0","","1.0","","1","N","N","N","0","","1","0","1","0","0","","1638","2","1","0","0","0","0","0","2","1","2","0","0","0","3","03","","N","","","","","","","","","",""
"2022069693","0019","1","0","0","0","0","0","0","0","0","8","0","","67","7","2022","7","40.03638","-75.063556","0016","6","0","0","0","0","0","1","0","0","","0","0","0","0","3","1","N","0","0","40 02:10.967","","0","75 03:48.800","3","0","0","0","67301","1","0","0","N","1","0","0","2","67301","0","","1.0","","1","N","N","N","0","","1","0","0","0","0","","15","2","1","0","0","0","0","0","2","0","1","1","0","0","4","","","N","","","","","","","","","",""
"2022058914","2352","1","0","0","0","0","0","0","0","0","4","0","","67","6","2022","7","39.985163","-75.156528","2351","6","0","0","0","0","1","0","0","0","","0","0","0","23","3","3","N","0","2","39 59:06.585","1","0","75 09:23.500","8","0","0","0","67301","0","0","0","N","0","0","0","7","67505","0","","1.0","2332.0","1","N","N","N","0","","0","0","1","0","0","Y","2345","2","3","7","0","0","3","0","2","0","2","0","0","0","3","03","","N","","","","","","","","","",""
"2022066841","1456","0","0","0","0","0","0","0","0","0","7","0","","67","6","2022","1","39.896295","-75.191587","1435","6","0","0","0","0","1","0","0","0","","0","0","0","14","1","0","N","0","0","39 53:46.661","","3","75 11:29.714","0","0","0","0","67301","0","0","0","N","0","0","0","1","68K01","0","","4.0","","1","N","N","N","0","","0","0","0","0","0","","1429","1","0","0","0","0","0","0","2","1","1","0","0","0","3","03","","N","","","","","","","","","",""
"2022061700","0445","1","0","0","0","0","0","0","0","0","8","0","","67","7","2022","6","39.920033","-75.230344","0442","6","0","0","0","0","0","0","0","0","","0","0","0","4","3","1","N","0","0","39 55:12.120","","0","75 13:49.240","3","0","0","0","67301","1","0","0","N","1","0","0","2","67301","0","","1.0","","1","N","N","N","0","","1","0","0","0","0","","440","2","1","0","0","0","0","0","2","0","1","1","0","0","3","03","","N","","","","","","","","","",""
"2022060271","1127","1","0","0","0","0","0","0","0","0","1","0","","67","6","2022","4","39.958331","-75.223964","1125","6","0","0","0","0","0","0","0","0","","0","0","0","11","1","1","N","0","0","39 57:29.991","","0","75 13:26.269","3","0","0","0","67301","0","0","0","N","0","0","0","2","67301","0","","1.0","","1","N","N","N","0","","1","0","1","0","0","","1107","3","1","0","0","0","0","0","2","0","2","0","0","0","3","","","N","","","","","","","","","",""
"2022059232","0630","0","0","0","0","0","0","0","0","0","1","0","","67","6","2022","7","39.883003","-75.24479","0621","6","0","0","0","0","0","1","0","0","","0","0","0","6","1","1","N","0","0","39 52:58.811","","0","75 14:41.244","3","0","0","0","67301","0","0","0","N","0","0","0","2","68K01","0","","1.0","","1","N","N","N","0","","1","0","2","0","0","","610","2","1","0","0","0","0","0","2","0","2","0","0","0","3","","","N","","","","","","","","","",""
"2022010827","0725","1","0","0","0","0","0","0","0","0","4","0","","67","1","2022","3","40.063099","-75.051637","0720","6","0","0","0","0","0","0","0","0","","0","0","0","6","1","0","","5","0","40 03:47.155","","0","75 03:05.894","0","0","0","0","67301","0","0","0","N","0","0","0","2","67301","0","","1.0","","1","N","N","N","0","","0","0","1","3","2","","651","2","0","0","0","0","0","0","2","0","2","0","0","0","3","03","","N","","","","","","","","","",""
"2022050551","1356","2","0","0","0","0","0","0","0","0","2","0","","67","5","2022","7","39.956629","-75.198022","1352","6","0","0","0","0","0","0","0","0","","0","0","0","13","1","1","","1","0","39 57:23.865","","0","75 11:52.879","8","0","0","0","67301","0","0","0","N","0","0","0","2","67301","0","","1.0","","1","N","N","N","0","","0","0","0","3","2","","1352","2","1","0","0","0","1","1","2","0","2","0","0","0","3","04","","N","","","","","","","","","",""
"2022066404","2300","2","0","0","0","0","0","0","0","0","1","0","","67","6","2022","5","39.906091","-75.193361","2300","6","0","0","0","0","0","0","0","0","","0","0","0","22","3","1","","1","0","39 54:21.927","","0","75 11:36.099","3","0","0","0","67301","0","0","0","N","0","0","0","3","67301","0","","1.0","","1","N","N","N","1","","1","0","0","3","2","","2220","3","1","0","0","0","0","0","2","0","3","0","0","0","3","03","","N","","","","","","","","","",""
"2022063043","0225","0","0","0","1","0","1","0","0","0","8","0","","67","6","2022","7","39.94024","-75.167956","0225","6","0","0","0","0","0","0","0","0","","0","0","0","2","3","1","","1","0","39 56:24.863","","0","75 10:04.641","2","0","0","0","67301","1","0","1","N","0","0","0","2","67301","0","","1.0","","1","N","N","Y","0","","0","1","0","3","2","","225","2","1","0","0","0","0","0","2","0","1","1","0","1","3","","","N","","","","","","","","","",""
"2022056362","1117","1","0","0","0","0","0","0","0","0","4","0","","67","6","2022","4","40.01529","-75.149927","1113","6","0","0","0","0","0","0","0","1","","0","0","0","10","1","2","","1","0","40 00:55.044","","0","75 08:59.736","3","0","0","0","67301","0","0","0","N","0","0","0","2","67301","0","","1.0","","1","N","N","N","0","","2","0","1","3","2","","1015","2","2","0","0","0","0","0","2","0","2","0","0","0","3","03","","N","","","","","","","","","",""
"2022069891","1239","3","0","0","0","0","0","0","0","0","1","0","","67","6","2022","2","39.966374","-75.187011","1231","6","0","0","0","0","1","1","0","0","","0","0","0","12","1","1","N","0","0","39 57:58.946","","0","75 11:13.238","8","0","0","0","67301","0","0","0","N","0","0","0","4","68K01","0","","1.0","","1","N","N","N","0","","0","0","0","0","0","","1221","3","1","0","0","0","1","0","2","0","3","0","0","0","3","","","N","","","","","","","","","",""
"2022060062","0025","0","0","0","0","0","0","0","0","0","8","0","","67","6","2022","1","39.958464","-75.225186","0021","6","0","0","0","0","0","0","0","0","","0","0","0","23","3","1","","1","0","39 57:30.470","","0","75 13:30.671","4","0","0","0","67301","1","0","0","N","1","0","0","2","67301","1","","1.0","","1","N","N","N","0","","0","0","0","3","2","","2344","2","1","0","0","0","0","0","2","0","1","1","0","0","3","03","","N","","","","","","","","","",""
"2022072274","1919","2","0","0","0","0","0","0","0","0","4","0","","67","7","2022","7","39.991476","-75.100786","1906","6","0","0","0","0","0","0","0","0","","0","0","0","19","4","0","N","0","1","39 59:29.314","2","0","75 06:02.830","0","0","0","0","67301","0","0","0","N","0","0","0","2","67301","0","","1.0","15.0","1","N","N","N","0","","0","0","0","0","0","N","1905","2","0","0","0","0","0","0","2","0","2","0","0","0","3","03","","N","","","","","","","","","",""