"CRN","ARRIVAL_TM","AUTOMOBILE_COUNT","BELTED_DEATH_COUNT","BELTED_SUSP_SERIOUS_INJ_COUNT","BICYCLE_COUNT","BICYCLE_DEATH_COUNT","BICYCLE_SUSP_SERIOUS_INJ_COUNT","BUS_COUNT","CHLDPAS_DEATH_COUNT","CHLDPAS_SUSP_SERIOUS_INJ_COUNT","COLLISION_TYPE","COMM_VEH_COUNT","CONS_ZONE_SPD_LIM","COUNTY","CRASH_MONTH","CRASH_YEAR","DAY_OF_WEEK","DEC_LATITUDE","DEC_LONGITUDE","DISPATCH_TM","DISTRICT","DRIVER_COUNT_16YR","DRIVER_COUNT_17YR","DRIVER_COUNT_18YR","DRIVER_COUNT_19YR","DRIVER_COUNT_20YR","DRIVER_COUNT_50_64YR","DRIVER_COUNT_65_74YR","DRIVER_COUNT_75PLUS","EST_HRS_CLOSED","FATAL_COUNT","HEAVY_TRUCK_COUNT","HORSE_BUGGY_COUNT","HOUR_OF_DAY","ILLUMINATION","INJURY_COUNT","INTERSECTION_RELATED","INTERSECT_TYPE","LANE_CLOSED","LATITUDE","LN_CLOSE_DIR","LOCATION_TYPE","LONGITUDE","MAX_SEVERITY_LEVEL","MCYCLE_DEATH_COUNT","MCYCLE_SUSP_SERIOUS_INJ_COUNT","MOTORCYCLE_COUNT","MUNICIPALITY","NONMOTR_COUNT","NONMOTR_DEATH_COUNT","NONMOTR_SUSP_SERIOUS_INJ_COUNT","NTFY_HIWY_MAINT","PED_COUNT","PED_DEATH_COUNT","PED_SUSP_SERIOUS_INJ_COUNT","PERSON_COUNT","POLICE_AGCY","POSSIBLE_INJ_COUNT","RDWY_SURF_TYPE_CD","RELATION_TO_ROAD","ROADWAY_CLEARED","ROAD_CONDITION","SCH_BUS_IND","SCH_ZONE_IND","SECONDARY_CRASH","SMALL_TRUCK_COUNT","SPEC_JURIS_CD","SUSP_MINOR_INJ_COUNT","SUSP_SERIOUS_INJ_COUNT","SUV_COUNT","TCD_FUNC_CD","TCD_TYPE","TFC_DETOUR_IND","TIME_OF_DAY","TOTAL_UNITS","TOT_INJ_COUNT","UNBELTED_OCC_COUNT","UNB_DEATH_COUNT","UNB_SUSP_SERIOUS_INJ_COUNT","UNK_INJ_DEG_COUNT","UNK_INJ_PER_COUNT","URBAN_RURAL","VAN_COUNT","VEHICLE_COUNT","VULNERABLE_ROAD_USER_COUNT","VULNERABLE_ROAD_USER_DEATH_COUNT","VULNERABLE_ROAD_USER_SER_INJ_COUNT","WEATHER1","WEATHER2","WORKERS_PRES","WORK_ZONE_IND","WORK_ZONE_LOC","WORK_ZONE_TYPE","WZ_CLOSE_DETOUR","WZ_FLAGGER","WZ_LAW_OFFCR_IND","WZ_LN_CLOSURE","WZ_MOVING","WZ_OTHER","WZ_SHLDER_MDN","WZ_WORKERS_INJ_KILLED"
"2022056581","0100","1","0","0","0","0","0","0","0","0","4","0","","67","6","2022","6","40.079476","-74.991768","0100","6","0","0","0","0","0","0","0","0","","0","0","0","23","3","0","","1","0","40 04:46.113","","0","74 59:30.364","0","0","0","0","67301","0","0","0","N","0","0","0","3","67301","0","","1.0","","1","N","N","N","0","","0","0","1","3","3","","2308","2","0","0","0","0","0","0","2","0","2","0","0","0","3","03","","N","","","","","","","","","",""
"2022057264","0052","1","0","0","0","0","0","0","0","0","8","0","","67","6","2022","1","39.924488","-75.228235","0042","6","0","0","0","0","0","0","0","0","","0","0","0","19","1","1","","2","0","39 55:28.156","","0","75 13:41.647","3","0","0","0","67301","1","0","0","N","1","0","0","2","67301","0","","1.0","","1","N","N","N","0","","1","0","0","0","0","","1930","2","1","0","0","0","0","1","2","0","1","1","0","0","3","03","","N","","","","","","","","","",""
"2022060106","1743","1","0","0","1","0","0","0","0","0","8","0","","67","6","2022","3","40.02309","-75.149129","1741","6","0","0","0","1","0","0","0","0","","0","0","0","17","1","2","","2","0","40 01:23.124","","0","75 08:56.864","3","0","0","0","67301","2","0","0","N","0","0","0","3","67301","0","","1.0","","99","N","N","N","0","","2","0","0","0","0","","1735","2","2","1","0","0","0","0","2","0","1","2","0","0","3","","","N","","","","","","","","","",""
"2022073257","1647","1","0","0","0","0","0","0","0","0","1","0","","67","8","2022","3","39.958155","-75.164065","1637","6","0","0","0","0","0","0","0","0","","0","0","0","16","1","1","N","0","0","39 57:29.357","","0","75 09:50.634","8","0","0","0","67301","0","0","0","N","0","0","0","3","68K01","0","","1.0","","1","N","N","N","0","","0","0","2","0","0","","1633","3","1","0","0","0","1","0","2","0","3","0","0","0","3","03","","N","","","","","","","","","",""
"2022069823","1647","1","0","0","0","0","0","0","0","0","4","0","","67","7","2022","7","40.013192","-75.070356","1643","6","0","0","0","0","0","2","0","0","","0","0","0","16","1","1","N","0","0","40 00:47.490","","0","75 04:13.283","4","0","0","0","67301","0","0","0","N","0","0","0","3","67301","1","","1.0","","1","N","N","Y","0","","0","0","1","3","2","","1638","3","1","0","0","0","0","0","2","1","3","0","0","0","3","","","N","","","","","","","","","",""
"2022072818","1105","2","0","0","0","0","0","0","0","0","1","0","","67","7","2022","7","39.958381","-75.165839","1051","6","0","0","0","1","0","0","0","0","","0","0","0","10","1","0","N","0","0","39 57:30.170","","0","75 09:57.022","0","0","0","0","67301","0","0","0","N","0","0","0","5","68K01","0","","1.0","","1","N","N","N","0","","0","0","1","0","0","","1049","3","0","0","0","0","0","0","2","0","3","0","0","0","3","03","","N","","","","","","","","","",""
"2022072587","0248","2","0","0","0","0","0","0","0","0","4","0","","67","5","2022","7","39.992933","-75.113837","0240","6","0","0","0","0","0","0","0","0","","0","0","0","2","2","1","","1","0","39 59:34.558","","0","75 06:49.813","3","0","0","0","67301","0","0","0","N","0","0","0","3","67301","0","","1.0","","1","N","N","N","0","","1","0","0","3","2","","238","2","1","0","0","0","0","1","2","0","2","0","0","0","3","04","","N","","","","","","","","","",""
"2022073284","1224","2","0","0","0","0","0","0","0","0","1","0","","67","7","2022","7","40.016297","-75.051455","1224","6","0","0","0","0","0","0","0","0","","0","0","0","11","1","1","N","0","0","40 00:58.670","","0","75 03:05.237","3","0","0","0","67301","0","0","0","N","0","0","0","4","68K01","0","","1.0","","1","N","N","Y","0","","1","0","0","0","0","","1159","2","1","0","0","0","0","0","2","0","2","0","0","0","3","03","","N","","","","","","","","","",""
"2022060708","0050","1","0","0","0","0","0","0","0","0","4","0","","67","7","2022","6","40.061286","-75.172063","0046","6","0","0","0","0","0","0","0","0","","0","0","0","0","3","2","","1","2","40 03:40.629","7","0","75 10:19.427","4","0","0","0","67301","0","0","0","N","0","0","0","2","67301","2","","1.0","215.0","1","N","N","N","0","","0","0","1","3","3","Y","45","2","2","0","0","0","0","0","2","0","2","0","0","0","3","03","","N","","","","","","","","","",""
"2022066815","0117","1","0","0","0","0","0","0","0","0","8","0","","67","6","2022","2","39.989343","-75.155473","0117","6","0","0","0","0","0","0","0","0","","0","0","0","1","3","1","","1","0","39 59:21.634","","0","75 09:19.704","2","0","0","0","67301","1","0","1","N","1","0","1","2","67301","0","","1.0","","1","N","N","N","0","","0","1","0","3","2","","117","2","1","0","0","0","0","0","2","0","1","1","0","1","3","03","","N","","","","","","","","","",""
"2022070217","1350","0","1","0","0","0","0","0","0","0","7","0","","67","7","2022","3","39.933076","-75.237798","1348","6","0","0","0","0","0","0","0","1","","1","0","0","13","1","0","N","0","2","39 55:59.073","7","0","75 14:16.073","1","0","0","0","67301","0","0","0","N","0","0","0","1","67301","0","2","4.0","1440.0","1","N","N","N","0","0","0","0","1","0","0","N","1348","1","0","0","0","0","0","0","2","0","1","0","0","0","3","03","","N","","","","","","","","","",""
"2022069651","2006","1","0","0","0","0","0","0","0","0","1","0","","67","7","2022","4","40.01809","-75.170206","2006","6","0","0","0","0","0","0","0","0","","0","0","0","17","1","0","N","0","0","40 01:05.124","","0","75 10:12.741","9","0","0","0","67301","0","0","0","N","0","0","0","2","68K01","0","","1.0","","1","N","N","N","0","","0","0","1","0","0","","1730","2","0","0","0","0","0","1","2","0","2","0","0","0","3","","","N","","","","","","","","","",""
"2022072590","1255","3","0","0","0","0","0","0","0","0","1","0","","67","6","2022","6","40.014353","-75.105117","1247","6","0","0","0","0","0","0","0","0","","0","0","0","0","3","0","N","0","0","40 00:51.670","","0","75 06:18.420","0","0","0","0","67301","0","0","0","N","0","0","0","1","67301","0","","6.0","","1","N","N","N","0","","0","0","0","0","0","","46","3","0","1","0","0","0","0","2","0","3","0","0","0","3","03","","N","","","","","","","","","",""
"2022056971","0738","1","0","0","0","0","0","0","0","0","4","0","","67","6","2022","1","40.02921","-75.05652","0738","6","0","0","0","0","0","0","0","0","","0","0","0","5","5","2","N","0","0","40 01:45.155","","0","75 03:23.471","3","0","0","0","67301","0","0","0","N","0","0","0","3","67301","0","","1.0","","1","N","N","N","0","","2","0","0","0","0","","533","2","2","0","0","0","0","0","2","0","2","0","0","0","3","","","N","","","","","","","","","",""
"2022060173","1945","1","0","0","0","0","0","0","0","0","4","0","","67","6","2022","6","39.981952","-75.239038","1800","6","0","0","0","0","0","0","0","0","","0","0","0","18","1","0","","1","0","39 58:55.028","","0","75 14:20.537","0","0","0","0","67301","0","0","0","N","0","0","0","2","67301","0","","1.0","","1","N","N","N","0","","0","0","0","3","2","","1800","2","0","0","0","0","0","0","2","0","2","0","0","0","3","03","","N","","","","","","","","","",""
"2022060043","1911","1","0","0","0","0","0","0","0","0","5","0","","67","6","2022","2","40.040267","-75.046945","1911","6","0","0","0","0","0","1","0","0","","0","0","0","18","1","2","N","0","2","40 02:24.961","4","0","75 02:49.001","3","0","0","0","67301","0","0","0","N","0","0","0","2","67301","1","","1.0","30.0","1","N","N","N","0","","1","0","1","0","0","Y","1815","3","2","0","0","0","0","0","2","0","2","0","0","0","3","","","N","","","","","","","","","",""
"2022060008","0835","1","0","0","0","0","0","0","0","0","4","0","","67","6","2022","1","39.919247","-75.159565","0835","6","0","0","0","0","0","0","1","0","","0","0","0","7","1","0","","1","2","39 55:09.289","4","0","75 09:34.434","0","0","0","0","67301","0","0","0","N","0","0","0","2","67301","0","","1.0","938.0","1","N","N","N","0","","0","0","0","3","3","Y","700","2","0","0","0","0","0","0","2","1","2","0","0","0","3","","","N","","","","","","","","","",""
"2022073249","1412","0","0","0","0","0","0","0","0","0","0","1","","67","8","2022","2","40.000639","-75.085744","1350","6","0","0","0","0","0","0","0","0","","0","1","0","13","1","1","N","0","2","40 00:02.299","2","2","75 05:08.677","3","0","0","0","67301","0","0","0","N","0","0","0","1","68K01","0","","1.0","2100.0","1","N","N","N","0","","1","0","0","0","0","N","1348","1","1","0","0","0","0","0","2","0","1","0","0","0","3","","","N","","","","","","","","","",""
"2022072197","1206","0","0","0","1","0","0","0","0","0","8","0","","67","8","2022","4","40.048153","-75.060632","1203","6","0","0","0","0","0","0","0","0","","0","0","0","21","3","1","N","0","9","40 02:53.350","","0","75 03:38.276","8","0","0","0","67301","1","0","0","N","0","0","0","1","67301","0","","1.0","","1","N","N","N","0","","0","0","1","0","0","","2130","2","1","0","0","0","1","0","2","0","1","1","0","0","3","03","","N","","","","","","","","","",""
"2022053385","","0","0","0","0","0","0","0","0","0","4","0","","67","4","2022","2","39.974704","-75.199479","","6","0","0","0","0","0","0","0","0","","0","0","0","20","1","1","","1","0","39 58:28.934","","7","75 11:58.125","8","0","0","0","67301","0","0","0","N","0","0","0","2","00000","0","","1.0","","1","","","N","0","","0","0","2","3","2","","2000","2","1","0","0","0","1","0","2","0","2","0","0","0","3","","","N","","","","","","","","","",""
"2022055679","2330","0","0","0","0","0","0","0","0","0","5","0","","67","6","2022","2","40.049847","-75.118097","2326","6","0","0","0","0","0","1","0","0","","0","0","0","23","3","0","N","0","0","40 02:59.450","","0","75 07:05.150","0","0","0","0","67301","0","0","0","N","0","0","0","1","67301","0","","6.0","","1","N","N","N","0","","0","0","1","0","0","","2324","2","0","0","0","0","0","0","2","1","2","0","0","0","3","","","N","","","","","","","","","",""
"2022073007","1520","2","0","0","0","0","0","0","0","0","4","0","","67","6","2022","6","39.960706","-75.236993","1520","6","0","0","0","0","0","0","0","0","","0","0","0","11","1","1","","1","0","39 57:38.541","","0","75 14:13.174","3","0","0","0","67301","0","0","0","N","0","0","0","2","67301","0","","1.0","","99","N","N","N","0","","1","0","0","3","3","","1140","2","1","0","0","0","0","1","2","0","2","0","0","0","99","","","N","","","","","","","","","",""
"2022048810","","1","0","0","0","0","0","0","0","0","4","0","","67","5","2022","6","39.987671","-75.22498","","6","0","0","0","0","0","0","0","0","","0","0","0","12","1","1","","2","0","39 59:15.615","","0","75 13:29.927","8","0","0","0","67301","0","0","0","N","0","0","0","2","00000","0","","1.0","","1","","","N","0","","0","0","0","3","2","","1210","2","1","0","0","0","1","0","2","0","2","0","0","0","3","","","N","","","","","","","","","",""
"2022050480","","2","0","0","0","0","0","0","0","0","1","0","","67","4","2022","3","40.043056","-75.161611","","6","0","0","0","0","0","0","0","0","","0","0","0","15","1","1","Y","0","0","40 02:35.000","","0","75 09:41.800","8","0","0","0","67301","0","0","0","N","0","0","0","4","00000","0","","1.0","","1","","","N","0","","0","0","0","3","2","","1500","4","1","0","0","0","1","0","2","0","4","0","0","0","3","","","N","","","","","","","","","",""
"2022061975","0804","2","0","0","0","0","0","0","0","0","1","1","","67","7","2022","6","39.903733","-75.150444","0804","6","0","0","0","0","0","0","0","0","","0","1","0","8","1","2","N","0","1","39 54:13.439","2","0","75 09:01.599","3","0","0","0","67301","0","0","0","N","0","0","0","4","68K01","0","","1.0","1000.0","1","N","N","N","0","","1","0","0","0","0","N","804","4","2","0","0","0","1","0","2","1","4","0","0","0","3","","","N","","","","","","","","","",""
"2022066294","0509","1","0","0","0","0","0","0","0","0","7","0","","67","6","2022","7","39.98271","-75.207812","0509","6","0","0","0","0","0","1","0","0","","0","0","0","4","3","1","N","0","0","39 58:57.757","","0","75 12:28.122","8","0","0","0","67301","0","0","0","N","0","0","0","3","68K01","0","","3.0","","1","N","N","N","0","","0","0","1","0","0","","455","2","1","0","0","0","1","0","2","0","2","0","0","0","7","","","N","","","","","","","","","",""
"2022061701","2246","1","0","0","0","0","0","0","0","0","6","0","","67","7","2022","6","39.941611","-75.235194","2246","6","0","0","0","0","0","0","0","0","","0","0","0","21","3","3","N","0","0","39 56:29.800","","0","75 14:06.700","3","0","0","0","67301","0","0","0","N","0","0","0","5","67301","0","","1.0","","1","N","N","N","0","","3","0","2","0","0","","2159","3","3","0","0","0","0","0","2","0","3","0","0","0","3","03","","N","","","","","","","","","",""
"2022060057","0523","1","0","0","0","0","0","0","0","0","7","0","","67","6","2022","1","40.00765","-75.202456","0519","6","0","0","0","0","0","0","0","0","","0","0","0","5","1","1","N","0","0","40 00:27.540","","0","75 12:08.840","3","0","0","0","67301","0","0","0","N","0","0","0","1","67301","0","","4.0","","1","N","N","N","0","","1","0","0","0","0","","519","1","1","0","0","0","0","0","2","0","1","0","0","0","3","","","N","","","","","","","","","",""
"2022043920","1750","0","0","0","0","0","0","0","0","0","4","0","","67","5","2022","3","40.061913","-75.163162","1745","6","0","0","0","0","0","0","0","0","","0","0","0","17","1","1","","1","0","40 03:42.886","","0","75 09:47.382","3","0","0","0","67301","0","0","0","N","0","0","0","4","67301","0","","1.0","","1","N","N","N","0","","1","0","1","3","2","","1740","2","1","0","0","0","0","0","2","0","2","0","0","0","3","","","N","","","","","","","","","",""
"2022072224","1034","1","0","0","0","0","0","1","0","0","4","1","","67","4","2022","3","39.934667","-75.22724","1034","6","0","0","0","0","0","1","0","0","","0","0","0","10","1","0","","1","1","39 56:04.800","4","0","75 13:38.065","9","0","0","0","67301","0","0","0","N","0","0","0","6","67301","0","","1.0","1110.0","1","N","N","N","0","","0","0","0","3","2","Y","1032","2","0","0","0","0","0","6","2","0","2","0","0","0","3","","","N","","","","","","","","","",""
"2022068549","1748","2","0","0","0","0","0","0","0","0","5","0","","67","6","2022","2","39.928258","-75.193997","1745","6","0","0","0","0","0","0","0","0","","0","0","0","17","1","1","N","0","2","39 55:41.730","2","0","75 11:38.390","4","0","0","0","67301","0","0","0","N","0","0","0","2","67301","1","","6.0","1800.0","9","N","N","N","0","","0","0","2","0","0","Y","1736","4","1","0","0","0","0","0","2","0","4","0","0","0","7","","","N","","","","","","","","","",""
"2022073656","1757","2","0","1","0","0","0","0","0","1","4","0","","67","8","2022","5","39.921017","-75.22412","1750","6","0","0","0","0","0","0","0","0","","0","0","0","17","1","5","","1","2","39 55:15.660","3","0","75 13:26.832","2","0","0","0","67301","0","0","0","N","0","0","0","6","67301","0","","1.0","1957.0","1","N","N","N","0","","4","1","0","3","2","Y","1749","2","5","0","0","0","0","0","2","0","2","0","0","0","3","","","N","","","","","","","","","",""
"2022070188","1242","1","1","0","0","0","0","0","0","0","1","0","","67","7","2022","4","40.068361","-75.240404","1226","6","0","0","1","0","0","0","1","1","","1","0","0","12","1","1","","1","1","40 04:06.098","5","0","75 14:25.455","1","0","0","0","67301","0","0","0","N","0","0","0","5","67301","0","2","1.0","1810.0","1","N","N","N","0","0","0","1","3","3","2","Y","1215","4","1","0","0","0","0","3","2","0","4","0","0","0","3","03","","N","","","","","","","","","",""
"2022071901","0102","3","0","0","0","0","0","0","0","0","1","0","","67","8","2022","1","40.004669","-75.152128","0102","6","0","0","0","0","0","0","0","0","","0","0","0","0","3","4","N","0","0","40 00:16.808","","0","75 09:07.660","8","0","0","0","67301","0","0","0","N","0","0","0","4","67505","0","","1.0","","1","N","N","N","0","","0","0","0","0","0","","55","3","4","0","0","0","4","0","2","0","3","0","0","0","3","","","N","","","","","","","","","",""
"2022073685","0015","1","0","0","0","0","0","0","0","0","4","1","","67","7","2022","1","39.989063","-75.089618","0007","6","0","0","0","0","0","0","1","0","","0","1","0","23","3","1","","1","1","39 59:20.627","1","0","75 05:22.626","3","0","0","0","67301","0","0","0","N","0","0","0","2","67301","0","","1.0","100.0","9","N","N","N","0","","1","0","0","3","2","N","2315","2","1","0","0","0","0","0","2","0","2","0","0","0","7","07","","N","","","","","","","","","",""
"2022061806","1117","0","0","0","0","0","0","0","0","0","7","0","","67","6","2022","1","39.981199","-75.206614","1116","6","0","0","0","0","0","0","0","0","","0","0","0","11","1","0","N","0","1","39 58:52.318","4","0","75 12:23.810","0","0","0","0","67301","0","0","0","N","0","0","0","1","68K01","0","","4.0","1150.0","9","N","N","N","0","","0","0","1","0","0","N","1115","1","0","0","0","0","0","0","2","0","1","0","0","0","7","","","N","","","","","","","","","",""
"2022024039","1812","1","0","0","0","0","0","0","0","0","5","0","","67","3","2022","6","39.956619","-75.142812","1743","6","0","0","0","0","0","0","1","0","","0","0","0","17","3","1","N","0","0","39 57:23.827","","8","75 08:34.123","8","0","0","0","67301","0","0","0","N","0","0","0","2","68K01","0","","1.0","","1","N","N","N","1","","0","0","0","0","0","","1732","2","1","0","0","0","1","0","2","0","2","0","0","0","3","","","N","","","","","","","","","",""
"2022029231","0010","1","0","0","0","0","0","0","0","0","4","0","","67","3","2022","7","39.944846","-75.166982","0004","6","0","0","0","0","0","0","0","0","","0","0","0","11","8","1","","1","0","39 56:41.445","","0","75 10:01.135","8","0","0","0","67301","0","0","0","N","0","0","0","3","67301","0","","1.0","","9","N","N","N","0","","0","0","1","3","2","","1118","2","1","0","0","0","1","0","2","0","2","0","0","0","98","07","","N","","","","","","","","","",""
"2022060705","1929","1","0","0","0","0","0","0","0","0","1","0","","67","6","2022","5","40.017094","-75.089833","1921","6","0","0","0","0","0","0","0","0","","0","0","0","18","1","0","N","0","0","40 01:01.540","","0","75 05:23.400","0","0","0","0","67301","0","0","0","N","0","0","0","1","67301","0","","6.0","","1","N","N","N","0","","0","0","1","0","0","","1815","2","0","0","0","0","0","0","2","0","2","0","0","0","3","03","","N","","","","","","","","","",""
"2022061574","0755","1","0","0","0","0","0","0","0","0","4","0","","67","7","2022","6","39.926643","-75.235595","0739","6","0","0","0","0","0","0","0","0","","0","0","0","6","1","2","","1","0","39 55:35.914","","0","75 14:08.141","3","0","0","0","67301","0","0","0","N","0","0","0","2","67301","0","","1.0","","1","N","N","N","0","","2","0","1","3","2","","656","2","2","0","0","0","0","0","2","0","2","0","0","0","3","03","","N","","","","","","","","","",""
"2022060092","1533","1","0","0","0","0","0","0","0","0","4","0","","67","6","2022","2","39.999178","-75.134418","1532","6","0","0","0","0","0","1","0","1","","0","0","0","15","1","1","","1","0","39 59:57.041","","0","75 08:03.904","3","0","0","0","67301","0","0","0","N","0","0","0","3","67301","0","","1.0","","1","N","N","N","0","","1","0","1","0","0","","1510","2","1","0","0","0","0","0","2","0","2","0","0","0","3","","","N","","","","","","","","","",""
"2022060061","1619","2","0","0","0","0","0","0","0","0","4","0","","67","6","2022","1","39.959957","-75.237121","1550","6","0","0","0","0","0","1","0","0","","0","0","0","15","1","1","","1","0","39 57:35.845","","0","75 14:13.635","3","0","0","0","67301","0","0","0","N","0","0","0","3","67301","0","","1.0","","1","N","N","N","0","","1","0","0","3","2","","1546","2","1","0","0","0","0","0","2","0","2","0","0","0","3","03","","N","","","","","","","","","",""
"2022057148","2349","1","0","0","0","0","0","0","0","0","4","0","","67","6","2022","1","40.007217","-75.123438","2346","6","0","0","0","0","0","1","0","0","","0","0","0","20","3","1","","1","0","40 00:25.981","","0","75 07:24.378","3","0","0","0","67301","0","0","0","N","0","0","0","4","67301","0","","1.0","","1","N","N","N","0","","1","0","1","3","2","","2058","2","1","0","0","0","0","3","2","0","2","0","0","0","3","03","","N","","","","","","","","","",""
"2022056382","1115","0","0","0","0","0","0","0","0","0","1","0","","67","6","2022","6","39.906","-75.134667","1112","6","0","0","0","0","0","0","0","0","","0","0","0","11","1","1","N","0","0","39 54:21.600","","3","75 08:04.800","4","0","0","0","67301","0","0","0","N","0","0","0","2","67501","1","","1.0","","1","N","N","N","1","","0","0","1","3","8","","1101","2","1","0","0","0","0","0","2","0","2","0","0","0","3","03","","N","","","","","","","","","",""
"2022061576","1425","1","0","0","0","0","0","0","0","0","8","0","","67","7","2022","6","39.982278","-75.226761","1422","6","0","0","0","0","0","0","1","0","","0","0","0","14","1","1","N","0","0","39 58:56.200","","0","75 13:36.340","3","0","0","0","67301","1","0","0","N","1","0","0","2","67301","0","","1.0","","1","N","N","N","0","","1","0","0","0","0","","1421","2","1","0","0","0","0","0","2","0","1","1","0","0","3","03","","N","","","","","","","","","",""
"2022070062","2215","2","0","0","0","0","0","0","0","0","6","0","","67","4","2022","6","39.963215","-75.246701","2210","6","0","0","0","0","0","1","0","0","","0","0","0","20","4","2","N","0","0","39 57:47.575","","0","75 14:48.122","3","0","0","0","67301","0","0","0","N","0","0","0","2","67301","0","","1.0","","1","N","N","N","0","","2","0","0","0","0","","2050","2","2","2","0","0","0","0","2","0","2","0","0","0","99","","","N","","","","","","","","","",""
"2022072262","1710","0","0","0","0","0","0","0","0","0","7","1","","67","4","2022","6","40.000023","-75.189258","1651","6","0","0","0","0","0","0","0","0","","0","1","0","16","1","0","N","0","2","40 00:00.083","4","1","75 11:21.329","0","0","0","0","67301","0","0","0","N","0","0","0","1","67301","0","","1.0","1726.0","1","N","N","N","0","","0","0","0","0","0","Y","1635","1","0","0","0","0","0","0","2","0","1","0","0","0","3","","","N","","","","","","","","","",""
"2022043827","","1","0","0","0","0","0","0","0","0","5","0","","67","4","2022","7","39.944224","-75.191869","","6","0","0","0","0","0","0","0","0","","0","0","0","1","3","0","N","0","0","39 56:39.208","","0","75 11:30.730","0","0","0","0","67301","0","0","0","N","0","0","0","2","00000","0","","1.0","","1","","","N","0","","0","0","0","0","0","","115","2","0","0","0","0","0","0","2","0","2","0","0","0","3","","","N","","","","","","","","","",""
"2022066478","","1","0","0","0","0","0","0","0","0","1","0","","67","4","2022","5","39.944935","-75.239177","","6","0","0","0","0","0","0","1","0","","0","0","0","16","1","2","","2","0","39 56:41.767","","0","75 14:21.037","8","0","0","0","67301","0","0","0","N","0","0","0","3","00000","0","","1.0","","1","","","N","0","","0","0","0","3","3","","1600","2","2","0","0","0","2","0","2","0","2","0","0","0","3","","","N","","","","","","","","","",""
"2022056038","2041","2","0","0","0","0","0","0","0","0","4","0","","67","6","2022","3","39.971811","-75.125954","2040","6","0","0","0","0","0","0","0","0","","0","0","0","20","4","0","","1","0","39 58:18.518","","0","75 07:33.433","0","0","0","0","67301","0","0","0","N","0","0","0","2","67301","0","","1.0","","1","N","N","N","0","","0","0","0","3","2","","2040","2","0","0","0","0","0","0","2","0","2","0","0","0","3","","","N","","","","","","","","","",""
"2022056833","0655","0","0","0","0","0","0","0","0","0","4","0","","67","6","2022","3","39.999625","-75.190584","0643","6","0","0","0","0","0","0","0","0","","0","0","0","6","1","2","","2","0","39 59:58.649","","0","75 11:26.101","8","0","0","0","67301","0","0","0","N","0","0","0","2","67301","0","","1.0","","1","N","N","N","1","","0","0","1","3","2","","639","2","2","0","0","0","2","0","2","0","2","0","0","0","3","04","","N","","","","","","","","","",""
"2022063085","0148","2","0","0","0","0","0","0","0","0","4","0","","67","6","2022","2","40.000435","-75.209759","0138","6","0","0","0","1","0","0","0","0","","0","0","0","22","3","0","","2","0","40 00:01.565","","0","75 12:35.132","0","0","0","0","67301","0","0","0","N","0","0","0","1","67301","0","","1.0","","1","N","N","N","0","","0","0","1","3","3","","2245","3","0","1","0","0","0","0","2","0","3","0","0","0","3","03","","N","","","","","","","","","",""
"2022056224","1857","1","0","0","0","0","0","0","0","0","5","0","","67","6","2022","4","39.998325","-75.153659","1848","6","0","0","1","0","0","0","0","0","","0","0","0","18","1","1","N","0","0","39 59:53.971","","0","75 09:13.171","3","0","0","1","67301","0","0","0","N","0","0","0","4","67301","0","","1.0","","1","N","N","N","0","","1","0","1","0","0","","1840","3","1","0","0","0","0","0","2","0","3","0","0","0","3","03","","N","","","","","","","","","",""
"2022056226","1131","1","0","0","0","0","0","0","0","0","1","0","","67","6","2022","5","39.978693","-75.157938","1130","6","0","0","0","0","0","0","0","1","","0","0","0","11","1","1","","1","0","39 58:43.293","","0","75 09:28.577","4","0","0","0","67301","0","0","0","N","0","0","0","3","67505","1","","1.0","","1","N","N","Y","0","","0","0","2","3","2","","1130","3","1","0","0","0","0","0","2","0","3","0","0","0","3","03","","N","","","","","","","","","",""
"2022069936","1744","0","0","0","0","0","0","0","0","0","2","0","","67","6","2022","2","39.997594","-75.111417","1744","6","0","0","0","0","0","0","0","0","","0","0","0","17","1","1","N","0","0","39 59:51.340","","1","75 06:41.100","2","0","1","1","67301","0","0","0","N","0","0","0","2","67301","0","","1.0","","1","N","N","N","0","","0","1","1","0","0","","1744","2","1","0","0","0","0","0","2","0","2","0","0","0","3","03","","N","","","","","","","","","",""
"2022058926","1810","3","0","0","0","0","0","0","0","0","1","0","","67","6","2022","4","39.954139","-75.140972","1810","6","0","0","0","0","0","0","0","0","","0","0","0","18","1","1","N","0","0","39 57:14.900","","3","75 08:27.500","3","0","0","0","67301","0","0","0","N","0","0","0","5","67501","0","","1.0","","1","N","N","N","0","","1","0","0","3","8","","1810","3","1","0","0","0","0","0","2","0","3","0","0","0","3","","","N","","","","","","","","","",""
"2022056485","1642","2","0","0","0","0","0","0","0","0","4","0","","67","6","2022","5","40.043906","-75.078573","1638","6","0","0","1","0","0","0","0","0","","0","0","0","16","1","3","","1","0","40 02:38.062","","0","75 04:42.861","3","0","0","0","67301","2","0","0","N","2","0","0","4","67301","0","","1.0","","1","N","N","N","0","","3","0","0","3","3","","1637","4","3","0","0","0","0","0","2","0","2","2","0","0","3","03","","N","","","","","","","","","",""