"CRN","ARRIVAL_TM","AUTOMOBILE_COUNT","BELTED_DEATH_COUNT","BELTED_SUSP_SERIOUS_INJ_COUNT","BICYCLE_COUNT","BICYCLE_DEATH_COUNT","BICYCLE_SUSP_SERIOUS_INJ_COUNT","BUS_COUNT","CHLDPAS_DEATH_COUNT","CHLDPAS_SUSP_SERIOUS_INJ_COUNT","COLLISION_TYPE","COMM_VEH_COUNT","CONS_ZONE_SPD_LIM","COUNTY","CRASH_MONTH","CRASH_YEAR","DAY_OF_WEEK","DEC_LATITUDE","DEC_LONGITUDE","DISPATCH_TM","DISTRICT","DRIVER_COUNT_16YR","DRIVER_COUNT_17YR","DRIVER_COUNT_18YR","DRIVER_COUNT_19YR","DRIVER_COUNT_20YR","DRIVER_COUNT_50_64YR","DRIVER_COUNT_65_74YR","DRIVER_COUNT_75PLUS","EST_HRS_CLOSED","FATAL_COUNT","HEAVY_TRUCK_COUNT","HORSE_BUGGY_COUNT","HOUR_OF_DAY","ILLUMINATION","INJURY_COUNT","INTERSECTION_RELATED","INTERSECT_TYPE","LANE_CLOSED","LATITUDE","LN_CLOSE_DIR","LOCATION_TYPE","LONGITUDE","MAX_SEVERITY_LEVEL","MCYCLE_DEATH_COUNT","MCYCLE_SUSP_SERIOUS_INJ_COUNT","MOTORCYCLE_COUNT","MUNICIPALITY","NONMOTR_COUNT","NONMOTR_DEATH_COUNT","NONMOTR_SUSP_SERIOUS_INJ_COUNT","NTFY_HIWY_MAINT","PED_COUNT","PED_DEATH_COUNT","PED_SUSP_SERIOUS_INJ_COUNT","PERSON_COUNT","POLICE_AGCY","POSSIBLE_INJ_COUNT","RDWY_SURF_TYPE_CD","RELATION_TO_ROAD","ROADWAY_CLEARED","ROAD_CONDITION","SCH_BUS_IND","SCH_ZONE_IND","SECONDARY_CRASH","SMALL_TRUCK_COUNT","SPEC_JURIS_CD","SUSP_MINOR_INJ_COUNT","SUSP_SERIOUS_INJ_COUNT","SUV_COUNT","TCD_FUNC_CD","TCD_TYPE","TFC_DETOUR_IND","TIME_OF_DAY","TOTAL_UNITS","TOT_INJ_COUNT","UNBELTED_OCC_COUNT","UNB_DEATH_COUNT","UNB_SUSP_SERIOUS_INJ_COUNT","UNK_INJ_DEG_COUNT","UNK_INJ_PER_COUNT","URBAN_RURAL","VAN_COUNT","VEHICLE_COUNT","VULNERABLE_ROAD_USER_COUNT","VULNERABLE_ROAD_USER_DEATH_COUNT","VULNERABLE_ROAD_USER_SER_INJ_COUNT","WEATHER1","WEATHER2","WORKERS_PRES","WORK_ZONE_IND","WORK_ZONE_LOC","WORK_ZONE_TYPE","WZ_CLOSE_DETOUR","WZ_FLAGGER","WZ_LAW_OFFCR_IND","WZ_LN_CLOSURE","WZ_MOVING","WZ_OTHER","WZ_SHLDER_MDN","WZ_WORKERS_INJ_KILLED"
"2022071374","1746","2","0","0","0","0","0","0","0","0","1","0","","67","7","2022","6","39.959312","-75.173312","1736","6","0","0","0","0","0","0","0","0","","0","0","0","17","1","1","N","0","0","39 57:33.522","","0","75 10:23.923","8","0","0","0","67301","0","0","0","N","0","0","0","6","68K01","0","","1.0","","1","N","N","N","0","","0","0","0","0","0","","1735","2","1","0","0","0","1","0","2","0","2","0","0","0","3","03","","N","","","","","","","","","",""
"2022072209","0930","0","0","0","0","0","0","0","0","0","4","1","","67","8","2022","5","39.952948","-75.151553","0921","6","0","0","0","0","0","0","0","0","","0","1","0","6","1","1","","1","0","39 57:10.614","","0","75 09:05.590","4","0","0","0","67301","0","0","0","N","0","0","0","2","67301","1","","1.0","","1","N","N","N","0","","0","0","0","3","2","","600","2","1","0","0","0","0","0","2","1","2","0","0","0","3","03","","N","","","","","","","","","",""
"2022069582","1506","0","0","0","0","0","0","0","0","0","5","0","","67","6","2022","4","40.00931","-75.204992","1506","6","0","0","0","0","0","0","0","0","","0","0","0","15","1","0","N","0","0","40 00:33.516","","0","75 12:17.972","0","0","0","0","67301","0","0","0","N","0","0","0","2","68K01","0","","2.0","","1","N","N","N","1","","0","0","0","0","0","","1506","2","0","0","0","0","0","0","2","1","2","0","0","0","3","03","","N","","","","","","","","","",""
"2022064075","1836","0","0","0","0","0","0","0","0","0","8","0","","67","6","2022","6","39.953333","-75.183743","1829","6","0","0","0","0","0","0","0","0","","0","0","0","13","1","1","","1","0","39 57:11.997","","0","75 11:01.475","8","0","0","0","67301","1","0","0","N","1","0","0","2","67301","0","","1.0","","1","N","N","N","1","","0","0","0","3","2","","1315","2","1","0","0","0","1","0","2","0","1","1","0","0","3","03","","N","","","","","","","","","",""
"2022056820","0354","1","0","0","0","0","0","0","0","0","4","0","","67","6","2022","7","40.030041","-75.103207","0340","6","0","0","0","0","0","0","0","0","","0","0","0","3","3","1","","1","2","40 01:48.146","2","0","75 06:11.546","3","0","0","0","67301","0","0","0","N","0","0","0","2","67301","0","","1.0","459.0","1","N","N","N","0","","1","0","1","3","2","Y","320","2","1","0","0","0","0","0","2","0","2","0","0","0","3","03","","N","","","","","","","","","",""
"2022072290","1350","2","0","0","0","0","0","0","0","0","4","0","","67","8","2022","2","39.971866","-75.148658","1339","6","0","0","0","0","0","0","0","0","","0","0","0","10","1","1","","1","0","39 58:18.717","","0","75 08:55.168","3","0","0","0","67301","0","0","0","N","0","0","0","1","67301","0","","1.0","","1","N","N","N","0","","1","0","0","3","3","","1045","2","1","1","0","0","0","0","2","0","2","0","0","0","3","04","","N","","","","","","","","","",""
"2022063087","0248","2","0","0","0","0","0","0","0","0","5","0","","67","6","2022","5","39.968758","-75.232669","0245","6","0","0","0","0","0","0","0","0","","0","0","0","1","3","0","N","0","0","39 58:07.530","","0","75 13:57.610","0","0","0","0","67301","0","0","0","N","0","0","0","1","67301","0","","6.0","","1","N","N","N","0","","0","0","0","0","0","","100","2","0","0","0","0","0","0","2","0","2","0","0","0","3","03","","N","","","","","","","","","",""
"2022060077","1612","0","0","0","0","0","0","0","0","0","8","0","","67","6","2022","2","39.998509","-75.129281","1608","6","0","0","0","0","0","0","0","0","","0","0","0","14","1","1","","1","0","39 59:54.633","","0","75 07:45.412","2","0","0","0","67301","1","0","1","N","1","0","1","2","67301","0","","1.0","","1","N","N","N","0","","0","1","1","3","2","","1430","2","1","0","0","0","0","0","2","0","1","1","0","1","3","03","","N","","","","","","","","","",""
"2022056907","1701","1","0","0","0","0","0","0","0","0","4","0","","67","6","2022","7","39.969665","-75.211511","1659","6","0","0","0","0","0","0","0","0","","0","0","0","16","1","1","","1","1","39 58:10.794","1","0","75 12:41.441","8","0","0","0","67301","0","0","0","N","0","0","0","6","67301","0","","1.0","1730.0","1","N","N","N","0","","0","0","1","3","2","N","1655","2","1","0","0","0","1","5","2","0","2","0","0","0","3","","","N","","","","","","","","","",""
"2022070026","1452","1","0","0","0","0","0","0","0","0","4","0","","67","7","2022","1","40.000473","-75.119614","1452","6","0","0","0","0","0","1","0","0","","0","0","0","14","1","2","","1","0","40 00:01.702","","0","75 07:10.610","3","0","0","0","67301","0","0","0","N","0","0","0","2","67301","0","","1.0","","1","N","N","N","0","","2","0","0","3","3","","1447","2","2","0","0","0","0","0","2","1","2","0","0","0","3","03","","N","","","","","","","","","",""
"2022059546","0044","2","0","0","0","0","0","0","0","0","4","0","","67","6","2022","3","39.963363","-75.187418","0042","6","0","0","1","0","0","0","0","0","","0","0","0","0","6","4","","1","1","39 57:48.108","1","0","75 11:14.703","4","0","0","0","67301","0","0","0","N","0","0","0","5","67507","4","","1.0","151.0","1","N","N","N","0","","0","0","0","3","2","N","40","2","4","0","0","0","0","0","2","0","2","0","0","0","3","03","","N","","","","","","","","","",""
"2022044178","2205","3","0","0","0","0","0","0","0","0","2","0","","67","5","2022","1","40.012831","-75.071975","2151","6","0","0","0","0","0","0","0","0","","0","0","0","21","3","0","N","0","0","40 00:46.190","","0","75 04:19.109","9","0","0","0","67301","0","0","0","N","0","0","0","1","67301","0","","6.0","","1","N","N","N","0","","0","0","0","0","0","","2143","3","0","0","0","0","0","1","2","0","3","0","0","0","4","04","","N","","","","","","","","","",""
"2022062127","0334","1","0","0","0","0","0","0","0","0","7","0","","67","6","2022","4","39.993693","-75.199342","0329","6","0","0","0","0","0","0","0","0","","0","0","0","3","3","0","N","0","2","39 59:37.293","4","0","75 11:57.631","9","0","0","0","67301","0","0","0","N","0","0","0","1","68K01","0","","4.0","410.0","1","N","N","N","0","","0","0","0","0","0","Y","329","1","0","0","0","0","0","1","2","0","1","0","0","0","3","03","","N","","","","","","","","","",""
"2022047205","1215","1","0","0","0","0","0","0","0","0","5","0","","67","5","2022","4","40.019822","-75.110512","1215","6","0","0","0","0","0","0","0","0","","0","0","0","12","1","1","","2","0","40 01:11.359","","0","75 06:37.843","3","0","0","1","67301","0","0","0","N","0","0","0","2","67301","0","","1.0","","1","N","N","N","0","","1","0","0","3","2","","1200","2","1","0","0","0","0","0","2","0","2","0","0","0","3","03","","N","","","","","","","","","",""
"2022055630","0051","1","0","0","0","0","0","0","0","0","5","0","","67","4","2022","3","39.957403","-75.21647","0051","6","0","0","0","0","0","0","0","0","","0","0","0","22","3","1","N","0","0","39 57:26.652","","0","75 12:59.292","8","0","0","0","67301","0","0","0","N","0","0","0","3","67301","0","","1.0","","1","N","N","N","0","","0","0","1","0","0","","2241","2","1","2","0","0","1","0","2","0","2","0","0","0","3","03","","N","","","","","","","","","",""
"2022072235","2304","1","0","0","0","0","0","0","0","0","4","0","","67","8","2022","5","40.066303","-75.180518","2253","6","0","0","0","0","0","0","0","0","","0","0","0","22","3","0","","1","2","40 03:58.690","4","0","75 10:49.864","0","0","0","0","67301","0","0","0","N","0","0","0","2","67301","0","","1.0","20.0","9","N","N","N","0","","0","0","1","3","3","N","2252","2","0","0","0","0","0","0","2","0","2","0","0","0","7","07","","N","","","","","","","","","",""
"2022070499","1756","0","0","0","0","0","0","0","0","0","4","0","","67","7","2022","5","40.045531","-75.001741","1733","6","0","0","0","0","0","2","0","0","","0","0","0","17","1","6","N","0","1","40 02:43.911","2","0","75 00:06.267","4","0","0","0","67301","0","0","0","Y","0","0","0","7","68K01","6","","1.0","1959.0","1","N","N","N","0","","0","0","3","0","0","N","1731","3","6","0","0","0","0","0","2","0","3","0","0","0","3","","","N","","","","","","","","","",""
"2022070064","0940","0","0","0","0","0","0","0","0","0","4","1","","67","7","2022","3","39.980903","-75.246543","0938","6","0","0","0","0","0","0","0","0","","0","1","0","9","1","2","","5","0","39 58:51.249","","0","75 14:47.555","2","0","0","0","67301","0","0","0","N","0","0","0","7","67301","1","","1.0","","1","N","N","N","0","","0","1","1","3","2","","938","3","2","2","0","1","0","0","2","0","3","0","0","0","3","","","N","","","","","","","","","",""
"2022060112","1850","1","0","0","0","0","0","0","0","0","4","0","","67","6","2022","1","40.034746","-75.130874","1843","6","0","0","0","1","0","0","0","0","","0","0","0","18","1","1","","1","0","40 02:05.085","","0","75 07:51.146","4","0","0","0","67301","0","0","0","N","0","0","0","5","67301","1","","1.0","","1","N","N","N","1","","0","0","2","3","2","","1805","4","1","0","0","0","0","1","2","0","4","0","0","0","3","03","","N","","","","","","","","","",""
"2022057911","0128","1","0","0","0","0","0","0","0","0","7","0","","67","5","2022","1","39.999828","-75.08019","0122","6","0","0","0","0","0","0","0","0","","0","0","0","1","3","0","N","0","1","39 59:59.379","2","0","75 04:48.684","0","0","0","0","67301","0","0","0","N","0","0","0","1","68K01","0","","2.0","236.0","1","N","N","N","0","","0","0","0","0","0","N","120","1","0","0","0","0","0","0","2","0","1","0","0","0","3","","","N","","","","","","","","","",""
"2022056855","1624","0","0","0","0","0","0","0","0","0","5","1","","67","5","2022","6","39.945574","-75.142598","1615","6","0","0","0","0","0","0","0","0","","0","1","0","16","1","2","N","0","1","39 56:44.065","2","0","75 08:33.353","8","0","0","0","67301","0","0","0","N","0","0","0","2","68K01","0","","1.0","1844.0","9","N","N","N","0","","0","0","1","0","0","N","1605","2","2","1","0","0","2","0","2","0","2","0","0","0","7","","","N","","","","","","","","","",""
"2022072194","1618","1","0","0","0","0","0","0","0","0","8","0","","67","4","2022","5","40.034549","-75.078894","1606","6","0","0","0","0","0","0","0","0","","0","0","0","16","1","1","","1","0","40 02:04.376","","0","75 04:44.018","3","0","0","0","67301","1","0","0","N","1","0","0","2","67301","0","","1.0","","9","N","N","N","0","","1","0","0","3","3","","1604","2","1","0","0","0","0","0","2","0","1","1","0","0","7","04","","N","","","","","","","","","",""
"2022044761","0012","0","0","0","0","0","0","0","0","0","8","0","","67","5","2022","6","39.917312","-75.171291","1137","6","0","0","0","0","0","0","0","0","","0","0","0","23","3","1","","3","0","39 55:02.324","","0","75 10:16.649","3","0","0","0","67301","1","0","0","N","1","0","0","2","67301","0","","1.0","","9","N","N","N","0","","1","0","1","0","0","","2330","2","1","0","0","0","0","1","2","0","1","1","0","0","7","07","","N","","","","","","","","","",""
"2022044041","1229","0","0","0","0","0","0","0","0","0","8","0","","67","4","2022","6","39.992278","-75.119963","1228","6","0","0","0","0","0","0","0","0","","0","0","0","12","1","1","","1","0","39 59:32.200","","0","75 07:11.866","3","0","0","0","67301","1","0","0","N","1","0","0","2","67301","0","","1.0","","1","N","N","N","0","","1","0","0","3","3","","1225","2","1","0","0","0","0","0","2","1","1","1","0","0","3","03","","N","","","","","","","","","",""
"2022072812","0311","1","0","0","0","0","0","0","0","0","1","0","","67","7","2022","4","40.006299","-75.19717","0307","6","0","0","0","0","0","0","0","0","","0","0","0","3","2","4","N","0","1","40 00:22.676","4","0","75 11:49.812","3","0","0","0","67301","0","0","0","N","0","0","0","4","68K01","0","","1.0","400.0","1","N","N","N","0","","4","0","1","0","0","N","303","2","4","1","0","0","0","0","2","0","2","0","0","0","3","03","","N","","","","","","","","","",""
"2022062134","2302","1","0","0","0","0","0","0","0","0","1","0","","67","7","2022","1","39.928422","-75.196337","2254","6","0","0","1","0","0","1","0","0","","0","0","0","22","2","0","N","0","1","39 55:42.318","4","0","75 11:46.812","0","0","0","0","67301","0","0","0","N","0","0","0","4","68K01","0","","1.0","2336.0","1","N","N","N","0","","0","0","3","0","0","N","2244","4","0","0","0","0","0","0","2","0","4","0","0","0","3","03","","N","","","","","","","","","",""
"2022044139","0600","1","0","0","0","0","0","0","0","0","7","0","","67","5","2022","1","39.882437","-75.248503","0555","6","0","0","0","0","1","0","0","0","","0","0","0","5","5","1","N","0","1","39 52:56.772","2","2","75 14:54.612","3","0","0","0","67301","0","0","0","N","0","0","0","2","67301","0","","4.0","20.0","9","N","N","N","0","","1","0","0","0","0","N","547","1","1","1","0","0","0","0","2","0","1","0","0","0","7","04","","N","","","","","","","","","",""
"2022044276","1800","2","0","0","0","0","0","0","0","0","5","0","","67","5","2022","1","39.917472","-75.17575","1759","6","0","0","0","0","1","0","0","0","","0","0","0","17","1","2","N","0","0","39 55:02.900","","0","75 10:32.700","3","0","0","0","67301","0","0","0","N","0","0","0","3","67301","0","","1.0","","1","N","N","N","0","","1","0","0","0","0","","1758","2","2","0","0","0","1","0","2","0","2","0","0","0","3","03","","N","","","","","","","","","",""
"2022055595","0830","1","0","0","0","0","0","0","0","0","4","0","","67","5","2022","2","40.058141","-75.174302","0825","6","0","0","0","0","0","0","1","0","","0","0","0","8","1","1","","1","0","40 03:29.309","","0","75 10:27.487","8","0","0","0","67301","0","0","0","N","0","0","0","2","67301","0","","1.0","","9","N","N","N","0","","0","0","1","3","2","","805","2","1","0","0","0","1","0","2","0","2","0","0","0","7","","","N","","","","","","","","","",""
"2022047390","2104","0","0","0","1","0","0","0","0","0","8","0","","67","5","2022","6","40.040732","-75.017354","2103","6","0","0","0","0","0","0","0","0","","0","0","0","21","2","1","N","0","0","40 02:26.636","","0","75 01:02.476","3","0","0","0","67301","1","0","0","N","0","0","0","2","67301","0","","1.0","","9","N","N","N","1","","1","0","0","0","0","","2100","2","1","0","0","0","0","0","2","0","1","1","0","0","7","07","","N","","","","","","","","","",""
"2022044133","2126","1","0","0","0","0","0","0","0","0","4","0","","67","5","2022","7","40.004838","-75.165566","2126","6","0","0","1","0","0","0","0","0","","0","0","0","21","3","3","","1","1","40 00:17.416","5","1","75 09:56.037","3","0","0","0","67301","0","0","0","N","0","0","0","5","67301","0","","1.0","2230.0","9","N","N","N","0","","3","0","1","3","3","Y","2115","2","3","0","0","0","0","0","2","0","2","0","0","0","7","","","N","","","","","","","","","",""
"2022047787","1037","1","0","0","0","0","0","0","0","0","8","0","","67","5","2022","4","40.016389","-75.146667","1035","6","0","0","0","0","0","0","0","0","","0","0","0","10","1","1","N","0","0","40 00:59.000","","0","75 08:48.000","2","0","0","0","67301","1","0","1","N","1","0","1","2","67301","0","","1.0","","1","N","N","N","0","","0","1","0","0","0","","1035","2","1","1","0","0","0","0","2","0","1","1","0","1","3","04","","N","","","","","","","","","",""
"2022043853","1742","1","0","0","0","0","0","0","0","0","5","0","","67","5","2022","4","40.093325","-74.990144","1742","6","0","0","0","0","0","1","1","0","","0","0","0","17","1","1","N","0","0","40 05:35.970","","0","74 59:24.520","3","0","0","0","67301","0","0","0","N","0","0","0","2","67301","0","","1.0","","1","N","N","N","0","","1","0","1","0","0","","1730","2","1","0","0","0","0","0","2","0","2","0","0","0","3","03","","N","","","","","","","","","",""
"2022057027","0952","0","0","0","0","0","0","1","0","0","8","1","","67","6","2022","1","39.971303","-75.149789","0950","6","0","0","0","0","0","0","0","0","","0","0","0","9","1","1","N","0","0","39 58:16.690","","0","75 08:59.240","3","0","0","0","67301","1","0","0","N","1","0","0","2","67301","0","","1.0","","1","N","N","N","0","","1","0","0","0","0","","900","2","1","0","0","0","0","0","2","0","1","1","0","0","3","","","N","","","","","","","","","",""
"2022060802","0945","1","0","0","0","0","0","0","0","0","4","0","","67","6","2022","5","40.08448","-74.973652","0940","6","0","0","0","0","1","0","0","0","","0","0","0","9","1","1","","1","0","40 05:04.128","","0","74 58:25.148","3","0","0","0","67301","0","0","0","N","0","0","0","2","67301","0","","1.0","","1","N","N","N","0","","1","0","1","3","1","","930","2","1","0","0","0","0","0","2","0","2","0","0","0","3","03","","N","","","","","","","","","",""
"2022060117","0217","1","0","0","0","0","0","0","0","0","4","0","","67","6","2022","6","40.003986","-75.158916","0205","6","0","0","0","0","0","0","0","0","","0","0","0","0","3","1","","2","0","40 00:14.349","","0","75 09:32.097","3","0","0","0","67301","0","0","0","N","0","0","0","1","67301","0","","1.0","","1","N","N","N","0","","1","0","1","3","3","","30","2","1","1","0","0","0","0","2","0","2","0","0","0","3","03","","N","","","","","","","","","",""
"2022043295","0232","1","0","0","0","0","0","0","0","0","7","0","","67","5","2022","6","39.91412","-75.18757","0231","6","0","0","0","1","0","0","0","0","","0","0","0","2","3","0","N","0","2","39 54:50.832","3","3","75 11:15.251","0","0","0","0","67301","0","0","0","N","0","0","0","2","67501","0","","4.0","250.0","1","N","N","N","0","","0","0","0","0","0","N","231","1","0","0","0","0","0","0","2","0","1","0","0","0","3","03","","N","","","","","","","","","",""
"2022043991","1050","1","0","0","0","0","0","0","0","0","4","0","","67","5","2022","1","39.991604","-75.228061","0959","6","0","0","0","0","1","0","0","0","","0","0","0","9","1","0","","1","0","39 59:29.774","","0","75 13:41.019","0","0","0","0","67301","0","0","0","N","0","0","0","2","67301","0","","1.0","","1","N","N","N","0","","0","0","1","3","3","","916","2","0","2","0","0","0","0","2","0","2","0","0","0","4","04","","N","","","","","","","","","",""
"2022056847","1705","2","0","0","0","0","0","0","0","0","1","0","","67","5","2022","7","40.02603","-75.027838","1705","6","0","0","0","0","1","0","0","0","","0","0","0","16","1","0","N","0","0","40 01:33.709","","0","75 01:40.216","0","0","0","0","67301","0","0","0","N","0","0","0","2","68K01","0","","1.0","","9","N","N","N","0","","0","0","0","0","0","","1656","2","0","0","0","0","0","0","2","0","2","0","0","0","7","","","N","","","","","","","","","",""
"2022061053","2003","2","0","0","0","0","0","0","0","0","4","0","","67","6","2022","4","40.042934","-75.149956","2003","6","0","0","0","0","0","1","0","0","","0","0","0","20","1","0","","1","1","40 02:34.562","2","0","75 08:59.841","0","0","0","0","67301","0","0","0","N","0","0","0","3","67301","0","","1.0","2200.0","1","N","N","N","0","","0","0","0","3","3","N","2003","2","0","0","0","0","0","0","2","0","2","0","0","0","3","03","","N","","","","","","","","","",""
"2022055665","1100","2","0","0","0","0","0","0","0","0","4","0","","67","6","2022","5","39.970559","-75.149968","1057","6","0","0","0","0","1","0","0","0","","0","0","0","10","1","1","","1","0","39 58:14.012","","0","75 08:59.883","4","0","0","0","67301","0","0","0","N","0","0","0","4","67301","1","","1.0","","1","N","N","N","0","","0","0","0","3","2","","1050","2","1","0","0","0","0","0","2","0","2","0","0","0","3","03","","N","","","","","","","","","",""
"2022043739","0315","0","0","0","0","0","0","0","0","0","7","0","","67","5","2022","1","40.0386","-75.009746","0315","6","0","0","0","0","0","0","0","0","","0","0","0","2","3","2","N","0","0","40 02:18.959","","0","75 00:35.085","3","0","0","0","67301","0","0","0","N","0","0","0","2","68K01","0","","3.0","","9","N","N","N","0","","1","0","0","0","0","","237","1","2","0","0","0","1","0","2","1","1","0","0","0","7","07","","N","","","","","","","","","",""
"2022057894","2229","0","0","0","0","0","0","0","0","0","7","0","","67","5","2022","5","39.969946","-75.125451","2224","6","0","0","0","0","0","0","0","0","","0","0","0","22","3","0","","7","0","39 58:11.804","","2","75 07:31.625","0","0","0","0","67301","0","0","0","N","0","0","0","2","68K01","0","","7.0","","1","N","N","N","0","","0","0","1","0","0","","2213","1","0","0","0","0","0","0","2","0","1","0","0","0","3","03","","N","","","","","","","","","",""
"2022048715","1815","2","0","0","0","0","0","0","0","0","4","0","","67","5","2022","2","40.063314","-75.021792","1805","6","0","0","0","1","0","1","0","0","","0","0","0","18","1","1","N","0","0","40 03:47.930","","7","75 01:18.450","3","0","0","0","67301","0","0","0","N","0","0","0","2","67301","0","","1.0","","1","N","N","N","0","","1","0","0","0","0","","1800","2","1","0","0","0","0","0","2","0","2","0","0","0","3","03","","N","","","","","","","","","",""
"2022061936","1643","0","0","0","0","0","0","0","0","0","1","0","","67","6","2022","4","40.022711","-75.037101","1639","6","0","0","0","0","0","0","0","0","","0","0","0","16","1","1","N","0","0","40 01:21.760","","0","75 02:13.565","4","0","0","0","67301","0","0","0","N","0","0","0","2","68K01","1","","1.0","","1","N","N","N","0","","0","0","2","0","0","","1614","2","1","0","0","0","0","0","2","0","2","0","0","0","3","03","","N","","","","","","","","","",""
"2022057299","0100","0","0","0","1","0","0","0","0","0","8","0","","67","6","2022","2","39.915696","-75.162901","0042","6","0","0","0","0","0","0","0","0","","0","0","0","22","3","1","","1","0","39 54:56.507","","0","75 09:46.444","8","0","0","0","67301","1","0","0","N","0","0","0","2","67301","0","","1.0","","1","N","N","N","1","","0","0","0","3","2","","2200","2","1","0","0","0","1","0","2","0","1","1","0","0","3","03","","N","","","","","","","","","",""
"2022055907","0901","1","0","0","0","0","0","0","0","0","7","0","","67","5","2022","5","39.970966","-75.124561","0849","6","0","0","0","0","0","0","0","0","","0","0","0","8","1","1","N","0","1","39 58:15.479","1","0","75 07:28.418","3","0","0","0","67301","0","0","0","N","0","0","0","2","68K01","0","","4.0","924.0","1","N","N","N","0","","1","0","0","0","0","N","847","1","1","1","0","0","0","0","2","0","1","0","0","0","3","03","","N","","","","","","","","","",""
"2022044733","0640","0","0","0","0","0","0","0","0","0","4","0","","67","5","2022","2","40.032438","-75.107579","0635","6","0","0","0","0","0","0","0","0","","0","0","0","6","1","0","","2","0","40 01:56.776","","0","75 06:27.284","0","0","0","0","67301","0","0","0","N","0","0","0","2","67301","0","","1.0","","1","N","N","N","0","","0","0","1","3","3","","620","2","0","0","0","0","0","0","2","1","2","0","0","0","3","03","","N","","","","","","","","","",""
"2022043946","0120","1","0","0","0","0","0","0","0","0","4","0","","67","5","2022","5","40.021845","-75.094055","0110","6","0","0","0","0","0","0","0","0","","0","0","0","1","3","1","","3","0","40 01:18.641","","0","75 05:38.598","3","0","0","0","67301","0","0","0","N","0","0","0","2","67301","0","","1.0","","1","N","N","N","0","","1","0","0","3","2","","110","2","1","0","0","0","0","0","2","1","2","0","0","0","3","03","","N","","","","","","","","","",""
"2022060080","1430","2","0","0","0","0","0","0","0","0","5","0","","67","6","2022","1","40.014767","-75.138978","1430","6","0","0","0","0","1","0","0","0","","0","0","0","8","1","0","N","0","0","40 00:53.160","","0","75 08:20.320","0","0","0","0","67301","0","0","0","N","0","0","0","1","67301","0","","6.0","","1","N","N","N","0","","0","0","0","0","0","","837","2","0","0","0","0","0","0","2","0","2","0","0","0","3","03","","N","","","","","","","","","",""
"2022067174","1741","2","0","0","0","0","0","0","0","0","5","0","","67","6","2022","4","39.899292","-75.176559","1728","6","0","0","0","0","0","0","0","0","","0","0","0","17","1","2","N","0","2","39 53:57.450","2","3","75 10:35.613","3","0","0","0","67301","0","0","0","N","0","0","0","2","68K01","0","","1.0","1830.0","1","N","N","N","0","","1","0","0","0","0","N","1725","2","2","0","0","0","1","0","2","0","2","0","0","0","3","","","N","","","","","","","","","",""
"2022057945","2324","0","0","0","0","0","0","0","0","0","7","0","","67","6","2022","3","39.960037","-75.18002","2324","6","0","0","0","0","0","1","0","0","","0","0","0","23","3","0","","7","1","39 57:36.133","3","2","75 10:48.072","0","0","0","0","67301","0","0","0","N","0","0","0","1","68K01","0","","2.0","2345.0","9","N","N","N","0","","0","0","1","0","0","N","2316","1","0","1","0","0","0","0","2","0","1","0","0","0","7","07","","N","","","","","","","","","",""
"2022056497","0705","2","0","0","0","0","0","0","0","0","7","0","","67","5","2022","7","40.035109","-75.018464","0649","6","0","0","0","0","0","1","0","0","","0","0","0","6","1","0","N","0","1","40 02:06.393","2","3","75 01:06.472","0","0","0","0","67301","0","0","0","N","0","0","0","3","68K01","0","","3.0","730.0","8","N","N","N","1","","0","0","0","0","0","N","640","3","0","0","0","0","0","0","2","0","3","0","0","0","4","04","","N","","","","","","","","","",""
"2022021847","","2","0","0","0","0","0","0","0","0","2","0","","67","2","2022","1","39.988041","-75.105912","","6","0","0","0","0","0","0","0","0","","0","0","0","0","3","1","","1","0","39 59:16.946","","0","75 06:21.283","8","0","0","0","67301","0","0","0","N","0","0","0","2","00000","0","","1.0","","1","","","N","0","","0","0","0","3","2","","0","2","1","0","0","0","1","0","2","0","2","0","0","0","3","","","N","","","","","","","","","",""
"2022055653","0720","3","0","0","0","0","0","0","0","0","6","0","","67","5","2022","1","39.998717","-75.130871","0705","6","0","0","0","0","0","1","0","0","","0","0","0","7","1","0","N","0","0","39 59:55.381","","0","75 07:51.134","0","0","0","0","67301","0","0","0","N","0","0","0","1","67301","0","","6.0","","1","N","N","N","0","","0","0","1","0","0","","700","4","0","0","0","0","0","0","2","0","4","0","0","0","3","03","","N","","","","","","","","","",""
"2022061056","1409","1","0","0","0","0","0","0","0","0","7","0","","67","7","2022","6","40.033364","-75.150872","1409","6","0","0","0","0","0","0","0","0","","0","0","0","14","1","1","N","0","0","40 02:00.110","","0","75 09:03.140","3","0","0","0","67301","0","0","0","N","0","0","0","1","67301","0","","4.0","","1","N","N","N","0","","1","0","0","0","0","","1408","1","1","1","0","0","0","0","2","0","1","0","0","0","3","03","","N","","","","","","","","","",""
"2022072905","2250","0","0","0","0","0","0","0","0","0","1","0","","67","7","2022","2","40.032101","-75.021297","2220","6","0","0","0","0","0","0","0","0","","0","0","0","22","3","0","N","0","1","40 01:55.563","2","0","75 01:16.670","0","0","0","0","67301","0","0","0","N","0","0","0","2","68K01","0","","4.0","45.0","9","N","N","N","1","","0","0","1","0","0","Y","2218","2","0","0","0","0","0","0","2","0","2","0","0","0","7","","","N","","","","","","","","","",""
"2022072216","0930","2","0","0","0","0","0","0","0","0","4","0","","67","7","2022","7","40.092133","-74.981881","0925","6","1","0","0","0","0","0","0","0","","0","0","0","9","1","1","","2","0","40 05:31.677","","0","74 58:54.773","4","0","0","0","67301","0","0","0","N","0","0","0","3","67301","1","","1.0","","1","N","N","N","0","","0","0","0","3","2","","915","2","1","0","0","0","0","0","2","0","2","0","0","0","3","03","","N","","","","","","","","","",""