"CRN","ARRIVAL_TM","AUTOMOBILE_COUNT","BELTED_DEATH_COUNT","BELTED_SUSP_SERIOUS_INJ_COUNT","BICYCLE_COUNT","BICYCLE_DEATH_COUNT","BICYCLE_SUSP_SERIOUS_INJ_COUNT","BUS_COUNT","CHLDPAS_DEATH_COUNT","CHLDPAS_SUSP_SERIOUS_INJ_COUNT","COLLISION_TYPE","COMM_VEH_COUNT","CONS_ZONE_SPD_LIM","COUNTY","CRASH_MONTH","CRASH_YEAR","DAY_OF_WEEK","DEC_LATITUDE","DEC_LONGITUDE","DISPATCH_TM","DISTRICT","DRIVER_COUNT_16YR","DRIVER_COUNT_17YR","DRIVER_COUNT_18YR","DRIVER_COUNT_19YR","DRIVER_COUNT_20YR","DRIVER_COUNT_50_64YR","DRIVER_COUNT_65_74YR","DRIVER_COUNT_75PLUS","EST_HRS_CLOSED","FATAL_COUNT","HEAVY_TRUCK_COUNT","HORSE_BUGGY_COUNT","HOUR_OF_DAY","ILLUMINATION","INJURY_COUNT","INTERSECTION_RELATED","INTERSECT_TYPE","LANE_CLOSED","LATITUDE","LN_CLOSE_DIR","LOCATION_TYPE","LONGITUDE","MAX_SEVERITY_LEVEL","MCYCLE_DEATH_COUNT","MCYCLE_SUSP_SERIOUS_INJ_COUNT","MOTORCYCLE_COUNT","MUNICIPALITY","NONMOTR_COUNT","NONMOTR_DEATH_COUNT","NONMOTR_SUSP_SERIOUS_INJ_COUNT","NTFY_HIWY_MAINT","PED_COUNT","PED_DEATH_COUNT","PED_SUSP_SERIOUS_INJ_COUNT","PERSON_COUNT","POLICE_AGCY","POSSIBLE_INJ_COUNT","RDWY_SURF_TYPE_CD","RELATION_TO_ROAD","ROADWAY_CLEARED","ROAD_CONDITION","SCH_BUS_IND","SCH_ZONE_IND","SECONDARY_CRASH","SMALL_TRUCK_COUNT","SPEC_JURIS_CD","SUSP_MINOR_INJ_COUNT","SUSP_SERIOUS_INJ_COUNT","SUV_COUNT","TCD_FUNC_CD","TCD_TYPE","TFC_DETOUR_IND","TIME_OF_DAY","TOTAL_UNITS","TOT_INJ_COUNT","UNBELTED_OCC_COUNT","UNB_DEATH_COUNT","UNB_SUSP_SERIOUS_INJ_COUNT","UNK_INJ_DEG_COUNT","UNK_INJ_PER_COUNT","URBAN_RURAL","VAN_COUNT","VEHICLE_COUNT","VULNERABLE_ROAD_USER_COUNT","VULNERABLE_ROAD_USER_DEATH_COUNT","VULNERABLE_ROAD_USER_SER_INJ_COUNT","WEATHER1","WEATHER2","WORKERS_PRES","WORK_ZONE_IND","WORK_ZONE_LOC","WORK_ZONE_TYPE","WZ_CLOSE_DETOUR","WZ_FLAGGER","WZ_LAW_OFFCR_IND","WZ_LN_CLOSURE","WZ_MOVING","WZ_OTHER","WZ_SHLDER_MDN","WZ_WORKERS_INJ_KILLED"
"2022073406","2134","2","0","0","0","0","0","0","0","0","4","0","","67","8","2022","2","40.097383","-75.018422","2133","6","0","1","0","0","0","0","0","0","","0","0","0","21","3","1","N","0","0","40 05:50.580","","7","75 01:06.320","3","0","0","0","67301","0","0","0","N","0","0","0","2","67301","0","","1.0","","1","N","N","N","0","","1","0","0","0","0","","2123","2","1","0","0","0","0","0","2","0","2","0","0","0","3","03","","N","","","","","","","","","",""
"2022060685","0143","0","0","0","0","0","0","0","0","0","7","0","","67","6","2022","5","40.000378","-75.156058","0142","6","0","0","1","0","0","0","0","0","","0","0","0","1","3","0","N","0","1","40 00:01.360","4","0","75 09:21.810","0","0","0","0","67301","0","0","0","N","0","0","0","1","67301","0","","4.0","503.0","1","N","N","N","0","","0","0","1","0","0","N","142","2","0","1","0","0","0","0","2","1","2","0","0","0","3","03","","N","","","","","","","","","",""
"2022069875","2133","0","0","0","0","0","0","0","0","0","8","0","","67","7","2022","7","40.047297","-75.162961","2132","6","0","0","0","0","0","0","0","0","","0","0","0","21","3","1","N","0","0","40 02:50.270","","0","75 09:46.660","8","0","0","0","67301","1","0","0","N","1","0","0","2","67301","0","","2.0","","1","N","N","N","0","","0","0","0","0","0","","2130","2","1","0","0","0","1","1","2","0","1","1","0","0","3","03","","N","","","","","","","","","",""
"2022057144","0147","1","0","0","0","0","0","0","0","0","7","0","","67","6","2022","2","39.964092","-75.184328","0147","6","0","0","0","0","0","0","0","0","","0","0","0","1","3","0","N","0","1","39 57:50.731","3","3","75 11:03.579","0","0","0","0","67301","0","0","0","N","0","0","0","0","67301","0","","5.0","347.0","1","N","N","N","0","","0","0","0","0","0","N","142","1","0","0","0","0","0","0","2","0","1","0","0","0","3","03","","N","","","","","","","","","",""
"2022043904","0224","1","0","0","0","0","0","0","0","0","7","0","","67","5","2022","1","40.036044","-75.18633","0217","6","0","0","0","0","0","1","0","0","","0","0","0","2","3","1","","2","0","40 02:09.760","","0","75 11:10.789","8","0","0","0","67301","0","0","0","N","0","0","0","1","67301","0","","9.0","","1","N","N","N","0","","0","0","0","3","3","","217","1","1","0","0","0","1","0","2","0","1","0","0","0","3","03","","N","","","","","","","","","",""
"2022062308","0954","3","0","0","0","0","0","0","0","0","1","0","","67","5","2022","7","39.967405","-75.189101","0946","6","0","0","0","0","1","0","0","0","","0","0","0","9","1","0","N","0","0","39 58:02.658","","0","75 11:20.762","0","0","0","0","67301","0","0","0","N","0","0","0","3","68K01","0","","1.0","","1","N","N","N","0","","0","0","0","0","0","","943","3","0","0","0","0","0","0","2","0","3","0","0","0","3","","","N","","","","","","","","","",""
"2022050558","1413","1","0","1","0","0","0","0","0","0","4","0","","67","5","2022","1","39.97406","-75.22773","1412","6","0","0","0","0","0","0","0","0","","0","0","0","14","1","1","","1","2","39 58:26.616","6","0","75 13:39.827","2","0","0","0","67301","0","0","0","N","0","0","0","2","67301","0","","1.0","1600.0","1","N","N","N","0","","0","1","1","3","3","N","1411","2","1","0","0","0","0","1","2","0","2","0","0","0","3","03","","N","","","","","","","","","",""
"2022043821","1947","2","0","0","0","0","0","0","0","0","5","0","","67","5","2022","1","40.020844","-75.214292","1941","6","0","0","0","0","0","0","0","0","","0","0","0","19","4","1","N","0","0","40 01:15.040","","0","75 12:51.450","8","0","0","0","67301","0","0","0","N","0","0","0","2","67301","0","","6.0","","1","N","N","Y","0","","0","0","2","0","0","","1939","5","1","1","0","0","1","1","2","1","5","0","0","0","3","03","","N","","","","","","","","","",""
"2022047486","2133","1","0","0","0","0","0","0","0","0","4","0","","67","5","2022","6","40.008364","-75.170405","2133","6","0","0","0","0","0","0","0","0","","0","0","0","13","1","0","","2","0","40 00:30.111","","0","75 10:13.459","9","0","0","0","67301","0","0","0","N","0","0","0","3","67301","0","","1.0","","1","N","N","N","0","","0","0","1","3","2","","1310","3","0","0","0","0","0","1","2","0","3","0","0","0","3","03","","N","","","","","","","","","",""
"2022043814","1405","1","0","0","0","0","0","0","0","0","5","0","","67","5","2022","7","39.937333","-75.164694","1403","6","0","0","0","0","0","0","0","0","","0","0","0","13","1","0","N","0","0","39 56:14.400","","0","75 09:52.900","0","0","0","0","67301","0","0","0","N","0","0","0","1","67301","0","","6.0","","9","N","N","N","0","","0","0","1","0","0","","1359","2","0","1","0","0","0","0","2","0","2","0","0","0","7","07","","N","","","","","","","","","",""
"2022045143","2300","0","0","0","0","0","0","0","0","0","8","0","","67","5","2022","3","39.992931","-75.124947","2258","6","0","0","0","0","0","0","0","0","","0","0","0","22","3","1","N","0","0","39 59:34.550","","0","75 07:29.810","3","0","0","0","67301","1","0","0","N","1","0","0","2","67301","0","","1.0","","1","N","N","N","0","","1","0","0","0","0","","2256","2","1","0","0","0","0","0","2","0","1","1","0","0","3","","","N","","","","","","","","","",""
"2022043881","1047","3","0","0","0","0","0","0","0","0","1","0","","67","5","2022","2","39.918286","-75.209044","1035","6","0","0","0","0","0","0","0","0","","0","0","0","10","1","1","","2","0","39 55:05.829","","0","75 12:32.558","3","0","0","0","67301","0","0","0","N","0","0","0","3","67301","0","","1.0","","1","N","N","N","0","","1","0","0","3","2","","1009","3","1","1","0","0","0","0","2","0","3","0","0","0","3","03","","N","","","","","","","","","",""
"2022043893","0150","1","0","0","0","0","0","0","0","0","7","0","","67","5","2022","7","39.904045","-75.240114","0145","6","0","0","0","0","0","0","0","0","","0","0","0","1","3","1","","1","0","39 54:14.563","","0","75 14:24.409","3","0","0","0","67301","0","0","0","N","0","0","0","1","67301","0","","3.0","","9","N","N","N","0","","1","0","0","3","2","","140","1","1","0","0","0","0","0","2","0","1","0","0","0","7","07","","N","","","","","","","","","",""
"2022047918","2216","1","0","0","0","0","0","0","0","0","7","0","","67","5","2022","7","39.912444","-75.173944","2216","6","0","0","0","0","0","0","0","0","","0","0","0","22","3","0","","7","1","39 54:44.800","2","8","75 10:26.200","0","0","0","0","67301","0","0","0","N","0","0","0","2","67501","0","","4.0","2246.0","1","N","N","N","0","","0","0","0","0","0","N","2216","1","0","0","0","0","0","0","2","0","1","0","0","0","3","","","N","","","","","","","","","",""
"2022056885","0655","0","0","0","0","0","0","0","0","0","1","1","","67","6","2022","6","40.007289","-75.076114","0642","6","0","0","0","0","0","0","0","0","","0","1","0","6","1","0","N","0","0","40 00:26.240","","0","75 04:34.010","0","0","0","0","67301","0","0","0","N","0","0","0","2","68K01","0","","1.0","","1","N","N","N","1","","0","0","0","0","0","","631","2","0","0","0","0","0","0","2","0","2","0","0","0","3","","","N","","","","","","","","","",""
"2022043829","0152","2","0","0","0","0","0","0","0","0","1","0","","67","5","2022","1","39.948691","-75.158986","0149","6","0","0","0","0","0","0","0","0","","0","0","0","1","3","3","","1","0","39 56:55.289","","0","75 09:32.349","3","0","0","0","67301","0","0","0","N","0","0","0","4","67301","1","","1.0","","1","N","N","N","1","","2","0","0","3","2","","113","3","3","0","0","0","0","0","2","0","3","0","0","0","3","","","N","","","","","","","","","",""
"2022044135","2047","1","0","0","1","0","0","0","0","0","8","0","","67","5","2022","1","40.020948","-75.150383","2047","6","0","0","0","0","0","0","0","0","","0","0","0","19","1","1","","1","0","40 01:15.412","","0","75 09:01.378","3","0","0","0","67301","1","0","0","N","0","0","0","2","67301","0","","1.0","","1","N","N","N","0","","1","0","0","0","0","","1945","2","1","0","0","0","0","0","2","0","1","1","0","0","3","","","N","","","","","","","","","",""
"2022048299","2200","0","0","0","0","0","0","0","0","0","7","0","","67","5","2022","2","40.020033","-75.200786","2159","6","0","0","0","0","0","0","0","0","","0","0","0","21","3","1","N","0","0","40 01:12.120","","0","75 12:02.830","8","0","0","1","67301","0","0","0","N","0","0","0","1","67301","0","","4.0","","1","N","N","N","0","","0","0","0","0","0","","2159","1","1","0","0","0","1","0","2","0","1","0","0","0","3","03","","N","","","","","","","","","",""
"2022055923","1350","0","0","0","0","0","0","0","0","0","1","0","","67","6","2022","7","39.965462","-75.185903","1332","6","0","0","0","0","0","1","0","0","","0","0","0","13","1","1","N","0","0","39 57:55.663","","0","75 11:09.251","4","0","0","0","67301","0","0","0","N","0","0","0","3","68K01","1","","1.0","","1","N","N","N","1","","0","0","2","0","0","","1326","3","1","0","0","0","0","0","2","0","3","0","0","0","3","03","","N","","","","","","","","","",""
"2022047214","2118","0","0","0","0","0","0","0","0","0","4","0","","67","5","2022","5","40.015043","-75.135168","2116","6","0","0","1","0","0","0","0","0","","0","0","0","21","1","2","","1","2","40 00:54.154","6","0","75 08:06.604","2","0","0","0","67301","0","0","0","N","0","0","0","3","67301","0","","1.0","2230.0","1","N","N","N","0","","0","2","1","3","2","Y","2115","2","2","1","0","0","0","0","2","0","2","0","0","0","3","","","N","","","","","","","","","",""
"2022044122","2320","1","0","0","0","0","0","0","0","0","4","0","","67","5","2022","3","40.011261","-75.175281","2316","6","0","0","0","0","0","0","0","0","","0","0","0","20","3","2","N","0","0","40 00:40.540","","7","75 10:31.010","8","0","0","0","67301","0","0","0","N","0","0","0","4","67301","0","","1.0","","1","N","N","N","0","","0","0","0","3","3","","2033","2","2","1","0","0","2","1","2","0","2","0","0","0","3","","","N","","","","","","","","","",""
"2022043807","1300","0","0","0","1","0","0","0","0","0","8","0","","67","5","2022","5","40.06845","-75.067628","1230","6","0","0","0","0","0","0","0","0","","0","0","0","12","1","1","N","0","0","40 04:06.420","","0","75 04:03.460","3","0","0","0","67301","1","0","0","N","0","0","0","2","67301","0","","1.0","","99","N","N","Y","0","","1","0","1","0","0","","1230","2","1","0","0","0","0","0","2","0","1","1","0","0","3","","","N","","","","","","","","","",""
"2022056804","0557","1","0","0","0","0","0","0","0","0","1","0","","67","6","2022","4","40.035494","-75.123164","0552","6","0","0","0","0","0","0","0","0","","0","0","0","15","1","0","N","0","0","40 02:07.777","","0","75 07:23.389","0","0","0","0","67301","0","0","0","N","0","0","0","2","67301","0","","1.0","","1","N","N","Y","0","","0","0","1","0","0","","1500","2","0","2","0","0","0","0","2","0","2","0","0","0","3","03","","N","","","","","","","","","",""
"2022056864","0750","0","0","0","0","0","0","1","0","0","1","1","","67","6","2022","2","39.882148","-75.245746","0723","6","0","0","0","0","0","1","0","0","","0","0","0","7","1","1","N","0","0","39 52:55.733","","0","75 14:44.685","8","0","0","0","67301","0","0","0","N","0","0","0","27","68K01","0","","1.0","","1","Y","N","N","0","","0","0","1","0","0","","713","2","1","0","0","0","1","0","2","0","2","0","0","0","3","","","N","","","","","","","","","",""
"2022044087","1000","0","0","0","0","0","0","0","0","0","4","0","","67","5","2022","2","39.990917","-75.136333","1000","6","0","0","0","0","0","1","0","0","","0","0","0","14","1","2","N","0","0","39 59:27.300","","7","75 08:10.800","4","0","0","0","67301","0","0","0","N","0","0","0","3","67301","1","","1.0","","1","N","N","N","0","","0","0","1","0","0","","1440","2","2","0","0","0","1","0","2","1","2","0","0","0","3","03","","N","","","","","","","","","",""
"2022047641","0309","4","0","0","0","0","0","0","0","0","5","0","","67","5","2022","1","39.948211","-75.235533","0301","6","0","0","0","0","0","0","0","0","","0","0","0","2","3","0","N","0","0","39 56:53.560","","0","75 14:07.920","0","0","0","0","67301","0","0","0","N","0","0","0","1","67301","0","","6.0","","9","N","N","N","0","","0","0","1","0","0","","258","7","0","0","0","0","0","0","2","2","7","0","0","0","7","07","","N","","","","","","","","","",""
"2022021837","","1","0","0","0","0","0","0","0","0","4","0","","67","2","2022","6","40.016994","-75.188321","","6","0","0","0","0","0","0","0","1","","0","0","0","17","1","0","","1","0","40 01:01.180","","0","75 11:17.957","0","0","0","0","67301","0","0","0","N","0","0","0","2","00000","0","","1.0","","1","","","N","0","","0","0","0","3","2","","1700","2","0","1","0","0","0","0","2","0","2","0","0","0","3","","","N","","","","","","","","","",""
"2022043813","2158","3","0","0","0","0","0","0","0","0","5","0","","67","5","2022","1","39.922419","-75.159883","2158","6","0","0","0","0","0","0","0","0","","0","0","0","21","3","1","N","0","2","39 55:20.710","2","0","75 09:35.580","3","0","0","0","67301","0","0","0","N","0","0","0","1","67301","0","","6.0","2300.0","1","N","N","N","0","","1","0","1","0","0","Y","2150","4","1","0","0","0","0","0","2","0","4","0","0","0","3","03","","N","","","","","","","","","",""
"2022062679","1258","1","0","0","0","0","0","0","0","0","7","0","","67","6","2022","3","39.976546","-75.196623","1250","6","0","0","0","0","0","0","0","0","","0","0","0","12","1","0","","6","1","39 58:35.567","1","2","75 11:47.843","0","0","0","0","67301","0","0","0","N","0","0","0","2","68K01","0","","4.0","1340.0","8","N","N","N","1","","0","0","0","3","2","N","1246","2","0","0","0","0","0","0","2","0","2","0","0","0","3","03","","N","","","","","","","","","",""
"2022055843","1610","0","0","0","0","0","0","0","0","0","5","0","","67","6","2022","4","40.063163","-75.042589","1601","6","0","0","0","0","0","0","0","0","","0","0","0","15","1","1","N","0","0","40 03:47.385","","0","75 02:33.319","8","0","0","1","67301","0","0","0","N","0","0","0","2","67301","0","","1.0","","1","N","N","N","0","","0","0","1","0","0","","1557","2","1","0","0","0","1","0","2","0","2","0","0","0","3","03","","N","","","","","","","","","",""
"2022056490","1335","1","0","0","0","0","0","0","0","0","4","1","","67","6","2022","6","40.041834","-75.192133","1307","6","0","0","1","0","0","0","0","0","","0","1","0","12","1","1","","1","1","40 02:30.603","7","0","75 11:31.679","4","0","0","0","67301","0","0","0","N","0","0","0","3","67301","1","","1.0","1300.0","1","N","N","N","0","","0","0","0","3","2","N","1236","2","1","0","0","0","0","0","2","0","2","0","0","0","3","","","N","","","","","","","","","",""
"2022044134","1700","1","0","0","0","0","0","0","0","0","4","0","","67","5","2022","1","40.003661","-75.168915","1614","6","0","0","0","0","0","1","0","1","","0","0","0","14","1","1","","5","0","40 00:13.178","","0","75 10:08.095","3","0","0","0","67301","0","0","0","N","0","0","0","4","67301","0","","1.0","","1","N","N","N","1","","1","0","2","3","2","","1412","4","1","0","0","0","0","1","2","0","4","0","0","0","3","03","","N","","","","","","","","","",""
"2022043866","0858","1","0","0","0","0","0","0","0","0","4","0","","67","5","2022","3","39.966583","-75.179556","0855","6","0","0","0","0","0","0","0","0","","0","0","0","8","1","1","","1","0","39 57:59.700","","0","75 10:46.400","3","0","0","1","67301","0","0","0","N","0","0","0","2","67301","0","","1.0","","1","N","N","N","0","","1","0","0","3","2","","850","2","1","1","0","0","0","0","2","0","2","0","0","0","3","03","","N","","","","","","","","","",""
"2022048485","0810","3","0","0","0","0","0","0","0","0","4","0","","67","5","2022","3","40.070691","-75.162038","0805","6","0","0","0","0","0","0","0","0","","0","0","0","8","1","1","","1","0","40 04:14.487","","0","75 09:43.335","3","0","0","0","67301","0","0","0","N","0","0","0","5","67301","0","","1.0","","1","N","N","N","0","","1","0","0","3","3","","801","3","1","2","0","0","0","3","2","0","3","0","0","0","3","04","","N","","","","","","","","","",""
"2022043840","0226","2","0","0","0","0","0","0","0","0","2","0","","67","5","2022","7","40.078117","-75.036565","0220","6","0","0","0","0","0","0","0","0","","0","0","0","2","3","0","N","0","0","40 04:41.221","","0","75 02:11.635","0","0","0","0","67301","0","0","0","N","0","0","0","1","67301","0","","6.0","","9","N","N","N","0","","0","0","1","0","0","","211","3","0","0","0","0","0","0","2","0","3","0","0","0","7","07","","N","","","","","","","","","",""
"2022045211","1820","0","0","0","0","0","0","0","0","0","4","0","","67","5","2022","4","39.935848","-75.177014","1818","6","0","0","0","0","0","0","0","0","","0","0","0","18","1","1","","1","2","39 56:09.052","1","0","75 10:37.250","8","0","0","1","67301","0","0","0","N","0","0","0","2","67301","0","","1.0","1904.0","1","N","N","N","0","","0","0","1","3","3","Y","1818","2","1","0","0","0","1","0","2","0","2","0","0","0","3","","","N","","","","","","","","","",""
"2022057895","0429","1","0","0","0","0","0","0","0","0","1","0","","67","5","2022","6","39.950966","-75.182896","0423","6","0","0","0","0","0","0","0","0","","0","0","0","4","3","2","N","0","2","39 57:03.477","4","0","75 10:58.425","4","0","0","0","67301","0","0","0","N","0","0","0","3","68K01","1","","1.0","500.0","1","N","N","Y","1","","0","0","1","0","0","N","421","3","2","1","0","0","1","0","2","0","3","0","0","0","3","","","N","","","","","","","","","",""
"2022057910","2242","1","0","0","0","0","0","0","0","0","5","0","","67","5","2022","7","39.981837","-75.207436","2239","6","0","0","0","1","0","0","0","0","","0","0","0","22","3","0","N","0","0","39 58:54.612","","0","75 12:26.769","0","0","0","0","67301","0","0","0","N","0","0","0","4","68K01","0","","1.0","","1","N","N","N","0","","0","0","1","0","0","","2216","2","0","0","0","0","0","0","2","0","2","0","0","0","3","","","N","","","","","","","","","",""
"2022055569","0830","0","0","0","0","0","0","1","0","0","7","1","","67","6","2022","3","39.949588","-75.141996","0827","6","0","0","0","0","0","0","1","0","","0","0","0","8","1","0","N","0","2","39 56:58.516","3","2","75 08:31.187","0","0","0","0","67301","0","0","0","N","0","0","0","1","67301","0","","4.0","1106.0","9","N","N","N","0","","0","0","0","0","0","Y","825","1","0","0","0","0","0","0","2","0","1","0","0","0","7","","","N","","","","","","","","","",""
"2022042656","0048","1","0","0","0","0","0","0","0","0","7","0","","67","5","2022","7","39.955503","-75.14813","0047","6","0","0","1","0","0","0","0","0","","0","0","0","0","3","0","N","0","0","39 57:19.811","","2","75 08:53.267","0","0","0","0","67301","0","0","0","N","0","0","0","2","67501","0","","4.0","","9","N","N","N","0","","0","0","0","0","0","","42","1","0","0","0","0","0","0","2","0","1","0","0","0","7","08","","N","","","","","","","","","",""
"2022044084","0045","1","0","0","0","0","0","0","0","0","4","0","","67","5","2022","6","39.971811","-75.125954","0036","6","0","0","0","0","0","0","0","0","","0","0","0","22","3","1","","1","0","39 58:18.518","","0","75 07:33.433","3","0","0","0","67301","0","0","0","N","0","0","0","5","67301","0","","1.0","","9","N","N","N","0","","1","0","1","3","2","","2245","2","1","0","0","0","0","0","2","0","2","0","0","0","7","07","","N","","","","","","","","","",""
"2022056846","1558","1","0","0","0","0","0","0","0","0","5","0","","67","5","2022","7","40.039796","-75.006911","1526","6","0","0","0","0","0","0","0","0","","0","0","0","15","1","1","N","0","0","40 02:23.266","","0","75 00:24.878","8","0","0","0","67301","0","0","0","N","0","0","0","2","68K01","0","","1.0","","9","N","N","N","0","","0","0","0","0","0","","1526","2","1","0","0","0","1","0","2","0","2","0","0","0","7","","","N","","","","","","","","","",""
"2022057991","0034","1","0","0","0","0","0","0","0","0","1","0","","67","6","2022","1","39.959875","-75.177809","0034","6","0","0","0","0","0","0","0","0","","0","0","0","0","3","2","N","0","2","39 57:35.549","4","0","75 10:40.113","3","0","0","0","67301","0","0","0","N","0","0","0","2","68K01","1","","1.0","52.0","1","N","N","N","0","","1","0","1","0","0","Y","34","2","2","0","0","0","0","0","2","0","2","0","0","0","3","","","N","","","","","","","","","",""
"2022043990","2125","0","0","0","1","0","0","0","0","0","8","0","","67","5","2022","4","39.961892","-75.234728","2123","6","0","0","0","0","0","0","0","0","","0","0","0","21","3","1","N","0","0","39 57:42.810","","0","75 14:05.020","8","0","0","0","67301","1","0","0","N","0","0","0","2","67301","0","","1.0","","1","N","N","N","0","","0","0","0","0","0","","2118","2","1","0","0","0","1","0","2","0","1","1","0","0","3","03","","N","","","","","","","","","",""
"2022043816","1442","1","0","0","0","0","0","0","0","0","5","0","","67","5","2022","3","39.926241","-75.169199","1442","6","0","0","0","0","0","0","0","1","","0","0","0","14","1","0","N","0","2","39 55:34.467","1","0","75 10:09.116","0","0","0","0","67301","0","0","0","N","0","0","0","1","67301","0","","3.0","1500.0","1","N","N","N","0","","0","0","2","0","0","N","1433","3","0","0","0","0","0","0","2","0","3","0","0","0","3","","","N","","","","","","","","","",""
"2022043824","1830","1","0","0","0","0","0","0","0","0","4","0","","67","5","2022","6","40.031615","-75.207632","1830","6","0","0","0","0","0","0","0","0","","0","0","0","18","4","0","","1","0","40 01:53.814","","0","75 12:27.475","0","0","0","0","67301","0","0","0","N","0","0","0","2","67301","0","","1.0","","9","N","N","N","0","","0","0","1","3","2","","1830","2","0","0","0","0","0","0","2","0","2","0","0","0","7","","","N","","","","","","","","","",""
"2022062301","1746","2","0","0","0","0","0","0","0","0","5","0","","67","5","2022","7","39.945958","-75.142517","1738","6","0","0","0","0","0","0","0","0","","0","0","0","17","1","5","N","0","1","39 56:45.449","2","0","75 08:33.062","3","0","0","0","67301","0","0","0","N","0","0","0","9","68K01","3","","1.0","1810.0","9","N","N","N","0","","2","0","1","0","0","N","1735","3","5","0","0","0","0","0","2","0","3","0","0","0","7","07","","N","","","","","","","","","",""
"2022045258","1710","1","0","0","0","0","0","0","0","0","4","0","","67","5","2022","5","40.026684","-75.182886","1655","6","0","0","1","0","0","0","0","0","","0","0","0","16","1","3","N","0","2","40 01:36.061","7","7","75 10:58.389","3","0","0","0","67301","0","0","0","N","0","0","0","3","67301","0","","1.0","1935.0","1","N","N","N","1","","1","0","0","0","0","N","1637","3","3","0","0","0","2","0","2","1","3","0","0","0","3","","","N","","","","","","","","","",""
"2022043887","1447","1","0","0","0","0","0","0","0","0","1","0","","67","5","2022","5","39.889706","-75.233626","1440","6","0","0","0","0","1","0","0","0","","0","0","0","14","1","1","","1","1","39 53:22.940","4","0","75 14:01.052","4","0","0","0","67301","0","0","0","N","0","0","0","3","67301","1","","1.0","1520.0","1","N","N","N","0","","0","0","1","3","4","N","1439","2","1","0","0","0","0","0","2","0","2","0","0","0","3","03","","N","","","","","","","","","",""
"2022056678","1800","0","0","0","0","0","0","0","0","0","5","0","","67","6","2022","5","39.900441","-75.225354","1732","6","0","0","0","0","0","0","1","0","","0","0","0","17","1","0","N","0","0","39 54:01.587","","0","75 13:31.276","9","0","0","0","67301","0","0","0","N","0","0","0","2","67301","0","","1.0","","1","N","N","N","0","","0","0","2","0","0","","1730","2","0","0","0","0","0","1","2","0","2","0","0","0","3","03","","N","","","","","","","","","",""
"2022044624","1231","0","0","0","0","0","0","0","0","0","8","0","","67","5","2022","3","40.025851","-75.14535","1230","6","0","0","0","0","0","0","0","0","","0","0","0","15","1","1","","1","0","40 01:33.063","","0","75 08:43.260","2","0","0","0","67301","1","0","1","N","1","0","1","2","67301","0","","1.0","","99","N","Y","N","0","","0","1","1","3","3","","1545","2","1","0","0","0","0","0","2","0","1","1","0","1","99","","","N","","","","","","","","","",""
"2022044107","0049","2","0","0","0","0","0","0","0","0","4","0","","67","5","2022","6","40.024506","-75.147807","0041","6","0","0","0","0","0","0","0","0","","0","0","0","0","3","3","","1","0","40 01:28.221","","0","75 08:52.104","2","0","0","0","67301","0","0","0","N","0","0","0","6","67301","0","","1.0","","1","N","N","Y","0","","2","1","1","3","2","","39","3","3","1","0","0","0","1","2","0","3","0","0","0","3","03","","N","","","","","","","","","",""
"2022044872","0835","0","0","0","0","0","0","0","0","0","4","0","","67","5","2022","1","40.04858","-75.086974","0830","6","0","0","0","0","0","0","0","0","","0","0","0","7","5","1","","1","0","40 02:54.887","","0","75 05:13.108","3","0","0","0","67301","0","0","0","N","0","0","0","2","67301","0","","1.0","","99","N","N","N","1","","1","0","1","3","2","","745","2","1","1","0","0","0","0","2","0","2","0","0","0","3","","","N","","","","","","","","","",""
"2022044146","0632","2","0","0","0","0","0","0","0","0","5","0","","67","5","2022","2","40.122803","-75.024281","0624","6","0","0","0","0","0","0","0","0","","0","0","0","6","5","1","N","0","0","40 07:22.090","","0","75 01:27.410","8","0","0","0","67301","0","0","0","N","0","0","0","1","67301","0","","6.0","","99","N","N","N","0","","0","0","2","0","0","","623","4","1","0","0","0","1","0","2","0","4","0","0","0","3","03","","N","","","","","","","","","",""
"2022047210","1735","1","0","0","0","0","0","0","0","0","8","0","","67","5","2022","6","39.999829","-75.152","1730","6","0","0","0","0","0","0","0","0","","0","0","0","16","8","1","","1","0","39 59:59.384","","0","75 09:07.200","4","0","0","0","67301","1","0","0","N","1","0","0","2","67301","1","","1.0","","9","N","N","N","0","","0","0","0","3","3","","1650","2","1","0","0","0","0","0","2","0","1","1","0","0","7","04","","N","","","","","","","","","",""
"2022045608","0745","1","0","0","0","0","0","0","0","0","7","0","","67","5","2022","7","39.960731","-75.181656","0733","6","0","0","0","0","0","0","0","0","","0","0","0","7","1","0","N","0","0","39 57:38.633","","0","75 10:53.963","0","0","0","0","67301","0","0","0","N","0","0","0","1","68K01","0","","4.0","","9","N","N","N","0","","0","0","0","0","0","","714","1","0","0","0","0","0","0","2","0","1","0","0","0","7","","","N","","","","","","","","","",""
"2022043922","0119","1","0","0","0","0","0","0","0","0","4","0","","67","5","2022","4","40.063523","-75.169834","0118","6","0","0","0","0","0","0","0","0","","0","0","0","1","3","1","","1","1","40 03:48.682","4","0","75 10:11.404","3","0","0","0","67301","0","0","0","N","0","0","0","2","67301","0","","1.0","300.0","1","N","N","N","0","","1","0","1","3","2","N","111","2","1","1","0","0","0","0","2","0","2","0","0","0","3","03","","N","","","","","","","","","",""