"CRN","ARRIVAL_TM","AUTOMOBILE_COUNT","BELTED_DEATH_COUNT","BELTED_SUSP_SERIOUS_INJ_COUNT","BICYCLE_COUNT","BICYCLE_DEATH_COUNT","BICYCLE_SUSP_SERIOUS_INJ_COUNT","BUS_COUNT","CHLDPAS_DEATH_COUNT","CHLDPAS_SUSP_SERIOUS_INJ_COUNT","COLLISION_TYPE","COMM_VEH_COUNT","CONS_ZONE_SPD_LIM","COUNTY","CRASH_MONTH","CRASH_YEAR","DAY_OF_WEEK","DEC_LATITUDE","DEC_LONGITUDE","DISPATCH_TM","DISTRICT","DRIVER_COUNT_16YR","DRIVER_COUNT_17YR","DRIVER_COUNT_18YR","DRIVER_COUNT_19YR","DRIVER_COUNT_20YR","DRIVER_COUNT_50_64YR","DRIVER_COUNT_65_74YR","DRIVER_COUNT_75PLUS","EST_HRS_CLOSED","FATAL_COUNT","HEAVY_TRUCK_COUNT","HORSE_BUGGY_COUNT","HOUR_OF_DAY","ILLUMINATION","INJURY_COUNT","INTERSECTION_RELATED","INTERSECT_TYPE","LANE_CLOSED","LATITUDE","LN_CLOSE_DIR","LOCATION_TYPE","LONGITUDE","MAX_SEVERITY_LEVEL","MCYCLE_DEATH_COUNT","MCYCLE_SUSP_SERIOUS_INJ_COUNT","MOTORCYCLE_COUNT","MUNICIPALITY","NONMOTR_COUNT","NONMOTR_DEATH_COUNT","NONMOTR_SUSP_SERIOUS_INJ_COUNT","NTFY_HIWY_MAINT","PED_COUNT","PED_DEATH_COUNT","PED_SUSP_SERIOUS_INJ_COUNT","PERSON_COUNT","POLICE_AGCY","POSSIBLE_INJ_COUNT","RDWY_SURF_TYPE_CD","RELATION_TO_ROAD","ROADWAY_CLEARED","ROAD_CONDITION","SCH_BUS_IND","SCH_ZONE_IND","SECONDARY_CRASH","SMALL_TRUCK_COUNT","SPEC_JURIS_CD","SUSP_MINOR_INJ_COUNT","SUSP_SERIOUS_INJ_COUNT","SUV_COUNT","TCD_FUNC_CD","TCD_TYPE","TFC_DETOUR_IND","TIME_OF_DAY","TOTAL_UNITS","TOT_INJ_COUNT","UNBELTED_OCC_COUNT","UNB_DEATH_COUNT","UNB_SUSP_SERIOUS_INJ_COUNT","UNK_INJ_DEG_COUNT","UNK_INJ_PER_COUNT","URBAN_RURAL","VAN_COUNT","VEHICLE_COUNT","VULNERABLE_ROAD_USER_COUNT","VULNERABLE_ROAD_USER_DEATH_COUNT","VULNERABLE_ROAD_USER_SER_INJ_COUNT","WEATHER1","WEATHER2","WORKERS_PRES","WORK_ZONE_IND","WORK_ZONE_LOC","WORK_ZONE_TYPE","WZ_CLOSE_DETOUR","WZ_FLAGGER","WZ_LAW_OFFCR_IND","WZ_LN_CLOSURE","WZ_MOVING","WZ_OTHER","WZ_SHLDER_MDN","WZ_WORKERS_INJ_KILLED"
"2022057039","0857","0","1","0","0","0","0","0","0","0","2","0","","67","5","2022","7","40.036948","-75.145207","0857","6","0","0","0","0","0","0","1","0","","1","0","0","8","1","1","","2","2","40 02:13.012","1","0","75 08:42.745","1","0","0","0","67301","0","0","0","N","0","0","0","3","67301","0","2","1.0","1127.0","1","N","N","N","0","0","1","0","2","3","2","Y","857","2","1","0","0","0","0","1","2","0","2","0","0","0","3","","","N","","","","","","","","","",""
"2022056802","1900","1","0","0","0","0","0","0","0","0","8","0","","67","6","2022","7","39.969673","-75.131724","1856","6","0","0","0","0","0","0","0","0","","0","0","0","18","1","1","","1","0","39 58:10.822","","0","75 07:54.206","3","0","0","0","67301","1","0","0","N","1","0","0","2","67301","0","","1.0","","1","N","N","N","0","","1","0","0","3","2","","1855","2","1","0","0","0","0","0","2","0","1","1","0","0","3","03","","N","","","","","","","","","",""
"2022044623","0355","1","0","0","0","0","0","0","0","0","4","0","","67","5","2022","2","40.021739","-75.139756","0343","6","0","0","0","0","0","1","0","0","","0","0","0","3","3","1","","1","0","40 01:18.260","","0","75 08:23.123","3","0","0","1","67301","0","0","0","N","0","0","0","2","67301","0","","1.0","","1","N","N","N","0","","1","0","0","3","2","","335","2","1","0","0","0","0","0","2","0","2","0","0","0","3","03","","N","","","","","","","","","",""
"2022056498","1014","1","0","0","0","0","0","0","0","0","7","0","","67","5","2022","7","40.045123","-75.002282","1014","6","0","0","0","0","0","0","0","0","","0","0","0","10","1","0","N","0","0","40 02:42.444","","0","75 00:08.216","0","0","0","0","67301","0","0","0","N","0","0","0","1","68K01","0","","3.0","","9","N","N","N","0","","0","0","0","0","0","","1014","1","0","0","0","0","0","0","2","0","1","0","0","0","4","07","","N","","","","","","","","","",""
"2022044111","0056","3","0","0","0","0","0","0","0","0","2","0","","67","5","2022","2","40.045609","-75.128271","0053","6","0","0","0","0","0","0","0","0","","0","0","0","0","3","0","N","0","1","40 02:44.194","4","0","75 07:41.776","9","0","0","0","67301","0","0","0","N","0","0","0","1","67301","0","","6.0","200.0","1","N","N","N","1","","0","0","0","0","0","N","42","4","0","1","0","0","0","1","2","0","4","0","0","0","3","03","","N","","","","","","","","","",""
"2022044517","0825","0","0","0","0","0","0","0","0","0","1","0","","67","5","2022","5","40.016496","-75.174976","0812","6","0","0","0","0","0","0","0","0","","0","0","0","6","1","1","N","0","0","40 00:59.385","","0","75 10:29.914","3","0","0","0","67301","0","0","0","N","0","0","0","2","67301","0","","1.0","","1","N","N","N","0","","1","0","2","0","0","","645","2","1","0","0","0","0","0","2","0","2","0","0","0","3","03","","N","","","","","","","","","",""
"2022046459","2255","1","0","0","0","0","0","0","0","0","4","0","","67","5","2022","5","40.016804","-75.083704","2250","6","0","0","0","0","0","0","0","0","","0","0","0","22","3","2","","5","0","40 01:00.493","","1","75 05:01.333","8","0","0","0","67301","0","0","0","N","0","0","0","2","67508","0","","1.0","","1","N","N","Y","0","","0","0","1","3","2","","2250","2","2","1","0","0","2","0","2","0","2","0","0","0","3","03","","N","","","","","","","","","",""
"2022044097","1312","2","0","0","0","0","0","0","0","0","1","0","","67","5","2022","2","40.046848","-75.137855","1312","6","0","0","0","0","0","0","0","0","","0","0","0","13","1","1","N","0","1","40 02:48.653","3","0","75 08:16.278","3","0","0","0","67301","0","0","0","N","0","0","0","2","67301","0","","1.0","30.0","1","N","N","N","0","","1","0","0","0","0","Y","1311","2","1","0","0","0","0","0","2","0","2","0","0","0","3","","","N","","","","","","","","","",""
"2022049780","0013","0","0","0","0","0","0","0","0","0","7","0","","67","5","2022","6","39.917764","-75.217457","0011","6","0","0","0","1","0","0","0","0","","0","0","0","23","3","2","N","0","0","39 55:03.952","","0","75 13:02.844","3","0","0","0","67301","0","0","0","N","0","0","0","2","67301","0","","5.0","","9","N","N","N","0","","2","0","1","3","2","","2339","1","2","0","0","0","0","0","2","0","1","0","0","0","7","07","","N","","","","","","","","","",""
"2022043863","1725","2","0","0","0","0","0","0","0","0","4","0","","67","4","2022","6","39.958712","-75.162143","1717","6","0","0","0","0","0","0","1","0","","0","0","0","17","1","1","","1","0","39 57:31.362","","0","75 09:43.713","4","0","0","0","67301","0","0","0","N","0","0","0","2","67301","1","","1.0","","1","N","N","N","0","","0","0","0","0","0","","1710","2","1","0","0","0","0","0","2","0","2","0","0","0","3","03","","N","","","","","","","","","",""
"2022049896","1601","2","0","0","0","0","0","0","0","0","4","0","","67","5","2022","2","40.056461","-75.176445","1549","6","0","0","0","0","0","0","0","0","","0","0","0","13","1","1","","1","0","40 03:23.259","","0","75 10:35.201","3","0","0","0","67301","0","0","0","N","0","0","0","1","67301","0","","1.0","","1","N","N","N","0","","1","0","0","0","0","","1340","2","1","0","0","0","0","0","2","0","2","0","0","0","3","","","N","","","","","","","","","",""
"2022056508","1031","1","0","0","0","0","0","0","0","0","7","1","","67","5","2022","4","39.899304","-75.165333","1027","6","0","0","0","1","0","1","0","0","","0","1","0","10","1","1","N","0","1","39 53:57.496","1","3","75 09:55.198","3","0","0","0","67301","0","0","0","N","0","0","0","4","68K01","0","","4.0","1125.0","1","N","N","N","0","","1","0","0","0","0","N","1025","2","1","0","0","0","0","0","2","0","2","0","0","0","3","","","N","","","","","","","","","",""
"2022043884","1708","2","0","0","0","0","0","0","0","0","4","0","","67","5","2022","3","39.921042","-75.228921","1707","6","0","0","0","0","0","0","0","0","","0","0","0","17","1","1","","1","2","39 55:15.752","7","0","75 13:44.116","3","0","0","0","67301","0","0","0","N","0","0","0","2","67301","0","","1.0","1815.0","1","N","N","N","0","","1","0","0","3","2","Y","1704","2","1","0","0","0","0","0","2","0","2","0","0","0","3","03","","N","","","","","","","","","",""
"2022044109","1335","1","0","0","0","0","0","0","0","0","4","0","","67","5","2022","6","40.041142","-75.120167","1335","6","0","0","0","0","0","1","0","0","","0","0","0","12","1","1","N","0","0","40 02:28.110","","7","75 07:12.600","8","0","0","0","67301","0","0","0","N","0","0","0","3","67301","0","","1.0","","9","N","N","N","0","","0","0","1","0","0","","1210","2","1","0","0","0","1","1","2","0","2","0","0","0","7","04","","N","","","","","","","","","",""
"2022044086","1518","0","0","0","0","0","0","0","0","0","8","0","","67","5","2022","6","39.968728","-75.134423","1517","6","0","0","0","0","0","0","0","0","","0","0","0","22","6","1","","1","0","39 58:07.419","","0","75 08:03.924","3","0","0","0","67301","1","0","0","N","1","0","0","2","67301","0","","1.0","","99","N","N","N","0","","1","0","1","3","2","","2230","2","1","0","0","0","0","0","2","0","1","1","0","0","99","","","N","","","","","","","","","",""
"2022054585","0112","1","0","0","0","0","0","0","0","0","7","0","","67","5","2022","7","39.989817","-75.087085","0150","6","0","0","0","0","0","0","0","0","","0","0","0","1","3","0","N","0","0","39 59:23.340","","0","75 05:13.507","0","0","0","0","67301","0","0","0","N","0","0","0","1","68K01","0","","4.0","","9","N","N","N","0","","0","0","0","0","0","","109","1","0","0","0","0","0","0","2","0","1","0","0","0","7","","","N","","","","","","","","","",""
"2022043833","1942","2","0","0","0","0","0","0","0","0","4","0","","67","5","2022","5","39.961564","-75.15176","1942","6","0","0","0","0","0","0","1","0","","0","0","0","19","1","0","","1","1","39 57:41.631","3","0","75 09:06.337","0","0","0","0","67301","0","0","0","N","0","0","0","6","67301","0","","1.0","2022.0","1","N","N","Y","0","","0","0","1","3","2","N","1940","3","0","0","0","0","0","0","2","0","3","0","0","0","3","","","N","","","","","","","","","",""
"2022055680","0220","2","0","0","0","0","0","0","0","0","1","0","99","67","5","2022","4","40.003536","-75.195209","0205","6","0","0","0","0","0","0","0","0","","0","0","0","1","3","0","","3","0","40 00:12.729","","1","75 11:42.753","0","0","0","0","67301","0","0","0","N","0","0","0","2","67301","0","","5.0","","9","N","N","N","0","","0","0","0","0","0","","150","2","0","0","0","0","0","0","2","0","2","0","0","0","7","07","N","Y","4","1","N","N","N","N","N","Y","N","N"
"2022044630","1821","3","0","0","0","0","0","0","0","0","4","0","","67","5","2022","4","40.026374","-75.056958","1817","6","0","0","0","0","1","0","0","0","","0","0","0","18","1","1","","1","2","40 01:34.946","2","0","75 03:25.050","3","0","0","0","67301","0","0","0","N","0","0","0","4","67301","0","","1.0","2000.0","1","N","N","N","1","","1","0","0","3","3","Y","1815","5","1","0","0","0","0","0","2","1","5","0","0","0","3","","","N","","","","","","","","","",""
"2022057984","0244","1","0","0","0","0","0","0","0","0","5","1","","67","6","2022","6","39.942247","-75.143408","0232","6","0","0","0","0","0","1","1","0","","0","1","0","2","3","7","N","0","2","39 56:32.088","2","2","75 08:36.269","4","0","0","0","67301","0","0","0","Y","0","0","0","7","68K01","7","","1.0","428.0","1","N","N","N","0","","0","0","1","0","0","N","231","3","7","0","0","0","0","0","2","0","3","0","0","0","3","","","N","","","","","","","","","",""
"2022043861","2330","0","0","0","0","0","0","0","0","0","4","0","","67","5","2022","1","40.054742","-75.004806","2330","6","0","0","0","0","0","0","0","0","","0","0","0","21","3","1","","1","0","40 03:17.072","","0","75 00:17.300","2","0","0","0","67301","0","0","0","N","0","0","0","4","67301","0","","1.0","","99","N","N","N","1","","0","1","1","3","2","","2135","2","1","0","0","0","0","1","2","0","2","0","0","0","3","03","","N","","","","","","","","","",""
"2022061390","0259","5","0","1","0","0","0","0","0","0","5","0","","67","7","2022","2","40.06202","-75.171345","0253","6","0","0","0","0","0","1","0","0","","0","0","0","2","3","1","N","0","1","40 03:43.273","4","0","75 10:16.842","2","0","0","0","67301","0","0","0","N","0","0","0","1","67301","0","","4.0","400.0","1","N","N","N","0","","0","1","0","0","0","N","250","5","1","0","0","0","0","0","2","0","5","0","0","0","3","","","N","","","","","","","","","",""
"2022058157","0935","1","0","0","0","0","0","0","0","0","8","0","","67","6","2022","4","39.992954","-75.243956","0935","6","0","0","0","0","0","0","0","0","","0","0","0","9","1","1","N","0","0","39 59:34.635","","0","75 14:38.242","4","0","0","0","67301","1","0","0","N","1","0","0","2","46104","1","","1.0","","1","N","N","N","0","","0","0","0","0","0","","935","2","1","1","0","0","0","0","2","0","1","1","0","0","3","03","","N","","","","","","","","","",""
"2022050557","1047","1","0","0","0","0","0","0","0","0","7","0","","67","5","2022","1","39.972678","-75.259642","1047","6","0","0","0","0","0","0","0","0","","0","0","0","10","1","1","N","0","0","39 58:21.640","","0","75 15:34.710","3","0","0","0","67301","0","0","0","N","0","0","0","1","67301","0","","4.0","","1","N","N","N","0","","1","0","0","0","0","","1033","1","1","1","0","0","0","0","2","0","1","0","0","0","3","","","N","","","","","","","","","",""
"2022056843","0827","2","0","0","0","0","0","0","0","0","1","0","","67","4","2022","5","40.021853","-75.040123","0755","6","0","0","0","0","0","0","0","0","","0","0","0","7","1","1","N","0","0","40 01:18.670","","2","75 02:24.442","4","0","0","0","67301","0","0","0","N","0","0","0","2","68K01","1","","1.0","","1","N","N","N","0","","0","0","0","0","0","","749","2","1","0","0","0","0","0","2","0","2","0","0","0","3","","","N","","","","","","","","","",""
"2022072863","1901","1","0","0","0","0","0","0","0","0","7","0","","67","8","2022","3","40.038103","-75.149317","1900","6","0","0","0","0","0","0","0","0","","0","0","0","18","1","1","N","0","0","40 02:17.170","","0","75 08:57.540","3","0","0","0","67301","0","0","0","N","0","0","0","1","67301","0","","5.0","","1","N","N","N","0","","1","0","0","0","0","","1855","1","1","0","0","0","0","0","2","0","1","0","0","0","4","","","N","","","","","","","","","",""
"2022071416","2003","2","0","0","0","0","0","0","0","0","4","0","","67","8","2022","5","39.978684","-75.157874","2000","6","0","0","0","0","0","0","0","0","","0","0","0","19","4","1","N","1","0","39 58:43.264","","0","75 09:28.346","4","0","0","0","67301","0","0","0","N","0","0","0","2","67505","1","","1.0","","1","N","N","N","0","","0","0","0","3","2","N","1950","2","1","0","0","0","0","1","2","0","2","0","0","0","3","03","","N","","","","","","","","","",""
"2022043979","0158","2","0","0","0","0","0","0","0","0","5","0","","67","5","2022","1","39.957013","-75.213331","0158","6","0","0","0","0","0","1","1","0","","0","0","0","01","3","0","","1","0","39 57:25.245","","0","75 12:47.993","0","0","0","0","67301","0","0","0","N","0","0","0","2","67301","0","","1.0","","9","N","N","N","0","","0","0","0","3","1","","0158","2","0","0","0","0","0","0","2","0","2","0","0","0","7","07","","N","","","","","","","","","",""
"2022043907","1210","1","0","0","0","0","0","0","0","0","4","0","","67","5","2022","4","40.058261","-75.1526","1202","6","0","0","0","0","0","0","0","0","","0","0","0","12","1","1","N","0","0","40 03:29.740","","7","75 09:09.360","8","0","0","0","67301","0","0","0","N","0","0","0","2","67301","0","","1.0","","9","N","N","N","0","","0","0","2","0","0","","1200","3","1","0","0","0","1","0","2","0","3","0","0","0","4","07","","N","","","","","","","","","",""
"2022047197","1944","0","0","0","0","0","0","0","0","0","8","0","","67","5","2022","1","39.972906","-75.238339","1944","6","0","0","0","0","0","0","0","0","","0","0","0","19","1","1","N","0","0","39 58:22.460","","0","75 14:18.020","8","0","0","0","67301","1","0","0","N","1","0","0","2","67301","0","","1.0","","1","N","N","N","0","","0","0","0","0","0","","1941","2","1","1","0","0","1","1","2","1","1","1","0","0","3","","","N","","","","","","","","","",""
"2022056845","1413","0","0","0","0","0","0","0","0","0","1","0","","67","5","2022","5","39.996389","-75.08249","1413","6","0","0","0","0","0","1","0","0","","0","0","0","14","1","1","N","0","1","39 59:47.000","1","0","75 04:56.965","8","0","0","0","67301","0","0","0","N","0","0","0","3","68K01","0","","1.0","1500.0","1","N","N","N","0","","0","0","3","0","0","Y","1413","3","1","0","0","0","1","0","2","0","3","0","0","0","3","","","N","","","","","","","","","",""
"2022056479","1632","2","0","0","0","0","0","0","0","0","2","0","","67","6","2022","6","39.986524","-75.157896","1630","6","0","0","0","0","0","0","0","0","","0","0","0","16","1","1","N","1","0","39 59:11.485","","0","75 09:28.427","3","0","0","0","67301","0","0","0","N","0","0","0","3","67505","0","","1.0","","1","N","N","N","0","","1","0","0","3","2","","1625","2","1","0","0","0","0","0","2","0","2","0","0","0","3","03","","N","","","","","","","","","",""
"2022043944","1826","1","0","0","0","0","0","0","0","0","8","0","","67","5","2022","4","40.026914","-75.079725","1826","6","0","0","0","0","0","0","0","0","","0","0","0","18","1","1","N","0","2","40 01:36.890","1","0","75 04:47.010","3","0","0","0","67301","1","0","0","N","1","0","0","2","67301","0","","1.0","1835.0","1","N","N","N","0","","1","0","0","0","0","Y","1821","2","1","0","0","0","0","0","2","0","1","1","0","0","3","","","N","","","","","","","","","",""
"2022043908","1328","1","0","0","0","0","0","0","0","0","4","0","","67","5","2022","4","40.035496","-75.178766","1322","6","0","0","0","0","0","0","0","1","","0","0","0","12","1","2","","1","0","40 02:07.785","","0","75 10:43.557","3","0","0","0","67301","0","0","0","N","0","0","0","4","67301","0","","1.0","","1","N","N","N","0","","2","0","1","3","2","","1212","2","2","0","0","0","0","2","2","0","2","0","0","0","4","04","","N","","","","","","","","","",""
"2022045209","1836","1","0","0","0","0","0","0","0","0","7","0","","67","5","2022","5","40.01315","-75.092482","1831","6","0","0","0","0","0","1","0","0","","0","0","0","18","1","1","","3","0","40 00:47.339","","0","75 05:32.935","4","0","0","0","67301","0","0","0","N","0","0","0","1","67301","1","","5.0","","1","N","N","N","0","","0","0","0","3","3","","1830","1","1","0","0","0","0","0","2","0","1","0","0","0","3","","","N","","","","","","","","","",""
"2022056984","1811","0","0","0","0","0","0","0","0","0","0","1","","67","5","2022","5","40.000517","-75.079913","1740","6","0","0","0","0","0","0","0","0","","0","1","0","17","1","0","","6","2","40 00:01.860","1","2","75 04:47.686","0","0","0","0","67301","0","0","0","N","0","0","0","1","68K01","0","","1.0","2359.0","1","N","N","N","0","","0","0","0","0","0","N","1734","1","0","0","0","0","0","0","2","0","1","0","0","0","3","03","","N","","","","","","","","","",""
"2022056935","2302","1","0","0","0","0","0","0","0","0","7","0","","67","6","2022","6","39.957428","-75.225412","2301","6","0","0","0","0","0","0","0","0","","0","0","0","22","3","0","N","0","0","39 57:26.740","","0","75 13:31.483","9","0","0","0","67301","0","0","0","N","0","0","0","4","67301","0","","5.0","","1","N","N","N","0","","0","0","0","0","0","","2258","1","0","0","0","0","0","4","2","0","1","0","0","0","3","","","N","","","","","","","","","",""
"2022043854","2350","0","0","0","0","0","0","0","0","0","7","0","","67","5","2022","4","40.043612","-75.022026","2345","6","0","0","0","0","0","0","0","0","","0","0","0","22","3","0","N","0","0","40 02:37.003","","0","75 01:19.294","0","0","0","0","67301","0","0","0","N","0","0","0","1","67301","0","","4.0","","1","N","N","N","0","","0","0","1","0","0","","2230","1","0","0","0","0","0","0","2","0","1","0","0","0","3","03","","N","","","","","","","","","",""
"2022056844","0438","0","0","0","0","0","0","0","0","0","7","0","","67","5","2022","4","39.960461","-75.181256","0438","6","0","0","0","0","0","0","0","0","","0","0","0","04","3","0","N","0","0","39 57:37.661","","3","75 10:52.523","0","0","0","0","67301","0","0","0","N","0","0","0","1","68K01","0","","3.0","","9","N","N","N","1","","0","0","0","0","0","","0430","1","0","0","0","0","0","0","2","0","1","0","0","0","7","","","N","","","","","","","","","",""
"2022045158","1816","2","0","0","0","0","0","0","0","0","1","0","","67","4","2022","7","39.988969","-75.175469","1814","6","0","0","0","0","0","0","0","0","","0","0","0","18","1","5","N","0","2","39 59:20.290","6","0","75 10:31.690","3","0","0","0","67301","0","0","0","N","0","0","0","6","67301","0","","1.0","300.0","1","N","N","N","0","","5","0","1","0","0","Y","1813","3","5","0","0","0","0","0","2","0","3","0","0","0","3","03","","N","","","","","","","","","",""
"2022044132","1720","1","0","0","0","0","0","0","0","0","1","0","","67","5","2022","7","39.996825","-75.164169","1715","6","0","0","0","0","0","0","0","0","","0","0","0","17","1","2","N","0","0","39 59:48.570","","0","75 09:51.010","8","0","0","0","67301","0","0","0","N","0","0","0","3","67301","0","","6.0","","9","N","N","N","0","","0","0","1","0","0","","1703","3","2","0","0","0","2","1","2","0","3","0","0","0","7","04","","N","","","","","","","","","",""
"2022057040","1855","2","0","0","0","0","0","0","0","0","4","0","","67","6","2022","1","39.932918","-75.148727","1849","6","0","0","0","0","0","0","0","0","","0","0","0","18","1","1","","1","1","39 55:58.503","1","0","75 08:55.417","3","0","0","0","67301","0","0","0","N","0","0","0","2","67301","0","","1.0","1925.0","1","N","N","N","0","","1","0","0","3","2","N","1831","2","1","0","0","0","0","0","2","0","2","0","0","0","3","03","","N","","","","","","","","","",""
"2022044873","1025","1","0","0","0","0","0","0","0","0","6","0","","67","5","2022","1","40.053881","-75.088553","1020","6","0","0","0","0","0","0","0","0","","0","0","0","07","1","0","N","0","0","40 03:13.970","","0","75 05:18.790","0","0","0","0","67301","0","0","0","N","0","0","0","1","67301","0","","6.0","","1","N","N","N","1","","0","0","0","0","0","","0730","2","0","0","0","0","0","0","2","0","2","0","0","0","3","","","N","","","","","","","","","",""
"2022047162","1245","0","0","0","0","0","0","0","0","0","8","0","","67","5","2022","6","39.95245","-75.16254","1238","6","0","0","0","0","0","0","0","0","","0","0","0","12","8","1","N","0","0","39 57:08.820","","0","75 09:45.144","2","0","0","0","67301","1","0","1","N","1","0","1","2","67301","0","","4.0","","1","N","N","N","0","","0","1","0","0","0","","1235","2","1","0","0","0","0","0","2","0","1","1","0","1","3","03","","N","","","","","","","","","",""
"2022056834","0029","2","0","0","0","0","0","0","0","0","4","0","","67","6","2022","1","40.004631","-75.163953","0027","6","0","0","0","0","0","0","0","0","","0","0","0","00","3","0","","1","0","40 00:16.671","","0","75 09:50.230","0","0","0","0","67301","0","0","0","N","0","0","0","2","67301","0","","1.0","","1","N","N","N","0","","0","0","0","3","3","","0010","2","0","0","0","0","0","0","2","0","2","0","0","0","3","03","","N","","","","","","","","","",""
"2022047215","1936","0","0","0","0","0","0","0","0","0","7","0","","67","5","2022","7","40.016111","-75.130556","1936","6","0","0","0","0","0","0","1","0","","0","0","0","19","4","1","N","0","1","40 00:58.000","7","0","75 07:50.000","3","0","0","0","67301","0","0","0","N","0","0","0","1","67301","0","","4.0","2359.0","9","N","N","N","1","","1","0","0","0","0","Y","1920","1","1","0","0","0","0","0","2","0","1","0","0","0","7","04","","N","","","","","","","","","",""
"2022058733","0859","1","0","0","0","0","0","0","0","0","1","1","","67","6","2022","4","39.999029","-75.195557","0846","6","0","0","0","0","0","0","0","0","","0","1","0","08","1","0","N","0","1","39 59:56.505","3","0","75 11:44.004","0","0","0","0","67301","0","0","0","N","0","0","0","2","68K01","0","","1.0","935.0","1","N","N","N","0","","0","0","0","0","0","N","0838","2","0","0","0","0","0","0","2","0","2","0","0","0","3","03","","N","","","","","","","","","",""
"2022045226","0534","1","0","0","0","0","0","0","0","0","0","0","","67","5","2022","6","40.025228","-75.19465","0524","6","0","0","0","0","0","0","0","0","","0","0","0","05","5","0","N","0","2","40 01:30.820","2","0","75 11:40.740","9","0","0","0","67301","0","0","0","N","0","0","0","1","67301","0","","1.0","552.0","9","N","N","N","0","","0","0","0","0","0","Y","0511","1","0","0","0","0","0","1","2","0","1","0","0","0","7","04","","N","","","","","","","","","",""
"2022045446","1258","1","0","0","0","0","0","0","0","0","4","0","","67","5","2022","7","39.994873","-75.161784","1252","6","0","0","0","0","0","0","0","0","","0","0","0","12","1","1","N","0","1","39 59:41.541","3","0","75 09:42.421","2","0","1","1","67301","0","0","0","N","0","0","0","2","67301","0","","1.0","1355.0","9","N","N","N","0","","0","1","0","0","0","Y","1245","2","1","0","0","0","0","0","2","0","2","0","0","0","7","04","","N","","","","","","","","","",""
"2022043889","2050","2","0","0","0","0","0","0","0","0","4","0","","67","5","2022","6","39.935632","-75.22587","2050","6","0","0","0","0","0","0","0","0","","0","0","0","20","3","1","","1","0","39 56:08.274","","0","75 13:33.131","3","0","0","0","67301","0","0","0","N","0","0","0","2","67301","0","","1.0","","9","N","N","N","0","","1","0","1","3","2","","2045","4","1","0","0","0","0","0","2","1","4","0","0","0","7","07","","N","","","","","","","","","",""
"2022056815","1820","2","0","0","0","0","0","0","0","0","4","0","","67","6","2022","7","39.994154","-75.156227","1817","6","0","0","0","0","0","0","0","0","","0","0","0","17","1","1","","1","0","39 59:38.955","","0","75 09:22.416","8","0","0","0","67301","0","0","0","N","0","0","0","3","67301","0","","1.0","","1","N","N","N","0","","0","0","0","3","2","","1755","2","1","0","0","0","1","0","2","0","2","0","0","0","3","","","N","","","","","","","","","",""
"2022056853","1208","2","0","0","0","0","0","0","0","0","1","0","","67","5","2022","6","40.005879","-75.074775","1157","6","0","0","0","0","0","0","0","0","","0","0","0","11","1","1","N","0","1","40 00:21.165","1","0","75 04:29.190","8","0","0","0","67301","0","0","0","N","0","0","0","3","68K01","0","","1.0","1230.0","1","N","N","N","1","","0","0","0","0","0","N","1155","3","1","0","0","0","1","0","2","0","3","0","0","0","3","","","N","","","","","","","","","",""
"2022059097","0925","0","0","0","0","0","0","0","0","0","1","0","","67","5","2022","3","39.945703","-75.190157","0917","6","0","0","0","0","0","0","0","0","","0","0","0","09","1","0","","6","1","39 56:44.529","3","8","75 11:24.565","0","0","0","0","67301","0","0","0","N","0","0","0","2","68K01","0","","1.0","15.0","1","N","N","N","1","","0","0","1","0","0","N","0915","2","0","0","0","0","0","0","2","0","2","0","0","0","3","","","N","","","","","","","","","",""
"2022045907","1235","1","0","0","0","0","0","0","0","0","1","0","","67","5","2022","2","39.924639","-75.229942","1232","6","0","0","0","0","0","0","0","0","","0","0","0","12","1","0","N","0","0","39 55:28.700","","0","75 13:47.790","0","0","0","0","67301","0","0","0","N","0","0","0","1","67301","0","","6.0","","1","N","N","N","0","","0","0","1","0","0","","1232","2","0","0","0","0","0","0","2","0","2","0","0","0","3","03","","N","","","","","","","","","",""
"2022037166","","0","0","0","0","0","0","0","0","0","1","0","","67","4","2022","2","39.911336","-75.242664","","6","0","0","0","0","0","0","0","0","","0","0","0","00","3","1","","5","0","39 54:40.810","","0","75 14:33.592","8","0","0","0","67301","0","0","0","N","0","0","0","2","00000","0","","1.0","","1","","","N","0","","0","0","2","3","2","","0020","2","1","0","0","0","1","0","2","0","2","0","0","0","3","","","N","","","","","","","","","",""
"2022057029","1930","1","0","0","0","0","0","0","0","0","4","0","","67","6","2022","1","39.957321","-75.152234","1930","6","0","0","0","0","0","0","1","0","","0","0","0","19","1","1","","1","1","39 57:26.357","4","0","75 09:08.042","3","0","0","0","67301","0","0","0","N","0","0","0","4","67301","0","","1.0","1954.0","1","N","N","N","0","","1","0","1","3","2","N","1930","2","1","0","0","0","0","0","2","0","2","0","0","0","3","03","","N","","","","","","","","","",""
"2022047200","1735","0","0","0","0","0","0","0","0","0","8","0","","67","5","2022","4","39.9643","-75.246372","1730","6","0","0","0","0","0","0","0","0","","0","0","0","15","1","1","","1","0","39 57:51.481","","0","75 14:46.938","3","0","0","0","67301","1","0","0","N","1","0","0","2","67301","0","","1.0","","1","N","N","N","1","","1","0","0","0","0","","1530","2","1","0","0","0","0","1","2","0","1","1","0","0","3","","","N","","","","","","","","","",""
"2022047213","2030","2","0","0","0","0","0","0","0","0","4","0","","67","5","2022","4","40.014192","-75.128604","2030","6","0","0","0","0","0","0","0","0","","0","0","0","20","3","2","","2","0","40 00:51.091","","0","75 07:42.974","3","0","0","2","67301","0","0","0","N","0","0","0","4","67301","0","","1.0","","1","N","N","N","0","","2","0","0","3","3","","2030","4","2","0","0","0","0","0","2","0","4","0","0","0","3","03","","N","","","","","","","","","",""