"CRN","ARRIVAL_TM","AUTOMOBILE_COUNT","BELTED_DEATH_COUNT","BELTED_SUSP_SERIOUS_INJ_COUNT","BICYCLE_COUNT","BICYCLE_DEATH_COUNT","BICYCLE_SUSP_SERIOUS_INJ_COUNT","BUS_COUNT","CHLDPAS_DEATH_COUNT","CHLDPAS_SUSP_SERIOUS_INJ_COUNT","COLLISION_TYPE","COMM_VEH_COUNT","CONS_ZONE_SPD_LIM","COUNTY","CRASH_MONTH","CRASH_YEAR","DAY_OF_WEEK","DEC_LATITUDE","DEC_LONGITUDE","DISPATCH_TM","DISTRICT","DRIVER_COUNT_16YR","DRIVER_COUNT_17YR","DRIVER_COUNT_18YR","DRIVER_COUNT_19YR","DRIVER_COUNT_20YR","DRIVER_COUNT_50_64YR","DRIVER_COUNT_65_74YR","DRIVER_COUNT_75PLUS","EST_HRS_CLOSED","FATAL_COUNT","HEAVY_TRUCK_COUNT","HORSE_BUGGY_COUNT","HOUR_OF_DAY","ILLUMINATION","INJURY_COUNT","INTERSECTION_RELATED","INTERSECT_TYPE","LANE_CLOSED","LATITUDE","LN_CLOSE_DIR","LOCATION_TYPE","LONGITUDE","MAX_SEVERITY_LEVEL","MCYCLE_DEATH_COUNT","MCYCLE_SUSP_SERIOUS_INJ_COUNT","MOTORCYCLE_COUNT","MUNICIPALITY","NONMOTR_COUNT","NONMOTR_DEATH_COUNT","NONMOTR_SUSP_SERIOUS_INJ_COUNT","NTFY_HIWY_MAINT","PED_COUNT","PED_DEATH_COUNT","PED_SUSP_SERIOUS_INJ_COUNT","PERSON_COUNT","POLICE_AGCY","POSSIBLE_INJ_COUNT","RDWY_SURF_TYPE_CD","RELATION_TO_ROAD","ROADWAY_CLEARED","ROAD_CONDITION","SCH_BUS_IND","SCH_ZONE_IND","SECONDARY_CRASH","SMALL_TRUCK_COUNT","SPEC_JURIS_CD","SUSP_MINOR_INJ_COUNT","SUSP_SERIOUS_INJ_COUNT","SUV_COUNT","TCD_FUNC_CD","TCD_TYPE","TFC_DETOUR_IND","TIME_OF_DAY","TOTAL_UNITS","TOT_INJ_COUNT","UNBELTED_OCC_COUNT","UNB_DEATH_COUNT","UNB_SUSP_SERIOUS_INJ_COUNT","UNK_INJ_DEG_COUNT","UNK_INJ_PER_COUNT","URBAN_RURAL","VAN_COUNT","VEHICLE_COUNT","VULNERABLE_ROAD_USER_COUNT","VULNERABLE_ROAD_USER_DEATH_COUNT","VULNERABLE_ROAD_USER_SER_INJ_COUNT","WEATHER1","WEATHER2","WORKERS_PRES","WORK_ZONE_IND","WORK_ZONE_LOC","WORK_ZONE_TYPE","WZ_CLOSE_DETOUR","WZ_FLAGGER","WZ_LAW_OFFCR_IND","WZ_LN_CLOSURE","WZ_MOVING","WZ_OTHER","WZ_SHLDER_MDN","WZ_WORKERS_INJ_KILLED"
"2022056899","0830","2","0","0","0","0","0","0","0","0","4","0","","67","6","2022","6","39.960929","-75.245024","0828","6","0","0","0","0","0","0","0","0","","0","0","0","07","1","2","","1","0","39 57:39.345","","0","75 14:42.087","3","0","0","0","67301","0","0","0","N","0","0","0","2","67301","1","","1.0","","1","N","N","N","0","","1","0","0","3","2","","0719","2","2","0","0","0","0","0","2","0","2","0","0","0","3","04","","N","","","","","","","","","",""
"2022057982","2237","1","0","0","0","0","0","0","0","0","1","0","","67","6","2022","4","39.942309","-75.19376","2233","6","0","0","0","0","0","0","0","0","","0","0","0","22","3","1","N","0","2","39 56:32.312","3","3","75 11:37.536","3","0","0","0","67301","0","0","0","N","0","0","0","2","68K01","0","","1.0","2300.0","1","N","N","N","0","","1","0","1","0","0","N","2223","2","1","1","0","0","0","0","2","0","2","0","0","0","3","","","N","","","","","","","","","",""
"2022059096","1709","1","0","0","0","0","0","0","0","0","1","0","","67","5","2022","2","39.983308","-75.208186","1657","6","0","0","0","0","0","0","0","0","","0","0","0","16","1","0","N","0","0","39 58:59.907","","0","75 12:29.471","0","0","0","0","67301","0","0","0","N","0","0","0","2","68K01","0","","1.0","","1","N","N","N","0","","0","0","1","0","0","","1652","2","0","0","0","0","0","0","2","0","2","0","0","0","3","","","N","","","","","","","","","",""
"2022052336","1245","1","0","0","0","0","0","0","0","0","5","1","","67","5","2022","2","39.955183","-75.217817","1233","6","0","0","0","0","0","0","0","0","","0","1","0","11","1","1","N","0","0","39 57:18.660","","0","75 13:04.140","3","0","0","0","67301","0","0","0","N","0","0","0","2","67301","0","","1.0","","1","N","N","N","0","","1","0","0","0","0","","1125","2","1","1","0","0","0","0","2","0","2","0","0","0","3","03","","N","","","","","","","","","",""
"2022045210","1717","2","0","0","0","0","0","0","0","0","1","0","","67","5","2022","6","40.025593","-75.062647","1715","6","0","0","0","0","1","1","0","0","","0","0","0","17","1","2","N","0","1","40 01:32.136","1","0","75 03:45.528","3","0","0","0","67301","0","0","0","N","0","0","0","5","67301","0","","1.0","1825.0","1","N","N","N","0","","2","0","2","0","0","N","1710","4","2","0","0","0","0","0","2","0","4","0","0","0","3","03","","N","","","","","","","","","",""
"2022060037","0835","0","0","0","0","0","0","0","0","0","6","1","","67","6","2022","4","40.040558","-75.169866","0833","6","0","0","0","0","0","0","0","0","","0","1","0","08","1","1","","5","0","40 02:26.008","","0","75 10:11.517","3","0","0","0","67301","0","0","0","N","0","0","0","3","67301","0","","1.0","","1","N","N","Y","0","","1","0","1","3","2","","0833","3","1","0","0","0","0","1","2","1","3","0","0","0","3","03","","N","","","","","","","","","",""
"2022043815","2046","1","0","0","0","0","0","0","0","0","4","0","","67","5","2022","2","39.939093","-75.158631","2046","6","0","0","0","0","0","0","0","0","","0","0","0","12","1","0","","2","0","39 56:20.735","","0","75 09:31.072","9","0","0","0","67301","0","0","0","N","0","0","0","2","67301","0","","1.0","","1","N","N","N","0","","0","0","1","0","0","","1200","2","0","2","0","0","0","1","2","0","2","0","0","0","3","","","N","","","","","","","","","",""
"2022044144","1220","1","0","0","0","0","0","0","0","0","8","0","","67","5","2022","7","40.03558","-75.217363","1220","6","0","0","0","0","0","0","0","0","","0","0","0","20","3","1","","1","0","40 02:08.088","","0","75 13:02.506","8","0","0","0","67301","1","0","0","N","1","0","0","2","67301","0","","1.0","","99","N","N","N","0","","0","0","0","9","2","","2030","2","1","1","0","0","1","0","2","0","1","1","0","0","7","07","","N","","","","","","","","","",""
"2022044085","0245","1","0","0","0","0","0","0","0","0","7","0","","67","5","2022","2","39.97016","-75.12432","0238","6","0","0","0","0","0","0","0","0","","0","0","0","02","3","1","N","0","1","39 58:12.577","1","0","75 07:27.551","8","0","0","0","67301","0","0","0","N","0","0","0","1","67301","0","","4.0","130.0","1","N","N","N","0","","0","0","0","0","0","N","0231","1","1","0","0","0","1","0","2","0","1","0","0","0","3","03","","N","","","","","","","","","",""
"2022045206","0352","3","0","0","0","0","0","0","0","0","1","0","","67","5","2022","7","40.050055","-75.172277","0350","6","0","0","0","0","0","0","0","0","","0","0","0","03","3","0","N","0","2","40 03:00.199","5","0","75 10:20.197","9","0","0","0","67301","0","0","0","N","0","0","0","1","67301","0","","6.0","600.0","9","N","N","N","0","","0","0","2","0","0","Y","0345","5","0","0","0","0","0","1","2","0","5","0","0","0","7","05","","N","","","","","","","","","",""
"2022052402","0240","3","0","0","0","0","0","0","0","0","6","0","","67","6","2022","2","40.01935","-75.064758","0230","6","0","0","0","0","0","0","0","0","","0","0","0","00","3","0","N","0","0","40 01:09.660","","0","75 03:53.130","0","0","0","0","67301","0","0","0","N","0","0","0","1","67301","0","","6.0","","1","N","N","N","0","","0","0","2","0","0","","0058","5","0","0","0","0","0","0","2","0","5","0","0","0","3","03","","N","","","","","","","","","",""
"2022060059","0856","2","0","0","0","0","0","0","0","0","4","0","","67","6","2022","3","39.948627","-75.249698","0856","6","0","0","0","0","0","0","0","0","","0","0","0","07","1","0","N","0","1","39 56:55.056","3","7","75 14:58.913","9","0","0","0","67301","0","0","0","N","0","0","0","1","67301","0","","6.0","1000.0","1","N","N","N","0","","0","0","0","0","0","N","0750","2","0","0","0","0","0","1","2","0","2","0","0","0","3","","","N","","","","","","","","","",""
"2022055683","1214","0","0","0","0","0","0","0","0","0","4","0","","67","6","2022","3","40.004691","-75.176907","1212","6","0","0","0","0","0","1","0","0","","0","0","0","12","1","2","","1","0","40 00:16.889","","0","75 10:36.864","3","0","0","0","67301","0","0","0","N","0","0","0","3","67301","0","","1.0","","1","N","N","N","1","","2","0","1","3","2","","1212","2","2","0","0","0","0","0","2","0","2","0","0","0","3","","","N","","","","","","","","","",""
"2022047180","1133","1","0","0","0","0","0","0","0","0","8","0","","67","5","2022","1","40.033891","-75.046212","1133","6","0","0","0","0","0","1","0","0","","0","0","0","11","8","1","N","0","1","40 02:02.009","1","0","75 02:46.363","2","0","0","0","67301","1","0","1","N","1","0","1","3","67301","0","","1.0","115.0","1","N","N","N","0","","0","1","0","0","0","N","1130","2","1","0","0","0","0","0","2","0","1","1","0","1","3","03","","N","","","","","","","","","",""
"2022060141","0950","0","0","0","0","0","0","0","0","0","8","0","","67","6","2022","4","39.990874","-75.155281","0941","6","0","0","0","0","0","0","0","0","","0","0","0","09","1","1","","1","0","39 59:27.145","","0","75 09:19.010","3","0","0","0","67301","1","0","0","N","1","0","0","1","67301","0","","1.0","","1","N","N","N","0","","1","0","0","3","2","","0903","2","1","0","0","0","0","0","2","0","1","1","0","0","3","03","","N","","","","","","","","","",""
"2022064680","0611","0","0","0","0","0","0","0","0","0","1","0","","67","6","2022","5","39.878764","-75.249401","0558","6","0","0","0","0","0","0","0","0","","0","0","0","05","2","0","N","0","0","39 52:43.551","","0","75 14:57.842","0","0","0","0","67301","0","0","0","N","0","0","0","3","68K01","0","","1.0","","8","N","N","N","0","","0","0","3","0","0","","0539","3","0","0","0","0","0","0","2","0","3","0","0","0","7","","","N","","","","","","","","","",""
"2022056400","0950","0","0","0","0","0","0","1","0","0","4","1","","67","6","2022","5","39.945651","-75.173263","0935","6","0","0","0","0","0","0","0","0","","0","0","0","09","1","2","","1","0","39 56:44.343","","0","75 10:23.746","4","0","0","0","67301","0","0","0","N","0","0","0","3","67508","2","","1.0","","1","N","N","Y","1","","0","0","0","3","2","","0935","2","2","1","0","0","0","0","2","0","2","0","0","0","3","03","","N","","","","","","","","","",""
"2022048285","0950","2","0","0","0","0","0","0","0","0","5","0","","67","5","2022","3","39.952225","-75.159847","0945","6","0","0","0","0","0","1","0","0","","0","0","0","09","1","1","N","0","0","39 57:08.010","","0","75 09:35.450","8","0","0","0","67301","0","0","0","N","0","0","0","3","67301","0","","1.0","","1","N","N","N","0","","0","0","0","0","0","","0930","2","1","0","0","0","1","0","2","0","2","0","0","0","3","03","","N","","","","","","","","","",""
"2022033212","","0","0","0","0","0","0","0","0","0","1","0","","67","3","2022","2","39.997704","-75.125473","","6","0","0","0","0","0","1","0","0","","0","0","0","14","1","3","Y","0","0","39 59:51.736","","0","75 07:31.701","8","0","0","0","67301","0","0","0","N","0","0","0","4","00000","0","","1.0","","1","","","N","0","","0","0","1","3","2","","1415","2","3","0","0","0","3","0","2","1","2","0","0","0","3","","","N","","","","","","","","","",""
"2022060079","0848","2","0","0","0","0","0","0","0","0","4","0","","67","6","2022","4","40.009104","-75.122169","0847","6","0","0","0","0","0","0","0","0","","0","0","0","08","1","0","N","0","1","40 00:32.773","1","7","75 07:19.808","0","0","0","0","67301","0","0","0","N","0","0","0","2","67301","0","","1.0","1056.0","1","N","N","N","1","","0","0","1","0","0","N","0837","4","0","0","0","0","0","0","2","0","4","0","0","0","3","03","","N","","","","","","","","","",""
"2022066839","1416","1","0","0","0","0","0","0","0","0","7","0","","67","6","2022","7","39.891453","-75.222827","1414","6","0","0","0","0","0","0","0","0","","0","0","0","14","1","1","N","0","0","39 53:29.232","","3","75 13:22.177","3","0","0","0","67301","0","0","0","N","0","0","0","1","68K01","0","","2.0","","1","N","N","N","0","","1","0","0","0","0","","1414","2","1","0","0","0","0","0","2","0","1","0","0","0","3","","","N","","","","","","","","","",""
"2022045392","1016","1","0","0","0","0","0","0","0","0","1","0","","67","5","2022","6","40.006501","-75.1179","1016","6","0","0","0","0","0","1","0","1","","0","0","0","10","1","1","Y","0","1","40 00:23.402","4","0","75 07:04.441","3","0","0","0","67301","0","0","0","N","0","0","0","3","67301","0","","1.0","1050.0","9","N","N","N","0","","1","0","2","3","2","N","1000","3","1","0","0","0","0","0","2","0","3","0","0","0","3","","","N","","","","","","","","","",""
"2022056892","1320","1","0","0","0","0","0","0","0","0","8","0","","67","5","2022","6","39.993239","-75.124406","1320","6","0","0","0","0","0","0","0","0","","0","0","0","18","1","1","N","0","0","39 59:35.660","","0","75 07:27.860","3","0","0","0","67301","1","0","0","N","1","0","0","2","67301","0","","1.0","","99","N","N","N","0","","1","0","0","0","0","","1800","2","1","0","0","0","0","0","2","0","1","1","0","0","99","","","N","","","","","","","","","",""
"2022060130","1307","1","0","0","0","0","0","0","0","0","5","0","","67","6","2022","3","40.062119","-75.05173","1305","6","0","0","0","0","0","0","1","0","","0","0","0","13","1","2","N","0","0","40 03:43.628","","0","75 03:06.227","8","0","0","0","67301","0","0","0","N","0","0","0","2","67301","0","","1.0","","1","N","N","N","0","","0","0","2","0","0","","1300","3","2","0","0","0","2","0","2","0","3","0","0","0","3","","","N","","","","","","","","","",""
"2022044755","1935","0","0","0","1","0","0","0","0","0","8","0","","67","5","2022","4","39.957324","-75.152279","1930","6","0","0","0","0","0","0","0","0","","0","0","0","18","1","1","","1","0","39 57:26.368","","2","75 09:08.204","3","0","0","0","67301","1","0","0","N","0","0","0","2","67301","0","","1.0","","1","N","N","N","0","","1","0","0","3","2","","1830","2","1","0","0","0","0","0","2","1","1","1","0","0","3","03","","N","","","","","","","","","",""
"2022058790","1430","1","0","0","0","0","0","1","0","0","5","2","","67","6","2022","6","40.030583","-75.146476","1415","6","0","0","0","0","0","0","0","0","","0","1","0","14","1","5","","1","0","40 01:50.100","","0","75 08:47.313","8","0","0","0","67301","0","0","0","N","0","0","0","9","67508","0","","1.0","","1","N","N","Y","0","","0","0","0","3","2","","1415","3","5","0","0","0","5","0","2","0","3","0","0","0","3","03","","N","","","","","","","","","",""
"2022048899","0900","0","0","0","0","0","0","0","0","0","8","0","","67","5","2022","2","40.011808","-75.110156","0836","6","0","0","0","0","0","0","0","0","","0","0","0","08","1","1","N","0","0","40 00:42.510","","0","75 06:36.560","3","0","0","0","67301","1","0","0","N","1","0","0","3","67301","0","","1.0","","1","N","Y","N","0","","1","0","1","0","0","","0830","2","1","0","0","0","0","0","2","0","1","1","0","0","4","04","","N","","","","","","","","","",""
"2022055566","2330","1","0","0","0","0","0","0","0","0","4","0","","67","6","2022","1","39.95762","-75.145687","2330","6","0","0","0","0","0","0","0","0","","0","0","0","20","1","1","","1","0","39 57:27.432","","0","75 08:44.473","3","0","0","0","67301","0","0","0","N","0","0","0","3","67301","0","","1.0","","1","N","N","N","0","","1","0","1","3","2","","2000","2","1","0","0","0","0","1","2","0","2","0","0","0","3","03","","N","","","","","","","","","",""
"2022055858","1337","0","0","0","0","0","0","0","0","0","8","0","","67","5","2022","6","39.950462","-75.235053","1333","6","0","0","0","0","0","0","0","0","","0","0","0","13","1","1","","1","0","39 57:01.663","","0","75 14:06.190","4","0","0","0","67301","1","0","0","N","1","0","0","2","67301","1","","1.0","","1","N","N","N","0","","0","0","1","0","0","","1323","2","1","0","0","0","0","0","2","0","1","1","0","0","4","","","N","","","","","","","","","",""
"2022055637","1410","2","0","0","0","0","0","0","0","0","4","0","","67","6","2022","5","39.950172","-75.243233","1410","6","0","0","0","0","0","0","1","0","","0","0","0","14","1","0","","1","0","39 57:00.619","","0","75 14:35.638","0","0","0","0","67301","0","0","0","N","0","0","0","2","67301","0","","1.0","","1","N","N","N","1","","0","0","1","3","3","","1409","4","0","0","0","0","0","0","2","0","4","0","0","0","3","03","","N","","","","","","","","","",""
"2022056746","1648","1","0","0","0","0","0","0","0","0","8","0","","67","6","2022","6","40.041363","-75.028255","1641","6","0","0","0","0","0","0","0","0","","0","0","0","13","1","1","","1","0","40 02:28.908","","0","75 01:41.719","3","0","0","0","67301","1","0","0","N","1","0","0","1","67301","0","","1.0","","1","N","N","N","0","","1","0","0","3","2","","1347","2","1","0","0","0","0","0","2","0","1","1","0","0","3","","","N","","","","","","","","","",""
"2022060034","1610","2","0","0","0","0","0","0","0","0","4","0","","67","6","2022","6","39.927517","-75.229825","1610","6","0","0","0","0","0","1","1","0","","0","0","0","16","1","1","N","0","0","39 55:39.060","","7","75 13:47.370","3","0","0","0","67301","0","0","0","N","0","0","0","3","67301","0","","1.0","","1","N","N","N","0","","1","0","0","0","0","","1610","2","1","0","0","0","0","0","2","0","2","0","0","0","3","03","","N","","","","","","","","","",""
"2022044762","1946","1","0","0","0","0","0","0","0","0","8","0","","67","5","2022","5","39.920655","-75.170557","1736","6","0","0","0","0","0","0","0","0","","0","0","0","17","4","1","","1","0","39 55:14.358","","0","75 10:14.006","3","0","0","0","67301","1","0","0","N","1","0","0","2","67301","0","","1.0","","1","N","N","N","0","","1","0","0","3","2","","1733","2","1","1","0","0","0","0","2","0","1","1","0","0","3","03","","N","","","","","","","","","",""
"2022047201","2205","0","0","0","0","0","0","0","0","0","4","0","","67","5","2022","4","39.962474","-75.244666","2205","6","0","0","0","0","0","0","0","0","","0","0","0","22","3","1","","1","0","39 57:44.907","","1","75 14:40.797","4","0","0","0","67301","0","0","0","N","0","0","0","2","67301","1","","1.0","","1","N","N","N","0","","0","0","1","3","2","","2205","2","1","1","0","0","0","0","2","0","2","0","0","0","3","03","","N","","","","","","","","","",""
"2022044567","0835","3","0","0","0","0","0","0","0","0","4","0","","67","5","2022","4","39.956808","-75.233732","0835","6","0","0","0","0","0","1","0","0","","0","0","0","07","1","1","","1","0","39 57:24.508","","0","75 14:01.435","3","0","0","0","67301","0","0","0","N","0","0","0","2","67301","0","","1.0","","1","N","N","Y","0","","1","0","1","3","3","","0746","4","1","0","0","0","0","0","2","0","4","0","0","0","3","","","N","","","","","","","","","",""
"2022043890","2231","0","0","0","0","0","0","0","0","0","7","0","","67","5","2022","6","39.919486","-75.203941","2231","6","0","0","0","1","0","0","0","0","","0","0","0","21","3","1","N","0","0","39 55:10.149","","3","75 12:14.186","3","0","0","0","67301","0","0","0","N","0","0","0","3","67301","0","","3.0","","9","N","N","N","0","","1","0","1","0","0","","2140","1","1","0","0","0","0","0","2","0","1","0","0","0","7","07","","N","","","","","","","","","",""
"2022057897","0330","1","0","0","0","0","0","0","0","0","7","0","","67","5","2022","1","39.954609","-75.140989","0229","6","0","0","0","0","0","0","0","0","","0","0","0","02","3","1","N","0","2","39 57:16.591","1","8","75 08:27.561","4","0","0","0","67301","0","0","0","N","0","0","0","1","68K01","1","","4.0","305.0","9","N","N","N","0","","0","0","0","0","0","N","0227","1","1","0","0","0","0","0","2","0","1","0","0","0","7","","","N","","","","","","","","","",""
"2022043996","1058","0","0","0","0","0","0","0","0","0","2","0","","67","5","2022","4","39.975162","-75.188163","1000","6","0","0","0","0","0","0","1","0","","0","0","0","09","1","1","","1","0","39 58:30.584","","0","75 11:17.385","3","0","0","0","67301","0","0","0","N","0","0","0","2","67301","0","","1.0","","9","N","N","N","0","","1","0","2","3","2","","0912","2","1","0","0","0","0","0","2","0","2","0","0","0","98","","","N","","","","","","","","","",""
"2022045228","1700","1","0","0","0","0","0","0","0","0","1","0","","67","5","2022","6","40.016485","-75.175161","1656","6","0","0","0","0","0","1","0","0","","0","0","0","16","1","0","N","0","2","40 00:59.346","2","0","75 10:30.580","0","0","0","0","67301","0","0","0","N","0","0","0","4","67301","0","","1.0","1810.0","9","N","N","N","0","","0","0","1","0","0","N","1650","3","0","0","0","0","0","0","2","1","3","0","0","0","7","04","","N","","","","","","","","","",""
"2022060025","1530","2","0","0","0","0","0","0","0","0","1","1","","67","6","2022","4","39.945406","-75.1712","1523","6","0","0","0","0","0","0","1","0","","0","0","0","13","1","2","N","0","0","39 56:43.460","","0","75 10:16.320","8","0","0","0","67301","0","0","0","N","0","0","0","2","67301","0","","1.0","","1","N","N","N","0","","0","0","0","0","0","","1343","2","2","1","0","0","2","0","2","0","2","0","0","0","3","03","","N","","","","","","","","","",""
"2022049642","1550","2","0","0","0","0","0","0","0","0","5","0","","67","5","2022","4","39.9873","-75.159375","1534","6","0","0","0","0","0","0","0","0","","0","0","0","15","1","2","N","0","0","39 59:14.280","","0","75 09:33.750","3","0","0","0","67301","0","0","0","N","0","0","0","3","67301","0","","6.0","","1","N","N","N","0","","2","0","0","0","0","","1529","2","2","0","0","0","0","1","2","0","2","0","0","0","3","03","","N","","","","","","","","","",""
"2022045903","1145","0","0","0","0","0","0","0","0","0","4","0","","67","5","2022","2","40.026906","-75.227196","1140","6","0","0","0","0","0","0","0","0","","0","0","0","11","1","2","","1","0","40 01:36.861","","0","75 13:37.905","4","0","0","0","67301","0","0","0","N","0","0","0","2","67301","2","","1.0","","1","N","N","N","0","","0","0","2","3","2","","1140","2","2","0","0","0","0","0","2","0","2","0","0","0","3","03","","N","","","","","","","","","",""
"2022045063","1912","2","0","0","0","0","0","0","0","0","5","0","","67","5","2022","6","40.047478","-75.167461","1912","6","0","0","0","0","0","0","0","0","","0","0","0","19","1","1","N","0","0","40 02:50.920","","0","75 10:02.860","3","0","0","0","67301","0","0","0","N","0","0","0","1","67301","0","","6.0","","9","N","N","N","0","","1","0","0","0","0","","1900","2","1","0","0","0","0","0","2","0","2","0","0","0","3","","","N","","","","","","","","","",""
"2022056865","0831","1","0","0","0","0","0","0","0","0","1","0","","67","6","2022","2","40.045986","-75.001776","0801","6","0","0","0","0","0","0","0","0","","0","0","0","07","1","0","N","0","0","40 02:45.549","","0","75 00:06.395","0","0","0","0","67301","0","0","0","N","0","0","0","2","68K01","0","","1.0","","1","N","N","N","0","","0","0","1","0","0","","0758","2","0","0","0","0","0","0","2","0","2","0","0","0","3","03","","N","","","","","","","","","",""
"2022043914","2155","1","0","0","0","0","0","0","0","0","4","0","","67","5","2022","7","40.038211","-75.190068","2150","6","0","0","0","0","2","0","0","0","","0","0","0","21","3","0","","1","2","40 02:17.558","7","0","75 11:24.246","9","0","0","0","67301","0","0","0","N","0","0","0","3","67301","0","","1.0","2215.0","9","N","N","N","0","","0","0","2","3","2","Y","2145","3","0","0","0","0","0","2","2","0","3","0","0","0","7","07","","N","","","","","","","","","",""
"2022044003","1027","0","0","0","0","0","0","0","0","0","4","0","","67","5","2022","1","39.97343","-75.160756","1027","6","0","0","0","0","1","1","0","0","","0","0","0","09","1","1","","1","0","39 58:24.347","","0","75 09:38.721","8","0","0","0","67301","0","0","0","N","0","0","0","2","67301","0","","1.0","","9","N","N","N","0","","0","0","2","3","2","","0955","2","1","0","0","0","1","0","2","0","2","0","0","0","7","04","","N","","","","","","","","","",""
"2022055949","1657","0","0","0","0","0","0","0","0","0","1","0","","67","6","2022","7","39.985183","-75.094091","1647","6","0","0","0","0","0","1","0","0","","0","0","0","16","1","2","N","0","0","39 59:06.660","","0","75 05:38.728","4","0","0","0","67301","0","0","0","N","0","0","0","7","68K01","2","","1.0","","1","N","N","N","0","","0","0","3","0","0","","1645","3","2","0","0","0","0","0","2","0","3","0","0","0","3","03","","N","","","","","","","","","",""
"2022044046","1616","1","0","0","0","0","0","0","0","0","5","0","","67","5","2022","1","39.995289","-75.115619","1615","6","0","0","0","0","0","0","0","0","","0","0","0","16","1","0","N","0","0","39 59:43.040","","1","75 06:56.230","0","0","0","0","67301","0","0","0","N","0","0","0","1","67301","0","","6.0","","1","N","N","N","0","","0","0","0","0","0","","1614","2","0","1","0","0","0","0","2","1","2","0","0","0","3","03","","N","","","","","","","","","",""
"2022056752","1634","1","0","0","0","0","0","0","0","0","1","0","","67","4","2022","3","39.967152","-75.132872","1634","6","0","0","0","0","0","1","0","0","","0","0","0","16","1","1","N","0","0","39 58:01.748","","0","75 07:58.339","4","0","0","0","67301","0","0","0","N","0","0","0","2","68K01","1","","1.0","","1","N","N","N","0","","0","0","1","3","8","","1634","2","1","0","0","0","0","0","2","0","2","0","0","0","3","","","N","","","","","","","","","",""
"2022044631","1359","1","0","0","0","0","0","0","0","0","4","0","","67","5","2022","5","40.006038","-75.091367","1353","6","0","0","0","0","0","0","0","0","","0","0","0","13","1","0","N","0","0","40 00:21.735","","7","75 05:28.921","9","0","0","0","67301","0","0","0","N","0","0","0","2","67301","0","","1.0","","1","N","N","N","0","","0","0","1","0","0","","1332","2","0","0","0","0","0","1","2","0","2","0","0","0","3","","","N","","","","","","","","","",""
"2022047537","1327","1","0","0","0","0","0","0","0","0","4","0","","67","5","2022","2","39.954615","-75.149531","1323","6","0","0","0","0","0","0","1","0","","0","0","0","13","1","2","","5","2","39 57:16.613","2","2","75 08:58.311","3","0","0","0","67301","0","0","0","N","0","0","0","2","67301","0","","1.0","1344.0","1","N","N","N","0","","2","0","1","3","2","Y","1320","2","2","0","0","0","0","0","2","0","2","0","0","0","3","","","N","","","","","","","","","",""
"2022057909","2352","3","0","0","0","0","0","0","0","0","1","0","","67","5","2022","6","39.933682","-75.20006","2342","6","0","0","0","0","0","0","0","0","","0","0","0","23","3","4","N","0","0","39 56:01.255","","0","75 12:00.216","4","0","0","0","67301","0","0","0","N","0","0","0","4","68K01","4","","1.0","","1","N","N","N","0","","0","0","1","0","0","","2341","4","4","0","0","0","0","0","2","0","4","0","0","0","3","","","N","","","","","","","","","",""
"2022056859","2206","0","0","0","0","0","0","0","0","0","5","0","","67","5","2022","1","39.938345","-75.197662","2144","6","0","0","0","0","0","0","0","0","","0","0","0","21","3","0","","6","0","39 56:18.041","","2","75 11:51.584","0","0","0","0","67301","0","0","0","N","0","0","0","2","68K01","0","","1.0","","1","N","N","N","1","","0","0","0","0","0","","2140","2","0","1","0","0","0","0","2","1","2","0","0","0","3","","","N","","","","","","","","","",""
"2022047204","2216","0","0","0","0","0","0","0","0","0","4","0","","67","5","2022","5","40.002999","-75.101607","2216","6","0","0","0","0","0","0","0","0","","0","0","0","22","3","1","","5","0","40 00:10.796","","1","75 06:05.785","3","0","0","0","67301","0","0","0","N","0","0","0","2","67301","0","","1.0","","1","N","N","N","0","","1","0","2","3","2","","2215","2","1","0","0","0","0","0","2","0","2","0","0","0","3","03","","N","","","","","","","","","",""
"2022059108","0130","2","0","0","0","0","0","0","0","0","1","0","","67","5","2022","3","39.94864","-75.185486","0112","6","0","0","0","0","1","0","0","0","","0","0","0","01","3","4","N","0","2","39 56:55.104","4","0","75 11:07.750","8","0","0","0","67301","0","0","0","N","0","0","0","4","68K01","0","","1.0","215.0","1","N","N","N","0","","0","0","0","0","0","N","0111","2","4","1","0","0","4","0","2","0","2","0","0","0","3","03","","N","","","","","","","","","",""
"2022044983","2028","1","0","0","0","0","0","0","0","0","8","0","","67","5","2022","5","39.926044","-75.226067","2028","6","0","0","0","0","0","0","0","0","","0","0","0","18","1","1","N","0","0","39 55:33.760","","0","75 13:33.840","4","0","0","0","67301","1","0","0","N","1","0","0","2","67301","1","","6.0","","1","N","N","N","0","","0","0","0","0","0","","1818","2","1","0","0","0","0","0","2","0","1","1","0","0","3","","","N","","","","","","","","","",""
"2022044722","1629","0","0","0","0","0","0","0","0","0","8","0","","67","5","2022","5","40.034107","-75.176519","1629","6","0","0","0","0","0","0","0","0","","0","0","0","16","1","2","","1","0","40 02:02.785","","0","75 10:35.468","3","0","0","0","67301","2","0","0","N","2","0","0","4","67301","0","","1.0","","1","N","N","N","0","","2","0","1","3","2","","1629","3","2","0","0","0","0","0","2","0","1","2","0","0","3","","","N","","","","","","","","","",""