"CRN","ARRIVAL_TM","AUTOMOBILE_COUNT","BELTED_DEATH_COUNT","BELTED_SUSP_SERIOUS_INJ_COUNT","BICYCLE_COUNT","BICYCLE_DEATH_COUNT","BICYCLE_SUSP_SERIOUS_INJ_COUNT","BUS_COUNT","CHLDPAS_DEATH_COUNT","CHLDPAS_SUSP_SERIOUS_INJ_COUNT","COLLISION_TYPE","COMM_VEH_COUNT","CONS_ZONE_SPD_LIM","COUNTY","CRASH_MONTH","CRASH_YEAR","DAY_OF_WEEK","DEC_LATITUDE","DEC_LONGITUDE","DISPATCH_TM","DISTRICT","DRIVER_COUNT_16YR","DRIVER_COUNT_17YR","DRIVER_COUNT_18YR","DRIVER_COUNT_19YR","DRIVER_COUNT_20YR","DRIVER_COUNT_50_64YR","DRIVER_COUNT_65_74YR","DRIVER_COUNT_75PLUS","EST_HRS_CLOSED","FATAL_COUNT","HEAVY_TRUCK_COUNT","HORSE_BUGGY_COUNT","HOUR_OF_DAY","ILLUMINATION","INJURY_COUNT","INTERSECTION_RELATED","INTERSECT_TYPE","LANE_CLOSED","LATITUDE","LN_CLOSE_DIR","LOCATION_TYPE","LONGITUDE","MAX_SEVERITY_LEVEL","MCYCLE_DEATH_COUNT","MCYCLE_SUSP_SERIOUS_INJ_COUNT","MOTORCYCLE_COUNT","MUNICIPALITY","NONMOTR_COUNT","NONMOTR_DEATH_COUNT","NONMOTR_SUSP_SERIOUS_INJ_COUNT","NTFY_HIWY_MAINT","PED_COUNT","PED_DEATH_COUNT","PED_SUSP_SERIOUS_INJ_COUNT","PERSON_COUNT","POLICE_AGCY","POSSIBLE_INJ_COUNT","RDWY_SURF_TYPE_CD","RELATION_TO_ROAD","ROADWAY_CLEARED","ROAD_CONDITION","SCH_BUS_IND","SCH_ZONE_IND","SECONDARY_CRASH","SMALL_TRUCK_COUNT","SPEC_JURIS_CD","SUSP_MINOR_INJ_COUNT","SUSP_SERIOUS_INJ_COUNT","SUV_COUNT","TCD_FUNC_CD","TCD_TYPE","TFC_DETOUR_IND","TIME_OF_DAY","TOTAL_UNITS","TOT_INJ_COUNT","UNBELTED_OCC_COUNT","UNB_DEATH_COUNT","UNB_SUSP_SERIOUS_INJ_COUNT","UNK_INJ_DEG_COUNT","UNK_INJ_PER_COUNT","URBAN_RURAL","VAN_COUNT","VEHICLE_COUNT","VULNERABLE_ROAD_USER_COUNT","VULNERABLE_ROAD_USER_DEATH_COUNT","VULNERABLE_ROAD_USER_SER_INJ_COUNT","WEATHER1","WEATHER2","WORKERS_PRES","WORK_ZONE_IND","WORK_ZONE_LOC","WORK_ZONE_TYPE","WZ_CLOSE_DETOUR","WZ_FLAGGER","WZ_LAW_OFFCR_IND","WZ_LN_CLOSURE","WZ_MOVING","WZ_OTHER","WZ_SHLDER_MDN","WZ_WORKERS_INJ_KILLED"
"2022045559","0555","0","0","0","0","0","0","0","0","0","1","0","","67","5","2022","7","40.037354","-75.112443","0552","6","0","0","0","0","0","0","0","0","","0","0","0","05","5","0","N","0","0","40 02:14.475","","0","75 06:44.793","0","0","0","0","67301","0","0","0","N","0","0","0","1","67301","0","","6.0","","9","N","N","N","0","","0","0","2","0","0","","0544","2","0","0","0","0","0","0","2","0","2","0","0","0","7","","","N","","","","","","","","","",""
"2022045584","0455","1","0","0","0","0","0","0","0","0","7","0","","67","5","2022","2","39.974333","-75.118222","0454","6","0","0","0","0","0","0","0","0","","0","0","0","04","3","0","N","0","0","39 58:27.600","","1","75 07:05.600","0","0","0","0","67301","0","0","0","N","0","0","0","1","67301","0","","4.0","","1","N","N","N","0","","0","0","0","0","0","","0440","1","0","0","0","0","0","0","2","0","1","0","0","0","3","03","","N","","","","","","","","","",""
"2022056582","0656","2","0","0","0","0","0","0","0","0","5","0","","67","6","2022","6","40.03226","-75.019835","0656","6","0","0","0","0","0","0","1","1","","0","0","0","06","1","1","N","0","1","40 01:56.136","1","7","75 01:11.405","3","0","0","0","67301","0","0","0","N","0","0","0","2","67301","0","","1.0","800.0","1","N","N","N","0","","1","0","0","3","8","N","0640","2","1","0","0","0","0","0","2","0","2","0","0","0","4","04","","N","","","","","","","","","",""
"2022045536","1933","1","0","0","0","0","0","0","0","0","5","0","","67","5","2022","7","40.015956","-75.091686","1927","6","0","0","0","0","0","0","0","0","","0","0","0","16","1","0","N","0","0","40 00:57.440","","0","75 05:30.070","9","0","0","0","67301","0","0","0","N","0","0","0","1","67301","0","","4.0","","9","N","N","N","0","","0","0","1","0","0","","1600","2","0","0","0","0","0","1","2","0","2","0","0","0","4","07","","N","","","","","","","","","",""
"2022050556","1505","0","0","0","0","0","0","0","0","0","8","0","","67","5","2022","6","39.967786","-75.231408","1447","6","0","0","0","0","0","0","0","0","","0","0","0","14","8","1","N","0","0","39 58:04.030","","0","75 13:53.070","2","0","0","0","67301","1","0","1","N","1","0","1","2","67301","0","","1.0","","9","N","N","N","0","","0","1","1","0","0","","1420","2","1","0","0","0","0","0","2","0","1","1","0","1","7","07","","N","","","","","","","","","",""
"2022060101","2237","0","0","0","0","0","0","0","0","0","8","0","","67","6","2022","5","39.990948","-75.131769","2237","6","0","0","0","0","0","0","0","0","","1","0","0","22","3","0","N","0","0","39 59:27.412","","0","75 07:54.370","1","0","0","0","67301","1","1","0","N","1","1","0","3","67301","0","2","1.0","","1","N","N","N","0","0","0","0","1","0","0","","2230","2","0","0","0","0","0","0","2","0","1","1","1","0","3","","","N","","","","","","","","","",""
"2022043964","2137","2","0","0","0","0","0","0","0","0","5","0","","67","5","2022","1","39.943611","-75.172278","2137","6","0","0","0","0","0","0","0","0","","0","0","0","21","3","1","N","0","0","39 56:37.000","","0","75 10:20.200","3","0","0","0","67301","0","0","0","N","0","0","0","2","67301","0","","6.0","","1","N","N","N","0","","1","0","0","0","0","","2137","2","1","1","0","0","0","0","2","0","2","0","0","0","4","98","","N","","","","","","","","","",""
"2022044045","0020","2","0","0","0","0","0","0","0","0","3","0","","67","5","2022","7","40.010072","-75.104364","0016","6","0","0","0","0","0","1","0","0","","0","0","0","22","3","1","N","0","0","40 00:36.260","","0","75 06:15.710","3","0","0","0","67301","0","0","0","N","0","0","0","2","67301","0","","1.0","","1","N","N","N","0","","1","0","0","0","0","","2202","2","1","0","0","0","0","0","2","0","2","0","0","0","3","03","","N","","","","","","","","","",""
"2022047933","1844","0","0","0","0","0","0","0","0","0","4","0","","67","5","2022","5","40.019806","-75.21525","1834","6","0","0","0","0","0","0","0","0","","0","0","0","18","1","1","N","0","0","40 01:11.300","","7","75 12:54.900","3","0","0","1","67301","0","0","0","N","0","0","0","2","67301","0","","1.0","","1","N","N","N","0","","1","0","0","0","0","","1814","2","1","0","0","0","0","0","2","1","2","0","0","0","3","03","","N","","","","","","","","","",""
"2022044001","1635","1","0","0","0","0","0","0","0","0","8","0","","67","5","2022","6","39.984702","-75.16831","1629","6","0","0","0","0","0","0","0","0","","0","0","0","15","1","1","","1","0","39 59:04.927","","0","75 10:05.915","3","0","0","0","67301","1","0","0","N","1","0","0","2","67301","0","","1.0","","9","N","N","N","0","","1","0","0","3","3","","1530","2","1","1","0","0","0","1","2","0","1","1","0","0","7","04","","N","","","","","","","","","",""
"2022044981","1031","0","0","0","0","0","0","0","0","0","4","0","","67","5","2022","4","39.923384","-75.231727","1031","6","0","0","0","0","0","0","0","0","","0","0","0","21","3","1","","1","0","39 55:24.182","","0","75 13:54.217","3","0","0","0","67301","0","0","0","N","0","0","0","2","67301","0","","1.0","","1","N","N","N","1","","1","0","1","3","2","","2115","2","1","0","0","0","0","1","2","0","2","0","0","0","3","","","N","","","","","","","","","",""
"2022055626","1950","1","0","0","1","0","0","0","0","0","8","0","","67","5","2022","3","39.945827","-75.183141","1941","6","0","0","0","0","0","0","0","0","","0","0","0","18","1","1","","1","0","39 56:44.977","","0","75 10:59.307","3","0","0","0","67301","1","0","0","N","0","0","0","2","67301","0","","1.0","","1","N","N","N","0","","1","0","0","3","2","","1830","2","1","0","0","0","0","1","2","0","1","1","0","0","3","","","N","","","","","","","","","",""
"2022045631","1618","0","0","0","0","0","0","0","0","0","1","0","","67","5","2022","6","39.959903","-75.140393","1602","6","0","0","0","0","0","1","0","0","","0","0","0","15","1","1","","6","0","39 57:35.650","","2","75 08:25.416","8","0","0","0","67301","0","0","0","N","0","0","0","2","68K01","0","","7.0","","9","N","N","N","0","","0","0","2","0","0","","1554","2","1","0","0","0","1","0","2","0","2","0","0","0","7","","","N","","","","","","","","","",""
"2022043860","1646","1","0","0","0","0","0","0","0","0","5","0","","67","5","2022","1","40.065292","-75.019831","1636","6","0","0","0","0","0","0","0","0","","0","0","0","16","1","2","N","0","0","40 03:55.050","","0","75 01:11.390","3","0","0","0","67301","0","0","0","N","0","0","0","3","67301","1","","1.0","","1","N","N","N","0","","1","0","1","0","0","","1626","2","2","0","0","0","0","0","2","0","2","0","0","0","3","03","","N","","","","","","","","","",""
"2022056932","1920","1","0","0","0","0","0","0","0","0","8","0","","67","6","2022","5","39.951716","-75.15874","1907","6","0","0","0","0","0","0","0","0","","0","0","0","15","1","1","N","0","9","39 57:06.177","","0","75 09:31.464","8","0","0","0","67301","1","0","0","N","1","0","0","2","67301","0","","1.0","","1","N","N","N","0","","0","0","0","0","0","","1530","2","1","0","0","0","1","0","2","0","1","1","0","0","3","03","","N","","","","","","","","","",""
"2022047584","1849","1","0","0","0","0","0","0","0","0","4","0","","67","5","2022","4","39.913692","-75.177515","1842","6","0","0","0","0","0","0","0","0","","0","0","0","16","1","1","","1","0","39 54:49.291","","0","75 10:39.053","2","0","0","0","67301","0","0","0","N","0","0","0","2","67301","0","","1.0","","1","N","N","N","0","","0","1","0","3","3","","1654","2","1","0","0","0","0","0","2","0","2","0","0","0","3","","","N","","","","","","","","","",""
"2022055546","1955","2","0","0","0","0","0","0","0","0","4","0","","67","6","2022","7","40.060575","-75.082261","1943","6","0","0","0","0","0","0","0","0","","0","0","0","19","1","1","","1","1","40 03:38.070","6","0","75 04:56.139","3","0","0","0","67301","0","0","0","N","0","0","0","4","67301","0","","1.0","100.0","1","N","N","N","0","","1","0","0","3","2","N","1943","2","1","1","0","0","0","3","2","0","2","0","0","0","3","","","N","","","","","","","","","",""
"2022059107","0350","1","0","0","0","0","0","0","0","0","7","0","","67","5","2022","7","39.987747","-75.207401","0349","6","0","0","0","0","0","0","0","0","","0","0","0","03","3","0","N","0","0","39 59:15.888","","0","75 12:26.642","0","0","0","0","67301","0","0","0","N","0","0","0","1","68K01","0","","3.0","","9","N","N","N","0","","0","0","0","0","0","","0346","1","0","0","0","0","0","0","2","0","1","0","0","0","3","","","N","","","","","","","","","",""
"2022050555","1506","0","0","0","0","0","0","0","0","0","4","0","","67","5","2022","5","39.966827","-75.241778","1504","6","0","0","0","0","0","0","0","0","","0","0","0","15","1","0","","1","0","39 58:00.577","","0","75 14:30.400","0","0","0","0","67301","0","0","0","N","0","0","0","5","67301","0","","1.0","","1","N","N","N","0","","0","0","1","3","3","","1504","2","0","0","0","0","0","0","2","1","2","0","0","0","3","03","","N","","","","","","","","","",""
"2022026659","","1","0","0","0","0","0","0","0","0","1","1","","67","2","2022","3","40.012604","-75.16091","","6","0","0","0","0","0","0","0","0","","0","1","0","19","2","2","","1","0","40 00:45.376","","0","75 09:39.277","8","0","0","0","67301","0","0","0","N","0","0","0","3","00000","0","","1.0","","1","N","N","N","0","","0","0","0","3","2","","1945","2","2","0","0","0","2","0","2","0","2","0","0","0","3","03","","N","","","","","","","","","",""
"2022045945","2345","1","0","0","0","0","0","0","0","0","8","0","","67","5","2022","2","39.961061","-75.146066","2336","6","0","0","0","0","0","0","1","0","","0","0","0","23","3","1","N","0","0","39 57:39.819","","0","75 08:45.836","3","0","0","0","67301","1","0","0","N","1","0","0","2","67301","0","","1.0","","1","N","N","N","0","","1","0","0","0","0","","2330","2","1","0","0","0","0","0","2","0","1","1","0","0","3","03","","N","","","","","","","","","",""
"2022047174","2011","0","0","0","0","0","0","0","0","0","8","0","","67","5","2022","5","40.049669","-75.160527","2011","6","0","0","0","0","0","0","0","0","","0","0","0","17","1","1","","1","0","40 02:58.808","","0","75 09:37.897","3","0","0","0","67301","1","0","0","N","1","0","0","2","67301","0","","1.0","","1","N","N","N","0","","1","0","1","3","2","","1757","2","1","0","0","0","0","1","2","0","1","1","0","0","3","03","","N","","","","","","","","","",""
"2022059813","2353","1","0","0","0","0","0","0","0","0","7","0","","67","4","2022","6","39.93084","-75.198869","2345","6","0","0","0","0","0","1","0","0","","0","0","0","23","3","2","N","0","1","39 55:51.025","4","0","75 11:55.930","8","0","0","0","67301","0","0","0","N","0","0","0","2","68K01","0","","3.0","115.0","1","N","N","N","0","","0","0","0","0","0","N","2341","1","2","1","0","0","2","0","2","0","1","0","0","0","3","03","","N","","","","","","","","","",""
"2022058732","0603","2","0","0","0","0","0","0","0","0","5","0","","67","6","2022","4","40.034783","-75.018485","0555","6","0","0","0","0","0","1","0","0","","0","0","0","05","1","0","N","0","1","40 02:05.219","1","0","75 01:06.547","0","0","0","0","67301","0","0","0","N","0","0","0","2","68K01","0","","1.0","620.0","1","N","N","N","0","","0","0","0","0","0","N","0539","2","0","0","0","0","0","0","2","0","2","0","0","0","3","","","N","","","","","","","","","",""
"2022050563","1200","0","0","0","0","0","0","0","0","0","8","0","","67","5","2022","6","39.963072","-75.228072","1200","6","0","0","0","0","0","0","0","0","","0","0","0","21","8","1","N","0","0","39 57:47.060","","0","75 13:41.060","8","0","0","0","67301","1","0","0","N","1","0","0","2","67301","0","","1.0","","99","N","N","N","0","","0","0","0","0","0","","2100","2","1","0","0","0","1","1","2","0","1","1","0","0","99","","","N","","","","","","","","","",""
"2022047364","0900","2","0","0","0","0","0","0","0","0","4","0","","67","5","2022","3","39.917695","-75.177717","0856","6","0","0","1","0","0","0","0","0","","0","0","0","08","1","1","","1","0","39 55:03.701","","0","75 10:39.781","8","0","0","0","67301","0","0","0","N","0","0","0","2","67301","0","","1.0","","1","N","N","N","0","","0","0","1","3","2","","0854","3","1","0","0","0","1","0","2","0","3","0","0","0","3","03","","N","","","","","","","","","",""
"2022039792","","1","0","0","0","0","0","0","0","0","5","0","","67","4","2022","1","40.007123","-75.193047","","6","0","0","0","0","0","1","0","0","","0","0","0","02","3","3","N","0","0","40 00:25.644","","3","75 11:34.968","8","0","0","0","67301","0","0","0","N","0","0","0","4","00000","0","","1.0","","1","","","N","0","","0","0","1","0","0","","0200","2","3","0","0","0","3","0","2","0","2","0","0","0","3","","","N","","","","","","","","","",""
"2022068615","0930","0","0","0","0","0","0","0","0","0","4","1","","67","7","2022","6","40.000603","-75.186785","0930","6","0","0","0","0","0","1","1","0","","0","1","0","09","1","1","","3","2","40 00:02.170","5","0","75 11:12.425","2","0","0","0","67301","0","0","0","N","0","0","0","2","67301","0","","1.0","1211.0","1","N","N","N","0","","0","1","1","3","2","Y","0930","2","1","1","0","0","0","0","2","0","2","0","0","0","3","03","","N","","","","","","","","","",""
"2022063100","1125","1","0","0","0","0","0","0","0","0","4","0","","67","6","2022","2","40.000339","-75.143441","1123","6","0","0","0","0","0","0","0","0","","0","0","0","10","1","1","","2","0","40 00:01.220","","0","75 08:36.387","3","0","0","1","67301","0","0","0","N","0","0","0","2","67301","0","","1.0","","1","N","N","N","0","","1","0","0","3","3","","1024","2","1","0","0","0","0","0","2","0","2","0","0","0","3","","","N","","","","","","","","","",""
"2022060045","0032","1","0","0","0","0","0","0","0","0","8","0","","67","6","2022","3","40.013178","-75.070421","0032","6","0","0","0","0","0","0","0","0","","0","0","0","23","3","1","","1","0","40 00:47.439","","0","75 04:13.514","3","0","0","0","67301","1","0","0","N","1","0","0","2","67301","0","","1.0","","1","N","N","N","0","","1","0","0","3","2","","2348","2","1","0","0","0","0","0","2","0","1","1","0","0","3","03","","N","","","","","","","","","",""
"2022045290","1627","0","0","0","0","0","0","0","0","0","1","0","","67","5","2022","7","39.894612","-75.236717","1624","6","0","0","0","0","0","0","2","0","","0","0","0","16","1","2","","1","1","39 53:40.603","2","0","75 14:12.181","4","0","0","0","67301","0","0","0","N","0","0","0","3","67301","2","","1.0","100.0","9","N","N","N","0","","0","0","2","3","2","N","1622","2","2","0","0","0","0","0","2","0","2","0","0","0","7","04","","N","","","","","","","","","",""
"2022060041","1821","2","0","0","0","0","0","0","0","0","1","0","","67","6","2022","2","40.037914","-75.060933","1811","6","0","0","0","0","0","1","0","0","","0","0","0","18","1","1","","2","0","40 02:16.489","","0","75 03:39.358","4","0","0","0","67301","0","0","0","N","0","0","0","2","67301","1","","1.0","","1","N","N","N","0","","0","0","0","0","0","","1800","2","1","0","0","0","0","0","2","0","2","0","0","0","3","","","N","","","","","","","","","",""
"2022046272","0653","2","0","0","0","0","0","0","0","0","5","0","","67","5","2022","1","39.973926","-75.194145","0649","6","0","0","0","0","1","0","0","0","","0","0","0","06","1","0","N","0","0","39 58:26.132","","0","75 11:38.921","0","0","0","0","67301","0","0","0","N","0","0","0","2","68K01","0","","1.0","","1","N","N","N","0","","0","0","0","0","0","","0647","2","0","0","0","0","0","0","2","0","2","0","0","0","3","03","","N","","","","","","","","","",""
"2022045918","0030","1","0","0","0","0","0","0","0","0","4","0","","67","5","2022","2","40.044398","-75.072689","0030","6","0","0","0","0","0","0","0","0","","0","0","0","00","3","1","","1","0","40 02:39.831","","0","75 04:21.681","3","0","0","0","67301","0","0","0","N","0","0","0","2","67301","0","","1.0","","1","N","N","N","0","","1","0","1","3","2","","0030","2","1","0","0","0","0","0","2","0","2","0","0","0","3","","","N","","","","","","","","","",""
"2022065886","1131","1","0","0","0","0","0","0","0","0","1","0","","67","6","2022","2","40.007211","-75.192121","1124","6","0","0","0","0","0","0","0","0","","0","0","0","11","1","1","Y","0","0","40 00:25.961","","0","75 11:31.634","8","0","0","0","67301","0","0","0","N","0","0","0","2","68K01","0","","1.0","","1","N","N","N","0","","0","0","1","3","2","","1118","2","1","0","0","0","1","0","2","0","2","0","0","0","3","","","N","","","","","","","","","",""
"2022055572","1620","2","0","0","0","0","0","0","0","0","1","0","","67","6","2022","2","40.056903","-75.046703","1611","6","0","0","0","0","0","1","1","0","","0","0","0","15","1","2","N","0","0","40 03:24.851","","0","75 02:48.131","3","0","0","0","67301","0","0","0","N","0","0","0","6","67301","0","","1.0","","1","N","N","N","0","","2","0","0","0","0","","1555","2","2","0","0","0","0","0","2","0","2","0","0","0","3","03","","N","","","","","","","","","",""
"2022047367","2300","1","0","0","0","0","0","0","0","0","1","0","","67","5","2022","5","39.960569","-75.141379","2300","6","0","0","0","0","0","0","0","0","","0","0","0","03","3","0","","1","0","39 57:38.047","","0","75 08:28.964","9","0","0","0","67301","0","0","0","N","0","0","0","2","67301","0","","1.0","","9","N","N","N","0","","0","0","1","3","2","","0300","2","0","0","0","0","0","2","2","0","2","0","0","0","7","07","","N","","","","","","","","","",""
"2022046957","0041","1","0","0","0","0","0","0","0","0","7","0","","67","5","2022","2","39.905528","-75.131556","0040","6","0","0","0","0","0","0","0","0","","0","0","0","00","3","0","N","0","2","39 54:19.900","3","3","75 07:53.600","0","0","0","0","67301","0","0","0","N","0","0","0","1","67501","0","","3.0","120.0","1","N","N","N","0","","0","0","0","3","8","Y","0040","1","0","0","0","0","0","0","2","0","1","0","0","0","3","03","","N","","","","","","","","","",""
"2022049432","1310","1","0","0","0","0","0","0","0","0","8","0","","67","5","2022","4","39.98627","-75.156147","1300","6","0","0","0","0","0","0","0","0","","0","0","0","14","1","1","","1","0","39 59:10.572","","0","75 09:22.129","3","0","0","0","67301","1","0","0","N","1","0","0","2","67301","0","","1.0","","1","N","N","N","0","","1","0","0","3","2","","1400","2","1","0","0","0","0","0","2","0","1","1","0","0","3","03","","N","","","","","","","","","",""
"2022049202","1317","3","0","0","0","0","0","0","0","0","2","0","","67","5","2022","4","40.08062","-75.028076","1314","6","0","0","0","0","0","0","1","0","","1","0","0","13","1","0","N","0","0","40 04:50.233","","0","75 01:41.075","1","0","0","0","67301","0","0","0","N","0","0","0","1","67301","0","2","5.0","","1","N","N","N","0","0","0","0","0","0","0","","1301","3","0","0","0","0","0","0","2","0","3","0","0","0","3","03","","N","","","","","","","","","",""
"2022060071","1401","0","0","0","0","0","0","1","0","0","3","1","","67","6","2022","5","39.987689","-75.107918","1401","6","0","0","0","0","0","1","0","1","","0","0","0","14","1","1","N","0","0","39 59:15.682","","0","75 06:28.505","3","0","0","0","67301","0","0","0","N","0","0","0","2","67301","0","","1.0","","1","Y","N","N","0","","1","0","1","0","0","","1401","2","1","1","0","0","0","0","2","0","2","0","0","0","3","03","","N","","","","","","","","","",""
"2022046064","2355","1","0","0","0","0","0","0","0","0","7","0","","67","5","2022","2","40.034556","-75.089861","2350","6","0","0","0","0","0","0","0","0","","0","0","0","18","1","0","N","0","0","40 02:04.400","","0","75 05:23.500","0","0","0","0","67301","0","0","0","N","0","0","0","1","67301","0","","5.0","","1","N","N","N","0","","0","0","0","0","0","","1830","1","0","0","0","0","0","0","2","0","1","0","0","0","3","","","N","","","","","","","","","",""
"2022045560","0026","2","0","0","0","0","0","0","0","0","6","0","","67","5","2022","7","40.033386","-75.093206","0007","6","0","0","0","0","0","0","0","0","","0","0","0","19","1","0","N","0","0","40 02:00.190","","0","75 05:35.540","0","0","0","0","67301","0","0","0","N","0","0","0","1","67301","0","","6.0","","1","N","N","N","0","","0","0","0","0","0","","1919","2","0","0","0","0","0","0","2","0","2","0","0","0","3","","","N","","","","","","","","","",""
"2022045390","1640","3","0","0","0","0","0","0","0","0","6","0","","67","5","2022","7","40.118012","-75.01851","1635","6","0","1","0","0","0","0","0","0","","0","0","0","16","4","3","N","0","2","40 07:04.844","5","0","75 01:06.636","3","0","0","0","67301","0","0","0","N","0","0","0","6","67301","2","","1.0","1945.0","9","N","N","N","0","","1","0","1","0","0","Y","1628","4","3","0","0","0","0","1","2","0","4","0","0","0","7","04","","N","","","","","","","","","",""
"2022073713","0211","0","0","0","0","0","0","0","0","0","7","0","","67","8","2022","4","40.017908","-75.166359","0203","6","0","0","0","0","0","0","1","0","","0","0","0","02","2","0","","6","0","40 01:04.468","","7","75 09:58.894","0","0","0","0","67301","0","0","0","N","0","0","0","1","67301","0","","4.0","","1","N","N","N","1","","0","0","0","0","0","","0200","1","0","1","0","0","0","0","2","0","1","0","0","0","3","03","","N","","","","","","","","","",""
"2022050540","0058","1","0","0","0","0","0","0","0","0","5","0","","67","5","2022","6","40.028847","-75.054408","0058","6","0","0","0","0","0","0","0","0","","0","0","0","00","2","0","N","0","0","40 01:43.850","","0","75 03:15.870","0","0","0","0","67301","0","0","0","N","0","0","0","1","67301","0","","6.0","","1","N","N","Y","0","","0","0","2","0","0","","0058","4","0","0","0","0","0","0","2","0","4","0","0","0","98","98","","N","","","","","","","","","",""
"2022056890","2141","1","0","0","0","0","0","0","0","0","4","0","","67","5","2022","3","40.002576","-75.099728","2140","6","0","0","0","0","0","1","0","0","","0","0","0","19","3","0","","5","0","40 00:09.273","","0","75 05:59.019","0","0","0","0","67301","0","0","0","N","0","0","0","2","67301","0","","1.0","","1","N","N","N","0","","0","0","1","3","2","","1915","2","0","0","0","0","0","0","2","0","2","0","0","0","3","03","","N","","","","","","","","","",""
"2022047551","1942","1","0","0","0","0","0","0","0","0","5","0","","67","5","2022","4","39.957014","-75.157357","1942","6","0","0","0","0","0","0","0","0","","0","0","0","19","4","0","N","0","0","39 57:25.252","","0","75 09:26.485","0","0","0","0","67301","0","0","0","N","0","0","0","2","67301","0","","1.0","","1","N","N","N","0","","0","0","1","0","0","","1941","2","0","0","0","0","0","0","2","0","2","0","0","0","3","03","","N","","","","","","","","","",""
"2022047227","1757","1","0","0","0","0","0","0","0","0","7","0","","67","5","2022","3","40.059795","-75.133423","1748","6","0","0","0","0","0","0","0","0","","0","0","0","03","8","0","","1","0","40 03:35.262","","0","75 08:00.324","9","0","0","0","67301","0","0","0","N","0","0","0","1","67301","0","","5.0","","99","N","N","N","0","","0","0","0","3","2","","0358","1","0","0","0","0","0","1","2","0","1","0","0","0","99","","","N","","","","","","","","","",""
"2022047307","0957","1","0","0","0","0","0","0","0","0","4","0","","67","5","2022","2","39.985777","-75.156254","0955","6","0","0","0","0","0","0","0","0","","0","0","0","09","1","1","N","0","0","39 59:08.798","","7","75 09:22.516","8","0","0","0","67301","0","0","0","N","0","0","0","2","67301","0","","1.0","","1","N","N","Y","0","","0","0","1","0","0","","0950","2","1","0","0","0","1","1","2","0","2","0","0","0","3","03","","N","","","","","","","","","",""
"2022059111","1026","1","0","0","0","0","0","0","0","0","7","0","","67","6","2022","6","40.039384","-75.007713","1023","6","0","0","0","0","0","0","0","0","","0","0","0","10","1","1","N","0","1","40 02:21.781","2","0","75 00:27.765","3","0","0","0","67301","0","0","0","N","0","0","0","2","68K01","0","","4.0","1054.0","1","N","N","N","0","","1","0","0","0","0","N","1019","1","1","0","0","0","0","0","2","0","1","0","0","0","3","","","N","","","","","","","","","",""
"2022047220","1816","2","0","0","0","0","0","0","0","0","6","0","","67","5","2022","3","39.991306","-75.148361","1815","6","0","0","0","0","0","0","0","0","","0","0","0","18","1","3","Y","0","0","39 59:28.700","","0","75 08:54.100","3","0","0","0","67301","0","0","0","N","0","0","0","3","67301","1","","6.0","","1","N","N","N","1","","2","0","0","3","2","","1815","4","3","0","0","0","0","0","2","1","4","0","0","0","3","","","N","","","","","","","","","",""
"2022045901","1539","2","0","0","0","0","0","0","0","0","5","0","","67","5","2022","2","40.041736","-75.057766","1539","6","0","0","0","0","0","0","0","1","","0","0","0","15","1","0","","2","1","40 02:30.251","3","0","75 03:27.958","0","0","0","0","67301","0","0","0","N","0","0","0","4","67301","0","","1.0","1559.0","1","N","N","N","0","","0","0","0","0","0","Y","1529","2","0","0","0","0","0","0","2","0","2","0","0","0","3","03","","N","","","","","","","","","",""
"2022045319","2206","2","0","0","0","0","0","0","0","0","4","0","","67","5","2022","7","39.976086","-75.119525","2206","6","0","0","0","0","0","0","0","0","","0","0","0","21","3","0","","1","0","39 58:33.909","","0","75 07:10.290","0","0","0","0","67301","0","0","0","N","0","0","0","2","67301","0","","1.0","","1","N","N","N","0","","0","0","0","3","3","","2130","2","0","2","0","0","0","0","2","0","2","0","0","0","3","03","","N","","","","","","","","","",""
"2022068570","2235","1","0","0","0","0","0","0","0","0","8","0","","67","7","2022","4","39.946084","-75.239206","2221","6","0","0","0","0","0","1","0","0","","0","0","0","22","3","1","N","0","0","39 56:45.903","","0","75 14:21.140","2","0","0","0","67301","1","0","1","N","1","0","1","2","67301","0","","1.0","","1","N","N","N","0","","0","1","0","0","0","","2214","2","1","1","0","0","0","0","2","0","1","1","0","1","3","","","N","","","","","","","","","",""
"2022047922","2339","1","0","0","0","0","0","0","0","0","1","0","","67","5","2022","6","39.954083","-75.140833","2339","6","0","0","0","0","0","1","0","0","","0","0","0","23","3","0","N","0","2","39 57:14.700","4","3","75 08:27.000","0","0","0","0","67301","0","0","0","N","0","0","0","4","67501","0","","1.0","2351.0","1","N","N","N","0","","0","0","0","0","0","Y","2339","2","0","1","0","0","0","0","2","1","2","0","0","0","3","03","","N","","","","","","","","","",""
"2022050566","2230","1","0","0","1","0","0","0","0","0","8","0","","67","5","2022","4","39.999227","-75.147381","2230","6","0","0","0","0","0","0","0","0","","0","0","0","22","3","1","","5","0","39 59:57.217","","0","75 08:50.570","8","0","0","0","67301","1","0","0","N","0","0","0","2","67301","0","","1.0","","1","N","N","N","0","","0","0","0","3","2","","2200","2","1","1","0","0","1","0","2","0","1","1","0","0","3","03","","N","","","","","","","","","",""
"2022060254","0910","0","0","0","0","0","0","0","0","0","8","0","","67","5","2022","4","39.955173","-75.198462","0908","6","0","0","0","0","0","0","0","0","","0","0","0","09","1","1","","1","2","39 57:18.621","3","0","75 11:54.464","2","0","0","0","67301","1","0","1","N","1","0","1","2","67504","0","","1.0","930.0","1","N","N","N","0","","0","1","1","3","2","Y","0906","2","1","0","0","0","0","0","2","0","1","1","0","1","3","03","","N","","","","","","","","","",""