"CRN","ARRIVAL_TM","AUTOMOBILE_COUNT","BELTED_DEATH_COUNT","BELTED_SUSP_SERIOUS_INJ_COUNT","BICYCLE_COUNT","BICYCLE_DEATH_COUNT","BICYCLE_SUSP_SERIOUS_INJ_COUNT","BUS_COUNT","CHLDPAS_DEATH_COUNT","CHLDPAS_SUSP_SERIOUS_INJ_COUNT","COLLISION_TYPE","COMM_VEH_COUNT","CONS_ZONE_SPD_LIM","COUNTY","CRASH_MONTH","CRASH_YEAR","DAY_OF_WEEK","DEC_LATITUDE","DEC_LONGITUDE","DISPATCH_TM","DISTRICT","DRIVER_COUNT_16YR","DRIVER_COUNT_17YR","DRIVER_COUNT_18YR","DRIVER_COUNT_19YR","DRIVER_COUNT_20YR","DRIVER_COUNT_50_64YR","DRIVER_COUNT_65_74YR","DRIVER_COUNT_75PLUS","EST_HRS_CLOSED","FATAL_COUNT","HEAVY_TRUCK_COUNT","HORSE_BUGGY_COUNT","HOUR_OF_DAY","ILLUMINATION","INJURY_COUNT","INTERSECTION_RELATED","INTERSECT_TYPE","LANE_CLOSED","LATITUDE","LN_CLOSE_DIR","LOCATION_TYPE","LONGITUDE","MAX_SEVERITY_LEVEL","MCYCLE_DEATH_COUNT","MCYCLE_SUSP_SERIOUS_INJ_COUNT","MOTORCYCLE_COUNT","MUNICIPALITY","NONMOTR_COUNT","NONMOTR_DEATH_COUNT","NONMOTR_SUSP_SERIOUS_INJ_COUNT","NTFY_HIWY_MAINT","PED_COUNT","PED_DEATH_COUNT","PED_SUSP_SERIOUS_INJ_COUNT","PERSON_COUNT","POLICE_AGCY","POSSIBLE_INJ_COUNT","RDWY_SURF_TYPE_CD","RELATION_TO_ROAD","ROADWAY_CLEARED","ROAD_CONDITION","SCH_BUS_IND","SCH_ZONE_IND","SECONDARY_CRASH","SMALL_TRUCK_COUNT","SPEC_JURIS_CD","SUSP_MINOR_INJ_COUNT","SUSP_SERIOUS_INJ_COUNT","SUV_COUNT","TCD_FUNC_CD","TCD_TYPE","TFC_DETOUR_IND","TIME_OF_DAY","TOTAL_UNITS","TOT_INJ_COUNT","UNBELTED_OCC_COUNT","UNB_DEATH_COUNT","UNB_SUSP_SERIOUS_INJ_COUNT","UNK_INJ_DEG_COUNT","UNK_INJ_PER_COUNT","URBAN_RURAL","VAN_COUNT","VEHICLE_COUNT","VULNERABLE_ROAD_USER_COUNT","VULNERABLE_ROAD_USER_DEATH_COUNT","VULNERABLE_ROAD_USER_SER_INJ_COUNT","WEATHER1","WEATHER2","WORKERS_PRES","WORK_ZONE_IND","WORK_ZONE_LOC","WORK_ZONE_TYPE","WZ_CLOSE_DETOUR","WZ_FLAGGER","WZ_LAW_OFFCR_IND","WZ_LN_CLOSURE","WZ_MOVING","WZ_OTHER","WZ_SHLDER_MDN","WZ_WORKERS_INJ_KILLED"
"2022047305","0607","2","0","0","0","0","0","0","0","0","4","0","","67","5","2022","2","40.106309","-75.033216","0559","6","0","0","0","0","0","0","0","0","","0","0","0","05","5","0","","2","0","40 06:22.714","","0","75 01:59.579","0","0","0","0","67301","0","0","0","N","0","0","0","1","67301","0","","1.0","","1","N","N","N","0","","0","0","0","3","3","","0557","3","0","0","0","0","0","0","2","1","3","0","0","0","3","03","","N","","","","","","","","","",""
"2022055601","0916","1","0","0","1","0","0","0","0","0","8","0","","67","6","2022","6","40.063315","-75.172089","0915","6","0","0","0","0","0","0","0","0","","0","0","0","21","6","1","","2","0","40 03:47.934","","0","75 10:19.521","8","0","0","0","67301","1","0","0","N","0","0","0","2","67301","0","","1.0","","99","N","N","N","0","","0","0","0","0","0","","2120","2","1","0","0","0","1","1","2","0","1","1","0","0","99","","","N","","","","","","","","","",""
"2022060155","1330","2","0","0","0","0","0","0","0","0","6","0","","67","6","2022","4","39.989806","-75.114175","1330","6","0","0","0","0","0","0","0","0","","0","0","0","22","3","0","N","0","9","39 59:23.300","","0","75 06:51.030","0","0","0","0","67301","0","0","0","N","0","0","0","1","67301","0","","1.0","","1","N","N","N","0","","0","0","0","0","0","","2212","2","0","1","0","0","0","0","2","0","2","0","0","0","3","03","","N","","","","","","","","","",""
"2022059817","0227","2","0","0","0","0","0","0","0","0","5","0","","67","5","2022","1","39.961166","-75.182367","0221","6","0","0","0","0","0","0","0","0","","0","0","0","02","3","0","N","0","0","39 57:40.198","","0","75 10:56.521","0","0","0","0","67301","0","0","0","N","0","0","0","2","68K01","0","","1.0","","9","N","N","N","0","","0","0","0","0","0","","0220","2","0","0","0","0","0","0","2","0","2","0","0","0","7","","","N","","","","","","","","","",""
"2022046409","","1","0","0","0","0","0","0","0","0","4","0","","67","3","2022","4","40.013111","-75.119972","","6","0","0","0","0","0","1","0","0","","0","0","0","16","1","1","N","0","0","40 00:47.200","","7","75 07:11.900","8","0","0","0","67301","0","0","0","N","0","0","0","3","00000","0","","1.0","","1","","","N","0","","0","0","0","0","0","","1615","2","1","0","0","0","1","0","2","0","2","0","0","0","3","","","N","","","","","","","","","",""
"2022059428","2357","1","0","0","0","0","0","0","0","0","4","0","","67","5","2022","6","39.942813","-75.14287","2353","6","0","0","0","0","1","0","0","0","","0","0","0","23","3","0","N","0","0","39 56:34.125","","0","75 08:34.333","0","0","0","0","67301","0","0","0","N","0","0","0","2","68K01","0","","1.0","","1","N","N","N","0","","0","0","0","0","0","","2353","2","0","1","0","0","0","0","2","1","2","0","0","0","3","03","","N","","","","","","","","","",""
"2022060023","1756","1","0","0","0","0","0","0","0","0","2","0","","67","6","2022","7","40.044838","-75.017472","1753","6","0","0","0","0","0","0","1","0","","0","0","0","17","1","1","N","0","0","40 02:41.417","","7","75 01:02.899","3","0","0","0","67301","0","0","0","N","0","0","0","6","67301","0","","6.0","","1","N","N","N","0","","1","0","1","0","0","","1740","2","1","0","0","0","0","0","2","0","2","0","0","0","3","03","","N","","","","","","","","","",""
"2022055673","0910","0","0","0","0","0","0","0","0","0","8","0","","67","6","2022","5","40.058005","-75.139066","0910","6","0","0","0","0","0","0","0","0","","0","0","0","08","5","1","","1","0","40 03:28.818","","0","75 08:20.636","3","0","0","0","67301","1","0","0","N","1","0","0","2","67301","0","","1.0","","1","N","N","N","0","","1","0","0","3","2","","0830","2","1","0","0","0","0","0","2","0","1","1","0","0","3","03","","N","","","","","","","","","",""
"2022059090","1402","2","0","0","0","0","0","0","0","0","1","0","","67","5","2022","6","39.959905","-75.178046","1352","6","0","0","0","0","0","1","0","0","","0","0","0","13","1","0","N","0","0","39 57:35.658","","3","75 10:40.964","9","0","0","0","67301","0","0","0","N","0","0","0","2","68K01","0","","1.0","","1","N","N","N","0","","0","0","0","0","0","","1346","2","0","0","0","0","0","1","2","0","2","0","0","0","3","","","N","","","","","","","","","",""
"2022060073","1726","2","0","0","0","0","0","0","0","0","4","0","","67","6","2022","3","39.986587","-75.104642","1630","6","0","0","0","0","0","0","1","0","","0","0","0","16","1","1","N","0","0","39 59:11.713","","0","75 06:16.710","2","0","0","0","67301","0","0","0","N","0","0","0","2","67301","0","","1.0","","1","N","N","N","0","","0","1","0","3","2","","1627","2","1","0","0","0","0","0","2","0","2","0","0","0","3","04","","N","","","","","","","","","",""
"2022056762","1907","1","0","0","0","0","0","0","0","0","5","0","","67","5","2022","2","39.971725","-75.193331","1858","6","0","0","0","0","1","1","0","0","","0","0","0","18","1","0","","7","1","39 58:18.209","4","2","75 11:35.991","0","0","0","0","67301","0","0","0","N","0","0","0","3","68K01","0","","7.0","1930.0","1","N","N","N","0","","0","0","1","3","8","N","1855","2","0","0","0","0","0","0","2","0","2","0","0","0","3","","","N","","","","","","","","","",""
"2022049296","1611","0","0","0","0","0","0","0","0","0","8","0","","67","5","2022","5","39.979453","-75.248353","1609","6","0","0","0","0","0","0","0","0","","0","0","0","16","1","1","N","0","0","39 58:46.030","","0","75 14:54.070","2","0","0","0","67301","1","0","1","N","1","0","1","4","67301","0","","1.0","","1","N","N","N","0","","0","1","1","0","0","","1607","2","1","0","0","0","0","0","2","0","1","1","0","1","3","03","","N","","","","","","","","","",""
"2022055580","2309","2","0","0","0","0","0","0","0","0","4","0","","67","6","2022","5","40.102899","-74.977869","2305","6","0","0","1","0","0","0","0","0","","0","0","0","22","3","1","","2","0","40 06:10.436","","0","74 58:40.328","3","0","0","0","67301","0","0","0","N","0","0","0","2","67301","0","","1.0","","1","N","N","N","0","","1","0","1","3","3","","2250","3","1","0","0","0","0","0","2","0","3","0","0","0","3","03","","N","","","","","","","","","",""
"2022045197","0955","2","0","0","0","0","0","0","0","0","4","0","","67","5","2022","7","39.95656","-75.241884","0950","6","0","0","0","0","0","0","0","0","","0","0","0","09","1","1","","1","0","39 57:23.615","","0","75 14:30.782","3","0","0","0","67301","0","0","0","N","0","0","0","2","67301","0","","1.0","","1","N","N","N","0","","1","0","0","3","1","","0940","2","1","0","0","0","0","0","2","0","2","0","0","0","4","03","","N","","","","","","","","","",""
"2022062668","1919","1","0","0","0","0","0","0","0","0","1","0","","67","6","2022","3","39.964329","-75.184662","1913","6","0","0","0","0","0","1","0","0","","0","0","0","19","1","0","N","0","1","39 57:51.585","4","0","75 11:04.782","0","0","0","0","67301","0","0","0","N","0","0","0","3","68K01","0","","1.0","1930.0","1","N","N","N","0","","0","0","1","0","0","N","1910","2","0","0","0","0","0","0","2","0","2","0","0","0","3","03","","N","","","","","","","","","",""
"2022047224","0640","2","0","0","0","0","0","0","0","0","4","0","","67","5","2022","5","40.041908","-75.123964","0640","6","1","0","0","0","0","1","0","0","","0","0","0","06","1","2","","1","0","40 02:30.868","","0","75 07:26.270","3","0","0","0","67301","0","0","0","N","0","0","0","4","67301","0","","1.0","","1","N","N","N","0","","2","0","1","3","2","","0627","3","2","0","0","0","0","0","2","0","3","0","0","0","3","03","","N","","","","","","","","","",""
"2022054577","2325","3","0","0","0","0","0","0","0","0","1","0","","67","5","2022","6","39.967634","-75.189645","2319","6","0","0","0","0","0","0","0","0","","0","0","0","23","3","1","N","0","2","39 58:03.481","3","0","75 11:22.721","8","0","0","0","67301","0","0","0","N","0","0","0","4","68K01","0","","1.0","2345.0","1","N","N","N","0","","0","0","0","0","0","N","2313","3","1","1","0","0","1","0","2","0","3","0","0","0","3","","","N","","","","","","","","","",""
"2022037142","","2","0","0","0","0","0","0","0","0","4","0","","67","3","2022","3","39.956983","-75.219443","","6","0","0","0","0","0","0","0","0","","0","0","0","09","1","1","","1","0","39 57:25.138","","0","75 13:09.994","8","0","0","0","67301","0","0","0","N","0","0","0","2","00000","0","","1.0","","1","","","N","0","","0","0","0","3","3","","0945","2","1","0","0","0","1","0","2","0","2","0","0","0","3","","","N","","","","","","","","","",""
"2022047188","2020","1","0","0","0","0","0","0","0","0","5","0","","67","5","2022","4","39.962809","-75.224281","2010","6","0","0","0","0","0","0","0","0","","0","0","0","19","1","1","N","0","0","39 57:46.111","","0","75 13:27.413","3","0","0","1","67301","0","0","0","N","0","0","0","2","67301","0","","1.0","","1","N","N","N","0","","1","0","0","0","0","","1924","2","1","0","0","0","0","1","2","0","2","0","0","0","3","","","N","","","","","","","","","",""
"2022047181","1325","1","0","0","0","0","0","0","0","0","5","0","","67","5","2022","2","40.017917","-75.058759","1320","6","0","0","0","0","0","0","0","0","","0","0","0","13","1","1","N","0","1","40 01:04.501","1","0","75 03:31.532","3","0","0","0","67301","0","0","0","N","0","0","0","3","67301","0","","6.0","1400.0","1","N","N","N","0","","1","0","1","0","0","N","1319","2","1","0","0","0","0","1","2","0","2","0","0","0","4","03","","N","","","","","","","","","",""
"2022068589","0516","1","0","1","0","0","0","0","0","0","4","0","","67","7","2022","6","39.929969","-75.174083","0515","6","0","0","0","0","0","0","1","0","","0","0","0","05","5","1","N","0","0","39 55:47.890","","7","75 10:26.700","2","0","0","0","67301","0","0","0","N","0","0","0","2","67301","0","","1.0","","1","N","N","N","0","","0","1","0","0","0","","0505","2","1","0","0","0","0","1","2","0","2","0","0","0","3","03","","N","","","","","","","","","",""
"2022059119","1824","1","0","0","0","0","0","0","0","0","1","0","","67","6","2022","1","39.957683","-75.160431","1806","6","0","0","0","0","0","0","0","0","","0","0","0","18","1","0","N","0","1","39 57:27.658","4","0","75 09:37.551","0","0","0","0","67301","0","0","0","N","0","0","0","2","68K01","0","","1.0","1810.0","1","N","N","N","0","","0","0","1","0","0","N","1801","2","0","0","0","0","0","0","2","0","2","0","0","0","3","","","N","","","","","","","","","",""
"2022047228","1730","1","0","0","0","0","0","0","0","0","4","0","","67","5","2022","4","40.047483","-75.142782","1727","6","0","0","1","0","0","0","0","0","","0","0","0","14","1","1","","1","0","40 02:50.940","","0","75 08:34.016","3","0","0","0","67301","1","0","0","N","0","0","0","3","67301","0","","1.0","","1","N","N","N","0","","1","0","1","3","2","","1430","3","1","1","0","0","0","0","2","0","2","1","0","0","3","","","N","","","","","","","","","",""
"2022068776","1230","1","0","0","0","0","0","0","0","0","8","0","","67","5","2022","1","39.973402","-75.167218","1226","6","0","0","0","0","0","0","0","0","","0","0","0","23","3","1","","5","0","39 58:24.247","","0","75 10:01.985","2","0","0","0","67301","1","0","1","N","1","0","1","3","67301","0","","1.0","","1","N","N","N","0","","0","1","0","3","2","","2337","2","1","0","0","0","0","0","2","0","1","1","0","1","3","","","N","","","","","","","","","",""
"2022045329","1302","0","0","0","0","0","0","0","0","0","4","0","","67","5","2022","7","39.981403","-75.113708","1235","6","0","0","0","0","0","0","0","0","","0","0","0","12","1","1","","1","0","39 58:53.050","","0","75 06:49.348","4","0","0","0","67301","0","0","0","N","0","0","0","2","67301","1","","1.0","","9","N","N","N","1","","0","0","1","3","2","","1227","2","1","0","0","0","0","0","2","0","2","0","0","0","7","04","","N","","","","","","","","","",""
"2022046812","1550","1","0","0","0","0","0","0","0","0","2","0","","67","5","2022","4","39.982917","-75.152306","1548","6","0","0","0","0","0","0","0","0","","0","0","0","15","1","0","N","0","2","39 58:58.500","2","0","75 09:08.300","0","0","0","0","67301","0","0","0","N","0","0","0","2","67505","0","","1.0","1630.0","1","N","N","N","0","","0","0","0","0","0","Y","1535","2","0","0","0","0","0","0","2","0","2","0","0","0","3","03","","N","","","","","","","","","",""
"2022031048","","0","0","0","0","0","0","0","0","0","4","0","","67","3","2022","2","39.923927","-75.222089","","6","0","0","0","0","0","1","0","0","","0","0","0","17","1","1","","1","0","39 55:26.137","","0","75 13:19.522","3","0","0","0","67301","0","0","0","N","0","0","0","3","00000","0","","1.0","","1","","","N","1","","1","0","1","3","2","","1700","2","1","1","0","0","0","0","2","0","2","0","0","0","3","","","N","","","","","","","","","",""
"2022068802","0935","0","0","0","0","0","0","0","0","0","1","0","","67","4","2022","2","39.992755","-75.186163","0935","6","0","0","0","0","0","1","1","0","","0","0","0","06","1","2","","1","9","39 59:33.918","","0","75 11:10.185","3","0","0","0","67301","0","0","0","N","0","0","0","3","67301","0","","1.0","","1","N","N","N","0","","2","0","2","3","2","","0637","2","2","1","0","0","0","0","2","0","2","0","0","0","3","","","N","","","","","","","","","",""
"2022060570","1035","0","0","0","1","0","1","0","0","0","8","1","","67","6","2022","5","40.030822","-75.146424","1000","6","0","0","0","0","0","0","0","0","","0","1","0","09","1","1","","3","1","40 01:50.959","1","0","75 08:47.127","2","0","0","0","67301","1","0","1","N","0","0","0","2","67301","0","","1.0","1145.0","1","N","N","N","0","","0","1","0","3","2","N","0938","2","1","0","0","0","0","0","2","0","1","1","0","1","3","03","","N","","","","","","","","","",""
"2022060184","1300","1","0","0","0","0","0","0","0","0","7","0","","67","6","2022","3","40.015699","-75.186936","1258","6","0","0","0","0","0","0","0","0","","0","0","0","12","1","1","N","0","1","40 00:56.516","2","0","75 11:12.969","8","0","0","0","67301","0","0","0","N","0","0","0","2","67301","0","","5.0","1322.0","98","N","N","N","0","","0","0","0","0","0","N","1219","1","1","0","0","0","1","1","2","0","1","0","0","0","3","03","","N","","","","","","","","","",""
"2022060255","0222","1","0","0","0","0","0","0","0","0","7","0","","67","6","2022","6","39.955103","-75.191617","0222","6","0","0","0","0","0","0","0","0","","0","0","0","02","3","0","N","0","0","39 57:18.370","","0","75 11:29.820","0","0","0","0","67301","0","0","0","N","0","0","0","1","67504","0","","5.0","","1","N","N","N","0","","0","0","0","9","3","","0222","1","0","0","0","0","0","0","2","0","1","0","0","0","3","","","N","","","","","","","","","",""
"2022047185","1711","1","0","0","0","0","0","0","0","0","8","0","","67","5","2022","3","39.963033","-75.210619","1710","6","0","0","0","0","0","0","0","0","","0","0","0","17","1","1","N","0","0","39 57:46.920","","0","75 12:38.230","8","0","0","0","67301","1","0","0","N","1","0","0","4","67301","0","","1.0","","1","N","N","N","0","","0","0","0","0","0","","1700","2","1","0","0","0","1","0","2","0","1","1","0","0","3","03","","N","","","","","","","","","",""
"2022060089","1919","1","0","0","0","0","0","0","0","0","8","0","","67","6","2022","3","40.014924","-75.118118","1919","6","0","0","0","0","0","0","0","0","","0","0","0","19","1","2","N","0","0","40 00:53.726","","0","75 07:05.223","3","0","0","0","67301","2","0","0","N","2","0","0","3","67301","0","","1.0","","1","N","N","N","0","","2","0","0","0","0","","1906","3","2","1","0","0","0","0","2","0","1","2","0","0","3","04","","N","","","","","","","","","",""
"2022045088","0148","0","0","0","0","0","0","0","0","0","5","0","","67","5","2022","7","40.031056","-75.125064","0145","6","0","0","0","0","0","0","0","0","","0","0","0","01","3","0","N","0","1","40 01:51.800","3","0","75 07:30.230","0","0","0","0","67301","0","0","0","N","0","0","0","2","67301","0","","6.0","300.0","1","N","N","N","0","","0","0","2","0","0","N","0116","2","0","0","0","0","0","0","2","0","2","0","0","0","3","03","","N","","","","","","","","","",""
"2022025261","0118","2","0","0","0","0","0","0","0","0","3","0","","67","3","2022","7","39.923361","-75.237528","0115","6","0","0","1","0","0","0","0","0","","0","0","0","00","3","0","N","0","0","39 55:24.100","","0","75 14:15.100","9","0","0","0","67301","0","0","0","N","0","0","0","2","67301","0","","1.0","","1","N","N","N","0","","0","0","0","0","0","","0055","2","0","0","0","0","0","1","2","0","2","0","0","0","3","03","","N","","","","","","","","","",""
"2022037141","","1","0","0","0","0","0","0","0","0","5","0","","67","3","2022","1","40.037304","-75.064534","","6","0","0","0","0","0","0","0","0","","0","0","0","19","3","3","N","0","0","40 02:14.295","","0","75 03:52.324","8","0","0","0","67301","0","0","0","N","0","0","0","3","00000","0","","6.0","","1","","","N","0","","0","0","0","0","0","","1930","2","3","0","0","0","3","0","2","0","2","0","0","0","3","","","N","","","","","","","","","",""
"2022069372","0100","0","0","0","0","0","0","0","0","0","1","1","","67","7","2022","5","40.0538","-74.984353","0100","6","0","0","0","0","0","1","0","0","","0","1","0","23","3","0","N","0","0","40 03:13.680","","0","74 59:03.670","0","0","0","0","67301","0","0","0","N","0","0","0","1","67301","0","","6.0","","1","N","N","N","0","","0","0","1","0","0","","2330","2","0","0","0","0","0","0","2","0","2","0","0","0","3","03","","N","","","","","","","","","",""
"2022060027","1645","2","0","0","0","0","0","0","0","0","4","0","","67","6","2022","7","39.936764","-75.229713","1645","6","0","0","0","0","0","1","0","0","","0","0","0","16","1","1","","1","0","39 56:12.350","","0","75 13:46.966","3","0","0","0","67301","0","0","0","N","0","0","0","2","67301","0","","1.0","","1","N","N","N","0","","1","0","0","3","2","","1600","2","1","0","0","0","0","0","2","0","2","0","0","0","3","03","","N","","","","","","","","","",""
"2022047168","0752","0","0","0","0","0","0","0","0","0","4","0","","67","5","2022","4","40.057794","-75.008743","0745","6","0","0","0","0","0","1","0","0","","0","0","0","07","1","2","","1","1","40 03:28.059","1","0","75 00:31.473","3","0","0","0","67301","0","0","0","N","0","0","0","2","67301","0","","1.0","855.0","1","N","N","N","0","","2","0","2","3","2","N","0730","2","2","0","0","0","0","0","2","0","2","0","0","0","3","03","","N","","","","","","","","","",""
"2022023718","1537","1","0","0","0","0","0","0","0","0","4","0","","67","2","2022","2","39.957191","-75.158716","1537","6","0","0","0","0","0","0","1","0","","0","0","0","15","1","3","","1","0","39 57:25.888","","3","75 09:31.377","3","0","0","0","67301","0","0","0","N","0","0","0","3","67301","2","","1.0","","1","N","N","N","0","","1","0","1","3","2","","1525","2","3","2","0","0","0","0","2","0","2","0","0","0","3","","","N","","","","","","","","","",""
"2022060367","0400","2","0","0","0","0","0","0","0","0","2","0","","67","6","2022","1","39.920637","-75.19068","0355","6","0","0","0","0","0","1","0","0","","0","0","0","03","3","2","","7","0","39 55:14.292","","2","75 11:26.447","3","0","0","0","67301","0","0","0","N","0","0","0","2","67301","0","","9.0","","8","N","N","N","0","","2","0","0","0","0","","0354","2","2","1","0","0","0","0","2","0","2","0","0","0","7","04","","N","","","","","","","","","",""
"2022049130","0051","1","0","0","0","0","0","0","0","0","7","0","","67","5","2022","7","40.048032","-74.999067","0041","6","0","0","0","0","0","0","0","0","","0","0","0","00","3","0","N","0","0","40 02:52.915","","0","74 59:56.641","0","0","0","0","67301","0","0","0","N","0","0","0","2","68K01","0","","2.0","","1","N","N","N","0","","0","0","0","0","0","","0039","1","0","0","0","0","0","0","2","0","1","0","0","0","3","","","N","","","","","","","","","",""
"2022048482","0027","0","0","0","0","0","0","0","0","0","4","0","","67","5","2022","6","40.055282","-75.192943","0020","6","0","0","0","0","0","0","0","0","","0","0","0","00","3","1","","1","1","40 03:19.015","4","0","75 11:34.594","4","0","0","1","67301","0","0","0","N","0","0","0","2","67301","1","","1.0","45.0","1","N","N","N","0","","0","0","1","3","2","N","0011","2","1","0","0","0","0","0","2","0","2","0","0","0","3","","","N","","","","","","","","","",""
"2022060015","0253","3","0","0","0","0","0","0","0","0","1","0","","67","6","2022","5","40.113822","-75.026158","0248","6","0","0","0","0","0","1","0","0","","0","0","0","02","3","0","N","0","0","40 06:49.760","","0","75 01:34.170","0","0","0","0","67301","0","0","0","N","0","0","0","1","67301","0","","1.0","","1","N","N","N","0","","0","0","0","0","0","","0240","3","0","0","0","0","0","0","2","0","3","0","0","0","3","","","N","","","","","","","","","",""
"2022069594","1446","1","0","0","0","0","0","0","0","0","5","0","","67","7","2022","7","39.989573","-75.087272","1427","6","0","0","0","0","0","0","0","0","","0","0","0","14","1","0","N","0","1","39 59:22.463","1","0","75 05:14.179","0","0","0","0","67301","0","0","0","N","0","0","0","3","68K01","0","","1.0","1500.0","1","N","N","N","0","","0","0","0","0","0","N","1425","2","0","1","0","0","0","0","2","1","2","0","0","0","3","03","","N","","","","","","","","","",""
"2022047667","2200","1","0","0","0","0","0","0","0","0","8","0","","67","5","2022","6","40.022381","-75.133583","2200","6","0","0","0","0","0","0","0","0","","0","0","0","20","3","1","N","0","0","40 01:20.570","","0","75 08:00.900","3","0","0","0","67301","1","0","0","N","1","0","0","2","67301","0","","1.0","","1","N","N","N","0","","1","0","0","0","0","","2030","2","1","0","0","0","0","1","2","0","1","1","0","0","3","","","N","","","","","","","","","",""
"2022020685","2354","0","0","0","0","0","0","0","0","0","1","0","","67","2","2022","5","40.033408","-75.09061","2350","6","0","0","0","0","0","0","0","0","","0","0","0","22","3","0","","1","0","40 02:00.267","","0","75 05:26.196","9","0","0","0","67301","0","0","0","N","0","0","0","2","67301","0","","1.0","","9","N","N","N","2","","0","0","0","3","2","","2250","2","0","0","0","0","0","1","2","0","2","0","0","0","7","07","","N","","","","","","","","","",""
"2022048213","1952","0","0","0","0","0","0","0","0","0","7","0","","67","5","2022","7","39.957105","-75.152447","1942","6","0","0","0","0","0","0","0","0","","0","0","0","19","4","0","N","0","1","39 57:25.578","4","0","75 09:08.808","0","0","0","0","67301","0","0","0","N","0","0","0","1","68K01","0","","2.0","1955.0","9","N","N","N","0","","0","0","1","0","0","N","1940","1","0","0","0","0","0","0","2","0","1","0","0","0","3","03","","N","","","","","","","","","",""
"2022048653","0044","2","0","0","0","0","0","0","0","0","5","0","55","67","5","2022","3","39.959903","-75.140393","0044","6","0","0","0","0","0","0","0","0","","0","0","0","00","3","2","","6","0","39 57:35.650","","2","75 08:25.416","8","0","0","0","67301","0","0","0","N","0","0","0","3","68K01","0","","7.0","","1","N","N","N","0","","0","0","0","4","8","","0044","2","2","0","0","0","2","0","2","0","2","0","0","0","3","","N","Y","8","2","","","Y","Y","","","","N"
"2022047191","0129","1","0","0","0","0","0","0","0","0","5","0","","67","5","2022","6","39.959671","-75.247404","0123","6","0","0","0","0","0","0","0","0","","0","0","0","01","3","2","","2","1","39 57:34.816","1","0","75 14:50.653","8","0","0","0","67301","0","0","0","N","0","0","0","4","67301","0","","1.0","326.0","1","N","N","Y","0","","0","0","2","3","2","N","0121","4","2","0","0","0","2","0","2","0","4","0","0","0","3","03","","N","","","","","","","","","",""
"2022045906","1912","0","0","0","0","0","0","0","0","0","4","0","","67","5","2022","1","39.901375","-75.23933","1909","6","0","0","0","0","0","0","0","0","","0","0","0","19","1","1","","2","0","39 54:04.950","","0","75 14:21.587","2","0","1","1","67301","0","0","0","N","0","0","0","2","67301","0","","1.0","","1","N","N","N","0","","0","1","0","3","2","","1905","2","1","0","0","0","0","0","2","0","2","0","0","0","3","03","","N","","","","","","","","","",""
"2022037157","","1","0","0","0","0","0","0","0","0","5","0","","67","4","2022","7","39.956083","-75.158972","","6","0","0","0","0","0","1","0","0","","0","0","0","16","1","2","N","0","0","39 57:21.900","","0","75 09:32.300","8","0","0","0","67301","0","0","0","N","0","0","0","3","00000","0","","1.0","","1","","","N","0","","0","0","1","0","0","","1617","2","2","0","0","0","2","0","2","0","2","0","0","0","3","","","N","","","","","","","","","",""
"2022060361","0103","2","0","0","0","0","0","0","0","0","4","0","","67","6","2022","4","39.967389","-75.218667","0056","6","0","0","0","0","0","1","0","0","","0","0","0","00","3","0","N","0","0","39 58:02.600","","0","75 13:07.200","9","0","0","0","67301","0","0","0","N","0","0","0","1","67301","0","","2.0","","1","N","N","N","0","","0","0","0","0","0","","0054","2","0","0","0","0","0","1","2","0","2","0","0","0","3","","","N","","","","","","","","","",""
"2022047184","1740","2","0","0","0","0","0","0","0","0","3","0","","67","5","2022","3","40.039908","-75.032359","1740","6","0","0","0","0","0","0","0","1","","0","0","0","17","1","1","N","0","2","40 02:23.668","2","0","75 01:56.494","4","0","0","0","67301","0","0","0","N","0","0","0","2","67301","1","","1.0","1817.0","1","N","N","N","0","","0","0","0","0","0","N","1737","2","1","0","0","0","0","0","2","0","2","0","0","0","3","","","N","","","","","","","","","",""
"2022045947","2332","2","0","0","0","0","0","0","0","0","4","0","","67","5","2022","2","40.080957","-75.202694","2322","6","0","0","0","1","0","1","0","0","","0","0","0","22","3","0","","1","1","40 04:51.446","2","0","75 12:09.698","0","0","0","0","67301","0","0","0","N","0","0","0","2","67301","0","","1.0","8.0","1","N","N","N","0","","0","0","0","3","2","N","2222","2","0","0","0","0","0","0","2","0","2","0","0","0","3","03","","N","","","","","","","","","",""
"2022020748","0859","0","0","0","0","0","0","0","0","0","5","0","","67","2","2022","6","40.041073","-75.07579","0858","6","0","0","0","0","0","0","0","0","","0","0","0","08","1","1","","2","1","40 02:27.863","1","0","75 04:32.844","3","0","0","0","67301","0","0","0","N","0","0","0","2","67301","0","","1.0","944.0","9","N","N","N","0","","1","0","2","0","0","N","0856","2","1","1","0","0","0","0","2","0","2","0","0","0","7","07","","N","","","","","","","","","",""
"2022059824","0906","2","0","0","0","0","0","0","0","0","4","0","","67","5","2022","2","39.974716","-75.198398","0906","6","0","0","0","0","0","0","0","0","","0","0","0","09","1","2","","2","2","39 58:28.976","3","2","75 11:54.231","2","0","0","0","67301","0","0","0","N","0","0","0","3","68K01","0","","1.0","1018.0","1","N","N","N","0","","1","1","1","3","2","N","0906","3","2","2","0","1","0","0","2","0","3","0","0","0","3","","","N","","","","","","","","","",""