"CRN","ARRIVAL_TM","AUTOMOBILE_COUNT","BELTED_DEATH_COUNT","BELTED_SUSP_SERIOUS_INJ_COUNT","BICYCLE_COUNT","BICYCLE_DEATH_COUNT","BICYCLE_SUSP_SERIOUS_INJ_COUNT","BUS_COUNT","CHLDPAS_DEATH_COUNT","CHLDPAS_SUSP_SERIOUS_INJ_COUNT","COLLISION_TYPE","COMM_VEH_COUNT","CONS_ZONE_SPD_LIM","COUNTY","CRASH_MONTH","CRASH_YEAR","DAY_OF_WEEK","DEC_LATITUDE","DEC_LONGITUDE","DISPATCH_TM","DISTRICT","DRIVER_COUNT_16YR","DRIVER_COUNT_17YR","DRIVER_COUNT_18YR","DRIVER_COUNT_19YR","DRIVER_COUNT_20YR","DRIVER_COUNT_50_64YR","DRIVER_COUNT_65_74YR","DRIVER_COUNT_75PLUS","EST_HRS_CLOSED","FATAL_COUNT","HEAVY_TRUCK_COUNT","HORSE_BUGGY_COUNT","HOUR_OF_DAY","ILLUMINATION","INJURY_COUNT","INTERSECTION_RELATED","INTERSECT_TYPE","LANE_CLOSED","LATITUDE","LN_CLOSE_DIR","LOCATION_TYPE","LONGITUDE","MAX_SEVERITY_LEVEL","MCYCLE_DEATH_COUNT","MCYCLE_SUSP_SERIOUS_INJ_COUNT","MOTORCYCLE_COUNT","MUNICIPALITY","NONMOTR_COUNT","NONMOTR_DEATH_COUNT","NONMOTR_SUSP_SERIOUS_INJ_COUNT","NTFY_HIWY_MAINT","PED_COUNT","PED_DEATH_COUNT","PED_SUSP_SERIOUS_INJ_COUNT","PERSON_COUNT","POLICE_AGCY","POSSIBLE_INJ_COUNT","RDWY_SURF_TYPE_CD","RELATION_TO_ROAD","ROADWAY_CLEARED","ROAD_CONDITION","SCH_BUS_IND","SCH_ZONE_IND","SECONDARY_CRASH","SMALL_TRUCK_COUNT","SPEC_JURIS_CD","SUSP_MINOR_INJ_COUNT","SUSP_SERIOUS_INJ_COUNT","SUV_COUNT","TCD_FUNC_CD","TCD_TYPE","TFC_DETOUR_IND","TIME_OF_DAY","TOTAL_UNITS","TOT_INJ_COUNT","UNBELTED_OCC_COUNT","UNB_DEATH_COUNT","UNB_SUSP_SERIOUS_INJ_COUNT","UNK_INJ_DEG_COUNT","UNK_INJ_PER_COUNT","URBAN_RURAL","VAN_COUNT","VEHICLE_COUNT","VULNERABLE_ROAD_USER_COUNT","VULNERABLE_ROAD_USER_DEATH_COUNT","VULNERABLE_ROAD_USER_SER_INJ_COUNT","WEATHER1","WEATHER2","WORKERS_PRES","WORK_ZONE_IND","WORK_ZONE_LOC","WORK_ZONE_TYPE","WZ_CLOSE_DETOUR","WZ_FLAGGER","WZ_LAW_OFFCR_IND","WZ_LN_CLOSURE","WZ_MOVING","WZ_OTHER","WZ_SHLDER_MDN","WZ_WORKERS_INJ_KILLED"
"2022033239","0834","1","0","0","0","0","0","0","0","0","1","0","","67","4","2022","3","39.972632","-75.144461","0833","6","0","0","0","0","0","0","0","0","","0","0","0","08","1","2","","1","1","39 58:21.475","1","0","75 08:40.059","3","0","0","0","67301","0","0","0","N","0","0","0","3","67301","1","","1.0","930.0","1","N","N","N","0","","1","0","2","3","2","N","0830","3","2","0","0","0","0","0","2","0","3","0","0","0","4","04","","N","","","","","","","","","",""
"2022032901","2220","3","0","0","0","0","0","0","0","0","4","0","","67","3","2022","5","39.945459","-75.17168","2215","6","0","0","0","0","1","0","0","0","","0","0","0","22","3","2","","1","1","39 56:43.651","4","0","75 10:18.048","3","0","0","0","67301","0","0","0","N","0","0","0","2","67301","0","","1.0","1115.0","9","N","N","N","0","","2","0","0","3","2","N","2205","3","2","0","0","0","0","0","2","0","3","0","0","0","4","","","N","","","","","","","","","",""
"2022047230","1850","0","0","0","0","0","0","0","0","0","7","0","","67","5","2022","5","39.994998","-75.154383","1837","6","0","0","0","0","0","0","0","0","","0","0","0","18","1","1","N","0","0","39 59:41.994","","0","75 09:15.778","3","0","0","1","67301","0","0","0","N","0","0","0","1","67301","0","","4.0","","1","N","N","N","0","","1","0","0","0","0","","1825","2","1","0","0","0","0","0","2","0","1","0","0","0","3","03","","N","","","","","","","","","",""
"2022060433","1547","4","0","0","0","0","0","0","0","0","1","0","","67","6","2022","3","40.02017","-75.043545","1520","6","0","0","0","0","0","1","0","0","","0","0","0","15","1","1","N","0","0","40 01:12.613","","0","75 02:36.761","3","0","0","0","67301","0","0","0","N","0","0","0","6","68K01","0","","1.0","","1","N","N","N","2","","1","0","0","0","0","","1505","6","1","0","0","0","0","0","2","0","6","0","0","0","3","03","","N","","","","","","","","","",""
"2022050565","0005","0","0","0","0","0","0","0","0","0","8","0","","67","5","2022","1","39.998478","-75.129043","2358","6","0","0","0","1","0","0","0","0","","1","0","0","22","3","0","N","0","0","39 59:54.520","","0","75 07:44.556","1","0","0","1","67301","1","1","0","N","0","0","0","2","67301","0","2","1.0","","99","N","N","N","0","0","0","0","0","9","2","","2230","2","0","0","0","0","0","1","2","0","1","1","1","0","3","03","","N","","","","","","","","","",""
"2022049671","2152","2","0","0","0","0","0","0","0","0","6","0","","67","5","2022","6","39.942086","-75.225792","2144","6","0","0","0","0","0","0","0","0","","0","0","0","21","2","0","N","0","0","39 56:31.510","","0","75 13:32.850","0","0","0","0","67301","0","0","0","N","0","0","0","1","67301","0","","6.0","","1","N","N","Y","0","","0","0","1","0","0","","2143","3","0","0","0","0","0","0","2","0","3","0","0","0","3","03","","N","","","","","","","","","",""
"2022069497","0745","2","0","0","0","0","0","0","0","0","1","0","","67","7","2022","4","39.991008","-75.146508","0743","6","0","0","0","0","0","0","0","0","","0","0","0","06","1","0","N","0","0","39 59:27.630","","0","75 08:47.430","9","0","0","0","67301","0","0","0","N","0","0","0","1","67301","0","","1.0","","1","N","N","N","0","","0","0","0","0","0","","0603","2","0","0","0","0","0","1","2","0","2","0","0","0","3","","","N","","","","","","","","","",""
"2022069157","2145","0","0","0","0","0","0","0","0","0","4","0","","67","7","2022","7","39.954615","-75.149531","2138","6","0","0","0","0","0","1","0","0","","0","0","0","21","3","1","","2","0","39 57:16.613","","0","75 08:58.311","4","0","0","0","67301","0","0","0","N","0","0","0","3","67301","1","","1.0","","1","N","N","N","1","","0","0","1","3","2","","2138","2","1","0","0","0","0","1","2","0","2","0","0","0","3","","","N","","","","","","","","","",""
"2022046585","1635","0","0","0","0","0","0","0","0","0","8","0","","67","5","2022","4","39.979741","-75.153815","1630","6","0","0","1","0","0","0","0","0","","0","0","0","16","1","1","","1","0","39 58:47.067","","0","75 09:13.733","8","0","0","0","67301","1","0","0","N","1","0","0","2","67505","0","","1.0","","1","N","N","N","0","","0","0","1","3","3","","1625","2","1","0","0","0","1","1","2","0","1","1","0","0","3","03","","N","","","","","","","","","",""
"2022045495","2125","1","0","0","0","0","0","0","0","0","5","0","","67","5","2022","7","39.942111","-75.160194","2120","6","0","0","0","0","0","0","0","0","","0","0","0","21","3","0","N","0","0","39 56:31.600","","0","75 09:36.700","0","0","0","0","67301","0","0","0","N","0","0","0","1","67301","0","","6.0","","9","N","N","N","1","","0","0","0","0","0","","2119","2","0","0","0","0","0","0","2","0","2","0","0","0","4","04","","N","","","","","","","","","",""
"2022046579","1757","1","0","0","0","0","0","0","0","0","8","0","","67","5","2022","4","39.96161","-75.189663","1756","6","0","0","0","0","0","0","0","0","","0","0","0","17","1","1","","1","0","39 57:41.795","","0","75 11:22.786","3","0","0","0","67301","1","0","0","N","1","0","0","2","67507","0","","1.0","","1","N","N","N","0","","1","0","0","3","3","","1756","2","1","0","0","0","0","0","2","0","1","1","0","0","3","03","","N","","","","","","","","","",""
"2022024071","","2","0","0","0","0","0","0","0","0","1","0","","67","2","2022","3","39.95768","-75.162367","","6","0","0","0","0","0","0","0","0","","0","0","0","19","3","1","","1","0","39 57:27.649","","8","75 09:44.521","8","0","0","0","67301","0","0","0","N","0","0","0","2","00000","0","","1.0","","1","","","N","0","","0","0","0","0","0","","1920","2","1","1","0","0","1","0","2","0","2","0","0","0","3","","","N","","","","","","","","","",""
"2022047159","0223","2","0","0","0","0","0","0","0","0","1","0","","67","5","2022","4","40.039151","-75.110002","0219","6","0","0","0","0","0","1","0","0","","0","0","0","02","3","0","","1","0","40 02:20.942","","0","75 06:36.006","9","0","0","0","67301","0","0","0","N","0","0","0","2","67301","0","","1.0","","1","N","N","N","0","","0","0","0","3","2","","0215","2","0","0","0","0","0","1","2","0","2","0","0","0","3","03","","N","","","","","","","","","",""
"2022047549","1313","0","0","0","0","0","0","0","0","0","8","0","","67","5","2022","6","39.952128","-75.161449","1258","6","0","0","0","0","0","1","0","0","","0","0","0","12","1","2","","1","0","39 57:07.661","","0","75 09:41.216","8","0","0","0","67301","2","0","0","N","2","0","0","3","67301","0","","1.0","","1","N","N","N","0","","0","0","0","3","2","","1256","3","2","0","0","0","2","0","2","1","1","2","0","0","3","03","","N","","","","","","","","","",""
"2022045912","1317","0","0","0","0","0","0","0","0","0","8","0","99","67","5","2022","6","40.004296","-75.173837","1314","6","0","0","0","0","0","1","0","0","","0","0","0","13","1","1","","2","0","40 00:15.464","","0","75 10:25.814","2","0","0","0","67301","1","0","1","N","1","0","1","2","67301","0","","1.0","","1","N","N","N","0","","0","1","1","3","2","","1307","2","1","0","0","0","0","0","2","0","1","1","0","1","4","04","Y","Y","4","3","","","Y","Y","","","","N"
"2022047632","0508","1","0","0","0","0","0","0","0","0","5","0","","67","5","2022","4","39.949528","-75.219361","0507","6","0","0","0","0","0","0","0","0","","0","0","0","01","3","0","N","0","0","39 56:58.300","","0","75 13:09.700","0","0","0","0","67301","0","0","0","N","0","0","0","1","67301","0","","6.0","","1","N","N","N","0","","0","0","1","0","0","","0149","2","0","0","0","0","0","0","2","0","2","0","0","0","3","03","","N","","","","","","","","","",""
"2022055685","0047","2","0","0","0","0","0","0","0","0","1","0","","67","6","2022","5","39.998333","-75.175139","0043","6","0","0","0","0","0","0","0","0","","0","0","0","00","3","1","Y","0","1","39 59:54.000","1","0","75 10:30.500","8","0","0","0","67301","0","0","0","N","0","0","0","1","67301","0","","6.0","101.0","9","N","N","N","0","","0","0","1","0","0","N","0000","3","1","1","0","0","1","0","2","0","3","0","0","0","7","","","N","","","","","","","","","",""
"2022060063","1025","0","0","0","1","0","0","0","0","0","8","0","","67","6","2022","2","39.950764","-75.207175","1020","6","0","0","0","0","0","0","0","0","","0","0","0","10","1","1","N","0","0","39 57:02.750","","7","75 12:25.830","3","0","0","0","67301","1","0","0","N","0","0","0","2","67301","0","","5.0","","1","N","N","N","0","","1","0","0","0","0","","1005","2","1","0","0","0","0","0","2","1","1","1","0","0","3","","","N","","","","","","","","","",""
"2022060049","1728","2","0","0","0","0","0","0","0","0","4","0","","67","6","2022","6","40.024058","-75.064934","1724","6","0","0","0","0","0","0","0","0","","0","0","0","17","1","2","","1","0","40 01:26.608","","0","75 03:53.762","4","0","0","0","67301","0","0","0","N","0","0","0","6","67301","2","","1.0","","1","N","N","N","0","","0","0","0","3","3","","1720","2","2","1","0","0","0","0","2","0","2","0","0","0","3","","","N","","","","","","","","","",""
"2022068561","1238","1","0","0","0","0","0","0","0","0","1","0","","67","7","2022","1","40.069136","-75.24051","1232","6","0","0","0","0","0","0","0","0","","0","0","0","12","1","0","N","0","0","40 04:08.891","","0","75 14:25.835","0","0","0","0","67301","0","0","0","N","0","0","0","3","67301","0","","1.0","","1","N","N","N","0","","0","0","1","0","0","","1230","2","0","3","0","0","0","0","2","0","2","0","0","0","3","03","","N","","","","","","","","","",""
"2022059116","0329","0","0","0","0","0","0","0","0","0","7","0","","67","6","2022","5","39.966857","-75.134011","0320","6","0","0","0","1","0","0","0","0","","0","0","0","01","3","1","N","0","0","39 58:00.686","","0","75 08:02.439","3","0","0","0","67301","0","0","0","N","0","0","0","1","68K01","0","","4.0","","9","N","N","N","0","","1","0","1","0","0","","0125","1","1","0","0","0","0","0","2","0","1","0","0","0","7","","","N","","","","","","","","","",""
"2022059117","2134","2","0","0","0","0","0","0","0","0","1","0","","67","6","2022","5","39.961123","-75.140361","2120","6","0","0","0","0","0","1","0","0","","0","0","0","21","3","0","N","0","0","39 57:40.041","","0","75 08:25.299","0","0","0","0","67301","0","0","0","N","0","0","0","3","68K01","0","","1.0","","1","N","N","N","0","","0","0","1","0","0","","2119","3","0","0","0","0","0","0","2","0","3","0","0","0","3","03","","N","","","","","","","","","",""
"2022060016","1249","1","0","0","0","0","0","0","0","0","7","0","","67","6","2022","5","40.130882","-75.014488","1230","6","0","0","0","0","0","0","1","0","","0","0","0","12","1","0","N","0","0","40 07:51.175","","0","75 00:52.158","0","0","0","0","67301","0","0","0","N","0","0","0","1","67301","0","","2.0","","9","N","N","N","0","","0","0","0","0","0","","1228","1","0","0","0","0","0","0","2","0","1","0","0","0","7","07","","N","","","","","","","","","",""
"2022049095","1909","0","0","0","0","0","0","0","0","0","4","0","","67","5","2022","4","39.922753","-75.186851","1907","6","0","0","0","0","0","0","0","0","","0","0","0","18","1","1","","1","0","39 55:21.910","","0","75 11:12.663","3","0","0","0","67301","0","0","0","N","0","0","0","4","67301","0","","1.0","","1","N","N","N","0","","1","0","2","3","3","","1855","2","1","0","0","0","0","0","2","0","2","0","0","0","3","04","","N","","","","","","","","","",""
"2022031070","","1","0","0","0","0","0","0","0","0","4","0","","67","3","2022","3","39.989479","-75.156446","","6","0","0","0","0","0","0","0","0","","0","0","0","15","1","1","","1","0","39 59:22.124","","0","75 09:23.205","8","0","0","0","67301","0","0","0","N","0","0","0","2","00000","0","","1.0","","1","","","N","0","","0","0","0","3","3","","1500","2","1","0","0","0","1","0","2","1","2","0","0","0","3","","","N","","","","","","","","","",""
"2022045444","2055","2","0","0","0","0","0","0","0","0","4","0","","67","5","2022","7","39.945766","-75.166775","2053","6","0","0","0","0","0","0","0","0","","0","0","0","20","3","1","","1","0","39 56:44.757","","0","75 10:00.390","3","0","0","0","67301","0","0","0","N","0","0","0","3","67301","0","","1.0","","1","N","N","N","0","","1","0","0","3","2","","2025","3","1","0","0","0","0","0","2","1","3","0","0","0","3","","","N","","","","","","","","","",""
"2022055564","0930","1","0","0","0","0","0","0","0","0","8","0","","67","6","2022","6","39.944902","-75.159793","0900","6","0","0","0","0","0","0","0","0","","0","0","0","05","1","1","","1","0","39 56:41.647","","0","75 09:35.256","4","0","0","0","67301","1","0","0","N","1","0","0","2","67301","1","","1.0","","99","N","N","N","0","","0","0","0","3","2","","0500","2","1","0","0","0","0","0","2","0","1","1","0","0","3","03","","N","","","","","","","","","",""
"2022045445","2151","2","0","0","0","0","0","0","0","0","4","0","","67","5","2022","6","39.973833","-75.206444","2151","6","0","0","0","0","0","0","0","0","","0","0","0","21","3","0","","1","0","39 58:25.797","","0","75 12:23.198","0","0","0","0","67301","0","0","0","N","0","0","0","2","67301","0","","1.0","","1","N","N","N","0","","0","0","0","3","2","","2100","2","0","0","0","0","0","0","2","0","2","0","0","0","3","03","","N","","","","","","","","","",""
"2022060139","0915","0","0","0","0","0","0","0","0","0","8","0","","67","6","2022","3","39.942602","-75.157062","0913","6","0","0","0","0","0","0","0","0","","1","0","0","09","1","0","","1","0","39 56:33.366","","0","75 09:25.422","1","0","0","0","67301","1","1","0","N","1","1","0","2","67301","0","2","1.0","","1","N","N","N","0","0","0","0","0","3","2","","0905","2","0","0","0","0","0","0","2","1","1","1","1","0","3","03","","N","","","","","","","","","",""
"2022060072","2025","1","0","0","0","0","0","0","0","0","8","0","","67","6","2022","4","39.992691","-75.120306","2020","6","0","0","0","0","0","0","0","0","","0","0","0","20","4","1","","1","0","39 59:33.688","","0","75 07:13.102","8","0","0","0","67301","1","0","0","N","1","0","0","2","67301","0","","1.0","","1","N","N","N","0","","0","0","0","0","0","","2000","2","1","0","0","0","1","0","2","0","1","1","0","0","3","03","","N","","","","","","","","","",""
"2022047165","0148","0","0","0","0","0","0","0","0","0","4","0","","67","5","2022","3","39.965087","-75.16075","0143","6","0","0","0","0","0","0","0","1","","0","0","0","09","5","1","","1","0","39 57:54.312","","0","75 09:38.700","3","0","0","2","67301","0","0","0","N","0","0","0","3","67301","0","","1.0","","1","N","N","N","1","","1","0","0","3","2","","0950","3","1","0","0","0","0","0","2","0","3","0","0","0","3","03","","N","","","","","","","","","",""
"2022055582","2104","1","0","0","0","0","0","0","0","0","1","0","","67","6","2022","7","40.099933","-74.976814","2058","6","0","0","0","0","0","0","0","0","","0","0","0","20","3","1","N","0","0","40 05:59.760","","0","74 58:36.530","8","0","0","0","67301","0","0","0","N","0","0","0","2","67301","0","","1.0","","1","N","N","N","0","","0","0","1","0","0","","2045","2","1","0","0","0","1","0","2","0","2","0","0","0","3","03","","N","","","","","","","","","",""
"2022069401","0355","0","0","0","0","0","0","0","0","0","7","0","","67","7","2022","5","39.958603","-75.168654","0349","6","0","0","0","0","0","0","0","0","","0","0","0","03","3","1","N","0","1","39 57:30.969","3","0","75 10:07.153","8","0","0","0","67301","0","0","0","N","0","0","0","1","68K01","0","","4.0","100.0","1","N","N","N","0","","0","0","1","0","0","Y","0349","1","1","0","0","0","1","0","2","0","1","0","0","0","3","03","","N","","","","","","","","","",""
"2022037144","","2","0","0","0","0","0","0","0","0","1","0","","67","4","2022","2","40.020209","-75.043462","","6","0","0","0","0","1","0","0","0","","0","0","0","14","1","1","N","0","0","40 01:12.751","","0","75 02:36.462","8","0","0","0","67301","0","0","0","N","0","0","0","2","00000","0","","1.0","","1","","","N","0","","0","0","0","0","0","","1445","2","1","0","0","0","1","0","2","0","2","0","0","0","3","","","N","","","","","","","","","",""
"2022032899","0028","2","0","0","0","0","0","0","0","0","4","0","","67","3","2022","5","39.970029","-75.208236","0025","6","0","0","0","0","0","0","0","0","","0","0","0","00","3","0","","1","0","39 58:12.104","","0","75 12:29.649","9","0","0","0","67301","0","0","0","N","0","0","0","3","67301","0","","1.0","","1","N","N","N","0","","0","0","1","3","3","","0001","3","0","0","0","0","0","2","2","0","3","0","0","0","3","","","N","","","","","","","","","",""
"2022047183","0831","0","0","0","0","0","0","0","0","0","4","0","","67","5","2022","3","40.036276","-75.056372","0831","6","0","0","0","0","0","1","0","0","","0","0","0","06","5","1","","1","0","40 02:10.593","","0","75 03:22.939","3","0","0","0","67301","0","0","0","N","0","0","0","2","67301","0","","1.0","","1","N","N","N","0","","1","0","1","3","3","","0631","2","1","1","0","0","0","1","2","1","2","0","0","0","3","","","N","","","","","","","","","",""
"2022055687","2025","1","0","0","0","0","0","0","0","0","7","0","","67","6","2022","6","40.009271","-75.15135","2025","6","0","0","0","0","0","0","0","0","","0","0","0","20","4","0","N","0","0","40 00:33.376","","0","75 09:04.859","0","0","0","0","67301","0","0","0","N","0","0","0","0","67301","0","","4.0","","1","N","N","N","0","","0","0","0","0","0","","2020","1","0","0","0","0","0","0","2","0","1","0","0","0","3","03","","N","","","","","","","","","",""
"2022059823","0237","2","0","0","0","0","0","0","0","0","2","0","","67","5","2022","2","39.966827","-75.187884","0235","6","0","0","0","0","0","0","0","0","","0","0","0","02","3","1","N","0","1","39 58:00.576","3","0","75 11:16.381","8","0","0","0","67301","0","0","0","N","0","0","0","3","68K01","0","","1.0","305.0","1","N","N","N","0","","0","0","0","0","0","N","0229","2","1","0","0","0","1","0","2","0","2","0","0","0","3","","","N","","","","","","","","","",""
"2022060103","1637","0","0","0","0","0","0","0","0","0","8","0","","67","6","2022","6","39.972328","-75.152192","1630","6","0","0","0","0","0","0","0","0","","0","0","0","14","1","1","","1","0","39 58:20.379","","0","75 09:07.890","8","0","0","0","67301","1","0","0","N","0","0","0","1","67301","0","","1.0","","1","N","N","N","0","","0","0","0","3","3","","1405","2","1","0","0","0","1","0","2","0","1","1","0","0","3","03","","N","","","","","","","","","",""
"2022060377","0006","1","0","0","0","0","0","0","0","0","7","0","","67","6","2022","5","40.059892","-75.201031","0004","6","0","0","0","0","0","0","0","0","","0","0","0","00","3","0","N","0","2","40 03:35.610","6","0","75 12:03.710","0","0","0","0","67301","0","0","0","N","0","0","0","1","67301","0","","4.0","105.0","1","N","N","N","0","","0","0","0","0","0","Y","0001","1","0","0","0","0","0","0","2","0","1","0","0","0","3","03","","N","","","","","","","","","",""
"2022058514","0920","1","0","0","0","0","0","1","0","0","4","1","","67","6","2022","1","40.024436","-75.146915","0910","6","0","0","0","0","0","0","0","0","","0","0","0","09","1","8","","1","0","40 01:27.969","","0","75 08:48.893","3","0","0","0","67301","0","0","0","N","0","0","0","9","67508","7","","1.0","","1","N","N","N","0","","1","0","0","3","2","","0905","2","8","0","0","0","0","0","2","0","2","0","0","0","3","03","","N","","","","","","","","","",""
"2022055641","1128","1","0","0","0","0","0","0","0","0","4","0","","67","6","2022","4","39.97408","-75.242393","1104","6","0","0","0","0","0","0","0","0","","0","0","0","10","1","1","","1","0","39 58:26.688","","0","75 14:32.614","3","0","0","0","67301","0","0","0","N","0","0","0","2","67301","0","","1.0","","1","N","N","N","0","","1","0","0","3","3","","1037","2","1","0","0","0","0","0","2","1","2","0","0","0","3","03","","N","","","","","","","","","",""
"2022047681","2313","1","0","0","0","0","0","0","0","0","3","0","","67","5","2022","2","39.925731","-75.180201","2310","6","0","0","0","0","0","0","0","0","","0","0","0","23","3","0","N","0","1","39 55:32.630","4","0","75 10:48.723","9","0","0","0","67301","0","0","0","N","0","0","0","1","67301","0","","6.0","100.0","1","N","N","N","0","","0","0","3","0","0","N","2300","4","0","0","0","0","0","1","2","0","4","0","0","0","3","03","","N","","","","","","","","","",""
"2022059086","0825","3","0","0","0","0","0","0","0","0","1","0","","67","5","2022","3","39.957416","-75.150945","0745","6","0","0","0","0","0","0","0","0","","0","0","0","07","1","0","N","0","1","39 57:26.699","3","0","75 09:03.401","0","0","0","0","67301","0","0","0","N","0","0","0","4","68K01","0","","1.0","928.0","1","N","N","N","0","","0","0","1","0","0","N","0745","4","0","0","0","0","0","0","2","0","4","0","0","0","3","03","","N","","","","","","","","","",""
"2022043981","1410","2","0","0","0","0","0","0","0","0","6","0","","67","4","2022","4","39.979348","-75.217671","1359","6","0","0","0","0","0","0","0","0","","0","0","0","02","6","1","N","0","0","39 58:45.651","","0","75 13:03.615","3","0","0","0","67301","0","0","0","N","0","0","0","2","67301","0","","1.0","","1","N","N","N","0","","1","0","0","0","0","","0200","2","1","0","0","0","0","0","2","0","2","0","0","0","3","03","","N","","","","","","","","","",""
"2022045165","1630","0","0","0","0","0","0","1","0","0","5","1","","67","4","2022","4","39.975693","-75.158451","1620","6","0","0","0","0","0","0","0","0","","0","0","0","16","1","1","N","0","0","39 58:32.494","","0","75 09:30.424","8","0","0","0","67301","0","0","0","N","0","0","0","2","67508","0","","1.0","","1","N","N","Y","0","","0","0","0","0","0","","1620","2","1","0","0","0","1","0","2","0","2","0","0","0","3","03","","N","","","","","","","","","",""
"2022026057","1730","1","0","0","0","0","0","0","0","0","8","0","","67","3","2022","7","39.959596","-75.246798","1713","6","0","0","0","0","0","0","0","0","","0","0","0","15","1","1","N","0","0","39 57:34.546","","0","75 14:48.472","3","0","0","0","67301","1","0","0","N","1","0","0","2","67301","0","","4.0","","7","N","N","N","0","","1","0","0","0","0","","1536","2","1","0","0","0","0","1","2","0","1","1","0","0","10","09","","N","","","","","","","","","",""
"2022038724","0933","1","0","0","0","0","0","0","0","0","8","0","","67","4","2022","2","39.959881","-75.193786","0931","6","0","0","0","0","0","0","0","0","","0","0","0","09","1","1","","1","0","39 57:35.571","","0","75 11:37.629","3","0","0","0","67301","1","0","0","N","1","0","0","2","67507","0","","1.0","","1","N","N","N","0","","1","0","0","3","2","","0925","2","1","0","0","0","0","0","2","0","1","1","0","0","3","03","","N","","","","","","","","","",""
"2022029710","1311","1","0","0","0","0","0","0","0","0","8","0","","67","3","2022","5","39.954387","-75.171366","1307","6","0","0","0","0","0","0","0","0","","0","0","0","13","1","1","","1","0","39 57:15.792","","0","75 10:16.917","3","0","0","0","67301","1","0","0","N","1","0","0","2","67301","0","","1.0","","9","N","N","N","0","","1","0","0","3","2","","1307","2","1","0","0","0","0","0","2","0","1","1","0","0","4","","","N","","","","","","","","","",""
"2022014551","1715","1","0","0","0","0","0","0","0","0","4","0","","67","2","2022","2","40.035622","-75.070548","1706","6","0","0","0","0","0","2","0","0","","0","0","0","16","1","1","","1","0","40 02:08.240","","0","75 04:13.971","3","0","0","0","67301","0","0","0","N","0","0","0","3","67301","0","","1.0","","9","N","N","N","1","","1","0","0","3","2","","1635","2","1","0","0","0","0","0","2","0","2","0","0","0","7","","","N","","","","","","","","","",""
"2022039716","1136","1","0","0","0","0","0","0","0","0","7","0","","67","3","2022","6","39.917989","-75.147884","1127","6","0","0","0","1","0","0","0","0","","0","0","0","11","1","0","N","0","1","39 55:04.760","2","0","75 08:52.381","0","0","0","0","67301","0","0","0","N","0","0","0","1","68K01","0","","2.0","1207.0","1","N","N","N","0","","0","0","0","0","0","N","1126","1","0","0","0","0","0","0","2","0","1","0","0","0","3","","","N","","","","","","","","","",""
"2022029264","1955","1","0","0","0","0","0","0","0","0","4","0","","67","3","2022","3","39.964537","-75.134391","1955","6","0","0","0","0","0","0","0","0","","0","0","0","19","3","1","","3","1","39 57:52.333","2","0","75 08:03.809","8","0","0","0","67301","0","0","0","N","0","0","0","2","67301","0","","1.0","2040.0","1","N","N","N","0","","0","0","1","3","2","N","1950","2","1","0","0","0","1","0","2","0","2","0","0","0","3","03","","N","","","","","","","","","",""
"2022019601","1824","1","0","0","0","0","0","0","0","0","5","0","","67","2","2022","2","40.032472","-75.062389","1819","6","0","0","0","0","0","0","0","0","","0","0","0","18","3","0","N","0","0","40 01:56.900","","0","75 03:44.600","9","0","0","0","67301","0","0","0","N","0","0","0","2","67301","0","","6.0","","1","N","N","N","1","","0","0","0","0","0","","1808","2","0","0","0","0","0","1","2","0","2","0","0","0","3","03","","N","","","","","","","","","",""
"2022032849","0031","3","0","0","0","0","0","0","0","0","5","0","","67","4","2022","1","39.925975","-75.157517","0030","6","0","0","0","0","0","0","0","0","","0","0","0","00","3","0","N","0","0","39 55:33.510","","0","75 09:27.060","0","0","0","0","67301","0","0","0","N","0","0","0","1","67301","0","","6.0","","1","N","N","Y","1","","0","0","2","0","0","","0020","6","0","0","0","0","0","0","2","0","6","0","0","0","3","03","","N","","","","","","","","","",""
"2022014788","1035","0","0","0","0","0","0","0","0","0","4","0","","67","2","2022","4","39.978932","-75.266238","1033","6","0","0","0","0","0","0","0","0","","0","0","0","08","1","1","","1","0","39 58:44.155","","0","75 15:58.456","3","0","0","0","67301","0","0","0","N","0","0","0","2","67301","0","","1.0","","1","N","N","N","0","","1","0","1","3","3","","0800","2","1","0","0","0","0","0","2","0","2","0","0","0","3","","","N","","","","","","","","","",""
"2022050820","1702","2","0","0","0","0","0","0","0","0","2","0","","67","5","2022","1","39.997983","-75.107781","1702","6","0","0","0","0","0","1","0","0","","0","0","0","17","2","1","N","0","0","39 59:52.740","","0","75 06:28.010","3","0","0","0","67301","0","0","0","N","0","0","0","2","67301","0","","1.0","","1","N","N","N","0","","1","0","2","0","0","","1702","4","1","2","0","0","0","0","2","0","4","0","0","0","3","03","","N","","","","","","","","","",""
"2022021551","1135","0","0","0","0","0","0","0","0","0","1","0","","67","2","2022","7","39.978894","-75.118648","1135","6","0","0","0","0","0","0","0","0","","0","0","0","18","3","2","","5","0","39 58:44.017","","0","75 07:07.131","3","0","0","0","67301","0","0","0","N","0","0","0","3","67301","0","","1.0","","99","N","N","N","0","","2","0","2","3","2","","1830","2","2","0","0","0","0","0","2","0","2","0","0","0","99","","","N","","","","","","","","","",""
"2022026406","0406","0","0","0","0","0","0","0","0","0","7","0","","67","3","2022","1","40.04962","-75.11601","0359","6","0","0","0","0","0","0","0","0","","0","0","0","23","3","0","N","0","0","40 02:58.631","","0","75 06:57.635","0","0","0","0","67301","0","0","0","N","0","0","0","1","67301","0","","5.0","","1","N","N","N","1","","0","0","0","0","0","","2300","1","0","0","0","0","0","0","2","0","1","0","0","0","3","03","","N","","","","","","","","","",""