"CRN","ARRIVAL_TM","AUTOMOBILE_COUNT","BELTED_DEATH_COUNT","BELTED_SUSP_SERIOUS_INJ_COUNT","BICYCLE_COUNT","BICYCLE_DEATH_COUNT","BICYCLE_SUSP_SERIOUS_INJ_COUNT","BUS_COUNT","CHLDPAS_DEATH_COUNT","CHLDPAS_SUSP_SERIOUS_INJ_COUNT","COLLISION_TYPE","COMM_VEH_COUNT","CONS_ZONE_SPD_LIM","COUNTY","CRASH_MONTH","CRASH_YEAR","DAY_OF_WEEK","DEC_LATITUDE","DEC_LONGITUDE","DISPATCH_TM","DISTRICT","DRIVER_COUNT_16YR","DRIVER_COUNT_17YR","DRIVER_COUNT_18YR","DRIVER_COUNT_19YR","DRIVER_COUNT_20YR","DRIVER_COUNT_50_64YR","DRIVER_COUNT_65_74YR","DRIVER_COUNT_75PLUS","EST_HRS_CLOSED","FATAL_COUNT","HEAVY_TRUCK_COUNT","HORSE_BUGGY_COUNT","HOUR_OF_DAY","ILLUMINATION","INJURY_COUNT","INTERSECTION_RELATED","INTERSECT_TYPE","LANE_CLOSED","LATITUDE","LN_CLOSE_DIR","LOCATION_TYPE","LONGITUDE","MAX_SEVERITY_LEVEL","MCYCLE_DEATH_COUNT","MCYCLE_SUSP_SERIOUS_INJ_COUNT","MOTORCYCLE_COUNT","MUNICIPALITY","NONMOTR_COUNT","NONMOTR_DEATH_COUNT","NONMOTR_SUSP_SERIOUS_INJ_COUNT","NTFY_HIWY_MAINT","PED_COUNT","PED_DEATH_COUNT","PED_SUSP_SERIOUS_INJ_COUNT","PERSON_COUNT","POLICE_AGCY","POSSIBLE_INJ_COUNT","RDWY_SURF_TYPE_CD","RELATION_TO_ROAD","ROADWAY_CLEARED","ROAD_CONDITION","SCH_BUS_IND","SCH_ZONE_IND","SECONDARY_CRASH","SMALL_TRUCK_COUNT","SPEC_JURIS_CD","SUSP_MINOR_INJ_COUNT","SUSP_SERIOUS_INJ_COUNT","SUV_COUNT","TCD_FUNC_CD","TCD_TYPE","TFC_DETOUR_IND","TIME_OF_DAY","TOTAL_UNITS","TOT_INJ_COUNT","UNBELTED_OCC_COUNT","UNB_DEATH_COUNT","UNB_SUSP_SERIOUS_INJ_COUNT","UNK_INJ_DEG_COUNT","UNK_INJ_PER_COUNT","URBAN_RURAL","VAN_COUNT","VEHICLE_COUNT","VULNERABLE_ROAD_USER_COUNT","VULNERABLE_ROAD_USER_DEATH_COUNT","VULNERABLE_ROAD_USER_SER_INJ_COUNT","WEATHER1","WEATHER2","WORKERS_PRES","WORK_ZONE_IND","WORK_ZONE_LOC","WORK_ZONE_TYPE","WZ_CLOSE_DETOUR","WZ_FLAGGER","WZ_LAW_OFFCR_IND","WZ_LN_CLOSURE","WZ_MOVING","WZ_OTHER","WZ_SHLDER_MDN","WZ_WORKERS_INJ_KILLED"
"2022022914","1816","0","0","0","0","0","0","0","0","0","7","0","","67","2","2022","2","39.914444","-75.188667","1816","6","0","0","0","0","0","0","0","0","","0","0","0","18","4","1","N","0","2","39 54:52.000","4","3","75 11:19.200","3","0","0","0","67301","0","0","0","N","0","0","0","1","67501","0","","3.0","1830.0","1","N","N","N","0","","1","0","0","0","0","N","1816","1","1","0","0","0","0","0","2","1","1","0","0","0","3","03","","N","","","","","","","","","",""
"2022029277","0201","1","0","0","0","0","0","0","0","0","8","0","","67","3","2022","2","40.031874","-75.131503","0155","6","0","0","0","0","0","0","0","0","","0","0","0","01","3","2","","1","0","40 01:54.746","","0","75 07:53.410","4","0","0","0","67301","2","0","0","N","2","0","0","3","67301","2","","1.0","","1","N","N","N","0","","0","0","0","3","2","","0140","3","2","0","0","0","0","1","2","0","1","2","0","0","3","03","","N","","","","","","","","","",""
"2022046048","0214","2","0","0","0","0","0","0","0","0","2","0","","67","3","2022","4","40.046222","-75.181861","0212","6","0","0","0","0","0","1","0","0","","0","0","0","02","3","1","N","0","2","40 02:46.400","6","0","75 10:54.700","8","0","0","0","67301","0","0","0","N","0","0","0","1","67301","0","","6.0","441.0","1","N","N","Y","0","","0","0","0","0","0","Y","0209","2","1","0","0","0","1","0","2","0","2","0","0","0","3","03","","N","","","","","","","","","",""
"2022050577","2131","2","0","0","0","0","0","0","0","0","1","0","","67","5","2022","2","40.041917","-75.150467","2131","6","0","0","0","0","0","0","0","0","","0","0","0","21","3","1","N","0","0","40 02:30.900","","0","75 09:01.680","3","0","0","0","67301","0","0","0","N","0","0","0","1","67301","0","","6.0","","1","N","N","N","0","","1","0","1","0","0","","2130","3","1","0","0","0","0","0","2","0","3","0","0","0","3","","","N","","","","","","","","","",""
"2022052419","0615","0","0","0","0","0","0","0","0","0","7","0","","67","5","2022","7","39.890511","-75.220654","0615","6","0","0","0","0","0","1","0","0","","0","0","0","05","5","0","","7","0","39 53:25.838","","2","75 13:14.353","0","0","0","0","67301","0","0","0","N","0","0","0","1","68K01","0","","2.0","","9","N","N","N","0","","0","0","1","0","0","","0515","1","0","0","0","0","0","0","2","0","1","0","0","0","7","","","N","","","","","","","","","",""
"2022043864","1415","0","0","0","0","0","0","0","0","0","8","0","","67","5","2022","2","39.947075","-75.183417","1409","6","0","0","0","0","0","0","0","0","","0","0","0","12","1","1","N","0","9","39 56:49.470","","0","75 11:00.300","3","0","0","0","67301","1","0","0","N","1","0","0","2","67301","0","","1.0","","1","N","N","N","0","","1","0","1","0","0","","1255","2","1","0","0","0","0","0","2","0","1","1","0","0","3","","","N","","","","","","","","","",""
"2022045534","1638","2","0","0","0","0","0","0","0","0","4","0","","67","5","2022","7","40.016578","-75.093533","1608","6","0","0","0","0","0","0","0","0","","0","0","0","15","1","1","N","0","1","40 00:59.680","3","0","75 05:36.720","4","0","0","0","67301","0","0","0","N","0","0","0","6","67301","1","","1.0","1705.0","9","N","N","N","0","","0","0","0","0","0","Y","1555","2","1","0","0","0","0","5","2","0","2","0","0","0","4","07","","N","","","","","","","","","",""
"2022023995","2335","3","0","0","0","0","0","0","0","0","5","0","","67","3","2022","3","40.001572","-75.156231","2330","6","0","0","0","0","0","0","0","0","","0","0","0","23","3","0","N","0","2","40 00:05.660","1","0","75 09:22.430","9","0","0","0","67301","0","0","0","N","0","0","0","2","67301","0","","6.0","100.0","1","N","N","Y","0","","0","0","1","3","2","N","2326","4","0","0","0","0","0","2","2","0","4","0","0","0","3","","","N","","","","","","","","","",""
"2022033734","2135","1","0","0","0","0","0","0","0","0","7","0","","67","4","2022","6","39.957759","-75.161007","2135","6","0","0","0","0","0","0","0","0","","0","0","0","21","3","0","N","0","2","39 57:27.934","4","0","75 09:39.625","0","0","0","0","67301","0","0","0","N","0","0","0","1","68T07","0","","3.0","2200.0","1","N","N","N","0","","0","0","0","0","0","N","2135","1","0","1","0","0","0","0","2","0","1","0","0","0","3","","","N","","","","","","","","","",""
"2022020129","1953","1","0","0","0","0","0","0","0","0","1","0","","67","2","2022","4","39.939469","-75.222703","1953","6","0","0","0","0","0","0","0","0","","0","0","0","19","3","0","N","0","0","39 56:22.090","","0","75 13:21.730","0","0","0","0","67301","0","0","0","N","0","0","0","1","67301","0","","6.0","","1","N","N","N","0","","0","0","1","0","0","","1952","2","0","0","0","0","0","0","2","0","2","0","0","0","3","03","","N","","","","","","","","","",""
"2022044106","1635","1","0","0","0","0","0","0","0","0","1","0","","67","5","2022","5","40.043896","-75.143565","1635","6","0","0","0","0","0","0","1","0","","0","0","0","16","1","0","N","0","0","40 02:38.025","","0","75 08:36.834","0","0","0","0","67301","0","0","0","N","0","0","0","2","67301","0","","1.0","","1","N","N","N","0","","0","0","1","0","0","","1600","2","0","0","0","0","0","0","2","0","2","0","0","0","3","03","","N","","","","","","","","","",""
"2022019562","0340","0","0","0","0","0","0","0","0","0","7","0","","67","2","2022","1","39.961306","-75.159444","0340","6","0","0","0","0","0","0","0","0","","0","0","0","02","3","0","N","0","1","39 57:40.700","1","0","75 09:34.000","0","0","0","0","67301","0","0","0","N","0","0","0","2","67301","0","","6.0","342.0","1","N","N","N","1","","0","0","0","0","0","Y","0215","1","0","0","0","0","0","0","2","0","1","0","0","0","3","03","","N","","","","","","","","","",""
"2022046219","2048","2","0","0","0","0","0","0","0","0","1","0","","67","4","2022","6","39.897122","-75.189017","2038","6","0","0","0","0","0","0","0","0","","0","0","0","20","3","2","N","0","0","39 53:49.638","","0","75 11:20.461","4","0","0","0","67301","0","0","0","N","0","0","0","2","68K01","2","","1.0","","1","N","N","N","0","","0","0","0","0","0","","2033","2","2","0","0","0","0","0","2","0","2","0","0","0","3","03","","N","","","","","","","","","",""
"2022043888","0105","1","0","0","0","0","0","0","0","0","4","0","","67","5","2022","6","39.932464","-75.232311","0059","6","0","0","0","0","0","0","0","0","","0","0","0","00","3","0","N","0","0","39 55:56.870","","0","75 13:56.320","0","0","0","0","67301","0","0","0","N","0","0","0","2","67301","0","","1.0","","1","N","N","N","0","","0","0","2","0","0","","0035","3","0","0","0","0","0","0","2","0","3","0","0","0","3","03","","N","","","","","","","","","",""
"2022020614","1935","0","0","0","0","0","0","0","0","0","1","0","45","67","2","2022","2","40.011365","-75.060968","1920","6","0","0","0","0","0","1","0","0","","0","0","0","19","3","1","N","0","0","40 00:40.914","","0","75 03:39.486","4","0","0","0","67301","0","0","0","Y","0","0","0","4","68K01","1","","1.0","","9","N","N","N","0","","0","0","2","0","0","","1918","2","1","0","0","0","0","0","2","0","2","0","0","0","3","03","N","Y","4","1","","","N","","","","Y","N"
"2022043950","1840","2","0","0","0","0","0","0","0","0","4","0","","67","4","2022","2","39.975211","-75.19497","1815","6","0","0","0","0","0","1","0","0","","0","0","0","18","4","0","","1","1","39 58:30.761","1","0","75 11:41.892","9","0","0","0","67301","0","0","0","N","0","0","0","6","67301","0","","1.0","2100.0","1","N","N","Y","0","","0","0","2","3","2","N","1800","4","0","3","0","0","0","1","2","0","4","0","0","0","3","03","","N","","","","","","","","","",""
"2022044022","0335","2","0","0","0","0","0","0","0","0","4","0","","67","3","2022","4","39.993032","-75.11974","0330","6","0","0","0","0","0","0","0","0","","0","0","0","20","3","2","","2","9","39 59:34.915","","0","75 07:11.063","4","0","0","0","67301","0","0","0","N","0","0","0","2","67301","2","","1.0","","1","N","N","N","0","","0","0","0","3","3","","2053","2","2","0","0","0","0","0","2","0","2","0","0","0","3","03","","N","","","","","","","","","",""
"2022044112","1620","2","0","0","0","0","0","0","0","0","4","0","","67","4","2022","3","40.002188","-75.152667","1820","6","0","0","0","0","0","1","0","0","","0","0","0","16","1","0","N","0","9","40 00:07.877","","0","75 09:09.602","0","0","0","0","67301","0","0","0","N","0","0","0","2","67301","0","","1.0","","9","N","N","N","0","","0","0","0","0","0","","1600","2","0","0","0","0","0","0","2","0","2","0","0","0","7","04","","N","","","","","","","","","",""
"2022047219","1107","1","0","0","0","0","0","0","0","0","6","0","","67","5","2022","2","39.976028","-75.129667","1106","6","0","0","0","0","0","0","0","0","","0","0","0","11","1","1","N","0","0","39 58:33.700","","0","75 07:46.800","3","0","0","0","67301","0","0","0","N","0","0","0","1","67301","0","","6.0","","1","N","N","N","1","","1","0","2","0","0","","1105","4","1","0","0","0","0","0","2","0","4","0","0","0","3","04","","N","","","","","","","","","",""
"2022024235","1755","1","0","0","0","0","0","0","0","0","8","0","","67","3","2022","2","39.957205","-75.155489","1753","6","0","0","0","0","0","0","0","0","","0","0","0","23","3","1","","1","0","39 57:25.938","","3","75 09:19.761","4","0","0","0","67301","1","0","0","N","1","0","0","2","67301","1","","1.0","","1","N","N","N","0","","0","0","0","3","2","","2330","2","1","0","0","0","0","0","2","0","1","1","0","0","3","03","","N","","","","","","","","","",""
"2022023783","2107","5","0","0","0","0","0","0","0","0","6","0","","67","2","2022","1","40.010458","-75.150991","2059","6","0","0","0","1","0","0","0","0","","0","0","0","20","3","1","N","0","1","40 00:37.648","2","0","75 09:03.568","8","0","0","0","67301","0","0","0","N","0","0","0","7","67301","0","","1.0","2145.0","1","N","N","N","0","","0","0","0","0","0","N","2031","5","1","0","0","0","1","4","2","0","5","0","0","0","3","","","N","","","","","","","","","",""
"2022033767","1926","0","0","0","0","0","0","0","0","0","5","0","","67","4","2022","5","39.909722","-75.156389","1925","6","0","0","0","0","0","0","0","0","","0","0","0","19","3","0","N","0","0","39 54:35.000","","3","75 09:23.000","0","0","0","0","67301","0","0","0","N","0","0","0","2","67501","0","","1.0","","9","N","N","N","0","","0","0","1","0","0","","1925","2","0","0","0","0","0","0","2","0","2","0","0","0","7","","","N","","","","","","","","","",""
"2022047518","1245","4","0","0","0","0","0","0","0","0","4","0","","67","5","2022","6","40.029577","-75.175164","1240","6","0","0","0","0","0","0","1","0","","0","0","0","11","1","1","N","0","0","40 01:46.477","","0","75 10:30.592","8","0","0","0","67301","0","0","0","N","0","0","0","1","67301","0","","6.0","","1","N","N","N","1","","0","0","0","0","0","","1130","5","1","0","0","0","1","0","2","0","5","0","0","0","3","03","","N","","","","","","","","","",""
"2022033246","0737","0","0","0","0","0","0","0","0","0","8","0","","67","3","2022","4","40.009832","-75.166871","0737","6","0","0","0","0","0","0","0","0","","0","0","0","07","1","1","","1","0","40 00:35.396","","0","75 10:00.737","8","0","0","0","67301","1","0","0","N","1","0","0","3","67508","0","","1.0","","1","","","N","0","","0","0","1","3","2","","0737","2","1","0","0","0","1","0","2","0","1","1","0","0","3","03","","N","","","","","","","","","",""
"2022043516","0550","0","0","0","0","0","0","0","0","0","7","1","99","67","5","2022","6","39.947708","-75.198621","0544","6","0","0","0","0","0","1","0","0","","0","0","0","05","1","0","","2","1","39 56:51.748","1","0","75 11:55.037","0","0","0","0","67301","0","0","0","N","0","0","0","1","67504","0","","4.0","650.0","9","N","N","N","0","","0","0","1","3","2","N","0544","2","0","0","0","0","0","0","2","0","2","0","0","0","7","04","N","Y","8","1","N","N","N","Y","N","N","Y","N"
"2022042369","0446","1","0","0","0","0","0","0","0","0","7","0","","67","5","2022","4","39.984189","-75.208182","0442","6","0","0","0","0","0","0","0","0","","0","0","0","04","3","0","N","0","0","39 59:03.080","","0","75 12:29.456","0","0","0","0","67301","0","0","0","N","0","0","0","1","68K01","0","","4.0","","9","N","N","N","0","","0","0","0","0","0","","0442","1","0","0","0","0","0","0","2","0","1","0","0","0","7","","","N","","","","","","","","","",""
"2022046784","1810","1","0","0","0","0","0","1","0","0","4","1","","67","5","2022","2","40.009866","-75.166801","1805","6","0","0","0","0","0","0","0","0","","0","0","0","18","1","5","","1","0","40 00:35.518","","0","75 10:00.484","8","0","0","0","67301","0","0","0","N","0","0","0","7","67508","0","","1.0","","1","N","N","Y","0","","0","0","0","3","2","","1805","2","5","0","0","0","5","0","2","0","2","0","0","0","3","03","","N","","","","","","","","","",""
"2022010664","2024","0","0","0","0","0","0","0","0","0","7","0","","67","1","2022","1","39.957277","-75.191181","2022","6","0","0","0","0","0","0","0","0","","0","0","0","20","3","0","","3","0","39 57:26.198","","0","75 11:28.250","0","0","0","0","67301","0","0","0","N","0","0","0","1","67507","0","","5.0","","7","","","N","0","","0","0","1","0","0","","2019","1","0","0","0","0","0","0","2","0","1","0","0","0","3","","","N","","","","","","","","","",""
"2022037462","2258","1","0","0","0","0","0","0","0","0","1","0","","67","3","2022","4","40.032323","-75.021197","2237","6","0","0","0","0","0","1","0","0","","0","0","0","22","3","2","N","0","0","40 01:56.363","","3","75 01:16.309","4","0","0","0","67301","0","0","0","N","0","0","0","2","68K01","2","","1.0","","9","N","N","Y","0","","0","0","0","0","0","","2229","2","2","0","0","0","0","0","2","1","2","0","0","0","7","","","N","","","","","","","","","",""
"2022029155","1615","0","0","0","0","0","0","0","0","0","5","0","","67","3","2022","4","39.912829","-75.192473","1602","6","0","0","0","0","0","0","0","0","","0","0","0","14","1","1","N","0","0","39 54:46.183","","0","75 11:32.903","3","0","0","0","67301","0","0","0","N","0","0","0","3","67301","0","","1.0","","1","N","N","N","1","","1","0","1","0","0","","1448","2","1","0","0","0","0","0","2","0","2","0","0","0","3","","","N","","","","","","","","","",""
"2022019686","1137","0","0","0","0","0","0","0","0","0","4","0","","67","2","2022","2","39.990003","-75.160369","1125","6","0","0","0","0","0","1","0","0","","0","0","0","11","1","0","","1","0","39 59:24.010","","0","75 09:37.328","0","0","0","0","67301","0","0","0","N","0","0","0","2","67301","0","","1.0","","1","N","N","N","0","","0","0","2","3","2","","1115","2","0","0","0","0","0","0","2","0","2","0","0","0","3","03","","N","","","","","","","","","",""
"2022045905","1725","1","0","0","0","0","0","0","0","0","5","0","","67","5","2022","2","39.958194","-75.164089","1720","6","0","0","0","0","0","0","0","0","","0","0","0","17","1","1","N","0","1","39 57:29.500","2","3","75 09:50.720","3","0","0","0","67301","0","0","0","N","0","0","0","3","67301","0","","1.0","1800.0","1","N","N","N","0","","1","0","1","0","0","N","1715","2","1","0","0","0","0","0","2","0","2","0","0","0","3","","","N","","","","","","","","","",""
"2022045221","1910","1","0","0","0","0","0","0","0","0","4","0","","67","5","2022","6","40.006161","-75.090601","1904","6","0","0","0","0","1","0","0","0","","0","0","0","18","1","1","","2","0","40 00:22.179","","0","75 05:26.163","4","0","0","0","67301","0","0","0","N","0","0","0","3","67301","1","","1.0","","1","N","N","N","0","","0","0","1","0","0","","1859","3","1","0","0","0","0","0","2","1","3","0","0","0","3","","","N","","","","","","","","","",""
"2022047796","1038","2","0","0","0","0","0","0","0","0","1","0","","67","5","2022","7","39.993281","-75.141975","1036","6","0","0","0","0","0","0","0","0","","0","0","0","10","1","0","N","0","0","39 59:35.810","","0","75 08:31.110","0","0","0","0","67301","0","0","0","N","0","0","0","3","67301","0","","4.0","","9","N","N","N","0","","0","0","0","0","0","","1034","2","0","0","0","0","0","0","2","0","2","0","0","0","4","04","","N","","","","","","","","","",""
"2022030435","1713","1","0","0","0","0","0","0","0","0","8","0","","67","3","2022","1","40.031278","-75.124322","1659","6","0","0","0","0","0","0","0","0","","0","0","0","11","1","1","N","0","0","40 01:52.600","","0","75 07:27.560","2","0","0","0","67301","1","0","1","N","1","0","1","2","67301","0","","1.0","","1","N","N","N","0","","0","1","0","0","0","","1135","2","1","0","0","0","0","0","2","0","1","1","0","1","3","","","N","","","","","","","","","",""
"2022022990","0930","2","0","0","0","0","0","0","0","0","5","0","","67","3","2022","1","39.954917","-75.191667","0928","6","0","0","0","0","0","1","0","0","","0","0","0","09","1","0","N","0","1","39 57:17.700","2","0","75 11:30.000","0","0","0","0","67301","0","0","0","N","0","0","0","2","67507","0","","1.0","1010.0","9","N","N","Y","0","","0","0","0","0","0","N","0926","2","0","2","0","0","0","0","2","0","2","0","0","0","7","","","N","","","","","","","","","",""
"2022029265","0145","0","0","0","0","0","0","0","0","0","4","0","","67","3","2022","6","40.03098","-75.124369","0140","6","0","0","0","0","0","0","0","0","","0","0","0","00","3","0","","1","0","40 01:51.528","","0","75 07:27.728","0","0","0","0","67301","0","0","0","N","0","0","0","2","67301","0","","1.0","","1","N","N","N","0","","0","0","1","3","2","","0056","2","0","0","0","0","0","0","2","0","2","0","0","0","3","","","N","","","","","","","","","",""
"2022043971","0241","2","0","0","0","0","0","0","0","0","5","0","","67","4","2022","4","39.960834","-75.244249","0237","6","0","0","0","0","0","0","0","0","","0","0","0","02","3","0","N","0","1","39 57:39.002","3","0","75 14:39.298","0","0","0","0","67301","0","0","0","N","0","0","0","1","67301","0","","6.0","338.0","1","N","N","N","0","","0","0","1","0","0","N","0232","3","0","0","0","0","0","0","2","0","3","0","0","0","3","03","","N","","","","","","","","","",""
"2022041703","2353","1","0","0","0","0","0","0","0","0","1","0","","67","4","2022","7","39.954673","-75.194467","2348","6","0","0","0","0","0","0","0","0","","0","0","0","23","3","0","","1","0","39 57:16.822","","0","75 11:40.080","0","0","0","0","67301","0","0","0","N","0","0","0","2","67504","0","","1.0","","1","N","N","N","0","","0","0","1","3","1","","2345","2","0","0","0","0","0","0","2","0","2","0","0","0","3","03","","N","","","","","","","","","",""
"2022029242","2220","1","0","0","0","0","0","0","0","0","1","0","","67","3","2022","2","39.976983","-75.171633","2216","6","0","0","0","0","0","0","0","0","","0","0","0","21","3","1","N","0","0","39 58:37.140","","0","75 10:17.880","3","0","0","1","67301","0","0","0","N","0","0","0","3","67301","0","","6.0","","1","N","N","N","0","","1","0","0","0","0","","2129","2","1","0","0","0","0","0","2","0","2","0","0","0","3","03","","N","","","","","","","","","",""
"2022032906","2139","0","0","0","0","0","0","0","0","0","8","0","","67","4","2022","7","39.960444","-75.241079","2136","6","0","0","0","0","0","0","0","0","","0","0","0","21","3","1","","1","0","39 57:37.599","","0","75 14:27.885","8","0","0","0","67301","1","0","0","N","1","0","0","2","67301","0","","1.0","","1","N","N","N","0","","0","0","0","3","2","","2134","2","1","0","0","0","1","1","2","0","1","1","0","0","3","03","","N","","","","","","","","","",""
"2022047631","1151","0","0","0","0","0","0","0","0","0","2","0","","67","5","2022","7","40.05195","-75.179628","1140","6","0","0","0","0","0","0","0","0","","0","0","0","11","1","1","","1","0","40 03:07.021","","0","75 10:46.660","2","0","0","0","67301","0","0","0","N","0","0","0","2","67301","0","","1.0","","1","N","N","N","0","","0","1","2","3","3","","1119","2","1","0","0","0","0","0","2","0","2","0","0","0","3","","","N","","","","","","","","","",""
"2022030941","1652","5","0","0","0","0","0","0","0","0","4","0","","67","3","2022","4","39.938889","-75.229764","1651","6","0","0","0","0","1","1","0","0","","0","0","0","16","1","3","","1","1","39 56:20.000","3","0","75 13:47.150","3","0","0","0","67301","0","0","0","N","0","0","0","3","67301","1","","1.0","145.0","1","N","N","Y","0","","2","0","2","3","3","Y","1649","7","3","0","0","0","0","0","2","0","7","0","0","0","3","03","","N","","","","","","","","","",""
"2022044336","1914","1","0","0","0","0","0","0","0","0","1","0","","67","4","2022","6","40.022083","-75.037806","1853","6","0","0","0","0","0","0","0","0","","0","0","0","18","1","1","","3","0","40 01:19.500","","1","75 02:16.100","3","0","0","0","67301","0","0","0","N","0","0","0","2","67301","0","","1.0","","1","N","N","N","1","","1","0","0","3","2","","1849","2","1","0","0","0","0","0","2","0","2","0","0","0","3","03","","N","","","","","","","","","",""
"2022020419","1952","1","0","0","0","0","0","0","0","0","8","0","","67","2","2022","5","39.879331","-75.242686","1950","6","0","0","0","0","0","0","0","0","","0","0","0","19","3","1","N","0","0","39 52:45.590","","0","75 14:33.670","2","0","0","0","67301","1","0","1","N","1","0","1","2","67301","0","","1.0","","1","N","N","N","0","","0","1","0","0","0","","1948","2","1","0","0","0","0","0","2","0","1","1","0","1","3","03","","N","","","","","","","","","",""
"2022019671","1945","2","0","0","0","0","0","0","0","0","4","0","","67","2","2022","4","40.014653","-75.156684","1945","6","0","0","0","0","0","0","0","0","","0","0","0","19","3","7","","1","1","40 00:52.752","1","0","75 09:24.063","3","0","0","0","67301","0","0","0","N","0","0","0","7","67301","0","","1.0","2145.0","1","N","N","N","0","","7","0","0","3","2","Y","1942","2","7","0","0","0","0","0","2","0","2","0","0","0","3","03","","N","","","","","","","","","",""
"2022029169","2204","1","0","0","0","0","0","0","0","0","4","0","","67","3","2022","6","39.917737","-75.157694","2158","6","0","0","1","0","0","0","0","0","","0","0","0","21","3","0","","1","2","39 55:03.853","3","0","75 09:27.698","0","0","0","0","67301","0","0","0","N","0","0","0","2","67301","0","","1.0","2204.0","99","N","N","N","0","","0","0","1","3","3","Y","2155","2","0","0","0","0","0","0","2","0","2","0","0","0","3","","","N","","","","","","","","","",""
"2022053205","0655","2","0","0","0","0","0","0","0","0","1","0","","67","5","2022","2","39.982996","-75.175698","0655","6","0","0","0","0","0","0","0","0","","0","0","0","06","1","1","N","0","0","39 58:58.785","","0","75 10:32.512","4","0","0","0","67301","0","0","0","N","0","0","0","3","67301","1","","1.0","","1","N","N","N","0","","0","0","0","3","2","","0654","2","1","0","0","0","0","0","2","0","2","0","0","0","4","04","","N","","","","","","","","","",""
"2022043933","0059","1","0","0","0","0","0","0","0","0","4","0","","67","4","2022","7","40.02773","-75.10997","0053","6","0","0","0","0","0","0","0","0","","0","0","0","00","3","0","","5","1","40 01:39.827","6","0","75 06:35.893","0","0","0","0","67301","0","0","0","N","0","0","0","2","67301","0","","1.0","140.0","1","N","N","Y","1","","0","0","1","3","2","N","0043","3","0","0","0","0","0","0","2","0","3","0","0","0","3","03","","N","","","","","","","","","",""
"2022020747","1350","0","0","0","0","0","0","0","0","0","1","0","","67","2","2022","2","40.0317","-75.102797","1355","6","0","0","0","0","0","0","0","0","","0","0","0","13","1","0","N","0","1","40 01:54.120","4","0","75 06:10.070","0","0","0","0","67301","0","0","0","N","0","0","0","2","67301","0","","1.0","1430.0","1","N","N","N","0","","0","0","0","0","0","N","1300","2","0","0","0","0","0","0","2","2","2","0","0","0","3","03","","N","","","","","","","","","",""
"2022038287","0807","0","0","0","0","0","0","0","0","0","1","0","","67","4","2022","2","39.962408","-75.139718","0756","6","0","0","0","0","0","1","0","0","","0","0","0","07","1","1","N","0","0","39 57:44.669","","0","75 08:22.983","4","0","0","0","67301","0","0","0","N","0","0","0","3","68K01","1","","1.0","","1","N","N","N","1","","0","0","2","0","0","","0753","3","1","0","0","0","0","0","2","0","3","0","0","0","3","03","","N","","","","","","","","","",""
"2022043671","0104","0","0","0","0","0","0","0","0","0","5","0","","67","4","2022","6","39.982708","-75.207811","0104","6","0","0","0","0","0","1","0","0","","0","0","0","01","3","0","N","0","0","39 58:57.747","","0","75 12:28.118","9","0","0","0","67301","0","0","0","N","0","0","0","2","68Z99","0","","1.0","","9","N","N","N","0","","0","0","1","0","0","","0103","2","0","1","0","0","0","2","2","0","2","0","0","0","7","","","N","","","","","","","","","",""
"2022015810","2320","1","0","0","0","0","0","0","0","0","7","0","","67","2","2022","4","40.00455","-75.132264","2320","6","0","0","0","0","0","0","0","0","","0","0","0","21","3","0","N","0","0","40 00:16.380","","0","75 07:56.150","9","0","0","0","67301","0","0","0","N","0","0","0","1","67301","0","","5.0","","1","N","N","Y","0","","0","0","0","0","0","","2149","1","0","0","0","0","0","1","2","0","1","0","0","0","3","03","","N","","","","","","","","","",""
"2022016152","1055","1","0","0","0","0","0","0","0","0","4","0","","67","2","2022","6","39.885164","-75.250086","1055","6","0","0","0","0","0","0","0","0","","0","0","0","08","1","1","","2","0","39 53:06.592","","0","75 15:00.311","4","0","0","0","67301","0","0","0","N","0","0","0","2","67301","1","","1.0","","99","N","N","N","0","","0","0","1","3","1","","0815","2","1","0","0","0","0","1","2","0","2","0","0","0","3","03","","N","","","","","","","","","",""
"2022053012","2104","0","0","0","0","0","0","0","0","0","4","0","","67","5","2022","7","40.069172","-75.007253","2100","6","0","0","0","0","0","0","0","0","","1","0","0","20","3","0","","1","2","40 04:09.018","7","0","75 00:26.111","1","1","0","1","67301","0","0","0","N","0","0","0","3","67301","0","2","1.0","130.0","1","N","N","N","0","0","0","0","1","3","2","Y","2059","2","0","1","0","0","0","0","2","0","2","0","0","0","3","03","","N","","","","","","","","","",""
"2022046717","0438","1","0","0","0","0","0","0","0","0","5","0","","67","3","2022","7","39.922962","-75.191238","0416","6","0","0","0","0","0","0","0","0","","0","0","0","04","3","0","N","0","0","39 55:22.663","","2","75 11:28.455","9","0","0","0","67301","0","0","0","N","0","0","0","2","68K01","0","","1.0","","1","N","N","N","0","","0","0","0","0","0","","0403","2","0","0","0","0","0","1","2","0","2","0","0","0","3","","","N","","","","","","","","","",""
"2022029997","0112","1","0","0","0","0","0","0","0","0","1","0","","67","3","2022","1","39.942428","-75.150633","0110","6","0","0","0","0","0","0","0","0","","0","0","0","01","3","2","N","0","0","39 56:32.740","","0","75 09:02.280","4","0","0","0","67301","0","0","0","N","0","0","0","4","67301","2","","6.0","","9","N","N","Y","0","","0","0","2","0","0","","0100","3","2","0","0","0","0","0","2","0","3","0","0","0","4","07","","N","","","","","","","","","",""