"CRN","ARRIVAL_TM","AUTOMOBILE_COUNT","BELTED_DEATH_COUNT","BELTED_SUSP_SERIOUS_INJ_COUNT","BICYCLE_COUNT","BICYCLE_DEATH_COUNT","BICYCLE_SUSP_SERIOUS_INJ_COUNT","BUS_COUNT","CHLDPAS_DEATH_COUNT","CHLDPAS_SUSP_SERIOUS_INJ_COUNT","COLLISION_TYPE","COMM_VEH_COUNT","CONS_ZONE_SPD_LIM","COUNTY","CRASH_MONTH","CRASH_YEAR","DAY_OF_WEEK","DEC_LATITUDE","DEC_LONGITUDE","DISPATCH_TM","DISTRICT","DRIVER_COUNT_16YR","DRIVER_COUNT_17YR","DRIVER_COUNT_18YR","DRIVER_COUNT_19YR","DRIVER_COUNT_20YR","DRIVER_COUNT_50_64YR","DRIVER_COUNT_65_74YR","DRIVER_COUNT_75PLUS","EST_HRS_CLOSED","FATAL_COUNT","HEAVY_TRUCK_COUNT","HORSE_BUGGY_COUNT","HOUR_OF_DAY","ILLUMINATION","INJURY_COUNT","INTERSECTION_RELATED","INTERSECT_TYPE","LANE_CLOSED","LATITUDE","LN_CLOSE_DIR","LOCATION_TYPE","LONGITUDE","MAX_SEVERITY_LEVEL","MCYCLE_DEATH_COUNT","MCYCLE_SUSP_SERIOUS_INJ_COUNT","MOTORCYCLE_COUNT","MUNICIPALITY","NONMOTR_COUNT","NONMOTR_DEATH_COUNT","NONMOTR_SUSP_SERIOUS_INJ_COUNT","NTFY_HIWY_MAINT","PED_COUNT","PED_DEATH_COUNT","PED_SUSP_SERIOUS_INJ_COUNT","PERSON_COUNT","POLICE_AGCY","POSSIBLE_INJ_COUNT","RDWY_SURF_TYPE_CD","RELATION_TO_ROAD","ROADWAY_CLEARED","ROAD_CONDITION","SCH_BUS_IND","SCH_ZONE_IND","SECONDARY_CRASH","SMALL_TRUCK_COUNT","SPEC_JURIS_CD","SUSP_MINOR_INJ_COUNT","SUSP_SERIOUS_INJ_COUNT","SUV_COUNT","TCD_FUNC_CD","TCD_TYPE","TFC_DETOUR_IND","TIME_OF_DAY","TOTAL_UNITS","TOT_INJ_COUNT","UNBELTED_OCC_COUNT","UNB_DEATH_COUNT","UNB_SUSP_SERIOUS_INJ_COUNT","UNK_INJ_DEG_COUNT","UNK_INJ_PER_COUNT","URBAN_RURAL","VAN_COUNT","VEHICLE_COUNT","VULNERABLE_ROAD_USER_COUNT","VULNERABLE_ROAD_USER_DEATH_COUNT","VULNERABLE_ROAD_USER_SER_INJ_COUNT","WEATHER1","WEATHER2","WORKERS_PRES","WORK_ZONE_IND","WORK_ZONE_LOC","WORK_ZONE_TYPE","WZ_CLOSE_DETOUR","WZ_FLAGGER","WZ_LAW_OFFCR_IND","WZ_LN_CLOSURE","WZ_MOVING","WZ_OTHER","WZ_SHLDER_MDN","WZ_WORKERS_INJ_KILLED"
"2022048194","0728","0","0","0","0","0","0","0","0","0","7","0","","67","5","2022","5","39.889087","-75.202026","0718","6","0","0","0","0","0","0","0","0","","0","0","0","07","1","1","N","0","1","39 53:20.713","1","3","75 12:07.292","3","0","0","0","67301","0","0","0","N","0","0","0","1","68K01","0","","2.0","800.0","1","N","N","N","1","","1","0","0","0","0","N","0717","1","1","1","0","0","0","0","2","0","1","0","0","0","3","03","","N","","","","","","","","","",""
"2022029337","1812","1","0","0","0","0","0","0","0","0","5","0","","67","3","2022","2","40.023631","-75.179361","1805","6","0","0","0","0","0","0","0","1","","0","0","0","17","1","2","N","0","0","40 01:25.073","","0","75 10:45.700","3","0","0","0","67301","0","0","0","N","0","0","0","2","67301","0","","1.0","","1","N","N","N","0","","2","0","2","0","0","","1750","3","2","0","0","0","0","0","2","0","3","0","0","0","3","","","N","","","","","","","","","",""
"2022032854","0840","2","0","0","0","0","0","0","0","0","5","0","","67","4","2022","6","39.968651","-75.159989","0835","6","0","0","0","0","0","1","0","0","","0","0","0","08","1","1","N","0","0","39 58:07.145","","0","75 09:35.961","4","0","0","0","67301","0","0","0","N","0","0","0","2","67301","1","","1.0","","1","N","N","N","0","","0","0","0","0","0","","0828","2","1","0","0","0","0","0","2","0","2","0","0","0","4","04","","N","","","","","","","","","",""
"2022041385","1539","0","0","0","0","0","0","0","0","0","1","0","","67","4","2022","6","40.038329","-75.009801","1524","6","0","0","0","0","0","1","0","0","","0","0","0","15","1","1","N","0","2","40 02:17.984","1","0","75 00:35.283","8","0","0","0","67301","0","0","0","N","0","0","0","2","68K01","0","","1.0","1600.0","1","N","N","N","1","","0","0","1","0","0","N","1522","2","1","0","0","0","1","0","2","0","2","0","0","0","3","03","","N","","","","","","","","","",""
"2022044002","1900","2","0","0","0","0","0","0","0","0","4","0","","67","5","2022","6","39.993686","-75.159572","1852","6","0","0","0","0","0","0","0","0","","0","0","0","18","1","0","N","0","0","39 59:37.270","","0","75 09:34.460","9","0","0","0","67301","0","0","0","N","0","0","0","2","67301","0","","1.0","","9","N","N","N","0","","0","0","0","0","0","","1826","2","0","1","0","0","0","1","2","0","2","0","0","0","7","04","","N","","","","","","","","","",""
"2022020136","0415","2","0","0","0","0","0","0","0","0","4","0","","67","2","2022","2","39.951071","-75.165615","0400","6","0","0","0","0","0","0","0","0","","0","0","0","04","3","0","","1","0","39 57:03.854","","0","75 09:56.214","9","0","0","0","67301","0","0","0","N","0","0","0","2","67301","0","","1.0","","1","N","N","N","0","","0","0","0","3","2","","0400","2","0","0","0","0","0","1","2","0","2","0","0","0","3","03","","N","","","","","","","","","",""
"2022024382","0024","0","0","0","0","0","0","0","0","0","4","0","","67","3","2022","5","40.043212","-75.227469","0022","6","0","0","0","0","0","0","0","0","","0","0","0","00","3","0","","2","0","40 02:35.563","","0","75 13:38.889","9","0","0","0","67301","0","0","0","N","0","0","0","1","67301","0","","1.0","","1","N","N","N","0","","0","0","2","3","3","","0015","2","0","0","0","0","0","1","2","0","2","0","0","0","3","03","","N","","","","","","","","","",""
"2022021789","1344","1","0","0","0","0","0","0","0","0","1","0","55","67","2","2022","1","39.967469","-75.13264","1327","6","0","0","0","0","0","1","0","0","","0","0","0","13","1","1","N","0","1","39 58:02.890","2","3","75 07:57.505","8","0","0","0","67301","0","0","0","N","0","0","0","3","68K01","0","","1.0","1335.0","1","N","N","Y","0","","0","0","2","0","0","N","1316","3","1","0","0","0","1","1","2","0","3","0","0","0","3","","N","Y","5","1","","","N","Y","","","","N"
"2022043678","0011","0","0","0","0","0","0","0","0","0","7","1","","67","4","2022","4","39.983133","-75.207976","0011","6","0","0","0","0","0","0","0","0","","0","1","0","00","3","0","N","0","2","39 58:59.278","4","0","75 12:28.712","0","0","0","0","67301","0","0","0","N","0","0","0","1","68K01","0","","2.0","120.0","9","N","N","N","0","","0","0","0","0","0","N","0010","1","0","0","0","0","0","0","2","0","1","0","0","0","7","","","N","","","","","","","","","",""
"2022017262","0905","1","0","0","0","0","0","0","0","0","4","0","","67","2","2022","1","39.981602","-75.251065","0905","6","0","0","0","0","0","1","0","0","","0","0","0","11","1","1","","1","0","39 58:53.767","","0","75 15:03.834","4","0","0","0","67301","0","0","0","N","0","0","0","2","67301","1","","1.0","","1","N","N","N","0","","0","0","1","3","2","","1130","2","1","1","0","0","0","1","2","0","2","0","0","0","3","03","","N","","","","","","","","","",""
"2022043967","0737","2","0","0","0","0","0","0","0","0","4","0","","67","3","2022","4","39.955058","-75.229782","0737","6","0","0","0","0","0","0","0","0","","0","0","0","07","1","2","","1","0","39 57:18.208","","0","75 13:47.215","3","0","0","0","67301","0","0","0","N","0","0","0","3","67301","0","","1.0","","1","N","N","N","0","","2","0","2","3","2","","0737","4","2","0","0","0","0","0","2","0","4","0","0","0","3","03","","N","","","","","","","","","",""
"2022050901","2018","2","0","0","0","0","0","0","0","0","1","0","","67","4","2022","2","39.987539","-75.089635","1947","6","0","0","0","0","0","0","0","0","","0","0","0","19","3","1","N","0","1","39 59:15.142","1","0","75 05:22.687","4","0","0","0","67301","0","0","0","N","0","0","0","3","68K01","1","","1.0","905.0","8","N","N","Y","0","","0","0","0","0","0","Y","1945","3","1","0","0","0","0","0","2","0","2","0","0","0","7","","","N","","","","","","","","","",""
"2022050603","1354","4","0","0","0","0","0","0","0","0","2","0","","67","5","2022","3","40.062754","-75.05766","1354","6","0","0","0","0","0","0","0","1","","0","0","0","13","1","2","","1","0","40 03:45.914","","0","75 03:27.576","3","0","0","0","67301","0","0","0","N","0","0","0","4","67301","0","","1.0","","1","N","N","N","0","","1","0","0","3","3","","1354","4","2","4","0","0","1","1","2","0","4","0","0","0","3","03","","N","","","","","","","","","",""
"2022029208","2210","3","0","0","0","0","0","0","0","0","5","0","","67","3","2022","7","40.057486","-75.170183","2205","6","0","0","0","0","0","0","0","0","","0","0","0","22","3","1","N","0","0","40 03:26.950","","0","75 10:12.660","3","0","0","0","67301","0","0","0","N","0","0","0","1","67301","0","","6.0","","9","N","N","N","0","","1","0","0","0","0","","2200","3","1","0","0","0","0","0","2","0","3","0","0","0","7","","","N","","","","","","","","","",""
"2022035758","0053","2","0","0","0","0","0","0","0","0","5","0","","67","3","2022","7","39.992336","-75.201315","0044","6","0","0","0","0","0","1","0","0","","0","0","0","00","3","0","N","0","0","39 59:32.408","","0","75 12:04.734","0","0","0","0","67301","0","0","0","N","0","0","0","2","68K01","0","","1.0","","1","N","N","N","0","","0","0","0","0","0","","0036","2","0","0","0","0","0","0","2","0","2","0","0","0","3","03","","N","","","","","","","","","",""
"2022019626","2353","2","0","0","0","0","0","0","0","0","1","0","","67","2","2022","5","39.95075","-75.24125","2348","6","0","0","0","0","0","0","0","0","","0","0","0","22","3","0","N","0","2","39 57:02.700","2","0","75 14:28.500","0","0","0","0","67301","0","0","0","N","0","0","0","1","67301","0","","6.0","715.0","9","N","N","N","0","","0","0","0","0","0","N","2250","3","0","0","0","0","0","0","2","0","3","0","0","0","7","07","","N","","","","","","","","","",""
"2022019595","1545","2","0","0","0","0","0","0","0","0","5","0","","67","2","2022","6","40.0144","-75.064781","1531","6","0","0","0","0","0","1","0","0","","0","0","0","15","1","1","N","0","0","40 00:51.840","","0","75 03:53.210","3","0","0","0","67301","0","0","0","N","0","0","0","1","67301","0","","6.0","","1","N","N","N","0","","1","0","1","0","0","","1516","3","1","0","0","0","0","0","2","0","3","0","0","0","3","","","N","","","","","","","","","",""
"2022031332","2248","1","0","0","0","0","0","0","0","0","1","0","","67","3","2022","4","39.952054","-75.185946","2238","6","0","0","0","0","0","0","0","0","","0","0","0","22","3","1","N","0","0","39 57:07.395","","1","75 11:09.404","3","0","0","0","67301","0","0","0","N","0","0","0","2","67301","0","","1.0","","9","N","N","N","0","","1","0","1","0","0","","2218","2","1","0","0","0","0","0","2","0","2","0","0","0","7","07","","N","","","","","","","","","",""
"2022048298","1401","1","0","0","0","0","0","0","0","0","8","0","","67","5","2022","1","40.000612","-75.169762","1349","6","0","0","0","0","0","0","0","0","","0","0","0","13","1","1","","1","0","40 00:02.203","","0","75 10:11.143","3","0","0","0","67301","1","0","0","N","1","0","0","2","67301","0","","1.0","","1","N","N","N","0","","1","0","0","0","0","","1340","2","1","0","0","0","0","0","2","0","1","1","0","0","3","","","N","","","","","","","","","",""
"2022060018","","1","0","0","0","0","0","0","0","0","4","0","","67","6","2022","2","39.924094","-75.245492","","6","0","0","0","0","0","0","0","0","","0","0","0","00","3","3","","1","0","39 55:26.737","","0","75 14:43.771","8","0","0","0","67301","0","0","0","N","0","0","0","4","00000","0","","1.0","","1","","","N","0","","0","0","0","3","2","","0050","2","3","0","0","0","3","0","2","0","2","0","0","0","3","","","N","","","","","","","","","",""
"2022061258","0240","3","0","0","0","0","0","0","0","0","4","0","","67","6","2022","4","39.954827","-75.227976","0237","6","0","0","0","1","0","0","0","0","","0","0","0","02","3","3","","1","0","39 57:17.376","","0","75 13:40.714","4","0","0","0","67301","0","0","0","N","0","0","0","3","67301","3","","4.0","","1","N","N","N","0","","0","0","0","3","1","","0229","3","3","2","0","0","0","0","2","0","3","0","0","0","3","03","","N","","","","","","","","","",""
"2022014173","0212","1","0","0","0","0","0","0","0","0","4","0","","67","2","2022","1","39.951814","-75.184058","0210","6","0","0","0","0","0","0","0","0","","0","0","0","02","3","1","","2","0","39 57:06.529","","3","75 11:02.607","3","0","0","0","67301","0","0","0","N","0","0","0","4","67504","0","","1.0","","1","N","N","N","0","","1","0","1","3","2","","0210","2","1","0","0","0","0","0","2","0","2","0","0","0","3","03","","N","","","","","","","","","",""
"2022075771","1538","1","0","0","0","0","0","1","0","0","1","1","","67","8","2022","2","40.008863","-75.068589","1511","6","0","0","0","0","0","1","0","0","","0","0","0","14","1","0","N","0","0","40 00:31.908","","3","75 04:06.920","9","0","0","0","67301","0","0","0","N","0","0","0","7","67301","0","","1.0","","1","N","N","N","1","","0","0","1","0","0","","1429","4","0","0","0","0","0","1","2","0","4","0","0","0","3","","","N","","","","","","","","","",""
"2022077112","2105","0","0","0","0","0","0","0","0","0","1","0","","67","6","2022","1","39.951876","-75.142843","2101","6","0","0","0","0","0","0","0","0","","0","0","0","21","3","1","N","0","1","39 57:06.753","4","0","75 08:34.234","3","0","0","0","67301","0","0","0","N","0","0","0","1","67301","0","","6.0","2218.0","1","N","N","N","0","","1","0","3","0","0","N","2100","3","1","0","0","0","0","0","2","0","3","0","0","0","3","03","","N","","","","","","","","","",""
"2022026233","1910","1","0","0","0","0","0","0","0","0","5","0","","67","3","2022","1","40.072967","-74.982486","1859","6","0","0","0","0","0","0","0","0","","0","0","0","18","3","1","N","0","0","40 04:22.680","","0","74 58:56.950","8","0","0","0","67301","0","0","0","N","0","0","0","1","67301","0","","6.0","","1","N","N","N","0","","0","0","3","0","0","","1855","5","1","0","0","0","1","0","2","1","5","0","0","0","3","03","","N","","","","","","","","","",""
"2022047167","1200","1","0","0","0","0","0","0","0","0","7","1","","67","5","2022","2","40.117867","-74.992464","1149","6","0","0","0","0","0","0","0","0","","0","1","0","11","1","1","N","0","2","40 07:04.320","6","0","74 59:32.870","8","0","0","0","67301","0","0","0","N","0","0","0","2","67301","0","","1.0","1250.0","1","N","N","N","0","","0","0","0","0","0","Y","1140","2","1","0","0","0","1","0","2","0","2","0","0","0","4","04","","N","","","","","","","","","",""
"2022020703","2000","1","0","0","0","0","0","0","0","0","4","0","","67","2","2022","5","39.97756","-75.210906","2000","6","0","0","0","0","0","1","0","0","","0","0","0","16","1","1","","1","0","39 58:39.216","","0","75 12:39.261","8","0","0","0","67301","0","0","0","N","0","0","0","2","67301","0","","1.0","","1","N","N","N","0","","0","0","1","3","3","","1600","2","1","0","0","0","1","1","2","0","2","0","0","0","3","","","N","","","","","","","","","",""
"2022044005","0026","1","0","0","0","0","0","0","0","0","8","0","","67","1","2022","6","39.995803","-75.117153","0024","6","0","0","0","0","0","0","0","0","","0","0","0","00","2","1","N","0","0","39 59:44.890","","0","75 07:01.750","2","0","0","0","67301","1","0","1","N","1","0","1","3","67301","0","","1.0","","1","N","N","N","0","","0","1","0","0","0","","0023","2","1","2","0","0","0","0","2","0","1","1","0","1","3","","","N","","","","","","","","","",""
"2022024930","0040","1","0","0","0","0","0","0","0","0","4","0","","67","3","2022","6","39.957321","-75.152234","0036","6","0","0","0","0","0","0","0","0","","0","0","0","00","3","0","","1","0","39 57:26.357","","2","75 09:08.042","0","0","0","0","67301","0","0","0","N","0","0","0","2","67301","0","","1.0","","1","N","N","N","0","","0","0","1","3","2","","0032","2","0","0","0","0","0","0","2","0","2","0","0","0","3","03","","N","","","","","","","","","",""
"2022046792","1515","1","0","0","0","0","0","1","0","0","5","1","","67","4","2022","6","40.032357","-75.072405","1510","6","0","0","0","0","0","0","0","0","","0","0","0","15","1","1","N","0","0","40 01:56.485","","0","75 04:20.659","8","0","0","0","67301","0","0","0","N","0","0","0","2","67508","0","","1.0","","1","N","N","Y","0","","0","0","0","0","0","","1510","2","1","0","0","0","1","0","2","0","2","0","0","0","3","03","","N","","","","","","","","","",""
"2022029159","2000","1","0","0","0","0","0","0","0","0","4","0","","67","3","2022","6","40.055077","-75.048496","1952","6","0","1","0","0","0","0","0","0","","0","0","0","19","3","1","","2","0","40 03:18.277","","0","75 02:54.587","3","0","0","0","67301","0","0","0","N","0","0","0","2","67301","0","","1.0","","1","N","N","N","0","","1","0","1","3","2","","1945","2","1","0","0","0","0","0","2","0","2","0","0","0","3","","","N","","","","","","","","","",""
"2022035393","2005","1","0","0","0","0","0","0","0","0","4","0","","67","4","2022","4","39.977974","-75.152589","2003","6","0","0","0","0","0","1","0","0","","0","0","0","20","3","3","","1","0","39 58:40.705","","0","75 09:09.321","3","0","0","0","67301","0","0","0","N","0","0","0","4","67505","0","","1.0","","1","N","N","N","0","","3","0","0","3","2","","2000","2","3","1","0","0","0","0","2","1","2","0","0","0","3","03","","N","","","","","","","","","",""
"2022024250","1659","1","0","0","0","0","0","0","0","0","4","0","","67","3","2022","6","40.027588","-75.087103","1659","6","0","0","0","0","0","1","0","0","","0","0","0","15","1","1","","1","0","40 01:39.316","","0","75 05:13.570","3","0","0","0","67301","0","0","0","N","0","0","0","2","67301","0","","1.0","","1","N","N","N","1","","1","0","0","3","3","","1548","2","1","2","0","0","0","0","2","0","2","0","0","0","3","03","","N","","","","","","","","","",""
"2022043835","1610","1","0","0","0","0","0","0","0","0","4","0","","67","1","2022","4","40.122413","-74.99892","1600","6","0","1","0","0","0","0","0","0","","0","0","0","15","1","1","","2","1","40 07:20.686","6","0","74 59:56.111","3","0","0","0","67301","0","0","0","N","0","0","0","2","67301","0","","1.0","1640.0","1","N","N","N","0","","1","0","0","3","3","N","1555","2","1","0","0","0","0","0","2","1","2","0","0","0","3","","","N","","","","","","","","","",""
"2022037471","0207","2","0","0","0","0","0","0","0","0","1","0","","67","3","2022","1","39.934928","-75.199829","0145","6","0","0","0","0","0","1","0","0","","0","0","0","01","3","3","N","0","1","39 56:05.741","4","0","75 11:59.385","4","0","0","0","67301","0","0","0","N","0","0","0","4","68K01","3","","1.0","240.0","1","N","N","N","0","","0","0","1","0","0","Y","0143","4","3","0","0","0","0","1","2","0","4","0","0","0","3","","","N","","","","","","","","","",""
"2022045946","0249","1","0","0","0","0","0","0","0","0","4","0","","67","5","2022","2","40.030629","-75.166178","0249","6","0","0","0","0","0","2","0","0","","0","0","0","02","3","1","","2","9","40 01:50.265","","0","75 09:58.242","8","0","0","0","67301","0","0","0","N","0","0","0","2","67301","0","","1.0","","1","N","N","N","1","","0","0","0","3","3","","0249","2","1","0","0","0","1","0","2","0","2","0","0","0","3","03","","N","","","","","","","","","",""
"2022029246","1530","1","0","0","0","0","0","0","0","0","4","0","","67","3","2022","4","39.977607","-75.160654","1525","6","0","0","1","0","0","0","1","0","","0","0","0","15","1","1","","1","0","39 58:39.385","","0","75 09:38.355","8","0","0","0","67301","0","0","0","N","0","0","0","3","67301","0","","1.0","","9","N","N","N","0","","0","0","1","3","3","","1523","2","1","0","0","0","1","0","2","0","2","0","0","0","7","04","","N","","","","","","","","","",""
"2022030794","1137","1","0","0","0","0","0","0","0","0","1","0","","67","3","2022","1","39.943805","-75.222792","1137","6","0","0","0","0","0","0","0","0","","0","0","0","11","1","0","","1","0","39 56:37.698","","0","75 13:22.051","0","0","0","0","67301","0","0","0","N","0","0","0","3","67301","0","","1.0","","1","N","N","N","0","","0","0","2","3","2","","1137","3","0","3","0","0","0","0","2","0","3","0","0","0","3","03","","N","","","","","","","","","",""
"2022025305","1430","2","0","0","0","0","0","0","0","0","4","0","","67","3","2022","7","39.979851","-75.142873","1430","6","0","0","0","0","0","1","0","0","","0","0","0","03","3","1","","1","0","39 58:47.465","","0","75 08:34.342","3","0","0","0","67301","0","0","0","N","0","0","0","2","67301","0","","1.0","","99","N","N","N","0","","1","0","0","3","2","","0300","2","1","0","0","0","0","0","2","0","2","0","0","0","99","","","N","","","","","","","","","",""
"2022026843","0425","1","0","0","0","0","0","0","0","0","4","0","","67","3","2022","2","39.921054","-75.224167","0417","6","0","0","0","0","1","0","0","0","","0","0","0","04","3","11","","1","2","39 55:15.795","4","0","75 13:27.001","2","0","0","0","67301","0","0","0","N","0","0","0","12","67301","0","","1.0","100.0","1","N","N","N","0","","10","1","1","3","2","N","0414","3","11","0","0","0","0","0","2","1","3","0","0","0","3","03","","N","","","","","","","","","",""
"2022049283","1500","1","0","0","0","0","0","0","0","0","4","0","","67","5","2022","5","40.071026","-75.201044","1554","6","0","0","0","0","0","0","1","1","","0","0","0","14","1","1","N","0","0","40 04:15.692","","0","75 12:03.760","8","0","0","0","67301","0","0","0","N","0","0","0","2","67301","0","","1.0","","1","N","N","N","0","","0","0","1","0","0","","1430","2","1","0","0","0","1","0","2","0","2","0","0","0","3","03","","N","","","","","","","","","",""
"2022046601","0459","0","0","0","0","0","0","0","0","0","7","0","","67","4","2022","5","39.978396","-75.202353","0449","6","0","0","0","0","0","0","0","0","","0","0","0","04","3","1","N","0","2","39 58:42.227","4","0","75 12:08.472","8","0","0","0","67301","0","0","0","N","0","0","0","1","68K01","0","","2.0","530.0","1","N","N","N","0","","0","0","1","0","0","Y","0441","1","1","0","0","0","1","0","2","0","1","0","0","0","3","03","","N","","","","","","","","","",""
"2022043872","1645","1","0","0","0","0","0","0","0","0","4","0","","67","4","2022","5","39.93125","-75.226222","1645","6","0","0","0","0","0","0","0","0","","0","0","0","00","3","1","N","0","0","39 55:52.500","","7","75 13:34.400","8","0","0","0","67301","0","0","0","N","0","0","0","2","67301","0","","1.0","","1","N","N","N","0","","0","0","1","0","0","","0004","2","1","0","0","0","1","0","2","0","2","0","0","0","3","03","","N","","","","","","","","","",""
"2022033151","0100","3","0","0","0","0","0","0","0","0","1","0","","67","3","2022","5","40.025803","-75.181846","1244","6","0","0","0","0","0","0","0","0","","0","0","0","23","3","0","N","0","0","40 01:32.889","","0","75 10:54.647","0","0","0","0","67301","0","0","0","N","0","0","0","1","67301","0","","6.0","","9","N","N","N","0","","0","0","0","0","0","","2334","3","0","0","0","0","0","0","2","0","3","0","0","0","7","","","N","","","","","","","","","",""
"2022016357","0152","1","0","0","0","0","0","0","0","0","1","0","","67","2","2022","1","40.056566","-75.04655","0148","6","0","0","0","0","0","0","0","0","","0","0","0","01","3","2","","1","1","40 03:23.636","1","0","75 02:47.581","3","0","0","0","67301","0","0","0","N","0","0","0","2","67301","1","","1.0","230.0","9","N","N","N","0","","1","0","1","3","2","N","0145","2","2","0","0","0","0","0","2","0","2","0","0","0","6","09","","N","","","","","","","","","",""
"2022020750","1515","0","0","0","0","0","0","0","0","0","8","0","","67","2","2022","2","40.021142","-75.121003","1549","6","0","0","0","0","0","0","0","0","","0","0","0","15","1","1","N","0","0","40 01:16.110","","0","75 07:15.610","3","0","0","0","67301","1","0","0","N","1","0","0","2","67301","0","","1.0","","1","N","Y","N","1","","1","0","0","0","0","","1500","2","1","0","0","0","0","0","2","0","1","1","0","0","3","03","","N","","","","","","","","","",""
"2022026652","0008","2","0","0","0","0","0","0","0","0","7","0","","67","3","2022","3","39.980539","-75.117901","0005","6","0","0","0","0","0","0","0","0","","0","0","0","23","3","0","N","0","1","39 58:49.942","2","0","75 07:04.445","0","0","0","0","67301","0","0","0","N","0","0","0","1","67301","0","","4.0","20.0","1","N","N","N","0","","0","0","0","0","0","N","2333","2","0","0","0","0","0","0","2","0","2","0","0","0","3","03","","N","","","","","","","","","",""
"2022029971","1520","3","0","0","0","0","0","0","0","0","4","0","","67","3","2022","6","39.924922","-75.164195","1519","6","0","0","0","0","0","0","0","1","","0","0","0","15","1","3","","1","0","39 55:29.719","","0","75 09:51.102","4","0","0","0","67301","0","0","0","N","0","0","0","3","67301","3","","1.0","","1","N","N","Y","0","","0","0","1","3","3","","1515","5","3","0","0","0","0","0","2","1","5","0","0","0","3","03","","N","","","","","","","","","",""
"2022021304","0038","2","0","0","0","0","0","0","0","0","7","0","","67","2","2022","2","40.02292","-75.148154","0036","6","0","0","0","0","0","0","0","0","","0","0","0","00","3","0","","5","1","40 01:22.512","1","0","75 08:53.354","0","0","0","0","67301","0","0","0","N","0","0","0","1","67301","0","","3.0","1238.0","1","N","N","N","0","","0","0","0","3","2","N","0020","2","0","0","0","0","0","0","2","0","2","0","0","0","3","","","N","","","","","","","","","",""
"2022043691","0153","1","0","0","0","0","0","0","0","0","5","0","","67","4","2022","1","39.945169","-75.142409","0146","6","0","0","0","0","0","0","0","0","","0","0","0","01","3","0","N","0","0","39 56:42.609","","0","75 08:32.673","0","0","0","0","67301","0","0","0","N","0","0","0","3","68K01","0","","1.0","","9","N","N","N","0","","0","0","0","0","0","","0140","2","0","0","0","0","0","0","2","0","2","0","0","0","7","","","N","","","","","","","","","",""
"2022020800","1026","1","0","0","0","0","0","0","0","0","2","0","","67","2","2022","1","39.980113","-75.233238","1001","6","0","0","0","0","0","0","1","0","","0","0","0","09","1","0","N","0","0","39 58:48.408","","0","75 13:59.658","0","0","0","0","67301","0","0","0","N","0","0","0","2","67301","0","","1.0","","1","N","N","N","0","","0","0","1","0","0","","0944","2","0","0","0","0","0","0","2","0","2","0","0","0","3","03","","N","","","","","","","","","",""
"2022038525","2108","2","0","0","0","0","0","0","0","0","5","0","","67","4","2022","5","39.908848","-75.149397","2104","6","0","0","0","0","0","0","0","0","","0","0","0","21","3","0","N","0","1","39 54:31.851","2","0","75 08:57.830","0","0","0","0","67301","0","0","0","N","0","0","0","2","68K01","0","","1.0","2138.0","9","N","N","N","0","","0","0","0","0","0","N","2102","2","0","0","0","0","0","0","2","0","2","0","0","0","7","","","N","","","","","","","","","",""
"2022029233","0701","1","0","0","0","0","0","0","0","0","4","0","","67","3","2022","6","39.950925","-75.230654","0700","6","0","0","0","0","0","2","0","0","","0","0","0","06","1","1","","1","0","39 57:03.330","","0","75 13:50.354","8","0","0","0","67301","0","0","0","N","0","0","0","2","67301","0","","1.0","","1","N","N","N","0","","0","0","1","3","2","","0659","2","1","0","0","0","1","0","2","0","2","0","0","0","5","05","","N","","","","","","","","","",""
"2022043830","1945","1","0","0","0","0","0","0","0","0","8","0","","67","5","2022","4","39.950608","-75.140584","1935","6","0","0","0","0","0","0","0","0","","0","0","0","19","1","1","N","0","0","39 57:02.190","","7","75 08:26.103","8","0","0","0","67301","1","0","0","N","1","0","0","2","67301","0","","5.0","","1","N","N","N","0","","0","0","0","0","0","","1930","2","1","0","0","0","1","0","2","0","1","1","0","0","3","03","","N","","","","","","","","","",""
"2022029157","2030","0","0","0","0","0","0","0","0","0","1","0","","67","3","2022","1","40.05011","-75.064241","2022","6","0","0","0","0","0","1","0","0","","0","0","0","20","3","1","","1","0","40 03:00.396","","0","75 03:51.268","3","0","0","0","67301","0","0","0","N","0","0","0","2","67301","0","","1.0","","1","N","N","N","1","","1","0","1","3","2","","2017","2","1","0","0","0","0","0","2","0","2","0","0","0","4","","","N","","","","","","","","","",""
"2022025768","0040","1","0","0","0","0","0","0","0","0","1","0","","67","3","2022","7","40.030605","-75.153905","0036","6","0","0","0","0","0","0","0","0","","0","0","0","00","3","1","","3","0","40 01:50.178","","0","75 09:14.057","3","0","0","0","67301","0","0","0","N","0","0","0","2","67301","0","","1.0","","1","N","N","N","0","","1","0","0","0","0","","0032","2","1","0","0","0","0","0","2","1","2","0","0","0","3","03","","N","","","","","","","","","",""
"2022032895","0230","1","0","0","0","0","0","0","0","0","7","0","","67","4","2022","6","40.017986","-75.097317","0221","6","0","0","0","0","0","0","0","0","","0","0","0","02","3","0","","12","0","40 01:04.750","","0","75 05:50.340","0","0","0","0","67301","0","0","0","N","0","0","0","1","67301","0","","4.0","","9","N","N","N","0","","0","0","0","3","4","","0203","1","0","0","0","0","0","0","2","0","1","0","0","0","7","","","N","","","","","","","","","",""