"CRN","ARRIVAL_TM","AUTOMOBILE_COUNT","BELTED_DEATH_COUNT","BELTED_SUSP_SERIOUS_INJ_COUNT","BICYCLE_COUNT","BICYCLE_DEATH_COUNT","BICYCLE_SUSP_SERIOUS_INJ_COUNT","BUS_COUNT","CHLDPAS_DEATH_COUNT","CHLDPAS_SUSP_SERIOUS_INJ_COUNT","COLLISION_TYPE","COMM_VEH_COUNT","CONS_ZONE_SPD_LIM","COUNTY","CRASH_MONTH","CRASH_YEAR","DAY_OF_WEEK","DEC_LATITUDE","DEC_LONGITUDE","DISPATCH_TM","DISTRICT","DRIVER_COUNT_16YR","DRIVER_COUNT_17YR","DRIVER_COUNT_18YR","DRIVER_COUNT_19YR","DRIVER_COUNT_20YR","DRIVER_COUNT_50_64YR","DRIVER_COUNT_65_74YR","DRIVER_COUNT_75PLUS","EST_HRS_CLOSED","FATAL_COUNT","HEAVY_TRUCK_COUNT","HORSE_BUGGY_COUNT","HOUR_OF_DAY","ILLUMINATION","INJURY_COUNT","INTERSECTION_RELATED","INTERSECT_TYPE","LANE_CLOSED","LATITUDE","LN_CLOSE_DIR","LOCATION_TYPE","LONGITUDE","MAX_SEVERITY_LEVEL","MCYCLE_DEATH_COUNT","MCYCLE_SUSP_SERIOUS_INJ_COUNT","MOTORCYCLE_COUNT","MUNICIPALITY","NONMOTR_COUNT","NONMOTR_DEATH_COUNT","NONMOTR_SUSP_SERIOUS_INJ_COUNT","NTFY_HIWY_MAINT","PED_COUNT","PED_DEATH_COUNT","PED_SUSP_SERIOUS_INJ_COUNT","PERSON_COUNT","POLICE_AGCY","POSSIBLE_INJ_COUNT","RDWY_SURF_TYPE_CD","RELATION_TO_ROAD","ROADWAY_CLEARED","ROAD_CONDITION","SCH_BUS_IND","SCH_ZONE_IND","SECONDARY_CRASH","SMALL_TRUCK_COUNT","SPEC_JURIS_CD","SUSP_MINOR_INJ_COUNT","SUSP_SERIOUS_INJ_COUNT","SUV_COUNT","TCD_FUNC_CD","TCD_TYPE","TFC_DETOUR_IND","TIME_OF_DAY","TOTAL_UNITS","TOT_INJ_COUNT","UNBELTED_OCC_COUNT","UNB_DEATH_COUNT","UNB_SUSP_SERIOUS_INJ_COUNT","UNK_INJ_DEG_COUNT","UNK_INJ_PER_COUNT","URBAN_RURAL","VAN_COUNT","VEHICLE_COUNT","VULNERABLE_ROAD_USER_COUNT","VULNERABLE_ROAD_USER_DEATH_COUNT","VULNERABLE_ROAD_USER_SER_INJ_COUNT","WEATHER1","WEATHER2","WORKERS_PRES","WORK_ZONE_IND","WORK_ZONE_LOC","WORK_ZONE_TYPE","WZ_CLOSE_DETOUR","WZ_FLAGGER","WZ_LAW_OFFCR_IND","WZ_LN_CLOSURE","WZ_MOVING","WZ_OTHER","WZ_SHLDER_MDN","WZ_WORKERS_INJ_KILLED"
"2022029227","1859","1","0","0","0","0","0","0","0","0","8","0","","67","3","2022","2","39.963167","-75.199643","1858","6","0","0","0","0","0","0","0","0","","0","0","0","17","4","1","","1","0","39 57:47.401","","0","75 11:58.714","4","0","0","0","67301","1","0","0","N","1","0","0","2","67301","1","","1.0","","1","N","N","N","0","","0","0","0","3","2","","1730","2","1","0","0","0","0","0","2","0","1","1","0","0","3","03","","N","","","","","","","","","",""
"2022021857","0918","3","0","0","0","0","0","0","0","0","4","0","","67","2","2022","5","39.924818","-75.228633","0910","6","0","0","0","0","0","0","0","0","","0","0","0","09","1","1","","2","0","39 55:29.344","","0","75 13:43.078","3","0","0","0","67301","0","0","0","N","0","0","0","4","67301","0","","1.0","","1","N","N","N","0","","1","0","0","3","3","","0900","3","1","0","0","0","0","2","2","0","3","0","0","0","4","04","","N","","","","","","","","","",""
"2022030050","1505","2","0","0","0","0","0","0","0","0","4","0","","67","3","2022","4","40.000028","-75.153266","1505","6","0","0","0","0","0","0","0","0","","0","0","0","15","1","1","","1","0","40 00:00.101","","0","75 09:11.759","4","0","0","0","67301","0","0","0","N","0","0","0","3","67301","1","","1.0","","99","N","N","N","0","","0","0","0","3","2","","1534","3","1","3","0","0","0","2","2","1","3","0","0","0","99","","","N","","","","","","","","","",""
"2022031436","1612","0","0","0","0","0","0","0","0","0","8","0","","67","3","2022","5","40.064706","-75.154275","1601","6","0","0","0","0","0","0","0","0","","0","0","0","15","1","1","N","0","0","40 03:52.940","","0","75 09:15.390","8","0","0","0","67301","1","0","0","N","1","0","0","2","67301","0","","1.0","","1","N","N","N","0","","0","0","1","0","0","","1556","2","1","0","0","0","1","0","2","0","1","1","0","0","3","","","N","","","","","","","","","",""
"2022037176","0943","1","0","0","0","0","0","1","0","0","4","1","","67","3","2022","6","39.939844","-75.211391","0921","6","0","0","0","0","0","2","0","0","","0","0","0","9","1","1","","1","0","39 56:23.438","","0","75 12:41.008","4","0","0","0","67301","0","0","0","N","0","0","0","2","67508","1","","1.0","","1","N","","N","0","","0","0","0","3","2","","921","2","1","0","0","0","0","0","2","0","2","0","0","0","3","03","","N","","","","","","","","","",""
"2022029234","2003","0","0","0","0","0","0","0","0","0","8","0","","67","3","2022","6","39.946928","-75.245933","2001","6","0","0","0","0","0","0","1","0","","0","0","0","20","3","1","N","0","0","39 56:48.940","","0","75 14:45.360","3","0","0","0","67301","1","0","0","N","1","0","0","2","67301","0","","1.0","","1","N","N","N","0","","1","0","1","0","0","","2000","2","1","0","0","0","0","0","2","0","1","1","0","0","3","","","N","","","","","","","","","",""
"2022072287","1531","1","0","0","0","0","0","0","0","0","4","0","","67","8","2022","2","40.012976","-75.119388","1531","6","0","0","0","0","0","1","0","0","","0","0","0","14","1","0","","1","0","40 00:46.715","","0","75 07:09.796","0","0","0","0","67301","0","0","0","N","0","0","0","4","67301","0","","1.0","","1","N","N","N","0","","0","0","1","3","2","","1407","2","0","0","0","0","0","0","2","0","2","0","0","0","3","03","","N","","","","","","","","","",""
"2022066145","1120","1","0","0","0","0","0","0","0","0","4","0","","67","7","2022","5","39.959696","-75.155849","1115","6","0","0","0","0","0","0","0","0","","0","0","0","11","1","1","","1","0","39 57:34.905","","0","75 09:21.056","8","0","0","0","67301","0","0","0","N","0","0","0","2","67301","0","","1.0","","1","N","N","N","0","","0","0","2","3","3","","1113","3","1","0","0","0","1","0","2","0","3","0","0","0","3","03","","N","","","","","","","","","",""
"2022076253","1540","1","0","0","0","0","0","0","0","0","1","0","","67","4","2022","5","40.009239","-75.204826","1519","6","0","0","0","0","0","0","0","0","","0","0","0","14","1","0","","7","0","40 00:33.260","","2","75 12:17.373","0","0","0","0","67301","0","0","0","N","0","0","0","2","68K01","0","","7.0","","1","N","N","N","0","","0","0","1","0","0","","1456","2","0","0","0","0","0","0","2","0","2","0","0","0","3","03","","N","","","","","","","","","",""
"2022076535","0101","1","0","0","0","0","0","0","0","0","7","0","","67","7","2022","2","39.971625","-75.185643","0100","6","0","0","0","0","0","0","0","0","","0","0","0","23","6","0","","1","9","39 58:17.850","","0","75 11:08.314","9","0","0","0","67301","0","0","0","N","0","0","0","1","67301","0","","4.0","","99","N","N","N","0","","0","0","0","0","0","","2345","1","0","0","0","0","0","1","2","0","1","0","0","0","99","","","N","","","","","","","","","",""
"2022014724","1836","1","0","0","0","0","0","0","0","0","5","0","","67","1","2022","6","40.026772","-75.058239","1824","6","0","0","0","0","0","0","0","0","","0","0","0","18","3","0","N","0","2","40 01:36.380","3","0","75 03:29.660","0","0","0","0","67301","0","0","0","N","0","0","0","1","67301","0","","6.0","1950.0","7","N","N","N","2","","0","0","2","0","0","Y","1819","5","0","0","0","0","0","0","2","0","5","0","0","0","10","10","","N","","","","","","","","","",""
"2022010588","0658","1","0","0","0","0","0","0","0","0","1","0","45","67","1","2022","5","40.017632","-75.049238","0649","6","0","0","0","0","0","0","0","0","","0","0","0","6","1","1","N","0","1","40 01:03.475","2","0","75 02:57.258","8","0","0","0","67301","0","0","0","N","0","0","0","3","68K01","0","","1.0","720.0","1","N","N","N","1","","0","0","1","0","0","N","643","3","1","1","0","0","1","0","2","0","3","0","0","0","3","","Y","Y","4","1","N","N","N","Y","N","N","Y","N"
"2022014796","0430","0","0","0","0","0","0","0","0","0","4","0","","67","1","2022","2","39.989847","-75.173723","0425","6","0","0","0","0","0","0","0","0","","0","0","0","4","3","0","","1","0","39 59:23.449","","0","75 10:25.402","0","0","0","0","67301","0","0","0","N","0","0","0","2","67301","0","","1.0","","2","N","N","N","0","","0","0","1","3","2","","422","2","0","1","0","0","0","0","2","0","2","0","0","0","3","10","","N","","","","","","","","","",""
"2022070168","1145","2","0","0","0","0","0","0","0","0","4","0","","67","7","2022","7","39.954615","-75.149531","1143","6","0","0","0","0","0","0","0","0","","0","0","0","11","1","0","","1","1","39 57:16.613","3","0","75 08:58.311","0","0","0","0","67301","0","0","0","N","0","0","0","4","67301","0","","1.0","1202.0","1","N","N","N","0","","0","0","0","3","2","N","1125","2","0","0","0","0","0","0","2","0","2","0","0","0","3","03","","N","","","","","","","","","",""
"2022024351","1933","1","0","0","0","0","0","0","0","0","4","0","","67","3","2022","1","40.059553","-75.052064","1923","6","0","0","0","0","0","0","1","0","","0","0","0","19","3","2","","1","1","40 03:34.390","1","0","75 03:07.429","3","0","0","0","67301","0","0","0","N","0","0","0","3","67301","0","","1.0","1933.0","1","N","N","N","0","","2","0","1","3","2","N","1915","2","2","0","0","0","0","0","2","0","2","0","0","0","3","","","N","","","","","","","","","",""
"2022035650","1652","4","0","0","0","0","0","0","0","0","5","0","","67","3","2022","1","39.955842","-75.203933","1651","6","0","0","0","0","0","0","0","0","","0","0","0","16","1","2","N","0","2","39 57:21.031","3","0","75 12:14.159","4","0","0","0","67301","0","0","0","N","0","0","0","3","67504","2","","1.0","1733.0","1","N","N","N","0","","0","0","1","0","0","Y","1650","5","2","0","0","0","0","1","2","0","5","0","0","0","3","03","","N","","","","","","","","","",""
"2022025262","0940","0","0","0","0","0","0","0","0","0","6","0","","67","3","2022","7","40.042519","-75.185681","0937","6","0","0","0","0","0","0","0","0","","0","0","0","8","1","0","N","0","0","40 02:33.070","","0","75 11:08.450","0","0","0","0","67301","0","0","0","N","0","0","0","1","67301","0","","6.0","","9","N","N","N","1","","0","0","1","0","0","","855","2","0","0","0","0","0","0","2","0","2","0","0","0","7","09","","N","","","","","","","","","",""
"2022020704","0251","2","0","0","0","0","0","0","0","0","4","0","","67","2","2022","7","39.969513","-75.225371","0246","6","0","0","0","0","0","0","0","0","","0","0","0","2","3","1","","1","1","39 58:10.246","4","0","75 13:31.336","8","0","0","0","67301","0","0","0","N","0","0","0","3","67301","0","","1.0","330.0","1","N","N","N","1","","0","0","0","3","2","N","240","3","1","0","0","0","1","0","2","0","3","0","0","0","3","","","N","","","","","","","","","",""
"2022023705","2040","1","0","0","0","0","0","0","0","0","1","0","","67","2","2022","2","40.050365","-75.057572","2035","6","0","0","0","0","0","0","0","0","","0","0","0","20","3","3","","2","1","40 03:01.313","1","7","75 03:27.259","4","0","0","0","67301","0","0","0","N","0","0","0","5","67301","3","","1.0","100.0","1","N","N","N","0","","0","0","2","0","0","N","2012","3","3","0","0","0","0","0","2","0","3","0","0","0","3","","","N","","","","","","","","","",""
"2022019616","0050","1","0","0","0","0","0","0","0","0","5","0","","67","2","2022","1","39.969261","-75.214108","0039","6","0","0","0","0","0","0","0","0","","0","0","0","0","3","1","N","0","0","39 58:09.340","","0","75 12:50.790","3","0","0","0","67301","0","0","0","N","0","0","0","2","67301","0","","6.0","","1","N","N","N","0","","1","0","1","0","0","","10","2","1","0","0","0","0","0","2","0","2","0","0","0","3","03","","N","","","","","","","","","",""
"2022040207","0645","2","0","0","0","0","0","0","0","0","5","0","","67","4","2022","3","40.007606","-75.201386","0632","6","0","0","0","0","0","0","0","0","","0","0","0","6","5","0","N","0","0","40 00:27.382","","0","75 12:04.991","0","0","0","0","67301","0","0","0","N","0","0","0","2","68K01","0","","1.0","","1","N","N","N","0","","0","0","0","3","8","","611","2","0","0","0","0","0","0","2","0","2","0","0","0","3","","","N","","","","","","","","","",""
"2022070580","1545","4","0","0","0","0","0","0","0","0","2","0","","67","7","2022","7","39.964636","-75.227736","1540","6","0","0","0","0","0","0","0","0","","0","0","0","15","1","0","N","0","0","39 57:52.690","","0","75 13:39.850","0","0","0","0","67301","0","0","0","N","0","0","0","2","67301","0","","1.0","","1","N","N","N","0","","0","0","0","0","0","","1530","5","0","0","0","0","0","0","2","1","5","0","0","0","3","03","","N","","","","","","","","","",""
"2022044529","1126","0","0","0","0","0","0","0","0","0","8","0","","67","4","2022","4","39.959658","-75.234658","1125","6","0","0","0","0","0","0","0","0","","0","0","0","11","1","1","N","0","2","39 57:34.769","3","0","75 14:04.767","8","0","0","0","67301","1","0","0","N","1","0","0","2","67301","0","","1.0","1229.0","1","N","N","N","1","","0","0","0","3","2","N","1124","2","1","0","0","0","1","0","2","0","1","1","0","0","3","03","","N","","","","","","","","","",""
"2022038848","0721","2","0","0","0","0","0","0","0","0","1","0","","67","4","2022","6","39.965856","-75.186376","0721","6","0","0","1","0","0","0","0","0","","0","0","0","6","1","0","N","0","0","39 57:57.082","","0","75 11:10.955","0","0","0","0","67301","0","0","0","N","0","0","0","2","68M05","0","","1.0","","1","N","N","N","0","","0","0","0","0","0","","639","2","0","0","0","0","0","0","2","0","2","0","0","0","3","03","","N","","","","","","","","","",""
"2022029203","1745","1","0","0","0","0","0","0","0","0","4","0","","67","3","2022","7","39.918286","-75.209044","1745","6","0","0","0","0","0","0","0","0","","0","0","0","3","3","2","","2","0","39 55:05.829","","0","75 12:32.558","3","0","0","0","67301","0","0","0","N","0","0","0","3","67301","0","","1.0","","1","N","N","N","0","","2","0","1","3","2","","300","2","2","3","0","0","0","0","2","0","2","0","0","0","3","03","","N","","","","","","","","","",""
"2022067462","0915","1","0","0","0","0","0","0","0","0","1","0","","67","7","2022","5","39.979297","-75.108715","0910","6","0","0","0","0","1","1","0","0","","0","0","0","9","1","2","N","0","1","39 58:45.469","2","3","75 06:31.375","3","0","0","0","67301","0","0","0","N","0","0","0","3","68K01","0","","1.0","949.0","1","N","N","N","0","","2","0","0","0","0","N","907","2","2","2","0","0","0","0","2","1","2","0","0","0","3","","","N","","","","","","","","","",""
"2022030294","0608","2","0","0","0","0","0","0","0","0","4","0","","67","3","2022","6","39.946891","-75.212674","0608","6","0","0","0","0","1","1","0","0","","0","0","0","6","3","0","","1","1","39 56:48.807","3","0","75 12:45.628","0","0","0","0","67301","0","0","0","N","0","0","0","2","67301","0","","1.0","645.0","9","N","N","N","0","","0","0","0","3","3","N","608","2","0","1","0","0","0","0","2","0","2","0","0","0","7","07","","N","","","","","","","","","",""
"2022062095","","2","0","0","0","0","0","0","0","0","1","0","","67","6","2022","7","39.891129","-75.226308","","6","0","0","0","0","0","0","0","0","","0","0","0","99","1","1","N","0","0","39 53:28.066","","0","75 13:34.707","8","0","0","0","67301","0","0","0","N","0","0","0","2","00000","0","","1.0","","1","","","N","0","","0","0","0","0","0","","9999","2","1","1","0","0","1","0","2","0","2","0","0","0","3","","","N","","","","","","","","","",""
"2022065056","2330","1","0","0","0","0","0","0","0","0","8","0","","67","7","2022","5","40.071961","-75.039358","2315","6","0","0","0","0","0","0","0","1","","0","0","0","22","3","1","N","0","0","40 04:19.060","","0","75 02:21.690","2","0","0","0","67301","1","0","1","N","1","0","1","2","67301","0","","6.0","","1","N","N","N","0","","0","1","0","0","0","","2240","2","1","0","0","0","0","0","2","0","1","1","0","1","3","","","N","","","","","","","","","",""
"2022066978","0006","0","0","0","0","0","0","0","0","0","7","0","","67","7","2022","4","39.981911","-75.207647","2348","6","0","0","0","0","0","0","0","0","","0","0","0","23","2","1","N","0","0","39 58:54.880","","0","75 12:27.530","3","0","0","0","67301","0","0","0","N","0","0","0","1","67301","0","","5.0","","1","N","N","N","0","","1","0","1","0","0","","2339","1","1","0","0","0","0","0","2","0","1","0","0","0","3","03","","N","","","","","","","","","",""
"2022077094","2212","1","0","0","0","0","0","0","0","0","4","0","","67","1","2022","7","40.006004","-75.091851","2205","6","0","0","0","0","0","0","0","0","","0","0","0","22","3","2","","5","0","40 00:21.613","","0","75 05:30.664","3","0","0","0","67301","0","0","0","N","0","0","0","3","67301","0","","1.0","","2","N","N","N","0","","2","0","1","3","2","","2204","2","2","0","0","0","0","0","2","0","2","0","0","0","10","","","N","","","","","","","","","",""
"2022068566","0342","1","0","0","0","0","0","0","0","0","1","0","","67","7","2022","5","40.059367","-75.017473","0332","6","0","0","0","0","0","0","0","0","","0","0","0","3","3","1","N","0","0","40 03:33.721","","0","75 01:02.903","8","0","0","0","67301","0","0","0","N","0","0","0","1","67301","0","","6.0","","1","N","N","Y","0","","0","0","4","0","0","","310","5","1","0","0","0","1","0","2","0","5","0","0","0","3","03","","N","","","","","","","","","",""
"2022065455","1642","2","0","0","0","0","0","0","0","0","1","0","","67","7","2022","5","40.020275","-75.054194","1640","6","0","0","0","0","0","0","0","0","","0","0","0","16","1","0","Y","0","1","40 01:12.990","1","0","75 03:15.100","0","0","0","0","67301","0","0","0","N","0","0","0","2","67301","0","","1.0","1940.0","1","N","N","N","0","","0","0","1","3","2","N","1640","3","0","0","0","0","0","0","2","0","3","0","0","0","4","","","N","","","","","","","","","",""
"2022048644","1422","0","0","0","0","0","0","0","0","0","1","0","","67","5","2022","1","40.015181","-75.053728","1413","6","0","0","0","0","0","1","0","0","","0","0","0","14","1","1","N","0","2","40 00:54.652","1","0","75 03:13.421","8","0","0","1","67301","0","0","0","N","0","0","0","7","68K01","0","","1.0","1435.0","1","N","N","N","1","","0","0","1","0","0","N","1413","3","1","0","0","0","1","0","2","0","3","0","0","0","3","","","N","","","","","","","","","",""
"2022047164","1810","2","0","0","0","0","0","0","0","0","5","0","","67","5","2022","2","39.943853","-75.158711","1800","6","0","0","0","0","0","0","0","0","","0","0","0","17","1","0","N","0","2","39 56:37.870","4","0","75 09:31.360","0","0","0","0","67301","0","0","0","N","0","0","0","2","67301","0","","1.0","1830.0","1","N","N","N","0","","0","0","0","0","0","N","1750","2","0","2","0","0","0","0","2","0","2","0","0","0","3","03","","N","","","","","","","","","",""
"2022061344","0120","2","0","0","0","0","0","0","0","0","1","0","","67","7","2022","6","40.056008","-75.155383","0117","6","0","0","1","0","0","0","0","0","","0","0","0","1","3","0","N","0","0","40 03:21.630","","0","75 09:19.380","0","0","0","0","67301","0","0","0","N","0","0","0","2","67301","0","","6.0","","1","N","N","N","0","","0","0","0","0","0","","107","2","0","0","0","0","0","0","2","0","2","0","0","0","3","03","","N","","","","","","","","","",""
"2022073198","0041","3","0","0","0","0","0","0","0","0","2","0","","67","8","2022","7","40.03406","-75.115224","0039","6","0","0","1","0","0","0","0","0","","0","0","0","0","3","1","N","0","0","40 02:02.615","","0","75 06:54.805","3","0","0","0","67301","0","0","0","N","0","0","0","3","67301","0","","1.0","","1","N","N","N","0","","1","0","0","0","0","","30","3","1","0","0","0","0","0","2","0","3","0","0","0","3","","","N","","","","","","","","","",""
"2022048447","1420","2","0","0","0","0","0","0","0","0","1","0","","67","5","2022","6","40.051757","-75.093496","1410","6","0","0","0","0","0","2","0","0","","0","0","0","13","1","1","N","0","0","40 03:06.325","","0","75 05:36.587","8","0","0","0","67301","0","0","0","N","0","0","0","2","67301","0","","1.0","","9","N","N","N","0","","0","0","0","0","0","","1350","3","1","0","0","0","1","0","2","1","3","0","0","0","7","","","N","","","","","","","","","",""
"2022060432","1516","1","0","0","0","0","0","0","0","0","7","0","","67","6","2022","3","39.960472","-75.181275","1450","6","0","0","0","0","0","1","0","0","","0","0","0","14","1","1","N","0","1","39 57:37.698","4","0","75 10:52.591","8","0","0","0","67301","0","0","0","N","0","0","0","2","68K01","0","","4.0","100.0","1","N","N","N","0","","0","0","0","0","0","Y","1444","1","1","0","0","0","1","0","2","0","1","0","0","0","3","03","","N","","","","","","","","","",""
"2022023743","1706","0","0","0","0","0","0","0","0","0","7","0","","67","3","2022","4","40.032769","-75.164725","1703","6","0","0","0","0","0","0","0","0","","0","0","0","16","1","3","N","0","0","40 01:57.970","","0","75 09:53.010","3","0","0","0","67301","0","0","0","N","0","0","0","3","67301","1","","4.0","","1","N","N","N","0","","2","0","1","0","0","","1643","1","3","0","0","0","0","0","2","0","1","0","0","0","3","03","","N","","","","","","","","","",""
"2022068584","2040","2","0","0","0","0","0","0","0","0","4","0","","67","7","2022","2","40.013473","-75.069082","2040","6","0","0","0","0","1","0","0","0","","0","0","0","20","3","1","","1","0","40 00:48.504","","0","75 04:08.695","3","0","0","0","67301","0","0","0","N","0","0","0","3","67301","0","","1.0","","1","N","N","N","0","","1","0","0","0","0","","2040","2","1","0","0","0","0","0","2","0","2","0","0","0","3","","","N","","","","","","","","","",""
"2022070070","1139","1","0","0","0","0","0","0","0","0","5","0","","67","7","2022","6","39.980853","-75.246617","1139","6","0","0","0","0","0","1","0","0","","0","0","0","12","1","1","","5","0","39 58:51.071","","0","75 14:47.820","3","0","0","0","67301","0","0","0","N","0","0","0","2","67301","0","","1.0","","1","N","N","N","1","","1","0","0","3","2","","1240","2","1","0","0","0","0","0","2","0","2","0","0","0","3","03","","N","","","","","","","","","",""
"2022019650","1237","1","0","0","0","0","0","0","0","0","4","0","","67","2","2022","5","39.974508","-75.148083","1237","6","0","0","0","0","0","0","0","0","","0","0","0","12","1","1","","1","2","39 58:28.228","3","0","75 08:53.098","8","0","0","0","67301","0","0","0","N","0","0","0","2","67301","0","","1.0","1240.0","1","N","N","N","1","","0","0","0","3","3","Y","1237","2","1","2","0","0","1","0","2","0","2","0","0","0","3","03","","N","","","","","","","","","",""
"2022076512","1525","3","0","0","0","0","0","0","0","0","7","1","","67","8","2022","1","40.053558","-75.086563","1511","6","0","0","0","0","0","1","0","0","","0","1","0","15","1","1","N","0","1","40 03:12.808","3","0","75 05:11.626","3","0","0","0","67301","0","0","0","N","0","0","0","3","67301","0","","4.0","1700.0","1","N","N","N","0","","1","0","0","0","0","Y","1505","4","1","0","0","0","0","0","2","0","4","0","0","0","4","04","","N","","","","","","","","","",""
"2022059985","","2","0","0","0","0","0","0","0","0","4","0","","67","6","2022","7","39.923833","-75.224936","","6","0","0","0","0","0","0","0","0","","0","0","0","16","1","2","","1","0","39 55:25.798","","0","75 13:29.769","8","0","0","0","67301","0","0","0","N","0","0","0","3","00000","0","","1.0","","1","","","N","0","","0","0","0","3","2","","1645","2","2","0","0","0","2","0","2","0","2","0","0","0","3","","","N","","","","","","","","","",""
"2022068221","0653","1","0","0","0","0","0","0","0","0","0","0","","67","7","2022","6","39.972333","-75.193661","0641","6","0","0","0","0","0","0","0","0","","0","0","0","6","1","0","N","0","0","39 58:20.397","","0","75 11:37.178","0","0","0","0","67301","0","0","0","N","0","0","0","2","68K01","0","","1.0","","1","N","N","N","1","","0","0","0","0","0","","639","2","0","1","0","0","0","0","2","0","2","0","0","0","3","","","N","","","","","","","","","",""
"2022077578","2005","2","0","0","0","0","0","0","0","0","2","0","","67","8","2022","3","40.033738","-75.145912","1959","6","0","0","0","0","0","0","0","0","","0","0","0","16","1","2","","1","0","40 02:01.457","","0","75 08:45.282","3","0","0","0","67301","0","0","0","N","0","0","0","2","67301","1","","1.0","","1","N","N","N","0","","1","0","0","3","2","","1650","2","2","0","0","0","0","0","2","0","2","0","0","0","3","","","N","","","","","","","","","",""
"2022072264","1133","0","0","0","0","0","0","0","0","0","4","0","","67","8","2022","2","39.980789","-75.185501","1133","6","0","0","0","0","0","0","1","0","","0","0","0","11","1","0","","5","0","39 58:50.840","","0","75 11:07.803","0","0","0","1","67301","0","0","0","N","0","0","0","2","67301","0","","1.0","","1","N","N","N","0","","0","0","1","3","2","","1128","2","0","0","0","0","0","0","2","0","2","0","0","0","4","04","","N","","","","","","","","","",""
"2022072615","1040","0","0","0","0","0","0","0","0","0","8","0","","67","7","2022","2","39.990448","-75.124311","1029","6","0","0","0","0","0","0","0","0","","0","0","0","10","1","1","","2","0","39 59:25.612","","1","75 07:27.521","2","0","0","0","67301","1","0","1","N","1","0","1","2","67301","0","","1.0","","1","N","N","N","0","","0","1","0","3","3","","1028","2","1","0","0","0","0","0","2","0","1","1","0","1","3","","","N","","","","","","","","","",""
"2022032937","1125","1","0","0","0","0","0","0","0","0","4","0","","67","3","2022","3","40.027055","-75.142657","1125","6","0","0","0","0","0","0","1","0","","0","0","0","9","1","1","","1","0","40 01:37.397","","0","75 08:33.565","4","0","0","0","67301","0","0","0","N","0","0","0","2","67301","1","","1.0","","99","N","N","N","0","","0","0","1","3","3","","912","2","1","2","0","0","0","1","2","0","2","0","0","0","99","","","N","","","","","","","","","",""
"2022024234","2149","2","0","0","0","0","0","0","0","0","4","0","","67","3","2022","7","39.962336","-75.161346","2149","6","0","0","0","0","0","0","0","0","","0","0","0","21","3","5","","1","0","39 57:44.409","","0","75 09:40.847","3","0","0","0","67301","0","0","0","N","0","0","0","8","67301","1","","1.0","","1","N","N","N","0","","4","0","1","3","2","","2145","3","5","7","0","0","0","1","2","0","3","0","0","0","3","03","","N","","","","","","","","","",""
"2022019651","1910","2","0","0","0","0","0","0","0","0","1","0","","67","2","2022","5","39.989222","-75.140828","1859","6","0","0","0","0","0","0","0","0","","0","0","0","18","3","0","N","0","0","39 59:21.200","","0","75 08:26.980","0","0","0","0","67301","0","0","0","N","0","0","0","1","67301","0","","6.0","","1","N","N","N","0","","0","0","1","0","0","","1816","3","0","0","0","0","0","0","2","0","3","0","0","0","3","03","","N","","","","","","","","","",""
"2022072245","1906","1","0","0","0","0","0","0","0","0","4","0","","67","8","2022","4","40.02015","-75.041277","1905","6","0","0","0","0","0","0","0","1","","0","0","0","19","1","0","","3","0","40 01:12.541","","0","75 02:28.597","0","0","0","0","67301","0","0","0","N","0","0","0","3","67301","0","","1.0","","1","N","N","N","0","","0","0","1","3","4","","1900","2","0","0","0","0","0","0","2","0","2","0","0","0","3","03","","N","","","","","","","","","",""
"2022076550","2210","3","0","0","0","0","0","0","0","0","4","0","","67","8","2022","1","39.96024","-75.196806","2206","6","0","0","0","0","0","0","0","0","","0","1","0","22","3","2","","1","1","39 57:36.863","6","0","75 11:48.503","3","0","0","0","67301","0","0","0","N","0","0","0","2","67301","0","","1.0","2315.0","1","N","N","N","0","","2","0","1","3","2","Y","2200","5","2","0","0","0","0","0","2","0","5","0","0","0","3","03","","N","","","","","","","","","",""
"2022043953","1026","0","0","0","0","0","0","1","0","0","4","1","","67","5","2022","3","39.975088","-75.194965","1017","6","0","0","0","0","1","0","0","0","","0","0","0","9","1","1","","1","1","39 58:30.316","2","0","75 11:41.875","3","0","0","0","67301","0","0","0","N","0","0","0","3","67301","0","","1.0","10.0","1","Y","N","N","0","","1","0","1","3","2","N","931","2","1","0","0","0","0","0","2","0","2","0","0","0","3","03","","N","","","","","","","","","",""
"2022073243","1532","0","0","0","0","0","0","0","0","0","7","0","","67","8","2022","7","39.923487","-75.147337","1519","6","0","0","0","0","0","0","0","0","","0","0","0","15","1","1","N","0","2","39 55:24.553","1","3","75 08:50.414","8","0","0","0","67301","0","0","0","N","0","0","0","1","68K01","0","","3.0","1656.0","1","N","N","N","0","","0","0","1","0","0","Y","1517","1","1","1","0","0","1","0","2","0","1","0","0","0","4","03","","N","","","","","","","","","",""
"2022033152","0340","0","0","0","0","0","0","0","0","0","7","0","","67","4","2022","7","40.018069","-75.168278","0327","6","0","0","0","0","0","0","0","0","","0","0","0","3","3","1","N","0","0","40 01:05.049","","2","75 10:05.801","3","0","0","0","67301","0","0","0","N","0","0","0","1","67301","0","","4.0","","1","N","N","N","0","","1","0","1","0","0","","322","1","1","0","0","0","0","0","2","0","1","0","0","0","3","03","","N","","","","","","","","","",""
"2022078201","1825","3","0","0","0","0","0","0","0","0","1","0","","67","8","2022","6","40.062992","-75.170377","1821","6","0","0","0","0","0","0","0","0","","0","0","0","18","1","1","N","0","0","40 03:46.771","","0","75 10:13.358","3","0","0","0","67301","0","0","0","N","0","0","0","3","67301","0","","1.0","","1","N","N","N","0","","1","0","0","0","0","","1800","3","1","0","0","0","0","0","2","0","3","0","0","0","3","03","","N","","","","","","","","","",""