"CRN","ARRIVAL_TM","AUTOMOBILE_COUNT","BELTED_DEATH_COUNT","BELTED_SUSP_SERIOUS_INJ_COUNT","BICYCLE_COUNT","BICYCLE_DEATH_COUNT","BICYCLE_SUSP_SERIOUS_INJ_COUNT","BUS_COUNT","CHLDPAS_DEATH_COUNT","CHLDPAS_SUSP_SERIOUS_INJ_COUNT","COLLISION_TYPE","COMM_VEH_COUNT","CONS_ZONE_SPD_LIM","COUNTY","CRASH_MONTH","CRASH_YEAR","DAY_OF_WEEK","DEC_LATITUDE","DEC_LONGITUDE","DISPATCH_TM","DISTRICT","DRIVER_COUNT_16YR","DRIVER_COUNT_17YR","DRIVER_COUNT_18YR","DRIVER_COUNT_19YR","DRIVER_COUNT_20YR","DRIVER_COUNT_50_64YR","DRIVER_COUNT_65_74YR","DRIVER_COUNT_75PLUS","EST_HRS_CLOSED","FATAL_COUNT","HEAVY_TRUCK_COUNT","HORSE_BUGGY_COUNT","HOUR_OF_DAY","ILLUMINATION","INJURY_COUNT","INTERSECTION_RELATED","INTERSECT_TYPE","LANE_CLOSED","LATITUDE","LN_CLOSE_DIR","LOCATION_TYPE","LONGITUDE","MAX_SEVERITY_LEVEL","MCYCLE_DEATH_COUNT","MCYCLE_SUSP_SERIOUS_INJ_COUNT","MOTORCYCLE_COUNT","MUNICIPALITY","NONMOTR_COUNT","NONMOTR_DEATH_COUNT","NONMOTR_SUSP_SERIOUS_INJ_COUNT","NTFY_HIWY_MAINT","PED_COUNT","PED_DEATH_COUNT","PED_SUSP_SERIOUS_INJ_COUNT","PERSON_COUNT","POLICE_AGCY","POSSIBLE_INJ_COUNT","RDWY_SURF_TYPE_CD","RELATION_TO_ROAD","ROADWAY_CLEARED","ROAD_CONDITION","SCH_BUS_IND","SCH_ZONE_IND","SECONDARY_CRASH","SMALL_TRUCK_COUNT","SPEC_JURIS_CD","SUSP_MINOR_INJ_COUNT","SUSP_SERIOUS_INJ_COUNT","SUV_COUNT","TCD_FUNC_CD","TCD_TYPE","TFC_DETOUR_IND","TIME_OF_DAY","TOTAL_UNITS","TOT_INJ_COUNT","UNBELTED_OCC_COUNT","UNB_DEATH_COUNT","UNB_SUSP_SERIOUS_INJ_COUNT","UNK_INJ_DEG_COUNT","UNK_INJ_PER_COUNT","URBAN_RURAL","VAN_COUNT","VEHICLE_COUNT","VULNERABLE_ROAD_USER_COUNT","VULNERABLE_ROAD_USER_DEATH_COUNT","VULNERABLE_ROAD_USER_SER_INJ_COUNT","WEATHER1","WEATHER2","WORKERS_PRES","WORK_ZONE_IND","WORK_ZONE_LOC","WORK_ZONE_TYPE","WZ_CLOSE_DETOUR","WZ_FLAGGER","WZ_LAW_OFFCR_IND","WZ_LN_CLOSURE","WZ_MOVING","WZ_OTHER","WZ_SHLDER_MDN","WZ_WORKERS_INJ_KILLED"
"2022024251","1735","1","0","0","0","0","0","0","0","0","1","0","","67","3","2022","2","40.020731","-75.040061","1733","6","0","0","0","0","1","1","0","0","","0","0","0","17","1","2","","2","1","40 01:14.630","2","0","75 02:24.220","4","0","0","0","67301","0","0","0","N","0","0","0","4","67301","1","","1.0","1755.0","9","N","N","N","1","","0","0","2","3","2","N","1733","4","2","0","0","0","1","2","2","0","4","0","0","0","3","07","","N","","","","","","","","","",""
"2022029771","1529","2","0","0","0","0","0","0","0","0","4","0","","67","3","2022","4","40.058751","-75.050583","1529","6","0","0","0","0","0","2","0","0","","0","0","0","15","1","1","","1","0","40 03:31.504","","0","75 03:02.099","8","0","0","0","67301","0","0","0","N","0","0","0","3","67301","0","","1.0","","9","N","N","N","0","","0","0","1","3","3","","1504","3","1","0","0","0","1","0","2","0","3","0","0","0","7","04","","N","","","","","","","","","",""
"2022024168","1307","0","0","0","0","0","0","0","0","0","8","0","","67","3","2022","1","40.037744","-75.047131","1259","6","0","0","0","0","0","0","0","0","","0","0","0","18","1","1","N","0","0","40 02:15.880","","0","75 02:49.670","8","0","0","0","67301","1","0","0","N","1","0","0","2","67301","0","","1.0","","99","N","N","N","0","","0","0","1","0","0","","1800","2","1","0","0","0","1","0","2","0","1","1","0","0","99","","","N","","","","","","","","","",""
"2022044015","0619","0","0","0","1","0","0","0","0","0","8","0","","67","3","2022","6","40.005516","-75.105344","0615","6","0","0","0","0","0","0","0","0","","0","0","0","6","3","1","","1","0","40 00:19.857","","0","75 06:19.237","3","0","0","0","67301","1","0","0","N","0","0","0","2","67301","0","","1.0","","1","N","N","N","0","","1","0","1","3","2","","610","2","1","1","0","0","0","0","2","0","1","1","0","0","3","03","","N","","","","","","","","","",""
"2022075747","0154","1","0","0","1","0","0","0","0","0","8","0","","67","7","2022","7","39.948494","-75.157391","0151","6","0","0","0","0","0","0","0","0","","0","0","0","1","3","1","","1","0","39 56:54.579","","0","75 09:26.606","3","0","0","0","67301","1","0","0","N","0","0","0","2","67301","0","","1.0","","1","N","N","N","0","","1","0","0","3","2","","151","2","1","1","0","0","0","0","2","0","1","1","0","0","3","03","","N","","","","","","","","","",""
"2022066504","1340","2","0","0","0","0","0","0","0","0","4","0","","67","7","2022","1","39.97229","-75.165853","1325","6","0","0","0","0","0","0","0","0","","0","0","0","12","1","1","","1","0","39 58:20.243","","0","75 09:57.069","4","0","0","0","67301","0","0","0","N","0","0","0","2","67301","1","","1.0","","1","N","N","N","0","","0","0","0","3","2","","1244","2","1","0","0","0","0","0","2","0","2","0","0","0","3","03","","N","","","","","","","","","",""
"2022066909","1928","1","0","0","0","0","0","0","0","0","1","0","","67","7","2022","3","40.0612","-75.016847","1918","6","0","0","0","0","0","0","0","0","","0","0","0","19","1","1","N","0","2","40 03:40.320","6","0","75 01:00.650","2","0","0","0","67301","1","0","1","N","1","0","1","2","67301","0","","6.0","2000.0","1","N","N","N","1","","0","1","0","0","0","N","1913","3","1","0","0","0","0","0","2","0","2","1","0","1","3","03","","N","","","","","","","","","",""
"2022065506","1323","1","0","0","0","0","0","0","0","0","5","0","","67","7","2022","1","40.046571","-75.1537","1318","6","0","0","0","1","0","0","0","0","","0","0","0","12","1","0","","1","0","40 02:47.655","","0","75 09:13.319","9","0","0","0","67301","0","0","0","N","0","0","0","2","67301","0","","1.0","","1","N","N","N","0","","0","0","0","3","2","","1237","2","0","0","0","0","0","1","2","1","2","0","0","0","3","","","N","","","","","","","","","",""
"2022077380","1115","0","0","0","0","0","0","0","0","0","8","1","","67","8","2022","2","39.926383","-75.224379","1100","6","0","0","0","0","0","1","0","0","","0","1","0","10","1","1","","2","0","39 55:34.979","","0","75 13:27.763","4","0","0","0","67301","1","0","0","N","1","0","0","2","67508","1","","1.0","","1","N","N","N","0","","0","0","0","0","0","","1045","2","1","1","0","0","0","1","2","0","1","1","0","0","3","03","","N","","","","","","","","","",""
"2022075775","0305","2","0","0","0","0","0","0","0","0","4","0","","67","8","2022","1","39.956963","-75.225512","0303","6","0","0","0","0","1","0","0","0","","3","0","0","3","3","5","","1","2","39 57:25.065","7","0","75 13:31.843","1","0","0","0","67301","0","0","0","N","0","0","0","8","67301","0","2","1.0","655.0","1","N","N","N","0","0","0","1","0","3","2","Y","300","2","5","1","1","0","4","0","2","0","2","0","0","0","3","","","N","","","","","","","","","",""
"2022076452","1657","1","0","0","1","0","0","0","0","0","8","0","","67","7","2022","3","39.957694","-75.225355","1657","6","0","0","0","0","0","1","0","0","","0","0","0","16","1","1","","1","0","39 57:27.698","","0","75 13:31.277","3","0","0","0","67301","1","0","0","N","0","0","0","2","67301","0","","1.0","","9","N","N","N","0","","1","0","0","3","3","","1645","2","1","1","0","0","0","0","2","0","1","1","0","0","4","07","","N","","","","","","","","","",""
"2022053020","1048","0","0","0","0","0","0","1","0","0","1","1","","67","6","2022","2","39.963295","-75.161271","1021","6","0","0","0","0","0","0","0","0","","0","0","0","10","1","1","N","0","1","39 57:47.862","2","0","75 09:40.575","8","0","0","0","67301","0","0","0","N","0","0","0","1","67301","0","","1.0","1200.0","1","Y","N","N","1","","0","0","0","0","0","N","1014","2","1","0","0","0","1","0","2","0","2","0","0","0","3","03","","N","","","","","","","","","",""
"2022077735","0323","1","0","0","0","0","0","0","0","0","7","0","","67","7","2022","7","39.945153","-75.141816","0323","6","0","0","0","0","0","0","0","0","","0","0","0","3","3","0","","2","1","39 56:42.551","1","0","75 08:30.536","9","0","0","0","67301","0","0","0","N","0","0","0","1","67301","0","","3.0","356.0","9","N","N","N","0","","0","0","0","3","2","N","323","1","0","0","0","0","0","1","2","0","1","0","0","0","7","07","","N","","","","","","","","","",""
"2022068568","0718","0","0","0","0","0","0","0","0","0","1","0","","67","7","2022","6","39.891942","-75.241906","0713","6","0","0","0","0","0","0","1","1","","0","0","0","6","1","0","","2","0","39 53:30.990","","0","75 14:30.862","0","0","0","0","67301","0","0","0","N","0","0","0","2","67301","0","","1.0","","1","N","N","N","1","","0","0","1","3","4","","620","2","0","0","0","0","0","0","2","0","2","0","0","0","3","03","","N","","","","","","","","","",""
"2022066389","0047","2","0","0","0","0","0","0","0","0","1","0","","67","7","2022","1","40.025636","-75.117258","0047","6","0","0","0","0","0","0","0","0","","0","0","0","0","3","0","N","0","0","40 01:32.290","","0","75 07:02.130","9","0","0","0","67301","0","0","0","N","0","0","0","1","67301","0","","6.0","","9","N","N","N","0","","0","0","0","0","0","","0","3","0","0","0","0","0","1","2","1","3","0","0","0","7","","","N","","","","","","","","","",""
"2022077868","0803","0","0","0","0","0","0","1","0","0","1","1","","67","8","2022","3","39.951647","-75.182658","0756","6","0","0","0","0","0","2","0","0","","0","0","0","7","1","1","N","0","1","39 57:05.929","3","0","75 10:57.568","3","0","0","0","67301","0","0","0","N","0","0","0","4","68K01","0","","1.0","820.0","1","Y","N","N","0","","1","0","2","0","0","N","752","3","1","0","0","0","0","0","2","0","3","0","0","0","3","","","N","","","","","","","","","",""
"2022068600","1616","0","0","0","0","0","0","0","0","0","4","0","","67","7","2022","3","40.013933","-75.126681","1616","6","0","0","0","0","0","1","0","0","","0","0","0","15","1","0","N","0","1","40 00:50.160","4","0","75 07:36.050","0","0","0","0","67301","0","0","0","N","0","0","0","3","67301","0","","1.0","1530.0","1","N","N","N","0","","0","0","1","0","0","N","1500","2","0","0","0","0","0","0","2","1","2","0","0","0","3","","","N","","","","","","","","","",""
"2022065357","1145","1","0","0","0","0","0","0","0","0","8","0","","67","7","2022","6","39.976793","-75.176608","1137","6","0","0","0","0","0","0","0","0","","0","0","0","11","1","1","","1","0","39 58:36.455","","0","75 10:35.789","3","0","0","0","67301","1","0","0","N","0","0","0","2","67301","0","","1.0","","1","N","N","N","0","","1","0","0","3","2","","1127","2","1","0","0","0","0","0","2","0","1","1","0","0","3","03","","N","","","","","","","","","",""
"2022019564","1734","1","0","0","0","0","0","0","0","0","4","0","","67","2","2022","3","39.957398","-75.157071","1728","6","0","0","0","0","0","0","0","0","","0","0","0","17","4","2","","1","1","39 57:26.633","4","0","75 09:25.457","3","0","0","0","67301","0","0","0","N","0","0","0","2","67301","0","","1.0","1820.0","9","N","N","N","0","","2","0","1","1","2","Y","1710","3","2","0","0","0","0","0","2","1","3","0","0","0","7","07","","N","","","","","","","","","",""
"2022065352","1530","0","0","0","0","0","0","0","0","0","8","0","","67","7","2022","6","39.948436","-75.235495","1530","6","0","0","0","0","0","0","0","0","","0","0","0","15","1","1","","1","0","39 56:54.369","","0","75 14:07.781","3","0","0","0","67301","1","0","0","N","1","0","0","2","67301","0","","1.0","","1","N","N","N","1","","1","0","0","3","2","","1530","2","1","0","0","0","0","0","2","0","1","1","0","0","3","03","","N","","","","","","","","","",""
"2022059114","1501","1","0","0","0","0","0","0","0","0","1","0","","67","6","2022","4","40.039966","-75.006615","1501","6","0","0","0","1","1","0","0","0","","0","0","0","14","1","4","N","0","0","40 02:23.876","","0","75 00:23.813","4","0","0","0","67301","0","0","0","N","0","0","0","8","68K01","1","","1.0","","1","N","N","N","0","","0","0","2","0","0","","1458","3","4","1","0","0","3","0","2","0","3","0","0","0","3","03","","N","","","","","","","","","",""
"2022065293","0305","1","0","0","0","0","0","0","0","0","4","0","","67","7","2022","6","40.033837","-75.128124","0257","6","0","0","0","0","0","0","0","0","","0","0","0","2","3","0","","1","0","40 02:01.813","","0","75 07:41.246","0","0","0","0","67301","0","0","0","N","0","0","0","2","67301","0","","1.0","","1","N","N","N","0","","0","0","1","3","2","","256","2","0","0","0","0","0","0","2","0","2","0","0","0","3","03","","N","","","","","","","","","",""
"2022067421","2214","1","0","0","0","0","0","0","0","0","7","0","","67","7","2022","2","39.955757","-75.14834","2214","6","0","0","0","0","0","1","0","0","","0","0","0","22","3","0","N","0","0","39 57:20.725","","2","75 08:54.024","0","0","0","0","67301","0","0","0","N","0","0","0","1","67501","0","","4.0","","9","N","N","N","0","","0","0","0","3","8","","2214","1","0","0","0","0","0","0","2","0","1","0","0","0","7","","","N","","","","","","","","","",""
"2022070041","2235","2","0","0","0","0","0","0","0","0","1","0","","67","7","2022","6","39.909769","-75.149224","2232","6","0","0","0","0","0","0","0","0","","0","0","0","22","2","1","N","0","1","39 54:35.167","2","0","75 08:57.206","8","0","0","0","67301","0","0","0","N","0","0","0","2","68K01","0","","1.0","2240.0","1","N","N","N","0","","0","0","0","0","0","N","2231","2","1","0","0","0","1","0","2","0","2","0","0","0","3","","","N","","","","","","","","","",""
"2022069298","2304","1","0","0","0","0","0","0","0","0","5","0","","67","7","2022","6","40.005236","-75.195482","2259","6","0","0","0","0","0","0","0","0","","0","0","0","22","3","3","N","0","0","40 00:18.849","","0","75 11:43.734","4","0","0","0","67301","0","0","0","N","0","0","0","4","68K01","3","","1.0","","1","N","N","N","1","","0","0","0","0","0","","2250","2","3","0","0","0","0","0","2","0","2","0","0","0","3","03","","N","","","","","","","","","",""
"2022065453","0414","2","0","0","0","0","0","0","0","0","4","0","","67","7","2022","1","40.034107","-75.176519","0414","6","0","0","0","0","1","0","0","0","","0","0","0","3","3","0","","1","2","40 02:02.785","6","0","75 10:35.468","0","0","0","0","67301","0","0","0","N","0","0","0","2","67301","0","","1.0","515.0","9","N","N","N","0","","0","0","0","3","2","Y","355","2","0","0","0","0","0","0","2","0","2","0","0","0","3","03","","N","","","","","","","","","",""
"2022065643","2350","1","0","0","0","0","0","0","0","0","1","0","35","67","7","2022","7","39.953889","-75.139556","2348","6","0","0","0","0","0","0","0","0","","0","0","0","23","3","1","N","0","1","39 57:14.000","4","3","75 08:22.400","2","0","1","1","67301","0","0","0","N","0","0","0","3","67501","0","","1.0","425.0","1","N","N","N","0","","0","1","0","0","0","N","2346","2","1","0","0","0","0","0","2","0","2","0","0","0","3","","Y","Y","4","1","","","N","Y","","","","N"
"2022057013","1810","2","0","0","0","0","0","0","0","0","1","0","","67","6","2022","1","40.052892","-75.141719","1805","6","0","0","0","0","0","1","0","0","","0","0","0","18","1","4","Y","0","2","40 03:10.411","5","0","75 08:30.189","3","0","0","0","67301","0","0","0","N","0","0","0","5","67301","0","","1.0","130.0","1","N","N","N","0","","4","0","2","3","2","Y","1800","4","4","0","0","0","0","0","2","0","4","0","0","0","3","","","N","","","","","","","","","",""
"2022060688","0248","1","0","0","0","0","0","0","0","0","3","0","","67","6","2022","7","39.982153","-75.131705","0247","6","0","0","0","0","0","0","0","0","","0","0","0","2","3","0","","1","0","39 58:55.750","","0","75 07:54.137","0","0","0","0","67301","0","0","0","N","0","0","0","2","67301","0","","1.0","","1","N","N","N","1","","0","0","2","3","3","","235","4","0","0","0","0","0","0","2","0","4","0","0","0","3","","","N","","","","","","","","","",""
"2022055652","1325","0","0","0","0","0","0","0","0","0","8","0","","67","5","2022","5","40.022705","-75.133512","1505","6","0","0","0","0","0","0","0","0","","0","0","0","15","1","1","","1","0","40 01:21.738","","0","75 08:00.643","2","0","0","0","67301","1","0","1","N","1","0","1","2","67301","0","","1.0","","1","N","N","N","0","","0","1","1","3","1","","1500","2","1","0","0","0","0","1","2","0","1","1","0","1","3","","","N","","","","","","","","","",""
"2022069395","0906","2","0","0","0","0","0","0","0","0","1","0","","67","7","2022","3","39.980726","-75.205953","0849","6","0","0","0","0","0","0","0","0","","0","0","0","8","1","0","N","0","0","39 58:50.612","","0","75 12:21.431","0","0","0","0","67301","0","0","0","N","0","0","0","2","68K01","0","","1.0","","1","N","N","N","0","","0","0","0","0","0","","848","2","0","0","0","0","0","0","2","0","2","0","0","0","3","03","","N","","","","","","","","","",""
"2022066350","1615","1","0","0","0","0","0","0","0","0","1","0","","67","7","2022","7","39.921264","-75.193813","1609","6","0","0","0","0","0","1","0","0","","0","0","0","15","1","1","","1","0","39 55:16.550","","0","75 11:37.727","3","0","0","0","67301","0","0","0","N","0","0","0","3","67301","0","","1.0","","1","N","N","N","0","","1","0","1","3","2","","1510","2","1","0","0","0","0","0","2","0","2","0","0","0","4","","","N","","","","","","","","","",""
"2022069973","1320","2","0","0","0","0","0","0","0","0","4","0","","67","7","2022","2","39.942392","-75.228654","1316","6","0","0","0","0","0","0","0","0","","0","0","0","13","1","3","","1","0","39 56:32.611","","0","75 13:43.154","8","0","0","0","67301","0","0","0","N","0","0","0","3","67301","0","","1.0","","1","N","N","N","0","","0","0","0","3","3","","1310","2","3","2","0","0","3","0","2","0","2","0","0","0","3","03","","N","","","","","","","","","",""
"2022077072","1902","1","0","0","1","0","0","0","0","0","8","0","","67","4","2022","6","39.952805","-75.192095","1859","6","0","0","0","0","0","0","0","0","","0","0","0","9","1","1","","1","0","39 57:10.097","","0","75 11:31.542","8","0","0","0","67301","1","0","0","N","0","0","0","2","67504","0","","1.0","","1","N","N","N","0","","0","0","0","3","2","","920","2","1","0","0","0","1","0","2","0","1","1","0","0","3","03","","N","","","","","","","","","",""
"2022070885","0730","1","0","0","0","0","0","1","0","0","2","1","","67","7","2022","3","40.035931","-75.126612","0709","6","0","0","0","0","0","1","0","0","","0","0","0","7","1","6","","1","0","40 02:09.352","","0","75 07:35.804","4","0","0","0","67301","0","0","0","N","0","0","0","8","67508","6","","1.0","","1","N","N","N","0","","0","0","0","0","0","","702","2","6","0","0","0","0","0","2","0","2","0","0","0","3","03","","N","","","","","","","","","",""
"2022066023","1940","1","0","0","0","0","0","0","0","0","4","0","","67","7","2022","1","39.98807","-75.242416","1935","6","0","0","0","0","0","1","0","0","","0","0","0","18","1","4","","1","0","39 59:17.052","","0","75 14:32.697","4","0","0","0","67301","0","0","0","N","0","0","0","5","67301","4","","1.0","","1","N","N","N","0","","0","0","1","3","3","","1804","2","4","0","0","0","0","0","2","0","2","0","0","0","3","03","","N","","","","","","","","","",""
"2022077222","1538","1","0","0","0","0","0","0","0","0","1","0","","67","8","2022","7","39.898963","-75.169148","1532","6","0","0","0","0","0","1","0","0","","0","0","0","15","1","0","","6","0","39 53:56.267","","2","75 10:08.934","0","0","0","0","67301","0","0","0","N","0","0","0","4","68K01","0","","1.0","","1","N","N","N","0","","0","0","0","0","0","","1527","2","0","0","0","0","0","0","2","1","2","0","0","0","3","03","","N","","","","","","","","","",""
"2022068550","1630","0","0","0","0","0","0","0","0","0","1","0","","67","7","2022","4","40.053484","-75.054921","1625","6","0","0","0","0","0","0","0","0","","0","0","0","14","1","1","","1","0","40 03:12.544","","0","75 03:17.714","3","0","0","0","67301","0","0","0","N","0","0","0","2","67301","0","","1.0","","1","N","N","N","0","","1","0","2","3","2","","1425","2","1","0","0","0","0","0","2","0","2","0","0","0","3","","","N","","","","","","","","","",""
"2022075962","1339","1","0","0","0","0","0","0","0","0","4","1","","67","8","2022","4","39.918056","-75.210188","1338","6","0","0","0","0","0","0","0","0","","0","1","0","13","1","1","N","0","0","39 55:05.001","","7","75 12:36.677","8","0","0","0","67301","0","0","0","N","0","0","0","2","67301","0","","1.0","","1","N","N","N","0","","0","0","0","0","0","","1338","2","1","0","0","0","1","0","2","0","2","0","0","0","3","03","","N","","","","","","","","","",""
"2022076900","0225","3","0","0","0","0","0","0","0","0","4","0","","67","5","2022","7","39.949607","-75.238614","0219","6","0","0","0","0","0","0","0","0","","0","0","0","2","3","0","","1","1","39 56:58.585","4","0","75 14:19.010","0","0","0","0","67301","0","0","0","N","0","0","0","3","67301","0","","1.0","408.0","9","N","N","N","0","","0","0","2","3","3","N","215","5","0","0","0","0","0","0","2","0","5","0","0","0","7","07","","N","","","","","","","","","",""
"2022077736","0825","0","0","0","0","0","0","0","0","0","5","1","","67","7","2022","5","39.963995","-75.161125","0803","6","0","0","0","0","1","0","0","0","","0","1","0","7","1","1","N","0","0","39 57:50.383","","0","75 09:40.051","3","0","0","0","67301","0","0","0","N","0","0","0","2","67301","0","","1.0","","1","N","Y","N","0","","1","0","0","0","0","","755","2","1","0","0","0","0","0","2","1","2","0","0","0","3","03","","N","","","","","","","","","",""
"2022077601","2358","0","0","0","0","0","0","0","0","0","7","0","","67","8","2022","4","40.081203","-75.041637","2352","6","0","0","0","0","0","0","0","0","","0","0","0","22","2","0","N","0","0","40 04:52.330","","0","75 02:29.892","0","0","0","0","67301","0","0","0","N","0","0","0","1","67301","0","","7.0","","1","N","N","N","0","","0","0","1","0","0","","2220","1","0","1","0","0","0","0","2","0","1","0","0","0","3","03","","N","","","","","","","","","",""
"2022055466","","0","0","0","0","0","0","0","0","0","5","0","","67","6","2022","6","","","","6","0","0","0","0","0","0","0","0","","0","0","0","15","1","1","N","0","0","","","0","","8","0","0","0","67301","0","0","0","N","0","0","0","2","00000","0","","1.0","","1","","","N","0","","0","0","1","0","0","","1540","2","1","0","0","0","1","0","1","0","2","0","0","0","3","","","N","","","","","","","","","",""
"2022070500","1820","0","0","0","0","0","0","0","0","0","1","0","","67","7","2022","5","39.957178","-75.156638","1803","6","0","0","0","0","0","0","0","0","","0","0","0","18","1","1","N","0","1","39 57:25.842","4","0","75 09:23.898","8","0","0","1","67301","0","0","0","N","0","0","0","2","68K01","0","","1.0","1850.0","1","N","N","N","0","","0","0","1","0","0","N","1802","2","1","0","0","0","1","0","2","0","2","0","0","0","3","03","","N","","","","","","","","","",""
"2022065961","0044","0","0","0","0","0","0","0","0","0","1","0","","67","7","2022","6","39.959477","-75.174647","0034","6","0","0","0","0","1","0","0","0","","0","0","0","0","3","2","N","0","2","39 57:34.118","4","0","75 10:28.728","4","0","0","0","67301","0","0","0","N","0","0","0","2","68K01","2","","1.0","51.0","1","N","N","N","0","","0","0","2","0","0","N","30","2","2","0","0","0","0","0","2","0","2","0","0","0","3","","","N","","","","","","","","","",""
"2022065670","0025","3","0","0","0","0","0","0","0","0","1","0","","67","7","2022","2","40.035444","-75.086","0025","6","0","0","0","0","0","0","0","0","","0","0","0","0","2","0","N","0","0","40 02:07.600","","0","75 05:09.600","0","0","0","0","67301","0","0","0","N","0","0","0","1","67301","0","","4.0","","1","N","N","Y","0","","0","0","2","0","0","","25","6","0","0","0","0","0","0","2","1","6","0","0","0","3","03","","N","","","","","","","","","",""
"2022077587","0325","1","0","0","0","0","0","0","0","0","4","0","","67","8","2022","4","40.044597","-75.119422","0325","6","0","0","0","0","0","0","0","0","","0","0","0","2","3","0","N","0","0","40 02:40.550","","0","75 07:09.920","9","0","0","0","67301","0","0","0","N","0","0","0","1","67301","0","","1.0","","1","N","N","N","0","","0","0","1","0","0","","242","2","0","0","0","0","0","1","2","0","2","0","0","0","3","03","","N","","","","","","","","","",""
"2022065502","1810","1","0","0","0","0","0","0","0","0","1","0","","67","7","2022","7","40.06733","-75.240047","1756","6","0","0","0","0","0","1","0","0","","0","0","0","6","1","2","","2","0","40 04:02.389","","0","75 14:24.169","3","0","0","0","67301","0","0","0","N","0","0","0","2","67301","0","","1.0","","1","N","N","N","0","","2","0","1","0","0","","606","2","2","1","0","0","0","0","2","0","2","0","0","0","3","03","","N","","","","","","","","","",""
"2022069984","0037","0","0","0","0","0","0","0","0","0","4","0","","67","7","2022","3","39.942651","-75.236421","0037","6","0","0","0","0","0","0","0","0","","0","0","0","23","3","1","","1","0","39 56:33.543","","0","75 14:11.115","3","0","0","1","67301","0","0","0","N","0","0","0","2","67301","0","","1.0","","1","N","N","N","0","","1","0","0","3","2","","2351","2","1","0","0","0","0","0","2","0","2","0","0","0","3","03","","N","","","","","","","","","",""
"2022066939","1145","3","0","0","0","0","0","0","0","0","5","0","","67","7","2022","5","39.977056","-75.154417","0000","6","0","0","0","0","0","0","0","0","","0","0","0","11","1","0","N","0","0","39 58:37.400","","0","75 09:15.900","0","0","0","0","67301","0","0","0","N","0","0","0","1","67505","0","","6.0","","1","N","N","N","0","","0","0","1","0","0","","1130","4","0","0","0","0","0","0","2","0","4","0","0","0","3","03","","N","","","","","","","","","",""
"2022076916","1225","1","0","0","0","0","0","0","0","0","1","1","","67","8","2022","2","39.943355","-75.165509","1222","6","0","0","0","0","0","1","0","0","","0","1","0","12","1","2","N","0","2","39 56:36.078","1","0","75 09:55.834","3","0","0","0","67301","0","0","0","N","0","0","0","2","67301","0","","6.0","1355.0","1","N","N","N","0","","2","0","0","0","0","N","1222","2","2","1","0","0","0","0","2","0","2","0","0","0","3","","","N","","","","","","","","","",""
"2022081014","1630","1","0","0","0","0","0","0","0","0","1","0","","67","8","2022","2","39.959601","-75.234208","1629","6","0","0","0","0","1","1","0","0","","0","0","0","16","1","2","N","0","0","39 57:34.565","","7","75 14:03.147","3","0","0","0","67301","0","0","0","N","0","0","0","2","67301","0","","6.0","","1","N","N","N","0","","2","0","2","0","0","","1622","3","2","0","0","0","0","0","2","0","3","0","0","0","4","03","","N","","","","","","","","","",""
"2022075347","2217","0","0","0","0","0","0","0","0","0","7","0","","67","8","2022","2","39.966493","-75.135031","2214","6","0","0","0","0","0","0","0","0","","0","0","0","22","3","0","N","0","1","39 57:59.373","1","3","75 08:06.111","0","0","0","0","67301","0","0","0","N","0","0","0","2","68K01","0","","4.0","2250.0","1","N","N","N","1","","0","0","0","0","0","N","2210","1","0","0","0","0","0","0","2","0","1","0","0","0","3","03","","N","","","","","","","","","",""
"2022072207","1925","0","0","0","1","0","0","0","0","0","8","0","","67","8","2022","2","39.945579","-75.165136","1921","6","0","0","0","0","0","0","0","0","","0","0","0","19","1","1","","1","0","39 56:44.085","","0","75 09:54.490","4","0","0","0","67301","1","0","0","N","0","0","0","2","67301","1","","1.0","","1","N","N","N","0","","0","0","0","3","2","","1921","2","1","0","0","0","0","0","2","0","1","1","0","0","3","03","","N","","","","","","","","","",""
"2022068754","1100","1","0","0","0","0","0","0","0","0","99","0","","67","7","2022","5","39.893476","-75.226085","1046","6","0","0","0","0","0","0","0","0","","0","0","0","10","1","1","","2","0","39 53:36.513","","0","75 13:33.906","8","0","0","0","67301","0","0","0","N","0","0","0","2","67301","0","","1.0","","1","N","N","N","0","","0","0","1","3","3","","1046","2","1","0","0","0","1","1","2","0","2","0","0","0","3","03","","N","","","","","","","","","",""
"2022066898","1445","2","0","0","0","0","0","0","0","0","4","0","","67","7","2022","3","39.911708","-75.172371","1438","6","0","0","0","0","0","0","0","0","","0","0","0","14","1","2","","1","0","39 54:42.149","","0","75 10:20.537","3","0","0","0","67301","0","0","0","N","0","0","0","4","67301","0","","1.0","","1","N","N","N","0","","2","0","0","3","2","","1421","2","2","0","0","0","0","0","2","0","2","0","0","0","3","","","N","","","","","","","","","",""
"2022072795","2155","2","0","0","0","0","0","0","0","0","1","0","","67","7","2022","6","39.965944","-75.186483","2153","6","0","1","0","0","0","1","1","0","","0","0","0","21","3","0","N","0","0","39 57:57.400","","0","75 11:11.338","0","0","0","0","67301","0","0","0","N","0","0","0","7","68K01","0","","1.0","","1","N","N","N","0","","0","0","1","0","0","","2150","3","0","0","0","0","0","0","2","0","3","0","0","0","3","","","N","","","","","","","","","",""