"CRN","ARRIVAL_TM","AUTOMOBILE_COUNT","BELTED_DEATH_COUNT","BELTED_SUSP_SERIOUS_INJ_COUNT","BICYCLE_COUNT","BICYCLE_DEATH_COUNT","BICYCLE_SUSP_SERIOUS_INJ_COUNT","BUS_COUNT","CHLDPAS_DEATH_COUNT","CHLDPAS_SUSP_SERIOUS_INJ_COUNT","COLLISION_TYPE","COMM_VEH_COUNT","CONS_ZONE_SPD_LIM","COUNTY","CRASH_MONTH","CRASH_YEAR","DAY_OF_WEEK","DEC_LATITUDE","DEC_LONGITUDE","DISPATCH_TM","DISTRICT","DRIVER_COUNT_16YR","DRIVER_COUNT_17YR","DRIVER_COUNT_18YR","DRIVER_COUNT_19YR","DRIVER_COUNT_20YR","DRIVER_COUNT_50_64YR","DRIVER_COUNT_65_74YR","DRIVER_COUNT_75PLUS","EST_HRS_CLOSED","FATAL_COUNT","HEAVY_TRUCK_COUNT","HORSE_BUGGY_COUNT","HOUR_OF_DAY","ILLUMINATION","INJURY_COUNT","INTERSECTION_RELATED","INTERSECT_TYPE","LANE_CLOSED","LATITUDE","LN_CLOSE_DIR","LOCATION_TYPE","LONGITUDE","MAX_SEVERITY_LEVEL","MCYCLE_DEATH_COUNT","MCYCLE_SUSP_SERIOUS_INJ_COUNT","MOTORCYCLE_COUNT","MUNICIPALITY","NONMOTR_COUNT","NONMOTR_DEATH_COUNT","NONMOTR_SUSP_SERIOUS_INJ_COUNT","NTFY_HIWY_MAINT","PED_COUNT","PED_DEATH_COUNT","PED_SUSP_SERIOUS_INJ_COUNT","PERSON_COUNT","POLICE_AGCY","POSSIBLE_INJ_COUNT","RDWY_SURF_TYPE_CD","RELATION_TO_ROAD","ROADWAY_CLEARED","ROAD_CONDITION","SCH_BUS_IND","SCH_ZONE_IND","SECONDARY_CRASH","SMALL_TRUCK_COUNT","SPEC_JURIS_CD","SUSP_MINOR_INJ_COUNT","SUSP_SERIOUS_INJ_COUNT","SUV_COUNT","TCD_FUNC_CD","TCD_TYPE","TFC_DETOUR_IND","TIME_OF_DAY","TOTAL_UNITS","TOT_INJ_COUNT","UNBELTED_OCC_COUNT","UNB_DEATH_COUNT","UNB_SUSP_SERIOUS_INJ_COUNT","UNK_INJ_DEG_COUNT","UNK_INJ_PER_COUNT","URBAN_RURAL","VAN_COUNT","VEHICLE_COUNT","VULNERABLE_ROAD_USER_COUNT","VULNERABLE_ROAD_USER_DEATH_COUNT","VULNERABLE_ROAD_USER_SER_INJ_COUNT","WEATHER1","WEATHER2","WORKERS_PRES","WORK_ZONE_IND","WORK_ZONE_LOC","WORK_ZONE_TYPE","WZ_CLOSE_DETOUR","WZ_FLAGGER","WZ_LAW_OFFCR_IND","WZ_LN_CLOSURE","WZ_MOVING","WZ_OTHER","WZ_SHLDER_MDN","WZ_WORKERS_INJ_KILLED"
"2022069478","1615","2","0","0","0","0","0","0","0","0","4","0","","67","7","2022","5","40.000018","-75.100307","1610","6","0","0","1","0","0","0","0","0","","0","0","0","14","1","1","","1","0","40 00:00.064","","0","75 06:01.105","3","0","0","0","67301","0","0","0","N","0","0","0","2","67301","0","","1.0","","1","N","N","N","0","","1","0","0","3","3","","1445","2","1","0","0","0","0","0","2","0","2","0","0","0","3","03","","N","","","","","","","","","",""
"2022068552","2345","1","0","0","0","0","0","0","0","0","4","0","","67","7","2022","5","40.034413","-75.082215","2341","6","0","0","0","0","0","0","0","0","","0","0","0","23","3","1","","1","0","40 02:03.886","","0","75 04:55.973","3","0","0","1","67301","0","0","0","N","0","0","0","2","67301","0","","1.0","","1","N","N","N","0","","1","0","0","3","2","","2330","2","1","0","0","0","0","0","2","0","2","0","0","0","3","","","N","","","","","","","","","",""
"2022077970","0218","0","0","0","0","0","0","0","0","0","7","0","","67","6","2022","4","39.930697","-75.198895","0212","6","0","0","0","0","0","0","0","0","","0","0","0","2","3","0","N","0","1","39 55:50.510","3","0","75 11:56.022","0","0","0","0","67301","0","0","0","N","0","0","0","2","68K01","0","","4.0","240.0","1","N","N","N","1","","0","0","0","0","0","N","210","1","0","0","0","0","0","0","2","0","1","0","0","0","3","03","","N","","","","","","","","","",""
"2022064659","0415","2","0","0","0","0","0","0","0","0","2","0","","67","7","2022","5","40.041947","-75.071697","0358","6","0","0","0","0","0","0","0","0","","0","0","0","3","3","0","N","0","0","40 02:31.010","","0","75 04:18.110","0","0","0","0","67301","0","0","0","N","0","0","0","1","67301","0","","6.0","","1","N","N","N","0","","0","0","0","0","0","","344","2","0","0","0","0","0","0","2","0","2","0","0","0","3","03","","N","","","","","","","","","",""
"2022066388","0228","2","0","0","0","0","0","0","0","0","0","0","","67","7","2022","5","39.993392","-75.137644","0225","6","0","0","0","0","0","0","0","0","","0","0","0","2","3","1","N","0","2","39 59:36.210","4","0","75 08:15.520","3","0","0","0","67301","0","0","0","N","0","0","0","1","67301","0","","1.0","420.0","1","N","N","N","0","","1","0","0","0","0","N","222","2","1","0","0","0","0","0","2","0","2","0","0","0","3","03","","N","","","","","","","","","",""
"2022062102","","1","0","0","0","0","0","0","0","0","4","0","","67","6","2022","1","39.953431","-75.163827","","6","0","0","0","0","0","1","0","0","","0","0","0","15","1","1","","3","0","39 57:12.352","","0","75 09:49.776","8","0","0","0","67301","0","0","0","N","0","0","0","2","00000","0","","1.0","","1","","","N","0","","0","0","0","3","2","","1545","2","1","0","0","0","1","0","2","0","2","0","0","0","3","","","N","","","","","","","","","",""
"2022073818","2341","1","0","0","0","0","0","0","0","0","4","0","","67","7","2022","7","39.95844","-75.237445","2341","6","0","0","0","0","0","0","0","0","","0","0","0","23","3","2","","1","0","39 57:30.385","","0","75 14:14.802","4","0","0","0","67301","0","0","0","N","0","0","0","3","67301","1","","1.0","","9","N","N","N","0","","0","0","0","3","2","","2330","2","2","1","0","0","1","0","2","0","2","0","0","0","7","03","","N","","","","","","","","","",""
"2022066507","0024","0","0","0","0","0","0","0","0","0","5","0","","67","7","2022","4","39.961556","-75.190389","0023","6","0","0","0","0","0","0","0","0","","0","0","0","0","3","0","N","0","0","39 57:41.600","","0","75 11:25.400","9","0","0","0","67301","0","0","0","N","0","0","0","2","67507","0","","6.0","","1","N","N","N","0","","0","0","2","0","0","","20","2","0","0","0","0","0","1","2","0","2","0","0","0","3","","","N","","","","","","","","","",""
"2022075883","1855","1","0","0","0","0","0","0","0","0","8","0","","67","7","2022","1","39.952507","-75.177007","1855","6","0","0","0","0","0","0","0","0","","0","0","0","16","1","1","","1","0","39 57:09.026","","0","75 10:37.226","3","0","0","0","67301","1","0","0","N","1","0","0","2","67301","0","","1.0","","1","N","N","N","0","","1","0","0","3","1","","1614","2","1","0","0","0","0","0","2","0","1","1","0","0","3","03","","N","","","","","","","","","",""
"2022066360","1711","0","0","0","0","0","0","0","0","0","8","0","","67","7","2022","3","39.982889","-75.175454","1710","6","0","0","0","0","0","0","0","0","","0","0","0","17","1","1","","3","0","39 58:58.402","","0","75 10:31.635","3","0","0","0","67301","1","0","0","N","1","0","0","2","67301","0","","1.0","","1","N","N","N","1","","1","0","0","3","3","","1707","2","1","0","0","0","0","0","2","0","1","1","0","0","3","03","","N","","","","","","","","","",""
"2022068573","1150","2","0","0","0","0","0","0","0","0","5","0","","67","7","2022","4","40.071816","-75.201658","1147","6","0","0","0","0","0","0","0","0","","0","0","0","11","1","1","N","0","0","40 04:18.539","","0","75 12:05.969","4","0","0","0","67301","0","0","0","N","0","0","0","1","67301","1","","6.0","","1","N","N","N","0","","0","0","1","0","0","","1144","3","1","0","0","0","0","0","2","0","3","0","0","0","3","03","","N","","","","","","","","","",""
"2022077897","0002","1","0","0","0","0","0","0","0","0","5","0","","67","8","2022","4","40.049839","-75.079028","0000","6","0","0","0","0","0","0","0","0","","0","0","0","23","3","0","N","0","0","40 02:59.420","","0","75 04:44.500","9","0","0","0","67301","0","0","0","N","0","0","0","1","67301","0","","2.0","","1","N","N","N","0","","0","0","0","0","0","","2359","2","0","0","0","0","0","1","2","1","2","0","0","0","3","","","N","","","","","","","","","",""
"2022077295","0720","1","0","0","0","0","0","0","0","0","4","0","","67","6","2022","5","39.948613","-75.217112","0720","6","0","0","0","0","0","0","0","0","","0","0","0","6","1","0","","1","0","39 56:55.007","","0","75 13:01.602","9","0","0","0","67301","0","0","0","N","0","0","0","2","67301","0","","1.0","","1","N","N","N","0","","0","0","1","3","2","","645","2","0","0","0","0","0","1","2","0","2","0","0","0","3","03","","N","","","","","","","","","",""
"2022065717","2135","1","0","0","0","0","0","0","0","0","5","0","","67","7","2022","1","40.018482","-75.167628","2118","6","0","0","0","0","0","0","0","0","","0","0","0","20","3","0","N","0","0","40 01:06.536","","0","75 10:03.459","0","0","0","0","67301","0","0","0","N","0","0","0","2","67301","0","","1.0","","1","N","N","N","0","","0","0","1","0","0","","2045","2","0","0","0","0","0","0","2","0","2","0","0","0","3","03","","N","","","","","","","","","",""
"2022077007","2200","2","0","0","0","0","0","0","0","0","1","0","","67","7","2022","4","39.992391","-75.201224","2154","6","0","0","0","0","0","0","0","0","","0","0","0","21","3","0","N","0","2","39 59:32.606","4","0","75 12:04.405","0","0","0","0","67301","0","0","0","N","0","0","0","2","68K01","0","","1.0","2205.0","1","N","N","N","0","","0","0","0","0","0","N","2129","2","0","0","0","0","0","0","2","0","2","0","0","0","3","03","","N","","","","","","","","","",""
"2022066022","1709","1","0","0","0","0","0","0","0","0","4","0","","67","7","2022","1","39.991604","-75.228061","1656","6","0","0","0","0","0","0","2","0","","0","0","0","16","1","1","","1","0","39 59:29.774","","0","75 13:41.019","3","0","0","0","67301","0","0","0","N","0","0","0","3","67301","0","","1.0","","1","N","N","N","0","","1","0","1","3","3","","1654","2","1","0","0","0","0","0","2","0","2","0","0","0","3","03","","N","","","","","","","","","",""
"2022065391","1820","2","0","0","0","0","0","0","0","0","4","0","","67","7","2022","6","40.01224","-75.150481","1811","6","0","0","0","0","0","0","0","0","","0","0","0","18","1","1","","1","0","40 00:44.064","","0","75 09:01.733","3","0","0","0","67301","0","0","0","N","0","0","0","2","67301","0","","1.0","","1","N","N","N","0","","1","0","0","0","0","","1800","2","1","0","0","0","0","0","2","0","2","0","0","0","3","03","","N","","","","","","","","","",""
"2022065798","2119","0","0","0","0","0","0","0","0","0","7","0","","67","7","2022","1","40.075667","-75.233711","2114","6","1","0","0","0","0","0","0","0","","0","0","0","21","3","1","N","0","2","40 04:32.400","7","0","75 14:01.360","3","0","0","0","67301","0","0","0","N","0","0","0","1","67301","0","","4.0","2342.0","1","N","N","N","0","","1","0","1","0","0","Y","2108","1","1","0","0","0","0","0","2","0","1","0","0","0","3","03","","N","","","","","","","","","",""
"2022068590","1109","2","0","0","0","0","0","0","0","0","6","0","","67","7","2022","3","39.948342","-75.237519","1022","6","0","0","0","0","0","0","0","0","","0","0","0","10","1","0","N","0","1","39 56:54.030","2","0","75 14:15.070","9","0","0","0","67301","0","0","0","N","0","0","0","1","67301","0","","6.0","1150.0","1","N","N","N","0","","0","0","2","0","0","N","1015","4","0","0","0","0","0","1","2","0","4","0","0","0","3","03","","N","","","","","","","","","",""
"2022065297","0130","2","0","0","0","0","0","0","0","0","1","0","","67","7","2022","7","40.03176","-75.109056","0126","6","0","0","0","0","0","0","0","0","","0","0","0","1","3","1","","5","0","40 01:54.335","","0","75 06:32.601","3","0","0","0","67301","0","0","0","N","0","0","0","2","67301","0","","1.0","","1","N","N","N","0","","1","0","0","3","2","","100","2","1","0","0","0","0","0","2","0","2","0","0","0","3","03","","N","","","","","","","","","",""
"2022068816","2250","2","0","0","0","0","0","0","0","0","4","0","","67","7","2022","3","39.989343","-75.155473","2250","6","0","0","0","0","0","0","0","0","","0","0","0","22","3","4","","1","1","39 59:21.634","2","0","75 09:19.704","8","0","0","0","67301","0","0","0","N","0","0","0","4","67301","0","","1.0","2310.0","1","N","N","N","0","","0","0","0","3","2","N","2250","2","4","0","0","0","4","0","2","0","2","0","0","0","3","03","","N","","","","","","","","","",""
"2022068818","1631","3","0","0","0","0","0","0","0","0","4","0","","67","7","2022","4","39.996295","-75.185362","1627","6","0","0","0","0","0","0","0","0","","0","0","0","16","1","1","","1","0","39 59:46.663","","0","75 11:07.303","3","0","0","0","67301","0","0","0","N","0","0","0","2","67301","0","","1.0","","1","N","N","N","0","","1","0","0","3","2","","1625","3","1","0","0","0","0","0","2","0","3","0","0","0","3","03","","N","","","","","","","","","",""
"2022064061","0713","0","0","0","0","0","0","0","0","0","4","0","","67","7","2022","3","40.018438","-75.149133","0712","6","0","0","0","0","1","1","0","0","","0","0","0","7","1","1","","1","0","40 01:06.376","","0","75 08:56.880","3","0","0","1","67301","0","0","0","N","0","0","0","2","67301","0","","1.0","","1","N","N","N","0","","1","0","1","3","2","","710","2","1","0","0","0","0","0","2","0","2","0","0","0","3","03","","N","","","","","","","","","",""
"2022075996","1220","0","0","0","0","0","0","0","0","0","1","1","","67","8","2022","2","39.891266","-75.222474","1209","6","0","0","0","0","0","0","0","0","","0","1","0","11","1","0","N","0","1","39 53:28.558","1","3","75 13:20.908","0","0","0","0","67301","0","0","0","N","0","0","0","3","68K01","0","","1.0","1245.0","1","N","N","N","1","","0","0","0","0","0","N","1156","3","0","0","0","0","0","0","2","1","3","0","0","0","3","","","N","","","","","","","","","",""
"2022065280","0045","1","0","0","0","0","0","0","0","0","4","0","","67","7","2022","7","39.980224","-75.157607","0045","6","0","0","0","0","0","0","1","0","","0","0","0","0","3","0","","1","0","39 58:48.805","","0","75 09:27.384","9","0","0","0","67301","0","0","0","N","0","0","0","2","67505","0","","1.0","","1","N","N","N","0","","0","0","1","3","2","","37","2","0","0","0","0","0","2","2","0","2","0","0","0","3","03","","N","","","","","","","","","",""
"2022074185","0827","1","0","0","0","0","0","0","0","0","4","0","","67","8","2022","7","39.96248","-75.216215","0824","6","0","0","0","0","0","0","0","0","","0","0","0","8","1","2","","1","0","39 57:44.928","","0","75 12:58.374","3","0","0","0","67301","0","0","0","N","0","0","0","3","67301","0","","1.0","","1","N","N","N","0","","2","0","1","3","2","","822","2","2","0","0","0","0","0","2","0","2","0","0","0","3","03","","N","","","","","","","","","",""
"2022077187","1523","1","0","0","0","0","0","0","0","0","1","1","","67","8","2022","2","39.984694","-75.095031","1512","6","0","0","0","0","0","1","0","0","","0","1","0","15","1","0","N","0","0","39 59:04.897","","3","75 05:42.111","0","0","0","0","67301","0","0","0","N","0","0","0","3","68K01","0","","1.0","","1","N","N","N","1","","0","0","0","0","0","","1508","3","0","0","0","0","0","0","2","0","3","0","0","0","3","03","","N","","","","","","","","","",""
"2022064954","1705","1","0","0","0","0","0","0","0","0","1","0","","67","7","2022","5","39.8929","-75.244319","1656","6","0","1","0","0","0","0","0","0","","0","0","0","15","1","1","N","0","0","39 53:34.440","","0","75 14:39.550","8","0","0","1","67301","0","0","0","N","0","0","0","2","67301","0","","1.0","","1","N","N","N","0","","0","0","0","0","0","","1524","2","1","0","0","0","1","0","2","0","2","0","0","0","3","03","","N","","","","","","","","","",""
"2022068585","1400","1","0","0","0","0","0","0","0","0","1","1","","67","7","2022","4","40.026072","-75.094924","1357","6","0","0","0","0","0","0","0","0","","0","1","0","13","1","1","","2","0","40 01:33.859","","0","75 05:41.726","3","0","0","0","67301","0","0","0","N","0","0","0","2","67301","0","","1.0","","1","N","N","N","0","","1","0","0","0","0","","1340","2","1","0","0","0","0","0","2","0","2","0","0","0","3","03","","N","","","","","","","","","",""
"2022064438","1145","0","0","0","0","0","0","0","0","0","4","0","","67","7","2022","4","40.00468","-75.152126","1140","6","0","0","0","0","0","1","0","0","","0","0","0","11","1","2","","1","0","40 00:16.847","","0","75 09:07.652","4","0","0","0","67301","0","0","0","N","0","0","0","2","67505","2","","1.0","","1","N","N","N","0","","0","0","1","3","2","","1138","2","2","0","0","0","0","0","2","1","2","0","0","0","3","","","N","","","","","","","","","",""
"2022066705","1715","1","0","0","0","0","0","0","0","0","1","0","","67","7","2022","3","39.891953","-75.176131","1710","6","0","0","0","0","0","0","0","0","","0","0","0","17","1","1","N","0","0","39 53:31.030","","0","75 10:34.070","8","0","0","0","67301","0","0","0","N","0","0","0","2","67301","0","","1.0","","1","N","N","N","0","","0","0","1","0","0","","1700","2","1","0","0","0","1","0","2","0","2","0","0","0","3","","","N","","","","","","","","","",""
"2022066803","0056","0","0","0","0","0","0","0","0","0","7","0","","67","7","2022","2","39.955446","-75.148053","0056","6","0","0","0","0","0","1","0","0","","0","0","0","0","3","0","N","0","0","39 57:19.606","","2","75 08:52.989","0","0","0","0","67301","0","0","0","N","0","0","0","2","67501","0","","4.0","","9","N","N","N","0","","0","0","1","0","0","","56","1","0","0","0","0","0","0","2","0","1","0","0","0","7","","","N","","","","","","","","","",""
"2022077408","1245","1","0","0","0","0","0","0","0","0","4","0","","67","8","2022","3","40.100808","-75.007767","1233","6","0","0","0","0","0","0","1","0","","0","0","0","12","1","0","","2","0","40 06:02.907","","0","75 00:27.961","9","0","0","0","67301","0","0","0","N","0","0","0","3","67301","0","","1.0","","1","N","N","N","0","","0","0","1","3","2","","1220","2","0","0","0","0","0","1","2","0","2","0","0","0","3","","","N","","","","","","","","","",""
"2022072612","1540","0","0","0","0","0","0","0","0","0","8","0","","67","7","2022","3","39.992957","-75.110258","1540","6","0","0","0","0","0","0","0","0","","0","0","0","15","1","1","","1","0","39 59:34.645","","0","75 06:36.928","3","0","0","0","67301","1","0","0","N","1","0","0","2","67301","0","","1.0","","1","N","N","N","1","","1","0","0","3","2","","1535","2","1","0","0","0","0","0","2","0","1","1","0","0","3","","","N","","","","","","","","","",""
"2022076294","0507","3","0","0","0","0","0","0","0","0","2","0","","67","8","2022","7","40.031234","-75.066095","0507","6","0","0","0","0","0","0","0","0","","0","0","0","3","3","0","N","0","1","40 01:52.441","3","0","75 03:57.942","0","0","0","0","67301","0","0","0","N","0","0","0","0","67301","0","","1.0","600.0","1","N","N","N","0","","0","0","0","0","0","N","351","3","0","0","0","0","0","0","2","0","3","0","0","0","3","","","N","","","","","","","","","",""
"2022065451","1615","0","0","0","1","0","0","0","0","0","8","0","","67","7","2022","7","39.915079","-75.157406","1610","6","0","0","0","0","0","0","0","0","","0","0","0","14","1","1","","2","0","39 54:54.283","","0","75 09:26.663","3","0","0","0","67301","1","0","0","N","0","0","0","2","67301","0","","1.0","","1","N","N","N","0","","1","0","0","0","0","","1445","2","1","0","0","0","0","0","2","0","1","1","0","0","3","04","","N","","","","","","","","","",""
"2022072271","1000","1","0","0","0","0","0","0","0","0","2","0","","67","7","2022","3","40.006121","-75.098969","0909","6","0","0","0","0","0","0","0","0","","0","0","0","9","1","1","N","0","0","40 00:22.037","","0","75 05:56.289","4","0","0","0","67301","0","0","0","N","0","0","0","1","67301","1","","6.0","","1","N","N","N","0","","0","0","2","0","0","","900","4","1","0","0","0","0","0","2","1","4","0","0","0","3","03","","N","","","","","","","","","",""
"2022076899","0010","2","0","0","0","0","0","0","0","0","4","0","","67","5","2022","6","39.954517","-75.229889","0005","6","0","0","0","0","0","0","0","0","","0","0","0","23","3","1","","1","0","39 57:16.261","","0","75 13:47.600","8","0","0","0","67301","0","0","0","N","0","0","0","2","67301","0","","1.0","","9","N","N","N","0","","0","0","0","3","3","","2330","3","1","0","0","0","1","0","2","0","3","0","0","0","7","07","","N","","","","","","","","","",""
"2022077350","2315","0","0","0","0","0","0","1","0","0","5","1","","67","8","2022","1","40.021382","-75.079383","2314","6","0","0","0","0","0","0","0","0","","0","0","0","23","3","1","","1","0","40 01:16.975","","0","75 04:45.778","4","0","0","0","67301","0","0","0","N","0","0","0","3","67508","1","","1.0","","1","N","N","N","0","","0","0","0","3","3","","2314","2","1","0","0","0","0","0","2","0","2","0","0","0","3","03","","N","","","","","","","","","",""
"2022069440","1138","0","0","0","0","0","0","0","0","0","7","0","","67","7","2022","6","39.976543","-75.158258","1138","6","0","0","0","0","0","0","0","0","","0","0","0","11","1","0","N","0","1","39 58:35.554","1","7","75 09:29.730","0","0","0","0","67301","0","0","0","N","0","0","0","1","67508","0","","3.0","9999.0","1","N","N","N","0","","0","0","1","3","3","N","1135","1","0","0","0","0","0","0","2","0","1","0","0","0","3","03","","N","","","","","","","","","",""
"2022075808","1010","1","0","0","0","0","0","0","0","0","5","0","","67","8","2022","1","40.031527","-75.14627","1008","6","0","0","0","0","0","0","0","0","","1","0","0","7","1","0","N","0","0","40 01:53.496","","0","75 08:46.571","1","0","0","0","67301","0","0","0","N","0","0","0","1","67301","0","1","6.0","","1","N","N","N","0","0","0","0","1","3","2","","732","2","0","0","0","0","0","0","2","0","2","0","0","0","3","03","","N","","","","","","","","","",""
"2022068562","0906","0","0","0","1","0","0","0","0","0","8","0","","67","7","2022","6","39.962708","-75.144631","0904","6","0","0","0","0","0","0","0","0","","0","0","0","9","1","1","","1","0","39 57:45.748","","0","75 08:40.671","3","0","0","0","67301","1","0","0","N","0","0","0","2","67301","0","","1.0","","1","N","N","N","0","","1","0","1","3","3","","902","2","1","0","0","0","0","0","2","0","1","1","0","0","3","03","","N","","","","","","","","","",""
"2022066006","1544","1","0","0","0","0","0","0","0","0","1","0","","67","7","2022","2","40.134127","-75.00931","1544","6","0","0","0","0","0","2","0","0","","0","0","0","15","1","2","N","0","1","40 08:02.858","1","0","75 00:33.515","3","0","0","0","67301","0","0","0","N","0","0","0","3","67301","0","","1.0","1548.0","1","N","N","N","0","","2","0","2","0","0","N","1500","3","2","0","0","0","0","0","2","0","3","0","0","0","3","","","N","","","","","","","","","",""
"2022069455","1610","1","0","0","0","0","0","0","0","0","4","0","","67","7","2022","1","40.011333","-75.106722","1600","6","0","0","0","0","0","1","0","0","","0","0","0","15","1","4","N","0","0","40 00:40.800","","7","75 06:24.200","3","0","0","0","67301","0","0","0","N","0","0","0","4","67301","3","","1.0","","1","N","N","N","0","","1","0","1","0","0","","1555","2","4","4","0","0","0","0","2","0","2","0","0","0","3","03","","N","","","","","","","","","",""
"2022066910","2355","0","0","0","0","0","0","0","0","0","2","0","","67","7","2022","4","40.065267","-75.155186","2345","6","0","0","0","0","0","0","0","0","","0","0","0","21","3","1","N","0","0","40 03:54.960","","0","75 09:18.670","2","0","1","1","67301","0","0","0","N","0","0","0","2","67301","0","","1.0","","1","N","N","N","0","","0","1","0","0","0","","2130","2","1","0","0","0","0","0","2","1","2","0","0","0","3","","","N","","","","","","","","","",""
"2022067144","1147","1","0","0","0","0","0","0","0","0","4","0","","67","7","2022","5","40.00768","-75.15158","1147","6","0","0","0","0","0","0","0","0","","0","0","0","11","1","1","","1","1","40 00:27.648","2","0","75 09:05.687","3","0","0","0","67301","0","0","0","N","0","0","0","2","67301","0","","1.0","1300.0","1","N","N","N","0","","1","0","1","3","2","N","1145","2","1","0","0","0","0","0","2","0","2","0","0","0","3","03","","N","","","","","","","","","",""
"2022057716","","1","0","0","0","0","0","0","0","0","5","0","","67","6","2022","1","","","","6","0","0","0","0","0","1","0","0","","0","0","0","21","2","2","N","0","0","","","0","","8","0","0","0","67301","0","0","0","N","0","0","0","3","00000","0","","1.0","","1","","","N","0","","0","0","0","0","0","","2115","2","2","0","0","0","2","0","1","0","2","0","0","0","3","","","N","","","","","","","","","",""
"2022082190","1720","2","0","0","0","0","0","0","0","0","1","0","","67","8","2022","1","39.945388","-75.190499","1700","6","0","0","0","0","0","0","1","0","","0","0","0","16","1","0","N","0","0","39 56:43.397","","0","75 11:25.798","0","0","0","0","67301","0","0","0","N","0","0","0","9","68K01","0","","1.0","","1","N","N","N","0","","0","0","1","0","0","","1659","3","0","0","0","0","0","0","2","0","3","0","0","0","3","03","","N","","","","","","","","","",""
"2022076248","0914","1","0","0","0","0","0","1","0","0","1","1","","67","8","2022","6","39.957499","-75.159728","0858","6","0","0","0","0","0","1","0","0","","0","0","0","8","1","1","N","0","0","39 57:26.996","","0","75 09:35.022","3","0","0","0","67301","0","0","0","N","0","0","0","2","68K01","0","","1.0","","1","N","N","N","0","","1","0","0","0","0","","855","2","1","0","0","0","0","0","2","0","2","0","0","0","3","03","","N","","","","","","","","","",""
"2022067630","2343","1","0","0","0","0","0","0","0","0","5","0","","67","7","2022","5","39.905833","-75.133222","2337","6","0","0","0","0","0","0","0","0","","0","0","0","23","3","0","N","0","2","39 54:21.000","3","3","75 07:59.600","9","0","0","0","67301","0","0","0","N","0","0","0","2","67501","0","","1.0","59.0","1","N","N","N","1","","0","0","0","0","0","N","2335","2","0","0","0","0","0","1","2","0","2","0","0","0","3","03","","N","","","","","","","","","",""
"2022068817","0402","0","0","0","0","0","0","0","0","0","7","0","","67","7","2022","4","39.993175","-75.186842","0400","6","0","0","0","0","0","0","0","0","","0","0","0","3","3","0","N","0","0","39 59:35.430","","0","75 11:12.630","0","0","0","0","67301","0","0","0","N","0","0","0","1","67301","0","","4.0","","1","N","N","N","0","","0","0","1","0","0","","311","1","0","0","0","0","0","0","2","0","1","0","0","0","3","03","","N","","","","","","","","","",""
"2022068555","1900","3","0","0","0","0","0","0","0","0","4","0","","67","7","2022","3","39.917929","-75.159278","1855","6","0","0","0","0","0","0","0","0","","0","0","0","18","1","2","","1","0","39 55:04.544","","0","75 09:33.400","3","0","0","0","67301","0","0","0","N","0","0","0","3","67301","0","","1.0","","1","N","N","N","1","","2","0","2","3","3","","1845","6","2","1","0","0","0","0","2","0","6","0","0","0","3","03","","N","","","","","","","","","",""
"2022066361","1508","1","0","0","0","0","0","0","0","0","8","0","","67","7","2022","6","39.994714","-75.140311","1508","6","0","0","0","0","0","0","0","0","","0","0","0","20","3","1","N","0","0","39 59:40.970","","0","75 08:25.120","2","0","0","0","67301","1","0","1","N","1","0","1","2","67301","0","","1.0","","1","N","N","N","0","","0","1","0","0","0","","2026","2","1","0","0","0","0","0","2","0","1","1","0","1","3","03","","N","","","","","","","","","",""
"2022066977","0035","1","0","0","0","0","0","0","0","0","4","0","","67","7","2022","1","39.973833","-75.206444","0022","6","0","0","0","0","0","0","1","0","","0","0","0","0","3","1","","1","0","39 58:25.797","","0","75 12:23.198","8","0","0","0","67301","0","0","0","N","0","0","0","3","67301","0","","1.0","","9","N","N","N","1","","0","0","1","2","1","","11","3","1","0","0","0","1","0","2","0","3","0","0","0","7","07","","N","","","","","","","","","",""
"2022075067","0330","0","0","0","0","0","0","1","0","0","2","1","","67","8","2022","1","39.996564","-75.074971","0315","6","0","0","0","0","0","1","0","0","","0","0","0","3","3","1","N","0","1","39 59:47.631","1","0","75 04:29.895","8","0","0","1","67301","0","0","0","N","0","0","0","3","67508","0","","1.0","9999.0","1","N","N","Y","0","","0","0","0","0","0","N","305","3","1","0","0","0","1","1","2","0","3","0","0","0","3","03","","N","","","","","","","","","",""
"2022065461","1952","0","0","0","1","0","0","0","0","0","8","0","","67","7","2022","7","40.000166","-75.153236","1944","6","0","0","0","0","0","0","0","0","","0","0","0","19","4","1","N","0","0","40 00:00.598","","0","75 09:11.651","3","0","0","0","67301","1","0","0","N","0","0","0","2","67301","0","","1.0","","1","N","N","N","0","","1","0","1","0","0","","1940","2","1","0","0","0","0","0","2","0","1","1","0","0","3","","","N","","","","","","","","","",""
"2022075773","1524","2","0","0","0","0","0","0","0","0","4","0","","67","8","2022","3","40.00868","-75.068855","1524","6","0","0","0","0","0","0","1","0","","0","0","0","15","1","2","","1","2","40 00:31.249","7","0","75 04:07.877","4","0","0","0","67301","0","0","0","N","0","0","0","4","67301","2","","1.0","1700.0","1","N","N","N","0","","0","0","0","3","2","Y","1520","2","2","0","0","0","0","0","2","0","2","0","0","0","3","","","N","","","","","","","","","",""
"2022063034","1545","3","0","0","0","0","0","0","0","0","5","0","","67","7","2022","2","40.077789","-75.176342","1542","6","0","0","0","0","0","1","0","0","","0","0","0","15","1","1","N","0","0","40 04:40.040","","0","75 10:34.830","8","0","0","0","67301","0","0","0","N","0","0","0","1","67301","0","","6.0","","1","N","N","N","1","","0","0","3","0","0","","1542","8","1","1","0","0","1","0","2","1","8","0","0","0","3","","","N","","","","","","","","","",""