"CRN","ARRIVAL_TM","AUTOMOBILE_COUNT","BELTED_DEATH_COUNT","BELTED_SUSP_SERIOUS_INJ_COUNT","BICYCLE_COUNT","BICYCLE_DEATH_COUNT","BICYCLE_SUSP_SERIOUS_INJ_COUNT","BUS_COUNT","CHLDPAS_DEATH_COUNT","CHLDPAS_SUSP_SERIOUS_INJ_COUNT","COLLISION_TYPE","COMM_VEH_COUNT","CONS_ZONE_SPD_LIM","COUNTY","CRASH_MONTH","CRASH_YEAR","DAY_OF_WEEK","DEC_LATITUDE","DEC_LONGITUDE","DISPATCH_TM","DISTRICT","DRIVER_COUNT_16YR","DRIVER_COUNT_17YR","DRIVER_COUNT_18YR","DRIVER_COUNT_19YR","DRIVER_COUNT_20YR","DRIVER_COUNT_50_64YR","DRIVER_COUNT_65_74YR","DRIVER_COUNT_75PLUS","EST_HRS_CLOSED","FATAL_COUNT","HEAVY_TRUCK_COUNT","HORSE_BUGGY_COUNT","HOUR_OF_DAY","ILLUMINATION","INJURY_COUNT","INTERSECTION_RELATED","INTERSECT_TYPE","LANE_CLOSED","LATITUDE","LN_CLOSE_DIR","LOCATION_TYPE","LONGITUDE","MAX_SEVERITY_LEVEL","MCYCLE_DEATH_COUNT","MCYCLE_SUSP_SERIOUS_INJ_COUNT","MOTORCYCLE_COUNT","MUNICIPALITY","NONMOTR_COUNT","NONMOTR_DEATH_COUNT","NONMOTR_SUSP_SERIOUS_INJ_COUNT","NTFY_HIWY_MAINT","PED_COUNT","PED_DEATH_COUNT","PED_SUSP_SERIOUS_INJ_COUNT","PERSON_COUNT","POLICE_AGCY","POSSIBLE_INJ_COUNT","RDWY_SURF_TYPE_CD","RELATION_TO_ROAD","ROADWAY_CLEARED","ROAD_CONDITION","SCH_BUS_IND","SCH_ZONE_IND","SECONDARY_CRASH","SMALL_TRUCK_COUNT","SPEC_JURIS_CD","SUSP_MINOR_INJ_COUNT","SUSP_SERIOUS_INJ_COUNT","SUV_COUNT","TCD_FUNC_CD","TCD_TYPE","TFC_DETOUR_IND","TIME_OF_DAY","TOTAL_UNITS","TOT_INJ_COUNT","UNBELTED_OCC_COUNT","UNB_DEATH_COUNT","UNB_SUSP_SERIOUS_INJ_COUNT","UNK_INJ_DEG_COUNT","UNK_INJ_PER_COUNT","URBAN_RURAL","VAN_COUNT","VEHICLE_COUNT","VULNERABLE_ROAD_USER_COUNT","VULNERABLE_ROAD_USER_DEATH_COUNT","VULNERABLE_ROAD_USER_SER_INJ_COUNT","WEATHER1","WEATHER2","WORKERS_PRES","WORK_ZONE_IND","WORK_ZONE_LOC","WORK_ZONE_TYPE","WZ_CLOSE_DETOUR","WZ_FLAGGER","WZ_LAW_OFFCR_IND","WZ_LN_CLOSURE","WZ_MOVING","WZ_OTHER","WZ_SHLDER_MDN","WZ_WORKERS_INJ_KILLED"
"2022061514","0120","1","0","0","0","0","0","0","0","0","4","0","","67","7","2022","2","40.059926","-75.018391","0111","6","0","0","0","0","1","0","0","0","","0","0","0","0","3","0","","1","0","40 03:35.733","","0","75 01:06.209","9","0","0","0","67301","0","0","0","N","0","0","0","2","67301","0","","1.0","","1","N","N","N","0","","0","0","1","3","2","","34","2","0","2","0","0","0","1","2","0","2","0","0","0","3","03","","N","","","","","","","","","",""
"2022063330","2328","1","0","0","0","0","0","0","0","0","5","0","","67","7","2022","7","39.960978","-75.245415","2328","6","0","0","0","0","0","1","0","0","","0","0","0","22","3","1","N","0","1","39 57:39.521","3","0","75 14:43.494","3","0","0","0","67301","0","0","0","N","0","0","0","1","67301","0","","6.0","2334.0","1","N","N","N","0","","1","0","1","0","0","N","2242","3","1","0","0","0","0","0","2","1","3","0","0","0","3","03","","N","","","","","","","","","",""
"2022065922","0330","1","0","0","0","0","0","0","0","0","5","0","","67","7","2022","3","39.962823","-75.139056","0321","6","0","0","0","0","1","0","0","0","","0","0","0","3","3","3","N","0","1","39 57:46.163","1","0","75 08:20.601","8","0","0","0","67301","0","0","0","Y","0","0","0","5","68K01","0","","1.0","415.0","1","N","N","N","0","","0","0","1","0","0","Y","316","2","3","3","0","0","3","0","2","0","2","0","0","0","3","03","","N","","","","","","","","","",""
"2022074290","0125","3","0","0","0","0","0","0","0","0","5","0","","67","5","2022","1","39.959468","-75.245759","0120","6","0","0","0","0","0","1","0","0","","0","0","0","1","3","1","N","0","2","39 57:34.084","4","0","75 14:44.733","8","0","0","0","67301","0","0","0","N","0","0","0","2","67301","0","","1.0","400.0","9","N","N","N","0","","0","0","1","0","0","Y","115","4","1","0","0","0","1","0","2","0","4","0","0","0","7","07","","N","","","","","","","","","",""
"2022066790","1545","0","0","0","0","0","0","0","0","0","1","0","","67","7","2022","6","39.935856","-75.228658","1532","6","0","0","0","0","0","1","0","0","","0","0","0","8","1","1","N","0","0","39 56:09.080","","0","75 13:43.170","8","0","0","0","67301","0","0","0","N","0","0","0","4","67301","0","","1.0","","3","N","N","N","0","","0","0","2","0","0","","852","2","1","4","0","0","1","0","2","0","2","0","0","0","3","03","","N","","","","","","","","","",""
"2022061564","1912","1","0","0","0","0","0","0","0","0","4","0","","67","7","2022","2","40.063974","-75.059602","1900","6","0","0","0","0","0","0","0","0","","0","0","0","18","1","1","","1","0","40 03:50.306","","0","75 03:34.568","3","0","0","0","67301","0","0","0","N","0","0","0","3","67301","0","","1.0","","1","N","N","N","0","","1","0","1","3","3","","1840","2","1","0","0","0","0","0","2","0","2","0","0","0","3","03","","N","","","","","","","","","",""
"2022061362","2353","1","0","0","0","0","0","0","0","0","4","0","","67","7","2022","1","40.049044","-75.094661","2346","6","0","0","0","0","0","0","1","0","","0","0","0","23","3","0","","1","1","40 02:56.557","3","0","75 05:40.778","0","0","0","0","67301","0","0","0","N","0","0","0","2","67301","0","","1.0","50.0","1","N","N","Y","1","","0","0","1","3","3","N","2340","3","0","0","0","0","0","0","2","0","3","0","0","0","3","","","N","","","","","","","","","",""
"2022063678","1009","0","0","0","0","0","0","0","0","0","4","0","","67","7","2022","5","40.009234","-75.196875","0946","6","0","0","0","0","0","0","0","0","","0","0","0","9","1","2","","1","0","40 00:33.242","","3","75 11:48.751","3","0","0","0","67301","0","0","0","N","0","0","0","3","67301","0","","1.0","","9","N","N","N","0","","2","0","1","3","2","","930","2","2","0","0","0","0","0","2","1","2","0","0","0","4","04","","N","","","","","","","","","",""
"2022069893","2140","0","0","0","0","0","0","0","0","0","7","0","","67","7","2022","7","39.93751","-75.198534","2125","6","0","0","0","0","0","1","0","0","","0","0","0","21","3","1","N","0","1","39 56:15.035","4","3","75 11:54.721","8","0","0","1","67301","0","0","0","N","0","0","0","1","68K01","0","","2.0","2200.0","1","N","N","N","0","","0","0","0","0","0","N","2122","1","1","0","0","0","1","0","2","0","1","0","0","0","3","","","N","","","","","","","","","",""
"2022063488","2002","0","0","0","0","0","0","0","0","0","4","0","","67","7","2022","6","39.980367","-75.17092","2000","6","0","0","0","0","0","0","0","0","","0","0","0","19","1","0","","1","0","39 58:49.320","","0","75 10:15.311","0","0","0","0","67301","0","0","0","N","0","0","0","2","67301","0","","1.0","","1","N","N","N","0","","0","0","2","3","2","","1959","2","0","0","0","0","0","0","2","0","2","0","0","0","3","03","","N","","","","","","","","","",""
"2022063485","1808","1","0","0","0","0","0","0","0","0","4","0","","67","7","2022","1","39.984697","-75.15663","1806","6","0","0","0","0","0","0","1","0","","0","0","0","18","1","2","","1","1","39 59:04.910","1","0","75 09:23.867","2","0","0","0","67301","0","0","0","N","0","0","0","2","67505","0","","1.0","1900.0","1","N","N","N","0","","1","1","1","3","2","N","1804","2","2","0","0","0","0","0","2","0","2","0","0","0","3","03","","N","","","","","","","","","",""
"2022068582","1215","1","0","0","0","0","0","0","0","0","4","0","","67","7","2022","1","40.040501","-75.047356","1212","6","0","0","0","0","0","0","0","0","","0","0","0","12","1","0","","1","0","40 02:25.802","","0","75 02:50.481","0","0","0","0","67301","0","0","0","N","0","0","0","3","67301","0","","1.0","","1","N","N","N","0","","0","0","1","3","2","","1209","2","0","0","0","0","0","0","2","0","2","0","0","0","3","03","","N","","","","","","","","","",""
"2022065454","0744","0","0","0","0","0","0","0","0","0","2","0","","67","7","2022","5","40.026383","-75.045778","0730","6","0","0","0","0","0","0","0","0","","0","0","0","6","5","0","N","0","0","40 01:34.980","","0","75 02:44.800","0","0","0","0","67301","0","0","0","N","0","0","0","1","67301","0","","6.0","","1","N","N","N","0","","0","0","3","0","0","","619","3","0","0","0","0","0","0","2","0","3","0","0","0","3","","","N","","","","","","","","","",""
"2022078524","1525","1","0","0","0","0","0","1","0","0","1","1","","67","8","2022","6","39.955047","-75.152727","1455","6","0","0","0","0","0","0","1","0","","0","0","0","14","1","1","","1","1","39 57:18.170","2","0","75 09:09.818","4","0","0","0","67301","0","0","0","N","0","0","0","2","67508","1","","1.0","9999.0","1","N","N","Y","0","","0","0","0","3","2","N","1455","2","1","0","0","0","0","0","2","0","2","0","0","0","3","03","","N","","","","","","","","","",""
"2022075336","0703","1","0","0","0","0","0","0","0","0","1","0","","67","7","2022","1","39.954141","-75.181393","0655","6","0","0","0","1","0","1","0","0","","0","0","0","6","3","2","N","0","2","39 57:14.908","3","0","75 10:53.014","3","0","0","0","67301","0","0","0","N","0","0","0","2","68K01","0","","1.0","746.0","1","N","N","N","1","","1","0","0","0","0","N","650","2","2","0","0","0","1","0","2","0","2","0","0","0","3","","","N","","","","","","","","","",""
"2022066387","0453","2","0","0","0","0","0","0","0","0","1","0","","67","7","2022","1","40.018906","-75.14723","0446","6","0","0","0","0","0","0","0","0","","0","0","0","4","3","3","","1","0","40 01:08.061","","0","75 08:50.029","3","0","0","0","67301","0","0","0","N","0","0","0","3","67301","0","","1.0","","1","N","N","N","0","","3","0","0","3","2","","445","2","3","0","0","0","0","0","2","0","2","0","0","0","3","03","","N","","","","","","","","","",""
"2022077073","0305","1","0","0","0","0","0","0","0","0","7","0","","67","7","2022","5","39.952651","-75.190815","0301","6","0","0","0","0","0","0","0","0","","0","0","0","3","3","1","N","0","0","39 57:09.544","","0","75 11:26.935","8","0","0","0","67301","0","0","0","N","0","0","0","1","67504","0","","9.0","","1","N","N","N","0","","0","0","0","3","2","","300","1","1","1","0","0","1","0","2","0","1","0","0","0","3","03","","N","","","","","","","","","",""
"2022068632","0207","0","0","0","0","0","0","0","0","0","4","0","","67","7","2022","7","39.942443","-75.147383","0205","6","0","0","0","0","0","0","0","0","","0","0","0","2","3","2","","1","0","39 56:32.795","","0","75 08:50.577","3","0","0","2","67301","0","0","0","N","0","0","0","3","67301","0","","1.0","","1","N","N","N","0","","2","0","0","3","2","","203","2","2","0","0","0","0","0","2","0","2","0","0","0","3","03","","N","","","","","","","","","",""
"2022062100","","1","0","0","0","0","0","0","0","0","4","0","","67","5","2022","6","39.921017","-75.22412","","6","0","0","0","0","1","0","0","0","","0","0","0","17","1","1","","1","0","39 55:15.660","","0","75 13:26.832","8","0","0","0","67301","0","0","0","N","0","0","0","2","00000","0","","1.0","","1","","","N","0","","0","0","0","3","2","","1700","2","1","0","0","0","1","0","2","1","2","0","0","0","3","","","N","","","","","","","","","",""
"2022074304","0434","2","0","0","0","0","0","0","0","0","1","0","","67","7","2022","6","39.957054","-75.226244","0433","6","0","0","0","0","0","1","0","0","","0","0","0","3","3","2","N","0","0","39 57:25.393","","0","75 13:34.479","2","0","0","0","67301","0","0","0","N","0","0","0","3","67301","0","","1.0","","1","N","N","N","0","","1","1","0","0","0","","352","2","2","0","0","0","0","1","2","0","2","0","0","0","3","","","N","","","","","","","","","",""
"2022065284","1700","0","0","0","0","0","0","0","0","0","8","0","","67","7","2022","4","39.95194","-75.159916","1700","6","0","0","0","0","0","0","0","0","","0","0","0","16","1","1","","1","0","39 57:06.984","","0","75 09:35.699","3","0","0","0","67301","1","0","0","N","1","0","0","2","67301","0","","1.0","","1","N","N","N","0","","1","0","1","3","2","","1650","2","1","0","0","0","0","1","2","0","1","1","0","0","3","03","","N","","","","","","","","","",""
"2022077378","0235","0","0","0","0","0","0","0","0","0","8","0","","67","8","2022","1","40.012542","-75.176458","0229","6","0","0","0","0","0","0","0","0","","1","0","0","2","3","0","N","0","2","40 00:45.150","6","0","75 10:35.250","1","0","0","0","67301","1","1","0","N","1","1","0","2","67301","0","2","1.0","400.0","1","N","N","N","0","0","0","0","0","0","0","Y","213","2","0","0","0","0","0","1","2","0","1","1","1","0","3","03","","N","","","","","","","","","",""
"2022066406","0102","2","0","0","0","0","0","0","0","0","1","0","","67","7","2022","3","39.904253","-75.197035","0102","6","0","0","0","0","0","0","0","0","","0","0","0","19","4","0","N","0","0","39 54:15.311","","0","75 11:49.326","0","0","0","0","67301","0","0","0","N","0","0","0","2","67301","0","","1.0","","99","N","N","N","0","","0","0","0","0","0","","1915","2","0","0","0","0","0","0","2","0","2","0","0","0","4","04","","N","","","","","","","","","",""
"2022064660","0331","1","0","0","0","0","0","0","0","0","4","0","","67","7","2022","5","40.059453","-75.178505","0325","6","0","0","0","0","0","0","0","0","","0","0","0","3","3","0","","3","0","40 03:34.030","","0","75 10:42.618","0","0","0","0","67301","0","0","0","N","0","0","0","1","67301","0","","1.0","","1","N","N","N","0","","0","0","0","0","0","","310","2","0","0","0","0","0","0","2","1","2","0","0","0","3","03","","N","","","","","","","","","",""
"2022071369","1528","1","0","0","0","0","0","0","0","0","1","0","","67","7","2022","4","39.957319","-75.151688","1512","6","0","0","0","0","1","1","0","0","","0","0","0","15","1","1","N","0","1","39 57:26.347","4","3","75 09:06.077","8","0","0","0","67301","0","0","0","N","0","0","0","3","68K01","0","","1.0","1540.0","1","N","N","Y","0","","0","0","1","0","0","N","1510","2","1","0","0","0","1","0","2","0","2","0","0","0","3","03","","N","","","","","","","","","",""
"2022074187","1120","0","0","0","0","0","0","0","0","0","4","1","","67","8","2022","6","40.002118","-75.120316","1051","6","0","0","0","0","0","0","0","0","","0","1","0","10","1","1","","2","0","40 00:07.624","","0","75 07:13.137","4","0","0","0","67301","0","0","0","N","0","0","0","3","67301","1","","1.0","","1","N","N","N","0","","0","0","1","3","3","","1030","3","1","0","0","0","0","0","2","1","3","0","0","0","3","03","","N","","","","","","","","","",""
"2022074053","1554","1","0","0","0","0","0","0","0","0","4","0","","67","8","2022","7","40.122619","-75.013767","1546","6","0","0","0","0","0","0","0","1","","0","0","0","15","1","1","N","0","0","40 07:21.430","","0","75 00:49.560","3","0","0","0","67301","0","0","0","N","0","0","0","3","67301","0","","1.0","","1","N","N","N","0","","1","0","1","0","0","","1529","2","1","0","0","0","0","0","2","0","2","0","0","0","3","","","N","","","","","","","","","",""
"2022063195","1742","2","0","0","0","0","0","0","0","0","4","0","","67","7","2022","4","39.958684","-75.23941","1742","6","0","0","0","0","0","0","0","0","","0","0","0","17","1","1","","1","0","39 57:31.262","","0","75 14:21.875","3","0","0","0","67301","0","0","0","N","0","0","0","2","67301","0","","1.0","","1","N","N","N","0","","1","0","1","3","2","","1722","3","1","0","0","0","0","0","2","0","3","0","0","0","3","03","","N","","","","","","","","","",""
"2022072616","2200","1","0","0","1","0","1","0","0","0","8","0","","67","7","2022","3","40.005622","-75.102471","2147","6","0","0","0","0","0","0","0","0","","0","0","0","19","3","1","","2","0","40 00:20.239","","0","75 06:08.896","2","0","0","0","67301","1","0","1","N","0","0","0","2","67301","0","","1.0","","1","N","N","N","0","","0","1","0","0","0","","1923","2","1","0","0","0","0","1","2","0","1","1","0","1","3","","","N","","","","","","","","","",""
"2022077484","1549","2","0","0","0","0","0","0","0","0","4","0","","67","8","2022","4","40.084474","-75.035357","1546","6","0","0","0","0","0","0","1","0","","0","0","0","15","1","0","","2","0","40 05:04.108","","0","75 02:07.286","0","0","0","0","67301","0","0","0","N","0","0","0","2","67301","0","","1.0","","1","N","N","N","0","","0","0","0","0","0","","1528","2","0","0","0","0","0","0","2","0","2","0","0","0","3","03","","N","","","","","","","","","",""
"2022072613","0049","1","0","0","0","0","0","0","0","0","5","0","","67","7","2022","7","39.989612","-75.118087","0044","6","0","0","0","0","0","0","0","0","","0","0","0","0","3","0","N","0","0","39 59:22.602","","0","75 07:05.114","0","0","0","0","67301","0","0","0","N","0","0","0","1","67301","0","","4.0","","1","N","N","N","0","","0","0","0","0","0","","44","2","0","0","0","0","0","0","2","0","2","0","0","0","3","03","","N","","","","","","","","","",""
"2022066912","2014","1","0","0","0","0","0","0","0","0","4","0","","67","7","2022","1","40.006493","-75.154338","2014","6","0","0","0","0","0","0","0","0","","0","0","0","19","1","1","","1","0","40 00:23.374","","0","75 09:15.616","8","0","0","1","67301","0","0","0","N","0","0","0","4","67301","0","","1.0","","1","N","Y","N","0","","0","0","0","3","3","","1940","2","1","0","0","0","1","1","2","0","2","0","0","0","4","04","","N","","","","","","","","","",""
"2022069439","1006","1","0","0","0","0","0","0","0","0","1","1","","67","7","2022","2","40.01182","-75.097752","1006","6","0","0","0","0","0","0","0","0","","0","1","0","22","3","1","","1","0","40 00:42.552","","0","75 05:51.907","3","0","0","0","67301","0","0","0","N","0","0","0","2","67301","0","","1.0","","1","N","N","N","0","","1","0","0","3","2","","2245","2","1","0","0","0","0","0","2","0","2","0","0","0","3","03","","N","","","","","","","","","",""
"2022074157","1620","0","0","0","0","0","0","0","0","0","7","0","","67","8","2022","7","39.910898","-75.242518","1614","6","0","0","0","0","0","0","0","1","","0","0","0","16","1","1","N","0","0","39 54:39.231","","0","75 14:33.065","3","0","0","0","67301","0","0","0","N","0","0","0","1","67301","0","","5.0","","1","N","N","N","1","","1","0","0","0","0","","1600","1","1","1","0","0","0","0","2","0","1","0","0","0","3","03","","N","","","","","","","","","",""
"2022061461","0351","1","0","0","0","0","0","0","0","0","5","0","","67","7","2022","7","39.943849","-75.165512","0350","6","0","0","0","0","0","0","0","0","","0","0","0","3","3","0","N","0","0","39 56:37.855","","0","75 09:55.842","0","0","0","0","67301","0","0","0","N","0","0","0","1","67301","0","","6.0","","1","N","N","N","0","","0","0","1","0","0","","340","2","0","0","0","0","0","0","2","0","2","0","0","0","3","03","","N","","","","","","","","","",""
"2022074019","1742","1","0","0","0","0","0","0","0","0","8","0","","67","8","2022","4","40.051546","-75.1501","1742","6","0","0","0","0","0","1","0","0","","0","0","0","17","1","1","","1","0","40 03:05.564","","0","75 09:00.360","3","0","0","0","67301","1","0","0","N","1","0","0","2","67301","0","","1.0","","1","N","N","N","0","","1","0","0","3","1","","1741","2","1","0","0","0","0","0","2","0","1","1","0","0","3","03","","N","","","","","","","","","",""
"2022069818","1048","2","0","0","0","0","0","0","0","0","5","0","","67","7","2022","1","40.027457","-75.062384","1045","6","0","0","0","0","0","0","0","0","","0","0","0","10","1","0","","1","0","40 01:38.846","","0","75 03:44.583","0","0","0","0","67301","0","0","0","N","0","0","0","3","67301","0","","1.0","","1","N","N","N","0","","0","0","0","3","2","","1000","3","0","0","0","0","0","0","2","0","3","0","0","0","3","","","N","","","","","","","","","",""
"2022071245","","0","0","0","0","0","0","0","0","0","5","0","","67","5","2022","7","40.087167","-74.964667","","6","0","0","0","0","0","1","0","0","","0","0","0","13","1","1","N","0","0","40 05:13.800","","7","74 57:52.800","8","0","0","0","67301","0","0","0","N","0","0","0","2","00000","0","","1.0","","1","","","N","1","","0","0","0","0","0","","1300","2","1","0","0","0","1","0","2","0","2","0","0","0","3","","","N","","","","","","","","","",""
"2022075605","2125","0","0","0","0","0","0","0","0","0","7","0","","67","8","2022","7","40.007678","-75.071915","2107","6","0","0","0","0","0","1","0","0","","0","0","0","21","3","2","N","0","1","40 00:27.640","1","0","75 04:18.893","4","0","0","0","67301","0","0","0","N","0","0","0","2","68K01","1","","4.0","2220.0","1","N","N","N","1","","0","0","1","0","0","N","2106","2","2","0","0","0","1","0","2","0","2","0","0","0","3","","","N","","","","","","","","","",""
"2022064474","2104","2","0","0","0","0","0","0","0","0","5","0","","67","7","2022","1","40.055703","-75.232426","2101","6","0","0","0","0","0","0","0","0","","0","0","0","21","3","1","N","0","0","40 03:20.531","","0","75 13:56.735","3","0","0","0","67301","0","0","0","N","0","0","0","3","67301","0","","6.0","","1","N","N","N","0","","1","0","2","0","0","","2100","5","1","0","0","0","0","0","2","1","5","0","0","0","3","","","N","","","","","","","","","",""
"2022068078","0218","1","0","0","0","0","0","0","0","0","7","0","45","67","7","2022","1","40.009179","-75.067681","0159","6","0","0","0","0","1","0","0","0","","0","0","0","1","3","0","N","0","0","40 00:33.045","","3","75 04:03.651","0","0","0","0","67301","0","0","0","N","0","0","0","1","68K01","0","","3.0","","1","N","N","N","0","","0","0","0","0","0","","156","1","0","0","0","0","0","0","2","0","1","0","0","0","3","","N","Y","8","1","","","N","","","","Y","N"
"2022070449","0210","0","0","0","0","0","0","0","0","0","4","0","","67","7","2022","7","40.027797","-75.085229","0159","6","0","0","0","0","0","0","0","0","","0","0","0","1","3","1","","5","0","40 01:40.069","","0","75 05:06.824","3","0","0","1","67301","0","0","0","N","0","0","0","2","67301","0","","1.0","","1","N","N","N","0","","1","0","1","3","2","","104","2","1","0","0","0","0","0","2","0","2","0","0","0","3","","","N","","","","","","","","","",""
"2022062483","1553","1","0","0","0","0","0","0","0","0","1","0","","67","7","2022","1","39.909156","-75.153004","1550","6","0","0","0","0","0","0","0","0","","0","0","0","15","1","3","N","0","0","39 54:32.962","","3","75 09:10.814","3","0","0","0","67301","0","0","0","N","0","0","0","6","67501","0","","1.0","","1","N","N","N","0","","2","0","1","3","8","","1550","2","3","0","0","0","1","0","2","0","2","0","0","0","3","","","N","","","","","","","","","",""
"2022063549","2228","1","0","0","0","0","0","0","0","0","1","0","","67","7","2022","7","40.03581","-75.067915","2100","6","0","0","0","0","0","1","0","0","","0","0","0","21","3","0","Y","0","0","40 02:08.917","","0","75 04:04.493","9","0","0","0","67301","0","0","0","N","0","0","0","5","67301","0","","1.0","","1","N","N","N","0","","0","0","2","3","2","","2100","3","0","4","0","0","0","3","2","0","3","0","0","0","3","","","N","","","","","","","","","",""
"2022080466","1431","0","0","0","0","0","0","0","0","0","8","0","","67","8","2022","4","40.042544","-75.160069","1430","6","0","0","0","0","0","0","0","0","","0","0","0","14","1","1","N","0","0","40 02:33.159","","7","75 09:36.247","3","0","0","0","67301","1","0","0","N","1","0","0","2","67301","0","","5.0","","1","N","N","N","0","","1","0","0","0","0","","1400","2","1","0","0","0","0","1","2","0","1","1","0","0","3","","","N","","","","","","","","","",""
"2022079767","1846","0","0","0","0","0","0","0","0","0","8","0","","67","8","2022","2","39.926421","-75.179065","1845","6","0","0","0","0","0","0","0","0","","0","0","0","18","1","1","","2","2","39 55:35.115","7","0","75 10:44.634","8","0","0","0","67301","1","0","0","N","1","0","0","2","67301","0","","1.0","2000.0","1","N","N","N","0","","0","0","1","0","0","Y","1842","2","1","0","0","0","1","0","2","0","1","1","0","0","4","04","","N","","","","","","","","","",""
"2022063550","1355","1","0","0","0","0","0","0","0","0","1","0","","67","7","2022","7","40.075086","-75.018165","1345","6","0","0","0","0","0","0","0","0","","0","0","0","13","1","1","N","0","1","40 04:30.309","4","0","75 01:05.395","8","0","0","0","67301","0","0","0","N","0","0","0","3","67301","0","","1.0","20.0","1","N","N","N","0","","0","0","1","0","0","N","1341","2","1","0","0","0","1","0","2","0","2","0","0","0","3","03","","N","","","","","","","","","",""
"2022062525","1559","1","0","0","0","0","0","0","0","0","5","0","","67","7","2022","2","39.972053","-75.193574","1559","6","0","0","0","0","0","1","0","0","","0","0","0","15","1","0","N","0","1","39 58:19.389","3","0","75 11:36.865","9","0","0","0","67301","0","0","0","N","0","0","0","4","68K01","0","","1.0","100.0","1","N","N","N","0","","0","0","2","0","0","N","1557","3","0","1","0","0","0","1","2","0","3","0","0","0","3","","","N","","","","","","","","","",""
"2022068814","0006","2","0","0","0","0","0","0","0","0","5","0","","67","7","2022","7","39.990333","-75.155255","0005","6","0","0","0","0","0","0","0","0","","0","0","0","23","3","4","N","0","2","39 59:25.200","1","0","75 09:18.918","3","0","0","0","67301","0","0","0","N","0","0","0","5","67301","2","","1.0","145.0","1","N","N","Y","0","","2","0","1","0","0","Y","2355","3","4","0","0","0","0","1","2","0","3","0","0","0","4","","","N","","","","","","","","","",""
"2022063032","2044","1","0","0","1","0","0","0","0","0","8","0","","67","7","2022","4","39.918167","-75.236061","2044","6","0","0","0","0","0","0","0","0","","0","0","0","20","3","1","","2","0","39 55:05.401","","0","75 14:09.819","3","0","0","0","67301","1","0","0","N","0","0","0","2","67301","0","","1.0","","1","N","N","N","0","","1","0","0","3","2","","2044","2","1","0","0","0","0","0","2","0","1","1","0","0","3","03","","N","","","","","","","","","",""
"2022047169","0933","0","0","0","0","0","0","0","0","0","1","0","","67","5","2022","4","40.085257","-74.973187","0933","6","0","0","0","0","0","1","0","0","","0","0","0","9","1","1","N","0","0","40 05:06.925","","0","74 58:23.473","4","0","0","0","67301","0","0","0","N","0","0","0","2","67301","1","","1.0","","1","N","N","N","0","","0","0","2","0","0","","930","2","1","0","0","0","0","0","2","0","2","0","0","0","3","03","","N","","","","","","","","","",""
"2022060052","2115","0","0","0","0","0","0","0","0","0","7","0","","67","6","2022","1","40.029788","-75.060109","2110","6","0","0","0","0","0","0","0","0","","1","0","0","21","3","1","","1","2","40 01:47.237","4","0","75 03:36.393","1","0","0","0","67301","0","0","0","N","0","0","0","2","67301","0","2","4.0","102.0","1","N","N","N","0","0","0","0","1","3","2","Y","2109","1","1","0","0","0","1","0","2","0","1","0","0","0","3","","","N","","","","","","","","","",""
"2022081012","0846","1","0","0","0","0","0","0","0","0","4","0","","67","6","2022","5","39.956965","-75.235012","0843","6","0","0","0","0","0","0","0","0","","0","0","0","8","1","1","","1","0","39 57:25.074","","0","75 14:06.043","3","0","0","0","67301","0","0","0","N","0","0","0","3","67301","0","","1.0","","1","N","N","N","0","","1","0","1","3","3","","830","2","1","0","0","0","0","0","2","0","2","0","0","0","3","","","N","","","","","","","","","",""
"2022066215","1620","1","0","0","0","0","0","0","0","0","5","0","","67","7","2022","3","40.050414","-75.050767","1610","6","0","0","0","0","0","0","0","0","","0","0","0","15","1","0","N","0","0","40 03:01.492","","0","75 03:02.761","0","0","0","0","67301","0","0","0","N","0","0","0","5","67301","0","","1.0","","1","N","N","Y","0","","0","0","1","0","0","","1536","2","0","1","0","0","0","0","2","0","2","0","0","0","3","","","N","","","","","","","","","",""
"2022076311","1930","1","0","0","0","0","0","0","0","0","8","0","","67","8","2022","4","39.948747","-75.244322","1915","6","0","0","0","0","0","0","0","0","","0","0","0","18","1","1","N","0","0","39 56:55.490","","0","75 14:39.560","3","0","0","0","67301","1","0","0","N","1","0","0","1","67301","0","","1.0","","1","N","N","N","0","","1","0","0","0","0","","1840","2","1","0","0","0","0","0","2","0","1","1","0","0","3","03","","N","","","","","","","","","",""
"2022066981","1905","1","0","0","0","0","0","0","0","0","4","0","","67","7","2022","4","40.003847","-75.139665","1900","6","0","0","0","0","0","1","0","0","","0","0","0","18","1","1","","1","0","40 00:13.849","","0","75 08:22.793","8","0","0","0","67301","0","0","0","N","0","0","0","2","67301","0","","1.0","","1","N","N","N","0","","0","0","0","3","3","","1834","2","1","0","0","0","1","1","2","1","2","0","0","0","3","03","","N","","","","","","","","","",""
"2022068572","1750","0","0","0","0","0","0","0","0","0","4","0","","67","7","2022","4","40.043155","-75.16721","1737","6","0","0","0","0","0","3","0","0","","0","0","0","17","1","1","","1","0","40 02:35.358","","0","75 10:01.956","2","0","1","1","67301","0","0","0","N","0","0","0","3","67301","0","","1.0","","1","N","N","N","0","","0","1","1","3","2","","1730","3","1","0","0","0","0","0","2","1","3","0","0","0","3","","","N","","","","","","","","","",""