"CRN","ARRIVAL_TM","AUTOMOBILE_COUNT","BELTED_DEATH_COUNT","BELTED_SUSP_SERIOUS_INJ_COUNT","BICYCLE_COUNT","BICYCLE_DEATH_COUNT","BICYCLE_SUSP_SERIOUS_INJ_COUNT","BUS_COUNT","CHLDPAS_DEATH_COUNT","CHLDPAS_SUSP_SERIOUS_INJ_COUNT","COLLISION_TYPE","COMM_VEH_COUNT","CONS_ZONE_SPD_LIM","COUNTY","CRASH_MONTH","CRASH_YEAR","DAY_OF_WEEK","DEC_LATITUDE","DEC_LONGITUDE","DISPATCH_TM","DISTRICT","DRIVER_COUNT_16YR","DRIVER_COUNT_17YR","DRIVER_COUNT_18YR","DRIVER_COUNT_19YR","DRIVER_COUNT_20YR","DRIVER_COUNT_50_64YR","DRIVER_COUNT_65_74YR","DRIVER_COUNT_75PLUS","EST_HRS_CLOSED","FATAL_COUNT","HEAVY_TRUCK_COUNT","HORSE_BUGGY_COUNT","HOUR_OF_DAY","ILLUMINATION","INJURY_COUNT","INTERSECTION_RELATED","INTERSECT_TYPE","LANE_CLOSED","LATITUDE","LN_CLOSE_DIR","LOCATION_TYPE","LONGITUDE","MAX_SEVERITY_LEVEL","MCYCLE_DEATH_COUNT","MCYCLE_SUSP_SERIOUS_INJ_COUNT","MOTORCYCLE_COUNT","MUNICIPALITY","NONMOTR_COUNT","NONMOTR_DEATH_COUNT","NONMOTR_SUSP_SERIOUS_INJ_COUNT","NTFY_HIWY_MAINT","PED_COUNT","PED_DEATH_COUNT","PED_SUSP_SERIOUS_INJ_COUNT","PERSON_COUNT","POLICE_AGCY","POSSIBLE_INJ_COUNT","RDWY_SURF_TYPE_CD","RELATION_TO_ROAD","ROADWAY_CLEARED","ROAD_CONDITION","SCH_BUS_IND","SCH_ZONE_IND","SECONDARY_CRASH","SMALL_TRUCK_COUNT","SPEC_JURIS_CD","SUSP_MINOR_INJ_COUNT","SUSP_SERIOUS_INJ_COUNT","SUV_COUNT","TCD_FUNC_CD","TCD_TYPE","TFC_DETOUR_IND","TIME_OF_DAY","TOTAL_UNITS","TOT_INJ_COUNT","UNBELTED_OCC_COUNT","UNB_DEATH_COUNT","UNB_SUSP_SERIOUS_INJ_COUNT","UNK_INJ_DEG_COUNT","UNK_INJ_PER_COUNT","URBAN_RURAL","VAN_COUNT","VEHICLE_COUNT","VULNERABLE_ROAD_USER_COUNT","VULNERABLE_ROAD_USER_DEATH_COUNT","VULNERABLE_ROAD_USER_SER_INJ_COUNT","WEATHER1","WEATHER2","WORKERS_PRES","WORK_ZONE_IND","WORK_ZONE_LOC","WORK_ZONE_TYPE","WZ_CLOSE_DETOUR","WZ_FLAGGER","WZ_LAW_OFFCR_IND","WZ_LN_CLOSURE","WZ_MOVING","WZ_OTHER","WZ_SHLDER_MDN","WZ_WORKERS_INJ_KILLED"
"2022074156","1610","1","0","0","0","0","0","0","0","0","2","0","","67","8","2022","7","39.916035","-75.236038","1605","6","0","0","0","0","0","1","0","0","","0","0","0","15","1","2","","1","9","39 54:57.725","","0","75 14:09.736","3","0","0","0","67301","0","0","0","N","0","0","0","2","67301","0","","1.0","","1","N","N","N","0","","2","0","1","3","2","","1527","2","2","0","0","0","0","0","2","0","2","0","0","0","3","03","","N","","","","","","","","","",""
"2022063890","1250","1","0","0","0","0","0","0","0","0","5","0","","67","7","2022","6","39.965692","-75.228728","1241","6","0","0","0","0","0","0","0","0","","0","0","0","12","1","0","N","0","0","39 57:56.490","","0","75 13:43.420","9","0","0","0","67301","0","0","0","N","0","0","0","2","67301","0","","1.0","","1","N","N","N","0","","0","0","2","0","0","","1220","3","0","1","0","0","0","2","2","0","3","0","0","0","3","04","","N","","","","","","","","","",""
"2022062135","0004","2","0","0","0","0","0","0","0","0","5","0","","67","7","2022","2","39.957871","-75.161846","2351","6","0","0","1","0","0","0","0","0","","0","0","0","23","3","1","N","0","0","39 57:28.336","","0","75 09:42.644","4","0","0","0","67301","0","0","0","N","0","0","0","7","68K01","1","","1.0","","1","N","N","N","0","","0","0","0","0","0","","2348","2","1","0","0","0","0","0","2","0","2","0","0","0","3","03","","N","","","","","","","","","",""
"2022061513","1500","1","0","0","0","0","0","0","0","0","5","0","","67","7","2022","2","40.087557","-75.058436","1435","6","0","0","0","0","0","0","1","1","","0","0","0","14","1","2","N","0","1","40 05:15.205","5","0","75 03:30.370","3","0","0","0","67301","0","0","0","N","0","0","0","2","67301","0","","1.0","1600.0","1","N","N","N","0","","2","0","1","0","0","Y","1432","2","2","0","0","0","0","0","2","0","2","0","0","0","3","03","","N","","","","","","","","","",""
"2022068616","1445","1","0","0","0","0","0","0","0","0","1","0","","67","7","2022","6","40.003528","-75.168853","1435","6","0","0","0","0","0","0","0","0","","0","0","0","14","1","1","N","0","1","40 00:12.700","2","0","75 10:07.870","3","0","0","0","67301","0","0","0","N","0","0","0","3","67301","0","","1.0","130.0","1","N","N","N","0","","1","0","1","0","0","N","1430","3","1","0","0","0","0","0","2","0","3","0","0","0","3","","","N","","","","","","","","","",""
"2022070300","1521","1","0","0","0","0","0","0","0","0","1","0","","67","7","2022","4","39.955047","-75.152727","1520","6","0","0","0","0","0","0","0","0","","0","0","0","11","1","2","","1","0","39 57:18.170","","0","75 09:09.818","8","0","0","0","67301","0","0","0","N","0","0","0","3","67301","0","","1.0","","1","N","N","N","0","","0","0","0","3","2","","1115","2","2","0","0","0","2","1","2","1","2","0","0","0","3","","","N","","","","","","","","","",""
"2022079177","1205","1","0","0","0","0","0","0","0","0","4","0","","67","8","2022","2","39.984272","-75.161618","2359","6","0","0","0","0","0","0","0","0","","0","0","0","22","3","0","","2","0","39 59:03.379","","0","75 09:41.823","0","0","0","0","67301","0","0","0","N","0","0","0","1","67301","0","","1.0","","1","N","N","N","0","","0","0","1","3","3","","2225","2","0","0","0","0","0","0","2","0","2","0","0","0","3","","","N","","","","","","","","","",""
"2022062179","1400","1","0","0","0","0","0","0","0","0","4","0","","67","7","2022","4","39.978167","-75.154155","1355","6","0","0","0","0","0","1","0","0","","0","0","0","13","1","0","","1","0","39 58:41.402","","0","75 09:14.958","0","0","0","0","67301","0","0","0","N","0","0","0","7","67505","0","","1.0","","1","N","N","N","0","","0","0","1","3","2","","1330","2","0","0","0","0","0","0","2","0","2","0","0","0","3","03","","N","","","","","","","","","",""
"2022078309","0142","0","0","0","0","0","0","0","0","0","7","0","","67","6","2022","3","39.962661","-75.246783","0140","6","0","0","0","0","0","0","0","0","","0","0","0","1","3","2","","1","0","39 57:45.580","","0","75 14:48.419","2","0","0","0","67301","0","0","0","N","0","0","0","3","67301","0","","4.0","","1","N","N","N","0","","0","2","1","3","2","","138","1","2","0","0","0","0","0","2","0","1","0","0","0","3","03","","N","","","","","","","","","",""
"2022069353","0125","0","0","0","0","0","0","0","0","0","4","0","","67","7","2022","1","40.034353","-75.074823","0122","6","0","0","0","0","0","1","0","0","","0","0","0","1","3","1","","5","2","40 02:03.672","7","0","75 04:29.364","3","0","0","1","67301","0","0","0","N","0","0","0","2","67301","0","","1.0","233.0","1","N","N","N","0","","1","0","1","3","2","Y","121","2","1","1","0","0","0","0","2","0","2","0","0","0","3","03","","N","","","","","","","","","",""
"2022064789","","0","0","0","0","0","0","0","0","0","1","0","","67","6","2022","4","","","","6","0","0","0","0","0","1","0","0","","0","0","0","14","1","1","N","0","0","","","0","","8","0","0","0","67301","0","0","0","N","0","0","0","3","00000","0","","1.0","","1","","","N","0","","0","0","1","0","0","","1400","3","1","0","0","0","1","0","1","0","3","0","0","0","3","","","N","","","","","","","","","",""
"2022068556","1753","1","0","0","0","0","0","0","0","0","5","0","","67","7","2022","7","39.919286","-75.158981","1753","6","0","0","0","0","0","0","0","0","","0","0","0","17","1","0","N","0","0","39 55:09.430","","0","75 09:32.330","0","0","0","0","67301","0","0","0","N","0","0","0","1","67301","0","","6.0","","1","N","N","N","0","","0","0","2","0","0","","1730","3","0","0","0","0","0","0","2","0","3","0","0","0","3","03","","N","","","","","","","","","",""
"2022078772","1042","0","0","0","0","0","0","0","0","0","5","1","","67","8","2022","2","39.898969","-75.16807","1018","6","0","0","0","0","0","1","1","0","","0","1","0","10","1","0","N","0","0","39 53:56.288","","0","75 10:05.052","0","0","0","0","67301","0","0","0","N","0","0","0","2","68K01","0","","1.0","","1","N","N","N","0","","0","0","0","0","0","","1017","2","0","0","0","0","0","0","2","1","2","0","0","0","4","","","N","","","","","","","","","",""
"2022069745","1845","0","0","0","0","0","0","0","0","0","8","0","","67","7","2022","6","39.939117","-75.142113","1842","6","0","0","0","0","0","1","0","0","","0","0","0","17","1","1","N","0","0","39 56:20.821","","7","75 08:31.607","8","0","0","0","67301","1","0","0","N","0","0","0","2","67301","0","","1.0","","9","N","N","N","0","","0","0","1","0","0","","1758","2","1","0","0","0","1","0","2","0","1","1","0","0","7","07","","N","","","","","","","","","",""
"2022075964","0020","2","0","0","0","0","0","0","0","0","2","0","","67","8","2022","5","39.945858","-75.240283","0020","6","0","0","0","0","0","0","0","0","","0","0","0","0","3","1","","1","0","39 56:45.089","","7","75 14:25.018","8","0","0","0","67301","0","0","0","N","0","0","0","1","67301","0","","5.0","","1","N","N","N","0","","0","0","0","0","0","","19","2","1","1","0","0","1","0","2","0","2","0","0","0","3","03","","N","","","","","","","","","",""
"2022078663","1821","1","0","0","0","0","0","0","0","0","7","0","","67","8","2022","2","40.04904","-75.174914","1820","6","0","0","0","0","0","1","0","0","","0","0","0","12","8","1","","1","0","40 02:56.544","","0","75 10:29.690","8","0","0","0","67301","0","0","0","N","0","0","0","1","67301","0","","3.0","","3","N","N","N","0","","0","0","0","0","0","","1230","1","1","0","0","0","1","0","2","0","1","0","0","0","98","07","","N","","","","","","","","","",""
"2022075986","0000","1","0","0","0","0","0","0","0","0","7","0","","67","8","2022","6","39.991227","-75.203859","2352","6","0","0","0","0","0","0","0","0","","0","0","0","23","2","0","N","0","0","39 59:28.418","","0","75 12:13.893","0","0","0","0","67301","0","0","0","N","0","0","0","1","68K01","0","","5.0","","1","N","N","N","0","","0","0","0","0","0","","2352","1","0","0","0","0","0","0","2","0","1","0","0","0","3","","","N","","","","","","","","","",""
"2022079697","0258","1","0","0","0","0","0","0","0","0","7","0","","67","8","2022","1","40.003536","-75.195209","0258","6","0","0","0","0","0","0","0","0","","0","0","0","2","3","2","","7","2","40 00:12.729","1","0","75 11:42.753","8","0","0","0","67301","0","0","0","N","0","0","0","2","68K01","0","","2.0","330.0","1","N","N","N","0","","0","0","0","0","0","N","258","1","2","0","0","0","2","0","2","0","1","0","0","0","3","","","N","","","","","","","","","",""
"2022079947","0949","2","0","0","0","0","0","0","0","0","5","0","","67","8","2022","5","39.988513","-75.106348","0949","6","0","0","0","0","0","0","0","0","","0","0","0","9","1","1","","1","0","39 59:18.647","","0","75 06:22.851","8","0","0","0","67301","1","0","0","N","1","0","0","3","67301","0","","1.0","","1","N","N","N","0","","0","0","0","3","2","","930","3","1","0","0","0","1","0","2","0","2","1","0","0","3","03","","N","","","","","","","","","",""
"2022075626","2100","3","0","0","0","0","0","0","0","0","1","0","","67","7","2022","4","39.913447","-75.148423","2100","6","0","0","0","0","0","1","1","0","","0","0","0","20","3","3","N","0","1","39 54:48.408","2","3","75 08:54.322","3","0","0","0","67301","0","0","0","N","0","0","0","5","68K01","1","","1.0","1140.0","1","N","N","N","0","","2","0","1","0","0","N","2053","4","3","0","0","0","0","0","2","0","4","0","0","0","3","","","N","","","","","","","","","",""
"2022078804","1448","1","0","0","0","0","0","0","0","0","1","0","","67","7","2022","1","39.979766","-75.204711","1439","6","0","0","0","0","0","1","1","0","","0","0","0","14","1","0","N","0","0","39 58:47.157","","0","75 12:16.961","0","0","0","0","67301","0","0","0","N","0","0","0","9","68K01","0","","1.0","","1","N","N","N","1","","0","0","2","0","0","","1430","4","0","0","0","0","0","0","2","0","4","0","0","0","3","","","N","","","","","","","","","",""
"2022069046","1815","1","0","0","0","0","0","0","0","0","5","0","","67","7","2022","4","39.921581","-75.155258","1808","6","0","0","0","0","0","0","0","0","","0","0","0","18","1","0","N","0","0","39 55:17.690","","0","75 09:18.930","0","0","0","0","67301","0","0","0","N","0","0","0","1","67301","0","","6.0","","1","N","N","N","0","","0","0","1","0","0","","1800","2","0","0","0","0","0","0","2","0","2","0","0","0","3","03","","N","","","","","","","","","",""
"2022075754","0733","2","0","0","0","0","0","0","0","0","2","0","","67","8","2022","3","40.093503","-74.980167","0727","6","0","0","0","0","0","0","0","0","","0","0","0","7","1","1","","1","0","40 05:36.611","","0","74 58:48.600","4","0","0","0","67301","0","0","0","N","0","0","0","2","67301","1","","1.0","","1","N","N","N","0","","0","0","0","3","2","","715","2","1","1","0","0","0","0","2","0","2","0","0","0","3","03","","N","","","","","","","","","",""
"2022061187","0140","1","0","0","0","0","0","0","0","0","1","0","","67","7","2022","7","40.007884","-75.072934","0129","6","0","0","0","0","0","0","0","0","","0","0","0","0","3","1","N","0","0","40 00:28.383","","0","75 04:22.561","4","0","0","0","67301","0","0","0","N","0","0","0","2","67301","1","","1.0","","1","N","N","N","0","","0","0","1","0","0","","46","2","1","0","0","0","0","0","2","0","2","0","0","0","3","03","","N","","","","","","","","","",""
"2022063576","2350","1","0","0","0","0","0","0","0","0","1","0","","67","7","2022","1","40.073656","-75.164856","2345","6","0","0","0","0","0","0","0","0","","0","0","0","23","3","0","N","0","0","40 04:25.160","","0","75 09:53.480","0","0","0","0","67301","0","0","0","N","0","0","0","2","67301","0","","6.0","","1","N","N","N","0","","0","0","2","0","0","","2340","3","0","0","0","0","0","0","2","0","3","0","0","0","3","03","","N","","","","","","","","","",""
"2022072610","2246","0","0","0","0","0","0","0","0","0","8","0","","67","7","2022","6","39.996438","-75.113451","2245","6","0","0","0","0","0","0","0","0","","0","0","0","22","3","1","","5","0","39 59:47.175","","1","75 06:48.425","3","0","0","0","67301","1","0","0","N","1","0","0","2","67301","0","","1.0","","1","N","N","N","0","","1","0","0","3","2","","2200","2","1","0","0","0","0","0","2","0","1","1","0","0","3","03","","N","","","","","","","","","",""
"2022063099","1500","1","0","0","0","0","0","0","0","0","4","0","","67","7","2022","5","39.976461","-75.189373","1426","6","0","0","0","0","1","0","0","0","","0","0","0","14","1","0","","3","0","39 58:35.259","","0","75 11:21.744","0","0","0","0","67301","0","0","0","N","0","0","0","2","67301","0","","1.0","","1","N","N","N","0","","0","0","0","3","3","","1426","2","0","1","0","0","0","0","2","1","2","0","0","0","3","03","","N","","","","","","","","","",""
"2022061212","1635","1","0","0","1","0","0","0","0","0","8","0","","67","7","2022","7","39.903583","-75.16475","1610","6","0","0","0","0","0","0","0","0","","0","0","0","15","1","1","N","0","0","39 54:12.900","","0","75 09:53.100","3","0","0","0","67301","1","0","0","N","0","0","0","2","67301","0","","1.0","","1","N","N","N","0","","1","0","1","0","0","","1558","3","1","0","0","0","0","0","2","0","2","1","0","0","3","","","N","","","","","","","","","",""
"2022068612","2359","1","0","0","0","0","0","0","0","0","5","0","","67","7","2022","7","40.049592","-75.148047","2355","6","0","0","0","0","0","0","0","0","","0","0","0","22","3","0","N","0","0","40 02:58.530","","0","75 08:52.970","9","0","0","0","67301","0","0","0","N","0","0","0","1","67301","0","","6.0","","1","N","N","N","0","","0","0","2","0","0","","2200","3","0","0","0","0","0","1","2","0","3","0","0","0","3","","","N","","","","","","","","","",""
"2022069976","2012","2","0","0","0","0","0","0","0","0","3","0","","67","7","2022","4","39.938133","-75.228855","2011","6","0","0","0","0","0","2","0","0","","0","0","0","19","3","1","","1","0","39 56:17.278","","0","75 13:43.878","8","0","0","0","67301","0","0","0","N","0","0","0","3","67301","0","","1.0","","1","N","N","N","0","","0","0","0","0","0","","1954","2","1","0","0","0","1","0","2","0","2","0","0","0","3","","","N","","","","","","","","","",""
"2022072284","2210","2","0","0","0","0","0","0","0","0","4","0","","67","7","2022","1","40.012526","-75.140106","2208","6","0","0","0","0","0","0","0","0","","0","0","0","22","3","1","","1","0","40 00:45.093","","0","75 08:24.381","3","0","0","0","67301","0","0","0","N","0","0","0","2","67301","0","","1.0","","1","N","N","Y","0","","1","0","2","3","3","","2205","4","1","0","0","0","0","0","2","0","4","0","0","0","3","03","","N","","","","","","","","","",""
"2022079782","1733","2","0","0","0","0","0","0","0","0","4","0","","67","8","2022","3","40.035437","-75.108493","1730","6","1","0","0","0","0","1","0","0","","0","0","0","17","1","0","","1","2","40 02:07.572","4","0","75 06:30.576","0","0","0","0","67301","0","0","0","N","0","0","0","2","67301","0","","1.0","1750.0","1","N","N","N","0","","0","0","0","3","2","N","1725","2","0","0","0","0","0","0","2","0","2","0","0","0","3","","","N","","","","","","","","","",""
"2022068611","1033","2","0","0","0","0","0","0","0","0","4","0","","67","7","2022","6","40.040034","-75.121299","1033","6","0","0","0","0","1","0","0","0","","0","0","0","13","1","0","","2","0","40 02:24.122","","0","75 07:16.676","9","0","0","0","67301","0","0","0","N","0","0","0","2","67301","0","","1.0","","99","N","N","N","0","","0","0","0","0","0","","1300","2","0","2","0","0","0","2","2","0","2","0","0","0","3","","","N","","","","","","","","","",""
"2022063038","1858","1","0","0","0","0","0","0","0","0","6","0","","67","7","2022","6","40.057265","-75.193807","1855","6","0","0","0","0","0","0","0","0","","0","0","0","18","1","1","","1","0","40 03:26.153","","0","75 11:37.705","3","0","0","0","67301","0","0","0","N","0","0","0","1","67301","0","","1.0","","1","N","N","N","0","","1","0","1","3","3","","1850","2","1","0","0","0","0","0","2","0","2","0","0","0","3","03","","N","","","","","","","","","",""
"2022075599","0453","0","0","0","0","0","0","0","0","0","7","0","","67","8","2022","5","39.891988","-75.236201","0453","6","0","0","0","0","0","0","0","0","","0","0","0","4","3","0","N","0","0","39 53:31.157","","0","75 14:10.325","0","0","0","0","67301","0","0","0","N","0","0","0","1","68K01","0","","4.0","","9","N","N","N","0","","0","0","1","0","0","","452","1","0","0","0","0","0","0","2","0","1","0","0","0","7","07","","N","","","","","","","","","",""
"2022061414","1805","1","0","0","0","0","0","0","0","0","4","0","","67","7","2022","7","39.975563","-75.190761","1755","6","0","0","0","1","0","0","0","1","","0","0","0","17","1","1","","3","1","39 58:32.026","4","0","75 11:26.738","8","0","0","0","67301","0","0","0","N","0","0","0","3","67301","0","","1.0","1830.0","1","N","N","N","0","","0","0","1","3","3","N","1745","2","1","0","0","0","1","2","2","0","2","0","0","0","3","03","","N","","","","","","","","","",""
"2022068815","1158","2","0","0","0","0","0","0","0","0","4","0","","67","7","2022","6","39.971284","-75.158582","1149","6","0","0","0","0","0","0","0","0","","0","0","0","11","1","1","","1","0","39 58:16.621","","0","75 09:30.894","3","0","0","0","67301","0","0","0","N","0","0","0","2","67301","0","","1.0","","1","N","N","N","0","","1","0","2","0","0","","1145","4","1","1","0","0","0","0","2","0","4","0","0","0","3","03","","N","","","","","","","","","",""
"2022063552","0350","1","0","0","0","0","0","0","0","0","5","0","","67","7","2022","1","39.966011","-75.206056","0340","6","0","0","0","0","0","0","0","0","","0","0","0","3","3","0","N","0","0","39 57:57.640","","0","75 12:21.800","0","0","0","0","67301","0","0","0","N","0","0","0","1","67301","0","","6.0","","1","N","N","N","0","","0","0","1","0","0","","340","2","0","0","0","0","0","0","2","0","2","0","0","0","3","","","N","","","","","","","","","",""
"2022070888","1145","2","0","0","0","0","0","0","0","0","4","0","","67","7","2022","3","39.99552","-75.154117","1135","6","0","0","0","0","0","0","0","0","","0","0","0","11","1","0","","1","0","39 59:43.871","","0","75 09:14.820","0","0","0","0","67301","0","0","0","N","0","0","0","4","67508","0","","1.0","","1","N","N","Y","0","","0","0","0","3","2","","1135","2","0","0","0","0","0","0","2","0","2","0","0","0","3","03","","N","","","","","","","","","",""
"2022070023","2044","2","0","0","0","0","0","0","0","0","4","0","","67","7","2022","7","39.990984","-75.156128","2034","6","0","0","0","0","0","1","1","0","","0","0","0","20","3","2","","1","0","39 59:27.542","","0","75 09:22.060","4","0","0","0","67301","0","0","0","N","0","0","0","2","67301","2","","1.0","","1","N","N","N","0","","0","0","0","3","3","","2000","2","2","0","0","0","0","0","2","0","2","0","0","0","3","03","","N","","","","","","","","","",""
"2022064325","0119","2","0","0","0","0","0","0","0","0","4","0","","67","7","2022","3","40.043625","-75.103223","0118","6","0","0","0","0","0","0","0","0","","0","0","0","1","3","2","","2","2","40 02:37.051","7","0","75 06:11.604","3","0","0","0","67301","0","0","0","N","0","0","0","4","67301","0","","1.0","203.0","1","N","N","N","0","","2","0","0","3","3","Y","118","2","2","3","0","0","0","0","2","0","2","0","0","0","3","03","","N","","","","","","","","","",""
"2022072289","0120","4","0","0","0","0","0","0","0","0","6","0","","67","7","2022","7","39.979519","-75.117278","0118","6","0","0","0","0","0","0","0","0","","0","0","0","0","8","0","N","0","2","39 58:46.270","2","0","75 07:02.200","9","0","0","0","67301","0","0","0","N","0","0","0","1","67301","0","","6.0","200.0","1","N","N","N","0","","0","0","2","0","0","N","47","6","0","0","0","0","0","1","2","0","6","0","0","0","3","","","N","","","","","","","","","",""
"2022068581","1018","2","0","0","0","0","0","0","0","0","1","0","","67","7","2022","1","40.031964","-75.050656","1018","6","0","0","0","0","0","0","0","0","","0","0","0","4","3","0","N","0","0","40 01:55.070","","0","75 03:02.360","0","0","0","0","67301","0","0","0","N","0","0","0","1","67301","0","","6.0","","1","N","N","N","0","","0","0","0","0","0","","400","2","0","0","0","0","0","0","2","0","2","0","0","0","3","","","N","","","","","","","","","",""
"2022076021","0945","0","0","0","0","0","0","0","0","0","1","0","","67","8","2022","6","39.978484","-75.202742","0939","6","0","0","0","0","0","0","0","0","","0","0","0","9","1","2","N","0","0","39 58:42.541","","0","75 12:09.872","4","0","0","0","67301","0","0","0","N","0","0","0","4","68K01","1","","1.0","","1","N","N","N","0","","0","0","2","0","0","","938","2","2","0","0","0","1","0","2","0","2","0","0","0","3","03","","N","","","","","","","","","",""
"2022063031","1755","1","0","0","0","0","0","0","0","0","4","0","","67","7","2022","4","39.908973","-75.233051","1755","6","0","0","0","0","0","0","0","0","","0","0","0","17","1","1","","2","0","39 54:32.303","","0","75 13:58.982","3","0","0","0","67301","0","0","0","N","0","0","0","2","67301","0","","1.0","","1","N","N","N","0","","1","0","0","3","2","","1748","2","1","0","0","0","0","0","2","1","2","0","0","0","3","03","","N","","","","","","","","","",""
"2022063716","0025","2","0","0","0","0","0","0","0","0","5","0","","67","7","2022","2","40.075589","-75.040294","0021","6","0","0","0","0","0","0","0","0","","0","0","0","0","3","1","N","0","0","40 04:32.120","","0","75 02:25.060","3","0","0","0","67301","0","0","0","N","0","0","0","1","67301","0","","6.0","","1","N","N","N","0","","1","0","0","0","0","","15","2","1","0","0","0","0","0","2","0","2","0","0","0","3","03","","N","","","","","","","","","",""
"2022075636","1737","1","0","0","0","0","0","0","0","0","5","0","","67","7","2022","7","40.038088","-75.011158","1715","6","0","0","0","0","0","0","0","0","","0","0","0","17","1","2","N","0","0","40 02:17.115","","0","75 00:40.169","3","0","0","0","67301","0","0","0","N","0","0","0","4","68K01","1","","1.0","","1","N","N","N","0","","1","0","1","0","0","","1712","2","2","0","0","0","0","0","2","0","2","0","0","0","3","","","N","","","","","","","","","",""
"2022072275","1306","2","0","0","0","0","0","0","0","0","4","0","","67","7","2022","3","39.995481","-75.108932","1305","6","0","0","0","0","0","0","0","0","","0","0","0","13","1","0","","1","0","39 59:43.731","","0","75 06:32.155","9","0","0","0","67301","0","0","0","N","0","0","0","2","67301","0","","1.0","","1","N","N","N","0","","0","0","0","3","2","","1305","3","0","0","0","0","0","1","2","0","3","0","0","0","3","04","","N","","","","","","","","","",""
"2022063095","1745","1","0","0","0","0","0","0","0","0","5","0","","67","7","2022","3","39.97037","-75.245229","1739","6","0","0","0","0","0","1","0","0","","0","0","0","17","1","0","","1","0","39 58:13.333","","0","75 14:42.826","0","0","0","0","67301","0","0","0","N","0","0","0","3","67301","0","","1.0","","1","N","N","N","0","","0","0","2","3","2","","1724","3","0","0","0","0","0","0","2","0","3","0","0","0","4","07","","N","","","","","","","","","",""
"2022075335","1002","0","0","0","0","0","0","0","0","0","1","0","","67","7","2022","7","39.958972","-75.170585","0955","6","0","0","0","1","0","0","0","0","","0","0","0","9","1","2","N","0","2","39 57:32.299","3","0","75 10:14.106","3","0","0","0","67301","0","0","0","N","0","0","0","3","68K01","0","","1.0","1050.0","1","N","N","N","0","","2","0","1","0","0","N","954","2","2","0","0","0","0","0","2","1","2","0","0","0","3","","","N","","","","","","","","","",""
"2022074414","9999","0","0","0","0","0","0","1","0","0","8","1","","67","7","2022","5","39.951249","-75.199138","9999","6","0","0","0","0","0","1","0","0","","0","0","0","8","1","1","","1","0","39 57:04.496","","0","75 11:56.898","8","0","0","0","67301","1","0","0","N","0","0","0","3","67508","0","","1.0","","1","N","N","N","0","","0","0","0","3","2","N","830","2","1","0","0","0","1","0","2","0","1","1","0","0","3","03","","N","","","","","","","","","",""
"2022074947","0500","0","0","0","0","0","0","0","0","0","7","0","","67","8","2022","2","39.951587","-75.141481","0434","6","0","0","0","0","0","0","0","0","","0","1","0","3","3","0","N","0","1","39 57:05.714","2","0","75 08:29.330","0","0","0","0","67301","0","0","0","N","0","0","0","1","68K01","0","","5.0","30.0","9","N","N","N","0","","0","0","0","0","0","Y","323","1","0","0","0","0","0","0","2","0","1","0","0","0","7","","","N","","","","","","","","","",""
"2022074175","1212","1","0","0","0","0","0","0","0","0","5","0","","67","8","2022","3","39.988707","-75.253001","1211","6","0","0","0","0","0","0","0","0","","0","0","0","10","1","0","N","0","0","39 59:19.345","","0","75 15:10.803","0","0","0","0","67301","0","0","0","N","0","0","0","1","67301","0","","1.0","","1","N","N","N","0","","0","0","0","0","0","","1028","2","0","0","0","0","0","0","2","0","2","0","0","0","3","03","","N","","","","","","","","","",""
"2022073280","0619","0","0","0","0","0","0","0","0","0","7","0","","67","7","2022","6","39.976231","-75.195734","0614","6","0","0","0","0","0","0","0","0","","0","0","0","6","1","1","N","0","0","39 58:34.432","","0","75 11:44.643","8","0","0","1","67301","0","0","0","N","0","0","0","1","68K01","0","","3.0","","1","N","N","N","0","","0","0","0","0","0","","611","1","1","0","0","0","1","0","2","0","1","0","0","0","3","03","","N","","","","","","","","","",""
"2022053359","","1","0","0","0","0","0","0","0","0","1","0","","67","5","2022","5","","","","6","0","0","0","0","0","0","0","0","","0","0","0","9","1","1","N","0","0","","","0","","8","0","0","0","67301","0","0","0","N","0","0","0","2","00000","0","","1.0","","1","","","N","0","","0","0","0","0","0","","935","2","1","0","0","0","1","0","1","0","2","0","0","0","3","","","N","","","","","","","","","",""
"2022061171","0648","1","0","0","0","0","0","0","0","0","4","0","","67","7","2022","7","40.014573","-75.156653","0648","6","0","0","0","0","0","0","0","1","","0","0","0","6","1","3","","1","0","40 00:52.463","","0","75 09:23.952","3","0","0","0","67301","0","0","0","N","0","0","0","3","67301","0","","1.0","","1","N","N","N","0","","3","0","1","3","2","","640","2","3","0","0","0","0","0","2","0","2","0","0","0","4","","","N","","","","","","","","","",""
"2022076004","0924","1","0","0","0","0","0","0","0","0","1","0","","67","8","2022","4","39.944115","-75.191853","0908","6","0","0","0","0","1","0","0","0","","0","0","0","9","1","0","N","0","2","39 56:38.813","4","0","75 11:30.669","0","0","0","0","67301","0","0","0","N","0","0","0","2","68K01","0","","3.0","931.0","1","N","N","N","1","","0","0","0","0","0","N","905","2","0","0","0","0","0","0","2","0","2","0","0","0","3","","","N","","","","","","","","","",""
"2022061213","0035","0","0","0","0","0","0","0","0","0","7","0","","67","7","2022","1","39.912556","-75.150378","0029","6","0","0","0","0","0","0","0","0","","0","0","0","0","3","1","N","0","0","39 54:45.200","","0","75 09:01.360","3","0","0","1","67301","0","0","0","N","0","0","0","1","67301","0","","4.0","","1","N","N","N","0","","1","0","0","0","0","","28","1","1","0","0","0","0","0","2","0","1","0","0","0","3","03","","N","","","","","","","","","",""