"CRN","ARRIVAL_TM","AUTOMOBILE_COUNT","BELTED_DEATH_COUNT","BELTED_SUSP_SERIOUS_INJ_COUNT","BICYCLE_COUNT","BICYCLE_DEATH_COUNT","BICYCLE_SUSP_SERIOUS_INJ_COUNT","BUS_COUNT","CHLDPAS_DEATH_COUNT","CHLDPAS_SUSP_SERIOUS_INJ_COUNT","COLLISION_TYPE","COMM_VEH_COUNT","CONS_ZONE_SPD_LIM","COUNTY","CRASH_MONTH","CRASH_YEAR","DAY_OF_WEEK","DEC_LATITUDE","DEC_LONGITUDE","DISPATCH_TM","DISTRICT","DRIVER_COUNT_16YR","DRIVER_COUNT_17YR","DRIVER_COUNT_18YR","DRIVER_COUNT_19YR","DRIVER_COUNT_20YR","DRIVER_COUNT_50_64YR","DRIVER_COUNT_65_74YR","DRIVER_COUNT_75PLUS","EST_HRS_CLOSED","FATAL_COUNT","HEAVY_TRUCK_COUNT","HORSE_BUGGY_COUNT","HOUR_OF_DAY","ILLUMINATION","INJURY_COUNT","INTERSECTION_RELATED","INTERSECT_TYPE","LANE_CLOSED","LATITUDE","LN_CLOSE_DIR","LOCATION_TYPE","LONGITUDE","MAX_SEVERITY_LEVEL","MCYCLE_DEATH_COUNT","MCYCLE_SUSP_SERIOUS_INJ_COUNT","MOTORCYCLE_COUNT","MUNICIPALITY","NONMOTR_COUNT","NONMOTR_DEATH_COUNT","NONMOTR_SUSP_SERIOUS_INJ_COUNT","NTFY_HIWY_MAINT","PED_COUNT","PED_DEATH_COUNT","PED_SUSP_SERIOUS_INJ_COUNT","PERSON_COUNT","POLICE_AGCY","POSSIBLE_INJ_COUNT","RDWY_SURF_TYPE_CD","RELATION_TO_ROAD","ROADWAY_CLEARED","ROAD_CONDITION","SCH_BUS_IND","SCH_ZONE_IND","SECONDARY_CRASH","SMALL_TRUCK_COUNT","SPEC_JURIS_CD","SUSP_MINOR_INJ_COUNT","SUSP_SERIOUS_INJ_COUNT","SUV_COUNT","TCD_FUNC_CD","TCD_TYPE","TFC_DETOUR_IND","TIME_OF_DAY","TOTAL_UNITS","TOT_INJ_COUNT","UNBELTED_OCC_COUNT","UNB_DEATH_COUNT","UNB_SUSP_SERIOUS_INJ_COUNT","UNK_INJ_DEG_COUNT","UNK_INJ_PER_COUNT","URBAN_RURAL","VAN_COUNT","VEHICLE_COUNT","VULNERABLE_ROAD_USER_COUNT","VULNERABLE_ROAD_USER_DEATH_COUNT","VULNERABLE_ROAD_USER_SER_INJ_COUNT","WEATHER1","WEATHER2","WORKERS_PRES","WORK_ZONE_IND","WORK_ZONE_LOC","WORK_ZONE_TYPE","WZ_CLOSE_DETOUR","WZ_FLAGGER","WZ_LAW_OFFCR_IND","WZ_LN_CLOSURE","WZ_MOVING","WZ_OTHER","WZ_SHLDER_MDN","WZ_WORKERS_INJ_KILLED"
"2022080458","0649","1","0","0","0","0","0","0","0","0","8","0","","67","8","2022","2","40.085472","-74.969469","0640","6","0","0","0","0","0","0","0","0","","0","0","0","6","1","1","","7","1","40 05:07.699","2","2","74 58:10.087","2","0","0","0","67301","1","0","1","N","1","0","1","2","67301","0","","1.0","1027.0","1","N","N","N","0","","0","1","0","0","0","N","638","2","1","0","0","0","0","0","2","0","1","1","0","1","3","03","","N","","","","","","","","","",""
"2022063024","1608","1","0","0","0","0","0","0","0","0","4","0","","67","7","2022","5","39.939766","-75.164142","1602","6","0","0","0","0","0","0","0","0","","0","0","0","15","1","3","","1","0","39 56:23.157","","0","75 09:50.911","3","0","0","0","67301","0","0","0","N","0","0","0","3","67301","0","","1.0","","1","N","N","N","0","","3","0","1","3","3","","1555","2","3","0","0","0","0","0","2","0","2","0","0","0","3","03","","N","","","","","","","","","",""
"2022063390","0438","0","0","0","0","0","0","0","0","0","4","0","","67","7","2022","4","40.039151","-75.110002","0436","6","0","0","0","0","0","0","0","0","","0","0","0","4","5","3","","1","0","40 02:20.942","","0","75 06:36.006","2","0","0","0","67301","0","0","0","N","0","0","0","6","67301","0","","1.0","","1","N","N","N","0","","2","1","1","3","2","","426","2","3","4","0","1","0","0","2","1","2","0","0","0","3","03","","N","","","","","","","","","",""
"2022067243","0924","2","0","0","0","0","0","0","0","0","4","0","","67","7","2022","6","39.983434","-75.158573","0920","6","0","0","0","0","0","0","0","0","","0","0","0","9","1","2","","1","2","39 59:00.364","2","0","75 09:30.861","3","0","0","0","67301","0","0","0","N","0","0","0","4","67505","0","","1.0","950.0","1","N","N","N","0","","2","0","1","3","2","Y","920","3","2","0","0","0","0","0","2","0","3","0","0","0","3","03","","N","","","","","","","","","",""
"2022074556","0443","0","0","0","0","0","0","0","0","0","7","0","","67","8","2022","5","39.8922","-75.235643","0421","6","0","0","0","0","0","1","0","0","","0","0","0","4","3","0","N","0","0","39 53:31.919","","0","75 14:08.315","0","0","0","0","67301","0","0","0","N","0","0","0","1","68K01","0","","4.0","","9","N","N","N","0","","0","0","1","0","0","","414","1","0","0","0","0","0","0","2","0","1","0","0","0","7","07","","N","","","","","","","","","",""
"2022071919","2246","1","0","0","0","0","0","0","0","0","3","0","","67","7","2022","6","40.012902","-75.058246","2234","6","0","0","0","0","0","0","0","1","","0","0","0","22","3","0","N","0","1","40 00:46.446","1","0","75 03:29.686","9","0","0","0","67301","0","0","0","N","0","0","0","5","68K01","0","","1.0","1130.0","1","N","N","N","0","","0","0","1","0","0","N","2233","3","0","0","0","0","0","1","2","0","3","0","0","0","3","","","N","","","","","","","","","",""
"2022061691","1225","0","0","0","0","0","0","0","0","0","4","0","","67","7","2022","3","40.041053","-75.179119","1225","6","0","0","0","0","0","1","0","0","","0","0","0","12","1","1","","2","0","40 02:27.791","","0","75 10:44.829","4","0","0","0","67301","0","0","0","N","0","0","0","2","67301","1","","1.0","","1","N","N","N","1","","0","0","1","3","3","","1220","2","1","0","0","0","0","0","2","0","2","0","0","0","3","03","","N","","","","","","","","","",""
"2022061457","2002","2","0","0","0","0","0","0","0","0","4","0","","67","7","2022","7","39.956136","-75.182989","1938","6","0","0","0","0","0","1","0","0","","0","0","0","18","1","1","","3","0","39 57:22.089","","0","75 10:58.760","4","0","0","0","67301","0","0","0","N","0","0","0","2","67301","1","","1.0","","1","N","N","N","0","","0","0","0","3","2","","1810","2","1","0","0","0","0","1","2","0","2","0","0","0","3","03","","N","","","","","","","","","",""
"2022066384","1919","1","0","0","0","0","0","0","0","0","4","0","","67","7","2022","2","39.991616","-75.136171","1919","6","0","0","0","0","0","0","1","0","","0","0","0","19","1","4","","1","0","39 59:29.818","","0","75 08:10.215","3","0","0","0","67301","0","0","0","N","0","0","0","5","67301","0","","1.0","","1","N","N","N","0","","4","0","1","3","2","","1919","2","4","0","0","0","0","0","2","0","2","0","0","0","3","03","","N","","","","","","","","","",""
"2022074121","1223","2","0","0","0","0","0","0","0","0","1","0","","67","8","2022","5","39.958014","-75.162952","1215","6","0","0","0","0","0","1","0","0","","0","0","0","12","1","1","N","0","1","39 57:28.851","4","0","75 09:46.627","3","0","0","0","67301","0","0","0","N","0","0","0","5","68K01","0","","1.0","1400.0","1","N","N","N","1","","1","0","0","0","0","N","1214","3","1","0","0","0","0","0","2","0","3","0","0","0","3","03","","N","","","","","","","","","",""
"2022061702","1105","1","0","0","0","0","0","0","0","0","4","0","","67","7","2022","2","39.944339","-75.230956","1104","6","0","0","0","0","0","0","0","0","","0","0","0","23","3","1","","1","0","39 56:39.619","","0","75 13:51.440","3","0","0","0","67301","0","0","0","N","0","0","0","2","67301","0","","1.0","","1","N","N","N","1","","1","0","0","3","3","","2300","2","1","0","0","0","0","1","2","0","2","0","0","0","3","03","","N","","","","","","","","","",""
"2022080246","1831","0","0","0","0","0","0","0","0","0","8","0","","67","8","2022","4","39.967898","-75.165184","1825","6","0","0","0","0","0","0","0","0","","0","0","0","16","1","1","","2","0","39 58:04.432","","0","75 09:54.662","3","0","0","0","67301","1","0","0","N","0","0","0","2","67301","0","","1.0","","1","N","N","N","0","","1","0","1","0","0","","1600","2","1","0","0","0","0","1","2","0","1","1","0","0","3","03","","N","","","","","","","","","",""
"2022076003","0557","1","0","0","0","0","0","0","0","0","5","0","","67","8","2022","4","39.957933","-75.14075","0550","6","0","0","0","0","0","0","0","0","","0","0","0","5","1","1","N","0","1","39 57:28.557","1","0","75 08:26.701","4","0","0","0","67301","0","0","0","N","0","0","0","2","68K01","1","","1.0","610.0","1","N","N","N","1","","0","0","0","0","0","N","540","2","1","0","0","0","0","0","2","0","2","0","0","0","3","03","","N","","","","","","","","","",""
"2022061567","0228","0","0","1","0","0","0","0","0","0","5","0","","67","7","2022","1","40.010601","-75.184634","0226","6","0","0","0","0","0","0","0","0","","0","0","0","2","3","4","N","0","2","40 00:38.165","2","0","75 11:04.684","2","0","0","0","67301","0","0","0","N","0","0","0","4","67301","0","","1.0","427.0","1","N","N","Y","0","","3","1","2","0","0","Y","226","2","4","0","0","0","0","0","2","0","2","0","0","0","4","04","","N","","","","","","","","","",""
"2022075633","0100","1","0","0","0","0","0","0","0","0","7","0","","67","7","2022","1","39.948328","-75.186444","0051","6","0","0","0","0","0","0","0","0","","0","0","0","0","3","0","N","0","1","39 56:53.982","3","0","75 11:11.199","0","0","0","0","67301","0","0","0","N","0","0","0","1","68K01","0","","4.0","111.0","1","N","N","N","0","","0","0","0","0","0","N","50","1","0","0","0","0","0","0","2","0","1","0","0","0","3","","","N","","","","","","","","","",""
"2022075805","0727","1","0","0","0","0","0","0","0","0","4","0","","67","8","2022","5","39.97359","-75.151918","0725","6","0","0","0","0","0","1","1","0","","0","0","0","6","1","1","","1","0","39 58:24.923","","0","75 09:06.904","8","0","0","0","67301","0","0","0","N","0","0","0","2","67301","0","","1.0","","1","N","N","N","0","","0","0","1","3","2","","654","2","1","0","0","0","1","0","2","0","2","0","0","0","3","","","N","","","","","","","","","",""
"2022063101","0423","1","0","0","0","0","0","0","0","0","8","0","","67","7","2022","5","39.981559","-75.117404","0419","6","0","0","0","0","0","0","0","0","","0","0","0","4","3","1","","1","0","39 58:53.612","","0","75 07:02.654","3","0","0","0","67301","1","0","0","N","1","0","0","2","67301","0","","1.0","","9","N","N","N","0","","1","0","0","3","2","","400","2","1","0","0","0","0","0","2","0","1","1","0","0","7","07","","N","","","","","","","","","",""
"2022075285","1541","2","0","0","0","0","0","0","0","0","1","0","","67","8","2022","2","39.958951","-75.170404","1541","6","0","0","0","1","0","0","0","0","","0","0","0","15","1","1","N","0","1","39 57:32.225","4","0","75 10:13.456","4","0","0","0","67301","0","0","0","N","0","0","0","6","68K01","1","","1.0","1542.0","1","N","N","N","0","","0","0","1","0","0","N","1541","4","1","2","0","0","0","1","2","0","4","0","0","0","3","03","","N","","","","","","","","","",""
"2022074610","0204","1","0","0","0","0","0","0","0","0","7","0","","67","7","2022","1","39.946122","-75.189279","0147","6","0","0","0","0","0","0","0","0","","0","0","0","1","3","0","N","0","0","39 56:46.039","","0","75 11:21.403","0","0","0","0","67301","0","0","0","N","0","0","0","1","68K01","0","","4.0","","1","N","N","N","0","","0","0","0","0","0","","141","1","0","0","0","0","0","0","2","0","1","0","0","0","3","03","","N","","","","","","","","","",""
"2022065489","1843","0","0","0","0","0","0","0","0","0","8","0","","67","7","2022","7","39.992406","-75.14229","1843","6","0","0","0","0","0","0","0","0","","0","0","0","10","1","1","N","0","0","39 59:32.661","","0","75 08:32.245","8","0","0","0","67301","1","0","0","N","1","0","0","2","67301","0","","1.0","","1","N","N","N","0","","0","0","1","0","0","","1000","2","1","0","0","0","1","0","2","0","1","1","0","0","3","03","","N","","","","","","","","","",""
"2022063036","2049","2","0","0","0","0","0","0","0","0","5","0","","67","7","2022","3","40.045169","-75.165131","2049","6","0","0","0","0","0","0","0","0","","0","0","0","20","4","0","N","0","0","40 02:42.610","","0","75 09:54.470","0","0","0","0","67301","0","0","0","N","0","0","0","2","67301","0","","1.0","","1","N","N","N","0","","0","0","0","0","0","","2044","2","0","0","0","0","0","0","2","0","2","0","0","0","3","03","","N","","","","","","","","","",""
"2022063531","1134","1","0","0","0","0","0","0","0","0","4","0","","67","7","2022","2","39.956141","-75.206336","1132","6","0","0","0","0","0","0","0","0","","0","0","0","11","1","1","","1","0","39 57:22.108","","0","75 12:22.808","3","0","0","0","67301","0","0","0","N","0","0","0","1","67301","0","","1.0","","1","N","N","Y","0","","1","0","1","3","2","","1120","3","1","0","0","0","0","0","2","0","2","0","0","0","3","03","","N","","","","","","","","","",""
"2022080245","1858","1","0","0","0","0","0","0","0","0","5","0","","67","8","2022","4","39.916171","-75.166629","1843","6","0","0","0","0","0","0","0","1","","0","0","0","18","1","1","N","0","0","39 54:58.217","","0","75 09:59.865","8","0","0","0","67301","0","0","0","N","0","0","0","1","67301","0","","6.0","","1","N","N","N","0","","0","0","0","0","0","","1835","2","1","0","0","0","1","0","2","1","2","0","0","0","3","03","","N","","","","","","","","","",""
"2022074186","0945","0","0","0","0","0","0","0","0","0","4","0","","67","8","2022","5","39.977271","-75.198218","0945","6","0","0","0","0","0","0","0","0","","0","0","0","18","1","1","","1","0","39 58:38.175","","0","75 11:53.584","8","0","0","0","67301","0","0","0","N","0","0","0","1","67301","0","","1.0","","1","N","N","N","0","","0","0","2","9","3","","1800","2","1","0","0","0","1","0","2","0","2","0","0","0","3","03","","N","","","","","","","","","",""
"2022073393","1510","1","0","0","0","0","0","0","0","0","5","1","","67","8","2022","5","40.005112","-75.152156","1501","6","0","0","0","0","0","1","0","0","","0","1","0","15","1","1","N","0","0","40 00:18.404","","0","75 09:07.760","3","0","0","0","67301","0","0","0","N","0","0","0","2","67505","0","","1.0","","1","N","N","N","0","","1","0","0","0","0","","1501","2","1","0","0","0","0","0","2","0","2","0","0","0","3","03","","N","","","","","","","","","",""
"2022075276","1804","1","0","0","0","0","0","0","0","0","4","0","","67","8","2022","4","39.984681","-75.156494","1804","6","0","0","0","1","0","0","0","0","","0","0","0","17","1","0","N","1","0","39 59:04.850","","0","75 09:23.377","0","0","0","0","67301","0","0","0","N","0","0","0","4","67505","0","","1.0","","1","N","N","N","0","","0","0","1","3","2","","1740","2","0","0","0","0","0","0","2","0","2","0","0","0","3","03","","N","","","","","","","","","",""
"2022063667","1555","0","0","0","0","0","0","0","0","0","4","0","","67","7","2022","7","40.044709","-75.06125","1547","6","0","1","0","0","0","1","0","0","","0","0","0","15","1","1","","2","0","40 02:40.953","","0","75 03:40.501","3","0","0","0","67301","0","0","0","N","0","0","0","2","67301","0","","1.0","","1","N","N","N","0","","1","0","2","3","3","","1535","2","1","0","0","0","0","0","2","0","2","0","0","0","3","03","","N","","","","","","","","","",""
"2022068745","0844","1","0","0","0","0","0","0","0","0","4","0","","67","7","2022","5","39.942651","-75.236421","0843","6","0","0","0","0","0","0","0","0","","0","0","0","8","1","1","","1","0","39 56:33.543","","0","75 14:11.115","3","0","0","0","67301","0","0","0","N","0","0","0","2","67301","0","","1.0","","9","N","N","N","0","","1","0","0","3","2","","826","2","1","0","0","0","0","0","2","0","2","0","0","0","4","04","","N","","","","","","","","","",""
"2022076057","2021","2","0","0","0","0","0","0","0","0","4","0","","67","8","2022","5","39.909061","-75.233198","2016","6","0","0","0","0","0","0","0","0","","0","0","0","20","3","1","","1","0","39 54:32.618","","0","75 13:59.514","3","0","0","0","67301","0","0","0","N","0","0","0","1","67301","0","","1.0","","1","N","N","N","0","","1","0","0","3","2","","2016","2","1","1","0","0","0","0","2","0","2","0","0","0","3","03","","N","","","","","","","","","",""
"2022068610","0344","2","0","0","0","0","0","0","0","0","1","0","","67","7","2022","7","40.031464","-75.128272","0338","6","0","0","0","0","0","0","0","0","","0","0","0","3","3","1","N","0","0","40 01:53.270","","0","75 07:41.780","3","0","0","0","67301","0","0","0","N","0","0","0","2","67301","0","","1.0","","1","N","N","N","0","","1","0","1","0","0","","334","3","1","0","0","0","0","0","2","0","3","0","0","0","3","03","","N","","","","","","","","","",""
"2022079397","1031","0","0","0","0","0","0","0","0","0","4","0","","67","8","2022","7","40.123438","-75.015524","1031","6","0","0","0","0","0","0","1","0","","0","0","0","10","1","1","N","0","0","40 07:24.377","","7","75 00:55.888","8","0","0","0","67301","0","0","0","N","0","0","0","3","67301","0","","1.0","","1","N","N","Y","0","","0","0","2","0","0","","1030","2","1","0","0","0","1","0","2","0","2","0","0","0","3","","","N","","","","","","","","","",""
"2022072608","1608","1","0","0","0","0","0","0","0","0","4","0","","67","7","2022","3","40.010232","-75.098089","1600","6","0","0","0","0","0","1","0","0","","0","0","0","15","1","1","","1","1","40 00:36.834","2","0","75 05:53.119","8","0","0","0","67301","0","0","0","N","0","0","0","3","67301","0","","1.0","1800.0","1","N","N","N","0","","0","0","1","3","2","Y","1559","2","1","0","0","0","1","2","2","0","2","0","0","0","3","04","","N","","","","","","","","","",""
"2022064393","","1","0","0","0","0","0","0","0","0","4","0","","67","7","2022","4","39.892503","-75.222547","","6","0","0","0","0","0","0","0","0","","0","0","0","7","1","1","","1","0","39 53:33.012","","2","75 13:21.169","8","0","0","0","67301","0","0","0","N","0","0","0","2","00000","0","","1.0","","1","","","N","0","","0","0","1","3","2","","750","2","1","0","0","0","1","0","2","0","2","0","0","0","3","","","N","","","","","","","","","",""
"2022061504","2259","0","0","0","0","0","0","0","0","0","5","0","","67","7","2022","2","40.052533","-75.061914","2256","6","0","0","0","0","0","0","0","0","","0","0","0","21","3","1","N","0","0","40 03:09.120","","0","75 03:42.890","3","0","0","0","67301","0","0","0","N","0","0","0","1","67301","0","","6.0","","1","N","N","N","0","","1","0","2","0","0","","2146","2","1","0","0","0","0","0","2","0","2","0","0","0","3","03","","N","","","","","","","","","",""
"2022074724","1941","1","0","0","0","0","0","0","0","0","5","0","","67","5","2022","7","39.957416","-75.150945","1927","6","0","0","0","0","1","0","0","0","","0","0","0","19","1","0","N","0","1","39 57:26.699","3","0","75 09:03.401","9","0","0","0","67301","0","0","0","N","0","0","0","2","68K01","0","","1.0","2000.0","1","N","N","N","0","","0","0","0","0","0","N","1924","2","0","0","0","0","0","1","2","0","2","0","0","0","3","","","N","","","","","","","","","",""
"2022057692","","1","0","0","0","0","0","0","0","0","1","0","","67","5","2022","4","39.923927","-75.222089","","6","0","0","0","0","0","1","0","0","","0","0","0","17","1","1","","1","0","39 55:26.137","","0","75 13:19.522","8","0","0","0","67301","0","0","0","N","0","0","0","2","00000","0","","1.0","","1","","","N","0","","0","0","0","3","2","","1700","2","1","0","0","0","1","0","2","0","2","0","0","0","3","","","N","","","","","","","","","",""
"2022070065","0750","3","0","0","0","0","0","0","0","0","4","0","","67","7","2022","7","39.963628","-75.24108","0749","6","0","0","0","0","0","0","0","0","","0","0","0","7","1","2","","1","2","39 57:49.060","3","0","75 14:27.888","3","0","0","0","67301","0","0","0","N","0","0","0","2","67301","0","","1.0","919.0","1","N","N","N","0","","2","0","0","3","3","Y","747","3","2","0","0","0","0","0","2","0","3","0","0","0","3","","","N","","","","","","","","","",""
"2022064807","0245","2","0","0","0","0","0","0","0","0","5","0","","67","7","2022","1","40.028061","-75.182691","0229","6","0","0","0","0","0","0","0","0","","0","0","0","2","3","0","","2","0","40 01:41.019","","0","75 10:57.687","9","0","0","0","67301","0","0","0","N","0","0","0","1","67301","0","","1.0","","1","N","N","N","0","","0","0","0","0","0","","211","3","0","0","0","0","0","1","2","0","3","0","0","0","3","03","","N","","","","","","","","","",""
"2022063037","0735","0","0","0","0","0","0","0","0","0","4","0","","67","7","2022","5","40.037333","-75.173139","0730","6","0","0","0","0","0","1","0","1","","0","0","0","7","1","1","N","0","0","40 02:14.400","","7","75 10:23.300","4","0","0","0","67301","0","0","0","N","0","0","0","2","67301","1","","1.0","","9","N","N","N","0","","0","0","2","0","0","","715","2","1","0","0","0","0","0","2","0","2","0","0","0","7","07","","N","","","","","","","","","",""
"2022066391","2121","1","0","0","0","0","0","0","0","0","4","0","","67","7","2022","1","40.009186","-75.13769","2115","6","0","0","1","1","0","0","0","0","","0","0","0","21","3","1","","3","0","40 00:33.069","","0","75 08:15.683","3","0","0","1","67301","0","0","0","N","0","0","0","2","67301","0","","1.0","","1","N","N","N","0","","1","0","0","0","0","","2111","2","1","0","0","0","0","0","2","0","2","0","0","0","3","03","","N","","","","","","","","","",""
"2022075746","1116","0","0","0","1","0","0","0","0","0","8","0","","67","5","2022","3","39.944711","-75.158224","1108","6","0","0","0","0","0","0","0","0","","0","0","0","11","1","1","","1","0","39 56:40.959","","0","75 09:29.607","8","0","0","0","67301","1","0","0","N","0","0","0","2","67301","0","","1.0","","1","N","N","N","0","","0","0","1","3","2","","1106","2","1","1","0","0","1","0","2","0","1","1","0","0","3","04","","N","","","","","","","","","",""
"2022076060","1918","1","0","0","0","0","0","0","0","0","7","0","","67","8","2022","4","39.895902","-75.215663","1857","6","0","0","0","0","0","0","0","0","","0","0","0","18","1","0","N","0","1","39 53:45.247","3","3","75 12:56.387","0","0","0","0","67301","0","0","0","N","0","0","0","2","67301","0","","3.0","100.0","1","N","N","N","0","","0","0","0","0","0","N","1850","1","0","2","0","0","0","0","2","0","1","0","0","0","3","03","","N","","","","","","","","","",""
"2022083811","0032","0","0","0","0","0","0","0","0","0","7","1","","67","9","2022","2","39.9607","-75.181849","0031","6","0","0","0","0","0","0","0","0","","0","1","0","0","3","0","N","0","0","39 57:38.520","","0","75 10:54.657","0","0","0","0","67301","0","0","0","N","0","0","0","1","68K01","0","","4.0","","9","N","N","N","0","","0","0","0","0","0","","23","1","0","0","0","0","0","0","2","0","1","0","0","0","3","03","","N","","","","","","","","","",""
"2022068676","","0","0","0","0","0","0","0","0","0","5","0","","67","5","2022","1","39.917183","-75.246303","","6","0","0","0","0","0","0","0","0","","0","0","0","14","1","2","","1","0","39 55:01.859","","0","75 14:46.691","8","0","0","0","67301","0","0","0","N","0","0","0","3","00000","0","","1.0","","1","","","N","0","","0","0","1","0","0","","1400","2","2","0","0","0","2","0","2","0","2","0","0","0","3","","","N","","","","","","","","","",""
"2022075288","1410","1","0","0","0","0","0","0","0","0","1","0","","67","8","2022","5","40.025619","-75.027998","1342","6","0","0","0","0","0","1","0","0","","0","0","0","13","1","0","N","0","0","40 01:32.227","","0","75 01:40.792","0","0","0","0","67301","0","0","0","N","0","0","0","3","68K01","0","","1.0","","1","N","N","N","0","","0","0","2","0","0","","1330","3","0","0","0","0","0","0","2","0","3","0","0","0","3","03","","N","","","","","","","","","",""
"2022074554","2235","0","0","0","0","0","0","0","0","0","1","0","","67","8","2022","4","40.001354","-75.194969","2229","6","0","0","0","0","0","2","0","0","","0","0","0","22","3","1","N","0","0","40 00:04.875","","0","75 11:41.890","8","0","0","0","67301","0","0","0","N","0","0","0","2","68K01","0","","1.0","","1","N","N","N","0","","0","0","1","0","0","","2216","2","1","0","0","0","1","0","2","1","2","0","0","0","3","","","N","","","","","","","","","",""
"2022064089","1723","2","0","0","0","0","0","0","0","0","5","0","","67","7","2022","1","39.924183","-75.149108","1722","6","0","0","0","0","0","0","0","0","","0","0","0","17","1","0","N","0","2","39 55:27.060","3","0","75 08:56.790","0","0","0","0","67301","0","0","0","N","0","0","0","1","67301","0","","6.0","1820.0","1","N","N","N","0","","0","0","1","0","0","Y","1700","3","0","0","0","0","0","0","2","0","3","0","0","0","3","","","N","","","","","","","","","",""
"2022048806","","1","0","0","0","0","0","0","0","0","1","0","","67","5","2022","2","39.893759","-75.238758","","6","0","0","0","0","0","1","0","0","","0","0","0","14","1","1","N","0","0","39 53:37.533","","0","75 14:19.528","8","0","0","0","67301","0","0","0","N","0","0","0","3","00000","0","","1.0","","1","","","N","0","","0","0","0","0","0","","1430","3","1","0","0","0","1","0","2","0","3","0","0","0","3","","","N","","","","","","","","","",""
"2022070220","1120","0","0","0","0","0","0","0","0","0","4","0","","67","7","2022","7","39.957138","-75.214339","1114","6","0","0","0","0","0","0","0","0","","0","0","0","9","1","1","","1","0","39 57:25.697","","0","75 12:51.620","8","0","0","0","67301","0","0","0","N","0","0","0","2","67301","0","","1.0","","1","N","N","N","0","","0","0","2","3","2","","955","2","1","0","0","0","1","0","2","0","2","0","0","0","3","03","","N","","","","","","","","","",""
"2022075334","0733","1","0","0","0","0","0","0","0","0","0","0","","67","7","2022","6","39.98468","-75.095058","0733","6","0","0","0","0","0","0","0","0","","0","0","0","7","1","0","N","0","0","39 59:04.848","","0","75 05:42.208","0","0","0","0","67301","0","0","0","N","0","0","0","3","68K01","0","","1.0","","1","N","N","N","0","","0","0","1","0","0","","726","2","0","0","0","0","0","0","2","0","2","0","0","0","3","03","","N","","","","","","","","","",""
"2022075797","2225","2","0","0","0","0","0","0","0","0","4","0","","67","8","2022","1","39.964483","-75.134208","2205","6","0","0","0","0","0","0","0","0","","0","0","0","22","3","1","","5","1","39 57:52.138","2","0","75 08:03.150","3","0","0","0","67301","0","0","0","N","0","0","0","2","67301","0","","1.0","2240.0","1","N","N","N","0","","1","0","0","3","2","N","2200","2","1","0","0","0","0","0","2","0","2","0","0","0","3","","","N","","","","","","","","","",""
"2022063040","0438","0","0","0","0","0","0","0","0","0","5","0","","67","7","2022","5","39.999844","-75.071922","0433","6","0","0","0","0","0","0","0","0","","0","0","0","4","3","0","N","0","0","39 59:59.440","","0","75 04:18.920","0","0","0","0","67301","0","0","0","N","0","0","0","1","67301","0","","6.0","","9","N","N","N","1","","0","0","1","0","0","","416","2","0","1","0","0","0","0","2","0","2","0","0","0","7","04","","N","","","","","","","","","",""
"2022073914","2204","1","0","0","0","0","0","0","0","0","4","0","","67","8","2022","6","40.102481","-74.982022","2156","6","0","0","0","0","0","0","0","1","","0","0","0","21","3","2","","2","1","40 06:08.933","1","0","74 58:55.279","3","0","0","1","67301","0","0","0","N","0","0","0","4","67301","0","","1.0","30.0","1","N","N","N","0","","1","0","0","3","2","N","2152","2","2","3","0","0","1","0","2","0","2","0","0","0","3","03","","N","","","","","","","","","",""
"2022066174","0434","1","0","0","0","0","0","0","0","0","7","0","","67","7","2022","4","40.036089","-75.193978","0427","6","0","0","0","0","0","0","0","0","","0","0","0","4","2","1","","1","0","40 02:09.919","","0","75 11:38.322","4","0","0","0","67301","0","0","0","N","0","0","0","1","67301","1","","4.0","","1","N","N","N","0","","0","0","0","3","2","","400","1","1","1","0","0","0","0","2","0","1","0","0","0","3","03","","N","","","","","","","","","",""
"2022072283","2105","1","0","0","0","0","0","0","0","0","4","0","","67","7","2022","1","39.999003","-75.116957","2100","6","0","0","0","0","0","0","0","0","","0","0","0","14","1","1","","2","0","39 59:56.409","","0","75 07:01.044","3","0","0","0","67301","0","0","0","N","0","0","0","2","67301","0","","1.0","","1","N","N","N","0","","1","0","1","0","0","","1425","2","1","0","0","0","0","1","2","0","2","0","0","0","3","98","","N","","","","","","","","","",""
"2022065026","1804","2","0","0","0","0","0","0","0","0","1","0","","67","7","2022","5","40.02595","-75.027984","1751","6","0","0","0","0","0","0","0","0","","0","0","0","17","1","0","N","0","1","40 01:33.420","2","0","75 01:40.743","0","0","0","0","67301","0","0","0","N","0","0","0","3","68K01","0","","1.0","1830.0","1","N","N","N","0","","0","0","1","0","0","N","1749","3","0","0","0","0","0","0","2","0","3","0","0","0","3","03","","N","","","","","","","","","",""
"2022064952","1618","2","0","0","0","0","0","0","0","0","4","0","","67","7","2022","1","39.95762","-75.145687","1612","6","0","0","0","0","1","0","0","0","","0","0","0","14","1","2","","1","1","39 57:27.432","4","0","75 08:44.473","3","0","0","0","67301","0","0","0","N","0","0","0","4","67301","0","","1.0","1630.0","1","N","N","N","0","","2","0","0","3","2","N","1456","2","2","0","0","0","0","0","2","0","2","0","0","0","3","03","","N","","","","","","","","","",""
"2022064764","2300","1","0","0","0","0","0","0","0","0","5","0","","67","7","2022","3","39.914906","-75.160594","2251","6","0","0","0","0","0","0","1","0","","0","0","0","22","3","1","N","0","0","39 54:53.660","","0","75 09:38.140","3","0","0","0","67301","0","0","0","N","0","0","0","1","67301","0","","6.0","","1","N","N","N","0","","1","0","2","0","0","","2227","3","1","1","0","0","0","0","2","0","3","0","0","0","3","03","","N","","","","","","","","","",""