"CRN","ARRIVAL_TM","AUTOMOBILE_COUNT","BELTED_DEATH_COUNT","BELTED_SUSP_SERIOUS_INJ_COUNT","BICYCLE_COUNT","BICYCLE_DEATH_COUNT","BICYCLE_SUSP_SERIOUS_INJ_COUNT","BUS_COUNT","CHLDPAS_DEATH_COUNT","CHLDPAS_SUSP_SERIOUS_INJ_COUNT","COLLISION_TYPE","COMM_VEH_COUNT","CONS_ZONE_SPD_LIM","COUNTY","CRASH_MONTH","CRASH_YEAR","DAY_OF_WEEK","DEC_LATITUDE","DEC_LONGITUDE","DISPATCH_TM","DISTRICT","DRIVER_COUNT_16YR","DRIVER_COUNT_17YR","DRIVER_COUNT_18YR","DRIVER_COUNT_19YR","DRIVER_COUNT_20YR","DRIVER_COUNT_50_64YR","DRIVER_COUNT_65_74YR","DRIVER_COUNT_75PLUS","EST_HRS_CLOSED","FATAL_COUNT","HEAVY_TRUCK_COUNT","HORSE_BUGGY_COUNT","HOUR_OF_DAY","ILLUMINATION","INJURY_COUNT","INTERSECTION_RELATED","INTERSECT_TYPE","LANE_CLOSED","LATITUDE","LN_CLOSE_DIR","LOCATION_TYPE","LONGITUDE","MAX_SEVERITY_LEVEL","MCYCLE_DEATH_COUNT","MCYCLE_SUSP_SERIOUS_INJ_COUNT","MOTORCYCLE_COUNT","MUNICIPALITY","NONMOTR_COUNT","NONMOTR_DEATH_COUNT","NONMOTR_SUSP_SERIOUS_INJ_COUNT","NTFY_HIWY_MAINT","PED_COUNT","PED_DEATH_COUNT","PED_SUSP_SERIOUS_INJ_COUNT","PERSON_COUNT","POLICE_AGCY","POSSIBLE_INJ_COUNT","RDWY_SURF_TYPE_CD","RELATION_TO_ROAD","ROADWAY_CLEARED","ROAD_CONDITION","SCH_BUS_IND","SCH_ZONE_IND","SECONDARY_CRASH","SMALL_TRUCK_COUNT","SPEC_JURIS_CD","SUSP_MINOR_INJ_COUNT","SUSP_SERIOUS_INJ_COUNT","SUV_COUNT","TCD_FUNC_CD","TCD_TYPE","TFC_DETOUR_IND","TIME_OF_DAY","TOTAL_UNITS","TOT_INJ_COUNT","UNBELTED_OCC_COUNT","UNB_DEATH_COUNT","UNB_SUSP_SERIOUS_INJ_COUNT","UNK_INJ_DEG_COUNT","UNK_INJ_PER_COUNT","URBAN_RURAL","VAN_COUNT","VEHICLE_COUNT","VULNERABLE_ROAD_USER_COUNT","VULNERABLE_ROAD_USER_DEATH_COUNT","VULNERABLE_ROAD_USER_SER_INJ_COUNT","WEATHER1","WEATHER2","WORKERS_PRES","WORK_ZONE_IND","WORK_ZONE_LOC","WORK_ZONE_TYPE","WZ_CLOSE_DETOUR","WZ_FLAGGER","WZ_LAW_OFFCR_IND","WZ_LN_CLOSURE","WZ_MOVING","WZ_OTHER","WZ_SHLDER_MDN","WZ_WORKERS_INJ_KILLED"
"2022063102","0309","2","0","0","0","0","0","0","0","0","4","0","","67","7","2022","6","39.998705","-75.166884","0304","6","0","0","0","0","0","1","0","0","","0","0","0","3","3","0","","1","0","39 59:55.337","","0","75 10:00.782","0","0","0","0","67301","0","0","0","N","0","0","0","2","67301","0","","1.0","","1","N","N","N","0","","0","0","0","3","2","","300","2","0","0","0","0","0","0","2","0","2","0","0","0","3","03","","N","","","","","","","","","",""
"2022070063","2145","0","0","0","2","0","0","0","0","0","8","0","","67","7","2022","6","39.973776","-75.258236","2145","6","0","0","0","0","0","1","0","0","","0","0","0","19","1","2","","1","0","39 58:25.593","","0","75 15:29.649","4","0","0","0","67301","2","0","0","N","0","0","0","3","67301","2","","1.0","","99","N","N","N","0","","0","0","0","3","1","","1945","3","2","0","0","0","0","1","2","1","1","2","0","0","99","","","N","","","","","","","","","",""
"2022075798","1400","1","0","0","0","0","0","0","0","0","4","0","","67","8","2022","2","39.971819","-75.125928","1400","6","0","0","0","0","0","1","0","0","","0","0","0","14","1","0","","1","0","39 58:18.550","","0","75 07:33.339","0","0","0","0","67301","0","0","0","N","0","0","0","2","67301","0","","1.0","","1","N","N","N","0","","0","0","1","3","2","","1400","2","0","0","0","0","0","0","2","0","2","0","0","0","3","","","N","","","","","","","","","",""
"2022075744","1206","3","0","0","0","0","0","0","0","0","5","0","","67","8","2022","4","39.912474","-75.15804","1202","6","0","0","0","0","0","1","0","0","","0","0","0","11","1","0","","2","0","39 54:44.906","","0","75 09:28.944","0","0","0","0","67301","0","0","0","N","0","0","0","1","67301","0","","1.0","","1","N","N","N","0","","0","0","0","0","0","","1130","3","0","0","0","0","0","0","2","0","3","0","0","0","3","","","N","","","","","","","","","",""
"2022064122","1344","0","0","0","0","0","0","0","0","0","8","0","","67","7","2022","2","39.948079","-75.154035","1342","6","0","0","0","0","0","0","0","0","","0","0","0","13","1","1","N","0","0","39 56:53.085","","0","75 09:14.526","4","0","0","0","67301","1","0","0","N","1","0","0","2","67301","1","","6.0","","1","N","N","N","0","","0","0","0","0","0","","1335","2","1","1","0","0","0","0","2","1","1","1","0","0","3","03","","N","","","","","","","","","",""
"2022061202","2330","2","0","0","0","0","0","0","0","0","1","0","","67","7","2022","7","40.076019","-75.176805","2330","6","0","0","0","0","0","0","1","0","","0","0","0","22","3","0","","1","0","40 04:33.670","","0","75 10:36.498","0","0","0","0","67301","0","0","0","N","0","0","0","3","67301","0","","1.0","","1","N","N","N","0","","0","0","0","3","2","","2230","2","0","3","0","0","0","0","2","0","2","0","0","0","3","","","N","","","","","","","","","",""
"2022075774","1245","1","0","0","0","0","0","0","0","0","4","1","","67","8","2022","5","40.006126","-75.193549","1238","6","0","0","0","0","0","1","0","0","","0","0","0","12","1","0","","5","1","40 00:22.052","1","3","75 11:36.777","0","0","0","0","67301","0","0","0","N","0","0","0","2","67301","0","","1.0","1400.0","1","N","N","N","1","","0","0","0","0","0","Y","1225","2","0","0","0","0","0","0","2","0","2","0","0","0","3","03","","N","","","","","","","","","",""
"2022061515","0805","1","0","0","0","0","0","0","0","0","4","0","","67","7","2022","2","40.051453","-75.009068","0759","6","0","0","0","0","0","1","0","0","","0","0","0","7","1","0","","2","0","40 03:05.232","","7","75 00:32.644","9","0","0","0","67301","0","0","0","N","0","0","0","2","67301","0","","1.0","","1","N","N","N","1","","0","0","0","3","2","","753","2","0","0","0","0","0","1","2","0","2","0","0","0","3","03","","N","","","","","","","","","",""
"2022074067","0515","1","0","0","0","0","0","0","0","0","5","0","","67","6","2022","1","40.04198","-75.082071","0510","6","0","0","0","0","0","0","0","0","","0","0","0","4","3","0","N","0","0","40 02:31.129","","0","75 04:55.455","0","0","0","0","67301","0","0","0","N","0","0","0","1","67301","0","","6.0","","1","N","N","N","0","","0","0","1","0","0","","425","3","0","0","0","0","0","0","2","1","3","0","0","0","3","03","","N","","","","","","","","","",""
"2022074723","1516","1","0","0","0","0","0","0","0","0","1","0","","67","5","2022","4","39.971707","-75.122824","1504","6","0","0","0","0","0","0","0","0","","0","0","0","15","1","0","N","0","0","39 58:18.144","","0","75 07:22.168","0","0","0","0","67301","0","0","0","N","0","0","0","2","68K01","0","","1.0","","1","N","N","N","0","","0","0","1","0","0","","1503","2","0","1","0","0","0","0","2","0","2","0","0","0","3","","","N","","","","","","","","","",""
"2022063432","0936","1","0","0","0","0","0","0","0","0","4","0","","67","7","2022","1","39.923299","-75.161318","0935","6","0","0","0","0","0","0","0","0","","0","0","0","9","1","1","","1","1","39 55:23.877","1","0","75 09:40.743","3","0","0","0","67301","0","0","0","N","0","0","0","2","67301","0","","1.0","1000.0","1","N","N","N","0","","1","0","1","3","2","N","933","2","1","0","0","0","0","0","2","0","2","0","0","0","3","03","","N","","","","","","","","","",""
"2022072286","1920","1","0","0","0","0","0","0","0","0","1","0","","67","7","2022","6","39.999991","-75.140509","1914","6","0","0","0","0","0","0","0","0","","0","0","0","19","4","1","","1","0","39 59:59.969","","0","75 08:25.832","2","0","1","1","67301","0","0","0","N","0","0","0","1","67301","0","","4.0","","1","N","N","N","0","","0","1","0","3","2","","1904","2","1","0","0","0","0","0","2","0","2","0","0","0","3","03","","N","","","","","","","","","",""
"2022061204","2239","0","0","0","0","0","0","0","0","0","8","0","","67","7","2022","7","40.017371","-75.149473","2239","6","0","0","0","0","0","0","0","0","","0","0","0","22","3","1","N","0","0","40 01:02.535","","0","75 08:58.101","3","0","0","0","67301","1","0","0","N","1","0","0","2","67301","0","","1.0","","9","N","N","N","0","","1","0","1","0","0","","2228","2","1","0","0","0","0","1","2","0","1","1","0","0","7","","","N","","","","","","","","","",""
"2022064293","1818","2","0","0","0","0","0","0","0","0","6","0","","67","7","2022","2","39.993325","-75.149831","1808","6","0","0","0","0","0","0","0","0","","0","0","0","18","1","1","N","0","1","39 59:35.971","3","0","75 08:59.390","3","0","0","0","67301","0","0","0","N","0","0","0","2","67301","0","","1.0","1845.0","1","N","N","N","0","","1","0","0","0","0","N","1808","3","1","0","0","0","0","0","2","1","3","0","0","0","3","03","","N","","","","","","","","","",""
"2022080742","1815","1","0","0","0","0","0","0","0","0","6","0","","67","9","2022","5","40.058818","-75.044171","1805","6","0","0","0","0","0","0","0","0","","0","0","0","18","1","0","","5","0","40 03:31.744","","0","75 02:39.016","0","0","0","0","67301","0","0","0","N","0","0","0","2","67301","0","","1.0","","1","N","N","N","0","","0","0","1","3","1","","1800","2","0","0","0","0","0","0","2","0","2","0","0","0","3","03","","N","","","","","","","","","",""
"2022068690","0002","0","0","0","0","0","0","0","0","0","6","0","","67","7","2022","7","40.039381","-75.164061","2358","6","0","0","0","0","0","1","0","0","","0","0","0","23","3","2","N","0","0","40 02:21.770","","0","75 09:50.620","3","0","0","0","67301","0","0","0","N","0","0","0","10","67301","0","","1.0","","1","N","N","Y","0","","2","0","2","0","0","","2304","2","2","3","0","0","0","0","2","0","2","0","0","0","3","03","","N","","","","","","","","","",""
"2022078410","0458","1","0","0","0","0","0","0","0","0","7","0","","67","8","2022","2","39.935025","-75.144761","0439","6","0","0","0","0","0","0","0","0","","0","0","0","4","3","0","N","0","2","39 56:06.091","1","0","75 08:41.140","0","0","0","0","67301","0","0","0","N","0","0","0","1","68K01","0","","4.0","30.0","9","N","N","N","0","","0","0","0","0","0","N","438","1","0","0","0","0","0","0","2","0","1","0","0","0","7","07","","N","","","","","","","","","",""
"2022070230","1340","1","0","0","0","0","0","0","0","0","4","0","","67","7","2022","5","39.951266","-75.226701","1338","6","0","0","0","0","0","1","0","0","","0","0","0","13","1","2","","2","1","39 57:04.559","6","0","75 13:36.122","3","0","0","0","67301","0","0","0","N","0","0","0","4","67301","0","","1.0","1700.0","1","N","N","N","0","","2","0","0","3","3","N","1335","2","2","0","0","0","0","0","2","1","2","0","0","0","3","03","","N","","","","","","","","","",""
"2022067178","1029","1","0","0","0","0","0","0","0","0","1","0","","67","7","2022","4","39.953191","-75.140977","1025","6","0","0","0","0","0","1","0","0","","0","0","0","10","1","1","N","0","1","39 57:11.487","1","3","75 08:27.518","8","0","0","1","67301","0","0","0","N","0","0","0","2","68K01","0","","1.0","1125.0","1","N","N","N","0","","0","0","0","0","0","N","1025","2","1","0","0","0","1","0","2","0","2","0","0","0","3","","","N","","","","","","","","","",""
"2022063118","0200","1","0","0","0","0","0","0","0","0","4","0","","67","7","2022","7","40.035118","-75.069504","0155","6","0","0","0","0","0","0","0","0","","0","0","0","1","3","1","","1","0","40 02:06.425","","0","75 04:10.216","4","0","0","0","67301","0","0","0","N","0","0","0","2","67301","1","","1.0","","9","N","N","Y","0","","0","0","1","3","2","","150","2","1","0","0","0","0","0","2","0","2","0","0","0","7","07","","N","","","","","","","","","",""
"2022064020","0145","2","0","0","0","0","0","0","0","0","1","0","","67","7","2022","1","39.894612","-75.236717","0145","6","0","0","0","0","0","1","0","0","","0","0","0","2","3","1","","1","0","39 53:40.603","","0","75 14:12.181","8","0","0","0","67301","0","0","0","N","0","0","0","3","67301","0","","1.0","","1","N","N","N","0","","0","0","1","3","2","","206","3","1","0","0","0","1","1","2","0","3","0","0","0","3","","","N","","","","","","","","","",""
"2022069564","2005","1","0","0","0","0","0","0","0","0","4","0","","67","7","2022","2","39.957398","-75.157071","2004","6","0","1","0","0","0","0","0","0","","0","0","0","20","4","3","","1","2","39 57:26.633","1","3","75 09:25.457","3","0","0","0","67301","0","0","0","N","0","0","0","6","67301","0","","1.0","2100.0","1","N","N","N","0","","3","0","1","3","2","Y","2000","2","3","6","0","0","0","0","2","0","2","0","0","0","3","03","","N","","","","","","","","","",""
"2022068564","1637","1","0","0","0","0","0","0","0","0","4","0","","67","7","2022","7","40.125008","-75.014824","1637","6","0","0","0","0","0","0","0","0","","0","0","0","15","1","1","","1","0","40 07:30.027","","0","75 00:53.365","4","0","0","0","67301","0","0","0","N","0","0","0","2","67301","1","","1.0","","1","N","N","N","0","","0","0","1","3","2","","1525","2","1","0","0","0","0","0","2","0","2","0","0","0","3","","","N","","","","","","","","","",""
"2022080737","1642","1","0","0","0","0","0","0","0","0","4","0","","67","9","2022","6","39.934317","-75.167466","1632","6","0","0","0","0","0","0","0","0","","0","0","0","16","1","1","N","0","0","39 56:03.540","","0","75 10:02.876","3","0","0","1","67301","0","0","0","N","0","0","0","2","67301","0","","1.0","","1","N","N","N","0","","1","0","0","0","0","","1606","2","1","0","0","0","0","0","2","0","2","0","0","0","3","03","","N","","","","","","","","","",""
"2022068578","1736","2","0","0","0","0","0","0","0","0","4","0","","67","7","2022","6","40.026503","-75.04216","1734","6","0","0","0","0","0","1","0","0","","0","0","0","16","1","1","","1","0","40 01:35.410","","0","75 02:31.776","4","0","0","0","67301","0","0","0","N","0","0","0","2","67301","1","","1.0","","1","N","N","N","0","","0","0","0","3","3","","1630","2","1","2","0","0","0","0","2","0","2","0","0","0","3","","","N","","","","","","","","","",""
"2022071666","0449","1","0","0","0","0","0","0","0","0","7","0","","67","7","2022","2","39.990604","-75.204909","0446","6","0","0","0","0","0","1","0","0","","0","0","0","4","3","0","N","0","2","39 59:26.173","3","0","75 12:17.672","0","0","0","0","67301","0","0","0","N","0","0","0","2","68K01","0","","3.0","500.0","1","N","N","N","0","","0","0","0","0","0","Y","444","1","0","0","0","0","0","0","2","0","1","0","0","0","3","03","","N","","","","","","","","","",""
"2022068620","0010","1","0","0","0","0","0","0","0","0","4","0","","67","7","2022","7","40.023517","-75.171602","0001","6","0","0","0","0","0","0","0","0","","0","0","0","22","3","6","","1","0","40 01:24.661","","0","75 10:17.767","4","0","0","0","67301","0","0","0","N","0","0","0","6","67301","1","","1.0","","1","N","N","N","0","","0","0","0","3","3","","2235","2","6","0","0","0","5","0","2","1","2","0","0","0","3","","","N","","","","","","","","","",""
"2022069937","1046","1","0","0","0","0","0","0","0","0","1","0","","67","7","2022","7","39.999286","-75.098646","1046","6","0","0","0","1","0","0","0","0","","0","0","0","10","1","0","Y","0","0","39 59:57.430","","0","75 05:55.124","0","0","0","0","67301","0","0","0","N","0","0","0","3","67301","0","","1.0","","1","N","N","N","0","","0","0","2","3","2","","1046","3","0","3","0","0","0","0","2","0","3","0","0","0","3","03","","N","","","","","","","","","",""
"2022069738","2135","2","0","0","0","0","0","0","0","0","1","0","","67","7","2022","6","39.921102","-75.194276","2132","6","0","0","0","0","0","0","0","0","","0","0","0","21","3","1","Y","0","1","39 55:15.967","3","0","75 11:39.392","3","0","0","0","67301","0","0","0","N","0","0","0","4","67301","0","","1.0","100.0","1","N","N","N","1","","1","0","0","3","2","N","2130","3","1","0","0","0","0","0","2","0","3","0","0","0","3","03","","N","","","","","","","","","",""
"2022079162","0545","2","0","0","0","0","0","0","0","0","4","0","","67","8","2022","7","40.018622","-75.062242","0538","6","0","0","0","0","0","0","0","0","","0","0","0","5","3","1","N","0","0","40 01:07.040","","0","75 03:44.070","3","0","0","0","67301","0","0","0","N","0","0","0","1","67301","0","","5.0","","1","N","N","N","0","","1","0","0","0","0","","532","2","1","0","0","0","0","0","2","0","2","0","0","0","3","03","","N","","","","","","","","","",""
"2022073213","2340","1","0","0","0","0","0","0","0","0","8","0","","67","7","2022","6","39.986343","-75.180236","2340","6","0","0","0","0","0","0","0","0","","0","0","0","22","3","1","","1","0","39 59:10.834","","0","75 10:48.850","2","0","0","0","67301","1","0","1","N","1","0","1","3","67301","0","","1.0","","1","N","N","N","0","","0","1","0","3","2","","2250","2","1","0","0","0","0","0","2","0","1","1","0","1","3","","","N","","","","","","","","","",""
"2022083996","2000","1","0","0","0","0","0","0","0","0","3","0","","67","9","2022","2","40.040608","-75.089892","1946","6","0","0","0","0","0","0","0","0","","0","0","0","19","3","3","N","0","0","40 02:26.190","","0","75 05:23.610","4","0","0","0","67301","0","0","0","N","0","0","0","6","67301","3","","1.0","","9","N","N","N","0","","0","0","1","0","0","","1945","2","3","0","0","0","0","0","2","0","2","0","0","0","4","","","N","","","","","","","","","",""
"2022075778","0820","0","0","0","0","0","0","0","0","0","5","0","","67","8","2022","2","39.956153","-75.198256","0815","6","0","0","0","0","0","1","0","0","","0","0","0","8","1","1","N","0","0","39 57:22.152","","0","75 11:53.721","3","0","0","0","67301","0","0","0","N","0","0","0","2","67301","0","","1.0","","1","N","N","N","0","","1","0","2","0","0","","800","2","1","0","0","0","0","0","2","0","2","0","0","0","3","","","N","","","","","","","","","",""
"2022070460","0145","1","0","0","0","0","0","0","0","0","5","0","","67","7","2022","6","39.977467","-75.133739","0141","6","0","0","0","0","0","0","0","0","","0","0","0","1","3","1","N","0","1","39 58:38.880","5","1","75 08:01.460","8","0","0","0","67301","0","0","0","N","0","0","0","2","67301","0","","6.0","700.0","1","N","N","N","0","","0","0","1","0","0","Y","141","2","1","0","0","0","1","1","2","0","2","0","0","0","3","07","","N","","","","","","","","","",""
"2022069486","1430","1","0","0","0","0","0","0","0","0","8","0","","67","7","2022","6","39.985153","-75.159815","1428","6","0","0","0","0","0","0","0","0","","0","0","0","14","1","1","","1","0","39 59:06.550","","0","75 09:35.335","3","0","0","0","67301","1","0","0","N","1","0","0","2","67505","0","","1.0","","1","N","N","N","0","","1","0","0","3","2","","1420","2","1","0","0","0","0","0","2","0","1","1","0","0","3","03","","N","","","","","","","","","",""
"2022073874","1435","1","0","0","0","0","0","0","0","0","98","0","","67","7","2022","4","39.92696","-75.146581","1346","6","0","0","0","0","0","1","0","0","","0","0","0","13","1","0","N","0","0","39 55:37.056","","0","75 08:47.692","9","0","0","0","67301","0","0","0","N","0","0","0","2","68K01","0","","4.0","","1","N","N","N","0","","0","0","0","0","0","","1341","2","0","0","0","0","0","1","2","0","2","0","0","0","3","03","","N","","","","","","","","","",""
"2022061405","0950","0","0","0","0","0","0","0","0","0","5","0","","67","7","2022","7","40.05942","-75.080422","0937","6","0","0","0","0","0","0","0","0","","0","0","0","8","1","0","N","0","1","40 03:33.912","3","0","75 04:49.518","0","0","0","0","67301","0","0","0","N","0","0","0","1","67301","0","","6.0","1027.0","1","N","N","N","0","","0","0","2","0","0","N","855","2","0","0","0","0","0","0","2","0","2","0","0","0","3","03","","N","","","","","","","","","",""
"2022066419","","2","0","0","0","0","0","0","0","0","1","0","","67","6","2022","7","39.977974","-75.152589","","6","0","0","0","0","0","0","1","0","","0","0","0","21","1","1","","1","0","39 58:40.705","","0","75 09:09.321","8","0","0","0","67301","0","0","0","N","0","0","0","2","00000","0","","1.0","","1","","","N","0","","0","0","0","3","2","","2100","2","1","0","0","0","1","0","2","0","2","0","0","0","3","","","N","","","","","","","","","",""
"2022076014","1410","1","0","0","0","0","0","0","0","0","1","0","","67","8","2022","5","39.996007","-75.08277","1354","6","0","0","0","0","0","1","0","0","","0","0","0","13","1","0","N","0","0","39 59:45.625","","0","75 04:57.973","0","0","0","0","67301","0","0","0","N","0","0","0","3","68K01","0","","1.0","","1","N","N","N","0","","0","0","1","0","0","","1346","2","0","0","0","0","0","0","2","0","2","0","0","0","3","03","","N","","","","","","","","","",""
"2022068575","0823","4","0","0","0","0","0","0","0","0","5","0","","67","7","2022","2","40.041853","-75.188733","0817","6","0","0","0","0","0","0","0","0","","0","0","0","8","1","2","N","0","0","40 02:30.670","","0","75 11:19.440","3","0","0","0","67301","0","0","0","N","0","0","0","2","67301","1","","6.0","","1","N","N","N","0","","1","0","0","0","0","","805","4","2","0","0","0","0","0","2","0","4","0","0","0","3","","","N","","","","","","","","","",""
"2022072620","2020","1","0","0","0","0","0","0","0","0","1","0","","67","7","2022","7","39.999169","-75.108567","2014","6","0","0","0","0","0","0","0","0","","0","0","0","2","3","0","N","0","0","39 59:57.010","","1","75 06:30.840","0","0","0","0","67301","0","0","0","N","0","0","0","1","67301","0","","6.0","","1","N","N","N","0","","0","0","0","0","0","","200","3","0","0","0","0","0","0","2","1","3","0","0","0","3","","","N","","","","","","","","","",""
"2022080650","1154","0","0","0","0","0","0","0","0","0","8","0","","67","9","2022","6","39.965591","-75.231913","1154","6","0","0","0","0","0","0","0","0","","0","2","0","11","1","3","","1","0","39 57:56.127","","0","75 13:54.886","2","0","0","0","67301","3","0","2","N","3","0","2","4","67301","0","","1.0","","1","N","N","N","0","","0","2","0","3","2","","1154","5","3","0","0","0","1","1","2","0","2","3","0","2","3","03","","N","","","","","","","","","",""
"2022078365","0636","1","0","1","0","0","0","0","0","0","7","0","","67","8","2022","5","40.028614","-75.185148","0632","6","0","0","0","0","0","0","0","0","","0","0","0","6","5","1","N","0","2","40 01:43.011","5","0","75 11:06.532","2","0","0","0","67301","0","0","0","N","0","0","0","1","67301","0","","2.0","740.0","1","N","N","N","0","","0","1","0","0","0","Y","615","1","1","0","0","0","0","0","2","0","1","0","0","0","3","03","","N","","","","","","","","","",""
"2022073657","1820","1","0","0","0","0","0","0","0","0","4","0","","67","8","2022","5","39.940698","-75.224153","1806","6","0","0","0","0","0","1","0","0","","0","0","0","17","1","1","","1","0","39 56:26.512","","0","75 13:26.950","3","0","0","0","67301","0","0","0","N","0","0","0","2","67301","0","","1.0","","1","N","N","N","0","","1","0","1","3","1","","1747","2","1","0","0","0","0","0","2","0","2","0","0","0","3","03","","N","","","","","","","","","",""
"2022068619","1410","1","0","0","0","0","0","0","0","0","8","0","","67","7","2022","7","40.011261","-75.177319","1405","6","0","0","1","0","0","0","0","0","","0","0","0","13","1","1","N","0","0","40 00:40.541","","7","75 10:38.348","3","0","0","0","67301","1","0","0","N","1","0","0","2","67301","0","","1.0","","1","N","N","N","0","","1","0","0","0","0","","1357","2","1","0","0","0","0","0","2","0","1","1","0","0","3","03","","N","","","","","","","","","",""
"2022070133","1103","0","0","0","0","0","0","0","0","0","0","0","","67","7","2022","7","40.082678","-75.032113","1102","6","0","0","0","0","0","0","0","0","","0","0","0","11","1","1","","1","2","40 04:57.639","6","0","75 01:55.607","3","0","0","1","67301","0","0","0","N","0","0","0","1","67301","0","","1.0","1230.0","98","N","N","N","0","","1","0","0","3","2","Y","1102","1","1","0","0","0","0","0","2","0","1","0","0","0","3","03","","N","","","","","","","","","",""
"2022062143","","0","0","0","0","0","0","0","0","0","1","0","","67","6","2022","3","40.015238","-75.149829","","6","0","0","0","0","0","1","0","0","","0","0","0","12","1","3","","1","0","40 00:54.857","","0","75 08:59.386","8","0","0","0","67301","0","0","0","N","0","0","0","6","00000","0","","1.0","","1","","","N","0","","0","0","2","3","2","","1200","2","3","0","0","0","3","0","2","0","2","0","0","0","3","","","N","","","","","","","","","",""
"2022070253","2025","3","0","0","0","0","0","0","0","0","5","0","","67","7","2022","1","39.986933","-75.163486","2021","6","0","0","0","0","0","0","0","0","","0","0","0","19","3","0","N","0","0","39 59:12.960","","0","75 09:48.550","0","0","0","0","67301","0","0","0","N","0","0","0","1","67301","0","","6.0","","9","N","N","N","0","","0","0","0","0","0","","1903","3","0","0","0","0","0","0","2","0","3","0","0","0","7","07","","N","","","","","","","","","",""
"2022064415","","0","0","0","0","0","0","0","0","0","1","0","","67","6","2022","4","","","","6","0","0","0","0","0","1","0","0","","0","0","0","18","1","1","N","0","0","","","0","","8","0","0","0","67301","0","0","0","N","0","0","0","3","00000","0","","1.0","","1","","","N","0","","0","0","2","0","0","","1800","3","1","0","0","0","1","0","1","0","3","0","0","0","3","","","N","","","","","","","","","",""
"2022073946","0230","2","0","0","0","0","0","0","0","0","5","0","","67","8","2022","7","39.931414","-75.231861","0226","6","0","0","0","0","0","0","0","0","","0","0","0","2","3","0","N","0","0","39 55:53.089","","0","75 13:54.699","0","0","0","0","67301","0","0","0","N","0","0","0","1","67301","0","","6.0","","1","N","N","N","0","","0","0","5","0","0","","225","7","0","0","0","0","0","0","2","0","7","0","0","0","3","03","","N","","","","","","","","","",""
"2022057689","","0","0","0","0","0","0","0","0","0","1","0","","67","6","2022","3","","","","6","0","0","0","0","0","0","0","0","","0","0","0","15","1","2","N","0","0","","","0","","8","0","0","0","67301","0","0","0","N","0","0","0","3","00000","0","","1.0","","1","","","N","0","","0","0","0","0","0","","1500","2","2","0","0","0","2","0","1","0","2","0","0","0","3","","","N","","","","","","","","","",""
"2022083581","1150","2","0","0","0","0","0","0","0","0","4","0","","67","9","2022","5","40.055349","-75.078616","1145","6","0","0","0","0","0","0","1","0","","0","0","0","11","1","0","","1","0","40 03:19.256","","0","75 04:43.017","0","0","0","0","67301","0","0","0","N","0","0","0","2","67301","0","","1.0","","1","N","N","N","0","","0","0","0","3","3","","1130","2","0","0","0","0","0","0","2","0","2","0","0","0","3","","","N","","","","","","","","","",""
"2022069942","1730","2","0","0","0","0","0","0","0","0","5","0","","67","7","2022","6","40.045123","-75.06096","1723","6","0","0","0","1","0","0","0","0","","0","0","0","17","1","1","N","0","2","40 02:42.442","2","0","75 03:39.456","3","0","0","0","67301","0","0","0","N","0","0","0","2","67301","0","","6.0","100.0","1","N","N","N","0","","1","0","1","0","0","N","1721","3","1","0","0","0","0","0","2","0","3","0","0","0","3","03","","N","","","","","","","","","",""
"2022075782","1724","1","0","0","0","0","0","0","0","0","5","0","","67","8","2022","5","39.991528","-75.122306","1724","6","0","0","0","0","0","0","0","0","","0","0","0","22","3","0","N","0","0","39 59:29.500","","1","75 07:20.300","9","0","0","0","67301","0","0","0","N","0","0","0","1","67301","0","","6.0","","99","N","N","N","0","","0","0","0","0","0","","2200","2","0","0","0","0","0","1","2","0","2","0","0","0","99","","","N","","","","","","","","","",""
"2022072490","1615","0","0","0","0","0","0","0","0","0","4","0","","67","8","2022","1","39.989255","-75.183691","1605","6","0","0","1","0","0","0","0","0","","0","0","0","14","1","1","","3","0","39 59:21.319","","0","75 11:01.289","3","0","0","0","67301","0","0","0","N","0","0","0","2","67301","0","","1.0","","1","N","N","N","0","","1","0","2","3","3","","1433","2","1","0","0","0","0","1","2","0","2","0","0","0","3","03","","N","","","","","","","","","",""
"2022071235","","1","0","0","0","0","0","0","0","0","4","0","","67","7","2022","3","39.921017","-75.22412","","6","0","0","0","0","0","1","0","0","","0","0","0","0","3","0","","1","0","39 55:15.660","","0","75 13:26.832","0","0","0","0","67301","0","0","0","N","0","0","0","5","00000","0","","1.0","","1","","","N","0","","0","0","0","0","0","","23","3","0","0","0","0","0","0","2","1","3","0","0","0","3","","","N","","","","","","","","","",""
"2022083024","1825","1","0","0","0","0","0","0","0","0","1","0","","67","7","2022","7","39.887884","-75.20363","1825","6","0","0","0","0","0","1","0","0","","0","0","0","18","1","5","N","0","2","39 53:16.383","1","3","75 12:13.068","3","0","0","0","67301","0","0","0","N","0","0","0","6","68K01","0","","1.0","1915.0","1","N","N","N","0","","5","0","2","0","0","N","1807","3","5","0","0","0","0","0","2","0","3","0","0","0","3","","","N","","","","","","","","","",""
"2022072496","1745","1","0","0","0","0","0","0","0","0","4","0","","67","8","2022","2","39.903432","-75.243164","1739","6","0","0","0","0","0","0","1","0","","0","0","0","17","1","2","","1","0","39 54:12.355","","0","75 14:35.390","8","0","0","0","67301","0","0","0","N","0","0","0","2","67301","0","","1.0","","1","N","N","N","0","","0","0","1","3","2","","1737","2","2","0","0","0","2","0","2","0","2","0","0","0","3","","","N","","","","","","","","","",""