"CRN","ARRIVAL_TM","AUTOMOBILE_COUNT","BELTED_DEATH_COUNT","BELTED_SUSP_SERIOUS_INJ_COUNT","BICYCLE_COUNT","BICYCLE_DEATH_COUNT","BICYCLE_SUSP_SERIOUS_INJ_COUNT","BUS_COUNT","CHLDPAS_DEATH_COUNT","CHLDPAS_SUSP_SERIOUS_INJ_COUNT","COLLISION_TYPE","COMM_VEH_COUNT","CONS_ZONE_SPD_LIM","COUNTY","CRASH_MONTH","CRASH_YEAR","DAY_OF_WEEK","DEC_LATITUDE","DEC_LONGITUDE","DISPATCH_TM","DISTRICT","DRIVER_COUNT_16YR","DRIVER_COUNT_17YR","DRIVER_COUNT_18YR","DRIVER_COUNT_19YR","DRIVER_COUNT_20YR","DRIVER_COUNT_50_64YR","DRIVER_COUNT_65_74YR","DRIVER_COUNT_75PLUS","EST_HRS_CLOSED","FATAL_COUNT","HEAVY_TRUCK_COUNT","HORSE_BUGGY_COUNT","HOUR_OF_DAY","ILLUMINATION","INJURY_COUNT","INTERSECTION_RELATED","INTERSECT_TYPE","LANE_CLOSED","LATITUDE","LN_CLOSE_DIR","LOCATION_TYPE","LONGITUDE","MAX_SEVERITY_LEVEL","MCYCLE_DEATH_COUNT","MCYCLE_SUSP_SERIOUS_INJ_COUNT","MOTORCYCLE_COUNT","MUNICIPALITY","NONMOTR_COUNT","NONMOTR_DEATH_COUNT","NONMOTR_SUSP_SERIOUS_INJ_COUNT","NTFY_HIWY_MAINT","PED_COUNT","PED_DEATH_COUNT","PED_SUSP_SERIOUS_INJ_COUNT","PERSON_COUNT","POLICE_AGCY","POSSIBLE_INJ_COUNT","RDWY_SURF_TYPE_CD","RELATION_TO_ROAD","ROADWAY_CLEARED","ROAD_CONDITION","SCH_BUS_IND","SCH_ZONE_IND","SECONDARY_CRASH","SMALL_TRUCK_COUNT","SPEC_JURIS_CD","SUSP_MINOR_INJ_COUNT","SUSP_SERIOUS_INJ_COUNT","SUV_COUNT","TCD_FUNC_CD","TCD_TYPE","TFC_DETOUR_IND","TIME_OF_DAY","TOTAL_UNITS","TOT_INJ_COUNT","UNBELTED_OCC_COUNT","UNB_DEATH_COUNT","UNB_SUSP_SERIOUS_INJ_COUNT","UNK_INJ_DEG_COUNT","UNK_INJ_PER_COUNT","URBAN_RURAL","VAN_COUNT","VEHICLE_COUNT","VULNERABLE_ROAD_USER_COUNT","VULNERABLE_ROAD_USER_DEATH_COUNT","VULNERABLE_ROAD_USER_SER_INJ_COUNT","WEATHER1","WEATHER2","WORKERS_PRES","WORK_ZONE_IND","WORK_ZONE_LOC","WORK_ZONE_TYPE","WZ_CLOSE_DETOUR","WZ_FLAGGER","WZ_LAW_OFFCR_IND","WZ_LN_CLOSURE","WZ_MOVING","WZ_OTHER","WZ_SHLDER_MDN","WZ_WORKERS_INJ_KILLED"
"2022073184","1611","1","0","0","0","0","0","0","0","0","4","0","","67","8","2022","4","40.040452","-75.178624","1605","6","0","0","0","0","0","0","0","0","","0","0","0","15","1","1","","1","0","40 02:25.628","","0","75 10:43.047","3","0","0","0","67301","0","0","0","N","0","0","0","4","67301","0","","1.0","","1","N","N","N","0","","1","0","0","3","2","","1544","2","1","0","0","0","0","0","2","1","2","0","0","0","3","98","","N","","","","","","","","","",""
"2022083517","0147","0","0","0","0","0","0","1","0","0","8","1","","67","9","2022","1","40.016105","-75.084236","0145","6","0","0","0","0","0","0","0","0","","0","0","0","1","3","1","","2","0","40 00:57.978","","1","75 05:03.249","3","0","0","0","67301","1","0","0","N","1","0","0","2","67508","0","","1.0","","1","N","N","N","0","","1","0","0","0","0","","135","2","1","0","0","0","0","0","2","0","1","1","0","0","3","03","","N","","","","","","","","","",""
"2022083638","1300","1","0","0","0","0","0","0","0","0","5","1","","67","9","2022","4","40.014439","-75.130536","1245","6","0","0","0","0","0","1","0","0","","0","1","0","12","1","1","Y","0","1","40 00:51.980","4","0","75 07:49.930","3","0","0","0","67301","0","0","0","N","0","0","0","2","67301","0","","1.0","1421.0","1","N","N","N","0","","1","0","0","3","2","N","1215","2","1","1","0","0","0","0","2","0","2","0","0","0","4","04","","N","","","","","","","","","",""
"2022069920","2106","1","0","0","0","0","0","0","0","0","8","0","","67","7","2022","7","39.99554","-75.154264","2058","6","0","0","0","0","0","0","0","0","","0","0","0","20","3","1","","1","2","39 59:43.943","1","0","75 09:15.350","8","0","0","0","67301","1","0","0","N","1","0","0","2","67301","0","","1.0","2215.0","1","N","N","N","0","","0","0","0","3","2","Y","2055","2","1","0","0","0","1","0","2","0","1","1","0","0","3","04","","N","","","","","","","","","",""
"2022078409","0218","1","0","0","0","0","0","0","0","0","5","0","","67","7","2022","1","39.959564","-75.180799","0218","6","0","0","0","0","0","0","0","0","","0","0","0","2","3","0","N","0","2","39 57:34.432","4","0","75 10:50.877","9","0","0","0","67301","0","0","0","N","0","0","0","3","68K01","0","","1.0","250.0","1","N","N","N","0","","0","0","0","0","0","Y","202","2","0","0","0","0","0","1","2","0","2","0","0","0","3","03","","N","","","","","","","","","",""
"2022074311","2206","3","0","0","0","0","0","0","0","0","4","0","","67","8","2022","7","39.962926","-75.191387","2201","6","0","0","0","0","0","0","0","0","","0","0","0","21","3","0","","1","0","39 57:46.535","","0","75 11:28.992","0","0","0","0","67301","0","0","0","N","0","0","0","2","67507","0","","1.0","","1","N","N","Y","0","","0","0","1","3","2","","2155","4","0","0","0","0","0","0","2","0","4","0","0","0","3","03","","N","","","","","","","","","",""
"2022072884","0112","3","0","0","0","0","0","0","0","0","1","0","","67","8","2022","1","39.905418","-75.194456","0109","6","0","0","0","0","0","0","0","0","","0","0","0","1","3","0","Y","0","0","39 54:19.503","","0","75 11:40.041","0","0","0","0","67301","0","0","0","N","0","0","0","4","67301","0","","1.0","","1","N","N","N","1","","0","0","0","3","2","","104","4","0","0","0","0","0","0","2","0","4","0","0","0","3","03","","N","","","","","","","","","",""
"2022068574","1450","1","0","0","0","0","0","0","0","0","4","0","","67","7","2022","1","40.037413","-75.181825","1450","6","0","0","0","0","0","0","0","0","","0","0","0","0","3","2","","1","0","40 02:14.686","","0","75 10:54.569","3","0","0","0","67301","0","0","0","N","0","0","0","3","67301","0","","1.0","","1","N","N","N","0","","2","0","0","3","2","","34","2","2","0","0","0","0","0","2","1","2","0","0","0","3","","","N","","","","","","","","","",""
"2022079610","1046","1","0","0","0","0","0","0","0","0","4","0","","67","7","2022","5","39.945848","-75.174838","1032","6","0","0","0","0","0","1","0","0","","0","0","0","10","1","1","","1","1","39 56:45.052","1","0","75 10:29.418","3","0","0","0","67301","0","0","0","N","0","0","0","2","67301","0","","1.0","1100.0","1","N","N","N","0","","1","0","1","3","2","N","1032","2","1","0","0","0","0","0","2","0","2","0","0","0","3","03","","N","","","","","","","","","",""
"2022069985","0935","2","0","0","0","0","0","0","0","0","4","0","","67","7","2022","7","39.90369","-75.243251","0925","6","0","0","0","0","0","0","0","0","","0","0","0","9","1","1","","1","0","39 54:13.283","","0","75 14:35.703","3","0","0","0","67301","0","0","0","N","0","0","0","4","67301","0","","1.0","","1","N","N","N","0","","1","0","1","3","2","","900","3","1","0","0","0","0","0","2","0","3","0","0","0","3","03","","N","","","","","","","","","",""
"2022073395","1630","1","0","0","0","0","0","0","0","0","4","0","","67","8","2022","2","39.992692","-75.12034","1630","6","0","0","0","0","0","0","0","0","","0","0","0","15","1","2","","5","0","39 59:33.691","","1","75 07:13.223","3","0","0","0","67301","0","0","0","N","0","0","0","3","67301","0","","1.0","","1","N","N","N","0","","2","0","1","3","2","","1520","2","2","0","0","0","0","0","2","0","2","0","0","0","3","","","N","","","","","","","","","",""
"2022080016","0920","1","0","0","0","0","0","0","0","0","1","0","","67","8","2022","6","39.985314","-75.20818","0920","6","0","1","0","0","0","1","0","0","","0","0","0","9","1","2","N","0","0","39 59:07.129","","0","75 12:29.448","3","0","0","0","67301","0","0","0","N","0","0","0","3","68K01","0","","1.0","","1","N","N","N","0","","2","0","2","0","0","","909","3","2","0","0","0","0","0","2","0","3","0","0","0","3","","","N","","","","","","","","","",""
"2022081858","2312","1","0","0","0","0","0","0","0","0","2","0","","67","8","2022","1","40.014518","-75.131119","2310","6","0","0","0","0","0","0","0","0","","0","0","0","23","3","0","","1","0","40 00:52.264","","0","75 07:52.028","0","0","0","0","67301","0","0","0","N","0","0","0","2","67301","0","","1.0","","1","N","N","N","0","","0","0","1","3","2","","2310","2","0","0","0","0","0","0","2","0","2","0","0","0","3","03","","N","","","","","","","","","",""
"2022067133","0350","2","0","0","0","0","0","0","0","0","4","0","","67","7","2022","5","40.043291","-75.052235","0348","6","0","1","0","0","0","0","0","0","","0","0","0","3","3","1","","1","0","40 02:35.849","","0","75 03:08.046","3","0","0","0","67301","0","0","0","N","0","0","0","2","67301","0","","1.0","","1","N","N","N","0","","1","0","0","3","2","","345","2","1","0","0","0","0","0","2","0","2","0","0","0","3","03","","N","","","","","","","","","",""
"2022073715","1201","0","0","0","0","0","0","0","0","0","3","0","","67","8","2022","3","40.026589","-75.174012","1140","6","0","0","0","0","0","0","0","0","","0","0","0","8","1","1","","1","0","40 01:35.720","","0","75 10:26.443","3","0","0","0","67301","0","0","0","N","0","0","0","3","67301","0","","1.0","","1","N","N","N","0","","1","0","1","3","3","","840","2","1","0","0","0","0","0","2","1","2","0","0","0","3","","","N","","","","","","","","","",""
"2022078722","1800","2","0","0","0","0","0","0","0","0","4","0","","67","8","2022","1","40.046807","-75.137538","1758","6","0","0","0","0","0","1","0","0","","0","0","0","17","1","1","","1","1","40 02:48.506","1","0","75 08:15.137","3","0","0","0","67301","0","0","0","N","0","0","0","2","67301","0","","1.0","2030.0","1","N","N","N","0","","1","0","1","3","2","Y","1750","3","1","0","0","0","0","0","2","0","3","0","0","0","3","","","N","","","","","","","","","",""
"2022069168","0311","1","0","0","0","0","0","0","0","0","5","0","","67","7","2022","5","40.057528","-75.161948","0311","6","0","0","0","1","0","0","0","0","","0","0","0","3","3","0","N","0","0","40 03:27.102","","0","75 09:43.013","0","0","0","0","67301","0","0","0","N","0","0","0","2","67301","0","","1.0","","9","N","N","N","0","","0","0","1","0","0","","305","2","0","0","0","0","0","0","2","0","2","0","0","0","3","03","","N","","","","","","","","","",""
"2022074082","0127","1","0","0","0","0","0","0","0","0","5","0","","67","8","2022","2","39.982219","-75.140447","0127","6","0","0","0","0","0","0","1","0","","0","0","0","1","3","0","N","0","2","39 58:55.990","2","0","75 08:25.610","0","0","0","0","67301","0","0","0","N","0","0","0","1","67301","0","","6.0","230.0","1","N","N","N","0","","0","0","1","0","0","N","127","2","0","0","0","0","0","0","2","0","2","0","0","0","3","03","","N","","","","","","","","","",""
"2022062531","1444","2","0","0","0","0","0","0","0","0","1","0","45","67","7","2022","3","39.992551","-75.085311","1421","6","0","0","0","0","0","0","0","1","","0","0","0","14","1","1","N","0","0","39 59:33.182","","0","75 05:07.120","8","0","0","0","67301","0","0","0","N","0","0","0","3","68K01","0","","1.0","","1","N","N","N","0","","0","0","1","0","0","","1414","3","1","1","0","0","1","0","2","0","3","0","0","0","3","","N","Y","4","1","","","N","","","","Y","N"
"2022070074","1540","1","0","0","0","0","0","0","0","0","4","0","","67","7","2022","7","39.993651","-75.230601","1533","6","0","0","0","0","0","1","0","0","","0","0","0","15","1","1","","1","0","39 59:37.143","","0","75 13:50.163","3","0","0","0","67301","0","0","0","N","0","0","0","3","67301","0","","1.0","","1","N","N","N","0","","1","0","1","3","3","","1511","2","1","0","0","0","0","0","2","0","2","0","0","0","3","03","","N","","","","","","","","","",""
"2022082984","0918","1","0","0","0","0","0","0","0","0","5","1","","67","8","2022","4","40.018889","-75.046189","0911","6","0","0","0","1","0","0","0","0","","0","1","0","9","1","0","N","0","0","40 01:08.001","","0","75 02:46.282","0","0","0","0","67301","0","0","0","N","0","0","0","2","68K01","0","","1.0","","1","N","N","N","0","","0","0","0","0","0","","910","2","0","0","0","0","0","0","2","0","2","0","0","0","3","03","","N","","","","","","","","","",""
"2022084632","2022","2","0","0","0","0","0","0","0","0","4","0","","67","7","2022","1","40.000428","-75.079742","2008","6","0","0","0","0","0","0","0","0","","0","0","0","20","1","0","N","0","0","40 00:01.541","","0","75 04:47.072","0","0","0","0","67301","0","0","0","N","0","0","0","4","68K01","0","","1.0","","1","N","N","N","0","","0","0","0","0","0","","2001","2","0","0","0","0","0","0","2","0","2","0","0","0","3","03","","N","","","","","","","","","",""
"2022084136","0912","3","0","0","0","0","0","0","0","0","5","0","","67","7","2022","1","40.020753","-75.042916","0853","6","0","0","0","0","0","0","0","0","","0","0","0","8","1","0","N","0","0","40 01:14.710","","0","75 02:34.496","0","0","0","0","67301","0","0","0","N","0","0","0","4","68K01","0","","1.0","","1","N","N","N","1","","0","0","0","0","0","","848","4","0","0","0","0","0","0","2","0","4","0","0","0","3","","","N","","","","","","","","","",""
"2022070330","1033","2","0","0","0","0","0","0","0","0","5","0","","67","7","2022","3","39.953213","-75.195303","1031","6","0","0","0","0","0","0","0","0","","0","0","0","10","1","1","N","0","0","39 57:11.568","","0","75 11:43.092","4","0","0","0","67301","0","0","0","N","0","0","0","2","67504","1","","1.0","","1","N","N","N","0","","0","0","0","0","0","","1026","2","1","0","0","0","0","1","2","0","2","0","0","0","3","","","N","","","","","","","","","",""
"2022066464","","2","0","0","0","0","0","0","0","0","4","0","","67","6","2022","6","39.985822","-75.181018","","6","0","0","0","0","0","0","0","0","","0","0","0","5","1","3","","1","0","39 59:08.960","","0","75 10:51.665","8","0","0","0","67301","0","0","0","N","0","0","0","4","00000","0","","1.0","","1","","","N","0","","0","0","0","0","0","","530","2","3","0","0","0","3","0","2","0","2","0","0","0","3","","","N","","","","","","","","","",""
"2022068614","0845","1","0","0","0","0","0","0","0","0","2","0","","67","7","2022","1","40.039408","-75.124136","0835","6","0","0","0","0","0","0","0","0","","0","0","0","7","1","0","N","0","0","40 02:21.870","","0","75 07:26.890","0","0","0","0","67301","0","0","0","N","0","0","0","1","67301","0","","6.0","","1","N","N","N","0","","0","0","1","0","0","","745","2","0","0","0","0","0","0","2","0","2","0","0","0","3","","","N","","","","","","","","","",""
"2022068558","0735","1","0","0","0","0","0","0","0","0","5","0","","67","7","2022","3","39.929078","-75.157522","0732","6","0","0","0","0","0","0","0","0","","0","0","0","7","1","0","N","0","2","39 55:44.680","4","0","75 09:27.080","0","0","0","0","67301","0","0","0","N","0","0","0","1","67301","0","","6.0","830.0","1","N","N","N","1","","0","0","2","0","0","Y","721","4","0","0","0","0","0","0","2","0","4","0","0","0","3","","","N","","","","","","","","","",""
"2022078251","0903","1","0","0","0","0","0","0","0","0","4","0","","67","8","2022","6","40.101833","-75.0275","0856","6","0","0","0","0","0","0","1","0","","0","0","0","8","1","1","","1","0","40 06:06.598","","0","75 01:39.000","8","0","0","0","67301","0","0","0","N","0","0","0","3","67301","0","","1.0","","1","N","N","N","0","","0","0","1","3","2","","850","2","1","0","0","0","1","1","2","0","2","0","0","0","3","","","N","","","","","","","","","",""
"2022068613","0220","1","0","0","0","0","0","0","0","0","8","0","","67","7","2022","1","40.028181","-75.132306","0220","6","0","0","0","0","0","0","0","0","","0","0","0","2","3","1","N","0","2","40 01:41.450","5","0","75 07:56.300","2","0","0","0","67301","1","0","1","N","1","0","1","2","67301","0","","1.0","225.0","1","N","N","N","0","","0","1","0","0","0","Y","200","2","1","0","0","0","0","0","2","0","1","1","0","1","3","03","","N","","","","","","","","","",""
"2022074309","2121","2","0","0","0","0","0","0","0","0","5","0","","67","8","2022","7","39.955284","-75.14776","2118","6","0","0","0","0","0","0","0","0","","0","0","0","21","3","0","N","0","2","39 57:19.023","4","8","75 08:51.936","0","0","0","0","67301","0","0","0","N","0","0","0","5","67501","0","","1.0","2126.0","1","N","N","N","0","","0","0","0","0","0","N","2118","2","0","0","0","0","0","0","2","0","2","0","0","0","3","","","N","","","","","","","","","",""
"2022060055","2304","2","0","0","0","0","0","0","0","0","8","0","","67","6","2022","4","39.967874","-75.211239","2259","6","0","0","0","0","0","0","0","0","","1","0","0","22","3","2","","1","0","39 58:04.346","","0","75 12:40.460","1","0","0","0","67301","2","1","0","N","2","1","0","3","67301","0","2","1.0","","1","N","N","N","0","0","2","0","1","3","2","","2255","6","2","0","0","0","0","0","2","1","4","2","1","0","3","","","N","","","","","","","","","",""
"2022078753","0035","0","0","0","0","0","0","0","0","0","0","0","","67","8","2022","1","39.96976","-75.131475","0030","6","0","0","0","0","0","0","0","0","","0","0","0","0","3","1","N","0","0","39 58:11.137","","0","75 07:53.309","3","0","0","1","67301","0","0","0","N","0","0","0","1","67301","0","","1.0","","1","N","N","N","0","","1","0","0","3","2","","8","1","1","0","0","0","0","0","2","0","1","0","0","0","3","03","","N","","","","","","","","","",""
"2022075813","1332","1","0","0","0","0","0","0","0","0","4","0","","67","7","2022","6","40.016961","-75.149808","1320","6","0","0","0","0","0","0","0","0","","0","0","0","13","1","0","Y","0","0","40 01:01.060","","7","75 08:59.310","0","0","0","0","67301","0","0","0","N","0","0","0","2","67301","0","","1.0","","1","N","N","N","0","","0","0","1","3","2","","1300","2","0","0","0","0","0","0","2","0","2","0","0","0","4","","","N","","","","","","","","","",""
"2022096720","0837","1","0","0","0","0","0","0","0","0","4","0","","67","10","2022","7","39.922401","-75.223165","0836","6","0","0","0","0","0","1","0","0","","0","0","0","8","1","1","","1","2","39 55:20.644","7","0","75 13:23.395","3","0","0","0","67301","0","0","0","N","0","0","0","3","67301","0","","1.0","901.0","1","N","N","N","0","","1","0","1","3","2","N","834","2","1","0","0","0","0","0","2","0","2","0","0","0","3","03","","N","","","","","","","","","",""
"2022083619","0140","1","0","0","0","0","0","0","0","0","1","0","","67","9","2022","6","40.023639","-75.056461","0138","6","0","0","0","0","0","0","0","0","","0","0","0","1","3","0","","1","0","40 01:25.099","","0","75 03:23.258","9","0","0","0","67301","0","0","0","N","0","0","0","1","67301","0","","4.0","","1","N","N","N","0","","0","0","1","3","2","","136","2","0","0","0","0","0","1","2","0","2","0","0","0","3","","","N","","","","","","","","","",""
"2022089885","2308","1","0","0","0","0","0","0","0","0","4","0","","67","9","2022","7","39.995678","-75.180524","2307","6","0","0","0","0","0","0","0","0","","0","0","0","23","3","2","","1","2","39 59:44.440","4","0","75 10:49.886","3","0","0","0","67301","0","0","0","N","0","0","0","2","67301","0","","1.0","450.0","1","N","N","N","0","","1","0","1","3","3","N","2300","2","2","0","0","0","1","0","2","0","2","0","0","0","3","03","","N","","","","","","","","","",""
"2022073507","1717","1","0","0","0","0","0","0","0","0","4","0","","67","8","2022","3","40.0279","-75.106476","1703","6","0","0","0","0","0","0","1","0","","0","0","0","16","1","2","","2","0","40 01:40.440","","0","75 06:23.314","3","0","0","0","67301","0","0","0","N","0","0","0","3","67301","0","","1.0","","1","N","N","N","0","","2","0","1","3","2","","1657","2","2","2","0","0","0","0","2","0","2","0","0","0","3","03","","N","","","","","","","","","",""
"2022059988","","1","0","0","0","0","0","0","0","0","5","0","","67","6","2022","1","39.944806","-75.159028","","6","0","0","0","0","0","0","0","0","","0","0","0","10","1","0","N","0","0","39 56:41.300","","0","75 09:32.500","0","0","0","0","67301","0","0","0","N","0","0","0","2","00000","0","","1.0","","1","","","N","0","","0","0","0","0","0","","1020","2","0","0","0","0","0","0","2","0","2","0","0","0","3","","","N","","","","","","","","","",""
"2022069748","1024","1","0","0","0","0","0","0","0","0","1","0","","67","7","2022","6","40.004314","-75.152327","1023","6","0","0","0","1","0","0","0","0","","0","0","0","9","1","0","N","0","0","40 00:15.530","","0","75 09:08.378","0","0","0","0","67301","0","0","0","N","0","0","0","1","67301","0","","6.0","","1","N","N","N","0","","0","0","0","0","0","","924","2","0","0","0","0","0","0","2","1","2","0","0","0","3","","","N","","","","","","","","","",""
"2022079569","0924","2","0","0","0","0","0","0","0","0","1","0","","67","7","2022","4","39.95443","-75.141606","0920","6","0","0","0","0","0","0","0","0","","0","0","0","8","1","1","N","0","0","39 57:15.949","","0","75 08:29.783","4","0","0","0","67301","0","0","0","N","0","0","0","2","68K01","1","","1.0","","1","N","N","N","0","","0","0","0","0","0","","847","2","1","1","0","0","0","0","2","0","2","0","0","0","3","","","N","","","","","","","","","",""
"2022070329","2350","1","0","0","0","0","0","0","0","0","8","0","","67","7","2022","7","39.951755","-75.203075","2348","6","0","0","0","0","0","0","0","0","","0","0","0","23","3","1","","1","0","39 57:06.318","","0","75 12:11.070","3","0","0","0","67301","1","0","0","N","1","0","0","2","67504","0","","1.0","","1","N","N","N","0","","1","0","0","3","2","","2347","2","1","0","0","0","0","0","2","0","1","1","0","0","3","03","","N","","","","","","","","","",""
"2022073043","1728","2","0","0","0","0","0","0","0","0","5","0","","67","8","2022","3","40.052278","-75.157839","1728","6","0","0","0","0","0","0","0","0","","0","0","0","15","1","0","N","0","0","40 03:08.200","","0","75 09:28.220","0","0","0","0","67301","0","0","0","N","0","0","0","1","67301","0","","6.0","","1","N","N","N","1","","0","0","1","0","0","","1549","4","0","0","0","0","0","0","2","0","4","0","0","0","3","","","N","","","","","","","","","",""
"2022066423","","1","0","0","0","0","0","0","0","0","7","0","","67","7","2022","7","39.878134","-75.257384","","6","0","0","0","0","0","0","0","0","","0","0","0","15","1","1","N","0","0","39 52:41.282","","0","75 15:26.584","8","0","0","0","67301","0","0","0","N","0","0","0","1","00000","0","","4.0","","1","","","N","0","","0","0","0","0","0","","1530","1","1","0","0","0","1","0","2","0","1","0","0","0","3","","","N","","","","","","","","","",""
"2022072841","1420","0","0","0","0","0","0","0","0","0","4","0","","67","8","2022","1","40.099527","-74.986368","1420","6","0","0","0","0","0","1","0","0","","0","0","0","14","1","0","","1","0","40 05:58.296","","2","74 59:10.926","0","0","0","0","67301","0","0","0","N","0","0","0","2","67301","0","","1.0","","1","N","N","N","0","","0","0","2","3","2","","1415","2","0","0","0","0","0","0","2","0","2","0","0","0","3","03","","N","","","","","","","","","",""
"2022079571","0619","1","0","0","0","0","0","0","0","0","7","0","","67","7","2022","7","39.993555","-75.084869","0547","6","0","0","0","0","0","0","0","0","","0","0","0","5","1","0","N","0","2","39 59:36.798","1","0","75 05:05.527","0","0","0","0","67301","0","0","0","N","0","0","0","1","68K01","0","","4.0","635.0","1","N","N","N","0","","0","0","0","0","0","N","529","1","0","0","0","0","0","0","2","0","1","0","0","0","3","03","","N","","","","","","","","","",""
"2022084454","0413","1","0","0","0","0","0","0","0","0","7","0","","67","8","2022","2","39.98098","-75.206549","0413","6","0","0","0","0","0","1","0","0","","0","0","0","4","3","0","N","0","2","39 58:51.529","3","0","75 12:23.577","0","0","0","0","67301","0","0","0","N","0","0","0","1","68K01","0","","5.0","500.0","9","N","N","N","0","","0","0","0","0","0","N","413","1","0","0","0","0","0","0","2","0","1","0","0","0","7","03","","N","","","","","","","","","",""
"2022068617","0143","1","0","0","0","0","0","0","0","0","1","0","","67","7","2022","7","40.020642","-75.175877","0137","6","0","0","0","0","0","0","0","0","","0","0","0","1","3","1","N","0","0","40 01:14.312","","0","75 10:33.158","3","0","0","0","67301","0","0","0","N","0","0","0","1","67301","0","","6.0","","1","N","N","N","0","","1","0","1","0","0","","103","2","1","0","0","0","0","0","2","0","2","0","0","0","3","03","","N","","","","","","","","","",""
"2022078424","2208","0","0","0","0","0","0","0","0","0","0","0","","67","8","2022","7","40.005097","-75.127869","2207","6","0","0","0","0","0","0","0","0","","0","0","0","22","2","1","N","0","0","40 00:18.350","","3","75 07:40.330","2","0","1","1","67301","0","0","0","N","0","0","0","1","67301","0","","1.0","","1","N","N","N","0","","0","1","0","0","0","","2207","1","1","0","0","0","0","0","2","0","1","0","0","0","3","03","","N","","","","","","","","","",""
"2022069694","2150","1","0","0","0","0","0","0","0","0","4","0","","67","7","2022","4","39.970855","-75.20591","2150","6","0","0","0","0","0","0","0","0","","0","0","0","21","3","1","","2","0","39 58:15.077","","0","75 12:21.275","3","0","0","0","67301","0","0","0","N","0","0","0","3","67301","0","","1.0","","1","N","N","N","0","","1","0","0","3","3","","2150","2","1","0","0","0","0","0","2","0","2","0","0","0","3","03","","N","","","","","","","","","",""
"2022079172","0609","0","0","0","0","0","0","0","0","0","4","0","","67","8","2022","2","39.959487","-75.162091","0606","6","0","0","0","0","0","1","0","0","","0","0","0","6","5","1","","1","0","39 57:34.154","","0","75 09:43.529","3","0","0","0","67301","0","0","0","N","0","0","0","3","67301","0","","1.0","","1","N","N","N","0","","1","0","2","3","2","","600","2","1","0","0","0","0","2","2","0","2","0","0","0","3","04","","N","","","","","","","","","",""
"2022071663","2244","0","0","0","0","0","0","0","0","0","5","0","","67","7","2022","6","39.910224","-75.148931","2232","6","0","0","0","0","0","0","0","0","","0","0","0","22","3","3","N","0","1","39 54:36.808","1","0","75 08:56.150","3","0","0","0","67301","0","0","0","N","0","0","0","3","68K01","0","","2.0","2300.0","1","N","N","N","1","","2","0","1","0","0","N","2227","2","3","1","0","0","1","0","2","0","2","0","0","0","3","03","","N","","","","","","","","","",""
"2022080190","1915","2","0","0","0","0","0","0","0","0","5","0","","67","7","2022","7","39.989235","-75.087874","1846","6","0","0","0","0","0","0","0","0","","0","0","0","18","1","0","N","0","0","39 59:21.245","","0","75 05:16.348","0","0","0","0","67301","0","0","0","Y","0","0","0","4","68K01","0","","1.0","","1","N","N","N","0","","0","0","0","0","0","","1846","2","0","0","0","0","0","0","2","0","2","0","0","0","3","03","","N","","","","","","","","","",""
"2022079326","1649","1","0","0","0","0","0","0","0","0","4","0","","67","8","2022","1","40.027845","-75.035359","1647","6","0","0","0","0","0","0","0","0","","0","0","0","16","1","1","","1","1","40 01:40.242","3","0","75 02:07.292","4","0","0","0","67301","0","0","0","N","0","0","0","2","67301","1","","1.0","100.0","1","N","N","N","0","","0","0","0","3","3","N","1642","2","1","2","0","0","0","0","2","0","2","0","0","0","4","","","N","","","","","","","","","",""
"2022070079","0630","1","0","0","0","0","0","0","0","0","8","0","","67","7","2022","1","39.997836","-75.124159","0630","6","0","0","0","0","0","0","0","0","","0","0","0","6","1","1","N","0","0","39 59:52.210","","0","75 07:26.972","2","0","0","0","67301","1","0","1","N","1","0","1","2","67301","0","","4.0","","1","N","N","N","0","","0","1","0","0","0","","625","2","1","1","0","0","0","0","2","0","1","1","0","1","3","03","","N","","","","","","","","","",""
"2022072252","1641","4","0","0","0","0","0","0","0","0","4","0","","67","7","2022","7","39.932461","-75.173937","1640","6","0","0","0","0","0","0","0","0","","0","0","0","16","1","2","","1","2","39 55:56.861","3","0","75 10:26.172","3","0","0","0","67301","0","0","0","N","0","0","0","2","67301","0","","1.0","1710.0","1","N","N","Y","0","","2","0","0","3","3","Y","1624","4","2","0","0","0","0","0","2","0","4","0","0","0","3","03","","N","","","","","","","","","",""
"2022078884","0840","2","0","0","0","0","0","0","0","0","4","0","","67","8","2022","2","40.080855","-75.028774","0830","6","0","0","0","0","0","1","0","0","","0","0","0","8","1","1","","1","0","40 04:51.077","","0","75 01:43.585","3","0","0","0","67301","0","0","0","N","0","0","0","2","67301","0","","1.0","","1","N","N","Y","0","","1","0","0","0","0","","825","2","1","0","0","0","0","0","2","0","2","0","0","0","3","03","","N","","","","","","","","","",""
"2022068567","1545","1","0","0","0","0","0","0","0","0","4","0","","67","7","2022","7","40.037061","-75.011178","1542","6","0","0","0","0","0","0","1","0","","0","0","0","15","1","1","","2","1","40 02:13.421","1","7","75 00:40.242","8","0","0","0","67301","0","0","0","N","0","0","0","3","67301","0","","1.0","130.0","1","N","N","N","0","","0","0","1","3","2","N","1534","2","1","0","0","0","1","0","2","0","2","0","0","0","3","03","","N","","","","","","","","","",""