"CRN","ARRIVAL_TM","AUTOMOBILE_COUNT","BELTED_DEATH_COUNT","BELTED_SUSP_SERIOUS_INJ_COUNT","BICYCLE_COUNT","BICYCLE_DEATH_COUNT","BICYCLE_SUSP_SERIOUS_INJ_COUNT","BUS_COUNT","CHLDPAS_DEATH_COUNT","CHLDPAS_SUSP_SERIOUS_INJ_COUNT","COLLISION_TYPE","COMM_VEH_COUNT","CONS_ZONE_SPD_LIM","COUNTY","CRASH_MONTH","CRASH_YEAR","DAY_OF_WEEK","DEC_LATITUDE","DEC_LONGITUDE","DISPATCH_TM","DISTRICT","DRIVER_COUNT_16YR","DRIVER_COUNT_17YR","DRIVER_COUNT_18YR","DRIVER_COUNT_19YR","DRIVER_COUNT_20YR","DRIVER_COUNT_50_64YR","DRIVER_COUNT_65_74YR","DRIVER_COUNT_75PLUS","EST_HRS_CLOSED","FATAL_COUNT","HEAVY_TRUCK_COUNT","HORSE_BUGGY_COUNT","HOUR_OF_DAY","ILLUMINATION","INJURY_COUNT","INTERSECTION_RELATED","INTERSECT_TYPE","LANE_CLOSED","LATITUDE","LN_CLOSE_DIR","LOCATION_TYPE","LONGITUDE","MAX_SEVERITY_LEVEL","MCYCLE_DEATH_COUNT","MCYCLE_SUSP_SERIOUS_INJ_COUNT","MOTORCYCLE_COUNT","MUNICIPALITY","NONMOTR_COUNT","NONMOTR_DEATH_COUNT","NONMOTR_SUSP_SERIOUS_INJ_COUNT","NTFY_HIWY_MAINT","PED_COUNT","PED_DEATH_COUNT","PED_SUSP_SERIOUS_INJ_COUNT","PERSON_COUNT","POLICE_AGCY","POSSIBLE_INJ_COUNT","RDWY_SURF_TYPE_CD","RELATION_TO_ROAD","ROADWAY_CLEARED","ROAD_CONDITION","SCH_BUS_IND","SCH_ZONE_IND","SECONDARY_CRASH","SMALL_TRUCK_COUNT","SPEC_JURIS_CD","SUSP_MINOR_INJ_COUNT","SUSP_SERIOUS_INJ_COUNT","SUV_COUNT","TCD_FUNC_CD","TCD_TYPE","TFC_DETOUR_IND","TIME_OF_DAY","TOTAL_UNITS","TOT_INJ_COUNT","UNBELTED_OCC_COUNT","UNB_DEATH_COUNT","UNB_SUSP_SERIOUS_INJ_COUNT","UNK_INJ_DEG_COUNT","UNK_INJ_PER_COUNT","URBAN_RURAL","VAN_COUNT","VEHICLE_COUNT","VULNERABLE_ROAD_USER_COUNT","VULNERABLE_ROAD_USER_DEATH_COUNT","VULNERABLE_ROAD_USER_SER_INJ_COUNT","WEATHER1","WEATHER2","WORKERS_PRES","WORK_ZONE_IND","WORK_ZONE_LOC","WORK_ZONE_TYPE","WZ_CLOSE_DETOUR","WZ_FLAGGER","WZ_LAW_OFFCR_IND","WZ_LN_CLOSURE","WZ_MOVING","WZ_OTHER","WZ_SHLDER_MDN","WZ_WORKERS_INJ_KILLED"
"2022069060","1511","1","0","0","0","0","0","0","0","0","4","0","","67","7","2022","6","40.056814","-75.047008","1506","6","0","0","0","0","0","0","0","0","","0","0","0","15","1","1","","1","1","40 03:24.532","2","0","75 02:49.228","8","0","0","0","67301","0","0","0","N","0","0","0","2","67301","0","","1.0","100.0","1","N","N","N","0","","0","0","1","3","2","N","1506","2","1","0","0","0","1","0","2","0","2","0","0","0","3","","","N","","","","","","","","","",""
"2022070252","2124","0","0","0","0","0","0","0","0","0","1","0","","67","7","2022","7","40.011403","-75.0769","2119","6","0","0","0","0","0","0","0","0","","0","0","0","21","3","1","","1","2","40 00:41.052","5","0","75 04:36.839","4","0","0","0","67301","0","0","0","N","0","0","0","2","67301","1","","1.0","1022.0","1","N","N","Y","1","","0","0","1","3","2","Y","2119","2","1","1","0","0","0","1","2","0","2","0","0","0","3","","","N","","","","","","","","","",""
"2022079879","0910","1","0","0","0","0","0","0","0","0","4","0","","67","8","2022","5","39.977806","-75.162221","0900","6","0","0","0","0","0","0","0","0","","0","0","0","9","1","0","","3","0","39 58:40.101","","0","75 09:43.997","0","0","0","0","67301","0","0","0","N","0","0","0","2","67301","0","","1.0","","1","N","N","N","0","","0","0","1","0","0","","900","2","0","0","0","0","0","0","2","0","2","0","0","0","3","03","","N","","","","","","","","","",""
"2022080014","1125","0","0","0","0","0","0","0","0","0","1","1","","67","8","2022","5","39.922709","-75.191812","1117","6","0","0","0","0","0","0","0","0","","0","1","0","11","1","0","","6","2","39 55:21.751","3","2","75 11:30.524","0","0","0","0","67301","0","0","0","N","0","0","0","2","68K01","0","","1.0","1300.0","1","N","N","N","0","","0","0","1","3","2","N","1117","2","0","0","0","0","0","0","2","0","2","0","0","0","3","","","N","","","","","","","","","",""
"2022069159","1506","1","0","0","0","0","0","0","0","0","5","0","","67","7","2022","2","39.943369","-75.148786","1502","6","0","0","0","0","0","0","0","1","","0","0","0","14","1","1","N","0","2","39 56:36.130","2","0","75 08:55.630","3","0","0","0","67301","0","0","0","N","0","0","0","1","67301","0","","6.0","1525.0","1","N","N","N","0","","1","0","2","0","0","Y","1458","3","1","0","0","0","0","0","2","0","3","0","0","0","3","03","","N","","","","","","","","","",""
"2022069987","1702","0","0","0","0","0","0","0","0","0","4","0","","67","7","2022","7","39.993875","-75.093863","1702","6","0","0","0","0","0","0","1","0","","0","0","0","17","1","1","N","0","1","39 59:37.950","4","7","75 05:37.907","3","0","0","1","67301","0","0","0","N","0","0","0","2","67301","0","","1.0","100.0","1","N","N","N","0","","1","0","1","0","0","N","1700","2","1","1","0","0","0","0","2","0","2","0","0","0","3","03","","N","","","","","","","","","",""
"2022073576","0622","2","0","0","0","0","0","0","0","0","4","0","","67","8","2022","4","40.048512","-75.150825","0621","6","0","0","0","0","0","1","0","0","","0","0","0","6","1","2","","1","0","40 02:54.643","","0","75 09:02.970","3","0","0","0","67301","0","0","0","N","0","0","0","2","67301","0","","1.0","","1","N","N","N","0","","1","0","0","3","2","","620","2","2","0","0","0","1","0","2","0","2","0","0","0","3","03","","N","","","","","","","","","",""
"2022079917","0007","1","0","0","0","0","0","0","0","0","5","0","","67","8","2022","7","39.950592","-75.161791","2355","6","0","0","0","0","0","0","0","0","","0","0","0","23","3","1","N","0","0","39 57:02.132","","0","75 09:42.447","4","0","0","0","67301","0","0","0","N","0","0","0","3","67301","1","","1.0","","1","N","N","N","0","","0","0","1","0","0","","2305","2","1","0","0","0","0","0","2","0","2","0","0","0","3","03","","N","","","","","","","","","",""
"2022079933","2130","0","0","0","0","0","0","1","0","0","8","1","","67","8","2022","4","40.037413","-75.181825","2128","6","0","0","0","0","0","1","0","0","","1","0","0","21","3","0","","1","0","40 02:14.686","","0","75 10:54.569","1","0","0","0","67301","1","1","0","N","1","1","0","2","67301","0","2","1.0","","1","N","N","Y","0","0","0","0","0","3","2","","2125","2","0","0","0","0","0","0","2","0","1","1","1","0","3","03","","N","","","","","","","","","",""
"2022076308","0530","1","0","0","0","0","0","0","0","0","4","0","","67","8","2022","1","39.943107","-75.215286","0445","6","0","0","0","1","0","0","0","0","","0","0","0","4","3","0","","1","0","39 56:35.185","","0","75 12:55.029","0","0","0","0","67301","0","0","0","N","0","0","0","2","67301","0","","1.0","","1","N","N","N","0","","0","0","1","3","2","","445","2","0","2","0","0","0","0","2","0","2","0","0","0","3","03","","N","","","","","","","","","",""
"2022072923","1124","0","0","0","0","0","0","0","0","0","1","0","","67","7","2022","1","40.036769","-75.014807","1123","6","0","0","0","0","0","3","0","0","","0","0","0","11","1","4","N","0","2","40 02:12.370","2","0","75 00:53.306","8","0","0","3","67301","0","0","0","N","0","0","0","4","68K01","0","","1.0","1432.0","1","N","N","N","0","","0","0","0","0","0","N","1119","3","4","0","0","0","4","0","2","0","3","0","0","0","4","03","","N","","","","","","","","","",""
"2022077566","0903","1","0","0","0","0","0","0","0","0","6","0","","67","8","2022","7","39.982083","-75.224528","0855","6","0","0","0","0","0","0","0","0","","0","0","0","8","1","0","N","0","0","39 58:55.500","","0","75 13:28.300","0","0","0","0","67301","0","0","0","N","0","0","0","2","67301","0","","1.0","","1","N","N","N","0","","0","0","1","0","0","","816","2","0","0","0","0","0","0","2","0","2","0","0","0","3","03","","N","","","","","","","","","",""
"2022079943","0258","1","0","0","0","0","0","0","0","0","7","0","","67","8","2022","6","40.034278","-75.074591","0251","6","0","0","0","0","0","0","0","0","","1","0","0","2","3","1","N","1","2","40 02:03.402","4","0","75 04:28.529","1","0","0","0","67301","0","0","0","N","0","0","0","2","67301","0","2","4.0","515.0","1","N","N","N","0","0","0","0","0","3","2","Y","251","1","1","0","0","0","1","0","2","0","1","0","0","0","3","03","","N","","","","","","","","","",""
"2022070085","0416","1","0","0","0","0","0","0","0","0","7","0","","67","7","2022","1","40.052016","-75.050711","0414","6","0","0","0","0","0","0","0","0","","0","0","0","4","3","2","N","0","0","40 03:07.258","","0","75 03:02.561","3","0","0","0","67301","0","0","0","N","0","0","0","2","67301","0","","3.0","","1","N","N","N","0","","2","0","0","0","0","","410","1","2","0","0","0","0","0","2","0","1","0","0","0","3","","","N","","","","","","","","","",""
"2022079327","1850","1","0","0","0","0","0","0","0","0","8","0","","67","8","2022","2","39.956404","-75.208446","1845","6","0","0","0","0","0","0","0","0","","0","0","0","18","1","2","","1","0","39 57:23.054","","0","75 12:30.404","3","0","0","0","67301","1","0","0","N","1","0","0","2","67301","0","","1.0","","1","N","N","N","0","","1","0","0","3","2","","1843","2","2","0","0","0","1","0","2","0","1","1","0","0","3","03","","N","","","","","","","","","",""
"2022069730","0810","1","0","0","0","0","0","0","0","0","8","0","","67","7","2022","7","40.071201","-75.038108","0802","6","0","0","0","0","0","0","0","0","","0","0","0","7","1","1","","1","0","40 04:16.325","","0","75 02:17.187","8","0","0","0","67301","1","0","0","N","1","0","0","2","67301","0","","1.0","","1","N","N","N","0","","0","0","0","3","2","","712","2","1","0","0","0","1","0","2","0","1","1","0","0","3","03","","N","","","","","","","","","",""
"2022078333","1228","2","0","0","0","0","0","0","0","0","2","0","","67","8","2022","7","40.054845","-75.16896","1236","6","0","0","0","0","0","0","0","1","","0","0","0","12","1","1","","1","0","40 03:17.441","","0","75 10:08.256","3","0","0","0","67301","0","0","0","N","0","0","0","2","67301","0","","1.0","","1","N","N","N","0","","1","0","0","3","2","","1209","2","1","0","0","0","0","0","2","0","2","0","0","0","3","03","","N","","","","","","","","","",""
"2022070073","1622","0","0","0","0","0","0","0","0","0","4","0","","67","7","2022","6","39.980464","-75.228151","1620","6","0","0","0","1","0","0","0","0","","0","0","0","16","1","1","","1","0","39 58:49.670","","0","75 13:41.343","2","0","1","1","67301","0","0","0","N","0","0","0","2","67301","0","","1.0","","1","N","N","N","0","","0","1","1","3","2","","1618","2","1","1","0","0","0","0","2","0","2","0","0","0","4","04","","N","","","","","","","","","",""
"2022069919","0520","2","0","0","0","0","0","0","0","0","1","0","","67","7","2022","7","39.998194","-75.126898","0515","6","0","0","0","0","1","0","0","0","","0","0","0","5","3","1","N","0","0","39 59:53.498","","0","75 07:36.832","3","0","0","0","67301","0","0","0","N","0","0","0","1","67301","0","","6.0","","1","N","N","N","1","","1","0","0","0","0","","510","3","1","0","0","0","0","0","2","0","3","0","0","0","3","03","","N","","","","","","","","","",""
"2022083608","2323","0","0","0","0","0","0","0","0","0","7","0","","67","9","2022","5","40.031972","-75.173139","2323","6","0","0","0","0","0","0","0","0","","1","0","0","23","3","0","N","0","2","40 01:55.100","5","0","75 10:23.300","1","0","0","0","67301","1","1","0","N","1","1","0","3","67301","0","2","4.0","245.0","1","N","N","N","0","0","0","0","1","0","0","Y","2300","2","0","0","0","0","0","0","2","0","1","1","1","0","3","","","N","","","","","","","","","",""
"2022078306","2020","1","0","0","0","0","0","1","0","0","5","1","","67","6","2022","5","39.996438","-75.113451","2020","6","0","0","0","0","0","0","0","0","","0","0","0","20","4","1","","5","0","39 59:47.175","","1","75 06:48.425","4","0","0","0","67301","0","0","0","N","0","0","0","3","67508","1","","1.0","","1","N","N","N","0","","0","0","0","3","2","","2015","2","1","1","0","0","0","1","2","0","2","0","0","0","3","03","","N","","","","","","","","","",""
"2022073034","0838","1","0","0","0","0","0","0","0","0","8","0","","67","8","2022","4","40.010325","-75.089703","0835","6","0","0","0","0","0","0","0","0","","0","0","0","7","1","1","N","0","0","40 00:37.170","","0","75 05:22.930","3","0","0","0","67301","1","0","0","N","1","0","0","2","67301","0","","1.0","","1","N","N","N","0","","1","0","0","0","0","","731","2","1","0","0","0","0","0","2","0","1","1","0","0","3","03","","N","","","","","","","","","",""
"2022080299","0845","0","0","0","1","0","0","1","0","0","8","1","","67","9","2022","5","40.047885","-75.171539","0821","6","0","0","0","0","0","1","0","0","","0","0","0","8","1","1","","1","1","40 02:52.385","7","0","75 10:17.540","3","0","0","0","67301","1","0","0","N","0","0","0","8","67301","0","","1.0","915.0","1","Y","N","N","0","","1","0","0","3","3","N","815","2","1","0","0","0","0","0","2","0","1","1","0","0","3","03","","N","","","","","","","","","",""
"2022078872","1805","0","0","0","0","0","0","0","0","0","4","0","","67","8","2022","1","40.087537","-74.971134","1801","6","0","0","0","0","0","1","0","0","","0","0","0","17","1","1","","1","0","40 05:15.133","","0","74 58:16.083","3","0","0","0","67301","0","0","0","N","0","0","0","4","67301","0","","1.0","","1","N","N","N","1","","1","0","1","3","2","","1746","2","1","0","0","0","0","0","2","0","2","0","0","0","3","","","N","","","","","","","","","",""
"2022074342","0005","1","0","0","1","0","0","0","0","0","8","0","","67","8","2022","7","40.000417","-75.106722","0005","6","0","0","0","0","0","0","0","0","","0","0","0","22","3","1","N","0","0","40 00:01.500","","0","75 06:24.200","8","0","0","0","67301","1","0","0","N","0","0","0","2","67301","0","","1.0","","1","N","N","N","0","","0","0","0","0","0","","2230","2","1","0","0","0","1","0","2","0","1","1","0","0","3","03","","N","","","","","","","","","",""
"2022083554","0710","1","0","0","0","0","0","0","0","0","4","0","","67","8","2022","4","40.006922","-75.068388","0659","6","0","0","0","0","0","0","0","0","","1","0","0","6","5","1","","3","1","40 00:24.918","6","2","75 04:06.198","1","1","0","1","67301","0","0","0","N","0","0","0","3","67301","0","2","1.0","850.0","1","N","N","N","0","0","0","0","0","0","0","N","615","2","1","0","0","0","1","0","2","0","2","0","0","0","3","03","","N","","","","","","","","","",""
"2022070328","1610","0","0","0","0","0","0","0","0","0","8","0","","67","7","2022","5","39.952671","-75.198968","1609","6","0","0","0","0","0","0","0","0","","0","0","0","16","1","1","N","0","0","39 57:09.615","","0","75 11:56.286","4","0","0","0","67301","1","0","0","N","1","0","0","3","67504","1","","1.0","","1","N","N","N","0","","0","0","0","0","0","","1600","2","1","0","0","0","0","0","2","1","1","1","0","0","4","","","N","","","","","","","","","",""
"2022083544","2250","0","0","0","0","0","0","0","0","0","8","0","","67","9","2022","7","40.058751","-75.050583","2246","6","0","0","0","0","0","0","0","0","","0","0","0","22","3","1","","1","0","40 03:31.504","","0","75 03:02.099","2","0","0","0","67301","1","0","1","N","1","0","1","2","67301","0","","1.0","","1","N","N","N","0","","0","1","1","0","0","","2229","2","1","0","0","0","0","0","2","0","1","1","0","1","3","","","N","","","","","","","","","",""
"2022069193","1204","0","0","0","0","0","0","0","0","0","4","0","","67","7","2022","3","40.04761","-75.059863","1156","6","0","0","0","0","0","0","0","0","","0","0","0","11","1","1","","1","1","40 02:51.396","4","0","75 03:35.506","3","0","0","0","67301","0","0","0","N","0","0","0","4","67301","0","","1.0","1215.0","1","N","N","N","0","","1","0","2","3","2","N","1154","2","1","0","0","0","0","2","2","0","2","0","0","0","3","","","N","","","","","","","","","",""
"2022070141","1435","1","0","0","0","0","0","0","0","0","2","0","","67","7","2022","7","40.121844","-75.012461","1430","6","0","0","0","0","0","0","0","0","","0","0","0","14","1","0","N","0","0","40 07:18.640","","0","75 00:44.860","0","0","0","0","67301","0","0","0","N","0","0","0","2","67301","0","","1.0","","1","N","N","N","0","","0","0","1","0","0","","1420","2","0","0","0","0","0","0","2","0","2","0","0","0","3","03","","N","","","","","","","","","",""
"2022072617","2339","0","0","0","0","0","0","0","0","0","8","0","","67","7","2022","6","39.994569","-75.107117","2330","6","0","0","0","0","0","0","0","0","","0","0","0","23","3","1","N","0","2","39 59:40.448","5","0","75 06:25.622","2","0","0","0","67301","1","0","1","N","1","0","1","2","67301","0","","1.0","46.0","1","N","N","N","0","","0","1","0","0","0","Y","2330","2","1","0","0","0","0","1","2","0","1","1","0","1","3","03","","N","","","","","","","","","",""
"2022069874","1929","1","0","0","0","0","0","0","0","0","1","0","","67","7","2022","7","40.048233","-75.183392","1927","6","0","0","0","0","0","0","0","0","","0","0","0","19","1","4","","1","0","40 02:53.638","","0","75 11:00.210","4","0","0","0","67301","0","0","0","N","0","0","0","4","67301","4","","1.0","","1","N","N","N","0","","0","0","2","3","2","","1926","3","4","0","0","0","0","0","2","0","3","0","0","0","3","04","","N","","","","","","","","","",""
"2022069844","1728","1","0","0","0","0","0","0","0","0","4","0","","67","7","2022","3","40.066959","-75.15829","1726","6","0","0","0","0","0","0","0","0","","0","0","0","17","1","3","","5","1","40 04:01.051","2","0","75 09:29.845","4","0","0","0","67301","0","0","0","N","0","0","0","4","67301","2","","1.0","1840.0","1","N","N","N","0","","0","0","1","3","2","N","1725","2","3","0","0","0","1","0","2","0","2","0","0","0","3","03","","N","","","","","","","","","",""
"2022079161","0120","0","0","0","0","0","0","0","0","0","1","1","","67","8","2022","6","40.017531","-75.048074","0110","6","0","0","0","0","0","1","0","0","","0","1","0","1","3","0","N","0","0","40 01:03.111","","0","75 02:53.068","0","0","0","0","67301","0","0","0","N","0","0","0","2","67301","0","","1.0","","1","N","N","N","0","","0","0","1","0","0","","100","2","0","0","0","0","0","0","2","0","2","0","0","0","3","","","N","","","","","","","","","",""
"2022073664","1305","0","0","0","0","0","0","0","0","0","4","0","","67","8","2022","5","40.055696","-75.058914","1258","6","0","0","0","0","0","1","0","1","","0","0","0","12","1","1","","5","0","40 03:20.504","","0","75 03:32.090","3","0","0","0","67301","0","0","0","N","0","0","0","2","67301","0","","1.0","","1","N","N","N","0","","1","0","2","3","2","","1257","2","1","0","0","0","0","0","2","0","2","0","0","0","3","03","","N","","","","","","","","","",""
"2022068915","1525","0","0","0","0","0","0","0","0","0","4","0","","67","7","2022","3","40.05096","-75.057179","1521","6","0","0","1","0","0","0","0","0","","0","0","0","15","1","1","","2","1","40 03:03.455","1","0","75 03:25.843","8","0","0","0","67301","0","0","0","N","0","0","0","2","67301","0","","1.0","1700.0","1","N","N","N","0","","0","0","1","0","0","N","1520","2","1","0","0","0","1","0","2","1","2","0","0","0","3","","","N","","","","","","","","","",""
"2022068700","2105","1","0","0","0","0","0","0","0","0","8","0","","67","7","2022","3","40.033544","-75.164517","2105","6","0","0","0","0","0","0","0","0","","0","0","0","21","3","1","N","0","0","40 02:00.760","","0","75 09:52.260","3","0","0","0","67301","1","0","0","N","1","0","0","2","67301","0","","1.0","","1","N","N","N","0","","1","0","0","0","0","","2105","2","1","0","0","0","0","0","2","0","1","1","0","0","3","98","","N","","","","","","","","","",""
"2022080020","0931","1","0","0","0","0","0","0","0","0","1","0","","67","8","2022","2","39.978951","-75.203454","0929","6","0","0","0","0","0","1","0","0","","0","0","0","9","1","1","N","0","1","39 58:44.223","3","0","75 12:12.435","3","0","0","0","67301","0","0","0","N","0","0","0","2","68K01","0","","1.0","950.0","1","N","N","N","1","","1","0","0","0","0","N","927","2","1","0","0","0","0","0","2","0","2","0","0","0","3","03","","N","","","","","","","","","",""
"2022069851","0035","1","0","0","0","0","0","0","0","0","8","0","","67","7","2022","6","39.958973","-75.216992","0029","6","0","0","0","0","0","0","0","0","","0","0","0","23","3","1","","1","0","39 57:32.301","","0","75 13:01.172","3","0","0","0","67301","1","0","0","N","1","0","0","2","67301","0","","1.0","","1","N","N","N","0","","1","0","0","3","2","","2334","2","1","0","0","0","0","0","2","0","1","1","0","0","3","03","","N","","","","","","","","","",""
"2022045443","1625","0","0","0","0","0","0","0","0","0","8","0","","67","5","2022","7","39.955601","-75.172767","1619","6","0","0","0","0","0","0","0","0","","0","0","0","16","1","1","","1","1","39 57:20.163","1","0","75 10:21.961","3","0","0","0","67301","1","0","0","N","1","0","0","2","67301","0","","1.0","1635.0","9","N","N","N","0","","1","0","0","2","2","N","1616","2","1","0","0","0","0","0","2","1","1","1","0","0","7","","","N","","","","","","","","","",""
"2022078570","1558","1","0","0","0","0","0","0","0","0","7","0","","67","8","2022","7","40.058314","-75.047936","1551","6","0","0","0","0","0","0","1","0","","0","0","0","15","1","1","N","0","0","40 03:29.930","","0","75 02:52.570","4","0","0","0","67301","0","0","0","N","0","0","0","1","67301","1","","5.0","","1","N","N","N","0","","0","0","0","0","0","","1528","1","1","0","0","0","0","0","2","0","1","0","0","0","3","03","","N","","","","","","","","","",""
"2022084685","2026","2","0","0","0","0","0","0","0","0","4","0","","67","9","2022","3","40.011333","-75.175347","2026","6","0","0","0","0","0","0","0","0","","0","0","0","20","3","1","N","0","0","40 00:40.800","","7","75 10:31.250","3","0","0","0","67301","0","0","0","N","0","0","0","1","67301","0","","6.0","","1","N","N","N","0","","1","0","0","0","0","","2024","2","1","0","0","0","0","0","2","0","2","0","0","0","3","03","","N","","","","","","","","","",""
"2022097019","0415","1","0","0","0","0","0","0","0","0","5","0","","67","7","2022","7","39.967144","-75.247956","0405","6","0","0","0","0","0","0","0","0","","0","0","0","2","3","1","N","0","0","39 58:01.720","","0","75 14:52.640","3","0","0","0","67301","0","0","0","N","0","0","0","2","67301","0","","6.0","","1","N","N","N","0","","1","0","1","0","0","","200","2","1","0","0","0","0","1","2","0","2","0","0","0","3","","","N","","","","","","","","","",""
"2022078871","1140","2","0","2","0","0","0","0","0","0","4","0","","67","8","2022","7","40.067323","-75.008847","1138","6","0","0","0","0","0","0","0","0","","0","0","0","11","1","3","","1","1","40 04:02.363","7","0","75 00:31.848","2","0","0","0","67301","0","0","0","N","0","0","0","3","67301","0","","1.0","100.0","1","N","N","N","0","","0","2","0","3","3","N","1135","2","3","0","0","0","1","0","2","0","2","0","0","0","3","03","","N","","","","","","","","","",""
"2022097578","1250","1","0","0","0","0","0","0","0","0","4","1","","67","9","2022","2","39.987821","-75.180584","1247","6","0","0","0","0","1","0","0","0","","0","1","0","12","1","2","","1","0","39 59:16.154","","0","75 10:50.102","3","0","0","0","67301","0","0","0","N","0","0","0","3","67301","0","","1.0","","1","N","N","N","0","","2","0","0","3","2","","1233","2","2","0","0","0","0","1","2","0","2","0","0","0","3","03","","N","","","","","","","","","",""
"2022097178","1443","1","0","0","0","0","0","0","0","0","8","0","","67","10","2022","3","40.086423","-75.039268","1443","6","0","0","0","0","0","0","0","0","","0","0","0","13","1","1","N","0","0","40 05:11.123","","7","75 02:21.365","3","0","0","0","67301","1","0","0","N","1","0","0","1","67301","0","","9.0","","1","N","N","N","0","","1","0","0","0","0","","1300","2","1","0","0","0","0","0","2","0","1","1","0","0","3","","","N","","","","","","","","","",""
"2022079638","1049","0","0","0","0","0","0","0","0","0","5","1","","67","8","2022","2","40.070611","-75.014553","1049","6","0","0","0","0","0","1","0","0","","0","1","0","10","1","0","N","0","2","40 04:14.200","5","0","75 00:52.390","0","0","0","0","67301","0","0","0","N","0","0","0","1","67301","0","","6.0","100.0","1","N","N","N","0","","0","0","1","0","0","Y","1043","2","0","0","0","0","0","0","2","0","2","0","0","0","3","","","N","","","","","","","","","",""
"2022079371","1005","0","0","0","0","0","0","1","0","0","4","1","","67","8","2022","2","39.990008","-75.185048","0953","6","0","0","0","0","0","0","1","0","","0","0","0","6","5","0","","1","2","39 59:24.028","2","0","75 11:06.172","0","0","0","0","67301","0","0","0","N","0","0","0","1","67301","0","","1.0","1005.0","1","Y","N","N","0","","0","0","1","3","3","Y","648","3","0","0","0","0","0","0","2","1","3","0","0","0","3","03","","N","","","","","","","","","",""
"2022068675","","0","0","0","0","0","0","0","0","0","1","0","","67","7","2022","3","39.898744","-75.179666","","6","0","0","0","0","0","1","0","0","","0","0","0","17","1","1","N","0","0","39 53:55.480","","0","75 10:46.799","8","0","0","0","67301","0","0","0","N","0","0","0","2","00000","0","","1.0","","1","","","N","0","","0","0","1","0","0","","1716","2","1","0","0","0","1","0","2","1","2","0","0","0","3","","","N","","","","","","","","","",""
"2022073253","1841","0","0","0","0","0","0","0","0","0","0","0","55","67","8","2022","2","39.901334","-75.152313","1829","6","0","0","0","0","0","0","0","0","","0","0","0","18","1","1","N","0","1","39 54:04.801","1","3","75 09:08.327","3","0","0","1","67301","0","0","0","N","0","0","0","1","68K01","0","","1.0","1910.0","1","N","N","N","0","","1","0","0","0","0","N","1827","1","1","0","0","0","0","0","2","0","1","0","0","0","3","","N","Y","4","1","","","N","","","Y","","N"
"2022083845","1643","1","0","1","0","0","0","0","0","0","4","0","","67","9","2022","1","39.916992","-75.173025","1642","6","0","0","1","0","0","0","0","0","","0","0","0","16","1","3","","1","0","39 55:01.171","","0","75 10:22.889","2","0","0","0","67301","0","0","0","N","0","0","0","6","67301","1","","1.0","","9","N","N","Y","0","","0","1","2","3","2","","1640","3","3","0","0","0","1","0","2","0","3","0","0","0","7","04","","N","","","","","","","","","",""
"2022068621","0920","0","0","0","0","0","0","0","0","0","8","0","","67","7","2022","7","40.014573","-75.156653","0917","6","0","0","0","0","0","0","0","0","","0","0","0","21","3","1","","1","0","40 00:52.463","","0","75 09:23.952","3","0","0","0","67301","1","0","0","N","1","0","0","2","67301","0","","1.0","","1","N","N","N","0","","1","0","0","3","2","","2100","2","1","0","0","0","0","0","2","0","1","1","0","0","3","03","","N","","","","","","","","","",""
"2022070458","2035","2","0","0","0","0","0","0","0","0","4","0","","67","7","2022","1","40.031262","-75.072993","2035","6","0","0","0","0","0","0","0","0","","0","0","0","20","3","0","","2","0","40 01:52.542","","0","75 04:22.773","0","0","0","0","67301","0","0","0","N","0","0","0","2","67301","0","","1.0","","9","N","N","N","0","","0","0","2","3","3","","2030","4","0","2","0","0","0","0","2","0","4","0","0","0","7","07","","N","","","","","","","","","",""
"2022080261","2038","0","0","0","0","0","0","0","0","0","7","0","","67","8","2022","4","40.078378","-75.053866","2034","6","0","0","0","0","0","0","0","0","","0","0","0","20","3","0","N","0","0","40 04:42.160","","0","75 03:13.917","0","0","0","0","67301","0","0","0","N","0","0","0","1","67301","0","","4.0","","1","N","N","N","0","","0","0","1","0","0","","2029","1","0","0","0","0","0","0","2","0","1","0","0","0","3","","","N","","","","","","","","","",""
"2022084684","1718","1","0","0","1","0","0","0","0","0","8","0","","67","9","2022","3","40.015873","-75.153841","1718","6","0","0","0","0","0","1","0","0","","0","0","0","17","1","1","","1","0","40 00:57.144","","0","75 09:13.828","3","0","0","0","67301","1","0","0","N","0","0","0","2","67301","0","","1.0","","1","N","N","N","0","","1","0","0","3","2","","1716","2","1","0","0","0","0","0","2","0","1","1","0","0","3","03","","N","","","","","","","","","",""
"2022079137","1638","2","0","0","0","0","0","0","0","0","1","0","","67","8","2022","2","39.902943","-75.239946","1636","6","0","0","0","0","0","0","0","0","","0","0","0","15","1","1","N","0","0","39 54:10.593","","0","75 14:23.806","3","0","0","0","67301","0","0","0","N","0","0","0","2","67301","0","","1.0","","1","N","N","N","0","","1","0","0","0","0","","1535","2","1","0","0","0","0","0","2","0","2","0","0","0","3","03","","N","","","","","","","","","",""
"2022080831","0827","1","0","0","0","0","0","0","0","0","7","0","","67","9","2022","7","40.049175","-75.170845","0826","6","0","0","0","0","0","1","0","0","","0","0","0","8","1","1","","1","0","40 02:57.031","","0","75 10:15.042","3","0","0","0","67301","0","0","0","N","0","0","0","1","67301","0","","4.0","","1","N","N","N","0","","1","0","0","3","2","","824","1","1","1","0","0","0","0","2","0","1","0","0","0","3","03","","N","","","","","","","","","",""