"CRN","ARRIVAL_TM","AUTOMOBILE_COUNT","BELTED_DEATH_COUNT","BELTED_SUSP_SERIOUS_INJ_COUNT","BICYCLE_COUNT","BICYCLE_DEATH_COUNT","BICYCLE_SUSP_SERIOUS_INJ_COUNT","BUS_COUNT","CHLDPAS_DEATH_COUNT","CHLDPAS_SUSP_SERIOUS_INJ_COUNT","COLLISION_TYPE","COMM_VEH_COUNT","CONS_ZONE_SPD_LIM","COUNTY","CRASH_MONTH","CRASH_YEAR","DAY_OF_WEEK","DEC_LATITUDE","DEC_LONGITUDE","DISPATCH_TM","DISTRICT","DRIVER_COUNT_16YR","DRIVER_COUNT_17YR","DRIVER_COUNT_18YR","DRIVER_COUNT_19YR","DRIVER_COUNT_20YR","DRIVER_COUNT_50_64YR","DRIVER_COUNT_65_74YR","DRIVER_COUNT_75PLUS","EST_HRS_CLOSED","FATAL_COUNT","HEAVY_TRUCK_COUNT","HORSE_BUGGY_COUNT","HOUR_OF_DAY","ILLUMINATION","INJURY_COUNT","INTERSECTION_RELATED","INTERSECT_TYPE","LANE_CLOSED","LATITUDE","LN_CLOSE_DIR","LOCATION_TYPE","LONGITUDE","MAX_SEVERITY_LEVEL","MCYCLE_DEATH_COUNT","MCYCLE_SUSP_SERIOUS_INJ_COUNT","MOTORCYCLE_COUNT","MUNICIPALITY","NONMOTR_COUNT","NONMOTR_DEATH_COUNT","NONMOTR_SUSP_SERIOUS_INJ_COUNT","NTFY_HIWY_MAINT","PED_COUNT","PED_DEATH_COUNT","PED_SUSP_SERIOUS_INJ_COUNT","PERSON_COUNT","POLICE_AGCY","POSSIBLE_INJ_COUNT","RDWY_SURF_TYPE_CD","RELATION_TO_ROAD","ROADWAY_CLEARED","ROAD_CONDITION","SCH_BUS_IND","SCH_ZONE_IND","SECONDARY_CRASH","SMALL_TRUCK_COUNT","SPEC_JURIS_CD","SUSP_MINOR_INJ_COUNT","SUSP_SERIOUS_INJ_COUNT","SUV_COUNT","TCD_FUNC_CD","TCD_TYPE","TFC_DETOUR_IND","TIME_OF_DAY","TOTAL_UNITS","TOT_INJ_COUNT","UNBELTED_OCC_COUNT","UNB_DEATH_COUNT","UNB_SUSP_SERIOUS_INJ_COUNT","UNK_INJ_DEG_COUNT","UNK_INJ_PER_COUNT","URBAN_RURAL","VAN_COUNT","VEHICLE_COUNT","VULNERABLE_ROAD_USER_COUNT","VULNERABLE_ROAD_USER_DEATH_COUNT","VULNERABLE_ROAD_USER_SER_INJ_COUNT","WEATHER1","WEATHER2","WORKERS_PRES","WORK_ZONE_IND","WORK_ZONE_LOC","WORK_ZONE_TYPE","WZ_CLOSE_DETOUR","WZ_FLAGGER","WZ_LAW_OFFCR_IND","WZ_LN_CLOSURE","WZ_MOVING","WZ_OTHER","WZ_SHLDER_MDN","WZ_WORKERS_INJ_KILLED"
"2022075786","1726","0","0","0","0","0","0","0","0","0","8","0","","67","8","2022","2","39.988053","-75.142433","1725","6","0","0","0","0","0","0","0","0","","0","0","0","17","1","1","N","0","0","39 59:16.990","","0","75 08:32.760","3","0","0","0","67301","1","0","0","N","1","0","0","2","67301","0","","1.0","","1","N","N","N","0","","1","0","1","0","0","","1720","2","1","1","0","0","0","0","2","0","1","1","0","0","3","03","","N","","","","","","","","","",""
"2022079764","2147","2","0","0","0","0","0","0","0","0","4","0","","67","8","2022","2","39.953653","-75.198763","2146","6","0","0","0","0","1","0","0","0","","0","0","0","21","3","0","","1","0","39 57:13.151","","0","75 11:55.547","0","0","0","0","67301","0","0","0","N","0","0","0","3","67504","0","","1.0","","1","N","N","N","0","","0","0","0","3","2","","2140","2","0","0","0","0","0","0","2","0","2","0","0","0","3","03","","N","","","","","","","","","",""
"2022080815","1935","1","0","0","0","0","0","0","0","0","8","0","","67","9","2022","6","39.918036","-75.233867","1928","6","0","0","0","0","0","0","0","0","","0","0","0","18","1","1","N","0","0","39 55:04.930","","0","75 14:01.920","3","0","0","0","67301","1","0","0","N","1","0","0","3","67301","0","","1.0","","1","N","N","N","0","","1","0","0","0","0","","1853","2","1","0","0","0","0","0","2","0","1","1","0","0","3","03","","N","","","","","","","","","",""
"2022074174","1029","2","0","0","0","0","0","0","0","0","4","0","","67","8","2022","2","39.968637","-75.233854","1029","6","0","0","0","0","0","0","0","0","","0","0","0","10","1","2","","1","0","39 58:07.093","","0","75 14:01.874","4","0","0","0","67301","0","0","0","N","0","0","0","3","67301","2","","1.0","","1","N","N","N","0","","0","0","0","3","2","","1006","2","2","2","0","0","0","0","2","0","2","0","0","0","3","03","","N","","","","","","","","","",""
"2022084477","0116","1","0","0","0","0","0","0","0","0","7","0","","67","9","2022","6","39.960522","-75.181624","0105","6","0","0","0","0","0","0","0","0","","0","0","0","1","3","1","N","0","1","39 57:37.880","3","0","75 10:53.847","3","0","0","0","67301","0","0","0","N","0","0","0","2","68K01","0","","4.0","135.0","1","N","N","N","0","","1","0","0","0","0","N","102","1","1","0","0","0","0","0","2","0","1","0","0","0","3","","","N","","","","","","","","","",""
"2022084687","1525","1","0","0","0","0","0","0","0","0","4","0","","67","9","2022","4","40.011956","-75.176015","1520","6","0","0","0","0","0","0","0","0","","0","0","0","15","1","1","","1","1","40 00:43.041","2","0","75 10:33.654","3","0","0","1","67301","0","0","0","N","0","0","0","2","67301","0","","1.0","1543.0","1","N","N","N","0","","1","0","0","3","2","N","1500","2","1","1","0","0","0","0","2","0","2","0","0","0","3","03","","N","","","","","","","","","",""
"2022096636","0240","1","0","0","0","0","0","0","0","0","7","0","","67","9","2022","1","39.93015","-75.198183","0231","6","0","0","0","0","0","0","0","0","","0","0","0","2","3","3","N","0","1","39 55:48.539","4","0","75 11:53.459","8","0","0","0","67301","0","0","0","N","0","0","0","3","68K01","0","","4.0","250.0","1","N","N","N","0","","0","0","0","0","0","N","229","1","3","0","0","0","3","0","2","0","1","0","0","0","3","","","N","","","","","","","","","",""
"2022072632","1450","0","0","0","1","0","0","0","0","0","8","0","","67","8","2022","2","39.917929","-75.159278","1445","6","0","0","0","0","0","0","0","0","","0","0","0","14","1","1","","1","0","39 55:04.544","","0","75 09:33.400","4","0","0","0","67301","1","0","0","N","0","0","0","2","67301","1","","1.0","","1","N","N","N","0","","0","0","0","3","3","","1400","2","1","0","0","0","0","0","2","1","1","1","0","0","3","03","","N","","","","","","","","","",""
"2022083606","0933","0","0","0","0","0","0","0","0","0","7","1","","67","9","2022","7","39.932392","-75.218917","0933","6","0","0","0","0","0","0","0","0","","0","1","0","9","1","0","N","0","0","39 55:56.610","","1","75 13:08.100","0","0","0","0","67301","0","0","0","N","0","0","0","1","67301","0","","1.0","","1","N","N","N","0","","0","0","0","0","0","","930","1","0","0","0","0","0","0","2","0","1","0","0","0","3","03","","N","","","","","","","","","",""
"2022097443","0115","0","0","0","0","0","0","0","0","0","8","0","","67","7","2022","1","39.977768","-75.21345","0109","6","0","0","0","0","0","0","0","0","","0","0","0","0","3","1","","1","0","39 58:39.965","","0","75 12:48.419","8","0","0","0","67301","1","0","0","N","1","0","0","2","67301","0","","1.0","","1","N","N","N","0","","0","0","0","3","2","","57","2","1","0","0","0","1","0","2","0","1","1","0","0","3","03","","N","","","","","","","","","",""
"2022096478","0735","0","0","0","0","0","0","0","0","0","0","0","","67","9","2022","3","39.957654","-75.148861","0727","6","0","0","0","0","0","0","0","0","","0","0","0","7","1","0","","6","0","39 57:27.556","","2","75 08:55.899","9","0","0","0","67301","0","0","0","N","0","0","0","1","68K01","0","","1.0","","9","N","N","N","0","","0","0","1","0","0","","709","1","0","0","0","0","0","1","2","0","1","0","0","0","7","07","","N","","","","","","","","","",""
"2022096216","2310","0","0","0","0","0","0","0","0","0","7","0","","67","9","2022","6","40.045654","-75.001669","2302","6","0","0","0","0","0","0","1","0","","0","0","0","22","3","2","N","0","1","40 02:44.355","1","0","75 00:06.010","2","0","0","0","67301","0","0","0","N","0","0","0","2","68K01","0","","4.0","200.0","1","N","N","N","0","","0","2","1","0","0","N","2251","1","2","0","0","0","0","0","2","0","1","0","0","0","3","","","N","","","","","","","","","",""
"2022070024","2037","1","0","0","0","0","0","0","0","0","5","0","","67","7","2022","7","39.994497","-75.167817","2037","6","0","0","0","0","0","0","0","0","","0","0","0","20","3","0","N","0","0","39 59:40.190","","0","75 10:04.140","0","0","0","0","67301","0","0","0","N","0","0","0","1","67301","0","","6.0","","1","N","N","N","0","","0","0","2","0","0","","2033","4","0","1","0","0","0","0","2","1","4","0","0","0","3","03","","N","","","","","","","","","",""
"2022073023","1427","0","0","0","0","0","0","0","0","0","4","0","","67","8","2022","3","40.097156","-75.018134","1417","6","0","0","0","0","0","0","1","0","","0","0","0","14","1","1","","1","1","40 05:49.760","2","0","75 01:05.283","3","0","0","0","67301","0","0","0","N","0","0","0","3","67301","0","","1.0","1455.0","1","N","N","Y","1","","1","0","0","3","2","N","1411","2","1","0","0","0","0","0","2","1","2","0","0","0","3","04","","N","","","","","","","","","",""
"2022081539","1557","0","0","0","0","0","0","0","0","0","1","0","","67","9","2022","2","39.945723","-75.189877","1538","6","0","0","0","0","0","1","1","0","","0","0","0","15","1","0","N","0","0","39 56:44.603","","3","75 11:23.558","0","0","0","0","67301","0","0","0","N","0","0","0","2","68K01","0","","1.0","","1","N","N","N","1","","0","0","1","0","0","","1535","2","0","0","0","0","0","0","2","0","2","0","0","0","3","03","","N","","","","","","","","","",""
"2022081242","1343","1","0","0","0","0","0","0","0","0","3","0","","67","9","2022","7","40.012919","-75.118775","1340","6","0","0","0","0","1","0","1","0","","0","0","0","13","1","1","N","0","0","40 00:46.510","","7","75 07:07.590","8","0","0","1","67301","0","0","0","N","0","0","0","2","67301","0","","1.0","","1","N","N","N","0","","0","0","0","0","0","","1330","2","1","1","0","0","1","0","2","0","2","0","0","0","3","03","","N","","","","","","","","","",""
"2022074094","1740","4","0","0","0","0","0","0","0","0","4","0","","67","8","2022","7","40.054234","-75.049325","1735","6","0","1","0","0","0","0","0","0","","0","0","0","17","1","1","","1","2","40 03:15.244","2","0","75 02:57.569","8","0","0","0","67301","0","0","0","N","0","0","0","5","67301","0","","1.0","100.0","1","N","N","N","0","","0","0","1","3","2","Y","1733","5","1","0","0","0","1","4","2","0","5","0","0","0","3","","","N","","","","","","","","","",""
"2022084445","2358","0","0","0","0","0","0","0","0","0","5","1","","67","8","2022","6","39.962128","-75.182881","2349","6","0","0","0","0","0","0","0","0","","0","1","0","23","3","0","N","0","1","39 57:43.661","4","0","75 10:58.370","0","0","0","0","67301","0","0","0","N","0","0","0","2","68K01","0","","1.0","57.0","1","N","N","N","0","","0","0","1","0","0","N","2348","2","0","0","0","0","0","0","2","0","2","0","0","0","3","03","","N","","","","","","","","","",""
"2022081170","2234","1","0","0","0","0","0","0","0","0","4","0","","67","9","2022","5","40.030322","-75.064461","1127","6","0","0","0","0","0","1","0","0","","0","0","0","10","1","1","","1","0","40 01:49.158","","0","75 03:52.059","3","0","0","0","67301","0","0","0","N","0","0","0","2","67301","0","","1.0","","1","N","N","N","1","","1","0","1","0","0","","1050","3","1","0","0","0","0","0","2","0","3","0","0","0","3","","","N","","","","","","","","","",""
"2022075850","2330","1","0","0","0","0","0","0","0","0","1","0","","67","8","2022","1","40.01384","-75.12598","2330","6","0","0","0","0","0","0","0","0","","0","0","0","22","3","0","","1","0","40 00:49.823","","0","75 07:33.528","0","0","0","0","67301","0","0","0","N","0","0","0","2","67301","0","","1.0","","1","N","N","N","0","","0","0","1","3","2","","2235","2","0","1","0","0","0","0","2","0","2","0","0","0","3","","","N","","","","","","","","","",""
"2022073981","1051","1","0","0","0","0","0","0","0","0","2","0","","67","8","2022","2","40.004014","-75.128086","1050","6","0","0","0","0","0","0","0","0","","0","0","0","10","1","0","N","0","0","40 00:14.450","","0","75 07:41.110","0","0","0","0","67301","0","0","0","N","0","0","0","2","67301","0","","6.0","","1","N","N","N","1","","0","0","0","0","0","","1045","2","0","0","0","0","0","0","2","0","2","0","0","0","3","03","","N","","","","","","","","","",""
"2022083623","1156","2","0","0","0","0","0","0","0","0","4","1","","67","9","2022","5","39.973237","-75.212226","1110","6","0","0","0","0","0","1","0","0","","0","1","0","10","1","0","","1","1","39 58:23.653","7","0","75 12:44.012","9","0","0","0","67301","0","0","0","N","0","0","0","4","67301","0","","1.0","1330.0","1","N","N","N","0","","0","0","0","3","2","N","1056","3","0","0","0","0","0","1","2","0","3","0","0","0","3","03","","N","","","","","","","","","",""
"2022096225","0712","1","0","0","0","0","0","0","0","0","7","0","","67","9","2022","4","39.902086","-75.151504","0653","6","0","0","0","0","0","0","0","0","","0","0","0","6","1","1","N","0","1","39 54:07.511","2","0","75 09:05.414","8","0","0","0","67301","0","0","0","N","0","0","0","1","68K01","0","","4.0","730.0","1","N","N","N","0","","0","0","0","0","0","N","640","1","1","0","0","0","1","0","2","0","1","0","0","0","3","","","N","","","","","","","","","",""
"2022083655","1301","2","0","0","0","0","0","0","0","0","4","0","","67","9","2022","5","40.010483","-75.160772","1245","6","0","0","0","0","0","0","0","0","","0","0","0","11","1","0","","1","0","40 00:37.740","","0","75 09:38.779","9","0","0","0","67301","0","0","0","N","0","0","0","2","67301","0","","1.0","","1","N","N","N","0","","0","0","0","3","3","","1159","2","0","0","0","0","0","1","2","0","2","0","0","0","3","","","N","","","","","","","","","",""
"2022073744","2238","1","0","0","0","0","0","0","0","0","5","0","","67","8","2022","2","39.942694","-75.157833","2238","6","0","0","0","0","0","1","0","0","","0","0","0","22","3","0","N","0","0","39 56:33.700","","0","75 09:28.200","0","0","0","0","67301","0","0","0","N","0","0","0","1","67301","0","","6.0","","1","N","N","N","0","","0","0","1","0","0","","2235","2","0","1","0","0","0","0","2","0","2","0","0","0","3","03","","N","","","","","","","","","",""
"2022080596","1348","1","0","0","0","0","0","0","0","0","4","0","","67","8","2022","1","39.971089","-75.228729","1347","6","0","0","0","0","0","0","0","0","","0","0","0","5","1","1","","1","0","39 58:15.920","","0","75 13:43.424","3","0","0","0","67301","0","0","0","N","0","0","0","2","67301","0","","1.0","","1","N","N","N","0","","1","0","1","3","2","","520","2","1","0","0","0","0","0","2","0","2","0","0","0","3","03","","N","","","","","","","","","",""
"2022078885","1735","0","0","0","0","0","0","0","0","0","4","0","","67","7","2022","7","39.947778","-75.227428","1722","6","0","0","0","0","0","0","0","0","","0","0","0","17","1","2","","5","0","39 56:52.000","","0","75 13:38.740","3","0","0","0","67301","0","0","0","N","0","0","0","3","67301","0","","1.0","","1","N","N","N","1","","2","0","1","3","2","","1718","2","2","1","0","0","0","0","2","0","2","0","0","0","3","03","","N","","","","","","","","","",""
"2022097028","1535","1","0","0","0","0","0","0","0","0","4","0","","67","10","2022","4","40.016776","-75.083619","1532","6","0","0","0","0","0","0","0","0","","0","0","0","15","1","1","","1","2","40 01:00.392","5","0","75 05:01.030","3","0","0","0","67301","0","0","0","N","0","0","0","1","67301","0","","1.0","1645.0","1","N","N","Y","0","","1","0","0","3","3","Y","1531","2","1","0","0","0","0","0","2","0","2","0","0","0","4","","","N","","","","","","","","","",""
"2022083462","0031","1","0","0","0","0","0","0","0","0","7","0","","67","9","2022","1","39.943259","-75.14278","0020","6","0","0","0","0","0","0","0","0","","0","0","0","23","3","0","N","0","0","39 56:35.734","","0","75 08:34.007","0","0","0","0","67301","0","0","0","N","0","0","0","1","68K01","0","","4.0","","9","N","N","N","0","","0","0","0","0","0","","2355","1","0","0","0","0","0","0","2","0","1","0","0","0","7","07","","N","","","","","","","","","",""
"2022084011","0915","2","0","0","0","0","0","0","0","0","4","0","","67","9","2022","3","40.007085","-75.073767","0908","6","0","0","0","0","1","0","0","0","","0","0","0","9","1","1","N","0","0","40 00:25.507","","0","75 04:25.560","8","0","0","0","67301","0","0","0","N","0","0","0","4","67301","0","","1.0","","1","N","N","N","1","","0","0","0","0","0","","900","3","1","0","0","0","1","0","2","0","3","0","0","0","3","03","","N","","","","","","","","","",""
"2022074158","0352","1","0","0","0","0","0","0","0","0","4","0","","67","8","2022","1","39.938303","-75.216251","0243","6","0","0","0","0","0","1","0","0","","0","0","0","2","3","2","","1","0","39 56:17.890","","0","75 12:58.503","8","0","0","0","67301","0","0","0","N","0","0","0","4","67301","0","","1.0","","1","N","N","N","0","","0","0","1","3","2","","234","2","2","0","0","0","2","2","2","0","2","0","0","0","3","03","","N","","","","","","","","","",""
"2022084479","0131","1","0","0","0","0","0","0","0","0","7","0","","67","9","2022","7","39.957722","-75.162358","0127","6","0","0","0","0","0","0","0","0","","0","0","0","1","3","0","","7","2","39 57:27.800","3","2","75 09:44.488","0","0","0","0","67301","0","0","0","N","0","0","0","3","68K01","0","","4.0","300.0","1","N","N","N","0","","0","0","0","0","0","Y","127","1","0","0","0","0","0","0","2","0","1","0","0","0","3","","","N","","","","","","","","","",""
"2022068721","0210","2","0","0","0","0","0","0","0","0","5","0","","67","7","2022","7","39.97045","-75.216689","0210","6","0","0","0","0","0","0","0","0","","0","0","0","2","3","0","N","0","0","39 58:13.620","","0","75 13:00.080","9","0","0","0","67301","0","0","0","N","0","0","0","1","67301","0","","6.0","","1","N","N","N","0","","0","0","1","0","0","","204","3","0","0","0","0","0","1","2","0","3","0","0","0","3","","","N","","","","","","","","","",""
"2022081977","0016","0","0","0","1","0","0","0","0","0","8","0","","67","9","2022","1","39.939018","-75.232391","0009","6","0","0","0","0","0","0","0","0","","0","0","0","23","3","1","","1","0","39 56:20.464","","0","75 13:56.607","8","0","0","0","67301","1","0","0","N","0","0","0","2","67301","0","","1.0","","1","N","N","N","0","","0","0","1","3","2","","2303","2","1","0","0","0","1","1","2","0","1","1","0","0","3","03","","N","","","","","","","","","",""
"2022083567","1852","0","0","0","0","0","0","0","0","0","4","0","","67","9","2022","4","39.994795","-75.15932","1849","6","0","0","0","0","0","0","0","0","","0","0","0","18","1","6","","1","1","39 59:41.262","7","0","75 09:33.551","3","0","0","0","67301","0","0","0","N","0","0","0","6","67301","1","","1.0","1848.0","1","N","Y","N","1","","5","0","1","3","2","N","1848","2","6","0","0","0","0","0","2","0","2","0","0","0","3","","","N","","","","","","","","","",""
"2022079019","1009","0","0","0","0","0","0","0","0","0","1","0","","67","8","2022","7","39.986778","-75.208556","0942","6","0","0","0","0","0","1","0","0","","0","0","0","9","1","2","","3","0","39 59:12.400","","2","75 12:30.800","4","0","0","0","67301","0","0","0","N","0","0","0","3","68K01","1","","1.0","","1","N","N","N","1","","0","0","1","3","3","","941","2","2","0","0","0","1","1","2","0","2","0","0","0","3","","","N","","","","","","","","","",""
"2022070251","2104","1","0","0","0","0","0","0","0","0","1","0","","67","7","2022","7","40.001403","-75.081576","2032","6","0","0","0","0","0","0","0","0","","0","0","0","17","3","0","","3","0","40 00:05.051","","0","75 04:53.673","0","0","0","0","67301","0","0","0","N","0","0","0","2","67301","0","","1.0","","1","N","N","N","0","","0","0","0","3","2","","1730","2","0","0","0","0","0","0","2","0","2","0","0","0","3","03","","N","","","","","","","","","",""
"2022070066","1335","0","0","0","0","0","0","0","0","0","1","0","","67","7","2022","1","40.047015","-75.112431","1327","6","0","0","0","0","0","0","0","0","","0","0","0","13","1","0","Y","0","2","40 02:49.255","2","0","75 06:44.751","0","0","0","0","67301","0","0","0","N","0","0","0","5","67301","0","","1.0","30.0","1","N","N","N","0","","0","0","3","3","2","Y","1320","3","0","0","0","0","0","0","2","0","3","0","0","0","3","","","N","","","","","","","","","",""
"2022095568","0345","1","0","0","0","0","0","0","0","0","1","0","","67","10","2022","1","40.006168","-75.151802","0339","6","0","0","0","0","0","0","0","0","","0","0","0","3","3","0","N","1","1","40 00:22.203","1","0","75 09:06.487","9","0","0","0","67301","0","0","0","N","0","0","0","3","67505","0","","1.0","515.0","1","N","N","N","0","","0","0","1","3","2","Y","330","2","0","0","0","0","0","3","2","0","2","0","0","0","3","03","","N","","","","","","","","","",""
"2022097445","0155","1","0","0","0","0","0","0","0","0","4","0","","67","8","2022","7","39.971089","-75.228729","0148","6","0","0","0","0","0","0","0","0","","0","0","0","1","3","0","","1","0","39 58:15.920","","0","75 13:43.424","0","0","0","0","67301","0","0","0","N","0","0","0","4","67301","0","","1.0","","1","N","N","N","0","","0","0","1","3","2","","146","2","0","4","0","0","0","0","2","0","2","0","0","0","3","03","","N","","","","","","","","","",""
"2022095225","1938","3","0","1","0","0","0","0","0","0","4","0","","67","8","2022","7","39.914939","-75.237602","1937","6","0","0","0","0","0","0","0","0","","0","0","0","19","1","1","","1","0","39 54:53.780","","0","75 14:15.367","2","0","0","0","67301","0","0","0","N","0","0","0","3","67301","0","","1.0","","1","N","N","N","0","","0","1","1","3","2","","1936","6","1","0","0","0","0","1","2","2","6","0","0","0","3","03","","N","","","","","","","","","",""
"2022075783","1410","2","0","0","0","0","0","0","0","0","4","0","","67","8","2022","4","40.003184","-75.141429","1357","6","0","0","0","0","0","0","0","0","","0","0","0","13","1","0","","1","1","40 00:11.462","4","0","75 08:29.144","0","0","0","0","67301","0","0","0","N","0","0","0","3","67301","0","","1.0","1420.0","1","N","N","N","0","","0","0","0","3","3","N","1327","2","0","0","0","0","0","0","2","0","2","0","0","0","3","04","","N","","","","","","","","","",""
"2022074210","1500","1","0","0","0","0","0","0","0","0","4","0","","67","8","2022","2","40.02415","-75.133203","1500","6","0","0","0","0","0","0","0","0","","0","0","0","17","1","2","","1","0","40 01:26.939","","0","75 07:59.530","3","0","0","0","67301","0","0","0","N","0","0","0","3","67301","0","","1.0","","1","N","N","N","0","","2","0","0","3","2","","1730","2","2","0","0","0","0","1","2","1","2","0","0","0","3","03","","N","","","","","","","","","",""
"2022083565","0136","1","0","0","0","0","0","0","0","0","4","0","","67","9","2022","6","39.984328","-75.124821","0134","6","0","0","0","0","0","1","0","0","","0","0","0","1","3","3","","1","0","39 59:03.579","","0","75 07:29.354","8","0","0","0","67301","0","0","0","N","0","0","0","3","67301","0","","1.0","","1","N","N","N","0","","0","0","1","3","3","","130","2","3","0","0","0","3","0","2","0","2","0","0","0","3","03","","N","","","","","","","","","",""
"2022084472","0911","1","0","0","0","0","0","0","0","0","1","0","","67","8","2022","4","39.98053","-75.205889","0826","6","0","0","0","0","0","0","0","0","","0","0","0","8","1","1","N","0","0","39 58:49.909","","0","75 12:21.200","4","0","0","0","67301","0","0","0","N","0","0","0","1","68K01","1","","1.0","","1","N","N","N","0","","0","0","1","0","0","","820","2","1","0","0","0","0","0","2","0","2","0","0","0","3","","","N","","","","","","","","","",""
"2022076944","2257","0","0","0","0","0","0","0","0","0","7","0","","67","8","2022","3","39.885971","-75.213176","2244","6","0","0","0","0","0","0","0","0","","0","0","0","22","3","1","N","0","1","39 53:09.497","1","3","75 12:47.433","8","0","0","0","67301","0","0","0","N","0","0","0","1","68K01","0","","2.0","2330.0","9","N","N","N","0","","0","0","1","0","0","Y","2237","1","1","1","0","0","1","0","2","0","1","0","0","0","7","07","","N","","","","","","","","","",""
"2022083997","2103","0","0","0","0","0","0","0","0","0","7","0","","67","9","2022","2","40.067897","-75.068178","2056","6","0","0","0","0","0","0","0","0","","0","0","0","20","3","1","N","0","2","40 04:04.430","5","0","75 04:05.440","3","0","0","0","67301","0","0","0","N","0","0","0","1","67301","0","","5.0","2103.0","9","N","N","N","1","","1","0","0","0","0","N","2054","1","1","0","0","0","0","0","2","0","1","0","0","0","4","07","","N","","","","","","","","","",""
"2022072278","2205","0","0","0","0","0","0","0","0","0","7","0","","67","8","2022","2","40.004006","-75.105661","2154","6","0","0","0","0","0","0","0","0","","0","0","0","21","3","1","N","0","0","40 00:14.420","","0","75 06:20.380","3","0","0","0","67301","0","0","0","N","0","0","0","1","67301","0","","4.0","","1","N","N","N","0","","1","0","1","0","0","","2147","1","1","1","0","0","0","0","2","0","1","0","0","0","3","","","N","","","","","","","","","",""
"2022082639","1120","0","0","0","0","0","0","0","0","0","1","0","","67","7","2022","1","39.990314","-75.205321","1120","6","0","0","0","0","0","0","0","0","","0","0","0","11","1","1","N","0","0","39 59:25.130","","0","75 12:19.157","3","0","0","0","67301","0","0","0","N","0","0","0","5","68K01","0","","1.0","","1","N","N","N","0","","1","0","2","0","0","","1120","3","1","0","0","0","0","0","2","0","3","0","0","0","3","03","","N","","","","","","","","","",""
"2022071100","2349","1","0","0","0","0","0","0","0","0","7","0","","67","8","2022","4","39.963219","-75.188824","2348","6","0","0","0","0","0","0","0","0","","0","0","0","23","3","0","N","0","0","39 57:47.590","","0","75 11:19.767","0","0","0","0","67301","0","0","0","N","0","0","0","2","67507","0","","6.0","","1","N","N","N","0","","0","0","0","0","0","","2345","1","0","0","0","0","0","0","2","0","1","0","0","0","3","","","N","","","","","","","","","",""
"2022073982","1140","0","0","0","0","0","0","0","0","0","4","0","","67","8","2022","2","40.000779","-75.143381","1135","6","0","0","0","0","0","0","0","0","","0","0","0","11","1","4","","1","0","40 00:02.806","","0","75 08:36.172","2","0","0","0","67301","0","0","0","N","0","0","0","7","67301","0","","1.0","","99","N","N","N","0","","3","1","4","3","2","","1135","4","4","1","0","1","0","0","2","0","4","0","0","0","3","03","","N","","","","","","","","","",""
"2022072242","0830","1","0","0","0","0","0","0","0","0","1","1","","67","8","2022","2","40.054093","-75.049043","0819","6","0","0","0","0","0","0","0","0","","0","1","0","7","1","1","","1","0","40 03:14.734","","0","75 02:56.553","3","0","0","0","67301","0","0","0","N","0","0","0","3","67301","0","","1.0","","99","N","N","N","0","","1","0","1","3","2","","705","3","1","0","0","0","0","2","2","0","3","0","0","0","99","","","N","","","","","","","","","",""
"2022078329","1153","0","0","0","0","0","0","0","0","0","4","0","","67","8","2022","6","40.066414","-75.146908","1141","6","0","0","0","0","0","0","0","1","","0","0","0","11","1","0","","1","0","40 03:59.090","","0","75 08:48.868","0","0","0","0","67301","0","0","0","N","0","0","0","3","67301","0","","1.0","","1","N","N","N","0","","0","0","3","3","3","","1139","3","0","0","0","0","0","0","2","0","3","0","0","0","3","03","","N","","","","","","","","","",""
"2022075760","1922","0","0","0","0","0","0","0","0","0","1","0","","67","8","2022","5","40.057853","-75.172267","1922","6","0","0","0","0","0","1","0","0","","0","0","0","19","1","1","N","0","0","40 03:28.270","","0","75 10:20.160","8","0","0","0","67301","0","0","0","N","0","0","0","1","67301","0","","6.0","","1","N","N","N","0","","0","0","2","0","0","","1920","2","1","0","0","0","1","0","2","0","2","0","0","0","3","03","","N","","","","","","","","","",""
"2022080275","1855","2","0","0","0","0","0","0","0","0","4","0","","67","8","2022","7","39.994182","-75.131744","1846","6","0","0","0","0","0","0","0","0","","0","0","0","17","1","1","","1","0","39 59:39.055","","0","75 07:54.278","3","0","0","0","67301","0","0","0","N","0","0","0","3","67301","0","","1.0","","1","N","N","N","2","","1","0","1","3","2","","1745","6","1","0","0","0","0","1","2","1","6","0","0","0","3","03","","N","","","","","","","","","",""
"2022083836","1529","1","0","0","0","0","0","0","0","0","8","0","10","67","9","2022","2","39.937492","-75.193608","1527","6","0","0","0","0","0","0","0","0","","0","0","0","15","1","1","","2","9","39 56:14.971","","0","75 11:36.988","8","0","0","0","67301","1","0","0","N","1","0","0","2","67301","0","","1.0","","1","N","N","N","0","","0","0","0","3","3","","1520","2","1","0","0","0","1","0","2","0","1","1","0","0","3","","Y","Y","4","1","N","N","N","N","N","Y","N","Y"
"2022083577","1640","0","0","0","0","0","0","0","0","0","8","0","","67","9","2022","6","39.928942","-75.182194","1635","6","0","0","0","0","0","0","0","0","","0","0","0","15","1","1","N","0","0","39 55:44.190","","0","75 10:55.900","2","0","0","1","67301","1","0","1","N","1","0","1","2","67301","0","","4.0","","1","N","N","N","0","","0","1","0","0","0","","1530","2","1","0","0","0","0","1","2","0","1","1","0","1","3","03","","N","","","","","","","","","",""
"2022088171","0915","1","0","0","0","0","0","0","0","0","6","0","","67","9","2022","1","40.003728","-75.128153","0915","6","0","0","0","0","0","0","0","0","","0","0","0","8","1","1","N","0","0","40 00:13.420","","0","75 07:41.350","3","0","0","0","67301","0","0","0","N","0","0","0","1","67301","0","","6.0","","1","N","N","N","0","","1","0","2","0","0","","838","3","1","1","0","0","0","0","2","0","3","0","0","0","3","","","N","","","","","","","","","",""