"CRN","ARRIVAL_TM","AUTOMOBILE_COUNT","BELTED_DEATH_COUNT","BELTED_SUSP_SERIOUS_INJ_COUNT","BICYCLE_COUNT","BICYCLE_DEATH_COUNT","BICYCLE_SUSP_SERIOUS_INJ_COUNT","BUS_COUNT","CHLDPAS_DEATH_COUNT","CHLDPAS_SUSP_SERIOUS_INJ_COUNT","COLLISION_TYPE","COMM_VEH_COUNT","CONS_ZONE_SPD_LIM","COUNTY","CRASH_MONTH","CRASH_YEAR","DAY_OF_WEEK","DEC_LATITUDE","DEC_LONGITUDE","DISPATCH_TM","DISTRICT","DRIVER_COUNT_16YR","DRIVER_COUNT_17YR","DRIVER_COUNT_18YR","DRIVER_COUNT_19YR","DRIVER_COUNT_20YR","DRIVER_COUNT_50_64YR","DRIVER_COUNT_65_74YR","DRIVER_COUNT_75PLUS","EST_HRS_CLOSED","FATAL_COUNT","HEAVY_TRUCK_COUNT","HORSE_BUGGY_COUNT","HOUR_OF_DAY","ILLUMINATION","INJURY_COUNT","INTERSECTION_RELATED","INTERSECT_TYPE","LANE_CLOSED","LATITUDE","LN_CLOSE_DIR","LOCATION_TYPE","LONGITUDE","MAX_SEVERITY_LEVEL","MCYCLE_DEATH_COUNT","MCYCLE_SUSP_SERIOUS_INJ_COUNT","MOTORCYCLE_COUNT","MUNICIPALITY","NONMOTR_COUNT","NONMOTR_DEATH_COUNT","NONMOTR_SUSP_SERIOUS_INJ_COUNT","NTFY_HIWY_MAINT","PED_COUNT","PED_DEATH_COUNT","PED_SUSP_SERIOUS_INJ_COUNT","PERSON_COUNT","POLICE_AGCY","POSSIBLE_INJ_COUNT","RDWY_SURF_TYPE_CD","RELATION_TO_ROAD","ROADWAY_CLEARED","ROAD_CONDITION","SCH_BUS_IND","SCH_ZONE_IND","SECONDARY_CRASH","SMALL_TRUCK_COUNT","SPEC_JURIS_CD","SUSP_MINOR_INJ_COUNT","SUSP_SERIOUS_INJ_COUNT","SUV_COUNT","TCD_FUNC_CD","TCD_TYPE","TFC_DETOUR_IND","TIME_OF_DAY","TOTAL_UNITS","TOT_INJ_COUNT","UNBELTED_OCC_COUNT","UNB_DEATH_COUNT","UNB_SUSP_SERIOUS_INJ_COUNT","UNK_INJ_DEG_COUNT","UNK_INJ_PER_COUNT","URBAN_RURAL","VAN_COUNT","VEHICLE_COUNT","VULNERABLE_ROAD_USER_COUNT","VULNERABLE_ROAD_USER_DEATH_COUNT","VULNERABLE_ROAD_USER_SER_INJ_COUNT","WEATHER1","WEATHER2","WORKERS_PRES","WORK_ZONE_IND","WORK_ZONE_LOC","WORK_ZONE_TYPE","WZ_CLOSE_DETOUR","WZ_FLAGGER","WZ_LAW_OFFCR_IND","WZ_LN_CLOSURE","WZ_MOVING","WZ_OTHER","WZ_SHLDER_MDN","WZ_WORKERS_INJ_KILLED"
"2022081829","2233","2","0","0","0","0","0","0","0","0","5","0","","67","9","2022","1","40.026564","-75.177047","2233","6","0","0","0","0","0","0","0","0","","0","0","0","22","3","0","N","0","0","40 01:35.630","","0","75 10:37.370","9","0","0","0","67301","0","0","0","N","0","0","0","1","67301","0","","6.0","","1","N","N","N","1","","0","0","1","0","0","","2226","4","0","0","0","0","0","1","2","0","4","0","0","0","3","03","","N","","","","","","","","","",""
"2022081865","0031","1","0","0","0","0","0","0","0","0","4","0","","67","9","2022","1","40.014674","-75.132323","0027","6","0","0","0","0","0","0","0","0","","0","0","0","0","3","0","","2","0","40 00:52.826","","0","75 07:56.362","0","0","0","0","67301","0","0","0","N","0","0","0","3","67301","0","","1.0","","1","N","N","N","1","","0","0","1","3","2","","27","3","0","0","0","0","0","0","2","0","3","0","0","0","3","03","","N","","","","","","","","","",""
"2022088704","0155","1","0","0","0","0","0","0","0","0","1","0","","67","9","2022","1","39.925301","-75.193649","0149","6","0","0","0","0","0","1","0","0","","0","0","0","1","3","2","N","0","0","39 55:31.085","","0","75 11:37.135","3","0","0","0","67301","0","0","0","N","0","0","0","4","68K01","0","","1.0","","1","N","N","N","0","","1","0","1","0","0","","144","3","2","0","0","0","1","1","2","0","3","0","0","0","3","","","N","","","","","","","","","",""
"2022073714","1251","2","0","0","0","0","0","0","0","0","5","0","","67","8","2022","5","40.026724","-75.182935","1251","6","0","0","0","0","0","0","0","0","","0","0","0","0","3","0","N","0","2","40 01:36.206","1","0","75 10:58.565","0","0","0","0","67301","0","0","0","N","0","0","0","1","67301","0","","6.0","200.0","1","N","N","Y","0","","0","0","1","0","0","N","50","3","0","1","0","0","0","0","2","0","3","0","0","0","3","03","","N","","","","","","","","","",""
"2022097439","0152","2","0","0","0","0","0","0","0","0","4","0","","67","7","2022","1","39.989111","-75.227222","0150","6","0","0","0","0","0","0","0","0","","0","0","0","1","3","0","N","0","0","39 59:20.800","","7","75 13:38.000","0","0","0","0","67301","0","0","0","N","0","0","0","2","67301","0","","1.0","","1","N","N","N","0","","0","0","0","0","0","","140","2","0","0","0","0","0","0","2","0","2","0","0","0","3","03","","N","","","","","","","","","",""
"2022097095","1620","0","0","0","0","0","0","0","0","0","1","0","","67","8","2022","6","39.952528","-75.189784","1616","6","0","0","0","0","0","0","1","0","","0","0","0","16","1","0","N","0","0","39 57:09.099","","0","75 11:23.222","0","0","0","0","67301","0","0","0","N","0","0","0","3","67504","0","","1.0","","1","N","N","N","0","","0","0","2","2","2","","1610","2","0","0","0","0","0","0","2","0","2","0","0","0","3","03","","N","","","","","","","","","",""
"2022096768","1556","2","0","0","0","0","0","0","0","0","4","0","","67","10","2022","6","39.983289","-75.119519","1556","6","0","0","0","0","0","0","0","0","","0","0","0","15","1","0","N","0","9","39 58:59.840","","0","75 07:10.270","0","0","0","0","67301","0","0","0","N","0","0","0","1","67301","0","","6.0","","1","N","N","N","0","","0","0","0","0","0","","1500","2","0","0","0","0","0","0","2","0","2","0","0","0","3","03","","N","","","","","","","","","",""
"2022084658","0832","2","0","0","0","0","0","0","0","0","4","0","","67","9","2022","4","39.956562","-75.15133","0826","6","0","0","0","0","0","0","0","0","","0","0","0","8","1","1","","1","1","39 57:23.624","1","0","75 09:04.788","3","0","0","0","67301","0","0","0","N","0","0","0","2","67301","0","","1.0","855.0","1","N","N","N","0","","1","0","0","3","2","N","815","2","1","0","0","0","0","0","2","0","2","0","0","0","3","03","","N","","","","","","","","","",""
"2022097017","0135","0","0","0","0","0","0","0","0","0","4","0","","67","7","2022","5","39.975908","-75.240234","0135","6","0","0","0","0","0","0","0","0","","0","0","0","1","3","0","","1","2","39 58:33.268","6","0","75 14:24.842","0","0","0","0","67301","0","0","0","N","0","0","0","2","67301","0","","1.0","345.0","1","N","N","N","0","","0","0","2","3","2","Y","134","2","0","0","0","0","0","0","2","0","2","0","0","0","3","03","","N","","","","","","","","","",""
"2022072254","2015","1","0","0","1","0","0","0","0","0","8","0","","67","8","2022","1","39.939665","-75.181491","2015","6","0","0","0","0","0","0","0","1","","0","0","0","19","4","1","","1","0","39 56:22.794","","0","75 10:53.366","3","0","0","0","67301","1","0","0","N","0","0","0","2","67301","0","","1.0","","1","N","N","N","0","","1","0","0","3","2","","1900","2","1","0","0","0","0","1","2","0","1","1","0","0","3","","","N","","","","","","","","","",""
"2022097397","2106","0","0","0","0","0","0","0","0","0","1","0","45","67","10","2022","2","39.899136","-75.175773","2055","6","0","0","0","0","0","1","0","0","","0","0","0","20","3","1","N","0","0","39 53:56.890","","0","75 10:32.782","3","0","0","0","67301","0","0","0","N","0","0","0","3","68K01","0","","1.0","","1","N","N","N","0","","1","0","2","0","0","","2050","2","1","0","0","0","0","0","2","0","2","0","0","0","3","03","Y","Y","3","2","N","N","Y","Y","N","N","N","N"
"2022073947","0902","0","0","0","1","0","0","0","0","0","8","0","","67","8","2022","6","40.052302","-75.171589","0853","6","0","0","0","0","0","0","0","0","","0","0","0","8","1","1","N","0","0","40 03:08.288","","0","75 10:17.719","3","0","0","0","67301","1","0","0","N","0","0","0","2","67301","0","","1.0","","1","N","N","N","0","","1","0","1","0","0","","851","2","1","1","0","0","0","1","2","0","1","1","0","0","3","03","","N","","","","","","","","","",""
"2022073206","0040","0","0","0","0","0","0","0","0","0","6","0","","67","8","2022","4","40.057296","-75.000981","0032","6","0","0","0","0","0","1","0","0","","0","0","0","0","3","0","N","0","0","40 03:26.265","","0","75 00:03.531","0","0","0","0","67301","0","0","0","N","0","0","0","1","67301","0","","6.0","","1","N","N","N","0","","0","0","2","0","0","","20","2","0","0","0","0","0","0","2","0","2","0","0","0","3","03","","N","","","","","","","","","",""
"2022072322","0846","1","0","0","0","0","0","0","0","0","4","0","","67","8","2022","2","40.036787","-75.069235","0846","6","0","0","0","0","0","0","0","0","","0","0","0","8","1","2","","1","0","40 02:12.433","","0","75 04:09.245","3","0","0","0","67301","0","0","0","N","0","0","0","3","67301","0","","1.0","","1","N","N","N","0","","2","0","0","3","3","","845","2","2","0","0","0","0","1","2","1","2","0","0","0","3","04","","N","","","","","","","","","",""
"2022078429","1945","2","0","0","0","0","0","0","0","0","4","0","","67","8","2022","7","39.965046","-75.227659","1934","6","0","0","0","0","0","0","0","0","","0","0","0","19","4","1","","1","0","39 57:54.165","","0","75 13:39.572","3","0","0","0","67301","0","0","0","N","0","0","0","2","67301","0","","1.0","","1","N","N","N","0","","1","0","0","3","2","","1930","2","1","0","0","0","0","0","2","0","2","0","0","0","3","","","N","","","","","","","","","",""
"2022081864","2030","1","0","0","0","0","0","0","0","0","8","0","","67","9","2022","7","40.023167","-75.124407","2030","6","0","0","0","0","0","1","0","0","","1","0","0","17","1","0","","1","0","40 01:23.401","","0","75 07:27.865","1","0","0","0","67301","1","1","0","N","1","1","0","2","67301","0","2","1.0","","1","N","N","N","0","0","0","0","0","0","0","","1758","2","0","1","0","0","0","0","2","0","1","1","1","0","3","","","N","","","","","","","","","",""
"2022090453","0942","1","0","0","0","0","0","1","0","0","5","1","","67","9","2022","5","40.028225","-75.225339","0927","6","0","0","0","0","0","0","1","0","","0","0","0","9","1","1","N","0","2","40 01:41.610","7","0","75 13:31.220","3","0","0","0","67301","0","0","0","N","0","0","0","10","67301","0","","6.0","1105.0","1","Y","N","N","0","","1","0","1","0","0","Y","918","3","1","0","0","0","0","0","2","0","3","0","0","0","3","03","","N","","","","","","","","","",""
"2022097442","0056","2","0","0","0","0","0","0","0","0","4","0","","67","7","2022","6","39.984849","-75.237235","0055","6","0","0","0","0","0","0","0","0","","0","0","0","0","3","2","","5","0","39 59:05.457","","0","75 14:14.047","8","0","0","0","67301","0","0","0","N","0","0","0","2","67301","0","","1.0","","1","N","N","N","1","","0","0","0","3","2","","50","3","2","0","0","0","2","0","2","0","3","0","0","0","3","03","","N","","","","","","","","","",""
"2022081492","0524","1","0","0","0","0","0","0","0","0","5","0","45","67","8","2022","3","40.008997","-75.067891","0509","6","0","0","1","0","0","0","0","0","","0","0","0","5","3","2","N","0","1","40 00:32.388","1","3","75 04:04.407","3","0","0","0","67301","0","0","0","Y","0","0","0","2","68K01","0","","1.0","610.0","1","N","N","N","0","","1","0","1","0","0","N","508","2","2","1","0","0","1","0","2","0","2","0","0","0","3","","N","Y","2","1","","","N","","","","Y","N"
"2022080826","1513","1","0","0","0","0","0","0","0","0","6","0","","67","9","2022","6","40.064667","-75.001008","1503","6","0","0","0","0","0","0","0","1","","0","0","0","15","1","2","N","0","1","40 03:52.800","6","0","75 00:03.630","3","0","0","0","67301","0","0","0","N","0","0","0","2","67301","0","","1.0","1540.0","1","N","N","N","0","","2","0","1","0","0","N","1500","2","2","2","0","0","0","0","2","0","2","0","0","0","3","03","","N","","","","","","","","","",""
"2022077172","1515","1","0","0","0","0","0","0","0","0","1","0","","67","8","2022","1","39.958535","-75.168091","1501","6","0","0","0","0","0","0","0","0","","0","0","0","14","1","0","N","0","0","39 57:30.727","","0","75 10:05.126","0","0","0","0","67301","0","0","0","N","0","0","0","3","68K01","0","","1.0","","1","N","N","N","0","","0","0","1","0","0","","1459","2","0","0","0","0","0","0","2","0","2","0","0","0","3","03","","N","","","","","","","","","",""
"2022077756","1900","2","0","0","0","0","0","0","0","0","4","0","","67","8","2022","4","40.031922","-75.162919","1900","6","0","0","0","0","0","1","0","0","","0","0","0","18","1","0","","1","0","40 01:54.919","","0","75 09:46.508","0","0","0","0","67301","0","0","0","N","0","0","0","2","67301","0","","1.0","","1","N","N","N","0","","0","0","0","3","3","","1830","2","0","0","0","0","0","0","2","0","2","0","0","0","3","","","N","","","","","","","","","",""
"2022080560","2101","0","0","0","0","0","0","0","0","0","7","0","","67","9","2022","5","39.916292","-75.167574","2054","6","0","0","0","0","0","1","0","0","","0","0","0","20","3","1","","1","1","39 54:58.650","3","0","75 10:03.268","3","0","0","0","67301","0","0","0","N","0","0","0","1","67301","0","","4.0","2300.0","1","N","N","N","0","","1","0","0","3","2","N","2023","1","1","0","0","0","0","0","2","1","1","0","0","0","3","03","","N","","","","","","","","","",""
"2022081217","1125","1","0","0","0","0","0","0","0","0","5","0","","67","9","2022","6","39.953411","-75.153092","1121","6","0","0","0","0","0","0","0","0","","0","0","0","11","1","2","N","0","0","39 57:12.280","","0","75 09:11.130","3","0","0","0","67301","0","0","0","N","0","0","0","3","67301","0","","1.0","","1","N","N","N","0","","2","0","1","0","0","","1115","2","2","0","0","0","0","0","2","0","2","0","0","0","3","","","N","","","","","","","","","",""
"2022075980","0311","1","0","0","0","0","0","0","0","0","5","0","","67","8","2022","5","39.960097","-75.179659","0256","6","0","0","0","0","0","0","0","0","","0","0","0","2","2","2","N","0","1","39 57:36.350","4","3","75 10:46.771","8","0","0","0","67301","0","0","0","N","0","0","0","2","68K01","0","","1.0","45.0","1","N","N","N","0","","0","0","1","0","0","Y","254","2","2","0","0","0","2","0","2","0","2","0","0","0","3","","","N","","","","","","","","","",""
"2022082123","1753","0","0","0","0","0","0","0","0","0","8","0","","67","9","2022","6","39.986132","-75.104242","1753","6","0","0","0","0","0","0","0","0","","0","0","0","17","1","1","N","0","0","39 59:10.075","","0","75 06:15.272","3","0","0","0","67301","1","0","0","N","1","0","0","2","67301","0","","1.0","","1","N","N","N","1","","1","0","0","0","0","","1753","2","1","1","0","0","0","0","2","0","1","1","0","0","3","03","","N","","","","","","","","","",""
"2022097356","1922","0","0","0","0","0","0","0","0","0","7","0","","67","9","2022","1","39.890034","-75.219875","1922","6","0","0","0","0","0","0","0","0","","0","0","0","19","3","0","N","0","2","39 53:24.124","2","0","75 13:11.550","0","0","0","0","67301","0","0","0","Y","0","0","0","1","68K01","0","","4.0","2030.0","9","N","N","N","0","","0","0","1","0","0","Y","1922","1","0","0","0","0","0","0","2","0","1","0","0","0","3","","","N","","","","","","","","","",""
"2022075970","0739","2","0","0","0","0","0","0","0","0","1","0","","67","8","2022","2","40.020439","-75.04293","0733","6","0","0","0","0","0","0","1","0","","0","0","0","7","1","1","N","0","1","40 01:13.582","1","0","75 02:34.547","8","0","0","0","67301","0","0","0","N","0","0","0","4","68K01","0","","1.0","745.0","1","N","N","N","0","","0","0","1","0","0","N","733","4","1","0","0","0","1","0","2","1","4","0","0","0","3","03","","N","","","","","","","","","",""
"2022082141","2055","1","0","0","0","0","0","0","0","0","4","0","","67","9","2022","5","40.000959","-75.100054","2050","6","0","1","0","0","0","0","0","0","","0","0","0","20","3","3","","1","1","40 00:03.453","3","0","75 06:00.194","3","0","0","0","67301","0","0","0","N","0","0","0","5","67301","0","","1.0","1000.0","1","N","N","N","0","","3","0","1","3","2","N","2047","3","3","0","0","0","0","0","2","1","3","0","0","0","3","03","","N","","","","","","","","","",""
"2022091926","1201","2","0","0","0","0","0","0","0","0","4","0","","67","10","2022","7","40.022428","-75.138008","1200","6","0","0","0","0","0","0","0","0","","0","0","0","17","1","0","N","0","0","40 01:20.740","","0","75 08:16.830","0","0","0","0","67301","0","0","0","N","0","0","0","3","67301","0","","1.0","","99","N","N","N","0","","0","0","0","0","0","","1700","2","0","0","0","0","0","0","2","0","2","0","0","0","99","04","","N","","","","","","","","","",""
"2022096267","0019","1","0","0","0","0","0","0","0","0","1","0","","67","10","2022","4","39.94857","-75.185972","0011","6","0","0","0","0","0","0","1","0","","0","0","0","0","3","2","N","0","0","39 56:54.851","","0","75 11:09.499","3","0","0","0","67301","0","0","0","N","0","0","0","3","68K01","0","","1.0","","1","N","N","N","0","","2","0","0","0","0","","10","2","2","0","0","0","0","1","2","0","2","0","0","0","3","03","","N","","","","","","","","","",""
"2022083551","0740","2","0","0","0","0","0","0","0","0","4","0","","67","9","2022","7","39.918225","-75.208762","0737","6","0","0","0","0","0","0","0","0","","0","0","0","7","1","1","","1","1","39 55:05.610","2","0","75 12:31.544","3","0","0","0","67301","0","0","0","N","0","0","0","5","67301","0","","1.0","750.0","1","N","N","N","0","","1","0","0","3","2","N","733","2","1","0","0","0","0","0","2","0","2","0","0","0","3","","","N","","","","","","","","","",""
"2022090927","0030","2","0","0","0","0","0","0","0","0","3","0","","67","9","2022","5","40.042718","-75.104609","0025","6","0","0","0","0","0","0","0","0","","0","0","0","22","3","1","N","0","0","40 02:33.785","","0","75 06:16.591","3","0","0","0","67301","0","0","0","N","0","0","0","2","67301","0","","1.0","","9","N","N","N","0","","1","0","0","0","0","","2230","2","1","1","0","0","0","1","2","0","2","0","0","0","7","07","","N","","","","","","","","","",""
"2022097737","1321","0","0","0","0","0","0","0","0","0","1","0","","67","10","2022","2","39.957422","-75.158471","1314","6","0","0","0","0","1","0","0","0","","0","0","0","13","1","0","N","0","2","39 57:26.720","4","0","75 09:30.495","0","0","0","0","67301","0","0","0","N","0","0","0","3","68K01","0","","1.0","1335.0","1","N","N","N","0","","0","0","2","0","0","N","1301","2","0","0","0","0","0","0","2","0","2","0","0","0","3","","","N","","","","","","","","","",""
"2022084411","0059","1","0","0","0","0","0","0","0","0","2","0","","67","9","2022","1","39.956723","-75.198135","0058","6","0","0","0","0","0","0","0","0","","0","0","0","0","3","1","","1","1","39 57:24.202","2","0","75 11:53.285","3","0","0","0","67301","0","0","0","N","0","0","0","3","67504","0","","1.0","110.0","9","N","N","N","0","","1","0","1","3","2","Y","57","2","1","0","0","0","0","0","2","0","2","0","0","0","7","03","","N","","","","","","","","","",""
"2022091726","0656","1","0","0","0","0","0","0","0","0","1","0","","67","8","2022","5","39.930911","-75.198936","0649","6","0","0","0","0","0","0","0","0","","0","0","0","6","1","3","N","0","1","39 55:51.278","4","0","75 11:56.170","3","0","0","0","67301","0","0","0","N","0","0","0","7","68K01","0","","1.0","808.0","9","N","N","N","0","","3","0","4","0","0","N","648","6","3","0","0","0","0","0","2","1","6","0","0","0","7","","","N","","","","","","","","","",""
"2022083028","2053","1","0","0","0","0","0","0","0","0","7","0","","67","8","2022","2","39.943589","-75.142716","2049","6","0","1","0","0","0","0","0","0","","0","0","0","20","3","0","N","0","1","39 56:36.919","1","0","75 08:33.779","9","0","0","0","67301","0","0","0","N","0","0","0","1","68K01","0","","4.0","2113.0","1","N","N","N","0","","0","0","0","0","0","N","2047","1","0","0","0","0","0","1","2","0","1","0","0","0","3","","","N","","","","","","","","","",""
"2022087228","0055","0","0","0","0","0","0","0","0","0","7","0","","67","9","2022","5","39.964101","-75.184298","0055","6","0","0","0","0","0","0","0","0","","0","0","0","0","3","1","","2","0","39 57:50.764","","8","75 11:03.472","3","0","0","0","67301","0","0","0","N","0","0","0","2","67301","0","","4.0","","1","N","N","N","0","","1","0","1","3","2","","55","1","1","0","0","0","0","0","2","0","1","0","0","0","3","03","","N","","","","","","","","","",""
"2022091654","0625","0","0","0","0","0","0","0","0","0","7","0","","67","10","2022","2","39.977068","-75.199304","0614","6","0","0","0","0","0","0","0","0","","0","0","0","5","3","0","N","0","0","39 58:37.444","","0","75 11:57.494","0","0","0","0","67301","0","0","0","N","0","0","0","1","68K01","0","","2.0","","9","N","N","N","0","","0","0","1","0","0","","519","1","0","0","0","0","0","0","2","0","1","0","0","0","7","","","N","","","","","","","","","",""
"2022083637","2138","1","0","0","0","0","0","0","0","0","8","0","","67","9","2022","6","39.991114","-75.133059","2136","6","0","0","0","0","0","0","0","0","","0","0","0","21","3","2","N","0","0","39 59:28.011","","0","75 07:59.013","3","0","0","0","67301","1","0","0","N","1","0","0","2","67301","0","","1.0","","1","N","N","N","0","","2","0","0","0","0","","2125","2","2","0","0","0","0","0","2","0","1","1","0","0","3","","","N","","","","","","","","","",""
"2022090617","0412","2","0","0","0","0","0","1","0","0","4","1","","67","10","2022","7","40.015296","-75.155233","0410","6","0","0","0","0","1","0","0","0","","0","0","0","4","3","3","","2","0","40 00:55.067","","0","75 09:18.839","3","0","0","0","67301","0","0","0","N","0","0","0","4","67301","0","","1.0","","9","N","N","N","0","","3","0","0","3","2","","405","3","3","3","0","0","0","0","2","0","3","0","0","0","7","07","","N","","","","","","","","","",""
"2022078050","1840","1","0","0","0","0","0","0","0","0","1","0","","67","8","2022","5","39.98647","-75.156103","1839","6","0","0","0","0","0","0","0","0","","0","0","0","18","1","0","N","0","0","39 59:11.293","","0","75 09:21.972","0","0","0","0","67301","0","0","0","N","0","0","0","6","67301","0","","1.0","","1","N","N","N","0","","0","0","1","0","0","","1838","2","0","0","0","0","0","0","2","0","2","0","0","0","3","03","","N","","","","","","","","","",""
"2022081089","0955","1","0","0","0","0","0","0","0","0","5","0","","67","9","2022","1","39.922672","-75.161456","0951","6","0","0","0","0","0","0","0","0","","0","0","0","9","1","0","N","0","0","39 55:21.620","","0","75 09:41.240","9","0","0","0","67301","0","0","0","N","0","0","0","1","67301","0","","6.0","","1","N","N","Y","2","","0","0","0","0","0","","940","4","0","0","0","0","0","1","2","1","4","0","0","0","3","03","","N","","","","","","","","","",""
"2022072851","0857","2","0","0","0","0","0","0","0","0","1","0","","67","8","2022","3","40.06035","-75.009419","0844","6","0","0","0","0","0","0","1","0","","0","0","0","8","1","1","N","0","0","40 03:37.260","","0","75 00:33.910","8","0","0","0","67301","0","0","0","N","0","0","0","2","67301","0","","6.0","","1","N","N","N","0","","0","0","0","0","0","","840","2","1","0","0","0","1","0","2","0","2","0","0","0","3","03","","N","","","","","","","","","",""
"2022080943","2033","0","0","0","0","0","0","0","0","0","5","0","","67","9","2022","6","39.969265","-75.159855","2033","6","0","0","0","0","0","1","0","0","","0","0","0","20","3","1","N","0","0","39 58:09.355","","0","75 09:35.479","4","0","0","0","67301","0","0","0","N","0","0","0","2","67301","1","","1.0","","1","N","N","N","0","","0","0","2","0","0","","2032","2","1","1","0","0","0","0","2","0","2","0","0","0","3","03","","N","","","","","","","","","",""
"2022080262","1726","1","0","0","1","0","0","0","0","0","8","0","","67","8","2022","4","39.953618","-75.218152","1722","6","0","0","0","0","0","0","0","0","","0","0","0","15","1","1","","1","0","39 57:13.024","","0","75 13:05.347","8","0","0","0","67301","1","0","0","N","0","0","0","2","67301","0","","1.0","","1","N","N","N","0","","0","0","0","3","2","","1515","2","1","0","0","0","1","0","2","0","1","1","0","0","3","","","N","","","","","","","","","",""
"2022073963","1706","0","0","0","1","0","0","0","0","0","8","0","","67","8","2022","3","40.016942","-75.137228","1706","6","0","0","0","0","0","0","1","0","","0","0","0","17","1","1","N","0","0","40 01:00.990","","0","75 08:14.020","8","0","0","0","67301","1","0","0","N","0","0","0","2","67301","0","","1.0","","1","N","N","N","0","","0","0","1","0","0","","1702","2","1","0","0","0","1","0","2","0","1","1","0","0","3","","","N","","","","","","","","","",""
"2022084450","0022","1","0","0","0","0","0","0","0","0","7","0","","67","8","2022","2","39.98326","-75.208017","0019","6","0","0","0","0","0","0","0","0","","0","0","0","0","3","0","N","0","1","39 58:59.736","4","0","75 12:28.860","9","0","0","0","67301","0","0","0","N","0","0","0","1","68K01","0","","3.0","106.0","9","N","N","N","0","","0","0","0","0","0","N","18","1","0","0","0","0","0","1","2","0","1","0","0","0","7","07","","N","","","","","","","","","",""
"2022073906","0030","2","0","0","0","0","0","0","0","0","4","0","","67","8","2022","5","39.96999","-75.143093","0020","6","0","0","0","0","0","0","0","0","","0","0","0","0","3","0","","1","0","39 58:11.965","","0","75 08:35.133","0","0","0","0","67301","0","0","0","N","0","0","0","2","67301","0","","1.0","","1","N","N","N","0","","0","0","0","3","2","","0","2","0","0","0","0","0","0","2","0","2","0","0","0","3","03","","N","","","","","","","","","",""
"2022083599","0127","1","0","0","0","0","0","0","0","0","7","0","","67","9","2022","1","40.098581","-75.047265","0125","6","0","0","0","0","0","0","0","0","","0","0","0","1","3","0","N","0","0","40 05:54.892","","7","75 02:50.155","0","0","0","0","67301","0","0","0","N","0","0","0","1","67301","0","","5.0","","1","N","N","N","0","","0","0","0","0","0","","120","1","0","0","0","0","0","0","2","0","1","0","0","0","3","03","","N","","","","","","","","","",""
"2022081198","0913","0","0","0","0","0","0","0","0","0","8","0","","67","9","2022","7","40.056581","-75.028216","0908","6","0","0","0","0","0","1","0","0","","0","0","0","9","1","1","","1","0","40 03:23.692","","0","75 01:41.577","3","0","0","0","67301","1","0","0","N","1","0","0","2","67301","0","","1.0","","1","N","N","N","0","","1","0","1","3","2","","906","2","1","0","0","0","0","0","2","0","1","1","0","0","3","03","","N","","","","","","","","","",""
"2022091594","1044","3","0","0","0","0","0","0","0","0","1","0","","67","9","2022","7","39.979344","-75.204061","1033","6","0","0","0","0","0","1","0","0","","0","0","0","10","1","0","N","0","1","39 58:45.640","3","0","75 12:14.618","0","0","0","0","67301","0","0","0","N","0","0","0","7","68K01","0","","1.0","1105.0","1","N","N","N","1","","0","0","1","0","0","N","1032","5","0","0","0","0","0","0","2","0","5","0","0","0","3","03","","N","","","","","","","","","",""
"2022080555","0842","1","0","0","0","0","0","0","0","0","4","0","","67","9","2022","6","40.00468","-75.152126","0840","6","0","0","0","0","0","1","0","0","","0","0","0","8","1","1","","1","1","40 00:16.847","4","0","75 09:07.652","4","0","0","0","67301","0","0","0","N","0","0","0","3","67505","1","","1.0","900.0","1","N","N","N","0","","0","0","1","3","2","N","840","2","1","0","0","0","0","1","2","0","2","0","0","0","3","03","","N","","","","","","","","","",""
"2022073702","0730","1","0","0","0","0","0","0","0","0","4","0","","67","8","2022","5","39.975398","-75.189951","0721","6","0","0","0","0","0","0","0","0","","0","0","0","6","1","1","","3","1","39 58:31.433","4","0","75 11:23.825","3","0","0","0","67301","0","0","0","N","0","0","0","3","67301","0","","1.0","921.0","9","N","N","N","0","","1","0","0","3","2","Y","618","2","1","0","0","0","0","2","2","1","2","0","0","0","3","03","","N","","","","","","","","","",""
"2022083627","1528","0","0","0","0","0","0","0","0","0","4","0","","67","9","2022","7","39.978916","-75.232258","1518","6","0","0","0","0","0","0","0","0","","0","0","0","14","1","1","","1","0","39 58:44.097","","0","75 13:56.128","3","0","0","0","67301","0","0","0","N","0","0","0","2","67301","0","","1.0","","1","N","N","N","0","","1","0","1","3","3","","1457","2","1","0","0","0","0","0","2","1","2","0","0","0","3","03","","N","","","","","","","","","",""
"2022091629","1606","0","0","0","0","0","0","0","0","0","1","0","","67","9","2022","4","39.966241","-75.135559","1605","6","0","0","0","0","0","1","0","0","","0","0","0","15","1","0","N","0","0","39 57:58.467","","0","75 08:08.014","0","0","0","0","67301","0","0","0","N","0","0","0","2","68K01","0","","1.0","","1","N","N","N","0","","0","0","2","0","0","","1556","2","0","0","0","0","0","0","2","0","2","0","0","0","3","","","N","","","","","","","","","",""
"2022075814","1445","1","0","0","0","0","0","0","0","0","4","0","","67","8","2022","5","40.02262","-75.157387","1445","6","0","0","0","0","0","0","0","0","","0","0","0","18","1","1","","2","0","40 01:21.432","","0","75 09:26.593","3","0","0","1","67301","0","0","0","N","0","0","0","2","67301","0","","1.0","","1","N","N","N","0","","1","0","0","3","3","","1830","2","1","0","0","0","0","0","2","0","2","0","0","0","3","03","","N","","","","","","","","","",""