"CRN","ARRIVAL_TM","AUTOMOBILE_COUNT","BELTED_DEATH_COUNT","BELTED_SUSP_SERIOUS_INJ_COUNT","BICYCLE_COUNT","BICYCLE_DEATH_COUNT","BICYCLE_SUSP_SERIOUS_INJ_COUNT","BUS_COUNT","CHLDPAS_DEATH_COUNT","CHLDPAS_SUSP_SERIOUS_INJ_COUNT","COLLISION_TYPE","COMM_VEH_COUNT","CONS_ZONE_SPD_LIM","COUNTY","CRASH_MONTH","CRASH_YEAR","DAY_OF_WEEK","DEC_LATITUDE","DEC_LONGITUDE","DISPATCH_TM","DISTRICT","DRIVER_COUNT_16YR","DRIVER_COUNT_17YR","DRIVER_COUNT_18YR","DRIVER_COUNT_19YR","DRIVER_COUNT_20YR","DRIVER_COUNT_50_64YR","DRIVER_COUNT_65_74YR","DRIVER_COUNT_75PLUS","EST_HRS_CLOSED","FATAL_COUNT","HEAVY_TRUCK_COUNT","HORSE_BUGGY_COUNT","HOUR_OF_DAY","ILLUMINATION","INJURY_COUNT","INTERSECTION_RELATED","INTERSECT_TYPE","LANE_CLOSED","LATITUDE","LN_CLOSE_DIR","LOCATION_TYPE","LONGITUDE","MAX_SEVERITY_LEVEL","MCYCLE_DEATH_COUNT","MCYCLE_SUSP_SERIOUS_INJ_COUNT","MOTORCYCLE_COUNT","MUNICIPALITY","NONMOTR_COUNT","NONMOTR_DEATH_COUNT","NONMOTR_SUSP_SERIOUS_INJ_COUNT","NTFY_HIWY_MAINT","PED_COUNT","PED_DEATH_COUNT","PED_SUSP_SERIOUS_INJ_COUNT","PERSON_COUNT","POLICE_AGCY","POSSIBLE_INJ_COUNT","RDWY_SURF_TYPE_CD","RELATION_TO_ROAD","ROADWAY_CLEARED","ROAD_CONDITION","SCH_BUS_IND","SCH_ZONE_IND","SECONDARY_CRASH","SMALL_TRUCK_COUNT","SPEC_JURIS_CD","SUSP_MINOR_INJ_COUNT","SUSP_SERIOUS_INJ_COUNT","SUV_COUNT","TCD_FUNC_CD","TCD_TYPE","TFC_DETOUR_IND","TIME_OF_DAY","TOTAL_UNITS","TOT_INJ_COUNT","UNBELTED_OCC_COUNT","UNB_DEATH_COUNT","UNB_SUSP_SERIOUS_INJ_COUNT","UNK_INJ_DEG_COUNT","UNK_INJ_PER_COUNT","URBAN_RURAL","VAN_COUNT","VEHICLE_COUNT","VULNERABLE_ROAD_USER_COUNT","VULNERABLE_ROAD_USER_DEATH_COUNT","VULNERABLE_ROAD_USER_SER_INJ_COUNT","WEATHER1","WEATHER2","WORKERS_PRES","WORK_ZONE_IND","WORK_ZONE_LOC","WORK_ZONE_TYPE","WZ_CLOSE_DETOUR","WZ_FLAGGER","WZ_LAW_OFFCR_IND","WZ_LN_CLOSURE","WZ_MOVING","WZ_OTHER","WZ_SHLDER_MDN","WZ_WORKERS_INJ_KILLED"
"2022087884","1852","1","0","0","0","0","0","0","0","0","1","0","","67","9","2022","6","40.024174","-75.031667","1837","6","0","0","0","0","0","0","1","0","","0","0","0","18","1","0","N","0","0","40 01:27.025","","0","75 01:54.002","0","0","0","0","67301","0","0","0","N","0","0","0","7","68K01","0","","1.0","","1","N","N","N","0","","0","0","2","0","0","","1835","3","0","0","0","0","0","0","2","0","3","0","0","0","3","03","","N","","","","","","","","","",""
"2022090313","1019","0","0","0","1","0","0","0","0","0","8","1","","67","9","2022","4","39.957185","-75.201948","1010","6","0","0","0","0","0","1","0","0","","0","1","0","10","1","1","","1","0","39 57:25.865","","0","75 12:07.011","8","0","0","0","67301","1","0","0","N","0","0","0","2","67301","0","","1.0","","1","N","N","N","0","","0","0","0","3","2","","1000","2","1","0","0","0","1","0","2","0","1","1","0","0","3","","","N","","","","","","","","","",""
"2022092000","0456","0","0","0","0","0","0","0","0","0","7","0","","67","10","2022","3","40.118242","-75.006886","0452","6","0","0","0","0","0","1","0","0","","0","0","0","4","3","1","N","0","0","40 07:05.670","","0","75 00:24.790","3","0","0","0","67301","0","0","0","N","0","0","0","1","67301","0","","5.0","","9","N","N","N","1","","1","0","0","0","0","","445","1","1","0","0","0","0","0","2","0","1","0","0","0","7","07","","N","","","","","","","","","",""
"2022097346","0627","0","0","0","0","0","0","0","0","0","7","0","","67","8","2022","7","39.971725","-75.193331","0621","6","0","0","0","0","0","0","0","0","","0","0","0","6","1","0","","7","0","39 58:18.209","","2","75 11:35.991","0","0","0","0","67301","0","0","0","Y","0","0","0","2","68K01","0","","7.0","","1","N","N","N","0","","0","0","1","0","0","","615","1","0","0","0","0","0","0","2","0","1","0","0","0","3","03","","N","","","","","","","","","",""
"2022096765","1601","0","0","0","0","0","0","0","0","0","8","0","","67","10","2022","5","39.997622","-75.088813","1604","6","0","0","0","0","0","0","0","0","","0","0","0","20","3","1","N","0","0","39 59:51.438","","7","75 05:19.725","3","0","0","0","67301","1","0","0","N","1","0","0","1","67301","0","","1.0","","1","N","N","N","0","","1","0","0","0","0","","2027","2","1","0","0","0","0","0","2","0","1","1","0","0","3","03","","N","","","","","","","","","",""
"2022074209","1902","3","0","0","0","0","0","0","0","0","5","0","","67","8","2022","2","39.955872","-75.216679","1901","6","0","0","0","0","0","0","0","0","","0","0","0","18","1","1","N","0","1","39 57:21.138","4","0","75 13:00.045","8","0","0","0","67301","0","0","0","N","0","0","0","4","67301","0","","1.0","2000.0","1","N","N","Y","0","","0","0","2","0","0","N","1853","5","1","0","0","0","1","3","2","0","5","0","0","0","3","","","N","","","","","","","","","",""
"2022073806","1845","1","0","0","0","0","0","0","0","0","1","0","","67","8","2022","1","39.973389","-75.204417","1844","6","0","0","0","0","0","0","0","0","","0","0","0","18","1","1","N","0","0","39 58:24.200","","0","75 12:15.900","3","0","0","0","67301","0","0","0","N","0","0","0","2","67301","0","","6.0","","1","N","N","N","0","","1","0","1","0","0","","1840","2","1","0","0","0","0","1","2","0","2","0","0","0","3","","","N","","","","","","","","","",""
"2022080985","0726","0","0","0","0","0","0","0","0","0","4","0","","67","9","2022","1","40.007656","-75.151478","0725","6","0","0","0","0","0","0","0","0","","0","0","0","7","1","1","N","1","2","40 00:27.560","5","0","75 09:05.322","8","0","0","0","67301","0","0","0","N","0","0","0","3","67505","0","","1.0","843.0","1","N","N","N","1","","0","0","2","3","2","Y","724","3","1","0","0","0","1","2","2","0","3","0","0","0","3","03","","N","","","","","","","","","",""
"2022075869","1807","2","0","0","0","0","0","0","0","0","5","0","","67","8","2022","7","39.996625","-75.113239","1803","6","0","0","0","0","0","0","0","0","","0","0","0","18","1","1","N","0","0","39 59:47.850","","1","75 06:47.660","3","0","0","0","67301","0","0","0","N","0","0","0","1","67301","0","","6.0","","1","N","N","N","0","","1","0","0","0","0","","1800","2","1","0","0","0","0","0","2","0","2","0","0","0","3","03","","N","","","","","","","","","",""
"2022082618","1004","1","0","0","0","0","0","0","0","0","7","0","","67","9","2022","3","40.039434","-75.0071","0956","6","0","0","0","0","0","1","0","0","","0","0","0","9","1","0","N","0","0","40 02:21.961","","0","75 00:25.559","0","0","0","0","67301","0","0","0","N","0","0","0","1","68K01","0","","4.0","","9","N","N","N","0","","0","0","0","0","0","","955","1","0","0","0","0","0","0","2","0","1","0","0","0","7","04","","N","","","","","","","","","",""
"2022072227","0955","0","0","0","0","0","0","0","0","0","2","0","","67","8","2022","3","39.934318","-75.227736","0952","6","0","0","0","0","0","0","0","0","","0","0","0","9","1","1","N","0","0","39 56:03.544","","0","75 13:39.849","8","0","0","0","67301","0","0","0","N","0","0","0","2","67301","0","","1.0","","1","N","N","N","0","","0","0","1","0","0","","945","2","1","0","0","0","1","0","2","1","2","0","0","0","3","03","","N","","","","","","","","","",""
"2022075743","0035","0","0","0","0","0","0","0","0","0","5","0","","67","8","2022","6","39.904603","-75.167403","0024","6","0","0","0","0","0","0","0","0","","0","0","0","23","3","1","N","0","0","39 54:16.570","","0","75 10:02.650","3","0","0","1","67301","0","0","0","N","0","0","0","2","67301","0","","1.0","","1","N","N","N","0","","1","0","0","0","0","","2326","2","1","0","0","0","0","0","2","1","2","0","0","0","3","03","","N","","","","","","","","","",""
"2022072384","2250","3","0","0","0","0","0","0","0","0","5","0","","67","8","2022","7","39.989281","-75.160539","2236","6","0","0","0","0","0","0","0","0","","0","0","0","22","3","0","N","0","2","39 59:21.410","2","0","75 09:37.940","9","0","0","0","67301","0","0","0","N","0","0","0","1","67301","0","","6.0","1200.0","1","N","N","N","0","","0","0","2","0","0","Y","2236","5","0","0","0","0","0","1","2","0","5","0","0","0","3","03","","N","","","","","","","","","",""
"2022082018","1557","2","0","0","0","0","0","0","0","0","1","0","","67","9","2022","3","40.108744","-75.001481","1552","6","0","0","0","0","0","0","0","0","","0","0","0","15","1","1","N","0","0","40 06:31.480","","0","75 00:05.330","8","0","0","0","67301","0","0","0","N","0","0","0","2","67301","0","","1.0","","1","N","N","N","0","","0","0","0","0","0","","1515","2","1","0","0","0","1","0","2","0","2","0","0","0","4","","","N","","","","","","","","","",""
"2022072211","1336","0","0","0","0","0","0","0","0","0","4","0","","67","8","2022","3","40.081818","-75.030469","1331","6","0","0","0","0","0","0","0","1","","0","0","0","13","1","1","","1","0","40 04:54.545","","0","75 01:49.687","3","0","0","1","67301","0","0","0","N","0","0","0","2","67301","0","","1.0","","1","N","N","N","0","","1","0","1","3","2","","1330","2","1","0","0","0","0","0","2","0","2","0","0","0","3","03","","N","","","","","","","","","",""
"2022075645","2218","0","0","0","0","0","0","0","0","0","1","0","45","67","8","2022","4","39.898937","-75.168334","2218","6","0","0","0","0","0","0","0","0","","0","0","0","22","3","1","N","0","0","39 53:56.173","","3","75 10:06.001","8","0","0","1","67301","0","0","0","N","0","0","0","2","68K01","0","","1.0","","1","N","N","N","0","","0","0","0","0","0","","2218","2","1","0","0","0","1","0","2","1","2","0","0","0","3","03","Y","Y","4","2","N","N","Y","Y","N","N","N","N"
"2022080859","0959","1","0","0","0","0","0","0","0","0","4","0","","67","9","2022","7","39.907243","-75.228027","0958","6","0","0","0","0","0","0","0","0","","0","0","0","9","1","1","","2","0","39 54:26.074","","0","75 13:40.897","4","0","0","0","67301","0","0","0","N","0","0","0","2","67301","1","","1.0","","1","N","N","N","0","","0","0","1","3","3","","955","2","1","0","0","0","0","0","2","0","2","0","0","0","3","03","","N","","","","","","","","","",""
"2022081516","0808","0","0","0","0","0","0","0","0","0","4","0","","67","9","2022","7","39.991086","-75.156907","0807","6","0","0","0","0","0","0","0","0","","0","0","0","8","1","2","","1","0","39 59:27.909","","0","75 09:24.865","3","0","0","0","67301","0","0","0","N","0","0","0","4","67301","1","","1.0","","1","N","N","N","0","","1","0","2","3","2","","805","2","2","0","0","0","0","0","2","0","2","0","0","0","3","03","","N","","","","","","","","","",""
"2022090380","1045","1","0","0","1","0","0","0","0","0","8","0","","67","9","2022","4","39.956361","-75.195838","1044","6","0","0","0","0","0","0","0","0","","0","0","0","10","1","1","N","0","1","39 57:22.899","3","0","75 11:45.015","8","0","0","0","67301","1","0","0","N","0","0","0","2","67504","0","","1.0","1104.0","1","N","N","N","0","","0","0","0","0","0","N","1042","2","1","0","0","0","1","0","2","0","1","1","0","0","3","","","N","","","","","","","","","",""
"2022079173","0156","2","0","0","0","0","0","0","0","0","1","0","","67","8","2022","7","39.987339","-75.155914","0155","6","0","0","0","0","0","0","0","0","","0","0","0","1","3","0","Y","0","0","39 59:14.422","","0","75 09:21.289","9","0","0","0","67301","0","0","0","N","0","0","0","2","67301","0","","1.0","","1","N","N","N","0","","0","0","0","3","2","","155","2","0","0","0","0","0","2","2","0","2","0","0","0","3","03","","N","","","","","","","","","",""
"2022097372","0854","2","0","0","0","0","0","0","0","0","1","0","","67","9","2022","4","39.961221","-75.182403","0854","6","0","0","0","0","0","0","0","0","","0","0","0","8","1","0","","7","0","39 57:40.397","","2","75 10:56.651","0","0","0","0","67301","0","0","0","N","0","0","0","2","68K01","0","","1.0","","1","N","N","N","0","","0","0","0","0","0","","854","2","0","0","0","0","0","0","2","0","2","0","0","0","3","03","","N","","","","","","","","","",""
"2022075780","1819","1","0","0","0","0","0","0","0","0","8","0","","67","8","2022","2","39.974722","-75.173667","1811","6","0","0","0","0","0","0","0","0","","0","0","0","18","1","1","N","0","0","39 58:29.000","","0","75 10:25.200","4","0","0","0","67301","1","0","0","N","1","0","0","3","67301","1","","1.0","","1","N","N","N","0","","0","0","0","0","0","","1810","2","1","0","0","0","0","0","2","0","1","1","0","0","3","03","","N","","","","","","","","","",""
"2022072214","1346","1","0","0","0","0","0","0","0","0","1","0","","67","8","2022","7","40.079624","-75.029977","1346","6","0","0","0","0","0","2","0","0","","0","0","0","13","1","1","N","0","1","40 04:46.645","2","0","75 01:47.916","4","0","0","0","67301","0","0","0","N","0","0","0","3","67301","1","","1.0","1409.0","1","N","N","N","0","","0","0","2","0","0","N","1300","3","1","0","0","0","0","0","2","0","3","0","0","0","3","","","N","","","","","","","","","",""
"2022097015","0645","0","0","0","0","0","0","0","0","0","4","0","","67","10","2022","4","40.063119","-75.021999","0643","6","0","0","0","0","0","0","0","0","","0","0","0","6","1","3","","2","1","40 03:47.229","7","0","75 01:19.196","3","0","0","0","67301","0","0","0","N","0","0","0","3","67301","0","","1.0","20.0","1","N","N","N","0","","3","0","2","3","3","N","640","2","3","0","0","0","0","0","2","0","2","0","0","0","3","03","","N","","","","","","","","","",""
"2022073505","1611","1","0","0","0","0","0","0","0","0","4","0","","67","8","2022","5","40.11296","-75.023011","1611","6","0","0","0","0","0","1","0","1","","0","0","0","16","1","2","","1","2","40 06:46.657","1","0","75 01:22.840","8","0","0","0","67301","0","0","0","N","0","0","0","2","67301","0","","1.0","1750.0","1","N","Y","N","0","","0","0","1","3","2","Y","1610","2","2","0","0","0","2","0","2","0","2","0","0","0","3","","","N","","","","","","","","","",""
"2022072308","0846","3","0","0","0","0","0","0","0","0","1","0","","67","8","2022","7","39.924564","-75.23005","0845","6","0","0","0","0","0","0","0","0","","0","0","0","3","2","0","N","0","0","39 55:28.430","","0","75 13:48.180","9","0","0","0","67301","0","0","0","N","0","0","0","1","67301","0","","6.0","","1","N","N","N","0","","0","0","0","0","0","","300","3","0","0","0","0","0","1","2","0","3","0","0","0","3","03","","N","","","","","","","","","",""
"2022074160","2125","0","0","0","0","0","0","0","0","0","4","0","","67","8","2022","4","39.956747","-75.217493","2122","6","0","0","0","0","0","0","0","0","","0","0","0","21","3","1","","1","0","39 57:24.289","","0","75 13:02.974","3","0","0","1","67301","0","0","0","N","0","0","0","3","67301","0","","1.0","","1","N","N","N","0","","1","0","1","3","3","","2121","2","1","0","0","0","0","0","2","0","2","0","0","0","3","03","","N","","","","","","","","","",""
"2022073022","1647","1","0","0","0","0","0","0","0","0","7","0","","67","8","2022","2","40.117608","-75.021644","1647","6","0","0","0","0","0","0","0","1","","0","0","0","16","1","1","N","0","0","40 07:03.390","","0","75 01:17.920","3","0","0","0","67301","0","0","0","N","0","0","0","1","67301","0","","5.0","","1","N","N","N","0","","1","0","0","0","0","","1647","1","1","0","0","0","0","0","2","0","1","0","0","0","3","03","","N","","","","","","","","","",""
"2022090458","1642","2","0","0","0","0","0","0","0","0","4","0","","67","9","2022","6","39.944708","-75.165792","1642","6","0","0","0","0","0","0","0","0","","0","0","0","16","1","0","N","0","1","39 56:40.950","4","0","75 09:56.850","0","0","0","0","67301","0","0","0","N","0","0","0","2","67301","0","","1.0","1730.0","1","N","N","N","0","","0","0","0","0","0","N","1640","2","0","0","0","0","0","0","2","0","2","0","0","0","4","","","N","","","","","","","","","",""
"2022082077","1849","1","0","0","0","0","0","0","0","0","8","0","","67","9","2022","6","40.027613","-75.096254","1842","6","0","0","0","0","0","0","0","0","","0","0","0","18","1","1","","1","0","40 01:39.408","","0","75 05:46.513","3","0","0","0","67301","1","0","0","N","1","0","0","2","67301","0","","1.0","","1","N","N","N","0","","1","0","0","0","0","","1814","2","1","0","0","0","0","0","2","0","1","1","0","0","3","","","N","","","","","","","","","",""
"2022083741","1125","2","0","0","0","0","0","0","0","0","2","0","","67","9","2022","2","39.904249","-75.164635","1121","6","0","0","0","0","0","1","0","0","","0","0","0","11","1","2","","1","0","39 54:15.296","","0","75 09:52.687","4","0","0","0","67301","0","0","0","N","0","0","0","2","67301","2","","1.0","","1","N","N","N","0","","0","0","0","3","2","","1115","2","2","0","0","0","0","0","2","0","2","0","0","0","3","","","N","","","","","","","","","",""
"2022081503","2353","1","0","0","0","0","0","0","0","0","1","0","","67","8","2022","7","39.945164","-75.190665","2321","6","0","0","0","0","0","0","0","0","","0","0","0","23","3","0","N","0","0","39 56:42.591","","0","75 11:26.394","0","0","0","0","67301","0","0","0","N","0","0","0","3","68K01","0","","1.0","","1","N","N","N","0","","0","0","1","0","0","","2314","2","0","0","0","0","0","0","2","0","2","0","0","0","3","","","N","","","","","","","","","",""
"2022072852","1720","1","0","0","0","0","0","0","0","0","1","0","","67","8","2022","3","40.081442","-74.981789","1712","6","0","0","0","0","0","0","1","0","","0","0","0","17","1","1","N","0","2","40 04:53.190","1","0","74 58:54.440","4","0","0","0","67301","0","0","0","N","0","0","0","1","67301","1","","6.0","100.0","1","N","N","N","0","","0","0","1","0","0","N","1700","2","1","1","0","0","0","0","2","0","2","0","0","0","3","03","","N","","","","","","","","","",""
"2022073968","1058","2","0","0","0","0","0","0","0","0","4","0","","67","8","2022","6","40.056421","-75.053338","1052","6","0","0","0","0","0","0","0","2","","0","0","0","10","1","3","","1","0","40 03:23.116","","0","75 03:12.018","8","0","0","0","67301","0","0","0","N","0","0","0","3","67301","0","","1.0","","1","N","N","N","0","","0","0","0","3","2","","1050","2","3","0","0","0","3","0","2","0","2","0","0","0","3","","","N","","","","","","","","","",""
"2022082166","2327","2","0","0","0","0","0","0","0","0","1","0","","67","8","2022","6","39.932247","-75.199968","2314","6","0","0","0","0","1","0","0","0","","0","0","0","23","3","1","N","0","1","39 55:56.090","4","0","75 11:59.883","3","0","0","0","67301","0","0","0","N","0","0","0","3","68K01","0","","1.0","2350.0","1","N","N","N","0","","1","0","1","0","0","N","2313","3","1","0","0","0","0","0","2","0","3","0","0","0","3","","","N","","","","","","","","","",""
"2022083597","0825","1","0","0","0","0","0","0","0","0","4","0","","67","9","2022","6","40.123541","-75.015353","0805","6","0","0","1","0","0","0","1","0","","0","0","0","7","1","1","","1","0","40 07:24.748","","0","75 00:55.269","4","0","0","0","67301","0","0","0","N","0","0","0","2","67301","1","","1.0","","1","N","N","N","0","","0","0","1","3","2","","754","2","1","0","0","0","0","0","2","0","2","0","0","0","3","","","N","","","","","","","","","",""
"2022082586","0720","1","0","0","0","0","0","0","0","0","1","0","","67","8","2022","6","39.898093","-75.183319","0711","6","0","0","0","0","0","0","0","0","","0","0","0","7","1","0","N","0","0","39 53:53.133","","0","75 10:59.950","0","0","0","0","67301","0","0","0","N","0","0","0","2","68K01","0","","1.0","","1","N","N","N","1","","0","0","0","0","0","","708","2","0","0","0","0","0","0","2","0","2","0","0","0","3","03","","N","","","","","","","","","",""
"2022081499","0833","1","0","0","0","0","0","0","0","0","1","0","","67","8","2022","4","39.980581","-75.205736","0823","6","0","1","0","0","0","0","0","0","","0","0","0","8","1","0","N","0","1","39 58:50.091","4","0","75 12:20.651","0","0","0","0","67301","0","0","0","N","0","0","0","3","68K01","0","","1.0","643.0","1","N","N","N","0","","0","0","1","0","0","N","817","2","0","0","0","0","0","0","2","0","2","0","0","0","3","","","N","","","","","","","","","",""
"2022095492","0203","1","0","0","0","0","0","0","0","0","5","0","","67","8","2022","3","39.982833","-75.252139","0201","6","0","0","0","0","0","0","0","0","","0","0","0","1","3","0","N","0","2","39 58:58.200","5","0","75 15:07.700","0","0","0","0","67301","0","0","0","N","0","0","0","1","67301","0","","6.0","30.0","1","N","Y","N","1","","0","0","1","0","0","Y","155","3","0","0","0","0","0","0","2","0","3","0","0","0","3","03","","N","","","","","","","","","",""
"2022075756","1345","1","0","0","0","0","0","0","0","0","3","0","","67","8","2022","7","39.958057","-75.165272","1345","6","0","0","0","0","0","1","0","0","","0","0","0","23","3","0","N","0","0","39 57:29.004","","0","75 09:54.979","0","0","0","0","67301","0","0","0","N","0","0","0","2","67301","0","","1.0","","1","N","N","N","0","","0","0","1","0","0","","2330","2","0","0","0","0","0","0","2","0","2","0","0","0","3","03","","N","","","","","","","","","",""
"2022072301","0159","3","0","0","0","0","0","0","0","0","5","0","","67","8","2022","1","39.998317","-75.175203","0156","6","0","0","0","0","0","0","0","0","","0","0","0","1","3","0","N","0","2","39 59:53.940","1","0","75 10:30.730","0","0","0","0","67301","0","0","0","N","0","0","0","1","67301","0","","1.0","300.0","1","N","N","N","0","","0","0","2","0","0","Y","150","5","0","0","0","0","0","0","2","0","5","0","0","0","3","","","N","","","","","","","","","",""
"2022072083","0126","0","0","0","0","0","0","0","0","0","7","0","","67","8","2022","4","39.909583","-75.154278","0125","6","0","0","0","0","0","0","0","0","","0","0","0","1","3","0","N","0","1","39 54:34.500","4","5","75 09:15.400","0","0","0","0","67301","0","0","0","N","0","0","0","1","67501","0","","4.0","201.0","1","N","","N","1","","0","0","0","3","8","N","125","1","0","0","0","0","0","0","2","0","1","0","0","0","3","03","","N","","","","","","","","","",""
"2022082336","2354","0","0","0","0","0","0","0","0","0","5","0","","67","8","2022","2","39.886176","-75.207753","2340","6","0","0","0","0","0","0","0","0","","0","0","0","23","3","0","N","0","2","39 53:10.234","2","3","75 12:27.910","9","0","0","0","67301","0","0","0","N","0","0","0","3","68K01","0","","1.0","2350.0","1","N","N","N","1","","0","0","1","0","0","N","2316","2","0","0","0","0","0","1","2","0","2","0","0","0","3","","","N","","","","","","","","","",""
"2022081013","1855","2","0","0","0","0","0","0","0","0","4","0","","67","7","2022","5","39.957512","-75.21734","1834","6","0","0","0","0","0","0","0","0","","0","0","0","16","1","0","","1","0","39 57:27.042","","0","75 13:02.424","0","0","0","0","67301","0","0","0","N","0","0","0","2","67301","0","","1.0","","1","N","N","N","0","","0","0","0","3","2","","1651","2","0","0","0","0","0","0","2","0","2","0","0","0","3","03","","N","","","","","","","","","",""
"2022072203","1935","1","0","0","0","0","0","0","0","0","8","0","","67","8","2022","5","39.927076","-75.164789","1932","6","0","0","0","0","0","1","0","0","","0","0","0","19","4","1","","2","0","39 55:37.473","","0","75 09:53.240","4","0","0","0","67301","1","0","0","N","1","0","0","2","67301","1","","1.0","","1","N","N","N","0","","0","0","0","0","0","","1920","2","1","0","0","0","0","0","2","0","1","1","0","0","3","","","N","","","","","","","","","",""
"2022073677","1403","1","0","0","0","0","0","0","0","0","4","0","","67","8","2022","4","39.919533","-75.211664","1357","6","0","0","0","0","0","0","0","0","","0","0","0","13","1","2","N","0","0","39 55:10.320","","0","75 12:41.990","3","0","0","0","67301","0","0","0","N","0","0","0","3","67301","0","","1.0","","1","N","N","N","0","","2","0","1","0","0","","1356","2","2","0","0","0","0","0","2","0","2","0","0","0","3","03","","N","","","","","","","","","",""
"2022075796","0400","1","0","0","0","0","0","0","0","0","4","0","","67","8","2022","7","39.970556","-75.149879","0349","6","0","0","0","0","0","0","0","0","","0","0","0","2","3","3","","1","0","39 58:14.003","","0","75 08:59.563","3","0","0","0","67301","0","0","0","N","0","0","0","3","67301","2","","1.0","","1","N","N","N","0","","1","0","1","3","2","","220","2","3","0","0","0","0","0","2","0","2","0","0","0","3","03","","N","","","","","","","","","",""
"2022072279","1310","1","0","0","0","0","0","0","0","0","1","0","","67","8","2022","3","39.987237","-75.108782","1310","6","0","0","0","0","0","1","0","0","","0","0","0","13","1","0","","1","0","39 59:14.052","","0","75 06:31.614","0","0","0","0","67301","0","0","0","N","0","0","0","2","67301","0","","1.0","","1","N","N","N","0","","0","0","2","3","2","","1310","3","0","2","0","0","0","0","2","0","3","0","0","0","3","03","","N","","","","","","","","","",""
"2022073813","2106","1","0","0","1","0","0","0","0","0","8","0","","67","8","2022","1","39.954837","-75.227984","2047","6","0","0","0","0","0","0","0","0","","0","0","0","20","3","1","","1","0","39 57:17.413","","0","75 13:40.742","3","0","0","0","67301","1","0","0","N","0","0","0","2","67301","0","","1.0","","1","N","N","N","0","","1","0","0","3","2","","2044","2","1","0","0","0","0","0","2","0","1","1","0","0","3","","","N","","","","","","","","","",""
"2022085259","1750","1","0","0","0","0","0","0","0","0","4","0","","67","9","2022","4","39.92681","-75.24357","1747","6","0","0","0","0","0","0","0","0","","0","0","0","17","1","1","N","0","0","39 55:36.515","","0","75 14:36.852","8","0","0","0","67301","0","0","0","N","0","0","0","8","67301","0","","1.0","","1","N","N","N","0","","0","0","3","0","0","","1747","4","1","0","0","0","1","4","2","0","4","0","0","0","3","","","N","","","","","","","","","",""
"2022072497","1809","1","0","0","0","0","0","0","0","0","4","0","","67","8","2022","3","39.918211","-75.208835","1809","6","0","0","0","0","0","0","0","0","","0","0","0","13","1","2","","2","0","39 55:05.558","","0","75 12:31.805","3","0","0","0","67301","0","0","0","N","0","0","0","3","67301","0","","1.0","","1","N","N","N","0","","2","0","1","3","2","","1331","2","2","0","0","0","0","1","2","0","2","0","0","0","3","03","","N","","","","","","","","","",""
"2022097776","1903","2","0","0","0","0","0","0","0","0","4","0","","67","10","2022","1","40.021912","-75.069087","1902","6","0","0","0","0","0","0","0","0","","0","0","0","19","2","2","","1","2","40 01:18.883","7","0","75 04:08.713","8","0","0","0","67301","0","0","0","N","0","0","0","4","67301","0","","1.0","1940.0","1","N","N","N","0","","0","0","0","3","3","Y","1900","2","2","0","0","0","2","0","2","0","2","0","0","0","3","03","","N","","","","","","","","","",""
"2022076295","2320","1","0","0","0","0","0","0","0","0","5","0","","67","8","2022","6","39.956528","-75.231528","2320","6","0","0","0","0","0","0","0","0","","0","0","0","23","8","0","N","0","0","39 57:23.500","","0","75 13:53.500","0","0","0","0","67301","0","0","0","N","0","0","0","1","67301","0","","6.0","","1","N","N","N","1","","0","0","0","0","0","","2318","4","0","0","0","0","0","0","2","2","4","0","0","0","3","03","","N","","","","","","","","","",""
"2022073506","0234","1","0","0","0","0","0","0","0","0","1","0","","67","8","2022","5","40.032248","-75.036836","0231","6","0","0","0","0","1","0","0","0","","0","0","0","2","3","0","","1","0","40 01:56.091","","0","75 02:12.611","0","0","0","0","67301","0","0","0","N","0","0","0","2","67301","0","","1.0","","1","N","N","N","0","","0","0","1","3","2","","230","2","0","0","0","0","0","0","2","0","2","0","0","0","3","03","","N","","","","","","","","","",""
"2022081540","1851","1","0","0","0","0","0","0","0","0","7","0","","67","9","2022","2","39.993663","-75.199379","1851","6","0","0","0","0","0","0","0","0","","0","0","0","18","1","1","N","0","1","39 59:37.187","4","0","75 11:57.764","3","0","0","0","67301","0","0","0","N","0","0","0","1","68K01","0","","2.0","1720.0","1","N","N","N","0","","1","0","0","0","0","N","1833","1","1","1","0","0","0","0","2","0","1","0","0","0","3","","","N","","","","","","","","","",""
"2022071591","0555","1","0","0","0","0","0","1","0","0","1","1","","67","7","2022","7","40.035118","-75.069504","0531","6","0","0","0","0","0","0","0","0","","0","0","0","5","1","1","","1","1","40 02:06.425","3","0","75 04:10.216","8","0","0","0","67301","0","0","0","N","0","0","0","2","67508","0","","1.0","9999.0","1","N","N","Y","0","","0","0","0","2","2","Y","531","2","1","0","0","0","1","0","2","0","2","0","0","0","3","03","","N","","","","","","","","","",""
"2022075793","1510","3","0","0","0","0","0","0","0","0","4","0","","67","8","2022","4","39.970228","-75.145006","1506","6","0","0","0","0","0","0","1","0","","0","0","0","14","1","0","","1","0","39 58:12.820","","0","75 08:42.023","0","0","0","0","67301","0","0","0","N","0","0","0","2","67301","0","","1.0","","1","N","N","N","0","","0","0","1","3","2","","1458","4","0","0","0","0","0","0","2","0","4","0","0","0","3","03","","N","","","","","","","","","",""
"2022092515","0820","1","0","0","0","0","0","0","0","0","5","1","","67","10","2022","4","40.021919","-75.165656","0820","6","0","0","0","0","0","0","0","0","","0","1","0","20","3","0","N","0","0","40 01:18.910","","0","75 09:56.360","0","0","0","0","67301","0","0","0","N","0","0","0","1","67301","0","","6.0","","1","N","N","N","0","","0","0","0","0","0","","2030","2","0","1","0","0","0","0","2","0","2","0","0","0","3","03","","N","","","","","","","","","",""