"CRN","ARRIVAL_TM","AUTOMOBILE_COUNT","BELTED_DEATH_COUNT","BELTED_SUSP_SERIOUS_INJ_COUNT","BICYCLE_COUNT","BICYCLE_DEATH_COUNT","BICYCLE_SUSP_SERIOUS_INJ_COUNT","BUS_COUNT","CHLDPAS_DEATH_COUNT","CHLDPAS_SUSP_SERIOUS_INJ_COUNT","COLLISION_TYPE","COMM_VEH_COUNT","CONS_ZONE_SPD_LIM","COUNTY","CRASH_MONTH","CRASH_YEAR","DAY_OF_WEEK","DEC_LATITUDE","DEC_LONGITUDE","DISPATCH_TM","DISTRICT","DRIVER_COUNT_16YR","DRIVER_COUNT_17YR","DRIVER_COUNT_18YR","DRIVER_COUNT_19YR","DRIVER_COUNT_20YR","DRIVER_COUNT_50_64YR","DRIVER_COUNT_65_74YR","DRIVER_COUNT_75PLUS","EST_HRS_CLOSED","FATAL_COUNT","HEAVY_TRUCK_COUNT","HORSE_BUGGY_COUNT","HOUR_OF_DAY","ILLUMINATION","INJURY_COUNT","INTERSECTION_RELATED","INTERSECT_TYPE","LANE_CLOSED","LATITUDE","LN_CLOSE_DIR","LOCATION_TYPE","LONGITUDE","MAX_SEVERITY_LEVEL","MCYCLE_DEATH_COUNT","MCYCLE_SUSP_SERIOUS_INJ_COUNT","MOTORCYCLE_COUNT","MUNICIPALITY","NONMOTR_COUNT","NONMOTR_DEATH_COUNT","NONMOTR_SUSP_SERIOUS_INJ_COUNT","NTFY_HIWY_MAINT","PED_COUNT","PED_DEATH_COUNT","PED_SUSP_SERIOUS_INJ_COUNT","PERSON_COUNT","POLICE_AGCY","POSSIBLE_INJ_COUNT","RDWY_SURF_TYPE_CD","RELATION_TO_ROAD","ROADWAY_CLEARED","ROAD_CONDITION","SCH_BUS_IND","SCH_ZONE_IND","SECONDARY_CRASH","SMALL_TRUCK_COUNT","SPEC_JURIS_CD","SUSP_MINOR_INJ_COUNT","SUSP_SERIOUS_INJ_COUNT","SUV_COUNT","TCD_FUNC_CD","TCD_TYPE","TFC_DETOUR_IND","TIME_OF_DAY","TOTAL_UNITS","TOT_INJ_COUNT","UNBELTED_OCC_COUNT","UNB_DEATH_COUNT","UNB_SUSP_SERIOUS_INJ_COUNT","UNK_INJ_DEG_COUNT","UNK_INJ_PER_COUNT","URBAN_RURAL","VAN_COUNT","VEHICLE_COUNT","VULNERABLE_ROAD_USER_COUNT","VULNERABLE_ROAD_USER_DEATH_COUNT","VULNERABLE_ROAD_USER_SER_INJ_COUNT","WEATHER1","WEATHER2","WORKERS_PRES","WORK_ZONE_IND","WORK_ZONE_LOC","WORK_ZONE_TYPE","WZ_CLOSE_DETOUR","WZ_FLAGGER","WZ_LAW_OFFCR_IND","WZ_LN_CLOSURE","WZ_MOVING","WZ_OTHER","WZ_SHLDER_MDN","WZ_WORKERS_INJ_KILLED"
"2022075769","0746","2","0","0","0","0","0","0","0","0","1","0","","67","8","2022","2","40.035385","-75.049764","0726","6","0","0","0","0","0","0","0","0","","0","0","0","7","1","2","","1","0","40 02:07.385","","0","75 02:59.150","4","0","0","0","67301","0","0","0","N","0","0","0","4","67301","2","","1.0","","1","N","N","N","0","","0","0","0","3","2","","713","2","2","4","0","0","0","0","2","0","2","0","0","0","3","","","N","","","","","","","","","",""
"2022075749","2137","0","0","0","0","0","0","0","0","0","4","0","","67","8","2022","3","39.95762","-75.145687","2135","6","0","0","0","0","0","0","0","0","","0","0","0","21","3","1","","1","0","39 57:27.432","","0","75 08:44.473","2","0","1","1","67301","0","0","0","N","0","0","0","2","67301","0","","1.0","","1","N","N","N","0","","0","1","1","3","2","","2133","2","1","0","0","0","0","0","2","0","2","0","0","0","3","03","","N","","","","","","","","","",""
"2022081035","1409","2","0","0","0","0","0","0","0","0","8","0","","67","9","2022","1","39.984697","-75.15663","1405","6","0","0","1","0","0","0","0","0","","0","0","0","14","1","1","N","1","1","39 59:04.910","3","0","75 09:23.867","2","0","0","0","67301","1","0","1","N","1","0","1","4","67505","0","","1.0","1430.0","1","N","N","Y","0","","0","1","0","3","2","N","1400","3","1","0","0","0","0","0","2","0","2","1","0","1","3","03","","N","","","","","","","","","",""
"2022072783","1319","0","0","0","0","0","0","0","0","0","4","0","","67","8","2022","6","39.99218","-75.233706","1314","6","0","0","0","0","0","0","1","0","","0","0","0","13","1","0","","1","0","39 59:31.848","","0","75 14:01.341","0","0","0","0","67301","0","0","0","N","0","0","0","3","67301","0","","1.0","","1","N","N","N","0","","0","0","2","3","2","","1300","2","0","0","0","0","0","0","2","0","2","0","0","0","3","","","N","","","","","","","","","",""
"2022080536","0931","1","0","0","0","0","0","0","0","0","4","0","","67","7","2022","7","40.022673","-75.13676","0931","6","0","0","0","0","0","0","0","0","","0","0","0","21","3","0","","1","0","40 01:21.624","","0","75 08:12.337","0","0","0","0","67301","0","0","0","N","0","0","0","2","67301","0","","1.0","","99","N","N","N","0","","0","0","1","3","2","","2130","2","0","0","0","0","0","0","2","0","2","0","0","0","99","03","","N","","","","","","","","","",""
"2022074345","2332","1","0","0","0","0","0","0","0","0","4","0","","67","8","2022","1","40.040424","-75.065534","2327","6","0","0","0","0","0","0","0","0","","0","0","0","22","3","0","","5","0","40 02:25.526","","0","75 03:55.923","0","0","0","0","67301","0","0","0","N","0","0","0","2","67301","0","","1.0","","1","N","N","N","0","","0","0","1","3","2","","2247","2","0","0","0","0","0","0","2","0","2","0","0","0","3","","","N","","","","","","","","","",""
"2022072230","1750","0","0","0","0","0","0","0","0","0","2","0","","67","8","2022","7","39.935054","-75.235204","1745","6","0","0","0","0","0","1","0","0","","0","0","0","17","1","2","N","0","0","39 56:06.194","","0","75 14:06.736","2","0","0","0","67301","0","0","0","N","0","0","0","3","67301","0","","1.0","","1","N","N","N","0","","0","1","1","0","0","","1743","2","2","0","0","0","1","0","2","1","2","0","0","0","3","03","","N","","","","","","","","","",""
"2022075983","1514","0","0","0","0","0","0","0","0","0","1","0","","67","8","2022","6","39.943304","-75.192684","1458","6","0","0","0","0","0","1","0","0","","0","0","0","14","1","1","N","0","2","39 56:35.895","4","3","75 11:33.663","3","0","0","0","67301","0","0","0","N","0","0","0","3","68K01","0","","1.0","30.0","1","N","N","N","0","","1","0","3","0","0","N","1454","3","1","0","0","0","0","0","2","0","3","0","0","0","3","","","N","","","","","","","","","",""
"2022082027","2205","1","0","0","0","0","0","0","0","0","8","0","","67","8","2022","3","39.993147","-75.123794","2205","6","0","0","0","0","0","0","0","0","","0","0","0","8","1","1","N","0","0","39 59:35.330","","0","75 07:25.660","3","0","0","0","67301","1","0","0","N","1","0","0","2","67301","0","","1.0","","1","N","N","N","0","","1","0","0","0","0","","800","2","1","0","0","0","0","1","2","0","1","1","0","0","3","03","","N","","","","","","","","","",""
"2022072220","1549","0","0","0","0","0","0","0","0","0","4","0","","67","8","2022","6","40.072048","-75.013029","1543","6","0","1","0","0","0","0","0","0","","0","0","0","15","1","5","","1","2","40 04:19.373","7","0","75 00:46.904","8","0","0","0","67301","0","0","0","N","0","0","0","5","67301","0","","1.0","1645.0","1","N","N","N","0","","0","0","2","3","2","Y","1543","2","5","0","0","0","5","0","2","0","2","0","0","0","3","03","","N","","","","","","","","","",""
"2022075789","1514","2","0","0","0","0","0","0","0","0","4","0","","67","8","2022","7","39.971811","-75.125954","1513","6","0","0","0","0","0","0","0","0","","0","0","0","14","1","1","","1","1","39 58:18.518","6","0","75 07:33.433","3","0","0","0","67301","0","0","0","N","0","0","0","4","67301","0","","1.0","130.0","1","N","N","N","0","","1","0","0","3","2","N","1449","2","1","0","0","0","0","0","2","0","2","0","0","0","3","","","N","","","","","","","","","",""
"2022072234","1245","0","0","0","0","0","0","0","0","0","4","0","","67","8","2022","5","40.063523","-75.169834","1245","6","0","0","0","0","0","0","0","0","","0","0","0","16","1","1","","1","0","40 03:48.682","","0","75 10:11.404","3","0","0","0","67301","0","0","0","N","0","0","0","2","67301","0","","1.0","","1","N","N","N","0","","1","0","0","3","2","","1645","2","1","0","0","0","0","1","2","2","2","0","0","0","3","03","","N","","","","","","","","","",""
"2022072261","2102","2","0","0","0","0","0","0","0","0","5","0","","67","8","2022","7","39.971162","-75.225777","2101","6","0","0","0","0","1","0","0","0","","0","0","0","21","3","1","N","0","0","39 58:16.184","","0","75 13:32.797","3","0","0","0","67301","0","0","0","N","0","0","0","2","67301","0","","1.0","","1","N","N","N","0","","1","0","0","0","0","","2100","2","1","0","0","0","0","0","2","0","2","0","0","0","3","03","","N","","","","","","","","","",""
"2022075762","1751","2","0","0","0","0","0","0","0","0","4","0","","67","8","2022","1","40.040916","-75.187325","1742","6","0","0","0","0","1","0","0","1","","0","0","0","17","1","2","","1","0","40 02:27.297","","0","75 11:14.369","3","0","0","0","67301","0","0","0","N","0","0","0","5","67301","1","","1.0","","1","N","N","N","0","","1","0","0","3","2","","1731","2","2","0","0","0","0","0","2","0","2","0","0","0","3","03","","N","","","","","","","","","",""
"2022072193","1101","1","0","0","0","0","0","0","0","0","8","0","","67","8","2022","6","39.924017","-75.186596","1100","6","0","0","0","0","0","1","0","0","","0","0","0","10","1","1","","1","0","39 55:26.461","","0","75 11:11.745","4","0","0","0","67301","1","0","0","N","1","0","0","2","67301","1","","1.0","","1","N","N","N","0","","0","0","0","3","3","","1045","2","1","0","0","0","0","0","2","0","1","1","0","0","3","03","","N","","","","","","","","","",""
"2022085583","1635","2","0","0","0","0","0","0","0","0","1","0","","67","9","2022","5","40.114839","-74.988664","1615","6","0","0","0","0","0","0","0","0","","0","0","0","14","1","1","N","0","0","40 06:53.420","","0","74 59:19.190","3","0","0","0","67301","0","0","0","N","0","0","0","3","67301","0","","1.0","","1","N","N","N","0","","1","0","1","0","0","","1451","3","1","0","0","0","0","0","2","0","3","0","0","0","3","","","N","","","","","","","","","",""
"2022076696","1205","0","0","0","1","0","0","0","0","0","8","0","","67","8","2022","6","39.992578","-75.12055","1200","6","0","0","0","0","0","0","0","0","","0","0","0","0","3","1","N","0","0","39 59:33.280","","1","75 07:13.980","3","0","0","0","67301","1","0","0","N","0","0","0","2","67301","0","","1.0","","1","N","N","N","0","","1","0","0","0","0","","30","2","1","0","0","0","0","0","2","0","1","1","0","0","3","","","N","","","","","","","","","",""
"2022075748","1250","0","0","0","0","0","0","0","0","0","4","0","","67","8","2022","7","39.950098","-75.164001","1250","6","0","0","0","0","0","0","0","0","","0","0","0","21","3","0","","1","0","39 57:00.353","","0","75 09:50.402","0","0","0","0","67301","0","0","0","N","0","0","0","2","67301","0","","1.0","","1","N","N","N","0","","0","0","2","3","2","","2110","2","0","0","0","0","0","0","2","0","2","0","0","0","3","03","","N","","","","","","","","","",""
"2022081598","2140","0","0","0","0","0","0","0","0","0","1","0","","67","8","2022","3","40.03378","-75.208313","2125","6","0","0","0","0","0","0","0","0","","0","0","0","21","2","1","N","0","0","40 02:01.609","","0","75 12:29.928","4","0","0","0","67301","0","0","0","N","0","0","0","2","67508","1","","1.0","","1","N","N","N","0","","0","0","2","0","0","","2125","2","1","0","0","0","0","0","2","0","2","0","0","0","3","03","","N","","","","","","","","","",""
"2022070092","0015","1","0","0","0","0","0","0","0","0","5","0","","67","8","2022","2","","","0012","6","0","0","0","0","0","0","0","0","","0","0","0","0","3","0","N","0","0","","","3","","0","0","0","0","67301","0","0","0","N","0","0","0","6","67501","0","","1.0","","9","N","N","N","0","","0","0","1","0","0","","12","2","0","0","0","0","0","0","1","0","2","0","0","0","7","","","N","","","","","","","","","",""
"2022085294","2350","2","0","0","0","0","0","0","0","0","4","0","","67","9","2022","7","40.045516","-75.088316","2332","6","0","0","1","0","0","0","0","0","","0","0","0","23","3","1","","1","0","40 02:43.859","","0","75 05:17.937","8","0","0","0","67301","0","0","0","N","0","0","0","2","67301","0","","1.0","","1","N","N","N","0","","0","0","0","9","2","","2300","2","1","0","0","0","1","0","2","0","2","0","0","0","3","03","","N","","","","","","","","","",""
"2022086648","0003","0","0","0","0","0","0","0","0","0","4","0","","67","9","2022","3","39.999825","-75.153311","0000","6","0","0","0","0","0","1","0","0","","1","0","0","22","3","1","N","0","0","39 59:59.370","","7","75 09:11.918","1","1","0","1","67301","0","0","0","N","0","0","0","2","67301","0","2","1.0","","1","N","N","N","0","0","1","0","0","0","0","","2225","2","1","0","0","0","0","0","2","1","2","0","0","0","3","","","N","","","","","","","","","",""
"2022081458","1630","1","0","0","0","0","0","0","0","0","2","0","","67","9","2022","2","40.01734","-75.211414","1626","6","0","0","0","0","0","0","0","0","","0","0","0","16","1","0","N","0","0","40 01:02.424","","0","75 12:41.092","0","0","0","0","67301","0","0","0","N","0","0","0","2","67301","0","","1.0","","1","N","N","N","0","","0","0","1","0","0","","1625","2","0","0","0","0","0","0","2","0","2","0","0","0","3","03","","N","","","","","","","","","",""
"2022082361","0414","0","0","0","0","0","0","0","0","0","1","1","","67","8","2022","1","39.967892","-75.189964","0405","6","0","0","0","0","0","0","1","0","","0","1","0","4","3","0","N","0","0","39 58:04.412","","0","75 11:23.869","0","0","0","0","67301","0","0","0","N","0","0","0","2","68K01","0","","1.0","","1","N","N","N","0","","0","0","1","0","0","","400","2","0","0","0","0","0","0","2","0","2","0","0","0","3","","","N","","","","","","","","","",""
"2022072622","2300","1","0","0","0","0","0","0","0","0","4","0","","67","8","2022","6","40.013303","-75.097438","2300","6","0","0","0","0","0","1","0","0","","0","0","0","20","3","0","","1","0","40 00:47.892","","0","75 05:50.775","0","0","0","0","67301","0","0","0","N","0","0","0","3","67301","0","","1.0","","1","N","N","N","1","","0","0","0","3","3","","2030","2","0","0","0","0","0","0","2","0","2","0","0","0","3","03","","N","","","","","","","","","",""
"2022081991","1345","4","0","0","0","0","0","0","0","0","6","1","","67","9","2022","3","40.003966","-75.066824","1240","6","0","0","0","0","0","1","0","0","","0","1","0","12","1","0","N","0","2","40 00:14.277","3","0","75 04:00.566","0","0","0","0","67301","0","0","0","N","0","0","0","1","67301","0","","6.0","300.0","9","N","N","N","2","","0","0","1","0","0","N","1240","8","0","0","0","0","0","0","2","0","8","0","0","0","7","07","","N","","","","","","","","","",""
"2022081502","2233","1","0","0","0","0","0","0","0","0","1","0","","67","8","2022","7","39.962189","-75.13945","2222","6","0","0","0","0","0","1","0","0","","0","0","0","21","3","0","N","0","0","39 57:43.880","","0","75 08:22.021","9","0","0","0","67301","0","0","0","N","0","0","0","6","68K01","0","","1.0","","1","N","N","N","0","","0","0","2","0","0","","2124","4","0","0","0","0","0","1","2","0","4","0","0","0","3","","","N","","","","","","","","","",""
"2022081070","1635","1","0","0","0","0","0","0","0","0","5","1","","67","9","2022","7","40.034942","-75.105114","1630","6","0","0","0","0","0","0","0","1","","0","1","0","16","1","2","N","0","0","40 02:05.790","","0","75 06:18.410","8","0","0","0","67301","0","0","0","N","0","0","0","2","67301","0","","1.0","","1","N","N","N","0","","0","0","0","0","0","","1625","2","2","1","0","0","2","0","2","0","2","0","0","0","4","04","","N","","","","","","","","","",""
"2022072244","0004","1","0","0","0","0","0","0","0","0","5","0","","67","8","2022","4","40.024781","-75.072692","0002","6","0","0","0","0","0","0","0","0","","0","0","0","0","3","0","N","0","0","40 01:29.212","","0","75 04:21.691","0","0","0","0","67301","0","0","0","N","0","0","0","2","67301","0","","6.0","","1","N","N","N","0","","0","0","1","0","0","","1","3","0","0","0","0","0","0","2","1","3","0","0","0","3","03","","N","","","","","","","","","",""
"2022073953","0830","0","0","0","0","0","0","0","0","0","8","0","","67","8","2022","6","39.92735","-75.153989","0830","6","0","0","0","0","0","0","0","0","","0","0","0","15","1","1","","1","0","39 55:38.461","","0","75 09:14.361","3","0","0","0","67301","1","0","0","N","0","0","0","2","67301","0","","1.0","","1","N","N","N","0","","1","0","1","3","3","","1530","2","1","0","0","0","0","0","2","0","1","1","0","0","3","03","","N","","","","","","","","","",""
"2022077082","2051","0","0","0","0","0","0","0","0","0","8","0","","67","8","2022","2","40.119273","-75.017743","2041","6","0","0","0","0","0","0","0","0","","0","0","0","20","3","1","N","0","0","40 07:09.382","","0","75 01:03.874","2","0","0","0","67301","1","0","1","N","1","0","1","2","67301","0","","1.0","","9","N","N","N","0","","0","1","0","0","0","","2037","2","1","0","0","0","0","0","2","1","1","1","0","1","7","07","","N","","","","","","","","","",""
"2022089258","1910","0","0","0","0","0","0","1","0","0","5","1","","67","9","2022","4","40.050337","-75.064639","1832","6","0","0","0","0","0","0","0","0","","0","0","0","18","1","1","N","0","0","40 03:01.214","","0","75 03:52.699","8","0","0","0","67301","0","0","0","N","0","0","0","3","67508","0","","1.0","","1","N","N","N","0","","0","0","0","0","0","N","1821","2","1","0","0","0","1","1","2","1","2","0","0","0","3","03","","N","","","","","","","","","",""
"2022090303","1932","0","0","0","0","0","0","0","0","0","1","0","","67","8","2022","1","39.958748","-75.172095","1930","6","0","1","0","0","0","0","0","0","","0","0","0","19","4","1","","1","0","39 57:31.491","","0","75 10:19.542","4","0","0","0","67301","0","0","0","N","0","0","0","2","67301","1","","1.0","","1","N","N","N","0","","0","0","2","3","2","","1921","2","1","0","0","0","0","0","2","0","2","0","0","0","4","04","","N","","","","","","","","","",""
"2022076695","0044","1","0","0","0","0","0","0","0","0","4","0","","67","8","2022","4","39.998272","-75.110197","0044","6","0","0","0","0","0","0","0","0","","0","0","0","22","3","0","N","0","0","39 59:53.780","","1","75 06:36.710","0","0","0","0","67301","0","0","0","N","0","0","0","3","67301","0","","1.0","","1","N","N","N","0","","0","0","1","0","0","","2230","2","0","0","0","0","0","0","2","0","2","0","0","0","3","","","N","","","","","","","","","",""
"2022074312","2243","1","0","0","0","0","0","0","0","0","4","0","","67","8","2022","1","39.977255","-75.158096","2240","6","0","0","0","0","2","0","0","0","","0","0","0","22","3","0","","1","0","39 58:38.118","","0","75 09:29.146","0","0","0","0","67301","0","0","0","N","0","0","0","2","67505","0","","1.0","","1","N","N","N","0","","0","0","0","3","2","","2238","2","0","0","0","0","0","0","2","1","2","0","0","0","3","03","","N","","","","","","","","","",""
"2022070255","1521","3","0","0","0","0","0","0","0","0","4","0","","67","8","2022","2","40.003008","-75.151291","1511","6","0","0","0","0","0","0","0","0","","0","0","0","15","1","2","","1","1","40 00:10.828","2","0","75 09:04.647","8","0","0","0","67301","0","0","0","N","0","0","0","3","67505","0","","1.0","1108.0","1","N","N","Y","0","","0","0","2","3","3","N","1511","5","2","0","0","0","2","0","2","0","5","0","0","0","3","03","","N","","","","","","","","","",""
"2022080945","1900","2","0","0","0","0","0","0","0","0","1","0","","67","9","2022","7","40.06873","-75.18147","1900","6","0","0","0","0","0","0","0","0","","0","0","0","19","1","2","N","0","0","40 04:07.429","","0","75 10:53.291","3","0","0","0","67301","0","0","0","N","0","0","0","5","67301","0","","1.0","","1","N","N","N","0","","2","0","0","0","0","","1900","2","2","0","0","0","0","0","2","0","2","0","0","0","3","03","","N","","","","","","","","","",""
"2022072257","1215","0","0","0","0","0","0","0","0","0","4","0","","67","8","2022","4","39.952435","-75.242751","1208","6","0","0","0","0","0","1","0","0","","0","0","0","11","1","1","","1","0","39 57:08.766","","0","75 14:33.903","8","0","0","0","67301","0","0","0","N","0","0","0","3","67301","0","","1.0","","1","N","N","N","1","","0","0","1","3","2","","1116","2","1","0","0","0","1","2","2","0","2","0","0","0","3","03","","N","","","","","","","","","",""
"2022081491","1120","1","0","0","0","0","0","0","0","0","1","0","","67","8","2022","2","39.957725","-75.161418","1115","6","0","0","0","0","0","0","0","0","","0","0","0","10","1","0","N","0","0","39 57:27.810","","0","75 09:41.106","0","0","0","0","67301","0","0","0","N","0","0","0","2","68K01","0","","1.0","","1","N","N","N","0","","0","0","1","0","0","","1054","2","0","0","0","0","0","0","2","0","2","0","0","0","4","","","N","","","","","","","","","",""
"2022085594","1002","1","0","0","0","0","0","0","0","0","7","0","","67","9","2022","4","39.961745","-75.23879","0954","6","0","0","0","0","0","0","0","0","","0","0","0","9","1","1","","1","1","39 57:42.283","4","0","75 14:19.644","3","0","0","0","67301","0","0","0","N","0","0","0","1","67301","0","","3.0","1015.0","1","N","N","N","0","","1","0","0","3","2","N","951","1","1","0","0","0","0","0","2","0","1","0","0","0","3","","","N","","","","","","","","","",""
"2022078808","1048","1","0","0","0","0","0","0","0","0","7","0","","67","8","2022","2","40.05126","-74.989139","1032","6","0","0","0","0","0","0","0","0","","0","0","0","10","1","0","N","0","0","40 03:04.535","","0","74 59:20.901","0","0","0","0","67301","0","0","0","N","0","0","0","5","68K01","0","","2.0","","1","N","N","N","0","","0","0","0","0","0","","1030","3","0","1","0","0","0","0","2","2","3","0","0","0","3","","","N","","","","","","","","","",""
"2022087872","1228","1","0","0","0","0","0","0","0","0","8","0","","67","9","2022","6","39.925559","-75.169417","1219","6","0","0","0","0","0","0","0","0","","0","0","0","12","1","1","","3","2","39 55:32.012","3","0","75 10:09.901","3","0","0","0","67301","1","0","0","N","1","0","0","1","67301","0","","1.0","1305.0","1","N","N","N","0","","1","0","0","3","2","Y","1215","2","1","0","0","0","0","0","2","0","1","1","0","0","3","03","","N","","","","","","","","","",""
"2022081286","2347","2","0","0","0","0","0","0","0","0","5","0","","67","9","2022","7","40.023741","-75.179486","2346","6","0","0","0","0","0","0","0","0","","0","0","0","23","3","1","N","0","0","40 01:25.467","","0","75 10:46.151","2","0","0","0","67301","0","0","0","N","0","0","0","1","67301","0","","1.0","","1","N","N","N","0","","0","1","2","0","0","","2343","4","1","0","0","0","0","0","2","0","4","0","0","0","3","03","","N","","","","","","","","","",""
"2022081471","0537","0","0","0","0","0","0","0","0","0","4","0","","67","9","2022","3","40.001585","-75.152798","0537","6","0","0","0","0","0","0","0","0","","0","0","0","5","3","1","","1","1","40 00:05.705","1","0","75 09:10.074","8","0","0","0","67301","0","0","0","N","0","0","0","2","67505","0","","1.0","610.0","9","N","N","N","0","","0","0","2","3","2","N","530","2","1","0","0","0","1","0","2","0","2","0","0","0","3","03","","N","","","","","","","","","",""
"2022072292","1640","1","0","0","0","0","0","0","0","0","1","0","","67","8","2022","2","40.023325","-75.148569","1640","6","0","0","0","0","0","0","0","0","","0","0","0","15","1","2","N","0","0","40 01:23.970","","0","75 08:54.850","4","0","0","0","67301","0","0","0","N","0","0","0","3","67301","2","","1.0","","99","N","N","N","0","","0","0","0","0","0","","1526","2","2","2","0","0","0","1","2","0","2","0","0","0","4","","","N","","","","","","","","","",""
"2022086857","2355","2","0","0","0","0","0","0","0","0","4","0","","67","9","2022","1","39.949615","-75.15391","2355","6","0","0","0","0","0","0","0","0","","0","0","0","23","3","0","","1","0","39 56:58.614","","0","75 09:14.075","0","0","0","0","67301","0","0","0","N","0","0","0","2","67301","0","","1.0","","1","N","N","N","0","","0","0","0","0","0","","2330","2","0","2","0","0","0","0","2","0","2","0","0","0","3","03","","N","","","","","","","","","",""
"2022076271","0800","0","0","0","0","0","0","0","0","0","7","0","","67","8","2022","2","39.999544","-75.14655","0754","6","0","0","0","0","0","0","0","0","","0","0","0","7","1","1","N","0","0","39 59:58.360","","0","75 08:47.580","2","0","0","0","67301","0","0","0","N","0","0","0","1","67301","0","","4.0","","1","N","N","N","0","","0","1","1","0","0","","749","1","1","0","0","0","0","0","2","0","1","0","0","0","3","03","","N","","","","","","","","","",""
"2022072237","1245","2","0","0","0","0","0","0","0","0","4","0","","67","8","2022","5","40.044833","-75.163782","1240","6","0","0","0","0","0","0","0","0","","0","0","0","15","1","3","","1","0","40 02:41.397","","0","75 09:49.614","3","0","0","0","67301","0","0","0","N","0","0","0","5","67301","0","","1.0","","1","N","N","N","0","","3","0","1","3","3","","1540","3","3","0","0","0","0","0","2","0","3","0","0","0","3","03","","N","","","","","","","","","",""
"2022081857","2249","2","0","0","0","0","0","0","0","0","5","0","","67","8","2022","3","39.996838","-75.15383","2245","6","0","0","1","0","0","0","0","0","","0","0","0","22","3","1","","1","0","39 59:48.618","","0","75 09:13.788","3","0","0","0","67301","0","0","0","N","0","0","0","3","67301","0","","1.0","","1","N","N","N","0","","1","0","0","3","2","","2240","2","1","0","0","0","0","0","2","0","2","0","0","0","3","03","","N","","","","","","","","","",""
"2022072246","0400","1","0","0","0","0","0","0","0","0","5","0","","67","8","2022","5","40.035333","-75.0335","0354","6","0","0","0","0","0","0","0","0","","0","0","0","3","3","1","N","0","0","40 02:07.200","","0","75 02:00.600","3","0","0","0","67301","0","0","0","N","0","0","0","1","67301","0","","6.0","","1","N","N","N","0","","1","0","1","0","0","","335","2","1","0","0","0","0","0","2","0","2","0","0","0","3","03","","N","","","","","","","","","",""
"2022078521","1101","0","0","0","0","0","0","0","0","0","5","0","","67","8","2022","4","39.998487","-75.153469","1100","6","0","0","0","0","0","1","0","0","","0","0","0","21","3","1","","2","0","39 59:54.553","","0","75 09:12.487","2","0","1","1","67301","0","0","0","N","0","0","0","2","67301","0","","1.0","","1","N","N","N","0","","0","1","1","3","2","","2130","2","1","0","0","0","0","0","2","0","2","0","0","0","3","","","N","","","","","","","","","",""
"2022084240","0857","1","0","0","0","0","0","0","0","0","5","1","","67","7","2022","5","40.006064","-75.197708","0842","6","0","0","0","0","0","0","0","0","","0","1","0","8","1","0","N","0","0","40 00:21.829","","0","75 11:51.747","0","0","0","0","67301","0","0","0","N","0","0","0","2","68K01","0","","1.0","","1","N","N","N","0","","0","0","0","0","0","","837","2","0","0","0","0","0","0","2","0","2","0","0","0","3","03","","N","","","","","","","","","",""
"2022096717","0730","2","0","0","0","0","0","0","0","0","2","0","","67","4","2022","3","40.097944","-75.047074","0726","6","0","1","0","0","0","1","0","0","","0","0","0","7","1","0","N","0","2","40 05:52.599","6","0","75 02:49.467","9","0","0","0","67301","0","0","0","N","0","0","0","3","67301","0","","1.0","1030.0","9","N","N","Y","0","","0","0","1","0","0","N","720","3","0","0","0","0","0","2","2","0","3","0","0","0","7","","","N","","","","","","","","","",""
"2022097371","0755","1","0","0","0","0","0","0","0","0","5","1","","67","9","2022","3","39.990017","-75.205689","0741","6","0","0","0","0","0","1","0","0","","0","1","0","7","1","1","N","0","1","39 59:24.060","3","0","75 12:20.482","3","0","0","0","67301","0","0","0","N","0","0","0","2","68K01","0","","1.0","820.0","1","N","N","N","0","","1","0","0","0","0","N","738","2","1","0","0","0","0","0","2","0","2","0","0","0","3","","","N","","","","","","","","","",""
"2022080607","1440","0","0","0","1","0","0","0","0","0","8","0","","67","8","2022","4","39.98507","-75.247378","1435","6","0","0","0","0","0","0","0","0","","0","0","0","16","1","1","","1","0","39 59:06.252","","0","75 14:50.560","4","0","0","0","67301","1","0","0","N","0","0","0","2","67301","1","","1.0","","1","N","N","N","0","","0","0","0","3","2","","1630","2","1","0","0","0","0","0","2","0","1","1","0","0","3","03","","N","","","","","","","","","",""
"2022072288","2335","1","0","0","0","0","0","0","0","0","4","1","","67","8","2022","7","39.99999","-75.153145","2329","6","0","0","0","0","0","0","0","0","","0","1","0","23","3","0","","1","0","39 59:59.964","","0","75 09:11.322","9","0","0","0","67301","0","0","0","N","0","0","0","2","67301","0","","1.0","","1","N","N","N","0","","0","0","0","3","2","","2311","2","0","0","0","0","0","1","2","0","2","0","0","0","3","","","N","","","","","","","","","",""
"2022076169","1153","2","0","0","0","0","0","0","0","0","4","0","","67","8","2022","6","40.037583","-75.050187","1152","6","0","0","0","0","0","0","1","0","","0","0","0","11","1","1","","1","0","40 02:15.298","","0","75 03:00.673","3","0","0","0","67301","0","0","0","N","0","0","0","2","67301","0","","1.0","","1","N","N","N","0","","1","0","0","3","3","","1145","2","1","0","0","0","0","0","2","0","2","0","0","0","3","","","N","","","","","","","","","",""