"CRN","ARRIVAL_TM","AUTOMOBILE_COUNT","BELTED_DEATH_COUNT","BELTED_SUSP_SERIOUS_INJ_COUNT","BICYCLE_COUNT","BICYCLE_DEATH_COUNT","BICYCLE_SUSP_SERIOUS_INJ_COUNT","BUS_COUNT","CHLDPAS_DEATH_COUNT","CHLDPAS_SUSP_SERIOUS_INJ_COUNT","COLLISION_TYPE","COMM_VEH_COUNT","CONS_ZONE_SPD_LIM","COUNTY","CRASH_MONTH","CRASH_YEAR","DAY_OF_WEEK","DEC_LATITUDE","DEC_LONGITUDE","DISPATCH_TM","DISTRICT","DRIVER_COUNT_16YR","DRIVER_COUNT_17YR","DRIVER_COUNT_18YR","DRIVER_COUNT_19YR","DRIVER_COUNT_20YR","DRIVER_COUNT_50_64YR","DRIVER_COUNT_65_74YR","DRIVER_COUNT_75PLUS","EST_HRS_CLOSED","FATAL_COUNT","HEAVY_TRUCK_COUNT","HORSE_BUGGY_COUNT","HOUR_OF_DAY","ILLUMINATION","INJURY_COUNT","INTERSECTION_RELATED","INTERSECT_TYPE","LANE_CLOSED","LATITUDE","LN_CLOSE_DIR","LOCATION_TYPE","LONGITUDE","MAX_SEVERITY_LEVEL","MCYCLE_DEATH_COUNT","MCYCLE_SUSP_SERIOUS_INJ_COUNT","MOTORCYCLE_COUNT","MUNICIPALITY","NONMOTR_COUNT","NONMOTR_DEATH_COUNT","NONMOTR_SUSP_SERIOUS_INJ_COUNT","NTFY_HIWY_MAINT","PED_COUNT","PED_DEATH_COUNT","PED_SUSP_SERIOUS_INJ_COUNT","PERSON_COUNT","POLICE_AGCY","POSSIBLE_INJ_COUNT","RDWY_SURF_TYPE_CD","RELATION_TO_ROAD","ROADWAY_CLEARED","ROAD_CONDITION","SCH_BUS_IND","SCH_ZONE_IND","SECONDARY_CRASH","SMALL_TRUCK_COUNT","SPEC_JURIS_CD","SUSP_MINOR_INJ_COUNT","SUSP_SERIOUS_INJ_COUNT","SUV_COUNT","TCD_FUNC_CD","TCD_TYPE","TFC_DETOUR_IND","TIME_OF_DAY","TOTAL_UNITS","TOT_INJ_COUNT","UNBELTED_OCC_COUNT","UNB_DEATH_COUNT","UNB_SUSP_SERIOUS_INJ_COUNT","UNK_INJ_DEG_COUNT","UNK_INJ_PER_COUNT","URBAN_RURAL","VAN_COUNT","VEHICLE_COUNT","VULNERABLE_ROAD_USER_COUNT","VULNERABLE_ROAD_USER_DEATH_COUNT","VULNERABLE_ROAD_USER_SER_INJ_COUNT","WEATHER1","WEATHER2","WORKERS_PRES","WORK_ZONE_IND","WORK_ZONE_LOC","WORK_ZONE_TYPE","WZ_CLOSE_DETOUR","WZ_FLAGGER","WZ_LAW_OFFCR_IND","WZ_LN_CLOSURE","WZ_MOVING","WZ_OTHER","WZ_SHLDER_MDN","WZ_WORKERS_INJ_KILLED"
"2022085494","0028","2","0","0","0","0","0","0","0","0","4","0","","67","8","2022","7","39.956963","-75.225512","0022","6","0","0","0","0","0","0","0","0","","0","0","0","0","3","2","","1","0","39 57:25.065","","0","75 13:31.843","3","0","0","0","67301","0","0","0","N","0","0","0","3","67301","0","","1.0","","1","N","N","N","0","","2","0","0","3","2","","15","2","2","0","0","0","0","0","2","0","2","0","0","0","3","03","","N","","","","","","","","","",""
"2022077668","0220","1","0","0","0","0","0","0","0","0","1","0","","67","8","2022","5","39.985739","-75.215964","0220","6","0","0","0","0","0","1","0","0","","0","0","0","19","6","1","N","0","0","39 59:08.660","","0","75 12:57.470","8","0","0","0","67301","0","0","0","N","0","0","0","2","67301","0","","1.0","","1","N","N","N","0","","0","0","0","0","0","","1900","2","1","0","0","0","1","1","2","1","2","0","0","0","3","","","N","","","","","","","","","",""
"2022076094","0231","1","0","0","0","0","0","0","0","0","4","0","","67","8","2022","7","40.00468","-75.152126","0231","6","0","0","0","0","1","0","0","0","","0","0","0","2","3","7","","1","2","40 00:16.847","1","0","75 09:07.652","8","0","0","0","67301","0","0","0","N","0","0","0","9","67505","0","","1.0","540.0","1","N","N","N","0","","0","0","2","3","2","Y","231","3","7","4","0","0","7","1","2","0","3","0","0","0","3","","","N","","","","","","","","","",""
"2022073659","1454","1","0","0","0","0","0","0","0","0","1","0","","67","8","2022","5","39.907564","-75.143561","1454","6","0","0","0","0","0","0","0","0","","0","0","0","14","1","0","N","0","0","39 54:27.230","","3","75 08:36.820","0","0","0","0","67301","0","0","0","N","0","0","0","3","67501","0","","1.0","","1","N","N","N","0","","0","0","1","3","8","","1452","2","0","1","0","0","0","0","2","0","2","0","0","0","3","03","","N","","","","","","","","","",""
"2022078807","0609","1","0","0","0","0","0","0","0","0","7","0","","67","8","2022","2","39.966971","-75.133575","0600","6","0","0","0","0","0","0","0","0","","0","0","0","5","1","0","N","0","2","39 58:01.095","1","3","75 08:00.871","0","0","0","0","67301","0","0","0","N","0","0","0","1","68K01","0","","4.0","615.0","9","N","N","N","0","","0","0","0","0","0","N","555","1","0","0","0","0","0","0","2","0","1","0","0","0","7","","","N","","","","","","","","","",""
"2022081988","1931","1","0","0","0","0","0","0","0","0","5","1","","67","9","2022","3","39.95698","-75.157018","1923","6","0","0","0","0","0","0","0","0","","0","1","0","18","3","1","N","0","1","39 57:25.127","3","0","75 09:25.264","3","0","0","0","67301","0","0","0","N","0","0","0","2","67301","0","","1.0","2015.0","1","N","N","N","0","","1","0","0","0","0","N","1844","2","1","0","0","0","0","0","2","0","2","0","0","0","3","03","","N","","","","","","","","","",""
"2022080898","2347","0","0","0","0","0","0","0","0","0","8","0","","67","8","2022","2","40.042109","-75.10553","2346","6","0","0","0","0","0","0","0","0","","0","0","0","23","3","1","N","0","2","40 02:31.591","5","0","75 06:19.908","2","0","0","0","67301","1","0","1","N","1","0","1","2","67301","0","","1.0","128.0","1","N","N","N","0","","0","1","0","0","0","Y","2345","2","1","0","0","0","0","0","2","0","1","1","0","1","3","03","","N","","","","","","","","","",""
"2022082718","0720","0","0","0","0","0","0","0","0","0","7","1","99","67","9","2022","6","39.958833","-75.18875","0718","6","0","0","0","0","1","0","0","0","","0","1","0","7","1","0","N","0","0","39 57:31.800","","0","75 11:19.500","0","0","0","0","67301","0","0","0","N","0","0","0","1","67507","0","","4.0","","1","N","N","N","0","","0","0","0","3","8","","715","1","0","0","0","0","0","0","2","0","1","0","0","0","3","","U","Y","4","1","","","U","Y","","","","N"
"2022085391","0910","0","0","0","0","0","0","0","0","0","7","0","","67","9","2022","7","39.981214","-75.197689","0830","6","0","0","0","0","0","0","0","0","","0","0","0","6","2","0","N","0","0","39 58:52.370","","0","75 11:51.680","9","0","0","0","67301","0","0","0","N","0","0","0","1","67301","0","","3.0","","1","N","N","N","1","","0","0","0","0","0","","650","1","0","1","0","0","0","1","2","0","1","0","0","0","3","03","","N","","","","","","","","","",""
"2022077567","1131","1","0","0","0","0","0","0","0","0","4","0","","67","8","2022","1","39.968229","-75.240493","1130","6","0","0","0","0","0","0","0","1","","0","0","0","10","1","0","","1","0","39 58:05.624","","0","75 14:25.774","0","0","0","0","67301","0","0","0","N","0","0","0","2","67301","0","","1.0","","1","N","N","N","1","","0","0","0","3","3","","1005","2","0","0","0","0","0","0","2","0","2","0","0","0","3","","","N","","","","","","","","","",""
"2022075809","0856","0","0","0","0","0","0","0","0","0","8","0","","67","8","2022","2","40.036763","-75.138105","0854","6","0","0","0","0","0","0","0","0","","0","0","0","8","1","1","","1","0","40 02:12.346","","0","75 08:17.177","8","0","0","0","67301","1","0","0","N","1","0","0","2","67301","0","","1.0","","1","N","N","N","0","","0","0","1","3","3","","830","2","1","1","0","0","1","1","2","0","1","1","0","0","4","","","N","","","","","","","","","",""
"2022072300","1755","1","0","0","0","0","0","0","0","0","4","0","","67","8","2022","7","40.02067","-75.148646","1755","6","0","0","0","0","0","0","1","0","","0","0","0","17","1","0","","2","0","40 01:14.412","","0","75 08:55.127","0","0","0","0","67301","0","0","0","N","0","0","0","2","67301","0","","1.0","","1","N","N","N","0","","0","0","1","0","0","","1735","2","0","0","0","0","0","0","2","0","2","0","0","0","3","","","N","","","","","","","","","",""
"2022081247","1753","1","0","0","0","0","0","0","0","0","4","1","","67","9","2022","6","39.948883","-75.189669","1745","6","0","0","0","0","0","1","0","0","","0","1","0","16","1","1","","2","0","39 56:55.978","","0","75 11:22.808","4","0","0","0","67301","0","0","0","N","0","0","0","3","67301","1","","1.0","","1","N","N","N","0","","0","0","0","3","2","","1640","2","1","0","0","0","0","0","2","0","2","0","0","0","3","03","","N","","","","","","","","","",""
"2022070465","0004","0","0","0","0","0","0","0","0","0","4","0","","67","8","2022","2","40.046241","-75.166071","2358","6","0","0","0","0","0","0","1","0","","0","0","0","22","3","1","","1","0","40 02:46.469","","0","75 09:57.857","3","0","0","0","67301","0","0","0","N","0","0","0","2","67301","0","","1.0","","1","N","N","N","0","","1","0","2","3","3","","2235","2","1","0","0","0","0","0","2","0","2","0","0","0","3","03","","N","","","","","","","","","",""
"2022080968","2347","2","0","0","0","0","0","0","0","0","4","0","","67","9","2022","7","40.050117","-75.064072","2345","6","0","0","0","0","0","0","0","0","","0","0","0","23","3","0","","1","0","40 03:00.421","","0","75 03:50.659","0","0","0","0","67301","0","0","0","N","0","0","0","4","67301","0","","1.0","","1","N","N","N","0","","0","0","0","3","2","","2345","2","0","0","0","0","0","0","2","0","2","0","0","0","3","","","N","","","","","","","","","",""
"2022072746","1027","1","0","0","0","0","0","0","0","0","4","0","","67","8","2022","5","40.012329","-75.13865","1026","6","0","0","0","0","0","0","0","0","","0","0","0","10","1","1","","1","0","40 00:44.384","","0","75 08:19.139","3","0","0","0","67301","0","0","0","N","0","0","0","2","67301","0","","1.0","","1","N","N","N","0","","1","0","1","3","3","","1024","3","1","0","0","0","0","0","2","1","3","0","0","0","3","03","","N","","","","","","","","","",""
"2022072233","1730","1","0","0","0","0","0","0","0","0","4","0","","67","8","2022","4","40.053078","-75.177189","1730","6","0","0","0","0","0","0","0","0","","0","0","0","13","1","1","","2","0","40 03:11.079","","0","75 10:37.881","3","0","0","0","67301","0","0","0","N","0","0","0","2","67301","0","","1.0","","1","N","N","N","0","","1","0","1","3","3","","1300","2","1","0","0","0","0","0","2","0","2","0","0","0","3","","","N","","","","","","","","","",""
"2022072202","2240","0","0","0","0","0","0","0","0","0","4","0","","67","8","2022","3","39.919922","-75.142983","2208","6","0","0","0","0","0","0","0","0","","0","0","0","22","3","0","N","0","0","39 55:11.720","","7","75 08:34.740","0","0","0","0","67301","0","0","0","N","0","0","0","5","67301","0","","1.0","","1","N","N","N","0","","0","0","2","3","3","","2203","2","0","0","0","0","0","0","2","0","2","0","0","0","3","03","","N","","","","","","","","","",""
"2022070432","0850","1","0","0","0","0","0","0","0","0","8","0","","67","8","2022","2","39.958475","-75.225184","0841","6","0","0","0","0","0","0","0","0","","0","0","0","8","1","1","","1","0","39 57:30.510","","0","75 13:30.663","3","0","0","0","67301","1","0","0","N","1","0","0","2","67301","0","","1.0","","9","N","N","N","0","","1","0","0","3","2","","841","2","1","0","0","0","0","0","2","0","1","1","0","0","7","07","","N","","","","","","","","","",""
"2022072253","2006","0","0","0","0","0","0","0","0","0","8","0","","67","8","2022","2","39.937869","-75.166816","2002","6","0","0","0","0","0","0","0","0","","0","0","0","18","4","1","","1","0","39 56:16.329","","0","75 10:00.536","8","0","0","0","67301","1","0","0","N","1","0","0","5","67301","0","","1.0","","1","N","N","N","0","","0","0","1","3","2","","1815","2","1","2","0","0","1","0","2","0","1","1","0","0","3","03","","N","","","","","","","","","",""
"2022072219","1058","2","0","0","0","0","0","0","0","0","4","0","","67","8","2022","5","40.074374","-75.001988","1058","6","0","0","0","0","0","0","0","0","","0","0","0","10","1","1","","2","0","40 04:27.746","","0","75 00:07.158","4","0","0","0","67301","0","0","0","N","0","0","0","3","67301","1","","1.0","","1","N","N","N","0","","0","0","0","3","3","","1030","2","1","0","0","0","0","0","2","0","2","0","0","0","3","03","","N","","","","","","","","","",""
"2022070437","0610","1","0","0","0","0","0","0","0","0","6","0","","67","8","2022","2","40.044178","-75.069186","0601","6","0","0","0","0","0","0","0","0","","0","0","0","5","5","0","N","0","1","40 02:39.040","4","0","75 04:09.070","0","0","0","0","67301","0","0","0","N","0","0","0","1","67301","0","","6.0","707.0","9","N","N","N","0","","0","0","4","0","0","N","552","5","0","0","0","0","0","0","2","0","5","0","0","0","7","","","N","","","","","","","","","",""
"2022075971","1217","0","0","0","0","0","0","0","0","0","4","0","","67","8","2022","6","39.938124","-75.225168","0014","6","0","0","0","0","0","0","0","0","","0","0","0","0","3","1","","2","2","39 56:17.246","6","0","75 13:30.604","2","0","1","1","67301","0","0","0","N","0","0","0","2","67301","0","","1.0","230.0","1","N","N","N","0","","0","1","1","0","0","Y","9","2","1","0","0","0","0","0","2","0","2","0","0","0","3","03","","N","","","","","","","","","",""
"2022089884","0030","1","0","0","0","0","0","0","0","0","7","0","","67","8","2022","7","39.991583","-75.184705","0023","6","0","0","0","0","0","0","0","0","","0","0","0","21","3","0","","1","0","39 59:29.698","","0","75 11:04.939","0","0","0","0","67301","0","0","0","N","0","0","0","1","67301","0","","4.0","","1","N","N","N","0","","0","0","0","3","2","","2129","1","0","0","0","0","0","0","2","0","1","0","0","0","3","03","","N","","","","","","","","","",""
"2022089235","0123","0","0","0","0","0","0","0","0","0","7","0","","67","9","2022","3","39.953927","-75.140889","0123","6","0","0","0","0","0","0","0","0","","0","0","0","1","3","0","N","0","2","39 57:14.136","1","2","75 08:27.200","0","0","0","0","67301","0","0","0","N","0","0","0","1","68K01","0","","4.0","145.0","1","N","N","N","1","","0","0","0","0","0","N","115","1","0","0","0","0","0","0","2","0","1","0","0","0","3","03","","N","","","","","","","","","",""
"2022090892","1550","0","0","0","0","0","0","0","0","0","4","1","","67","9","2022","2","40.026288","-75.097275","1550","6","0","0","0","0","0","1","0","0","","0","1","0","14","1","4","","1","1","40 01:34.637","3","0","75 05:50.189","4","0","0","0","67301","0","0","0","N","0","0","0","5","67301","4","","1.0","130.0","1","N","N","N","0","","0","0","1","3","2","N","1454","2","4","0","0","0","0","0","2","0","2","0","0","0","3","03","","N","","","","","","","","","",""
"2022075859","2056","2","0","0","0","0","0","0","0","0","1","0","","67","8","2022","5","40.017011","-75.147175","2056","6","0","0","0","0","0","0","0","0","","0","0","0","20","3","1","N","0","0","40 01:01.240","","0","75 08:49.830","8","0","0","0","67301","0","0","0","N","0","0","0","2","67301","0","","1.0","","1","N","N","N","0","","0","0","0","0","0","","2050","2","1","0","0","0","1","0","2","0","2","0","0","0","3","03","","N","","","","","","","","","",""
"2022090305","2221","0","0","0","0","0","0","0","0","0","1","0","","67","8","2022","6","39.976833","-75.11271","2216","6","0","0","0","0","0","1","0","0","","0","0","0","21","3","0","Y","0","0","39 58:36.598","","0","75 06:45.755","0","0","0","0","67301","0","0","0","N","0","0","0","2","67301","0","","1.0","","1","N","N","N","0","","0","0","2","3","2","","2105","2","0","1","0","0","0","0","2","0","2","0","0","0","3","03","","N","","","","","","","","","",""
"2022089302","1505","0","0","0","0","0","0","0","0","0","1","0","","67","9","2022","3","40.094226","-75.030825","1457","6","0","0","0","0","0","1","1","0","","0","0","0","14","1","1","","2","2","40 05:39.215","1","0","75 01:50.969","3","0","0","0","67301","0","0","0","N","0","0","0","2","67301","0","","1.0","1530.0","1","N","N","N","1","","1","0","1","3","2","N","1455","2","1","0","0","0","0","0","2","0","2","0","0","0","3","","","N","","","","","","","","","",""
"2022091581","1749","1","0","0","0","0","0","0","0","0","1","0","","67","9","2022","7","40.039375","-75.101325","1749","6","0","0","0","0","0","0","0","0","","0","0","0","17","1","0","N","0","1","40 02:21.750","3","0","75 06:04.770","0","0","0","0","67301","0","0","0","N","0","0","0","2","68K01","0","","3.0","1840.0","1","N","N","N","1","","0","0","1","0","0","N","1749","3","0","1","0","0","0","0","2","0","3","0","0","0","3","","","N","","","","","","","","","",""
"2022078232","0119","1","0","0","0","0","0","0","0","0","4","0","","67","8","2022","3","40.025129","-75.082673","0104","6","0","0","0","0","0","0","0","0","","0","0","0","0","3","0","","1","0","40 01:30.464","","0","75 04:57.622","0","0","0","0","67301","0","0","0","N","0","0","0","2","67301","0","","1.0","","1","N","N","N","0","","0","0","3","3","3","","59","4","0","2","0","0","0","0","2","0","4","0","0","0","3","03","","N","","","","","","","","","",""
"2022075810","2010","0","0","0","0","0","0","0","0","0","4","0","","67","8","2022","2","40.051376","-75.124325","2008","6","0","0","0","0","0","1","0","0","","0","0","0","17","1","1","","1","0","40 03:04.953","","0","75 07:27.570","3","0","0","0","67301","0","0","0","N","0","0","0","2","67301","0","","1.0","","1","N","N","N","0","","1","0","2","3","3","","1754","2","1","0","0","0","0","1","2","0","2","0","0","0","3","03","","N","","","","","","","","","",""
"2022087827","0530","2","0","0","0","0","0","1","0","0","5","1","","67","9","2022","2","40.012586","-75.104514","0415","6","0","0","0","0","0","0","1","0","","0","0","0","4","5","1","N","0","0","40 00:45.310","","0","75 06:16.250","3","0","0","0","67301","0","0","0","N","0","0","0","2","67301","0","","6.0","","1","Y","Y","N","0","","1","0","1","0","0","","400","4","1","0","0","0","0","0","2","0","4","0","0","0","3","03","","N","","","","","","","","","",""
"2022076149","0922","1","0","0","0","0","0","0","0","0","4","0","","67","8","2022","5","40.057459","-75.148169","0922","6","0","0","0","0","0","0","0","0","","0","0","0","9","1","1","","1","0","40 03:26.852","","0","75 08:53.408","8","0","0","0","67301","0","0","0","N","0","0","0","2","67301","0","","1.0","","1","N","N","N","0","","0","0","1","3","3","","902","2","1","0","0","0","1","0","2","0","2","0","0","0","3","03","","N","","","","","","","","","",""
"2022086701","0025","1","0","0","0","0","0","0","0","0","2","0","","67","9","2022","3","40.02475","-75.133064","0025","6","0","0","0","0","0","0","0","0","","0","0","0","0","3","0","N","0","0","40 01:29.100","","0","75 07:59.030","9","0","0","1","67301","0","0","0","N","0","0","0","1","67301","0","","1.0","","99","N","N","N","0","","0","0","0","3","2","","15","2","0","0","0","0","0","1","2","0","2","0","0","0","3","03","","N","","","","","","","","","",""
"2022086865","2015","0","0","0","0","0","0","1","0","0","8","1","","67","9","2022","6","39.951334","-75.154973","2015","6","0","0","0","0","0","0","0","0","","0","0","0","20","3","1","N","0","0","39 57:04.801","","0","75 09:17.901","8","0","0","0","67301","1","0","0","N","1","0","0","2","67301","0","","1.0","","1","N","N","N","0","","0","0","0","0","0","","2000","2","1","0","0","0","1","0","2","0","1","1","0","0","3","","","N","","","","","","","","","",""
"2022086339","2312","2","0","0","0","0","0","0","0","0","1","0","","67","9","2022","7","39.885744","-75.243466","2254","6","0","0","0","0","0","1","0","0","","0","0","0","21","3","2","N","0","0","39 53:08.678","","0","75 14:36.478","4","0","0","0","67301","0","0","0","N","0","0","0","3","68K01","2","","1.0","","1","N","N","N","0","","0","0","1","0","0","","2158","3","2","0","0","0","0","0","2","0","3","0","0","0","3","","","N","","","","","","","","","",""
"2022075772","0712","0","0","0","0","0","0","0","0","0","4","0","","67","8","2022","3","40.029486","-75.103826","0706","6","0","0","0","0","0","0","0","0","","0","0","0","6","1","0","","3","1","40 01:46.148","1","0","75 06:13.773","0","0","0","0","67301","0","0","0","N","0","0","0","2","67301","0","","1.0","815.0","1","N","N","N","0","","0","0","2","3","2","Y","647","2","0","0","0","0","0","0","2","0","2","0","0","0","3","03","","N","","","","","","","","","",""
"2022077074","0527","1","0","0","0","0","0","0","0","0","8","0","","67","8","2022","4","39.95044","-75.192585","0527","6","0","0","0","0","0","0","0","0","","0","0","0","5","5","1","","1","0","39 57:01.583","","0","75 11:33.306","3","0","0","0","67301","1","0","0","N","0","0","0","2","67504","0","","1.0","","1","N","N","N","0","","1","0","0","3","2","","527","2","1","0","0","0","0","0","2","0","1","1","0","0","3","03","","N","","","","","","","","","",""
"2022075868","0915","1","0","0","0","0","0","0","0","0","8","0","","67","8","2022","6","39.992978","-75.119839","0913","6","0","0","0","0","0","0","0","0","","0","0","0","9","1","1","N","0","0","39 59:34.720","","1","75 07:11.420","2","0","0","0","67301","1","0","1","N","1","0","1","2","67301","0","","6.0","","1","N","N","N","0","","0","1","1","0","0","","905","3","1","0","0","0","0","0","2","0","2","1","0","1","3","03","","N","","","","","","","","","",""
"2022082172","0213","0","0","0","0","0","0","0","0","0","7","0","","67","8","2022","2","40.027985","-75.023745","0213","6","0","0","0","0","0","0","0","0","","0","0","0","2","3","0","N","0","2","40 01:40.747","1","0","75 01:25.481","0","0","0","0","67301","0","0","0","N","0","0","0","1","68K01","0","","4.0","230.0","9","N","N","N","0","","0","0","1","0","0","N","205","1","0","0","0","0","0","0","2","0","1","0","0","0","7","","","N","","","","","","","","","",""
"2022082026","2355","3","0","0","0","0","0","0","0","0","4","0","","67","8","2022","1","39.960502","-75.241551","2355","6","0","0","0","0","0","0","0","0","","0","0","0","23","3","0","N","0","0","39 57:37.808","","0","75 14:29.585","9","0","0","0","67301","0","0","0","N","0","0","0","1","67301","0","","4.0","","9","N","N","N","0","","0","0","0","0","0","","2355","3","0","1","0","0","0","1","2","0","3","0","0","0","7","07","","N","","","","","","","","","",""
"2022087421","1218","0","0","0","0","0","0","1","0","0","5","1","","67","9","2022","7","40.001585","-75.152798","1215","6","0","0","0","0","0","0","0","0","","0","0","0","12","1","1","","1","1","40 00:05.705","2","0","75 09:10.074","4","0","0","0","67301","0","0","0","N","0","0","0","2","67508","1","","1.0","9999.0","1","N","N","Y","0","","0","0","1","3","2","Y","1215","2","1","0","0","0","0","0","2","0","2","0","0","0","3","03","","N","","","","","","","","","",""
"2022072491","2156","0","0","0","1","0","0","0","0","0","8","0","","67","8","2022","6","39.997217","-75.119346","2144","6","0","0","0","0","0","0","0","0","","0","0","0","21","3","1","","1","0","39 59:49.981","","0","75 07:09.644","3","0","0","0","67301","1","0","0","N","0","0","0","2","67301","0","","1.0","","1","N","N","N","0","","1","0","1","3","2","","2125","2","1","0","0","0","0","0","2","0","1","1","0","0","3","03","","N","","","","","","","","","",""
"2022072249","2139","1","0","0","1","0","0","0","0","0","8","0","","67","8","2022","6","39.963255","-75.188499","2135","6","0","0","0","1","0","0","0","0","","0","0","0","21","3","1","","1","0","39 57:47.719","","0","75 11:18.597","3","0","0","0","67301","1","0","0","N","0","0","0","2","67301","0","","1.0","","1","N","N","N","0","","1","0","0","3","2","","2130","2","1","0","0","0","0","0","2","0","1","1","0","0","3","","","N","","","","","","","","","",""
"2022072298","1710","0","0","0","0","0","0","0","0","0","8","0","","67","8","2022","3","40.009719","-75.174675","1705","6","0","0","0","0","0","0","0","0","","0","0","0","13","1","1","N","0","0","40 00:34.990","","7","75 10:28.830","2","0","0","0","67301","1","0","1","N","1","0","1","2","67301","0","","1.0","","1","N","N","N","0","","0","1","1","0","0","","1347","2","1","0","0","0","0","0","2","0","1","1","0","1","3","03","","N","","","","","","","","","",""
"2022086493","1545","1","0","0","0","0","0","0","0","0","1","1","","67","8","2022","3","39.956685","-75.143564","1541","6","0","0","0","0","0","0","0","0","","0","1","0","15","1","1","","7","0","39 57:24.067","","8","75 08:36.830","8","0","0","0","67301","0","0","0","N","0","0","0","2","68K01","0","","7.0","","1","N","N","N","0","","0","0","0","0","0","","1539","2","1","0","0","0","1","0","2","0","2","0","0","0","3","03","","N","","","","","","","","","",""
"2022081494","1219","1","0","0","0","0","0","0","0","0","7","0","","67","9","2022","2","40.057913","-75.040631","1209","6","0","0","0","0","0","0","0","0","","0","0","0","11","1","0","N","0","0","40 03:28.487","","0","75 02:26.273","0","0","0","0","67301","0","0","0","N","0","0","0","0","67301","0","","3.0","","1","N","N","N","0","","0","0","0","0","0","","1151","1","0","0","0","0","0","0","2","0","1","0","0","0","3","","","N","","","","","","","","","",""
"2022072267","0450","1","0","0","0","0","0","0","0","0","1","0","","67","8","2022","3","39.976306","-75.182944","0444","6","0","0","0","0","0","0","0","0","","0","0","0","4","3","0","N","0","0","39 58:34.700","","0","75 10:58.600","9","0","0","0","67301","0","0","0","N","0","0","0","1","67301","0","","6.0","","1","N","N","N","0","","0","0","1","0","0","","416","2","0","1","0","0","0","1","2","0","2","0","0","0","3","","","N","","","","","","","","","",""
"2022072299","2220","2","0","0","0","0","0","0","0","0","1","0","","67","8","2022","6","40.014653","-75.156684","2217","6","0","0","0","0","0","2","0","0","","0","0","0","22","3","1","","1","0","40 00:52.752","","0","75 09:24.063","3","0","0","0","67301","0","0","0","N","0","0","0","3","67301","0","","1.0","","1","N","N","N","0","","1","0","2","3","2","","2216","4","1","1","0","0","0","0","2","0","4","0","0","0","3","03","","N","","","","","","","","","",""
"2022081981","1319","2","0","0","0","0","0","0","0","0","5","0","","67","9","2022","2","39.970228","-75.145006","1317","6","0","0","0","0","0","0","0","0","","0","0","0","13","1","1","","1","2","39 58:12.820","3","0","75 08:42.023","8","0","0","0","67301","0","0","0","N","0","0","0","8","67301","0","","1.0","1500.0","1","N","N","N","0","","0","0","0","3","2","Y","1312","2","1","1","0","0","1","6","2","0","2","0","0","0","3","03","","N","","","","","","","","","",""
"2022077914","0045","1","0","0","0","0","0","0","0","0","5","0","","67","8","2022","4","39.982108","-75.132742","0045","6","0","0","0","0","0","0","0","0","","0","0","0","0","3","0","N","0","2","39 58:55.590","1","1","75 07:57.870","9","0","0","0","67301","0","0","0","N","0","0","0","1","67301","0","","6.0","145.0","1","N","N","N","1","","0","0","0","0","0","N","38","2","0","0","0","0","0","1","2","0","2","0","0","0","3","03","","N","","","","","","","","","",""
"2022073575","0143","0","0","0","0","0","0","0","0","0","7","0","","67","8","2022","3","39.975606","-75.191228","0135","6","0","0","0","0","0","0","0","0","","0","0","0","1","3","0","N","0","2","39 58:32.182","6","0","75 11:28.419","9","0","0","0","67301","0","0","0","N","0","0","0","1","67301","0","","4.0","300.0","1","N","N","N","0","","0","0","1","0","0","Y","127","1","0","0","0","0","0","1","2","0","1","0","0","0","3","","","N","","","","","","","","","",""
"2022076473","1528","1","0","0","0","0","0","0","0","0","8","0","","67","8","2022","1","40.059926","-75.018391","1520","6","0","0","0","0","0","1","0","0","","0","0","0","15","1","1","","1","0","40 03:35.733","","0","75 01:06.209","3","0","0","0","67301","1","0","0","N","1","0","0","2","67301","0","","1.0","","1","N","N","N","0","","1","0","0","3","2","","1518","2","1","0","0","0","0","0","2","0","1","1","0","0","3","","","N","","","","","","","","","",""
"2022072228","0755","2","0","0","0","0","0","0","0","0","4","0","","67","8","2022","4","39.935845","-75.234142","0750","6","0","0","0","0","0","0","0","0","","0","0","0","7","1","1","","2","0","39 56:09.042","","0","75 14:02.911","8","0","0","0","67301","0","0","0","N","0","0","0","3","67301","0","","1.0","","1","N","N","N","0","","0","0","0","3","3","","710","2","1","0","0","0","1","1","2","0","2","0","0","0","3","","","N","","","","","","","","","",""
"2022079174","0245","0","0","0","1","0","0","0","0","0","8","0","","67","8","2022","1","39.975325","-75.192849","0240","6","0","0","0","0","0","0","0","0","","0","0","0","1","3","1","N","0","0","39 58:31.171","","3","75 11:34.255","8","0","0","0","67301","1","0","0","N","0","0","0","2","67301","0","","1.0","","1","N","N","N","0","","0","0","0","0","0","","118","2","1","0","0","0","1","0","2","0","1","1","0","0","3","","","N","","","","","","","","","",""
"2022080793","0753","1","0","0","0","0","0","0","0","0","1","0","","67","8","2022","3","39.980407","-75.205699","0748","6","0","0","0","0","0","1","0","0","","0","0","0","7","1","0","N","0","1","39 58:49.464","3","0","75 12:20.515","0","0","0","0","67301","0","0","0","N","0","0","0","3","68K01","0","","1.0","841.0","1","N","N","N","0","","0","0","2","0","0","Y","742","3","0","0","0","0","0","0","2","0","3","0","0","0","3","03","","N","","","","","","","","","",""
"2022072270","1840","0","0","0","0","0","0","0","0","0","7","0","","67","8","2022","4","39.9895","-75.155439","1835","6","0","0","0","0","0","1","0","0","","0","0","0","18","1","1","N","0","1","39 59:22.199","1","0","75 09:19.580","3","0","0","0","67301","0","0","0","N","0","0","0","3","67301","0","","3.0","1850.0","1","N","N","N","0","","1","0","1","0","0","N","1830","1","1","0","0","0","0","0","2","0","1","0","0","0","3","03","","N","","","","","","","","","",""