"CRN","ARRIVAL_TM","AUTOMOBILE_COUNT","BELTED_DEATH_COUNT","BELTED_SUSP_SERIOUS_INJ_COUNT","BICYCLE_COUNT","BICYCLE_DEATH_COUNT","BICYCLE_SUSP_SERIOUS_INJ_COUNT","BUS_COUNT","CHLDPAS_DEATH_COUNT","CHLDPAS_SUSP_SERIOUS_INJ_COUNT","COLLISION_TYPE","COMM_VEH_COUNT","CONS_ZONE_SPD_LIM","COUNTY","CRASH_MONTH","CRASH_YEAR","DAY_OF_WEEK","DEC_LATITUDE","DEC_LONGITUDE","DISPATCH_TM","DISTRICT","DRIVER_COUNT_16YR","DRIVER_COUNT_17YR","DRIVER_COUNT_18YR","DRIVER_COUNT_19YR","DRIVER_COUNT_20YR","DRIVER_COUNT_50_64YR","DRIVER_COUNT_65_74YR","DRIVER_COUNT_75PLUS","EST_HRS_CLOSED","FATAL_COUNT","HEAVY_TRUCK_COUNT","HORSE_BUGGY_COUNT","HOUR_OF_DAY","ILLUMINATION","INJURY_COUNT","INTERSECTION_RELATED","INTERSECT_TYPE","LANE_CLOSED","LATITUDE","LN_CLOSE_DIR","LOCATION_TYPE","LONGITUDE","MAX_SEVERITY_LEVEL","MCYCLE_DEATH_COUNT","MCYCLE_SUSP_SERIOUS_INJ_COUNT","MOTORCYCLE_COUNT","MUNICIPALITY","NONMOTR_COUNT","NONMOTR_DEATH_COUNT","NONMOTR_SUSP_SERIOUS_INJ_COUNT","NTFY_HIWY_MAINT","PED_COUNT","PED_DEATH_COUNT","PED_SUSP_SERIOUS_INJ_COUNT","PERSON_COUNT","POLICE_AGCY","POSSIBLE_INJ_COUNT","RDWY_SURF_TYPE_CD","RELATION_TO_ROAD","ROADWAY_CLEARED","ROAD_CONDITION","SCH_BUS_IND","SCH_ZONE_IND","SECONDARY_CRASH","SMALL_TRUCK_COUNT","SPEC_JURIS_CD","SUSP_MINOR_INJ_COUNT","SUSP_SERIOUS_INJ_COUNT","SUV_COUNT","TCD_FUNC_CD","TCD_TYPE","TFC_DETOUR_IND","TIME_OF_DAY","TOTAL_UNITS","TOT_INJ_COUNT","UNBELTED_OCC_COUNT","UNB_DEATH_COUNT","UNB_SUSP_SERIOUS_INJ_COUNT","UNK_INJ_DEG_COUNT","UNK_INJ_PER_COUNT","URBAN_RURAL","VAN_COUNT","VEHICLE_COUNT","VULNERABLE_ROAD_USER_COUNT","VULNERABLE_ROAD_USER_DEATH_COUNT","VULNERABLE_ROAD_USER_SER_INJ_COUNT","WEATHER1","WEATHER2","WORKERS_PRES","WORK_ZONE_IND","WORK_ZONE_LOC","WORK_ZONE_TYPE","WZ_CLOSE_DETOUR","WZ_FLAGGER","WZ_LAW_OFFCR_IND","WZ_LN_CLOSURE","WZ_MOVING","WZ_OTHER","WZ_SHLDER_MDN","WZ_WORKERS_INJ_KILLED"
"2022091564","0226","0","0","0","0","0","0","0","0","0","1","1","45","67","8","2022","3","39.958263","-75.165812","0219","6","0","0","0","0","0","1","0","0","","0","1","0","2","3","0","","7","1","39 57:29.748","3","2","75 09:56.922","9","0","0","0","67301","0","0","0","N","0","0","0","2","68K01","0","","7.0","305.0","1","N","N","N","0","","0","0","0","3","1","N","217","2","0","0","0","0","0","1","2","1","2","0","0","0","3","03","Y","Y","4","2","N","N","N","Y","N","N","N","N"
"2022084440","0942","0","0","0","0","0","0","0","0","0","1","0","","67","8","2022","4","40.018504","-75.046987","0919","6","0","0","0","1","0","0","0","0","","0","0","0","9","1","0","N","0","0","40 01:06.616","","0","75 02:49.153","0","0","0","0","67301","0","0","0","N","0","0","0","1","68K01","0","","2.0","","1","N","N","N","1","","0","0","1","0","0","","914","2","0","0","0","0","0","0","2","0","2","0","0","0","3","03","","N","","","","","","","","","",""
"2022077450","1830","0","0","0","0","0","0","0","0","0","4","0","","67","8","2022","3","40.046496","-75.09008","1803","6","0","1","0","0","0","1","0","0","","0","0","0","17","1","1","","1","0","40 02:47.384","","0","75 05:24.289","4","0","0","0","67301","0","0","0","N","0","0","0","2","67301","1","","1.0","","1","N","N","N","0","","0","0","2","0","0","","1730","2","1","0","0","0","0","0","2","0","2","0","0","0","3","03","","N","","","","","","","","","",""
"2022076159","0920","1","0","0","0","0","0","0","0","0","2","0","","67","8","2022","7","40.043122","-75.119744","0910","6","0","0","0","0","0","0","0","0","","0","0","0","9","1","0","N","0","0","40 02:35.240","","0","75 07:11.080","0","0","0","0","67301","0","0","0","N","0","0","0","1","67301","0","","6.0","","1","N","N","N","0","","0","0","1","0","0","","900","3","0","0","0","0","0","0","2","1","3","0","0","0","3","","","N","","","","","","","","","",""
"2022078403","1830","2","0","0","0","0","0","0","0","0","1","0","","67","8","2022","6","39.976176","-75.160962","1823","6","0","0","0","0","0","0","0","0","","0","0","0","18","1","2","","1","0","39 58:34.232","","0","75 09:39.464","4","0","0","0","67301","0","0","0","N","0","0","0","4","67301","2","","1.0","","1","N","N","N","0","","0","0","0","3","3","","1821","2","2","0","0","0","0","0","2","0","2","0","0","0","3","03","","N","","","","","","","","","",""
"2022076269","1628","2","0","0","0","0","0","0","0","0","4","0","","67","8","2022","7","39.95762","-75.145687","1628","6","0","0","0","0","0","0","0","0","","0","0","0","15","1","2","","1","0","39 57:27.432","","0","75 08:44.473","8","0","0","0","67301","0","0","0","N","0","0","0","4","67301","0","","1.0","","1","N","N","N","0","","0","0","0","3","2","","1508","2","2","0","0","0","2","0","2","0","2","0","0","0","3","","","N","","","","","","","","","",""
"2022088052","0030","0","0","0","0","0","0","0","0","0","4","1","","67","9","2022","3","40.060917","-75.137279","0011","6","0","0","0","0","0","0","0","0","","0","1","0","0","3","0","","2","0","40 03:39.301","","7","75 08:14.205","0","0","0","0","67301","0","0","0","N","0","0","0","2","67508","0","","1.0","","1","N","N","N","0","","0","0","1","0","0","","5","2","0","0","0","0","0","0","2","0","2","0","0","0","99","","","N","","","","","","","","","",""
"2022081484","2002","1","0","0","0","0","0","0","0","0","7","0","","67","8","2022","4","39.90707","-75.149754","2002","6","0","0","0","0","0","0","0","0","","0","0","0","20","3","2","N","0","0","39 54:25.453","","0","75 08:59.115","3","0","0","0","67301","0","0","0","N","0","0","0","3","68K01","0","","4.0","","1","N","N","N","0","","2","0","0","0","0","","2000","1","2","2","0","0","0","0","2","0","1","0","0","0","3","","","N","","","","","","","","","",""
"2022079765","1331","1","0","0","0","0","0","0","0","0","1","0","","67","8","2022","1","39.902228","-75.201758","1330","6","0","0","0","0","0","0","0","0","","0","0","0","6","5","1","N","0","0","39 54:08.021","","3","75 12:06.330","8","0","0","0","67301","0","0","0","N","0","0","0","2","67301","0","","1.0","","1","N","N","N","1","","0","0","0","0","0","","650","2","1","1","0","0","1","0","2","0","2","0","0","0","3","03","","N","","","","","","","","","",""
"2022087931","1842","1","0","0","0","0","0","0","0","0","1","0","","67","7","2022","3","40.005064","-75.194259","1836","6","0","0","0","0","0","0","0","0","","0","0","0","18","1","2","N","0","1","40 00:18.232","4","2","75 11:39.334","8","0","0","0","67301","0","0","0","N","0","0","0","3","68K01","0","","1.0","1910.0","1","N","N","N","0","","0","0","0","0","0","N","1835","2","2","2","0","0","2","1","2","1","2","0","0","0","3","03","","N","","","","","","","","","",""
"2022091344","0545","0","0","0","0","0","0","0","0","0","7","0","","67","7","2022","1","40.098086","-75.030942","0542","6","0","0","0","0","0","0","0","0","","0","0","0","5","1","0","N","0","0","40 05:53.110","","0","75 01:51.390","0","0","0","0","67301","0","0","0","N","0","0","0","1","67301","0","","2.0","","1","N","N","N","0","","0","0","1","0","0","","541","1","0","1","0","0","0","0","2","0","1","0","0","0","3","","","N","","","","","","","","","",""
"2022091248","2015","1","0","0","0","0","0","0","0","0","7","0","","67","9","2022","7","39.9342","-75.145209","2015","6","0","0","0","0","0","0","0","0","","0","0","0","19","3","0","N","0","0","39 56:03.119","","0","75 08:42.754","0","0","0","0","67301","0","0","0","N","0","0","0","1","68K01","0","","2.0","","9","N","N","Y","0","","0","0","0","0","0","","1953","1","0","0","0","0","0","0","2","0","1","0","0","0","3","","","N","","","","","","","","","",""
"2022076274","1632","1","0","0","0","0","0","0","0","0","4","0","","67","8","2022","6","39.916095","-75.165289","1630","6","0","0","0","0","0","0","0","0","","0","0","0","16","1","1","N","0","0","39 54:57.943","","0","75 09:55.039","3","0","0","0","67301","0","0","0","N","0","0","0","4","67301","0","","1.0","","1","N","N","N","1","","1","0","0","0","0","","1620","2","1","0","0","0","0","1","2","0","2","0","0","0","3","","","N","","","","","","","","","",""
"2022075965","0115","2","0","0","0","0","0","0","0","0","4","0","","67","8","2022","5","39.917005","-75.234662","0114","6","0","0","0","0","0","0","0","0","","0","0","0","0","3","0","","1","0","39 55:01.218","","0","75 14:04.783","9","0","0","0","67301","0","0","0","N","0","0","0","2","67301","0","","1.0","","1","N","N","N","0","","0","0","0","3","2","","53","2","0","0","0","0","0","2","2","0","2","0","0","0","3","03","","N","","","","","","","","","",""
"2022076698","2230","2","0","0","0","0","0","0","0","0","5","0","","67","8","2022","5","39.985439","-75.120762","2230","6","0","0","0","0","1","0","0","0","","0","0","0","10","1","1","N","0","0","39 59:07.580","","0","75 07:14.744","4","0","0","0","67301","0","0","0","N","0","0","0","2","67301","1","","1.0","","1","N","N","N","0","","0","0","0","0","0","","1000","2","1","0","0","0","0","1","2","0","2","0","0","0","3","03","","N","","","","","","","","","",""
"2022077863","1746","2","0","0","0","0","0","0","0","0","1","0","","67","8","2022","7","39.898501","-75.181827","1740","6","0","0","0","0","0","0","0","0","","0","0","0","17","1","2","","6","1","39 53:54.602","2","2","75 10:54.578","8","0","0","0","67301","0","0","0","N","0","0","0","4","68K01","0","","7.0","50.0","1","N","N","N","0","","0","0","0","3","4","Y","1733","2","2","0","0","0","2","0","2","0","2","0","0","0","3","03","","N","","","","","","","","","",""
"2022085507","0539","3","0","0","0","0","0","0","0","0","5","0","","67","8","2022","7","39.949625","-75.225028","0539","6","0","0","0","0","0","0","0","0","","0","0","0","5","3","0","N","0","0","39 56:58.650","","0","75 13:30.100","0","0","0","0","67301","0","0","0","N","0","0","0","1","67301","0","","6.0","","1","N","N","N","0","","0","0","1","0","0","","538","4","0","1","0","0","0","0","2","0","4","0","0","0","3","03","","N","","","","","","","","","",""
"2022091391","0250","4","0","0","0","0","0","0","0","0","4","1","","67","9","2022","1","40.049669","-75.160527","0248","6","0","0","0","0","0","1","0","0","","1","1","0","2","3","0","","1","2","40 02:58.808","7","0","75 09:37.897","1","0","0","0","67301","0","0","0","N","0","0","0","2","67301","0","2","1.0","730.0","1","N","N","N","0","0","0","0","1","3","2","Y","245","6","0","0","0","0","0","1","2","0","6","0","0","0","3","03","","N","","","","","","","","","",""
"2022090278","1154","0","0","0","0","0","0","0","0","0","4","0","","67","9","2022","7","39.994631","-75.094531","1154","6","0","1","0","0","0","0","0","0","","0","0","0","22","3","1","","1","0","39 59:40.673","","0","75 05:40.311","3","0","0","0","67301","0","0","0","N","0","0","0","2","67301","0","","1.0","","1","N","N","N","0","","1","0","2","3","1","","2200","2","1","0","0","0","0","0","2","0","2","0","0","0","3","03","","N","","","","","","","","","",""
"2022088961","1900","1","0","0","0","0","0","0","0","0","1","0","","67","9","2022","2","39.91386","-75.148809","1818","6","0","0","0","0","0","0","1","1","","0","0","0","16","1","2","N","0","0","39 54:49.895","","0","75 08:55.711","3","0","0","0","67301","0","0","0","N","0","0","0","3","67301","0","","1.0","","1","N","N","Y","0","","2","0","1","0","0","","1653","2","2","0","0","0","0","0","2","0","2","0","0","0","3","03","","N","","","","","","","","","",""
"2022090093","1559","1","0","0","0","0","0","0","0","0","4","0","","67","9","2022","6","39.970585","-75.150863","1554","6","0","0","0","0","0","0","0","0","","0","0","0","15","1","1","","1","0","39 58:14.107","","0","75 09:03.108","4","0","0","0","67301","0","0","0","N","0","0","0","3","67301","1","","1.0","","1","N","N","N","0","","0","0","1","3","3","","1550","2","1","0","0","0","0","0","2","0","2","0","0","0","3","03","","N","","","","","","","","","",""
"2022075847","0823","0","0","0","0","0","0","0","0","0","5","1","","67","8","2022","5","40.043733","-75.016064","0823","6","0","0","0","0","0","1","0","0","","0","1","0","8","1","1","N","0","0","40 02:37.440","","0","75 00:57.830","8","0","0","0","67301","0","0","0","N","0","0","0","4","67301","0","","1.0","","1","N","N","N","0","","0","0","0","0","0","","813","2","1","0","0","0","1","0","2","1","2","0","0","0","3","03","","N","","","","","","","","","",""
"2022076897","2145","0","0","0","0","0","0","0","0","0","4","0","","67","8","2022","6","40.084494","-74.973783","2122","6","0","0","0","0","0","1","0","0","","0","0","0","20","3","1","","1","0","40 05:04.180","","0","74 58:25.617","8","0","0","1","67301","0","0","0","N","0","0","0","3","67301","0","","1.0","","1","N","N","N","0","","0","0","1","3","2","","2047","2","1","0","0","0","1","0","2","0","2","0","0","0","3","03","","N","","","","","","","","","",""
"2022091426","2152","2","0","0","0","0","0","0","0","0","1","0","","67","9","2022","7","39.989855","-75.107529","2152","6","0","0","0","0","0","1","0","0","","1","0","0","21","3","0","Y","0","0","39 59:23.478","","0","75 06:27.103","1","1","0","1","67301","0","0","0","N","0","0","0","4","67301","0","2","1.0","","1","N","N","N","1","0","0","0","2","3","2","","2150","6","0","2","0","0","0","0","2","0","6","0","0","0","3","","","N","","","","","","","","","",""
"2022077569","1341","1","0","0","0","0","0","0","0","0","4","0","","67","8","2022","5","39.962155","-75.242704","1341","6","0","0","0","0","0","0","0","0","","0","0","0","13","1","0","","1","0","39 57:43.759","","1","75 14:33.733","0","0","0","0","67301","0","0","0","N","0","0","0","2","67301","0","","1.0","","1","N","N","N","0","","0","0","1","3","2","","1340","2","0","0","0","0","0","0","2","0","2","0","0","0","3","","","N","","","","","","","","","",""
"2022090863","0501","1","0","0","0","0","0","0","0","0","7","0","","67","10","2022","7","39.909287","-75.149311","0501","6","0","0","0","0","0","0","0","0","","0","0","0","3","3","1","N","0","0","39 54:33.434","","0","75 08:57.518","3","0","0","0","67301","0","0","0","N","0","0","0","1","68K01","0","","4.0","","9","N","N","N","0","","1","0","0","0","0","","300","1","1","0","0","0","0","0","2","0","1","0","0","0","7","","","N","","","","","","","","","",""
"2022089207","0224","0","0","0","0","0","0","0","0","0","0","0","","67","9","2022","5","39.898022","-75.184689","0218","6","0","0","0","0","0","0","0","0","","0","0","0","2","3","2","N","0","2","39 53:52.879","2","0","75 11:04.879","3","0","0","0","67301","0","0","0","N","0","0","0","2","68K01","0","","1.0","245.0","1","N","N","N","0","","2","0","1","0","0","N","209","1","2","0","0","0","0","0","2","0","1","0","0","0","3","","","N","","","","","","","","","",""
"2022076626","2115","1","0","0","0","0","0","0","0","0","4","0","","67","8","2022","7","40.010723","-75.162622","2111","6","0","0","0","0","0","2","0","0","","0","0","0","21","3","1","","1","0","40 00:38.603","","0","75 09:45.439","8","0","0","0","67301","0","0","0","N","0","0","0","2","67301","0","","1.0","","1","N","N","N","0","","0","0","1","3","3","","2109","2","1","0","0","0","1","0","2","0","2","0","0","0","3","","","N","","","","","","","","","",""
"2022088196","0337","2","0","0","0","0","0","0","0","0","4","0","","67","9","2022","7","40.041422","-75.147225","0334","6","0","0","0","0","0","0","0","0","","0","0","0","3","3","1","N","0","0","40 02:29.120","","0","75 08:50.010","3","0","0","0","67301","0","0","0","N","0","0","0","1","67301","0","","1.0","","1","N","N","N","0","","1","0","1","0","0","","329","3","1","0","0","0","0","0","2","0","3","0","0","0","3","03","","N","","","","","","","","","",""
"2022077695","1923","0","0","0","0","0","0","0","0","0","4","0","","67","8","2022","2","39.964959","-75.224574","1912","6","0","0","0","0","0","0","0","0","","0","0","0","19","1","2","","1","0","39 57:53.852","","0","75 13:28.466","3","0","0","1","67301","0","0","0","N","0","0","0","3","67301","0","","1.0","","1","N","N","N","1","","2","0","0","3","2","","1907","2","2","0","0","0","0","1","2","0","2","0","0","0","4","03","","N","","","","","","","","","",""
"2022086345","2229","1","0","0","0","0","0","0","0","0","7","0","","67","9","2022","1","40.036242","-75.015417","2213","6","0","0","0","0","0","0","0","0","","0","0","0","22","3","0","N","0","0","40 02:10.470","","0","75 00:55.500","0","0","0","0","67301","0","0","0","N","0","0","0","1","68K01","0","","4.0","","9","N","N","N","0","","0","0","0","0","0","","2201","1","0","0","0","0","0","0","2","0","1","0","0","0","7","","","N","","","","","","","","","",""
"2022085769","1953","2","0","0","0","0","0","0","0","0","4","0","","67","9","2022","7","40.073146","-75.189233","1952","6","0","0","0","0","0","1","1","0","","0","0","0","19","3","2","","5","1","40 04:23.324","4","0","75 11:21.237","3","0","0","0","67301","0","0","0","N","0","0","0","2","67301","1","","1.0","2046.0","1","N","N","N","0","","1","0","0","3","2","Y","1952","2","2","0","0","0","0","0","2","0","2","0","0","0","3","03","","N","","","","","","","","","",""
"2022079164","0302","1","0","0","0","0","0","0","0","0","4","0","","67","8","2022","1","40.013587","-75.068535","0259","6","0","0","0","0","0","0","0","0","","0","0","0","2","3","2","","5","2","40 00:48.913","5","0","75 04:06.725","2","0","1","1","67301","0","0","0","N","0","0","0","4","67301","0","","1.0","500.0","1","N","N","N","0","","1","1","0","3","2","Y","235","2","2","0","0","0","0","2","2","0","2","0","0","0","3","03","","N","","","","","","","","","",""
"2022088158","2310","1","0","0","0","0","0","0","0","0","2","0","","67","9","2022","6","39.916004","-75.165312","2310","6","0","0","0","0","0","0","0","0","","0","0","0","22","3","1","N","0","0","39 54:57.613","","0","75 09:55.124","3","0","0","0","67301","0","0","0","N","0","0","0","1","67301","0","","1.0","","1","N","N","N","0","","1","0","1","0","0","","2223","2","1","1","0","0","0","0","2","0","2","0","0","0","3","","","N","","","","","","","","","",""
"2022076881","1846","1","0","0","0","0","0","0","0","0","4","0","","67","8","2022","2","40.014214","-75.141461","1815","6","0","0","0","0","0","0","0","0","","0","0","0","18","1","0","","2","0","40 00:51.170","","0","75 08:29.259","0","0","0","0","67301","0","0","0","N","0","0","0","2","67301","0","","1.0","","1","N","N","N","2","","0","0","0","3","3","","1810","3","0","0","0","0","0","0","2","0","3","0","0","0","3","03","","N","","","","","","","","","",""
"2022077933","1327","0","0","0","0","0","0","0","0","0","4","0","","67","8","2022","2","39.996486","-75.228787","1321","6","0","0","0","0","0","1","0","0","","0","0","0","13","1","1","","1","0","39 59:47.349","","0","75 13:43.633","8","0","0","0","67301","0","0","0","N","0","0","0","2","67301","0","","1.0","","1","N","N","N","0","","0","0","2","3","3","","1318","2","1","0","0","0","1","0","2","0","2","0","0","0","3","03","","N","","","","","","","","","",""
"2022088061","1842","0","0","0","0","0","0","1","0","0","4","1","","67","9","2022","3","39.957398","-75.157071","1836","6","0","0","0","0","0","1","0","0","","0","0","0","18","1","0","","1","1","39 57:26.633","1","0","75 09:25.457","0","0","0","0","67301","0","0","0","N","0","0","0","2","67508","0","","1.0","9999.0","1","N","N","Y","0","","0","0","1","3","2","N","1836","2","0","1","0","0","0","0","2","0","2","0","0","0","3","03","","N","","","","","","","","","",""
"2022075816","1945","1","0","0","0","0","0","0","0","0","5","0","","67","8","2022","4","40.015361","-75.176444","1940","6","0","0","0","0","0","0","0","0","","0","0","0","19","1","1","N","0","0","40 00:55.300","","6","75 10:35.200","3","0","0","0","67301","0","0","0","N","0","0","0","2","67301","0","","1.0","","1","N","N","N","0","","1","0","1","3","4","","1920","2","1","2","0","0","0","0","2","0","2","0","0","0","3","03","","N","","","","","","","","","",""
"2022090916","0034","0","0","0","0","0","0","0","0","0","7","0","","67","10","2022","2","40.015346","-75.177056","0032","6","0","0","0","0","0","0","0","0","","0","0","0","0","3","0","N","0","2","40 00:55.247","2","0","75 10:37.400","0","0","0","0","67301","0","0","0","N","0","0","0","1","67301","0","","3.0","50.0","8","N","N","N","0","","0","0","1","0","0","Y","32","1","0","0","0","0","0","0","2","0","1","0","0","0","7","07","","N","","","","","","","","","",""
"2022075768","1033","1","0","0","0","0","0","0","0","0","8","0","","67","8","2022","5","40.035824","-75.174723","1033","6","0","0","0","0","0","0","0","0","","0","0","0","10","1","1","","1","2","40 02:08.965","6","0","75 10:29.001","8","0","0","0","67301","1","0","0","N","1","0","0","3","67301","0","","1.0","1205.0","1","N","N","N","0","","0","0","0","3","2","Y","1028","2","1","2","0","0","1","0","2","0","1","1","0","0","3","03","","N","","","","","","","","","",""
"2022088703","0019","2","0","0","0","0","0","0","0","0","1","0","","67","9","2022","6","39.928385","-75.1963","0009","6","0","0","0","0","0","0","0","0","","0","0","0","0","3","3","N","0","1","39 55:42.186","4","0","75 11:46.679","3","0","0","0","67301","0","0","0","N","0","0","0","4","68K01","0","","1.0","1235.0","1","N","N","N","0","","3","0","0","0","0","N","8","2","3","0","0","0","0","0","2","0","2","0","0","0","3","","","N","","","","","","","","","",""
"2022081270","1910","1","0","0","0","0","0","0","0","0","1","0","","67","8","2022","5","39.959867","-75.224188","1910","6","0","0","1","0","0","0","0","0","","0","0","0","19","1","2","N","0","0","39 57:35.520","","0","75 13:27.078","3","0","0","0","67301","0","0","0","N","0","0","0","4","67301","0","","1.0","","1","N","N","N","0","","2","0","2","0","0","","1905","3","2","0","0","0","0","1","2","0","3","0","0","0","3","03","","N","","","","","","","","","",""
"2022072221","1959","1","0","0","0","0","0","0","0","0","4","0","","67","8","2022","6","40.045606","-75.008561","1957","6","0","0","0","0","0","0","0","0","","0","0","0","19","1","1","","2","0","40 02:44.181","","0","75 00:30.819","3","0","0","0","67301","0","0","0","N","0","0","0","2","67301","0","","1.0","","1","N","N","N","0","","1","0","1","3","3","","1955","2","1","0","0","0","0","0","2","0","2","0","0","0","4","04","","N","","","","","","","","","",""
"2022076059","1817","2","0","0","0","0","0","0","0","0","5","0","","67","8","2022","4","39.924822","-75.238306","1817","6","0","0","0","0","0","0","0","0","","0","0","0","18","1","1","N","0","0","39 55:29.360","","0","75 14:17.900","3","0","0","0","67301","0","0","0","N","0","0","0","2","67301","0","","6.0","","1","N","N","N","0","","1","0","1","0","0","","1815","3","1","0","0","0","0","0","2","0","3","0","0","0","3","03","","N","","","","","","","","","",""
"2022075750","2155","2","0","0","0","0","0","0","0","0","4","0","","67","8","2022","3","40.094814","-75.050726","2155","6","0","1","0","1","0","0","0","0","","0","0","0","21","3","1","","1","0","40 05:41.329","","0","75 03:02.612","3","0","0","0","67301","0","0","0","N","0","0","0","4","67301","0","","1.0","","1","N","N","N","0","","1","0","0","3","2","","2155","2","1","0","0","0","0","0","2","0","2","0","0","0","3","03","","N","","","","","","","","","",""
"2022087982","0152","3","0","0","0","0","0","0","0","0","4","0","","67","9","2022","6","40.010108","-75.079972","0145","6","0","0","0","0","0","1","0","0","","0","0","0","1","3","0","N","0","0","40 00:36.389","","0","75 04:47.898","0","0","0","0","67301","0","0","0","N","0","0","0","2","67301","0","","6.0","","1","N","N","N","0","","0","0","1","3","2","","142","4","0","0","0","0","0","0","2","0","4","0","0","0","3","","","N","","","","","","","","","",""
"2022076554","0608","0","0","0","1","0","0","0","0","0","8","0","","67","8","2022","4","39.918968","-75.167131","0602","6","0","0","0","0","0","0","0","0","","0","0","0","5","5","1","","5","0","39 55:08.284","","0","75 10:01.671","8","0","0","0","67301","1","0","0","N","0","0","0","2","67301","0","","1.0","","1","N","N","N","0","","0","0","0","3","2","","545","2","1","0","0","0","1","0","2","0","1","1","0","0","3","","","N","","","","","","","","","",""
"2022076174","0955","2","0","0","0","0","0","0","0","0","4","0","","67","8","2022","7","40.029978","-75.211294","0955","6","0","0","0","0","0","1","0","0","","0","0","0","9","1","0","","1","0","40 01:47.922","","0","75 12:40.658","9","0","0","0","67301","0","0","0","N","0","0","0","4","67301","0","","1.0","","1","N","N","N","0","","0","0","0","3","2","","946","2","0","0","0","0","0","2","2","0","2","0","0","0","3","","","N","","","","","","","","","",""
"2022080263","0552","1","0","0","0","0","0","0","0","0","1","0","","67","8","2022","2","40.011943","-75.182071","0551","6","0","0","0","0","0","0","0","0","","0","0","0","5","1","1","N","0","2","40 00:42.995","2","0","75 10:55.455","3","0","0","0","67301","0","0","0","N","0","0","0","2","67301","0","","1.0","700.0","1","N","N","N","0","","1","0","0","0","0","N","549","2","1","0","0","0","0","0","2","1","2","0","0","0","4","04","","N","","","","","","","","","",""
"2022076789","2031","1","0","0","0","0","0","0","0","0","4","0","","67","8","2022","1","40.081654","-74.994425","2030","6","0","1","0","0","0","0","0","1","","0","0","0","20","3","1","","2","0","40 04:53.953","","0","74 59:39.931","3","0","0","0","67301","0","0","0","N","0","0","0","3","67301","0","","1.0","","1","N","N","N","0","","1","0","1","3","2","","2030","2","1","0","0","0","0","0","2","0","2","0","0","0","3","03","","N","","","","","","","","","",""
"2022062033","0742","1","0","0","0","0","0","0","0","0","7","0","","67","7","2022","1","39.983374","-75.208051","0736","6","0","0","0","0","0","0","0","0","","0","0","0","7","1","1","N","0","0","39 59:00.147","","0","75 12:28.982","3","0","0","0","67301","0","0","0","N","0","0","0","1","68K01","0","","3.0","","9","N","N","N","0","","1","0","0","0","0","","735","1","1","0","0","0","0","0","2","0","1","0","0","0","7","","","N","","","","","","","","","",""
"2022080537","1014","0","0","0","0","0","0","0","0","0","2","0","","67","8","2022","3","40.057334","-75.140679","1014","6","0","0","0","0","0","0","0","0","","0","0","0","7","1","1","","1","9","40 03:26.402","","0","75 08:26.444","8","0","0","0","67301","0","0","0","N","0","0","0","2","67301","0","","1.0","","1","N","N","N","0","","0","0","1","3","3","","724","2","1","0","0","0","1","1","2","1","2","0","0","0","3","","","N","","","","","","","","","",""
"2022073708","0951","2","0","0","0","0","0","0","0","0","5","0","","67","8","2022","5","40.034222","-75.141903","2247","6","0","0","0","0","0","1","0","0","","0","0","0","22","3","0","N","0","0","40 02:03.200","","0","75 08:30.850","9","0","0","0","67301","0","0","0","N","0","0","0","1","67301","0","","6.0","","1","N","N","N","0","","0","0","1","0","0","","2247","3","0","0","0","0","0","1","2","0","3","0","0","0","3","","","N","","","","","","","","","",""
"2022075781","2140","0","0","0","0","0","0","0","0","0","7","0","","67","8","2022","6","39.998157","-75.097647","2140","6","0","0","0","0","0","0","0","0","","0","0","0","21","3","0","N","0","0","39 59:53.364","","0","75 05:51.529","0","0","0","0","67301","0","0","0","N","0","0","0","1","67301","0","","4.0","","1","N","N","N","0","","0","0","1","0","0","","2140","1","0","1","0","0","0","0","2","0","1","0","0","0","3","03","","N","","","","","","","","","",""
"2022091244","1654","2","0","0","0","0","0","0","0","0","1","0","","67","9","2022","6","39.947618","-75.18702","1630","6","0","0","0","0","0","1","0","0","","0","0","0","15","1","3","N","0","0","39 56:51.423","","0","75 11:13.271","3","0","0","0","67301","0","0","0","N","0","0","0","4","68K01","0","","1.0","","1","N","N","N","0","","2","0","0","3","8","","1544","2","3","0","0","0","1","0","2","0","2","0","0","0","3","","","N","","","","","","","","","",""
"2022077585","2132","0","0","0","0","0","0","0","0","0","1","0","","67","8","2022","1","39.955309","-75.147825","2132","6","0","1","0","0","0","0","0","0","","0","0","0","21","3","0","N","0","1","39 57:19.112","4","2","75 08:52.171","0","0","0","0","67301","0","0","0","N","0","0","0","4","67501","0","","1.0","2136.0","1","N","N","N","0","","0","0","2","0","0","N","2132","3","0","0","0","0","0","0","2","0","2","0","0","0","3","03","","N","","","","","","","","","",""
"2022077154","1950","1","0","0","0","0","0","0","0","0","8","0","","67","8","2022","6","40.029789","-75.085119","1948","6","0","0","0","0","0","0","0","0","","0","0","0","19","1","1","N","0","0","40 01:47.240","","0","75 05:06.430","8","0","0","0","67301","1","0","0","N","1","0","0","2","67301","0","","1.0","","1","N","N","N","0","","0","0","0","0","0","","1942","3","1","0","0","0","1","0","2","0","2","1","0","0","3","","","N","","","","","","","","","",""