"CRN","ARRIVAL_TM","AUTOMOBILE_COUNT","BELTED_DEATH_COUNT","BELTED_SUSP_SERIOUS_INJ_COUNT","BICYCLE_COUNT","BICYCLE_DEATH_COUNT","BICYCLE_SUSP_SERIOUS_INJ_COUNT","BUS_COUNT","CHLDPAS_DEATH_COUNT","CHLDPAS_SUSP_SERIOUS_INJ_COUNT","COLLISION_TYPE","COMM_VEH_COUNT","CONS_ZONE_SPD_LIM","COUNTY","CRASH_MONTH","CRASH_YEAR","DAY_OF_WEEK","DEC_LATITUDE","DEC_LONGITUDE","DISPATCH_TM","DISTRICT","DRIVER_COUNT_16YR","DRIVER_COUNT_17YR","DRIVER_COUNT_18YR","DRIVER_COUNT_19YR","DRIVER_COUNT_20YR","DRIVER_COUNT_50_64YR","DRIVER_COUNT_65_74YR","DRIVER_COUNT_75PLUS","EST_HRS_CLOSED","FATAL_COUNT","HEAVY_TRUCK_COUNT","HORSE_BUGGY_COUNT","HOUR_OF_DAY","ILLUMINATION","INJURY_COUNT","INTERSECTION_RELATED","INTERSECT_TYPE","LANE_CLOSED","LATITUDE","LN_CLOSE_DIR","LOCATION_TYPE","LONGITUDE","MAX_SEVERITY_LEVEL","MCYCLE_DEATH_COUNT","MCYCLE_SUSP_SERIOUS_INJ_COUNT","MOTORCYCLE_COUNT","MUNICIPALITY","NONMOTR_COUNT","NONMOTR_DEATH_COUNT","NONMOTR_SUSP_SERIOUS_INJ_COUNT","NTFY_HIWY_MAINT","PED_COUNT","PED_DEATH_COUNT","PED_SUSP_SERIOUS_INJ_COUNT","PERSON_COUNT","POLICE_AGCY","POSSIBLE_INJ_COUNT","RDWY_SURF_TYPE_CD","RELATION_TO_ROAD","ROADWAY_CLEARED","ROAD_CONDITION","SCH_BUS_IND","SCH_ZONE_IND","SECONDARY_CRASH","SMALL_TRUCK_COUNT","SPEC_JURIS_CD","SUSP_MINOR_INJ_COUNT","SUSP_SERIOUS_INJ_COUNT","SUV_COUNT","TCD_FUNC_CD","TCD_TYPE","TFC_DETOUR_IND","TIME_OF_DAY","TOTAL_UNITS","TOT_INJ_COUNT","UNBELTED_OCC_COUNT","UNB_DEATH_COUNT","UNB_SUSP_SERIOUS_INJ_COUNT","UNK_INJ_DEG_COUNT","UNK_INJ_PER_COUNT","URBAN_RURAL","VAN_COUNT","VEHICLE_COUNT","VULNERABLE_ROAD_USER_COUNT","VULNERABLE_ROAD_USER_DEATH_COUNT","VULNERABLE_ROAD_USER_SER_INJ_COUNT","WEATHER1","WEATHER2","WORKERS_PRES","WORK_ZONE_IND","WORK_ZONE_LOC","WORK_ZONE_TYPE","WZ_CLOSE_DETOUR","WZ_FLAGGER","WZ_LAW_OFFCR_IND","WZ_LN_CLOSURE","WZ_MOVING","WZ_OTHER","WZ_SHLDER_MDN","WZ_WORKERS_INJ_KILLED"
"2022077714","1500","1","0","0","0","0","0","0","0","0","4","0","","67","8","2022","3","40.035931","-75.126612","1456","6","0","0","0","0","0","1","0","0","","0","0","0","14","1","1","","1","0","40 02:09.352","","0","75 07:35.804","3","0","0","0","67301","0","0","0","N","0","0","0","2","67301","0","","1.0","","1","N","N","N","0","","1","0","1","3","3","","1453","2","1","0","0","0","0","0","2","0","2","0","0","0","3","03","","N","","","","","","","","","",""
"2022075950","1538","2","0","0","0","0","0","0","0","0","4","0","","67","8","2022","6","40.068905","-75.18175","1538","6","0","1","0","0","0","0","0","0","","0","0","0","15","1","0","","1","0","40 04:08.058","","0","75 10:54.300","0","0","0","0","67301","0","0","0","N","0","0","0","3","67301","0","","1.0","","1","N","N","N","0","","0","0","1","3","2","","1538","3","0","1","0","0","0","0","2","0","3","0","0","0","3","03","","N","","","","","","","","","",""
"2022080288","1714","0","0","0","0","0","0","0","0","0","1","0","","67","8","2022","4","40.081182","-75.028451","1709","6","0","0","0","0","0","0","0","0","","0","0","0","17","1","1","Y","0","0","40 04:52.256","","0","75 01:42.423","3","0","0","0","67301","0","0","0","N","0","0","0","1","67301","0","","1.0","","1","N","N","N","0","","1","0","1","3","2","","1700","2","1","1","0","0","0","0","2","0","2","0","0","0","3","03","","N","","","","","","","","","",""
"2022090285","1035","0","0","0","0","0","0","0","0","0","1","1","","67","9","2022","6","40.053681","-75.048267","1026","6","0","0","0","0","0","0","0","0","","0","1","0","8","1","2","N","0","0","40 03:13.250","","0","75 02:53.760","3","0","0","0","67301","0","0","0","N","0","0","0","3","67301","0","","1.0","","1","N","N","N","0","","2","0","1","0","0","","852","2","2","0","0","0","0","0","2","0","2","0","0","0","3","03","","N","","","","","","","","","",""
"2022081861","0212","2","0","0","0","0","0","0","0","0","4","0","","67","8","2022","1","40.018616","-75.138141","0209","6","0","0","0","0","0","0","0","0","","0","0","0","2","3","1","","1","0","40 01:07.017","","0","75 08:17.308","4","0","0","0","67301","0","0","0","N","0","0","0","2","67301","1","","1.0","","9","N","N","N","1","","0","0","0","3","3","","205","3","1","2","0","0","0","1","2","0","3","0","0","0","7","04","","N","","","","","","","","","",""
"2022087330","1750","0","0","0","0","0","0","1","0","0","4","1","","67","9","2022","3","39.976584","-75.113171","1732","6","0","0","0","0","0","0","0","0","","0","0","0","17","1","1","","2","1","39 58:35.702","1","0","75 06:47.416","4","0","0","0","67301","0","0","0","N","0","0","0","2","67508","1","","1.0","9999.0","1","N","N","N","0","","0","0","1","3","2","N","1732","2","1","0","0","0","0","0","2","0","2","0","0","0","3","03","","N","","","","","","","","","",""
"2022077713","0845","1","0","0","0","0","0","0","0","0","5","0","","67","8","2022","1","40.038139","-75.131489","0838","6","0","0","0","0","0","1","0","0","","0","0","0","6","5","0","N","0","1","40 02:17.300","4","0","75 07:53.360","0","0","0","0","67301","0","0","0","N","0","0","0","1","67301","0","","6.0","1023.0","1","N","N","N","0","","0","0","1","0","0","N","600","2","0","0","0","0","0","0","2","0","2","0","0","0","3","","","N","","","","","","","","","",""
"2022088793","0323","0","0","0","0","0","0","0","0","0","8","0","","67","9","2022","1","40.131798","-75.012822","0318","6","0","0","0","0","0","0","0","0","","0","0","0","3","3","1","","1","0","40 07:54.472","","7","75 00:46.159","3","0","0","0","67301","1","0","0","N","1","0","0","1","67301","0","","5.0","","1","N","N","N","0","","1","0","0","0","0","","310","2","1","0","0","0","0","0","2","0","1","1","0","0","3","","","N","","","","","","","","","",""
"2022075806","0940","1","0","0","0","0","0","0","0","0","0","0","","67","8","2022","5","39.970755","-75.128641","0939","6","0","0","0","0","0","0","0","0","","0","0","0","9","1","1","N","0","0","39 58:14.718","","0","75 07:43.106","3","0","0","0","67301","0","0","0","N","0","0","0","1","67301","0","","1.0","","1","N","N","N","0","","1","0","0","0","0","","935","2","1","1","0","0","0","0","2","1","2","0","0","0","3","03","","N","","","","","","","","","",""
"2022075870","0830","1","0","0","0","0","0","0","0","0","8","0","","67","8","2022","6","39.987237","-75.108782","0822","6","0","0","0","0","0","0","0","0","","0","0","0","7","1","1","","1","0","39 59:14.052","","0","75 06:31.614","2","0","0","0","67301","1","0","1","N","1","0","1","2","67301","0","","1.0","","1","N","N","N","0","","0","1","0","3","2","","745","2","1","0","0","0","0","0","2","0","1","1","0","1","3","","","N","","","","","","","","","",""
"2022079650","2335","1","0","0","0","0","0","0","0","0","5","0","","67","8","2022","1","39.928694","-75.178583","2330","6","0","0","0","0","0","1","0","0","","0","0","0","23","3","0","N","0","0","39 55:43.300","","0","75 10:42.900","0","0","0","0","67301","0","0","0","N","0","0","0","1","67301","0","","6.0","","1","N","N","N","0","","0","0","1","0","0","","2323","2","0","0","0","0","0","0","2","0","2","0","0","0","3","03","","N","","","","","","","","","",""
"2022096244","2326","1","0","0","0","0","0","0","0","0","7","0","","67","10","2022","3","40.040849","-75.005325","2324","6","0","0","0","0","0","0","0","0","","0","0","0","23","3","0","N","0","0","40 02:27.055","","0","75 00:19.171","0","0","0","0","67301","0","0","0","N","0","0","0","1","68K01","0","","4.0","","9","N","N","N","0","","0","0","0","0","0","","2318","1","0","0","0","0","0","0","2","0","1","0","0","0","7","03","","N","","","","","","","","","",""
"2022082148","2345","0","0","0","0","0","0","0","0","0","4","0","","67","9","2022","1","40.050401","-74.999883","2340","6","0","0","0","0","0","0","0","0","","0","0","0","23","3","0","","1","0","40 03:01.444","","0","74 59:59.580","0","0","0","0","67301","0","0","0","N","0","0","0","2","67301","0","","1.0","","1","N","N","N","2","","0","0","0","3","2","","2304","2","0","2","0","0","0","0","2","0","2","0","0","0","3","","","N","","","","","","","","","",""
"2022093068","0958","0","0","0","0","0","0","0","0","0","5","0","","67","10","2022","7","40.058658","-75.186269","0957","6","0","0","0","0","0","0","0","0","","0","0","0","9","1","1","","1","0","40 03:31.170","","0","75 11:10.567","4","0","0","0","67301","0","0","0","N","0","0","0","1","67301","1","","1.0","","1","N","N","N","0","","0","0","2","3","3","","940","2","1","0","0","0","0","0","2","0","2","0","0","0","3","","","N","","","","","","","","","",""
"2022076623","0108","1","0","1","0","0","0","0","0","0","1","0","","67","8","2022","1","40.04908","-75.193179","0107","6","0","0","0","0","1","0","0","0","","0","0","0","1","3","2","","1","0","40 02:56.688","","0","75 11:35.443","2","0","0","0","67301","0","0","0","N","0","0","0","2","67301","0","","1.0","","1","N","N","N","0","","1","1","1","3","2","","100","2","2","0","0","0","0","0","2","0","2","0","0","0","3","03","","N","","","","","","","","","",""
"2022089655","2140","2","0","0","0","0","0","0","0","0","8","0","","67","9","2022","6","40.043291","-75.052235","2134","6","0","0","0","0","0","0","0","0","","1","0","0","21","3","0","","1","0","40 02:35.849","","0","75 03:08.046","1","0","0","0","67301","1","1","0","N","1","1","0","2","67301","0","2","1.0","","1","N","N","Y","0","0","0","0","0","3","2","","2127","3","0","0","0","0","0","1","2","0","2","1","1","0","3","03","","N","","","","","","","","","",""
"2022075767","1807","2","0","0","0","0","0","0","0","0","4","0","","67","8","2022","4","40.035824","-75.174723","1804","6","0","0","0","0","0","0","0","0","","0","0","0","17","1","1","","1","0","40 02:08.965","","0","75 10:29.001","3","0","0","0","67301","0","0","0","N","0","0","0","2","67301","0","","1.0","","1","N","N","N","0","","1","0","0","3","2","","1758","2","1","0","0","0","0","0","2","0","2","0","0","0","3","03","","N","","","","","","","","","",""
"2022076625","1118","1","0","0","0","0","0","0","0","0","1","0","","67","8","2022","6","39.975333","-75.253889","1113","6","0","0","0","0","0","0","0","0","","0","0","0","11","1","0","N","0","0","39 58:31.200","","0","75 15:14.000","0","0","0","0","67301","0","0","0","N","0","0","0","1","67301","0","","6.0","","1","N","N","N","0","","0","0","2","0","0","","1111","3","0","0","0","0","0","0","2","0","3","0","0","0","3","03","","N","","","","","","","","","",""
"2022078522","1240","1","0","0","0","0","0","0","0","0","5","0","","67","8","2022","2","40.003514","-75.141464","1240","6","0","0","0","0","0","0","0","0","","0","0","0","18","3","0","N","0","0","40 00:12.650","","0","75 08:29.270","0","0","0","0","67301","0","0","0","N","0","0","0","1","67301","0","","6.0","","9","N","N","N","0","","0","0","0","0","0","","1800","2","0","0","0","0","0","0","2","0","2","0","0","0","7","","","N","","","","","","","","","",""
"2022092507","2043","0","0","0","0","0","0","0","0","0","4","0","","67","1","2022","5","40.041558","-75.072264","2037","6","0","0","0","0","0","1","0","0","","1","0","0","20","2","0","N","0","2","40 02:29.610","5","0","75 04:20.150","1","0","0","0","67301","0","0","0","N","0","0","0","1","67301","0","2","6.0","2130.0","1","N","N","N","0","0","0","0","2","0","0","Y","2031","2","0","0","0","0","0","0","2","0","2","0","0","0","3","03","","N","","","","","","","","","",""
"2022075812","1210","1","0","0","0","0","0","0","0","0","4","0","","67","8","2022","4","40.030443","-75.116299","1210","6","0","0","0","0","0","0","0","0","","0","0","0","13","1","0","","1","0","40 01:49.594","","0","75 06:58.676","9","0","0","0","67301","0","0","0","N","0","0","0","3","67301","0","","1.0","","1","N","N","N","0","","0","0","1","3","3","","1345","2","0","0","0","0","0","1","2","0","2","0","0","0","3","03","","N","","","","","","","","","",""
"2022079812","1618","3","0","0","0","0","0","0","0","0","1","0","","67","8","2022","6","39.913336","-75.192363","1612","6","0","0","0","0","0","2","0","0","","0","0","0","16","1","3","N","0","0","39 54:48.011","","0","75 11:32.507","3","0","0","0","67301","0","0","0","N","0","0","0","4","67301","1","","1.0","","1","N","N","N","0","","2","0","1","0","0","","1610","4","3","0","0","0","0","0","2","0","4","0","0","0","3","03","","N","","","","","","","","","",""
"2022075967","0230","1","0","0","0","0","0","0","0","0","4","0","","67","8","2022","5","39.928019","-75.219299","0224","6","1","0","0","0","0","0","0","0","","0","0","0","1","3","0","","1","1","39 55:40.869","5","0","75 13:09.477","9","0","0","0","67301","0","0","0","N","0","0","0","1","67301","0","","1.0","407.0","1","N","N","N","1","","0","0","1","3","2","Y","120","3","0","0","0","0","0","1","2","0","3","0","0","0","3","03","","N","","","","","","","","","",""
"2022089411","0846","2","0","0","0","0","0","0","0","0","5","0","","67","9","2022","4","39.955898","-75.204381","0845","6","0","0","0","0","0","0","0","0","","0","0","0","8","1","0","N","0","1","39 57:21.231","3","0","75 12:15.770","0","0","0","0","67301","0","0","0","N","0","0","0","2","67504","0","","1.0","1016.0","1","N","N","Y","0","","0","0","0","0","0","N","842","2","0","0","0","0","0","0","2","0","2","0","0","0","3","","","N","","","","","","","","","",""
"2022092612","2251","1","0","0","0","0","0","0","0","0","4","0","","67","9","2022","1","39.975189","-75.188202","2250","6","0","0","0","0","0","0","0","0","","0","0","0","22","3","2","","5","1","39 58:30.681","7","0","75 11:17.526","4","0","0","0","67301","0","0","0","N","0","0","0","3","67301","1","","1.0","2325.0","1","N","N","N","0","","0","0","1","3","2","N","2250","2","2","0","0","0","1","0","2","0","2","0","0","0","3","","","N","","","","","","","","","",""
"2022088699","1721","3","0","0","0","0","0","0","0","0","1","0","","67","8","2022","1","39.950714","-75.141096","1713","6","0","0","1","1","0","0","0","0","","0","0","0","17","1","0","N","0","0","39 57:02.571","","0","75 08:27.945","9","0","0","0","67301","0","0","0","N","0","0","0","3","68K01","0","","1.0","","1","N","N","N","0","","0","0","0","0","0","","1712","3","0","0","0","0","0","1","2","0","3","0","0","0","3","03","","N","","","","","","","","","",""
"2022078415","0123","1","0","0","0","0","0","0","0","0","8","0","","67","8","2022","7","39.9444","-75.163136","0121","6","0","0","0","0","0","1","0","0","","0","0","0","1","3","1","","1","0","39 56:39.841","","0","75 09:47.288","2","0","0","0","67301","1","0","1","N","1","0","1","2","67301","0","","1.0","","1","N","N","N","0","","0","1","0","3","1","","120","2","1","0","0","0","0","0","2","0","1","1","0","1","3","03","","N","","","","","","","","","",""
"2022092119","2221","0","0","0","0","0","0","0","0","0","7","1","","67","10","2022","2","39.982614","-75.207764","2214","6","0","0","0","0","0","0","0","0","","0","1","0","22","3","1","N","0","2","39 58:57.409","4","0","75 12:27.950","3","0","0","0","67301","0","0","0","Y","0","0","0","1","68K01","0","","4.0","8.0","8","N","N","N","0","","1","0","0","0","0","Y","2201","1","1","0","0","0","0","0","2","0","1","0","0","0","7","","","N","","","","","","","","","",""
"2022089518","1220","0","0","0","0","0","0","0","0","0","8","0","","67","8","2022","3","39.936756","-75.167075","1215","6","0","0","0","0","0","0","0","0","","0","0","0","20","3","1","","1","0","39 56:12.323","","0","75 10:01.469","3","0","0","0","67301","1","0","0","N","1","0","0","2","67301","0","","1.0","","1","N","N","N","0","","1","0","0","3","2","","2030","2","1","0","0","0","0","0","2","0","1","1","0","0","3","03","","N","","","","","","","","","",""
"2022089218","0220","1","0","0","0","0","0","0","0","0","7","0","","67","9","2022","7","39.956824","-75.15106","0219","6","0","0","0","0","0","0","0","0","","0","0","0","2","3","0","N","0","1","39 57:24.565","3","0","75 09:03.817","0","0","0","0","67301","0","0","0","N","0","0","0","3","68K01","0","","4.0","300.0","1","N","N","N","0","","0","0","0","0","0","N","219","1","0","0","0","0","0","0","2","0","1","0","0","0","3","","","N","","","","","","","","","",""
"2022076877","2100","1","0","0","0","0","0","0","0","0","1","0","","67","8","2022","1","40.030221","-75.088209","2045","6","0","0","0","0","0","0","0","0","","0","0","0","19","3","0","","1","0","40 01:48.794","","0","75 05:17.552","0","0","0","0","67301","0","0","0","N","0","0","0","2","67301","0","","1.0","","1","N","N","N","0","","0","0","1","3","2","","1900","2","0","2","0","0","0","0","2","0","2","0","0","0","3","03","","N","","","","","","","","","",""
"2022078206","2237","3","0","0","0","0","0","0","0","0","1","0","","67","8","2022","6","39.982345","-75.160429","2237","6","0","0","0","0","0","0","0","0","","0","0","0","22","3","1","N","0","2","39 58:56.441","1","0","75 09:37.545","8","0","0","0","67301","0","0","0","N","0","0","0","1","67505","0","","6.0","2320.0","1","N","N","N","0","","0","0","2","0","0","Y","2237","5","1","1","0","0","1","0","2","0","5","0","0","0","3","","","N","","","","","","","","","",""
"2022084225","2314","2","0","0","0","0","0","0","0","0","5","0","","67","9","2022","7","39.995919","-75.082836","2301","6","0","0","0","0","0","0","0","0","","0","0","0","22","3","1","N","0","1","39 59:45.307","1","0","75 04:58.208","3","0","0","0","67301","0","0","0","N","0","0","0","4","68K01","0","","1.0","30.0","1","N","N","N","0","","1","0","2","0","0","N","2224","4","1","1","0","0","0","0","2","0","4","0","0","0","3","03","","N","","","","","","","","","",""
"2022083823","1816","2","0","0","0","0","0","0","0","0","5","0","","67","9","2022","1","40.006869","-75.157369","1812","6","0","0","0","0","0","1","0","0","","0","0","0","17","1","1","N","0","2","40 00:24.730","3","0","75 09:26.530","4","0","0","0","67301","0","0","0","N","0","0","0","1","67301","1","","1.0","1915.0","9","N","N","N","1","","0","0","0","0","0","Y","1750","3","1","0","0","0","0","0","2","0","3","0","0","0","4","07","","N","","","","","","","","","",""
"2022084451","0045","0","0","0","0","0","0","0","0","0","1","0","","67","8","2022","2","39.959994","-75.178778","0044","6","0","0","0","0","0","0","0","0","","0","0","0","0","3","0","N","0","0","39 57:35.978","","0","75 10:43.599","0","0","0","0","67301","0","0","0","N","0","0","0","2","68K01","0","","1.0","","9","N","N","N","1","","0","0","0","0","0","","39","2","0","0","0","0","0","0","2","1","2","0","0","0","7","","","N","","","","","","","","","",""
"2022081020","1440","1","0","0","0","0","0","0","0","0","8","0","","67","9","2022","6","40.050662","-75.173264","1440","6","0","0","0","0","0","0","0","0","","0","0","0","16","1","1","","1","0","40 03:02.383","","0","75 10:23.749","3","0","0","0","67301","1","0","0","N","1","0","0","2","67301","0","","1.0","","1","N","N","N","0","","1","0","0","3","2","","1615","2","1","0","0","0","0","0","2","0","1","1","0","0","3","03","","N","","","","","","","","","",""
"2022085589","0935","1","0","0","0","0","0","0","0","0","5","1","","67","9","2022","1","40.027191","-75.160947","0933","6","0","0","0","0","0","0","0","1","","0","1","0","9","1","1","N","0","1","40 01:37.889","1","0","75 09:39.409","4","0","0","0","67301","0","0","0","N","0","0","0","1","67301","1","","6.0","1044.0","1","N","N","N","0","","0","0","0","0","0","N","927","2","1","0","0","0","0","0","2","0","2","0","0","0","3","03","","N","","","","","","","","","",""
"2022076158","1846","2","0","0","0","0","0","0","0","0","4","0","","67","8","2022","3","39.991664","-75.137323","1836","6","0","0","0","0","0","0","0","0","","0","0","0","18","1","3","","1","1","39 59:29.991","4","0","75 08:14.364","3","0","0","0","67301","0","0","0","N","0","0","0","4","67301","0","","1.0","1930.0","1","N","N","Y","0","","3","0","1","0","0","N","1825","3","3","0","0","0","0","0","2","0","3","0","0","0","3","03","","N","","","","","","","","","",""
"2022089162","1535","0","0","0","0","0","0","0","0","0","4","0","","67","9","2022","3","40.013391","-75.184124","1535","6","0","0","0","0","0","0","0","0","","0","0","0","13","1","0","","2","9","40 00:48.207","","0","75 11:02.845","9","0","0","0","67301","0","0","0","N","0","0","0","2","67301","0","","1.0","","1","N","N","N","0","","0","0","2","3","3","","1325","2","0","0","0","0","0","1","2","0","2","0","0","0","3","","","N","","","","","","","","","",""
"2022076739","0055","2","0","0","0","0","0","0","0","0","5","0","","67","8","2022","7","39.941125","-75.152361","0050","6","0","0","0","0","0","1","0","0","","0","0","0","0","3","0","N","0","0","39 56:28.050","","0","75 09:08.500","0","0","0","0","67301","0","0","0","N","0","0","0","1","67301","0","","6.0","","1","N","N","Y","0","","0","0","1","0","0","","40","3","0","0","0","0","0","0","2","0","3","0","0","0","3","03","","N","","","","","","","","","",""
"2022078571","1612","2","0","0","0","0","0","0","0","0","4","0","","67","8","2022","7","39.967786","-75.163593","1608","6","0","0","0","0","0","1","0","0","","0","0","0","15","1","0","","1","0","39 58:04.029","","0","75 09:48.934","0","0","0","0","67301","0","0","0","N","0","0","0","2","67301","0","","1.0","","1","N","N","N","0","","0","0","0","3","3","","1550","2","0","0","0","0","0","0","2","0","2","0","0","0","3","03","","N","","","","","","","","","",""
"2022087402","0856","1","0","0","0","0","0","0","0","0","5","1","","67","9","2022","3","40.036225","-75.064686","0845","6","0","1","0","0","0","0","0","0","","0","1","0","8","1","1","N","0","0","40 02:10.411","","0","75 03:52.869","4","0","0","0","67301","0","0","0","N","0","0","0","2","67301","1","","1.0","","1","N","N","N","0","","0","0","0","0","0","","805","2","1","2","0","0","0","0","2","0","2","0","0","0","3","03","","N","","","","","","","","","",""
"2022077568","1712","0","0","0","0","0","0","0","0","0","5","0","","67","8","2022","1","39.992461","-75.226567","1701","6","0","0","0","0","0","0","0","0","","0","0","0","15","1","2","N","0","2","39 59:32.860","3","0","75 13:35.640","4","0","0","0","67301","0","0","0","N","0","0","0","3","67301","2","","1.0","1848.0","1","N","N","N","0","","0","0","2","0","0","N","1545","2","2","0","0","0","0","0","2","0","2","0","0","0","3","03","","N","","","","","","","","","",""
"2022077602","2330","1","0","0","0","0","0","0","0","0","4","0","","67","8","2022","2","40.073556","-75.194044","2330","6","0","0","0","0","1","1","0","0","","0","0","0","17","1","1","N","0","0","40 04:24.800","","7","75 11:38.560","3","0","0","0","67301","0","0","0","N","0","0","0","2","67301","0","","1.0","","99","N","N","N","0","","1","0","1","0","0","","1745","2","1","0","0","0","0","1","2","0","2","0","0","0","3","03","","N","","","","","","","","","",""
"2022097387","1555","0","0","0","0","0","0","0","0","0","1","0","","67","10","2022","6","39.977668","-75.111591","1555","6","0","0","0","0","0","0","1","0","","0","0","0","15","1","1","N","0","0","39 58:39.603","","0","75 06:41.729","3","0","0","0","67301","0","0","0","N","0","0","0","2","68K01","0","","1.0","","1","N","N","N","0","","1","0","1","0","0","","1555","2","1","0","0","0","0","0","2","1","2","0","0","0","3","03","","N","","","","","","","","","",""
"2022094029","2048","1","0","0","0","0","0","0","0","0","1","0","","67","8","2022","2","40.043608","-75.003024","2034","6","0","0","0","0","0","1","0","0","","0","0","0","20","3","1","N","0","0","40 02:36.987","","3","75 00:10.887","3","0","0","0","67301","0","0","0","N","0","0","0","2","68K01","0","","1.0","","9","N","N","N","0","","1","0","1","0","0","","2033","2","1","1","0","0","0","0","2","0","2","0","0","0","7","","","N","","","","","","","","","",""
"2022088169","1738","1","0","0","0","0","0","0","0","0","8","0","","67","8","2022","3","39.959671","-75.247404","1737","6","0","0","0","0","0","0","0","0","","0","0","0","17","1","1","","2","0","39 57:34.816","","0","75 14:50.653","3","0","0","0","67301","1","0","0","N","1","0","0","2","67301","0","","1.0","","1","N","N","N","0","","1","0","0","3","2","","1736","2","1","1","0","0","0","0","2","0","1","1","0","0","3","03","","N","","","","","","","","","",""
"2022095343","1025","0","0","0","0","0","0","0","0","0","4","0","","67","10","2022","6","40.034625","-75.177389","1025","6","0","0","0","0","0","0","0","0","","0","1","0","7","1","0","N","0","0","40 02:04.650","","0","75 10:38.600","0","0","0","0","67301","0","0","0","N","0","0","0","1","67301","0","","1.0","","1","N","N","N","0","","0","0","1","0","0","","700","2","0","0","0","0","0","0","2","0","2","0","0","0","3","03","","N","","","","","","","","","",""
"2022089586","0643","1","0","0","0","0","0","0","0","0","5","1","","67","9","2022","2","39.967124","-75.188175","0628","6","0","0","0","0","0","0","0","0","","0","1","0","6","5","0","N","0","1","39 58:01.645","4","0","75 11:17.430","0","0","0","0","67301","0","0","0","N","0","0","0","2","68K01","0","","1.0","705.0","1","N","N","N","0","","0","0","0","0","0","N","613","2","0","0","0","0","0","0","2","0","2","0","0","0","3","","","N","","","","","","","","","",""
"2022081072","0740","2","0","0","0","0","0","0","0","0","4","0","","67","9","2022","1","40.032209","-75.084117","0735","6","0","0","0","0","0","0","0","0","","0","0","0","7","1","3","","5","0","40 01:55.951","","0","75 05:02.822","3","0","0","0","67301","0","0","0","N","0","0","0","6","67301","0","","1.0","","1","N","N","N","0","","1","0","1","3","2","","735","3","3","1","0","0","2","1","2","0","3","0","0","0","3","04","","N","","","","","","","","","",""
"2022090205","0010","1","0","0","0","0","0","0","0","0","4","0","","67","9","2022","6","40.03054","-75.118198","0006","6","0","0","0","0","0","0","0","0","","0","0","0","23","3","2","","1","0","40 01:49.943","","0","75 07:05.511","8","0","0","0","67301","0","0","0","N","0","0","0","3","67301","0","","1.0","","9","N","N","N","0","","0","0","1","3","2","","2355","2","2","0","0","0","2","0","2","0","2","0","0","0","3","03","","N","","","","","","","","","",""
"2022095014","2350","2","0","0","0","0","0","0","0","0","1","0","","67","8","2022","4","39.955803","-75.238006","2349","6","0","0","0","0","0","0","0","0","","0","0","0","23","3","2","N","0","1","39 57:20.890","1","0","75 14:16.820","3","0","0","0","67301","0","0","0","N","0","0","0","3","67301","0","","1.0","30.0","1","N","N","Y","0","","2","0","1","3","7","Y","2348","3","2","0","0","0","0","0","2","0","3","0","0","0","3","03","","N","","","","","","","","","",""
"2022095011","1107","0","0","0","0","0","0","0","0","0","6","1","","67","10","2022","5","39.918105","-75.209925","1103","6","0","0","0","0","0","1","0","0","","0","1","0","11","1","0","N","0","0","39 55:05.177","","0","75 12:35.729","9","0","0","0","67301","0","0","0","N","0","0","0","2","67301","0","","1.0","","9","N","N","N","0","","0","0","1","0","0","","1101","2","0","0","0","0","0","1","2","0","2","0","0","0","7","07","","N","","","","","","","","","",""
"2022096753","0145","0","0","0","0","0","0","0","0","0","5","0","","67","8","2022","2","40.01024","-75.098087","0114","6","0","0","0","0","0","0","0","0","","0","0","0","1","6","1","","1","0","40 00:36.863","","0","75 05:53.112","8","0","0","1","67301","0","0","0","N","0","0","0","2","67301","0","","1.0","","1","N","N","N","0","","0","0","1","3","2","","110","2","1","0","0","0","1","0","2","0","2","0","0","0","99","03","","N","","","","","","","","","",""
"2022083645","1138","0","0","0","0","0","0","0","0","0","8","0","","67","9","2022","7","39.982842","-75.142214","1138","6","0","0","0","0","0","0","0","0","","0","0","0","13","1","1","","1","0","39 58:58.231","","0","75 08:31.970","3","0","0","0","67301","1","0","0","N","1","0","0","2","67301","0","","1.0","","99","N","N","N","0","","1","0","0","3","2","","1300","2","1","0","0","0","0","0","2","0","1","1","0","0","99","98","","N","","","","","","","","","",""
"2022094157","1335","2","0","0","0","0","0","0","0","0","4","0","","67","10","2022","5","39.97699","-75.155999","1330","6","0","0","0","0","0","0","0","0","","0","0","0","18","4","1","","1","0","39 58:37.164","","0","75 09:21.596","3","0","0","0","67301","0","0","0","N","0","0","0","2","67301","0","","1.0","","99","N","N","N","0","","1","0","0","3","2","","1830","2","1","0","0","0","0","0","2","0","2","0","0","0","3","03","","N","","","","","","","","","",""
"2022095022","0802","2","0","0","0","0","0","0","0","0","1","0","","67","10","2022","1","39.961381","-75.232769","0757","6","0","0","0","0","0","0","0","0","","0","0","0","7","1","1","N","0","0","39 57:40.970","","7","75 13:57.970","3","0","0","0","67301","0","0","0","N","0","0","0","1","67301","0","","2.0","","9","N","N","N","0","","1","0","1","0","0","","731","3","1","0","0","0","0","0","2","0","3","0","0","0","7","","","N","","","","","","","","","",""
"2022093653","1542","1","0","0","0","0","0","0","0","0","8","0","","67","10","2022","1","40.057111","-75.188182","1541","6","0","0","0","0","0","0","0","1","","0","0","0","15","1","1","N","0","0","40 03:25.599","","0","75 11:17.454","3","0","0","0","67301","1","0","0","N","1","0","0","2","67301","0","","5.0","","1","N","N","N","0","","1","0","0","0","0","","1500","2","1","0","0","0","0","0","2","0","1","1","0","0","3","03","","N","","","","","","","","","",""