"CRN","ARRIVAL_TM","AUTOMOBILE_COUNT","BELTED_DEATH_COUNT","BELTED_SUSP_SERIOUS_INJ_COUNT","BICYCLE_COUNT","BICYCLE_DEATH_COUNT","BICYCLE_SUSP_SERIOUS_INJ_COUNT","BUS_COUNT","CHLDPAS_DEATH_COUNT","CHLDPAS_SUSP_SERIOUS_INJ_COUNT","COLLISION_TYPE","COMM_VEH_COUNT","CONS_ZONE_SPD_LIM","COUNTY","CRASH_MONTH","CRASH_YEAR","DAY_OF_WEEK","DEC_LATITUDE","DEC_LONGITUDE","DISPATCH_TM","DISTRICT","DRIVER_COUNT_16YR","DRIVER_COUNT_17YR","DRIVER_COUNT_18YR","DRIVER_COUNT_19YR","DRIVER_COUNT_20YR","DRIVER_COUNT_50_64YR","DRIVER_COUNT_65_74YR","DRIVER_COUNT_75PLUS","EST_HRS_CLOSED","FATAL_COUNT","HEAVY_TRUCK_COUNT","HORSE_BUGGY_COUNT","HOUR_OF_DAY","ILLUMINATION","INJURY_COUNT","INTERSECTION_RELATED","INTERSECT_TYPE","LANE_CLOSED","LATITUDE","LN_CLOSE_DIR","LOCATION_TYPE","LONGITUDE","MAX_SEVERITY_LEVEL","MCYCLE_DEATH_COUNT","MCYCLE_SUSP_SERIOUS_INJ_COUNT","MOTORCYCLE_COUNT","MUNICIPALITY","NONMOTR_COUNT","NONMOTR_DEATH_COUNT","NONMOTR_SUSP_SERIOUS_INJ_COUNT","NTFY_HIWY_MAINT","PED_COUNT","PED_DEATH_COUNT","PED_SUSP_SERIOUS_INJ_COUNT","PERSON_COUNT","POLICE_AGCY","POSSIBLE_INJ_COUNT","RDWY_SURF_TYPE_CD","RELATION_TO_ROAD","ROADWAY_CLEARED","ROAD_CONDITION","SCH_BUS_IND","SCH_ZONE_IND","SECONDARY_CRASH","SMALL_TRUCK_COUNT","SPEC_JURIS_CD","SUSP_MINOR_INJ_COUNT","SUSP_SERIOUS_INJ_COUNT","SUV_COUNT","TCD_FUNC_CD","TCD_TYPE","TFC_DETOUR_IND","TIME_OF_DAY","TOTAL_UNITS","TOT_INJ_COUNT","UNBELTED_OCC_COUNT","UNB_DEATH_COUNT","UNB_SUSP_SERIOUS_INJ_COUNT","UNK_INJ_DEG_COUNT","UNK_INJ_PER_COUNT","URBAN_RURAL","VAN_COUNT","VEHICLE_COUNT","VULNERABLE_ROAD_USER_COUNT","VULNERABLE_ROAD_USER_DEATH_COUNT","VULNERABLE_ROAD_USER_SER_INJ_COUNT","WEATHER1","WEATHER2","WORKERS_PRES","WORK_ZONE_IND","WORK_ZONE_LOC","WORK_ZONE_TYPE","WZ_CLOSE_DETOUR","WZ_FLAGGER","WZ_LAW_OFFCR_IND","WZ_LN_CLOSURE","WZ_MOVING","WZ_OTHER","WZ_SHLDER_MDN","WZ_WORKERS_INJ_KILLED"
"2022093625","0131","1","0","0","0","0","0","0","0","0","7","0","","67","10","2022","7","40.007059","-75.073053","0120","6","0","0","0","0","0","0","0","0","","0","0","0","1","3","1","N","0","0","40 00:25.411","","0","75 04:22.989","8","0","0","0","67301","0","0","0","N","0","0","0","1","68K01","0","","4.0","","1","N","N","N","0","","0","0","0","0","0","","117","1","1","0","0","0","1","0","2","0","1","0","0","0","3","03","","N","","","","","","","","","",""
"2022089081","2302","0","0","0","0","0","0","0","0","0","1","0","","67","9","2022","2","39.959779","-75.177059","2301","6","0","0","0","0","0","0","0","0","","0","0","0","22","3","1","N","0","1","39 57:35.205","4","0","75 10:37.412","8","0","0","0","67301","0","0","0","N","0","0","0","2","68K01","0","","1.0","2321.0","1","N","N","N","0","","0","0","2","0","0","N","2250","2","1","1","0","0","1","0","2","0","2","0","0","0","3","03","","N","","","","","","","","","",""
"2022075803","0922","1","0","0","0","0","0","0","0","0","4","0","","67","8","2022","4","39.969373","-75.139054","0922","6","0","0","0","0","0","1","0","0","","0","0","0","9","1","1","","2","0","39 58:09.743","","0","75 08:20.593","8","0","0","0","67301","0","0","0","N","0","0","0","2","67301","0","","1.0","","1","N","N","N","0","","0","0","1","0","0","","908","2","1","0","0","0","1","0","2","0","2","0","0","0","3","","","N","","","","","","","","","",""
"2022094150","0957","0","0","0","0","0","0","0","0","0","3","1","","67","10","2022","5","39.963528","-75.174578","0954","6","0","0","0","0","0","0","1","0","","0","1","0","9","1","0","N","0","1","39 57:48.700","1","7","75 10:28.480","0","0","0","0","67301","0","0","0","N","0","0","0","2","67301","0","","1.0","1050.0","1","N","N","N","0","","0","0","1","0","0","N","945","2","0","0","0","0","0","0","2","0","2","0","0","0","3","","","N","","","","","","","","","",""
"2022077688","1232","2","0","0","0","0","0","0","0","0","4","0","","67","8","2022","1","40.026503","-75.04216","1228","6","0","0","0","0","0","0","0","0","","0","0","0","12","1","1","","1","1","40 01:35.410","3","0","75 02:31.776","3","0","0","0","67301","0","0","0","N","0","0","0","3","67301","0","","1.0","1250.0","1","N","N","N","0","","1","0","0","3","3","N","1226","2","1","0","0","0","0","0","2","0","2","0","0","0","3","","","N","","","","","","","","","",""
"2022088029","2053","2","0","0","0","0","0","0","0","0","4","0","","67","8","2022","4","39.962926","-75.191387","2053","6","0","0","0","0","0","0","0","1","","0","0","0","20","4","1","","1","0","39 57:46.535","","0","75 11:28.992","3","0","0","0","67301","0","0","0","N","0","0","0","2","67301","0","","1.0","","1","N","N","N","0","","1","0","0","3","2","","2052","2","1","0","0","0","0","0","2","0","2","0","0","0","3","03","","N","","","","","","","","","",""
"2022086681","2048","1","0","0","0","0","0","0","0","0","8","0","","67","9","2022","2","39.903669","-75.160142","2028","6","0","0","0","0","0","0","0","0","","1","0","0","20","3","0","N","0","2","39 54:13.210","3","0","75 09:36.510","1","0","0","0","67301","1","1","0","N","1","1","0","2","67301","0","2","1.0","2130.0","1","N","N","N","0","0","0","0","0","0","0","Y","2024","2","0","0","0","0","0","0","2","0","1","1","1","0","3","03","","N","","","","","","","","","",""
"2022079931","1115","1","0","0","0","0","0","0","0","0","7","0","","67","8","2022","4","40.11296","-75.023011","1110","6","0","1","0","0","0","0","0","0","","0","0","0","11","1","1","","1","2","40 06:46.657","1","0","75 01:22.840","8","0","0","0","67301","0","0","0","N","0","0","0","1","67301","0","","4.0","1200.0","1","N","Y","N","0","","0","0","0","3","2","N","1105","1","1","0","0","0","1","0","2","0","1","0","0","0","3","","","N","","","","","","","","","",""
"2022089240","0004","0","0","0","0","0","0","0","0","0","5","0","","67","9","2022","3","39.974082","-75.118333","2339","6","0","0","0","0","0","0","0","0","","0","0","0","23","3","1","N","0","0","39 58:26.695","","0","75 07:06.000","3","0","0","0","67301","0","0","0","N","0","0","0","3","68K01","0","","1.0","","1","N","N","N","0","","1","0","1","0","0","","2337","2","1","0","0","0","0","1","2","0","2","0","0","0","3","","","N","","","","","","","","","",""
"2022080070","0310","2","0","0","0","0","0","0","0","0","1","0","","67","8","2022","1","39.951098","-75.182821","0305","6","0","0","0","0","0","0","0","0","","0","0","0","3","3","0","N","0","1","39 57:03.952","4","3","75 10:58.156","9","0","0","0","67301","0","0","0","N","0","0","0","3","68K01","0","","1.0","315.0","1","N","N","N","0","","0","0","0","0","0","N","305","2","0","0","0","0","0","1","2","0","2","0","0","0","3","03","","N","","","","","","","","","",""
"2022075866","1620","1","0","0","0","0","0","0","0","0","5","0","","67","8","2022","5","39.967409","-75.178633","1607","6","0","0","0","0","0","0","1","0","","0","0","0","16","1","0","","1","0","39 58:02.671","","0","75 10:43.078","0","0","0","0","67301","0","0","0","N","0","0","0","3","67301","0","","1.0","","1","N","N","Y","0","","0","0","2","3","2","","1600","3","0","0","0","0","0","0","2","0","3","0","0","0","3","03","","N","","","","","","","","","",""
"2022085871","1646","1","0","0","0","0","0","0","0","0","4","0","","67","9","2022","1","40.029937","-75.153268","1645","6","0","0","0","0","0","2","0","0","","0","0","0","15","1","2","","5","0","40 01:47.773","","0","75 09:11.764","8","0","0","0","67301","0","0","0","N","0","0","0","2","67301","0","","1.0","","1","N","N","N","0","","0","0","1","3","2","","1540","2","2","0","0","0","2","0","2","0","2","0","0","0","3","98","","N","","","","","","","","","",""
"2022090257","2032","1","0","0","0","0","0","0","0","0","4","1","","67","9","2022","1","39.920655","-75.170557","2032","6","0","0","0","0","0","0","0","0","","0","1","0","20","3","0","","1","0","39 55:14.358","","0","75 10:14.006","0","0","0","0","67301","0","0","0","N","0","0","0","3","67301","0","","1.0","","1","N","N","Y","0","","0","0","0","3","2","","2030","2","0","3","0","0","0","0","2","0","2","0","0","0","3","03","","N","","","","","","","","","",""
"2022097440","0625","1","0","0","0","0","0","0","0","0","4","0","","67","7","2022","3","39.985761","-75.215703","0622","6","0","0","0","0","0","0","0","0","","0","0","0","6","1","1","","1","0","39 59:08.741","","0","75 12:56.531","3","0","0","0","67301","0","0","0","N","0","0","0","3","67301","0","","1.0","","1","N","N","N","0","","1","0","1","3","2","","618","2","1","3","0","0","0","0","2","0","2","0","0","0","3","03","","N","","","","","","","","","",""
"2022077726","2017","1","0","0","0","0","0","0","0","0","8","0","","67","8","2022","1","40.07019","-75.031281","2016","6","0","0","0","0","0","0","0","0","","0","0","0","20","3","1","","2","0","40 04:12.683","","0","75 01:52.611","2","0","0","0","67301","1","0","1","N","1","0","1","2","67301","0","","1.0","","1","N","N","N","0","","0","1","0","3","2","","2015","2","1","0","0","0","0","0","2","0","1","1","0","1","3","03","","N","","","","","","","","","",""
"2022081000","2320","0","0","0","0","0","0","0","0","0","8","0","","67","9","2022","7","39.907564","-75.169778","2312","6","0","0","0","0","0","0","0","0","","0","0","0","23","3","1","N","0","0","39 54:27.230","","7","75 10:11.200","8","0","0","0","67301","1","0","0","N","1","0","0","2","67301","0","","1.0","","1","N","N","N","1","","0","0","0","3","3","","2300","2","1","0","0","0","1","0","2","0","1","1","0","0","3","","","N","","","","","","","","","",""
"2022097399","1718","2","0","0","0","0","0","0","0","0","1","0","","67","10","2022","3","39.978801","-75.203227","1653","6","0","0","0","0","0","1","0","0","","0","0","0","16","1","0","N","0","2","39 58:43.684","3","0","75 12:11.618","0","0","0","0","67301","0","0","0","N","0","0","0","3","68K01","0","","1.0","5.0","1","N","N","N","0","","0","0","1","0","0","N","1651","3","0","0","0","0","0","0","2","0","3","0","0","0","3","03","","N","","","","","","","","","",""
"2022095015","1841","1","0","0","0","0","0","0","0","0","1","0","","67","8","2022","1","39.948781","-75.204356","1815","6","0","0","0","0","0","0","0","0","","0","0","0","17","1","0","N","0","0","39 56:55.610","","0","75 12:15.680","0","0","0","0","67301","0","0","0","N","0","0","0","2","67301","0","","1.0","","1","N","N","N","0","","0","0","1","0","0","","1737","2","0","0","0","0","0","0","2","0","2","0","0","0","3","03","","N","","","","","","","","","",""
"2022080291","1025","1","0","0","0","0","0","0","0","0","1","0","","67","8","2022","4","39.985075","-75.178531","1022","6","0","0","0","0","0","1","0","0","","0","0","0","10","1","1","Y","0","0","39 59:06.269","","0","75 10:42.710","3","0","0","0","67301","0","0","0","N","0","0","0","3","67301","0","","1.0","","1","N","N","N","0","","1","0","0","3","2","","1011","2","1","2","0","0","0","1","2","0","2","0","0","0","3","03","","N","","","","","","","","","",""
"2022091092","1701","3","0","0","0","0","0","0","0","0","5","0","","67","9","2022","6","39.977564","-75.112435","1643","6","0","0","0","0","0","1","0","0","","0","0","0","16","1","2","N","0","0","39 58:39.230","","3","75 06:44.765","4","0","0","0","67301","0","0","0","N","0","0","0","4","68K01","2","","1.0","","1","N","N","N","0","","0","0","0","0","0","","1617","3","2","0","0","0","0","0","2","0","3","0","0","0","3","03","","N","","","","","","","","","",""
"2022092614","0720","0","0","0","0","0","0","1","0","0","1","1","","67","9","2022","6","40.001858","-75.140272","0715","6","0","0","0","0","0","0","0","0","","0","0","0","7","1","3","N","0","0","40 00:06.690","","0","75 08:24.980","3","0","0","0","67301","0","0","0","N","0","0","0","3","67301","0","","1.0","","1","Y","N","N","0","","3","0","1","0","0","","700","2","3","0","0","0","0","0","2","0","2","0","0","0","3","03","","N","","","","","","","","","",""
"2022093797","2324","1","0","0","0","0","0","0","0","0","8","0","","67","10","2022","7","39.922061","-75.161594","2324","6","0","0","0","0","0","0","0","0","","0","0","0","20","6","1","","1","0","39 55:19.419","","0","75 09:41.738","2","0","0","0","67301","1","0","1","N","1","0","1","1","67301","0","","1.0","","1","N","N","N","0","","0","1","0","9","3","","2045","2","1","0","0","0","0","0","2","0","1","1","0","1","3","98","","N","","","","","","","","","",""
"2022080460","2000","2","0","0","0","0","0","0","0","0","4","0","","67","8","2022","4","39.988657","-75.187059","1947","6","0","0","0","0","0","0","0","0","","0","0","0","19","3","0","","1","0","39 59:19.164","","0","75 11:13.413","0","0","0","0","67301","0","0","0","N","0","0","0","4","67301","0","","1.0","","1","N","N","Y","0","","0","0","0","3","2","","1920","3","0","4","0","0","0","0","2","1","3","0","0","0","3","03","","N","","","","","","","","","",""
"2022080395","2143","1","0","0","0","0","0","0","0","0","4","0","","67","8","2022","4","40.029911","-75.103076","2143","6","0","0","1","0","0","0","0","0","","0","0","0","21","3","1","","1","2","40 01:47.679","2","0","75 06:11.073","3","0","0","0","67301","0","0","0","N","0","0","0","3","67301","0","","1.0","2220.0","1","N","N","N","1","","1","0","0","3","2","N","2143","2","1","0","0","0","0","0","2","0","2","0","0","0","3","","","N","","","","","","","","","",""
"2022096712","1347","0","0","0","0","0","0","0","0","0","5","0","","67","10","2022","1","40.049885","-75.063665","1347","6","0","0","1","0","0","1","0","0","","0","0","0","13","1","0","N","0","0","40 02:59.585","","7","75 03:49.194","0","0","0","0","67301","0","0","0","N","0","0","0","2","67301","0","","1.0","","1","N","N","N","1","","0","0","1","0","0","","1343","2","0","0","0","0","0","0","2","0","2","0","0","0","3","03","","N","","","","","","","","","",""
"2022097384","2000","1","0","0","0","0","0","0","0","0","1","0","","67","10","2022","5","40.005137","-75.196373","1955","6","0","0","0","0","0","0","0","0","","0","0","0","19","3","0","N","0","0","40 00:18.494","","0","75 11:46.944","0","0","0","0","67301","0","0","0","N","0","0","0","2","68K01","0","","1.0","","1","N","N","N","0","","0","0","0","0","0","","1951","2","0","0","0","0","0","0","2","1","2","0","0","0","3","03","","N","","","","","","","","","",""
"2022079946","1650","1","0","0","0","0","0","0","0","0","4","0","","67","8","2022","3","40.067497","-75.179319","1647","6","0","0","0","0","0","1","0","0","","0","0","0","16","1","1","","1","0","40 04:02.989","","0","75 10:45.548","4","0","0","0","67301","0","0","0","N","0","0","0","2","67301","1","","1.0","","1","N","N","N","0","","0","0","1","3","2","","1622","2","1","0","0","0","0","0","2","0","2","0","0","0","3","03","","N","","","","","","","","","",""
"2022097376","0915","0","0","0","0","0","0","0","0","0","7","0","","67","10","2022","1","40.043871","-75.002898","0915","6","0","0","0","0","0","0","0","0","","0","0","0","9","1","1","N","0","1","40 02:37.936","2","0","75 00:10.433","3","0","0","0","67301","0","0","0","Y","0","0","0","2","68K01","0","","2.0","30.0","9","N","N","N","0","","1","0","1","0","0","N","915","1","1","0","0","0","0","0","2","0","1","0","0","0","7","07","","N","","","","","","","","","",""
"2022094022","0743","2","0","0","0","0","0","0","0","0","1","0","","67","8","2022","4","40.01848","-75.047039","0725","6","0","0","0","0","0","0","0","0","","0","0","0","7","1","0","N","0","0","40 01:06.527","","0","75 02:49.339","0","0","0","0","67301","0","0","0","N","0","0","0","4","68K01","0","","1.0","","1","N","N","N","0","","0","0","1","0","0","","723","3","0","0","0","0","0","0","2","0","3","0","0","0","3","03","","N","","","","","","","","","",""
"2022095021","1100","0","0","0","0","0","0","0","0","0","4","0","","67","10","2022","7","39.969433","-75.245306","1100","6","1","0","0","0","0","0","0","0","","0","0","0","10","1","0","N","0","1","39 58:09.959","2","7","75 14:43.102","0","0","0","0","67301","0","0","0","N","0","0","0","3","67301","0","","1.0","1200.0","9","N","N","N","0","","0","0","2","3","2","N","1015","2","0","0","0","0","0","0","2","0","2","0","0","0","7","","","N","","","","","","","","","",""
"2022093293","1044","1","0","0","0","0","0","0","0","0","2","0","","67","10","2022","1","40.066303","-75.180518","1040","6","0","1","0","0","0","0","0","0","","0","0","0","10","1","0","","1","0","40 03:58.690","","0","75 10:49.864","9","0","0","0","67301","0","0","0","N","0","0","0","3","67301","0","","1.0","","1","N","N","N","0","","0","0","1","3","3","","1035","2","0","0","0","0","0","1","2","0","2","0","0","0","3","","","N","","","","","","","","","",""
"2022092945","0840","2","0","0","0","0","0","1","0","0","5","1","","67","9","2022","4","40.026108","-75.208979","0745","6","0","0","0","0","0","1","0","0","","0","0","0","7","1","2","N","0","0","40 01:33.989","","0","75 12:32.323","8","0","0","0","67301","0","0","0","N","0","0","0","3","67508","0","","6.0","","1","N","N","Y","0","","0","0","0","0","0","","745","3","2","0","0","0","2","0","2","0","3","0","0","0","3","03","","N","","","","","","","","","",""
"2022090276","1606","1","0","0","0","0","0","0","0","0","4","0","","67","8","2022","2","39.992235","-75.099329","1556","6","0","0","0","0","0","1","0","0","","0","0","0","15","1","1","","1","1","39 59:32.047","2","0","75 05:57.585","8","0","0","0","67301","0","0","0","N","0","0","0","4","67301","0","","1.0","1620.0","1","N","N","N","0","","0","0","1","3","2","N","1553","2","1","0","0","0","1","3","2","0","2","0","0","0","3","03","","N","","","","","","","","","",""
"2022094440","1713","0","0","0","0","0","0","0","0","0","7","0","","67","8","2022","6","40.036452","-75.015658","1704","6","0","0","0","0","0","1","0","0","","0","0","0","17","1","0","N","0","0","40 02:11.228","","0","75 00:56.367","0","0","0","0","67301","0","0","0","N","0","0","0","1","68K01","0","","4.0","","1","N","N","N","0","","0","0","1","0","0","","1702","1","0","0","0","0","0","0","2","0","1","0","0","0","3","03","","N","","","","","","","","","",""
"2022081838","1835","0","0","0","0","0","0","0","0","0","8","0","","67","9","2022","6","39.954003","-75.16821","1830","6","0","0","0","0","0","0","0","0","","0","0","0","18","1","1","","1","0","39 57:14.411","","0","75 10:05.557","3","0","0","0","67301","1","0","0","N","1","0","0","2","67301","0","","1.0","","1","N","N","N","0","","1","0","0","3","2","","1820","2","1","0","0","0","0","0","2","0","1","1","0","0","3","03","","N","","","","","","","","","",""
"2022081241","2217","2","0","0","0","0","0","0","0","0","5","0","","67","8","2022","3","40.002626","-75.124413","2214","6","0","0","0","0","0","0","0","0","","0","0","0","22","3","1","","1","1","40 00:09.455","4","0","75 07:27.886","4","0","0","0","67301","0","0","0","N","0","0","0","2","67301","1","","1.0","2245.0","1","N","N","N","0","","0","0","0","3","2","Y","2213","2","1","0","0","0","0","0","2","0","2","0","0","0","3","03","","N","","","","","","","","","",""
"2022097441","0019","1","0","0","0","0","0","0","0","0","1","0","","67","7","2022","4","40.00839","-75.211014","0019","6","0","0","0","0","0","0","0","0","","0","0","0","23","3","0","Y","0","0","40 00:30.203","","0","75 12:39.649","0","0","0","0","67301","0","0","0","N","0","0","0","2","67301","0","","1.0","","1","N","N","N","1","","0","0","0","3","2","","2345","2","0","0","0","0","0","0","2","0","2","0","0","0","3","03","","N","","","","","","","","","",""
"2022080272","2036","0","0","0","0","0","0","0","0","0","8","0","","67","8","2022","4","40.113965","-75.024702","2030","6","0","0","0","0","0","0","0","1","","0","0","0","20","3","1","","2","0","40 06:50.274","","0","75 01:28.927","3","0","0","0","67301","1","0","0","N","1","0","0","2","67301","0","","1.0","","1","N","N","N","0","","1","0","0","3","3","","2015","2","1","0","0","0","0","0","2","1","1","1","0","0","3","","","N","","","","","","","","","",""
"2022078523","1128","1","0","0","0","0","0","0","0","0","4","0","","67","8","2022","6","40.00194","-75.140075","1128","6","0","0","0","0","0","1","0","0","","0","0","0","11","1","1","","1","0","40 00:06.983","","0","75 08:24.269","3","0","0","1","67301","0","0","0","N","0","0","0","2","67301","0","","1.0","","1","N","N","N","0","","1","0","0","3","3","","1120","2","1","1","0","0","0","0","2","0","2","0","0","0","3","04","","N","","","","","","","","","",""
"2022092112","0641","0","0","0","0","0","0","0","0","0","7","0","","67","10","2022","2","40.031104","-75.021711","0620","6","0","0","0","0","0","0","0","0","","0","0","0","5","3","0","N","0","0","40 01:51.974","","0","75 01:18.158","0","0","0","0","67301","0","0","0","N","0","0","0","1","68K01","0","","2.0","","9","N","N","N","1","","0","0","0","0","0","","548","1","0","0","0","0","0","0","2","0","1","0","0","0","7","","","N","","","","","","","","","",""
"2022079876","1141","0","0","0","0","0","0","0","0","0","5","0","","67","8","2022","4","40.024368","-75.046288","1128","6","0","0","0","0","0","0","0","0","","0","0","0","10","1","2","N","0","0","40 01:27.725","","0","75 02:46.635","3","0","0","0","67301","0","0","0","N","0","0","0","5","67301","0","","1.0","","1","N","N","N","0","","2","0","2","0","0","","1050","2","2","0","0","0","0","0","2","0","2","0","0","0","3","","","N","","","","","","","","","",""
"2022079273","1458","0","0","0","0","0","0","0","0","0","4","0","","67","8","2022","2","40.044906","-75.233039","1457","6","0","0","0","0","0","0","0","0","","0","0","0","14","1","1","N","0","2","40 02:41.660","6","7","75 13:58.940","8","0","0","0","67301","0","0","0","N","0","0","0","2","67301","0","","1.0","1606.0","1","N","N","N","0","","0","0","2","3","3","Y","1457","2","1","0","0","0","1","0","2","0","2","0","0","0","3","03","","N","","","","","","","","","",""
"2022092067","2317","1","0","0","0","0","0","0","0","0","4","0","","67","9","2022","1","39.990333","-75.205039","2314","6","0","0","0","0","0","0","0","0","","0","0","0","23","3","2","N","0","1","39 59:25.200","4","0","75 12:18.141","3","0","0","0","67301","0","0","0","N","0","0","0","2","68K01","0","","1.0","2330.0","9","N","N","N","0","","2","0","1","0","0","N","2305","2","2","0","0","0","0","0","2","0","2","0","0","0","7","07","","N","","","","","","","","","",""
"2022084268","1640","0","0","0","0","0","0","1","0","0","4","1","","67","9","2022","5","40.065219","-75.1681","1610","6","0","0","0","0","0","0","0","0","","0","0","0","15","1","2","","1","0","40 03:54.789","","0","75 10:05.159","4","0","0","0","67301","0","0","0","N","0","0","0","6","67508","2","","1.0","","1","N","N","N","0","","0","0","1","3","2","","1542","2","2","0","0","0","0","3","2","0","2","0","0","0","3","03","","N","","","","","","","","","",""
"2022097096","0532","1","0","0","0","0","0","0","0","0","1","0","","67","8","2022","1","39.952951","-75.193241","0530","6","0","0","0","0","0","0","0","0","","0","0","0","5","3","0","N","0","1","39 57:10.622","4","0","75 11:35.667","0","0","0","0","67301","0","0","0","N","0","0","0","1","67504","0","","6.0","550.0","1","N","N","N","0","","0","0","1","0","0","N","529","2","0","0","0","0","0","0","2","0","2","0","0","0","3","","","N","","","","","","","","","",""
"2022094265","0559","3","0","0","0","0","0","0","0","0","4","0","","67","10","2022","1","40.026863","-75.078848","0555","6","0","0","0","1","0","0","0","0","","0","0","0","5","3","1","","1","1","40 01:36.706","2","0","75 04:43.852","3","0","0","0","67301","0","0","0","N","0","0","0","2","67301","0","","1.0","625.0","9","N","N","N","0","","1","0","1","3","3","N","551","4","1","2","0","0","0","0","2","0","4","0","0","0","7","","","N","","","","","","","","","",""
"2022095013","1740","1","0","0","0","0","0","0","0","0","5","0","","67","10","2022","5","39.916941","-75.237803","1740","6","0","0","0","0","0","0","0","0","","0","0","0","17","4","1","N","0","0","39 55:00.987","","0","75 14:16.090","4","0","0","0","67301","0","0","0","N","0","0","0","2","67301","1","","1.0","","9","N","N","N","0","","0","0","1","0","0","","1738","3","1","1","0","0","0","0","2","0","3","0","0","0","4","03","","N","","","","","","","","","",""
"2022079322","1545","1","0","0","0","0","0","0","0","0","4","0","","67","8","2022","2","40.036254","-75.025832","1526","6","0","0","0","0","0","0","0","0","","0","0","0","14","1","0","","1","0","40 02:10.516","","0","75 01:32.995","0","0","0","0","67301","0","0","0","N","0","0","0","1","67301","0","","1.0","","1","N","N","N","1","","0","0","0","3","3","","1454","2","0","0","0","0","0","0","2","0","2","0","0","0","3","","","N","","","","","","","","","",""
"2022091577","1742","1","0","0","0","0","0","0","0","0","1","0","","67","9","2022","5","39.98556","-75.207954","1731","6","0","0","0","0","0","0","0","0","","0","0","0","17","1","0","N","0","0","39 59:08.016","","2","75 12:28.634","0","0","0","0","67301","0","0","0","N","0","0","0","7","68K01","0","","1.0","","1","N","N","N","0","","0","0","1","0","0","","1729","2","0","0","0","0","0","0","2","0","2","0","0","0","3","","","N","","","","","","","","","",""
"2022080736","1655","0","0","0","1","0","0","0","0","0","8","0","","67","9","2022","6","39.940198","-75.166194","1650","6","0","0","0","0","0","1","0","0","","0","0","0","16","1","1","N","0","0","39 56:24.711","","0","75 09:58.298","3","0","0","0","67301","1","0","0","N","0","0","0","2","67301","0","","1.0","","1","N","N","N","0","","1","0","1","0","0","","1645","2","1","0","0","0","0","0","2","0","1","1","0","0","3","","","N","","","","","","","","","",""
"2022094028","2030","0","0","0","0","0","0","0","0","0","0","0","","67","8","2022","6","39.892203","-75.197776","2023","6","0","0","0","0","0","0","0","0","","0","0","0","20","3","1","N","0","1","39 53:31.930","1","3","75 11:51.994","8","0","0","1","67301","0","0","0","N","0","0","0","1","68K01","0","","1.0","2100.0","1","N","N","N","0","","0","0","0","0","0","Y","2022","1","1","0","0","0","1","0","2","0","1","0","0","0","3","","","N","","","","","","","","","",""
"2022094159","0735","0","0","0","0","0","0","0","0","0","6","2","","67","10","2022","1","40.018428","-75.140539","0732","6","0","0","0","0","0","0","0","0","","0","2","0","20","3","0","N","0","0","40 01:06.340","","0","75 08:25.940","0","0","0","0","67301","0","0","0","N","0","0","0","1","67301","0","","6.0","","1","N","N","Y","1","","0","0","1","0","0","","2030","4","0","1","0","0","0","0","2","0","4","0","0","0","3","03","","N","","","","","","","","","",""
"2022081301","1210","1","0","0","0","0","0","0","0","0","1","0","","67","9","2022","6","40.082647","-75.031828","1208","6","0","0","0","0","0","0","0","0","","0","0","0","0","2","1","Y","0","0","40 04:57.528","","0","75 01:54.580","4","0","0","0","67301","0","0","0","N","0","0","0","3","67301","1","","1.0","","1","N","N","N","0","","0","0","0","3","2","","5","2","1","1","0","0","0","0","2","1","2","0","0","0","3","","","N","","","","","","","","","",""
"2022096724","1105","1","0","0","0","0","0","0","0","0","4","0","","67","10","2022","1","39.935632","-75.22587","1100","6","0","0","0","0","0","1","0","0","","0","0","0","10","1","1","","1","1","39 56:08.274","4","0","75 13:33.131","3","0","0","0","67301","0","0","0","N","0","0","0","2","67301","0","","1.0","1130.0","1","N","N","N","0","","1","0","2","3","2","N","1058","3","1","0","0","0","0","0","2","0","3","0","0","0","3","03","","N","","","","","","","","","",""
"2022094617","1950","1","0","0","0","0","0","0","0","0","8","0","","67","10","2022","3","39.931734","-75.168023","1945","6","0","0","0","0","0","0","0","0","","0","0","0","9","1","1","","1","0","39 55:54.243","","0","75 10:04.882","3","0","0","0","67301","1","0","0","N","1","0","0","1","67301","0","","1.0","","1","N","N","N","0","","1","0","0","3","3","","900","2","1","0","0","0","0","0","2","0","1","1","0","0","3","","","N","","","","","","","","","",""
"2022095026","0855","1","0","0","0","0","0","0","0","0","2","0","","67","10","2022","3","40.043736","-75.13821","0850","6","0","0","0","0","0","1","1","0","","0","0","0","8","1","0","","1","0","40 02:37.449","","0","75 08:17.556","0","0","0","0","67301","0","0","0","N","0","0","0","2","67301","0","","1.0","","1","N","N","N","0","","0","0","1","3","3","","825","2","0","0","0","0","0","0","2","0","2","0","0","0","3","","","N","","","","","","","","","",""
"2022097448","2030","2","0","0","0","0","0","0","0","0","2","0","","67","10","2022","6","39.993539","-75.226569","2028","6","0","0","0","0","0","0","0","0","","0","0","0","20","3","1","N","0","0","39 59:36.740","","0","75 13:35.650","8","0","0","0","67301","0","0","0","N","0","0","0","1","67301","0","","6.0","","1","N","N","N","0","","0","0","0","0","0","","2000","2","1","0","0","0","1","0","2","0","2","0","0","0","3","03","","N","","","","","","","","","",""