"CRN","ARRIVAL_TM","AUTOMOBILE_COUNT","BELTED_DEATH_COUNT","BELTED_SUSP_SERIOUS_INJ_COUNT","BICYCLE_COUNT","BICYCLE_DEATH_COUNT","BICYCLE_SUSP_SERIOUS_INJ_COUNT","BUS_COUNT","CHLDPAS_DEATH_COUNT","CHLDPAS_SUSP_SERIOUS_INJ_COUNT","COLLISION_TYPE","COMM_VEH_COUNT","CONS_ZONE_SPD_LIM","COUNTY","CRASH_MONTH","CRASH_YEAR","DAY_OF_WEEK","DEC_LATITUDE","DEC_LONGITUDE","DISPATCH_TM","DISTRICT","DRIVER_COUNT_16YR","DRIVER_COUNT_17YR","DRIVER_COUNT_18YR","DRIVER_COUNT_19YR","DRIVER_COUNT_20YR","DRIVER_COUNT_50_64YR","DRIVER_COUNT_65_74YR","DRIVER_COUNT_75PLUS","EST_HRS_CLOSED","FATAL_COUNT","HEAVY_TRUCK_COUNT","HORSE_BUGGY_COUNT","HOUR_OF_DAY","ILLUMINATION","INJURY_COUNT","INTERSECTION_RELATED","INTERSECT_TYPE","LANE_CLOSED","LATITUDE","LN_CLOSE_DIR","LOCATION_TYPE","LONGITUDE","MAX_SEVERITY_LEVEL","MCYCLE_DEATH_COUNT","MCYCLE_SUSP_SERIOUS_INJ_COUNT","MOTORCYCLE_COUNT","MUNICIPALITY","NONMOTR_COUNT","NONMOTR_DEATH_COUNT","NONMOTR_SUSP_SERIOUS_INJ_COUNT","NTFY_HIWY_MAINT","PED_COUNT","PED_DEATH_COUNT","PED_SUSP_SERIOUS_INJ_COUNT","PERSON_COUNT","POLICE_AGCY","POSSIBLE_INJ_COUNT","RDWY_SURF_TYPE_CD","RELATION_TO_ROAD","ROADWAY_CLEARED","ROAD_CONDITION","SCH_BUS_IND","SCH_ZONE_IND","SECONDARY_CRASH","SMALL_TRUCK_COUNT","SPEC_JURIS_CD","SUSP_MINOR_INJ_COUNT","SUSP_SERIOUS_INJ_COUNT","SUV_COUNT","TCD_FUNC_CD","TCD_TYPE","TFC_DETOUR_IND","TIME_OF_DAY","TOTAL_UNITS","TOT_INJ_COUNT","UNBELTED_OCC_COUNT","UNB_DEATH_COUNT","UNB_SUSP_SERIOUS_INJ_COUNT","UNK_INJ_DEG_COUNT","UNK_INJ_PER_COUNT","URBAN_RURAL","VAN_COUNT","VEHICLE_COUNT","VULNERABLE_ROAD_USER_COUNT","VULNERABLE_ROAD_USER_DEATH_COUNT","VULNERABLE_ROAD_USER_SER_INJ_COUNT","WEATHER1","WEATHER2","WORKERS_PRES","WORK_ZONE_IND","WORK_ZONE_LOC","WORK_ZONE_TYPE","WZ_CLOSE_DETOUR","WZ_FLAGGER","WZ_LAW_OFFCR_IND","WZ_LN_CLOSURE","WZ_MOVING","WZ_OTHER","WZ_SHLDER_MDN","WZ_WORKERS_INJ_KILLED"
"2022093417","0353","0","0","0","0","0","0","0","0","0","4","0","","67","10","2022","1","40.024148","-75.133202","0350","6","0","0","0","0","0","0","0","0","","0","0","0","3","3","1","","2","2","40 01:26.931","3","0","75 07:59.528","3","0","0","0","67301","0","0","0","N","0","0","0","2","67301","0","","1.0","415.0","1","N","N","N","0","","1","0","1","3","2","Y","349","2","1","0","0","0","0","0","2","0","2","0","0","0","3","03","","N","","","","","","","","","",""
"2022072778","0727","1","0","0","0","0","0","0","0","0","7","0","","67","5","2022","2","39.899075","-75.172528","0648","6","0","0","0","0","0","0","0","0","","0","0","0","6","1","0","N","0","0","39 53:56.669","","8","75 10:21.099","9","0","0","0","67301","0","0","0","N","0","0","0","1","68K01","0","","4.0","","1","N","N","N","0","","0","0","0","0","0","","647","1","0","0","0","0","0","1","2","0","1","0","0","0","3","","","N","","","","","","","","","",""
"2022080290","1135","2","0","0","0","0","0","0","0","0","5","0","","67","8","2022","3","39.947858","-75.207039","1135","6","0","0","0","0","0","0","0","0","","0","0","0","9","1","0","N","0","0","39 56:52.290","","0","75 12:25.340","0","0","0","0","67301","0","0","0","N","0","0","0","3","67301","0","","1.0","","1","N","N","N","0","","0","0","0","0","0","","935","2","0","0","0","0","0","0","2","0","2","0","0","0","3","03","","N","","","","","","","","","",""
"2022091276","1544","1","0","0","0","0","0","0","0","0","1","0","","67","9","2022","5","39.958763","-75.168887","1529","6","0","0","0","0","0","0","0","0","","0","0","0","14","1","0","N","0","1","39 57:31.547","4","0","75 10:07.994","0","0","0","0","67301","0","0","0","N","0","0","0","2","68K01","0","","1.0","1529.0","1","N","N","N","0","","0","0","0","0","0","N","1416","2","0","0","0","0","0","0","2","1","2","0","0","0","3","03","","N","","","","","","","","","",""
"2022086889","2225","0","0","0","0","0","0","0","0","0","8","0","","67","9","2022","3","40.071256","-75.161453","2223","6","0","0","0","0","0","0","0","0","","0","0","0","22","3","1","N","0","0","40 04:16.521","","0","75 09:41.230","8","0","0","0","67301","1","0","0","N","1","0","0","1","67301","0","","1.0","","1","N","N","N","0","","0","0","0","0","0","","2216","2","1","0","0","0","1","0","2","0","1","1","0","0","3","","","N","","","","","","","","","",""
"2022094289","0103","0","0","0","0","0","0","1","0","0","1","1","","67","10","2022","6","40.018608","-75.183092","0020","6","0","0","0","0","0","0","0","0","","0","0","0","0","3","2","","1","0","40 01:06.988","","0","75 10:59.131","8","0","0","0","67301","0","0","0","N","0","0","0","2","67508","0","","1.0","","1","N","N","N","0","","0","0","1","3","3","","20","2","2","1","0","0","2","0","2","0","2","0","0","0","3","03","","N","","","","","","","","","",""
"2022094127","0034","2","0","0","0","0","0","0","0","0","5","0","","67","10","2022","1","39.992901","-75.085066","0026","6","0","0","0","0","1","0","0","0","","0","0","0","0","3","1","N","0","1","39 59:34.443","1","0","75 05:06.239","3","0","0","0","67301","0","0","0","N","0","0","0","3","68K01","0","","1.0","100.0","1","N","N","N","0","","1","0","0","0","0","N","14","2","1","0","0","0","0","1","2","0","2","0","0","0","3","03","","N","","","","","","","","","",""
"2022093809","0045","2","0","0","0","0","0","0","0","0","2","0","","67","10","2022","2","39.892957","-75.240194","0040","6","0","0","1","0","0","0","0","0","","0","0","0","0","3","3","N","0","2","39 53:34.646","3","0","75 14:24.698","3","0","0","0","67301","0","0","0","N","0","0","0","4","67301","0","","1.0","330.0","1","N","N","N","0","","3","0","0","3","2","Y","17","2","3","0","0","0","0","0","2","0","2","0","0","0","3","03","","N","","","","","","","","","",""
"2022060552","1505","0","0","0","0","0","0","0","0","0","4","0","","67","6","2022","4","39.905008","-75.170297","1501","6","0","0","0","0","0","0","0","0","","0","0","0","14","1","2","N","0","1","39 54:18.030","4","0","75 10:13.070","3","0","0","0","67301","0","0","0","N","0","0","0","4","67301","0","","1.0","1600.0","1","N","N","N","0","","2","0","2","0","0","N","1459","2","2","0","0","0","0","0","2","0","2","0","0","0","3","03","","N","","","","","","","","","",""
"2022078936","0105","2","0","0","0","0","0","0","0","0","4","0","","67","8","2022","1","39.938719","-75.224301","0105","6","0","0","0","0","0","0","0","0","","0","0","0","23","3","3","","1","0","39 56:19.388","","0","75 13:27.483","3","0","0","0","67301","0","0","0","N","0","0","0","3","67301","0","","1.0","","1","N","N","N","0","","3","0","0","3","2","","2330","2","3","0","0","0","0","0","2","0","2","0","0","0","3","03","","N","","","","","","","","","",""
"2022090212","0938","0","0","0","0","0","0","0","0","0","5","1","","67","9","2022","4","40.056378","-75.026242","0918","6","0","0","0","0","0","1","0","0","","0","1","0","9","1","0","N","0","2","40 03:22.959","3","0","75 01:34.471","0","0","0","0","67301","0","0","0","N","0","0","0","3","67301","0","","1.0","1030.0","1","N","N","N","0","","0","0","0","0","0","Y","906","3","0","0","0","0","0","0","2","2","3","0","0","0","3","03","","N","","","","","","","","","",""
"2022093469","1627","0","0","0","1","0","0","1","0","0","8","1","","67","9","2022","2","39.951118","-75.1785","1622","6","0","0","0","0","0","1","0","0","","0","0","0","16","1","1","","1","0","39 57:04.026","","0","75 10:42.601","3","0","0","0","67301","1","0","0","N","0","0","0","2","67508","0","","1.0","","1","N","N","N","0","","1","0","0","3","2","N","1620","2","1","0","0","0","0","0","2","0","1","1","0","0","3","03","","N","","","","","","","","","",""
"2022072586","2103","1","0","0","0","0","0","0","0","0","4","0","","67","8","2022","2","40.04306","-75.055433","2059","6","0","0","0","0","0","0","0","0","","1","0","0","20","3","0","N","0","2","40 02:35.015","1","0","75 03:19.560","1","1","0","1","67301","0","0","0","N","0","0","0","2","67301","0","2","1.0","2359.0","1","N","N","N","0","0","0","0","0","3","2","Y","2056","2","0","0","0","0","0","0","2","0","2","0","0","0","3","03","","N","","","","","","","","","",""
"2022090864","0506","1","0","0","0","0","0","0","0","0","7","0","","67","10","2022","7","39.967156","-75.132856","0458","6","0","0","0","0","0","0","0","0","","0","0","0","4","3","0","N","0","0","39 58:01.763","","0","75 07:58.281","0","0","0","0","67301","0","0","0","N","0","0","0","1","68K01","0","","4.0","","9","N","N","N","0","","0","0","0","0","0","","458","1","0","0","0","0","0","0","2","0","1","0","0","0","7","","","N","","","","","","","","","",""
"2022073203","0054","2","0","0","0","0","0","0","0","0","2","0","","67","8","2022","5","39.979105","-75.161134","0053","6","0","0","0","0","0","0","0","0","","0","0","0","0","3","0","N","1","2","39 58:44.778","1","0","75 09:40.084","9","0","0","0","67301","0","0","0","N","0","0","0","3","67505","0","","1.0","130.0","1","N","N","N","0","","0","0","0","3","2","N","52","2","0","0","0","0","0","2","2","0","2","0","0","0","3","03","","N","","","","","","","","","",""
"2022086667","0848","0","0","0","1","0","0","0","0","0","8","0","","67","9","2022","4","39.956458","-75.176147","0843","6","0","0","0","0","0","0","0","0","","0","0","0","8","1","1","N","0","1","39 57:23.250","1","7","75 10:34.130","3","0","0","0","67301","1","0","0","N","0","0","0","2","67301","0","","1.0","905.0","9","N","N","N","0","","1","0","1","0","0","N","835","2","1","0","0","0","0","0","2","0","1","1","0","0","7","","","N","","","","","","","","","",""
"2022072648","1120","0","0","0","0","0","0","0","0","0","4","1","","67","8","2022","3","40.072125","-75.192823","1120","6","0","0","0","0","0","0","1","0","","0","1","0","10","1","1","","1","0","40 04:19.649","","0","75 11:34.162","3","0","0","0","67301","0","0","0","N","0","0","0","2","67301","0","","1.0","","1","N","N","N","0","","1","0","1","3","3","","1035","2","1","0","0","0","0","0","2","0","2","0","0","0","3","","","N","","","","","","","","","",""
"2022060007","0555","1","0","0","0","0","0","0","0","0","5","0","","67","6","2022","7","39.918272","-75.159203","0551","6","0","0","0","0","0","0","0","0","","0","0","0","5","1","0","N","0","2","39 55:05.780","7","0","75 09:33.130","0","0","0","0","67301","0","0","0","N","0","0","0","1","67301","0","","6.0","830.0","1","N","N","N","0","","0","0","0","0","0","Y","550","2","0","0","0","0","0","0","2","1","2","0","0","0","3","03","","N","","","","","","","","","",""
"2022091236","1904","2","0","0","0","0","0","0","0","0","1","0","","67","8","2022","4","39.994402","-75.083961","1853","6","0","0","0","0","0","0","0","0","","0","0","0","18","1","0","N","0","0","39 59:39.846","","0","75 05:02.260","0","0","0","0","67301","0","0","0","N","0","0","0","2","68K01","0","","1.0","","1","N","N","N","0","","0","0","0","0","0","","1848","2","0","0","0","0","0","0","2","0","2","0","0","0","3","","","N","","","","","","","","","",""
"2022086645","1151","1","0","0","1","0","0","0","0","0","8","0","","67","9","2022","2","39.941033","-75.17427","1150","6","0","0","0","0","0","0","0","0","","0","0","0","8","1","1","","1","0","39 56:27.718","","0","75 10:27.372","8","0","0","0","67301","1","0","0","N","0","0","0","2","67301","0","","1.0","","1","N","N","N","0","","0","0","0","3","2","","845","2","1","0","0","0","1","0","2","0","1","1","0","0","3","","","N","","","","","","","","","",""
"2022096786","0920","0","0","0","0","0","0","1","0","0","5","1","","67","10","2022","4","40.05947","-75.138185","0852","6","0","0","0","0","0","1","0","0","","0","0","0","8","1","4","","2","0","40 03:34.091","","0","75 08:17.465","3","0","0","0","67301","0","0","0","N","0","0","0","6","67508","3","","1.0","","1","N","N","Y","0","","1","0","1","0","0","","852","2","4","0","0","0","0","0","2","0","2","0","0","0","3","03","","N","","","","","","","","","",""
"2022077362","1759","0","0","0","0","0","0","0","0","0","4","0","","67","8","2022","3","40.063974","-75.059602","1755","6","0","0","0","0","0","1","0","0","","0","0","0","17","1","0","","1","0","40 03:50.306","","0","75 03:34.568","0","0","0","0","67301","0","0","0","N","0","0","0","3","67301","0","","1.0","","1","N","N","N","1","","0","0","2","3","3","","1732","3","0","0","0","0","0","0","2","0","3","0","0","0","3","03","","N","","","","","","","","","",""
"2022078430","1812","1","0","0","0","0","0","0","0","0","5","0","","67","8","2022","7","39.992939","-75.167653","1802","6","0","0","0","0","0","0","0","1","","0","0","0","17","1","1","N","0","0","39 59:34.580","","0","75 10:03.550","3","0","0","0","67301","0","0","0","N","0","0","0","2","67301","0","","1.0","","1","N","N","N","0","","1","0","0","0","0","","1724","2","1","0","0","0","0","0","2","0","2","0","0","0","3","03","","N","","","","","","","","","",""
"2022063088","1000","0","0","0","0","0","0","0","0","0","7","0","","67","6","2022","5","39.979775","-75.225189","0954","6","0","0","0","0","0","0","1","0","","0","0","0","9","1","1","N","0","0","39 58:47.191","","0","75 13:30.682","3","0","0","0","67301","0","0","0","N","0","0","0","1","67301","0","","4.0","","9","N","N","N","0","","1","0","0","0","0","","949","1","1","0","0","0","0","0","2","1","1","0","0","0","7","04","","N","","","","","","","","","",""
"2022063220","1400","1","0","0","0","0","0","0","0","0","4","0","","67","7","2022","6","40.040635","-75.151494","1357","6","0","0","0","0","0","1","0","0","","0","0","0","13","1","0","","1","0","40 02:26.285","","0","75 09:05.378","0","0","0","0","67301","0","0","0","N","0","0","0","2","67301","0","","1.0","","1","N","N","N","0","","0","0","1","3","2","","1355","2","0","0","0","0","0","0","2","0","2","0","0","0","3","03","","N","","","","","","","","","",""
"2022077266","0232","1","0","0","0","0","0","0","0","0","7","0","","67","8","2022","2","40.017503","-75.202164","0222","6","0","0","0","0","0","0","0","0","","0","0","0","2","3","0","N","0","0","40 01:03.010","","0","75 12:07.790","0","0","0","0","67301","0","0","0","N","0","0","0","1","67301","0","","3.0","","9","N","N","N","0","","0","0","0","0","0","","218","1","0","0","0","0","0","0","2","0","1","0","0","0","7","03","","N","","","","","","","","","",""
"2022080289","0730","0","0","0","0","0","0","0","0","0","5","0","","67","8","2022","3","39.951827","-75.226571","0730","6","0","0","0","0","0","0","0","0","","0","0","0","7","1","0","N","0","1","39 57:06.577","1","0","75 13:35.655","0","0","0","0","67301","0","0","0","N","0","0","0","2","67301","0","","6.0","845.0","1","N","N","N","0","","0","0","2","0","0","N","728","2","0","0","0","0","0","0","2","0","2","0","0","0","3","03","","N","","","","","","","","","",""
"2022095012","1452","1","0","0","0","0","0","0","0","0","8","0","","67","10","2022","5","39.920403","-75.232885","1452","6","0","0","0","0","0","0","0","0","","0","0","0","14","1","1","","1","0","39 55:13.451","","0","75 13:58.387","3","0","0","0","67301","1","0","0","N","1","0","0","1","67301","0","","4.0","","9","N","N","N","0","","1","0","0","3","2","","1447","2","1","0","0","0","0","0","2","0","1","1","0","0","7","07","","N","","","","","","","","","",""
"2022093598","1157","0","0","0","0","0","0","0","0","0","1","1","","67","10","2022","3","40.003227","-75.077638","1157","6","0","0","0","0","0","0","0","0","","0","1","0","11","1","1","N","0","1","40 00:11.616","2","3","75 04:39.497","8","0","0","0","67301","0","0","0","N","0","0","0","2","68K01","0","","1.0","1222.0","9","N","N","N","0","","0","0","1","0","0","N","1140","2","1","1","0","0","1","0","2","0","2","0","0","0","7","","","N","","","","","","","","","",""
"2022060370","0238","1","0","0","0","0","0","0","0","0","5","0","","67","6","2022","4","39.947881","-75.142528","0234","6","0","0","0","0","0","0","0","0","","0","0","0","2","3","1","N","0","1","39 56:52.370","1","0","75 08:33.100","3","0","0","0","67301","0","0","0","N","0","0","0","1","67301","0","","6.0","339.0","1","N","N","N","0","","1","0","1","0","0","N","233","2","1","0","0","0","0","0","2","0","2","0","0","0","3","03","","N","","","","","","","","","",""
"2022080473","2020","2","0","0","0","0","0","0","0","0","5","0","","67","8","2022","3","39.942919","-75.172233","2006","6","0","0","0","0","0","0","0","0","","0","0","0","19","3","0","N","0","0","39 56:34.510","","0","75 10:20.040","0","0","0","0","67301","0","0","0","N","0","0","0","1","67301","0","","6.0","","9","N","N","N","0","","0","0","0","0","0","","1927","2","0","0","0","0","0","0","2","0","2","0","0","0","7","04","","N","","","","","","","","","",""
"2022087022","1540","1","0","0","0","0","0","1","0","0","4","1","","67","9","2022","6","39.961998","-75.240725","1525","6","0","0","0","0","0","1","0","0","","0","0","0","15","1","1","","1","0","39 57:43.192","","1","75 14:26.610","4","0","0","0","67301","0","0","0","N","0","0","0","2","67508","1","","1.0","","1","N","N","Y","0","","0","0","0","3","2","","1525","2","1","0","0","0","0","0","2","0","2","0","0","0","3","03","","N","","","","","","","","","",""
"2022093636","0333","1","0","0","0","0","0","0","0","0","1","0","","67","10","2022","1","39.957038","-75.152368","0326","6","0","0","1","0","0","0","0","0","","0","0","0","3","3","0","N","0","2","39 57:25.337","3","0","75 09:08.526","9","0","0","0","67301","0","0","0","N","0","0","0","5","68K01","0","","1.0","435.0","1","N","N","N","0","","0","0","1","0","0","N","321","2","0","0","0","0","0","1","2","0","2","0","0","0","3","03","","N","","","","","","","","","",""
"2022060047","1035","1","0","0","0","0","0","0","0","0","4","0","","67","6","2022","5","40.022789","-75.047933","1035","6","0","0","0","0","0","0","0","0","","0","0","0","10","1","0","","1","0","40 01:22.040","","0","75 02:52.558","0","0","0","0","67301","0","0","0","N","0","0","0","2","67301","0","","1.0","","9","N","N","N","0","","0","0","1","3","3","","1005","2","0","0","0","0","0","0","2","0","2","0","0","0","7","07","","N","","","","","","","","","",""
"2022094262","0850","2","0","0","0","0","0","0","0","0","1","0","","67","10","2022","3","39.920942","-75.24663","0841","6","0","0","0","0","1","1","0","0","","0","0","0","8","1","1","N","0","1","39 55:15.390","1","0","75 14:47.868","3","0","0","0","67301","0","0","0","N","0","0","0","5","67301","0","","1.0","30.0","1","N","N","N","0","","1","0","0","0","0","N","838","3","1","0","0","0","0","0","2","1","3","0","0","0","3","03","","N","","","","","","","","","",""
"2022096298","0532","1","0","0","0","0","0","0","0","0","7","0","","67","10","2022","2","39.997397","-75.196371","0523","6","0","0","0","0","1","0","0","0","","0","0","0","5","3","1","N","0","1","39 59:50.628","3","0","75 11:46.937","3","0","0","0","67301","0","0","0","N","0","0","0","1","68K01","0","","4.0","550.0","1","N","N","N","0","","1","0","0","0","0","N","513","1","1","0","0","0","0","0","2","0","1","0","0","0","3","","","N","","","","","","","","","",""
"2022072611","0543","2","0","0","0","0","0","0","0","0","1","0","","67","7","2022","7","40.006199","-75.098953","0534","6","0","0","0","0","0","0","0","0","","0","0","0","5","5","1","N","0","0","40 00:22.317","","0","75 05:56.229","2","0","0","0","67301","1","0","1","N","1","0","1","3","67301","0","","1.0","","1","N","N","N","0","","0","1","0","0","0","","530","3","1","1","0","0","0","1","2","0","2","1","0","1","3","03","","N","","","","","","","","","",""
"2022086911","0643","1","0","0","0","0","0","0","0","0","1","0","","67","9","2022","4","40.02318","-75.03556","0643","6","0","0","0","0","0","1","0","0","","0","0","0","6","1","0","N","0","0","40 01:23.448","","0","75 02:08.016","0","0","0","0","67301","0","0","0","N","0","0","0","2","68K01","0","","1.0","","1","N","N","N","1","","0","0","0","0","0","","622","2","0","0","0","0","0","0","2","0","2","0","0","0","3","","","N","","","","","","","","","",""
"2022092102","0307","1","0","0","0","0","0","0","0","0","7","0","","67","10","2022","1","40.030111","-75.022149","0256","6","0","0","0","0","0","0","0","0","","0","0","0","2","3","1","N","0","1","40 01:48.399","2","0","75 01:19.738","3","0","0","0","67301","0","0","0","N","0","0","0","1","68K01","0","","4.0","316.0","9","N","N","N","0","","1","0","0","0","0","N","252","1","1","0","0","0","0","0","2","0","1","0","0","0","7","","","N","","","","","","","","","",""
"2022058746","1336","3","0","0","0","0","0","0","0","0","1","0","","67","6","2022","6","39.908028","-75.145306","1334","6","0","0","0","1","0","0","0","0","","0","0","0","13","1","1","N","0","2","39 54:28.900","4","3","75 08:43.100","3","0","0","0","67301","0","0","0","N","0","0","0","5","67501","0","","1.0","1409.0","1","N","N","N","0","","1","0","0","3","8","N","1334","3","1","0","0","0","0","0","2","0","3","0","0","0","3","03","","N","","","","","","","","","",""
"2022072302","1215","0","0","0","0","0","0","1","0","0","8","1","","67","7","2022","1","39.87665","-75.242478","1209","6","0","0","0","0","0","1","0","0","","0","0","0","12","1","2","N","0","0","39 52:35.940","","0","75 14:32.920","3","0","0","0","67301","2","0","0","N","2","0","0","3","67301","0","","6.0","","1","N","N","N","0","","2","0","1","0","0","","1205","4","2","0","0","0","0","0","2","0","2","2","0","0","3","","","N","","","","","","","","","",""
"2022079325","2035","0","0","0","0","0","0","0","0","0","4","0","","67","8","2022","7","40.006004","-75.091851","2030","6","0","0","0","0","0","0","0","0","","0","0","0","20","3","0","","5","0","40 00:21.613","","0","75 05:30.664","0","0","0","0","67301","0","0","0","N","0","0","0","3","67301","0","","1.0","","1","N","N","Y","0","","0","0","2","3","2","","2019","2","0","0","0","0","0","0","2","0","2","0","0","0","3","","","N","","","","","","","","","",""
"2022094637","1320","0","0","0","0","0","0","1","0","0","1","1","","67","10","2022","4","40.00221","-75.1577","1310","6","0","0","0","0","0","1","0","0","","0","0","0","13","1","4","","1","0","40 00:07.957","","0","75 09:27.721","4","0","0","0","67301","0","0","0","N","0","0","0","5","67508","2","","1.0","","1","N","N","N","1","","0","0","0","2","2","N","1300","2","4","1","0","0","2","0","2","0","2","0","0","0","3","03","","N","","","","","","","","","",""
"2022060004","0103","0","0","0","1","0","0","0","0","0","8","0","","67","6","2022","6","39.93555","-75.155387","0103","6","0","0","0","0","0","0","0","0","","0","0","0","1","3","1","","1","0","39 56:07.979","","0","75 09:19.392","3","0","0","1","67301","1","0","0","N","0","0","0","2","67301","0","","1.0","","1","N","N","N","0","","1","0","0","3","2","","103","2","1","0","0","0","0","0","2","0","1","1","0","0","3","03","","N","","","","","","","","","",""
"2022077971","1642","2","0","0","0","0","0","0","0","0","1","0","","67","8","2022","5","40.02564","-75.125365","1642","6","0","0","0","0","0","0","0","0","","0","0","0","16","1","1","","1","1","40 01:32.303","2","0","75 07:31.314","3","0","0","0","67301","0","0","0","N","0","0","0","2","67301","0","","1.0","1655.0","1","N","N","N","0","","1","0","0","3","2","Y","1642","2","1","0","0","0","0","0","2","0","2","0","0","0","3","03","","N","","","","","","","","","",""
"2022076890","1930","0","0","0","0","0","0","0","0","0","4","0","","67","8","2022","2","40.0517","-75.194031","1930","6","0","0","0","0","0","0","0","1","","0","0","0","18","1","1","","2","0","40 03:06.120","","0","75 11:38.513","3","0","0","0","67301","0","0","0","N","0","0","0","2","67301","0","","1.0","","1","N","N","N","0","","1","0","1","3","2","","1800","2","1","0","0","0","0","0","2","1","2","0","0","0","3","","","N","","","","","","","","","",""
"2022060336","1635","0","0","0","0","0","0","0","0","0","8","0","","67","6","2022","3","39.953148","-75.161233","1625","6","0","0","0","0","0","0","0","0","","0","0","0","16","1","1","","1","0","39 57:11.332","","0","75 09:40.440","8","0","0","0","67301","1","0","0","N","1","0","0","2","67301","0","","1.0","","1","N","N","N","0","","0","0","1","3","2","","1615","2","1","0","0","0","1","0","2","0","1","1","0","0","3","03","","N","","","","","","","","","",""
"2022081433","1337","0","0","0","1","0","0","0","0","0","8","0","","67","8","2022","4","40.032137","-75.146136","1337","6","0","0","0","0","0","1","0","0","","0","0","0","13","1","1","","1","0","40 01:55.692","","0","75 08:46.089","3","0","0","0","67301","1","0","0","N","0","0","0","2","67301","0","","1.0","","1","N","N","N","0","","1","0","1","3","2","","1336","2","1","0","0","0","0","0","2","0","1","1","0","0","3","03","","N","","","","","","","","","",""
"2022060069","2200","3","0","0","0","0","0","0","0","0","5","0","","67","6","2022","6","39.978025","-75.18105","2145","6","0","0","0","0","0","1","0","0","","0","0","0","21","3","1","N","0","2","39 58:40.890","2","0","75 10:51.780","4","0","0","0","67301","0","0","0","N","0","0","0","1","67301","1","","6.0","2215.0","1","N","N","N","0","","0","0","2","0","0","Y","2139","5","1","0","0","0","0","0","2","0","5","0","0","0","3","03","","N","","","","","","","","","",""
"2022061400","1000","1","0","0","0","0","0","0","0","0","1","0","","67","7","2022","6","39.993515","-75.187206","0954","6","0","0","0","0","0","0","0","0","","0","0","0","9","1","1","","3","0","39 59:36.653","","0","75 11:13.941","3","0","0","0","67301","0","0","0","N","0","0","0","2","67301","0","","1.0","","1","N","N","N","0","","1","0","0","3","3","","930","2","1","0","0","0","0","1","2","0","2","0","0","0","3","03","","N","","","","","","","","","",""
"2022072217","1110","2","0","0","0","0","0","0","0","0","4","0","","67","8","2022","4","40.058997","-75.044079","1056","6","0","0","0","0","1","0","0","0","","0","0","0","10","1","1","","1","2","40 03:32.389","1","0","75 02:38.685","3","0","0","0","67301","0","0","0","N","0","0","0","2","67301","0","","1.0","1120.0","1","N","N","N","0","","1","0","0","3","2","Y","1045","2","1","0","0","0","0","0","2","0","2","0","0","0","3","03","","N","","","","","","","","","",""
"2022076925","0138","2","0","0","0","0","0","0","0","0","4","0","","67","8","2022","3","40.051546","-75.1501","0125","6","0","0","0","1","0","0","0","0","","0","0","0","0","3","1","","1","0","40 03:05.564","","0","75 09:00.360","4","0","0","0","67301","0","0","0","N","0","0","0","2","67301","1","","1.0","","1","N","N","N","0","","0","0","0","3","2","","45","2","1","0","0","0","0","0","2","0","2","0","0","0","3","","","N","","","","","","","","","",""
"2022086932","0828","1","0","0","0","0","0","0","0","0","1","1","","67","7","2022","7","40.036312","-75.015236","0811","6","0","0","0","0","0","1","0","0","","0","1","0","8","1","1","N","0","1","40 02:10.722","1","0","75 00:54.849","8","0","0","0","67301","0","0","0","N","0","0","0","5","68K01","0","","1.0","945.0","1","N","N","Y","0","","0","0","2","0","0","N","807","4","1","0","0","0","1","0","2","0","4","0","0","0","3","","","N","","","","","","","","","",""
"2022061315","1705","1","0","0","0","0","0","0","0","0","4","0","","67","6","2022","2","40.084453","-75.038374","1700","6","0","0","0","0","0","0","0","0","","0","0","0","16","1","1","","1","1","40 05:04.029","1","0","75 02:18.148","3","0","0","0","67301","0","0","0","N","0","0","0","2","67301","0","","1.0","1600.0","9","N","N","N","0","","1","0","1","3","2","N","1630","2","1","1","0","0","0","0","2","0","2","0","0","0","7","","","N","","","","","","","","","",""
"2022060120","1013","1","0","0","0","0","0","0","0","0","4","0","","67","6","2022","5","40.024314","-75.161267","1012","6","0","0","0","0","0","1","0","0","","0","0","0","10","1","4","","1","0","40 01:27.530","","0","75 09:40.561","3","0","0","0","67301","0","0","0","N","0","0","0","4","67301","2","","1.0","","9","N","N","N","0","","2","0","1","3","3","","1001","2","4","0","0","0","0","0","2","0","2","0","0","0","7","04","","N","","","","","","","","","",""
"2022085495","0311","2","0","0","0","0","0","0","0","0","4","0","","67","9","2022","7","39.954841","-75.208368","0311","6","0","0","0","0","0","0","0","0","","0","0","0","3","3","1","N","0","0","39 57:17.429","","0","75 12:30.123","3","0","0","0","67301","0","0","0","N","0","0","0","4","67301","0","","1.0","","1","N","N","N","0","","1","0","0","3","2","","311","2","1","0","0","0","0","0","2","0","2","0","0","0","3","","","N","","","","","","","","","",""
"2022090306","1532","1","0","0","0","0","0","0","0","0","8","0","","67","8","2022","6","39.991953","-75.099871","1525","6","0","0","0","0","0","1","0","0","","0","0","0","15","1","1","N","0","0","39 59:31.030","","0","75 05:59.536","3","0","0","0","67301","1","0","0","N","1","0","0","2","67301","0","","1.0","","1","N","N","N","0","","1","0","0","0","0","","1521","2","1","0","0","0","0","0","2","0","1","1","0","0","3","03","","N","","","","","","","","","",""