"CRN","ARRIVAL_TM","AUTOMOBILE_COUNT","BELTED_DEATH_COUNT","BELTED_SUSP_SERIOUS_INJ_COUNT","BICYCLE_COUNT","BICYCLE_DEATH_COUNT","BICYCLE_SUSP_SERIOUS_INJ_COUNT","BUS_COUNT","CHLDPAS_DEATH_COUNT","CHLDPAS_SUSP_SERIOUS_INJ_COUNT","COLLISION_TYPE","COMM_VEH_COUNT","CONS_ZONE_SPD_LIM","COUNTY","CRASH_MONTH","CRASH_YEAR","DAY_OF_WEEK","DEC_LATITUDE","DEC_LONGITUDE","DISPATCH_TM","DISTRICT","DRIVER_COUNT_16YR","DRIVER_COUNT_17YR","DRIVER_COUNT_18YR","DRIVER_COUNT_19YR","DRIVER_COUNT_20YR","DRIVER_COUNT_50_64YR","DRIVER_COUNT_65_74YR","DRIVER_COUNT_75PLUS","EST_HRS_CLOSED","FATAL_COUNT","HEAVY_TRUCK_COUNT","HORSE_BUGGY_COUNT","HOUR_OF_DAY","ILLUMINATION","INJURY_COUNT","INTERSECTION_RELATED","INTERSECT_TYPE","LANE_CLOSED","LATITUDE","LN_CLOSE_DIR","LOCATION_TYPE","LONGITUDE","MAX_SEVERITY_LEVEL","MCYCLE_DEATH_COUNT","MCYCLE_SUSP_SERIOUS_INJ_COUNT","MOTORCYCLE_COUNT","MUNICIPALITY","NONMOTR_COUNT","NONMOTR_DEATH_COUNT","NONMOTR_SUSP_SERIOUS_INJ_COUNT","NTFY_HIWY_MAINT","PED_COUNT","PED_DEATH_COUNT","PED_SUSP_SERIOUS_INJ_COUNT","PERSON_COUNT","POLICE_AGCY","POSSIBLE_INJ_COUNT","RDWY_SURF_TYPE_CD","RELATION_TO_ROAD","ROADWAY_CLEARED","ROAD_CONDITION","SCH_BUS_IND","SCH_ZONE_IND","SECONDARY_CRASH","SMALL_TRUCK_COUNT","SPEC_JURIS_CD","SUSP_MINOR_INJ_COUNT","SUSP_SERIOUS_INJ_COUNT","SUV_COUNT","TCD_FUNC_CD","TCD_TYPE","TFC_DETOUR_IND","TIME_OF_DAY","TOTAL_UNITS","TOT_INJ_COUNT","UNBELTED_OCC_COUNT","UNB_DEATH_COUNT","UNB_SUSP_SERIOUS_INJ_COUNT","UNK_INJ_DEG_COUNT","UNK_INJ_PER_COUNT","URBAN_RURAL","VAN_COUNT","VEHICLE_COUNT","VULNERABLE_ROAD_USER_COUNT","VULNERABLE_ROAD_USER_DEATH_COUNT","VULNERABLE_ROAD_USER_SER_INJ_COUNT","WEATHER1","WEATHER2","WORKERS_PRES","WORK_ZONE_IND","WORK_ZONE_LOC","WORK_ZONE_TYPE","WZ_CLOSE_DETOUR","WZ_FLAGGER","WZ_LAW_OFFCR_IND","WZ_LN_CLOSURE","WZ_MOVING","WZ_OTHER","WZ_SHLDER_MDN","WZ_WORKERS_INJ_KILLED"
"2022091724","1125","0","0","0","0","0","0","0","0","0","1","0","","67","8","2022","3","40.026988","-75.026548","1049","6","0","0","0","0","0","1","1","0","","0","0","0","10","1","4","N","0","0","40 01:37.156","","2","75 01:35.573","3","0","0","0","67301","0","0","0","N","0","0","0","4","68K01","0","","1.0","","1","N","N","N","0","","2","0","3","0","0","","1041","3","4","0","0","0","2","0","2","0","3","0","0","0","3","","","N","","","","","","","","","",""
"2022080264","2337","0","0","0","0","0","0","0","0","0","4","0","","67","8","2022","3","40.004691","-75.176907","2333","6","0","0","0","0","0","0","0","0","","0","0","0","22","3","2","","1","0","40 00:16.889","","0","75 10:36.864","2","0","0","0","67301","0","0","0","N","0","0","0","3","67301","0","","1.0","","1","N","N","N","0","","0","1","2","3","2","","2250","2","2","1","0","1","1","0","2","0","2","0","0","0","3","03","","N","","","","","","","","","",""
"2022086996","0253","0","0","0","0","0","0","0","0","0","0","0","","67","9","2022","7","40.052152","-75.050656","0251","6","0","0","0","0","0","0","0","0","","1","0","0","2","3","0","N","0","1","40 03:07.746","1","0","75 03:02.362","1","1","0","1","67301","0","0","0","N","0","0","0","1","67301","0","2","1.0","536.0","1","N","N","N","0","0","0","0","0","0","0","Y","245","1","0","0","0","0","0","0","2","0","1","0","0","0","3","03","","N","","","","","","","","","",""
"2022077719","1400","1","0","0","0","0","0","0","0","0","5","0","","67","8","2022","4","39.915282","-75.159648","1400","6","0","0","0","0","0","0","1","0","","0","0","0","13","1","0","N","0","1","39 54:55.015","3","0","75 09:34.731","0","0","0","0","67301","0","0","0","N","0","0","0","1","67301","0","","6.0","1450.0","1","N","N","N","0","","0","0","1","0","0","N","1345","3","0","0","0","0","0","0","2","1","3","0","0","0","3","","","N","","","","","","","","","",""
"2022091987","0225","2","0","0","0","0","0","0","0","0","1","0","","67","4","2022","5","40.006387","-75.193977","0200","6","0","0","0","1","0","0","0","0","","0","0","0","2","3","1","","3","0","40 00:22.992","","0","75 11:38.316","8","0","0","0","67301","0","0","0","N","0","0","0","2","67301","0","","2.0","","1","N","N","N","0","","0","0","0","0","0","","200","2","1","0","0","0","1","0","2","0","2","0","0","0","3","03","","N","","","","","","","","","",""
"2022060185","2114","1","0","0","0","0","0","0","0","0","8","0","","67","6","2022","3","40.024967","-75.168047","2112","6","0","0","0","0","0","0","0","0","","0","0","0","21","3","1","N","0","0","40 01:29.880","","0","75 10:04.970","3","0","0","0","67301","1","0","0","N","1","0","0","2","67301","0","","1.0","","1","N","N","N","0","","1","0","0","0","0","","2110","2","1","1","0","0","0","0","2","0","1","1","0","0","3","03","","N","","","","","","","","","",""
"2022080342","1140","0","0","0","0","0","0","0","0","0","7","0","","67","9","2022","5","40.0367","-75.158384","1140","6","0","0","0","0","0","0","0","0","","0","0","0","11","1","2","","3","0","40 02:12.120","","0","75 09:30.184","3","0","0","0","67301","0","0","0","N","0","0","0","2","67301","0","","3.0","","1","N","N","N","0","","2","0","1","0","0","","1140","1","2","0","0","0","0","0","2","0","1","0","0","0","3","","","N","","","","","","","","","",""
"2022041911","","1","0","0","0","0","0","0","0","0","5","0","","67","4","2022","1","39.959806","-75.178257","","6","0","0","0","0","0","0","0","0","","0","0","0","11","1","0","","7","0","39 57:35.303","","8","75 10:41.724","0","0","0","0","67301","0","0","0","N","0","0","0","2","00000","0","","7.0","","1","","","N","0","","0","0","1","0","0","","1159","2","0","0","0","0","0","0","2","0","2","0","0","0","3","","","N","","","","","","","","","",""
"2022091853","1035","1","0","0","0","0","0","0","0","0","1","1","","67","10","2022","4","39.980227","-75.157465","1030","6","0","0","0","0","0","0","0","0","","0","1","0","10","1","0","N","0","1","39 58:48.816","2","0","75 09:26.874","0","0","0","0","67301","0","0","0","N","0","0","0","2","67505","0","","1.0","1045.0","1","","","N","0","","0","0","0","0","0","N","1025","2","0","0","0","0","0","0","2","0","2","0","0","0","4","04","","N","","","","","","","","","",""
"2022091114","1314","2","0","0","0","0","0","0","0","0","1","0","","67","9","2022","7","39.967507","-75.132513","1314","6","0","1","0","0","0","0","1","0","","0","0","0","13","1","0","N","0","1","39 58:03.026","2","0","75 07:57.045","0","0","0","0","67301","0","0","0","N","0","0","0","3","68K01","0","","1.0","1320.0","1","N","N","N","0","","0","0","0","0","0","N","1313","3","0","0","0","0","0","0","2","1","3","0","0","0","3","03","","N","","","","","","","","","",""
"2022081240","1558","5","0","0","0","0","0","0","0","0","4","0","","67","8","2022","7","40.000221","-75.142173","1557","6","0","0","0","0","1","0","1","0","","0","0","0","15","1","3","","1","0","40 00:00.797","","0","75 08:31.824","3","0","0","0","67301","0","0","0","N","0","0","0","4","67301","0","","1.0","","1","N","N","N","0","","1","0","4","3","2","","1557","9","3","0","0","0","2","1","2","0","9","0","0","0","3","03","","N","","","","","","","","","",""
"2022072589","1240","1","0","0","0","0","0","0","0","0","1","0","","67","6","2022","4","39.989011","-75.11875","1235","6","0","0","0","0","0","0","0","0","","0","0","0","12","1","1","N","0","0","39 59:20.440","","0","75 07:07.500","4","0","0","0","67301","0","0","0","N","0","0","0","1","67301","1","","6.0","","1","N","N","N","0","","0","0","2","0","0","","1230","3","1","0","0","0","0","0","2","0","3","0","0","0","3","03","","N","","","","","","","","","",""
"2022090619","2101","0","0","0","0","0","0","0","0","0","8","1","","67","10","2022","7","39.996795","-75.153987","2101","6","0","0","0","0","0","0","0","0","","0","1","0","20","3","1","","1","0","39 59:48.463","","0","75 09:14.352","3","0","0","0","67301","1","0","0","N","1","0","0","2","67301","0","","1.0","","1","N","N","N","0","","1","0","0","3","2","","2035","2","1","1","0","0","0","0","2","0","1","1","0","0","3","03","","N","","","","","","","","","",""
"2022087352","0810","2","0","0","0","0","0","0","0","0","4","0","","67","9","2022","5","40.046049","-75.025886","0751","6","0","0","1","0","0","0","0","0","","0","0","0","7","1","1","","1","0","40 02:45.776","","0","75 01:33.189","8","0","0","0","67301","0","0","0","N","0","0","0","2","67301","0","","1.0","","1","N","N","N","0","","0","0","0","0","0","","745","2","1","1","0","0","1","0","2","0","2","0","0","0","3","","","N","","","","","","","","","",""
"2022088591","0145","1","0","0","0","0","0","0","0","0","4","0","","67","9","2022","2","39.92135","-75.160114","0139","6","0","0","0","0","1","0","0","0","","0","0","0","1","3","0","N","0","0","39 55:16.860","","0","75 09:36.410","0","0","0","0","67301","0","0","0","N","0","0","0","1","67301","0","","6.0","","1","N","N","N","0","","0","0","1","0","0","","135","3","0","0","0","0","0","0","2","1","3","0","0","0","3","","","N","","","","","","","","","",""
"2022082179","1621","2","0","0","0","0","0","0","0","0","1","0","","67","8","2022","6","40.021651","-75.040805","1621","6","0","0","0","1","0","0","0","0","","0","0","0","16","1","1","N","0","1","40 01:17.943","2","2","75 02:26.899","8","0","0","0","67301","0","0","0","N","0","0","0","4","68K01","0","","1.0","1623.0","1","N","N","N","0","","0","0","1","0","0","N","1608","3","1","0","0","0","1","1","2","0","3","0","0","0","3","04","","N","","","","","","","","","",""
"2022075801","1331","1","0","0","0","0","0","0","0","0","1","0","","67","8","2022","3","39.971479","-75.123383","1331","6","0","0","0","0","0","2","0","0","","0","0","0","13","1","0","N","0","0","39 58:17.323","","1","75 07:24.178","0","0","0","0","67301","0","0","0","N","0","0","0","2","67301","0","","1.0","","1","N","N","N","0","","0","0","1","0","0","","1331","2","0","2","0","0","0","0","2","0","2","0","0","0","3","","","N","","","","","","","","","",""
"2022077151","0806","0","0","0","0","0","0","0","0","0","8","0","","67","8","2022","4","39.949204","-75.199578","0806","6","0","0","0","0","0","1","0","0","","0","0","0","8","1","1","","2","1","39 56:57.136","2","0","75 11:58.481","3","0","0","0","67301","1","0","0","N","1","0","0","2","67504","0","","1.0","825.0","1","N","N","N","0","","1","0","1","3","2","N","805","2","1","0","0","0","0","0","2","0","1","1","0","0","3","","","N","","","","","","","","","",""
"2022091860","1541","2","0","0","0","0","0","0","0","0","4","0","","67","10","2022","3","39.928041","-75.219284","1541","6","0","0","0","0","0","0","0","0","","0","0","0","15","1","1","","1","0","39 55:40.948","","0","75 13:09.423","3","0","0","0","67301","0","0","0","N","0","0","0","2","67301","0","","1.0","","9","N","N","N","0","","1","0","0","3","2","","1501","2","1","0","0","0","0","0","2","0","2","0","0","0","7","04","","N","","","","","","","","","",""
"2022060006","0105","2","0","0","0","0","0","0","0","0","5","0","","67","6","2022","6","39.919844","-75.158856","0100","6","0","0","0","0","0","0","0","0","","0","0","0","0","3","0","N","0","2","39 55:11.440","1","0","75 09:31.880","0","0","0","0","67301","0","0","0","N","0","0","0","1","67301","0","","6.0","244.0","1","N","N","N","0","","0","0","1","0","0","Y","55","3","0","0","0","0","0","0","2","0","3","0","0","0","3","03","","N","","","","","","","","","",""
"2022103991","1355","0","0","0","0","0","0","0","0","0","8","1","","67","11","2022","3","40.026906","-75.227196","1339","6","0","0","0","0","0","0","0","0","","0","1","0","13","1","1","","1","2","40 01:36.861","7","0","75 13:37.905","4","0","0","0","67301","1","0","0","N","1","0","0","2","67301","1","","1.0","1400.0","1","N","N","N","0","","0","0","0","3","2","Y","1333","2","1","0","0","0","0","0","2","0","1","1","0","0","3","","","N","","","","","","","","","",""
"2022078942","1654","0","0","0","0","0","0","0","0","0","4","0","","67","8","2022","1","39.965455","-75.200077","1652","6","0","0","0","0","0","0","0","0","","0","0","0","14","1","1","","1","0","39 57:55.637","","0","75 12:00.277","3","0","0","0","67301","0","0","0","N","0","0","0","2","67301","0","","1.0","","1","N","N","N","0","","1","0","1","3","3","","1440","2","1","0","0","0","0","1","2","0","2","0","0","0","3","","","N","","","","","","","","","",""
"2022077709","1041","1","0","0","0","0","0","0","0","0","4","0","","67","8","2022","3","39.976461","-75.189373","1029","6","0","0","0","0","0","0","0","0","","0","0","0","10","1","0","","3","1","39 58:35.259","1","0","75 11:21.744","0","0","0","0","67301","0","0","0","N","0","0","0","2","67301","0","","1.0","1130.0","1","N","N","N","0","","0","0","1","3","3","N","1024","2","0","0","0","0","0","0","2","0","2","0","0","0","3","","","N","","","","","","","","","",""
"2022087566","0012","1","0","0","0","0","0","0","0","0","5","0","","67","9","2022","2","40.038243","-75.010729","0011","6","0","0","0","0","1","1","0","0","","0","0","0","0","3","2","N","0","0","40 02:17.676","","0","75 00:38.625","4","0","0","0","67301","0","0","0","N","0","0","0","3","68K01","1","","1.0","","9","N","N","N","0","","0","0","1","0","0","","5","2","2","0","0","0","1","0","2","0","2","0","0","0","7","","","N","","","","","","","","","",""
"2022084915","2300","0","0","0","1","0","1","0","0","0","8","0","","67","8","2022","1","40.028046","-75.110038","2253","6","0","0","0","0","0","0","0","0","","0","0","0","1","3","1","","1","0","40 01:40.967","","0","75 06:36.138","2","0","0","0","67301","1","0","1","N","0","0","0","2","67301","0","","1.0","","99","N","N","N","0","","0","1","0","3","2","","120","2","1","0","0","0","0","1","2","0","1","1","0","1","99","98","","N","","","","","","","","","",""
"2022075755","1705","1","0","0","0","0","0","0","0","0","1","0","","67","8","2022","3","40.072277","-74.981007","1653","6","0","0","0","0","1","1","0","0","","0","0","0","16","1","1","Y","0","1","40 04:20.198","2","0","74 58:51.626","4","0","0","0","67301","0","0","0","N","0","0","0","3","67301","1","","1.0","30.0","1","N","N","N","1","","0","0","1","3","2","Y","1652","3","1","0","0","0","0","0","2","0","3","0","0","0","3","03","","N","","","","","","","","","",""
"2022091235","0841","1","0","0","0","0","0","0","0","0","0","1","","67","8","2022","2","39.943811","-75.142674","0841","6","0","0","0","0","0","1","0","0","","0","1","0","8","1","1","N","0","0","39 56:37.719","","0","75 08:33.628","8","0","0","0","67301","0","0","0","N","0","0","0","3","68K01","0","","1.0","","1","N","N","N","0","","0","0","0","0","0","","838","2","1","0","0","0","1","0","2","0","2","0","0","0","3","03","","N","","","","","","","","","",""
"2022061185","0120","1","0","0","0","0","0","0","0","0","7","0","","67","6","2022","5","39.943919","-75.159272","0104","6","0","0","0","0","0","0","0","0","","0","0","0","0","2","0","N","0","0","39 56:38.110","","0","75 09:33.380","0","0","0","0","67301","0","0","0","N","0","0","0","1","67301","0","","4.0","","1","N","N","N","0","","0","0","0","0","0","","45","1","0","1","0","0","0","0","2","0","1","0","0","0","3","03","","N","","","","","","","","","",""
"2022090315","1713","0","0","0","0","0","0","0","0","0","8","0","","67","9","2022","5","39.949194","-75.235343","1709","6","0","0","0","0","0","0","1","0","","0","0","0","17","1","1","","1","0","39 56:57.098","","0","75 14:07.234","3","0","0","0","67301","1","0","0","N","1","0","0","2","67301","0","","1.0","","1","N","N","N","0","","1","0","1","3","3","","1705","2","1","0","0","0","0","0","2","0","1","1","0","0","3","","","N","","","","","","","","","",""
"2022091873","0829","0","0","0","0","0","0","0","0","0","2","0","","67","10","2022","3","39.916561","-75.245776","0829","6","0","0","0","0","0","0","0","0","","0","0","0","8","1","0","","2","0","39 54:59.618","","0","75 14:44.793","0","0","0","0","67301","0","0","0","N","0","0","0","2","67301","0","","1.0","","9","N","N","N","0","","0","0","2","3","3","","829","2","0","2","0","0","0","0","2","0","2","0","0","0","7","07","","N","","","","","","","","","",""
"2022091566","1730","3","0","0","0","0","0","0","0","0","1","0","","67","8","2022","4","39.942061","-75.193912","1709","6","0","0","1","0","0","3","0","0","","0","0","0","16","1","3","N","0","2","39 56:31.418","4","3","75 11:38.084","8","0","0","0","67301","0","0","0","N","0","0","0","9","68K01","0","","1.0","1740.0","1","N","N","N","0","","0","0","1","0","0","N","1659","4","3","0","0","0","3","0","2","0","4","0","0","0","3","","","N","","","","","","","","","",""
"2022079323","1626","0","0","0","0","0","0","0","0","0","4","0","","67","8","2022","7","40.008888","-75.071869","1625","6","0","0","0","0","0","0","0","0","","0","0","0","16","1","2","","5","0","40 00:31.996","","0","75 04:18.728","3","0","0","0","67301","0","0","0","N","0","0","0","3","67301","0","","1.0","","1","N","N","N","0","","2","0","2","0","0","","1610","2","2","0","0","0","0","0","2","0","2","0","0","0","3","03","","N","","","","","","","","","",""
"2022072476","1535","2","0","0","0","0","0","0","0","0","2","0","","67","8","2022","6","40.046179","-75.135554","1530","6","0","0","0","0","0","0","0","1","","0","0","0","15","1","1","N","0","0","40 02:46.246","","7","75 08:07.995","3","0","0","0","67301","0","0","0","N","0","0","0","2","67301","0","","1.0","","1","N","N","N","0","","1","0","0","0","0","","1506","2","1","0","0","0","0","0","2","0","2","0","0","0","3","","","N","","","","","","","","","",""
"2022078992","1950","1","0","0","0","0","0","0","0","0","4","0","","67","8","2022","1","39.954661","-75.149521","1945","6","0","0","0","0","0","0","1","0","","0","0","0","19","4","2","","5","0","39 57:16.781","","2","75 08:58.276","4","0","0","0","67301","0","0","0","N","0","0","0","2","67301","2","","1.0","","1","N","N","N","0","","0","0","1","3","2","","1930","2","2","0","0","0","0","0","2","0","2","0","0","0","4","04","","N","","","","","","","","","",""
"2022078699","2027","2","0","0","0","0","0","0","0","0","5","0","","67","8","2022","7","39.966406","-75.191614","2024","6","0","0","0","0","0","1","0","0","","0","0","0","20","3","0","N","0","0","39 57:59.060","","0","75 11:29.810","0","0","0","0","67301","0","0","0","N","0","0","0","1","67301","0","","6.0","","1","N","N","N","1","","0","0","1","0","0","","2023","5","0","0","0","0","0","0","2","0","4","0","0","0","3","03","","N","","","","","","","","","",""
"2022086973","1208","2","0","0","0","0","0","0","0","0","1","0","","67","8","2022","5","40.014481","-75.106103","1208","6","0","0","0","0","0","0","0","0","","0","0","0","12","1","1","","2","1","40 00:52.131","3","0","75 06:21.970","3","0","0","0","67301","0","0","0","N","0","0","0","2","67301","0","","1.0","1230.0","1","N","N","N","0","","1","0","0","3","3","N","1208","2","1","0","0","0","0","0","2","0","2","0","0","0","3","03","","N","","","","","","","","","",""
"2022084300","2022","2","0","0","0","0","0","0","0","0","1","0","","67","9","2022","2","40.058398","-75.07852","2022","6","0","0","0","1","0","1","0","0","","0","0","0","20","3","1","Y","0","1","40 03:30.234","4","0","75 04:42.673","8","0","0","0","67301","0","0","0","N","0","0","0","5","67301","0","","1.0","2200.0","1","N","N","N","0","","0","0","1","3","2","N","2015","3","1","0","0","0","1","0","2","0","3","0","0","0","3","03","","N","","","","","","","","","",""
"2022073521","2331","1","0","0","0","0","0","0","0","0","2","0","","67","8","2022","6","39.990874","-75.155281","2330","6","0","0","0","0","0","0","0","0","","0","0","0","21","3","1","","1","9","39 59:27.145","","0","75 09:19.010","8","0","0","0","67301","0","0","0","N","0","0","0","2","67301","0","","1.0","","99","N","N","N","0","","0","0","1","9","2","","2120","2","1","0","0","0","1","1","2","0","2","0","0","0","99","","","N","","","","","","","","","",""
"2022091591","0923","0","0","0","0","0","0","0","0","0","1","1","","67","9","2022","5","39.899061","-75.173931","0918","6","0","0","0","0","0","0","0","0","","0","1","0","9","1","1","N","0","0","39 53:56.619","","0","75 10:26.150","4","0","0","0","67301","0","0","0","N","0","0","0","2","68K01","1","","1.0","","1","N","N","N","0","","0","0","1","0","0","","914","2","1","0","0","0","0","0","2","0","2","0","0","0","3","","","N","","","","","","","","","",""
"2022091261","0837","0","0","0","0","0","0","0","0","0","1","0","","67","9","2022","7","40.008163","-75.07117","0837","6","0","0","0","0","0","0","0","0","","0","0","0","8","1","0","N","0","0","40 00:29.388","","0","75 04:16.211","0","0","0","0","67301","0","0","0","N","0","0","0","2","68K01","0","","1.0","","1","N","N","N","0","","0","0","1","0","0","","813","2","0","0","0","0","0","0","2","1","2","0","0","0","3","","","N","","","","","","","","","",""
"2022075763","2107","2","0","0","0","0","0","0","0","0","5","0","","67","8","2022","1","40.048581","-75.183052","2103","6","0","0","0","0","0","0","0","0","","0","0","0","21","3","1","N","0","0","40 02:54.892","","0","75 10:58.987","8","0","0","0","67301","0","0","0","N","0","0","0","1","67301","0","","6.0","","1","N","N","Y","0","","0","0","1","0","0","","2100","3","1","0","0","0","1","0","2","0","3","0","0","0","3","03","","N","","","","","","","","","",""
"2022072205","0430","2","0","0","0","0","0","0","0","0","7","1","","67","4","2022","5","39.944939","-75.148423","0409","6","0","0","0","0","0","1","0","0","","0","1","0","3","3","0","","1","2","39 56:41.782","7","0","75 08:54.322","0","0","0","0","67301","0","0","0","N","0","0","0","1","67301","0","","4.0","545.0","1","N","N","Y","0","","0","0","1","3","2","Y","333","4","0","0","0","0","0","0","2","0","4","0","0","0","4","04","","N","","","","","","","","","",""
"2022091667","0250","1","0","0","0","0","0","0","0","0","5","0","","67","7","2022","1","39.957254","-75.151545","0244","6","0","0","0","0","0","0","0","0","","0","0","0","2","3","1","N","0","2","39 57:26.113","3","0","75 09:05.562","3","0","0","0","67301","0","0","0","N","0","0","0","2","68K01","0","","1.0","308.0","1","N","N","N","0","","1","0","0","0","0","N","244","2","1","0","0","0","0","1","2","0","2","0","0","0","3","03","","N","","","","","","","","","",""
"2022087015","1006","0","0","0","0","0","0","0","0","0","8","0","","67","9","2022","3","40.042269","-75.05697","0953","6","0","0","0","0","0","0","0","0","","1","0","0","9","1","0","N","0","0","40 02:32.170","","0","75 03:25.093","1","0","0","0","67301","1","1","0","N","1","1","0","2","67301","0","2","1.0","","1","N","N","N","0","0","0","0","1","3","2","","952","2","0","0","0","0","0","0","2","0","1","1","1","0","3","03","","N","","","","","","","","","",""
"2022091618","1735","1","0","0","0","0","0","0","0","0","1","0","","67","9","2022","1","39.958334","-75.166403","1726","6","0","0","0","0","0","0","0","0","","0","0","0","17","1","1","N","0","0","39 57:30.002","","0","75 09:59.049","3","0","0","0","67301","0","0","0","N","0","0","0","6","68K01","0","","1.0","","9","N","N","N","0","","1","0","2","0","0","","1705","3","1","0","0","0","0","0","2","0","3","0","0","0","3","","","N","","","","","","","","","",""
"2022077730","1358","1","0","0","0","0","0","0","0","0","1","0","","67","8","2022","4","39.905889","-75.133947","1358","6","0","0","0","0","0","1","0","0","","0","0","0","13","1","0","N","0","1","39 54:21.200","3","3","75 08:02.210","0","0","0","0","67301","0","0","0","N","0","0","0","2","67501","0","","1.0","1425.0","1","N","N","N","0","","0","0","1","0","0","N","1358","2","0","0","0","0","0","0","2","0","2","0","0","0","3","03","","N","","","","","","","","","",""
"2022080681","0340","1","0","0","0","0","0","0","0","0","4","0","","67","8","2022","1","39.955636","-75.202281","0338","6","0","0","0","0","0","1","0","0","","0","0","0","3","3","1","","1","2","39 57:20.290","3","0","75 12:08.213","3","0","0","0","67301","0","0","0","N","0","0","0","2","67504","0","","1.0","1000.0","1","N","N","N","0","","1","0","1","3","2","Y","335","2","1","0","0","0","0","0","2","0","2","0","0","0","3","03","","N","","","","","","","","","",""
"2022078425","1930","1","0","0","0","0","0","0","0","0","8","0","","67","8","2022","4","40.012716","-75.141788","1930","6","0","0","0","0","0","0","0","0","","0","0","0","18","1","1","","5","0","40 00:45.777","","0","75 08:30.436","3","0","0","0","67301","1","0","0","N","1","0","0","2","67301","0","","1.0","","1","N","N","N","0","","1","0","0","3","2","","1800","2","1","0","0","0","0","0","2","0","1","1","0","0","3","03","","N","","","","","","","","","",""
"2022061697","2029","0","0","0","0","0","0","0","0","0","4","0","","67","6","2022","5","39.937639","-75.223018","2027","6","0","0","0","0","0","1","0","0","","0","0","0","20","1","1","","1","2","39 56:15.501","5","0","75 13:22.863","2","0","1","1","67301","0","0","0","N","0","0","0","2","67301","0","","1.0","2130.0","1","N","N","N","0","","0","1","1","3","2","N","2025","2","1","0","0","0","0","0","2","0","2","0","0","0","3","03","","N","","","","","","","","","",""
"2022077195","1802","2","0","0","0","0","0","0","0","0","1","0","","67","8","2022","3","39.971426","-75.123253","1747","6","0","0","0","0","0","0","0","0","","0","0","0","17","1","0","N","0","0","39 58:17.132","","3","75 07:23.712","0","0","0","0","67301","0","0","0","N","0","0","0","3","68K01","0","","1.0","","1","N","N","N","0","","0","0","1","0","0","","1744","3","0","0","0","0","0","0","2","0","3","0","0","0","3","03","","N","","","","","","","","","",""
"2022072495","1705","1","0","0","1","0","0","0","0","0","8","0","","67","8","2022","2","39.931575","-75.2258","1654","6","0","0","0","0","0","0","0","0","","0","0","0","16","1","1","N","0","0","39 55:53.670","","0","75 13:32.880","4","0","0","0","67301","1","0","0","N","0","0","0","1","67301","1","","1.0","","1","N","N","N","0","","0","0","0","0","0","","1651","2","1","0","0","0","0","0","2","0","1","1","0","0","3","","","N","","","","","","","","","",""
"2022072487","1733","1","0","0","0","0","0","0","0","0","1","0","","67","8","2022","2","40.013794","-75.125622","1733","6","0","0","0","0","0","0","0","0","","0","0","0","16","1","3","N","0","0","40 00:49.660","","7","75 07:32.240","3","0","0","0","67301","0","0","0","N","0","0","0","4","67301","0","","6.0","","1","N","N","N","1","","3","0","0","0","0","","1654","2","3","3","0","0","0","0","2","0","2","0","0","0","3","03","","N","","","","","","","","","",""
"2022091369","0319","1","0","0","0","0","0","0","0","0","8","0","","67","9","2022","6","39.956314","-75.239905","0318","6","0","0","0","0","0","0","0","0","","0","0","0","1","3","1","","1","0","39 57:22.730","","0","75 14:23.658","8","0","0","0","67301","1","0","0","N","1","0","0","2","67301","0","","1.0","","1","N","N","N","0","","0","0","0","3","2","","107","2","1","0","0","0","1","1","2","0","1","1","0","0","3","03","","N","","","","","","","","","",""
"2022072607","2127","0","0","0","0","0","0","0","0","0","8","0","","67","6","2022","5","39.995869","-75.114564","2127","6","0","0","0","0","0","0","0","0","","0","0","0","21","3","1","N","0","0","39 59:45.130","","1","75 06:52.430","2","0","0","0","67301","1","0","1","N","1","0","1","2","67301","0","","1.0","","1","N","N","N","0","","0","1","0","0","0","","2127","2","1","0","0","0","0","1","2","0","1","1","0","1","3","03","","N","","","","","","","","","",""
"2022086950","0728","0","0","1","0","0","0","1","0","0","4","1","","67","9","2022","3","39.954581","-75.226004","0649","6","0","0","0","0","0","2","0","0","","0","0","0","6","3","5","","1","1","39 57:16.492","7","0","75 13:33.613","2","0","0","0","67301","0","0","0","N","0","0","0","6","67301","0","","1.0","1000.0","1","Y","N","N","0","","4","1","1","3","2","N","604","2","5","0","0","0","0","0","2","0","2","0","0","0","3","03","","N","","","","","","","","","",""
"2022081591","1855","1","0","0","1","0","0","0","0","0","8","0","","67","8","2022","2","39.946726","-75.164761","1847","6","0","0","0","0","0","0","0","0","","0","0","0","18","1","1","N","0","0","39 56:48.215","","0","75 09:53.141","4","0","0","0","67301","1","0","0","N","0","0","0","2","67301","1","","1.0","","1","N","N","N","0","","0","0","0","0","0","","1820","2","1","1","0","0","0","0","2","0","1","1","0","0","3","","","N","","","","","","","","","",""
"2022072295","1829","1","0","0","0","0","0","0","0","0","4","0","","67","7","2022","4","40.029908","-75.14601","1829","6","0","0","0","0","0","0","0","0","","0","0","0","22","6","1","","1","0","40 01:47.668","","0","75 08:45.636","8","0","0","0","67301","0","0","0","N","0","0","0","2","67301","0","","1.0","","99","N","N","N","0","","0","0","0","3","2","","2200","2","1","1","0","0","1","1","2","0","2","0","0","0","99","","","N","","","","","","","","","",""
"2022072921","1012","1","0","0","0","0","0","0","0","0","1","0","55","67","7","2022","7","40.013974","-75.056159","1012","6","0","0","0","0","1","1","0","0","","0","0","0","10","1","0","N","0","2","40 00:50.307","1","0","75 03:22.172","0","0","0","0","67301","0","0","0","N","0","0","0","7","68K01","0","","1.0","1030.0","1","N","N","Y","0","","0","0","2","0","0","N","1005","3","0","0","0","0","0","0","2","0","3","0","0","0","3","03","Y","Y","4","1","N","N","N","N","N","N","Y","N"