"CRN","ARRIVAL_TM","AUTOMOBILE_COUNT","BELTED_DEATH_COUNT","BELTED_SUSP_SERIOUS_INJ_COUNT","BICYCLE_COUNT","BICYCLE_DEATH_COUNT","BICYCLE_SUSP_SERIOUS_INJ_COUNT","BUS_COUNT","CHLDPAS_DEATH_COUNT","CHLDPAS_SUSP_SERIOUS_INJ_COUNT","COLLISION_TYPE","COMM_VEH_COUNT","CONS_ZONE_SPD_LIM","COUNTY","CRASH_MONTH","CRASH_YEAR","DAY_OF_WEEK","DEC_LATITUDE","DEC_LONGITUDE","DISPATCH_TM","DISTRICT","DRIVER_COUNT_16YR","DRIVER_COUNT_17YR","DRIVER_COUNT_18YR","DRIVER_COUNT_19YR","DRIVER_COUNT_20YR","DRIVER_COUNT_50_64YR","DRIVER_COUNT_65_74YR","DRIVER_COUNT_75PLUS","EST_HRS_CLOSED","FATAL_COUNT","HEAVY_TRUCK_COUNT","HORSE_BUGGY_COUNT","HOUR_OF_DAY","ILLUMINATION","INJURY_COUNT","INTERSECTION_RELATED","INTERSECT_TYPE","LANE_CLOSED","LATITUDE","LN_CLOSE_DIR","LOCATION_TYPE","LONGITUDE","MAX_SEVERITY_LEVEL","MCYCLE_DEATH_COUNT","MCYCLE_SUSP_SERIOUS_INJ_COUNT","MOTORCYCLE_COUNT","MUNICIPALITY","NONMOTR_COUNT","NONMOTR_DEATH_COUNT","NONMOTR_SUSP_SERIOUS_INJ_COUNT","NTFY_HIWY_MAINT","PED_COUNT","PED_DEATH_COUNT","PED_SUSP_SERIOUS_INJ_COUNT","PERSON_COUNT","POLICE_AGCY","POSSIBLE_INJ_COUNT","RDWY_SURF_TYPE_CD","RELATION_TO_ROAD","ROADWAY_CLEARED","ROAD_CONDITION","SCH_BUS_IND","SCH_ZONE_IND","SECONDARY_CRASH","SMALL_TRUCK_COUNT","SPEC_JURIS_CD","SUSP_MINOR_INJ_COUNT","SUSP_SERIOUS_INJ_COUNT","SUV_COUNT","TCD_FUNC_CD","TCD_TYPE","TFC_DETOUR_IND","TIME_OF_DAY","TOTAL_UNITS","TOT_INJ_COUNT","UNBELTED_OCC_COUNT","UNB_DEATH_COUNT","UNB_SUSP_SERIOUS_INJ_COUNT","UNK_INJ_DEG_COUNT","UNK_INJ_PER_COUNT","URBAN_RURAL","VAN_COUNT","VEHICLE_COUNT","VULNERABLE_ROAD_USER_COUNT","VULNERABLE_ROAD_USER_DEATH_COUNT","VULNERABLE_ROAD_USER_SER_INJ_COUNT","WEATHER1","WEATHER2","WORKERS_PRES","WORK_ZONE_IND","WORK_ZONE_LOC","WORK_ZONE_TYPE","WZ_CLOSE_DETOUR","WZ_FLAGGER","WZ_LAW_OFFCR_IND","WZ_LN_CLOSURE","WZ_MOVING","WZ_OTHER","WZ_SHLDER_MDN","WZ_WORKERS_INJ_KILLED"
"2022060803","0805","2","0","0","0","0","0","0","0","0","4","0","","67","7","2022","6","40.04863","-75.159819","0801","6","0","0","0","0","0","1","0","0","","0","0","0","7","1","2","","1","2","40 02:55.067","1","0","75 09:35.348","3","0","0","0","67301","0","0","0","N","0","0","0","3","67301","0","","1.0","800.0","1","N","N","N","0","","2","0","0","3","3","Y","758","2","2","1","0","0","0","0","2","0","2","0","0","0","3","98","","N","","","","","","","","","",""
"2022105361","1434","1","0","0","0","0","0","0","0","0","8","0","","67","11","2022","3","40.020778","-75.094749","1428","6","0","0","0","0","0","0","0","0","","0","0","0","14","1","1","N","0","2","40 01:14.799","5","0","75 05:41.095","3","0","0","0","67301","1","0","0","N","1","0","0","1","67301","0","","1.0","1515.0","1","N","Y","N","0","","1","0","0","0","0","Y","1426","2","1","0","0","0","0","0","2","0","1","1","0","0","3","03","","N","","","","","","","","","",""
"2022081863","0257","0","0","0","0","0","0","0","0","0","8","0","","67","9","2022","7","40.010149","-75.121555","0255","6","0","0","0","0","0","0","0","0","","1","0","0","2","3","0","","1","1","40 00:36.538","2","0","75 07:17.597","1","0","0","0","67301","1","1","0","N","1","1","0","2","67301","0","2","1.0","500.0","1","N","N","N","0","0","0","0","1","3","2","Y","255","2","0","0","0","0","0","0","2","0","1","1","1","0","3","","","N","","","","","","","","","",""
"2022072614","1318","0","0","0","1","0","0","0","0","0","8","0","","67","7","2022","7","39.993913","-75.118142","1318","6","0","0","0","0","0","0","1","0","","0","0","0","13","1","1","","3","0","39 59:38.085","","0","75 07:05.310","3","0","0","0","67301","1","0","0","N","0","0","0","2","67301","0","","1.0","","1","N","N","N","1","","1","0","0","3","2","","1318","2","1","0","0","0","0","0","2","0","1","1","0","0","3","03","","N","","","","","","","","","",""
"2022061520","0615","2","0","0","0","0","0","0","0","0","4","0","","67","6","2022","5","40.048642","-75.02905","0608","6","0","0","0","0","0","1","0","0","","0","0","0","6","5","0","","2","0","40 02:55.112","","0","75 01:44.581","0","0","0","0","67301","0","0","0","N","0","0","0","2","67301","0","","1.0","","1","N","N","N","0","","0","0","0","3","3","","600","2","0","0","0","0","0","0","2","0","2","0","0","0","3","03","","N","","","","","","","","","",""
"2022091252","2049","2","0","0","0","0","0","0","0","0","1","0","","67","9","2022","3","39.989366","-75.206185","2049","6","0","0","0","0","0","0","1","0","","0","0","0","20","2","1","N","0","0","39 59:21.716","","0","75 12:22.267","8","0","0","0","67301","0","0","0","N","0","0","0","3","68K01","0","","1.0","","1","N","N","N","0","","0","0","0","0","0","","2032","2","1","0","0","0","1","0","2","0","2","0","0","0","3","","","N","","","","","","","","","",""
"2022072276","2019","0","0","0","0","0","0","0","0","0","4","1","","67","7","2022","5","39.990757","-75.098042","2019","6","0","0","0","0","0","1","0","0","","0","1","0","18","1","2","","1","0","39 59:26.724","","0","75 05:52.951","4","0","0","0","67301","0","0","0","N","0","0","0","3","67301","2","","1.0","","1","N","N","N","0","","0","0","0","3","3","","1840","2","2","0","0","0","0","1","2","1","2","0","0","0","3","03","","N","","","","","","","","","",""
"2022081874","0931","1","0","0","0","0","0","0","0","0","1","0","","67","8","2022","2","40.070719","-75.200781","0930","6","0","0","0","0","0","0","0","0","","0","0","0","7","1","1","","1","0","40 04:14.589","","0","75 12:02.813","8","0","0","0","67301","0","0","0","N","0","0","0","2","67301","0","","1.0","","99","N","N","N","1","","0","0","0","3","2","","720","2","1","0","0","0","1","0","2","0","2","0","0","0","99","","","N","","","","","","","","","",""
"2022066843","1904","2","0","0","0","0","0","0","0","0","1","0","","67","6","2022","1","40.023916","-75.032551","1845","6","0","0","0","0","1","1","0","0","","0","0","0","18","1","0","N","0","0","40 01:26.097","","0","75 01:57.183","0","0","0","0","67301","0","0","0","N","0","0","0","4","68K01","0","","1.0","","1","N","N","N","0","","0","0","1","0","0","","1826","3","0","0","0","0","0","0","2","0","3","0","0","0","3","","","N","","","","","","","","","",""
"2022090311","1430","0","0","0","0","0","0","0","0","0","4","0","","67","9","2022","5","40.025943","-75.080688","1427","6","0","0","0","0","0","0","0","0","","0","0","0","14","1","0","","1","1","40 01:33.395","6","0","75 04:50.478","0","0","0","0","67301","0","0","0","N","0","0","0","3","67301","0","","1.0","1523.0","1","N","N","N","0","","0","0","2","3","3","Y","1427","2","0","1","0","0","0","0","2","0","2","0","0","0","3","","","N","","","","","","","","","",""
"2022079977","1114","1","0","0","0","0","0","0","0","0","4","0","","67","8","2022","7","40.028472","-75.061144","1110","6","0","0","0","0","0","0","0","0","","0","0","0","11","1","2","","1","0","40 01:42.499","","0","75 03:40.118","4","0","0","0","67301","0","0","0","N","0","0","0","2","67301","2","","1.0","","1","N","N","Y","0","","0","0","1","3","2","","1109","3","2","1","0","0","0","0","2","1","3","0","0","0","3","03","","N","","","","","","","","","",""
"2022072201","1729","1","0","0","0","0","0","1","0","0","6","1","","67","7","2022","1","39.939633","-75.147992","1729","6","0","0","0","0","0","0","0","0","","0","0","0","18","1","1","","1","0","39 56:22.680","","0","75 08:52.771","8","0","0","0","67301","0","0","0","N","0","0","0","2","67301","0","","1.0","","1","N","N","N","0","","0","0","0","0","0","","1810","2","1","1","0","0","1","0","2","0","2","0","0","0","3","","","N","","","","","","","","","",""
"2022085522","2045","1","0","0","0","0","0","0","0","0","7","0","","67","8","2022","3","40.042924","-75.003138","2032","6","0","0","0","0","0","1","0","0","","0","0","0","20","3","0","N","0","0","40 02:34.528","","0","75 00:11.296","0","0","0","0","67301","0","0","0","N","0","0","0","1","68K01","0","","4.0","","8","N","N","N","0","","0","0","0","0","0","","2030","1","0","0","0","0","0","0","2","0","1","0","0","0","7","07","","N","","","","","","","","","",""
"2022085296","2123","1","0","0","0","0","0","0","0","0","4","0","","67","9","2022","6","40.007378","-75.086447","2123","6","0","0","0","0","0","0","0","0","","0","0","0","21","3","0","","3","0","40 00:26.559","","0","75 05:11.209","0","0","0","0","67301","0","0","0","N","0","0","0","2","67301","0","","1.0","","1","N","N","N","0","","0","0","1","3","3","","2110","2","0","0","0","0","0","0","2","0","2","0","0","0","3","03","","N","","","","","","","","","",""
"2022087815","0459","1","0","0","0","0","0","0","0","0","2","0","","67","9","2022","4","40.056958","-75.092515","0449","6","0","0","0","0","0","0","0","0","","0","0","0","4","3","1","","2","0","40 03:25.048","","0","75 05:33.054","4","0","0","0","67301","0","0","0","N","0","0","0","2","67301","1","","1.0","","1","N","N","N","0","","0","0","0","3","3","","445","2","1","0","0","0","0","1","2","1","2","0","0","0","3","03","","N","","","","","","","","","",""
"2022078186","1812","2","0","0","0","0","0","0","0","0","4","0","","67","8","2022","3","40.05575","-75.072917","1807","6","0","0","0","0","1","0","0","0","","0","0","0","17","1","1","N","0","0","40 03:20.700","","7","75 04:22.500","3","0","0","0","67301","0","0","0","N","0","0","0","2","67301","0","","1.0","","1","N","N","N","0","","1","0","0","0","0","","1726","2","1","0","0","0","0","0","2","0","2","0","0","0","3","03","","N","","","","","","","","","",""
"2022078903","1035","0","0","0","0","0","0","0","0","0","4","0","","67","8","2022","6","39.963788","-75.199751","1025","6","0","0","0","0","0","1","0","0","","0","0","0","10","1","0","","1","0","39 57:49.636","","0","75 11:59.103","0","0","0","0","67301","0","0","0","N","0","0","0","2","67301","0","","1.0","","1","N","N","N","0","","0","0","2","3","3","","1025","2","0","0","0","0","0","0","2","0","2","0","0","0","3","03","","N","","","","","","","","","",""
"2022061464","0050","1","0","0","0","0","0","0","0","0","1","0","","67","7","2022","7","40.027527","-75.099106","0043","6","0","0","0","0","0","1","0","0","","0","0","0","0","3","0","","1","2","40 01:39.097","1","0","75 05:56.781","0","0","0","0","67301","0","0","0","N","0","0","0","2","67301","0","","1.0","130.0","1","N","N","N","0","","0","0","1","3","2","N","30","2","0","0","0","0","0","0","2","0","2","0","0","0","3","03","","N","","","","","","","","","",""
"2022078459","1750","0","0","0","1","0","0","0","0","0","8","0","","67","8","2022","5","39.953525","-75.226218","1750","6","0","0","0","0","0","0","0","0","","0","0","0","17","1","1","","1","0","39 57:12.690","","0","75 13:34.383","3","0","0","0","67301","1","0","0","N","0","0","0","2","67301","0","","1.0","","1","N","N","N","0","","1","0","1","3","1","","1743","2","1","0","0","0","0","0","2","0","1","1","0","0","3","03","","N","","","","","","","","","",""
"2022075815","2108","1","0","0","0","0","0","0","0","0","4","0","","67","8","2022","2","40.013064","-75.202034","2105","6","0","0","0","0","0","0","0","0","","0","0","0","20","3","0","","2","0","40 00:47.031","","7","75 12:07.323","0","0","0","0","67301","0","0","0","N","0","0","0","2","67301","0","","1.0","","1","N","N","N","0","","0","0","1","3","2","","2029","2","0","0","0","0","0","0","2","0","2","0","0","0","3","","","N","","","","","","","","","",""
"2022068206","0115","3","0","0","0","0","0","0","0","0","1","0","","67","7","2022","7","39.961911","-75.182859","0109","6","0","0","0","0","0","1","0","0","","0","0","0","0","3","2","N","0","2","39 57:42.878","3","3","75 10:58.294","2","0","0","0","67301","2","0","2","N","2","0","2","8","68K01","0","","2.0","200.0","1","N","N","N","0","","0","2","1","0","0","N","55","6","2","2","0","0","0","0","2","0","4","2","0","2","3","","","N","","","","","","","","","",""
"2022073237","1545","1","0","0","0","0","0","0","0","0","1","0","","67","8","2022","6","39.976819","-75.197969","1533","6","0","0","0","0","0","1","0","0","","0","0","0","15","1","3","N","0","0","39 58:36.548","","0","75 11:52.687","3","0","0","0","67301","0","0","0","N","0","0","0","3","68K01","0","","1.0","","1","N","N","N","0","","2","0","2","0","0","","1524","3","3","0","0","0","1","0","2","0","3","0","0","0","3","","","N","","","","","","","","","",""
"2022075740","0130","1","0","0","0","0","0","0","0","0","8","0","","67","8","2022","2","40.038047","-75.110433","0127","6","0","0","0","0","0","0","0","0","","0","0","0","20","6","1","N","0","0","40 02:16.970","","0","75 06:37.560","3","0","0","0","67301","1","0","0","N","1","0","0","2","67301","0","","1.0","","1","N","N","N","0","","1","0","0","0","0","","2000","2","1","0","0","0","0","0","2","0","1","1","0","0","3","03","","N","","","","","","","","","",""
"2022059998","1007","1","0","0","0","0","0","0","0","0","1","0","","67","6","2022","1","39.897833","-75.211587","1004","6","0","0","0","0","1","0","0","0","","0","0","0","10","1","0","N","0","1","39 53:52.197","4","3","75 12:41.713","0","0","0","0","67301","0","0","0","N","0","0","0","2","67301","0","","1.0","1100.0","1","N","N","N","0","","0","0","1","0","0","N","1000","2","0","0","0","0","0","0","2","0","2","0","0","0","3","03","","N","","","","","","","","","",""
"2022073215","1838","1","0","0","0","0","0","0","0","0","7","0","","67","8","2022","4","40.110256","-75.044486","1824","6","0","0","0","0","0","0","0","0","","0","0","0","18","1","1","N","0","0","40 06:36.920","","0","75 02:40.150","3","0","0","0","67301","0","0","0","N","0","0","0","1","67301","0","","5.0","","1","N","N","N","0","","1","0","0","0","0","","1820","1","1","0","0","0","0","0","2","0","1","0","0","0","3","","","N","","","","","","","","","",""
"2022077351","0745","0","0","0","0","0","0","0","0","0","7","0","","67","8","2022","2","39.98246","-75.083761","0731","6","0","0","0","0","0","1","0","0","","0","0","0","7","1","0","","2","0","39 58:56.857","","0","75 05:01.541","0","0","0","0","67301","0","0","0","N","0","0","0","1","67301","0","","4.0","","9","N","N","N","1","","0","0","0","3","2","","725","1","0","0","0","0","0","0","2","0","1","0","0","0","7","","","N","","","","","","","","","",""
"2022072218","2207","1","0","1","0","0","0","0","0","0","7","0","","67","8","2022","4","40.056398","-75.017505","2201","6","0","1","0","0","0","0","0","0","","0","0","0","22","3","3","N","0","1","40 03:23.032","3","0","75 01:03.019","2","0","0","0","67301","0","0","0","N","0","0","0","3","67301","1","","3.0","2235.0","1","N","N","N","0","","1","1","0","0","0","Y","2200","1","3","0","0","0","0","0","2","0","1","0","0","0","3","03","","N","","","","","","","","","",""
"2022091656","1334","0","0","0","0","0","0","0","0","0","7","0","","67","10","2022","2","39.896556","-75.190687","1328","6","0","0","0","0","0","1","0","0","","0","0","0","13","1","0","N","0","1","39 53:47.600","1","0","75 11:26.472","0","0","0","0","67301","0","0","0","N","0","0","0","1","68K01","0","","2.0","1400.0","9","N","N","N","0","","0","0","1","0","0","N","1327","1","0","0","0","0","0","0","2","0","1","0","0","0","7","04","","N","","","","","","","","","",""
"2022063884","0957","0","0","0","0","0","0","0","0","0","8","0","","67","7","2022","7","39.955058","-75.229782","0940","6","0","0","0","0","0","0","0","0","","0","0","0","9","1","1","","1","0","39 57:18.208","","0","75 13:47.215","3","0","0","0","67301","1","0","0","N","1","0","0","2","67301","0","","1.0","","1","N","N","N","1","","1","0","0","3","2","","937","2","1","0","0","0","0","0","2","0","1","1","0","0","3","03","","N","","","","","","","","","",""
"2022061506","1836","0","0","0","0","0","0","0","0","0","5","0","","67","7","2022","6","40.077872","-74.985214","1832","6","0","0","0","0","0","0","0","0","","0","0","0","18","1","0","N","0","0","40 04:40.340","","0","74 59:06.770","0","0","0","0","67301","0","0","0","N","0","0","0","1","67301","0","","6.0","","1","N","N","N","0","","0","0","2","0","0","","1828","2","0","0","0","0","0","0","2","0","2","0","0","0","3","03","","N","","","","","","","","","",""
"2022078712","2020","1","0","0","0","0","0","0","0","0","4","0","","67","8","2022","1","40.017612","-75.14942","2020","6","0","0","0","0","0","0","1","0","","0","0","0","19","3","0","N","0","0","40 01:03.402","","7","75 08:57.913","0","0","0","0","67301","0","0","0","N","0","0","0","2","67301","0","","1.0","","1","N","N","N","1","","0","0","0","0","0","","1950","2","0","2","0","0","0","0","2","0","2","0","0","0","3","","","N","","","","","","","","","",""
"2022078330","0540","2","0","0","0","0","0","0","0","0","6","0","","67","8","2022","7","40.047853","-75.172983","0532","6","0","0","0","0","0","0","0","0","","0","0","0","5","3","0","N","0","0","40 02:52.270","","0","75 10:22.740","0","0","0","0","67301","0","0","0","N","0","0","0","1","67301","0","","6.0","","1","N","N","N","0","","0","0","0","0","0","","530","2","0","0","0","0","0","0","2","0","2","0","0","0","3","04","","N","","","","","","","","","",""
"2022104520","1434","1","0","0","0","0","0","0","0","0","7","0","","67","11","2022","6","40.005277","-75.196544","1434","6","0","0","0","0","0","0","0","0","","0","0","0","14","1","0","N","0","1","40 00:18.998","1","0","75 11:47.558","0","0","0","0","67301","0","0","0","N","0","0","0","1","68K01","0","","4.0","1506.0","1","N","N","N","0","","0","0","0","0","0","N","1421","1","0","0","0","0","0","0","2","0","1","0","0","0","3","","","N","","","","","","","","","",""
"2022083568","2301","1","0","0","0","0","0","0","0","0","6","0","","67","9","2022","6","40.001283","-75.185921","2255","6","0","0","0","0","0","0","0","0","","0","0","0","22","3","1","N","0","0","40 00:04.618","","0","75 11:09.317","3","0","0","0","67301","0","0","0","N","0","0","0","2","67301","0","","1.0","","1","N","N","N","0","","1","0","0","0","0","","2236","2","1","0","0","0","0","0","2","0","2","0","0","0","3","03","","N","","","","","","","","","",""
"2022083640","1525","0","0","0","1","0","0","0","0","0","8","0","","67","9","2022","7","40.012425","-75.135747","1525","6","0","0","0","0","0","0","0","0","","0","0","0","14","1","1","Y","0","0","40 00:44.730","","0","75 08:08.690","8","0","0","0","67301","1","0","0","N","0","0","0","2","67301","0","","1.0","","99","N","N","N","0","","0","0","0","0","0","","1448","2","1","0","0","0","1","0","2","0","1","1","0","0","3","03","","N","","","","","","","","","",""
"2022072213","1835","1","0","0","0","0","0","0","0","0","8","0","","67","8","2022","5","40.073617","-75.040589","1829","6","0","0","0","0","0","1","0","0","","0","0","0","18","1","1","N","0","0","40 04:25.020","","0","75 02:26.120","8","0","0","0","67301","1","0","0","N","1","0","0","2","67301","0","","1.0","","1","N","N","N","0","","0","0","0","0","0","","1828","2","1","0","0","0","1","0","2","0","1","1","0","0","3","03","","N","","","","","","","","","",""
"2022066911","0730","1","0","0","0","0","0","0","0","0","4","0","","67","7","2022","5","40.066952","-75.158297","0722","6","0","0","0","0","0","0","0","0","","0","0","0","6","1","1","","5","0","40 04:01.027","","0","75 09:29.868","3","0","0","0","67301","0","0","0","N","0","0","0","2","67301","0","","1.0","","1","N","N","N","0","","1","0","1","3","2","","642","2","1","0","0","0","0","1","2","0","2","0","0","0","3","03","","N","","","","","","","","","",""
"2022068673","","1","0","0","0","0","0","0","0","0","1","0","","67","7","2022","6","39.950192","-75.183585","","6","0","0","0","0","0","0","0","0","","0","0","0","0","2","6","N","0","0","39 57:00.692","","0","75 11:00.907","8","0","0","0","67301","0","0","0","N","0","0","0","7","00000","0","","1.0","","1","","","N","0","","0","0","1","0","0","","48","2","6","0","0","0","6","0","2","0","2","0","0","0","3","","","N","","","","","","","","","",""
"2022110731","","0","0","0","0","0","0","0","0","0","1","0","","67","7","2022","7","39.960304","-75.138918","","6","0","0","0","0","0","0","0","0","","0","0","0","14","1","1","","1","0","39 57:37.093","","0","75 08:20.106","8","0","0","0","67301","0","0","0","N","0","0","0","2","00000","0","","1.0","","1","","","N","0","","0","0","1","3","2","","1400","2","1","0","0","0","1","0","2","0","2","0","0","0","3","","","N","","","","","","","","","",""
"2022105804","0310","1","0","0","0","0","0","0","0","0","5","0","","67","7","2022","3","39.957925","-75.233279","0305","6","0","0","0","0","0","0","0","0","","0","0","0","2","3","0","N","0","2","39 57:28.531","4","0","75 13:59.806","9","0","0","0","67301","0","0","0","N","0","0","0","1","67301","0","","6.0","500.0","1","N","N","N","1","","0","0","0","0","0","Y","200","2","0","0","0","0","0","1","2","0","2","0","0","0","3","03","","N","","","","","","","","","",""
"2022091315","0700","1","0","0","0","0","0","0","0","0","4","0","","67","10","2022","2","40.052142","-75.067794","0655","6","0","0","0","0","0","0","0","0","","0","0","0","6","1","1","","1","0","40 03:07.711","","0","75 04:04.059","3","0","0","0","67301","0","0","0","N","0","0","0","2","67301","0","","1.0","","9","N","N","N","0","","1","0","1","3","2","","654","2","1","0","0","0","0","0","2","0","2","0","0","0","7","","","N","","","","","","","","","",""
"2022100206","","2","0","0","0","0","0","0","0","0","4","0","","67","9","2022","6","40.038486","-75.051804","","6","0","0","0","0","0","0","0","1","","0","0","0","0","3","0","","1","0","40 02:18.549","","0","75 03:06.494","0","0","0","0","67301","0","0","0","N","0","0","0","2","00000","0","","1.0","","1","","","N","0","","0","0","0","3","2","","30","2","0","2","0","0","0","0","2","0","2","0","0","0","3","","","N","","","","","","","","","",""
"2022104141","1553","1","0","0","0","0","0","0","0","0","8","0","","67","11","2022","2","40.086283","-75.046083","1545","6","0","0","0","0","0","0","0","1","","0","0","0","15","1","1","","1","0","40 05:10.618","","0","75 02:45.898","3","0","0","0","67301","1","0","0","N","1","0","0","2","67301","0","","1.0","","1","N","N","N","0","","1","0","0","3","2","","1540","2","1","0","0","0","0","0","2","0","1","1","0","0","3","03","","N","","","","","","","","","",""
"2022105128","2335","0","0","0","0","0","0","0","0","0","4","0","","67","11","2022","3","40.080732","-75.169985","2334","6","0","0","0","0","0","1","0","0","","0","0","0","23","3","2","","1","0","40 04:50.635","","0","75 10:11.945","8","0","0","0","67301","0","0","0","N","0","0","0","3","67301","0","","1.0","","1","N","N","Y","0","","0","0","0","2","1","","2320","2","2","0","0","0","2","0","2","2","2","0","0","0","3","03","","N","","","","","","","","","",""
"2022091832","","0","0","0","0","0","0","0","0","0","1","0","","67","9","2022","1","39.957939","-75.163091","","6","0","0","0","0","0","0","0","0","","0","0","0","16","1","3","N","0","0","39 57:28.582","","0","75 09:47.128","8","0","0","0","67301","0","0","0","N","0","0","0","3","00000","0","","1.0","","1","","","N","0","","0","0","1","0","0","","1620","2","3","0","0","0","3","0","2","1","2","0","0","0","3","","","N","","","","","","","","","",""
"2022103622","0626","0","0","0","0","0","0","0","0","0","7","0","","67","10","2022","2","40.034441","-75.019004","0613","6","0","0","0","0","0","0","0","0","","0","0","0","6","3","0","N","0","0","40 02:03.988","","0","75 01:08.415","0","0","0","0","67301","0","0","0","N","0","0","0","1","68K01","0","","3.0","","9","N","N","N","0","","0","0","1","0","0","","604","1","0","0","0","0","0","0","2","0","1","0","0","0","7","","","N","","","","","","","","","",""
"2022104954","2040","2","0","0","0","0","0","0","0","0","4","0","","67","11","2022","3","40.036753","-75.040739","2033","6","0","0","0","0","1","0","0","0","","0","0","0","19","1","4","","1","0","40 02:12.310","","0","75 02:26.659","8","0","0","0","67301","0","0","0","N","0","0","0","5","67301","0","","1.0","","1","N","N","N","0","","0","0","0","3","2","","1934","2","4","0","0","0","4","1","2","0","2","0","0","0","3","","","N","","","","","","","","","",""
"2022083560","1051","1","0","0","0","0","0","0","0","0","8","0","","67","9","2022","7","39.996718","-75.115468","1051","6","0","0","0","0","0","0","0","0","","0","0","0","9","1","1","","1","0","39 59:48.185","","0","75 06:55.684","3","0","0","0","67301","1","0","0","N","1","0","0","2","67301","0","","1.0","","1","N","N","N","0","","1","0","0","3","2","","911","2","1","0","0","0","0","0","2","0","1","1","0","0","3","","","N","","","","","","","","","",""
"2022100199","","0","0","0","0","0","0","0","0","0","5","0","","67","10","2022","5","39.962028","-75.148083","","6","0","0","0","0","0","1","0","0","","0","0","0","19","1","1","N","0","0","39 57:43.300","","0","75 08:53.100","8","0","0","0","67301","0","0","0","N","0","0","0","2","00000","0","","6.0","","1","","","N","0","","0","0","1","0","0","","1930","2","1","0","0","0","1","0","2","0","2","0","0","0","3","","","N","","","","","","","","","",""
"2022083607","1550","2","0","0","0","0","0","0","0","0","2","0","","67","9","2022","7","39.936693","-75.224362","1544","6","0","0","0","0","0","0","0","0","","0","0","0","13","1","2","","1","0","39 56:12.095","","0","75 13:27.703","8","0","0","0","67301","0","0","0","N","0","0","0","3","67301","0","","1.0","","1","N","N","N","0","","0","0","0","3","2","","1347","2","2","3","0","0","2","0","2","0","2","0","0","0","3","03","","N","","","","","","","","","",""
"2022088160","2355","1","0","0","0","0","0","0","0","0","7","0","","67","9","2022","6","39.906066","-75.240926","2350","6","0","0","0","0","0","0","0","0","","0","0","0","23","3","1","N","0","0","39 54:21.838","","0","75 14:27.335","2","0","0","0","67301","0","0","0","N","0","0","0","1","67301","0","","4.0","","1","N","N","N","0","","0","1","0","0","0","","2345","1","1","0","0","0","0","0","2","0","1","0","0","0","3","03","","N","","","","","","","","","",""
"2022089609","1718","0","0","0","0","0","0","0","0","0","0","0","","67","9","2022","4","40.012453","-75.168844","1715","6","0","0","0","0","0","0","0","0","","0","0","0","17","1","1","N","0","0","40 00:44.829","","0","75 10:07.837","2","0","1","1","67301","0","0","0","N","0","0","0","1","67301","0","","4.0","","1","N","N","N","0","","0","1","0","0","0","","1711","1","1","0","0","0","0","0","2","0","1","0","0","0","3","03","","N","","","","","","","","","",""
"2022091370","2008","2","0","0","0","0","0","0","0","0","4","0","","67","10","2022","7","39.957456","-75.223393","2008","6","0","0","0","0","0","0","0","0","","0","0","0","20","3","2","","1","1","39 57:26.841","1","0","75 13:24.214","3","0","0","0","67301","0","0","0","N","0","0","0","3","67301","0","","1.0","2100.0","9","N","N","N","0","","2","0","0","3","3","Y","2008","2","2","2","0","0","0","0","2","0","2","0","0","0","4","07","","N","","","","","","","","","",""
"2022091798","1737","0","0","0","0","0","0","0","0","0","1","0","","67","8","2022","2","39.898924","-75.168443","1720","6","0","0","0","0","0","1","0","0","","0","0","0","17","1","3","N","0","0","39 53:56.125","","3","75 10:06.393","8","0","0","0","67301","0","0","0","N","0","0","0","6","68K01","0","","1.0","","1","N","N","N","1","","0","0","1","0","0","","1715","2","3","0","0","0","3","0","2","0","2","0","0","0","3","","","N","","","","","","","","","",""
"2022103479","1723","0","0","0","0","0","0","0","0","0","7","0","","67","9","2022","1","39.931534","-75.199524","1713","6","0","0","0","0","0","0","0","0","","0","0","0","17","1","0","N","0","1","39 55:53.524","4","0","75 11:58.288","0","0","0","0","67301","0","0","0","N","0","0","0","1","68K01","0","","4.0","1740.0","1","N","N","N","0","","0","0","1","0","0","N","1711","1","0","0","0","0","0","0","2","0","1","0","0","0","7","","","N","","","","","","","","","",""
"2022119859","0825","1","0","0","0","0","0","0","0","0","1","0","","67","11","2022","2","40.038449","-75.010163","0816","6","0","0","0","0","0","1","0","0","","0","0","0","8","1","0","N","0","0","40 02:18.415","","0","75 00:36.587","0","0","0","0","67301","0","0","0","N","0","0","0","2","68K01","0","","1.0","","1","N","N","N","0","","0","0","1","0","0","","812","2","0","0","0","0","0","0","2","0","2","0","0","0","3","03","","N","","","","","","","","","",""
"2022105912","0307","2","0","0","0","0","0","0","0","0","5","0","","67","9","2022","1","39.963862","-75.184267","0235","6","0","0","0","0","0","0","0","0","","0","0","0","2","3","0","","3","0","39 57:49.902","","0","75 11:03.361","0","0","0","0","67301","0","0","0","N","0","0","0","2","68K01","0","","1.0","","1","N","N","N","0","","0","0","0","0","0","","233","2","0","0","0","0","0","0","2","0","2","0","0","0","3","03","","N","","","","","","","","","",""