"CRN","ARRIVAL_TM","AUTOMOBILE_COUNT","BELTED_DEATH_COUNT","BELTED_SUSP_SERIOUS_INJ_COUNT","BICYCLE_COUNT","BICYCLE_DEATH_COUNT","BICYCLE_SUSP_SERIOUS_INJ_COUNT","BUS_COUNT","CHLDPAS_DEATH_COUNT","CHLDPAS_SUSP_SERIOUS_INJ_COUNT","COLLISION_TYPE","COMM_VEH_COUNT","CONS_ZONE_SPD_LIM","COUNTY","CRASH_MONTH","CRASH_YEAR","DAY_OF_WEEK","DEC_LATITUDE","DEC_LONGITUDE","DISPATCH_TM","DISTRICT","DRIVER_COUNT_16YR","DRIVER_COUNT_17YR","DRIVER_COUNT_18YR","DRIVER_COUNT_19YR","DRIVER_COUNT_20YR","DRIVER_COUNT_50_64YR","DRIVER_COUNT_65_74YR","DRIVER_COUNT_75PLUS","EST_HRS_CLOSED","FATAL_COUNT","HEAVY_TRUCK_COUNT","HORSE_BUGGY_COUNT","HOUR_OF_DAY","ILLUMINATION","INJURY_COUNT","INTERSECTION_RELATED","INTERSECT_TYPE","LANE_CLOSED","LATITUDE","LN_CLOSE_DIR","LOCATION_TYPE","LONGITUDE","MAX_SEVERITY_LEVEL","MCYCLE_DEATH_COUNT","MCYCLE_SUSP_SERIOUS_INJ_COUNT","MOTORCYCLE_COUNT","MUNICIPALITY","NONMOTR_COUNT","NONMOTR_DEATH_COUNT","NONMOTR_SUSP_SERIOUS_INJ_COUNT","NTFY_HIWY_MAINT","PED_COUNT","PED_DEATH_COUNT","PED_SUSP_SERIOUS_INJ_COUNT","PERSON_COUNT","POLICE_AGCY","POSSIBLE_INJ_COUNT","RDWY_SURF_TYPE_CD","RELATION_TO_ROAD","ROADWAY_CLEARED","ROAD_CONDITION","SCH_BUS_IND","SCH_ZONE_IND","SECONDARY_CRASH","SMALL_TRUCK_COUNT","SPEC_JURIS_CD","SUSP_MINOR_INJ_COUNT","SUSP_SERIOUS_INJ_COUNT","SUV_COUNT","TCD_FUNC_CD","TCD_TYPE","TFC_DETOUR_IND","TIME_OF_DAY","TOTAL_UNITS","TOT_INJ_COUNT","UNBELTED_OCC_COUNT","UNB_DEATH_COUNT","UNB_SUSP_SERIOUS_INJ_COUNT","UNK_INJ_DEG_COUNT","UNK_INJ_PER_COUNT","URBAN_RURAL","VAN_COUNT","VEHICLE_COUNT","VULNERABLE_ROAD_USER_COUNT","VULNERABLE_ROAD_USER_DEATH_COUNT","VULNERABLE_ROAD_USER_SER_INJ_COUNT","WEATHER1","WEATHER2","WORKERS_PRES","WORK_ZONE_IND","WORK_ZONE_LOC","WORK_ZONE_TYPE","WZ_CLOSE_DETOUR","WZ_FLAGGER","WZ_LAW_OFFCR_IND","WZ_LN_CLOSURE","WZ_MOVING","WZ_OTHER","WZ_SHLDER_MDN","WZ_WORKERS_INJ_KILLED"
"2022090807","1652","1","0","0","0","0","0","0","0","0","8","0","","67","10","2022","7","40.04813","-75.158039","1652","6","0","0","0","0","0","0","0","0","","0","0","0","16","1","1","","3","2","40 02:53.268","6","0","75 09:28.940","3","0","0","0","67301","1","0","0","N","0","0","0","2","67301","0","","1.0","1730.0","9","N","N","N","0","","1","0","0","0","0","Y","1649","2","1","0","0","0","0","0","2","0","1","1","0","0","7","07","","N","","","","","","","","","",""
"2022107516","2235","3","0","0","0","0","0","0","0","0","1","0","","67","10","2022","3","39.894299","-75.23744","2230","6","0","0","0","0","1","0","0","0","","0","0","0","21","3","0","Y","0","0","39 53:39.476","","0","75 14:14.784","0","0","0","0","67301","0","0","0","N","0","0","0","3","67301","0","","1.0","","1","N","N","N","0","","0","0","0","0","0","","2125","3","0","2","0","0","0","0","2","0","3","0","0","0","3","03","","N","","","","","","","","","",""
"2022118974","0343","2","0","0","0","0","0","0","0","0","5","0","","67","12","2022","1","39.997599","-75.196252","0342","6","0","0","0","1","0","0","0","0","","0","0","0","3","3","1","N","0","1","39 59:51.358","6","0","75 11:46.507","3","0","0","0","67301","0","0","0","N","0","0","0","3","68K01","0","","1.0","425.0","1","N","N","N","0","","1","0","0","0","0","N","340","2","1","0","0","0","0","0","2","0","2","0","0","0","3","","","N","","","","","","","","","",""
"2022115629","1615","0","0","0","1","0","0","0","0","0","8","0","","67","8","2022","4","39.946465","-75.14154","1600","6","0","0","0","0","0","0","0","0","","0","0","0","15","1","1","","2","0","39 56:47.275","","0","75 08:29.543","8","0","0","0","67301","1","0","0","N","0","0","0","2","67301","0","","1.0","","1","N","N","N","0","","0","0","1","3","2","","1540","2","1","0","0","0","1","0","2","0","1","1","0","0","3","03","","N","","","","","","","","","",""
"2022100194","","0","0","0","0","0","0","0","0","0","4","0","","67","9","2022","3","40.021825","-75.052031","","6","0","0","0","0","0","0","0","0","","0","0","0","17","1","1","","1","0","40 01:18.569","","0","75 03:07.311","8","0","0","0","67301","0","0","0","N","0","0","0","2","00000","0","","1.0","","1","","","N","1","","0","0","0","0","0","","1700","2","1","1","0","0","1","0","2","0","2","0","0","0","3","","","N","","","","","","","","","",""
"2022104545","1110","1","0","0","0","0","0","0","0","0","5","0","","67","11","2022","2","39.886196","-75.207656","1108","6","0","0","0","0","0","0","0","0","","0","0","0","10","1","2","N","0","0","39 53:10.306","","3","75 12:27.561","4","0","0","0","67301","0","0","0","N","0","0","0","3","68K01","2","","1.0","","1","N","N","N","0","","0","0","0","0","0","","1046","2","2","0","0","0","0","1","2","0","2","0","0","0","3","","","N","","","","","","","","","",""
"2022101615","1755","0","0","0","0","0","0","0","0","0","1","0","","67","10","2022","3","40.01182","-75.097752","1754","6","0","0","0","0","0","0","0","0","","0","0","0","16","3","1","N","1","0","40 00:42.552","","0","75 05:51.907","3","0","0","0","67301","0","0","0","N","0","0","0","3","67301","0","","1.0","","9","N","N","N","1","","1","0","1","3","2","","1627","2","1","0","0","0","0","0","2","0","2","0","0","0","4","07","","N","","","","","","","","","",""
"2022102948","1650","1","0","0","0","0","0","1","0","0","4","1","","67","11","2022","5","","","1646","6","0","0","0","0","0","0","2","0","","0","0","0","16","1","1","","1","0","","","0","","8","0","0","0","67301","0","0","0","N","0","0","0","3","67301","0","","1.0","","1","Y","N","N","0","","0","0","1","3","3","","1646","3","1","1","0","0","1","0","1","0","3","0","0","0","3","","","N","","","","","","","","","",""
"2022096778","0759","3","0","0","0","0","0","0","0","0","1","0","","67","10","2022","2","40.002867","-75.169269","0718","6","0","0","0","0","0","0","0","0","","0","0","0","7","1","1","N","0","0","40 00:10.320","","0","75 10:09.370","3","0","0","0","67301","0","0","0","N","0","0","0","1","67301","0","","1.0","","1","N","N","N","0","","1","0","1","0","0","","714","4","1","0","0","0","0","0","2","0","4","0","0","0","3","03","","N","","","","","","","","","",""
"2022110733","","0","0","0","0","0","0","0","0","0","4","0","","67","10","2022","7","39.987037","-75.122353","","6","0","0","0","0","0","1","0","0","","0","0","0","12","1","2","","5","0","39 59:13.332","","0","75 07:20.471","8","0","0","0","67301","0","0","0","N","0","0","0","3","00000","0","","1.0","","1","","","N","0","","0","0","1","3","2","","1230","2","2","0","0","0","2","0","2","0","2","0","0","0","3","","","N","","","","","","","","","",""
"2022083630","1150","1","0","0","0","0","0","0","0","0","5","0","","67","9","2022","5","39.977","-75.252111","1150","6","0","0","0","0","0","0","0","0","","0","0","0","4","3","0","N","0","0","39 58:37.200","","0","75 15:07.600","0","0","0","0","67301","0","0","0","N","0","0","0","1","67301","0","","6.0","","1","N","N","N","0","","0","0","0","0","0","","400","2","0","0","0","0","0","0","2","0","2","0","0","0","99","","","N","","","","","","","","","",""
"2022083550","1453","0","0","0","0","0","0","0","0","0","8","0","","67","9","2022","7","39.944939","-75.148423","1439","6","0","0","0","0","0","0","0","1","","0","0","0","14","1","1","","1","0","39 56:41.782","","0","75 08:54.322","3","0","0","0","67301","1","0","0","N","1","0","0","2","67301","0","","1.0","","1","N","N","N","0","","1","0","0","3","2","","1435","2","1","0","0","0","0","0","2","1","1","1","0","0","3","","","N","","","","","","","","","",""
"2022083578","1545","1","0","0","0","0","0","0","0","0","8","0","","67","9","2022","6","39.917293","-75.174584","1544","6","0","0","0","0","1","0","0","0","","0","0","0","15","1","1","","1","0","39 55:02.254","","0","75 10:28.502","3","0","0","0","67301","1","0","0","N","1","0","0","2","67301","0","","1.0","","1","N","N","N","0","","1","0","0","3","2","","1543","2","1","0","0","0","0","0","2","0","1","1","0","0","3","03","","N","","","","","","","","","",""
"2022103994","0731","1","0","0","0","0","0","0","0","0","7","0","","67","11","2022","1","40.01655","-75.2108","0731","6","0","1","0","0","0","0","0","0","","0","0","0","7","1","0","N","0","0","40 00:59.580","","3","75 12:38.880","0","0","0","0","67301","0","0","0","N","0","0","0","1","67301","0","","2.0","","1","N","N","N","0","","0","0","0","0","0","","731","1","0","0","0","0","0","0","2","0","1","0","0","0","3","03","","N","","","","","","","","","",""
"2022083634","1930","1","0","0","0","0","0","0","0","0","8","0","","67","9","2022","6","39.979469","-75.175197","1920","6","0","0","0","0","0","0","0","0","","0","0","0","19","4","1","N","0","0","39 58:46.090","","0","75 10:30.710","8","0","0","0","67301","1","0","0","N","1","0","0","2","67301","0","","1.0","","1","N","N","N","0","","0","0","0","0","0","","1900","2","1","0","0","0","1","1","2","0","1","1","0","0","3","03","","N","","","","","","","","","",""
"2022088195","2325","2","0","0","0","0","0","0","0","0","5","0","","67","9","2022","6","40.025667","-75.131722","2319","6","0","0","0","0","0","0","0","0","","0","0","0","23","3","1","N","0","2","40 01:32.400","6","0","75 07:54.200","3","0","0","0","67301","0","0","0","N","0","0","0","1","67301","0","","6.0","1201.0","1","N","N","Y","0","","1","0","0","0","0","Y","2318","2","1","0","0","0","0","0","2","0","2","0","0","0","3","03","","N","","","","","","","","","",""
"2022086668","0859","0","0","0","0","0","0","0","0","0","8","0","","67","9","2022","3","39.953807","-75.166593","0858","6","0","0","0","0","0","0","1","0","","0","0","0","8","1","1","","1","0","39 57:13.704","","0","75 09:59.736","8","0","0","0","67301","1","0","0","N","1","0","0","2","67301","0","","1.0","","1","N","N","N","1","","0","0","0","3","2","","855","2","1","1","0","0","1","0","2","0","1","1","0","0","3","03","","N","","","","","","","","","",""
"2022061978","1018","0","0","0","0","0","0","0","0","0","1","0","","67","7","2022","6","39.959427","-75.175256","1003","6","0","0","0","0","0","0","0","0","","0","0","0","10","1","0","N","0","0","39 57:33.937","","0","75 10:30.921","0","0","0","0","67301","0","0","0","N","0","0","0","2","68K01","0","","1.0","","1","N","N","N","0","","0","0","1","0","0","","1002","2","0","0","0","0","0","0","2","1","2","0","0","0","3","","","N","","","","","","","","","",""
"2022105713","2231","1","0","0","0","0","0","0","0","0","7","0","","67","10","2022","2","39.984669","-75.208215","2228","6","0","0","0","0","0","0","0","0","","0","0","0","22","3","0","N","0","1","39 59:04.808","4","0","75 12:29.575","0","0","0","0","67301","0","0","0","N","0","0","0","1","68K01","0","","2.0","1115.0","9","N","N","N","0","","0","0","0","0","0","N","2219","1","0","0","0","0","0","0","2","0","1","0","0","0","7","","","N","","","","","","","","","",""
"2022088030","1140","1","0","0","0","0","0","0","0","0","5","0","","67","9","2022","4","39.970344","-75.217175","1130","6","0","0","1","0","0","0","0","0","","0","0","0","10","1","1","","1","0","39 58:13.238","","0","75 13:01.830","3","0","0","0","67301","0","0","0","N","0","0","0","2","67301","0","","1.0","","1","N","N","N","0","","1","0","1","3","2","","1000","2","1","0","0","0","0","0","2","0","2","0","0","0","3","03","","N","","","","","","","","","",""
"2022096754","2109","0","0","0","0","0","0","0","0","0","8","0","","67","9","2022","6","40.002576","-75.099728","2109","6","0","0","0","0","0","0","0","0","","0","0","0","21","3","2","","5","0","40 00:09.273","","0","75 05:59.019","3","0","0","0","67301","2","0","0","N","2","0","0","3","67301","0","","1.0","","1","N","N","N","0","","2","0","0","3","2","","2109","3","2","0","0","0","0","0","2","0","1","2","0","0","3","03","","N","","","","","","","","","",""
"2022102943","1959","0","0","0","0","0","0","0","0","0","8","0","","67","10","2022","6","40.072576","-75.076209","1959","6","0","0","0","0","0","0","0","0","","1","0","0","19","3","0","N","0","0","40 04:21.275","","0","75 04:34.352","1","0","0","0","67301","1","1","0","N","1","1","0","2","67301","0","2","1.0","","1","N","N","N","0","0","0","0","0","0","0","","1954","2","0","0","0","0","0","0","2","0","1","1","1","0","3","03","","N","","","","","","","","","",""
"2022083649","0118","1","0","0","0","0","0","0","0","0","5","0","","67","9","2022","7","40.034094","-75.141931","0118","6","0","0","0","0","0","0","0","0","","0","0","0","1","3","1","N","0","0","40 02:02.740","","0","75 08:30.950","3","0","0","0","67301","0","0","0","N","0","0","0","2","67301","0","","6.0","","1","N","N","N","0","","1","0","1","0","0","","105","2","1","2","0","0","0","1","2","0","2","0","0","0","3","03","","N","","","","","","","","","",""
"2022103092","1315","0","0","0","0","0","0","1","0","0","4","1","","67","10","2022","6","40.010941","-75.164646","1250","6","0","0","0","0","0","0","0","0","","0","0","0","12","1","2","","3","0","40 00:39.388","","0","75 09:52.725","8","0","0","0","67301","0","0","0","N","0","0","0","3","67508","0","","1.0","","1","N","N","Y","0","","0","0","0","3","2","N","1250","2","2","1","0","0","2","0","2","1","2","0","0","0","3","03","","N","","","","","","","","","",""
"2022105791","1645","1","0","0","0","0","0","0","0","0","4","0","","67","11","2022","5","40.051438","-75.056769","1639","6","0","0","0","0","0","0","0","0","","0","0","0","15","1","0","N","0","0","40 03:05.178","","7","75 03:24.370","9","0","0","0","67301","0","0","0","N","0","0","0","2","67301","0","","1.0","","1","N","N","N","0","","0","0","1","0","0","","1547","2","0","0","0","0","0","1","2","0","2","0","0","0","3","03","","N","","","","","","","","","",""
"2022083602","1700","1","0","0","0","0","0","0","0","0","4","0","","67","9","2022","7","40.099527","-74.986368","1658","6","0","0","0","0","1","0","0","0","","0","0","0","16","1","1","","1","1","40 05:58.296","2","2","74 59:10.926","3","0","0","0","67301","0","0","0","N","0","0","0","2","67301","0","","1.0","100.0","1","N","N","N","0","","1","0","1","3","2","N","1656","2","1","0","0","0","0","0","2","0","2","0","0","0","3","03","","N","","","","","","","","","",""
"2022095227","2142","0","0","0","0","0","0","0","0","0","4","0","","67","10","2022","5","39.929053","-75.220583","2140","6","0","0","0","0","0","0","0","0","","0","0","0","20","3","1","","1","0","39 55:44.592","","0","75 13:14.099","3","0","0","0","67301","0","0","0","N","0","0","0","2","67301","0","","1.0","","9","N","N","N","1","","1","0","1","3","2","","2020","2","1","2","0","0","0","0","2","0","2","0","0","0","7","05","","N","","","","","","","","","",""
"2022098150","2030","2","0","0","0","0","0","0","0","0","5","0","","67","9","2022","7","39.928236","-75.151231","2013","6","0","0","0","0","0","0","1","0","","0","0","0","19","3","1","N","0","1","39 55:41.650","4","0","75 09:04.430","3","0","0","0","67301","0","0","0","N","0","0","0","1","67301","0","","6.0","1030.0","1","N","N","N","0","","1","0","1","0","0","Y","1949","3","1","0","0","0","0","0","2","0","3","0","0","0","3","","","N","","","","","","","","","",""
"2022104134","0735","1","0","0","0","0","0","0","0","0","5","0","","67","11","2022","3","39.977268","-75.158093","0732","6","0","0","0","0","0","0","0","0","","0","0","0","7","1","0","N","1","0","39 58:38.166","","0","75 09:29.135","0","0","0","0","67301","0","0","0","N","0","0","0","3","67505","0","","1.0","","1","N","N","N","0","","0","0","0","0","0","","725","2","0","0","0","0","0","0","2","1","2","0","0","0","3","03","","N","","","","","","","","","",""
"2022084674","1915","0","0","0","0","0","0","0","0","0","8","0","","67","9","2022","6","39.936363","-75.15359","1906","6","0","0","0","0","0","0","0","0","","0","0","0","19","1","1","","1","0","39 56:10.906","","0","75 09:12.923","3","0","0","0","67301","1","0","0","N","0","0","0","2","67301","0","","1.0","","1","N","N","N","0","","1","0","0","3","3","","1900","2","1","0","0","0","0","0","2","0","1","1","0","0","3","03","","N","","","","","","","","","",""
"2022083646","1450","1","0","0","0","0","0","0","0","0","5","0","","67","9","2022","7","39.972352","-75.124081","1450","6","0","0","0","0","0","0","0","0","","0","0","0","7","1","0","","3","0","39 58:20.466","","2","75 07:26.692","0","0","0","0","67301","0","0","0","N","0","0","0","2","67301","0","","1.0","","1","N","N","N","1","","0","0","0","0","0","","717","2","0","1","0","0","0","0","2","0","2","0","0","0","3","","","N","","","","","","","","","",""
"2022103313","2331","1","0","0","0","0","0","0","0","0","7","0","","67","11","2022","6","39.968998","-75.127811","2329","6","0","0","0","0","0","0","0","0","","0","0","0","23","3","1","N","0","0","39 58:08.392","","0","75 07:40.120","8","0","0","0","67301","0","0","0","N","0","0","0","1","68K01","0","","4.0","","1","N","N","N","0","","0","0","0","0","0","","2327","1","1","1","0","0","1","0","2","0","1","0","0","0","3","03","","N","","","","","","","","","",""
"2022105070","0921","1","0","0","0","0","0","0","0","0","1","1","","67","9","2022","3","39.99176","-75.202739","0917","6","0","0","0","0","0","1","0","0","","0","1","0","9","1","0","N","0","2","39 59:30.337","3","0","75 12:09.862","0","0","0","0","67301","0","0","0","N","0","0","0","3","68K01","0","","1.0","1000.0","2","N","N","N","0","","0","0","0","0","0","N","915","2","0","0","0","0","0","0","2","0","2","0","0","0","3","03","","N","","","","","","","","","",""
"2022119581","1905","0","0","0","0","0","0","0","0","0","8","0","","67","9","2022","1","40.036378","-75.041521","1854","6","0","0","0","0","0","0","0","0","","0","0","0","18","1","1","N","0","0","40 02:10.959","","0","75 02:29.477","3","0","0","0","67301","1","0","0","N","1","0","0","1","67301","0","","1.0","","9","N","N","N","0","","1","0","1","0","0","","1841","2","1","0","0","0","0","0","2","0","1","1","0","0","7","07","","N","","","","","","","","","",""
"2022114677","1714","1","0","0","0","0","0","0","0","0","6","0","","67","12","2022","1","40.009186","-75.069012","1657","6","0","0","0","0","0","0","0","0","","0","0","0","15","1","1","","1","0","40 00:33.068","","0","75 04:08.444","8","0","0","0","67301","0","0","0","N","0","0","0","1","67301","0","","1.0","","1","N","N","N","0","","0","0","0","3","2","","1502","2","1","1","0","0","1","0","2","0","1","0","0","0","3","03","","N","","","","","","","","","",""
"2022088803","2142","1","0","0","0","0","0","0","0","0","4","0","","67","9","2022","1","40.008666","-75.068949","2142","6","0","0","0","0","0","0","0","0","","0","0","0","19","3","1","","1","0","40 00:31.197","","0","75 04:08.216","4","0","0","0","67301","0","0","0","N","0","0","0","2","67301","1","","1.0","","9","N","N","N","0","","0","0","1","3","2","","1942","2","1","0","0","0","0","0","2","0","2","0","0","0","7","","","N","","","","","","","","","",""
"2022098377","1836","2","0","0","0","0","0","0","0","0","5","0","","67","10","2022","2","39.940207","-75.200701","1836","6","0","0","0","0","0","0","0","0","","0","0","0","15","1","1","","2","0","39 56:24.746","","0","75 12:02.525","3","0","0","0","67301","0","0","0","N","0","0","0","2","67301","0","","1.0","","9","N","N","N","0","","1","0","0","0","0","","1530","2","1","2","0","0","0","1","2","0","2","0","0","0","4","04","","N","","","","","","","","","",""
"2022089216","0007","0","0","0","0","0","0","0","0","0","5","0","","67","9","2022","6","39.959888","-75.177914","0001","6","0","0","0","0","0","1","0","0","","0","0","0","23","3","4","N","0","2","39 57:35.597","4","3","75 10:40.491","4","0","0","0","67301","0","0","0","N","0","0","0","4","68K01","4","","1.0","23.0","1","N","N","N","0","","0","0","3","0","0","N","2351","3","4","0","0","0","0","0","2","0","3","0","0","0","3","","","N","","","","","","","","","",""
"2022097021","0213","1","0","0","0","0","0","0","0","0","5","0","","67","9","2022","7","39.972323","-75.248868","0208","6","0","0","0","0","0","0","0","0","","0","0","0","18","1","1","","1","0","39 58:20.364","","0","75 14:55.925","3","0","0","0","67301","0","0","0","N","0","0","0","2","67301","0","","1.0","","1","N","N","N","0","","1","0","1","3","2","","1813","2","1","0","0","0","0","0","2","0","2","0","0","0","3","03","","N","","","","","","","","","",""
"2022103697","1631","5","0","0","0","0","0","0","0","0","1","1","","67","10","2022","2","39.973237","-75.212226","1612","6","0","0","0","0","0","1","0","0","","0","1","0","16","1","4","","1","0","39 58:23.653","","0","75 12:44.012","8","0","0","0","67301","0","0","0","N","0","0","0","8","67301","0","","1.0","","1","N","N","N","0","","0","0","0","3","2","","1611","7","4","2","0","0","4","1","2","1","7","0","0","0","4","04","","N","","","","","","","","","",""
"2022088271","1104","1","0","0","0","0","0","0","0","0","8","0","","67","9","2022","4","39.933324","-75.180645","1104","6","0","0","0","0","0","0","0","0","","0","0","0","10","1","1","","1","0","39 55:59.968","","0","75 10:50.323","4","0","0","0","67301","1","0","0","N","1","0","0","2","67301","1","","1.0","","1","N","N","N","0","","0","0","0","0","0","","1019","2","1","1","0","0","0","0","2","0","1","1","0","0","3","03","","N","","","","","","","","","",""
"2022091073","2056","1","0","0","0","0","0","0","0","0","5","0","","67","9","2022","6","40.01","-75.120417","2037","6","0","0","0","0","0","0","0","0","","0","0","0","19","2","0","N","0","0","40 00:36.000","","0","75 07:13.500","9","0","0","0","67301","0","0","0","N","0","0","0","1","67301","0","","1.0","","9","N","N","N","0","","0","0","1","0","0","","1941","2","0","0","0","0","0","1","2","0","2","0","0","0","7","07","","N","","","","","","","","","",""
"2022086919","2357","1","0","0","0","0","0","0","0","0","5","0","","67","9","2022","1","40.035708","-75.016688","2337","6","0","0","0","0","0","0","0","0","","0","0","0","23","3","2","N","0","1","40 02:08.550","1","0","75 01:00.076","8","0","0","0","67301","0","0","0","N","0","0","0","2","68K01","0","","1.0","11.0","9","N","N","Y","1","","0","0","0","0","0","N","2337","2","2","0","0","0","2","0","2","0","2","0","0","0","7","","","N","","","","","","","","","",""
"2022105714","0212","0","0","0","0","0","0","0","0","0","7","0","","67","11","2022","3","39.957146","-75.156395","0212","6","0","0","0","0","0","0","0","0","","0","0","0","2","3","2","N","0","1","39 57:25.726","3","0","75 09:23.023","3","0","0","0","67301","0","0","0","N","0","0","0","2","68K01","0","","4.0","240.0","9","N","N","N","0","","2","0","1","0","0","N","212","1","2","1","0","0","0","0","2","0","1","0","0","0","7","","","N","","","","","","","","","",""
"2022083595","0037","1","0","0","0","0","0","0","0","0","7","0","","67","9","2022","6","40.080179","-75.06846","0034","6","0","0","0","0","0","0","0","0","","0","0","0","0","3","1","","1","0","40 04:48.645","","0","75 04:06.457","4","0","0","0","67301","0","0","0","N","0","0","0","2","67301","1","","4.0","","1","N","N","N","1","","0","0","0","3","2","","30","3","1","0","0","0","0","0","2","1","3","0","0","0","3","03","","N","","","","","","","","","",""
"2022087242","0202","0","0","0","0","0","0","0","0","0","1","0","","67","9","2022","5","39.978693","-75.157938","0200","6","0","0","0","0","0","0","0","0","","0","0","0","1","3","1","","1","0","39 58:43.293","","0","75 09:28.577","2","0","1","2","67301","0","0","0","N","0","0","0","2","67505","0","","1.0","","1","N","N","N","0","","0","1","0","3","2","","157","2","1","0","0","0","0","1","2","0","2","0","0","0","3","03","","N","","","","","","","","","",""
"2022098736","0010","1","0","0","0","0","0","0","0","0","2","0","","67","9","2022","3","40.006642","-75.147128","0000","6","0","0","1","0","0","0","0","0","","0","0","0","0","3","0","N","0","0","40 00:23.910","","0","75 08:49.660","0","0","0","0","67301","0","0","0","N","0","0","0","1","67301","0","","1.0","","1","N","N","N","0","","0","0","4","0","0","","0","5","0","0","0","0","0","0","2","0","5","0","0","0","3","03","","N","","","","","","","","","",""
"2022102778","0818","1","0","0","0","0","0","0","0","0","1","0","","67","9","2022","5","39.939972","-75.143494","0818","6","0","0","0","0","0","0","0","0","","0","0","0","8","1","2","N","0","2","39 56:23.899","2","2","75 08:36.577","8","0","0","0","67301","0","0","0","N","0","0","0","3","68K01","0","","1.0","845.0","1","N","N","N","0","","0","0","1","0","0","N","815","2","2","0","0","0","2","0","2","0","2","0","0","0","3","03","","N","","","","","","","","","",""
"2022103699","0915","2","0","0","0","0","0","0","0","0","4","0","","67","9","2022","3","40.025464","-75.123484","0913","6","0","0","0","0","0","0","1","0","","0","0","0","8","1","0","","1","0","40 01:31.670","","0","75 07:24.541","0","0","0","0","67301","0","0","0","N","0","0","0","3","67301","0","","1.0","","1","N","N","N","0","","0","0","1","3","1","","850","3","0","0","0","0","0","0","2","0","3","0","0","0","3","03","","N","","","","","","","","","",""
"2022091616","1727","1","0","0","0","0","0","0","0","0","5","0","","67","9","2022","7","39.978043","-75.201714","1713","6","0","0","0","0","0","1","0","0","","0","0","0","17","1","0","N","0","1","39 58:40.953","4","0","75 12:06.171","0","0","0","0","67301","0","0","0","N","0","0","0","2","68K01","0","","1.0","1810.0","1","N","N","N","0","","0","0","1","0","0","N","1710","2","0","0","0","0","0","0","2","0","2","0","0","0","3","03","","N","","","","","","","","","",""
"2022081859","0414","2","0","0","0","0","0","0","0","0","5","0","","67","8","2022","7","40.009526","-75.140791","0409","6","0","0","0","0","1","0","0","0","","0","0","0","3","3","0","","1","0","40 00:34.293","","0","75 08:26.847","0","0","0","0","67301","0","0","0","N","0","0","0","3","67301","0","","1.0","","1","N","N","Y","0","","0","0","2","3","3","","355","4","0","3","0","0","0","0","2","0","4","0","0","0","3","","","N","","","","","","","","","",""
"2022103087","1120","1","0","0","0","0","0","1","0","0","5","1","","67","10","2022","3","39.979037","-75.216833","1050","6","0","0","0","0","0","1","0","0","","0","0","0","10","1","1","","2","0","39 58:44.533","","0","75 13:00.598","4","0","0","0","67301","0","0","0","N","0","0","0","3","67508","1","","1.0","","1","N","N","Y","0","","0","0","0","0","0","","1050","2","1","0","0","0","0","0","2","0","2","0","0","0","3","03","","N","","","","","","","","","",""
"2022089341","1629","1","0","0","0","0","0","0","0","0","4","0","","67","9","2022","2","40.054742","-75.004806","1629","6","0","1","0","0","0","0","1","0","","0","0","0","12","1","0","","1","0","40 03:17.072","","0","75 00:17.300","9","0","0","0","67301","0","0","0","N","0","0","0","2","67301","0","","1.0","","1","N","N","N","0","","0","0","0","3","2","","1230","2","0","1","0","0","0","1","2","1","2","0","0","0","3","03","","N","","","","","","","","","",""
"2022089340","1527","0","0","0","0","0","0","0","0","0","1","0","","67","9","2022","3","40.107786","-74.996433","1512","6","0","0","0","0","0","1","0","0","","0","0","0","15","1","1","N","0","1","40 06:28.031","4","3","74 59:47.159","3","0","0","0","67301","0","0","0","N","0","0","0","3","67301","0","","1.0","100.0","1","N","N","N","1","","1","0","2","0","0","Y","1507","3","1","3","0","0","0","0","2","0","3","0","0","0","3","03","","N","","","","","","","","","",""
"2022087666","0401","1","0","0","0","0","0","0","0","0","1","0","","67","9","2022","6","39.908722","-75.150139","0400","6","0","0","0","0","0","0","1","0","","0","0","0","4","3","1","N","0","2","39 54:31.400","3","3","75 09:00.500","3","0","0","0","67301","0","0","0","N","0","0","0","2","67501","0","","1.0","427.0","1","N","N","N","0","","1","0","0","0","0","N","400","2","1","0","0","0","0","0","2","1","2","0","0","0","3","","","N","","","","","","","","","",""
"2022114292","0825","0","0","0","0","0","0","0","0","0","3","1","","67","11","2022","4","39.945778","-75.194917","0822","6","0","0","0","0","0","0","1","0","","0","1","0","8","1","0","N","0","1","39 56:44.800","4","0","75 11:41.700","0","0","0","0","67301","0","0","0","N","0","0","0","2","67504","0","","1.0","835.0","9","N","N","N","0","","0","0","1","0","0","Y","820","2","0","0","0","0","0","0","2","0","2","0","0","0","3","07","","N","","","","","","","","","",""
"2022087246","1600","0","0","0","0","0","0","0","0","0","4","0","","67","9","2022","3","40.001422","-75.151546","1555","6","0","0","0","0","0","0","0","0","","0","0","0","15","1","1","","1","0","40 00:05.120","","0","75 09:05.565","3","0","0","0","67301","0","0","0","N","0","0","0","2","67301","0","","1.0","","1","N","N","N","0","","1","0","2","3","3","","1545","2","1","1","0","0","0","0","2","0","2","0","0","0","3","03","","N","","","","","","","","","",""
"2022097355","1736","1","0","0","0","0","0","0","0","0","1","0","","67","9","2022","1","40.022204","-75.038627","1722","6","0","0","0","0","0","0","0","0","","0","0","0","17","1","1","N","0","0","40 01:19.934","","0","75 02:19.056","3","0","0","0","67301","0","0","0","N","0","0","0","2","68K01","0","","1.0","","9","N","N","N","0","","1","0","0","0","0","","1721","2","1","0","0","0","0","0","2","1","2","0","0","0","7","04","","N","","","","","","","","","",""