"CRN","ARRIVAL_TM","AUTOMOBILE_COUNT","BELTED_DEATH_COUNT","BELTED_SUSP_SERIOUS_INJ_COUNT","BICYCLE_COUNT","BICYCLE_DEATH_COUNT","BICYCLE_SUSP_SERIOUS_INJ_COUNT","BUS_COUNT","CHLDPAS_DEATH_COUNT","CHLDPAS_SUSP_SERIOUS_INJ_COUNT","COLLISION_TYPE","COMM_VEH_COUNT","CONS_ZONE_SPD_LIM","COUNTY","CRASH_MONTH","CRASH_YEAR","DAY_OF_WEEK","DEC_LATITUDE","DEC_LONGITUDE","DISPATCH_TM","DISTRICT","DRIVER_COUNT_16YR","DRIVER_COUNT_17YR","DRIVER_COUNT_18YR","DRIVER_COUNT_19YR","DRIVER_COUNT_20YR","DRIVER_COUNT_50_64YR","DRIVER_COUNT_65_74YR","DRIVER_COUNT_75PLUS","EST_HRS_CLOSED","FATAL_COUNT","HEAVY_TRUCK_COUNT","HORSE_BUGGY_COUNT","HOUR_OF_DAY","ILLUMINATION","INJURY_COUNT","INTERSECTION_RELATED","INTERSECT_TYPE","LANE_CLOSED","LATITUDE","LN_CLOSE_DIR","LOCATION_TYPE","LONGITUDE","MAX_SEVERITY_LEVEL","MCYCLE_DEATH_COUNT","MCYCLE_SUSP_SERIOUS_INJ_COUNT","MOTORCYCLE_COUNT","MUNICIPALITY","NONMOTR_COUNT","NONMOTR_DEATH_COUNT","NONMOTR_SUSP_SERIOUS_INJ_COUNT","NTFY_HIWY_MAINT","PED_COUNT","PED_DEATH_COUNT","PED_SUSP_SERIOUS_INJ_COUNT","PERSON_COUNT","POLICE_AGCY","POSSIBLE_INJ_COUNT","RDWY_SURF_TYPE_CD","RELATION_TO_ROAD","ROADWAY_CLEARED","ROAD_CONDITION","SCH_BUS_IND","SCH_ZONE_IND","SECONDARY_CRASH","SMALL_TRUCK_COUNT","SPEC_JURIS_CD","SUSP_MINOR_INJ_COUNT","SUSP_SERIOUS_INJ_COUNT","SUV_COUNT","TCD_FUNC_CD","TCD_TYPE","TFC_DETOUR_IND","TIME_OF_DAY","TOTAL_UNITS","TOT_INJ_COUNT","UNBELTED_OCC_COUNT","UNB_DEATH_COUNT","UNB_SUSP_SERIOUS_INJ_COUNT","UNK_INJ_DEG_COUNT","UNK_INJ_PER_COUNT","URBAN_RURAL","VAN_COUNT","VEHICLE_COUNT","VULNERABLE_ROAD_USER_COUNT","VULNERABLE_ROAD_USER_DEATH_COUNT","VULNERABLE_ROAD_USER_SER_INJ_COUNT","WEATHER1","WEATHER2","WORKERS_PRES","WORK_ZONE_IND","WORK_ZONE_LOC","WORK_ZONE_TYPE","WZ_CLOSE_DETOUR","WZ_FLAGGER","WZ_LAW_OFFCR_IND","WZ_LN_CLOSURE","WZ_MOVING","WZ_OTHER","WZ_SHLDER_MDN","WZ_WORKERS_INJ_KILLED"
"2022104957","1140","0","0","0","0","0","0","0","0","0","5","2","45","67","11","2022","6","40.011831","-75.060132","1120","6","0","0","0","0","0","0","0","0","","0","2","0","9","1","2","N","0","1","40 00:42.591","1","3","75 03:36.474","3","0","0","0","67301","0","0","0","N","0","0","0","4","67301","0","","1.0","1230.0","1","N","N","N","0","","2","0","0","3","8","N","950","2","2","0","0","0","0","1","2","0","2","0","0","0","3","03","N","Y","8","1","N","N","N","N","N","Y","N","N"
"2022104386","2025","1","0","0","0","0","0","0","0","0","5","1","","67","11","2022","5","40.104976","-75.001716","2014","6","0","0","0","0","0","0","1","0","","0","1","0","17","1","2","","2","0","40 06:17.915","","0","75 00:06.177","8","0","0","0","67301","0","0","0","N","0","0","0","3","67301","0","","1.0","","1","N","N","N","0","","0","0","0","3","2","","1715","2","2","0","0","0","2","0","2","0","2","0","0","0","3","","","N","","","","","","","","","",""
"2022091246","1655","0","0","0","0","0","0","0","0","0","1","0","","67","9","2022","7","40.022975","-75.03628","1643","6","0","0","0","0","1","0","0","0","","0","0","0","16","1","0","N","0","1","40 01:22.709","2","0","75 02:10.609","0","0","0","1","67301","0","0","0","N","0","0","0","5","68K01","0","","1.0","1743.0","1","N","N","N","0","","0","0","1","3","8","N","1643","2","0","0","0","0","0","0","2","0","2","0","0","0","3","03","","N","","","","","","","","","",""
"2022114690","1928","0","0","0","0","0","0","0","0","0","7","0","","67","12","2022","7","40.019251","-75.191047","1926","6","0","0","0","0","0","0","0","0","","0","0","0","19","3","1","N","0","2","40 01:09.304","2","0","75 11:27.768","4","0","0","0","67301","0","0","0","N","0","0","0","1","67301","1","","5.0","2022.0","9","N","N","N","0","","0","0","1","0","0","Y","1925","1","1","0","0","0","0","0","2","0","1","0","0","0","7","04","","N","","","","","","","","","",""
"2022115925","0253","0","0","0","0","0","0","0","0","0","7","0","","67","12","2022","1","40.019709","-75.210619","0243","6","0","0","0","0","0","0","0","0","","0","0","0","2","3","0","","1","0","40 01:10.951","","0","75 12:38.228","0","0","0","0","67301","0","0","0","N","0","0","0","1","67301","0","","5.0","","1","N","N","N","0","","0","0","1","2","2","","242","1","0","0","0","0","0","0","2","0","1","0","0","0","3","03","","N","","","","","","","","","",""
"2022088597","0810","2","0","0","0","0","0","0","0","0","4","0","","67","9","2022","2","40.058751","-75.050583","0805","6","0","0","0","0","1","0","0","0","","0","0","0","7","1","1","","1","0","40 03:31.504","","0","75 03:02.099","4","0","0","0","67301","0","0","0","N","0","0","0","2","67301","1","","1.0","","1","N","N","N","0","","0","0","0","3","3","","751","2","1","0","0","0","0","0","2","0","2","0","0","0","3","03","","N","","","","","","","","","",""
"2022086918","2349","0","0","0","0","0","0","0","0","0","7","0","","67","9","2022","1","40.035966","-75.016105","2334","6","0","0","0","0","0","0","0","0","","0","0","0","23","3","1","N","0","1","40 02:09.479","1","0","75 00:57.979","8","0","0","0","67301","0","0","0","N","0","0","0","1","68K01","0","","2.0","11.0","9","N","N","Y","1","","0","0","0","0","0","N","2332","1","1","0","0","0","1","0","2","0","1","0","0","0","7","","","N","","","","","","","","","",""
"2022100200","","2","0","0","0","0","0","0","0","0","1","0","","67","8","2022","3","","","","6","0","0","0","0","0","0","0","1","","0","0","0","15","1","1","","1","0","","","0","","8","0","0","0","67301","0","0","0","N","0","0","0","2","00000","0","","1.0","","1","","","N","0","","0","0","0","3","2","","1500","2","1","1","0","0","1","0","1","0","2","0","0","0","3","","","N","","","","","","","","","",""
"2022116339","0753","0","0","0","0","0","0","0","0","0","4","0","","67","12","2022","4","40.044017","-75.075397","0746","6","0","0","0","0","0","1","0","0","","0","0","0","7","1","1","","1","0","40 02:38.461","","0","75 04:31.429","3","0","0","0","67301","0","0","0","N","0","0","0","3","67301","0","","1.0","","9","N","N","N","0","","1","0","2","3","3","","740","2","1","0","0","0","0","0","2","0","2","0","0","0","4","07","","N","","","","","","","","","",""
"2022083130","1934","1","0","0","0","0","0","0","0","0","5","0","","67","9","2022","7","40.002046","-75.152827","1930","6","0","0","0","0","0","0","0","0","","0","0","0","19","4","1","N","0","1","40 00:07.365","2","0","75 09:10.176","8","0","0","1","67301","0","0","0","N","0","0","0","2","67505","0","","1.0","1945.0","1","N","N","N","0","","0","0","0","0","0","N","1930","2","1","1","0","0","1","0","2","0","2","0","0","0","3","03","","N","","","","","","","","","",""
"2022119164","1904","1","0","0","0","0","0","0","0","0","5","0","","67","11","2022","3","39.899681","-75.163275","1855","6","0","0","0","0","0","0","0","1","","0","0","0","18","3","1","N","0","1","39 53:58.852","2","0","75 09:47.790","4","0","0","0","67301","0","0","0","N","0","0","0","3","68K01","1","","1.0","1950.0","1","N","N","N","0","","0","0","1","0","0","N","1854","2","1","0","0","0","0","0","2","0","2","0","0","0","3","","","N","","","","","","","","","",""
"2022119281","1751","1","0","0","0","0","0","0","0","0","8","0","","67","12","2022","5","39.94917","-75.241405","1746","6","0","0","0","0","0","0","0","0","","0","0","0","17","3","1","","1","0","39 56:57.011","","0","75 14:29.057","3","0","0","0","67301","1","0","0","N","1","0","0","2","67301","0","","1.0","","9","N","N","N","0","","1","0","0","3","3","","1746","2","1","0","0","0","0","0","2","0","1","1","0","0","7","","","N","","","","","","","","","",""
"2022112902","","0","0","0","0","0","0","0","0","0","2","0","","67","10","2022","6","40.004944","-75.15425","","6","0","0","0","0","0","1","0","0","","0","0","0","8","1","1","N","0","0","40 00:17.800","","0","75 09:15.300","8","0","0","0","67301","0","0","0","N","0","0","0","2","00000","0","","1.0","","1","","","N","0","","0","0","1","0","0","","800","2","1","0","0","0","1","0","2","0","2","0","0","0","3","","","N","","","","","","","","","",""
"2022088193","0234","1","0","0","0","0","0","0","0","0","7","0","","67","9","2022","7","40.058267","-75.090852","0225","6","0","0","0","0","0","0","0","0","","0","0","0","2","3","0","","2","0","40 03:29.761","","0","75 05:27.067","0","0","0","0","67301","0","0","0","N","0","0","0","2","67301","0","","5.0","","1","N","N","N","0","","0","0","0","3","3","","223","1","0","0","0","0","0","0","2","0","1","0","0","0","3","","","N","","","","","","","","","",""
"2022072477","1936","1","0","0","0","0","0","0","0","0","4","0","","67","8","2022","7","40.020881","-75.1486","1936","6","0","0","0","1","0","0","0","0","","0","0","0","13","1","1","","2","0","40 01:15.173","","0","75 08:54.961","8","0","0","0","67301","0","0","0","N","0","0","0","2","67301","0","","1.0","","1","N","N","N","0","","0","0","1","0","0","","1300","2","1","0","0","0","1","1","2","0","2","0","0","0","3","03","","N","","","","","","","","","",""
"2022078366","2232","0","0","0","0","0","0","0","0","0","1","0","","67","8","2022","5","40.010868","-75.164805","2232","6","0","0","0","0","0","0","0","0","","0","0","0","22","3","1","N","0","0","40 00:39.124","","0","75 09:53.299","2","0","0","0","67301","0","0","0","N","0","0","0","1","67301","0","","6.0","","1","N","N","N","0","","0","1","3","0","0","","2232","3","1","0","0","0","0","0","2","0","3","0","0","0","3","03","","N","","","","","","","","","",""
"2022086965","2327","1","0","0","0","0","0","1","0","0","1","1","","67","8","2022","3","39.988041","-75.105912","2322","6","0","0","0","0","0","0","0","0","","0","0","0","23","3","1","","1","0","39 59:16.946","","0","75 06:21.283","4","0","0","0","67301","0","0","0","N","0","0","0","2","67508","1","","1.0","","1","N","N","Y","0","","0","0","0","3","2","","2322","2","1","0","0","0","0","0","2","0","2","0","0","0","3","03","","N","","","","","","","","","",""
"2022084467","0804","0","0","0","0","0","0","0","0","0","7","0","","67","8","2022","2","39.987278","-75.088139","0755","6","0","0","0","0","0","0","0","0","","0","0","0","7","1","1","","3","0","39 59:14.200","","2","75 05:17.300","3","0","0","0","67301","0","0","0","N","0","0","0","1","68K01","0","","4.0","","1","N","N","N","0","","1","0","0","0","0","","753","1","1","0","0","0","0","0","2","1","1","0","0","0","3","","","N","","","","","","","","","",""
"2022115929","1340","4","0","0","0","0","0","0","0","0","1","0","","67","12","2022","3","40.079917","-75.027103","1331","6","0","0","0","1","0","0","0","0","","0","0","0","13","1","1","N","0","1","40 04:47.701","3","0","75 01:37.572","4","0","0","0","67301","0","0","0","N","0","0","0","4","67301","1","","1.0","30.0","9","N","N","N","0","","0","0","0","0","0","N","1317","4","1","4","0","0","0","0","2","0","4","0","0","0","7","07","","N","","","","","","","","","",""
"2022105487","1846","1","0","0","0","0","0","0","0","0","4","0","","67","11","2022","4","40.030254","-75.145952","1845","6","0","0","0","0","0","0","0","0","","0","0","0","17","4","1","","1","0","40 01:48.914","","0","75 08:45.427","4","0","0","0","67301","0","0","0","N","0","0","0","2","67301","1","","1.0","","1","N","N","N","0","","0","0","1","3","2","","1724","2","1","1","0","0","0","0","2","0","2","0","0","0","3","03","","N","","","","","","","","","",""
"2022117892","2059","2","0","0","0","0","0","0","0","0","4","1","","67","12","2022","7","40.005443","-75.107331","2059","6","0","0","0","0","0","0","0","0","","0","1","0","20","3","0","","2","0","40 00:19.593","","0","75 06:26.392","9","0","0","0","67301","0","0","0","N","0","0","0","2","67301","0","","1.0","","1","N","N","Y","0","","0","0","0","0","0","","2045","3","0","0","0","0","0","2","2","0","3","0","0","0","3","03","","N","","","","","","","","","",""
"2022089538","1749","0","0","0","0","0","0","0","0","0","4","0","","67","9","2022","2","40.047504","-75.142902","1731","6","0","0","0","0","0","0","1","0","","0","0","0","13","1","3","","1","0","40 02:51.013","","0","75 08:34.447","3","0","0","0","67301","0","0","0","N","0","0","0","4","67301","0","","1.0","","1","N","N","N","0","","3","0","2","3","2","","1330","2","3","0","0","0","0","1","2","0","2","0","0","0","3","","","N","","","","","","","","","",""
"2022110722","","2","0","0","0","0","0","0","0","0","1","0","","67","11","2022","5","40.021542","-75.139806","","6","0","0","0","0","0","0","0","0","","0","0","0","12","1","1","","1","0","40 01:17.552","","0","75 08:23.303","8","0","0","0","67301","0","0","0","N","0","0","0","2","00000","0","","1.0","","1","","","N","0","","0","0","0","3","2","","1210","2","1","2","0","0","1","0","2","0","2","0","0","0","3","","","N","","","","","","","","","",""
"2022089410","1630","1","0","0","0","0","0","0","0","0","4","0","","67","9","2022","2","39.96301","-75.158413","1628","6","0","0","0","0","0","0","0","0","","0","0","0","16","1","0","","1","1","39 57:46.836","1","0","75 09:30.286","0","0","0","0","67301","0","0","0","N","0","0","0","2","67301","0","","1.0","100.0","1","N","N","N","0","","0","0","1","0","0","N","1620","2","0","2","0","0","0","0","2","0","2","0","0","0","3","03","","N","","","","","","","","","",""
"2022119036","2340","0","0","0","0","0","0","0","0","0","4","0","","67","12","2022","1","40.029864","-75.153214","2340","6","0","0","0","0","0","0","0","1","","0","0","0","20","3","1","N","0","0","40 01:47.510","","0","75 09:11.570","3","0","0","0","67301","0","0","0","N","0","0","0","2","67301","0","","1.0","","99","N","N","N","0","","1","0","2","0","0","","2048","2","1","0","0","0","0","0","2","0","2","0","0","0","3","","","N","","","","","","","","","",""
"2022092923","1535","2","0","0","0","0","0","0","0","0","1","0","","67","9","2022","7","39.986071","-75.249416","1535","6","0","0","0","0","0","0","0","0","","0","0","0","14","1","1","","3","0","39 59:09.855","","0","75 14:57.896","4","0","0","0","67301","0","0","0","N","0","0","0","3","67301","1","","1.0","","1","N","N","N","0","","0","0","1","0","0","","1420","3","1","0","0","0","0","2","2","0","3","0","0","0","3","03","","N","","","","","","","","","",""
"2022118589","2041","2","0","0","0","0","0","0","0","0","1","0","","67","12","2022","3","39.918137","-75.209752","2039","6","0","0","0","0","0","0","0","0","","0","0","0","20","3","2","N","0","0","39 55:05.294","","0","75 12:35.106","3","0","0","0","67301","0","0","0","N","0","0","0","6","67301","1","","1.0","","1","N","N","N","0","","1","0","0","0","0","","2025","2","2","0","0","0","0","0","2","0","2","0","0","0","3","03","","N","","","","","","","","","",""
"2022089779","1528","0","0","0","0","0","0","0","0","0","8","0","","67","9","2022","7","39.956334","-75.195617","1528","6","0","0","0","0","0","0","0","0","","0","0","0","15","1","1","","2","0","39 57:22.801","","0","75 11:44.221","2","0","0","0","67301","1","0","1","N","1","0","1","2","67504","0","","1.0","","1","N","N","N","0","","0","1","1","3","2","","1523","2","1","0","0","0","0","0","2","0","1","1","0","1","3","03","","N","","","","","","","","","",""
"2022112909","","1","0","0","0","0","0","0","0","0","1","0","","67","11","2022","1","40.131656","-75.0122","","6","0","0","0","0","0","0","0","0","","0","0","0","9","1","1","","1","0","40 07:53.962","","0","75 00:43.919","8","0","0","0","67301","0","0","0","N","0","0","0","2","00000","0","","1.0","","1","","","N","1","","0","0","0","3","2","","900","2","1","0","0","0","1","0","2","0","2","0","0","0","3","","","N","","","","","","","","","",""
"2022096956","1338","0","0","0","0","0","0","0","0","0","4","0","","67","9","2022","2","40.003361","-75.220559","1338","6","0","0","0","0","0","1","0","0","","0","0","0","13","1","1","N","0","1","40 00:12.098","2","0","75 13:14.011","3","0","0","0","67301","0","0","0","N","0","0","0","3","68K01","0","","1.0","20.0","1","N","N","N","0","","1","0","2","0","0","N","1337","2","1","0","0","0","0","0","2","0","2","0","0","0","3","","","N","","","","","","","","","",""
"2022117629","0009","0","0","0","0","0","0","0","0","0","7","1","","67","11","2022","4","39.960005","-75.179783","0009","6","0","0","0","0","0","0","0","0","","0","1","0","0","3","0","","7","1","39 57:36.017","4","2","75 10:47.219","0","0","0","0","67301","0","0","0","N","0","0","0","1","68K01","0","","4.0","150.0","9","N","N","N","0","","0","0","0","0","0","N","8","1","0","0","0","0","0","0","2","0","1","0","0","0","7","","","N","","","","","","","","","",""
"2022118496","2228","1","0","0","0","0","0","0","0","0","7","0","","67","11","2022","3","39.935986","-75.199622","2220","6","0","0","0","0","0","0","0","0","","0","0","0","22","3","0","N","0","1","39 56:09.549","4","0","75 11:58.640","0","0","0","0","67301","0","0","0","N","0","0","0","1","68K01","0","","4.0","2235.0","1","N","N","N","0","","0","0","0","0","0","N","2214","1","0","0","0","0","0","0","2","0","1","0","0","0","3","","","N","","","","","","","","","",""
"2022117622","0103","0","0","0","0","0","0","0","0","0","7","0","","67","11","2022","2","39.890886","-75.238453","0049","6","0","0","0","0","0","0","0","0","","0","0","0","0","3","0","N","0","0","39 53:27.191","","0","75 14:18.429","0","0","0","0","67301","0","0","0","N","0","0","0","1","68K01","0","","4.0","","1","N","N","N","0","","0","0","1","0","0","","37","1","0","0","0","0","0","0","2","0","1","0","0","0","3","","","N","","","","","","","","","",""
"2022110735","","0","0","0","0","0","0","0","0","0","1","0","","67","11","2022","6","40.055325","-75.07335","","6","0","0","0","0","1","0","0","0","","0","0","0","18","1","1","","1","0","40 03:19.170","","0","75 04:24.060","8","0","0","0","67301","0","0","0","N","0","0","0","2","00000","0","","1.0","","1","","","N","0","","0","0","1","3","2","","1800","2","1","0","0","0","1","0","2","0","2","0","0","0","3","","","N","","","","","","","","","",""
"2022118953","0838","1","0","0","0","0","0","0","0","0","1","0","","67","12","2022","2","39.90747","-75.149675","0824","6","0","0","0","0","0","0","0","0","","0","0","0","8","1","0","","6","0","39 54:26.891","","2","75 08:58.831","0","0","0","0","67301","0","0","0","N","0","0","0","2","68K01","0","","1.0","","1","N","N","N","0","","0","0","1","0","0","","821","2","0","0","0","0","0","0","2","0","2","0","0","0","3","","","N","","","","","","","","","",""
"2022115620","","0","0","0","0","0","0","0","0","0","1","0","","67","11","2022","4","40.039551","-75.045818","","6","0","0","0","0","0","0","0","0","","0","0","0","7","1","1","","1","0","40 02:22.384","","0","75 02:44.945","8","0","0","0","67301","0","0","0","N","0","0","0","2","00000","0","","1.0","","1","","","N","0","","0","0","0","3","2","","730","2","1","0","0","0","1","0","2","1","2","0","0","0","3","","","N","","","","","","","","","",""
"2022090302","1836","0","0","0","0","0","0","0","0","0","4","0","","67","9","2022","5","39.968093","-75.156346","1835","6","0","0","0","0","0","1","0","0","","0","0","0","18","4","1","","1","0","39 58:05.134","","0","75 09:22.845","4","0","0","0","67301","0","0","0","N","0","0","0","2","67301","1","","1.0","","1","N","N","N","0","","0","0","1","3","3","","1830","2","1","0","0","0","0","1","2","0","2","0","0","0","4","04","","N","","","","","","","","","",""
"2022112260","2004","0","0","0","0","0","0","0","0","0","8","0","","67","11","2022","6","39.991519","-75.226575","2004","6","0","0","0","0","0","1","0","0","","0","0","0","18","3","1","","1","0","39 59:29.470","","0","75 13:35.669","3","0","0","0","67301","1","0","0","N","1","0","0","2","67301","0","","1.0","","8","N","N","N","0","","1","0","1","3","2","","1840","2","1","0","0","0","0","0","2","0","1","1","0","0","7","04","","N","","","","","","","","","",""
"2022118595","0456","1","0","0","0","0","0","0","0","0","4","0","","67","12","2022","1","39.943238","-75.177383","0453","6","0","0","0","0","0","0","0","0","","0","0","0","4","3","1","","1","0","39 56:35.658","","0","75 10:38.579","8","0","0","0","67301","0","0","0","N","0","0","0","2","67301","0","","1.0","","1","N","N","N","0","","0","0","0","3","3","","450","2","1","1","0","0","1","0","2","1","2","0","0","0","3","","","N","","","","","","","","","",""
"2022115840","2359","0","0","0","0","0","0","0","0","0","1","1","","67","11","2022","4","39.933843","-75.199949","2353","6","0","0","1","0","0","0","1","0","","0","1","0","23","3","0","N","0","1","39 56:01.835","4","0","75 11:59.818","9","0","0","0","67301","0","0","0","N","0","0","0","3","68K01","0","","1.0","140.0","1","N","N","N","0","","0","0","0","0","0","N","2348","3","0","1","0","0","0","1","2","1","3","0","0","0","3","03","","N","","","","","","","","","",""
"2022088962","1050","1","0","0","0","0","0","0","0","0","1","0","","67","9","2022","7","40.072143","-75.012958","1043","6","0","0","0","0","0","0","0","0","","0","0","0","10","1","1","","1","1","40 04:19.713","4","0","75 00:46.648","3","0","0","0","67301","0","0","0","N","0","0","0","4","67301","0","","1.0","20.0","1","N","N","N","0","","1","0","1","3","2","N","1035","2","1","1","0","0","0","0","2","0","2","0","0","0","3","03","","N","","","","","","","","","",""
"2022117418","0559","2","0","0","0","0","0","0","0","0","7","0","","67","12","2022","1","40.073584","-75.178273","0555","6","0","0","0","0","0","0","0","0","","0","0","0","5","3","1","N","0","1","40 04:24.903","6","0","75 10:41.781","3","0","0","0","67301","0","0","0","N","0","0","0","1","67301","0","","5.0","800.0","1","N","N","N","0","","1","0","0","0","0","Y","545","2","1","0","0","0","0","0","2","0","2","0","0","0","4","","","N","","","","","","","","","",""
"2022089991","1631","0","0","0","1","0","0","0","0","0","8","0","","67","9","2022","2","39.973433","-75.194558","1621","6","0","0","0","0","0","0","1","0","","0","0","0","16","1","1","N","0","0","39 58:24.360","","0","75 11:40.410","3","0","0","0","67301","1","0","0","N","0","0","0","2","67301","0","","1.0","","1","N","N","N","0","","1","0","1","0","0","","1614","2","1","0","0","0","0","0","2","0","1","1","0","0","3","03","","N","","","","","","","","","",""
"2022089046","1401","0","0","0","0","0","0","0","0","0","8","0","","67","9","2022","7","39.986187","-75.167994","1401","6","0","0","0","0","0","1","0","0","","0","0","0","14","1","1","","1","0","39 59:10.273","","0","75 10:04.778","3","0","0","0","67301","1","0","0","N","1","0","0","2","67301","0","","1.0","","1","N","N","N","0","","1","0","1","3","1","","1401","2","1","0","0","0","0","0","2","0","1","1","0","0","3","03","","N","","","","","","","","","",""
"2022118594","1130","0","0","0","0","0","0","0","0","0","4","1","","67","12","2022","2","40.054093","-75.049043","1120","6","0","0","0","0","0","1","1","0","","0","1","0","11","1","2","","1","2","40 03:14.734","1","0","75 02:56.553","2","0","0","0","67301","0","0","0","N","0","0","0","3","67301","0","","1.0","1335.0","1","N","N","N","1","","0","2","0","3","2","Y","1100","2","2","0","0","0","0","0","2","0","2","0","0","0","4","04","","N","","","","","","","","","",""
"2022114235","0940","2","0","0","0","0","0","0","0","0","4","0","","67","12","2022","7","40.049578","-75.095619","0937","6","0","0","0","0","0","0","0","0","","0","0","0","9","1","2","","1","0","40 02:58.479","","0","75 05:44.227","3","0","0","0","67301","0","0","0","N","0","0","0","2","67301","0","","1.0","","9","N","N","N","0","","2","0","0","9","2","","925","2","2","0","0","0","0","0","2","0","2","0","0","0","7","","","N","","","","","","","","","",""
"2022119273","1829","0","0","0","0","0","0","0","0","0","8","0","","67","12","2022","5","40.047164","-75.17435","1818","6","0","0","0","0","0","0","0","0","","0","0","0","18","3","1","N","0","0","40 02:49.790","","0","75 10:27.660","3","0","0","0","67301","1","0","0","N","1","0","0","1","67301","0","","1.0","","9","N","N","N","0","","1","0","0","0","0","","1800","2","1","0","0","0","0","0","2","0","1","1","0","0","7","07","","N","","","","","","","","","",""
"2022088522","1017","1","0","0","0","0","0","0","0","0","6","0","","67","9","2022","1","40.007816","-75.085406","1012","6","0","0","0","0","0","0","0","0","","0","0","0","9","1","0","N","0","0","40 00:28.139","","0","75 05:07.461","9","0","0","0","67301","0","0","0","N","0","0","0","1","67301","0","","6.0","","99","N","N","N","0","","0","0","1","0","0","","910","2","0","0","0","0","0","1","2","0","2","0","0","0","99","03","","N","","","","","","","","","",""
"2022118312","1737","0","0","0","0","0","0","0","0","0","1","0","","67","12","2022","2","40.084293","-74.968633","1732","6","0","0","0","0","0","0","0","1","","0","0","0","16","3","1","N","0","0","40 05:03.454","","0","74 58:07.077","8","0","0","0","67301","0","0","0","N","0","0","0","3","67301","0","","1.0","","1","N","N","N","0","","0","0","2","0","0","","1651","2","1","0","0","0","1","0","2","0","2","0","0","0","3","03","","N","","","","","","","","","",""
"2022112920","","0","0","0","0","0","0","0","0","0","1","0","","67","11","2022","1","39.921349","-75.192829","","6","0","0","0","0","0","1","0","0","","0","0","0","14","1","1","N","0","0","39 55:16.856","","0","75 11:34.184","8","0","0","0","67301","0","0","0","N","0","0","0","2","00000","0","","1.0","","1","","","N","0","","0","0","2","0","0","","1440","2","1","1","0","0","1","0","2","0","2","0","0","0","3","","","N","","","","","","","","","",""
"2022118550","2352","2","0","0","0","0","0","0","0","0","4","0","","67","12","2022","2","40.048931","-74.997045","2348","6","0","0","0","0","0","1","0","0","","0","0","0","23","3","1","N","0","2","40 02:56.153","1","0","74 59:49.362","3","0","0","0","67301","0","0","0","N","0","0","0","3","68K01","0","","1.0","45.0","1","N","N","N","0","","1","0","0","0","0","N","2347","2","1","0","0","0","0","0","2","0","2","0","0","0","3","03","","N","","","","","","","","","",""
"2022090474","2230","0","0","0","1","0","1","0","0","0","8","0","","67","9","2022","1","39.953431","-75.163827","2230","6","0","0","0","0","0","0","0","0","","0","0","0","20","3","1","","3","0","39 57:12.352","","0","75 09:49.776","2","0","0","0","67301","1","0","1","N","0","0","0","2","67301","0","","1.0","","1","N","N","N","0","","0","1","1","3","2","","2007","2","1","0","0","0","0","0","2","0","1","1","0","1","99","","","N","","","","","","","","","",""
"2022115371","2131","1","0","0","0","0","0","0","0","0","7","0","","67","11","2022","1","40.038277","-75.010637","2116","6","0","0","0","0","0","0","0","0","","0","0","0","21","3","0","N","0","0","40 02:17.796","","0","75 00:38.292","0","0","0","0","67301","0","0","0","N","0","0","0","1","68K01","0","","2.0","","9","N","N","N","0","","0","0","0","0","0","","2114","1","0","0","0","0","0","0","2","0","1","0","0","0","7","07","","N","","","","","","","","","",""
"2022093658","0555","1","0","0","0","0","0","0","0","0","7","0","25","67","9","2022","4","39.978706","-75.09767","0555","6","0","1","0","0","0","0","0","0","","0","0","0","5","1","2","","11","0","39 58:43.342","","0","75 05:51.613","4","0","0","0","67301","0","0","0","N","0","0","0","2","67301","2","","4.0","","1","N","N","N","0","","0","0","0","0","0","","550","2","2","1","0","0","0","0","2","0","1","0","0","0","3","03","N","Y","1","1","N","N","N","Y","N","N","N","N"
"2022089313","1850","2","0","0","0","0","0","0","0","0","4","1","","67","9","2022","3","39.955809","-75.225742","1849","6","0","0","0","0","0","0","0","0","","0","1","0","16","3","1","","1","0","39 57:20.911","","0","75 13:32.672","3","0","0","0","67301","0","0","0","N","0","0","0","3","67301","0","","1.0","","1","N","N","Y","0","","1","0","0","3","2","","1645","3","1","0","0","0","0","1","2","0","3","0","0","0","3","03","","N","","","","","","","","","",""
"2022117431","0851","0","0","0","0","0","0","0","0","0","7","0","","67","12","2022","1","40.015229","-75.169953","0848","6","0","0","0","0","0","0","0","0","","0","0","0","6","2","0","","1","0","40 00:54.823","","0","75 10:11.829","9","0","0","0","67301","0","0","0","N","0","0","0","1","67301","0","","5.0","","1","N","Y","N","0","","0","0","1","3","2","","635","1","0","0","0","0","0","1","2","0","1","0","0","0","99","","","N","","","","","","","","","",""
"2022119572","0916","1","0","0","0","0","0","0","0","0","7","0","","67","12","2022","5","40.069211","-75.237733","0912","6","0","0","0","0","0","1","0","0","","0","0","0","9","1","0","N","0","2","40 04:09.160","5","0","75 14:15.840","9","0","0","0","67301","0","0","0","N","0","0","0","1","67301","0","","2.0","951.0","2","N","N","N","0","","0","0","0","0","0","Y","900","1","0","0","0","0","0","1","2","0","1","0","0","0","6","06","","N","","","","","","","","","",""
"2022097451","2130","0","0","0","0","0","0","0","0","0","8","0","","67","9","2022","2","40.020244","-75.114084","2116","6","0","0","0","0","0","0","0","0","","0","0","0","17","1","1","","1","0","40 01:12.880","","0","75 06:50.704","8","0","0","0","67301","1","0","0","N","1","0","0","2","67301","0","","1.0","","1","N","N","N","1","","0","0","0","3","2","","1714","2","1","0","0","0","1","0","2","0","1","1","0","0","3","03","","N","","","","","","","","","",""