"CRN","ARRIVAL_TM","AUTOMOBILE_COUNT","BELTED_DEATH_COUNT","BELTED_SUSP_SERIOUS_INJ_COUNT","BICYCLE_COUNT","BICYCLE_DEATH_COUNT","BICYCLE_SUSP_SERIOUS_INJ_COUNT","BUS_COUNT","CHLDPAS_DEATH_COUNT","CHLDPAS_SUSP_SERIOUS_INJ_COUNT","COLLISION_TYPE","COMM_VEH_COUNT","CONS_ZONE_SPD_LIM","COUNTY","CRASH_MONTH","CRASH_YEAR","DAY_OF_WEEK","DEC_LATITUDE","DEC_LONGITUDE","DISPATCH_TM","DISTRICT","DRIVER_COUNT_16YR","DRIVER_COUNT_17YR","DRIVER_COUNT_18YR","DRIVER_COUNT_19YR","DRIVER_COUNT_20YR","DRIVER_COUNT_50_64YR","DRIVER_COUNT_65_74YR","DRIVER_COUNT_75PLUS","EST_HRS_CLOSED","FATAL_COUNT","HEAVY_TRUCK_COUNT","HORSE_BUGGY_COUNT","HOUR_OF_DAY","ILLUMINATION","INJURY_COUNT","INTERSECTION_RELATED","INTERSECT_TYPE","LANE_CLOSED","LATITUDE","LN_CLOSE_DIR","LOCATION_TYPE","LONGITUDE","MAX_SEVERITY_LEVEL","MCYCLE_DEATH_COUNT","MCYCLE_SUSP_SERIOUS_INJ_COUNT","MOTORCYCLE_COUNT","MUNICIPALITY","NONMOTR_COUNT","NONMOTR_DEATH_COUNT","NONMOTR_SUSP_SERIOUS_INJ_COUNT","NTFY_HIWY_MAINT","PED_COUNT","PED_DEATH_COUNT","PED_SUSP_SERIOUS_INJ_COUNT","PERSON_COUNT","POLICE_AGCY","POSSIBLE_INJ_COUNT","RDWY_SURF_TYPE_CD","RELATION_TO_ROAD","ROADWAY_CLEARED","ROAD_CONDITION","SCH_BUS_IND","SCH_ZONE_IND","SECONDARY_CRASH","SMALL_TRUCK_COUNT","SPEC_JURIS_CD","SUSP_MINOR_INJ_COUNT","SUSP_SERIOUS_INJ_COUNT","SUV_COUNT","TCD_FUNC_CD","TCD_TYPE","TFC_DETOUR_IND","TIME_OF_DAY","TOTAL_UNITS","TOT_INJ_COUNT","UNBELTED_OCC_COUNT","UNB_DEATH_COUNT","UNB_SUSP_SERIOUS_INJ_COUNT","UNK_INJ_DEG_COUNT","UNK_INJ_PER_COUNT","URBAN_RURAL","VAN_COUNT","VEHICLE_COUNT","VULNERABLE_ROAD_USER_COUNT","VULNERABLE_ROAD_USER_DEATH_COUNT","VULNERABLE_ROAD_USER_SER_INJ_COUNT","WEATHER1","WEATHER2","WORKERS_PRES","WORK_ZONE_IND","WORK_ZONE_LOC","WORK_ZONE_TYPE","WZ_CLOSE_DETOUR","WZ_FLAGGER","WZ_LAW_OFFCR_IND","WZ_LN_CLOSURE","WZ_MOVING","WZ_OTHER","WZ_SHLDER_MDN","WZ_WORKERS_INJ_KILLED"
"2022088589","1954","3","0","0","0","0","0","0","0","0","5","0","","67","9","2022","1","39.940378","-75.149456","1953","6","0","0","0","0","0","0","0","0","","0","0","0","19","3","0","N","0","0","39 56:25.360","","0","75 08:58.040","0","0","0","0","67301","0","0","0","N","0","0","0","1","67301","0","","6.0","","9","N","N","N","0","","0","0","0","0","0","","1952","3","0","1","0","0","0","0","2","0","3","0","0","0","7","07","","N","","","","","","","","","",""
"2022104958","1046","1","0","0","0","0","0","0","0","0","7","0","","67","11","2022","1","40.025692","-75.073739","1034","6","0","0","0","0","0","1","0","0","","0","0","0","10","1","0","N","0","0","40 01:32.490","","0","75 04:25.460","0","0","0","0","67301","0","0","0","N","0","0","0","1","67301","0","","4.0","","1","N","N","N","0","","0","0","0","3","2","","1030","1","0","1","0","0","0","0","2","0","1","0","0","0","7","04","","N","","","","","","","","","",""
"2022118697","0501","0","0","0","0","0","0","0","0","0","7","0","","67","12","2022","5","40.039306","-75.007357","0442","6","0","0","0","0","0","1","0","0","","0","0","0","4","3","1","N","0","0","40 02:21.503","","0","75 00:26.486","4","0","0","0","67301","0","0","0","N","0","0","0","1","68K01","1","","2.0","","1","N","N","N","0","","0","0","1","0","0","","437","1","1","0","0","0","0","0","2","0","1","0","0","0","3","","","N","","","","","","","","","",""
"2022120512","1219","0","0","0","0","0","0","0","0","0","8","1","","67","12","2022","6","39.96942","-75.139306","1217","6","0","0","0","0","0","0","0","0","","0","1","0","12","1","1","N","0","0","39 58:09.912","","0","75 08:21.501","3","0","0","0","67301","1","0","0","N","1","0","0","2","67301","0","","1.0","","9","N","N","N","0","","1","0","0","0","0","","1210","2","1","1","0","0","0","0","2","0","1","1","0","0","7","07","","N","","","","","","","","","",""
"2022118749","1139","0","0","0","0","0","0","0","0","0","4","1","","67","12","2022","4","40.055282","-75.192943","1137","6","0","0","0","0","0","0","1","0","","0","1","0","11","1","0","","1","0","40 03:19.015","","0","75 11:34.594","0","0","0","0","67301","0","0","0","N","0","0","0","2","67301","0","","1.0","","1","N","N","N","0","","0","0","1","3","2","","1128","2","0","0","0","0","0","0","2","0","2","0","0","0","3","03","","N","","","","","","","","","",""
"2022118759","0336","1","0","0","0","0","0","0","0","0","2","0","","67","12","2022","4","39.973981","-75.243281","0336","6","0","0","0","0","0","0","0","0","","0","0","0","3","3","3","","1","0","39 58:26.331","","0","75 14:35.811","2","0","0","0","67301","0","0","0","N","0","0","0","3","67301","0","","1.0","","1","N","N","N","0","","2","1","1","9","3","","335","2","3","0","0","0","0","0","2","0","2","0","0","0","3","03","","N","","","","","","","","","",""
"2022115292","1752","0","0","0","0","0","0","0","0","0","2","0","","67","12","2022","3","40.006168","-75.151802","1751","6","0","0","0","0","0","0","0","0","","0","0","0","17","3","1","N","1","1","40 00:22.203","3","0","75 09:06.487","3","0","0","0","67301","0","0","0","N","0","0","0","3","67505","0","","1.0","1830.0","9","N","N","N","0","","1","0","2","3","2","Y","1750","2","1","0","0","0","0","1","2","0","2","0","0","0","7","07","","N","","","","","","","","","",""
"2022119268","1737","0","0","0","0","0","0","0","0","0","4","0","","67","12","2022","5","40.119653","-75.008744","1733","6","0","0","0","0","0","1","0","0","","0","0","0","17","3","1","","2","0","40 07:10.752","","0","75 00:31.478","3","0","0","0","67301","0","0","0","N","0","0","0","2","67301","0","","1.0","","9","N","N","Y","0","","1","0","2","3","3","","1725","2","1","0","0","0","0","0","2","0","2","0","0","0","7","","","N","","","","","","","","","",""
"2022095495","0321","2","0","0","0","0","0","0","0","0","4","0","","67","9","2022","7","39.972953","-75.226117","0309","6","0","0","0","0","1","0","0","0","","0","0","0","2","3","1","","1","0","39 58:22.631","","0","75 13:34.022","8","0","0","0","67301","0","0","0","N","0","0","0","3","67301","0","","1.0","","1","N","N","N","0","","0","0","0","3","2","","251","2","1","0","0","0","1","1","2","0","2","0","0","0","3","","","N","","","","","","","","","",""
"2022088318","0944","2","0","0","0","0","0","0","0","0","7","0","","67","9","2022","7","40.063744","-75.152811","0939","6","0","0","0","1","0","0","0","0","","0","0","0","23","3","1","N","0","0","40 03:49.480","","0","75 09:10.120","3","0","0","0","67301","0","0","0","N","0","0","0","1","67301","0","","4.0","","1","N","N","N","0","","1","0","1","0","0","","2300","3","1","0","0","0","0","0","2","0","3","0","0","0","3","98","","N","","","","","","","","","",""
"2022116781","1534","1","0","0","0","0","0","0","0","0","1","0","","67","12","2022","5","39.959491","-75.174758","1533","6","0","0","0","0","0","0","0","0","","0","0","0","15","1","0","N","0","2","39 57:34.168","4","0","75 10:29.128","9","0","0","0","67301","0","0","0","N","0","0","0","3","68K01","0","","3.0","1540.0","1","N","N","N","0","","0","0","1","0","0","N","1532","3","0","0","0","0","0","1","2","0","3","0","0","0","3","","","N","","","","","","","","","",""
"2022117068","1340","1","0","0","0","0","0","1","0","0","4","1","","67","12","2022","5","39.944093","-75.165349","1320","6","0","0","0","0","0","1","0","0","","0","0","0","13","1","2","","2","0","39 56:38.733","","0","75 09:55.258","8","0","0","0","67301","0","0","0","N","0","0","0","4","67508","0","","1.0","","1","N","N","Y","0","","0","0","0","0","0","","1320","2","2","1","0","0","2","0","2","0","2","0","0","0","3","03","","N","","","","","","","","","",""
"2022114929","2039","2","0","0","0","0","0","0","0","0","1","0","","67","11","2022","3","39.977138","-75.113258","2039","6","0","0","0","0","0","0","1","0","","0","0","0","20","3","1","N","0","0","39 58:37.695","","0","75 06:47.729","8","0","0","0","67301","0","0","0","N","0","0","0","2","68K01","0","","1.0","","1","N","N","N","0","","0","0","0","0","0","","2039","2","1","0","0","0","1","0","2","0","2","0","0","0","3","03","","N","","","","","","","","","",""
"2022088542","1009","0","0","0","0","0","0","0","0","0","1","0","35","67","9","2022","5","39.953103","-75.136406","1007","6","0","0","0","0","0","0","0","0","","0","0","0","10","1","0","N","0","2","39 57:11.170","4","3","75 08:11.061","0","0","0","0","67301","0","0","0","N","0","0","0","5","67501","0","","1.0","1104.0","1","N","N","N","0","","0","0","2","0","0","Y","1007","2","0","0","0","0","0","0","2","0","2","0","0","0","4","04","Y","Y","4","1","","","N","Y","Y","","","N"
"2022116753","0947","1","0","0","0","0","0","0","0","0","1","0","","67","10","2022","1","39.970301","-75.192762","0939","6","0","0","0","0","0","0","0","0","","0","0","0","9","1","0","N","0","1","39 58:13.082","4","0","75 11:33.944","0","0","0","0","67301","0","0","0","N","0","0","0","2","68K01","0","","1.0","955.0","9","N","N","N","0","","0","0","1","0","0","N","937","2","0","0","0","0","0","0","2","0","2","0","0","0","3","","","N","","","","","","","","","",""
"2022117413","1637","1","0","0","0","0","0","0","0","0","5","0","","67","12","2022","7","39.891914","-75.234912","1634","6","0","0","0","0","0","0","0","0","","0","0","0","15","1","0","N","0","0","39 53:30.892","","0","75 14:05.683","0","0","0","0","67301","0","0","0","N","0","0","0","2","67301","0","","1.0","","1","N","N","Y","1","","0","0","0","0","0","","1528","2","0","0","0","0","0","0","2","0","2","0","0","0","3","03","","N","","","","","","","","","",""
"2022119018","1925","1","0","0","0","0","0","0","0","0","4","0","","67","8","2022","4","40.044366","-75.054037","1900","6","0","0","0","0","0","0","0","0","","0","0","0","18","1","3","","1","1","40 02:39.718","4","0","75 03:14.534","3","0","0","0","67301","0","0","0","N","0","0","0","5","67301","0","","1.0","2000.0","1","N","N","N","0","","3","0","1","3","2","N","1839","2","3","1","0","0","0","0","2","0","2","0","0","0","3","","","N","","","","","","","","","",""
"2022094623","0427","1","0","0","0","0","0","0","0","0","5","0","","67","9","2022","1","39.999299","-75.069586","0427","6","0","0","0","0","0","0","0","0","","0","0","0","3","3","0","N","0","0","39 59:57.478","","0","75 04:10.508","0","0","0","0","67301","0","0","0","N","0","0","0","1","67301","0","","6.0","","1","N","N","N","1","","0","0","1","0","0","","338","4","0","0","0","0","0","0","2","1","4","0","0","0","4","","","N","","","","","","","","","",""
"2022115617","","1","0","0","0","0","0","0","0","0","4","0","","67","11","2022","1","39.933306","-75.143376","","6","0","0","0","0","0","0","0","0","","0","0","0","23","3","1","","2","0","39 55:59.902","","0","75 08:36.154","8","0","0","0","67301","0","0","0","N","0","0","0","2","00000","0","","1.0","","1","","","N","0","","0","0","0","3","2","","2300","2","1","0","0","0","1","0","2","0","2","0","0","0","3","","","N","","","","","","","","","",""
"2022119272","1537","2","0","0","0","0","0","0","0","0","4","0","","67","12","2022","5","40.034889","-75.184373","1536","6","0","0","0","0","0","1","0","0","","0","0","0","15","1","1","","1","2","40 02:05.601","7","0","75 11:03.743","3","0","0","0","67301","0","0","0","N","0","0","0","2","67301","0","","1.0","45.0","9","N","N","N","0","","1","0","0","3","2","Y","1534","2","1","0","0","0","0","1","2","0","2","0","0","0","7","07","","N","","","","","","","","","",""
"2022089300","1355","0","0","0","0","0","0","0","0","0","5","0","","67","9","2022","2","39.918306","-75.162222","1349","6","0","0","0","0","0","0","0","1","","0","0","0","13","1","1","N","0","0","39 55:05.900","","0","75 09:44.000","3","0","0","0","67301","0","0","0","N","0","0","0","2","67301","0","","1.0","","1","N","N","N","0","","1","0","2","0","0","","1322","2","1","0","0","0","0","0","2","0","2","0","0","0","3","","","N","","","","","","","","","",""
"2022117755","2352","0","0","0","0","0","0","0","0","0","4","0","","67","12","2022","7","40.094814","-75.050726","2350","6","0","0","0","0","0","1","1","0","","0","0","0","23","3","2","","1","0","40 05:41.329","","0","75 03:02.612","8","0","0","0","67301","0","0","0","N","0","0","0","3","67301","0","","1.0","","1","N","N","N","0","","0","0","2","3","2","","2349","2","2","0","0","0","2","0","2","0","2","0","0","0","3","","","N","","","","","","","","","",""
"2022117764","2125","1","0","0","0","0","0","0","0","0","8","0","","67","12","2022","7","39.981776","-75.120538","2124","6","0","0","0","0","0","0","0","0","","0","0","0","21","3","1","","1","0","39 58:54.393","","0","75 07:13.936","3","0","0","0","67301","1","0","0","N","1","0","0","2","67301","0","","1.0","","1","N","N","N","0","","1","0","0","0","0","","2120","2","1","1","0","0","0","0","2","0","1","1","0","0","3","","","N","","","","","","","","","",""
"2022117747","1845","0","0","0","0","0","0","0","0","0","7","0","","67","12","2022","1","39.945271","-75.142389","1843","6","0","0","0","0","0","0","0","0","","0","0","0","18","3","1","N","0","1","39 56:42.976","1","0","75 08:32.601","8","0","0","0","67301","0","0","0","N","0","0","0","1","68K01","0","","3.0","1910.0","9","N","N","N","0","","0","0","1","0","0","N","1840","1","1","1","0","0","1","0","2","0","1","0","0","0","4","04","","N","","","","","","","","","",""
"2022090466","1627","0","0","0","0","0","0","0","0","0","8","0","","67","9","2022","3","39.965687","-75.170522","1626","6","0","0","0","0","0","0","0","0","","0","0","0","16","3","1","","1","0","39 57:56.473","","0","75 10:13.879","8","0","0","0","67301","1","0","0","N","0","0","0","2","67301","0","","1.0","","1","N","N","N","0","","0","0","1","0","0","","1622","2","1","1","0","0","1","0","2","0","1","1","0","0","3","03","","N","","","","","","","","","",""
"2022116795","1120","1","0","0","0","0","0","0","0","0","1","1","","67","12","2022","6","39.935128","-75.153865","1108","6","0","0","0","0","0","0","0","0","","0","1","0","10","1","2","","1","0","39 56:06.459","","0","75 09:13.913","8","0","0","0","67301","0","0","0","N","0","0","0","4","67301","0","","1.0","","1","N","N","N","1","","0","0","0","3","2","","1045","3","2","2","0","0","2","0","2","0","3","0","0","0","3","03","","N","","","","","","","","","",""
"2022106158","0447","1","0","0","1","0","0","0","0","0","8","0","","67","9","2022","6","39.949607","-75.199671","0444","6","0","0","0","0","0","0","0","0","","0","0","0","4","3","1","N","0","1","39 56:58.586","1","0","75 11:58.815","3","0","0","0","67301","1","0","0","N","0","0","0","3","67301","0","","6.0","505.0","1","N","N","N","0","","1","0","0","0","0","N","441","2","1","0","0","0","0","0","2","0","1","1","0","0","3","03","","N","","","","","","","","","",""
"2022120700","1517","0","0","0","0","0","0","0","0","0","7","0","","67","11","2022","5","39.960812","-75.140104","1503","6","0","0","0","0","0","0","0","0","","0","0","0","14","1","0","N","0","0","39 57:38.922","","0","75 08:24.374","0","0","0","0","67301","0","0","0","N","0","0","0","1","68K01","0","","2.0","","1","N","N","N","0","","0","0","1","0","0","","1454","1","0","0","0","0","0","0","2","0","1","0","0","0","3","03","","N","","","","","","","","","",""
"2022106157","0241","2","0","0","0","0","0","0","0","0","5","0","","67","9","2022","5","39.94783","-75.224326","0240","6","0","0","0","0","0","0","0","0","","0","0","0","1","3","1","N","0","0","39 56:52.188","","0","75 13:27.572","4","0","0","0","67301","0","0","0","N","0","0","0","2","67301","1","","6.0","","1","N","N","N","0","","0","0","0","0","0","","138","2","1","0","0","0","0","1","2","0","2","0","0","0","3","03","","N","","","","","","","","","",""
"2022087937","1610","1","0","0","0","0","0","0","0","0","8","0","","67","9","2022","6","40.056888","-75.188063","1606","6","0","0","0","0","0","0","0","0","","0","0","0","15","1","1","","1","0","40 03:24.795","","0","75 11:17.028","2","0","0","0","67301","1","0","1","N","1","0","1","2","67301","0","","1.0","","1","N","N","N","0","","0","1","0","3","2","","1522","2","1","0","0","0","0","0","2","0","1","1","0","1","3","03","","N","","","","","","","","","",""
"2022095494","0255","1","0","0","0","0","0","0","0","0","1","0","","67","9","2022","7","39.990286","-75.238631","0250","6","0","0","0","0","0","0","0","0","","0","0","0","2","3","0","N","0","0","39 59:25.030","","0","75 14:19.070","0","0","0","0","67301","0","0","0","N","0","0","0","1","67301","0","","6.0","","1","N","N","N","0","","0","0","1","0","0","","200","2","0","0","0","0","0","0","2","0","2","0","0","0","3","03","","N","","","","","","","","","",""
"2022117875","1654","1","0","0","0","0","0","0","0","0","1","0","","67","12","2022","2","39.916036","-75.147765","1654","6","0","0","0","0","1","0","0","0","","0","0","0","16","3","0","N","0","0","39 54:57.729","","0","75 08:51.953","0","0","0","0","67301","0","0","0","N","0","0","0","2","68K01","0","","3.0","","1","N","N","N","1","","0","0","0","0","0","","1654","2","0","0","0","0","0","0","2","0","2","0","0","0","3","","","N","","","","","","","","","",""
"2022089290","0458","1","0","0","0","0","0","0","0","0","4","0","","67","9","2022","3","39.922204","-75.230324","0455","6","0","0","0","0","0","1","0","0","","0","0","0","4","3","1","","1","2","39 55:19.936","7","0","75 13:49.166","8","0","0","0","67301","0","0","0","N","0","0","0","2","67301","0","","1.0","630.0","1","N","N","N","0","","0","0","1","3","2","Y","449","2","1","0","0","0","1","1","2","0","2","0","0","0","3","03","","N","","","","","","","","","",""
"2022088272","0033","2","0","0","0","0","0","0","0","0","5","0","","67","9","2022","1","40.034847","-75.131181","0033","6","0","0","0","1","0","0","0","0","","0","0","0","0","3","1","N","0","0","40 02:05.450","","0","75 07:52.250","8","0","0","0","67301","0","0","0","N","0","0","0","3","67301","0","","1.0","","1","N","N","N","0","","0","0","0","3","2","","20","2","1","3","0","0","1","0","2","0","2","0","0","0","3","03","","N","","","","","","","","","",""
"2022117597","1857","2","0","0","0","0","0","0","0","0","5","0","","67","10","2022","5","39.899167","-75.17649","1844","6","0","0","1","0","0","0","0","0","","0","0","0","18","3","1","N","0","2","39 53:57.002","1","0","75 10:35.363","3","0","0","0","67301","0","0","0","N","0","0","0","2","68K01","0","","1.0","2000.0","1","N","N","N","0","","1","0","0","0","0","N","1832","2","1","0","0","0","0","0","2","0","2","0","0","0","3","03","","N","","","","","","","","","",""
"2022100527","1747","1","0","0","0","0","0","0","0","0","4","0","","67","9","2022","6","40.010726","-75.15081","1722","6","0","0","0","0","0","1","0","0","","0","0","0","16","1","2","","1","0","40 00:38.613","","0","75 09:02.915","4","0","0","0","67301","0","0","0","N","0","0","0","4","67301","2","","1.0","","1","N","N","N","0","","0","0","1","3","2","","1631","2","2","0","0","0","0","0","2","0","2","0","0","0","3","03","","N","","","","","","","","","",""
"2022091117","2119","0","0","0","0","0","0","0","0","0","1","0","","67","9","2022","1","39.886182","-75.2432","2119","6","0","0","0","0","0","0","0","0","","0","0","0","20","3","1","N","0","0","39 53:10.256","","0","75 14:35.519","8","0","0","0","67301","1","0","0","N","1","0","0","2","68K01","0","","2.0","","1","N","N","N","0","","0","0","2","0","0","","2051","3","1","0","0","0","1","0","2","0","2","1","0","0","3","03","","N","","","","","","","","","",""
"2022088821","1652","1","0","0","0","0","0","0","0","0","7","0","","67","9","2022","1","40.073408","-75.215283","1652","6","0","0","0","0","0","0","1","0","","0","0","0","15","1","1","N","0","0","40 04:24.270","","0","75 12:55.020","3","0","0","0","67301","0","0","0","N","0","0","0","1","67301","0","","4.0","","9","N","N","N","0","","1","0","0","3","3","","1501","1","1","0","0","0","0","0","2","0","1","0","0","0","7","07","","N","","","","","","","","","",""
"2022119012","0909","2","0","0","0","0","0","0","0","0","2","0","","67","12","2022","4","40.114146","-74.987744","0909","6","0","0","0","0","0","0","0","0","","0","0","0","9","1","1","","5","0","40 06:50.926","","0","74 59:15.880","4","0","0","0","67301","0","0","0","N","0","0","0","2","67301","1","","1.0","","1","N","N","N","0","","0","0","0","3","2","","907","2","1","0","0","0","0","0","2","0","2","0","0","0","3","","","N","","","","","","","","","",""
"2022096756","1900","1","0","0","1","0","0","0","0","0","8","0","","67","9","2022","2","39.990437","-75.127046","1900","6","0","0","0","0","0","0","0","0","","0","0","0","18","4","1","","1","0","39 59:25.574","","0","75 07:37.365","8","0","0","0","67301","1","0","0","N","0","0","0","2","67301","0","","1.0","","1","N","N","N","0","","0","0","0","3","2","","1857","2","1","1","0","0","1","0","2","0","1","1","0","0","3","03","","N","","","","","","","","","",""
"2022118492","2303","1","0","0","0","0","0","0","0","0","5","0","","67","11","2022","2","39.933764","-75.199956","2254","6","0","0","0","0","0","0","0","0","","0","0","0","22","3","2","N","0","1","39 56:01.551","4","0","75 11:59.842","3","0","0","0","67301","0","0","0","N","0","0","0","3","68K01","0","","1.0","2330.0","1","N","N","N","0","","1","0","0","0","0","N","2251","2","2","2","0","0","1","1","2","0","2","0","0","0","3","","","N","","","","","","","","","",""
"2022088927","1650","0","0","0","0","0","0","0","0","0","1","0","","67","9","2022","2","39.919425","-75.152119","1640","6","0","0","0","0","0","0","0","0","","0","0","0","16","1","0","N","0","0","39 55:09.930","","0","75 09:07.630","0","0","0","0","67301","0","0","0","N","0","0","0","1","67301","0","","6.0","","1","N","N","N","0","","0","0","1","0","0","","1630","3","0","0","0","0","0","0","2","1","3","0","0","0","3","03","","N","","","","","","","","","",""
"2022119276","0600","1","0","0","0","0","0","0","0","0","8","0","","67","12","2022","4","40.030129","-75.035161","0555","6","0","0","0","0","0","0","0","0","","0","0","0","5","3","1","","1","0","40 01:48.464","","0","75 02:06.579","3","0","0","0","67301","1","0","0","N","1","0","0","2","67301","0","","1.0","","1","N","N","N","0","","1","0","0","3","2","","551","2","1","0","0","0","0","0","2","0","1","1","0","0","3","03","","N","","","","","","","","","",""
"2022117081","1325","0","0","0","0","0","0","1","0","0","1","1","","67","12","2022","6","40.010727","-75.151343","1315","6","0","0","0","0","0","0","0","0","","0","0","0","13","1","2","","1","0","40 00:38.617","","0","75 09:04.835","8","0","0","0","67301","0","0","0","N","0","0","0","4","67508","0","","1.0","","1","N","N","Y","0","","0","0","0","3","2","","1315","2","2","1","0","0","2","0","2","1","2","0","0","0","3","03","","N","","","","","","","","","",""
"2022117034","1134","1","0","0","0","0","0","0","0","0","1","0","","67","12","2022","6","39.959407","-75.17408","1122","6","0","0","0","0","0","0","0","0","","0","0","0","11","1","0","N","0","0","39 57:33.865","","0","75 10:26.688","0","0","0","0","67301","0","0","0","N","0","0","0","2","68K01","0","","1.0","","1","N","N","N","0","","0","0","0","0","0","","1118","2","0","0","0","0","0","0","2","1","2","0","0","0","3","03","","N","","","","","","","","","",""
"2022116785","1711","1","0","0","0","0","0","0","0","0","7","0","","67","12","2022","6","40.010341","-75.207085","1707","6","0","0","0","0","0","0","0","0","","0","0","0","17","3","0","","6","1","40 00:37.227","3","2","75 12:25.505","0","0","0","0","67301","0","0","0","N","0","0","0","3","68K01","0","","2.0","1714.0","1","N","N","N","1","","0","0","0","0","0","N","1701","2","0","0","0","0","0","0","2","0","2","0","0","0","3","","","N","","","","","","","","","",""
"2022118703","2352","1","0","0","0","0","0","0","0","0","1","1","","67","12","2022","6","40.0126","-75.059159","2339","6","0","0","0","0","0","2","0","0","","0","1","0","23","3","1","N","0","1","40 00:45.360","2","0","75 03:32.971","8","0","0","0","67301","0","0","0","N","0","0","0","3","68K01","0","","1.0","31.0","1","N","N","N","0","","0","0","0","0","0","N","2331","2","1","0","0","0","1","0","2","0","2","0","0","0","3","03","","N","","","","","","","","","",""
"2022119006","1545","0","0","0","0","0","0","0","0","0","8","1","","67","12","2022","4","40.044","-75.102649","1545","6","0","0","0","0","0","0","0","0","","0","1","0","15","1","1","","1","0","40 02:38.401","","0","75 06:09.537","3","0","0","0","67301","1","0","0","N","1","0","0","2","67301","0","","1.0","","1","N","N","N","0","","1","0","0","3","2","","1545","2","1","0","0","0","0","0","2","0","1","1","0","0","3","","","N","","","","","","","","","",""
"2022118731","1709","1","0","0","0","0","0","0","0","0","5","1","","67","12","2022","4","39.909026","-75.15282","1708","6","0","0","0","0","0","2","0","0","","0","1","0","17","3","0","N","0","1","39 54:32.492","3","3","75 09:10.152","0","0","0","0","67301","0","0","0","N","0","0","0","2","67501","0","","1.0","1735.0","1","N","N","N","0","","0","0","0","3","8","N","1708","2","0","0","0","0","0","0","2","0","2","0","0","0","3","03","","N","","","","","","","","","",""
"2022089850","1622","1","0","0","0","0","0","0","0","0","4","0","","67","9","2022","3","39.956983","-75.219443","1622","6","0","0","0","0","0","0","0","0","","0","0","0","15","1","1","","1","0","39 57:25.138","","0","75 13:09.994","3","0","0","0","67301","0","0","0","N","0","0","0","2","67301","0","","1.0","","1","N","N","N","0","","1","0","1","3","3","","1547","2","1","0","0","0","0","0","2","0","2","0","0","0","3","03","","N","","","","","","","","","",""
"2022115939","0230","1","0","0","0","0","0","0","0","0","8","0","","67","11","2022","4","40.000678","-75.097725","0230","6","0","0","0","0","0","0","0","0","","1","0","0","2","3","0","","1","0","40 00:02.442","","0","75 05:51.811","1","0","0","0","67301","1","1","0","N","1","1","0","2","67301","0","2","1.0","","1","N","N","Y","0","0","0","0","0","3","2","","228","2","0","0","0","0","0","0","2","0","1","1","1","0","3","03","","N","","","","","","","","","",""
"2022119146","0715","0","0","0","0","0","0","0","0","0","0","1","","67","11","2022","4","40.011981","-75.060281","0659","6","0","0","0","0","0","0","0","0","","0","1","0","6","1","0","N","0","1","40 00:43.130","2","3","75 03:37.010","0","0","0","0","67301","0","0","0","N","0","0","0","2","68K01","0","","1.0","735.0","1","N","N","N","1","","0","0","0","0","0","N","658","3","0","0","0","0","0","0","2","0","2","0","0","0","3","","","N","","","","","","","","","",""
"2022100802","1510","0","0","0","0","0","0","0","0","0","8","0","","67","9","2022","5","40.021453","-75.120394","1510","6","0","0","0","0","0","1","0","0","","0","0","0","15","1","1","N","0","0","40 01:17.230","","0","75 07:13.420","4","0","0","0","67301","1","0","0","N","1","0","0","2","67301","1","","1.0","","1","N","Y","N","0","","0","0","1","0","0","","1510","2","1","0","0","0","0","0","2","0","1","1","0","0","3","03","","N","","","","","","","","","",""
"2022086890","0102","1","0","0","0","0","0","0","0","0","4","0","","67","9","2022","4","40.050304","-75.173607","0055","6","0","0","0","0","0","1","0","0","","0","0","0","0","3","0","N","0","0","40 03:01.094","","0","75 10:24.985","0","0","0","0","67301","0","0","0","N","0","0","0","1","67301","0","","5.0","","1","N","N","N","0","","0","0","2","0","0","","45","3","0","0","0","0","0","0","2","0","3","0","0","0","3","03","","N","","","","","","","","","",""
"2022087656","0125","3","0","0","0","0","0","0","0","0","4","0","","67","9","2022","5","39.98794","-75.132618","0121","6","0","0","0","0","0","1","0","0","","0","0","0","1","3","0","","1","0","39 59:16.583","","0","75 07:57.424","0","0","0","0","67301","0","0","0","N","0","0","0","2","67301","0","","1.0","","1","N","N","N","0","","0","0","1","3","3","","121","4","0","2","0","0","0","0","2","0","4","0","0","0","3","03","","N","","","","","","","","","",""
"2022090503","0236","2","0","0","0","0","0","0","0","0","4","0","","67","9","2022","6","39.957931","-75.164145","0236","6","0","0","0","0","0","0","0","0","","0","0","0","2","3","0","","1","0","39 57:28.550","","2","75 09:50.921","0","0","0","0","67301","0","0","0","N","0","0","0","2","67301","0","","1.0","","1","N","N","N","0","","0","0","0","3","2","","236","2","0","2","0","0","0","0","2","0","2","0","0","0","3","03","","N","","","","","","","","","",""
"2022090312","1341","1","0","0","0","0","0","0","0","0","4","0","","67","9","2022","2","39.958529","-75.247674","1341","6","0","0","0","0","0","0","0","0","","0","0","0","13","1","2","","2","0","39 57:30.706","","0","75 14:51.628","3","0","0","0","67301","0","0","0","N","0","0","0","2","67301","0","","1.0","","1","N","N","N","0","","2","0","1","3","3","","1325","2","2","0","0","0","0","0","2","0","2","0","0","0","3","03","","N","","","","","","","","","",""