"CRN","ARRIVAL_TM","AUTOMOBILE_COUNT","BELTED_DEATH_COUNT","BELTED_SUSP_SERIOUS_INJ_COUNT","BICYCLE_COUNT","BICYCLE_DEATH_COUNT","BICYCLE_SUSP_SERIOUS_INJ_COUNT","BUS_COUNT","CHLDPAS_DEATH_COUNT","CHLDPAS_SUSP_SERIOUS_INJ_COUNT","COLLISION_TYPE","COMM_VEH_COUNT","CONS_ZONE_SPD_LIM","COUNTY","CRASH_MONTH","CRASH_YEAR","DAY_OF_WEEK","DEC_LATITUDE","DEC_LONGITUDE","DISPATCH_TM","DISTRICT","DRIVER_COUNT_16YR","DRIVER_COUNT_17YR","DRIVER_COUNT_18YR","DRIVER_COUNT_19YR","DRIVER_COUNT_20YR","DRIVER_COUNT_50_64YR","DRIVER_COUNT_65_74YR","DRIVER_COUNT_75PLUS","EST_HRS_CLOSED","FATAL_COUNT","HEAVY_TRUCK_COUNT","HORSE_BUGGY_COUNT","HOUR_OF_DAY","ILLUMINATION","INJURY_COUNT","INTERSECTION_RELATED","INTERSECT_TYPE","LANE_CLOSED","LATITUDE","LN_CLOSE_DIR","LOCATION_TYPE","LONGITUDE","MAX_SEVERITY_LEVEL","MCYCLE_DEATH_COUNT","MCYCLE_SUSP_SERIOUS_INJ_COUNT","MOTORCYCLE_COUNT","MUNICIPALITY","NONMOTR_COUNT","NONMOTR_DEATH_COUNT","NONMOTR_SUSP_SERIOUS_INJ_COUNT","NTFY_HIWY_MAINT","PED_COUNT","PED_DEATH_COUNT","PED_SUSP_SERIOUS_INJ_COUNT","PERSON_COUNT","POLICE_AGCY","POSSIBLE_INJ_COUNT","RDWY_SURF_TYPE_CD","RELATION_TO_ROAD","ROADWAY_CLEARED","ROAD_CONDITION","SCH_BUS_IND","SCH_ZONE_IND","SECONDARY_CRASH","SMALL_TRUCK_COUNT","SPEC_JURIS_CD","SUSP_MINOR_INJ_COUNT","SUSP_SERIOUS_INJ_COUNT","SUV_COUNT","TCD_FUNC_CD","TCD_TYPE","TFC_DETOUR_IND","TIME_OF_DAY","TOTAL_UNITS","TOT_INJ_COUNT","UNBELTED_OCC_COUNT","UNB_DEATH_COUNT","UNB_SUSP_SERIOUS_INJ_COUNT","UNK_INJ_DEG_COUNT","UNK_INJ_PER_COUNT","URBAN_RURAL","VAN_COUNT","VEHICLE_COUNT","VULNERABLE_ROAD_USER_COUNT","VULNERABLE_ROAD_USER_DEATH_COUNT","VULNERABLE_ROAD_USER_SER_INJ_COUNT","WEATHER1","WEATHER2","WORKERS_PRES","WORK_ZONE_IND","WORK_ZONE_LOC","WORK_ZONE_TYPE","WZ_CLOSE_DETOUR","WZ_FLAGGER","WZ_LAW_OFFCR_IND","WZ_LN_CLOSURE","WZ_MOVING","WZ_OTHER","WZ_SHLDER_MDN","WZ_WORKERS_INJ_KILLED"
"2022086457","2353","2","0","0","0","0","0","0","0","0","4","0","","67","9","2022","5","39.99999","-75.140498","2351","6","0","0","0","0","0","0","0","0","","0","0","0","23","3","2","","1","0","39 59:59.964","","0","75 08:25.794","3","0","0","0","67301","0","0","0","N","0","0","0","3","67301","0","","1.0","","1","N","N","N","0","","1","0","0","3","2","","2342","2","2","0","0","0","1","0","2","0","2","0","0","0","3","03","","N","","","","","","","","","",""
"2022117058","2050","1","0","0","0","0","0","0","0","0","5","0","","67","12","2022","5","40.021869","-75.126911","2045","6","0","0","0","0","0","0","0","0","","0","0","0","16","3","0","N","0","0","40 01:18.730","","0","75 07:36.880","0","0","0","0","67301","0","0","0","N","0","0","0","0","67301","0","","1.0","","1","N","N","N","0","","0","0","1","0","0","","1640","2","0","0","0","0","0","0","2","0","2","0","0","0","3","","","N","","","","","","","","","",""
"2022115579","2336","0","0","0","0","0","0","0","0","0","7","0","","67","11","2022","6","39.952359","-75.140992","2317","6","0","0","0","0","0","0","0","0","","0","0","0","23","3","1","N","0","1","39 57:08.491","1","0","75 08:27.572","4","0","0","0","67301","0","0","0","N","0","0","0","4","68K01","1","","3.0","0.0","1","N","N","N","0","","0","0","1","0","0","N","2303","2","1","0","0","0","0","0","2","0","1","0","0","0","3","","","N","","","","","","","","","",""
"2022096703","","1","0","0","0","0","0","0","0","0","5","0","","67","9","2022","6","39.902663","-75.174055","","6","0","0","0","0","0","0","0","0","","0","0","0","18","1","0","N","0","0","39 54:09.585","","0","75 10:26.599","0","0","0","0","67301","0","0","0","N","0","0","0","2","00000","0","","1.0","","1","","","N","0","","0","0","0","0","0","","1800","2","0","0","0","0","0","0","2","0","2","0","0","0","3","","","N","","","","","","","","","",""
"2022085398","1020","0","0","0","0","0","0","0","0","0","8","0","","67","9","2022","6","40.015296","-75.155233","1020","6","0","1","0","0","0","0","0","0","","0","0","0","10","1","1","","2","0","40 00:55.067","","0","75 09:18.839","3","0","0","0","67301","1","0","0","N","1","0","0","2","67301","0","","1.0","","1","N","N","N","0","","1","0","0","3","2","","1000","2","1","0","0","0","0","0","2","1","1","1","0","0","3","","","N","","","","","","","","","",""
"2022110918","0156","2","0","0","0","0","0","0","0","0","2","0","","67","11","2022","1","40.043975","-75.053391","0152","6","0","0","0","0","0","0","0","0","","0","0","0","1","3","0","N","0","0","40 02:38.311","","0","75 03:12.207","0","0","0","0","67301","0","0","0","N","0","0","0","3","67301","0","","1.0","","1","N","N","N","0","","0","0","0","0","0","","151","2","0","0","0","0","0","0","2","0","2","0","0","0","3","03","","N","","","","","","","","","",""
"2022104589","","1","0","0","0","0","0","0","0","0","1","0","","67","10","2022","6","40.001415","-75.194965","","6","0","0","0","0","0","0","0","0","","0","0","0","22","3","2","N","0","0","40 00:05.095","","0","75 11:41.875","8","0","0","0","67301","0","0","0","N","0","0","0","4","00000","0","","1.0","","1","","","N","0","","0","0","0","0","0","","2205","3","2","0","0","0","2","0","2","0","3","0","0","0","3","","","N","","","","","","","","","",""
"2022115846","0305","1","0","0","0","0","0","0","0","0","1","0","","67","11","2022","1","39.948523","-75.185676","0255","6","0","0","0","0","0","0","0","0","","0","0","0","2","3","1","N","0","2","39 56:54.681","4","0","75 11:08.435","3","0","0","0","67301","0","0","0","N","0","0","0","5","68K01","0","","1.0","330.0","1","N","N","N","0","","1","0","1","0","0","N","255","2","1","3","0","0","0","0","2","0","2","0","0","0","3","","","N","","","","","","","","","",""
"2022115931","0700","0","0","0","0","0","0","0","0","0","8","0","","67","12","2022","6","40.045607","-75.053057","0635","6","0","0","0","0","0","1","0","0","","1","0","0","6","3","0","N","0","2","40 02:44.184","1","0","75 03:11.004","1","0","0","0","67301","1","1","0","N","1","1","0","2","67301","0","2","1.0","835.0","1","N","N","N","0","0","0","0","1","3","8","Y","621","2","0","0","0","0","0","0","2","0","1","1","1","0","3","","","N","","","","","","","","","",""
"2022116102","0230","1","0","0","0","0","0","0","0","0","4","0","","67","11","2022","4","39.999674","-75.098989","0230","6","0","0","0","0","0","0","0","0","","0","0","0","2","3","0","","1","0","39 59:58.827","","0","75 05:56.359","0","0","0","0","67301","0","0","0","N","0","0","0","2","67301","0","","1.0","","1","N","N","Y","0","","0","0","1","3","2","","228","2","0","0","0","0","0","0","2","0","2","0","0","0","3","03","","N","","","","","","","","","",""
"2022098813","2250","1","0","0","0","0","0","0","0","0","1","0","","67","10","2022","7","39.955585","-75.201862","2247","6","0","0","0","0","0","0","0","0","","0","0","0","22","3","1","N","0","0","39 57:20.105","","0","75 12:06.703","3","0","0","0","67301","0","0","0","N","0","0","0","3","67504","0","","1.0","","9","N","N","N","0","","1","0","2","0","0","","2245","3","1","0","0","0","0","0","2","0","3","0","0","0","7","03","","N","","","","","","","","","",""
"2022088443","0327","4","0","0","0","0","0","0","0","0","5","0","","67","9","2022","7","40.006692","-75.078014","0324","6","0","0","0","0","0","0","0","0","","0","0","0","3","3","0","N","0","2","40 00:24.090","3","0","75 04:40.850","0","0","0","0","67301","0","0","0","N","0","0","0","1","67301","0","","6.0","449.0","1","N","N","N","0","","0","0","1","0","0","Y","315","5","0","1","0","0","0","0","2","0","5","0","0","0","3","03","","N","","","","","","","","","",""
"2022114500","0818","0","0","0","0","0","0","0","0","0","7","0","","67","12","2022","7","40.031169","-75.021681","0802","6","0","0","0","0","0","0","0","0","","0","0","0","8","1","0","N","0","0","40 01:52.208","","0","75 01:18.052","0","0","0","0","67301","0","0","0","N","0","0","0","1","68K01","0","","2.0","","9","N","N","N","1","","0","0","0","0","0","","801","1","0","0","0","0","0","0","2","0","1","0","0","0","7","07","","N","","","","","","","","","",""
"2022090277","2016","1","0","0","0","0","0","0","0","0","4","0","","67","9","2022","6","40.008246","-75.094829","2009","6","0","0","0","0","0","0","0","0","","0","0","0","20","3","1","","3","2","40 00:29.685","7","0","75 05:41.384","8","0","0","1","67301","0","0","0","N","0","0","0","2","67301","0","","1.0","2140.0","1","N","N","N","0","","0","0","0","0","0","Y","2005","2","1","0","0","0","1","1","2","0","2","0","0","0","3","03","","N","","","","","","","","","",""
"2022110209","1313","0","0","0","0","0","0","0","0","0","1","0","","67","11","2022","6","40.023166","-75.034416","1243","6","0","0","0","0","0","0","1","0","","0","0","0","12","1","0","N","0","0","40 01:23.398","","0","75 02:03.896","0","0","0","0","67301","0","0","0","N","0","0","0","3","68K01","0","","1.0","","1","N","N","N","1","","0","0","1","0","0","","1241","2","0","0","0","0","0","0","2","0","2","0","0","0","3","03","","N","","","","","","","","","",""
"2022119038","2335","2","0","0","0","0","0","0","0","0","4","0","","67","12","2022","2","40.047714","-75.142856","2335","6","0","0","0","0","0","1","0","0","","0","0","0","22","3","0","","1","0","40 02:51.770","","0","75 08:34.280","0","0","0","0","67301","0","0","0","N","0","0","0","3","67301","0","","1.0","","1","N","N","N","0","","0","0","0","3","2","","2230","2","0","0","0","0","0","0","2","0","2","0","0","0","3","","","N","","","","","","","","","",""
"2022117046","1749","1","0","0","1","0","0","0","0","0","8","0","","67","12","2022","6","39.954807","-75.146279","1742","6","0","0","0","0","0","0","0","0","","0","0","0","17","3","1","","1","0","39 57:17.304","","0","75 08:46.603","3","0","0","0","67301","1","0","0","N","0","0","0","2","67301","0","","1.0","","1","N","N","N","0","","1","0","0","0","0","","1700","2","1","1","0","0","0","0","2","0","1","1","0","0","3","03","","N","","","","","","","","","",""
"2022084548","1723","0","0","0","0","0","0","0","0","0","7","0","","67","9","2022","4","40.01813","-75.09757","1723","6","0","0","0","0","0","1","0","0","","0","0","0","17","1","1","","12","1","40 01:05.269","3","0","75 05:51.253","3","0","0","0","67301","0","0","0","N","0","0","0","2","67301","0","","4.0","1750.0","1","N","N","N","0","","1","0","1","3","4","N","1720","1","1","0","0","0","0","1","2","0","1","0","0","0","3","03","","N","","","","","","","","","",""
"2022089315","1632","1","0","0","0","0","0","0","0","0","4","0","","67","9","2022","3","40.042871","-75.143921","1631","6","0","0","0","0","0","0","0","0","","0","0","0","16","1","1","","1","2","40 02:34.337","1","0","75 08:38.117","3","0","0","0","67301","0","0","0","N","0","0","0","2","67301","0","","1.0","1900.0","1","N","N","N","0","","1","0","1","3","2","Y","1630","2","1","0","0","0","0","0","2","0","2","0","0","0","3","","","N","","","","","","","","","",""
"2022088192","2350","0","0","0","0","0","0","0","0","0","7","0","","67","9","2022","6","40.034353","-75.074823","2323","6","0","0","0","0","0","0","0","0","","0","0","0","23","3","1","","5","0","40 02:03.672","","0","75 04:29.364","3","0","0","0","67301","0","0","0","N","0","0","0","1","67301","0","","3.0","","1","N","N","N","0","","1","0","1","3","1","","2310","1","1","0","0","0","0","0","2","0","1","0","0","0","3","","","N","","","","","","","","","",""
"2022118590","1930","1","0","0","0","0","0","0","0","0","7","0","","67","12","2022","2","40.044283","-75.187428","1925","6","0","0","0","0","0","0","0","0","","0","0","0","19","3","2","N","0","0","40 02:39.420","","0","75 11:14.740","4","0","0","0","67301","0","0","0","N","0","0","0","2","67301","2","","2.0","","1","N","N","N","0","","0","0","0","0","0","","1920","1","2","0","0","0","0","0","2","0","1","0","0","0","3","","","N","","","","","","","","","",""
"2022089679","2158","0","0","0","0","0","0","0","0","0","4","0","","67","9","2022","4","39.927421","-75.231712","2157","6","0","0","0","0","0","2","0","0","","0","0","0","21","3","2","","1","2","39 55:38.715","6","0","75 13:54.163","3","0","0","0","67301","0","0","0","N","0","0","0","3","67301","0","","1.0","100.0","1","N","N","N","1","","2","0","1","3","2","Y","2156","2","2","0","0","0","0","0","2","0","2","0","0","0","3","03","","N","","","","","","","","","",""
"2022115451","0145","1","0","0","0","0","0","0","0","0","4","0","","67","11","2022","6","39.986619","-75.245502","0141","6","0","0","0","0","0","0","0","0","","0","0","0","1","3","2","","1","0","39 59:11.828","","0","75 14:43.808","8","0","0","0","67301","0","0","0","N","0","0","0","2","67301","0","","1.0","","1","N","N","N","0","","0","0","1","3","2","","133","2","2","0","0","0","2","0","2","0","2","0","0","0","3","","","N","","","","","","","","","",""
"2022091619","1745","2","0","0","0","0","0","0","0","0","1","0","","67","9","2022","1","39.95834","-75.166456","1745","6","0","0","0","0","0","1","0","0","","0","0","0","17","1","0","N","0","0","39 57:30.025","","0","75 09:59.241","0","0","0","0","67301","0","0","0","N","0","0","0","3","68K01","0","","1.0","","9","N","N","N","0","","0","0","1","0","0","","1709","3","0","0","0","0","0","0","2","0","3","0","0","0","4","","","N","","","","","","","","","",""
"2022115120","0020","1","0","0","0","0","0","0","0","0","1","0","","67","12","2022","7","40.019384","-75.14562","0008","6","0","0","0","0","0","0","0","0","","0","0","0","23","3","0","N","0","1","40 01:09.782","2","0","75 08:44.231","0","0","0","0","67301","0","0","0","N","0","0","0","2","67301","0","","2.0","100.0","1","N","N","N","0","","0","0","1","0","0","U","2359","2","0","0","0","0","0","0","2","0","2","0","0","0","3","03","","N","","","","","","","","","",""
"2022110076","0100","2","0","0","0","0","0","0","0","0","4","0","","67","11","2022","1","40.059517","-75.1499","0059","6","0","0","0","0","0","1","0","0","","0","0","0","0","3","0","N","0","0","40 03:34.260","","0","75 08:59.640","0","0","0","0","67301","0","0","0","N","0","0","0","1","67301","0","","2.0","","1","N","N","N","0","","0","0","1","0","0","","55","3","0","1","0","0","0","0","2","0","3","0","0","0","3","","","N","","","","","","","","","",""
"2022116023","0623","2","0","0","0","0","0","0","0","0","5","0","","67","11","2022","7","39.960908","-75.182194","0622","6","0","0","0","0","0","0","0","0","","0","0","0","6","3","4","N","0","1","39 57:39.270","3","0","75 10:55.899","8","0","0","0","67301","0","0","0","N","0","0","0","4","68K01","0","","1.0","720.0","1","N","N","N","0","","0","0","0","0","0","N","618","2","4","1","0","0","4","0","2","0","2","0","0","0","3","","","N","","","","","","","","","",""
"2022118715","0323","1","0","0","0","0","0","0","0","0","5","0","","67","12","2022","7","39.997292","-75.082068","0323","6","0","0","0","0","0","0","0","0","","0","0","0","2","3","2","N","0","2","39 59:50.251","2","0","75 04:55.446","8","0","0","0","67301","0","0","0","N","0","0","0","3","68K01","0","","1.0","326.0","1","N","N","N","0","","0","0","0","0","0","Y","235","2","2","0","0","0","2","1","2","0","2","0","0","0","3","","","N","","","","","","","","","",""
"2022087390","1031","2","0","0","0","0","0","0","0","0","1","0","","67","9","2022","5","39.9145","-75.188861","9999","6","0","0","0","0","0","0","0","0","","0","0","0","10","1","0","N","0","1","39 54:52.200","4","3","75 11:19.900","0","0","0","0","67301","0","0","0","N","0","0","0","1","67501","0","","2.0","1100.0","9","N","N","N","0","","0","0","0","0","0","N","1030","2","0","0","0","0","0","0","2","0","2","0","0","0","7","","","N","","","","","","","","","",""
"2022115430","1635","1","0","0","0","0","0","0","0","0","1","0","","67","12","2022","2","39.980093","-75.205006","1610","6","0","0","0","0","0","0","0","0","","0","0","0","15","1","0","N","0","0","39 58:48.335","","0","75 12:18.022","0","0","0","0","67301","0","0","0","N","0","0","0","3","68K01","0","","1.0","","1","N","N","N","0","","0","0","2","0","0","","1559","3","0","0","0","0","0","0","2","0","3","0","0","0","3","03","","N","","","","","","","","","",""
"2022114228","0552","1","0","0","0","0","0","0","0","0","7","0","","67","12","2022","7","39.961221","-75.182403","0552","6","0","0","0","0","0","0","0","0","","0","0","0","5","3","0","","7","0","39 57:40.397","","2","75 10:56.651","0","0","0","0","67301","0","0","0","N","0","0","0","1","68K01","0","","2.0","","9","N","N","N","0","","0","0","0","0","0","","544","1","0","0","0","0","0","0","2","0","1","0","0","0","7","","","N","","","","","","","","","",""
"2022116025","2057","1","0","0","0","0","0","0","0","0","5","0","","67","11","2022","7","40.023304","-75.035054","2055","6","0","0","0","0","0","0","0","0","","0","0","0","20","3","1","N","0","0","40 01:23.896","","0","75 02:06.194","4","0","0","0","67301","0","0","0","N","0","0","0","7","68K01","1","","1.0","","1","N","N","N","0","","0","0","0","0","0","","2018","2","1","0","0","0","0","0","2","1","2","0","0","0","3","03","","N","","","","","","","","","",""
"2022105125","1553","1","0","0","0","0","0","0","0","0","5","1","","67","11","2022","4","40.106469","-74.998884","1544","6","0","0","0","0","0","0","1","0","","0","1","0","15","1","0","","2","2","40 06:23.287","7","0","74 59:55.982","0","0","0","0","67301","0","0","0","N","0","0","0","4","67301","0","","1.0","1605.0","1","N","N","N","0","","0","0","0","3","2","Y","1504","2","0","0","0","0","0","0","2","0","2","0","0","0","3","","","N","","","","","","","","","",""
"2022119576","1828","0","0","0","0","0","0","0","0","0","4","0","","67","12","2022","5","39.888656","-75.247108","1819","6","0","0","0","0","0","0","0","0","","0","0","0","17","3","3","N","0","0","39 53:19.162","","0","75 14:49.587","3","0","0","0","67301","0","0","0","N","0","0","0","4","67301","0","","1.0","","8","N","N","N","0","","3","0","1","0","0","","1717","2","3","0","0","0","0","1","2","0","2","0","0","0","7","07","","N","","","","","","","","","",""
"2022114927","1237","1","0","0","0","0","0","0","0","0","5","1","","67","11","2022","3","39.971985","-75.122371","1230","6","0","0","0","0","0","0","0","0","","0","1","0","12","1","1","N","0","0","39 58:19.146","","0","75 07:20.534","3","0","0","0","67301","0","0","0","N","0","0","0","2","68K01","0","","1.0","","1","N","N","N","0","","1","0","0","0","0","","1228","2","1","0","0","0","0","0","2","0","2","0","0","0","3","03","","N","","","","","","","","","",""
"2022118584","1415","1","0","0","0","0","0","0","0","0","5","1","","67","12","2022","2","40.065817","-75.239831","1406","6","0","0","0","0","0","1","0","0","","0","1","0","13","1","0","N","0","0","40 03:56.940","","0","75 14:23.393","0","0","0","0","67301","0","0","0","N","0","0","0","2","67301","0","","1.0","","1","N","N","N","0","","0","0","0","0","0","","1340","2","0","0","0","0","0","0","2","0","2","0","0","0","3","03","","N","","","","","","","","","",""
"2022084896","0745","1","0","0","0","0","0","0","0","0","4","0","","67","9","2022","5","40.094956","-75.01544","0731","6","0","1","0","0","1","0","0","0","","0","0","0","7","1","1","","1","1","40 05:41.842","2","0","75 00:55.583","2","0","1","1","67301","0","0","0","N","0","0","0","2","67301","0","","1.0","920.0","1","N","N","N","0","","0","1","0","3","8","N","731","2","1","0","0","0","0","0","2","0","2","0","0","0","3","03","","N","","","","","","","","","",""
"2022109187","0805","0","0","0","0","0","0","0","0","0","8","0","","67","11","2022","6","40.042354","-75.076987","0755","6","0","0","0","0","0","0","0","0","","0","0","0","7","1","1","","2","2","40 02:32.475","7","0","75 04:37.154","2","0","0","0","67301","1","0","1","N","1","0","1","1","67301","0","","1.0","830.0","1","N","N","N","0","","0","1","0","0","0","Y","753","2","1","0","0","0","0","0","2","0","1","1","0","1","3","03","","N","","","","","","","","","",""
"2022087065","1040","1","0","0","1","0","0","0","0","0","8","0","","67","9","2022","4","39.947779","-75.228086","1037","6","0","0","0","0","0","0","0","0","","0","0","0","10","1","1","N","0","0","39 56:52.003","","0","75 13:41.111","4","0","0","0","67301","1","0","0","N","0","0","0","2","67301","1","","1.0","","1","N","N","N","0","","0","0","0","0","0","","1035","2","1","1","0","0","0","0","2","0","1","1","0","0","3","03","","N","","","","","","","","","",""
"2022114293","0822","0","0","0","1","0","0","0","0","0","8","0","","67","11","2022","2","39.951755","-75.203075","0821","6","0","0","0","0","0","1","0","0","","0","0","0","8","1","1","","1","2","39 57:06.318","2","0","75 12:11.070","3","0","0","0","67301","1","0","0","N","0","0","0","2","67504","0","","1.0","832.0","1","N","N","N","1","","1","0","0","3","2","Y","818","2","1","0","0","0","0","0","2","0","1","1","0","0","3","","","N","","","","","","","","","",""
"2022088729","2337","1","0","0","0","0","0","0","0","0","1","0","","67","9","2022","4","40.00905","-75.067591","2329","6","0","0","0","0","0","0","0","0","","0","0","0","23","3","0","N","0","2","40 00:32.579","1","3","75 04:03.329","0","0","0","0","67301","0","0","0","N","0","0","0","2","68K01","0","","1.0","21.0","1","N","N","N","0","","0","0","1","0","0","Y","2318","2","0","0","0","0","0","0","2","0","2","0","0","0","3","03","","N","","","","","","","","","",""
"2022088614","1144","0","0","0","0","0","0","0","0","0","4","0","","67","9","2022","4","39.961564","-75.15176","1142","6","0","0","0","0","1","1","0","0","","0","0","0","11","1","0","","1","1","39 57:41.631","3","0","75 09:06.337","0","0","0","0","67301","0","0","0","N","0","0","0","3","67301","0","","1.0","1150.0","1","N","N","N","0","","0","0","1","3","2","N","1140","2","0","0","0","0","0","0","2","1","2","0","0","0","3","03","","N","","","","","","","","","",""
"2022114760","1400","0","0","0","0","0","0","0","0","0","4","1","","67","12","2022","2","39.960365","-75.189449","0235","6","0","0","0","0","0","0","0","0","","0","1","0","11","1","0","","1","0","39 57:37.313","","0","75 11:22.016","9","0","0","0","67301","0","0","0","N","0","0","0","1","67507","0","","1.0","","1","N","N","N","0","","0","0","1","3","2","","1151","2","0","0","0","0","0","1","2","0","2","0","0","0","3","03","","N","","","","","","","","","",""
"2022085260","1830","1","0","0","0","0","0","0","0","0","8","0","","67","9","2022","5","39.913799","-75.236199","1823","6","0","0","0","0","0","0","0","0","","0","0","0","18","1","1","","5","0","39 54:49.676","","0","75 14:10.316","8","0","0","0","67301","1","0","0","N","1","0","0","2","67301","0","","1.0","","1","N","N","N","0","","0","0","0","1","3","","1822","2","1","0","0","0","1","0","2","0","1","1","0","0","3","","","N","","","","","","","","","",""
"2022115583","0146","1","0","0","0","0","0","0","0","0","5","0","","67","11","2022","3","39.961093","-75.182319","0118","6","0","0","0","0","0","1","0","0","","0","0","0","1","3","0","N","0","1","39 57:39.936","3","0","75 10:56.348","0","0","0","0","67301","0","0","0","N","0","0","0","3","68K01","0","","1.0","150.0","1","N","N","N","0","","0","0","1","0","0","N","115","2","0","0","0","0","0","0","2","0","2","0","0","0","3","","","N","","","","","","","","","",""
"2022086686","1215","0","0","0","0","0","0","0","0","0","1","0","","67","9","2022","4","40.0025","-75.145611","1209","6","0","0","0","0","0","0","0","0","","0","0","0","11","1","1","N","0","0","40 00:09.000","","0","75 08:44.200","4","0","0","0","67301","1","0","0","N","1","0","0","2","67301","1","","6.0","","1","N","N","N","1","","0","0","1","0","0","","1114","3","1","0","0","0","0","0","2","0","2","1","0","0","3","","","N","","","","","","","","","",""
"2022115121","0422","0","0","0","0","0","0","0","0","0","7","0","","67","11","2022","2","40.019808","-75.148726","0413","6","0","0","0","0","0","1","0","0","","0","0","0","4","3","1","N","0","2","40 01:11.307","2","0","75 08:55.412","3","0","0","0","67301","0","0","0","N","0","0","0","1","67301","0","","3.0","500.0","1","N","N","N","0","","1","0","1","0","0","Y","409","1","1","0","0","0","0","0","2","0","1","0","0","0","3","03","","N","","","","","","","","","",""
"2022114722","1715","0","0","0","0","0","0","1","0","0","8","1","","67","11","2022","4","39.955578","-75.233984","1641","6","0","0","0","0","0","0","0","0","","0","0","0","16","4","5","","1","0","39 57:20.080","","0","75 14:02.342","3","0","0","0","67301","1","0","0","N","1","0","0","6","67508","0","","1.0","","1","N","N","N","0","","5","0","0","3","2","","1641","2","5","0","0","0","0","0","2","0","1","1","0","0","3","03","","N","","","","","","","","","",""
"2022086643","0215","0","0","0","1","0","0","0","0","0","8","0","","67","9","2022","5","39.925619","-75.169466","0210","6","0","0","0","0","0","0","0","0","","0","0","0","2","3","1","","5","0","39 55:32.229","","0","75 10:10.076","3","0","0","0","67301","1","0","0","N","0","0","0","3","67508","0","","1.0","","1","N","N","N","1","","1","0","0","2","2","","200","2","1","0","0","0","0","0","2","0","1","1","0","0","3","03","","N","","","","","","","","","",""
"2022067814","2236","0","0","0","0","0","0","0","0","0","7","0","","67","7","2022","7","40.001585","-75.152798","2232","6","0","0","0","0","0","0","0","0","","0","0","0","22","3","3","","1","2","40 00:05.705","5","0","75 09:10.074","8","0","0","0","67301","0","0","0","N","0","0","0","4","67505","0","","4.0","1200.0","1","N","N","N","0","","0","0","1","3","2","Y","2236","1","3","2","0","0","3","0","2","0","1","0","0","0","3","03","","N","","","","","","","","","",""
"2022109184","1645","0","0","0","0","0","0","0","0","0","1","0","","67","11","2022","5","39.905279","-75.194743","1643","6","0","0","0","0","0","1","0","0","","0","0","0","15","1","1","N","0","0","39 54:19.003","","3","75 11:41.075","3","0","0","0","67301","0","0","0","N","0","0","0","2","67301","0","","1.0","","1","N","N","N","0","","1","0","2","0","0","","1531","2","1","0","0","0","0","0","2","0","2","0","0","0","3","03","","N","","","","","","","","","",""
"2022109435","1530","1","0","0","0","0","0","0","0","0","7","0","","67","11","2022","5","39.95904","-75.140625","1530","6","0","0","0","0","0","0","1","0","","0","0","0","15","1","1","N","0","0","39 57:32.543","","0","75 08:26.250","3","0","0","0","67301","0","0","0","N","0","0","0","1","68K01","0","","2.0","","1","N","N","N","0","","1","0","0","0","0","","1530","1","1","1","0","0","0","0","2","0","1","0","0","0","3","","","N","","","","","","","","","",""
"2022087962","0203","1","0","0","0","0","0","0","0","0","2","0","","67","9","2022","4","39.985333","-75.212472","0200","6","0","0","0","0","0","0","0","0","","0","0","0","1","3","3","N","0","2","39 59:07.200","6","0","75 12:44.900","2","0","0","0","67301","0","0","0","N","0","0","0","3","67301","0","","1.0","215.0","1","N","N","N","0","","0","3","1","0","0","Y","159","2","3","0","0","0","0","0","2","0","2","0","0","0","3","03","","N","","","","","","","","","",""
"2022085365","1720","2","0","0","0","0","0","0","0","0","4","0","","67","9","2022","5","40.056408","-75.014188","1717","6","0","0","0","0","0","0","0","1","","0","0","0","16","1","2","","2","1","40 03:23.068","3","6","75 00:51.078","3","0","0","0","67301","0","0","0","N","0","0","0","2","67301","0","","1.0","1747.0","1","N","N","N","0","","1","0","0","3","3","N","1650","2","2","0","0","0","1","0","2","0","2","0","0","0","3","03","","N","","","","","","","","","",""
"2022087674","0153","1","0","0","0","0","0","0","0","0","6","0","","67","9","2022","6","40.029669","-75.131983","0153","6","0","0","0","0","0","0","0","0","","0","0","0","1","3","0","N","0","2","40 01:46.810","5","0","75 07:55.140","9","0","0","0","67301","0","0","0","N","0","0","0","1","67301","0","","6.0","231.0","1","N","N","N","0","","0","0","0","0","0","Y","135","2","0","0","0","0","0","1","2","1","2","0","0","0","3","03","","N","","","","","","","","","",""
"2022115559","2021","0","0","0","0","0","0","0","0","0","7","0","","67","10","2022","2","40.030884","-75.021803","2013","6","0","0","0","0","0","0","0","0","","0","0","0","20","3","0","N","0","1","40 01:51.182","2","0","75 01:18.491","0","0","0","0","67301","0","0","0","N","0","0","0","1","68K01","0","","4.0","2050.0","9","N","N","N","0","","0","0","1","0","0","N","2011","1","0","0","0","0","0","0","2","0","1","0","0","0","7","","","N","","","","","","","","","",""
"2022114687","1620","1","0","0","0","0","0","0","0","0","8","0","","67","11","2022","6","40.003756","-75.169656","1613","6","0","0","0","0","0","0","0","0","","0","0","0","15","1","1","N","0","0","40 00:13.522","","0","75 10:10.762","8","0","0","0","67301","1","0","0","N","1","0","0","1","67301","0","","1.0","","1","N","N","N","0","","0","0","0","0","0","","1551","2","1","0","0","0","1","0","2","0","1","1","0","0","3","","","N","","","","","","","","","",""