"CRN","ARRIVAL_TM","AUTOMOBILE_COUNT","BELTED_DEATH_COUNT","BELTED_SUSP_SERIOUS_INJ_COUNT","BICYCLE_COUNT","BICYCLE_DEATH_COUNT","BICYCLE_SUSP_SERIOUS_INJ_COUNT","BUS_COUNT","CHLDPAS_DEATH_COUNT","CHLDPAS_SUSP_SERIOUS_INJ_COUNT","COLLISION_TYPE","COMM_VEH_COUNT","CONS_ZONE_SPD_LIM","COUNTY","CRASH_MONTH","CRASH_YEAR","DAY_OF_WEEK","DEC_LATITUDE","DEC_LONGITUDE","DISPATCH_TM","DISTRICT","DRIVER_COUNT_16YR","DRIVER_COUNT_17YR","DRIVER_COUNT_18YR","DRIVER_COUNT_19YR","DRIVER_COUNT_20YR","DRIVER_COUNT_50_64YR","DRIVER_COUNT_65_74YR","DRIVER_COUNT_75PLUS","EST_HRS_CLOSED","FATAL_COUNT","HEAVY_TRUCK_COUNT","HORSE_BUGGY_COUNT","HOUR_OF_DAY","ILLUMINATION","INJURY_COUNT","INTERSECTION_RELATED","INTERSECT_TYPE","LANE_CLOSED","LATITUDE","LN_CLOSE_DIR","LOCATION_TYPE","LONGITUDE","MAX_SEVERITY_LEVEL","MCYCLE_DEATH_COUNT","MCYCLE_SUSP_SERIOUS_INJ_COUNT","MOTORCYCLE_COUNT","MUNICIPALITY","NONMOTR_COUNT","NONMOTR_DEATH_COUNT","NONMOTR_SUSP_SERIOUS_INJ_COUNT","NTFY_HIWY_MAINT","PED_COUNT","PED_DEATH_COUNT","PED_SUSP_SERIOUS_INJ_COUNT","PERSON_COUNT","POLICE_AGCY","POSSIBLE_INJ_COUNT","RDWY_SURF_TYPE_CD","RELATION_TO_ROAD","ROADWAY_CLEARED","ROAD_CONDITION","SCH_BUS_IND","SCH_ZONE_IND","SECONDARY_CRASH","SMALL_TRUCK_COUNT","SPEC_JURIS_CD","SUSP_MINOR_INJ_COUNT","SUSP_SERIOUS_INJ_COUNT","SUV_COUNT","TCD_FUNC_CD","TCD_TYPE","TFC_DETOUR_IND","TIME_OF_DAY","TOTAL_UNITS","TOT_INJ_COUNT","UNBELTED_OCC_COUNT","UNB_DEATH_COUNT","UNB_SUSP_SERIOUS_INJ_COUNT","UNK_INJ_DEG_COUNT","UNK_INJ_PER_COUNT","URBAN_RURAL","VAN_COUNT","VEHICLE_COUNT","VULNERABLE_ROAD_USER_COUNT","VULNERABLE_ROAD_USER_DEATH_COUNT","VULNERABLE_ROAD_USER_SER_INJ_COUNT","WEATHER1","WEATHER2","WORKERS_PRES","WORK_ZONE_IND","WORK_ZONE_LOC","WORK_ZONE_TYPE","WZ_CLOSE_DETOUR","WZ_FLAGGER","WZ_LAW_OFFCR_IND","WZ_LN_CLOSURE","WZ_MOVING","WZ_OTHER","WZ_SHLDER_MDN","WZ_WORKERS_INJ_KILLED"
"2022109178","1319","1","0","0","0","0","0","0","0","0","7","0","","67","11","2022","6","40.008148","-75.202934","1314","6","0","0","0","0","0","0","0","0","","0","0","0","13","1","0","N","0","0","40 00:29.332","","0","75 12:10.562","9","0","0","0","67301","0","0","0","N","0","0","0","1","68K01","0","","3.0","","1","N","N","N","0","","0","0","0","0","0","","1311","1","0","0","0","0","0","1","2","0","1","0","0","0","3","","","N","","","","","","","","","",""
"2022090383","1620","0","0","0","0","0","0","0","0","0","7","0","","67","9","2022","6","39.987947","-75.216303","1608","6","0","0","0","0","0","0","0","0","","0","0","0","16","1","1","N","0","0","39 59:16.609","","0","75 12:58.692","3","0","0","0","67301","0","0","0","N","0","0","0","1","67301","0","","4.0","","1","N","N","N","0","","1","0","1","0","0","","1606","1","1","1","0","0","0","0","2","0","1","0","0","0","3","03","","N","","","","","","","","","",""
"2022091275","1412","1","0","0","0","0","0","0","0","0","7","0","","67","9","2022","5","39.929866","-75.146149","1412","6","0","0","0","0","0","0","0","0","","0","0","0","14","1","0","N","0","1","39 55:47.516","2","3","75 08:46.138","0","0","0","0","67301","0","0","0","N","0","0","0","1","68K01","0","","3.0","1430.0","1","N","N","N","0","","0","0","0","0","0","N","1402","1","0","0","0","0","0","0","2","0","1","0","0","0","3","","","N","","","","","","","","","",""
"2022119863","1843","1","0","0","0","0","0","0","0","0","4","0","","67","12","2022","6","39.927031","-75.195203","1828","6","0","0","0","1","0","0","0","0","","0","0","0","18","3","2","N","0","1","39 55:37.310","3","0","75 11:42.730","3","0","0","0","67301","0","0","0","N","0","0","0","5","68K01","0","","1.0","1919.0","1","N","N","N","0","","2","0","0","0","0","Y","1826","2","2","0","0","0","0","0","2","1","2","0","0","0","3","","","N","","","","","","","","","",""
"2022089505","1400","2","0","0","0","0","0","0","0","0","1","0","","67","9","2022","5","39.935681","-75.199266","1400","6","0","0","0","0","0","1","0","0","","0","0","0","15","1","1","","2","0","39 56:08.450","","2","75 11:57.357","3","0","0","0","67301","0","0","0","N","0","0","0","3","67301","0","","1.0","","1","N","N","Y","0","","1","0","1","0","0","","1500","3","1","1","0","0","0","0","2","0","3","0","0","0","3","03","","N","","","","","","","","","",""
"2022089887","0043","1","0","0","0","0","0","0","0","0","5","0","","67","9","2022","4","39.988208","-75.153583","0038","6","0","0","0","0","0","0","0","0","","0","0","0","23","3","0","N","0","0","39 59:17.550","","0","75 09:12.900","9","0","0","0","67301","0","0","0","N","0","0","0","1","67301","0","","6.0","","1","N","N","N","1","","0","0","1","0","0","","2300","3","0","0","0","0","0","1","2","0","3","0","0","0","3","","","N","","","","","","","","","",""
"2022124081","0111","1","0","0","0","0","0","0","0","0","1","1","","67","12","2022","7","40.010125","-75.174247","0111","6","0","0","0","0","0","1","0","0","","0","1","0","0","3","1","N","0","1","40 00:36.450","1","0","75 10:27.290","3","0","0","0","67301","0","0","0","N","0","0","0","1","67301","0","","6.0","300.0","1","N","N","N","0","","1","0","0","0","0","Y","59","2","1","1","0","0","0","0","2","0","2","0","0","0","3","03","","N","","","","","","","","","",""
"2022110245","1848","1","0","0","0","0","0","0","0","0","8","0","","67","10","2022","6","39.958522","-75.22555","1833","6","0","0","0","0","0","1","0","0","","0","0","0","17","4","1","N","0","0","39 57:30.680","","0","75 13:31.979","3","0","0","0","67301","1","0","0","N","1","0","0","2","67301","0","","6.0","","1","N","N","N","0","","1","0","0","0","0","","1730","2","1","1","0","0","0","0","2","0","1","1","0","0","3","03","","N","","","","","","","","","",""
"2022087434","1337","1","0","0","0","0","0","0","0","0","4","0","","67","9","2022","5","40.022303","-75.162025","1337","6","0","0","0","0","0","0","0","0","","0","0","0","13","1","4","","1","0","40 01:20.289","","0","75 09:43.290","4","0","0","0","67301","0","0","0","N","0","0","0","4","67301","4","","1.0","","9","N","N","N","0","","0","0","1","3","2","","1337","2","4","0","0","0","0","0","2","0","2","0","0","0","7","04","","N","","","","","","","","","",""
"2022113187","0010","0","0","0","0","0","0","0","0","0","7","0","","67","9","2022","3","40.018657","-75.147971","0002","6","0","0","0","0","0","0","0","0","","0","0","0","23","3","1","N","0","0","40 01:07.165","","0","75 08:52.696","3","0","0","0","67301","0","0","0","N","0","0","0","1","67301","0","","4.0","","1","N","N","N","0","","1","0","1","0","0","","2342","1","1","1","0","0","0","0","2","0","1","0","0","0","3","03","","N","","","","","","","","","",""
"2022069747","0118","1","0","0","0","0","0","0","0","0","5","0","","67","7","2022","7","39.942322","-75.153903","0115","6","0","0","0","0","0","0","0","0","","0","0","0","1","3","0","N","0","0","39 56:32.360","","0","75 09:14.050","9","0","0","0","67301","0","0","0","N","0","0","0","1","67301","0","","6.0","","1","N","N","N","0","","0","0","1","0","0","","105","2","0","0","0","0","0","1","2","0","2","0","0","0","4","04","","N","","","","","","","","","",""
"2022097366","1652","0","0","0","0","0","0","0","0","0","1","0","","67","9","2022","4","40.007557","-75.072455","1613","6","0","0","0","0","0","0","0","0","","0","0","0","15","1","1","N","0","0","40 00:27.206","","0","75 04:20.837","4","0","0","0","67301","0","0","0","N","0","0","0","4","68K01","1","","1.0","","1","N","N","N","0","","0","0","2","0","0","","1558","3","1","0","0","0","0","3","2","0","3","0","0","0","3","","","N","","","","","","","","","",""
"2022087634","1805","0","0","0","0","0","0","0","0","0","4","0","","67","9","2022","5","40.038107","-75.064767","1804","6","0","0","0","0","0","0","0","0","","0","0","0","14","1","0","","1","0","40 02:17.185","","0","75 03:53.161","0","0","0","0","67301","0","0","0","N","0","0","0","2","67301","0","","1.0","","1","N","N","N","0","","0","0","1","3","2","","1446","2","0","0","0","0","0","0","2","1","2","0","0","0","3","03","","N","","","","","","","","","",""
"2022088039","1240","1","0","0","0","0","0","0","0","0","8","0","","67","9","2022","6","40.029053","-75.205815","1231","6","0","0","0","0","0","0","0","0","","0","0","0","12","1","3","N","0","0","40 01:44.590","","0","75 12:20.935","2","0","0","0","67301","2","0","1","N","2","0","1","4","67301","0","","1.0","","1","N","N","Y","0","","2","1","0","0","0","","1230","3","3","0","0","0","0","0","2","0","1","2","0","1","3","03","","N","","","","","","","","","",""
"2022114516","0145","2","0","0","0","0","0","0","0","0","1","0","","67","12","2022","1","40.089616","-74.974901","0142","6","0","0","0","0","0","0","0","0","","0","0","0","1","3","1","N","0","0","40 05:22.616","","99","74 58:29.644","4","0","0","0","67301","0","0","0","N","0","0","0","2","67301","1","","1.0","","1","N","N","N","0","","0","0","0","0","0","","100","2","1","0","0","0","0","0","2","0","2","0","0","0","3","03","","N","","","","","","","","","",""
"2022115940","1335","2","0","0","0","0","0","0","0","0","6","0","","67","11","2022","4","39.99045","-75.127913","1328","6","0","0","0","0","0","0","0","0","","0","0","0","13","1","0","N","0","1","39 59:25.621","4","7","75 07:40.485","0","0","0","0","67301","0","0","0","N","0","0","0","2","67301","0","","1.0","1355.0","9","N","N","N","0","","0","0","0","0","0","Y","1321","2","0","0","0","0","0","0","2","0","2","0","0","0","7","07","","N","","","","","","","","","",""
"2022088792","1348","1","0","0","0","0","0","0","0","0","8","0","","67","9","2022","4","40.073042","-75.036586","1346","6","0","0","0","0","0","0","1","0","","0","0","0","13","1","1","","2","0","40 04:22.950","","0","75 02:11.709","8","0","0","0","67301","1","0","0","N","1","0","0","2","67301","0","","1.0","","1","N","N","N","0","","0","0","0","3","3","","1338","2","1","1","0","0","1","0","2","0","1","1","0","0","3","03","","N","","","","","","","","","",""
"2022123002","0307","1","0","0","0","0","0","0","0","0","7","0","","67","11","2022","7","39.956907","-75.154421","0301","6","0","0","0","0","0","0","0","0","","0","0","0","2","3","0","N","0","0","39 57:24.864","","0","75 09:15.917","9","0","0","0","67301","0","0","0","N","0","0","0","1","68K01","0","","4.0","","9","N","N","N","0","","0","0","0","0","0","","258","1","0","1","0","0","0","1","2","0","1","0","0","0","7","","","N","","","","","","","","","",""
"2022088123","1035","3","0","0","0","0","0","0","0","0","5","0","","67","9","2022","6","39.960361","-75.233028","1035","6","0","1","0","0","0","0","0","0","","0","0","0","10","1","0","N","0","0","39 57:37.300","","7","75 13:58.900","0","0","0","0","67301","0","0","0","N","0","0","0","4","67301","0","","6.0","","1","N","N","Y","1","","0","0","2","0","0","","1030","6","0","1","0","0","0","0","2","0","6","0","0","0","3","03","","N","","","","","","","","","",""
"2022087961","2145","2","0","0","0","0","0","0","0","0","1","0","35","67","9","2022","6","39.9545","-75.14325","2145","6","0","0","0","0","0","1","0","0","","0","0","0","21","3","0","N","0","1","39 57:16.200","4","3","75 08:35.700","9","0","0","0","67301","0","0","0","N","0","0","0","5","67501","0","","1.0","2209.0","1","N","N","N","0","","0","0","2","0","0","N","2145","4","0","0","0","0","0","1","2","0","4","0","0","0","3","03","Y","Y","4","1","","","N","Y","","","","N"
"2022123209","1404","2","0","0","0","0","0","0","0","0","1","1","","67","11","2022","6","39.99345","-75.084664","1347","6","0","0","0","0","0","0","0","0","","0","1","0","13","1","3","N","0","1","39 59:36.421","1","0","75 05:04.789","4","0","0","0","67301","0","0","0","N","0","0","0","5","68K01","3","","1.0","1430.0","9","N","N","N","0","","0","0","2","0","0","N","1346","5","3","0","0","0","0","0","2","0","5","0","0","0","7","","","N","","","","","","","","","",""
"2022087970","0031","4","0","0","0","0","0","0","0","0","4","0","","67","9","2022","5","39.976176","-75.160962","0030","6","0","0","0","0","0","0","0","0","","0","0","0","23","3","2","","1","2","39 58:34.232","3","0","75 09:39.464","8","0","0","0","67301","0","0","0","N","0","0","0","4","67505","0","","1.0","130.0","1","N","N","N","0","","0","0","0","3","3","Y","2320","4","2","1","0","0","2","0","2","0","4","0","0","0","3","03","","N","","","","","","","","","",""
"2022090817","2102","0","0","0","0","0","0","0","0","0","4","0","","67","10","2022","1","40.022303","-75.162025","2102","6","0","1","0","0","0","0","0","0","","0","0","0","20","3","1","","1","0","40 01:20.289","","0","75 09:43.290","3","0","0","0","67301","0","0","0","N","0","0","0","2","67301","0","","1.0","","9","N","N","N","0","","1","0","2","3","2","","2050","2","1","1","0","0","0","0","2","0","2","0","0","0","7","07","","N","","","","","","","","","",""
"2022090561","0959","4","0","0","0","0","0","0","0","0","4","0","","67","10","2022","7","40.025129","-75.082673","0956","6","0","0","0","0","0","1","0","0","","0","0","0","9","1","3","","1","1","40 01:30.464","6","0","75 04:57.622","3","0","0","0","67301","0","0","0","N","0","0","0","5","67301","0","","1.0","1113.0","9","N","N","N","0","","3","0","2","3","3","Y","955","6","3","0","0","0","0","0","2","0","6","0","0","0","4","04","","N","","","","","","","","","",""
"2022116650","1103","2","0","0","0","0","0","0","0","0","2","0","","67","12","2022","5","40.105161","-75.032846","1103","6","0","0","0","0","0","0","0","2","","0","0","0","11","1","1","","1","0","40 06:18.580","","0","75 01:58.246","3","0","0","0","67301","0","0","0","N","0","0","0","2","67301","0","","1.0","","1","N","N","N","0","","1","0","0","3","2","","1103","2","1","0","0","0","0","0","2","0","2","0","0","0","3","03","","N","","","","","","","","","",""
"2022109461","1034","1","0","0","0","0","0","0","0","0","8","0","","67","11","2022","6","40.038972","-75.150018","1031","6","0","0","0","0","0","0","1","0","","0","0","0","10","1","1","","1","0","40 02:20.298","","0","75 09:00.066","3","0","0","0","67301","1","0","0","N","1","0","0","2","67301","0","","1.0","","1","N","Y","N","0","","1","0","0","3","2","","1025","2","1","0","0","0","0","0","2","0","1","1","0","0","3","","","N","","","","","","","","","",""
"2022087742","0950","1","0","0","0","0","0","0","0","0","5","1","","67","9","2022","5","40.042884","-75.024048","0931","6","0","0","0","0","0","1","0","1","","0","1","0","9","1","0","N","0","0","40 02:34.382","","0","75 01:26.571","0","0","0","0","67301","0","0","0","N","0","0","0","2","67301","0","","1.0","","1","N","N","N","0","","0","0","0","0","0","","915","2","0","0","0","0","0","0","2","0","2","0","0","0","3","03","","N","","","","","","","","","",""
"2022088562","1311","0","0","0","0","0","0","0","0","0","8","0","","67","9","2022","6","39.951701","-75.236857","1309","6","0","0","0","0","0","0","1","0","","0","0","0","13","1","1","","1","0","39 57:06.123","","0","75 14:12.685","3","0","0","0","67301","1","0","0","N","0","0","0","2","67301","0","","1.0","","1","N","N","N","0","","1","0","1","3","1","","1304","2","1","0","0","0","0","0","2","0","1","1","0","0","3","03","","N","","","","","","","","","",""
"2022102221","0940","0","0","0","1","0","0","0","0","0","8","0","","67","10","2022","2","39.935791","-75.156253","0927","6","0","0","0","0","1","0","0","0","","0","0","0","7","5","1","","1","0","39 56:08.847","","0","75 09:22.510","4","0","0","0","67301","1","0","0","N","0","0","0","2","67301","1","","1.0","","1","N","N","N","0","","0","0","1","3","2","","745","2","1","0","0","0","0","0","2","0","1","1","0","0","3","03","","N","","","","","","","","","",""
"2022110085","2345","0","0","0","0","0","0","0","0","0","7","0","","67","9","2022","3","40.006675","-75.151814","2339","6","0","0","0","0","0","0","0","0","","1","0","0","23","3","0","N","0","0","40 00:24.030","","0","75 09:06.532","1","1","0","1","67301","0","0","0","N","0","0","0","1","67301","0","2","4.0","","1","N","N","N","0","0","0","0","0","0","0","","2330","1","0","0","0","0","0","0","2","0","1","0","0","0","3","03","","N","","","","","","","","","",""
"2022087348","2150","1","0","0","0","0","0","0","0","0","4","0","","67","9","2022","6","40.048056","-75.069072","2149","6","0","0","0","0","0","0","0","0","","0","0","0","21","3","1","","1","0","40 02:53.003","","0","75 04:08.659","8","0","0","1","67301","0","0","0","N","0","0","0","2","67301","0","","1.0","","1","N","N","N","0","","0","0","0","3","2","","2147","2","1","0","0","0","1","1","2","0","2","0","0","0","3","","","N","","","","","","","","","",""
"2022114297","0014","0","0","0","0","0","0","0","0","0","7","0","","67","10","2022","1","40.018974","-75.046013","0008","6","0","0","0","0","0","0","0","0","","0","0","0","23","3","0","N","0","0","40 01:08.307","","0","75 02:45.647","0","0","0","0","67301","0","0","0","N","0","0","0","1","68K01","0","","2.0","","9","N","N","N","0","","0","0","1","0","0","","2318","1","0","0","0","0","0","0","2","0","1","0","0","0","3","","","N","","","","","","","","","",""
"2022116350","0452","2","0","0","0","0","0","0","0","0","7","0","","67","12","2022","3","40.031718","-75.053322","0447","6","0","0","0","0","0","0","0","0","","1","0","0","4","3","1","","5","0","40 01:54.185","","0","75 03:11.958","1","0","0","0","67301","0","0","0","N","0","0","0","3","67301","0","2","3.0","","1","N","N","Y","0","0","1","0","0","3","2","","447","2","1","0","0","0","0","0","2","0","2","0","0","0","3","03","","N","","","","","","","","","",""
"2022124885","1255","2","0","0","0","0","0","0","0","0","4","0","","67","12","2022","6","39.960365","-75.189449","1253","6","0","0","0","0","0","0","0","0","","0","0","0","12","1","0","N","1","0","39 57:37.313","","0","75 11:22.016","0","0","0","0","67301","0","0","0","N","0","0","0","2","67507","0","","1.0","","1","N","N","N","0","","0","0","0","3","2","","1250","2","0","0","0","0","0","0","2","0","2","0","0","0","3","","","N","","","","","","","","","",""
"2022120112","1620","0","0","0","0","0","0","0","0","0","8","0","","67","12","2022","7","39.918742","-75.182697","1611","6","0","0","0","0","0","0","0","0","","0","0","0","16","4","1","N","0","0","39 55:07.470","","0","75 10:57.710","3","0","0","0","67301","1","0","0","N","1","0","0","2","67301","0","","1.0","","9","N","N","N","0","","1","0","1","0","0","","1600","2","1","0","0","0","0","0","2","0","1","1","0","0","4","04","","N","","","","","","","","","",""
"2022124327","0211","1","0","0","0","0","0","0","0","0","7","0","45","67","12","2022","4","40.07628","-75.032922","0204","6","0","0","0","0","0","0","0","0","","0","0","0","1","3","1","N","0","0","40 04:34.607","","0","75 01:58.519","8","0","0","0","67301","0","0","0","N","0","0","0","1","67301","0","","3.0","","1","N","N","N","0","","0","0","0","3","8","","155","1","1","0","0","0","1","0","2","0","1","0","0","0","3","03","N","Y","2","3","Y","N","N","Y","N","N","Y","N"
"2022124984","1245","0","0","0","0","0","0","0","0","0","1","0","","67","12","2022","3","40.019065","-75.045824","1242","6","0","0","0","0","0","0","0","0","","0","0","0","12","1","1","N","0","0","40 01:08.635","","0","75 02:44.967","8","0","0","0","67301","0","0","0","N","0","0","0","2","68K01","0","","1.0","","1","N","N","N","0","","0","0","2","0","0","","1238","2","1","0","0","0","1","0","2","0","2","0","0","0","3","","","N","","","","","","","","","",""
"2022118336","","2","0","0","0","0","0","0","0","0","1","0","","67","10","2022","5","39.914008","-75.149937","","6","0","0","0","0","0","1","0","0","","0","0","0","16","1","1","","1","0","39 54:50.430","","0","75 08:59.773","8","0","0","0","67301","0","0","0","N","0","0","0","2","00000","0","","1.0","","1","","","N","0","","0","0","0","3","2","","1600","2","1","1","0","0","1","0","2","0","2","0","0","0","3","","","N","","","","","","","","","",""
"2022091012","2052","1","0","0","0","0","0","0","0","0","8","0","","67","10","2022","7","40.114146","-74.987744","2047","6","0","0","0","0","0","0","0","0","","0","0","0","20","3","1","","1","0","40 06:50.926","","0","74 59:15.880","3","0","0","0","67301","1","0","0","N","1","0","0","2","67301","0","","1.0","","9","N","N","N","0","","1","0","0","3","2","","2029","2","1","0","0","0","0","0","2","0","1","1","0","0","7","","","N","","","","","","","","","",""
"2022090023","1200","0","0","0","0","0","0","0","0","0","8","0","","67","9","2022","6","40.053535","-75.091761","1151","6","0","0","0","0","0","0","0","0","","0","0","0","11","1","1","N","0","0","40 03:12.726","","0","75 05:30.338","3","0","0","0","67301","1","0","0","N","0","0","0","2","67301","0","","1.0","","1","N","N","N","0","","1","0","0","0","0","","1150","2","1","0","0","0","0","0","2","1","1","1","0","0","4","04","","N","","","","","","","","","",""
"2022122221","2325","0","0","0","0","0","0","0","0","0","2","0","","67","12","2022","2","39.973389","-75.227611","2320","6","0","0","0","0","0","0","1","0","","0","1","0","23","3","1","N","0","0","39 58:24.200","","0","75 13:39.400","4","0","0","0","67301","0","0","0","N","0","0","0","1","67301","1","","6.0","","1","N","N","N","0","","0","0","1","0","0","","2300","3","1","0","0","0","0","0","2","1","3","0","0","0","3","","","N","","","","","","","","","",""
"2022091011","1601","1","0","0","0","0","0","0","0","0","4","0","","67","10","2022","7","39.960784","-75.14348","1600","6","0","0","0","0","0","0","0","0","","0","0","0","13","1","4","","1","0","39 57:38.821","","0","75 08:36.527","3","0","0","0","67301","0","0","0","N","0","0","0","5","67301","2","","1.0","","99","N","N","N","0","","2","0","1","3","2","","1300","2","4","0","0","0","0","0","2","0","2","0","0","0","3","03","","N","","","","","","","","","",""
"2022092512","1800","1","0","0","0","0","0","0","0","0","2","0","","67","10","2022","7","39.9966","-75.198869","1753","6","0","0","0","0","0","1","0","0","","0","0","0","17","1","3","N","0","1","39 59:47.760","7","0","75 11:55.930","8","0","0","0","67301","0","0","0","N","0","0","0","3","67301","0","","1.0","2016.0","9","N","N","N","0","","0","0","1","0","0","N","1749","2","3","0","0","0","3","0","2","0","2","0","0","0","7","07","","N","","","","","","","","","",""
"2022121344","1609","0","0","0","0","0","0","0","0","0","7","1","","67","12","2022","2","39.932231","-75.218908","1536","6","0","0","0","0","0","0","0","0","","0","1","0","15","1","0","N","0","1","39 55:56.030","3","1","75 13:08.070","0","0","0","0","67301","0","0","0","N","0","0","0","2","67301","0","","1.0","1920.0","1","N","N","N","0","","0","0","0","0","0","N","1522","1","0","0","0","0","0","0","2","0","1","0","0","0","4","","","N","","","","","","","","","",""
"2022089851","1520","2","0","0","0","0","0","0","0","0","4","0","","67","9","2022","4","39.955409","-75.194316","1510","6","0","0","0","0","0","1","1","0","","0","0","0","14","1","2","","1","0","39 57:19.472","","0","75 11:39.537","3","0","0","0","67301","0","0","0","N","0","0","0","2","67301","0","","1.0","","1","N","N","N","0","","2","0","0","3","3","","1459","2","2","0","0","0","0","0","2","0","2","0","0","0","3","03","","N","","","","","","","","","",""
"2022107381","0823","1","0","0","0","0","0","0","0","0","1","0","","67","9","2022","4","40.00119","-75.194684","0823","6","0","0","0","0","0","0","0","0","","0","0","0","8","1","1","N","0","1","40 00:04.285","4","0","75 11:40.862","3","0","0","0","67301","0","0","0","N","0","0","0","3","68K01","0","","1.0","850.0","1","N","N","N","0","","1","0","1","0","0","N","823","2","1","1","0","0","0","0","2","0","2","0","0","0","3","","","N","","","","","","","","","",""
"2022115119","2355","3","0","0","0","0","0","0","0","0","4","0","","67","12","2022","7","40.045289","-75.156994","2340","6","0","0","0","0","0","0","0","0","","0","0","0","23","3","1","N","0","2","40 02:43.040","4","0","75 09:25.180","3","0","0","0","67301","0","0","0","N","0","0","0","1","67301","0","","1.0","128.0","1","N","N","N","1","","1","0","0","0","0","N","2339","4","1","0","0","0","0","0","2","0","4","0","0","0","3","03","","N","","","","","","","","","",""
"2022091392","1209","1","0","0","0","0","0","0","0","0","4","0","","67","9","2022","4","39.953098","-75.181817","1206","6","0","0","0","0","0","1","0","0","","0","0","0","12","1","1","","1","1","39 57:11.151","3","8","75 10:54.540","8","0","0","0","67301","0","0","0","N","0","0","0","2","67301","0","","1.0","1230.0","1","N","N","N","0","","0","0","1","3","2","N","1200","2","1","0","0","0","1","0","2","0","2","0","0","0","3","","","N","","","","","","","","","",""
"2022122408","1957","1","0","0","0","0","0","0","0","0","8","0","","67","12","2022","3","39.99779","-75.123804","1951","6","0","0","0","0","0","1","0","0","","0","0","0","19","3","1","N","0","0","39 59:52.045","","0","75 07:25.693","3","0","0","0","67301","1","0","0","N","1","0","0","2","67301","0","","6.0","","1","N","N","N","0","","1","0","0","0","0","","1944","2","1","0","0","0","0","0","2","0","1","1","0","0","3","03","","N","","","","","","","","","",""
"2022118353","","0","0","0","0","0","0","0","0","0","4","0","","67","10","2022","6","39.956808","-75.233732","","6","0","0","0","0","0","0","0","0","","0","0","0","19","1","1","","1","0","39 57:24.508","","0","75 14:01.435","8","0","0","0","67301","0","0","0","N","0","0","0","2","00000","0","","1.0","","1","","","N","0","","0","0","0","3","3","","1900","2","1","0","0","0","1","0","2","0","2","0","0","0","3","","","N","","","","","","","","","",""
"2022090167","2223","2","0","0","0","0","0","0","0","0","5","0","","67","9","2022","6","39.98249","-75.156971","2223","6","0","0","0","0","0","0","0","0","","0","0","0","22","3","0","N","0","0","39 58:56.965","","0","75 09:25.097","9","0","0","0","67301","0","0","0","N","0","0","0","3","67505","0","","1.0","","9","N","N","N","0","","0","0","0","0","0","","2214","2","0","0","0","0","0","3","2","0","2","0","0","0","7","07","","N","","","","","","","","","",""
"2022090308","0120","1","0","0","0","0","0","0","0","0","2","0","","67","9","2022","5","40.109243","-74.99519","0110","6","0","0","1","0","0","0","0","0","","0","0","0","1","3","2","N","0","2","40 06:33.275","2","0","74 59:42.684","4","0","0","0","67301","0","0","0","N","0","0","0","3","67301","2","","1.0","230.0","1","N","N","N","0","","0","0","1","0","0","Y","105","2","2","0","0","0","0","1","2","0","2","0","0","0","3","03","","N","","","","","","","","","",""
"2022094883","0154","3","0","0","0","0","0","0","0","0","1","0","","67","10","2022","1","39.97115","-75.121481","0154","6","0","0","0","0","0","0","0","0","","0","0","0","1","3","0","Y","0","0","39 58:16.141","","0","75 07:17.333","0","0","0","0","67301","0","0","0","N","0","0","0","4","67301","0","","1.0","","9","N","N","N","0","","0","0","0","3","2","","140","3","0","1","0","0","0","0","2","0","3","0","0","0","7","04","","N","","","","","","","","","",""
"2022090801","0009","2","0","0","0","0","0","0","0","0","5","0","","67","10","2022","1","40.031581","-75.129183","0009","6","0","0","0","0","0","0","0","0","","0","0","0","0","3","2","N","0","0","40 01:53.690","","0","75 07:45.060","3","0","0","0","67301","0","0","0","N","0","0","0","2","67301","0","","6.0","","9","N","N","N","0","","1","0","0","0","0","","0","2","2","0","0","0","1","0","2","0","2","0","0","0","7","07","","N","","","","","","","","","",""
"2022123848","1503","1","0","0","0","0","0","0","0","0","5","1","","67","11","2022","3","39.974257","-75.194228","1503","6","0","0","1","0","0","1","0","0","","0","1","0","14","1","0","N","0","1","39 58:27.324","3","0","75 11:39.221","0","0","0","0","67301","0","0","0","N","0","0","0","2","68K01","0","","1.0","1600.0","1","N","N","N","0","","0","0","0","0","0","N","1435","2","0","0","0","0","0","0","2","0","2","0","0","0","3","03","","N","","","","","","","","","",""
"2022090616","1420","0","0","0","0","0","0","0","0","0","1","0","","67","9","2022","6","39.891942","-75.241906","1405","6","0","0","0","0","0","1","0","0","","0","0","0","13","1","1","","2","0","39 53:30.990","","0","75 14:30.862","3","0","0","0","67301","0","0","0","N","0","0","0","2","67301","0","","1.0","","1","N","N","N","0","","1","0","2","3","2","","1326","2","1","1","0","0","0","0","2","0","2","0","0","0","3","","","N","","","","","","","","","",""
"2022090163","2000","1","0","0","0","0","0","0","0","0","1","0","","67","9","2022","5","39.908371","-75.193439","1945","6","0","0","0","0","0","0","0","0","","0","0","0","19","2","1","N","0","0","39 54:30.136","","0","75 11:36.382","3","0","0","0","67301","0","0","0","N","0","0","0","2","67301","0","","1.0","","1","N","N","N","0","","1","0","1","0","0","","1900","2","1","1","0","0","0","0","2","0","2","0","0","0","3","03","","N","","","","","","","","","",""
"2022095226","0829","0","0","0","0","0","0","0","0","0","8","0","","67","9","2022","5","39.913836","-75.242222","0828","6","0","0","0","0","0","0","0","0","","0","0","0","8","1","1","N","0","0","39 54:49.811","","0","75 14:32.000","3","0","0","0","67301","1","0","0","N","1","0","0","2","67301","0","","1.0","","1","N","N","N","0","","1","0","0","0","0","","827","2","1","0","0","0","0","0","2","1","1","1","0","0","3","03","","N","","","","","","","","","",""