"CRN","ARRIVAL_TM","AUTOMOBILE_COUNT","BELTED_DEATH_COUNT","BELTED_SUSP_SERIOUS_INJ_COUNT","BICYCLE_COUNT","BICYCLE_DEATH_COUNT","BICYCLE_SUSP_SERIOUS_INJ_COUNT","BUS_COUNT","CHLDPAS_DEATH_COUNT","CHLDPAS_SUSP_SERIOUS_INJ_COUNT","COLLISION_TYPE","COMM_VEH_COUNT","CONS_ZONE_SPD_LIM","COUNTY","CRASH_MONTH","CRASH_YEAR","DAY_OF_WEEK","DEC_LATITUDE","DEC_LONGITUDE","DISPATCH_TM","DISTRICT","DRIVER_COUNT_16YR","DRIVER_COUNT_17YR","DRIVER_COUNT_18YR","DRIVER_COUNT_19YR","DRIVER_COUNT_20YR","DRIVER_COUNT_50_64YR","DRIVER_COUNT_65_74YR","DRIVER_COUNT_75PLUS","EST_HRS_CLOSED","FATAL_COUNT","HEAVY_TRUCK_COUNT","HORSE_BUGGY_COUNT","HOUR_OF_DAY","ILLUMINATION","INJURY_COUNT","INTERSECTION_RELATED","INTERSECT_TYPE","LANE_CLOSED","LATITUDE","LN_CLOSE_DIR","LOCATION_TYPE","LONGITUDE","MAX_SEVERITY_LEVEL","MCYCLE_DEATH_COUNT","MCYCLE_SUSP_SERIOUS_INJ_COUNT","MOTORCYCLE_COUNT","MUNICIPALITY","NONMOTR_COUNT","NONMOTR_DEATH_COUNT","NONMOTR_SUSP_SERIOUS_INJ_COUNT","NTFY_HIWY_MAINT","PED_COUNT","PED_DEATH_COUNT","PED_SUSP_SERIOUS_INJ_COUNT","PERSON_COUNT","POLICE_AGCY","POSSIBLE_INJ_COUNT","RDWY_SURF_TYPE_CD","RELATION_TO_ROAD","ROADWAY_CLEARED","ROAD_CONDITION","SCH_BUS_IND","SCH_ZONE_IND","SECONDARY_CRASH","SMALL_TRUCK_COUNT","SPEC_JURIS_CD","SUSP_MINOR_INJ_COUNT","SUSP_SERIOUS_INJ_COUNT","SUV_COUNT","TCD_FUNC_CD","TCD_TYPE","TFC_DETOUR_IND","TIME_OF_DAY","TOTAL_UNITS","TOT_INJ_COUNT","UNBELTED_OCC_COUNT","UNB_DEATH_COUNT","UNB_SUSP_SERIOUS_INJ_COUNT","UNK_INJ_DEG_COUNT","UNK_INJ_PER_COUNT","URBAN_RURAL","VAN_COUNT","VEHICLE_COUNT","VULNERABLE_ROAD_USER_COUNT","VULNERABLE_ROAD_USER_DEATH_COUNT","VULNERABLE_ROAD_USER_SER_INJ_COUNT","WEATHER1","WEATHER2","WORKERS_PRES","WORK_ZONE_IND","WORK_ZONE_LOC","WORK_ZONE_TYPE","WZ_CLOSE_DETOUR","WZ_FLAGGER","WZ_LAW_OFFCR_IND","WZ_LN_CLOSURE","WZ_MOVING","WZ_OTHER","WZ_SHLDER_MDN","WZ_WORKERS_INJ_KILLED"
"2022122392","1949","1","0","0","0","0","0","0","0","0","2","0","","67","12","2022","3","40.059513","-75.05199","1943","6","0","0","0","0","0","0","0","0","","0","0","0","19","3","0","","1","1","40 03:34.246","1","0","75 03:07.165","0","0","0","0","67301","0","0","0","N","0","0","0","2","67301","0","","1.0","2010.0","1","N","N","N","1","","0","0","0","3","2","N","1943","2","0","0","0","0","0","0","2","0","2","0","0","0","3","","","N","","","","","","","","","",""
"2022091343","1000","1","0","0","0","0","0","0","0","0","4","0","","67","10","2022","2","40.014326","-75.070851","0949","6","0","0","0","0","0","1","0","0","","0","0","0","8","1","1","","1","0","40 00:51.572","","0","75 04:15.064","3","0","0","0","67301","0","0","0","N","0","0","0","2","67301","0","","1.0","","9","N","N","N","0","","1","0","0","3","2","","805","2","1","0","0","0","0","1","2","1","2","0","0","0","7","","","N","","","","","","","","","",""
"2022095019","1318","2","0","0","0","0","0","0","0","0","4","0","","67","9","2022","6","39.966575","-75.239816","1317","6","0","0","0","0","0","1","0","0","","0","0","0","13","1","1","","1","0","39 57:59.670","","0","75 14:23.337","8","0","0","0","67301","0","0","0","N","0","0","0","2","67301","0","","1.0","","1","N","N","N","0","","0","0","0","3","2","","1315","2","1","1","0","0","1","0","2","0","2","0","0","0","4","","","N","","","","","","","","","",""
"2022121677","1548","0","0","0","0","0","0","0","0","0","1","0","","67","12","2022","2","39.893277","-75.231667","1543","6","0","0","0","0","0","2","0","0","","0","0","0","15","1","1","","6","0","39 53:35.796","","2","75 13:54.001","3","0","0","0","67301","0","0","0","N","0","0","0","2","68K01","0","","1.0","","1","N","N","N","0","","1","0","1","0","0","","1542","2","1","0","0","0","0","0","2","1","2","0","0","0","3","","","N","","","","","","","","","",""
"2022120334","0229","4","0","0","0","0","0","0","0","0","1","0","","67","12","2022","1","40.043622","-75.128908","0228","6","0","0","0","0","0","0","0","0","","0","0","0","2","3","0","N","0","0","40 02:37.040","","0","75 07:44.070","0","0","0","0","67301","0","0","0","N","0","0","0","1","67301","0","","1.0","","1","N","N","N","0","","0","0","1","0","0","","226","5","0","0","0","0","0","0","2","0","5","0","0","0","3","","","N","","","","","","","","","",""
"2022120899","2304","2","0","0","0","0","0","0","0","0","4","0","","67","11","2022","1","39.960283","-75.226853","2304","6","0","0","0","0","0","0","0","0","","0","0","0","21","3","0","","1","0","39 57:37.019","","0","75 13:36.669","9","0","0","0","67301","0","0","0","N","0","0","0","2","67301","0","","1.0","","1","N","N","N","0","","0","0","0","3","1","","2156","2","0","0","0","0","0","1","2","0","2","0","0","0","3","03","","N","","","","","","","","","",""
"2022124444","1121","1","0","0","0","0","0","0","0","0","1","0","","67","12","2022","6","39.957029","-75.145189","1111","6","0","0","0","0","0","0","0","0","","0","0","0","11","1","0","N","0","1","39 57:25.305","3","0","75 08:42.679","0","0","0","0","67301","0","0","0","N","0","0","0","2","68K01","0","","1.0","1155.0","9","N","N","N","1","","0","0","0","0","0","N","1104","2","0","0","0","0","0","0","2","0","2","0","0","0","7","","","N","","","","","","","","","",""
"2022121795","0647","1","0","0","0","0","0","0","0","0","1","0","","67","12","2022","4","39.908985","-75.233051","0647","6","0","0","0","0","0","0","1","0","","0","0","0","0","3","1","","1","0","39 54:32.345","","0","75 13:58.985","3","0","0","0","67301","0","0","0","N","0","0","0","3","67301","0","","1.0","","1","N","N","N","0","","1","0","1","3","2","","10","3","1","0","0","0","0","1","2","0","3","0","0","0","3","03","","N","","","","","","","","","",""
"2022078442","0006","1","0","0","0","0","0","0","0","0","4","0","","67","8","2022","5","39.987001","-75.187422","0003","6","0","0","0","0","0","1","1","0","","0","0","0","23","3","1","N","0","0","39 59:13.204","","0","75 11:14.719","4","0","0","0","67301","0","0","0","N","0","0","0","2","67301","1","","1.0","","1","N","N","N","1","","0","0","0","0","0","","2357","2","1","0","0","0","0","1","2","0","2","0","0","0","3","","","N","","","","","","","","","",""
"2022119860","1135","1","0","0","0","0","0","0","0","0","1","0","","67","11","2022","4","39.965208","-75.185792","1131","6","0","0","0","0","0","0","0","0","","0","0","0","11","1","3","N","0","0","39 57:54.747","","0","75 11:08.852","3","0","0","0","67301","0","0","0","N","0","0","0","4","68K01","0","","1.0","","1","N","N","N","0","","3","0","0","0","0","","1130","2","3","0","0","0","0","0","2","1","2","0","0","0","3","03","","N","","","","","","","","","",""
"2022090022","1325","0","0","0","0","0","0","0","0","0","8","0","","67","9","2022","5","40.049116","-75.062319","1320","6","0","0","0","0","0","0","0","0","","0","0","0","11","1","2","","2","0","40 02:56.818","","0","75 03:44.350","3","0","0","0","67301","2","0","0","N","0","0","0","3","67301","0","","1.0","","1","N","N","N","0","","2","0","0","3","2","","1141","3","2","0","0","0","0","0","2","1","1","2","0","0","3","03","","N","","","","","","","","","",""
"2022090314","1914","1","0","0","0","0","0","0","0","0","4","0","","67","9","2022","4","39.956234","-75.219604","1909","6","0","0","0","0","0","0","0","0","","0","0","0","19","4","2","","1","1","39 57:22.441","4","0","75 13:10.576","8","0","0","0","67301","0","0","0","Y","0","0","0","3","67301","0","","1.0","2057.0","1","N","N","N","1","","0","0","1","3","2","N","1902","3","2","0","0","0","2","0","2","0","3","0","0","0","3","03","","N","","","","","","","","","",""
"2022090183","0848","1","0","0","0","0","0","0","0","0","8","0","","67","9","2022","4","40.031057","-75.14979","0847","6","0","0","0","0","0","0","0","0","","0","0","0","8","1","1","","1","0","40 01:51.805","","0","75 08:59.244","3","0","0","0","67301","1","0","0","N","1","0","0","2","67301","0","","1.0","","1","N","N","N","0","","1","0","0","3","2","","845","2","1","0","0","0","0","0","2","0","1","1","0","0","3","03","","N","","","","","","","","","",""
"2022120499","0832","2","0","0","0","0","0","0","0","0","6","0","","67","12","2022","3","40.004124","-75.09392","0831","6","0","0","0","0","0","1","0","0","","0","0","0","8","1","2","N","0","1","40 00:14.848","5","0","75 05:38.111","3","0","0","0","67301","0","0","0","N","0","0","0","2","67301","1","","1.0","914.0","1","N","N","N","0","","1","0","0","3","2","Y","830","2","2","0","0","0","0","0","2","0","2","0","0","0","3","","","N","","","","","","","","","",""
"2022093800","0200","2","0","0","0","0","0","0","0","0","4","0","","67","10","2022","4","39.919227","-75.231492","0114","6","0","0","0","0","0","0","0","0","","0","0","0","18","4","1","","1","0","39 55:09.217","","0","75 13:53.371","4","0","0","0","67301","0","0","0","N","0","0","0","2","67301","1","","1.0","","1","N","N","N","0","","0","0","0","1","2","","1830","2","1","1","0","0","0","0","2","0","2","0","0","0","3","03","","N","","","","","","","","","",""
"2022090973","2130","1","0","0","0","0","0","0","0","0","8","0","","67","10","2022","7","39.937174","-75.161492","2130","6","0","0","0","0","0","0","0","0","","0","0","0","20","3","1","","1","0","39 56:13.826","","0","75 09:41.371","8","0","0","0","67301","1","0","0","N","1","0","0","2","67301","0","","1.0","","9","N","N","N","0","","0","0","0","3","2","","2050","2","1","0","0","0","1","0","2","0","1","1","0","0","7","","","N","","","","","","","","","",""
"2022094264","0259","1","0","0","0","0","0","0","0","0","5","0","","67","10","2022","1","40.027931","-75.033722","0249","6","0","0","0","0","0","0","0","0","","0","0","0","2","3","0","N","0","0","40 01:40.550","","0","75 02:01.400","9","0","0","0","67301","0","0","0","N","0","0","0","1","67301","0","","6.0","","9","N","N","N","1","","0","0","0","0","0","","224","2","0","0","0","0","0","1","2","0","2","0","0","0","4","07","","N","","","","","","","","","",""
"2022091848","1211","1","0","0","0","0","0","0","0","0","1","0","","67","10","2022","3","40.074326","-74.984626","1200","6","0","0","0","0","0","0","0","1","","0","0","0","11","1","1","","2","0","40 04:27.573","","0","74 59:04.653","3","0","0","0","67301","0","0","0","N","0","0","0","3","67301","0","","1.0","","9","N","N","N","0","","1","0","0","3","3","","1157","2","1","0","0","0","0","0","2","1","2","0","0","0","7","07","","N","","","","","","","","","",""
"2022119864","1500","1","0","0","0","0","0","0","0","0","4","0","","67","12","2022","7","40.046897","-75.001015","1443","6","0","0","0","1","0","0","0","0","","0","0","0","14","1","1","N","0","0","40 02:48.828","","0","75 00:03.653","3","0","0","0","67301","0","0","0","N","0","0","0","2","68K01","0","","1.0","","9","N","N","N","0","","1","0","1","0","0","","1440","2","1","0","0","0","0","0","2","0","2","0","0","0","3","","","N","","","","","","","","","",""
"2022120908","1158","0","0","0","0","0","0","0","0","0","4","2","","67","12","2022","5","39.989063","-75.089618","1157","6","0","0","0","0","0","1","0","0","","0","2","0","11","1","0","","1","0","39 59:20.627","","0","75 05:22.626","0","0","0","0","67301","0","0","0","N","0","0","0","2","67301","0","","1.0","","9","N","N","N","0","","0","0","0","3","2","","1100","2","0","0","0","0","0","0","2","0","2","0","0","0","7","","","N","","","","","","","","","",""
"2022113340","1245","1","0","0","0","0","0","0","0","0","4","0","","67","11","2022","1","39.996142","-75.147088","1230","6","0","0","0","0","0","1","0","0","","0","0","0","11","1","1","","1","0","39 59:46.111","","0","75 08:49.516","3","0","0","0","67301","0","0","0","N","0","0","0","3","67301","0","","1.0","","9","N","N","N","0","","1","0","2","3","2","","1124","3","1","0","0","0","0","0","2","0","3","0","0","0","7","","","N","","","","","","","","","",""
"2022116344","1949","0","0","0","0","0","0","0","0","0","4","0","","67","12","2022","3","40.084453","-75.038374","1943","6","0","0","0","0","0","0","0","0","","0","0","0","19","3","1","","1","0","40 05:04.029","","0","75 02:18.148","3","0","0","0","67301","0","0","0","N","0","0","0","2","67301","0","","1.0","","9","N","N","N","0","","1","0","2","3","2","","1935","2","1","0","0","0","0","0","2","0","2","0","0","0","7","07","","N","","","","","","","","","",""
"2022109113","1232","0","0","0","0","0","0","0","0","0","5","2","","67","11","2022","2","39.95525","-75.147944","1115","6","0","0","0","0","0","0","0","0","","0","2","0","11","1","0","N","0","2","39 57:18.900","3","2","75 08:52.600","0","0","0","0","67301","0","0","0","N","0","0","0","2","67501","0","","1.0","1630.0","1","N","N","N","0","","0","0","0","3","8","Y","1115","2","0","0","0","0","0","0","2","0","2","0","0","0","3","","","N","","","","","","","","","",""
"2022120137","1420","0","0","0","0","0","0","0","0","0","2","0","","67","12","2022","7","39.892183","-75.241653","1415","6","0","0","0","0","0","1","0","0","","0","0","0","14","1","1","","1","0","39 53:31.857","","7","75 14:29.950","8","0","0","0","67301","0","0","0","N","0","0","0","2","67301","0","","1.0","","1","N","N","N","0","","0","0","2","0","0","","1415","2","1","1","0","0","1","0","2","0","2","0","0","0","3","03","","N","","","","","","","","","",""
"2022089990","1955","3","0","0","0","0","0","0","0","0","5","0","","67","9","2022","5","39.922089","-75.161797","1949","6","0","0","0","0","0","0","0","0","","0","0","0","17","4","0","N","0","0","39 55:19.520","","0","75 09:42.470","9","0","0","0","67301","0","0","0","N","0","0","0","1","67301","0","","6.0","","1","N","N","N","0","","0","0","3","0","0","","1743","6","0","0","0","0","0","1","2","0","6","0","0","0","3","03","","N","","","","","","","","","",""
"2022122226","0140","1","0","0","0","0","0","0","0","0","1","0","","67","12","2022","1","39.97729","-75.245864","0130","6","0","0","0","0","0","0","0","0","","0","0","0","1","3","1","N","0","0","39 58:38.245","","0","75 14:45.112","3","0","0","0","67301","0","0","0","N","0","0","0","3","67301","0","","1.0","","1","N","N","N","0","","1","0","1","0","0","","125","2","1","3","0","0","0","0","2","0","2","0","0","0","3","03","","N","","","","","","","","","",""
"2022120329","1715","0","0","0","0","0","0","0","0","0","8","0","","67","1","2022","7","40.057525","-75.149283","1707","6","0","0","0","0","0","1","0","0","","0","0","0","15","1","1","","1","0","40 03:27.089","","0","75 08:57.418","3","0","0","0","67301","1","0","0","N","1","0","0","2","67301","0","","1.0","","1","N","N","N","0","","1","0","1","3","2","","1551","2","1","0","0","0","0","0","2","0","1","1","0","0","3","03","","N","","","","","","","","","",""
"2022119855","1529","2","0","0","0","0","0","0","0","0","1","0","","67","11","2022","5","39.996344","-75.082523","1510","6","0","0","0","0","0","0","0","0","","0","0","0","15","1","1","N","0","0","39 59:46.837","","0","75 04:57.084","3","0","0","0","67301","0","0","0","N","0","0","0","2","68K01","0","","1.0","","1","N","N","N","0","","1","0","0","0","0","","1508","2","1","0","0","0","0","0","2","0","2","0","0","0","3","03","","N","","","","","","","","","",""
"2022121794","0340","1","0","0","0","0","0","0","0","0","4","1","","67","12","2022","4","39.934667","-75.22724","0333","6","0","0","0","0","0","0","0","1","","0","1","0","3","3","2","","1","0","39 56:04.800","","0","75 13:38.065","2","0","0","0","67301","0","0","0","N","0","0","0","2","67301","0","","1.0","","1","N","N","N","0","","1","1","1","3","2","","332","3","2","0","0","0","0","0","2","0","3","0","0","0","3","03","","N","","","","","","","","","",""
"2022090284","0930","0","0","0","0","0","0","0","0","0","8","0","","67","9","2022","5","40.025694","-75.055413","0919","6","0","0","0","0","0","0","0","0","","0","0","0","9","1","1","","1","0","40 01:32.498","","0","75 03:19.485","8","0","0","0","67301","1","0","0","N","1","0","0","2","67301","0","","1.0","","1","N","N","N","0","","0","0","0","3","2","","915","2","1","0","0","0","1","1","2","0","1","1","0","0","3","03","","N","","","","","","","","","",""
"2022102142","1617","2","0","0","0","0","0","0","0","0","1","0","","67","8","2022","1","39.958267","-75.14121","1608","6","0","0","1","0","1","1","0","0","","0","0","0","16","1","1","N","0","0","39 57:29.762","","0","75 08:28.357","3","0","0","0","67301","0","0","0","N","0","0","0","5","68K01","0","","1.0","","1","N","N","N","0","","1","0","2","0","0","","1603","4","1","0","0","0","0","1","2","0","4","0","0","0","3","","","N","","","","","","","","","",""
"2022103291","1240","1","0","0","0","0","0","0","0","0","4","0","","67","11","2022","6","40.106585","-75.029879","1229","6","0","0","0","0","0","0","0","0","","0","0","0","11","1","0","N","0","0","40 06:23.705","","0","75 01:47.563","9","0","0","0","67301","0","0","0","N","0","0","0","7","67301","0","","1.0","","1","N","N","N","0","","0","0","1","0","0","","1150","2","0","0","0","0","0","6","2","0","2","0","0","0","3","","","N","","","","","","","","","",""
"2022121361","0245","1","0","0","0","0","0","0","0","0","2","0","","67","12","2022","2","40.018057","-75.149107","0235","6","0","0","1","0","0","0","0","0","","0","0","0","2","3","2","N","0","1","40 01:05.005","5","0","75 08:56.786","2","0","0","0","67301","0","0","0","N","0","0","0","2","67301","0","","1.0","715.0","1","N","N","N","0","","0","2","0","3","1","Y","230","2","2","0","0","0","0","0","2","1","2","0","0","0","3","03","","N","","","","","","","","","",""
"2022090156","1920","1","0","0","0","0","0","0","0","0","4","0","","67","9","2022","6","39.955653","-75.190173","1843","6","0","0","0","0","0","0","0","0","","0","0","0","18","1","0","N","0","1","39 57:20.351","4","0","75 11:24.621","0","0","0","0","67301","0","0","0","N","0","0","0","2","67507","0","","1.0","1920.0","1","N","N","Y","0","","0","0","2","0","0","Y","1840","3","0","0","0","0","0","0","2","0","3","0","0","0","3","03","","N","","","","","","","","","",""
"2022121357","1430","0","0","0","0","0","0","0","0","0","1","1","","67","12","2022","2","39.994437","-75.158465","1430","6","0","0","0","0","0","1","0","0","","0","1","0","14","1","1","N","0","0","39 59:39.973","","0","75 09:30.474","8","0","0","0","67301","0","0","0","N","0","0","0","2","67301","0","","1.0","","1","N","N","N","0","","0","0","1","0","0","","1409","2","1","0","0","0","1","0","2","0","2","0","0","0","3","03","","N","","","","","","","","","",""
"2022118461","2033","3","0","0","0","0","0","0","0","0","1","0","","67","10","2022","7","40.026198","-75.026899","2025","6","0","0","0","0","0","0","0","0","","0","0","0","19","3","1","N","0","0","40 01:34.312","","0","75 01:36.835","3","0","0","0","67301","0","0","0","N","0","0","0","5","68K01","0","","1.0","","1","N","N","N","0","","1","0","0","0","0","","1920","3","1","0","0","0","0","0","2","0","3","0","0","0","3","03","","N","","","","","","","","","",""
"2022089550","1355","0","0","0","0","0","0","0","0","0","4","0","","67","9","2022","4","40.045545","-75.095155","1350","6","0","0","0","0","0","0","2","0","","0","0","0","13","1","2","","1","0","40 02:43.961","","0","75 05:42.557","3","0","0","0","67301","0","0","0","N","0","0","0","2","67301","0","","1.0","","1","N","N","N","0","","2","0","2","3","3","","1347","2","2","0","0","0","0","0","2","0","2","0","0","0","3","03","","N","","","","","","","","","",""
"2022119740","1915","1","0","0","0","0","0","0","0","0","7","0","","67","11","2022","4","40.068417","-75.240288","1909","6","0","0","0","0","0","0","0","0","","0","0","0","19","3","1","","2","0","40 04:06.301","","0","75 14:25.036","3","0","0","0","67301","0","0","0","N","0","0","0","1","67301","0","","4.0","","9","N","N","N","0","","1","0","0","3","3","","1905","1","1","1","0","0","0","0","2","0","1","0","0","0","7","07","","N","","","","","","","","","",""
"2022122393","1555","1","0","0","0","0","0","0","0","0","99","0","","67","12","2022","4","40.045516","-75.088316","1550","6","0","0","0","0","0","1","0","0","","0","0","0","14","1","1","","1","0","40 02:43.859","","0","75 05:17.937","2","0","0","0","67301","0","0","0","N","0","0","0","2","67301","0","","1.0","","1","N","N","N","0","","0","1","0","3","2","","1455","1","1","0","0","0","0","0","2","0","1","0","0","0","3","","","N","","","","","","","","","",""
"2022090915","1057","0","0","0","0","0","0","0","0","0","5","0","","67","9","2022","6","40.016096","-75.170471","1057","6","0","0","0","0","0","0","0","0","","0","0","0","10","1","1","N","0","2","40 00:57.945","1","0","75 10:13.694","3","0","0","0","67301","0","0","0","N","0","0","0","1","67301","0","","6.0","1145.0","1","N","N","N","0","","1","0","2","0","0","Y","1055","2","1","0","0","0","0","0","2","0","2","0","0","0","3","","","N","","","","","","","","","",""
"2022120491","1824","1","0","0","0","0","0","0","0","0","7","0","","67","12","2022","6","39.958475","-75.225184","1824","6","0","0","0","0","0","0","0","0","","0","0","0","18","3","0","","1","0","39 57:30.510","","0","75 13:30.663","0","0","0","0","67301","0","0","0","N","0","0","0","1","67301","0","","5.0","","1","N","N","N","0","","0","0","0","3","2","","1824","1","0","0","0","0","0","0","2","0","1","0","0","0","3","","","N","","","","","","","","","",""
"2022120707","2125","0","0","0","0","0","0","0","0","0","7","0","","67","11","2022","4","39.957748","-75.141849","2125","6","0","0","0","0","0","0","0","0","","0","0","0","21","3","0","N","0","0","39 57:27.891","","0","75 08:30.656","0","0","0","0","67301","0","0","0","N","0","0","0","1","68K01","0","","5.0","","1","N","N","N","0","","0","0","1","0","0","","2117","1","0","0","0","0","0","0","2","0","1","0","0","0","3","03","","N","","","","","","","","","",""
"2022093814","1121","1","0","0","0","0","0","0","0","0","1","0","","67","10","2022","7","39.987671","-75.22498","1120","6","0","0","0","0","0","1","0","1","","0","0","0","10","1","1","","2","0","39 59:15.615","","0","75 13:29.927","3","0","0","0","67301","0","0","0","N","0","0","0","3","67301","0","","1.0","","9","N","N","N","0","","1","0","1","3","2","","1009","2","1","0","0","0","0","0","2","0","2","0","0","0","7","","","N","","","","","","","","","",""
"2022120319","1043","1","0","0","0","0","0","0","0","0","4","0","","67","12","2022","7","39.921875","-75.217375","1041","6","0","0","0","0","0","0","0","0","","0","0","0","10","1","0","N","0","1","39 55:18.750","2","0","75 13:02.550","0","0","0","0","67301","0","0","0","N","0","0","0","3","67301","0","","1.0","1132.0","1","N","N","N","0","","0","0","1","0","0","N","1038","2","0","0","0","0","0","0","2","0","2","0","0","0","4","04","","N","","","","","","","","","",""
"2022093133","2030","1","0","0","0","0","0","0","0","0","8","0","","67","9","2022","6","40.029601","-75.103091","2020","6","0","0","0","1","0","0","0","0","","0","0","0","20","3","1","N","0","2","40 01:46.564","1","0","75 06:11.128","2","0","0","0","67301","1","0","1","N","1","0","1","2","67301","0","","1.0","2030.0","9","N","N","N","0","","0","1","0","0","0","N","2019","2","1","0","0","0","0","0","2","0","1","1","0","1","7","","","N","","","","","","","","","",""
"2022090802","0040","1","0","0","0","0","0","0","0","0","7","0","","67","10","2022","2","40.020656","-75.14152","0019","6","0","0","0","0","0","0","0","0","","0","0","0","0","3","0","N","0","0","40 01:14.361","","0","75 08:29.471","0","0","0","0","67301","0","0","0","N","0","0","0","2","67301","0","","4.0","","9","N","N","N","0","","0","0","0","0","0","","10","1","0","0","0","0","0","0","2","0","1","0","0","0","7","07","","N","","","","","","","","","",""
"2022097350","0830","0","0","0","0","0","0","0","0","0","5","0","","67","9","2022","3","39.892425","-75.233891","0800","6","0","0","0","0","0","1","0","0","","0","0","0","7","1","0","N","0","0","39 53:32.730","","2","75 14:02.008","0","0","0","0","67301","0","0","0","N","0","0","0","2","68K01","0","","1.0","","9","N","N","N","0","","0","0","2","0","0","","744","2","0","0","0","0","0","0","2","0","2","0","0","0","7","","","N","","","","","","","","","",""
"2022102157","2138","0","0","0","0","0","0","0","0","0","7","0","","67","10","2022","2","39.979545","-75.107801","2135","6","0","0","0","0","0","1","0","0","","0","0","0","21","3","0","N","0","2","39 58:46.363","2","3","75 06:28.082","0","0","0","0","67301","0","0","0","N","0","0","0","1","68K01","0","","3.0","2200.0","9","N","N","N","1","","0","0","0","0","0","N","2133","1","0","0","0","0","0","0","2","0","1","0","0","0","7","","","N","","","","","","","","","",""
"2022121355","1220","1","0","0","0","0","0","0","0","0","8","0","","67","11","2022","5","39.982704","-75.156925","1220","6","0","0","0","0","0","0","0","0","","1","0","0","12","1","0","","2","0","39 58:57.735","","0","75 09:24.929","1","0","0","0","67301","1","1","0","N","0","0","0","2","67301","0","1","4.0","","1","N","N","N","0","4","0","0","0","3","3","","1217","2","0","0","0","0","0","0","2","0","1","1","1","0","3","03","","N","","","","","","","","","",""
"2022080576","","1","0","0","0","0","0","0","0","0","7","0","","67","8","2022","6","39.929109","-75.243406","","6","0","0","0","0","0","0","0","0","","0","0","0","20","1","0","N","0","0","39 55:44.793","","0","75 14:36.263","0","0","0","0","67301","0","0","0","N","0","0","0","1","00000","0","","4.0","","1","","","N","0","","0","0","0","0","0","","2030","1","0","0","0","0","0","0","2","0","1","0","0","0","3","","","N","","","","","","","","","",""
"2022118591","2323","1","0","0","0","0","0","0","0","0","4","0","","67","12","2022","2","40.073935","-75.190428","2322","6","0","0","0","0","0","0","0","1","","0","0","0","23","3","1","N","0","1","40 04:26.166","2","0","75 11:25.539","8","0","0","0","67301","0","0","0","N","0","0","0","1","67301","0","","1.0","15.0","1","N","N","N","0","","0","0","1","0","0","N","2322","2","1","0","0","0","1","0","2","0","2","0","0","0","3","03","","N","","","","","","","","","",""
"2022096757","1118","1","0","0","1","0","0","0","0","0","8","0","","67","9","2022","4","39.99765","-75.107483","1118","6","0","0","0","0","0","0","0","0","","0","0","0","11","1","1","","1","0","39 59:51.539","","0","75 06:26.938","3","0","0","0","67301","1","0","0","N","0","0","0","2","67301","0","","1.0","","1","N","N","N","0","","1","0","0","3","3","","1118","2","1","0","0","0","0","0","2","0","1","1","0","0","3","03","","N","","","","","","","","","",""
"2022121942","0144","0","0","0","0","0","0","0","0","0","7","0","","67","11","2022","4","39.957453","-75.243728","0144","6","0","0","1","0","0","0","0","0","","0","0","0","1","3","0","","1","0","39 57:26.830","","0","75 14:37.420","0","0","0","0","67301","0","0","0","N","0","0","0","1","67301","0","","5.0","","1","N","N","N","0","","0","0","1","3","3","","144","1","0","1","0","0","0","0","2","0","1","0","0","0","3","03","","N","","","","","","","","","",""
"2022121967","1723","2","0","0","0","0","0","0","0","0","1","0","","67","12","2022","4","39.995445","-75.166229","1720","6","0","0","0","0","0","0","0","0","","0","0","0","17","3","4","N","0","0","39 59:43.602","","0","75 09:58.424","3","0","0","0","67301","0","0","0","N","0","0","0","4","67301","0","","1.0","","1","N","Y","N","0","","4","0","1","0","0","","1716","3","4","0","0","0","0","0","2","0","3","0","0","0","3","","","N","","","","","","","","","",""
"2022119749","1703","1","0","0","0","0","0","0","0","0","5","1","","67","12","2022","5","40.029406","-75.189119","1701","6","0","0","0","0","0","1","0","0","","0","1","0","16","2","1","N","0","1","40 01:45.860","2","0","75 11:20.830","3","0","0","0","67301","0","0","0","N","0","0","0","2","67301","0","","1.0","1520.0","9","N","N","N","0","","1","0","0","0","0","N","1645","2","1","1","0","0","0","0","2","0","2","0","0","0","7","07","","N","","","","","","","","","",""
"2022090504","2358","1","0","0","0","0","0","0","0","0","5","0","","67","10","2022","7","40.077219","-75.183908","2357","6","0","0","0","0","0","0","0","0","","0","0","0","23","3","0","N","0","0","40 04:37.990","","0","75 11:02.070","0","0","0","0","67301","0","0","0","N","0","0","0","2","67301","0","","6.0","","9","N","N","N","0","","0","0","0","0","0","","2350","2","0","0","0","0","0","0","2","1","2","0","0","0","3","07","","N","","","","","","","","","",""
"2022113600","2021","2","0","0","0","0","0","0","0","0","4","0","","67","10","2022","7","40.0265","-75.108001","2021","6","0","0","0","0","0","1","0","0","","0","0","0","18","1","0","","1","0","40 01:35.401","","0","75 06:28.805","9","0","0","0","67301","0","0","0","N","0","0","0","4","67301","0","","1.0","","9","N","N","N","0","","0","0","1","3","3","","1852","3","0","1","0","0","0","3","2","0","3","0","0","0","7","","","N","","","","","","","","","",""