"CRN","ARRIVAL_TM","AUTOMOBILE_COUNT","BELTED_DEATH_COUNT","BELTED_SUSP_SERIOUS_INJ_COUNT","BICYCLE_COUNT","BICYCLE_DEATH_COUNT","BICYCLE_SUSP_SERIOUS_INJ_COUNT","BUS_COUNT","CHLDPAS_DEATH_COUNT","CHLDPAS_SUSP_SERIOUS_INJ_COUNT","COLLISION_TYPE","COMM_VEH_COUNT","CONS_ZONE_SPD_LIM","COUNTY","CRASH_MONTH","CRASH_YEAR","DAY_OF_WEEK","DEC_LATITUDE","DEC_LONGITUDE","DISPATCH_TM","DISTRICT","DRIVER_COUNT_16YR","DRIVER_COUNT_17YR","DRIVER_COUNT_18YR","DRIVER_COUNT_19YR","DRIVER_COUNT_20YR","DRIVER_COUNT_50_64YR","DRIVER_COUNT_65_74YR","DRIVER_COUNT_75PLUS","EST_HRS_CLOSED","FATAL_COUNT","HEAVY_TRUCK_COUNT","HORSE_BUGGY_COUNT","HOUR_OF_DAY","ILLUMINATION","INJURY_COUNT","INTERSECTION_RELATED","INTERSECT_TYPE","LANE_CLOSED","LATITUDE","LN_CLOSE_DIR","LOCATION_TYPE","LONGITUDE","MAX_SEVERITY_LEVEL","MCYCLE_DEATH_COUNT","MCYCLE_SUSP_SERIOUS_INJ_COUNT","MOTORCYCLE_COUNT","MUNICIPALITY","NONMOTR_COUNT","NONMOTR_DEATH_COUNT","NONMOTR_SUSP_SERIOUS_INJ_COUNT","NTFY_HIWY_MAINT","PED_COUNT","PED_DEATH_COUNT","PED_SUSP_SERIOUS_INJ_COUNT","PERSON_COUNT","POLICE_AGCY","POSSIBLE_INJ_COUNT","RDWY_SURF_TYPE_CD","RELATION_TO_ROAD","ROADWAY_CLEARED","ROAD_CONDITION","SCH_BUS_IND","SCH_ZONE_IND","SECONDARY_CRASH","SMALL_TRUCK_COUNT","SPEC_JURIS_CD","SUSP_MINOR_INJ_COUNT","SUSP_SERIOUS_INJ_COUNT","SUV_COUNT","TCD_FUNC_CD","TCD_TYPE","TFC_DETOUR_IND","TIME_OF_DAY","TOTAL_UNITS","TOT_INJ_COUNT","UNBELTED_OCC_COUNT","UNB_DEATH_COUNT","UNB_SUSP_SERIOUS_INJ_COUNT","UNK_INJ_DEG_COUNT","UNK_INJ_PER_COUNT","URBAN_RURAL","VAN_COUNT","VEHICLE_COUNT","VULNERABLE_ROAD_USER_COUNT","VULNERABLE_ROAD_USER_DEATH_COUNT","VULNERABLE_ROAD_USER_SER_INJ_COUNT","WEATHER1","WEATHER2","WORKERS_PRES","WORK_ZONE_IND","WORK_ZONE_LOC","WORK_ZONE_TYPE","WZ_CLOSE_DETOUR","WZ_FLAGGER","WZ_LAW_OFFCR_IND","WZ_LN_CLOSURE","WZ_MOVING","WZ_OTHER","WZ_SHLDER_MDN","WZ_WORKERS_INJ_KILLED"
"2022118778","2037","1","0","0","0","0","0","1","0","0","1","1","","67","12","2022","1","40.050379","-75.051494","2017","6","0","0","0","1","0","1","0","0","","0","0","0","20","3","2","","2","1","40 03:01.364","2","0","75 03:05.380","4","0","0","0","67301","0","0","0","N","0","0","0","4","67508","2","","1.0","9999.0","1","N","N","N","0","","0","0","1","3","2","N","2017","3","2","0","0","0","0","0","2","0","3","0","0","0","3","03","","N","","","","","","","","","",""
"2022089681","0900","0","0","0","1","0","0","0","0","0","8","0","","67","9","2022","5","39.974255","-75.181049","0857","6","0","0","0","0","0","0","0","0","","0","0","0","8","1","1","N","0","0","39 58:27.317","","0","75 10:51.775","8","0","0","0","67301","1","0","0","N","0","0","0","2","67301","0","","1.0","","1","N","N","N","0","","0","0","0","0","0","","850","2","1","0","0","0","1","0","2","0","1","1","0","0","3","03","","N","","","","","","","","","",""
"2022095497","0044","1","0","0","0","0","0","0","0","0","4","0","","67","10","2022","4","39.972379","-75.24298","0044","6","0","0","0","0","0","1","0","0","","0","0","0","0","3","0","","1","0","39 58:20.564","","0","75 14:34.727","0","0","0","0","67301","0","0","0","N","0","0","0","2","67301","0","","1.0","","9","N","N","N","0","","0","0","1","3","3","","7","2","0","0","0","0","0","0","2","0","2","0","0","0","7","","","N","","","","","","","","","",""
"2022090808","1224","0","0","0","0","0","0","0","0","0","7","0","","67","10","2022","1","40.064364","-75.184618","1217","6","0","0","0","0","0","0","0","0","","0","0","0","12","1","1","","1","0","40 03:51.710","","0","75 11:04.624","8","0","0","0","67301","0","0","0","N","0","0","0","1","67301","0","","4.0","","9","N","N","N","0","","0","0","1","0","0","","1213","1","1","0","0","0","1","0","2","0","1","0","0","0","7","04","","N","","","","","","","","","",""
"2022090159","1815","1","0","0","0","0","0","0","0","0","7","0","","67","9","2022","5","40.079472","-74.996667","1804","6","0","0","0","0","0","1","0","0","","0","0","0","5","1","1","N","0","0","40 04:46.100","","0","74 59:48.000","8","0","0","0","67301","0","0","0","N","0","0","0","1","67301","0","","6.0","","1","N","N","N","0","","0","0","0","0","0","","550","1","1","0","0","0","1","0","2","0","1","0","0","0","3","03","","N","","","","","","","","","",""
"2022119741","0908","0","0","0","0","0","0","0","0","0","8","0","","67","12","2022","3","40.040402","-75.030794","0905","6","0","0","0","0","0","0","0","0","","0","0","0","9","1","1","","2","1","40 02:25.447","1","0","75 01:50.857","3","0","0","0","67301","1","0","0","N","1","0","0","2","67301","0","","1.0","915.0","1","N","N","N","1","","1","0","0","3","2","N","904","2","1","0","0","0","0","0","2","0","1","1","0","0","3","","","N","","","","","","","","","",""
"2022089849","1113","2","0","0","0","0","0","0","0","0","4","0","","67","9","2022","5","39.961564","-75.15176","1112","6","0","0","0","0","0","0","0","0","","0","0","0","11","1","3","","1","0","39 57:41.631","","0","75 09:06.337","4","0","0","0","67301","0","0","0","N","0","0","0","4","67301","3","","1.0","","1","N","N","N","0","","0","0","0","1","2","","1110","2","3","1","0","0","0","0","2","0","2","0","0","0","3","03","","N","","","","","","","","","",""
"2022091840","","1","0","0","0","0","0","0","0","0","4","0","","67","9","2022","3","39.895561","-75.233545","","6","0","0","0","0","0","1","0","0","","0","0","0","22","3","2","","2","0","39 53:44.021","","0","75 14:00.761","8","0","0","0","67301","0","0","0","N","0","0","0","3","00000","0","","1.0","","1","","","N","0","","0","0","0","3","2","","2230","2","2","0","0","0","2","0","2","0","2","0","0","0","3","","","N","","","","","","","","","",""
"2022121302","1359","0","0","0","0","0","0","0","0","0","5","0","","67","12","2022","6","40.04079","-75.005398","1325","6","0","0","0","0","0","1","0","0","","0","0","0","13","1","1","N","0","0","40 02:26.843","","0","75 00:19.431","8","0","0","0","67301","0","0","0","N","0","0","0","3","68K01","0","","1.0","","9","N","N","N","2","","0","0","0","0","0","","1300","2","1","0","0","0","1","0","2","0","2","0","0","0","7","04","","N","","","","","","","","","",""
"2022081369","0242","2","0","0","0","0","0","0","0","0","5","0","","67","9","2022","2","39.928797","-75.155478","0238","6","0","0","0","0","0","0","0","0","","0","0","0","1","2","0","N","0","2","39 55:43.670","4","0","75 09:19.720","0","0","0","0","67301","0","0","0","N","0","0","0","1","67301","0","","6.0","220.0","1","N","N","N","0","","0","0","1","0","0","Y","159","3","0","0","0","0","0","0","2","0","3","0","0","0","3","03","","N","","","","","","","","","",""
"2022083579","1220","0","0","0","0","0","0","0","0","0","5","0","","67","9","2022","6","39.922642","-75.178258","1215","6","0","0","0","0","0","0","0","0","","0","0","0","23","3","1","N","0","0","39 55:21.510","","0","75 10:41.730","8","0","0","0","67301","0","0","0","N","0","0","0","2","67301","0","","6.0","","1","N","N","N","0","","0","0","3","0","0","","2345","3","1","0","0","0","1","0","2","0","3","0","0","0","3","03","","N","","","","","","","","","",""
"2022097878","2137","0","0","0","0","0","0","0","0","0","8","0","","67","8","2022","3","40.018906","-75.14723","2137","6","0","0","0","0","0","0","0","0","","0","0","0","21","3","1","","1","0","40 01:08.061","","0","75 08:50.029","3","0","0","0","67301","1","0","0","N","1","0","0","2","67301","0","","1.0","","9","N","N","N","0","","1","0","0","3","2","","2137","2","1","0","0","0","0","0","2","0","1","1","0","0","7","","","N","","","","","","","","","",""
"2022083647","1923","3","0","0","0","0","0","0","0","0","5","0","","67","9","2022","7","39.968486","-75.131094","1919","6","0","0","0","0","0","1","0","0","","0","0","0","19","1","0","N","0","0","39 58:06.550","","0","75 07:51.940","0","0","0","0","67301","0","0","0","N","0","0","0","1","67301","0","","6.0","","1","N","N","Y","0","","0","0","0","0","0","","1900","3","0","0","0","0","0","0","2","0","3","0","0","0","3","","","N","","","","","","","","","",""
"2022091738","0116","2","0","0","0","0","0","0","0","0","1","0","","67","9","2022","4","40.018232","-75.047541","0102","6","0","0","0","0","1","0","0","0","","0","0","0","1","3","0","N","0","0","40 01:05.634","","0","75 02:51.146","0","0","0","0","67301","0","0","0","N","0","0","0","2","68K01","0","","1.0","","1","N","N","N","0","","0","0","0","0","0","","101","2","0","0","0","0","0","0","2","0","2","0","0","0","3","","","N","","","","","","","","","",""
"2022088945","1325","1","0","0","0","0","0","0","0","0","5","0","","67","9","2022","3","39.978733","-75.158249","1325","6","0","0","0","0","0","0","0","0","","0","0","0","13","1","0","N","0","0","39 58:43.438","","0","75 09:29.697","9","0","0","0","67301","0","0","0","N","0","0","0","2","67505","0","","1.0","","1","N","N","N","1","","0","0","0","0","0","","1307","2","0","1","0","0","0","1","2","0","2","0","0","0","3","","","N","","","","","","","","","",""
"2022101031","2239","1","0","0","0","0","0","0","0","0","7","0","","67","10","2022","2","39.983094","-75.208123","2238","6","0","0","0","0","0","0","0","0","","0","0","0","22","3","0","N","0","1","39 58:59.139","3","0","75 12:29.242","0","0","0","0","67301","0","0","0","N","0","0","0","1","68K01","0","","1.0","2300.0","1","N","N","N","0","","0","0","0","0","0","N","2224","1","0","0","0","0","0","0","2","0","1","0","0","0","3","","","N","","","","","","","","","",""
"2022102796","1509","1","0","0","0","0","0","0","0","0","7","0","","67","10","2022","2","40.040588","-75.005666","1448","6","0","0","0","0","0","1","0","0","","0","0","0","14","1","0","N","0","0","40 02:26.116","","0","75 00:20.396","0","0","0","0","67301","0","0","0","N","0","0","0","1","68K01","0","","4.0","","9","N","N","N","0","","0","0","0","0","0","","1445","1","0","0","0","0","0","0","2","0","1","0","0","0","7","04","","N","","","","","","","","","",""
"2022083549","1720","1","0","0","1","0","0","0","0","0","8","0","","67","9","2022","6","39.930297","-75.144359","1705","6","0","0","0","0","0","0","0","0","","0","0","0","12","1","1","N","0","0","39 55:49.070","","7","75 08:39.691","3","0","0","0","67301","1","0","0","N","0","0","0","2","67301","0","","1.0","","1","N","N","N","0","","1","0","0","0","0","","1240","2","1","1","0","0","0","0","2","0","1","1","0","0","3","03","","N","","","","","","","","","",""
"2022101932","1440","1","0","0","0","0","0","0","0","0","8","0","","67","5","2022","3","39.954077","-75.198678","1439","6","0","0","0","0","0","0","1","0","","0","0","0","14","1","1","N","0","0","39 57:14.676","","0","75 11:55.241","3","0","0","0","67301","1","0","0","N","1","0","0","2","67504","0","","1.0","","1","N","N","N","0","","1","0","0","0","0","","1438","2","1","0","0","0","0","0","2","0","1","1","0","0","3","03","","N","","","","","","","","","",""
"2022101520","0310","1","0","0","0","0","0","0","0","0","1","1","55","67","9","2022","7","40.003369","-75.194449","0257","6","0","0","0","0","0","0","0","0","","0","1","0","2","3","1","","7","0","40 00:12.127","","2","75 11:40.015","3","0","0","0","67301","0","0","0","N","0","0","0","2","68K01","0","","2.0","","1","N","N","N","0","","1","0","0","0","0","","257","2","1","0","0","0","0","0","2","0","2","0","0","0","3","","Y","Y","4","1","N","N","N","N","N","N","Y","N"
"2022082616","0638","0","0","0","0","0","0","0","0","0","5","0","","67","9","2022","3","40.040496","-75.005413","0621","6","0","0","0","0","0","0","0","0","","0","0","0","6","5","3","N","0","1","40 02:25.784","1","0","75 00:19.485","3","0","0","0","67301","0","0","0","N","0","0","0","4","68K01","0","","1.0","650.0","9","N","N","N","0","","3","0","2","0","0","N","615","2","3","0","0","0","0","0","2","0","2","0","0","0","7","04","","N","","","","","","","","","",""
"2022086912","0324","4","0","0","0","0","0","0","0","0","1","0","","67","9","2022","5","39.966619","-75.135348","0316","6","0","0","0","0","0","0","0","0","","0","0","0","3","3","3","N","0","0","39 57:59.827","","0","75 08:07.251","3","0","0","0","67301","0","0","0","N","0","0","0","5","68K01","0","","1.0","","1","N","N","Y","0","","1","0","0","0","0","","315","4","3","2","0","0","2","0","2","0","4","0","0","0","3","","","N","","","","","","","","","",""
"2022098382","0828","1","0","0","0","0","0","0","0","0","4","0","","67","9","2022","4","39.994956","-75.137653","0823","6","0","0","0","0","0","0","0","0","","0","0","0","8","1","0","","1","0","39 59:41.841","","0","75 08:15.550","9","0","0","0","67301","0","0","0","N","0","0","0","1","67301","0","","1.0","","1","N","N","N","0","","0","0","0","3","3","","814","2","0","0","0","0","0","1","2","1","2","0","0","0","4","","","N","","","","","","","","","",""
"2022119580","1115","2","0","0","0","0","0","0","0","0","4","0","","67","9","2022","3","40.02131","-75.122413","1115","6","0","0","0","0","0","0","0","0","","0","0","0","10","1","1","","1","0","40 01:16.715","","0","75 07:20.686","3","0","0","0","67301","0","0","0","N","0","0","0","2","67301","0","","1.0","","9","N","N","N","0","","1","0","0","3","3","","1045","2","1","0","0","0","0","0","2","0","2","0","0","0","7","04","","N","","","","","","","","","",""
"2022084683","0159","0","0","1","0","0","0","0","0","0","7","0","","67","9","2022","5","40.016002","-75.175978","0154","6","0","0","0","0","0","0","0","0","","0","0","0","1","3","1","N","0","1","40 00:57.607","3","0","75 10:33.521","2","0","0","0","67301","0","0","0","N","0","0","0","1","67301","0","","4.0","45.0","1","N","N","N","0","","0","1","1","0","0","Y","154","1","1","0","0","0","0","0","2","0","1","0","0","0","3","03","","N","","","","","","","","","",""
"2022083561","1051","1","0","0","0","0","0","0","0","0","4","0","","67","9","2022","4","40.004314","-75.128004","1051","6","0","0","0","0","0","0","0","0","","0","0","0","6","1","2","","1","0","40 00:15.530","","0","75 07:40.814","3","0","0","0","67301","0","0","0","N","0","0","0","2","67301","0","","1.0","","1","N","N","N","0","","2","0","1","3","2","","640","2","2","1","0","0","0","0","2","0","2","0","0","0","3","","","N","","","","","","","","","",""
"2022102330","1637","0","0","0","0","0","0","0","0","0","5","0","","67","10","2022","7","40.008239","-75.202372","1636","6","0","0","0","0","0","1","1","0","","0","0","0","16","1","0","N","0","0","40 00:29.660","","0","75 12:08.540","0","0","0","0","67301","0","0","0","N","0","0","0","3","68K01","0","","1.0","","1","N","N","N","1","","0","0","1","0","0","","1633","2","0","0","0","0","0","0","2","0","2","0","0","0","3","03","","N","","","","","","","","","",""
"2022101112","1115","1","0","0","0","0","0","0","0","0","8","0","","67","10","2022","4","40.021555","-75.124352","1057","6","0","0","0","0","0","0","0","0","","0","0","0","8","1","2","","1","0","40 01:17.597","","0","75 07:27.667","3","0","0","0","67301","2","0","0","N","2","0","0","3","67301","0","","1.0","","1","N","N","N","0","","2","0","0","3","1","","840","3","2","1","0","0","0","0","2","0","1","2","0","0","3","","","N","","","","","","","","","",""
"2022100956","1340","0","0","0","0","0","0","0","0","0","7","0","","67","10","2022","7","40.009921","-75.089348","1340","6","0","0","0","0","0","0","0","0","","0","0","0","13","1","0","N","0","0","40 00:35.717","","0","75 05:21.653","0","0","0","0","67301","0","0","0","N","0","0","0","1","67301","0","","4.0","","1","N","N","N","0","","0","0","0","0","0","","1340","1","0","0","0","0","0","0","2","1","1","0","0","0","3","","","N","","","","","","","","","",""
"2022083563","1227","1","0","0","0","0","0","0","0","0","1","0","","67","9","2022","3","40.01305","-75.119797","1227","6","0","0","0","0","0","1","0","0","","0","0","0","11","1","1","N","0","0","40 00:46.980","","0","75 07:11.270","3","0","0","0","67301","0","0","0","N","0","0","0","2","67301","0","","1.0","","1","N","N","Y","1","","1","0","0","0","0","","1130","2","1","1","0","0","0","0","2","0","2","0","0","0","3","","","N","","","","","","","","","",""
"2022089678","0902","1","0","0","0","0","0","0","0","0","8","0","","67","9","2022","4","39.926048","-75.227937","0902","6","0","0","0","0","0","0","0","0","","0","0","0","8","1","1","","1","0","39 55:33.772","","0","75 13:40.573","2","0","0","0","67301","1","0","1","N","1","0","1","2","67301","0","","1.0","","1","N","N","N","0","","0","1","0","3","2","","839","2","1","1","0","0","0","0","2","0","1","1","0","1","3","03","","N","","","","","","","","","",""
"2022089252","","2","0","0","0","0","0","0","0","0","1","0","","67","8","2022","2","","","","6","0","0","0","0","0","0","0","0","","0","0","0","17","1","1","N","0","0","","","0","","8","0","0","0","67301","0","0","0","N","0","0","0","2","00000","0","","1.0","","1","","","N","0","","0","0","0","0","0","","1730","2","1","0","0","0","1","0","1","0","2","0","0","0","3","","","N","","","","","","","","","",""
"2022100951","0033","1","0","0","0","0","0","0","0","0","4","0","","67","10","2022","7","40.035389","-75.069754","0032","6","0","0","0","0","0","0","0","0","","0","0","0","23","3","1","","5","0","40 02:07.401","","0","75 04:11.116","3","0","0","0","67301","0","0","0","N","0","0","0","3","67301","0","","1.0","","1","N","N","N","0","","1","0","1","3","2","","2341","2","1","0","0","0","0","0","2","0","2","0","0","0","3","03","","N","","","","","","","","","",""
"2022083616","1402","2","0","0","0","0","0","0","0","0","5","0","","67","9","2022","3","40.024432","-75.03435","1402","6","0","0","0","0","0","2","0","0","","0","0","0","14","1","1","N","0","0","40 01:27.956","","0","75 02:03.659","3","0","0","0","67301","0","0","0","N","0","0","0","3","67301","0","","1.0","","1","N","N","N","0","","1","0","0","0","0","","1402","2","1","1","0","0","0","0","2","0","2","0","0","0","3","03","","N","","","","","","","","","",""
"2022101104","1330","0","0","0","0","0","0","0","0","0","4","0","","67","10","2022","7","39.958286","-75.164069","1330","6","0","0","0","0","0","1","0","0","","0","0","0","1","3","1","","1","9","39 57:29.829","","0","75 09:50.647","8","0","0","0","67301","0","0","0","N","0","0","0","3","67301","0","","1.0","","1","N","N","Y","0","","0","0","2","9","2","","126","2","1","0","0","0","1","1","2","0","2","0","0","0","3","03","","N","","","","","","","","","",""
"2022101457","1409","1","0","0","0","0","0","0","0","0","1","1","","67","10","2022","1","39.991346","-75.134856","1409","6","0","0","0","0","0","0","0","0","","0","0","0","14","1","4","","1","1","39 59:28.846","3","0","75 08:05.483","3","0","0","0","67301","0","0","0","N","0","0","0","4","67301","0","","1.0","1530.0","1","N","N","N","1","","3","0","0","3","2","Y","1405","2","4","1","0","0","1","0","2","0","2","0","0","0","3","","","N","","","","","","","","","",""
"2022099883","1220","1","0","0","0","0","0","0","0","0","4","0","","67","8","2022","1","39.988657","-75.187059","1220","6","0","0","0","0","0","1","0","0","","0","0","0","21","3","2","","1","0","39 59:19.164","","0","75 11:13.413","3","0","0","0","67301","0","0","0","N","0","0","0","3","67301","0","","1.0","","99","N","N","N","0","","2","0","1","3","2","","2113","2","2","0","0","0","0","1","2","0","2","0","0","0","99","","","N","","","","","","","","","",""
"2022102010","1345","0","0","0","0","0","0","0","0","0","1","1","","67","10","2022","2","40.086003","-75.023803","1337","6","0","0","0","0","0","1","0","0","","0","1","0","12","1","0","N","0","1","40 05:09.611","2","0","75 01:25.690","0","0","0","0","67301","0","0","0","N","0","0","0","3","67301","0","","1.0","1448.0","1","N","N","N","0","","0","0","1","3","2","N","1248","2","0","0","0","0","0","0","2","0","2","0","0","0","4","03","","N","","","","","","","","","",""
"2022100426","1200","0","0","0","0","0","0","0","0","0","8","1","","67","10","2022","4","39.950143","-75.170668","1145","6","0","0","0","0","0","1","0","0","","0","1","0","11","1","1","","1","0","39 57:00.513","","0","75 10:14.404","8","0","0","0","67301","1","0","0","N","1","0","0","2","67301","0","","1.0","","9","N","N","N","0","","0","0","0","3","2","","1130","2","1","0","0","0","1","0","2","0","1","1","0","0","4","07","","N","","","","","","","","","",""
"2022123667","0222","2","0","0","0","0","0","0","0","0","4","0","","67","11","2022","4","39.971531","-75.160034","0212","6","0","0","0","0","0","0","0","0","","0","0","0","1","3","0","N","0","1","39 58:17.513","4","0","75 09:36.123","0","0","0","0","67301","0","0","0","N","0","0","0","2","67301","0","","1.0","323.0","9","N","N","N","0","","0","0","0","0","0","N","157","2","0","0","0","0","0","0","2","0","2","0","0","0","7","07","","N","","","","","","","","","",""
"2022090301","1250","0","0","0","0","0","0","0","0","0","1","0","","67","9","2022","6","39.923059","-75.169898","1250","6","0","0","0","0","0","0","1","0","","0","0","0","11","1","2","N","0","0","39 55:23.011","","0","75 10:11.633","3","0","0","0","67301","0","0","0","N","0","0","0","4","67301","0","","6.0","","1","N","N","N","0","","2","0","2","0","0","","1130","2","2","1","0","0","0","0","2","0","2","0","0","0","3","","","N","","","","","","","","","",""
"2022102143","1059","0","0","0","0","0","0","0","0","0","7","0","","67","9","2022","6","39.983468","-75.097629","1059","6","0","0","1","0","0","0","0","0","","0","0","0","10","1","1","N","0","1","39 59:00.484","1","3","75 05:51.463","3","0","0","0","67301","0","0","0","N","0","0","0","1","68K01","0","","2.0","1115.0","1","N","N","N","0","","1","0","0","0","0","N","1034","1","1","0","0","0","0","0","2","1","1","0","0","0","3","","","N","","","","","","","","","",""
"2022081680","1238","0","0","0","0","0","0","0","0","0","4","0","","67","9","2022","3","40.123475","-75.015189","1229","6","0","0","0","0","0","0","1","0","","0","0","0","12","1","1","N","0","0","40 07:24.510","","7","75 00:54.680","3","0","0","0","67301","0","0","0","N","0","0","0","2","67301","0","","1.0","","9","N","N","N","0","","1","0","1","0","0","","1222","2","1","0","0","0","0","0","2","1","2","0","0","0","7","07","","N","","","","","","","","","",""
"2022101086","0406","1","0","0","0","0","0","0","0","0","7","0","","67","10","2022","1","39.963617","-75.138917","0406","6","0","0","0","0","0","0","0","0","","0","0","0","4","3","1","N","0","1","39 57:49.021","2","2","75 08:20.101","3","0","0","0","67301","0","0","0","N","0","0","0","2","68K01","0","","4.0","435.0","1","N","N","N","0","","1","0","0","0","0","N","405","1","1","0","0","0","0","0","2","0","1","0","0","0","3","","","N","","","","","","","","","",""
"2022083600","1434","2","0","0","0","0","0","0","0","0","4","0","","67","9","2022","4","40.076444","-75.032562","1427","6","0","0","0","0","0","0","1","1","","0","0","0","14","1","2","","1","0","40 04:35.200","","0","75 01:57.222","3","0","0","0","67301","0","0","0","N","0","0","0","4","67301","0","","1.0","","1","N","N","N","1","","2","0","0","3","2","","1426","3","2","0","0","0","0","0","2","0","3","0","0","0","3","03","","N","","","","","","","","","",""
"2022101986","0253","1","0","0","0","0","0","0","0","0","7","0","","67","11","2022","3","40.042063","-75.003752","0249","6","0","0","1","0","0","0","0","0","","0","0","0","2","3","1","N","0","1","40 02:31.426","1","0","75 00:13.506","8","0","0","0","67301","0","0","0","N","0","0","0","1","68K01","0","","4.0","255.0","9","N","N","N","0","","0","0","0","0","0","N","248","1","1","0","0","0","1","0","2","0","1","0","0","0","7","","","N","","","","","","","","","",""
"2022083875","0730","1","0","0","0","0","0","0","0","0","7","0","","67","9","2022","2","40.086524","-74.986659","0724","6","0","0","0","0","0","0","0","0","","0","0","0","7","1","1","N","0","0","40 05:11.486","","7","74 59:11.973","8","0","0","0","67301","0","0","0","N","0","0","0","1","67301","0","","5.0","","1","N","N","N","0","","0","0","0","3","2","","720","1","1","0","0","0","1","0","2","0","1","0","0","0","3","03","","N","","","","","","","","","",""
"2022101310","1241","1","0","0","0","0","0","0","0","0","1","0","","67","10","2022","7","39.991735","-75.20279","1234","6","0","0","1","0","0","0","0","0","","0","0","0","12","1","0","N","0","0","39 59:30.247","","0","75 12:10.045","0","0","0","0","67301","0","0","0","N","0","0","0","2","68K01","0","","1.0","","1","N","N","N","0","","0","0","1","0","0","","1231","2","0","1","0","0","0","0","2","0","2","0","0","0","4","","","N","","","","","","","","","",""
"2022091823","","1","0","0","0","0","0","0","0","0","1","0","","67","9","2022","3","39.966979","-75.160347","","6","0","0","0","0","0","0","0","0","","0","0","0","14","1","1","","1","0","39 58:01.123","","0","75 09:37.248","8","0","0","0","67301","0","0","0","N","0","0","0","2","00000","0","","1.0","","1","","","N","0","","0","0","0","3","2","","1400","2","1","0","0","0","1","0","2","0","2","0","0","0","3","","","N","","","","","","","","","",""
"2022118338","","1","0","0","0","0","0","0","0","0","7","0","","67","12","2022","1","39.877554","-75.213521","","6","1","0","0","0","0","0","0","0","","0","0","0","20","1","1","N","0","0","39 52:39.193","","0","75 12:48.676","8","0","0","0","67301","0","0","0","N","0","0","0","4","00000","0","","4.0","","1","","","N","0","","0","0","0","0","0","","2000","1","1","1","0","0","1","0","2","0","1","0","0","0","3","","","N","","","","","","","","","",""
"2022072946","","1","0","0","0","0","0","0","0","0","4","0","","67","7","2022","6","39.957337","-75.144132","","6","0","0","0","0","0","0","1","0","","0","0","0","19","1","1","","5","0","39 57:26.412","","2","75 08:38.875","8","0","0","0","67301","0","0","0","N","0","0","0","2","00000","0","","1.0","","1","","","N","0","","0","0","0","3","2","","1945","2","1","0","0","0","1","0","2","0","2","0","0","0","3","","","N","","","","","","","","","",""
"2022083629","1118","1","0","0","0","0","0","0","0","0","8","0","","67","9","2022","3","39.965293","-75.225481","1101","6","0","0","0","0","0","0","0","1","","0","0","0","8","1","1","","1","0","39 57:55.055","","0","75 13:31.731","3","0","0","0","67301","1","0","0","N","1","0","0","2","67301","0","","1.0","","9","N","N","N","0","","1","0","0","3","2","","850","2","1","0","0","0","0","1","2","0","1","1","0","0","7","","","N","","","","","","","","","",""
"2022102205","0740","1","0","0","0","0","0","0","0","0","1","0","","67","11","2022","3","39.986258","-75.092031","0656","6","0","0","0","0","1","0","0","0","","0","0","0","6","1","0","N","0","0","39 59:10.528","","0","75 05:31.311","0","0","0","0","67301","0","0","0","N","0","0","0","2","68K01","0","","1.0","","9","N","N","N","1","","0","0","0","0","0","","607","2","0","0","0","0","0","0","2","0","2","0","0","0","4","04","","N","","","","","","","","","",""
"2022099556","1754","0","0","0","0","0","0","0","0","0","5","0","45","67","9","2022","1","39.997153","-75.082171","1744","6","0","0","0","0","0","1","0","0","","0","0","0","17","1","3","N","0","1","39 59:49.749","3","0","75 04:55.815","3","0","0","0","67301","0","0","0","N","0","0","0","3","68K01","0","","1.0","1844.0","1","N","N","N","0","","1","0","2","0","0","N","1742","2","3","1","0","0","2","0","2","0","2","0","0","0","3","","N","Y","4","1","","","N","","","","Y","N"
"2022088708","0229","2","0","0","0","0","0","0","0","0","5","0","","67","9","2022","3","39.971725","-75.193331","0223","6","0","0","0","0","0","0","0","0","","0","0","0","2","3","0","","7","2","39 58:18.209","4","2","75 11:35.991","0","0","0","0","67301","0","0","0","N","0","0","0","3","68K01","0","","7.0","300.0","1","N","N","N","0","","0","0","0","0","0","Y","218","2","0","0","0","0","0","0","2","0","2","0","0","0","7","","","N","","","","","","","","","",""
"2022072951","","0","0","0","0","0","0","0","0","0","4","0","","67","7","2022","6","39.918722","-75.209528","","6","0","0","0","0","0","1","0","0","","0","0","0","12","1","1","N","0","0","39 55:07.400","","7","75 12:34.300","8","0","0","0","67301","0","0","0","N","0","0","0","2","00000","0","","1.0","","1","","","N","0","","0","0","0","0","0","","1230","2","1","0","0","0","1","0","2","1","2","0","0","0","3","","","N","","","","","","","","","",""
"2022083643","1645","0","0","0","0","0","0","0","0","0","4","0","","67","9","2022","5","39.969475","-75.139614","1645","6","0","0","0","0","0","0","0","0","","0","0","0","19","3","0","","5","0","39 58:10.111","","0","75 08:22.610","0","0","0","0","67301","0","0","0","N","0","0","0","2","67301","0","","1.0","","99","N","N","N","0","","0","0","2","3","2","","1939","2","0","0","0","0","0","0","2","0","2","0","0","0","99","","","N","","","","","","","","","",""
"2022083631","1435","0","0","0","0","0","0","0","0","0","4","0","","67","9","2022","4","39.980979","-75.175711","1427","6","0","0","0","0","0","0","0","0","","0","0","0","14","1","0","","1","0","39 58:51.524","","0","75 10:32.559","0","0","0","0","67301","0","0","0","N","0","0","0","3","67301","0","","1.0","","1","N","N","N","0","","0","0","2","3","2","","1425","2","0","3","0","0","0","0","2","0","2","0","0","0","3","04","","N","","","","","","","","","",""