"CRN","ARRIVAL_TM","AUTOMOBILE_COUNT","BELTED_DEATH_COUNT","BELTED_SUSP_SERIOUS_INJ_COUNT","BICYCLE_COUNT","BICYCLE_DEATH_COUNT","BICYCLE_SUSP_SERIOUS_INJ_COUNT","BUS_COUNT","CHLDPAS_DEATH_COUNT","CHLDPAS_SUSP_SERIOUS_INJ_COUNT","COLLISION_TYPE","COMM_VEH_COUNT","CONS_ZONE_SPD_LIM","COUNTY","CRASH_MONTH","CRASH_YEAR","DAY_OF_WEEK","DEC_LATITUDE","DEC_LONGITUDE","DISPATCH_TM","DISTRICT","DRIVER_COUNT_16YR","DRIVER_COUNT_17YR","DRIVER_COUNT_18YR","DRIVER_COUNT_19YR","DRIVER_COUNT_20YR","DRIVER_COUNT_50_64YR","DRIVER_COUNT_65_74YR","DRIVER_COUNT_75PLUS","EST_HRS_CLOSED","FATAL_COUNT","HEAVY_TRUCK_COUNT","HORSE_BUGGY_COUNT","HOUR_OF_DAY","ILLUMINATION","INJURY_COUNT","INTERSECTION_RELATED","INTERSECT_TYPE","LANE_CLOSED","LATITUDE","LN_CLOSE_DIR","LOCATION_TYPE","LONGITUDE","MAX_SEVERITY_LEVEL","MCYCLE_DEATH_COUNT","MCYCLE_SUSP_SERIOUS_INJ_COUNT","MOTORCYCLE_COUNT","MUNICIPALITY","NONMOTR_COUNT","NONMOTR_DEATH_COUNT","NONMOTR_SUSP_SERIOUS_INJ_COUNT","NTFY_HIWY_MAINT","PED_COUNT","PED_DEATH_COUNT","PED_SUSP_SERIOUS_INJ_COUNT","PERSON_COUNT","POLICE_AGCY","POSSIBLE_INJ_COUNT","RDWY_SURF_TYPE_CD","RELATION_TO_ROAD","ROADWAY_CLEARED","ROAD_CONDITION","SCH_BUS_IND","SCH_ZONE_IND","SECONDARY_CRASH","SMALL_TRUCK_COUNT","SPEC_JURIS_CD","SUSP_MINOR_INJ_COUNT","SUSP_SERIOUS_INJ_COUNT","SUV_COUNT","TCD_FUNC_CD","TCD_TYPE","TFC_DETOUR_IND","TIME_OF_DAY","TOTAL_UNITS","TOT_INJ_COUNT","UNBELTED_OCC_COUNT","UNB_DEATH_COUNT","UNB_SUSP_SERIOUS_INJ_COUNT","UNK_INJ_DEG_COUNT","UNK_INJ_PER_COUNT","URBAN_RURAL","VAN_COUNT","VEHICLE_COUNT","VULNERABLE_ROAD_USER_COUNT","VULNERABLE_ROAD_USER_DEATH_COUNT","VULNERABLE_ROAD_USER_SER_INJ_COUNT","WEATHER1","WEATHER2","WORKERS_PRES","WORK_ZONE_IND","WORK_ZONE_LOC","WORK_ZONE_TYPE","WZ_CLOSE_DETOUR","WZ_FLAGGER","WZ_LAW_OFFCR_IND","WZ_LN_CLOSURE","WZ_MOVING","WZ_OTHER","WZ_SHLDER_MDN","WZ_WORKERS_INJ_KILLED"
"2022094542","0030","2","0","0","0","0","0","0","0","0","1","0","","67","10","2022","5","39.956387","-75.189326","0030","6","0","0","0","0","0","0","0","0","","0","0","0","0","3","1","N","0","0","39 57:22.993","","0","75 11:21.572","3","0","0","0","67301","0","0","0","N","0","0","0","2","67507","0","","1.0","","1","N","N","N","0","","1","0","0","0","0","","25","2","1","1","0","0","0","1","2","0","2","0","0","0","3","03","","N","","","","","","","","","",""
"2022083652","2030","1","0","0","0","0","0","0","0","0","4","0","","67","9","2022","3","40.010483","-75.160772","2030","6","0","0","0","0","0","1","0","0","","0","0","0","11","1","1","","1","0","40 00:37.740","","0","75 09:38.779","3","0","0","0","67301","0","0","0","N","0","0","0","2","67301","0","","1.0","","9","N","N","N","0","","1","0","1","3","3","","1100","2","1","0","0","0","0","1","2","0","2","0","0","0","7","","","N","","","","","","","","","",""
"2022104967","2311","2","0","0","0","0","0","0","0","0","5","0","","67","10","2022","6","40.013886","-75.141533","2311","6","0","0","0","0","0","0","0","0","","0","0","0","22","3","0","N","0","0","40 00:49.990","","0","75 08:29.520","9","0","0","0","67301","0","0","0","N","0","0","0","1","67301","0","","1.0","","1","N","N","N","0","","0","0","0","0","0","","2230","2","0","1","0","0","0","1","2","0","2","0","0","0","3","","","N","","","","","","","","","",""
"2022085388","1411","1","0","0","0","0","0","0","0","0","1","0","","67","9","2022","4","39.966286","-75.22481","1411","6","0","0","0","0","0","0","0","0","","0","0","0","14","1","1","N","0","1","39 57:58.628","5","0","75 13:29.317","2","0","1","1","67301","0","0","0","N","0","0","0","2","67301","0","","1.0","1440.0","1","N","N","N","0","","0","1","0","0","0","Y","1410","2","1","0","0","0","0","0","2","0","2","0","0","0","7","03","","N","","","","","","","","","",""
"2022077367","","1","0","0","0","0","0","0","0","0","1","0","","67","7","2022","6","","","","6","0","0","0","0","0","1","0","0","","0","0","0","16","1","1","","1","0","","","0","","8","0","0","0","67301","0","0","0","N","0","0","0","2","00000","0","","1.0","","1","","","N","0","","0","0","1","3","2","","1645","2","1","1","0","0","1","0","1","0","2","0","0","0","3","","","N","","","","","","","","","",""
"2022081979","1902","0","0","0","0","0","0","0","0","0","1","0","","67","9","2022","3","39.893181","-75.221997","1900","6","0","0","0","0","0","1","0","0","","0","0","0","17","1","1","N","0","0","39 53:35.450","","3","75 13:19.188","3","0","0","0","67301","0","0","0","N","0","0","0","2","67301","0","","1.0","","99","N","N","N","1","","1","0","1","0","0","","1717","2","1","0","0","0","0","1","2","0","2","0","0","0","4","98","","N","","","","","","","","","",""
"2022082019","0946","3","0","0","0","0","0","0","0","0","4","0","","67","9","2022","4","39.981053","-75.163931","0945","6","0","0","0","1","0","0","0","0","","0","0","0","9","1","1","","1","0","39 58:51.790","","0","75 09:50.150","4","0","0","0","67301","0","0","0","N","0","0","0","2","67301","1","","1.0","","9","N","N","N","0","","0","0","0","3","3","","940","3","1","0","0","0","0","0","2","0","3","0","0","0","4","07","","N","","","","","","","","","",""
"2022100803","2009","1","0","0","0","0","0","0","0","0","4","0","","67","9","2022","5","40.003019","-75.127646","1735","6","0","0","0","0","0","0","1","0","","0","0","0","17","1","1","","1","0","40 00:10.868","","0","75 07:39.525","4","0","0","1","67301","0","0","0","N","0","0","0","2","67301","1","","1.0","","1","N","N","N","0","","0","0","0","3","3","","1730","2","1","0","0","0","0","0","2","0","2","0","0","0","3","03","","N","","","","","","","","","",""
"2022082000","","1","0","0","0","0","0","0","0","0","5","0","","67","7","2022","2","40.008859","-75.151217","","6","0","0","0","0","0","0","0","0","","0","0","0","8","1","1","N","0","0","40 00:31.894","","0","75 09:04.380","8","0","0","0","67301","0","0","0","N","0","0","0","2","00000","0","","1.0","","1","","","N","0","","0","0","1","0","0","","800","2","1","0","0","0","1","0","2","0","2","0","0","0","3","","","N","","","","","","","","","",""
"2022101853","0530","1","0","0","0","0","0","0","0","0","7","0","","67","10","2022","3","39.990867","-75.185116","0516","6","0","0","0","0","0","0","0","0","","0","0","0","5","3","0","N","0","0","39 59:27.122","","0","75 11:06.416","9","0","0","0","67301","0","0","0","N","0","0","0","1","67301","0","","5.0","","1","N","N","N","0","","0","0","0","0","0","","510","1","0","0","0","0","0","1","2","0","1","0","0","0","3","","","N","","","","","","","","","",""
"2022101452","1120","2","0","0","0","0","0","0","0","0","2","0","","67","8","2022","4","39.957872","-75.214175","1120","6","0","0","0","0","0","1","0","0","","0","0","0","11","1","0","","1","1","39 57:28.339","1","0","75 12:51.029","0","0","0","0","67301","0","0","0","N","0","0","0","2","67301","0","","1.0","1231.0","1","N","N","N","0","","0","0","0","3","3","Y","1110","2","0","0","0","0","0","0","2","0","2","0","0","0","3","03","","N","","","","","","","","","",""
"2022083585","1740","3","0","0","0","0","0","0","0","0","1","0","","67","9","2022","4","39.934874","-75.142761","1733","6","0","0","0","0","0","2","0","0","","0","0","0","17","8","1","","2","0","39 56:05.545","","0","75 08:33.938","8","0","0","0","67301","0","0","0","N","0","0","0","6","67301","0","","1.0","","9","N","N","N","0","","0","0","3","3","2","","1731","6","1","0","0","0","1","0","2","0","6","0","0","0","7","04","","N","","","","","","","","","",""
"2022099524","1103","0","0","0","1","0","1","0","0","0","8","0","","67","9","2022","6","39.947708","-75.198621","1102","6","0","0","0","0","0","0","0","0","","0","0","0","10","1","1","","2","0","39 56:51.748","","0","75 11:55.037","2","0","0","0","67301","1","0","1","N","0","0","0","2","67504","0","","1.0","","1","N","N","N","0","","0","1","1","3","2","","1050","2","1","0","0","0","0","0","2","0","1","1","0","1","3","","","N","","","","","","","","","",""
"2022100496","0455","2","0","0","0","0","0","0","0","0","5","0","","67","10","2022","4","39.942552","-75.142923","0448","6","0","0","0","0","0","0","0","0","","0","0","0","4","3","1","N","0","2","39 56:33.188","1","0","75 08:34.523","8","0","0","0","67301","0","0","0","N","0","0","0","2","68K01","0","","1.0","510.0","9","N","N","N","0","","0","0","0","0","0","N","443","2","1","0","0","0","1","0","2","0","2","0","0","0","7","","","N","","","","","","","","","",""
"2022102968","0007","0","0","0","0","0","0","0","0","0","8","0","","67","11","2022","4","40.017561","-75.153803","0007","6","0","0","0","0","0","0","0","0","","0","0","0","23","3","1","N","0","0","40 01:03.220","","0","75 09:13.690","2","0","0","0","67301","1","0","1","N","1","0","1","1","67301","0","","1.0","","1","N","N","N","0","","0","1","1","0","0","","2306","2","1","0","0","0","0","0","2","0","1","1","0","1","3","","","N","","","","","","","","","",""
"2022101110","1214","1","0","0","0","0","0","0","0","0","1","1","","67","9","2022","6","39.993933","-75.147661","1210","6","0","0","0","0","0","1","0","0","","0","1","0","12","1","1","N","0","0","39 59:38.160","","0","75 08:51.580","3","0","0","0","67301","0","0","0","N","0","0","0","1","67301","0","","6.0","","1","N","N","N","0","","1","0","0","0","0","","1205","2","1","1","0","0","0","0","2","0","2","0","0","0","3","","","N","","","","","","","","","",""
"2022086939","","1","0","0","0","0","0","0","0","0","1","0","","67","9","2022","5","","","","6","0","0","0","0","0","1","0","0","","0","0","0","8","1","1","N","0","0","","","3","","8","0","0","0","67301","0","0","0","N","0","0","0","2","00000","0","","1.0","","1","","","N","0","","0","0","0","0","0","","815","2","1","0","0","0","1","0","1","0","2","0","0","0","3","","","N","","","","","","","","","",""
"2022081972","1010","1","0","0","0","0","0","0","0","0","1","0","","67","9","2022","3","39.917516","-75.156135","0929","6","0","0","0","0","0","0","0","0","","0","0","0","9","1","1","","1","0","39 55:03.057","","0","75 09:22.086","3","0","0","0","67301","0","0","0","N","0","0","0","2","67301","0","","1.0","","8","N","Y","N","0","","1","0","1","3","2","","913","2","1","0","0","0","0","0","2","0","2","0","0","0","7","04","","N","","","","","","","","","",""
"2022083605","0850","0","0","0","0","0","0","0","0","0","8","0","","67","9","2022","6","39.927808","-75.236981","0850","6","0","0","0","0","0","0","0","0","","0","0","0","8","1","1","","1","0","39 55:40.109","","0","75 14:13.130","3","0","0","0","67301","1","0","0","N","1","0","0","2","67301","0","","1.0","","1","N","N","N","0","","1","0","0","3","2","","837","2","1","0","0","0","0","0","2","1","1","1","0","0","3","03","","N","","","","","","","","","",""
"2022103477","1814","1","0","0","0","0","0","0","0","0","1","0","","67","9","2022","6","39.915959","-75.147777","1809","6","0","0","0","0","0","0","0","0","","0","0","0","17","1","0","N","0","0","39 54:57.454","","0","75 08:51.997","0","0","0","0","67301","0","0","0","N","0","0","0","3","68K01","0","","1.0","","1","N","N","N","0","","0","0","1","0","0","","1752","2","0","0","0","0","0","0","2","0","2","0","0","0","3","03","","N","","","","","","","","","",""
"2022083604","2034","2","0","0","0","0","0","0","0","0","4","0","","67","9","2022","4","39.929053","-75.220583","2034","6","0","0","0","0","1","0","0","0","","0","0","0","20","3","0","","1","0","39 55:44.592","","0","75 13:14.099","0","0","0","0","67301","0","0","0","N","0","0","0","2","67301","0","","1.0","","1","N","N","Y","0","","0","0","0","3","1","","2034","2","0","1","0","0","0","0","2","0","2","0","0","0","3","03","","N","","","","","","","","","",""
"2022084257","","1","0","0","0","0","0","0","0","0","1","0","","67","9","2022","4","40.00106","-75.084133","","6","0","0","1","0","0","1","0","0","","0","0","0","17","1","2","Y","0","0","40 00:03.815","","2","75 05:02.877","8","0","0","0","67301","0","0","0","N","0","0","0","3","00000","0","","1.0","","1","","","N","0","","0","0","1","3","2","","1700","2","2","0","0","0","2","0","2","0","2","0","0","0","3","","","N","","","","","","","","","",""
"2022103625","2255","0","0","0","0","0","0","0","0","0","7","0","","67","10","2022","2","40.046913","-75.000999","2242","6","0","0","0","0","0","0","0","0","","0","0","0","22","3","1","N","0","1","40 02:48.887","2","0","75 00:03.598","8","0","0","0","67301","0","0","0","N","0","0","0","1","68K01","0","","4.0","2310.0","9","N","N","N","0","","0","0","1","0","0","N","2237","1","1","1","0","0","1","0","2","0","1","0","0","0","7","","","N","","","","","","","","","",""
"2022086786","1522","0","0","0","0","0","0","0","0","0","5","1","","67","9","2022","3","40.082106","-74.966731","1421","6","0","0","0","0","0","0","0","0","","0","1","0","14","1","1","N","0","0","40 04:55.580","","0","74 58:00.233","3","0","0","0","67301","0","0","0","N","0","0","0","2","68M03","0","","1.0","","1","N","N","N","0","","1","0","1","0","0","","1418","2","1","0","0","0","0","1","2","0","2","0","0","0","3","03","","N","","","","","","","","","",""
"2022075124","","1","0","0","0","0","0","0","0","0","5","0","","67","7","2022","6","39.971725","-75.193331","","6","0","0","0","0","0","0","0","0","","0","0","0","13","1","1","","7","0","39 58:18.209","","2","75 11:35.991","8","0","0","0","67301","0","0","0","N","0","0","0","2","00000","0","","7.0","","1","","","N","0","","0","0","1","0","0","","1315","2","1","1","0","0","1","0","2","0","2","0","0","0","3","","","N","","","","","","","","","",""
"2022102347","1940","2","0","0","0","0","0","0","0","0","1","0","","67","11","2022","3","39.926871","-75.195053","1931","6","0","0","0","0","0","0","1","0","","0","0","0","19","3","1","N","0","2","39 55:36.734","3","0","75 11:42.192","4","0","0","0","67301","0","0","0","N","0","0","0","3","68K01","1","","3.0","1950.0","1","N","N","N","0","","0","0","0","0","0","N","1931","3","1","0","0","0","0","1","2","0","3","0","0","0","3","","","N","","","","","","","","","",""
"2022105071","1124","1","0","0","0","0","0","0","0","0","1","0","","67","9","2022","7","39.957107","-75.156796","1106","6","0","0","0","1","0","0","2","0","","0","0","0","11","1","1","N","0","0","39 57:25.584","","0","75 09:24.465","3","0","0","0","67301","0","0","0","N","0","0","0","5","68K01","0","","1.0","","1","N","N","N","0","","1","0","2","0","0","","1101","3","1","0","0","0","0","0","2","0","3","0","0","0","3","03","","N","","","","","","","","","",""
"2022083648","0845","1","0","0","0","0","0","0","0","0","8","0","","67","9","2022","5","40.052077","-75.141781","0832","6","0","0","0","0","0","0","0","0","","0","0","0","8","1","1","","1","0","40 03:07.476","","0","75 08:30.412","8","0","0","0","67301","1","0","0","N","1","0","0","2","67301","0","","1.0","","1","N","N","N","0","","0","0","0","3","2","","801","2","1","0","0","0","1","0","2","0","1","1","0","0","3","03","","N","","","","","","","","","",""
"2022083632","1832","1","0","0","0","0","0","0","0","0","7","0","","67","9","2022","5","39.988881","-75.192394","1824","6","0","0","0","0","0","0","0","0","","0","0","0","18","1","0","N","0","0","39 59:19.970","","0","75 11:32.620","0","0","0","0","67301","0","0","0","N","0","0","0","1","67301","0","","4.0","","1","N","N","N","0","","0","0","0","0","0","","1819","1","0","0","0","0","0","0","2","0","1","0","0","0","3","","","N","","","","","","","","","",""
"2022101603","2043","0","0","0","0","0","0","0","0","0","1","0","","67","10","2022","1","40.055589","-75.232387","2041","6","0","0","0","0","0","0","0","0","","0","0","0","20","3","0","N","0","0","40 03:20.119","","0","75 13:56.593","9","0","0","0","67301","0","0","0","N","0","0","0","3","67301","0","","1.0","","1","N","N","N","0","","0","0","2","0","0","","2035","2","0","1","0","0","0","1","2","0","2","0","0","0","3","","","N","","","","","","","","","",""
"2022083556","1328","0","0","0","0","0","0","0","0","0","1","0","","67","9","2022","4","40.028579","-75.033945","1328","6","0","0","0","0","0","0","0","0","","0","0","0","13","1","1","","1","0","40 01:42.885","","0","75 02:02.202","4","0","0","0","67301","0","0","0","N","0","0","0","3","67301","1","","1.0","","1","N","N","N","1","","0","0","0","3","2","","1328","3","1","1","0","0","0","0","2","2","3","0","0","0","4","","","N","","","","","","","","","",""
"2022110561","1120","1","0","0","0","0","0","0","0","0","4","0","","67","10","2022","7","39.970505","-75.148148","1115","6","0","0","0","0","0","0","0","0","","0","0","0","11","1","0","","1","0","39 58:13.819","","0","75 08:53.332","0","0","0","0","67301","0","0","0","N","0","0","0","2","67301","0","","1.0","","1","N","N","N","0","","0","0","1","3","2","","1100","2","0","0","0","0","0","0","2","0","2","0","0","0","3","03","","N","","","","","","","","","",""
"2022108992","0103","0","0","0","0","0","0","0","0","0","7","1","","67","11","2022","4","40.03182","-75.021418","0026","6","0","0","0","0","0","0","0","0","","0","1","0","0","3","0","N","0","1","40 01:54.551","2","3","75 01:17.105","0","0","0","0","67301","0","0","0","N","0","0","0","1","68K01","0","","4.0","246.0","9","N","N","N","0","","0","0","0","0","0","N","25","1","0","0","0","0","0","0","2","0","1","0","0","0","7","07","","N","","","","","","","","","",""
"2022111338","0346","1","0","0","0","0","0","0","0","0","1","1","","67","10","2022","5","39.898714","-75.170934","0333","6","0","0","0","0","0","0","0","0","","0","1","0","3","3","2","N","0","1","39 53:55.370","1","0","75 10:15.361","8","0","0","0","67301","0","0","0","N","0","0","0","2","68K01","0","","1.0","400.0","1","N","N","N","0","","0","0","0","0","0","N","332","2","2","0","0","0","2","0","2","0","2","0","0","0","3","","","N","","","","","","","","","",""
"2022107723","0227","2","0","0","0","0","0","0","0","0","5","0","","67","8","2022","7","39.999406","-75.108664","0227","6","0","0","0","0","0","0","0","0","","0","0","0","0","3","0","N","0","0","39 59:57.860","","0","75 06:31.190","0","0","0","0","67301","0","0","0","N","0","0","0","1","67301","0","","6.0","","1","N","N","N","0","","0","0","2","0","0","","50","4","0","0","0","0","0","0","2","0","4","0","0","0","3","03","","N","","","","","","","","","",""
"2022099058","2039","2","0","0","0","0","0","0","0","0","5","0","","67","8","2022","3","39.968702","-75.127679","2013","6","0","0","0","0","0","0","0","0","","0","0","0","20","3","0","N","0","1","39 58:07.327","1","3","75 07:39.645","0","0","0","0","67301","0","0","0","N","0","0","0","3","68K01","0","","1.0","2130.0","1","N","N","N","0","","0","0","1","0","0","N","2011","3","0","0","0","0","0","0","2","0","3","0","0","0","3","","","N","","","","","","","","","",""
"2022077377","","2","0","0","0","0","0","0","0","0","4","0","","67","8","2022","1","39.941348","-75.217759","","6","0","0","0","0","1","0","0","0","","0","0","0","2","3","1","","1","0","39 56:28.852","","0","75 13:03.932","8","0","0","0","67301","0","0","0","N","0","0","0","2","00000","0","","1.0","","1","","","N","0","","0","0","0","3","2","","237","2","1","0","0","0","1","0","2","0","2","0","0","0","3","","","N","","","","","","","","","",""
"2022102451","2034","1","0","0","0","0","0","0","0","0","4","0","","67","9","2022","4","39.93243","-75.224588","2034","6","0","0","0","0","0","0","0","0","","0","0","0","20","3","3","","1","0","39 55:56.749","","0","75 13:28.517","3","0","0","0","67301","0","0","0","N","0","0","0","3","67301","0","","1.0","","1","N","N","Y","0","","3","0","0","3","2","","2034","2","3","1","0","0","0","0","2","1","2","0","0","0","3","","","N","","","","","","","","","",""
"2022102226","1202","0","0","0","0","0","0","0","0","0","8","0","","67","11","2022","3","39.953837","-75.175072","1202","6","0","0","0","0","0","0","0","0","","0","0","0","11","1","1","","1","0","39 57:13.812","","0","75 10:30.258","3","0","0","0","67301","1","0","0","N","1","0","0","2","67301","0","","1.0","","1","N","N","N","0","","1","0","1","3","2","","1155","2","1","0","0","0","0","0","2","0","1","1","0","0","3","","","N","","","","","","","","","",""
"2022108272","0321","2","0","0","0","0","0","0","0","0","4","0","","67","11","2022","3","40.026561","-75.096732","0318","6","0","0","0","0","0","0","0","0","","0","0","0","2","3","0","","2","1","40 01:35.621","2","0","75 05:48.236","0","0","0","0","67301","0","0","0","N","0","0","0","1","67301","0","","1.0","400.0","1","N","N","N","0","","0","0","0","3","2","N","259","2","0","0","0","0","0","0","2","0","2","0","0","0","3","03","","N","","","","","","","","","",""
"2022083615","0450","0","0","0","0","0","0","0","0","0","5","0","","67","9","2022","3","40.0155","-75.074639","0445","6","0","0","0","0","0","0","0","0","","0","0","0","4","3","0","N","0","0","40 00:55.800","","0","75 04:28.700","0","0","0","0","67301","0","0","0","N","0","0","0","1","67301","0","","6.0","","9","N","N","N","0","","0","0","1","0","0","","440","2","0","0","0","0","0","0","2","1","2","0","0","0","7","07","","N","","","","","","","","","",""
"2022105805","0334","1","0","0","0","0","0","0","0","0","1","0","","67","7","2022","2","39.957278","-75.247556","0120","6","0","0","0","0","0","0","0","0","","0","0","0","1","3","1","N","0","0","39 57:26.200","","0","75 14:51.200","3","0","0","0","67301","0","0","0","N","0","0","0","2","67301","0","","1.0","","1","N","N","N","0","","1","0","1","0","0","","120","2","1","2","0","0","0","0","2","0","2","0","0","0","3","03","","N","","","","","","","","","",""
"2022108294","1955","0","0","0","0","0","0","0","0","0","1","1","","67","11","2022","3","40.053088","-75.141561","1955","6","0","0","0","0","0","0","0","0","","0","1","0","19","3","0","Y","0","0","40 03:11.115","","0","75 08:29.619","9","0","0","0","67301","0","0","0","N","0","0","0","2","67301","0","","1.0","","9","N","N","N","0","","0","0","1","3","2","","1900","2","0","0","0","0","0","1","2","0","2","0","0","0","7","","","N","","","","","","","","","",""
"2022102045","","0","0","0","0","0","0","0","0","0","5","0","","67","10","2022","3","","","","6","0","0","0","0","0","0","1","0","","0","0","0","11","1","1","N","0","0","","","0","","8","0","0","0","67301","0","0","0","N","0","0","0","2","00000","0","","1.0","","1","","","N","0","","0","0","1","0","0","","1107","2","1","0","0","0","1","0","1","0","2","0","0","0","3","","","N","","","","","","","","","",""
"2022083582","2146","2","0","0","0","0","0","0","0","0","6","0","","67","9","2022","5","40.030233","-75.091833","2145","6","0","0","0","0","0","1","0","0","","0","0","0","21","3","0","N","0","0","40 01:48.840","","0","75 05:30.600","0","0","0","0","67301","0","0","0","N","0","0","0","2","67301","0","","1.0","","1","N","N","N","1","","0","0","0","0","0","","2143","3","0","1","0","0","0","0","2","0","3","0","0","0","3","03","","N","","","","","","","","","",""
"2022084245","","1","0","0","0","0","0","0","0","0","5","0","","67","8","2022","3","39.958711","-75.169531","","6","0","0","0","0","0","1","0","0","","0","0","0","12","1","1","N","0","0","39 57:31.360","","0","75 10:10.310","8","0","0","0","67301","0","0","0","N","0","0","0","2","00000","0","","1.0","","1","","","N","0","","0","0","0","0","0","","1227","2","1","0","0","0","1","0","2","0","2","0","0","0","3","","","N","","","","","","","","","",""
"2022101324","0250","2","0","0","0","0","0","0","0","0","5","0","","67","10","2022","3","39.888643","-75.218141","0232","6","0","0","0","0","0","0","0","0","","0","0","0","2","3","2","N","0","1","39 53:19.115","1","0","75 13:05.307","3","0","0","0","67301","0","0","0","N","0","0","0","2","68K01","1","","1.0","300.0","1","N","N","N","0","","1","0","0","0","0","N","232","2","2","0","0","0","0","0","2","0","2","0","0","0","3","","","N","","","","","","","","","",""
"2022108061","1807","0","0","0","0","0","0","0","0","0","4","1","","67","11","2022","3","40.08791","-74.980609","1803","6","0","0","0","0","0","2","0","0","","0","1","0","17","3","3","","1","0","40 05:16.476","","0","74 58:50.192","4","0","0","0","67301","0","0","0","N","0","0","0","4","67301","3","","1.0","","9","N","N","N","0","","0","0","0","3","3","","1755","2","3","3","0","0","0","0","2","1","2","0","0","0","7","07","","N","","","","","","","","","",""
"2022077376","","0","0","0","0","0","0","0","0","0","1","0","","67","7","2022","2","39.953328","-75.198686","","6","0","0","0","0","0","0","0","0","","0","0","0","22","3","1","Y","0","0","39 57:11.979","","0","75 11:55.271","8","0","0","0","67301","0","0","0","N","0","0","0","2","00000","0","","1.0","","1","","","N","0","","0","0","2","3","2","","2200","2","1","1","0","0","1","0","2","0","2","0","0","0","3","","","N","","","","","","","","","",""
"2022105976","0746","1","0","0","0","0","0","0","0","0","1","0","","67","11","2022","5","40.069699","-75.155912","0737","6","0","0","0","0","0","0","0","0","","0","0","0","6","5","2","N","0","0","40 04:10.915","","0","75 09:21.283","3","0","0","0","67301","0","0","0","N","0","0","0","3","67301","0","","1.0","","1","N","N","N","0","","2","0","2","0","0","","642","3","2","1","0","0","0","1","2","0","3","0","0","0","3","03","","N","","","","","","","","","",""
"2022108077","2345","2","0","0","0","0","0","0","0","0","4","0","","67","10","2022","3","39.998578","-75.109639","2343","6","0","0","0","0","0","0","0","0","","0","0","0","23","3","2","N","0","0","39 59:54.880","","0","75 06:34.700","2","0","0","0","67301","0","0","0","N","0","0","0","2","67301","0","","6.0","","1","N","N","N","1","","1","1","1","0","0","","2335","4","2","1","0","0","0","0","2","0","4","0","0","0","3","03","","N","","","","","","","","","",""
"2022084770","2212","0","0","0","0","0","0","0","0","0","8","0","","67","9","2022","4","40.030677","-75.054821","2200","6","0","0","0","0","0","0","0","0","","0","0","0","10","8","1","","1","0","40 01:50.438","","0","75 03:17.357","3","0","0","0","67301","1","0","0","N","1","0","0","2","67301","0","","1.0","","1","N","N","N","0","","1","0","1","3","2","","1010","2","1","0","0","0","0","0","2","0","1","1","0","0","3","03","","N","","","","","","","","","",""
"2022087374","1010","1","0","0","0","0","0","0","0","0","1","0","","67","9","2022","5","40.04904","-75.174914","1008","6","0","0","0","0","0","0","0","0","","0","0","0","9","1","1","","1","0","40 02:56.544","","0","75 10:29.690","4","0","0","0","67301","0","0","0","N","0","0","0","2","67301","1","","1.0","","1","N","N","N","0","","0","0","1","3","2","","945","2","1","0","0","0","0","0","2","0","2","0","0","0","4","","","N","","","","","","","","","",""
"2022088008","1537","1","0","0","0","0","0","0","0","0","7","0","","67","9","2022","4","39.933401","-75.199987","1522","6","0","0","0","0","0","0","0","0","","0","0","0","15","1","1","N","0","1","39 56:00.244","4","0","75 11:59.954","3","0","0","0","67301","0","0","0","N","0","0","0","5","68K01","0","","4.0","1655.0","1","N","N","N","0","","1","0","1","0","0","N","1520","2","1","4","0","0","0","0","2","0","2","0","0","0","3","","","N","","","","","","","","","",""
"2022072939","","1","0","0","0","0","0","0","0","0","1","0","","67","7","2022","7","39.937955","-75.198683","","6","0","0","0","0","0","1","0","0","","0","0","0","11","1","1","Y","0","0","39 56:16.638","","0","75 11:55.257","8","0","0","0","67301","0","0","0","N","0","0","0","2","00000","0","","1.0","","1","","","N","0","","0","0","0","3","2","","1130","2","1","0","0","0","1","0","2","0","2","0","0","0","3","","","N","","","","","","","","","",""
"2022109348","0822","2","0","0","0","0","0","0","0","0","1","0","","67","11","2022","7","39.967445","-75.131826","0805","6","0","0","0","0","0","0","0","0","","0","0","0","8","1","0","N","0","0","39 58:02.802","","0","75 07:54.572","0","0","0","0","67301","0","0","0","N","0","0","0","3","68K01","0","","1.0","","1","N","N","N","0","","0","0","0","0","0","","801","2","0","0","0","0","0","0","2","0","2","0","0","0","3","03","","N","","","","","","","","","",""
"2022107722","0905","1","0","0","0","0","0","0","0","0","8","0","","67","8","2022","6","39.994972","-75.123811","0905","6","0","0","0","0","0","0","0","0","","0","0","0","9","1","1","N","0","0","39 59:41.900","","0","75 07:25.720","3","0","0","0","67301","1","0","0","N","1","0","0","2","67301","0","","1.0","","1","N","N","N","0","","1","0","0","0","0","","905","2","1","0","0","0","0","0","2","0","1","1","0","0","3","03","","N","","","","","","","","","",""
"2022083614","2034","3","0","0","0","0","0","0","0","0","6","0","","67","9","2022","1","40.0414","-75.165544","2034","6","0","0","0","0","0","0","0","0","","0","0","0","20","3","0","N","0","0","40 02:29.040","","0","75 09:55.960","0","0","0","1","67301","0","0","0","N","0","0","0","1","67301","0","","6.0","","9","N","N","N","0","","0","0","0","0","0","","2021","4","0","0","0","0","0","0","2","0","4","0","0","0","7","07","","N","","","","","","","","","",""