"CRN","ARRIVAL_TM","AUTOMOBILE_COUNT","BELTED_DEATH_COUNT","BELTED_SUSP_SERIOUS_INJ_COUNT","BICYCLE_COUNT","BICYCLE_DEATH_COUNT","BICYCLE_SUSP_SERIOUS_INJ_COUNT","BUS_COUNT","CHLDPAS_DEATH_COUNT","CHLDPAS_SUSP_SERIOUS_INJ_COUNT","COLLISION_TYPE","COMM_VEH_COUNT","CONS_ZONE_SPD_LIM","COUNTY","CRASH_MONTH","CRASH_YEAR","DAY_OF_WEEK","DEC_LATITUDE","DEC_LONGITUDE","DISPATCH_TM","DISTRICT","DRIVER_COUNT_16YR","DRIVER_COUNT_17YR","DRIVER_COUNT_18YR","DRIVER_COUNT_19YR","DRIVER_COUNT_20YR","DRIVER_COUNT_50_64YR","DRIVER_COUNT_65_74YR","DRIVER_COUNT_75PLUS","EST_HRS_CLOSED","FATAL_COUNT","HEAVY_TRUCK_COUNT","HORSE_BUGGY_COUNT","HOUR_OF_DAY","ILLUMINATION","INJURY_COUNT","INTERSECTION_RELATED","INTERSECT_TYPE","LANE_CLOSED","LATITUDE","LN_CLOSE_DIR","LOCATION_TYPE","LONGITUDE","MAX_SEVERITY_LEVEL","MCYCLE_DEATH_COUNT","MCYCLE_SUSP_SERIOUS_INJ_COUNT","MOTORCYCLE_COUNT","MUNICIPALITY","NONMOTR_COUNT","NONMOTR_DEATH_COUNT","NONMOTR_SUSP_SERIOUS_INJ_COUNT","NTFY_HIWY_MAINT","PED_COUNT","PED_DEATH_COUNT","PED_SUSP_SERIOUS_INJ_COUNT","PERSON_COUNT","POLICE_AGCY","POSSIBLE_INJ_COUNT","RDWY_SURF_TYPE_CD","RELATION_TO_ROAD","ROADWAY_CLEARED","ROAD_CONDITION","SCH_BUS_IND","SCH_ZONE_IND","SECONDARY_CRASH","SMALL_TRUCK_COUNT","SPEC_JURIS_CD","SUSP_MINOR_INJ_COUNT","SUSP_SERIOUS_INJ_COUNT","SUV_COUNT","TCD_FUNC_CD","TCD_TYPE","TFC_DETOUR_IND","TIME_OF_DAY","TOTAL_UNITS","TOT_INJ_COUNT","UNBELTED_OCC_COUNT","UNB_DEATH_COUNT","UNB_SUSP_SERIOUS_INJ_COUNT","UNK_INJ_DEG_COUNT","UNK_INJ_PER_COUNT","URBAN_RURAL","VAN_COUNT","VEHICLE_COUNT","VULNERABLE_ROAD_USER_COUNT","VULNERABLE_ROAD_USER_DEATH_COUNT","VULNERABLE_ROAD_USER_SER_INJ_COUNT","WEATHER1","WEATHER2","WORKERS_PRES","WORK_ZONE_IND","WORK_ZONE_LOC","WORK_ZONE_TYPE","WZ_CLOSE_DETOUR","WZ_FLAGGER","WZ_LAW_OFFCR_IND","WZ_LN_CLOSURE","WZ_MOVING","WZ_OTHER","WZ_SHLDER_MDN","WZ_WORKERS_INJ_KILLED"
"2022075112","","1","0","0","0","0","0","0","0","0","1","0","","67","8","2022","2","39.933306","-75.143376","","6","0","0","0","0","0","0","0","0","","0","0","0","14","1","4","","2","0","39 55:59.902","","0","75 08:36.154","8","0","0","0","67301","0","0","0","N","0","0","0","5","00000","0","","1.0","","1","","","N","1","","0","0","0","3","2","","1455","2","4","1","0","0","4","0","2","0","2","0","0","0","3","","","N","","","","","","","","","",""
"2022096704","","0","0","0","0","0","0","0","0","0","1","0","","67","10","2022","2","40.027819","-75.099546","","6","0","0","0","0","0","1","0","0","","0","0","0","7","1","1","Y","0","0","40 01:40.148","","0","75 05:58.367","8","0","0","0","67301","0","0","0","N","0","0","0","2","00000","0","","1.0","","1","","","N","0","","0","0","1","3","2","","750","2","1","0","0","0","1","0","2","1","2","0","0","0","3","","","N","","","","","","","","","",""
"2022084904","1535","1","0","0","0","0","0","0","0","0","8","0","","67","9","2022","4","39.918804","-75.175883","1526","6","0","0","0","0","0","0","0","0","","0","0","0","14","1","1","","1","0","39 55:07.694","","0","75 10:33.178","3","0","0","0","67301","1","0","0","N","1","0","0","2","67301","0","","1.0","","1","N","N","N","0","","1","0","0","3","3","","1459","2","1","1","0","0","0","0","2","0","1","1","0","0","3","03","","N","","","","","","","","","",""
"2022084100","2146","3","0","0","0","0","0","0","0","0","5","0","","67","9","2022","2","40.026981","-75.142125","2144","6","0","0","0","0","0","0","0","0","","0","0","0","21","3","1","N","0","0","40 01:37.130","","0","75 08:31.650","3","0","0","0","67301","0","0","0","N","0","0","0","1","67301","0","","6.0","","9","N","N","N","0","","1","0","0","0","0","","2140","3","1","0","0","0","0","0","2","0","3","0","0","0","7","","","N","","","","","","","","","",""
"2022101985","0121","0","0","0","0","0","0","0","0","0","5","0","","67","11","2022","3","40.035152","-75.017841","0109","6","0","0","1","0","0","0","0","0","","0","0","0","1","3","1","N","0","1","40 02:06.546","1","0","75 01:04.228","8","0","0","0","67301","0","0","0","N","0","0","0","3","68K01","0","","1.0","125.0","9","N","N","N","0","","0","0","2","0","0","N","108","2","1","0","0","0","1","0","2","0","2","0","0","0","7","","","N","","","","","","","","","",""
"2022084547","0550","1","0","0","0","0","0","0","0","0","8","0","","67","9","2022","3","40.012024","-75.069564","0545","6","0","0","0","0","0","0","0","0","","0","0","0","5","3","1","N","0","0","40 00:43.287","","0","75 04:10.432","3","0","0","0","67301","1","0","0","N","1","0","0","2","67301","0","","1.0","","9","N","N","N","0","","1","0","0","0","0","","540","2","1","0","0","0","0","1","2","0","1","1","0","0","7","04","","N","","","","","","","","","",""
"2022083548","1212","1","0","0","1","0","0","0","0","0","8","0","","67","9","2022","5","39.937583","-75.165","1209","6","0","0","0","0","0","0","0","0","","0","0","0","12","1","1","N","0","0","39 56:15.300","","7","75 09:54.000","8","0","0","0","67301","1","0","0","N","0","0","0","2","67301","0","","1.0","","1","N","N","N","0","","0","0","0","0","0","","1200","2","1","0","0","0","1","0","2","0","1","1","0","0","3","03","","N","","","","","","","","","",""
"2022082283","2103","1","0","0","0","0","0","0","0","0","5","0","","67","9","2022","4","39.982889","-75.158694","2055","6","0","0","0","0","0","0","0","0","","0","0","0","99","9","0","Y","0","0","39 58:58.400","","0","75 09:31.300","9","0","0","0","67301","0","0","0","N","0","0","0","1","67505","0","","6.0","","99","N","N","N","0","","0","0","0","0","0","","9999","2","0","0","0","0","0","1","2","0","2","0","0","0","99","98","","N","","","","","","","","","",""
"2022086879","1225","0","0","0","1","0","0","0","0","0","8","0","","67","9","2022","3","39.966975","-75.1416","1220","6","0","0","0","0","0","0","0","0","","0","0","0","23","3","1","N","0","0","39 58:01.110","","0","75 08:29.760","3","0","0","0","67301","1","0","0","N","0","0","0","2","67301","0","","1.0","","1","N","N","N","0","","1","0","1","0","0","","2345","2","1","0","0","0","0","0","2","0","1","1","0","0","3","03","","N","","","","","","","","","",""
"2022100428","1022","1","0","0","0","0","0","1","0","0","4","1","","67","10","2022","5","39.971811","-75.125954","1022","6","0","0","0","0","0","1","0","0","","0","0","0","10","1","0","","1","1","39 58:18.518","6","0","75 07:33.433","0","0","0","0","67301","0","0","0","N","0","0","0","2","67301","0","","1.0","1100.0","1","N","N","N","0","","0","0","0","3","2","N","1022","2","0","0","0","0","0","0","2","0","2","0","0","0","3","03","","N","","","","","","","","","",""
"2022084279","0816","0","0","0","0","0","0","0","0","0","4","0","","67","9","2022","3","40.047268","-75.167742","0815","6","0","0","0","0","0","0","0","0","","0","0","0","8","1","1","","1","0","40 02:50.166","","0","75 10:03.872","3","0","0","0","67301","0","0","0","N","0","0","0","2","67301","0","","1.0","","1","N","N","N","0","","1","0","1","1","2","","814","2","1","0","0","0","0","1","2","1","2","0","0","0","3","03","","N","","","","","","","","","",""
"2022095488","1400","0","0","0","0","0","0","0","0","0","4","0","","67","10","2022","6","40.071459","-75.077351","1348","6","0","0","0","0","0","0","0","0","","0","0","0","13","1","1","N","0","0","40 04:17.252","","0","75 04:38.462","3","0","0","1","67301","0","0","0","N","0","0","0","2","67301","0","","1.0","","1","N","N","N","1","","1","0","0","0","0","","1345","2","1","0","0","0","0","0","2","0","2","0","0","0","3","","","N","","","","","","","","","",""
"2022084280","1545","0","0","0","0","0","0","0","0","0","4","0","","67","9","2022","3","40.073063","-75.171758","1528","6","0","0","0","0","0","0","2","0","","0","0","0","12","1","3","","1","0","40 04:23.026","","0","75 10:18.328","3","0","0","0","67301","0","0","0","N","0","0","0","3","67301","0","","1.0","","1","N","N","N","1","","3","0","1","3","3","","1248","2","3","0","0","0","0","0","2","0","2","0","0","0","3","03","","N","","","","","","","","","",""
"2022084275","1612","1","0","0","0","0","0","0","0","0","5","0","","67","9","2022","6","39.9105","-75.157861","1611","6","0","0","0","0","0","0","0","0","","0","0","0","16","1","1","","7","0","39 54:37.800","","8","75 09:28.300","3","0","0","0","67301","0","0","0","N","0","0","0","3","67501","0","","7.0","","1","N","N","N","0","","1","0","1","0","0","","1611","2","1","0","0","0","0","1","2","0","2","0","0","0","4","","","N","","","","","","","","","",""
"2022081973","0920","1","0","0","0","0","0","0","0","0","1","0","","67","9","2022","3","39.957695","-75.159421","0920","6","0","0","0","0","0","0","0","0","","0","0","0","8","1","1","N","0","0","39 57:27.703","","0","75 09:33.914","3","0","0","0","67301","0","0","0","N","0","0","0","2","67301","0","","1.0","","8","N","N","N","0","","1","0","1","0","0","","809","2","1","0","0","0","0","0","2","0","2","0","0","0","7","","","N","","","","","","","","","",""
"2022101453","0935","0","0","0","0","0","0","0","0","0","4","0","","67","8","2022","5","39.957752","-75.219274","0928","6","0","0","0","0","0","2","0","0","","0","0","0","8","1","0","","1","0","39 57:27.908","","0","75 13:09.386","0","0","0","0","67301","0","0","0","N","0","0","0","2","67301","0","","1.0","","1","N","N","N","2","","0","0","0","3","2","","841","2","0","0","0","0","0","0","2","0","2","0","0","0","3","03","","N","","","","","","","","","",""
"2022103628","0645","1","0","0","0","0","0","0","0","0","1","0","","67","10","2022","4","39.930136","-75.198169","0634","6","0","0","0","0","0","0","0","0","","0","0","0","6","1","0","N","0","1","39 55:48.491","4","0","75 11:53.407","0","0","0","0","67301","0","0","0","N","0","0","0","3","68K01","0","","1.0","655.0","9","N","N","N","0","","0","0","1","0","0","N","630","3","0","0","0","0","0","0","2","1","3","0","0","0","3","","","N","","","","","","","","","",""
"2022093413","0230","3","0","0","0","0","0","0","0","0","6","0","","67","9","2022","5","39.954319","-75.219997","0229","6","0","0","0","0","0","0","0","0","","0","0","0","2","3","0","N","0","0","39 57:15.550","","0","75 13:11.990","0","0","0","0","67301","0","0","0","N","0","0","0","1","67301","0","","6.0","","1","N","N","N","0","","0","0","2","0","0","","229","5","0","1","0","0","0","0","2","0","5","0","0","0","3","03","","N","","","","","","","","","",""
"2022102141","0857","0","0","0","0","0","0","0","0","0","7","0","","67","8","2022","1","39.93125","-75.199423","0847","6","0","0","0","0","0","0","0","0","","0","0","0","8","1","2","N","0","1","39 55:52.501","3","0","75 11:57.922","3","0","0","0","67301","0","0","0","N","0","0","0","3","68K01","0","","3.0","953.0","1","N","N","N","0","","2","0","1","0","0","N","835","1","2","0","0","0","0","0","2","0","1","0","0","0","3","","","N","","","","","","","","","",""
"2022080570","","0","0","0","0","0","0","0","0","0","1","0","","67","8","2022","2","40.007199","-75.200233","","6","0","0","0","0","0","0","0","0","","0","0","0","13","1","2","N","7","0","40 00:25.917","","2","75 12:00.838","8","0","0","0","67301","0","0","0","N","0","0","0","3","00000","0","","7.0","","1","","","N","0","","0","0","0","0","0","","1350","2","2","1","0","0","2","0","2","1","2","0","0","0","3","","","N","","","","","","","","","",""
"2022102015","2110","1","0","0","0","0","0","0","0","0","4","0","","67","10","2022","1","39.973833","-75.206444","2101","6","0","1","0","0","0","0","0","0","","0","0","0","20","3","2","","1","0","39 58:25.797","","0","75 12:23.198","3","0","0","0","67301","0","0","0","N","0","0","0","3","67301","0","","1.0","","1","N","N","N","0","","2","0","1","3","2","","2058","2","2","0","0","0","0","0","2","0","2","0","0","0","3","03","","N","","","","","","","","","",""
"2022082017","0913","0","0","0","0","0","0","0","0","0","7","0","","67","9","2022","3","40.090239","-74.975759","0910","6","0","0","0","0","0","0","0","0","","0","0","0","9","1","1","N","0","1","40 05:24.859","3","0","74 58:32.731","8","0","0","0","67301","0","0","0","N","0","0","0","1","67301","0","","2.0","1000.0","9","N","N","N","0","","0","0","1","0","0","N","901","1","1","1","0","0","1","0","2","0","1","0","0","0","7","07","","N","","","","","","","","","",""
"2022084542","2150","1","0","0","0","0","0","0","0","0","5","0","","67","9","2022","2","39.987231","-75.159186","2143","6","0","0","0","0","0","0","0","0","","0","0","0","21","3","0","N","0","0","39 59:14.030","","0","75 09:33.070","0","0","0","0","67301","0","0","0","N","0","0","0","2","67301","0","","1.0","","9","N","N","N","0","","0","0","3","0","0","","2130","4","0","0","0","0","0","0","2","0","4","0","0","0","7","07","","N","","","","","","","","","",""
"2022101308","0637","1","0","0","0","0","0","0","0","0","7","0","","67","10","2022","7","39.959797","-75.17818","0627","6","0","0","0","0","0","0","0","0","","0","0","0","6","3","1","N","0","0","39 57:35.268","","0","75 10:41.448","8","0","0","0","67301","0","0","0","N","0","0","0","1","68K01","0","","3.0","","9","N","N","N","0","","0","0","0","0","0","","623","1","1","0","0","0","1","0","2","0","1","0","0","0","7","07","","N","","","","","","","","","",""
"2022106270","2100","0","0","0","0","0","0","0","0","0","7","0","","67","10","2022","3","40.016629","-75.149527","2056","6","0","0","0","0","0","0","0","0","","0","0","0","20","3","1","N","0","1","40 00:59.866","2","0","75 08:58.296","3","0","0","1","67301","0","0","0","N","0","0","0","1","67301","0","","3.0","2105.0","1","N","N","N","0","","1","0","0","0","0","N","2055","1","1","0","0","0","0","0","2","0","1","0","0","0","3","","","N","","","","","","","","","",""
"2022089200","0731","0","0","0","0","0","0","0","0","0","1","0","","67","9","2022","4","40.021994","-75.039261","0712","6","0","0","0","0","0","1","0","0","","0","0","0","6","1","0","N","0","0","40 01:19.180","","0","75 02:21.340","0","0","0","0","67301","0","0","0","N","0","0","0","2","68K01","0","","1.0","","1","N","N","N","0","","0","0","0","0","0","","634","2","0","0","0","0","0","0","2","2","2","0","0","0","3","","","N","","","","","","","","","",""
"2022108072","0350","1","0","0","0","0","0","0","0","0","5","0","","67","9","2022","6","40.000844","-75.098908","0321","6","0","0","0","0","0","0","0","0","","0","0","0","2","3","0","N","0","0","40 00:03.040","","0","75 05:56.070","9","0","0","0","67301","0","0","0","N","0","0","0","1","67301","0","","6.0","","1","N","N","N","0","","0","0","2","0","0","","253","3","0","0","0","0","0","1","2","0","3","0","0","0","3","","","N","","","","","","","","","",""
"2022105809","0036","1","0","0","0","0","0","0","0","0","7","0","","67","11","2022","6","40.042653","-75.129736","0035","6","0","0","0","0","0","0","0","0","","0","0","0","0","3","1","N","0","0","40 02:33.550","","0","75 07:47.050","3","0","0","0","67301","0","0","0","N","0","0","0","1","67301","0","","4.0","","1","N","N","N","0","","1","0","0","0","0","","30","1","1","0","0","0","0","0","2","0","1","0","0","0","3","","","N","","","","","","","","","",""
"2022084691","0402","1","0","0","0","0","0","0","0","0","7","0","","67","9","2022","5","40.023758","-75.186725","0401","6","0","0","0","0","0","0","0","0","","0","0","0","4","3","0","N","0","0","40 01:25.530","","0","75 11:12.210","0","0","0","0","67301","0","0","0","N","0","0","0","1","67301","0","","4.0","","1","N","N","N","0","","0","0","0","0","0","","401","1","0","1","0","0","0","0","2","0","1","0","0","0","3","03","","N","","","","","","","","","",""
"2022102025","1815","0","0","0","0","0","0","1","0","0","1","1","","67","10","2022","4","39.884928","-75.242006","1810","6","0","0","0","0","0","1","0","0","","0","0","0","16","3","2","N","0","0","39 53:05.740","","0","75 14:31.220","4","0","0","0","67301","0","0","0","N","0","0","0","3","67301","2","","1.0","","1","N","N","N","1","","0","0","0","0","0","","1602","2","2","0","0","0","0","0","2","0","2","0","0","0","4","04","","N","","","","","","","","","",""
"2022094616","1600","1","0","0","0","0","0","0","0","0","8","0","","67","10","2022","3","39.938221","-75.149938","1600","6","0","0","0","0","0","0","0","0","","0","0","0","16","1","1","","1","0","39 56:17.597","","0","75 08:59.778","3","0","0","0","67301","1","0","0","N","1","0","0","2","67301","0","","1.0","","1","N","N","N","0","","1","0","0","0","0","","1600","2","1","0","0","0","0","0","2","0","1","1","0","0","3","03","","N","","","","","","","","","",""
"2022101299","2037","0","0","0","0","0","0","0","0","0","1","0","","67","9","2022","6","39.931716","-75.19968","2028","6","0","0","0","0","0","0","0","0","","0","0","0","20","3","1","N","0","0","39 55:54.178","","0","75 11:58.847","4","0","0","0","67301","0","0","0","N","0","0","0","2","68K01","1","","1.0","","1","N","N","N","1","","0","0","1","0","0","","2024","2","1","0","0","0","0","0","2","0","2","0","0","0","3","","","N","","","","","","","","","",""
"2022107088","0132","0","0","0","0","0","0","0","0","0","7","0","","67","10","2022","7","39.958202","-75.16444","0132","6","0","0","0","0","0","1","0","0","","0","0","0","1","3","0","N","0","1","39 57:29.528","4","0","75 09:51.985","0","0","0","0","67301","0","0","0","N","0","0","0","2","68K01","0","","2.0","200.0","1","N","N","N","0","","0","0","2","0","0","N","131","2","0","0","0","0","0","0","2","0","2","0","0","0","3","","","N","","","","","","","","","",""
"2022107523","1715","1","0","0","0","0","0","0","0","0","7","0","","67","8","2022","7","39.996293","-75.113251","1715","6","0","0","0","0","0","0","0","0","","0","0","0","17","1","1","N","0","0","39 59:46.653","","0","75 06:47.703","3","0","0","0","67301","0","0","0","N","0","0","0","1","67301","0","","5.0","","1","N","N","N","0","","1","0","1","0","0","","1715","2","1","1","0","0","0","0","2","0","2","0","0","0","3","03","","N","","","","","","","","","",""
"2022084605","1620","0","0","0","0","0","0","0","0","0","4","0","","67","9","2022","4","40.053592","-75.15937","1612","6","0","0","0","0","0","0","0","0","","0","0","0","16","1","0","","2","2","40 03:12.931","7","0","75 09:33.732","0","0","0","0","67301","0","0","0","N","0","0","0","1","67301","0","","1.0","1639.0","1","N","N","N","0","","0","0","2","0","0","Y","1601","2","0","1","0","0","0","0","2","0","2","0","0","0","3","03","","N","","","","","","","","","",""
"2022084310","1018","0","0","0","0","0","0","0","0","0","1","0","","67","9","2022","4","40.103995","-75.051607","1015","6","0","0","0","0","0","1","0","0","","0","0","0","10","1","1","N","0","0","40 06:14.383","","0","75 03:05.784","3","0","0","0","67301","0","0","0","N","0","0","0","3","67301","0","","1.0","","1","N","N","N","0","","1","0","2","0","0","","1011","2","1","0","0","0","0","0","2","0","2","0","0","0","3","03","","N","","","","","","","","","",""
"2022084613","1610","1","0","0","0","0","0","0","0","0","4","0","","67","9","2022","4","40.060903","-75.192264","1604","6","0","1","0","0","0","0","0","0","","0","0","0","15","1","0","N","0","0","40 03:39.249","","7","75 11:32.149","9","0","0","0","67301","0","0","0","N","0","0","0","2","67301","0","","1.0","","1","N","N","N","0","","0","0","1","0","0","","1545","3","0","0","0","0","0","2","2","1","3","0","0","0","3","","","N","","","","","","","","","",""
"2022099700","0648","0","0","0","0","0","0","0","0","0","4","0","","67","9","2022","4","39.949684","-75.227017","0648","6","0","0","0","0","0","1","1","0","","0","0","0","6","1","2","","1","0","39 56:58.861","","0","75 13:37.260","3","0","0","0","67301","0","0","0","N","0","0","0","3","67301","0","","1.0","","1","N","N","N","0","","2","0","2","3","3","","647","2","2","0","0","0","0","0","2","0","2","0","0","0","3","03","","N","","","","","","","","","",""
"2022085506","1733","0","0","0","0","0","0","0","0","0","1","0","","67","9","2022","5","40.077622","-75.043843","1733","6","0","0","0","0","0","2","0","0","","0","0","0","17","1","0","","2","1","40 04:39.438","5","0","75 02:37.836","0","0","0","0","67301","0","0","0","N","0","0","0","4","67301","0","","1.0","30.0","1","N","N","N","0","","0","0","4","3","2","N","1730","4","0","0","0","0","0","0","2","0","4","0","0","0","3","03","","N","","","","","","","","","",""
"2022106154","0112","2","0","0","0","0","0","0","0","0","1","0","","67","9","2022","7","39.9551","-75.244219","0112","6","0","0","0","0","0","0","0","0","","0","0","0","0","3","0","N","0","0","39 57:18.360","","0","75 14:39.190","0","0","0","0","67301","0","0","0","N","0","0","0","1","67301","0","","6.0","","1","N","N","Y","0","","0","0","1","0","0","","21","3","0","0","0","0","0","0","2","0","3","0","0","0","3","03","","N","","","","","","","","","",""
"2022105911","0914","1","0","0","0","0","0","0","0","0","1","0","","67","9","2022","5","40.009036","-75.204351","0830","6","0","0","0","0","0","0","0","0","","0","0","0","8","1","1","N","0","0","40 00:32.528","","0","75 12:15.662","3","0","0","0","67301","0","0","0","N","0","0","0","3","68K01","0","","1.0","","1","N","N","N","0","","1","0","1","0","0","","828","2","1","0","0","0","0","0","2","0","2","0","0","0","3","03","","N","","","","","","","","","",""
"2022096739","0905","1","0","0","0","0","0","0","0","0","4","0","","67","9","2022","5","39.957872","-75.214175","0902","6","0","0","0","0","0","0","0","0","","0","0","0","8","1","4","","1","2","39 57:28.339","3","0","75 12:51.029","3","0","0","0","67301","0","0","0","N","0","0","0","4","67301","0","","1.0","910.0","1","N","N","Y","1","","4","0","2","3","3","N","842","4","4","0","0","0","0","0","2","0","4","0","0","0","3","03","","N","","","","","","","","","",""
"2022107459","2334","1","0","0","0","0","0","0","0","0","5","0","45","67","11","2022","5","39.995919","-75.082836","2324","6","0","0","0","0","0","0","0","0","","0","0","0","23","3","2","N","0","0","39 59:45.307","","0","75 04:58.208","4","0","0","0","67301","0","0","0","N","0","0","0","5","68K01","2","","1.0","","1","N","N","N","0","","0","0","1","0","0","","2319","3","2","0","0","0","0","1","2","0","3","0","0","0","3","","Y","Y","2","2","N","N","Y","Y","N","N","N","N"
"2022083589","0016","1","0","0","0","0","0","0","0","0","4","0","","67","9","2022","7","39.924508","-75.140597","0015","6","0","0","0","0","0","0","0","0","","0","0","0","0","3","0","","1","0","39 55:28.230","","7","75 08:26.150","0","0","0","0","67301","0","0","0","N","0","0","0","3","67301","0","","1.0","","1","N","N","N","0","","0","0","1","0","0","","15","2","0","0","0","0","0","0","2","0","2","0","0","0","3","","","N","","","","","","","","","",""
"2022106567","1406","0","0","0","0","0","0","0","0","0","1","0","","67","10","2022","6","39.976827","-75.19801","1356","6","0","0","0","0","0","1","0","0","","0","0","0","13","1","2","N","0","0","39 58:36.576","","0","75 11:52.837","3","0","0","0","67301","0","0","0","N","0","0","0","5","68K01","0","","1.0","","1","N","N","N","0","","2","0","1","0","0","","1355","2","2","0","0","0","0","0","2","1","2","0","0","0","3","03","","N","","","","","","","","","",""
"2022109183","1656","1","0","0","0","0","0","0","0","0","7","0","","67","11","2022","5","39.920951","-75.19546","1655","6","0","1","0","0","0","0","0","0","","0","0","0","16","1","0","N","0","1","39 55:15.423","3","0","75 11:43.657","0","0","0","0","67301","0","0","0","N","0","0","0","1","67301","0","","9.0","1745.0","1","N","N","N","0","","0","0","0","0","0","N","1650","1","0","0","0","0","0","0","2","0","1","0","0","0","3","","","N","","","","","","","","","",""
"2022100801","1927","0","0","0","0","0","0","0","0","0","8","0","","67","9","2022","4","39.999745","-75.138532","1922","6","0","0","0","0","0","0","0","0","","0","0","0","19","1","1","","1","0","39 59:59.082","","0","75 08:18.715","3","0","0","0","67301","1","0","0","N","1","0","0","2","67301","0","","1.0","","1","N","N","N","0","","1","0","1","3","2","","1922","2","1","1","0","0","0","0","2","0","1","1","0","0","3","03","","N","","","","","","","","","",""
"2022110083","2116","0","0","0","0","0","0","0","0","0","8","0","","67","11","2022","2","40.00453","-75.124006","2114","6","0","0","0","0","0","0","0","0","","1","0","0","21","3","0","N","0","2","40 00:16.309","5","1","75 07:26.420","1","0","0","0","67301","1","1","0","N","1","1","0","3","67301","0","2","1.0","2300.0","1","N","N","N","0","0","0","0","1","0","0","Y","2114","2","0","0","0","0","0","0","2","0","1","1","1","0","3","","","N","","","","","","","","","",""
"2022101849","0802","1","0","0","0","0","0","0","0","0","8","0","","67","9","2022","4","39.960687","-75.243055","0802","6","0","0","0","0","0","0","0","0","","0","0","0","8","3","1","","1","0","39 57:38.474","","0","75 14:34.999","3","0","0","0","67301","1","0","0","N","1","0","0","2","67301","0","","1.0","","1","N","N","N","0","","1","0","0","3","2","","800","2","1","0","0","0","0","0","2","0","1","1","0","0","3","03","","N","","","","","","","","","",""
"2022084828","1532","1","0","0","0","0","0","0","0","0","7","0","","67","9","2022","5","39.918076","-75.209552","1528","6","0","0","0","0","0","0","0","1","","0","0","0","13","1","2","N","0","0","39 55:05.074","","0","75 12:34.388","3","0","0","0","67301","0","0","0","N","0","0","0","2","67301","0","","4.0","","1","N","N","N","0","","2","0","0","0","0","","1306","1","2","1","0","0","0","0","2","0","1","0","0","0","3","03","","N","","","","","","","","","",""
"2022084047","1825","0","0","0","0","0","0","0","0","0","4","0","","67","9","2022","1","40.038204","-75.078649","1823","6","0","0","0","0","0","0","0","1","","0","0","0","18","4","1","","1","0","40 02:17.535","","0","75 04:43.136","3","0","0","0","67301","0","0","0","N","0","0","0","2","67301","0","","1.0","","9","N","N","N","0","","1","0","2","0","0","","1810","3","1","0","0","0","0","0","2","1","3","0","0","0","7","04","","N","","","","","","","","","",""
"2022107478","0154","2","0","0","0","0","0","0","0","0","5","0","","67","11","2022","1","39.959974","-75.178606","0154","6","0","0","0","0","0","0","0","0","","0","0","0","1","3","0","N","0","1","39 57:35.906","4","0","75 10:42.982","0","0","0","0","67301","0","0","0","N","0","0","0","2","68K01","0","","1.0","255.0","9","N","N","N","0","","0","0","0","0","0","N","152","2","0","0","0","0","0","0","2","0","2","0","0","0","7","","","N","","","","","","","","","",""
"2022087223","0830","0","0","0","0","0","0","0","0","0","8","0","","67","9","2022","2","40.010233","-75.062301","0825","6","0","0","0","0","0","1","0","0","","0","0","0","8","1","1","N","0","0","40 00:36.839","","0","75 03:44.285","3","0","0","0","67301","1","0","0","N","1","0","0","2","67301","0","","1.0","","1","N","Y","N","0","","1","0","1","0","0","","821","2","1","0","0","0","0","0","2","0","1","1","0","0","3","","","N","","","","","","","","","",""
"2022091835","","0","0","0","0","0","0","0","0","0","1","0","","67","9","2022","6","","","","6","0","0","0","0","0","0","0","0","","0","0","0","13","1","2","N","0","0","","","0","","8","0","0","0","67301","0","0","0","N","0","0","0","3","00000","0","","1.0","","1","","","N","0","","0","0","2","0","0","","1320","2","2","1","0","0","2","0","1","0","2","0","0","0","3","","","N","","","","","","","","","",""
"2022105897","1649","0","0","0","0","0","0","0","0","0","8","0","","67","8","2022","3","39.955152","-75.19832","1648","6","0","0","0","0","0","0","0","0","","0","0","0","6","1","1","","1","0","39 57:18.548","","0","75 11:53.953","3","0","0","0","67301","1","0","0","N","1","0","0","2","67504","0","","1.0","","1","N","N","N","0","","1","0","1","3","2","","600","2","1","1","0","0","0","0","2","0","1","1","0","0","3","03","","N","","","","","","","","","",""
"2022084721","0735","0","0","0","0","0","0","0","0","0","7","0","","67","9","2022","5","39.965547","-75.231652","0730","6","0","0","0","0","0","0","0","0","","0","0","0","6","5","0","","5","0","39 57:55.969","","0","75 13:53.947","9","0","0","0","67301","0","0","0","N","0","0","0","1","67301","0","","5.0","","1","N","N","N","0","","0","0","1","3","2","","634","1","0","0","0","0","0","1","2","0","1","0","0","0","3","03","","N","","","","","","","","","",""
"2022101316","1656","0","0","0","0","0","0","0","0","0","7","0","","67","10","2022","5","40.04459","-75.002235","1649","6","0","0","0","0","0","1","0","0","","0","0","0","16","1","1","N","0","2","40 02:40.524","1","0","75 00:08.045","8","0","0","0","67301","0","0","0","N","0","0","0","1","68K01","0","","2.0","1950.0","1","N","N","N","0","","0","0","0","0","0","N","1648","1","1","1","0","0","1","0","2","1","1","0","0","0","3","03","","N","","","","","","","","","",""
"2022108285","0842","1","0","0","0","0","0","0","0","0","7","0","","67","11","2022","1","39.993016","-75.081887","0836","6","0","0","0","0","0","0","0","0","","0","0","0","8","1","1","N","0","0","39 59:34.856","","0","75 04:54.792","3","0","0","0","67301","0","0","0","N","0","0","0","1","67301","0","","5.0","","1","N","N","N","0","","1","0","0","0","0","","804","1","1","0","0","0","0","0","2","0","1","0","0","0","3","03","","N","","","","","","","","","",""