"CRN","ARRIVAL_TM","AUTOMOBILE_COUNT","BELTED_DEATH_COUNT","BELTED_SUSP_SERIOUS_INJ_COUNT","BICYCLE_COUNT","BICYCLE_DEATH_COUNT","BICYCLE_SUSP_SERIOUS_INJ_COUNT","BUS_COUNT","CHLDPAS_DEATH_COUNT","CHLDPAS_SUSP_SERIOUS_INJ_COUNT","COLLISION_TYPE","COMM_VEH_COUNT","CONS_ZONE_SPD_LIM","COUNTY","CRASH_MONTH","CRASH_YEAR","DAY_OF_WEEK","DEC_LATITUDE","DEC_LONGITUDE","DISPATCH_TM","DISTRICT","DRIVER_COUNT_16YR","DRIVER_COUNT_17YR","DRIVER_COUNT_18YR","DRIVER_COUNT_19YR","DRIVER_COUNT_20YR","DRIVER_COUNT_50_64YR","DRIVER_COUNT_65_74YR","DRIVER_COUNT_75PLUS","EST_HRS_CLOSED","FATAL_COUNT","HEAVY_TRUCK_COUNT","HORSE_BUGGY_COUNT","HOUR_OF_DAY","ILLUMINATION","INJURY_COUNT","INTERSECTION_RELATED","INTERSECT_TYPE","LANE_CLOSED","LATITUDE","LN_CLOSE_DIR","LOCATION_TYPE","LONGITUDE","MAX_SEVERITY_LEVEL","MCYCLE_DEATH_COUNT","MCYCLE_SUSP_SERIOUS_INJ_COUNT","MOTORCYCLE_COUNT","MUNICIPALITY","NONMOTR_COUNT","NONMOTR_DEATH_COUNT","NONMOTR_SUSP_SERIOUS_INJ_COUNT","NTFY_HIWY_MAINT","PED_COUNT","PED_DEATH_COUNT","PED_SUSP_SERIOUS_INJ_COUNT","PERSON_COUNT","POLICE_AGCY","POSSIBLE_INJ_COUNT","RDWY_SURF_TYPE_CD","RELATION_TO_ROAD","ROADWAY_CLEARED","ROAD_CONDITION","SCH_BUS_IND","SCH_ZONE_IND","SECONDARY_CRASH","SMALL_TRUCK_COUNT","SPEC_JURIS_CD","SUSP_MINOR_INJ_COUNT","SUSP_SERIOUS_INJ_COUNT","SUV_COUNT","TCD_FUNC_CD","TCD_TYPE","TFC_DETOUR_IND","TIME_OF_DAY","TOTAL_UNITS","TOT_INJ_COUNT","UNBELTED_OCC_COUNT","UNB_DEATH_COUNT","UNB_SUSP_SERIOUS_INJ_COUNT","UNK_INJ_DEG_COUNT","UNK_INJ_PER_COUNT","URBAN_RURAL","VAN_COUNT","VEHICLE_COUNT","VULNERABLE_ROAD_USER_COUNT","VULNERABLE_ROAD_USER_DEATH_COUNT","VULNERABLE_ROAD_USER_SER_INJ_COUNT","WEATHER1","WEATHER2","WORKERS_PRES","WORK_ZONE_IND","WORK_ZONE_LOC","WORK_ZONE_TYPE","WZ_CLOSE_DETOUR","WZ_FLAGGER","WZ_LAW_OFFCR_IND","WZ_LN_CLOSURE","WZ_MOVING","WZ_OTHER","WZ_SHLDER_MDN","WZ_WORKERS_INJ_KILLED"
"2022105365","2317","0","0","0","0","0","0","0","0","0","4","1","","67","9","2022","7","39.998255","-75.127363","2317","6","0","0","0","0","0","0","0","0","","0","1","0","22","3","0","","1","0","39 59:53.719","","0","75 07:38.508","0","0","0","1","67301","0","0","0","N","0","0","0","2","67301","0","","1.0","","1","N","N","N","0","","0","0","0","3","2","","2216","2","0","1","0","0","0","0","2","0","2","0","0","0","3","03","","N","","","","","","","","","",""
"2022083552","2340","0","0","0","0","0","0","0","0","0","0","0","","67","9","2022","1","39.891942","-75.241906","2334","6","0","0","0","0","0","0","0","0","","0","0","0","23","3","1","","2","0","39 53:30.990","","0","75 14:30.862","2","0","1","1","67301","0","0","0","N","0","0","0","1","67301","0","","1.0","","1","N","N","N","0","","0","1","0","3","2","","2320","1","1","0","0","0","0","0","2","0","1","0","0","0","3","03","","N","","","","","","","","","",""
"2022106151","2112","1","0","0","0","0","0","0","0","0","4","0","","67","9","2022","7","39.961435","-75.242906","2112","6","0","0","0","0","0","0","0","0","","0","0","0","20","3","0","","1","0","39 57:41.165","","0","75 14:34.461","0","0","0","0","67301","0","0","0","N","0","0","0","2","67301","0","","1.0","","1","N","N","N","1","","0","0","0","3","3","","2020","2","0","0","0","0","0","0","2","0","2","0","0","0","3","03","","N","","","","","","","","","",""
"2022096658","","0","0","0","0","0","0","0","0","0","1","0","","67","8","2022","4","40.033218","-75.079751","","6","0","0","0","0","0","0","0","0","","0","0","0","8","1","1","","3","0","40 01:59.583","","0","75 04:47.102","8","0","0","0","67301","0","0","0","N","0","0","0","2","00000","0","","1.0","","1","","","N","0","","0","0","1","3","2","","800","2","1","1","0","0","1","0","2","0","2","0","0","0","3","","","N","","","","","","","","","",""
"2022094267","","2","0","0","0","0","0","0","0","0","4","0","","67","7","2022","4","39.957931","-75.164145","","6","0","0","0","0","0","0","0","0","","0","0","0","13","1","0","","1","0","39 57:28.550","","2","75 09:50.921","0","0","0","0","67301","0","0","0","N","0","0","0","2","00000","0","","1.0","","1","","","N","0","","0","0","0","3","2","","1345","2","0","1","0","0","0","0","2","0","2","0","0","0","3","","","N","","","","","","","","","",""
"2022084301","2338","1","0","0","0","0","0","0","0","0","1","0","","67","9","2022","2","40.046742","-75.083664","2335","6","0","0","0","0","0","0","0","0","","0","0","0","23","3","1","N","0","0","40 02:48.270","","0","75 05:01.190","3","0","0","0","67301","0","0","0","N","0","0","0","1","67301","0","","6.0","","9","N","N","N","0","","1","0","1","0","0","","2330","2","1","0","0","0","0","0","2","0","2","0","0","0","7","03","","N","","","","","","","","","",""
"2022085295","1453","1","0","0","0","0","0","0","0","0","8","0","","67","9","2022","5","40.077123","-75.20812","1453","6","0","0","0","0","0","0","1","0","","0","0","0","14","1","2","","3","1","40 04:37.641","2","0","75 12:29.231","8","0","0","0","67301","1","0","0","N","1","0","0","2","67301","0","","4.0","1545.0","1","N","N","N","0","","0","0","0","3","2","N","1453","2","2","0","0","0","2","0","2","0","1","1","0","0","3","03","","N","","","","","","","","","",""
"2022106575","0004","0","0","0","0","0","0","0","0","0","1","0","","67","10","2022","2","39.980939","-75.206496","2354","6","0","0","0","1","0","0","0","0","","0","0","0","23","3","1","N","0","0","39 58:51.382","","0","75 12:23.387","3","0","0","0","67301","0","0","0","N","0","0","0","4","68K01","0","","1.0","","9","N","N","N","0","","1","0","2","0","0","","2350","2","1","1","0","0","0","0","2","0","2","0","0","0","3","","","N","","","","","","","","","",""
"2022084692","0705","2","0","0","0","0","0","0","0","0","1","0","","67","9","2022","5","40.012815","-75.183454","0705","6","0","0","0","0","0","1","0","0","","0","0","0","7","1","1","N","0","1","40 00:46.135","1","7","75 11:00.434","8","0","0","0","67301","0","0","0","N","0","0","0","2","67301","0","","1.0","800.0","1","N","N","N","0","","0","0","0","2","2","N","705","2","1","0","0","0","1","1","2","0","2","0","0","0","3","03","","N","","","","","","","","","",""
"2022093290","1845","0","0","0","0","0","0","0","0","0","8","0","","67","10","2022","2","39.964272","-75.159125","1838","6","0","0","0","0","0","0","0","0","","0","0","0","17","1","1","N","0","0","39 57:51.378","","0","75 09:32.850","3","0","0","0","67301","1","0","0","N","1","0","0","2","67301","0","","1.0","","9","N","N","N","0","","1","0","0","0","0","","1730","2","1","0","0","0","0","0","2","1","1","1","0","0","7","07","","N","","","","","","","","","",""
"2022089093","0006","0","0","0","0","0","0","0","0","0","7","0","","67","9","2022","2","40.005336","-75.195588","0005","6","0","0","0","0","0","0","0","0","","0","0","0","23","3","1","N","0","1","40 00:19.210","4","0","75 11:44.118","3","0","0","1","67301","0","0","0","N","0","0","0","1","68K01","0","","3.0","1246.0","9","N","N","N","0","","1","0","0","0","0","N","2347","1","1","0","0","0","0","0","2","0","1","0","0","0","3","","","N","","","","","","","","","",""
"2022108009","0454","1","0","0","0","0","0","0","0","0","7","0","","67","11","2022","7","39.940512","-75.143561","0447","6","0","0","0","0","0","0","0","0","","0","0","0","4","3","1","N","0","2","39 56:25.842","2","0","75 08:36.821","8","0","0","0","67301","0","0","0","N","0","0","0","1","68K01","0","","2.0","524.0","9","N","N","Y","0","","0","0","0","0","0","Y","442","1","1","0","0","0","1","0","2","0","1","0","0","0","7","","","N","","","","","","","","","",""
"2022108064","1355","0","0","0","0","0","0","0","0","0","8","0","99","67","5","2022","5","40.02313","-75.041109","1341","6","0","0","0","0","0","0","0","0","","0","0","0","13","1","1","","2","0","40 01:23.267","","0","75 02:27.991","3","0","0","0","67301","1","0","0","N","1","0","0","2","67301","0","","1.0","","1","N","N","N","1","","1","0","0","3","3","","1306","2","1","0","0","0","0","1","2","0","1","1","0","0","3","03","Y","Y","8","8","N","N","N","Y","N","N","N","Y"
"2022084461","1225","1","0","0","0","0","0","0","0","0","1","0","","67","9","2022","4","39.917543","-75.212937","1219","6","0","0","1","0","0","0","0","0","","0","0","0","12","1","1","N","0","0","39 55:03.153","","0","75 12:46.573","3","0","0","0","67301","0","0","0","N","0","0","0","2","67301","0","","1.0","","1","N","N","N","0","","1","0","1","0","0","","1200","2","1","0","0","0","0","0","2","0","2","0","0","0","3","03","","N","","","","","","","","","",""
"2022083650","1323","1","0","0","0","0","0","0","0","0","4","0","","67","9","2022","1","40.055418","-75.126339","1323","6","0","0","0","0","0","0","0","1","","0","0","0","12","1","0","","2","0","40 03:19.504","","0","75 07:34.819","0","0","0","0","67301","0","0","0","N","0","0","0","4","67301","0","","1.0","","9","N","N","N","0","","0","0","1","3","2","","1245","2","0","0","0","0","0","0","2","0","2","0","0","0","7","","","N","","","","","","","","","",""
"2022109017","2235","1","0","0","0","0","0","0","0","0","8","0","","67","11","2022","5","40.044366","-75.054037","2224","6","0","0","0","0","0","0","0","0","","0","0","0","22","3","1","","1","0","40 02:39.718","","0","75 03:14.534","3","0","0","0","67301","1","0","0","N","1","0","0","2","67301","0","","1.0","","1","N","N","N","0","","1","0","0","3","2","","2221","2","1","0","0","0","0","0","2","0","1","1","0","0","3","03","","N","","","","","","","","","",""
"2022109367","1100","0","0","0","0","0","0","0","0","0","8","0","","67","11","2022","5","39.945985","-75.184235","1051","6","0","0","0","0","0","0","0","0","","0","0","0","10","1","1","","1","0","39 56:45.546","","0","75 11:03.246","3","0","0","0","67301","1","0","0","N","1","0","0","2","67301","0","","1.0","","1","N","N","N","1","","1","0","0","3","2","","1049","2","1","1","0","0","0","0","2","0","1","1","0","0","3","03","","N","","","","","","","","","",""
"2022086741","1710","1","0","0","0","0","0","0","0","0","4","0","","67","9","2022","7","39.931432","-75.228869","1704","6","0","0","1","0","0","1","0","0","","0","0","0","12","1","1","","1","0","39 55:53.155","","0","75 13:43.928","8","0","0","1","67301","0","0","0","N","0","0","0","2","67301","0","","1.0","","1","N","N","N","0","","0","0","0","3","3","","1200","2","1","0","0","0","1","0","2","0","2","0","0","0","3","03","","N","","","","","","","","","",""
"2022105910","0759","1","0","0","0","0","0","0","0","0","5","0","","67","9","2022","4","40.023793","-75.032083","0745","6","0","0","0","0","0","0","0","0","","0","0","0","7","1","0","N","0","0","40 01:25.654","","0","75 01:55.500","0","0","0","0","67301","0","0","0","N","0","0","0","2","68K01","0","","1.0","","1","N","N","N","0","","0","0","1","0","0","","742","2","0","0","0","0","0","0","2","0","2","0","0","0","3","03","","N","","","","","","","","","",""
"2022090942","2035","2","0","0","0","0","0","0","0","0","1","0","","67","9","2022","4","39.894693","-75.229477","2035","6","0","0","0","0","0","1","0","0","","0","0","0","16","1","1","","3","0","39 53:40.896","","0","75 13:46.117","3","0","0","0","67301","0","0","0","N","0","0","0","4","67301","0","","1.0","","1","N","N","N","0","","1","0","2","3","2","","1640","5","1","0","0","0","0","2","2","0","4","0","0","0","3","03","","N","","","","","","","","","",""
"2022106264","2204","0","0","0","0","0","0","0","0","0","4","0","","67","10","2022","2","39.917737","-75.157694","2204","6","0","0","0","0","0","0","0","0","","0","0","0","20","3","1","","1","0","39 55:03.853","","0","75 09:27.698","3","0","0","0","67301","0","0","0","N","0","0","0","2","67301","0","","1.0","","9","N","N","N","0","","1","0","1","3","3","","2030","2","1","0","0","0","0","1","2","0","2","0","0","0","7","07","","N","","","","","","","","","",""
"2022105800","0030","1","0","0","0","0","0","0","0","0","4","0","","67","6","2022","5","39.946891","-75.212674","0021","6","0","0","0","0","0","0","0","0","","0","0","0","23","3","1","","1","0","39 56:48.807","","0","75 12:45.628","3","0","0","0","67301","0","0","0","N","0","0","0","2","67301","0","","1.0","","1","N","N","N","0","","1","0","0","3","3","","2313","2","1","0","0","0","0","1","2","0","2","0","0","0","3","03","","N","","","","","","","","","",""
"2022107525","2225","1","0","0","0","0","0","0","0","0","4","0","","67","10","2022","6","40.015928","-75.129589","2225","6","0","0","0","0","0","0","0","0","","1","0","0","20","3","1","","1","0","40 00:57.340","","0","75 07:46.520","1","1","1","1","67301","0","0","0","N","0","0","0","3","67301","0","2","1.0","","1","N","N","N","0","0","0","1","0","3","2","","2000","2","1","0","0","0","0","0","2","0","2","0","0","0","3","03","","N","","","","","","","","","",""
"2022096738","2020","1","0","0","0","0","0","0","0","0","8","0","","67","10","2022","2","40.027716","-75.061168","2020","6","0","0","0","1","0","0","0","0","","1","0","0","19","3","0","N","0","0","40 01:39.779","","0","75 03:40.204","1","0","0","0","67301","1","1","0","N","1","1","0","2","67301","0","2","1.0","","9","N","N","N","0","0","0","0","0","0","0","","1936","2","0","0","0","0","0","0","2","0","1","1","1","0","7","07","","N","","","","","","","","","",""
"2022109034","0925","2","0","0","0","0","0","0","0","0","2","0","","67","11","2022","6","40.01805","-75.201914","0920","6","0","0","0","0","0","1","0","0","","0","0","0","6","1","1","N","0","0","40 01:04.980","","0","75 12:06.890","8","0","0","0","67301","0","0","0","N","0","0","0","2","67301","0","","1.0","","1","N","N","N","0","","0","0","0","0","0","","655","2","1","0","0","0","1","1","2","0","2","0","0","0","3","","","N","","","","","","","","","",""
"2022089886","2253","2","0","0","0","0","0","0","0","0","4","0","","67","9","2022","1","39.977249","-75.174854","2248","6","0","0","0","0","0","0","0","0","","0","0","0","22","3","2","","1","0","39 58:38.096","","0","75 10:29.474","3","0","0","0","67301","0","0","0","N","0","0","0","3","67301","0","","1.0","","1","N","N","N","0","","2","0","0","3","3","","2243","2","2","2","0","0","0","0","2","0","2","0","0","0","3","03","","N","","","","","","","","","",""
"2022084023","1719","0","0","0","0","0","0","0","0","0","8","0","","67","9","2022","2","40.007242","-75.156606","1717","6","0","0","0","0","0","0","1","0","","0","0","0","15","1","1","N","0","0","40 00:26.070","","0","75 09:23.780","3","0","0","0","67301","1","0","0","N","1","0","0","2","67301","0","","1.0","","1","N","N","N","0","","1","0","1","0","0","","1545","2","1","0","0","0","0","0","2","0","1","1","0","0","4","","","N","","","","","","","","","",""
"2022084309","2042","1","0","0","0","0","0","0","0","0","8","0","","67","9","2022","3","39.941624","-75.149173","2041","6","0","0","0","0","0","0","0","0","","0","0","0","20","3","1","","1","0","39 56:29.847","","0","75 08:57.023","8","0","0","0","67301","1","0","0","N","1","0","0","2","67301","0","","1.0","","1","N","N","N","0","","0","0","0","3","2","","2040","2","1","0","0","0","1","0","2","0","1","1","0","0","3","03","","N","","","","","","","","","",""
"2022083591","2036","2","0","0","0","0","0","0","0","0","4","0","","67","9","2022","1","40.064009","-75.239716","2033","6","0","0","0","1","0","0","0","0","","0","0","0","20","3","0","","1","0","40 03:50.433","","0","75 14:22.976","0","0","0","0","67301","0","0","0","N","0","0","0","3","67301","0","","1.0","","9","N","N","N","0","","0","0","0","1","2","","2029","2","0","3","0","0","0","0","2","0","2","0","0","0","7","07","","N","","","","","","","","","",""
"2022112204","1620","0","0","0","1","0","0","0","0","0","8","0","","67","11","2022","5","39.936311","-75.161675","1613","6","0","0","0","0","0","0","0","0","","0","0","0","9","1","1","N","0","0","39 56:10.720","","7","75 09:42.030","8","0","0","0","67301","1","0","0","N","0","0","0","2","67301","0","","4.0","","1","N","N","N","0","","0","0","1","0","0","","930","2","1","0","0","0","1","0","2","0","1","1","0","0","3","","","N","","","","","","","","","",""
"2022113714","0847","2","0","0","0","0","0","0","0","0","1","0","","67","11","2022","5","40.016315","-75.051892","0839","6","0","0","0","0","0","0","0","0","","0","0","0","8","1","0","N","0","0","40 00:58.733","","0","75 03:06.810","0","0","0","0","67301","0","0","0","N","0","0","0","3","68K01","0","","1.0","","1","N","N","N","0","","0","0","1","0","0","","835","3","0","0","0","0","0","0","2","0","3","0","0","0","3","","","N","","","","","","","","","",""
"2022085085","1017","0","0","0","0","0","0","0","0","0","8","2","","67","9","2022","7","40.030958","-75.179719","1014","6","0","0","0","0","0","0","0","0","","1","0","0","10","1","0","N","0","0","40 01:51.450","","0","75 10:46.990","1","0","0","0","67301","1","1","0","N","1","1","0","2","67301","0","2","6.0","","1","N","N","N","0","0","0","0","0","0","0","","1010","3","0","1","0","0","0","0","2","2","2","1","1","0","3","03","","N","","","","","","","","","",""
"2022110732","","1","0","0","0","0","0","0","0","0","4","0","","67","10","2022","1","39.971403","-75.164433","","6","0","0","0","0","0","0","0","0","","0","0","0","11","1","1","","1","0","39 58:17.050","","0","75 09:51.958","8","0","0","0","67301","0","0","0","N","0","0","0","2","00000","0","","1.0","","1","","","N","0","","0","0","0","3","3","","1100","2","1","0","0","0","1","0","2","0","2","0","0","0","3","","","N","","","","","","","","","",""
"2022099320","1207","1","0","0","0","0","0","0","0","0","4","0","","67","9","2022","7","40.007354","-75.149407","1825","6","0","0","0","0","0","0","0","0","","0","0","0","18","1","1","","1","0","40 00:26.474","","0","75 08:57.865","8","0","0","0","67301","0","0","0","N","0","0","0","2","67301","0","","1.0","","1","N","N","N","0","","0","0","1","3","3","","1820","2","1","0","0","0","1","1","2","0","2","0","0","0","3","03","","N","","","","","","","","","",""
"2022084235","2342","2","0","0","0","0","0","0","0","0","4","0","","67","9","2022","2","40.035049","-75.018566","2329","6","0","0","0","0","0","0","0","0","","0","0","0","23","3","0","N","0","0","40 02:06.175","","3","75 01:06.837","0","0","0","0","67301","0","0","0","N","0","0","0","1","68K01","0","","1.0","","9","N","N","N","0","","0","0","0","0","0","","2317","2","0","0","0","0","0","0","2","0","2","0","0","0","7","","","N","","","","","","","","","",""
"2022109711","1913","1","0","0","0","0","0","0","0","0","1","0","","67","11","2022","6","39.904468","-75.150269","1913","6","0","1","0","0","0","0","0","0","","0","0","0","19","3","0","N","0","1","39 54:16.083","2","0","75 09:00.969","0","0","0","0","67301","0","0","0","N","0","0","0","2","68K01","0","","1.0","1935.0","1","N","N","N","0","","0","0","1","0","0","N","1908","2","0","0","0","0","0","0","2","0","2","0","0","0","3","","","N","","","","","","","","","",""
"2022096705","","1","0","0","0","0","0","0","0","0","1","0","","67","9","2022","7","39.992402","-75.245351","","6","0","0","0","0","0","0","0","0","","0","0","0","1","3","1","Y","0","0","39 59:32.646","","0","75 14:43.262","8","0","0","0","67301","0","0","0","N","0","0","0","2","00000","0","","1.0","","1","","","N","0","","0","0","1","3","2","","145","2","1","0","0","0","1","0","2","0","2","0","0","0","3","","","N","","","","","","","","","",""
"2022088898","0950","1","0","0","0","0","0","0","0","0","4","0","","67","9","2022","3","40.026381","-75.209126","0947","6","0","0","0","0","0","2","0","0","","0","0","0","9","1","3","N","0","1","40 01:34.970","2","7","75 12:32.852","3","0","0","0","67301","0","0","0","N","0","0","0","3","67301","0","","1.0","1112.0","1","N","N","N","0","","2","0","1","0","0","Y","945","2","3","3","0","0","1","0","2","0","2","0","0","0","3","03","","N","","","","","","","","","",""
"2022089253","","1","0","0","0","0","0","0","0","0","7","0","","67","8","2022","6","40.071528","-75.240222","","6","0","0","0","0","0","0","0","0","","0","0","0","23","3","1","N","0","0","40 04:17.500","","0","75 14:24.800","8","0","0","0","67301","0","0","0","N","0","0","0","1","00000","0","","5.0","","1","","","N","0","","0","0","0","0","0","","2330","2","1","0","0","0","1","0","2","0","1","0","0","0","3","","","N","","","","","","","","","",""
"2022105801","0612","1","0","0","0","0","0","0","0","0","7","0","","67","6","2022","7","39.952806","-75.232583","0612","6","0","0","0","0","0","0","0","0","","0","0","0","6","1","0","N","0","0","39 57:10.100","","0","75 13:57.300","0","0","0","0","67301","0","0","0","N","0","0","0","1","67301","0","","4.0","","1","N","N","N","0","","0","0","0","0","0","","611","1","0","1","0","0","0","0","2","0","1","0","0","0","3","03","","N","","","","","","","","","",""
"2022105803","2132","1","0","0","0","0","0","0","0","0","4","0","","67","7","2022","2","39.945858","-75.240283","2130","6","0","0","0","0","0","1","0","0","","0","0","0","21","3","1","","5","0","39 56:45.089","","0","75 14:25.018","8","0","0","0","67301","0","0","0","N","0","0","0","3","67301","0","","1.0","","1","N","N","N","0","","0","0","1","3","2","","2113","2","1","1","0","0","1","0","2","0","2","0","0","0","3","03","","N","","","","","","","","","",""
"2022084000","2257","2","0","0","0","0","0","0","0","0","0","0","","67","9","2022","1","39.942544","-75.148975","2251","6","0","0","0","0","0","0","0","0","","0","0","0","22","3","0","N","0","2","39 56:33.160","2","0","75 08:56.310","0","0","0","0","67301","0","0","0","N","0","0","0","1","67301","0","","1.0","2350.0","9","N","N","N","0","","0","0","0","0","0","Y","2240","2","0","0","0","0","0","0","2","0","2","0","0","0","7","07","","N","","","","","","","","","",""
"2022105789","0810","1","0","0","0","0","0","0","0","0","5","1","","67","11","2022","3","40.02998","-75.102639","0810","6","0","0","0","0","0","1","0","0","","0","1","0","7","1","0","N","0","0","40 01:47.927","","0","75 06:09.501","0","0","0","0","67301","0","0","0","N","0","0","0","2","67301","0","","1.0","","1","N","N","N","0","","0","0","0","0","0","","755","2","0","0","0","0","0","0","2","0","2","0","0","0","3","03","","N","","","","","","","","","",""
"2022086935","1005","1","0","0","0","0","0","0","0","0","1","0","","67","9","2022","3","40.051175","-75.009436","0956","6","0","0","0","0","0","1","1","0","","0","0","0","9","1","1","N","0","0","40 03:04.231","","0","75 00:33.970","3","0","0","0","67301","0","0","0","N","0","0","0","2","67301","0","","1.0","","1","N","N","N","0","","1","0","1","0","0","","947","2","1","0","0","0","0","0","2","0","2","0","0","0","3","03","","N","","","","","","","","","",""
"2022107498","1744","1","0","0","0","0","0","0","0","0","1","0","","67","11","2022","2","40.00892","-75.20539","1739","6","0","0","0","0","0","0","0","0","","0","0","0","17","3","2","N","0","1","40 00:32.113","3","2","75 12:19.403","3","0","0","0","67301","0","0","0","N","0","0","0","3","68K01","1","","1.0","612.0","1","N","N","N","0","","1","0","1","0","0","N","1738","2","2","0","0","0","0","0","2","0","2","0","0","0","3","03","","N","","","","","","","","","",""
"2022107003","0755","1","0","0","0","0","0","0","0","0","7","0","","67","11","2022","1","40.034821","-75.018422","0755","6","0","0","0","0","0","0","0","0","","0","0","0","7","1","0","N","0","2","40 02:05.357","1","0","75 01:06.320","0","0","0","0","67301","0","0","0","N","0","0","0","1","68K01","0","","2.0","800.0","9","N","N","N","0","","0","0","0","0","0","N","749","1","0","0","0","0","0","0","2","0","1","0","0","0","3","","","N","","","","","","","","","",""
"2022108539","2325","0","0","0","0","0","0","0","0","0","7","0","","67","11","2022","7","39.960451","-75.181238","2316","6","0","0","0","0","0","0","0","0","","0","0","0","23","3","0","N","0","1","39 57:37.624","4","0","75 10:52.455","0","0","0","0","67301","0","0","0","N","0","0","0","3","68K01","0","","4.0","2335.0","9","N","N","N","0","","0","0","1","0","0","N","2316","1","0","3","0","0","0","0","2","0","1","0","0","0","7","","","N","","","","","","","","","",""
"2022115557","1733","0","0","0","0","0","0","0","0","0","1","0","","67","10","2022","1","39.942483","-75.14323","1724","6","0","0","1","0","0","0","0","0","","0","0","0","17","1","0","N","0","0","39 56:32.939","","0","75 08:35.627","0","0","0","0","67301","0","0","0","N","0","0","0","2","68K01","0","","1.0","","9","N","N","Y","1","","0","0","1","0","0","","1722","2","0","0","0","0","0","0","2","0","2","0","0","0","7","07","","N","","","","","","","","","",""
"2022085364","0330","1","0","0","0","0","0","0","0","0","5","0","","67","9","2022","7","39.932531","-75.155203","0330","6","0","0","0","0","0","0","0","0","","0","0","0","3","3","0","N","0","0","39 55:57.110","","0","75 09:18.730","0","0","0","0","67301","0","0","0","N","0","0","0","1","67301","0","","6.0","","1","N","N","N","0","","0","0","2","0","0","","305","3","0","0","0","0","0","0","2","0","3","0","0","0","3","03","","N","","","","","","","","","",""
"2022110557","0204","1","0","0","0","0","0","0","0","0","4","0","","67","8","2022","4","39.971281","-75.121302","0203","6","0","0","0","0","0","0","0","0","","0","0","0","2","3","0","","5","0","39 58:16.610","","2","75 07:16.686","0","0","0","0","67301","0","0","0","N","0","0","0","2","67301","0","","1.0","","1","N","N","N","0","","0","0","1","3","2","","202","2","0","0","0","0","0","0","2","0","2","0","0","0","3","03","","N","","","","","","","","","",""
"2022106564","1532","1","0","0","0","0","0","0","0","0","7","0","","67","10","2022","3","40.045685","-74.999861","1458","6","0","0","0","0","0","0","0","0","","0","0","0","14","1","0","","6","0","40 02:44.465","","2","74 59:59.498","0","0","0","0","67301","0","0","0","N","0","0","0","2","68K01","0","","4.0","","9","N","N","N","0","","0","0","0","0","0","","1439","1","0","0","0","0","0","0","2","0","1","0","0","0","7","07","","N","","","","","","","","","",""
"2022100693","2205","1","0","0","0","0","0","0","0","0","4","0","","67","10","2022","4","40.003671","-75.181113","2200","6","0","0","0","0","0","0","0","0","","0","0","0","21","3","0","","1","1","40 00:13.217","2","0","75 10:52.007","9","0","0","0","67301","0","0","0","N","0","0","0","3","67301","0","","1.0","2300.0","1","N","N","N","0","","0","0","0","3","2","N","2155","2","0","0","0","0","0","2","2","1","2","0","0","0","3","03","","N","","","","","","","","","",""
"2022107164","1955","1","0","0","0","0","0","0","0","0","7","0","","67","11","2022","1","40.09195","-75.066709","1949","6","0","0","0","0","0","0","0","0","","0","0","0","19","3","1","","2","2","40 05:31.020","5","0","75 04:00.152","3","0","0","0","67301","0","0","0","N","0","0","0","2","67301","0","","5.0","200.0","1","N","N","N","0","","1","0","0","0","0","Y","1949","1","1","0","0","0","0","0","2","0","1","0","0","0","3","03","","N","","","","","","","","","",""
"2022110459","0746","3","0","0","0","0","0","0","0","0","1","1","","67","11","2022","2","40.015434","-75.053213","0746","6","0","0","0","0","0","1","1","0","","0","1","0","7","1","1","N","0","0","40 00:55.562","","0","75 03:11.566","8","0","0","0","67301","0","0","0","N","0","0","0","5","68K01","0","","1.0","","1","N","N","Y","0","","0","0","1","0","0","","746","5","1","0","0","0","1","0","2","0","5","0","0","0","3","03","","N","","","","","","","","","",""
"2022111717","0528","1","0","0","0","0","0","0","0","0","7","0","","67","9","2022","2","39.915078","-75.147752","0516","6","0","0","0","0","0","0","0","0","","0","0","0","5","3","1","N","0","2","39 54:54.280","1","3","75 08:51.906","3","0","0","0","67301","0","0","0","N","0","0","0","1","68K01","0","","4.0","608.0","1","N","N","N","0","","1","0","0","0","0","N","510","1","1","0","0","0","0","0","2","0","1","0","0","0","3","03","","N","","","","","","","","","",""
"2022097359","0431","0","0","0","0","0","0","0","0","0","2","0","","67","9","2022","6","39.912769","-75.175867","0425","6","0","0","0","0","0","0","0","0","","0","0","0","4","2","0","N","0","1","39 54:45.970","3","3","75 10:33.120","9","0","0","0","67301","0","0","0","N","0","0","0","2","68K01","0","","1.0","100.0","1","N","N","N","0","","0","0","2","0","0","Y","424","2","0","1","0","0","0","1","2","0","2","0","0","0","3","","","N","","","","","","","","","",""
"2022087643","0520","1","0","0","0","0","0","0","0","0","4","0","","67","9","2022","2","40.030701","-75.061748","0518","6","0","0","0","0","0","0","0","0","","0","0","0","5","8","1","","1","0","40 01:50.524","","0","75 03:42.293","3","0","0","0","67301","0","0","0","N","0","0","0","2","67301","0","","1.0","","1","N","N","N","2","","1","0","0","3","2","","513","3","1","0","0","0","0","0","2","0","3","0","0","0","3","03","","N","","","","","","","","","",""