"CRN","ARRIVAL_TM","AUTOMOBILE_COUNT","BELTED_DEATH_COUNT","BELTED_SUSP_SERIOUS_INJ_COUNT","BICYCLE_COUNT","BICYCLE_DEATH_COUNT","BICYCLE_SUSP_SERIOUS_INJ_COUNT","BUS_COUNT","CHLDPAS_DEATH_COUNT","CHLDPAS_SUSP_SERIOUS_INJ_COUNT","COLLISION_TYPE","COMM_VEH_COUNT","CONS_ZONE_SPD_LIM","COUNTY","CRASH_MONTH","CRASH_YEAR","DAY_OF_WEEK","DEC_LATITUDE","DEC_LONGITUDE","DISPATCH_TM","DISTRICT","DRIVER_COUNT_16YR","DRIVER_COUNT_17YR","DRIVER_COUNT_18YR","DRIVER_COUNT_19YR","DRIVER_COUNT_20YR","DRIVER_COUNT_50_64YR","DRIVER_COUNT_65_74YR","DRIVER_COUNT_75PLUS","EST_HRS_CLOSED","FATAL_COUNT","HEAVY_TRUCK_COUNT","HORSE_BUGGY_COUNT","HOUR_OF_DAY","ILLUMINATION","INJURY_COUNT","INTERSECTION_RELATED","INTERSECT_TYPE","LANE_CLOSED","LATITUDE","LN_CLOSE_DIR","LOCATION_TYPE","LONGITUDE","MAX_SEVERITY_LEVEL","MCYCLE_DEATH_COUNT","MCYCLE_SUSP_SERIOUS_INJ_COUNT","MOTORCYCLE_COUNT","MUNICIPALITY","NONMOTR_COUNT","NONMOTR_DEATH_COUNT","NONMOTR_SUSP_SERIOUS_INJ_COUNT","NTFY_HIWY_MAINT","PED_COUNT","PED_DEATH_COUNT","PED_SUSP_SERIOUS_INJ_COUNT","PERSON_COUNT","POLICE_AGCY","POSSIBLE_INJ_COUNT","RDWY_SURF_TYPE_CD","RELATION_TO_ROAD","ROADWAY_CLEARED","ROAD_CONDITION","SCH_BUS_IND","SCH_ZONE_IND","SECONDARY_CRASH","SMALL_TRUCK_COUNT","SPEC_JURIS_CD","SUSP_MINOR_INJ_COUNT","SUSP_SERIOUS_INJ_COUNT","SUV_COUNT","TCD_FUNC_CD","TCD_TYPE","TFC_DETOUR_IND","TIME_OF_DAY","TOTAL_UNITS","TOT_INJ_COUNT","UNBELTED_OCC_COUNT","UNB_DEATH_COUNT","UNB_SUSP_SERIOUS_INJ_COUNT","UNK_INJ_DEG_COUNT","UNK_INJ_PER_COUNT","URBAN_RURAL","VAN_COUNT","VEHICLE_COUNT","VULNERABLE_ROAD_USER_COUNT","VULNERABLE_ROAD_USER_DEATH_COUNT","VULNERABLE_ROAD_USER_SER_INJ_COUNT","WEATHER1","WEATHER2","WORKERS_PRES","WORK_ZONE_IND","WORK_ZONE_LOC","WORK_ZONE_TYPE","WZ_CLOSE_DETOUR","WZ_FLAGGER","WZ_LAW_OFFCR_IND","WZ_LN_CLOSURE","WZ_MOVING","WZ_OTHER","WZ_SHLDER_MDN","WZ_WORKERS_INJ_KILLED"
"2022113720","1618","0","0","0","0","0","0","0","0","0","1","0","","67","11","2022","5","39.941925","-75.194046","1608","6","0","0","0","0","0","2","0","0","","0","0","0","15","1","1","N","0","1","39 56:30.930","4","0","75 11:38.564","3","0","0","0","67301","0","0","0","N","0","0","0","11","68K01","0","","1.0","1653.0","1","N","N","N","0","","1","0","3","0","0","N","1555","3","1","0","0","0","0","0","2","0","3","0","0","0","3","","","N","","","","","","","","","",""
"2022112206","0800","0","0","0","0","0","0","0","0","0","2","0","","67","11","2022","4","40.052509","-75.227101","0756","6","0","0","0","0","0","0","0","1","","0","0","0","7","1","2","","1","0","40 03:09.034","","0","75 13:37.563","2","0","0","0","67301","0","0","0","N","0","0","0","2","67301","0","","1.0","","1","N","N","N","0","","0","2","2","3","2","","753","2","2","0","0","0","0","0","2","0","2","0","0","0","3","03","","N","","","","","","","","","",""
"2022112273","2021","1","0","2","0","0","0","1","0","1","4","1","","67","9","2022","4","40.030737","-75.112002","2020","6","0","0","0","0","0","0","0","0","","0","0","0","15","1","4","","1","0","40 01:50.653","","0","75 06:43.207","2","0","0","0","67301","0","0","0","N","0","0","0","6","67301","0","","1.0","","1","N","N","N","0","","1","2","1","3","2","","1515","3","4","0","0","0","1","1","2","0","3","0","0","0","3","03","","N","","","","","","","","","",""
"2022112397","0805","1","0","0","0","0","0","1","0","0","1","1","","67","11","2022","2","40.075142","-75.018523","0758","6","0","0","0","0","0","1","0","0","","0","0","0","7","1","0","","9","1","40 04:30.512","3","0","75 01:06.681","0","0","0","0","67301","0","0","0","N","0","0","0","4","67301","0","","1.0","100.0","1","N","N","N","0","","0","0","0","3","6","N","757","2","0","0","0","0","0","0","2","0","2","0","0","0","3","03","","N","","","","","","","","","",""
"2022113753","1726","1","0","0","0","0","0","0","0","0","1","1","","67","11","2022","4","39.893608","-75.236216","1717","6","0","0","0","0","0","0","0","0","","0","1","0","15","1","1","N","0","0","39 53:36.989","","0","75 14:10.376","3","0","0","0","67301","0","0","0","N","0","0","0","2","67301","0","","1.0","","9","N","N","N","0","","1","0","0","0","0","","1529","2","1","0","0","0","0","0","2","0","2","0","0","0","7","07","","N","","","","","","","","","",""
"2022112929","0543","1","0","0","0","0","0","0","0","0","1","1","","67","11","2022","1","40.028487","-75.119893","0539","6","0","0","0","0","1","0","0","0","","0","1","0","5","3","1","N","0","0","40 01:42.552","","0","75 07:11.613","3","0","0","0","67301","0","0","0","N","0","0","0","1","67301","0","","6.0","","1","N","N","N","0","","1","0","0","0","0","","538","2","1","1","0","0","0","0","2","0","2","0","0","0","3","03","","N","","","","","","","","","",""
"2022085288","2330","0","0","0","0","0","0","0","0","0","4","0","","67","9","2022","6","40.05431","-75.063221","2330","6","0","0","0","0","0","1","0","0","","0","0","0","22","3","0","","1","0","40 03:15.516","","0","75 03:47.594","9","0","0","1","67301","0","0","0","N","0","0","0","2","67301","0","","1.0","","99","N","N","N","1","","0","0","0","3","2","","2205","2","0","0","0","0","0","1","2","0","2","0","0","0","3","","","N","","","","","","","","","",""
"2022113197","0340","1","0","0","0","0","0","0","0","0","5","1","","67","11","2022","3","40.014442","-75.130561","0334","6","0","0","0","0","0","0","0","0","","0","0","0","3","3","1","N","0","1","40 00:51.990","4","0","75 07:50.020","3","0","0","0","67301","0","0","0","N","0","0","0","3","67301","0","","1.0","430.0","1","N","N","N","1","","1","0","0","0","0","N","329","2","1","0","0","0","0","0","2","0","2","0","0","0","3","","","N","","","","","","","","","",""
"2022112274","1225","0","0","0","0","0","0","1","0","0","4","1","","67","11","2022","3","40.028682","-75.117741","1206","6","0","0","0","0","0","0","1","0","","0","0","0","11","1","4","","1","2","40 01:43.256","7","0","75 07:03.868","3","0","0","0","67301","0","0","0","N","0","0","0","5","67301","0","","1.0","1344.0","1","N","N","N","0","","3","0","1","3","2","Y","1148","2","4","0","0","0","1","0","2","0","2","0","0","0","3","","","N","","","","","","","","","",""
"2022091103","1252","1","0","0","0","0","0","0","0","0","1","0","","67","9","2022","7","39.968198","-75.13018","1242","6","0","0","0","0","0","0","0","0","","0","0","0","12","1","0","N","0","0","39 58:05.514","","0","75 07:48.648","0","0","0","0","67301","0","0","0","N","0","0","0","2","68K01","0","","1.0","","1","N","N","N","0","","0","0","0","0","0","","1237","2","0","0","0","0","0","0","2","1","2","0","0","0","3","03","","N","","","","","","","","","",""
"2022113599","1139","0","0","0","0","0","0","0","0","0","4","0","","67","9","2022","2","40.017031","-75.083494","1139","6","0","0","0","0","0","0","0","0","","0","0","0","11","1","0","N","0","0","40 01:01.313","","0","75 05:00.577","0","0","0","0","67301","0","0","0","N","0","0","0","1","67301","0","","6.0","","1","N","N","N","0","","0","0","2","0","0","","1138","2","0","0","0","0","0","0","2","0","2","0","0","0","3","","","N","","","","","","","","","",""
"2022085801","0344","1","0","0","0","0","0","0","0","0","4","0","","67","9","2022","1","40.03773","-75.138776","0344","6","0","0","0","0","0","0","1","0","","0","0","0","3","3","1","","2","0","40 02:15.827","","0","75 08:19.594","3","0","0","0","67301","0","0","0","N","0","0","0","3","67301","0","","1.0","","1","N","N","N","1","","1","0","0","0","0","","306","2","1","0","0","0","0","0","2","0","2","0","0","0","3","03","","N","","","","","","","","","",""
"2022102306","1722","1","0","0","0","0","0","0","0","0","1","0","","67","9","2022","7","40.013538","-75.057038","1710","6","0","0","0","0","0","0","0","0","","0","0","0","17","1","0","N","0","0","40 00:48.737","","0","75 03:25.337","9","0","0","1","67301","0","0","0","N","0","0","0","7","68K01","0","","1.0","","1","N","N","N","0","","0","0","3","0","0","","1708","6","0","0","0","0","0","2","2","0","6","0","0","0","3","","","N","","","","","","","","","",""
"2022106155","0115","1","0","0","0","0","0","0","0","0","1","0","","67","9","2022","7","39.956072","-75.237961","0115","6","0","0","0","0","0","1","0","0","","0","0","0","23","3","2","","1","0","39 57:21.859","","0","75 14:16.659","2","0","0","0","67301","0","0","0","N","0","0","0","3","67301","0","","1.0","","1","N","N","N","0","","0","2","1","3","2","","2355","2","2","0","0","0","0","0","2","0","2","0","0","0","3","03","","N","","","","","","","","","",""
"2022085877","0220","3","0","0","0","0","0","0","0","0","4","0","","67","9","2022","1","40.026203","-75.169155","0210","6","0","0","1","0","0","0","0","0","","0","0","0","2","3","1","","1","0","40 01:34.330","","0","75 10:08.958","8","0","0","0","67301","0","0","0","N","0","0","0","2","67301","0","","1.0","","1","N","N","Y","0","","0","0","1","3","2","","200","4","1","0","0","0","1","0","2","0","4","0","0","0","3","03","","N","","","","","","","","","",""
"2022112819","0820","1","0","0","0","0","0","1","0","0","2","1","","67","11","2022","4","40.012944","-75.118444","0805","6","0","0","0","0","1","0","0","0","","0","0","0","8","1","3","N","0","1","40 00:46.600","3","0","75 07:06.400","4","0","0","0","67301","0","0","0","N","0","0","0","3","67508","3","","1.0","9999.0","9","N","N","N","0","","0","0","0","0","0","N","800","2","3","0","0","0","0","0","2","0","2","0","0","0","3","03","","N","","","","","","","","","",""
"2022085400","1820","2","0","0","0","0","0","0","0","0","5","0","","67","9","2022","6","39.934336","-75.236049","1813","6","0","0","0","0","0","0","0","0","","0","0","0","17","1","1","N","0","0","39 56:03.611","","0","75 14:09.776","8","0","0","0","67301","0","0","0","N","0","0","0","3","67301","0","","1.0","","1","N","N","N","1","","0","0","0","0","0","","1754","3","1","0","0","0","1","1","2","0","3","0","0","0","3","03","","N","","","","","","","","","",""
"2022085833","1955","1","0","0","0","0","0","0","0","0","4","0","","67","9","2022","1","40.066128","-75.063046","1950","6","0","0","0","0","0","2","0","0","","0","0","0","19","4","1","","1","0","40 03:58.061","","0","75 03:46.964","3","0","0","0","67301","0","0","0","N","0","0","0","2","67301","0","","1.0","","1","N","N","N","0","","1","0","1","3","2","","1913","2","1","0","0","0","0","1","2","0","2","0","0","0","3","","","N","","","","","","","","","",""
"2022111818","0803","1","0","0","0","0","0","0","0","0","1","0","","67","10","2022","2","39.978559","-75.110541","0727","6","0","0","0","0","0","1","0","0","","0","0","0","7","1","0","N","0","1","39 58:42.811","2","3","75 06:37.949","0","0","0","0","67301","0","0","0","N","0","0","0","2","68K01","0","","1.0","845.0","1","N","N","N","0","","0","0","1","0","0","N","724","2","0","0","0","0","0","0","2","0","2","0","0","0","3","03","","N","","","","","","","","","",""
"2022085873","1920","1","0","0","0","0","0","0","0","0","4","0","","67","9","2022","7","40.010483","-75.160772","1857","6","0","0","0","0","0","0","0","0","","0","0","0","17","1","2","","1","0","40 00:37.740","","0","75 09:38.779","8","0","0","0","67301","0","0","0","N","0","0","0","4","67301","0","","1.0","","1","N","N","N","1","","0","0","0","3","3","","1700","3","2","0","0","0","2","2","2","0","3","0","0","0","3","03","","N","","","","","","","","","",""
"2022113601","1617","0","0","0","0","0","0","0","0","0","8","0","","67","9","2022","5","40.037258","-75.04164","1616","6","0","0","0","0","0","0","0","0","","0","0","0","20","3","1","N","0","9","40 02:14.130","","0","75 02:29.903","2","0","0","0","67301","1","0","1","N","1","0","1","1","67301","0","","1.0","","1","N","N","N","0","","0","1","0","0","0","","2030","2","1","0","0","0","0","0","2","0","1","1","0","1","3","03","","N","","","","","","","","","",""
"2022085366","1024","0","0","0","0","0","0","0","0","0","8","0","","67","9","2022","6","40.064333","-74.986339","1024","6","0","0","0","0","0","0","0","0","","0","0","0","10","1","1","N","0","0","40 03:51.600","","7","74 59:10.820","3","0","0","0","67301","1","0","0","N","1","0","0","2","67301","0","","1.0","","1","N","N","N","0","","1","0","1","0","0","","1023","2","1","1","0","0","0","0","2","0","1","1","0","0","3","03","","N","","","","","","","","","",""
"2022113705","1007","2","0","0","0","0","0","0","0","0","1","0","","67","11","2022","3","39.934916","-75.199831","1001","6","0","0","0","0","0","0","1","0","","0","0","0","9","1","0","N","0","1","39 56:05.696","4","0","75 11:59.390","0","0","0","0","67301","0","0","0","N","0","0","0","2","68K01","0","","1.0","1105.0","1","N","N","N","0","","0","0","0","0","0","N","951","2","0","0","0","0","0","0","2","0","2","0","0","0","3","","","N","","","","","","","","","",""
"2022087417","0940","2","0","0","0","0","0","0","0","0","4","0","","67","9","2022","2","40.002643","-75.161037","0936","6","0","0","0","0","0","0","0","0","","0","0","0","9","1","1","N","0","2","40 00:09.514","4","0","75 09:39.734","3","0","0","0","67301","0","0","0","N","0","0","0","2","67301","0","","6.0","45.0","1","N","N","N","0","","1","0","1","0","0","Y","900","3","1","0","0","0","0","0","2","0","3","0","0","0","3","","","N","","","","","","","","","",""
"2022085786","0235","0","0","0","0","0","0","0","0","0","7","0","","67","9","2022","2","39.984464","-75.156541","0231","6","0","0","0","0","0","0","1","0","","0","0","0","2","3","0","N","0","0","39 59:04.071","","0","75 09:23.547","0","0","0","0","67301","0","0","0","N","0","0","0","1","67505","0","","3.0","","1","N","N","N","0","","0","0","1","0","0","","225","1","0","0","0","0","0","0","2","0","1","0","0","0","3","03","","N","","","","","","","","","",""
"2022091836","","0","0","0","0","0","0","0","0","0","4","0","","67","9","2022","1","39.901375","-75.23933","","6","0","0","0","0","0","0","0","0","","0","0","0","16","1","0","","2","0","39 54:04.950","","0","75 14:21.587","0","0","0","0","67301","0","0","0","N","0","0","0","2","00000","0","","1.0","","1","","","N","0","","0","0","1","0","0","","1600","2","0","0","0","0","0","0","2","0","2","0","0","0","3","","","N","","","","","","","","","",""
"2022111816","1950","1","0","0","0","0","0","0","0","0","1","0","","67","10","2022","4","39.978221","-75.111179","1940","6","0","0","0","0","0","0","0","0","","0","0","0","19","3","0","N","0","0","39 58:41.596","","0","75 06:40.244","0","0","0","0","67301","0","0","0","N","0","0","0","2","68K01","0","","1.0","","1","N","N","N","0","","0","0","1","0","0","","1917","2","0","0","0","0","0","0","2","0","2","0","0","0","3","03","","N","","","","","","","","","",""
"2022110554","2335","1","0","0","0","0","0","0","0","0","8","0","","67","11","2022","3","39.98627","-75.156147","2332","6","0","0","1","0","0","0","0","0","","1","0","0","23","3","0","","1","2","39 59:10.572","7","0","75 09:22.129","1","0","0","0","67301","1","1","0","N","1","1","0","2","67301","0","2","1.0","159.0","1","N","N","N","0","0","0","0","0","3","2","Y","2332","2","0","1","0","0","0","1","2","0","1","1","1","0","3","03","","N","","","","","","","","","",""
"2022110734","","1","0","0","0","0","0","0","0","0","1","0","","67","8","2022","2","40.035213","-75.145462","","6","0","0","0","0","0","1","0","0","","0","0","0","99","1","1","","1","0","40 02:06.768","","0","75 08:43.662","8","0","0","0","67301","0","0","0","N","0","0","0","2","00000","0","","1.0","","1","","","N","0","","0","0","0","3","2","","9999","2","1","1","0","0","1","0","2","1","2","0","0","0","3","","","N","","","","","","","","","",""
"2022085872","1047","2","0","0","0","0","0","0","0","0","4","0","","67","9","2022","1","40.055849","-75.127056","1047","6","0","0","0","0","0","0","0","1","","0","0","0","8","1","2","","1","0","40 03:21.055","","0","75 07:37.401","3","0","0","0","67301","0","0","0","N","0","0","0","3","67301","0","","1.0","","1","N","N","N","0","","2","0","0","3","2","","827","2","2","0","0","0","0","0","2","0","2","0","0","0","3","03","","N","","","","","","","","","",""
"2022113327","0712","0","0","0","0","0","0","0","0","0","5","0","","67","11","2022","3","40.030419","-75.218375","0702","6","0","0","0","0","0","0","0","0","","0","0","0","6","5","0","N","0","0","40 01:49.510","","0","75 13:06.150","9","0","0","0","67301","0","0","0","N","0","0","0","1","67301","0","","1.0","","1","N","N","N","0","","0","0","2","0","0","","645","2","0","0","0","0","0","1","2","0","2","0","0","0","3","","","N","","","","","","","","","",""
"2022086683","0218","0","0","0","0","0","0","0","0","0","1","0","","67","9","2022","1","40.059276","-75.044578","0217","6","0","0","0","0","0","0","0","0","","0","0","0","2","3","1","","2","1","40 03:33.392","2","0","75 02:40.479","8","0","0","0","67301","0","0","0","N","0","0","0","2","67301","0","","1.0","243.0","1","N","N","N","0","","0","0","2","3","2","N","217","2","1","0","0","0","1","0","2","0","2","0","0","0","3","03","","N","","","","","","","","","",""
"2022084452","0733","2","0","0","0","0","0","0","0","0","6","0","","67","9","2022","3","39.939283","-75.229206","0733","6","0","0","0","0","0","0","0","0","","0","0","0","6","1","0","N","0","0","39 56:21.420","","0","75 13:45.140","0","0","0","0","67301","0","0","0","N","0","0","0","1","67301","0","","6.0","","99","N","N","N","0","","0","0","1","0","0","","622","3","0","1","0","0","0","0","2","0","3","0","0","0","3","","","N","","","","","","","","","",""
"2022085663","1004","0","0","0","0","0","0","0","0","0","4","0","","67","9","2022","1","39.943415","-75.155269","1000","6","0","0","0","0","0","0","0","0","","0","0","0","9","1","1","","1","0","39 56:36.293","","0","75 09:18.968","8","0","0","0","67301","0","0","0","N","0","0","0","4","67301","0","","1.0","","1","N","N","N","0","","0","0","2","3","2","","945","2","1","0","0","0","1","0","2","0","2","0","0","0","3","","","N","","","","","","","","","",""
"2022086682","0744","0","0","0","0","0","0","0","0","0","8","0","","67","9","2022","3","39.937994","-75.159676","0744","6","0","0","0","0","0","0","0","0","","0","0","0","7","1","1","","1","0","39 56:16.780","","0","75 09:34.835","3","0","0","0","67301","1","0","0","N","1","0","0","2","67301","0","","1.0","","1","N","N","N","0","","1","0","1","3","3","","730","2","1","0","0","0","0","0","2","0","1","1","0","0","3","","","N","","","","","","","","","",""
"2022112604","2342","1","0","0","0","0","0","0","0","0","7","0","","67","10","2022","2","39.960657","-75.181554","2342","6","0","0","0","0","0","0","0","0","","0","0","0","23","3","1","N","0","0","39 57:38.364","","0","75 10:53.596","8","0","0","0","67301","0","0","0","N","0","0","0","1","68K01","0","","4.0","","1","N","N","N","0","","0","0","0","0","0","","2342","1","1","0","0","0","1","0","2","0","1","0","0","0","3","03","","N","","","","","","","","","",""
"2022083946","0732","0","0","0","1","0","0","0","0","0","8","0","","67","9","2022","3","39.955289","-75.186533","0730","6","0","0","0","0","0","0","0","0","","0","0","0","7","1","1","N","0","0","39 57:19.041","","0","75 11:11.519","3","0","0","0","67301","1","0","0","N","0","0","0","2","67507","0","","1.0","","1","","","N","0","","1","0","1","0","0","","727","2","1","0","0","0","0","1","2","0","1","1","0","0","3","","","N","","","","","","","","","",""
"2022112396","1010","0","1","0","0","0","0","0","0","0","7","0","","67","11","2022","1","40.075207","-75.045715","1005","6","0","0","0","0","0","0","0","1","","1","0","0","10","1","0","N","0","1","40 04:30.746","1","0","75 02:44.574","1","0","0","0","67301","0","0","0","N","0","0","0","1","67301","0","2","4.0","1130.0","1","N","N","N","1","0","0","0","0","0","0","N","1000","1","0","0","0","0","0","0","2","0","1","0","0","0","4","04","","N","","","","","","","","","",""
"2022113084","0444","1","0","0","0","0","0","0","0","0","98","0","","67","9","2022","2","39.996492","-75.081096","0437","6","0","0","0","0","0","0","0","0","","1","0","0","4","3","1","N","0","2","39 59:47.371","1","2","75 04:51.947","1","0","0","0","67301","0","0","0","N","0","0","0","2","68K01","0","1","4.0","725.0","1","N","N","N","0","0","1","0","0","0","0","N","436","1","1","2","1","0","0","0","2","0","1","0","0","0","3","","","N","","","","","","","","","",""
"2022110925","2241","1","0","0","0","0","0","0","0","0","5","0","","67","11","2022","6","39.949572","-75.238364","2239","6","0","0","0","0","0","0","0","0","","0","0","0","22","3","0","N","0","0","39 56:58.460","","0","75 14:18.110","0","0","0","0","67301","0","0","0","N","0","0","0","1","67301","0","","6.0","","1","N","N","N","2","","0","0","0","0","0","","2239","5","0","1","0","0","0","0","2","2","5","0","0","0","3","","","N","","","","","","","","","",""
"2022113598","2352","1","0","0","0","0","0","0","0","0","7","0","","67","11","2022","6","40.038213","-75.190073","2342","6","0","0","0","0","0","0","0","0","","0","0","0","23","3","0","","1","0","40 02:17.568","","0","75 11:24.263","9","0","0","0","67301","0","0","0","N","0","0","0","1","67301","0","","5.0","","1","N","Y","N","0","","0","0","0","3","2","","2334","1","0","0","0","0","0","1","2","0","1","0","0","0","3","03","","N","","","","","","","","","",""
"2022113974","0810","1","0","0","0","0","0","0","0","0","7","0","","67","12","2022","5","40.055972","-75.074459","0810","6","0","0","0","0","0","0","0","1","","0","0","0","8","1","0","N","0","1","40 03:21.499","3","0","75 04:28.053","0","0","0","0","67301","0","0","0","N","0","0","0","1","67301","0","","2.0","30.0","1","N","N","N","0","","0","0","0","0","0","N","810","1","0","1","0","0","0","0","2","0","1","0","0","0","4","03","","N","","","","","","","","","",""
"2022088471","0924","1","0","0","0","0","0","0","0","0","8","0","","67","9","2022","5","39.953722","-75.161106","0917","6","0","0","0","0","0","0","0","0","","0","0","0","9","1","1","N","0","0","39 57:13.400","","0","75 09:39.980","3","0","0","0","67301","1","0","0","N","0","0","0","3","67301","0","","6.0","","1","N","N","N","0","","1","0","0","0","0","","917","2","1","0","0","0","0","0","2","0","1","1","0","0","3","03","","N","","","","","","","","","",""
"2022086459","2245","0","0","0","0","0","0","0","0","0","8","0","","67","9","2022","7","40.015309","-75.147203","2235","6","0","0","0","0","0","0","0","0","","0","0","0","20","3","1","","2","0","40 00:55.112","","0","75 08:49.930","3","0","0","0","67301","1","0","0","N","1","0","0","2","67301","0","","1.0","","1","N","N","N","0","","1","0","1","0","0","","2035","2","1","0","0","0","0","1","2","0","1","1","0","0","3","","","N","","","","","","","","","",""
"2022086619","1040","0","0","0","0","0","0","0","0","0","4","0","","67","9","2022","2","40.126944","-75.021028","1040","6","0","0","0","0","0","1","0","0","","0","0","0","9","1","2","N","0","0","40 07:37.000","","7","75 01:15.700","3","0","0","0","67301","0","0","0","N","0","0","0","3","67301","0","","1.0","","1","N","N","N","0","","2","0","2","0","0","","935","2","2","0","0","0","0","1","2","0","2","0","0","0","3","03","","N","","","","","","","","","",""
"2022098810","2050","1","0","0","0","0","0","0","0","0","8","0","","67","9","2022","6","39.956109","-75.206122","2046","6","0","0","0","0","0","0","0","0","","0","0","0","20","3","1","","1","0","39 57:21.992","","0","75 12:22.039","3","0","0","0","67301","1","0","0","N","0","0","0","2","67504","0","","1.0","","1","N","N","N","0","","1","0","0","3","2","","2040","2","1","0","0","0","0","0","2","0","1","1","0","0","3","03","","N","","","","","","","","","",""
"2022085875","0101","0","0","0","0","0","0","0","0","0","7","0","","67","9","2022","1","40.020342","-75.200633","0050","6","0","0","0","1","0","0","0","0","","0","0","0","0","3","1","N","0","0","40 01:13.230","","0","75 12:02.280","3","0","0","0","67301","0","0","0","N","0","0","0","1","67301","0","","4.0","","1","N","N","N","1","","1","0","0","0","0","","40","1","1","0","0","0","0","0","2","0","1","0","0","0","3","03","","N","","","","","","","","","",""
"2022086028","1035","0","0","0","0","0","0","0","0","0","4","0","","67","9","2022","2","40.033656","-75.063639","1032","6","0","0","0","0","0","0","0","0","","0","0","0","9","1","1","","5","0","40 02:01.162","","0","75 03:49.102","4","0","0","0","67301","0","0","0","N","0","0","0","2","67301","1","","1.0","","1","N","N","N","0","","0","0","2","3","2","","959","2","1","0","0","0","0","1","2","0","2","0","0","0","3","","","N","","","","","","","","","",""
"2022110545","1139","1","0","0","0","0","0","0","0","0","2","0","","67","11","2022","7","39.90725","-75.187611","1136","6","0","0","0","0","0","0","0","0","","1","0","0","11","1","0","","3","0","39 54:26.100","","0","75 11:15.400","1","1","0","1","67301","0","0","0","N","0","0","0","2","67301","0","2","1.0","","1","N","N","Y","0","0","0","0","0","3","3","","1130","2","0","0","0","0","0","0","2","0","2","0","0","0","3","03","","N","","","","","","","","","",""
"2022112231","2335","2","0","0","0","0","0","0","0","0","4","0","","67","11","2022","2","39.922128","-75.234883","2335","6","0","0","0","0","0","0","0","0","","0","0","0","22","3","0","N","0","0","39 55:19.660","","3","75 14:05.580","9","0","0","0","67301","0","0","0","N","0","0","0","1","67301","0","","6.0","","1","N","N","N","0","","0","0","0","0","0","","2245","3","0","0","0","0","0","1","2","0","3","0","0","0","3","03","","N","","","","","","","","","",""
"2022087215","1658","0","0","0","0","0","0","0","0","0","8","0","","67","9","2022","2","39.985101","-75.171538","1658","6","0","0","0","0","0","1","0","0","","0","0","0","16","1","1","","1","0","39 59:06.363","","0","75 10:17.536","3","0","0","0","67301","1","0","0","N","1","0","0","2","67301","0","","1.0","","9","N","N","N","0","","1","0","0","3","3","","1648","2","1","0","0","0","0","0","2","1","1","1","0","0","7","07","","N","","","","","","","","","",""
"2022088059","1328","2","0","0","0","0","0","0","0","0","4","0","","67","9","2022","5","39.979608","-75.165032","1326","6","0","0","0","0","0","1","0","0","","0","0","0","13","1","2","","1","0","39 58:46.587","","0","75 09:54.116","8","0","0","0","67301","0","0","0","N","0","0","0","3","67301","0","","1.0","","9","N","Y","N","0","","0","0","0","3","2","","1319","2","2","0","0","0","2","0","2","0","2","0","0","0","4","04","","N","","","","","","","","","",""
"2022088683","1549","1","0","0","0","0","0","0","0","0","8","0","","67","9","2022","2","39.951249","-75.199138","1525","6","0","0","0","0","0","0","0","0","","0","0","0","15","1","1","","1","0","39 57:04.496","","0","75 11:56.898","3","0","0","0","67301","1","0","0","N","1","0","0","2","67504","0","","1.0","","1","N","N","N","0","","1","0","0","3","2","","1520","2","1","0","0","0","0","1","2","0","1","1","0","0","3","03","","N","","","","","","","","","",""
"2022108691","1748","0","0","0","0","0","0","0","0","0","8","0","","67","10","2022","1","39.909716","-75.149012","1748","6","0","0","0","0","0","1","0","0","","0","0","0","17","4","1","N","0","1","39 54:34.978","1","0","75 08:56.443","8","0","0","0","67301","1","0","0","N","1","0","0","2","68K01","0","","1.0","1810.0","1","N","N","N","0","","0","0","1","0","0","Y","1746","2","1","0","0","0","1","0","2","0","1","1","0","0","3","","","N","","","","","","","","","",""
"2022080569","","2","0","0","0","0","0","0","0","0","4","0","","67","7","2022","2","39.939634","-75.198161","","6","0","0","0","0","0","1","0","0","","0","0","0","18","1","1","","1","0","39 56:22.681","","0","75 11:53.378","8","0","0","0","67301","0","0","0","N","0","0","0","2","00000","0","","1.0","","1","","","N","0","","0","0","0","3","2","","1800","2","1","0","0","0","1","0","2","0","2","0","0","0","3","","","N","","","","","","","","","",""
"2022098651","1908","1","0","0","0","0","0","0","0","0","1","0","","67","10","2022","2","39.921916","-75.147928","1900","6","0","0","0","0","0","0","0","0","","0","0","0","18","3","0","N","0","0","39 55:18.897","","0","75 08:52.542","9","0","0","0","67301","0","0","0","N","0","0","0","2","68K01","0","","1.0","","9","N","N","N","0","","0","0","1","0","0","","1850","2","0","0","0","0","0","1","2","0","2","0","0","0","7","07","","N","","","","","","","","","",""
"2022099586","1330","2","0","0","0","0","0","0","0","0","5","0","","67","10","2022","2","40.054726","-74.985351","1321","6","0","0","1","1","0","0","0","0","","0","0","0","13","1","1","N","0","1","40 03:17.015","2","0","74 59:07.265","3","0","0","0","67301","0","0","0","N","0","0","0","6","68K01","0","","1.0","1455.0","1","N","N","N","0","","1","0","0","0","0","N","1315","2","1","0","0","0","0","0","2","0","2","0","0","0","3","","","N","","","","","","","","","",""
"2022110730","","2","0","0","0","0","0","0","0","0","5","0","","67","9","2022","6","39.971135","-75.22577","","6","0","0","0","0","0","0","0","0","","0","0","0","17","1","1","N","0","0","39 58:16.087","","0","75 13:32.773","8","0","0","0","67301","0","0","0","N","0","0","0","2","00000","0","","1.0","","1","","","N","0","","0","0","0","0","0","","1700","2","1","0","0","0","1","0","2","0","2","0","0","0","3","","","N","","","","","","","","","",""