"CRN","ARRIVAL_TM","AUTOMOBILE_COUNT","BELTED_DEATH_COUNT","BELTED_SUSP_SERIOUS_INJ_COUNT","BICYCLE_COUNT","BICYCLE_DEATH_COUNT","BICYCLE_SUSP_SERIOUS_INJ_COUNT","BUS_COUNT","CHLDPAS_DEATH_COUNT","CHLDPAS_SUSP_SERIOUS_INJ_COUNT","COLLISION_TYPE","COMM_VEH_COUNT","CONS_ZONE_SPD_LIM","COUNTY","CRASH_MONTH","CRASH_YEAR","DAY_OF_WEEK","DEC_LATITUDE","DEC_LONGITUDE","DISPATCH_TM","DISTRICT","DRIVER_COUNT_16YR","DRIVER_COUNT_17YR","DRIVER_COUNT_18YR","DRIVER_COUNT_19YR","DRIVER_COUNT_20YR","DRIVER_COUNT_50_64YR","DRIVER_COUNT_65_74YR","DRIVER_COUNT_75PLUS","EST_HRS_CLOSED","FATAL_COUNT","HEAVY_TRUCK_COUNT","HORSE_BUGGY_COUNT","HOUR_OF_DAY","ILLUMINATION","INJURY_COUNT","INTERSECTION_RELATED","INTERSECT_TYPE","LANE_CLOSED","LATITUDE","LN_CLOSE_DIR","LOCATION_TYPE","LONGITUDE","MAX_SEVERITY_LEVEL","MCYCLE_DEATH_COUNT","MCYCLE_SUSP_SERIOUS_INJ_COUNT","MOTORCYCLE_COUNT","MUNICIPALITY","NONMOTR_COUNT","NONMOTR_DEATH_COUNT","NONMOTR_SUSP_SERIOUS_INJ_COUNT","NTFY_HIWY_MAINT","PED_COUNT","PED_DEATH_COUNT","PED_SUSP_SERIOUS_INJ_COUNT","PERSON_COUNT","POLICE_AGCY","POSSIBLE_INJ_COUNT","RDWY_SURF_TYPE_CD","RELATION_TO_ROAD","ROADWAY_CLEARED","ROAD_CONDITION","SCH_BUS_IND","SCH_ZONE_IND","SECONDARY_CRASH","SMALL_TRUCK_COUNT","SPEC_JURIS_CD","SUSP_MINOR_INJ_COUNT","SUSP_SERIOUS_INJ_COUNT","SUV_COUNT","TCD_FUNC_CD","TCD_TYPE","TFC_DETOUR_IND","TIME_OF_DAY","TOTAL_UNITS","TOT_INJ_COUNT","UNBELTED_OCC_COUNT","UNB_DEATH_COUNT","UNB_SUSP_SERIOUS_INJ_COUNT","UNK_INJ_DEG_COUNT","UNK_INJ_PER_COUNT","URBAN_RURAL","VAN_COUNT","VEHICLE_COUNT","VULNERABLE_ROAD_USER_COUNT","VULNERABLE_ROAD_USER_DEATH_COUNT","VULNERABLE_ROAD_USER_SER_INJ_COUNT","WEATHER1","WEATHER2","WORKERS_PRES","WORK_ZONE_IND","WORK_ZONE_LOC","WORK_ZONE_TYPE","WZ_CLOSE_DETOUR","WZ_FLAGGER","WZ_LAW_OFFCR_IND","WZ_LN_CLOSURE","WZ_MOVING","WZ_OTHER","WZ_SHLDER_MDN","WZ_WORKERS_INJ_KILLED"
"2022096696","","1","0","0","0","0","0","0","0","0","1","0","","67","9","2022","5","40.027527","-75.099106","","6","0","0","0","0","0","1","0","0","","0","0","0","15","1","1","","1","0","40 01:39.097","","0","75 05:56.781","8","0","0","0","67301","0","0","0","N","0","0","0","2","00000","0","","1.0","","1","","","N","0","","0","0","1","3","2","","1515","2","1","0","0","0","1","0","2","0","2","0","0","0","3","","","N","","","","","","","","","",""
"2022088121","0912","2","0","0","0","0","0","0","0","0","4","0","","67","9","2022","2","39.947943","-75.223301","0902","6","0","0","0","0","0","0","1","0","","0","0","0","8","1","1","","1","0","39 56:52.594","","0","75 13:23.885","8","0","0","0","67301","0","0","0","N","0","0","0","2","67301","0","","1.0","","1","N","N","N","0","","0","0","0","3","2","","850","2","1","0","0","0","1","0","2","0","2","0","0","0","3","03","","N","","","","","","","","","",""
"2022087564","2046","0","0","0","0","0","0","0","0","0","8","0","","67","9","2022","3","39.923501","-75.162886","2046","6","0","0","0","0","0","0","0","0","","0","0","0","20","3","1","","1","0","39 55:24.605","","0","75 09:46.390","4","0","0","0","67301","1","0","0","N","1","0","0","2","67301","1","","1.0","","1","N","N","Y","0","","0","0","0","3","2","","2040","2","1","0","0","0","0","0","2","1","1","1","0","0","3","","","N","","","","","","","","","",""
"2022087568","1707","0","0","0","1","0","0","0","0","0","8","0","","67","9","2022","7","39.934269","-75.150819","1707","6","0","0","0","0","0","0","0","0","","0","0","0","21","3","1","","1","0","39 56:03.368","","0","75 09:02.948","3","0","0","0","67301","1","0","0","N","0","0","0","2","67301","0","","1.0","","1","N","N","N","0","","1","0","0","3","2","","2130","2","1","0","0","0","0","1","2","0","1","1","0","0","3","","","N","","","","","","","","","",""
"2022086934","1725","1","0","0","0","0","0","0","0","0","1","0","","67","9","2022","3","39.941838","-75.142362","1719","6","0","0","0","0","0","0","0","0","","0","0","0","16","1","3","Y","0","0","39 56:30.616","","0","75 08:32.502","3","0","0","0","67301","0","0","0","N","0","0","0","5","67301","0","","1.0","","1","N","N","N","0","","3","0","0","3","2","","1630","2","3","0","0","0","0","0","2","1","2","0","0","0","3","03","","N","","","","","","","","","",""
"2022086974","0905","0","0","0","0","0","0","0","0","0","8","0","","67","9","2022","2","40.007758","-75.103144","0852","6","0","0","0","0","0","0","0","0","","0","0","0","8","1","1","N","0","0","40 00:27.930","","0","75 06:11.320","3","0","0","1","67301","1","0","0","N","1","0","0","2","67301","0","","1.0","","1","N","N","N","0","","1","0","0","0","0","","845","2","1","0","0","0","0","0","2","0","1","1","0","0","3","03","","N","","","","","","","","","",""
"2022086304","1234","1","0","0","0","0","0","0","0","0","4","0","","67","9","2022","7","39.976584","-75.113171","1234","6","1","0","0","0","0","0","0","0","","0","0","0","12","1","1","","2","0","39 58:35.702","","0","75 06:47.416","3","0","0","0","67301","0","0","0","N","0","0","0","2","67301","0","","1.0","","1","N","N","N","0","","1","0","1","3","2","","1234","2","1","2","0","0","0","0","2","0","2","0","0","0","3","03","","N","","","","","","","","","",""
"2022112895","1046","1","0","0","0","0","0","0","0","0","4","0","","67","11","2022","3","40.031759","-75.178909","1043","6","0","0","0","0","0","0","1","0","","0","0","0","10","1","3","","1","0","40 01:54.331","","0","75 10:44.072","4","0","0","0","67301","0","0","0","N","0","0","0","4","67301","3","","1.0","","1","N","N","N","0","","0","0","1","3","2","","1035","2","3","0","0","0","0","0","2","0","2","0","0","0","3","03","","N","","","","","","","","","",""
"2022110242","2230","1","0","0","0","0","0","0","0","0","4","0","","67","11","2022","6","40.106299","-75.030476","2155","6","0","0","0","0","0","0","0","0","","1","0","0","21","3","0","N","0","0","40 06:22.678","","7","75 01:49.714","1","0","0","0","67301","0","0","0","N","0","0","0","2","67301","0","2","1.0","","9","N","N","N","0","0","0","0","0","0","0","","2149","2","0","0","0","0","0","0","2","1","2","0","0","0","7","07","","N","","","","","","","","","",""
"2022112626","0524","1","0","0","0","0","0","0","0","0","1","1","","67","11","2022","7","39.940376","-75.143585","0524","6","0","0","0","0","0","2","0","0","","0","1","0","5","3","0","N","0","2","39 56:25.353","3","0","75 08:36.905","0","0","0","0","67301","0","0","0","N","0","0","0","2","68K01","0","","1.0","635.0","1","N","N","Y","0","","0","0","0","0","0","Y","514","2","0","0","0","0","0","0","2","0","2","0","0","0","3","03","","N","","","","","","","","","",""
"2022113716","1241","2","0","0","0","0","0","0","0","0","5","0","","67","11","2022","6","40.032446","-75.02085","1232","6","0","0","0","0","0","0","1","0","","0","0","0","12","1","2","N","0","1","40 01:56.805","1","0","75 01:15.061","8","0","0","0","67301","0","0","0","N","0","0","0","6","68K01","0","","1.0","140.0","1","N","N","N","0","","0","0","0","0","0","N","1227","2","2","0","0","0","2","0","2","0","2","0","0","0","3","","","N","","","","","","","","","",""
"2022110246","1628","2","0","0","0","0","0","0","0","0","4","0","","67","11","2022","1","40.001366","-75.114471","1628","6","0","0","0","0","0","1","0","0","","1","0","0","16","1","0","","1","0","40 00:04.917","","0","75 06:52.095","1","0","0","0","67301","0","0","0","N","0","0","0","3","67301","0","2","1.0","","1","N","N","N","0","0","0","0","0","3","2","","1628","2","0","0","0","0","0","0","2","0","2","0","0","0","3","03","","N","","","","","","","","","",""
"2022086449","1655","1","0","0","0","0","0","0","0","0","4","0","","67","9","2022","2","40.043323","-75.172894","1650","6","0","0","0","0","0","0","0","0","","0","0","0","16","1","1","","1","0","40 02:35.962","","0","75 10:22.418","3","0","0","0","67301","0","0","0","N","0","0","0","2","67301","0","","1.0","","9","N","N","N","0","","1","0","1","0","0","","1645","2","1","0","0","0","0","0","2","0","2","0","0","0","3","03","","N","","","","","","","","","",""
"2022110567","1441","0","0","0","0","0","0","0","0","0","8","0","","67","9","2022","1","39.992148","-75.140292","1441","6","0","0","0","0","0","0","0","0","","0","0","0","14","1","1","N","0","0","39 59:31.732","","0","75 08:25.050","2","0","0","0","67301","1","0","1","N","1","0","1","2","67301","0","","1.0","","99","N","N","N","0","","0","1","0","0","0","","1441","2","1","0","0","0","0","0","2","0","1","1","0","1","99","","","N","","","","","","","","","",""
"2022097022","2323","1","0","0","0","0","0","0","0","0","1","0","","67","9","2022","6","39.980408","-75.236047","2320","6","0","0","0","0","0","1","0","0","","0","0","0","21","3","0","Y","0","0","39 58:49.470","","0","75 14:09.770","0","0","0","0","67301","0","0","0","N","0","0","0","2","67301","0","","1.0","","1","N","N","N","0","","0","0","1","3","2","","2130","2","0","0","0","0","0","0","2","0","2","0","0","0","3","03","","N","","","","","","","","","",""
"2022087229","2240","1","0","0","0","0","0","0","0","0","4","0","","67","9","2022","3","39.968418","-75.203241","2238","6","0","0","0","0","0","0","0","0","","0","0","0","22","3","1","","1","1","39 58:06.304","5","0","75 12:11.667","2","0","0","0","67301","0","0","0","N","0","0","0","4","67301","0","","1.0","2310.0","1","N","N","N","0","","0","1","1","3","2","Y","2228","2","1","2","0","1","0","0","2","0","2","0","0","0","3","03","","N","","","","","","","","","",""
"2022113179","1541","0","0","0","0","0","0","0","0","0","8","0","","67","11","2022","3","40.055325","-75.07335","1540","6","0","0","0","0","0","0","0","0","","0","0","0","15","1","1","","1","0","40 03:19.170","","0","75 04:24.060","2","0","0","0","67301","1","0","1","N","1","0","1","2","67301","0","","1.0","","1","N","N","N","0","","0","1","1","3","2","","1535","2","1","0","0","0","0","0","2","0","1","1","0","1","3","","","N","","","","","","","","","",""
"2022086434","0118","2","0","0","0","0","0","0","0","0","1","0","","67","9","2022","2","39.960556","-75.187833","0114","6","0","0","0","0","0","0","0","0","","0","0","0","1","3","0","N","0","0","39 57:38.000","","0","75 11:16.200","0","0","0","0","67301","0","0","0","N","0","0","0","1","67301","0","","6.0","","1","N","N","Y","0","","0","0","0","0","0","","114","2","0","0","0","0","0","0","2","0","2","0","0","0","3","","","N","","","","","","","","","",""
"2022113608","2320","0","0","0","0","0","0","0","0","0","4","0","","67","11","2022","6","40.029278","-75.062714","2320","6","0","0","0","0","0","1","0","0","","0","0","0","21","3","1","N","0","0","40 01:45.401","","0","75 03:45.770","8","0","0","0","67301","0","0","0","N","0","0","0","4","67301","0","","1.0","","99","N","N","N","0","","0","0","2","0","0","","2100","2","1","0","0","0","1","2","2","0","2","0","0","0","3","","","N","","","","","","","","","",""
"2022108073","1928","0","0","0","0","0","0","0","0","0","5","0","","67","9","2022","7","40.010583","-75.100889","1924","6","0","0","0","0","0","0","0","0","","0","0","0","19","4","1","N","0","1","40 00:38.100","4","0","75 06:03.200","8","0","0","1","67301","0","0","0","N","0","0","0","2","67301","0","","1.0","2020.0","1","N","N","N","0","","0","0","1","0","0","N","1909","2","1","1","0","0","1","0","2","0","2","0","0","0","3","03","","N","","","","","","","","","",""
"2022085874","2330","2","0","0","0","0","0","0","0","0","4","0","","67","9","2022","7","40.025747","-75.172514","2311","6","0","0","0","0","0","1","0","0","","0","0","0","23","3","0","","1","0","40 01:32.689","","0","75 10:21.050","9","0","0","0","67301","0","0","0","N","0","0","0","1","67301","0","","1.0","","1","N","N","N","0","","0","0","0","3","3","","2305","2","0","0","0","0","0","1","2","0","2","0","0","0","3","03","","N","","","","","","","","","",""
"2022113730","1725","1","0","0","0","0","0","0","0","0","1","0","","67","11","2022","2","39.962521","-75.183328","1716","6","0","0","0","0","0","0","0","0","","0","0","0","17","3","0","N","0","1","39 57:45.077","3","0","75 10:59.981","0","0","0","0","67301","0","0","0","N","0","0","0","4","68K01","0","","1.0","1816.0","1","N","N","N","0","","0","0","1","0","0","N","1712","2","0","0","0","0","0","0","2","0","2","0","0","0","3","","","N","","","","","","","","","",""
"2022085778","1115","2","0","0","0","0","0","0","0","0","4","0","","67","9","2022","1","40.022118","-75.063249","1111","6","0","0","0","0","1","0","0","0","","0","0","0","11","8","1","","1","0","40 01:19.624","","0","75 03:47.697","3","0","0","0","67301","0","0","0","N","0","0","0","2","67301","0","","1.0","","1","N","N","N","0","","1","0","0","3","2","","1109","2","1","0","0","0","0","0","2","0","2","0","0","0","3","03","","N","","","","","","","","","",""
"2022081995","","2","0","0","0","0","0","0","0","0","5","0","","67","5","2022","6","39.972867","-75.218161","","6","0","0","0","0","0","0","0","0","","0","0","0","15","1","1","N","0","0","39 58:22.322","","0","75 13:05.381","8","0","0","0","67301","0","0","0","N","0","0","0","2","00000","0","","1.0","","1","","","N","0","","0","0","0","0","0","","1530","2","1","0","0","0","1","0","2","0","2","0","0","0","3","","","N","","","","","","","","","",""
"2022112213","1436","0","0","0","0","0","0","0","0","0","8","0","","67","11","2022","4","40.104424","-75.034394","1424","6","0","0","0","0","0","1","0","0","","0","0","0","14","1","2","","2","0","40 06:15.928","","0","75 02:03.818","3","0","0","1","67301","1","0","0","N","1","0","0","2","67301","1","","1.0","","1","N","N","N","0","","1","0","0","0","0","","1420","2","2","0","0","0","0","0","2","0","1","1","0","0","3","","","N","","","","","","","","","",""
"2022085805","1507","1","0","0","0","0","0","0","0","0","4","0","25","67","9","2022","1","39.95872","-75.162257","1501","6","0","0","0","0","0","1","0","0","","0","0","0","14","1","1","","1","0","39 57:31.392","","0","75 09:44.125","8","0","0","0","67301","0","0","0","N","0","0","0","3","67301","0","","1.0","","1","N","N","N","0","","0","0","1","0","0","","1427","2","1","0","0","0","1","0","2","0","2","0","0","0","3","","N","Y","4","1","N","N","N","Y","N","N","N","N"
"2022099890","1730","0","0","0","0","0","0","0","0","0","8","0","","67","10","2022","3","40.017041","-75.150419","1712","6","0","0","0","0","0","0","0","0","","0","0","0","16","1","1","","1","0","40 01:01.347","","0","75 09:01.508","3","0","0","0","67301","1","0","0","N","1","0","0","1","67301","0","","1.0","","9","N","N","N","0","","1","0","0","3","2","","1603","2","1","0","0","0","0","0","2","0","1","1","0","0","7","07","","N","","","","","","","","","",""
"2022106149","1550","1","0","0","0","0","0","0","0","0","8","0","","67","9","2022","7","39.958475","-75.225184","1549","6","0","0","0","0","0","0","0","0","","0","0","0","15","1","1","","1","2","39 57:30.510","7","0","75 13:30.663","2","0","0","0","67301","1","0","1","N","1","0","1","3","67301","0","","1.0","1655.0","1","N","N","N","0","","0","1","0","3","2","Y","1546","2","1","0","0","0","0","0","2","0","1","1","0","1","3","03","","N","","","","","","","","","",""
"2022086740","0042","1","0","0","0","0","0","0","0","0","4","0","","67","9","2022","2","39.936764","-75.229713","0037","6","0","0","0","0","0","0","0","0","","0","0","0","0","3","2","","1","0","39 56:12.350","","0","75 13:46.966","3","0","0","0","67301","0","0","0","N","0","0","0","2","67301","0","","1.0","","1","N","N","N","0","","2","0","1","3","2","","30","2","2","0","0","0","0","0","2","0","2","0","0","0","3","03","","N","","","","","","","","","",""
"2022110923","0123","1","0","0","0","0","0","0","0","0","4","0","","67","11","2022","4","40.035665","-75.036104","0118","6","0","0","0","0","0","0","0","0","","0","0","0","1","3","0","","1","0","40 02:08.395","","0","75 02:09.974","0","0","0","0","67301","0","0","0","N","0","0","0","2","67301","0","","1.0","","9","N","N","N","0","","0","0","0","3","3","","116","2","0","0","0","0","0","0","2","1","2","0","0","0","7","07","","N","","","","","","","","","",""
"2022084737","1438","0","0","0","0","0","0","0","0","0","8","0","","67","9","2022","4","40.009563","-75.153638","1438","6","0","0","0","0","0","0","0","0","","0","0","0","14","1","1","","1","2","40 00:34.427","1","0","75 09:13.095","3","0","0","0","67301","1","0","0","N","0","0","0","2","67301","0","","1.0","1530.0","1","N","N","N","0","","1","0","0","3","3","Y","1403","2","1","0","0","0","0","0","2","1","1","1","0","0","3","03","","N","","","","","","","","","",""
"2022103285","0927","1","0","0","0","0","0","0","0","0","4","0","","67","11","2022","7","39.935791","-75.156253","0926","6","0","0","1","0","0","0","0","0","","0","0","0","9","1","1","","1","0","39 56:08.847","","0","75 09:22.510","3","0","0","0","67301","0","0","0","N","0","0","0","6","67301","0","","1.0","","1","N","N","N","0","","1","0","1","3","2","","926","2","1","0","0","0","0","0","2","0","2","0","0","0","3","03","","N","","","","","","","","","",""
"2022112903","1352","1","0","0","0","0","0","0","0","0","2","0","","67","11","2022","6","39.939665","-75.181491","1350","6","0","0","0","0","0","0","0","0","","0","0","0","13","1","1","","1","0","39 56:22.794","","0","75 10:53.366","3","0","0","0","67301","0","0","0","N","0","0","0","4","67301","0","","1.0","","9","N","N","N","1","","1","0","0","3","2","","1348","2","1","2","0","0","0","0","2","0","2","0","0","0","7","07","","N","","","","","","","","","",""
"2022112928","0356","1","0","0","0","0","0","0","0","0","5","0","","67","11","2022","7","40.031519","-75.154406","0351","6","0","0","0","0","0","0","0","0","","0","0","0","3","3","1","N","0","1","40 01:53.470","3","0","75 09:15.860","3","0","0","0","67301","0","0","0","N","0","0","0","1","67301","0","","1.0","453.0","1","N","N","N","0","","1","0","1","0","0","N","339","2","1","0","0","0","0","0","2","0","2","0","0","0","3","03","","N","","","","","","","","","",""
"2022113614","0622","0","0","0","0","0","0","0","0","0","1","0","","67","11","2022","1","40.030779","-75.086894","0600","6","0","0","0","0","0","0","0","0","","0","0","0","5","3","0","N","0","0","40 01:50.803","","0","75 05:12.817","9","0","0","0","67301","0","0","0","N","0","0","0","2","67301","0","","1.0","","1","N","N","N","0","","0","0","2","3","3","","548","2","0","0","0","0","0","1","2","0","2","0","0","0","4","","","N","","","","","","","","","",""
"2022113719","1849","1","0","0","0","0","0","0","0","0","1","0","","67","11","2022","4","39.926952","-75.195129","1807","6","0","0","0","0","0","0","2","0","","0","0","0","18","3","0","N","0","0","39 55:37.026","","0","75 11:42.464","0","0","0","0","67301","0","0","0","N","0","0","0","2","68K01","0","","1.0","","1","N","N","N","0","","0","0","1","0","0","","1806","2","0","2","0","0","0","0","2","0","2","0","0","0","3","","","N","","","","","","","","","",""
"2022098376","1325","2","0","0","0","0","0","0","0","0","4","0","","67","8","2022","4","39.927694","-75.230028","1320","6","0","0","0","0","0","0","0","0","","0","0","0","13","1","3","N","0","0","39 55:39.700","","7","75 13:48.100","3","0","0","0","67301","0","0","0","N","0","0","0","4","67301","0","","1.0","","1","N","N","N","0","","3","0","0","0","0","","1315","2","3","0","0","0","0","0","2","0","2","0","0","0","3","","","N","","","","","","","","","",""
"2022107716","0946","1","0","0","0","0","0","0","0","0","5","0","","67","11","2022","3","39.924731","-75.243908","0943","6","0","0","0","0","0","0","0","0","","0","0","0","9","1","0","N","0","0","39 55:29.030","","0","75 14:38.070","0","0","0","0","67301","0","0","0","N","0","0","0","0","67301","0","","6.0","","1","N","N","N","1","","0","0","0","0","0","","940","2","0","0","0","0","0","0","2","0","2","0","0","0","3","03","","N","","","","","","","","","",""
"2022107528","0543","0","0","0","0","0","0","0","0","0","8","0","","67","11","2022","3","40.050065","-75.15048","0538","6","0","0","0","0","0","0","0","0","","1","0","0","5","3","0","","1","2","40 03:00.234","7","0","75 09:01.727","1","0","0","0","67301","1","1","0","N","0","0","0","2","67301","0","2","1.0","736.0","1","N","N","N","0","0","0","0","1","3","2","Y","515","2","0","1","0","0","0","0","2","0","1","1","1","0","3","03","","N","","","","","","","","","",""
"2022077365","","0","0","0","0","0","0","0","0","0","1","0","","67","6","2022","2","","","","6","0","0","0","0","0","0","0","0","","0","0","0","16","1","1","N","0","0","","","0","","8","0","0","0","67301","0","0","0","N","0","0","0","6","00000","0","","1.0","","1","","","N","0","","0","0","1","0","0","","1630","3","1","0","0","0","1","0","1","1","3","0","0","0","3","","","N","","","","","","","","","",""
"2022087938","2308","0","0","0","0","0","0","0","0","0","8","0","","67","9","2022","2","39.962401","-75.215623","2308","6","0","0","0","0","0","0","0","0","","0","0","0","23","3","2","","2","0","39 57:44.645","","0","75 12:56.243","3","0","0","0","67301","1","0","0","N","1","0","0","2","67301","0","","4.0","","1","N","N","N","0","","1","0","0","0","0","","2305","2","2","0","0","0","1","0","2","1","1","1","0","0","3","03","","N","","","","","","","","","",""
"2022107023","1805","0","0","0","0","0","0","0","0","0","4","1","","67","11","2022","1","39.905417","-75.173545","1805","6","0","0","0","0","0","0","0","0","","0","1","0","18","3","0","","5","1","39 54:19.500","3","0","75 10:24.761","0","0","0","0","67301","0","0","0","N","0","0","0","2","67301","0","","1.0","1817.0","1","N","N","N","0","","0","0","0","3","2","Y","1805","2","0","0","0","0","0","0","2","1","2","0","0","0","3","03","","N","","","","","","","","","",""
"2022099304","0705","1","0","0","0","0","0","0","0","0","5","0","","67","10","2022","4","39.956236","-75.194153","0700","6","0","0","0","0","0","0","1","0","","0","0","0","7","5","0","","1","0","39 57:22.450","","0","75 11:38.949","0","0","0","0","67301","0","0","0","N","0","0","0","2","67507","0","","1.0","","1","N","N","N","0","","0","0","1","3","2","","700","2","0","0","0","0","0","0","2","0","2","0","0","0","3","","","N","","","","","","","","","",""
"2022108344","1759","1","0","0","0","0","0","0","0","0","1","0","","67","9","2022","2","40.044704","-75.163574","1759","6","0","0","0","0","0","0","0","0","","0","0","0","17","4","0","N","0","0","40 02:40.935","","0","75 09:48.865","0","0","0","0","67301","0","0","0","N","0","0","0","1","67301","0","","6.0","","1","N","N","Y","0","","0","0","1","0","0","","1750","2","0","0","0","0","0","0","2","0","2","0","0","0","4","","","N","","","","","","","","","",""
"2022112270","0737","0","0","0","0","0","0","0","0","0","4","1","","67","11","2022","6","40.005931","-75.113497","0717","6","0","0","0","0","0","1","0","0","","0","1","0","6","5","0","","1","0","40 00:21.351","","0","75 06:48.588","0","0","0","0","67301","0","0","0","N","0","0","0","2","67301","0","","1.0","","9","N","N","N","0","","0","0","1","3","2","","615","2","0","0","0","0","0","0","2","0","2","0","0","0","7","04","","N","","","","","","","","","",""
"2022091831","","1","0","0","0","0","0","0","0","0","1","0","","67","8","2022","2","39.923389","-75.244694","","6","0","0","0","0","0","0","0","0","","0","0","0","14","1","1","N","0","0","39 55:24.200","","0","75 14:40.900","8","0","0","0","67301","0","0","0","N","0","0","0","2","00000","0","","1.0","","1","","","N","0","","0","0","1","0","0","","1445","2","1","0","0","0","1","0","2","0","2","0","0","0","3","","","N","","","","","","","","","",""
"2022108015","0233","1","0","0","0","0","0","0","0","0","1","0","","67","11","2022","1","39.959983","-75.17868","0233","6","0","0","1","0","0","0","0","0","","0","0","0","2","3","1","N","0","0","39 57:35.937","","0","75 10:43.249","3","0","0","0","67301","0","0","0","N","0","0","0","9","68K01","0","","1.0","","9","N","N","N","0","","1","0","2","0","0","","233","3","1","0","0","0","0","0","2","0","3","0","0","0","7","","","N","","","","","","","","","",""
"2022084236","0319","1","0","0","0","0","0","0","0","0","7","0","","67","9","2022","3","40.027166","-75.02577","0227","6","0","0","0","0","0","0","0","0","","0","0","0","2","3","0","N","0","0","40 01:37.796","","0","75 01:32.771","0","0","0","0","67301","0","0","0","N","0","0","0","2","68K01","0","","3.0","","9","N","N","N","1","","0","0","0","0","0","","227","2","0","0","0","0","0","0","2","0","2","0","0","0","7","07","","N","","","","","","","","","",""
"2022110991","1245","1","0","0","0","0","0","1","0","0","4","1","","67","11","2022","4","39.986776","-75.147419","1245","6","0","0","0","0","0","0","0","0","","0","0","0","12","1","1","","1","0","39 59:12.392","","0","75 08:50.707","4","0","0","0","67301","0","0","0","N","0","0","0","3","67508","1","","1.0","","1","N","N","N","0","","0","0","0","3","2","","1230","2","1","0","0","0","0","0","2","0","2","0","0","0","3","03","","N","","","","","","","","","",""
"2022086025","1416","1","0","0","0","0","0","0","0","0","5","0","","67","9","2022","2","39.955377","-75.187885","1415","6","0","0","0","0","0","1","0","0","","0","0","0","14","1","0","N","0","1","39 57:19.356","3","0","75 11:16.385","0","0","0","0","67301","0","0","0","N","0","0","0","3","67507","0","","1.0","1500.0","1","N","N","N","0","","0","0","2","0","0","N","1400","3","0","0","0","0","0","0","2","0","3","0","0","0","3","03","","N","","","","","","","","","",""
"2022108594","0712","1","0","0","0","0","0","1","0","0","4","1","","67","11","2022","4","40.033861","-75.047111","0705","6","0","0","0","0","0","0","0","0","","0","0","0","7","1","4","N","0","0","40 02:01.900","","7","75 02:49.600","3","0","0","0","67301","0","0","0","N","0","0","0","6","67301","0","","1.0","","9","Y","N","N","0","","4","0","0","0","0","","704","2","4","0","0","0","0","0","2","0","2","0","0","0","7","","","N","","","","","","","","","",""
"2022084456","0818","0","0","0","0","0","0","0","0","0","8","0","","67","9","2022","3","39.93973","-75.225514","0814","6","0","0","0","0","0","0","0","0","","0","0","0","8","1","1","","1","1","39 56:23.027","3","0","75 13:31.850","3","0","0","0","67301","1","0","0","N","1","0","0","2","67301","0","","1.0","30.0","1","N","N","N","0","","1","0","1","3","2","Y","812","2","1","0","0","0","0","0","2","0","1","1","0","0","3","03","","N","","","","","","","","","",""
"2022108316","1748","1","0","0","0","0","0","1","0","0","4","1","","67","11","2022","6","39.914008","-75.149937","1731","6","0","0","0","0","0","0","1","0","","0","0","0","17","3","1","","1","0","39 54:50.430","","0","75 08:59.773","8","0","0","0","67301","0","0","0","N","0","0","0","3","67508","0","","1.0","","9","N","N","N","0","","0","0","0","3","2","","1735","2","1","1","0","0","1","2","2","0","2","0","0","0","7","07","","N","","","","","","","","","",""
"2022122924","0840","1","0","0","0","0","0","0","0","0","1","0","","67","12","2022","7","39.977768","-75.21345","0831","6","0","0","0","0","0","1","0","0","","0","0","0","8","1","0","","1","0","39 58:39.965","","0","75 12:48.419","0","0","0","0","67301","0","0","0","N","0","0","0","2","67301","0","","1.0","","1","N","N","N","0","","0","0","1","3","2","","825","2","0","0","0","0","0","0","2","0","2","0","0","0","3","03","","N","","","","","","","","","",""
"2022096571","0554","1","0","0","0","0","0","0","0","0","4","0","","67","10","2022","3","39.955608","-75.189481","0554","6","0","0","0","0","0","1","0","0","","0","0","0","5","3","1","","1","1","39 57:20.190","3","0","75 11:22.130","8","0","0","0","67301","0","0","0","N","0","0","0","3","67507","0","","1.0","625.0","1","N","N","N","0","","0","0","1","3","2","N","553","2","1","0","0","0","1","0","2","0","2","0","0","0","3","03","","N","","","","","","","","","",""
"2022083583","1100","2","0","0","0","0","0","0","0","0","4","0","","67","9","2022","1","40.043072","-75.096031","1053","6","0","0","0","0","0","1","0","0","","0","0","0","10","1","1","N","0","0","40 02:35.060","","0","75 05:45.710","3","0","0","0","67301","0","0","0","N","0","0","0","2","67301","0","","1.0","","9","N","N","N","0","","1","0","0","0","0","","1050","2","1","0","0","0","0","0","2","0","2","0","0","0","7","","","N","","","","","","","","","",""
"2022099177","1539","0","0","0","0","0","0","0","0","0","8","0","","67","9","2022","4","40.039172","-75.034374","1536","6","0","0","0","0","0","0","0","0","","1","0","0","14","1","0","","2","2","40 02:21.020","1","0","75 02:03.748","1","0","0","0","67301","1","1","0","N","1","1","0","2","67301","0","2","1.0","1800.0","1","N","N","N","0","0","0","0","1","3","3","Y","1437","2","0","0","0","0","0","0","2","0","1","1","1","0","3","03","","N","","","","","","","","","",""