"CRN","ARRIVAL_TM","AUTOMOBILE_COUNT","BELTED_DEATH_COUNT","BELTED_SUSP_SERIOUS_INJ_COUNT","BICYCLE_COUNT","BICYCLE_DEATH_COUNT","BICYCLE_SUSP_SERIOUS_INJ_COUNT","BUS_COUNT","CHLDPAS_DEATH_COUNT","CHLDPAS_SUSP_SERIOUS_INJ_COUNT","COLLISION_TYPE","COMM_VEH_COUNT","CONS_ZONE_SPD_LIM","COUNTY","CRASH_MONTH","CRASH_YEAR","DAY_OF_WEEK","DEC_LATITUDE","DEC_LONGITUDE","DISPATCH_TM","DISTRICT","DRIVER_COUNT_16YR","DRIVER_COUNT_17YR","DRIVER_COUNT_18YR","DRIVER_COUNT_19YR","DRIVER_COUNT_20YR","DRIVER_COUNT_50_64YR","DRIVER_COUNT_65_74YR","DRIVER_COUNT_75PLUS","EST_HRS_CLOSED","FATAL_COUNT","HEAVY_TRUCK_COUNT","HORSE_BUGGY_COUNT","HOUR_OF_DAY","ILLUMINATION","INJURY_COUNT","INTERSECTION_RELATED","INTERSECT_TYPE","LANE_CLOSED","LATITUDE","LN_CLOSE_DIR","LOCATION_TYPE","LONGITUDE","MAX_SEVERITY_LEVEL","MCYCLE_DEATH_COUNT","MCYCLE_SUSP_SERIOUS_INJ_COUNT","MOTORCYCLE_COUNT","MUNICIPALITY","NONMOTR_COUNT","NONMOTR_DEATH_COUNT","NONMOTR_SUSP_SERIOUS_INJ_COUNT","NTFY_HIWY_MAINT","PED_COUNT","PED_DEATH_COUNT","PED_SUSP_SERIOUS_INJ_COUNT","PERSON_COUNT","POLICE_AGCY","POSSIBLE_INJ_COUNT","RDWY_SURF_TYPE_CD","RELATION_TO_ROAD","ROADWAY_CLEARED","ROAD_CONDITION","SCH_BUS_IND","SCH_ZONE_IND","SECONDARY_CRASH","SMALL_TRUCK_COUNT","SPEC_JURIS_CD","SUSP_MINOR_INJ_COUNT","SUSP_SERIOUS_INJ_COUNT","SUV_COUNT","TCD_FUNC_CD","TCD_TYPE","TFC_DETOUR_IND","TIME_OF_DAY","TOTAL_UNITS","TOT_INJ_COUNT","UNBELTED_OCC_COUNT","UNB_DEATH_COUNT","UNB_SUSP_SERIOUS_INJ_COUNT","UNK_INJ_DEG_COUNT","UNK_INJ_PER_COUNT","URBAN_RURAL","VAN_COUNT","VEHICLE_COUNT","VULNERABLE_ROAD_USER_COUNT","VULNERABLE_ROAD_USER_DEATH_COUNT","VULNERABLE_ROAD_USER_SER_INJ_COUNT","WEATHER1","WEATHER2","WORKERS_PRES","WORK_ZONE_IND","WORK_ZONE_LOC","WORK_ZONE_TYPE","WZ_CLOSE_DETOUR","WZ_FLAGGER","WZ_LAW_OFFCR_IND","WZ_LN_CLOSURE","WZ_MOVING","WZ_OTHER","WZ_SHLDER_MDN","WZ_WORKERS_INJ_KILLED"
"2022098725","1228","0","0","0","1","0","0","0","0","0","8","0","","67","10","2022","1","40.027094","-75.227625","1223","6","0","0","0","0","0","0","0","0","","0","0","0","12","1","1","N","0","0","40 01:37.540","","0","75 13:39.450","8","0","0","0","67301","1","0","0","N","0","0","0","2","67301","0","","1.0","","1","N","N","N","0","","0","0","0","0","0","","1216","2","1","0","0","0","1","1","2","0","1","1","0","0","3","03","","N","","","","","","","","","",""
"2022075102","","1","0","0","0","0","0","0","0","0","1","0","","67","7","2022","3","40.023602","-75.148769","","6","0","0","0","1","0","1","1","0","","0","0","0","16","1","1","N","0","0","40 01:24.968","","0","75 08:55.568","8","0","0","0","67301","0","0","0","N","0","0","0","3","00000","0","","1.0","","1","","","N","0","","0","0","0","0","0","","1600","3","1","0","0","0","1","0","2","1","3","0","0","0","3","","","N","","","","","","","","","",""
"2022097872","0820","1","0","0","0","0","0","0","0","0","2","0","","67","10","2022","4","40.100298","-75.063755","0811","6","0","0","0","1","0","1","0","0","","0","0","0","7","1","1","","1","0","40 06:01.071","","0","75 03:49.518","3","0","0","0","67301","0","0","0","N","0","0","0","2","67301","0","","1.0","","1","N","N","N","0","","1","0","1","0","0","","710","2","1","2","0","0","0","0","2","0","2","0","0","0","3","03","","N","","","","","","","","","",""
"2022087403","0816","0","0","0","0","0","0","0","0","0","8","0","","67","9","2022","4","40.030701","-75.061748","0801","6","0","0","0","0","0","0","0","0","","0","0","0","7","1","2","","1","0","40 01:50.524","","0","75 03:42.293","3","0","0","0","67301","2","0","0","N","2","0","0","3","67301","0","","1.0","","1","N","Y","N","1","","2","0","0","3","2","","744","3","2","1","0","0","0","0","2","0","1","2","0","0","3","03","","N","","","","","","","","","",""
"2022105672","1805","2","0","0","0","0","0","0","0","0","7","0","","67","9","2022","7","39.906644","-75.149839","1805","6","0","0","0","0","0","0","0","0","","0","0","0","18","1","1","N","0","0","39 54:23.919","","0","75 08:59.419","3","0","0","0","67301","0","0","0","Y","0","0","0","3","68K01","0","","3.0","","1","N","N","N","0","","1","0","0","0","0","","1801","2","1","0","0","0","0","0","2","0","2","0","0","0","3","","","N","","","","","","","","","",""
"2022080562","","1","0","0","0","0","0","0","0","0","1","0","","67","6","2022","6","39.921144","-75.193801","","6","0","0","0","0","0","0","0","0","","0","0","0","9","1","1","","1","0","39 55:16.119","","0","75 11:37.683","8","0","0","0","67301","0","0","0","N","0","0","0","2","00000","0","","1.0","","1","","","N","0","","0","0","0","0","0","","930","2","1","0","0","0","1","0","2","0","2","0","0","0","3","","","N","","","","","","","","","",""
"2022113267","0300","1","0","0","0","0","0","0","0","0","7","0","","67","10","2022","3","39.963862","-75.184267","0253","6","0","0","0","0","0","0","0","0","","0","0","0","2","3","0","","7","0","39 57:49.902","","0","75 11:03.361","0","0","0","0","67301","0","0","0","N","0","0","0","1","68K01","0","","3.0","","9","N","N","N","0","","0","0","0","0","0","","238","1","0","0","0","0","0","0","2","0","1","0","0","0","7","07","","N","","","","","","","","","",""
"2022077722","","2","0","0","0","0","0","0","0","0","4","0","","67","5","2022","3","40.027931","-75.179267","","6","0","0","0","0","0","0","0","0","","0","0","0","18","1","1","","1","0","40 01:40.551","","0","75 10:45.361","8","0","0","0","67301","0","0","0","N","0","0","0","2","00000","0","","1.0","","1","","","N","0","","0","0","0","3","3","","1800","2","1","1","0","0","1","0","2","0","2","0","0","0","3","","","N","","","","","","","","","",""
"2022105982","1016","1","0","0","0","0","0","0","0","0","2","0","","67","11","2022","3","40.015234","-75.177086","1013","6","0","1","0","0","0","0","0","0","","0","0","0","10","1","0","","2","2","40 00:54.842","1","0","75 10:37.508","0","0","0","0","67301","0","0","0","N","0","0","0","2","67301","0","","1.0","1110.0","1","N","N","N","0","","0","0","1","0","0","N","1005","2","0","0","0","0","0","0","2","0","2","0","0","0","3","03","","N","","","","","","","","","",""
"2022100101","0925","1","0","0","0","0","0","0","0","0","1","0","","67","10","2022","3","40.057311","-75.13573","0920","6","0","0","0","0","0","1","0","0","","0","0","0","8","1","1","","2","0","40 03:26.319","","0","75 08:08.628","8","0","0","0","67301","0","0","0","N","0","0","0","2","67301","0","","1.0","","9","N","N","N","0","","0","0","1","3","3","","830","2","1","2","0","0","1","0","2","0","2","0","0","0","7","","","N","","","","","","","","","",""
"2022114994","1548","1","0","0","0","0","0","0","0","0","1","0","","67","12","2022","1","40.110858","-75.003559","1541","6","0","0","0","0","0","1","0","0","","0","0","0","15","1","1","","2","0","40 06:39.089","","0","75 00:12.812","3","0","0","0","67301","0","0","0","N","0","0","0","2","67301","0","","1.0","","1","N","N","N","0","","1","0","1","3","2","","1535","2","1","0","0","0","0","0","2","0","2","0","0","0","3","03","","N","","","","","","","","","",""
"2022098896","0151","3","0","0","0","0","0","0","0","0","4","0","","67","10","2022","1","40.007819","-75.074949","0149","6","0","0","0","0","0","0","0","0","","0","0","0","1","3","1","N","0","2","40 00:28.148","5","0","75 04:29.817","4","0","0","0","67301","0","0","0","N","0","0","0","3","67301","1","","1.0","410.0","1","N","N","N","1","","0","0","0","0","0","U","145","4","1","2","0","0","0","0","2","0","4","0","0","0","3","03","","N","","","","","","","","","",""
"2022097362","1809","2","0","0","0","0","0","0","0","0","1","0","","67","9","2022","1","39.965825","-75.186531","1801","6","0","0","0","0","0","1","0","1","","0","0","0","17","1","0","N","0","0","39 57:56.969","","0","75 11:11.510","0","0","0","0","67301","0","0","0","N","0","0","0","2","68K01","0","","1.0","","1","N","N","N","0","","0","0","0","0","0","","1759","2","0","0","0","0","0","0","2","0","2","0","0","0","3","","","N","","","","","","","","","",""
"2022105802","0430","1","0","0","0","0","0","0","0","0","4","0","","67","7","2022","2","39.956963","-75.225512","0430","6","0","0","1","0","0","0","0","0","","0","0","0","4","3","1","","1","0","39 57:25.065","","0","75 13:31.843","8","0","0","0","67301","0","0","0","N","0","0","0","2","67301","0","","1.0","","1","N","N","N","0","","0","0","1","3","2","","430","2","1","0","0","0","1","0","2","0","2","0","0","0","3","03","","N","","","","","","","","","",""
"2022102779","0829","0","0","0","0","0","0","0","0","0","5","0","","67","9","2022","5","39.943273","-75.142777","0826","6","0","0","0","0","0","0","0","1","","0","0","0","8","1","1","N","0","1","39 56:35.783","1","0","75 08:33.997","3","0","0","0","67301","0","0","0","N","0","0","0","3","68K01","0","","1.0","1006.0","1","N","N","N","0","","1","0","2","0","0","Y","825","2","1","0","0","0","0","0","2","0","2","0","0","0","3","","","N","","","","","","","","","",""
"2022112934","2255","0","0","0","0","0","0","0","0","0","7","1","","67","11","2022","2","40.007983","-75.191793","2225","6","0","0","0","0","0","0","0","0","","0","1","0","21","3","0","N","0","1","40 00:28.738","2","3","75 11:30.453","9","0","0","0","67301","0","0","0","N","0","0","0","2","67301","0","","4.0","1140.0","1","N","N","Y","0","","0","0","0","0","0","N","2145","2","0","0","0","0","0","1","2","1","2","0","0","0","3","03","","N","","","","","","","","","",""
"2022099241","1700","0","0","0","0","0","0","0","0","0","1","1","","67","9","2022","6","39.971474","-75.12318","1630","6","0","0","0","0","0","0","0","0","","0","1","0","16","1","2","N","0","0","39 58:17.305","","0","75 07:23.448","3","0","0","0","67301","0","0","0","N","0","0","0","3","68K01","0","","1.0","","1","N","N","N","1","","2","0","1","0","0","","1615","3","2","1","0","0","0","0","2","0","3","0","0","0","3","","","N","","","","","","","","","",""
"2022075125","","1","0","0","0","0","0","0","0","0","1","0","","67","7","2022","5","39.975269","-75.183314","","6","0","0","0","0","0","0","1","0","","0","0","0","99","1","2","","1","0","39 58:30.969","","0","75 10:59.930","8","0","0","0","67301","0","0","0","N","0","0","0","3","00000","0","","1.0","","1","","","N","0","","0","0","1","0","0","","9999","2","2","0","0","0","2","0","2","0","2","0","0","0","3","","","N","","","","","","","","","",""
"2022123468","1917","1","0","0","0","0","0","0","0","0","1","0","","67","11","2022","1","39.981844","-75.263225","1917","6","0","0","0","0","0","0","0","0","","0","0","0","15","1","1","N","0","0","39 58:54.640","","0","75 15:47.610","8","0","0","0","67301","0","0","0","N","0","0","0","2","67301","0","","1.0","","99","N","N","N","0","","0","0","1","0","0","","1500","2","1","0","0","0","1","0","2","0","2","0","0","0","3","03","","N","","","","","","","","","",""
"2022088040","1416","1","0","0","0","0","0","0","0","0","8","0","","67","9","2022","6","40.024042","-75.143961","1414","6","0","0","0","0","0","0","0","0","","0","0","0","14","1","1","N","0","0","40 01:26.550","","0","75 08:38.260","3","0","0","0","67301","1","0","0","N","1","0","0","2","67301","0","","1.0","","1","N","N","N","0","","1","0","0","0","0","","1405","2","1","1","0","0","0","1","2","0","1","1","0","0","3","03","","N","","","","","","","","","",""
"2022098242","1300","0","0","0","0","0","0","0","0","0","1","0","","67","10","2022","7","40.010341","-75.207085","1253","6","0","0","0","0","0","0","0","0","","0","0","0","12","1","1","","6","2","40 00:37.227","4","2","75 12:25.505","4","0","0","0","67301","0","0","0","N","0","0","0","5","68K01","1","","1.0","1310.0","1","N","N","N","1","","0","0","1","3","3","N","1248","2","1","0","0","0","0","0","2","0","2","0","0","0","3","03","","N","","","","","","","","","",""
"2022086633","1745","0","0","0","0","0","0","0","0","0","7","0","","67","9","2022","3","40.046117","-75.217804","1740","6","0","0","0","0","0","0","0","0","","0","0","0","17","1","2","","3","0","40 02:46.021","","0","75 13:04.094","3","0","0","0","67301","0","0","0","N","0","0","0","3","67301","0","","4.0","","1","N","N","N","0","","2","0","1","3","2","","1735","1","2","0","0","0","0","0","2","0","1","0","0","0","3","03","","N","","","","","","","","","",""
"2022099165","0729","1","0","0","0","0","0","0","0","0","1","0","","67","10","2022","3","40.000586","-75.195088","0719","6","0","0","0","0","1","0","0","0","","0","0","0","7","1","0","N","0","0","40 00:02.111","","0","75 11:42.315","0","0","0","0","67301","0","0","0","N","0","0","0","2","68K01","0","","1.0","","9","N","N","N","0","","0","0","1","0","0","","718","2","0","0","0","0","0","0","2","0","2","0","0","0","7","04","","N","","","","","","","","","",""
"2022099795","0813","1","0","0","0","0","0","0","0","0","5","1","","67","10","2022","4","39.983882","-75.097137","0758","6","0","0","0","0","0","1","0","0","","0","1","0","7","1","1","N","0","0","39 59:01.975","","0","75 05:49.693","3","0","0","0","67301","0","0","0","N","0","0","0","2","68K01","0","","1.0","","1","N","N","N","0","","1","0","0","0","0","","756","2","1","0","0","0","0","0","2","0","2","0","0","0","3","","","N","","","","","","","","","",""
"2022080568","","0","0","0","0","0","0","0","0","0","0","0","","67","6","2022","2","","","","6","0","0","0","0","0","0","0","0","","0","0","0","15","1","1","N","0","0","","","0","","8","0","0","0","67301","0","0","0","N","0","0","0","2","00000","0","","1.0","","1","","","N","0","","0","0","1","0","0","","1500","2","1","0","0","0","1","0","1","0","2","0","0","0","3","","","N","","","","","","","","","",""
"2022087535","1355","1","0","0","1","0","0","0","0","0","8","0","","67","9","2022","3","40.031222","-75.021724","1350","6","0","0","0","0","0","1","0","0","","0","0","0","13","1","1","","2","0","40 01:52.399","","1","75 01:18.206","8","0","0","0","67301","1","0","0","N","0","0","0","2","67301","0","","1.0","","1","N","N","N","0","","0","0","0","3","2","","1345","2","1","0","0","0","1","0","2","0","1","1","0","0","4","04","","N","","","","","","","","","",""
"2022083916","2331","1","0","0","0","0","0","0","0","0","5","0","","67","9","2022","1","39.985755","-75.208117","2318","6","0","0","0","0","0","0","0","0","","0","0","0","23","3","1","N","0","0","39 59:08.718","","0","75 12:29.222","8","0","0","0","67301","0","0","0","N","0","0","0","2","68K01","0","","1.0","","9","N","N","N","0","","0","0","0","0","0","","2316","2","1","0","0","0","1","1","2","0","2","0","0","0","7","07","","N","","","","","","","","","",""
"2022098648","1942","1","0","0","0","0","0","0","0","0","1","0","","67","10","2022","1","39.925465","-75.193791","1942","6","0","0","0","0","0","0","0","0","","0","0","0","19","3","0","N","0","0","39 55:31.675","","0","75 11:37.649","0","0","0","0","67301","0","0","0","N","0","0","0","3","68K01","0","","1.0","","1","N","N","N","0","","0","0","2","0","0","","1941","3","0","0","0","0","0","0","2","0","3","0","0","0","3","03","","N","","","","","","","","","",""
"2022106148","2300","1","0","0","0","0","0","0","0","0","8","0","","67","8","2022","6","39.958201","-75.235505","2300","6","0","0","0","0","0","0","0","0","","0","0","0","21","3","1","","1","0","39 57:29.522","","0","75 14:07.817","8","0","0","0","67301","1","0","0","N","1","0","0","2","67301","0","","1.0","","1","N","N","N","0","","0","0","0","3","2","","2100","2","1","1","0","0","1","1","2","0","1","1","0","0","3","03","","N","","","","","","","","","",""
"2022084539","1308","2","0","0","0","0","0","0","0","0","4","0","","67","9","2022","1","39.988559","-75.161221","1308","6","0","0","0","0","0","0","0","0","","0","0","0","12","1","1","","1","2","39 59:18.812","3","0","75 09:40.394","8","0","0","0","67301","0","0","0","N","0","0","0","2","67301","0","","1.0","1400.0","9","N","N","N","0","","0","0","0","3","3","Y","1230","2","1","0","0","0","1","0","2","0","2","0","0","0","7","07","","N","","","","","","","","","",""
"2022086433","0609","1","0","0","0","0","0","0","0","0","5","0","","67","9","2022","3","39.985617","-75.213137","0602","6","0","0","0","0","0","0","0","0","","0","0","0","5","5","1","","1","0","39 59:08.221","","0","75 12:47.294","8","0","0","0","67301","0","0","0","N","0","0","0","2","67301","0","","1.0","","1","N","N","N","0","","0","0","0","0","0","","559","2","1","1","0","0","1","0","2","1","2","0","0","0","3","","","N","","","","","","","","","",""
"2022098650","1508","1","0","0","0","0","0","0","0","0","1","0","","67","10","2022","2","39.959483","-75.174691","1451","6","0","0","0","0","0","0","0","0","","0","0","0","14","1","0","N","0","0","39 57:34.138","","0","75 10:28.886","0","0","0","0","67301","0","0","0","N","0","0","0","3","68K01","0","","1.0","","1","N","N","N","0","","0","0","2","0","0","","1444","3","0","0","0","0","0","0","2","0","3","0","0","0","3","","","N","","","","","","","","","",""
"2022084254","","0","0","0","0","0","0","0","0","0","4","0","","67","7","2022","6","40.046207","-75.052069","","6","0","0","0","0","0","0","0","1","","0","0","0","15","1","1","","2","0","40 02:46.346","","0","75 03:07.450","8","0","0","0","67301","0","0","0","N","0","0","0","2","00000","0","","1.0","","1","","","N","0","","0","0","1","3","3","","1540","2","1","0","0","0","1","0","2","0","2","0","0","0","3","","","N","","","","","","","","","",""
"2022099785","1755","0","0","0","0","0","0","0","0","0","7","0","","67","10","2022","2","40.03153","-75.021536","1745","6","0","0","0","0","0","0","0","0","","0","0","0","17","3","0","N","0","1","40 01:53.507","2","0","75 01:17.530","0","0","0","0","67301","0","0","0","N","0","0","0","1","68K01","0","","4.0","1835.0","9","N","N","N","1","","0","0","0","3","8","N","1743","1","0","0","0","0","0","0","2","0","1","0","0","0","7","","","N","","","","","","","","","",""
"2022084262","","1","0","0","0","0","0","0","0","0","5","0","","67","7","2022","1","40.029703","-75.104158","","6","0","0","0","0","0","0","0","0","","0","0","0","21","1","2","N","0","0","40 01:46.930","","0","75 06:14.968","8","0","0","0","67301","0","0","0","N","0","0","0","3","00000","0","","1.0","","1","","","N","0","","0","0","0","0","0","","2150","2","2","0","0","0","2","0","2","0","2","0","0","0","3","","","N","","","","","","","","","",""
"2022068683","","0","0","0","0","0","0","0","0","0","1","0","","67","7","2022","3","40.042885","-75.003163","","6","0","0","0","0","0","0","1","0","","0","0","0","18","1","1","N","0","0","40 02:34.387","","0","75 00:11.385","8","0","0","0","67301","0","0","0","N","0","0","0","2","00000","0","","1.0","","1","","","N","1","","0","0","1","0","0","","1800","2","1","0","0","0","1","0","2","0","2","0","0","0","3","","","N","","","","","","","","","",""
"2022105798","0026","0","0","0","0","0","0","0","0","0","5","1","","67","11","2022","4","40.021122","-75.054464","0022","6","0","0","0","0","0","1","0","0","","0","1","0","20","3","0","N","0","1","40 01:16.040","3","0","75 03:16.070","0","0","0","0","67301","0","0","0","N","0","0","0","1","67301","0","","6.0","300.0","1","N","N","N","0","","0","0","2","0","0","N","2032","4","0","0","0","0","0","0","2","1","4","0","0","0","3","03","","N","","","","","","","","","",""
"2022106150","1656","0","0","0","0","0","0","0","0","0","4","0","","67","9","2022","7","39.952029","-75.226529","1654","6","0","0","0","0","0","0","0","0","","0","0","0","16","1","0","","1","0","39 57:07.306","","0","75 13:35.503","9","0","0","0","67301","0","0","0","N","0","0","0","2","67301","0","","1.0","","1","N","N","N","0","","0","0","2","3","2","","1651","2","0","0","0","0","0","2","2","0","2","0","0","0","3","03","","N","","","","","","","","","",""
"2022099884","1500","0","0","0","0","0","0","0","0","0","2","0","","67","10","2022","1","39.97121","-75.162852","1500","6","0","0","0","0","1","0","0","0","","0","0","0","2","3","1","","2","0","39 58:16.355","","0","75 09:46.267","3","0","0","0","67301","0","0","0","N","0","0","0","2","67301","0","","1.0","","1","N","N","N","1","","1","0","1","3","3","","200","2","1","0","0","0","0","0","2","0","2","0","0","0","3","03","","N","","","","","","","","","",""
"2022098724","1554","1","0","0","0","0","0","0","0","0","4","0","","67","10","2022","5","40.034778","-75.2348","1544","6","0","0","0","0","0","0","0","0","","0","0","0","15","1","1","N","0","0","40 02:05.200","","0","75 14:05.280","3","0","0","0","67301","0","0","0","N","0","0","0","3","67301","0","","1.0","","1","N","N","N","0","","1","0","1","0","0","","1510","2","1","0","0","0","0","0","2","0","2","0","0","0","3","","","N","","","","","","","","","",""
"2022105977","1015","0","0","0","0","0","0","0","0","0","8","0","","67","11","2022","5","40.034107","-75.176519","1012","6","0","0","0","0","0","0","0","1","","0","0","0","10","1","1","","1","1","40 02:02.785","2","0","75 10:35.468","3","0","0","0","67301","1","0","0","N","1","0","0","2","67301","0","","1.0","1015.0","1","N","N","N","0","","1","0","1","3","2","Y","1007","2","1","0","0","0","0","0","2","0","1","1","0","0","3","98","","N","","","","","","","","","",""
"2022097181","1735","1","0","0","0","0","0","0","0","0","7","0","","67","10","2022","4","40.046818","-75.185998","1730","6","0","0","0","0","0","1","0","0","","0","0","0","17","1","0","","1","0","40 02:48.544","","0","75 11:09.592","0","0","0","0","67301","0","0","0","N","0","0","0","1","67301","0","","5.0","","1","N","N","N","0","","0","0","0","0","0","","1730","1","0","0","0","0","0","0","2","0","1","0","0","0","3","","","N","","","","","","","","","",""
"2022109361","1818","2","0","0","0","0","0","0","0","0","5","0","","67","11","2022","6","40.045819","-75.17165","1818","6","0","0","0","0","0","0","0","0","","0","0","0","18","2","0","N","0","0","40 02:44.950","","0","75 10:17.940","0","0","0","0","67301","0","0","0","N","0","0","0","0","67301","0","","6.0","","1","N","N","N","0","","0","0","1","0","0","","1800","3","0","0","0","0","0","0","2","0","3","0","0","0","3","03","","N","","","","","","","","","",""
"2022114084","1750","1","0","0","0","0","0","0","0","0","4","0","","67","12","2022","5","40.054897","-75.154485","1743","6","0","0","0","0","0","0","1","0","","0","0","0","17","3","1","","1","0","40 03:17.629","","0","75 09:16.145","8","0","0","0","67301","0","0","0","N","0","0","0","2","67301","0","","1.0","","1","N","N","N","0","","0","0","1","3","3","","1742","2","1","0","0","0","1","0","2","0","2","0","0","0","3","","","N","","","","","","","","","",""
"2022097783","1852","0","0","0","0","0","0","0","0","0","8","0","","67","10","2022","3","40.034746","-75.130874","1852","6","0","0","0","0","0","0","0","0","","0","0","0","8","1","1","","1","0","40 02:05.085","","0","75 07:51.146","2","0","0","0","67301","1","0","1","N","1","0","1","2","67301","0","","1.0","","99","N","N","N","0","","0","1","0","3","2","","800","2","1","0","0","0","0","0","2","0","1","1","0","1","99","","","N","","","","","","","","","",""
"2022105799","1413","2","0","0","0","0","0","0","0","0","4","0","","67","1","2022","1","39.960444","-75.241079","1413","6","0","0","0","0","0","1","0","0","","0","0","0","21","3","1","","1","0","39 57:37.599","","0","75 14:27.886","3","0","0","0","67301","0","0","0","N","0","0","0","2","67301","0","","1.0","","99","N","N","N","0","","1","0","0","3","2","","2100","2","1","0","0","0","0","0","2","0","2","0","0","0","3","03","","N","","","","","","","","","",""
"2022099699","0908","2","0","0","0","0","0","0","0","0","5","0","","67","9","2022","1","39.956578","-75.219531","0906","6","0","0","0","0","0","0","0","0","","0","0","0","9","1","1","N","0","0","39 57:23.680","","0","75 13:10.310","3","0","0","0","67301","0","0","0","N","0","0","0","2","67301","0","","6.0","","1","N","N","N","0","","1","0","0","0","0","","900","2","1","0","0","0","0","0","2","0","2","0","0","0","7","04","","N","","","","","","","","","",""
"2022097218","1730","0","0","0","0","0","0","1","0","0","5","1","","67","10","2022","2","39.961185","-75.24707","1708","6","0","0","0","0","0","0","0","1","","0","0","0","17","1","0","","1","0","39 57:40.266","","0","75 14:49.451","9","0","0","0","67301","0","0","0","N","0","0","0","2","67508","0","","1.0","","1","N","N","N","0","","0","0","1","3","2","","1708","2","0","0","0","0","0","2","2","0","2","0","0","0","3","03","","N","","","","","","","","","",""
"2022080565","","1","0","0","0","0","0","0","0","0","5","0","","67","7","2022","6","40.003333","-75.190378","","6","0","0","0","0","0","0","0","0","","0","0","0","14","1","1","N","0","0","40 00:12.000","","0","75 11:25.362","8","0","0","0","67301","0","0","0","N","0","0","0","2","00000","0","","1.0","","1","","","N","0","","0","0","0","0","0","","1430","2","1","0","0","0","1","0","2","0","2","0","0","0","3","","","N","","","","","","","","","",""
"2022089245","","0","0","0","0","0","0","0","0","0","4","0","","67","7","2022","6","40.035478","-75.147187","","6","0","0","0","0","0","0","0","0","","0","0","0","99","1","1","","2","0","40 02:07.720","","0","75 08:49.873","8","0","0","0","67301","0","0","0","N","0","0","0","2","00000","0","","1.0","","1","","","N","0","","0","0","0","3","3","","9999","2","1","0","0","0","1","0","2","0","2","0","0","0","3","","","N","","","","","","","","","",""
"2022084448","1318","1","0","0","0","0","0","0","0","0","1","0","","67","9","2022","2","39.914851","-75.221213","1315","6","0","0","0","0","0","1","0","0","","0","0","0","13","1","1","N","0","0","39 54:53.465","","0","75 13:16.368","3","0","0","0","67301","0","0","0","N","0","0","0","2","67301","0","","1.0","","1","N","N","N","0","","1","0","1","0","0","","1311","2","1","0","0","0","0","0","2","0","2","0","0","0","3","03","","N","","","","","","","","","",""
"2022097875","1644","2","0","0","0","0","0","0","0","0","4","0","","67","10","2022","4","39.954042","-75.175028","1643","6","0","0","0","0","0","0","0","0","","0","0","0","16","1","1","N","0","1","39 57:14.550","4","0","75 10:30.100","3","0","0","0","67301","0","0","0","N","0","0","0","3","67301","0","","1.0","1730.0","1","N","N","N","0","","1","0","0","3","2","N","1640","2","1","0","0","0","0","0","2","0","2","0","0","0","3","","","N","","","","","","","","","",""
"2022099173","1952","1","0","0","0","0","0","0","0","0","8","0","","67","10","2022","2","40.061755","-75.056066","1952","6","0","0","0","0","0","1","0","0","","0","0","0","3","3","1","","1","0","40 03:42.317","","0","75 03:21.839","3","0","0","0","67301","1","0","0","N","1","0","0","2","67301","0","","1.0","","9","N","N","N","0","","1","0","0","3","2","","300","2","1","0","0","0","0","0","2","0","1","1","0","0","7","04","","N","","","","","","","","","",""
"2022105795","1145","0","0","0","0","0","0","1","0","0","8","1","","67","11","2022","4","39.944889","-75.147978","1142","6","0","0","0","0","0","0","0","0","","0","0","0","11","1","1","N","0","0","39 56:41.600","","0","75 08:52.720","3","0","0","0","67301","1","0","0","N","1","0","0","2","67301","0","","1.0","","1","N","N","N","0","","1","0","0","3","2","","1135","2","1","0","0","0","0","0","2","0","1","1","0","0","3","03","","N","","","","","","","","","",""
"2022099606","1345","1","0","0","0","0","0","0","0","0","7","0","","67","10","2022","7","40.034933","-75.01823","1331","6","0","0","0","0","0","0","0","0","","0","0","0","13","1","1","N","0","1","40 02:05.759","1","0","75 01:05.628","8","0","0","0","67301","0","0","0","N","0","0","0","1","68K01","0","","2.0","1425.0","1","N","N","N","0","","0","0","0","0","0","N","1328","1","1","0","0","0","1","0","2","0","1","0","0","0","3","","","N","","","","","","","","","",""
"2022084247","","1","0","0","0","0","0","0","0","0","4","0","","67","7","2022","2","40.079007","-75.174004","","6","0","0","0","0","0","1","0","0","","0","0","0","7","1","1","","1","0","40 04:44.426","","0","75 10:26.416","8","0","0","0","67301","0","0","0","N","0","0","0","2","00000","0","","1.0","","1","","","N","0","","0","0","1","3","2","","700","2","1","0","0","0","1","0","2","0","2","0","0","0","3","","","N","","","","","","","","","",""
"2022099324","0206","1","0","0","0","0","0","0","0","0","7","0","","67","10","2022","7","40.018112","-75.16891","0206","6","0","0","0","0","0","0","0","0","","1","0","0","2","3","0","N","0","1","40 01:05.204","1","2","75 10:08.077","1","0","0","0","67301","0","0","0","N","0","0","0","1","67301","0","2","4.0","520.0","1","N","N","N","0","0","0","0","0","0","0","Y","200","1","0","0","0","0","0","0","2","0","1","0","0","0","3","","","N","","","","","","","","","",""
"2022090454","0907","1","0","0","0","0","0","0","0","0","5","0","","67","10","2022","7","40.026539","-75.213681","0902","6","0","0","0","0","0","0","0","0","","0","0","0","3","3","0","N","0","2","40 01:35.540","2","0","75 12:49.250","0","0","0","0","67301","0","0","0","N","0","0","0","1","67301","0","","6.0","100.0","9","N","N","N","1","","0","0","0","0","0","Y","357","2","0","0","0","0","0","0","2","0","2","0","0","0","7","04","","N","","","","","","","","","",""