"CRN","ARRIVAL_TM","AUTOMOBILE_COUNT","BELTED_DEATH_COUNT","BELTED_SUSP_SERIOUS_INJ_COUNT","BICYCLE_COUNT","BICYCLE_DEATH_COUNT","BICYCLE_SUSP_SERIOUS_INJ_COUNT","BUS_COUNT","CHLDPAS_DEATH_COUNT","CHLDPAS_SUSP_SERIOUS_INJ_COUNT","COLLISION_TYPE","COMM_VEH_COUNT","CONS_ZONE_SPD_LIM","COUNTY","CRASH_MONTH","CRASH_YEAR","DAY_OF_WEEK","DEC_LATITUDE","DEC_LONGITUDE","DISPATCH_TM","DISTRICT","DRIVER_COUNT_16YR","DRIVER_COUNT_17YR","DRIVER_COUNT_18YR","DRIVER_COUNT_19YR","DRIVER_COUNT_20YR","DRIVER_COUNT_50_64YR","DRIVER_COUNT_65_74YR","DRIVER_COUNT_75PLUS","EST_HRS_CLOSED","FATAL_COUNT","HEAVY_TRUCK_COUNT","HORSE_BUGGY_COUNT","HOUR_OF_DAY","ILLUMINATION","INJURY_COUNT","INTERSECTION_RELATED","INTERSECT_TYPE","LANE_CLOSED","LATITUDE","LN_CLOSE_DIR","LOCATION_TYPE","LONGITUDE","MAX_SEVERITY_LEVEL","MCYCLE_DEATH_COUNT","MCYCLE_SUSP_SERIOUS_INJ_COUNT","MOTORCYCLE_COUNT","MUNICIPALITY","NONMOTR_COUNT","NONMOTR_DEATH_COUNT","NONMOTR_SUSP_SERIOUS_INJ_COUNT","NTFY_HIWY_MAINT","PED_COUNT","PED_DEATH_COUNT","PED_SUSP_SERIOUS_INJ_COUNT","PERSON_COUNT","POLICE_AGCY","POSSIBLE_INJ_COUNT","RDWY_SURF_TYPE_CD","RELATION_TO_ROAD","ROADWAY_CLEARED","ROAD_CONDITION","SCH_BUS_IND","SCH_ZONE_IND","SECONDARY_CRASH","SMALL_TRUCK_COUNT","SPEC_JURIS_CD","SUSP_MINOR_INJ_COUNT","SUSP_SERIOUS_INJ_COUNT","SUV_COUNT","TCD_FUNC_CD","TCD_TYPE","TFC_DETOUR_IND","TIME_OF_DAY","TOTAL_UNITS","TOT_INJ_COUNT","UNBELTED_OCC_COUNT","UNB_DEATH_COUNT","UNB_SUSP_SERIOUS_INJ_COUNT","UNK_INJ_DEG_COUNT","UNK_INJ_PER_COUNT","URBAN_RURAL","VAN_COUNT","VEHICLE_COUNT","VULNERABLE_ROAD_USER_COUNT","VULNERABLE_ROAD_USER_DEATH_COUNT","VULNERABLE_ROAD_USER_SER_INJ_COUNT","WEATHER1","WEATHER2","WORKERS_PRES","WORK_ZONE_IND","WORK_ZONE_LOC","WORK_ZONE_TYPE","WZ_CLOSE_DETOUR","WZ_FLAGGER","WZ_LAW_OFFCR_IND","WZ_LN_CLOSURE","WZ_MOVING","WZ_OTHER","WZ_SHLDER_MDN","WZ_WORKERS_INJ_KILLED"
"2022104965","0005","1","0","0","0","0","0","0","0","0","8","0","","67","10","2022","1","39.999872","-75.139531","0001","6","0","0","0","0","1","0","0","0","","0","0","0","0","3","2","","2","0","39 59:59.539","","0","75 08:22.310","3","0","0","0","67301","2","0","0","N","2","0","0","4","67301","0","","1.0","","1","N","N","N","0","","2","0","0","0","0","","0","4","2","0","0","0","0","0","2","0","2","2","0","0","3","03","","N","","","","","","","","","",""
"2022119026","0149","2","0","0","0","0","0","0","0","0","5","0","","67","12","2022","5","40.014411","-75.140842","0148","6","0","0","0","0","0","0","0","0","","0","0","0","1","3","0","N","0","0","40 00:51.880","","0","75 08:27.030","9","0","0","0","67301","0","0","0","N","0","0","0","1","67301","0","","1.0","","1","N","N","N","1","","0","0","0","0","0","","140","3","0","0","0","0","0","1","2","0","3","0","0","0","3","03","","N","","","","","","","","","",""
"2022113605","1544","1","0","0","0","0","0","0","0","0","4","0","","67","11","2022","2","40.016893","-75.049739","1544","6","0","0","0","0","0","1","0","0","","0","0","0","15","1","2","","3","1","40 01:00.813","2","0","75 02:59.062","4","0","0","0","67301","0","0","0","N","0","0","0","3","67301","2","","1.0","1615.0","1","N","N","N","0","","0","0","0","3","2","Y","1530","2","2","0","0","0","0","0","2","1","2","0","0","0","3","03","","N","","","","","","","","","",""
"2022108286","0900","0","0","0","1","0","0","0","0","0","8","0","","67","11","2022","2","40.01025","-75.096111","0856","6","0","0","0","0","0","0","0","0","","0","0","0","8","1","1","N","0","0","40 00:36.900","","0","75 05:46.000","3","0","0","0","67301","1","0","0","N","0","0","0","2","67301","0","","1.0","","1","N","N","N","1","","1","0","0","0","0","","856","2","1","1","0","0","0","0","2","0","1","1","0","0","3","03","","N","","","","","","","","","",""
"2022099236","1328","1","0","0","0","0","0","0","0","0","1","0","","67","9","2022","1","39.958765","-75.169963","1320","6","0","0","0","0","0","0","0","0","","0","0","0","13","1","1","N","0","0","39 57:31.554","","0","75 10:11.867","4","0","0","0","67301","0","0","0","N","0","0","0","5","68K01","1","","1.0","","9","N","N","N","0","","0","0","1","0","0","","1320","2","1","0","0","0","0","0","2","0","2","0","0","0","7","","","N","","","","","","","","","",""
"2022084540","1223","1","0","0","0","0","0","0","0","0","4","0","","67","9","2022","2","39.985595","-75.150912","1213","6","0","0","0","0","0","0","0","0","","0","0","0","11","1","2","","1","0","39 59:08.141","","0","75 09:03.283","8","0","0","0","67301","0","0","0","N","0","0","0","2","67301","0","","1.0","","1","N","N","N","0","","0","0","0","3","2","","1156","2","2","0","0","0","2","0","2","1","2","0","0","0","3","03","","N","","","","","","","","","",""
"2022100205","1210","1","0","0","0","0","0","0","0","0","4","1","","67","8","2022","5","39.990547","-75.168675","1200","6","0","0","0","0","0","0","0","0","","0","1","0","11","1","1","","1","0","39 59:25.969","","0","75 10:07.229","4","0","0","0","67301","0","0","0","N","0","0","0","2","67301","1","","1.0","","1","N","N","N","0","","0","0","0","3","2","","1135","2","1","1","0","0","0","0","2","0","2","0","0","0","3","03","","N","","","","","","","","","",""
"2022100093","1242","2","0","0","0","0","0","0","0","0","4","0","","67","10","2022","4","40.025974","-75.041765","1237","6","0","0","0","0","1","0","0","0","","0","0","0","12","1","0","","1","0","40 01:33.506","","0","75 02:30.353","0","0","0","0","67301","0","0","0","N","0","0","0","2","67301","0","","1.0","","1","N","N","N","0","","0","0","0","3","3","","1221","2","0","0","0","0","0","0","2","0","2","0","0","0","4","","","N","","","","","","","","","",""
"2022105973","1828","1","0","0","0","0","0","0","0","0","4","0","","67","11","2022","5","40.037084","-75.011336","1818","6","0","0","0","0","0","1","0","0","","0","0","0","18","3","1","","1","1","40 02:13.501","7","0","75 00:40.810","3","0","0","0","67301","0","0","0","N","0","0","0","2","67301","0","","1.0","2024.0","1","N","N","N","0","","1","0","1","3","2","N","1818","2","1","0","0","0","0","0","2","0","2","0","0","0","3","","","N","","","","","","","","","",""
"2022084249","","2","0","0","0","0","0","0","0","0","1","0","","67","5","2022","3","40.095953","-74.976781","","6","0","1","0","0","0","0","0","0","","0","0","0","15","1","1","","1","0","40 05:45.430","","0","74 58:36.413","8","0","0","0","67301","0","0","0","N","0","0","0","3","00000","0","","1.0","","1","","","N","0","","0","0","1","3","2","","1530","3","1","1","0","0","1","0","2","0","3","0","0","0","3","","","N","","","","","","","","","",""
"2022098741","0020","2","0","0","0","0","0","0","0","0","6","0","","67","10","2022","2","40.023433","-75.130417","0010","6","0","0","0","0","0","0","0","0","","0","0","0","23","3","0","N","0","0","40 01:24.360","","0","75 07:49.500","9","0","0","0","67301","0","0","0","N","0","0","0","1","67301","0","","6.0","","1","N","N","N","1","","0","0","0","0","0","","2351","4","0","0","0","0","0","1","2","1","4","0","0","0","3","03","","N","","","","","","","","","",""
"2022098735","1538","0","0","0","0","0","0","0","0","0","8","1","","67","10","2022","3","40.011294","-75.106103","1536","6","0","0","0","0","0","0","0","0","","0","1","0","15","1","1","","1","0","40 00:40.660","","0","75 06:21.970","3","0","0","0","67301","1","0","0","N","1","0","0","2","67301","0","","1.0","","9","N","N","N","0","","1","0","0","3","2","","1500","2","1","0","0","0","0","0","2","0","1","1","0","0","7","","","N","","","","","","","","","",""
"2022121725","0646","1","0","0","0","0","0","0","0","0","5","0","","67","12","2022","6","40.026947","-75.026168","0626","6","0","0","0","0","0","0","0","0","","0","0","0","6","3","0","N","0","1","40 01:37.009","2","0","75 01:34.205","0","0","0","0","67301","0","0","0","N","0","0","0","2","68K01","0","","1.0","748.0","9","N","N","N","1","","0","0","0","0","0","Y","620","2","0","0","0","0","0","0","2","0","2","0","0","0","7","","","N","","","","","","","","","",""
"2022099086","0445","1","0","0","0","0","0","0","0","0","1","1","","67","10","2022","3","39.940741","-75.195314","0437","6","0","0","0","0","0","1","0","0","","0","1","0","4","3","4","N","0","1","39 56:26.667","3","0","75 11:43.130","4","0","0","0","67301","0","0","0","N","0","0","0","4","68K01","1","","1.0","20.0","1","N","N","N","0","","0","0","0","0","0","N","434","2","4","0","0","0","3","0","2","0","2","0","0","0","3","03","","N","","","","","","","","","",""
"2022096697","","2","0","0","0","0","0","0","0","0","4","0","","67","8","2022","4","40.007639","-75.127327","","6","0","0","0","0","0","0","0","0","","0","0","0","16","1","1","","1","0","40 00:27.502","","0","75 07:38.377","8","0","0","0","67301","0","0","0","N","0","0","0","2","00000","0","","1.0","","1","","","N","0","","0","0","0","3","2","","1600","2","1","1","0","0","1","0","2","0","2","0","0","0","3","","","N","","","","","","","","","",""
"2022106634","1938","2","0","0","0","0","0","0","0","0","6","0","","67","11","2022","4","39.963069","-75.200558","1938","6","1","0","0","0","0","0","0","0","","0","0","0","19","3","0","N","0","0","39 57:47.050","","0","75 12:02.010","9","0","0","0","67301","0","0","0","N","0","0","0","3","67301","0","","6.0","","1","N","N","N","0","","0","0","1","0","0","","1938","3","0","1","0","0","0","1","2","0","3","0","0","0","3","03","","N","","","","","","","","","",""
"2022109029","0211","1","0","0","0","0","0","0","0","0","7","0","","67","11","2022","1","40.029333","-75.189194","0211","6","0","0","0","0","0","0","0","0","","0","0","0","2","3","0","N","0","0","40 01:45.600","","0","75 11:21.100","0","0","0","0","67301","0","0","0","N","0","0","0","3","67301","0","","4.0","","9","N","N","N","0","","0","0","0","0","0","","205","1","0","3","0","0","0","0","2","0","1","0","0","0","7","07","","N","","","","","","","","","",""
"2022097013","0130","1","0","0","0","0","0","0","0","0","4","0","","67","10","2022","2","39.899118","-75.175536","0120","6","0","0","0","0","0","1","0","0","","0","0","0","1","3","0","","2","0","39 53:56.825","","2","75 10:31.930","0","0","0","0","67301","0","0","0","N","0","0","0","2","67301","0","","1.0","","1","N","N","N","0","","0","0","1","3","2","","100","2","0","0","0","0","0","0","2","0","2","0","0","0","3","03","","N","","","","","","","","","",""
"2022105844","2355","2","0","0","0","0","0","0","0","0","4","0","","67","11","2022","6","39.980213","-75.157468","2355","6","0","0","0","0","0","0","0","0","","0","0","0","23","3","0","","1","0","39 58:48.767","","0","75 09:26.884","0","0","0","0","67301","0","0","0","N","0","0","0","1","67505","0","","1.0","","9","N","N","N","0","","0","0","1","3","2","","2354","3","0","0","0","0","0","0","2","0","3","0","0","0","3","03","","N","","","","","","","","","",""
"2022120316","1350","0","0","0","0","0","0","0","0","0","1","0","","67","12","2022","7","39.902666","-75.200586","1336","6","0","0","0","1","0","0","1","0","","0","0","0","13","1","1","N","0","0","39 54:09.598","","3","75 12:02.108","3","0","0","0","67301","0","0","0","N","0","0","0","3","67301","0","","1.0","","1","N","N","N","0","","1","0","3","3","2","","1330","3","1","1","0","0","0","0","2","0","3","0","0","0","3","03","","N","","","","","","","","","",""
"2022075108","","1","0","0","0","0","0","0","0","0","4","0","","67","7","2022","4","39.998748","-75.094595","","6","0","0","0","0","0","0","0","0","","0","0","0","99","1","1","","1","0","39 59:55.492","","0","75 05:40.541","8","0","0","0","67301","0","0","0","N","0","0","0","2","00000","0","","1.0","","1","","","N","0","","0","0","1","3","3","","9999","2","1","0","0","0","1","0","2","0","2","0","0","0","3","","","N","","","","","","","","","",""
"2022114088","1646","1","0","0","0","0","0","0","0","0","4","0","","67","12","2022","5","40.002203","-75.157644","1625","6","0","0","0","0","0","1","0","0","","0","0","0","15","1","1","","1","0","40 00:07.931","","0","75 09:27.518","3","0","0","0","67301","0","0","0","N","0","0","0","2","67301","0","","3.0","","1","N","N","N","0","","1","0","1","3","2","","1541","2","1","0","0","0","0","1","2","0","2","0","0","0","3","03","","N","","","","","","","","","",""
"2022097780","1330","1","0","0","0","0","0","1","0","0","5","1","","67","9","2022","5","39.992944","-75.147972","1330","6","0","0","0","0","0","0","0","0","","0","0","0","8","1","1","N","0","0","39 59:34.600","","0","75 08:52.700","4","0","0","0","67301","0","0","0","N","0","0","0","2","67301","1","","6.0","","1","Y","N","N","0","","0","0","0","0","0","","830","2","1","0","0","0","0","0","2","0","2","0","0","0","3","","","N","","","","","","","","","",""
"2022106563","1451","1","0","0","0","0","0","0","0","0","7","0","","67","10","2022","1","40.031302","-75.021624","1421","6","0","0","0","0","0","0","0","0","","0","0","0","14","1","1","N","0","1","40 01:52.686","2","0","75 01:17.847","3","0","0","0","67301","0","0","0","N","0","0","0","1","68K01","0","","2.0","1500.0","9","N","N","N","0","","1","0","0","0","0","N","1419","1","1","0","0","0","0","0","2","0","1","0","0","0","7","07","","N","","","","","","","","","",""
"2022097781","1652","0","0","0","0","0","0","1","0","0","1","1","","67","9","2022","5","39.984041","-75.175051","1651","6","0","0","0","0","0","0","0","0","","0","0","0","16","1","1","","1","0","39 59:02.546","","0","75 10:30.184","3","0","0","0","67301","0","0","0","N","0","0","0","6","67301","0","","1.0","","1","Y","N","N","1","","1","0","0","3","2","","1650","2","1","0","0","0","0","0","2","0","2","0","0","0","3","03","","N","","","","","","","","","",""
"2022098063","1830","0","0","1","0","0","0","0","0","0","7","1","","67","10","2022","2","40.021125","-75.139925","1800","6","0","0","0","0","0","0","0","0","","0","0","0","0","3","1","","1","0","40 01:16.051","","0","75 08:23.731","2","0","0","0","67301","0","0","0","Y","0","0","0","1","67301","0","","3.0","","1","N","N","N","0","","0","1","0","3","2","","30","1","1","0","0","0","0","0","2","1","1","0","0","0","3","","","N","","","","","","","","","",""
"2022099615","1932","2","0","0","0","0","0","0","0","0","1","0","","67","10","2022","1","39.892562","-75.225782","1915","6","0","0","0","0","0","0","0","0","","0","0","0","19","3","2","N","0","0","39 53:33.222","","0","75 13:32.815","4","0","0","0","67301","0","0","0","N","0","0","0","2","68K01","2","","1.0","","1","N","N","N","0","","0","0","0","0","0","","1912","2","2","0","0","0","0","0","2","0","2","0","0","0","3","","","N","","","","","","","","","",""
"2022108270","2150","1","0","0","0","0","0","0","0","0","1","0","","67","11","2022","2","39.90684","-75.193771","2141","6","0","0","0","0","0","1","0","0","","0","0","0","21","3","6","N","0","1","39 54:24.624","2","0","75 11:37.576","3","0","0","0","67301","0","0","0","N","0","0","0","8","67301","0","","1.0","2212.0","1","N","N","N","0","","6","0","2","0","0","Y","2131","4","6","0","0","0","0","0","2","1","4","0","0","0","3","","","N","","","","","","","","","",""
"2022098743","1155","0","0","0","0","0","0","0","0","0","8","1","","67","8","2022","4","39.975503","-75.120683","1155","6","0","0","0","0","0","0","0","0","","0","1","0","11","1","1","N","0","0","39 58:31.810","","7","75 07:14.458","2","0","0","0","67301","1","0","1","N","1","0","1","2","67301","0","","5.0","","1","N","N","N","0","","0","1","0","0","0","","1145","2","1","1","0","0","0","0","2","0","1","1","0","1","3","03","","N","","","","","","","","","",""
"2022098731","1826","2","0","0","0","0","0","0","0","0","4","0","","67","10","2022","1","39.924462","-75.228202","1826","6","0","0","1","0","0","0","0","0","","0","0","0","16","1","1","","1","0","39 55:28.063","","0","75 13:41.527","3","0","0","0","67301","0","0","0","N","0","0","0","2","67301","0","","1.0","","9","N","N","N","0","","1","0","0","3","3","","1656","2","1","0","0","0","0","0","2","0","2","0","0","0","7","07","","N","","","","","","","","","",""
"2022096736","1723","1","0","0","0","0","0","0","0","0","7","0","","67","10","2022","2","40.011998","-75.069977","1722","6","0","0","0","0","0","0","0","0","","0","0","0","17","1","1","","1","0","40 00:43.192","","0","75 04:11.917","4","0","0","0","67301","0","0","0","N","0","0","0","2","67301","1","","5.0","","1","N","N","N","0","","0","0","0","3","3","","1721","2","1","0","0","0","0","0","2","0","1","0","0","0","3","","","N","","","","","","","","","",""
"2022120321","1008","1","0","0","0","0","0","0","0","0","2","0","","67","12","2022","6","40.025284","-75.07654","1002","6","0","0","0","0","0","0","0","0","","0","0","0","10","1","2","N","0","0","40 01:31.022","","0","75 04:35.543","4","0","0","0","67301","0","0","0","N","0","0","0","2","67301","2","","1.0","","9","N","N","N","0","","0","0","1","0","0","","1000","2","2","1","0","0","0","0","2","0","2","0","0","0","7","07","","N","","","","","","","","","",""
"2022122399","0612","1","0","0","0","0","0","0","0","0","4","0","","67","12","2022","1","40.033998","-75.074369","0609","6","0","0","0","0","0","0","1","0","","0","0","0","5","5","0","","1","1","40 02:02.392","1","0","75 04:27.730","9","0","0","0","67301","0","0","0","N","0","0","0","2","67301","0","","1.0","630.0","1","N","N","N","0","","0","0","0","3","2","Y","530","2","0","1","0","0","0","1","2","1","2","0","0","0","3","03","","N","","","","","","","","","",""
"2022119270","0945","1","0","0","0","0","0","0","0","0","4","0","","67","12","2022","5","39.96445","-75.160888","0932","6","0","0","0","0","0","0","0","0","","0","0","0","9","1","2","","1","0","39 57:52.020","","0","75 09:39.197","3","0","0","0","67301","0","0","0","N","0","0","0","2","67301","0","","1.0","","9","N","N","N","0","","2","0","1","0","0","","920","2","2","0","0","0","0","0","2","0","2","0","0","0","7","07","","N","","","","","","","","","",""
"2022119271","1350","0","0","0","0","0","0","0","0","0","1","0","","67","12","2022","5","40.041976","-75.159147","1345","6","0","0","0","0","0","1","0","0","","0","0","0","9","1","1","Y","0","0","40 02:31.114","","0","75 09:32.928","3","0","0","0","67301","0","0","0","N","0","0","0","3","67301","0","","1.0","","9","N","N","N","0","","1","0","1","3","2","","900","3","1","0","0","0","0","2","2","0","3","0","0","0","7","07","","N","","","","","","","","","",""
"2022119261","1723","1","0","0","0","0","0","0","0","0","4","0","","67","12","2022","5","40.035648","-75.081015","1717","6","0","0","0","0","0","1","0","0","","0","0","0","17","3","2","","1","0","40 02:08.334","","0","75 04:51.654","3","0","0","0","67301","0","0","0","N","0","0","0","3","67301","0","","1.0","","9","N","N","N","0","","2","0","1","3","2","","1715","2","2","0","0","0","0","0","2","0","2","0","0","0","7","07","","N","","","","","","","","","",""
"2022123024","2200","0","0","0","0","0","0","0","0","0","8","0","","67","12","2022","4","39.953806","-75.159472","2200","6","0","0","0","0","0","0","0","0","","0","0","0","22","3","1","N","1","0","39 57:13.700","","0","75 09:34.100","3","0","0","0","67301","1","0","0","N","1","0","0","2","67301","0","","1.0","","1","N","N","N","0","","1","0","0","3","2","","2200","2","1","0","0","0","0","1","2","0","1","1","0","0","3","03","","N","","","","","","","","","",""
"2022084556","1711","1","0","0","1","0","0","0","0","0","8","0","","67","9","2022","4","39.950903","-75.151993","1640","6","0","0","0","0","0","1","0","0","","0","0","0","16","1","1","","1","0","39 57:03.252","","0","75 09:07.174","3","0","0","0","67301","1","0","0","N","0","0","0","2","67301","0","","1.0","","1","N","N","N","0","","1","0","0","3","2","","1627","2","1","0","0","0","0","0","2","0","1","1","0","0","3","03","","N","","","","","","","","","",""
"2022112212","1300","0","0","0","1","0","1","0","0","0","8","0","","67","11","2022","3","39.953781","-75.142775","1300","6","0","0","0","0","0","0","0","0","","0","0","0","7","1","1","N","0","0","39 57:13.610","","0","75 08:33.990","2","0","0","0","67301","1","0","1","N","0","0","0","2","67301","0","","1.0","","99","N","N","N","0","","0","1","1","0","0","","715","2","1","0","0","0","0","0","2","0","1","1","0","1","99","","","N","","","","","","","","","",""
"2022099322","1020","3","0","0","0","0","0","0","0","0","5","0","","67","10","2022","1","40.045444","-75.149975","1015","6","0","0","0","0","0","0","0","0","","0","0","0","7","1","0","N","0","0","40 02:43.600","","0","75 08:59.910","0","0","0","0","67301","0","0","0","N","0","0","0","1","67301","0","","6.0","","1","N","N","N","0","","0","0","0","0","0","","700","3","0","0","0","0","0","0","2","0","3","0","0","0","3","","","N","","","","","","","","","",""
"2022107221","1329","1","0","0","0","0","0","0","0","0","1","1","","67","11","2022","3","39.977222","-75.157556","1328","6","0","0","0","0","0","0","0","0","","0","1","0","13","1","0","Y","0","0","39 58:38.000","","0","75 09:27.200","0","0","0","0","67301","0","0","0","N","0","0","0","2","67505","0","","1.0","","1","N","N","N","0","","0","0","0","3","2","","1325","2","0","1","0","0","0","0","2","0","2","0","0","0","3","03","","N","","","","","","","","","",""
"2022098732","0334","2","0","0","0","0","0","0","0","0","5","0","","67","10","2022","2","39.917572","-75.212781","0330","6","0","0","0","0","0","0","0","0","","0","0","0","3","3","0","N","0","1","39 55:03.258","6","0","75 12:46.012","0","0","0","0","67301","0","0","0","N","0","0","0","1","67301","0","","3.0","100.0","9","N","N","N","0","","0","0","0","0","0","N","330","2","0","0","0","0","0","0","2","0","2","0","0","0","7","04","","N","","","","","","","","","",""
"2022099321","1530","1","0","0","0","0","0","0","0","0","8","0","","67","9","2022","4","40.014518","-75.131119","1530","6","0","0","0","0","0","0","0","0","","0","0","0","15","1","1","","5","0","40 00:52.264","","0","75 07:52.028","3","0","0","0","67301","1","0","0","N","1","0","0","2","67301","0","","1.0","","1","N","N","N","0","","1","0","0","3","2","","1530","2","1","0","0","0","0","0","2","0","1","1","0","0","3","","","N","","","","","","","","","",""
"2022099882","0810","0","0","0","0","0","0","1","0","0","1","2","","67","10","2022","4","39.939478","-75.197753","0758","6","0","0","0","0","0","1","0","0","","0","1","0","6","3","8","N","0","1","39 56:22.120","3","0","75 11:51.910","3","0","0","0","67301","0","0","0","N","0","0","0","8","67301","0","","1.0","1007.0","1","Y","N","N","0","","8","0","0","0","0","N","631","2","8","2","0","0","0","0","2","0","2","0","0","0","4","","","N","","","","","","","","","",""
"2022105488","2003","1","0","0","0","0","0","0","0","0","5","0","","67","11","2022","4","40.008294","-75.190686","1933","6","0","0","0","0","0","0","0","0","","0","0","0","19","3","0","N","0","0","40 00:29.857","","3","75 11:26.468","0","0","0","0","67301","0","0","0","N","0","0","0","2","67301","0","","1.0","","1","N","N","N","0","","0","0","1","0","0","","1929","2","0","0","0","0","0","0","2","0","2","0","0","0","3","","","N","","","","","","","","","",""
"2022105806","1155","0","0","0","1","0","0","0","0","0","8","0","","67","8","2022","4","39.956747","-75.217493","1150","6","0","0","0","0","0","0","0","0","","0","0","0","21","3","1","","1","0","39 57:24.289","","0","75 13:02.974","3","0","0","0","67301","1","0","0","N","0","0","0","2","67301","0","","1.0","","99","N","N","N","0","","1","0","1","3","3","","2115","2","1","1","0","0","0","0","2","0","1","1","0","0","99","03","","N","","","","","","","","","",""
"2022099179","1816","0","0","0","0","0","0","0","0","0","1","0","","67","10","2022","4","39.975478","-75.192527","1815","6","0","0","0","0","0","0","0","0","","0","0","0","18","1","1","N","0","0","39 58:31.720","","3","75 11:33.096","8","0","0","0","67301","0","0","0","N","0","0","0","2","67301","0","","1.0","","1","N","N","N","0","","0","0","2","0","0","","1800","2","1","0","0","0","1","0","2","0","2","0","0","0","3","","","N","","","","","","","","","",""
"2022097576","1621","1","0","0","0","0","0","0","0","0","1","1","","67","10","2022","5","40.047811","-75.013628","1616","6","0","0","0","0","0","1","0","0","","0","1","0","16","1","1","N","0","0","40 02:52.119","","0","75 00:49.062","3","0","0","0","67301","0","0","0","N","0","0","0","4","67301","0","","1.0","","1","N","N","N","1","","1","0","1","0","0","","1609","4","1","0","0","0","0","0","2","0","4","0","0","0","3","03","","N","","","","","","","","","",""
"2022122780","1637","0","0","0","0","0","0","0","0","0","5","1","","67","12","2022","1","40.021292","-75.044933","1622","6","0","0","0","1","0","1","0","0","","0","1","0","16","4","1","N","0","0","40 01:16.650","","0","75 02:41.760","3","0","0","0","67301","0","0","0","N","0","0","0","2","67301","0","","1.0","","1","N","N","N","1","","1","0","0","0","0","","1600","3","1","0","0","0","0","0","2","1","3","0","0","0","3","","","N","","","","","","","","","",""
"2022108274","1410","1","0","0","1","0","0","0","0","0","8","0","","67","11","2022","7","39.967436","-75.179588","1400","6","0","0","0","0","0","0","0","0","","0","0","0","12","1","1","","1","0","39 58:02.768","","0","75 10:46.516","8","0","0","0","67301","1","0","0","N","0","0","0","2","67301","0","","1.0","","1","N","N","N","0","","0","0","0","3","2","","1245","2","1","1","0","0","1","0","2","0","1","1","0","0","3","03","","N","","","","","","","","","",""
"2022105794","0817","1","0","0","0","0","0","0","0","0","4","0","","67","11","2022","4","39.957191","-75.14203","0814","6","0","0","0","0","0","1","0","0","","0","0","0","8","1","0","","5","0","39 57:25.887","","2","75 08:31.307","0","0","0","0","67301","0","0","0","N","0","0","0","3","67301","0","","1.0","","1","N","N","N","1","","0","0","1","3","2","","813","3","0","0","0","0","0","0","2","0","3","0","0","0","3","03","","N","","","","","","","","","",""
"2022101074","0051","1","0","0","0","0","0","0","0","0","5","0","","67","10","2022","7","39.936305","-75.199482","0051","6","0","0","0","0","1","0","0","0","","0","0","0","0","3","1","N","0","2","39 56:10.699","4","0","75 11:58.136","3","0","0","0","67301","0","0","0","N","0","0","0","4","68K01","0","","1.0","130.0","1","N","N","Y","0","","1","0","0","0","0","N","51","2","1","0","0","0","0","1","2","0","2","0","0","0","3","","","N","","","","","","","","","",""
"2022108282","0910","2","0","0","0","0","0","0","0","0","5","0","","67","11","2022","4","39.984708","-75.100625","0907","6","0","0","0","0","0","0","0","0","","0","0","0","8","1","0","N","0","0","39 59:04.950","","0","75 06:02.250","0","0","0","0","67301","0","0","0","N","0","0","0","1","67301","0","","6.0","","1","N","N","N","0","","0","0","0","0","0","","807","2","0","0","0","0","0","0","2","0","2","0","0","0","3","","","N","","","","","","","","","",""
"2022108271","0802","1","0","0","0","0","0","0","0","0","4","0","","67","11","2022","3","39.923865","-75.185532","0802","6","0","0","1","0","0","0","0","0","","0","0","0","8","1","2","","1","1","39 55:25.914","3","0","75 11:07.915","3","0","0","0","67301","0","0","0","N","0","0","0","5","67301","1","","1.0","930.0","1","N","N","N","0","","1","0","1","3","3","Y","801","2","2","1","0","0","0","0","2","0","2","0","0","0","3","03","","N","","","","","","","","","",""
"2022106160","0015","2","0","0","0","0","0","0","0","0","1","0","","67","10","2022","1","39.960231","-75.227112","0010","6","0","0","0","0","0","1","0","0","","0","0","0","0","3","2","N","0","2","39 57:36.832","3","1","75 13:37.604","2","0","0","0","67301","0","0","0","N","0","0","0","2","67301","0","","1.0","240.0","1","N","N","N","0","","0","1","2","0","0","Y","5","4","2","2","0","1","1","0","2","0","4","0","0","0","3","03","","N","","","","","","","","","",""
"2022109025","1400","0","0","0","0","0","0","0","0","0","8","0","","67","11","2022","5","40.045499","-75.164866","1355","6","0","0","0","0","0","0","0","0","","0","0","0","10","1","1","","1","0","40 02:43.798","","0","75 09:53.516","3","0","0","0","67301","1","0","0","N","1","0","0","2","67301","0","","1.0","","1","N","N","N","0","","1","0","1","3","1","","1020","2","1","1","0","0","0","0","2","0","1","1","0","0","3","03","","N","","","","","","","","","",""
"2022107728","1850","0","0","0","0","0","0","0","0","0","4","0","","67","11","2022","2","40.018805","-75.164479","1842","6","0","0","0","0","0","0","0","0","","0","0","0","18","3","1","N","0","2","40 01:07.697","3","0","75 09:52.124","3","0","0","0","67301","0","0","0","N","0","0","0","3","67301","0","","1.0","1915.0","1","N","N","N","0","","1","0","2","0","0","N","1818","2","1","0","0","0","0","0","2","0","2","0","0","0","3","","","N","","","","","","","","","",""
"2022109192","1604","0","0","0","0","0","0","0","0","0","4","0","","67","11","2022","4","39.922485","-75.228381","1604","6","0","0","0","0","0","1","0","0","","0","0","0","15","1","3","","1","0","39 55:20.946","","0","75 13:42.171","4","0","0","0","67301","0","0","0","N","0","0","0","4","67301","3","","1.0","","1","N","N","N","0","","0","0","2","3","3","","1550","2","3","0","0","0","0","0","2","0","2","0","0","0","3","","","N","","","","","","","","","",""