"CRN","ARRIVAL_TM","AUTOMOBILE_COUNT","BELTED_DEATH_COUNT","BELTED_SUSP_SERIOUS_INJ_COUNT","BICYCLE_COUNT","BICYCLE_DEATH_COUNT","BICYCLE_SUSP_SERIOUS_INJ_COUNT","BUS_COUNT","CHLDPAS_DEATH_COUNT","CHLDPAS_SUSP_SERIOUS_INJ_COUNT","COLLISION_TYPE","COMM_VEH_COUNT","CONS_ZONE_SPD_LIM","COUNTY","CRASH_MONTH","CRASH_YEAR","DAY_OF_WEEK","DEC_LATITUDE","DEC_LONGITUDE","DISPATCH_TM","DISTRICT","DRIVER_COUNT_16YR","DRIVER_COUNT_17YR","DRIVER_COUNT_18YR","DRIVER_COUNT_19YR","DRIVER_COUNT_20YR","DRIVER_COUNT_50_64YR","DRIVER_COUNT_65_74YR","DRIVER_COUNT_75PLUS","EST_HRS_CLOSED","FATAL_COUNT","HEAVY_TRUCK_COUNT","HORSE_BUGGY_COUNT","HOUR_OF_DAY","ILLUMINATION","INJURY_COUNT","INTERSECTION_RELATED","INTERSECT_TYPE","LANE_CLOSED","LATITUDE","LN_CLOSE_DIR","LOCATION_TYPE","LONGITUDE","MAX_SEVERITY_LEVEL","MCYCLE_DEATH_COUNT","MCYCLE_SUSP_SERIOUS_INJ_COUNT","MOTORCYCLE_COUNT","MUNICIPALITY","NONMOTR_COUNT","NONMOTR_DEATH_COUNT","NONMOTR_SUSP_SERIOUS_INJ_COUNT","NTFY_HIWY_MAINT","PED_COUNT","PED_DEATH_COUNT","PED_SUSP_SERIOUS_INJ_COUNT","PERSON_COUNT","POLICE_AGCY","POSSIBLE_INJ_COUNT","RDWY_SURF_TYPE_CD","RELATION_TO_ROAD","ROADWAY_CLEARED","ROAD_CONDITION","SCH_BUS_IND","SCH_ZONE_IND","SECONDARY_CRASH","SMALL_TRUCK_COUNT","SPEC_JURIS_CD","SUSP_MINOR_INJ_COUNT","SUSP_SERIOUS_INJ_COUNT","SUV_COUNT","TCD_FUNC_CD","TCD_TYPE","TFC_DETOUR_IND","TIME_OF_DAY","TOTAL_UNITS","TOT_INJ_COUNT","UNBELTED_OCC_COUNT","UNB_DEATH_COUNT","UNB_SUSP_SERIOUS_INJ_COUNT","UNK_INJ_DEG_COUNT","UNK_INJ_PER_COUNT","URBAN_RURAL","VAN_COUNT","VEHICLE_COUNT","VULNERABLE_ROAD_USER_COUNT","VULNERABLE_ROAD_USER_DEATH_COUNT","VULNERABLE_ROAD_USER_SER_INJ_COUNT","WEATHER1","WEATHER2","WORKERS_PRES","WORK_ZONE_IND","WORK_ZONE_LOC","WORK_ZONE_TYPE","WZ_CLOSE_DETOUR","WZ_FLAGGER","WZ_LAW_OFFCR_IND","WZ_LN_CLOSURE","WZ_MOVING","WZ_OTHER","WZ_SHLDER_MDN","WZ_WORKERS_INJ_KILLED"
"2022109440","1658","0","0","0","0","0","0","0","0","0","1","0","","67","11","2022","6","39.989026","-75.08775","1627","6","0","0","0","0","0","1","0","0","","0","0","0","14","1","0","N","0","0","39 59:20.494","","0","75 05:15.901","0","0","0","0","67301","0","0","0","N","0","0","0","2","68K01","0","","1.0","","1","N","N","N","0","","0","0","2","0","0","","1456","2","0","1","0","0","0","0","2","0","2","0","0","0","3","","","N","","","","","","","","","",""
"2022109458","0742","1","0","0","1","0","0","0","0","0","8","0","","67","11","2022","6","39.961855","-75.157718","0737","6","0","0","0","0","0","0","0","0","","0","0","0","7","1","1","","5","0","39 57:42.677","","0","75 09:27.784","3","0","0","0","67301","1","0","0","N","0","0","0","2","67301","0","","1.0","","1","N","N","N","0","","1","0","0","3","2","","720","2","1","0","0","0","0","0","2","0","1","1","0","0","3","","","N","","","","","","","","","",""
"2022099296","2349","2","0","0","0","0","0","0","0","0","5","0","","67","10","2022","2","39.961515","-75.182583","2312","6","0","0","0","0","0","0","0","0","","0","0","0","23","3","0","N","0","0","39 57:41.455","","0","75 10:57.298","0","0","0","0","67301","0","0","0","N","0","0","0","2","68K01","0","","1.0","","1","N","N","N","0","","0","0","0","0","0","","2308","2","0","0","0","0","0","0","2","0","2","0","0","0","3","03","","N","","","","","","","","","",""
"2022116660","1701","1","0","0","0","0","0","0","0","0","4","0","","67","11","2022","4","39.970507","-75.234205","1700","6","0","0","0","0","0","0","0","0","","0","0","0","19","1","6","","1","0","39 58:13.825","","0","75 14:03.137","3","0","0","0","67301","0","0","0","N","0","0","0","10","67301","0","","1.0","","99","N","N","N","0","","6","0","1","3","2","","1905","2","6","0","0","0","0","4","2","0","2","0","0","0","99","","","N","","","","","","","","","",""
"2022123004","0217","2","0","0","0","0","0","0","0","0","1","0","","67","11","2022","1","39.960066","-75.17939","0217","6","0","0","0","0","0","0","0","0","","0","0","0","2","3","0","N","0","0","39 57:36.237","","3","75 10:45.803","0","0","0","0","67301","0","0","0","N","0","0","0","2","68K01","0","","1.0","","1","N","N","N","0","","0","0","0","0","0","","217","2","0","0","0","0","0","0","2","0","2","0","0","0","3","","","N","","","","","","","","","",""
"2022105975","1250","0","0","0","0","0","0","0","0","0","4","0","","67","11","2022","5","39.944339","-75.230956","1250","6","0","0","0","0","0","0","0","0","","0","0","0","12","1","1","","1","0","39 56:39.619","","0","75 13:51.440","4","0","0","0","67301","0","0","0","N","0","0","0","2","67301","1","","1.0","","1","N","N","N","0","","0","0","2","3","3","","1250","2","1","0","0","0","0","0","2","0","2","0","0","0","3","03","","N","","","","","","","","","",""
"2022123668","1208","1","0","0","0","0","0","0","0","0","4","0","","67","11","2022","5","39.977194","-75.179787","1208","6","0","0","0","0","0","0","0","0","","0","0","0","12","1","1","","1","1","39 58:37.898","4","0","75 10:47.233","3","0","0","0","67301","0","0","0","N","0","0","0","2","67301","0","","1.0","45.0","1","N","N","N","0","","1","0","1","3","2","Y","1208","2","1","0","0","0","0","0","2","0","2","0","0","0","3","03","","N","","","","","","","","","",""
"2022106166","0007","0","0","0","0","0","0","0","0","0","8","0","","67","11","2022","7","39.954257","-75.232169","0007","6","0","0","0","0","0","1","0","0","","0","0","0","0","3","1","","1","1","39 57:15.325","3","0","75 13:55.808","3","0","0","0","67301","1","0","0","N","1","0","0","2","67301","0","","1.0","200.0","9","N","N","N","0","","1","0","1","3","3","N","7","2","1","0","0","0","0","0","2","0","1","1","0","0","3","98","","N","","","","","","","","","",""
"2022121953","1815","0","0","0","0","0","0","0","0","0","4","0","","67","11","2022","6","39.974509","-75.220974","1810","6","0","0","0","0","0","1","0","0","","0","0","0","18","3","1","N","0","0","39 58:28.232","","0","75 13:15.507","8","0","0","0","67301","0","0","0","N","0","0","0","2","67301","0","","1.0","","9","N","N","N","0","","0","0","1","0","0","","1809","2","1","0","0","0","1","0","2","0","2","0","0","0","7","","","N","","","","","","","","","",""
"2022105983","0745","0","0","0","0","0","0","0","0","0","7","0","","67","11","2022","4","40.029161","-75.186708","0742","6","0","0","0","0","0","0","0","0","","0","0","0","7","1","2","N","0","2","40 01:44.980","6","0","75 11:12.150","3","0","0","0","67301","0","0","0","N","0","0","0","2","67301","0","","4.0","930.0","1","N","N","N","0","","2","0","1","0","0","Y","742","1","2","0","0","0","0","0","2","0","1","0","0","0","3","","","N","","","","","","","","","",""
"2022097193","0100","1","0","0","0","0","0","0","0","0","99","0","","67","10","2022","4","40.007865","-75.172261","0056","6","0","0","0","0","0","0","0","0","","0","0","0","0","3","1","","1","0","40 00:28.314","","0","75 10:20.141","3","0","0","0","67301","0","0","0","N","0","0","0","3","67301","0","","1.0","","1","N","N","N","0","","1","0","2","3","2","","50","3","1","2","0","0","0","0","2","0","3","0","0","0","3","03","","N","","","","","","","","","",""
"2022097574","1955","0","0","0","0","0","0","0","0","0","8","0","","67","10","2022","4","39.937614","-75.146456","1947","6","0","0","0","0","0","1","0","0","","0","0","0","19","3","1","","1","0","39 56:15.411","","0","75 08:47.240","3","0","0","0","67301","1","0","0","N","1","0","0","2","67301","0","","1.0","","1","N","N","N","0","","1","0","1","3","3","","1947","2","1","0","0","0","0","0","2","0","1","1","0","0","3","03","","N","","","","","","","","","",""
"2022071240","","0","0","0","0","0","0","0","0","0","5","0","","67","7","2022","6","40.030127","-75.035164","","6","0","0","0","0","0","1","0","0","","0","0","0","13","1","1","N","0","0","40 01:48.458","","0","75 02:06.590","8","0","0","0","67301","0","0","0","N","0","0","0","2","00000","0","","1.0","","1","","","N","0","","0","0","1","0","0","","1330","2","1","0","0","0","1","0","2","0","2","0","0","0","3","","","N","","","","","","","","","",""
"2022112262","1758","0","0","0","0","0","0","0","0","0","8","0","","67","11","2022","3","39.964794","-75.238145","1758","6","0","0","0","0","0","0","0","0","","0","0","0","17","3","1","","1","0","39 57:53.258","","0","75 14:17.321","3","0","0","0","67301","1","0","0","N","1","0","0","2","67301","0","","1.0","","9","N","N","N","0","","1","0","1","3","2","","1755","2","1","1","0","0","0","0","2","0","1","1","0","0","7","","","N","","","","","","","","","",""
"2022105808","2040","2","0","0","0","0","0","0","0","0","5","0","","67","11","2022","6","39.983528","-75.159389","2034","6","0","0","0","1","0","0","0","0","","0","0","0","20","3","0","N","0","0","39 59:00.700","","0","75 09:33.800","0","0","0","0","67301","0","0","0","N","0","0","0","1","67505","0","","6.0","","9","N","N","Y","0","","0","0","2","0","0","","2025","4","0","0","0","0","0","0","2","0","4","0","0","0","7","04","","N","","","","","","","","","",""
"2022098066","1940","1","0","0","0","0","0","0","0","0","4","0","","67","10","2022","4","40.013391","-75.184124","1855","6","0","0","0","0","0","0","0","1","","0","0","0","18","2","2","","2","0","40 00:48.207","","0","75 11:02.845","3","0","0","0","67301","0","0","0","N","0","0","0","2","67301","0","","1.0","","1","N","N","N","0","","2","0","1","3","3","","1854","2","2","0","0","0","0","0","2","0","2","0","0","0","3","03","","N","","","","","","","","","",""
"2022106146","1255","1","0","0","0","0","0","0","0","0","4","0","","67","11","2022","6","40.058751","-75.050583","1241","6","0","0","0","1","0","0","0","0","","0","0","0","12","1","1","","1","0","40 03:31.504","","0","75 03:02.099","3","0","0","0","67301","0","0","0","N","0","0","0","3","67301","0","","1.0","","9","N","N","N","0","","1","0","0","3","3","","1240","2","1","0","0","0","0","0","2","1","2","0","0","0","7","07","","N","","","","","","","","","",""
"2022120135","2210","1","0","0","0","0","0","0","0","0","7","0","","67","12","2022","4","40.00075","-75.15745","2206","6","0","0","1","0","0","0","0","0","","0","0","0","21","3","0","N","0","2","40 00:02.700","2","0","75 09:26.820","0","0","0","0","67301","0","0","0","N","0","0","0","1","67301","0","","5.0","2300.0","1","N","N","N","0","","0","0","0","0","0","Y","2157","1","0","1","0","0","0","0","2","0","1","0","0","0","4","04","","N","","","","","","","","","",""
"2022107028","0125","1","0","0","0","0","0","0","0","0","7","0","","67","11","2022","6","39.977742","-75.200106","0125","6","0","0","0","0","0","0","0","0","","0","0","0","0","3","0","N","0","0","39 58:39.870","","0","75 12:00.380","9","0","0","0","67301","0","0","0","N","0","0","0","1","67301","0","","4.0","","1","N","N","N","0","","0","0","0","0","0","","32","1","0","0","0","0","0","1","2","0","1","0","0","0","3","03","","N","","","","","","","","","",""
"2022095863","0300","1","0","0","0","0","0","0","0","0","7","0","","67","10","2022","1","39.955776","-75.180698","0253","6","0","0","0","0","0","0","0","0","","0","0","0","2","3","0","","3","0","39 57:20.795","","3","75 10:50.512","9","0","0","0","67301","0","0","0","N","0","0","0","2","67301","0","","4.0","","1","N","N","N","0","","0","0","0","3","2","","249","1","0","0","0","0","0","1","2","0","1","0","0","0","3","03","","N","","","","","","","","","",""
"2022120121","1159","1","0","0","0","0","0","0","0","0","1","0","","67","12","2022","7","40.131557","-75.01178","1155","6","0","0","0","0","0","0","2","0","","0","0","0","11","1","1","Y","0","1","40 07:53.605","4","0","75 00:42.408","3","0","0","0","67301","0","0","0","N","0","0","0","4","67301","0","","1.0","1210.0","1","N","N","N","0","","1","0","1","3","2","N","1154","4","1","0","0","0","0","0","2","2","4","0","0","0","3","03","","N","","","","","","","","","",""
"2022118478","0243","0","0","0","0","0","0","0","0","0","7","0","","67","11","2022","4","39.982272","-75.100246","0236","6","0","0","0","0","0","1","0","0","","0","0","0","2","3","0","","7","0","39 58:56.179","","2","75 06:00.884","0","0","0","0","67301","0","0","0","N","0","0","0","1","68K01","0","","7.0","","8","N","N","N","1","","0","0","0","0","0","","234","1","0","0","0","0","0","0","2","0","1","0","0","0","7","07","","N","","","","","","","","","",""
"2022109365","1242","1","0","0","0","0","0","0","0","0","1","0","","67","11","2022","2","39.986142","-75.097314","1242","6","0","0","0","0","0","0","0","0","","0","0","0","22","3","0","N","0","0","39 59:10.110","","0","75 05:50.330","0","0","0","0","67301","0","0","0","N","0","0","0","2","67301","0","","1.0","","1","N","N","N","0","","0","0","1","0","0","","2234","3","0","0","0","0","0","0","2","0","3","0","0","0","3","03","","N","","","","","","","","","",""
"2022113195","0217","1","0","0","0","0","0","0","0","0","7","0","","67","11","2022","7","40.013822","-75.125842","0214","6","0","0","0","0","0","0","0","0","","0","0","0","2","3","2","N","0","0","40 00:49.760","","0","75 07:33.030","2","0","0","0","67301","0","0","0","N","0","0","0","3","67301","0","","4.0","","9","N","N","N","0","","1","1","0","0","0","","210","1","2","2","0","0","0","1","2","0","1","0","0","0","7","07","","N","","","","","","","","","",""
"2022096730","0355","2","0","0","0","0","0","0","0","0","4","0","","67","10","2022","1","40.025464","-75.027164","0347","6","0","0","0","0","0","0","0","0","","0","0","0","2","3","0","","2","0","40 01:31.670","","0","75 01:37.791","0","0","0","0","67301","0","0","0","N","0","0","0","1","67301","0","","1.0","","1","N","N","N","0","","0","0","0","3","3","","242","2","0","1","0","0","0","0","2","0","2","0","0","0","3","03","","N","","","","","","","","","",""
"2022119269","1620","0","0","0","0","0","0","0","0","0","1","0","","67","12","2022","5","40.059599","-74.992398","1600","6","0","0","0","0","0","1","0","0","","0","0","0","13","1","1","N","0","0","40 03:34.557","","0","74 59:32.634","3","0","0","0","67301","0","0","0","N","0","0","0","5","67301","0","","1.0","","9","N","N","N","0","","1","0","1","0","0","","1350","2","1","0","0","0","0","1","2","1","2","0","0","0","7","04","","N","","","","","","","","","",""
"2022096176","2143","1","0","0","0","0","0","0","0","0","4","0","","67","10","2022","2","39.980213","-75.157468","2140","6","0","0","0","0","1","0","0","0","","0","0","0","21","3","2","","1","1","39 58:48.767","1","0","75 09:26.884","3","0","0","0","67301","0","0","0","N","0","0","0","2","67505","0","","1.0","2200.0","9","N","N","Y","0","","2","0","1","3","2","N","2137","2","2","0","0","0","0","0","2","0","2","0","0","0","7","","","N","","","","","","","","","",""
"2022096732","0250","2","0","0","0","0","0","0","0","0","6","0","","67","10","2022","1","40.025481","-75.072856","0245","6","0","0","0","0","0","0","0","0","","0","0","0","20","6","0","N","0","0","40 01:31.731","","0","75 04:22.281","9","0","0","0","67301","0","0","0","N","0","0","0","4","67301","0","","1.0","","1","N","N","N","0","","0","0","0","0","0","","2010","2","0","1","0","0","0","2","2","0","2","0","0","0","3","03","","N","","","","","","","","","",""
"2022119928","0919","0","0","0","0","0","0","0","0","0","4","0","","67","12","2022","6","40.087211","-75.032756","0909","6","1","0","0","0","0","0","0","0","","0","0","0","7","1","0","","1","0","40 05:13.959","","0","75 01:57.921","0","0","0","0","67301","0","0","0","N","0","0","0","3","67301","0","","1.0","","9","N","N","N","0","","0","0","1","3","3","","730","2","0","0","0","0","0","0","2","1","2","0","0","0","7","07","","N","","","","","","","","","",""
"2022097187","1300","0","0","0","0","0","0","0","0","0","8","0","","67","10","2022","2","39.99545","-75.167614","1254","6","0","0","0","0","0","0","0","0","","0","0","0","12","1","1","N","0","0","39 59:43.620","","0","75 10:03.410","3","0","0","0","67301","1","0","0","N","1","0","0","2","67301","0","","1.0","","1","N","Y","N","0","","1","0","0","0","0","","1251","2","1","0","0","0","0","0","2","0","1","1","0","0","3","03","","N","","","","","","","","","",""
"2022096735","1535","0","0","0","0","0","0","0","0","0","4","0","","67","10","2022","2","40.026442","-75.074667","1521","6","0","0","0","0","0","1","0","0","","0","0","0","15","1","1","N","0","2","40 01:35.190","6","0","75 04:28.800","4","0","0","1","67301","0","0","0","N","0","0","0","2","67301","1","","1.0","1700.0","1","N","N","N","0","","0","0","1","0","0","N","1517","2","1","1","0","0","0","0","2","0","2","0","0","0","4","04","","N","","","","","","","","","",""
"2022098265","1732","0","0","0","0","0","0","0","0","0","8","0","","67","10","2022","3","39.978118","-75.130914","1730","6","0","0","0","0","0","0","0","0","","0","0","0","16","1","1","N","0","0","39 58:41.225","","0","75 07:51.290","3","0","0","0","67301","1","0","0","N","1","0","0","2","67301","0","","1.0","","1","N","N","N","0","","1","0","1","0","0","","1615","2","1","1","0","0","0","0","2","0","1","1","0","0","3","","","N","","","","","","","","","",""
"2022120120","1809","2","0","0","0","0","0","0","0","0","4","0","","67","12","2022","5","40.102486","-75.028736","1808","6","0","1","0","0","0","1","0","0","","0","0","0","18","3","1","","1","0","40 06:08.948","","0","75 01:43.450","4","0","0","0","67301","0","0","0","N","0","0","0","2","67301","1","","1.0","","9","N","N","N","0","","0","0","0","3","2","","1800","2","1","0","0","0","0","0","2","0","2","0","0","0","7","","","N","","","","","","","","","",""
"2022120128","1043","2","0","0","0","0","0","0","0","0","5","0","","67","12","2022","6","39.992872","-75.132492","1032","6","0","0","0","0","0","0","0","0","","0","0","0","9","1","0","N","0","0","39 59:34.340","","0","75 07:56.970","9","0","0","0","67301","0","0","0","N","0","0","0","1","67301","0","","6.0","","1","N","N","Y","0","","0","0","1","0","0","","902","3","0","0","0","0","0","1","2","0","3","0","0","0","3","03","","N","","","","","","","","","",""
"2022106268","1111","3","0","0","0","0","0","0","0","0","1","0","","67","11","2022","7","40.070989","-75.191572","1056","6","0","0","0","0","1","1","0","0","","0","0","0","10","1","5","N","0","0","40 04:15.560","","0","75 11:29.660","4","0","0","0","67301","0","0","0","N","0","0","0","5","67301","5","","1.0","","1","N","N","N","0","","0","0","2","0","0","","1045","5","5","0","0","0","0","0","2","0","5","0","0","0","3","","","N","","","","","","","","","",""
"2022106643","0434","2","0","0","0","0","0","0","0","0","4","0","","67","11","2022","1","40.03054","-75.118198","0430","6","0","0","0","0","0","0","0","0","","0","0","0","4","3","0","","1","0","40 01:49.943","","0","75 07:05.511","0","0","0","0","67301","0","0","0","N","0","0","0","2","67301","0","","1.0","","1","N","N","N","0","","0","0","0","3","2","","423","2","0","0","0","0","0","0","2","0","2","0","0","0","3","03","","N","","","","","","","","","",""
"2022105124","0830","0","0","0","0","0","0","0","0","0","4","0","","67","11","2022","4","40.076631","-74.992472","0825","6","0","0","0","0","0","0","0","0","","0","0","0","7","1","1","","1","1","40 04:35.871","1","0","74 59:32.899","3","0","0","0","67301","0","0","0","N","0","0","0","3","67301","0","","1.0","850.0","1","N","N","N","0","","1","0","2","3","3","N","745","2","1","0","0","0","0","0","2","0","2","0","0","0","3","","","N","","","","","","","","","",""
"2022122224","0038","0","0","0","0","0","0","0","0","0","5","0","","67","12","2022","6","39.997804","-75.218896","0035","6","0","0","0","0","0","0","0","0","","0","0","0","0","3","0","N","0","2","39 59:52.096","6","0","75 13:08.025","0","0","0","0","67301","0","0","0","N","0","0","0","1","67301","0","","6.0","10.0","9","N","N","N","1","","0","0","1","0","0","Y","10","2","0","0","0","0","0","0","2","0","2","0","0","0","7","07","","N","","","","","","","","","",""
"2022113196","0448","1","0","0","0","0","0","0","0","0","4","0","","67","11","2022","7","40.020348","-75.134026","0447","6","0","0","0","0","0","0","0","0","","0","0","0","4","3","1","","1","0","40 01:13.252","","0","75 08:02.493","3","0","0","0","67301","0","0","0","N","0","0","0","2","67301","0","","1.0","","9","N","N","N","0","","1","0","1","3","2","","430","2","1","1","0","0","0","0","2","0","2","0","0","0","7","","","N","","","","","","","","","",""
"2022108092","1833","1","0","0","0","0","0","0","0","0","1","0","","67","11","2022","3","40.003066","-75.164297","1831","6","0","0","0","0","0","0","0","0","","0","0","0","18","3","3","","1","0","40 00:11.036","","0","75 09:51.468","8","0","0","0","67301","0","0","0","N","0","0","0","3","67301","0","","1.0","","9","N","N","N","0","","0","0","1","3","2","","1825","2","3","0","0","0","3","0","2","0","2","0","0","0","7","","","N","","","","","","","","","",""
"2022115444","0315","3","0","0","0","0","0","0","0","0","5","0","","67","11","2022","6","39.966411","-75.23855","0302","6","0","0","0","0","0","0","0","0","","0","0","0","2","3","0","N","0","1","39 57:59.080","4","0","75 14:18.780","0","0","0","0","67301","0","0","0","N","0","0","0","1","67301","0","","6.0","430.0","1","N","N","N","0","","0","0","2","0","0","N","247","5","0","1","0","0","0","0","2","0","5","0","0","0","3","03","","N","","","","","","","","","",""
"2022106629","2129","0","0","0","0","0","0","0","0","0","4","0","","67","11","2022","6","40.031986","-75.108377","2128","6","0","0","0","0","0","0","1","0","","0","0","0","19","3","2","","2","0","40 01:55.149","","0","75 06:30.157","3","0","0","0","67301","0","0","0","N","0","0","0","3","67301","0","","1.0","","9","N","N","N","0","","2","0","2","3","3","","1941","2","2","1","0","0","0","0","2","0","2","0","0","0","7","07","","N","","","","","","","","","",""
"2022078285","0245","0","0","0","0","0","0","0","0","0","4","0","","67","8","2022","7","39.958928","-75.241393","0240","6","0","0","0","0","0","0","0","0","","0","0","0","2","3","1","","1","0","39 57:32.142","","0","75 14:29.013","3","0","0","0","67301","0","0","0","N","0","0","0","3","67301","0","","1.0","","1","N","N","N","0","","1","0","2","3","2","","230","2","1","0","0","0","0","1","2","0","2","0","0","0","3","03","","N","","","","","","","","","",""
"2022114103","1028","1","0","0","0","0","0","0","0","0","8","0","","67","12","2022","7","39.955859","-75.191456","1027","6","0","0","0","0","0","0","1","0","","0","0","0","10","1","1","","1","0","39 57:21.092","","0","75 11:29.243","4","0","0","0","67301","1","0","0","N","1","0","0","2","67507","1","","1.0","","9","N","N","N","0","","0","0","0","3","2","","1024","2","1","0","0","0","0","0","2","0","1","1","0","0","7","04","","N","","","","","","","","","",""
"2022106161","0643","1","0","0","0","0","0","0","0","0","5","0","","67","10","2022","3","39.953839","-75.187806","0638","6","0","0","0","0","0","0","0","1","","0","0","0","6","5","1","N","0","0","39 57:13.822","","0","75 11:16.101","4","0","0","0","67301","0","0","0","N","0","0","0","3","67301","1","","1.0","","1","N","N","N","0","","0","0","1","0","0","","635","2","1","1","0","0","0","0","2","0","2","0","0","0","3","03","","N","","","","","","","","","",""
"2022110920","0200","0","0","0","0","0","0","0","0","0","6","0","","67","11","2022","5","40.031328","-75.034817","0155","6","0","0","0","0","0","0","0","0","","0","0","0","1","3","0","N","0","0","40 01:52.780","","0","75 02:05.340","0","0","0","0","67301","0","0","0","N","0","0","0","1","67301","0","","6.0","","1","N","N","N","0","","0","0","2","0","0","","135","2","0","1","0","0","0","0","2","0","2","0","0","0","3","03","","N","","","","","","","","","",""
"2022097180","1322","2","0","0","0","0","0","0","0","0","4","0","","67","10","2022","4","40.043622","-75.173368","1320","6","0","0","0","0","0","1","0","0","","0","0","0","13","1","2","","1","0","40 02:37.039","","0","75 10:24.124","4","0","0","0","67301","0","0","0","N","0","0","0","3","67301","2","","1.0","","1","N","N","N","0","","0","0","0","3","3","","1314","2","2","0","0","0","0","0","2","0","2","0","0","0","4","98","","N","","","","","","","","","",""
"2022097182","2110","0","0","0","0","0","0","0","0","0","4","0","","67","10","2022","3","39.969665","-75.211511","2107","6","0","0","0","0","0","1","0","0","","0","0","0","21","3","1","","1","0","39 58:10.794","","0","75 12:41.441","4","0","0","0","67301","0","0","0","N","0","0","0","4","67301","1","","1.0","","1","N","N","N","0","","0","0","2","3","2","","2103","2","1","0","0","0","0","0","2","0","2","0","0","0","3","03","","N","","","","","","","","","",""
"2022107173","0859","0","0","0","0","0","0","0","0","0","7","0","","67","11","2022","1","40.001318","-75.186732","0859","6","0","0","0","0","0","0","0","0","","0","0","0","7","1","1","N","0","0","40 00:04.744","","0","75 11:12.234","3","0","0","0","67301","0","0","0","N","0","0","0","1","67301","0","","4.0","","1","N","N","Y","0","","1","0","1","0","0","","748","1","1","0","0","0","0","0","2","0","1","0","0","0","3","03","","N","","","","","","","","","",""
"2022114086","2030","2","0","0","0","0","0","0","0","0","5","0","","67","12","2022","5","40.040392","-75.146422","2027","6","0","0","0","0","0","0","0","0","","0","0","0","20","3","0","N","0","0","40 02:25.410","","0","75 08:47.120","9","0","0","0","67301","0","0","0","N","0","0","0","1","67301","0","","6.0","","1","N","N","N","0","","0","0","0","0","0","","2027","2","0","0","0","0","0","1","2","0","2","0","0","0","3","03","","N","","","","","","","","","",""
"2022100046","2145","1","0","0","0","0","0","0","0","0","5","0","","67","10","2022","2","39.934012","-75.199935","2136","6","0","0","0","0","0","0","0","0","","0","0","0","21","3","0","N","0","0","39 56:02.444","","0","75 11:59.767","0","0","0","0","67301","0","0","0","N","0","0","0","2","68K01","0","","1.0","","9","N","N","N","0","","0","0","1","0","0","","2134","2","0","0","0","0","0","0","2","0","2","0","0","0","3","03","","N","","","","","","","","","",""
"2022097183","0000","1","0","0","0","0","0","0","0","0","4","0","","67","10","2022","3","39.966585","-75.213525","1159","6","0","0","0","0","0","0","0","0","","0","0","0","23","3","3","","1","1","39 57:59.705","6","0","75 12:48.690","3","0","0","0","67301","0","0","0","N","0","0","0","3","67301","0","","1.0","134.0","1","N","N","N","0","","3","0","1","3","2","N","2358","2","3","0","0","0","0","0","2","0","2","0","0","0","3","03","","N","","","","","","","","","",""
"2022112913","0024","0","0","0","0","0","0","0","0","0","7","0","","67","11","2022","4","39.971446","-75.159371","0023","6","0","0","0","0","0","0","0","0","","0","0","0","0","3","0","","1","2","39 58:17.205","1","0","75 09:33.736","0","0","0","0","67301","0","0","0","N","0","0","0","1","67301","0","","4.0","120.0","1","N","N","N","1","","0","0","0","3","2","Y","12","1","0","1","0","0","0","0","2","0","1","0","0","0","3","04","","N","","","","","","","","","",""
"2022097777","2107","2","0","0","0","0","0","0","0","0","4","0","","67","10","2022","3","40.018502","-75.057627","2101","6","0","0","0","0","0","0","0","0","","0","0","0","21","3","2","","1","2","40 01:06.607","3","0","75 03:27.456","8","0","0","0","67301","0","0","0","N","0","0","0","5","67301","0","","1.0","2215.0","1","N","N","N","0","","0","0","0","3","2","N","2101","2","2","0","0","0","2","0","2","0","2","0","0","0","3","","","N","","","","","","","","","",""
"2022122397","2211","2","0","0","0","0","0","0","0","0","4","0","","67","12","2022","6","40.016785","-75.083611","2210","6","0","0","0","0","0","0","0","0","","0","0","0","22","3","1","N","1","0","40 01:00.426","","7","75 05:00.999","3","0","0","0","67301","0","0","0","N","0","0","0","3","67301","0","","1.0","","1","N","N","N","0","","1","0","0","3","2","","2200","2","1","0","0","0","0","0","2","0","2","0","0","0","3","","","N","","","","","","","","","",""
"2022118754","1914","1","0","0","0","0","0","0","0","0","4","0","","67","10","2022","3","39.971671","-75.237747","1914","6","0","0","0","0","0","1","1","0","","0","0","0","19","3","0","","1","0","39 58:18.015","","0","75 14:15.889","0","0","0","0","67301","0","0","0","N","0","0","0","4","67301","0","","1.0","","1","N","N","N","1","","0","0","0","3","3","","1914","2","0","0","0","0","0","0","2","0","2","0","0","0","3","03","","N","","","","","","","","","",""
"2022096725","0136","0","0","0","0","0","0","0","0","0","5","0","","67","10","2022","1","39.886119","-75.218303","0126","6","0","0","0","0","0","0","0","0","","0","0","0","23","3","4","N","0","0","39 53:10.030","","0","75 13:05.890","3","0","0","0","67301","0","0","0","N","0","0","0","5","67301","3","","1.0","","1","N","N","N","0","","1","0","2","0","0","","2300","2","4","3","0","0","0","1","2","0","2","0","0","0","3","03","","N","","","","","","","","","",""