"CRN","ARRIVAL_TM","AUTOMOBILE_COUNT","BELTED_DEATH_COUNT","BELTED_SUSP_SERIOUS_INJ_COUNT","BICYCLE_COUNT","BICYCLE_DEATH_COUNT","BICYCLE_SUSP_SERIOUS_INJ_COUNT","BUS_COUNT","CHLDPAS_DEATH_COUNT","CHLDPAS_SUSP_SERIOUS_INJ_COUNT","COLLISION_TYPE","COMM_VEH_COUNT","CONS_ZONE_SPD_LIM","COUNTY","CRASH_MONTH","CRASH_YEAR","DAY_OF_WEEK","DEC_LATITUDE","DEC_LONGITUDE","DISPATCH_TM","DISTRICT","DRIVER_COUNT_16YR","DRIVER_COUNT_17YR","DRIVER_COUNT_18YR","DRIVER_COUNT_19YR","DRIVER_COUNT_20YR","DRIVER_COUNT_50_64YR","DRIVER_COUNT_65_74YR","DRIVER_COUNT_75PLUS","EST_HRS_CLOSED","FATAL_COUNT","HEAVY_TRUCK_COUNT","HORSE_BUGGY_COUNT","HOUR_OF_DAY","ILLUMINATION","INJURY_COUNT","INTERSECTION_RELATED","INTERSECT_TYPE","LANE_CLOSED","LATITUDE","LN_CLOSE_DIR","LOCATION_TYPE","LONGITUDE","MAX_SEVERITY_LEVEL","MCYCLE_DEATH_COUNT","MCYCLE_SUSP_SERIOUS_INJ_COUNT","MOTORCYCLE_COUNT","MUNICIPALITY","NONMOTR_COUNT","NONMOTR_DEATH_COUNT","NONMOTR_SUSP_SERIOUS_INJ_COUNT","NTFY_HIWY_MAINT","PED_COUNT","PED_DEATH_COUNT","PED_SUSP_SERIOUS_INJ_COUNT","PERSON_COUNT","POLICE_AGCY","POSSIBLE_INJ_COUNT","RDWY_SURF_TYPE_CD","RELATION_TO_ROAD","ROADWAY_CLEARED","ROAD_CONDITION","SCH_BUS_IND","SCH_ZONE_IND","SECONDARY_CRASH","SMALL_TRUCK_COUNT","SPEC_JURIS_CD","SUSP_MINOR_INJ_COUNT","SUSP_SERIOUS_INJ_COUNT","SUV_COUNT","TCD_FUNC_CD","TCD_TYPE","TFC_DETOUR_IND","TIME_OF_DAY","TOTAL_UNITS","TOT_INJ_COUNT","UNBELTED_OCC_COUNT","UNB_DEATH_COUNT","UNB_SUSP_SERIOUS_INJ_COUNT","UNK_INJ_DEG_COUNT","UNK_INJ_PER_COUNT","URBAN_RURAL","VAN_COUNT","VEHICLE_COUNT","VULNERABLE_ROAD_USER_COUNT","VULNERABLE_ROAD_USER_DEATH_COUNT","VULNERABLE_ROAD_USER_SER_INJ_COUNT","WEATHER1","WEATHER2","WORKERS_PRES","WORK_ZONE_IND","WORK_ZONE_LOC","WORK_ZONE_TYPE","WZ_CLOSE_DETOUR","WZ_FLAGGER","WZ_LAW_OFFCR_IND","WZ_LN_CLOSURE","WZ_MOVING","WZ_OTHER","WZ_SHLDER_MDN","WZ_WORKERS_INJ_KILLED"
"2022097707","1729","0","0","0","1","0","0","0","0","0","8","0","","67","10","2022","2","39.955859","-75.191456","1729","6","0","0","0","0","0","0","0","0","","0","0","0","17","4","1","","1","0","39 57:21.092","","0","75 11:29.243","8","0","0","0","67301","1","0","0","N","0","0","0","2","67504","0","","1.0","","1","N","N","N","0","","0","0","1","3","2","","1728","2","1","0","0","0","1","0","2","0","1","1","0","0","3","03","","N","","","","","","","","","",""
"2022096734","0136","2","0","0","0","0","0","0","0","0","1","0","","67","10","2022","2","40.024235","-75.046545","0136","6","0","0","0","0","0","0","0","0","","0","0","0","1","3","2","","1","0","40 01:27.246","","0","75 02:47.562","3","0","0","0","67301","0","0","0","N","0","0","0","2","67301","0","","1.0","","1","N","N","N","0","","2","0","0","3","2","","135","2","2","0","0","0","0","0","2","0","2","0","0","0","3","03","","N","","","","","","","","","",""
"2022105130","0052","2","0","0","0","0","0","0","0","0","6","0","","67","11","2022","4","40.037371","-75.190983","0048","6","0","0","0","0","1","1","0","0","","0","0","0","0","3","0","","1","0","40 02:14.535","","0","75 11:27.538","9","0","0","0","67301","0","0","0","N","0","0","0","2","67301","0","","1.0","","1","N","N","N","0","","0","0","0","3","2","","47","2","0","0","0","0","0","2","2","0","2","0","0","0","3","03","","N","","","","","","","","","",""
"2022110572","1025","0","0","0","0","0","0","0","0","0","8","0","","67","11","2022","3","39.969769","-75.141305","1019","6","0","0","0","0","0","1","0","0","","0","0","0","10","1","1","N","0","0","39 58:11.167","","0","75 08:28.698","4","0","0","0","67301","1","0","0","N","1","0","0","2","67301","1","","1.0","","1","N","N","N","0","","0","0","1","0","0","","1015","2","1","0","0","0","0","0","2","0","1","1","0","0","3","03","","N","","","","","","","","","",""
"2022108277","2120","0","0","0","0","0","0","0","0","0","4","0","","67","11","2022","6","39.957208","-75.22748","2120","6","0","0","0","0","0","0","0","0","","0","0","0","21","3","0","","1","0","39 57:25.948","","0","75 13:38.927","0","0","0","0","67301","0","0","0","N","0","0","0","2","67301","0","","1.0","","9","N","N","N","0","","0","0","2","3","2","","2115","2","0","0","0","0","0","0","2","0","2","0","0","0","4","04","","N","","","","","","","","","",""
"2022100710","2019","1","0","0","0","0","0","0","0","0","7","0","","67","10","2022","5","39.912444","-75.173917","2018","6","0","0","0","0","0","1","0","0","","0","0","0","20","3","0","","7","2","39 54:44.800","3","8","75 10:26.100","0","0","0","0","67301","0","0","0","N","0","0","0","1","67501","0","","7.0","2037.0","1","N","N","N","0","","0","0","0","0","0","Y","2001","1","0","0","0","0","0","0","2","0","1","0","0","0","3","","","N","","","","","","","","","",""
"2022120490","1922","1","0","0","0","0","0","0","0","0","4","0","","67","11","2022","5","39.957843","-75.225322","1922","6","0","0","0","0","0","0","0","0","","0","0","0","19","3","0","N","0","1","39 57:28.236","1","7","75 13:31.160","0","0","0","0","67301","0","0","0","N","0","0","0","2","67301","0","","1.0","2030.0","1","N","N","N","0","","0","0","1","0","0","N","1922","2","0","2","0","0","0","0","2","0","2","0","0","0","3","03","","N","","","","","","","","","",""
"2022108592","1620","1","0","0","0","0","0","0","0","0","4","0","","67","11","2022","4","39.916754","-75.160102","1614","6","0","0","0","0","0","1","0","0","","0","0","0","15","1","0","","1","0","39 55:00.314","","0","75 09:36.367","0","0","0","0","67301","0","0","0","N","0","0","0","2","67301","0","","1.0","","1","N","N","N","0","","0","0","0","3","3","","1537","2","0","0","0","0","0","0","2","1","2","0","0","0","3","03","","N","","","","","","","","","",""
"2022096737","2011","1","0","0","0","0","0","0","0","0","4","0","","67","10","2022","2","40.037203","-75.053008","2006","6","0","0","0","0","0","1","0","0","","0","0","0","20","3","1","","1","0","40 02:13.930","","0","75 03:10.828","4","0","0","0","67301","0","0","0","N","0","0","0","2","67301","1","","1.0","","9","N","N","N","0","","0","0","1","3","2","","2000","2","1","2","0","0","0","0","2","0","2","0","0","0","7","07","","N","","","","","","","","","",""
"2022110560","1420","1","0","0","0","0","0","0","0","0","5","0","","67","10","2022","5","39.972358","-75.147789","1418","6","0","0","0","0","0","0","0","0","","0","0","0","14","1","0","N","0","2","39 58:20.490","1","0","75 08:52.040","0","0","0","0","67301","0","0","0","N","0","0","0","1","67301","0","","6.0","1507.0","1","N","N","N","0","","0","0","1","0","0","N","1415","3","0","0","0","0","0","0","2","1","3","0","0","0","3","03","","N","","","","","","","","","",""
"2022097184","0123","2","0","0","0","0","0","0","0","0","2","0","","67","10","2022","4","40.001633","-75.198658","0117","6","0","0","0","0","0","0","0","0","","0","0","0","1","2","2","N","0","0","40 00:05.880","","0","75 11:55.170","3","0","0","0","67301","0","0","0","N","0","0","0","2","67301","0","","6.0","","1","N","N","N","0","","2","0","0","0","0","","116","2","2","0","0","0","0","0","2","0","2","0","0","0","3","03","","N","","","","","","","","","",""
"2022101111","1321","0","0","0","0","0","0","0","0","0","8","0","","67","10","2022","1","39.993948","-75.154613","1319","6","0","0","0","0","0","0","0","0","","0","0","0","13","1","1","","1","2","39 59:38.214","6","0","75 09:16.608","3","0","0","0","67301","1","0","0","N","1","0","0","2","67301","0","","1.0","230.0","1","N","N","N","0","","1","0","0","3","2","Y","1310","2","1","0","0","0","0","0","2","0","1","1","0","0","3","03","","N","","","","","","","","","",""
"2022120326","1221","0","0","0","0","0","0","0","0","0","8","0","","67","12","2022","7","39.986858","-75.169508","1212","6","0","0","0","0","0","1","0","0","","0","0","0","12","1","1","N","0","0","39 59:12.690","","0","75 10:10.230","8","0","0","0","67301","1","0","0","N","1","0","0","2","67301","0","","1.0","","1","N","N","N","0","","0","0","1","0","0","","1209","2","1","0","0","0","1","0","2","0","1","1","0","0","3","03","","N","","","","","","","","","",""
"2022114519","1230","0","0","0","0","0","0","0","0","0","4","0","","67","11","2022","4","39.986689","-75.208608","1210","6","0","0","0","0","0","0","0","0","","0","0","0","12","1","0","","3","0","39 59:12.080","","2","75 12:30.990","0","0","0","0","67301","0","0","0","N","0","0","0","2","67301","0","","1.0","","1","N","N","N","0","","0","0","1","3","3","","1205","2","0","0","0","0","0","0","2","1","2","0","0","0","3","","","N","","","","","","","","","",""
"2022095732","1235","1","0","0","0","0","0","0","0","0","4","0","","67","10","2022","7","40.094541","-75.015043","1225","6","0","0","0","0","0","0","0","0","","0","0","0","12","1","1","","1","0","40 05:40.347","","0","75 00:54.154","3","0","0","0","67301","0","0","0","N","0","0","0","2","67301","0","","1.0","","1","N","N","N","0","","1","0","1","3","2","","1220","2","1","0","0","0","0","0","2","0","2","0","0","0","3","","","N","","","","","","","","","",""
"2022107176","1137","1","0","0","0","0","0","0","0","0","5","0","","67","11","2022","2","40.00925","-75.1646","1136","6","0","0","0","0","0","0","0","1","","0","0","0","11","1","0","N","0","2","40 00:33.300","5","0","75 09:52.560","9","0","0","0","67301","0","0","0","N","0","0","0","1","67301","0","","6.0","1148.0","1","N","N","N","0","","0","0","1","0","0","Y","1130","2","0","0","0","0","0","1","2","0","2","0","0","0","3","03","","N","","","","","","","","","",""
"2022095728","0912","1","0","0","0","0","0","0","0","0","1","0","","67","10","2022","1","39.916616","-75.170124","0911","6","0","0","0","0","0","0","1","0","","0","0","0","9","1","1","N","0","0","39 54:59.819","","0","75 10:12.445","3","0","0","0","67301","0","0","0","N","0","0","0","1","67301","0","","3.0","","1","N","N","N","0","","1","0","1","0","0","","901","2","1","0","0","0","0","0","2","0","2","0","0","0","3","03","","N","","","","","","","","","",""
"2022119927","1851","1","0","0","0","0","0","0","0","0","4","0","","67","11","2022","3","39.9471","-75.146364","1850","6","0","0","0","0","0","0","0","0","","0","0","0","18","3","0","","1","0","39 56:49.560","","0","75 08:46.912","0","0","0","0","67301","0","0","0","N","0","0","0","4","67301","0","","1.0","","9","N","N","N","0","","0","0","1","3","2","","1845","2","0","0","0","0","0","0","2","0","2","0","0","0","7","07","","N","","","","","","","","","",""
"2022108766","1320","1","0","0","0","0","0","0","0","0","1","0","","67","11","2022","5","40.124034","-75.015254","1305","6","0","0","0","1","0","0","0","0","","0","0","0","13","1","1","N","0","0","40 07:26.522","","0","75 00:54.916","4","0","0","0","67301","0","0","0","N","0","0","0","2","67301","1","","1.0","","1","N","N","N","1","","0","0","0","0","0","","1300","2","1","0","0","0","0","0","2","0","2","0","0","0","4","","","N","","","","","","","","","",""
"2022107141","0316","1","0","0","0","0","0","0","0","0","7","0","","67","11","2022","7","39.976621","-75.196962","0311","6","0","0","0","0","0","0","0","0","","0","0","0","3","3","1","N","0","0","39 58:35.836","","0","75 11:49.063","3","0","0","0","67301","0","0","0","N","0","0","0","1","68K01","0","","2.0","","9","N","N","N","0","","1","0","0","0","0","","300","1","1","0","0","0","0","0","2","0","1","0","0","0","7","","","N","","","","","","","","","",""
"2022120133","1154","0","0","0","0","0","0","0","0","0","8","0","","67","12","2022","1","39.991045","-75.144807","1154","6","0","0","0","0","0","0","0","0","","0","0","0","18","4","1","","2","0","39 59:27.763","","0","75 08:41.305","8","0","0","0","67301","1","0","0","N","1","0","0","2","67301","0","","1.0","","1","N","N","N","0","","0","0","0","0","0","","1830","2","1","0","0","0","1","1","2","0","1","1","0","0","3","03","","N","","","","","","","","","",""
"2022097027","1100","0","0","0","0","0","0","0","0","0","8","0","","67","10","2022","3","39.965591","-75.231913","1043","6","0","0","0","0","0","1","0","0","","0","0","0","10","1","1","","5","0","39 57:56.127","","0","75 13:54.886","4","0","0","0","67301","1","0","0","N","0","0","0","2","67301","1","","1.0","","1","N","N","N","0","","0","0","0","3","2","","1040","2","1","0","0","0","0","0","2","1","1","1","0","0","3","03","","N","","","","","","","","","",""
"2022109021","2359","0","0","0","0","0","0","0","0","0","4","0","","67","11","2022","5","40.077094","-75.071606","2356","6","0","0","1","0","0","1","0","0","","0","0","0","23","3","0","","1","0","40 04:37.539","","0","75 04:17.780","0","0","0","0","67301","0","0","0","N","0","0","0","4","67301","0","","1.0","","1","N","N","N","0","","0","0","1","3","3","","2315","2","0","0","0","0","0","0","2","1","2","0","0","0","3","03","","N","","","","","","","","","",""
"2022106266","0722","1","0","0","0","0","0","0","0","0","5","0","","67","11","2022","7","40.088978","-75.02093","0717","6","0","0","0","0","0","0","0","1","","0","0","0","7","1","1","","1","1","40 05:20.321","2","0","75 01:15.348","3","0","0","0","67301","0","0","0","N","0","0","0","2","67301","0","","1.0","740.0","9","N","N","N","0","","1","0","1","3","2","N","715","2","1","0","0","0","0","0","2","0","2","0","0","0","4","03","","N","","","","","","","","","",""
"2022097191","1937","3","0","0","0","0","0","0","0","0","6","0","","67","10","2022","2","40.02209","-75.177577","1935","6","0","0","0","0","0","1","0","0","","0","0","0","19","3","3","N","0","0","40 01:19.523","","0","75 10:39.277","3","0","0","0","67301","0","0","0","N","0","0","0","6","67301","0","","1.0","","9","N","N","N","2","","2","0","2","0","0","","1931","7","3","1","0","0","1","0","2","0","7","0","0","0","7","","","N","","","","","","","","","",""
"2022113975","2320","0","0","0","0","0","0","0","0","0","4","0","","67","12","2022","5","40.060398","-74.990435","2314","6","0","0","0","0","0","0","1","0","","0","0","0","22","3","2","","1","1","40 03:37.434","6","0","74 59:25.565","2","0","0","0","67301","0","0","0","N","0","0","0","2","67301","0","","1.0","2250.0","1","N","N","N","0","","1","1","2","3","2","N","2212","2","2","0","0","0","0","0","2","0","2","0","0","0","3","03","","N","","","","","","","","","",""
"2022105790","1655","0","0","0","0","0","0","0","0","0","8","0","","67","11","2022","5","40.051067","-75.094168","1650","6","0","0","0","0","0","1","0","0","","0","0","0","9","1","1","","1","0","40 03:03.841","","0","75 05:39.005","3","0","0","0","67301","1","0","0","N","1","0","0","2","67301","0","","1.0","","1","N","N","N","0","","1","0","0","3","3","","945","2","1","1","0","0","0","0","2","1","1","1","0","0","3","03","","N","","","","","","","","","",""
"2022106170","0815","0","0","0","0","0","0","0","0","0","8","0","","67","11","2022","4","40.015043","-75.135168","0759","6","0","0","0","0","0","0","0","0","","0","0","0","7","1","1","","1","0","40 00:54.154","","0","75 08:06.604","3","0","0","0","67301","1","0","0","N","1","0","0","2","67301","0","","1.0","","1","N","N","N","0","","1","0","0","3","2","","755","2","1","0","0","0","0","0","2","0","1","1","0","0","3","03","","N","","","","","","","","","",""
"2022110559","0830","0","0","0","0","0","0","0","0","0","8","0","","67","10","2022","5","39.969517","-75.144164","0830","6","0","0","0","0","0","0","0","0","","0","0","0","8","1","1","N","0","0","39 58:10.260","","0","75 08:38.990","4","0","0","0","67301","1","0","0","N","1","0","0","1","67301","1","","1.0","","1","N","Y","N","0","","0","0","0","0","0","","805","2","1","0","0","0","0","0","2","1","1","1","0","0","3","","","N","","","","","","","","","",""
"2022122647","0951","0","0","0","0","0","0","0","0","0","4","0","","67","12","2022","7","40.041334","-75.106702","0950","6","0","0","0","0","0","1","0","0","","0","0","0","9","1","1","","1","0","40 02:28.801","","0","75 06:24.126","3","0","0","0","67301","0","0","0","N","0","0","0","2","67301","0","","1.0","","1","N","N","N","0","","1","0","2","3","2","","950","2","1","0","0","0","0","0","2","0","2","0","0","0","3","","","N","","","","","","","","","",""
"2022097782","1000","0","0","0","0","0","0","0","0","0","1","0","","67","10","2022","3","40.024497","-75.147918","0957","6","0","0","0","0","0","1","0","0","","0","0","0","9","1","1","","1","0","40 01:28.189","","0","75 08:52.503","3","0","0","0","67301","0","0","0","N","0","0","0","2","67301","0","","1.0","","1","N","N","N","0","","1","0","1","3","2","","907","2","1","0","0","0","0","0","2","1","2","0","0","0","3","03","","N","","","","","","","","","",""
"2022096770","0359","1","0","0","0","0","0","0","0","0","2","0","","67","10","2022","1","40.017344","-75.173217","0346","6","0","0","0","0","0","0","0","0","","0","0","0","3","3","1","N","0","0","40 01:02.437","","0","75 10:23.581","3","0","0","0","67301","0","0","0","N","0","0","0","2","67301","0","","1.0","","1","N","N","N","1","","1","0","0","0","0","","335","2","1","0","0","0","0","1","2","0","2","0","0","0","3","03","","N","","","","","","","","","",""
"2022097185","0950","0","0","0","0","0","0","0","0","0","8","0","","67","10","2022","4","39.973004","-75.201476","0949","6","0","0","0","0","0","1","0","0","","0","0","0","9","1","1","","1","0","39 58:22.814","","0","75 12:05.313","3","0","0","0","67301","1","0","0","N","1","0","0","2","67301","0","","1.0","","1","N","N","N","0","","1","0","1","3","3","","943","2","1","0","0","0","0","0","2","0","1","1","0","0","3","03","","N","","","","","","","","","",""
"2022097186","1658","1","0","0","0","0","0","0","0","0","4","0","","67","10","2022","3","39.962023","-75.228299","1654","6","0","0","0","0","0","0","0","0","","0","0","0","16","1","1","","1","0","39 57:43.282","","0","75 13:41.876","2","0","1","1","67301","0","0","0","N","0","0","0","2","67301","0","","1.0","","1","N","N","N","0","","0","1","0","3","3","","1653","2","1","1","0","0","0","0","2","0","2","0","0","0","3","03","","N","","","","","","","","","",""
"2022097192","0958","1","0","0","0","0","0","0","0","0","1","0","","67","10","2022","3","40.019831","-75.148893","0952","6","0","0","0","0","0","0","1","0","","0","0","0","9","1","4","N","0","2","40 01:11.390","2","1","75 08:56.013","4","0","0","0","67301","0","0","0","N","0","0","0","4","67301","4","","1.0","1030.0","1","N","N","Y","0","","0","0","3","0","0","N","952","4","4","2","0","0","0","0","2","0","4","0","0","0","3","","","N","","","","","","","","","",""
"2022108060","2218","0","0","0","0","0","0","0","0","0","4","0","","67","11","2022","6","39.954858","-75.151138","2218","6","0","0","0","0","0","1","0","0","","0","0","0","22","3","0","","1","1","39 57:17.490","1","0","75 09:04.096","0","0","0","0","67301","0","0","0","N","0","0","0","3","67301","0","","1.0","1100.0","9","N","N","N","0","","0","0","2","3","1","N","2218","2","0","3","0","0","0","0","2","0","2","0","0","0","7","07","","N","","","","","","","","","",""
"2022095726","1952","3","0","0","0","0","0","0","0","0","5","0","","67","10","2022","1","39.980916","-75.157456","1921","6","0","0","0","0","0","0","0","0","","0","0","0","19","3","0","N","0","1","39 58:51.298","2","0","75 09:26.841","0","0","0","0","67301","0","0","0","N","0","0","0","1","67505","0","","6.0","2014.0","1","N","N","N","0","","0","0","0","0","0","N","1919","3","0","0","0","0","0","0","2","0","3","0","0","0","3","03","","N","","","","","","","","","",""
"2022119016","0120","0","0","0","0","0","0","0","0","0","8","0","","67","12","2022","5","39.954861","-75.172942","0115","6","0","0","0","0","0","0","0","0","","0","0","0","1","3","1","N","0","0","39 57:17.500","","0","75 10:22.590","2","0","0","0","67301","1","0","1","N","1","0","1","2","67301","0","","1.0","","1","N","N","N","0","","0","1","1","0","0","","105","2","1","0","0","0","0","0","2","0","1","1","0","1","3","03","","N","","","","","","","","","",""
"2022120331","1850","1","0","0","0","0","0","0","0","0","1","0","","67","12","2022","7","40.053112","-75.13777","1835","6","0","0","0","0","0","0","1","0","","0","0","0","18","3","2","","1","0","40 03:11.203","","0","75 08:15.971","4","0","0","0","67301","0","0","0","N","0","0","0","4","67301","2","","1.0","","1","N","N","N","0","","0","0","0","3","2","","1830","2","2","0","0","0","0","0","2","1","2","0","0","0","3","03","","N","","","","","","","","","",""
"2022107711","1353","0","0","0","0","0","0","0","0","0","4","0","","67","11","2022","7","39.909221","-75.182837","1348","6","0","0","0","0","0","1","0","0","","0","0","0","13","1","1","","2","0","39 54:33.195","","0","75 10:58.213","2","0","1","1","67301","0","0","0","N","0","0","0","3","67301","0","","1.0","","1","N","N","N","0","","0","1","1","3","3","","1347","2","1","0","0","0","0","0","2","0","2","0","0","0","3","03","","N","","","","","","","","","",""
"2022100688","2246","1","0","0","0","0","0","0","0","0","4","0","","67","10","2022","3","39.957697","-75.162478","2246","6","0","0","0","0","0","0","0","0","","0","0","0","21","3","1","","1","0","39 57:27.710","","2","75 09:44.921","4","0","0","0","67301","0","0","0","N","0","0","0","3","67301","1","","1.0","","1","N","N","N","1","","0","0","0","3","2","","2115","2","1","0","0","0","0","1","2","0","2","0","0","0","3","","","N","","","","","","","","","",""
"2022110549","2039","0","0","0","0","0","0","0","0","0","8","0","","67","11","2022","6","40.022506","-75.077904","2028","6","0","0","0","0","0","0","0","0","","0","0","0","18","2","1","N","0","0","40 01:21.023","","0","75 04:40.456","8","0","0","0","67301","1","0","0","N","1","0","0","2","67301","0","","1.0","","1","N","N","N","0","","0","0","1","0","0","","1830","2","1","0","0","0","1","0","2","0","1","1","0","0","3","03","","N","","","","","","","","","",""
"2022124480","1600","2","0","0","0","0","0","0","0","0","4","0","","67","11","2022","2","39.960679","-75.141393","1600","6","0","0","0","0","0","0","0","0","","0","0","0","0","3","1","","1","0","39 57:38.443","","0","75 08:29.016","3","0","0","0","67301","0","0","0","N","0","0","0","2","67301","0","","1.0","","9","N","N","N","0","","1","0","0","3","2","","1","2","1","0","0","0","0","1","2","0","2","0","0","0","7","03","","N","","","","","","","","","",""
"2022097779","1448","1","0","0","0","0","0","0","0","0","4","0","","67","10","2022","2","39.958705","-75.233331","1446","6","0","0","0","0","0","0","0","0","","0","0","0","14","1","1","","1","0","39 57:31.337","","0","75 13:59.991","3","0","0","0","67301","0","0","0","N","0","0","0","2","67301","0","","1.0","","1","N","N","N","0","","1","0","1","3","3","","1445","2","1","0","0","0","0","0","2","0","2","0","0","0","3","","","N","","","","","","","","","",""
"2022115942","0355","1","0","0","0","0","0","0","0","0","8","0","","67","12","2022","4","39.991961","-75.095738","0340","6","0","0","0","0","0","0","0","0","","0","0","0","3","3","1","","1","0","39 59:31.058","","0","75 05:44.655","3","0","0","0","67301","1","0","0","N","1","0","0","2","67301","0","","1.0","","9","N","N","N","0","","1","0","0","3","3","","330","2","1","0","0","0","0","1","2","0","1","1","0","0","7","","","N","","","","","","","","","",""
"2022114674","1558","1","0","0","0","0","0","0","0","0","4","0","","67","12","2022","1","39.916835","-75.237953","1552","6","0","0","0","0","0","0","0","0","","0","0","0","13","1","1","","2","0","39 55:00.607","","0","75 14:16.631","3","0","0","0","67301","0","0","0","N","0","0","0","2","67301","0","","1.0","","1","N","N","N","0","","1","0","1","0","0","","1325","2","1","0","0","0","0","0","2","0","2","0","0","0","3","03","","N","","","","","","","","","",""
"2022108091","1800","3","0","0","0","0","0","0","0","0","5","0","","67","11","2022","3","40.025578","-75.178314","1800","6","0","0","0","0","0","0","0","0","","0","0","0","18","3","0","N","0","0","40 01:32.080","","0","75 10:41.930","9","0","0","0","67301","0","0","0","N","0","0","0","3","67301","0","","1.0","","9","N","N","N","0","","0","0","0","0","0","","1800","3","0","0","0","0","0","1","2","0","3","0","0","0","7","","","N","","","","","","","","","",""
"2022113184","0001","0","0","0","0","0","0","0","0","0","8","0","","67","11","2022","4","39.947593","-75.215898","0001","6","0","0","0","0","0","0","0","0","","0","0","0","17","3","1","","2","0","39 56:51.334","","0","75 12:57.232","3","0","0","0","67301","1","0","0","N","1","0","0","2","67301","0","","1.0","","99","N","N","N","0","","1","0","0","0","0","","1730","2","1","0","0","0","0","0","2","0","1","1","0","0","3","03","","N","","","","","","","","","",""
"2022122932","1814","1","0","0","0","0","0","0","0","0","7","0","","67","12","2022","6","39.949916","-75.203796","1807","6","0","0","0","0","0","0","0","0","","0","0","0","17","3","0","N","0","0","39 56:59.699","","7","75 12:13.666","0","0","0","0","67301","0","0","0","N","0","0","0","1","67301","0","","5.0","","1","N","N","N","0","","0","0","0","0","0","","1751","1","0","0","0","0","0","0","2","0","1","0","0","0","3","","","N","","","","","","","","","",""
"2022096751","1900","1","0","0","0","0","0","0","0","0","8","0","","67","10","2022","3","39.985947","-75.166115","1855","6","0","0","0","0","0","0","0","0","","0","0","0","18","3","1","","1","0","39 59:09.409","","0","75 09:58.014","3","0","0","0","67301","1","0","0","N","1","0","0","2","67301","0","","1.0","","1","N","N","N","0","","1","0","0","3","2","","1845","2","1","1","0","0","0","0","2","0","1","1","0","0","3","03","","N","","","","","","","","","",""
"2022114077","1745","0","0","0","0","0","0","0","0","0","8","0","","67","12","2022","5","40.077539","-75.043754","1723","6","0","0","0","0","0","0","0","1","","0","0","0","17","3","1","","2","0","40 04:39.140","","0","75 02:37.514","3","0","0","0","67301","1","0","0","N","1","0","0","2","67301","0","","1.0","","1","N","N","N","0","","1","0","1","3","1","","1700","2","1","0","0","0","0","0","2","0","1","1","0","0","3","03","","N","","","","","","","","","",""
"2022122941","0957","1","0","0","0","0","0","0","0","0","4","0","","67","12","2022","3","40.021773","-75.1127","0956","6","0","0","0","0","0","0","0","0","","0","0","0","8","1","0","","1","0","40 01:18.382","","0","75 06:45.719","9","0","0","0","67301","0","0","0","N","0","0","0","2","67301","0","","1.0","","1","N","N","N","1","","0","0","0","3","2","","815","2","0","1","0","0","0","1","2","0","2","0","0","0","3","","","N","","","","","","","","","",""
"2022097453","1718","1","0","0","0","0","0","0","0","0","1","0","","67","10","2022","4","39.974221","-75.118066","1718","6","0","0","0","0","0","0","0","0","","0","0","0","17","1","2","N","0","0","39 58:27.195","","0","75 07:05.036","3","0","0","0","67301","0","0","0","N","0","0","0","3","67301","0","","1.0","","1","N","N","N","1","","2","0","0","0","0","","1718","2","2","0","0","0","0","0","2","0","2","0","0","0","3","03","","N","","","","","","","","","",""
"2022119737","1610","1","0","0","0","0","0","0","0","0","5","0","","67","12","2022","6","40.038305","-75.075365","1605","6","0","0","0","0","0","0","0","0","","0","0","0","14","1","0","","1","0","40 02:17.897","","0","75 04:31.313","9","0","0","0","67301","0","0","0","N","0","0","0","3","67301","0","","1.0","","9","N","N","N","0","","0","0","0","3","2","","1412","2","0","0","0","0","0","2","2","1","2","0","0","0","4","04","","N","","","","","","","","","",""
"2022112914","0130","2","0","0","0","0","0","0","0","0","4","0","","67","11","2022","1","39.975162","-75.188163","0124","6","0","0","0","0","0","0","0","0","","0","0","0","1","3","3","","1","0","39 58:30.584","","0","75 11:17.385","3","0","0","0","67301","0","0","0","N","0","0","0","3","67301","1","","1.0","","9","N","N","N","0","","2","0","0","3","2","","110","2","3","0","0","0","0","0","2","0","2","0","0","0","7","07","","N","","","","","","","","","",""
"2022121359","0310","1","0","0","0","0","0","0","0","0","8","0","","67","12","2022","5","40.021125","-75.139925","0254","6","0","0","0","0","0","0","0","0","","0","0","0","17","3","1","","1","0","40 01:16.051","","0","75 08:23.731","4","0","0","0","67301","1","0","0","N","1","0","0","2","67301","1","","1.0","","1","N","N","N","0","","0","0","0","3","2","","1730","2","1","0","0","0","0","1","2","0","1","1","0","0","3","03","","N","","","","","","","","","",""
"2022115449","2331","1","0","0","0","0","0","0","0","0","1","0","","67","11","2022","1","39.971611","-75.230808","2329","6","0","0","0","0","0","0","0","0","","0","0","0","23","3","0","N","0","0","39 58:17.800","","0","75 13:50.910","0","0","0","0","67301","0","0","0","N","0","0","0","2","67301","0","","1.0","","1","N","N","N","0","","0","0","1","0","0","","2320","2","0","1","0","0","0","0","2","0","2","0","0","0","3","03","","N","","","","","","","","","",""