"CRN","ARRIVAL_TM","AUTOMOBILE_COUNT","BELTED_DEATH_COUNT","BELTED_SUSP_SERIOUS_INJ_COUNT","BICYCLE_COUNT","BICYCLE_DEATH_COUNT","BICYCLE_SUSP_SERIOUS_INJ_COUNT","BUS_COUNT","CHLDPAS_DEATH_COUNT","CHLDPAS_SUSP_SERIOUS_INJ_COUNT","COLLISION_TYPE","COMM_VEH_COUNT","CONS_ZONE_SPD_LIM","COUNTY","CRASH_MONTH","CRASH_YEAR","DAY_OF_WEEK","DEC_LATITUDE","DEC_LONGITUDE","DISPATCH_TM","DISTRICT","DRIVER_COUNT_16YR","DRIVER_COUNT_17YR","DRIVER_COUNT_18YR","DRIVER_COUNT_19YR","DRIVER_COUNT_20YR","DRIVER_COUNT_50_64YR","DRIVER_COUNT_65_74YR","DRIVER_COUNT_75PLUS","EST_HRS_CLOSED","FATAL_COUNT","HEAVY_TRUCK_COUNT","HORSE_BUGGY_COUNT","HOUR_OF_DAY","ILLUMINATION","INJURY_COUNT","INTERSECTION_RELATED","INTERSECT_TYPE","LANE_CLOSED","LATITUDE","LN_CLOSE_DIR","LOCATION_TYPE","LONGITUDE","MAX_SEVERITY_LEVEL","MCYCLE_DEATH_COUNT","MCYCLE_SUSP_SERIOUS_INJ_COUNT","MOTORCYCLE_COUNT","MUNICIPALITY","NONMOTR_COUNT","NONMOTR_DEATH_COUNT","NONMOTR_SUSP_SERIOUS_INJ_COUNT","NTFY_HIWY_MAINT","PED_COUNT","PED_DEATH_COUNT","PED_SUSP_SERIOUS_INJ_COUNT","PERSON_COUNT","POLICE_AGCY","POSSIBLE_INJ_COUNT","RDWY_SURF_TYPE_CD","RELATION_TO_ROAD","ROADWAY_CLEARED","ROAD_CONDITION","SCH_BUS_IND","SCH_ZONE_IND","SECONDARY_CRASH","SMALL_TRUCK_COUNT","SPEC_JURIS_CD","SUSP_MINOR_INJ_COUNT","SUSP_SERIOUS_INJ_COUNT","SUV_COUNT","TCD_FUNC_CD","TCD_TYPE","TFC_DETOUR_IND","TIME_OF_DAY","TOTAL_UNITS","TOT_INJ_COUNT","UNBELTED_OCC_COUNT","UNB_DEATH_COUNT","UNB_SUSP_SERIOUS_INJ_COUNT","UNK_INJ_DEG_COUNT","UNK_INJ_PER_COUNT","URBAN_RURAL","VAN_COUNT","VEHICLE_COUNT","VULNERABLE_ROAD_USER_COUNT","VULNERABLE_ROAD_USER_DEATH_COUNT","VULNERABLE_ROAD_USER_SER_INJ_COUNT","WEATHER1","WEATHER2","WORKERS_PRES","WORK_ZONE_IND","WORK_ZONE_LOC","WORK_ZONE_TYPE","WZ_CLOSE_DETOUR","WZ_FLAGGER","WZ_LAW_OFFCR_IND","WZ_LN_CLOSURE","WZ_MOVING","WZ_OTHER","WZ_SHLDER_MDN","WZ_WORKERS_INJ_KILLED"
"2022105526","1035","1","0","0","0","0","0","0","0","0","4","0","","67","11","2022","6","40.007498","-75.15028","1030","6","0","0","0","0","0","0","0","0","","0","0","0","7","1","1","","1","0","40 00:26.992","","0","75 09:01.008","3","0","0","0","67301","0","0","0","N","0","0","0","2","67505","0","","1.0","","1","N","N","N","0","","1","0","1","3","2","","720","2","1","1","0","0","0","0","2","0","2","0","0","0","4","03","","N","","","","","","","","","",""
"2022097026","0810","2","0","0","0","0","0","0","0","0","5","0","","67","10","2022","3","39.976042","-75.236775","0758","6","0","0","0","0","0","1","0","0","","0","0","0","7","1","2","N","0","0","39 58:33.750","","0","75 14:12.390","3","0","0","0","67301","0","0","0","N","0","0","0","2","67301","0","","1.0","","1","N","N","N","0","","2","0","2","0","0","","748","4","2","0","0","0","0","0","2","0","4","0","0","0","3","03","","N","","","","","","","","","",""
"2022105489","1545","1","0","0","0","0","0","0","0","0","1","0","","67","11","2022","5","40.006831","-75.19341","1536","6","0","0","0","0","0","1","0","0","","0","0","0","12","1","1","N","0","0","40 00:24.590","","3","75 11:36.277","8","0","0","0","67301","0","0","0","N","0","0","0","3","67301","0","","1.0","","1","N","N","N","0","","0","0","0","0","0","","1240","2","1","1","0","0","1","0","2","1","2","0","0","0","3","03","","N","","","","","","","","","",""
"2022114339","0630","0","0","0","0","0","0","0","0","0","8","0","","67","12","2022","7","39.95768","-75.162367","0625","6","0","0","0","0","0","0","0","0","","0","0","0","6","3","1","","1","1","39 57:27.649","3","2","75 09:44.521","4","0","0","0","67301","1","0","0","N","1","0","0","3","67301","1","","1.0","700.0","9","N","N","N","0","","0","0","0","3","2","N","620","2","1","0","0","0","0","0","2","1","1","1","0","0","7","04","","N","","","","","","","","","",""
"2022110250","1430","2","0","0","0","0","0","0","0","0","4","0","","67","11","2022","1","40.025464","-75.123484","1415","6","0","0","0","0","0","0","0","0","","0","0","0","14","1","4","","1","1","40 01:31.670","3","0","75 07:24.541","4","0","0","0","67301","0","0","0","N","0","0","0","4","67301","1","","1.0","100.0","1","N","N","N","0","","0","0","0","3","1","Y","1415","2","4","4","0","0","3","0","2","0","2","0","0","0","3","","","N","","","","","","","","","",""
"2022122792","1708","0","0","0","0","0","0","0","0","0","4","0","","67","12","2022","5","39.98791","-75.182232","1707","6","0","0","0","0","0","0","0","0","","0","0","0","17","3","1","","5","0","39 59:16.475","","0","75 10:56.036","3","0","0","0","67301","0","0","0","N","0","0","0","2","67301","0","","1.0","","9","N","N","N","0","","1","0","0","3","2","","1700","2","1","0","0","0","0","1","2","1","2","0","0","0","7","07","","N","","","","","","","","","",""
"2022112267","2010","0","0","0","0","0","0","0","0","0","8","0","","67","11","2022","6","39.980371","-75.182204","1958","6","0","0","0","0","0","0","0","0","","0","0","0","19","3","1","","1","0","39 58:49.337","","0","75 10:55.936","3","0","0","0","67301","1","0","0","N","1","0","0","2","67301","0","","1.0","","1","N","N","N","0","","1","0","1","3","2","","1956","2","1","1","0","0","0","0","2","0","1","1","0","0","3","03","","N","","","","","","","","","",""
"2022115642","1755","1","0","0","0","0","0","0","0","0","4","0","","67","12","2022","1","40.000061","-75.128296","1739","6","0","0","0","1","0","0","0","0","","0","0","0","17","3","2","","1","0","40 00:00.219","","0","75 07:41.865","3","0","0","0","67301","0","0","0","N","0","0","0","3","67301","1","","1.0","","1","N","N","N","0","","1","0","1","3","3","","1725","2","2","0","0","0","0","0","2","0","2","0","0","0","3","03","","N","","","","","","","","","",""
"2022120890","0822","1","0","0","0","0","0","0","0","0","8","0","","67","12","2022","2","40.040196","-75.099346","0820","6","0","0","0","0","0","0","1","0","","0","0","0","8","1","1","","2","0","40 02:24.705","","0","75 05:57.645","3","0","0","0","67301","1","0","0","N","1","0","0","2","67301","0","","1.0","","1","N","N","N","0","","1","0","0","3","3","","815","2","1","0","0","0","0","0","2","0","1","1","0","0","3","03","","N","","","","","","","","","",""
"2022119742","1535","0","0","0","0","0","0","0","0","0","8","0","","67","12","2022","5","40.018426","-75.080163","1533","6","0","0","0","0","0","1","0","0","","0","0","0","15","1","1","","1","0","40 01:06.333","","0","75 04:48.586","3","0","0","0","67301","1","0","0","N","0","0","0","2","67301","0","","1.0","","9","N","N","N","1","","1","0","0","3","3","","1531","2","1","1","0","0","0","0","2","0","1","1","0","0","7","04","","N","","","","","","","","","",""
"2022115638","0630","1","0","0","0","0","0","0","0","0","8","0","","67","11","2022","3","39.990815","-75.123654","0623","6","0","0","0","0","0","0","0","0","","0","0","0","6","3","1","","3","0","39 59:26.934","","1","75 07:25.154","3","0","0","0","67301","1","0","0","N","1","0","0","2","67301","0","","1.0","","9","N","N","N","0","","1","0","0","0","0","","622","2","1","0","0","0","0","1","2","0","1","1","0","0","7","07","","N","","","","","","","","","",""
"2022121336","0030","1","0","0","0","0","0","0","0","0","4","0","","67","11","2022","5","39.95762","-75.145687","0030","6","0","0","0","0","0","0","0","0","","0","0","0","22","3","0","","1","0","39 57:27.432","","0","75 08:44.473","0","0","0","0","67301","0","0","0","N","0","0","0","2","67301","0","","1.0","","1","N","N","N","0","","0","0","1","3","2","","2257","2","0","0","0","0","0","0","2","0","2","0","0","0","3","","","N","","","","","","","","","",""
"2022116691","2318","2","0","0","0","0","0","0","0","0","1","0","","67","12","2022","6","39.979385","-75.157788","2318","6","0","0","0","0","1","0","0","0","","0","0","0","23","3","0","N","0","0","39 58:45.786","","0","75 09:28.038","0","0","0","0","67301","0","0","0","N","0","0","0","3","67505","0","","1.0","","1","N","N","N","0","","0","0","0","0","0","","2318","2","0","0","0","0","0","0","2","0","2","0","0","0","3","","","N","","","","","","","","","",""
"2022084891","1912","1","0","0","0","0","0","0","0","0","4","0","","67","9","2022","4","39.926328","-75.146361","1911","6","0","0","0","0","0","0","0","0","","0","0","0","18","4","2","","1","0","39 55:34.780","","2","75 08:46.899","4","0","0","0","67301","0","0","0","N","0","0","0","2","67301","1","","1.0","","99","N","N","N","0","","0","0","1","3","3","","1855","2","2","0","0","0","1","0","2","0","2","0","0","0","3","03","","N","","","","","","","","","",""
"2022107715","2000","3","0","0","0","0","0","0","0","0","1","0","","67","11","2022","2","39.919843","-75.201434","1957","6","0","0","0","0","1","0","0","0","","0","0","0","19","3","1","N","0","1","39 55:11.435","3","3","75 12:05.164","3","0","0","0","67301","0","0","0","N","0","0","0","5","67301","0","","1.0","2010.0","1","N","N","N","0","","1","0","1","0","0","N","1954","4","1","0","0","0","0","0","2","0","4","0","0","0","3","03","","N","","","","","","","","","",""
"2022122411","1520","1","0","0","0","0","0","0","0","0","8","0","","67","12","2022","5","39.96969","-75.140669","1520","6","0","0","0","0","0","0","0","0","","0","0","0","17","3","1","","1","0","39 58:10.883","","0","75 08:26.410","3","0","0","0","67301","1","0","0","N","1","0","0","2","67301","0","","1.0","","99","N","N","N","0","","1","0","0","9","3","","1730","2","1","0","0","0","0","1","2","0","1","1","0","0","99","","","N","","","","","","","","","",""
"2022109757","2139","2","0","0","0","0","0","0","0","0","4","0","","67","11","2022","6","40.044998","-75.094198","2135","6","0","0","0","0","0","0","0","0","","0","0","0","21","3","1","","2","0","40 02:41.992","","0","75 05:39.112","3","0","0","0","67301","0","0","0","N","0","0","0","4","67301","0","","1.0","","1","N","N","N","0","","1","0","0","3","2","","2132","2","1","0","0","0","0","2","2","0","2","0","0","0","3","","","N","","","","","","","","","",""
"2022121352","1030","0","0","0","0","0","0","0","0","0","4","0","","67","12","2022","2","40.041885","-75.033445","1017","6","0","0","0","0","0","1","0","0","","0","0","0","10","1","2","","1","0","40 02:30.785","","0","75 02:00.402","3","0","0","0","67301","0","0","0","N","0","0","0","3","67301","0","","1.0","","1","N","N","N","2","","2","0","1","3","3","","1007","3","2","0","0","0","0","0","2","0","3","0","0","0","3","03","","N","","","","","","","","","",""
"2022117268","0825","1","0","0","0","0","0","0","0","0","1","0","","67","12","2022","5","39.958951","-75.228946","0820","6","0","0","0","0","0","1","0","0","","0","0","0","8","1","0","","1","0","39 57:32.224","","0","75 13:44.207","9","0","0","0","67301","0","0","0","N","0","0","0","3","67301","0","","1.0","","1","N","N","N","0","","0","0","2","3","2","","800","3","0","0","0","0","0","2","2","0","3","0","0","0","3","03","","N","","","","","","","","","",""
"2022122790","0811","1","0","0","0","0","0","0","0","0","1","0","","67","12","2022","2","39.983152","-75.188264","0803","6","0","0","0","0","0","1","0","0","","0","0","0","7","1","1","N","0","0","39 58:59.346","","0","75 11:17.750","3","0","0","0","67301","0","0","0","N","0","0","0","3","67301","0","","1.0","","1","N","N","N","0","","1","0","2","0","0","","744","3","1","1","0","0","0","1","2","0","3","0","0","0","3","03","","N","","","","","","","","","",""
"2022102692","0915","0","0","0","0","0","0","0","0","0","4","0","","67","10","2022","3","40.007208","-75.141947","0910","6","0","0","0","0","0","1","0","0","","0","0","0","9","1","1","","1","0","40 00:25.948","","0","75 08:31.009","3","0","0","0","67301","0","0","0","N","0","0","0","2","67508","0","","1.0","","1","N","N","Y","0","","1","0","1","3","3","","910","2","1","0","0","0","0","1","2","0","2","0","0","0","3","03","","N","","","","","","","","","",""
"2022122930","1740","1","0","0","0","0","0","0","0","0","1","0","","67","12","2022","6","39.957922","-75.233255","1740","6","0","0","0","0","0","1","0","0","","0","0","0","17","3","1","Y","0","0","39 57:28.520","","0","75 13:59.717","8","0","0","0","67301","0","0","0","N","0","0","0","3","67301","0","","1.0","","1","N","N","N","0","","0","0","1","3","2","","1735","2","1","0","0","0","1","0","2","0","2","0","0","0","4","03","","N","","","","","","","","","",""
"2022121519","2115","0","0","0","0","0","0","0","0","0","4","0","","67","12","2022","2","39.981952","-75.239038","2104","6","0","0","0","0","0","0","0","0","","0","0","0","20","3","1","","1","0","39 58:55.028","","0","75 14:20.537","4","0","0","0","67301","0","0","0","N","0","0","0","2","67301","1","","1.0","","1","N","N","N","0","","0","0","1","3","2","","2010","2","1","0","0","0","0","0","2","0","2","0","0","0","3","","","N","","","","","","","","","",""
"2022116347","1038","2","0","0","0","0","0","0","0","0","1","0","","67","12","2022","3","39.892983","-75.223739","1035","6","0","0","0","0","0","0","0","0","","0","0","0","10","1","0","N","0","0","39 53:34.740","","0","75 13:25.460","0","0","0","0","67301","0","0","0","N","0","0","0","2","67301","0","","1.0","","9","N","N","N","0","","0","0","0","0","0","","1005","2","0","0","0","0","0","0","2","0","2","0","0","0","7","","","N","","","","","","","","","",""
"2022110922","0110","2","0","0","0","0","0","0","0","0","4","0","","67","11","2022","1","40.031946","-75.038938","0108","6","0","0","1","0","1","0","0","0","","0","0","0","0","3","1","","1","0","40 01:55.005","","0","75 02:20.176","3","0","0","0","67301","0","0","0","N","0","0","0","2","67301","0","","1.0","","9","N","N","N","0","","1","0","1","3","3","","48","3","1","0","0","0","0","0","2","0","3","0","0","0","7","","","N","","","","","","","","","",""
"2022105208","1620","2","0","0","0","0","0","0","0","0","4","0","","67","11","2022","5","39.984408","-75.15441","1620","6","0","0","0","0","0","1","0","0","","0","0","0","16","1","2","","1","0","39 59:03.868","","0","75 09:15.876","3","0","0","0","67301","0","0","0","N","0","0","0","3","67505","1","","1.0","","1","N","N","N","0","","1","0","0","3","2","","1600","2","2","0","0","0","0","0","2","0","2","0","0","0","3","04","","N","","","","","","","","","",""
"2022123666","1340","2","0","0","0","0","0","0","0","0","4","0","","67","11","2022","1","39.977607","-75.160654","1340","6","0","0","0","0","1","0","0","0","","0","0","0","13","1","4","","1","0","39 58:39.385","","0","75 09:38.355","3","0","0","0","67301","0","0","0","N","0","0","0","4","67301","0","","1.0","","1","N","N","N","0","","4","0","0","3","3","","1340","2","4","0","0","0","0","0","2","0","2","0","0","0","3","03","","N","","","","","","","","","",""
"2022108278","0034","1","0","0","0","0","0","0","0","0","4","0","","67","11","2022","4","39.955742","-75.215629","0034","6","0","0","0","0","0","0","0","0","","0","0","0","0","3","1","","1","1","39 57:20.670","4","0","75 12:56.264","8","0","0","0","67301","0","0","0","N","0","0","0","2","67301","0","","1.0","230.0","9","N","N","Y","0","","0","0","1","3","2","N","34","3","1","1","0","0","1","0","2","1","3","0","0","0","7","07","","N","","","","","","","","","",""
"2022120903","1839","0","0","0","0","0","0","0","0","0","8","0","","67","12","2022","2","39.967306","-75.245528","1834","6","0","0","0","0","0","0","0","0","","0","0","0","18","3","1","N","0","0","39 58:02.300","","0","75 14:43.900","8","0","0","0","67301","1","0","0","N","1","0","0","2","67301","0","","1.0","","1","N","N","N","0","","0","0","1","0","0","","1815","2","1","0","0","0","1","0","2","0","1","1","0","0","3","","","N","","","","","","","","","",""
"2022098903","0720","1","0","0","0","0","0","0","0","0","4","0","","67","10","2022","4","40.001433","-75.151631","0702","6","0","0","0","0","0","0","0","0","","0","0","0","6","1","2","","1","0","40 00:05.160","","0","75 09:05.871","3","0","0","0","67301","0","0","0","N","0","0","0","3","67301","0","","1.0","","1","N","N","N","0","","2","0","2","3","3","","640","3","2","1","0","0","0","0","2","0","3","0","0","0","3","","","N","","","","","","","","","",""
"2022105986","1410","1","0","0","0","0","0","0","0","0","4","0","","67","11","2022","6","40.01563","-75.186844","1405","6","0","0","0","0","0","1","1","0","","0","0","0","13","1","1","N","0","0","40 00:56.268","","0","75 11:12.637","3","0","0","0","67301","0","0","0","N","0","0","0","2","67301","0","","1.0","","9","N","N","N","0","","1","0","1","0","0","","1340","2","1","1","0","0","0","0","2","0","2","0","0","0","7","07","","N","","","","","","","","","",""
"2022124481","2045","1","0","0","0","0","0","0","0","0","8","0","","67","11","2022","4","39.950526","-75.14891","2045","6","0","0","0","0","0","0","1","0","","0","0","0","6","1","1","","1","0","39 57:01.895","","0","75 08:56.077","3","0","0","0","67301","1","0","0","N","1","0","0","2","67301","0","","1.0","","1","N","N","N","0","","1","0","0","3","2","","625","2","1","0","0","0","0","1","2","0","1","1","0","0","3","03","","N","","","","","","","","","",""
"2022116797","1935","0","0","0","0","0","0","0","0","0","5","0","","67","12","2022","4","40.031694","-75.220972","1931","6","0","0","0","0","0","0","0","0","","0","0","0","19","3","0","N","0","0","40 01:54.100","","0","75 13:15.500","9","0","0","0","67301","0","0","0","N","0","0","0","1","67301","0","","6.0","","1","N","N","N","0","","0","0","2","0","0","","1929","2","0","0","0","0","0","1","2","0","2","0","0","0","3","03","","N","","","","","","","","","",""
"2022120320","2023","0","0","0","0","0","0","0","0","0","8","0","","67","12","2022","7","39.925431","-75.23455","2023","6","0","0","0","0","0","0","1","0","","0","0","0","20","3","1","N","0","0","39 55:31.550","","0","75 14:04.380","8","0","0","0","67301","1","0","0","N","1","0","0","2","67301","0","","1.0","","1","N","N","N","0","","0","0","1","0","0","","2023","2","1","1","0","0","1","0","2","0","1","1","0","0","3","03","","N","","","","","","","","","",""
"2022117263","0831","0","0","0","0","0","0","0","0","0","1","0","","67","12","2022","3","39.975349","-75.20688","0818","6","0","0","0","0","0","0","1","0","","0","0","0","7","1","1","","1","1","39 58:31.255","5","0","75 12:24.768","8","0","0","0","67301","0","0","0","N","0","0","0","3","67301","0","","1.0","1000.0","9","N","N","N","0","","0","0","4","3","2","Y","725","4","1","1","0","0","1","1","2","0","4","0","0","0","7","07","","N","","","","","","","","","",""
"2022097438","2216","1","0","0","0","0","0","0","0","0","4","0","","67","10","2022","4","40.03946","-75.033366","2214","6","0","0","0","0","0","0","0","0","","0","0","0","21","3","1","","1","1","40 02:22.057","1","0","75 02:00.118","8","0","0","0","67301","0","0","0","N","0","0","0","2","67301","0","","1.0","2230.0","1","N","N","N","1","","0","0","0","3","2","N","2120","2","1","0","0","0","1","0","2","0","2","0","0","0","3","03","","N","","","","","","","","","",""
"2022096726","1840","0","0","0","0","0","0","0","0","0","1","0","","67","10","2022","3","39.899242","-75.245992","1832","6","0","0","0","0","0","1","0","0","","0","0","0","15","1","1","N","0","0","39 53:57.270","","0","75 14:45.570","3","0","0","0","67301","0","0","0","N","0","0","0","1","67301","0","","6.0","","1","N","N","N","0","","1","0","2","0","0","","1534","2","1","0","0","0","0","0","2","0","2","0","0","0","3","03","","N","","","","","","","","","",""
"2022124508","1830","0","0","0","0","0","0","0","0","0","1","0","","67","11","2022","4","40.005583","-75.151929","1814","6","0","0","0","0","0","2","0","0","","0","0","0","18","3","1","N","0","0","40 00:20.100","","0","75 09:06.944","3","0","0","0","67301","0","0","0","N","0","0","0","3","67301","0","","1.0","","1","N","N","N","0","","1","0","2","0","0","","1808","2","1","2","0","0","0","0","2","0","2","0","0","0","3","","","N","","","","","","","","","",""
"2022096769","0709","2","0","0","0","0","0","0","0","0","5","0","","67","10","2022","1","39.982583","-75.126972","0708","6","0","0","0","0","0","0","0","0","","0","0","0","6","1","0","N","0","0","39 58:57.300","","0","75 07:37.100","0","0","0","0","67301","0","0","0","N","0","0","0","1","67301","0","","6.0","","1","N","N","N","0","","0","0","3","0","0","","653","5","0","1","0","0","0","0","2","0","5","0","0","0","3","03","","N","","","","","","","","","",""
"2022112209","1955","1","0","0","0","0","0","0","0","0","7","0","","67","11","2022","4","39.955834","-75.154173","1954","6","0","0","0","0","0","1","0","0","","0","0","0","19","3","1","","2","2","39 57:21.002","7","0","75 09:15.022","3","0","0","0","67301","0","0","0","N","0","0","0","1","67301","0","","4.0","100.0","1","N","N","N","0","","1","0","0","0","0","Y","1952","1","1","1","0","0","0","0","2","0","1","0","0","0","3","03","","N","","","","","","","","","",""
"2022118160","1915","2","0","0","0","0","0","0","0","0","5","0","","67","12","2022","3","39.917194","-75.173694","1915","6","0","0","0","0","0","1","0","0","","0","0","0","19","3","0","N","0","0","39 55:01.900","","0","75 10:25.300","0","0","0","0","67301","0","0","0","N","0","0","0","1","67301","0","","6.0","","9","N","N","N","0","","0","0","1","0","0","","1900","3","0","0","0","0","0","0","2","0","3","0","0","0","7","","","N","","","","","","","","","",""
"2022097450","0312","3","0","0","0","0","0","0","0","0","4","0","","67","10","2022","4","39.973776","-75.245295","0308","6","0","0","0","0","0","1","0","0","","0","0","0","3","3","1","","1","0","39 58:25.594","","0","75 14:43.063","3","0","0","0","67301","0","0","0","N","0","0","0","2","67301","0","","1.0","","1","N","N","Y","0","","1","0","0","3","2","","306","3","1","0","0","0","0","0","2","0","3","0","0","0","3","","","N","","","","","","","","","",""
"2022098380","2104","0","0","0","0","0","0","0","0","0","4","0","","67","10","2022","3","39.976009","-75.239387","2057","6","0","0","0","0","0","0","1","0","","0","0","0","20","3","2","","1","2","39 58:33.632","6","0","75 14:21.793","4","0","0","0","67301","0","0","0","N","0","0","0","3","67301","2","","1.0","2220.0","1","N","N","N","0","","0","0","3","3","3","Y","2050","3","2","0","0","0","0","1","2","0","3","0","0","0","3","03","","N","","","","","","","","","",""
"2022106632","2123","2","0","0","0","0","0","0","0","0","4","0","","67","11","2022","7","40.023738","-75.046109","2117","6","0","0","0","0","0","0","0","0","","0","0","0","21","3","2","","1","0","40 01:25.456","","0","75 02:45.992","3","0","0","0","67301","0","0","0","N","0","0","0","2","67301","0","","1.0","","1","N","N","N","0","","2","0","0","3","3","","2114","2","2","0","0","0","0","0","2","0","2","0","0","0","3","03","","N","","","","","","","","","",""
"2022109186","1628","3","0","0","0","0","0","0","0","0","4","0","","67","11","2022","4","40.037652","-75.075953","1628","6","0","0","0","0","0","0","0","0","","0","0","0","15","1","1","","2","0","40 02:15.547","","0","75 04:33.430","3","0","0","0","67301","0","0","0","N","0","0","0","2","67301","0","","1.0","","1","N","N","N","0","","1","0","0","3","3","","1541","3","1","1","0","0","0","0","2","0","3","0","0","0","3","03","","N","","","","","","","","","",""
"2022109355","1900","4","0","0","0","0","0","0","0","0","6","0","","67","11","2022","5","39.925564","-75.243075","1900","6","0","0","0","0","1","0","0","0","","0","0","0","19","3","1","N","0","0","39 55:32.030","","0","75 14:35.070","8","0","0","0","67301","0","0","0","N","0","0","0","1","67301","0","","6.0","","1","N","N","N","0","","0","0","0","0","0","","1900","4","1","0","0","0","1","0","2","0","4","0","0","0","3","03","","N","","","","","","","","","",""
"2022121080","1240","1","0","0","0","0","0","0","0","0","8","0","","67","12","2022","6","39.943415","-75.155269","1241","6","0","0","0","0","0","0","0","0","","0","0","0","7","3","1","","1","0","39 56:36.293","","0","75 09:18.968","4","0","0","0","67301","1","0","0","N","1","0","0","2","67301","1","","1.0","","1","N","N","N","0","","0","0","0","9","2","","700","2","1","0","0","0","0","1","2","0","1","1","0","0","3","03","","N","","","","","","","","","",""
"2022124951","1718","0","0","0","0","0","0","0","0","0","1","0","","67","12","2022","5","39.898894","-75.169944","1657","6","0","0","0","0","0","0","0","0","","0","0","0","16","3","0","N","0","0","39 53:56.017","","3","75 10:11.799","0","0","0","0","67301","0","0","0","N","0","0","0","2","68K01","0","","1.0","","1","N","N","N","0","","0","0","2","0","0","","1640","2","0","0","0","0","0","0","2","0","2","0","0","0","3","","","N","","","","","","","","","",""
"2022120124","1841","0","0","0","0","0","0","0","0","0","4","0","","67","12","2022","7","39.969951","-75.230492","1841","6","0","1","0","0","0","0","0","0","","0","0","0","18","3","0","","1","0","39 58:11.823","","0","75 13:49.771","0","0","0","0","67301","0","0","0","N","0","0","0","2","67301","0","","1.0","","1","N","N","N","0","","0","0","1","0","0","","1841","2","0","0","0","0","0","0","2","1","2","0","0","0","3","03","","N","","","","","","","","","",""
"2022101040","0021","4","0","0","0","0","0","0","0","0","7","0","","67","10","2022","1","40.048878","-74.998023","0005","6","0","0","0","0","0","0","0","0","","0","0","0","0","3","1","N","0","2","40 02:55.960","2","0","74 59:52.884","8","0","0","0","67301","0","0","0","N","0","0","0","5","68K01","0","","4.0","100.0","1","N","N","N","0","","0","0","0","0","0","N","4","4","1","1","0","0","1","0","2","0","4","0","0","0","3","03","","N","","","","","","","","","",""
"2022108059","1640","1","0","0","1","0","0","0","0","0","8","0","","67","11","2022","2","39.921319","-75.146044","1640","6","0","0","0","0","0","0","0","0","","0","0","0","15","1","1","","1","0","39 55:16.749","","0","75 08:45.759","3","0","0","0","67301","1","0","0","N","0","0","0","2","67301","0","","1.0","","1","N","N","N","0","","1","0","0","3","3","","1530","2","1","1","0","0","0","0","2","0","1","1","0","0","3","03","","N","","","","","","","","","",""
"2022097188","1059","1","0","0","0","0","0","0","0","0","4","0","","67","10","2022","3","39.995052","-75.163187","1042","6","0","0","0","0","0","0","1","0","","0","0","0","9","1","2","","1","0","39 59:42.186","","0","75 09:47.473","3","0","0","0","67301","0","0","0","N","0","0","0","2","67301","0","","1.0","","1","N","N","N","0","","2","0","1","3","2","","922","2","2","0","0","0","0","0","2","0","2","0","0","0","3","","","N","","","","","","","","","",""
"2022120484","1820","0","0","0","0","0","0","0","0","0","7","0","","67","12","2022","7","40.120153","-75.017315","1817","6","0","0","0","0","0","0","0","0","","0","0","0","18","3","2","N","0","0","40 07:12.550","","0","75 01:02.335","3","0","0","0","67301","0","0","0","N","0","0","0","2","67301","0","","4.0","","1","N","N","N","0","","1","0","1","0","0","","1811","1","2","0","0","0","1","0","2","0","1","0","0","0","3","","","N","","","","","","","","","",""
"2022117426","2058","2","0","0","0","0","0","0","0","0","4","0","","67","12","2022","6","40.016855","-75.149585","2053","6","0","0","0","0","0","0","0","0","","0","0","0","20","3","2","","1","0","40 01:00.678","","0","75 08:58.505","3","0","0","0","67301","0","0","0","N","0","0","0","3","67301","0","","1.0","","1","N","N","N","0","","2","0","0","3","2","","2046","2","2","1","0","0","0","0","2","0","2","0","0","0","3","03","","N","","","","","","","","","",""
"2022116667","2200","2","0","0","0","0","0","0","0","0","1","0","","67","12","2022","2","40.026028","-75.135833","2200","6","0","0","0","0","0","0","0","0","","0","0","0","20","6","0","N","0","0","40 01:33.700","","0","75 08:09.000","9","0","0","0","67301","0","0","0","N","0","0","0","1","67301","0","","6.0","","99","N","N","N","0","","0","0","0","0","0","","2030","2","0","1","0","0","0","1","2","0","2","0","0","0","99","","","N","","","","","","","","","",""
"2022121798","0129","3","0","0","0","0","0","0","0","0","5","0","","67","12","2022","2","39.934436","-75.169808","0126","6","0","0","0","0","0","0","0","0","","0","0","0","1","3","0","N","0","0","39 56:03.970","","0","75 10:11.310","0","0","0","0","67301","0","0","0","N","0","0","0","1","67301","0","","6.0","","1","N","N","N","0","","0","0","1","0","0","","126","4","0","1","0","0","0","0","2","0","4","0","0","0","3","03","","N","","","","","","","","","",""
"2022107199","1010","1","0","0","0","0","0","0","0","0","4","0","","67","11","2022","3","39.963943","-75.184723","1009","6","0","0","0","0","0","0","0","0","","0","0","0","10","1","1","","2","0","39 57:50.196","","8","75 11:05.003","3","0","0","0","67301","0","0","0","N","0","0","0","2","67507","0","","1.0","","1","N","N","N","0","","1","0","1","3","2","","1000","2","1","0","0","0","0","0","2","0","2","0","0","0","3","","","N","","","","","","","","","",""
"2022098155","0842","0","0","0","0","0","0","0","0","0","4","0","","67","10","2022","1","39.951701","-75.236857","0842","6","0","0","0","0","0","1","0","0","","0","0","0","8","1","0","","1","0","39 57:06.123","","0","75 14:12.685","0","0","0","0","67301","0","0","0","N","0","0","0","4","67301","0","","1.0","","1","N","N","N","0","","0","0","2","3","2","","837","2","0","3","0","0","0","0","2","0","2","0","0","0","3","03","","N","","","","","","","","","",""