"CRN","ARRIVAL_TM","AUTOMOBILE_COUNT","BELTED_DEATH_COUNT","BELTED_SUSP_SERIOUS_INJ_COUNT","BICYCLE_COUNT","BICYCLE_DEATH_COUNT","BICYCLE_SUSP_SERIOUS_INJ_COUNT","BUS_COUNT","CHLDPAS_DEATH_COUNT","CHLDPAS_SUSP_SERIOUS_INJ_COUNT","COLLISION_TYPE","COMM_VEH_COUNT","CONS_ZONE_SPD_LIM","COUNTY","CRASH_MONTH","CRASH_YEAR","DAY_OF_WEEK","DEC_LATITUDE","DEC_LONGITUDE","DISPATCH_TM","DISTRICT","DRIVER_COUNT_16YR","DRIVER_COUNT_17YR","DRIVER_COUNT_18YR","DRIVER_COUNT_19YR","DRIVER_COUNT_20YR","DRIVER_COUNT_50_64YR","DRIVER_COUNT_65_74YR","DRIVER_COUNT_75PLUS","EST_HRS_CLOSED","FATAL_COUNT","HEAVY_TRUCK_COUNT","HORSE_BUGGY_COUNT","HOUR_OF_DAY","ILLUMINATION","INJURY_COUNT","INTERSECTION_RELATED","INTERSECT_TYPE","LANE_CLOSED","LATITUDE","LN_CLOSE_DIR","LOCATION_TYPE","LONGITUDE","MAX_SEVERITY_LEVEL","MCYCLE_DEATH_COUNT","MCYCLE_SUSP_SERIOUS_INJ_COUNT","MOTORCYCLE_COUNT","MUNICIPALITY","NONMOTR_COUNT","NONMOTR_DEATH_COUNT","NONMOTR_SUSP_SERIOUS_INJ_COUNT","NTFY_HIWY_MAINT","PED_COUNT","PED_DEATH_COUNT","PED_SUSP_SERIOUS_INJ_COUNT","PERSON_COUNT","POLICE_AGCY","POSSIBLE_INJ_COUNT","RDWY_SURF_TYPE_CD","RELATION_TO_ROAD","ROADWAY_CLEARED","ROAD_CONDITION","SCH_BUS_IND","SCH_ZONE_IND","SECONDARY_CRASH","SMALL_TRUCK_COUNT","SPEC_JURIS_CD","SUSP_MINOR_INJ_COUNT","SUSP_SERIOUS_INJ_COUNT","SUV_COUNT","TCD_FUNC_CD","TCD_TYPE","TFC_DETOUR_IND","TIME_OF_DAY","TOTAL_UNITS","TOT_INJ_COUNT","UNBELTED_OCC_COUNT","UNB_DEATH_COUNT","UNB_SUSP_SERIOUS_INJ_COUNT","UNK_INJ_DEG_COUNT","UNK_INJ_PER_COUNT","URBAN_RURAL","VAN_COUNT","VEHICLE_COUNT","VULNERABLE_ROAD_USER_COUNT","VULNERABLE_ROAD_USER_DEATH_COUNT","VULNERABLE_ROAD_USER_SER_INJ_COUNT","WEATHER1","WEATHER2","WORKERS_PRES","WORK_ZONE_IND","WORK_ZONE_LOC","WORK_ZONE_TYPE","WZ_CLOSE_DETOUR","WZ_FLAGGER","WZ_LAW_OFFCR_IND","WZ_LN_CLOSURE","WZ_MOVING","WZ_OTHER","WZ_SHLDER_MDN","WZ_WORKERS_INJ_KILLED"
"2022115445","0214","3","0","0","0","0","0","0","0","0","5","0","","67","11","2022","7","39.990425","-75.233444","0209","6","0","0","0","0","0","1","0","0","","0","0","0","1","3","1","N","0","1","39 59:25.530","2","0","75 14:00.400","8","0","0","0","67301","0","0","0","N","0","0","0","1","67301","0","","6.0","320.0","9","N","N","N","0","","0","0","0","0","0","N","149","3","1","0","0","0","1","0","2","0","3","0","0","0","7","07","","N","","","","","","","","","",""
"2022118758","0904","0","0","0","0","0","0","0","0","0","8","0","","67","12","2022","7","39.965684","-75.222253","0900","6","0","0","0","0","0","0","0","0","","0","0","0","1","3","1","","1","0","39 57:56.462","","0","75 13:20.110","3","0","0","0","67301","1","0","0","N","1","0","0","2","67301","0","","1.0","","9","N","N","N","0","","1","0","0","3","2","","100","2","1","0","0","0","0","0","2","0","1","1","0","0","7","07","","N","","","","","","","","","",""
"2022116352","1420","1","0","0","0","0","0","0","0","0","4","0","","67","12","2022","3","39.932936","-75.177644","1420","6","0","0","0","0","0","1","0","0","","0","0","0","12","1","1","","1","0","39 55:58.569","","0","75 10:39.518","4","0","0","0","67301","0","0","0","N","0","0","0","2","67301","1","","1.0","","9","N","N","N","0","","0","0","1","3","3","","1200","2","1","0","0","0","0","1","2","0","2","0","0","0","7","04","","N","","","","","","","","","",""
"2022116349","2040","1","0","0","0","0","0","0","0","0","2","0","","67","12","2022","3","40.067497","-75.179319","2025","6","0","0","0","0","0","0","0","0","","0","0","0","20","3","1","","1","0","40 04:02.989","","0","75 10:45.548","4","0","0","0","67301","0","0","0","N","0","0","0","2","67301","1","","1.0","","9","N","N","Y","0","","0","0","2","3","2","","2015","3","1","2","0","0","0","1","2","0","3","0","0","0","7","","","N","","","","","","","","","",""
"2022086448","0157","1","0","0","0","0","0","0","0","0","7","0","","67","9","2022","7","40.056369","-75.197115","0157","6","0","0","0","0","0","0","0","0","","0","0","0","1","3","1","","2","0","40 03:22.927","","0","75 11:49.613","3","0","0","0","67301","0","0","0","N","0","0","0","1","67301","0","","4.0","","1","N","N","N","0","","1","0","0","3","3","","130","1","1","0","0","0","0","0","2","0","1","0","0","0","3","03","","N","","","","","","","","","",""
"2022124546","2225","1","0","0","0","0","0","1","0","0","6","1","","67","12","2022","4","40.012474","-75.152099","2221","6","0","1","0","0","0","0","0","0","","0","0","0","22","3","1","","5","0","40 00:44.907","","0","75 09:07.557","4","0","0","0","67301","0","0","0","N","0","0","0","4","67508","1","","1.0","","1","N","N","Y","0","","0","0","0","3","2","","2221","3","1","1","0","0","0","1","2","1","3","0","0","0","3","03","","N","","","","","","","","","",""
"2022106509","0900","1","0","0","0","0","0","0","0","0","1","0","","67","11","2022","7","39.967294","-75.212639","0837","6","0","0","0","0","0","0","0","0","","0","0","0","7","1","0","N","0","0","39 58:02.260","","0","75 12:45.500","0","0","0","0","67301","0","0","0","N","0","0","0","1","67301","0","","6.0","","9","N","N","N","0","","0","0","1","0","0","","715","2","0","1","0","0","0","0","2","0","2","0","0","0","4","04","","N","","","","","","","","","",""
"2022116812","2330","0","0","0","0","0","0","0","0","0","8","0","","67","12","2022","3","40.016866","-75.149475","2330","6","0","0","0","0","0","0","0","0","","0","0","0","22","3","1","","1","0","40 01:00.719","","0","75 08:58.111","8","0","0","0","67301","1","0","0","N","1","0","0","2","67301","0","","1.0","","99","N","N","N","0","","0","0","0","3","2","","2229","2","1","0","0","0","1","1","2","0","1","1","0","0","99","","","N","","","","","","","","","",""
"2022117047","1830","1","0","0","0","0","0","0","0","0","4","0","","67","12","2022","6","40.085692","-75.037081","1825","6","0","0","0","0","0","0","0","0","","0","0","0","18","3","0","N","0","0","40 05:08.491","","7","75 02:13.491","0","0","0","0","67301","0","0","0","N","0","0","0","2","67301","0","","1.0","","1","N","N","N","0","","0","0","1","0","0","","1820","2","0","2","0","0","0","0","2","0","2","0","0","0","3","03","","N","","","","","","","","","",""
"2022116657","0949","3","0","0","0","0","0","0","0","0","4","0","","67","12","2022","5","40.018018","-75.057217","0943","6","0","0","0","0","0","0","0","0","","0","0","0","9","1","1","","1","0","40 01:04.864","","0","75 03:25.981","3","0","0","0","67301","0","0","0","N","0","0","0","2","67301","0","","1.0","","1","N","N","N","0","","1","0","0","3","3","","941","3","1","1","0","0","0","0","2","0","3","0","0","0","4","","","N","","","","","","","","","",""
"2022116348","0856","0","0","0","0","0","0","0","0","0","8","0","99","67","12","2022","5","39.938156","-75.218597","0856","6","0","0","0","0","0","1","0","0","","0","0","0","8","1","1","N","0","0","39 56:17.360","","0","75 13:06.950","3","0","0","0","67301","1","0","0","N","1","0","0","2","67301","0","","1.0","","1","N","N","N","0","","1","0","1","0","0","","855","2","1","0","0","0","0","0","2","0","1","1","0","0","3","03","Y","Y","4","1","","","U","Y","","","","N"
"2022119179","1740","2","0","0","0","0","0","0","0","0","1","0","","67","12","2022","2","40.037568","-75.012594","1733","6","0","0","0","0","0","1","0","0","","0","0","0","17","3","2","N","0","1","40 02:15.243","2","0","75 00:45.340","3","0","0","0","67301","0","0","0","N","0","0","0","7","68K01","0","","1.0","1836.0","1","N","N","N","1","","2","0","1","0","0","N","1730","4","2","0","0","0","0","0","2","0","4","0","0","0","3","","","N","","","","","","","","","",""
"2022114087","2344","1","0","0","0","0","0","0","0","0","4","0","","67","12","2022","5","40.030332","-75.131845","2344","6","0","0","0","0","0","0","0","0","","0","0","0","18","3","1","","1","0","40 01:49.195","","0","75 07:54.641","8","0","0","0","67301","0","0","0","N","0","0","0","2","67301","0","","1.0","","1","N","N","N","0","","0","0","1","3","2","","1825","2","1","0","0","0","1","1","2","0","2","0","0","0","3","03","","N","","","","","","","","","",""
"2022116646","2121","1","0","0","0","0","0","0","0","0","4","0","","67","12","2022","3","40.028046","-75.110038","2110","6","0","0","0","0","0","1","0","0","","0","0","0","21","3","3","","1","1","40 01:40.967","2","0","75 06:36.138","4","0","0","0","67301","0","0","0","N","0","0","0","4","67301","3","","1.0","2135.0","9","N","N","N","0","","0","0","1","3","2","N","2109","2","3","0","0","0","0","0","2","0","2","0","0","0","7","","","N","","","","","","","","","",""
"2022121089","0820","1","0","0","0","0","0","0","0","0","4","1","","67","12","2022","3","40.006188","-75.151929","0815","6","0","0","0","0","0","0","0","0","","0","0","0","8","1","0","","1","1","40 00:22.276","1","0","75 09:06.943","0","0","0","0","67301","0","0","0","N","0","0","0","3","67505","0","","1.0","900.0","1","N","N","N","0","","0","0","0","3","2","N","813","2","0","0","0","0","0","0","2","1","2","0","0","0","3","03","","N","","","","","","","","","",""
"2022108283","1005","0","0","0","0","0","0","0","0","0","4","0","","67","11","2022","5","40.010771","-75.10223","1003","6","0","0","0","0","0","0","0","1","","0","0","0","9","1","0","","1","0","40 00:38.775","","0","75 06:08.028","0","0","0","0","67301","0","0","0","N","0","0","0","1","67301","0","","1.0","","1","N","N","N","1","","0","0","1","3","2","","940","2","0","0","0","0","0","0","2","0","2","0","0","0","3","","","N","","","","","","","","","",""
"2022114999","1247","2","0","0","0","0","0","0","0","0","4","0","","67","12","2022","7","40.010821","-75.126649","1246","6","0","0","0","0","0","0","0","0","","0","0","0","12","8","3","","1","0","40 00:38.955","","0","75 07:35.936","3","0","0","0","67301","0","0","0","N","0","0","0","4","67301","2","","1.0","","1","N","N","N","0","","1","0","0","3","2","","1238","2","3","0","0","0","0","1","2","0","2","0","0","0","3","03","","N","","","","","","","","","",""
"2022112402","0530","1","0","0","0","0","0","0","0","0","4","0","","67","11","2022","6","40.038197","-75.078655","0508","6","0","0","0","0","0","2","0","0","","0","0","0","5","3","0","","1","0","40 02:17.510","","0","75 04:43.159","0","0","0","0","67301","0","0","0","N","0","0","0","2","67301","0","","1.0","","1","N","N","N","0","","0","0","0","3","3","","501","2","0","0","0","0","0","0","2","1","2","0","0","0","3","","","N","","","","","","","","","",""
"2022116656","0255","0","0","0","0","0","0","0","0","0","7","0","","67","12","2022","3","40.051924","-75.050745","0239","6","0","0","0","0","0","0","0","0","","0","0","0","2","3","1","N","0","1","40 03:06.927","1","0","75 03:02.681","2","0","0","0","67301","0","0","0","N","0","0","0","1","67301","0","","3.0","400.0","1","N","N","N","0","","0","1","1","0","0","Y","237","1","1","0","0","0","0","0","2","0","1","0","0","0","3","03","","N","","","","","","","","","",""
"2022116942","1840","0","0","0","0","0","0","0","0","0","4","0","","67","12","2022","6","40.114146","-74.987744","1834","6","0","0","0","0","0","0","0","0","","0","0","0","17","3","1","","1","0","40 06:50.926","","0","74 59:15.880","4","0","0","0","67301","0","0","0","N","0","0","0","2","67301","1","","1.0","","1","N","N","N","0","","0","0","2","3","2","","1752","2","1","0","0","0","0","0","2","0","2","0","0","0","3","03","","N","","","","","","","","","",""
"2022115928","1405","2","0","0","0","0","0","0","0","0","4","0","","67","12","2022","2","40.080855","-75.028774","1405","6","0","0","0","0","0","0","0","1","","0","0","0","14","1","4","","1","2","40 04:51.077","2","0","75 01:43.585","3","0","0","0","67301","0","0","0","N","0","0","0","4","67301","0","","1.0","1516.0","1","N","N","N","0","","4","0","0","3","2","N","1401","2","4","0","0","0","0","0","2","0","2","0","0","0","3","03","","N","","","","","","","","","",""
"2022121809","1806","1","0","0","0","0","0","0","0","0","6","0","","67","12","2022","3","40.027246","-75.183526","1806","6","0","0","0","0","1","0","0","0","","0","0","0","17","3","1","","2","0","40 01:38.085","","0","75 11:00.693","4","0","0","0","67301","0","0","0","N","0","0","0","2","67301","1","","1.0","","1","N","N","N","0","","0","0","0","3","2","","1732","2","1","0","0","0","0","0","2","0","2","0","0","0","3","","","N","","","","","","","","","",""
"2022116683","1650","0","0","0","0","0","0","0","0","0","8","0","","67","12","2022","5","39.876861","-75.247083","1645","6","0","0","0","0","0","0","0","0","","0","0","0","16","3","1","N","0","0","39 52:36.700","","1","75 14:49.500","8","0","0","0","67301","1","0","0","N","1","0","0","2","67301","0","","6.0","","1","N","N","N","0","","0","0","1","0","0","","1645","2","1","1","0","0","1","0","2","0","1","1","0","0","3","03","","N","","","","","","","","","",""
"2022115118","0210","3","0","0","0","0","0","0","0","0","2","0","","67","12","2022","7","40.049236","-75.144603","0207","6","0","0","0","0","0","1","0","0","","0","0","0","1","3","1","N","0","0","40 02:57.250","","0","75 08:40.570","3","0","0","0","67301","0","0","0","N","0","0","0","1","67301","0","","6.0","","1","N","N","N","0","","1","0","0","0","0","","153","4","1","0","0","0","0","0","2","1","4","0","0","0","3","03","","N","","","","","","","","","",""
"2022117754","0744","1","0","0","0","0","0","0","0","0","1","0","","67","12","2022","6","40.091814","-75.021361","0739","6","0","0","0","0","1","0","0","0","","0","0","0","7","1","1","N","0","0","40 05:30.530","","0","75 01:16.900","3","0","0","0","67301","0","0","0","N","0","0","0","2","67301","0","","6.0","","1","N","N","N","0","","1","0","1","0","0","","730","2","1","1","0","0","0","0","2","0","2","0","0","0","3","","","N","","","","","","","","","",""
"2022121346","0738","1","0","0","0","0","0","0","0","0","4","0","","67","12","2022","2","40.068668","-75.16411","0735","6","0","0","0","0","0","0","0","1","","0","0","0","7","1","2","","1","0","40 04:07.205","","0","75 09:50.797","2","0","0","0","67301","0","0","0","N","0","0","0","2","67301","1","","1.0","","1","N","N","N","0","","0","1","1","3","2","","730","2","2","0","0","0","0","0","2","0","2","0","0","0","3","03","","N","","","","","","","","","",""
"2022116802","0019","2","0","0","0","0","0","0","0","0","5","0","","67","12","2022","6","40.05965","-75.150547","0019","6","0","0","0","0","0","0","0","0","","0","0","0","0","3","0","N","0","0","40 03:34.740","","0","75 09:01.970","0","0","0","0","67301","0","0","0","N","0","0","0","1","67301","0","","6.0","","1","N","N","N","0","","0","0","0","0","0","","19","2","0","0","0","0","0","0","2","0","2","0","0","0","3","","","N","","","","","","","","","",""
"2022116803","1805","1","0","0","0","0","0","0","0","0","8","0","","67","12","2022","2","39.96898","-75.217001","1802","6","0","0","0","0","0","0","0","0","","0","0","0","17","3","1","","1","0","39 58:08.327","","0","75 13:01.203","3","0","0","0","67301","1","0","0","N","1","0","0","2","67301","0","","1.0","","1","N","N","N","0","","1","0","0","3","2","","1751","2","1","1","0","0","0","0","2","0","1","1","0","0","3","03","","N","","","","","","","","","",""
"2022124332","0835","0","0","0","0","0","0","0","0","0","4","0","","67","12","2022","6","39.990681","-75.165738","0833","6","0","0","0","0","0","0","0","0","","0","0","0","8","1","0","","2","0","39 59:26.451","","0","75 09:56.656","9","0","0","0","67301","0","0","0","N","0","0","0","2","67301","0","","1.0","","1","N","N","N","0","","0","0","2","3","3","","830","2","0","0","0","0","0","1","2","0","2","0","0","0","3","03","","N","","","","","","","","","",""
"2022120916","0332","2","0","0","0","0","0","0","0","0","4","0","","67","12","2022","2","40.048881","-75.141369","0330","6","0","0","0","0","0","0","0","0","","0","0","0","3","3","1","","1","0","40 02:55.971","","0","75 08:28.928","3","0","0","0","67301","0","0","0","N","0","0","0","2","67301","0","","1.0","","1","N","N","N","0","","1","0","3","3","3","","325","5","1","1","0","0","0","0","2","0","5","0","0","0","3","","","N","","","","","","","","","",""
"2022116346","0927","2","0","0","0","0","0","0","0","0","4","0","","67","12","2022","3","39.944941","-75.239184","0922","6","0","0","0","1","0","0","0","0","","0","0","0","9","1","1","","2","1","39 56:41.789","2","0","75 14:21.063","3","0","0","0","67301","0","0","0","N","0","0","0","2","67301","0","","1.0","927.0","9","N","N","N","0","","1","0","0","3","3","N","918","2","1","0","0","0","0","0","2","0","2","0","0","0","7","04","","N","","","","","","","","","",""
"2022119025","0008","2","0","0","0","0","0","0","0","0","4","0","","67","12","2022","3","40.012976","-75.119388","2359","6","0","0","0","0","0","0","0","0","","0","0","0","21","3","2","","1","0","40 00:46.715","","0","75 07:09.796","3","0","0","0","67301","0","0","0","N","0","0","0","3","67301","0","","1.0","","9","N","N","N","0","","2","0","0","3","2","","2110","2","2","2","0","0","0","0","2","0","2","0","0","0","7","07","","N","","","","","","","","","",""
"2022121515","1240","1","0","0","0","0","0","0","0","0","4","0","","67","12","2022","5","39.95768","-75.162367","1230","6","0","0","0","0","0","0","0","0","","0","0","0","12","1","0","","1","0","39 57:27.649","","2","75 09:44.521","0","0","0","0","67301","0","0","0","N","0","0","0","3","67301","0","","1.0","","1","N","N","N","1","","0","0","0","3","2","","1220","2","0","0","0","0","0","0","2","0","2","0","0","0","3","","","N","","","","","","","","","",""
"2022114672","1755","2","0","0","0","0","0","0","0","0","1","0","","67","12","2022","7","40.095167","-75.015786","1740","6","1","0","0","0","0","1","0","0","","0","0","0","17","3","1","N","0","1","40 05:42.600","4","0","75 00:56.830","3","0","0","0","67301","0","0","0","N","0","0","0","5","67301","0","","1.0","1935.0","9","N","N","N","0","","1","0","1","0","0","N","1701","4","1","0","0","0","0","0","2","1","4","0","0","0","7","04","","N","","","","","","","","","",""
"2022120116","1916","1","0","0","0","0","0","0","0","0","4","0","","67","12","2022","6","39.921091","-75.173774","1915","6","0","0","0","0","0","0","0","0","","0","0","0","18","3","0","","1","0","39 55:15.927","","0","75 10:25.586","0","0","0","0","67301","0","0","0","N","0","0","0","5","67301","0","","1.0","","1","N","N","N","0","","0","0","1","3","2","","1840","2","0","0","0","0","0","0","2","0","2","0","0","0","3","03","","N","","","","","","","","","",""
"2022124071","2029","1","0","0","0","0","0","0","0","0","4","0","","67","12","2022","3","40.019667","-75.109417","2029","6","0","0","0","0","0","0","0","0","","0","0","0","19","3","1","","2","0","40 01:10.800","","0","75 06:33.900","8","0","0","0","67301","0","0","0","N","0","0","0","2","67301","0","","1.0","","1","N","N","N","0","","0","0","1","0","0","","1955","2","1","0","0","0","1","0","2","0","2","0","0","0","3","03","","N","","","","","","","","","",""
"2022116939","2125","1","0","0","0","0","0","0","0","0","1","0","","67","12","2022","6","40.046133","-75.089426","2120","6","0","1","0","0","0","0","0","0","","0","0","0","21","3","1","N","0","0","40 02:46.078","","0","75 05:21.934","3","0","0","0","67301","0","0","0","N","0","0","0","2","67301","0","","6.0","","1","N","N","N","0","","1","0","2","0","0","","2118","3","1","0","0","0","0","0","2","0","3","0","0","0","3","03","","N","","","","","","","","","",""
"2022113191","0915","3","0","0","0","0","0","0","0","0","5","0","","67","10","2022","1","39.999914","-75.131006","0856","6","0","0","0","0","0","0","0","0","","0","0","0","5","3","0","N","0","0","39 59:59.690","","0","75 07:51.620","0","0","0","0","67301","0","0","0","N","0","0","0","1","67301","0","","6.0","","1","N","N","N","0","","0","0","2","0","0","","530","5","0","1","0","0","0","0","2","0","5","0","0","0","3","03","","N","","","","","","","","","",""
"2022114518","0313","1","0","0","0","0","0","0","0","0","7","0","","67","12","2022","7","40.044282","-75.193227","0311","6","0","0","0","0","0","0","0","0","","0","0","0","3","3","1","N","0","2","40 02:39.416","1","0","75 11:35.617","2","0","0","0","67301","0","0","0","N","0","0","0","1","67301","0","","5.0","420.0","1","N","N","N","0","","0","1","0","0","0","N","310","1","1","1","0","1","0","0","2","0","1","0","0","0","4","98","","N","","","","","","","","","",""
"2022121807","0921","3","0","0","0","0","0","0","0","0","5","0","","67","12","2022","2","40.009668","-75.187032","0904","6","0","0","0","0","0","2","0","0","","0","0","0","7","1","0","N","0","0","40 00:34.806","","0","75 11:13.314","0","0","0","0","67301","0","0","0","N","0","0","0","5","67301","0","","1.0","","1","N","N","N","0","","0","0","0","0","0","","749","4","0","0","0","0","0","0","2","1","4","0","0","0","3","","","N","","","","","","","","","",""
"2022102950","0000","2","0","0","0","0","0","0","0","0","5","0","","67","11","2022","5","40.027428","-75.096514","2350","6","0","0","0","0","0","0","0","0","","0","0","0","23","3","0","N","0","1","40 01:38.740","1","0","75 05:47.450","9","0","0","0","67301","0","0","0","N","0","0","0","1","67301","0","","6.0","126.0","1","N","N","N","0","","0","0","1","0","0","N","2349","4","0","0","0","0","0","1","2","1","4","0","0","0","3","03","","N","","","","","","","","","",""
"2022120111","2005","1","0","0","0","0","0","0","0","0","4","0","","67","12","2022","6","39.926057","-75.182739","2001","6","0","0","0","0","0","0","0","0","","0","0","0","20","3","1","","1","0","39 55:33.806","","0","75 10:57.862","3","0","0","0","67301","0","0","0","N","0","0","0","2","67301","0","","1.0","","1","N","N","N","0","","1","0","1","3","2","","2000","2","1","0","0","0","0","0","2","0","2","0","0","0","3","03","","N","","","","","","","","","",""
"2022119274","0330","1","0","0","0","0","0","0","0","0","7","0","","67","12","2022","1","40.009804","-75.089422","0324","6","0","0","0","0","0","1","0","0","","0","0","0","3","3","1","N","0","2","40 00:35.294","5","1","75 05:21.919","2","0","0","0","67301","0","0","0","N","0","0","0","1","67301","0","","4.0","511.0","1","N","N","N","1","","0","1","0","0","0","Y","318","2","1","1","0","1","0","0","2","0","2","0","0","0","3","03","","N","","","","","","","","","",""
"2022112207","1306","1","0","0","0","0","0","0","0","0","1","0","","67","11","2022","3","39.948494","-75.157391","1306","6","0","0","0","0","0","0","0","0","","0","0","0","12","1","1","","1","0","39 56:54.579","","0","75 09:26.606","3","0","0","0","67301","0","0","0","N","0","0","0","2","67301","0","","1.0","","1","N","N","N","0","","1","0","1","3","2","","1255","2","1","0","0","0","0","0","2","0","2","0","0","0","3","03","","N","","","","","","","","","",""
"2022116669","0438","1","0","0","0","0","0","0","0","0","4","0","","67","12","2022","5","40.059737","-75.140162","0436","6","0","0","0","0","0","0","0","1","","0","0","0","4","3","1","","1","0","40 03:35.053","","0","75 08:24.583","3","0","0","0","67301","0","0","0","N","0","0","0","2","67301","0","","1.0","","1","N","N","N","0","","1","0","1","3","2","","430","2","1","0","0","0","0","0","2","0","2","0","0","0","3","","","N","","","","","","","","","",""
"2022116680","0213","1","0","0","0","0","0","0","0","0","2","0","","67","12","2022","5","40.032025","-75.19299","0213","6","0","0","0","0","0","0","0","0","","0","0","0","1","3","1","N","0","2","40 01:55.291","6","0","75 11:34.764","3","0","0","0","67301","0","0","0","N","0","0","0","1","67301","0","","6.0","230.0","9","N","N","N","0","","1","0","0","0","0","Y","147","2","1","0","0","0","0","0","2","0","2","0","0","0","7","04","","N","","","","","","","","","",""
"2022116652","1552","3","0","0","0","0","0","0","0","0","1","0","","67","12","2022","5","39.898308","-75.254026","1549","6","0","1","0","0","0","0","0","0","","0","0","0","15","1","1","Y","0","1","39 53:53.908","2","0","75 15:14.495","4","0","0","0","67301","0","0","0","N","0","0","0","5","67301","1","","1.0","1620.0","1","N","N","N","0","","0","0","0","3","2","N","1547","3","1","0","0","0","0","0","2","0","3","0","0","0","3","03","","N","","","","","","","","","",""
"2022116651","0130","1","0","0","0","0","0","0","0","0","4","0","","67","12","2022","5","39.954583","-75.172983","0129","6","0","0","0","0","0","1","0","0","","0","0","0","1","3","1","","1","1","39 57:16.499","6","0","75 10:22.738","3","0","0","0","67301","0","0","0","N","0","0","0","2","67301","0","","1.0","225.0","1","N","N","N","0","","1","0","1","3","2","Y","125","2","1","0","0","0","0","0","2","0","2","0","0","0","3","03","","N","","","","","","","","","",""
"2022121793","1300","1","0","0","0","0","0","0","0","0","4","0","","67","12","2022","2","39.922689","-75.222217","1254","6","0","0","0","0","0","0","0","0","","0","0","0","12","1","1","","2","2","39 55:21.680","7","0","75 13:19.981","3","0","0","0","67301","0","0","0","N","0","0","0","1","67301","0","","1.0","130.0","1","N","N","N","0","","1","0","2","3","3","N","1251","3","1","0","0","0","0","0","2","0","3","0","0","0","3","03","","N","","","","","","","","","",""
"2022117057","1622","0","0","0","0","0","0","0","0","0","4","0","","67","12","2022","7","39.994432","-75.13365","1620","6","0","0","0","0","0","0","0","0","","0","0","0","14","1","1","","1","0","39 59:39.955","","0","75 08:01.140","3","0","0","0","67301","0","0","0","N","0","0","0","3","67301","0","","1.0","","9","N","N","N","0","","1","0","2","3","3","","1429","2","1","1","0","0","0","0","2","0","2","0","0","0","7","","","N","","","","","","","","","",""
"2022125225","0305","1","0","0","0","0","0","0","0","0","7","0","","67","12","2022","7","40.044557","-75.204005","0305","6","0","0","0","0","0","0","0","0","","0","0","0","2","3","1","","1","0","40 02:40.405","","3","75 12:14.417","8","0","0","0","67301","0","0","0","N","0","0","0","1","67301","0","","5.0","","9","N","N","N","0","","0","0","0","3","2","","251","1","1","0","0","0","1","0","2","0","1","0","0","0","3","03","","N","","","","","","","","","",""
"2022103219","2156","1","0","0","0","0","0","0","0","0","1","0","","67","11","2022","3","40.005111","-75.109419","2154","6","0","0","0","0","0","0","0","0","","0","0","0","21","3","1","N","0","0","40 00:18.400","","0","75 06:33.910","3","0","0","0","67301","0","0","0","N","0","0","0","2","67301","0","","1.0","","1","N","N","N","0","","1","0","1","0","0","","2133","2","1","2","0","0","0","0","2","0","2","0","0","0","3","03","","N","","","","","","","","","",""
"2022118954","1147","1","0","0","0","0","0","0","0","0","1","0","","67","12","2022","3","40.040171","-75.006281","1130","6","0","0","0","0","0","0","0","0","","0","0","0","11","1","2","N","0","1","40 02:24.616","2","0","75 00:22.610","3","0","0","0","67301","0","0","0","N","0","0","0","2","68K01","0","","1.0","1230.0","9","N","N","N","0","","1","0","0","0","0","N","1130","2","2","0","0","0","1","0","2","1","2","0","0","0","7","","","N","","","","","","","","","",""
"2022115634","1745","0","0","0","0","0","0","0","0","0","4","0","","67","12","2022","2","40.099527","-74.986368","1739","6","0","0","0","0","0","2","0","0","","0","0","0","17","3","2","","1","0","40 05:58.296","","2","74 59:10.926","3","0","0","0","67301","0","0","0","N","0","0","0","2","67301","0","","1.0","","1","N","N","Y","0","","2","0","2","3","2","","1729","2","2","0","0","0","0","0","2","0","2","0","0","0","3","","","N","","","","","","","","","",""
"2022116796","1738","0","0","0","0","0","0","0","0","0","4","0","","67","12","2022","5","40.061124","-75.236251","1736","6","0","0","0","0","0","0","0","0","","0","0","0","17","3","0","","1","0","40 03:40.046","","0","75 14:10.503","0","0","0","0","67301","0","0","0","N","0","0","0","2","67301","0","","1.0","","1","N","N","N","1","","0","0","1","3","2","","1735","2","0","0","0","0","0","0","2","0","2","0","0","0","3","03","","N","","","","","","","","","",""
"2022122925","0945","1","0","0","0","0","0","0","0","0","4","0","","67","12","2022","4","39.964049","-75.191594","0938","6","0","0","0","0","0","0","0","0","","0","0","0","9","1","1","","1","0","39 57:50.576","","0","75 11:29.738","3","0","0","0","67301","0","0","0","N","0","0","0","3","67301","0","","1.0","","1","N","N","N","0","","1","0","1","3","2","","936","2","1","1","0","0","0","1","2","0","2","0","0","0","3","03","","N","","","","","","","","","",""
"2022116682","1336","2","0","0","0","0","0","0","0","0","6","0","","67","12","2022","5","40.022775","-75.197653","1326","6","0","0","0","0","0","3","0","0","","0","0","0","13","1","1","N","0","2","40 01:21.990","1","0","75 11:51.550","3","0","0","0","67301","0","0","0","N","0","0","0","4","67301","0","","1.0","1430.0","1","N","N","N","0","","1","0","2","0","0","N","1324","4","1","3","0","0","0","0","2","0","4","0","0","0","4","04","","N","","","","","","","","","",""