"CRN","ARRIVAL_TM","AUTOMOBILE_COUNT","BELTED_DEATH_COUNT","BELTED_SUSP_SERIOUS_INJ_COUNT","BICYCLE_COUNT","BICYCLE_DEATH_COUNT","BICYCLE_SUSP_SERIOUS_INJ_COUNT","BUS_COUNT","CHLDPAS_DEATH_COUNT","CHLDPAS_SUSP_SERIOUS_INJ_COUNT","COLLISION_TYPE","COMM_VEH_COUNT","CONS_ZONE_SPD_LIM","COUNTY","CRASH_MONTH","CRASH_YEAR","DAY_OF_WEEK","DEC_LATITUDE","DEC_LONGITUDE","DISPATCH_TM","DISTRICT","DRIVER_COUNT_16YR","DRIVER_COUNT_17YR","DRIVER_COUNT_18YR","DRIVER_COUNT_19YR","DRIVER_COUNT_20YR","DRIVER_COUNT_50_64YR","DRIVER_COUNT_65_74YR","DRIVER_COUNT_75PLUS","EST_HRS_CLOSED","FATAL_COUNT","HEAVY_TRUCK_COUNT","HORSE_BUGGY_COUNT","HOUR_OF_DAY","ILLUMINATION","INJURY_COUNT","INTERSECTION_RELATED","INTERSECT_TYPE","LANE_CLOSED","LATITUDE","LN_CLOSE_DIR","LOCATION_TYPE","LONGITUDE","MAX_SEVERITY_LEVEL","MCYCLE_DEATH_COUNT","MCYCLE_SUSP_SERIOUS_INJ_COUNT","MOTORCYCLE_COUNT","MUNICIPALITY","NONMOTR_COUNT","NONMOTR_DEATH_COUNT","NONMOTR_SUSP_SERIOUS_INJ_COUNT","NTFY_HIWY_MAINT","PED_COUNT","PED_DEATH_COUNT","PED_SUSP_SERIOUS_INJ_COUNT","PERSON_COUNT","POLICE_AGCY","POSSIBLE_INJ_COUNT","RDWY_SURF_TYPE_CD","RELATION_TO_ROAD","ROADWAY_CLEARED","ROAD_CONDITION","SCH_BUS_IND","SCH_ZONE_IND","SECONDARY_CRASH","SMALL_TRUCK_COUNT","SPEC_JURIS_CD","SUSP_MINOR_INJ_COUNT","SUSP_SERIOUS_INJ_COUNT","SUV_COUNT","TCD_FUNC_CD","TCD_TYPE","TFC_DETOUR_IND","TIME_OF_DAY","TOTAL_UNITS","TOT_INJ_COUNT","UNBELTED_OCC_COUNT","UNB_DEATH_COUNT","UNB_SUSP_SERIOUS_INJ_COUNT","UNK_INJ_DEG_COUNT","UNK_INJ_PER_COUNT","URBAN_RURAL","VAN_COUNT","VEHICLE_COUNT","VULNERABLE_ROAD_USER_COUNT","VULNERABLE_ROAD_USER_DEATH_COUNT","VULNERABLE_ROAD_USER_SER_INJ_COUNT","WEATHER1","WEATHER2","WORKERS_PRES","WORK_ZONE_IND","WORK_ZONE_LOC","WORK_ZONE_TYPE","WZ_CLOSE_DETOUR","WZ_FLAGGER","WZ_LAW_OFFCR_IND","WZ_LN_CLOSURE","WZ_MOVING","WZ_OTHER","WZ_SHLDER_MDN","WZ_WORKERS_INJ_KILLED"
"2022104973","0010","2","0","0","0","0","0","0","0","0","4","0","","67","10","2022","1","40.01384","-75.12598","2358","6","0","0","0","0","0","0","0","0","","0","0","0","23","3","1","","1","0","40 00:49.823","","0","75 07:33.528","3","0","0","0","67301","0","0","0","N","0","0","0","2","67301","0","","1.0","","1","N","N","N","0","","1","0","0","3","2","","2350","2","1","0","0","0","0","1","2","0","2","0","0","0","3","03","","N","","","","","","","","","",""
"2022116810","1710","0","0","0","0","0","0","0","0","0","8","0","","67","12","2022","4","39.992208","-75.141536","1708","6","0","0","0","0","0","0","0","0","","0","0","0","17","3","1","","1","1","39 59:31.947","3","0","75 08:29.531","8","0","0","0","67301","1","0","0","N","1","0","0","2","67301","0","","1.0","1740.0","9","N","N","N","0","","0","0","0","0","0","Y","1705","2","1","0","0","0","1","0","2","0","1","1","0","0","7","","","N","","","","","","","","","",""
"2022117753","1555","0","0","0","0","0","0","0","0","0","7","0","","67","12","2022","5","40.088452","-75.044039","1551","6","0","0","0","0","0","0","0","0","","0","0","0","15","1","1","","1","0","40 05:18.426","","0","75 02:38.540","4","0","0","0","67301","0","0","0","N","0","0","0","1","67301","1","","4.0","","1","N","N","N","0","","0","0","0","0","0","","1521","1","1","0","0","0","0","0","2","1","1","0","0","0","3","03","","N","","","","","","","","","",""
"2022117890","1310","0","0","0","0","0","0","0","0","0","8","0","","67","12","2022","5","39.987192","-75.102631","1257","6","0","0","0","0","0","0","0","1","","0","0","0","12","1","1","N","0","0","39 59:13.890","","0","75 06:09.470","8","0","0","0","67301","1","0","0","N","1","0","0","2","67301","0","","6.0","","1","N","N","N","0","","0","0","1","0","0","","1230","2","1","0","0","0","1","0","2","0","1","1","0","0","4","","","N","","","","","","","","","",""
"2022096773","1940","1","0","0","1","0","0","0","0","0","8","0","","67","10","2022","1","39.997942","-75.172769","1932","6","0","0","0","0","0","0","0","0","","0","0","0","18","3","1","N","0","0","39 59:52.590","","0","75 10:21.970","3","0","0","0","67301","1","0","0","N","0","0","0","2","67301","0","","1.0","","1","N","N","N","0","","1","0","0","0","0","","1800","2","1","0","0","0","0","0","2","0","1","1","0","0","3","","","N","","","","","","","","","",""
"2022109189","1338","1","0","0","0","0","0","0","0","0","4","0","","67","11","2022","4","40.056772","-75.011379","1332","6","0","0","0","0","0","0","0","0","","0","0","0","13","1","1","","2","1","40 03:24.378","4","0","75 00:40.965","4","0","0","1","67301","0","0","0","N","0","0","0","2","67301","1","","1.0","30.0","1","N","N","N","0","","0","0","0","0","0","Y","1320","2","1","0","0","0","0","0","2","0","2","0","0","0","3","03","","N","","","","","","","","","",""
"2022116950","1015","2","0","0","0","0","0","0","0","0","5","0","","67","12","2022","6","40.005389","-75.157739","1011","6","0","0","0","0","0","0","0","0","","0","0","0","9","1","0","N","0","0","40 00:19.400","","0","75 09:27.860","0","0","0","0","67301","0","0","0","N","0","0","0","1","67301","0","","6.0","","1","N","N","N","0","","0","0","0","0","0","","954","2","0","0","0","0","0","0","2","0","2","0","0","0","3","03","","N","","","","","","","","","",""
"2022101616","1735","2","0","0","0","0","0","0","0","0","4","0","","67","10","2022","1","39.988856","-75.090025","1829","6","0","0","0","0","0","0","0","0","","0","0","0","17","8","1","N","0","1","39 59:19.880","5","7","75 05:24.091","3","0","0","0","67301","0","0","0","N","0","0","0","2","67301","0","","1.0","1900.0","1","N","N","N","0","","1","0","0","0","0","N","1700","2","1","0","0","0","0","0","2","0","2","0","0","0","3","","","N","","","","","","","","","",""
"2022121799","2216","2","0","0","0","0","0","0","0","0","1","0","","67","12","2022","5","39.958394","-75.221172","2212","6","0","0","0","0","0","0","0","0","","0","0","0","22","3","0","N","0","0","39 57:30.220","","0","75 13:16.220","9","0","0","0","67301","0","0","0","N","0","0","0","1","67301","0","","6.0","","1","N","N","N","1","","0","0","2","0","0","","2205","5","0","0","0","0","0","1","2","0","5","0","0","0","3","03","","N","","","","","","","","","",""
"2022120115","1540","1","0","0","0","0","0","0","0","0","1","0","","67","12","2022","5","39.923402","-75.181041","1535","6","0","0","0","0","0","0","1","0","","0","0","0","15","1","1","Y","0","0","39 55:24.246","","0","75 10:51.747","3","0","0","0","67301","0","0","0","N","0","0","0","2","67301","0","","1.0","","1","N","N","N","0","","1","0","1","3","2","","1520","2","1","0","0","0","0","0","2","0","2","0","0","0","3","03","","N","","","","","","","","","",""
"2022116306","1210","1","0","0","0","0","0","0","0","0","1","0","","67","12","2022","2","39.960134","-75.179979","1210","6","0","0","0","0","0","0","0","0","","0","0","0","12","1","0","N","0","1","39 57:36.483","4","3","75 10:47.924","0","0","0","0","67301","0","0","0","N","0","0","0","2","68K01","0","","1.0","1225.0","1","N","N","N","0","","0","0","1","0","0","N","1204","2","0","0","0","0","0","0","2","0","2","0","0","0","3","","","N","","","","","","","","","",""
"2022120904","1715","0","0","0","0","0","0","0","0","0","8","0","","67","12","2022","3","39.963059","-75.246735","1702","6","0","0","0","0","0","0","0","0","","0","0","0","15","1","1","N","0","0","39 57:47.011","","0","75 14:48.245","4","0","0","0","67301","1","0","0","N","1","0","0","2","67301","1","","1.0","","9","N","N","N","0","","0","0","1","0","0","","1500","2","1","0","0","0","0","1","2","0","1","1","0","0","7","04","","N","","","","","","","","","",""
"2022115453","0320","4","0","0","0","0","0","0","0","0","6","0","","67","12","2022","2","40.004136","-75.218689","0318","6","0","0","0","0","0","0","0","0","","0","0","0","3","3","2","N","0","2","40 00:14.890","6","0","75 13:07.280","8","0","0","0","67301","0","0","0","N","0","0","0","2","67301","0","","6.0","45.0","1","N","N","N","0","","0","0","1","0","0","Y","310","6","2","2","0","0","2","0","2","1","6","0","0","0","3","03","","N","","","","","","","","","",""
"2022116351","1220","1","0","0","0","0","0","0","0","0","7","0","","67","12","2022","4","40.018041","-75.06432","1220","6","0","0","0","0","0","0","0","0","","0","0","0","11","1","0","N","0","1","40 01:04.948","1","0","75 03:51.551","9","0","0","0","67301","0","0","0","N","0","0","0","3","67301","0","","3.0","1330.0","9","N","N","N","0","","0","0","0","0","0","N","1159","3","0","0","0","0","0","1","2","2","3","0","0","0","4","07","","N","","","","","","","","","",""
"2022115116","1010","0","0","0","0","0","0","0","0","0","1","0","","67","12","2022","2","40.031539","-75.154258","1005","6","0","0","0","0","0","2","0","0","","0","0","0","10","1","1","N","0","0","40 01:53.540","","0","75 09:15.330","3","0","0","0","67301","0","0","0","N","0","0","0","3","67301","0","","1.0","","1","N","N","N","0","","1","0","1","0","0","","1000","2","1","0","0","0","0","0","2","1","2","0","0","0","3","03","","N","","","","","","","","","",""
"2022120114","1926","1","0","0","0","0","0","0","0","0","8","0","","67","12","2022","3","39.925465","-75.184606","1921","6","0","0","0","0","0","0","0","0","","0","0","0","19","3","1","","2","0","39 55:31.674","","0","75 11:04.581","4","0","0","0","67301","1","0","0","N","1","0","0","2","67301","1","","1.0","","9","N","N","N","0","","0","0","0","0","0","","1920","2","1","1","0","0","0","0","2","0","1","1","0","0","7","04","","N","","","","","","","","","",""
"2022095498","2332","1","0","0","0","0","0","0","0","0","4","0","","67","10","2022","5","39.973329","-75.245096","2330","6","0","0","0","0","0","1","0","0","","0","0","0","23","3","0","N","0","0","39 58:23.986","","0","75 14:42.344","0","0","0","0","67301","0","0","0","N","0","0","0","2","67301","0","","1.0","","1","N","N","N","0","","0","0","1","0","0","","2320","2","0","0","0","0","0","0","2","0","2","0","0","0","3","03","","N","","","","","","","","","",""
"2022098064","2333","3","0","0","0","0","0","0","0","0","1","0","","67","10","2022","5","40.020865","-75.148604","2330","6","0","0","0","0","0","0","0","0","","0","0","0","23","3","1","N","0","1","40 01:15.115","1","0","75 08:54.974","4","0","0","0","67301","0","0","0","N","0","0","0","5","67301","1","","1.0","1245.0","1","N","N","N","0","","0","0","0","3","2","N","2325","3","1","0","0","0","0","0","2","0","3","0","0","0","3","03","","N","","","","","","","","","",""
"2022099876","0800","0","0","0","0","0","0","0","0","0","4","0","","67","10","2022","4","40.029856","-75.206533","0753","6","0","0","0","0","0","0","0","0","","0","0","0","7","1","0","","2","0","40 01:47.480","","0","75 12:23.517","0","0","0","0","67301","0","0","0","N","0","0","0","2","67301","0","","1.0","","9","N","N","N","0","","0","0","2","3","3","","730","2","0","0","0","0","0","0","2","0","2","0","0","0","5","","","N","","","","","","","","","",""
"2022116799","1510","0","0","0","0","0","0","0","0","0","4","0","","67","12","2022","6","39.964273","-75.15557","1457","6","0","0","0","0","0","0","0","0","","0","0","0","12","1","1","","1","1","39 57:51.382","3","0","75 09:20.051","3","0","0","0","67301","0","0","0","N","0","0","0","2","67301","0","","1.0","1200.0","1","N","N","N","1","","1","0","1","3","3","Y","1258","2","1","0","0","0","0","0","2","0","2","0","0","0","3","03","","N","","","","","","","","","",""
"2022114679","1855","2","0","0","0","0","0","0","0","0","1","0","","67","12","2022","7","39.985694","-75.164064","1850","6","0","0","0","0","0","0","0","0","","0","0","0","18","3","0","N","0","0","39 59:08.500","","0","75 09:50.630","0","0","0","0","67301","0","0","0","N","0","0","0","1","67301","0","","6.0","","9","N","N","N","0","","0","0","0","0","0","","1800","2","0","1","0","0","0","0","2","0","2","0","0","0","7","07","","N","","","","","","","","","",""
"2022116501","1400","1","0","0","0","0","0","0","0","0","4","0","","67","12","2022","6","39.983434","-75.158573","1359","6","0","0","0","0","0","0","0","0","","0","0","0","13","1","2","","1","0","39 59:00.364","","0","75 09:30.861","4","0","0","0","67301","0","0","0","Y","0","0","0","2","67505","2","","1.0","","1","N","N","N","0","","0","0","1","3","2","","1355","2","2","0","0","0","0","0","2","0","2","0","0","0","3","","","N","","","","","","","","","",""
"2022116337","2146","1","0","0","0","0","0","0","0","0","5","0","","67","12","2022","1","40.043061","-75.096044","2145","6","0","0","0","0","0","0","0","0","","0","0","0","21","3","0","N","0","0","40 02:35.020","","0","75 05:45.760","0","0","0","0","67301","0","0","0","N","0","0","0","2","67301","0","","1.0","","1","N","N","N","0","","0","0","1","0","0","","2140","2","0","0","0","0","0","0","2","0","2","0","0","0","3","03","","N","","","","","","","","","",""
"2022122779","1500","1","0","0","0","0","0","0","0","0","2","0","","67","12","2022","3","40.008951","-75.082714","1500","6","0","0","0","0","0","0","0","0","","0","0","0","15","8","1","N","0","0","40 00:32.225","","0","75 04:57.772","4","0","0","0","67301","0","0","0","N","0","0","0","2","67301","1","","1.0","","99","N","N","N","0","","0","0","1","0","0","","1550","2","1","1","0","0","0","0","2","0","2","0","0","0","99","","","N","","","","","","","","","",""
"2022117270","1255","1","0","0","0","0","0","0","0","0","4","0","","67","12","2022","6","39.989819","-75.250844","1251","6","0","0","0","0","0","0","0","0","","0","0","0","12","8","0","","2","0","39 59:23.348","","0","75 15:03.040","0","0","0","0","67301","0","0","0","N","0","0","0","2","67301","0","","1.0","","1","N","N","N","0","","0","0","1","0","0","","1250","2","0","2","0","0","0","0","2","0","2","0","0","0","3","03","","N","","","","","","","","","",""
"2022105974","2201","1","0","0","0","0","0","0","0","0","6","0","","67","11","2022","3","39.940486","-75.225506","2200","6","0","0","0","0","0","0","0","0","","0","0","0","22","3","2","N","0","0","39 56:25.750","","0","75 13:31.820","3","0","0","0","67301","0","0","0","N","0","0","0","3","67301","0","","1.0","","1","N","N","N","0","","2","0","1","0","0","","2200","2","2","1","0","0","0","0","2","0","2","0","0","0","3","03","","N","","","","","","","","","",""
"2022104382","0213","0","0","0","0","0","0","0","0","0","1","0","","67","11","2022","7","39.902026","-75.202208","0212","6","0","0","0","0","0","0","0","0","","0","0","0","2","3","2","N","0","0","39 54:07.295","","0","75 12:07.949","3","0","0","0","67301","0","0","0","N","0","0","0","2","67301","0","","1.0","","1","N","N","N","0","","2","0","2","0","0","","210","2","2","0","0","0","0","0","2","0","2","0","0","0","3","03","","N","","","","","","","","","",""
"2022116681","1131","0","0","0","0","0","0","0","0","0","4","0","","67","12","2022","4","40.011618","-75.182092","1130","6","0","0","0","0","0","0","0","0","","0","0","0","17","3","1","","2","1","40 00:41.826","1","0","75 10:55.530","8","0","0","0","67301","0","0","0","N","0","0","0","2","67301","0","","1.0","1835.0","99","N","N","N","0","","0","0","1","3","2","Y","1735","2","1","0","0","0","1","1","2","1","2","0","0","0","3","","","N","","","","","","","","","",""
"2022114340","1748","1","0","0","0","0","0","0","0","0","1","0","","67","12","2022","7","40.0823","-74.966627","1735","6","0","0","0","0","0","1","0","0","","0","0","0","17","3","2","N","0","0","40 04:56.281","","1","74 57:59.858","8","0","0","0","67301","0","0","0","N","0","0","0","4","67301","0","","1.0","","9","N","N","N","1","","0","0","1","0","0","","1731","3","2","0","0","0","2","0","2","0","3","0","0","0","7","07","","N","","","","","","","","","",""
"2022116943","1900","1","0","0","0","0","0","0","0","0","4","0","","67","12","2022","6","40.082357","-74.981817","1852","6","0","0","0","0","0","1","0","0","","0","0","0","18","3","0","","1","0","40 04:56.485","","0","74 58:54.541","0","0","0","0","67301","0","0","0","N","0","0","0","3","67301","0","","1.0","","1","N","N","N","0","","0","0","1","3","3","","1820","2","0","0","0","0","0","0","2","0","2","0","0","0","3","03","","N","","","","","","","","","",""
"2022114335","215","0","0","0","1","0","0","0","0","0","8","0","","67","12","2022","7","39.942828","-75.150548","213","6","0","0","0","0","0","0","0","0","","0","0","0","2","3","1","","1","0","39 56:34.182","","0","75 09:01.974","8","0","0","0","67301","1","0","0","N","0","0","0","4","67301","0","","1.0","","1","N","N","N","0","","0","0","1","3","2","","213","2","1","0","0","0","1","0","2","0","1","1","0","0","3","","","N","","","","","","","","","",""
"2022115442","1148","1","0","0","0","0","0","0","0","0","1","0","","67","12","2022","2","40.100455","-75.00762","1141","6","0","0","0","0","0","0","0","0","","0","0","0","11","1","0","N","0","2","40 06:01.637","1","0","75 00:27.432","9","0","0","0","67301","0","0","0","N","0","0","0","2","67301","0","","1.0","100.0","1","N","N","N","0","","0","0","1","0","0","N","1140","2","0","0","0","0","0","1","2","0","2","0","0","0","3","03","","N","","","","","","","","","",""
"2022121514","1630","1","0","0","0","0","0","0","0","0","7","0","","67","12","2022","2","40.036129","-75.098501","1620","6","1","0","0","0","0","0","0","0","","0","0","0","15","1","1","","11","0","40 02:10.064","","0","75 05:54.603","8","0","0","0","67301","0","0","0","N","0","0","0","1","67301","0","","5.0","","1","N","N","N","0","","0","0","0","3","3","","1557","1","1","1","0","0","1","0","2","0","1","0","0","0","3","","","N","","","","","","","","","",""
"2022116345","1850","1","0","0","0","0","0","0","0","0","8","0","","67","12","2022","2","39.921017","-75.22412","1847","6","0","0","0","0","0","0","0","0","","0","0","0","17","3","1","","1","0","39 55:15.660","","0","75 13:26.832","3","0","0","0","67301","1","0","0","N","1","0","0","2","67301","0","","1.0","","1","N","N","N","0","","1","0","0","3","2","","1734","2","1","0","0","0","0","0","2","0","1","1","0","0","3","03","","N","","","","","","","","","",""
"2022119295","426","1","0","0","0","0","0","0","0","0","5","0","","67","12","2022","5","39.977781","-75.133669","426","6","0","0","0","0","0","0","0","0","","0","0","0","4","3","0","N","0","0","39 58:40.010","","1","75 08:01.210","9","0","0","0","67301","0","0","0","N","0","0","0","1","67301","0","","6.0","","1","N","N","N","0","","0","0","2","0","0","","426","3","0","0","0","0","0","1","2","0","3","0","0","0","3","03","","N","","","","","","","","","",""
"2022116668","2344","2","0","0","0","0","0","0","0","0","5","0","","67","12","2022","3","40.024458","-75.151236","2343","6","0","0","0","0","0","0","0","0","","0","0","0","21","3","0","N","0","0","40 01:28.050","","0","75 09:04.450","9","0","0","0","67301","0","0","0","N","0","0","0","1","67301","0","","6.0","","9","N","N","Y","0","","0","0","0","0","0","","2100","2","0","1","0","0","0","1","2","0","2","0","0","0","7","07","","N","","","","","","","","","",""
"2022108067","52","0","0","0","0","0","0","0","0","0","1","0","","67","11","2022","5","39.96197","-75.241199","50","6","0","0","0","0","0","1","0","0","","0","0","0","0","3","2","Y","0","2","39 57:43.092","3","1","75 14:28.316","3","0","0","0","67301","0","0","0","N","0","0","0","3","67301","1","","1.0","212.0","1","N","N","N","0","","1","0","2","3","2","Y","42","2","2","1","0","0","0","0","2","0","2","0","0","0","3","","","N","","","","","","","","","",""
"2022121343","900","0","0","0","0","0","0","0","0","0","4","0","","67","12","2022","2","39.903432","-75.243164","858","6","0","0","0","0","0","0","0","0","","0","0","0","8","1","2","","1","0","39 54:12.355","","0","75 14:35.390","8","0","0","0","67301","0","0","0","N","0","0","0","5","67301","0","","1.0","","1","N","N","N","1","","0","0","1","3","2","","850","2","2","0","0","0","2","3","2","0","2","0","0","0","3","","","N","","","","","","","","","",""
"2022100785","1153","1","0","0","0","0","0","0","0","0","4","0","","67","10","2022","7","40.086857","-74.971971","1145","6","0","0","0","0","0","0","0","0","","0","0","0","11","1","2","","1","2","40 05:12.685","3","0","74 58:19.097","2","0","0","0","67301","0","0","0","N","0","0","0","2","67301","0","","1.0","115.0","1","N","N","N","0","","0","2","1","3","2","Y","1140","2","2","0","0","0","0","0","2","0","2","0","0","0","3","03","","N","","","","","","","","","",""
"2022104953","845","2","0","0","0","0","0","0","0","0","4","0","","67","11","2022","2","39.951118","-75.1785","843","6","0","0","0","0","0","0","0","0","","0","0","0","7","1","0","","1","0","39 57:04.026","","0","75 10:42.601","0","0","0","0","67301","0","0","0","N","0","0","0","2","67301","0","","1.0","","1","N","N","N","0","","0","0","0","3","2","","700","2","0","1","0","0","0","0","2","0","2","0","0","0","3","03","","N","","","","","","","","","",""
"2022116666","2010","2","0","0","0","0","0","0","0","0","4","0","","67","12","2022","3","40.054429","-75.147899","1931","6","0","0","0","0","0","0","0","0","","0","0","0","19","3","0","","1","0","40 03:15.944","","0","75 08:52.436","0","0","0","0","67301","0","0","0","N","0","0","0","2","67301","0","","1.0","","9","N","N","N","0","","0","0","0","3","2","","1921","2","0","0","0","0","0","0","2","0","2","0","0","0","7","07","","N","","","","","","","","","",""
"2022117758","1540","1","0","0","0","0","0","0","0","0","8","0","","67","12","2022","3","39.95521","-75.169557","1540","6","0","0","0","0","0","0","0","0","","0","0","0","15","8","1","","1","0","39 57:18.756","","0","75 10:10.405","3","0","0","0","67301","1","0","0","N","1","0","0","2","67301","0","","1.0","","9","N","N","N","0","","1","0","0","3","2","","1530","2","1","1","0","0","0","0","2","0","1","1","0","0","7","07","","N","","","","","","","","","",""
"2022121676","1647","2","0","0","0","0","0","0","0","0","1","0","","67","12","2022","1","39.958501","-75.166783","1642","6","0","0","0","0","0","1","0","0","","0","0","0","16","1","1","N","0","0","39 57:30.602","","0","75 10:00.417","8","0","0","0","67301","0","0","0","N","0","0","0","3","68K01","0","","1.0","","1","N","N","N","0","","0","0","0","0","0","","1640","2","1","0","0","0","1","0","2","0","2","0","0","0","3","03","","N","","","","","","","","","",""
"2022114338","1849","0","0","0","0","0","0","0","0","0","6","0","","67","12","2022","6","40.029105","-75.2045","1845","6","0","0","0","0","0","1","0","0","","0","0","0","18","3","0","N","0","2","40 01:44.779","4","0","75 12:16.200","0","0","0","0","67301","0","0","0","N","0","0","0","2","67301","0","","1.0","1948.0","1","N","N","N","0","","0","0","2","0","0","N","1842","2","0","2","0","0","0","0","2","0","2","0","0","0","3","03","","N","","","","","","","","","",""
"2022104143","828","2","0","0","0","0","0","0","0","0","5","0","","67","11","2022","7","39.901078","-75.239369","823","6","0","0","0","0","0","0","0","0","","0","0","0","8","1","0","N","0","0","39 54:03.880","","0","75 14:21.729","0","0","0","0","67301","0","0","0","N","0","0","0","2","67301","0","","1.0","","1","N","N","N","0","","0","0","0","0","0","","803","2","0","2","0","0","0","0","2","0","2","0","0","0","3","03","","N","","","","","","","","","",""
"2022103704","1646","0","0","0","0","0","0","0","0","0","8","0","","67","11","2022","4","40.019676","-75.184355","1645","6","0","0","0","0","0","0","0","0","","0","0","0","14","1","1","","1","0","40 01:10.833","","0","75 11:03.678","2","0","0","0","67301","1","0","1","N","1","0","1","2","67301","0","","1.0","","1","N","N","N","0","","0","1","0","3","2","","1428","2","1","0","0","0","0","1","2","0","1","1","0","1","3","","","N","","","","","","","","","",""
"2022112407","1107","3","0","0","0","0","0","0","0","0","4","0","","67","11","2022","6","39.996189","-75.187621","1101","6","0","0","0","1","0","0","0","0","","0","0","0","11","1","0","N","0","1","39 59:46.282","1","0","75 11:15.436","0","0","0","0","67301","0","0","0","N","0","0","0","2","67301","0","","1.0","1200.0","1","N","N","N","0","","0","0","0","0","0","N","1100","3","0","0","0","0","0","0","2","0","3","0","0","0","3","","","N","","","","","","","","","",""
"2022103214","1500","0","0","0","0","0","0","0","0","0","8","0","","67","10","2022","2","39.951136","-75.153362","1450","6","0","0","0","0","0","0","0","0","","0","0","0","14","1","1","N","0","0","39 57:04.090","","0","75 09:12.104","3","0","0","0","67301","1","0","0","N","1","0","0","2","67301","0","","1.0","","1","N","N","N","0","","1","0","1","0","0","","1430","2","1","0","0","0","0","0","2","0","1","1","0","0","3","","","N","","","","","","","","","",""
"2022123023","1410","0","0","0","0","0","0","0","0","0","8","0","","67","12","2022","4","39.949333","-75.164175","1400","6","0","0","0","0","0","0","0","0","","0","0","0","14","1","1","","1","0","39 56:57.599","","0","75 09:51.029","2","0","0","1","67301","1","0","1","N","1","0","1","2","67301","0","","1.0","","1","N","N","N","0","","0","1","0","3","2","","1400","2","1","0","0","0","0","0","2","0","1","1","0","1","3","03","","N","","","","","","","","","",""
"2022112907","1916","1","0","0","0","0","0","0","0","0","4","0","","67","11","2022","5","39.99085","-75.155141","1900","6","0","0","0","0","0","0","0","0","","0","0","0","18","1","1","","1","0","39 59:27.061","","0","75 09:18.508","3","0","0","1","67301","0","0","0","N","0","0","0","2","67301","0","","1.0","","1","N","N","N","0","","1","0","0","3","2","","1808","2","1","1","0","0","0","0","2","0","2","0","0","0","3","03","","N","","","","","","","","","",""
"2022093802","218","0","0","0","0","0","0","0","0","0","1","0","","67","10","2022","6","39.894693","-75.229477","218","6","0","0","0","0","0","0","0","0","","0","0","0","2","3","0","","3","0","39 53:40.896","","0","75 13:46.117","0","0","0","0","67301","0","0","0","N","0","0","0","2","67301","0","","1.0","","1","N","N","N","0","","0","0","1","3","2","","209","2","0","1","0","0","0","0","2","0","2","0","0","0","3","03","","N","","","","","","","","","",""
"2022101559","39","1","0","0","0","0","0","0","0","0","1","0","","67","10","2022","6","39.981689","-75.207307","21","6","0","0","0","0","0","0","0","0","","0","0","0","0","3","0","N","0","1","39 58:54.080","3","0","75 12:26.305","0","0","0","0","67301","0","0","0","N","0","0","0","4","68K01","0","","1.0","45.0","1","N","N","N","0","","0","0","2","0","0","N","20","3","0","0","0","0","0","0","2","0","3","0","0","0","3","","","N","","","","","","","","","",""
"2022103693","1050","1","0","0","0","0","0","0","0","0","4","0","","67","11","2022","4","39.96536","-75.162536","1045","6","0","0","0","0","0","0","0","0","","0","0","0","10","1","1","","1","1","39 57:55.295","3","0","75 09:45.129","3","0","0","0","67301","0","0","0","N","0","0","0","2","67301","0","","1.0","20.0","1","N","N","N","0","","1","0","2","3","2","N","1040","3","1","1","0","0","0","0","2","0","3","0","0","0","3","03","","N","","","","","","","","","",""
"2022118171","1750","1","0","0","0","0","0","0","0","0","1","0","","67","10","2022","7","40.013194","-75.205056","1741","6","0","0","0","0","0","1","0","0","","0","0","0","17","1","1","N","0","0","40 00:47.499","","2","75 12:18.201","4","0","0","0","67301","0","0","0","N","0","0","0","3","67301","1","","1.0","","1","N","N","N","0","","0","0","1","0","0","","1715","2","1","0","0","0","0","0","2","0","2","0","0","0","3","03","","N","","","","","","","","","",""
"2022112266","850","0","0","0","0","0","0","0","0","0","8","0","","67","11","2022","2","39.980367","-75.17092","845","6","0","0","0","0","0","0","0","0","","0","0","0","8","1","1","","1","0","39 58:49.320","","0","75 10:15.311","3","0","0","0","67301","1","0","0","N","1","0","0","2","67301","0","","1.0","","1","N","N","N","0","","1","0","1","3","2","","830","2","1","0","0","0","0","0","2","0","1","1","0","0","3","03","","N","","","","","","","","","",""
"2022101861","1515","2","0","0","0","0","0","0","0","0","4","0","","67","11","2022","3","39.978376","-75.155714","1500","6","0","0","0","0","0","0","0","0","","0","0","0","15","1","0","","1","0","39 58:42.153","","0","75 09:20.570","0","0","0","0","67301","0","0","0","N","0","0","0","2","67505","0","","1.0","","1","N","N","N","0","","0","0","0","3","2","","1500","2","0","0","0","0","0","0","2","0","2","0","0","0","3","03","","N","","","","","","","","","",""
"2022106265","600","2","0","0","0","0","0","0","0","0","4","0","","67","11","2022","2","40.056182","-75.232597","555","6","0","0","0","1","0","0","0","0","","0","0","0","5","5","3","N","0","0","40 03:22.256","","7","75 13:57.348","3","0","0","0","67301","0","0","0","N","0","0","0","3","67301","0","","1.0","","1","N","N","N","0","","3","0","0","3","2","","540","2","3","0","0","0","0","0","2","0","2","0","0","0","3","03","","N","","","","","","","","","",""
"2022116335","1230","0","0","0","0","0","0","0","0","0","4","0","","67","12","2022","4","39.915067","-75.178295","1228","6","0","0","0","0","0","0","0","0","","0","0","0","12","1","0","","1","0","39 54:54.241","","0","75 10:41.861","9","0","0","0","67301","0","0","0","N","0","0","0","1","67301","0","","1.0","","9","N","N","N","1","","0","0","1","3","3","","1225","2","0","0","0","0","0","1","2","0","2","0","0","0","3","03","","N","","","","","","","","","",""