"CRN","ARRIVAL_TM","AUTOMOBILE_COUNT","BELTED_DEATH_COUNT","BELTED_SUSP_SERIOUS_INJ_COUNT","BICYCLE_COUNT","BICYCLE_DEATH_COUNT","BICYCLE_SUSP_SERIOUS_INJ_COUNT","BUS_COUNT","CHLDPAS_DEATH_COUNT","CHLDPAS_SUSP_SERIOUS_INJ_COUNT","COLLISION_TYPE","COMM_VEH_COUNT","CONS_ZONE_SPD_LIM","COUNTY","CRASH_MONTH","CRASH_YEAR","DAY_OF_WEEK","DEC_LATITUDE","DEC_LONGITUDE","DISPATCH_TM","DISTRICT","DRIVER_COUNT_16YR","DRIVER_COUNT_17YR","DRIVER_COUNT_18YR","DRIVER_COUNT_19YR","DRIVER_COUNT_20YR","DRIVER_COUNT_50_64YR","DRIVER_COUNT_65_74YR","DRIVER_COUNT_75PLUS","EST_HRS_CLOSED","FATAL_COUNT","HEAVY_TRUCK_COUNT","HORSE_BUGGY_COUNT","HOUR_OF_DAY","ILLUMINATION","INJURY_COUNT","INTERSECTION_RELATED","INTERSECT_TYPE","LANE_CLOSED","LATITUDE","LN_CLOSE_DIR","LOCATION_TYPE","LONGITUDE","MAX_SEVERITY_LEVEL","MCYCLE_DEATH_COUNT","MCYCLE_SUSP_SERIOUS_INJ_COUNT","MOTORCYCLE_COUNT","MUNICIPALITY","NONMOTR_COUNT","NONMOTR_DEATH_COUNT","NONMOTR_SUSP_SERIOUS_INJ_COUNT","NTFY_HIWY_MAINT","PED_COUNT","PED_DEATH_COUNT","PED_SUSP_SERIOUS_INJ_COUNT","PERSON_COUNT","POLICE_AGCY","POSSIBLE_INJ_COUNT","RDWY_SURF_TYPE_CD","RELATION_TO_ROAD","ROADWAY_CLEARED","ROAD_CONDITION","SCH_BUS_IND","SCH_ZONE_IND","SECONDARY_CRASH","SMALL_TRUCK_COUNT","SPEC_JURIS_CD","SUSP_MINOR_INJ_COUNT","SUSP_SERIOUS_INJ_COUNT","SUV_COUNT","TCD_FUNC_CD","TCD_TYPE","TFC_DETOUR_IND","TIME_OF_DAY","TOTAL_UNITS","TOT_INJ_COUNT","UNBELTED_OCC_COUNT","UNB_DEATH_COUNT","UNB_SUSP_SERIOUS_INJ_COUNT","UNK_INJ_DEG_COUNT","UNK_INJ_PER_COUNT","URBAN_RURAL","VAN_COUNT","VEHICLE_COUNT","VULNERABLE_ROAD_USER_COUNT","VULNERABLE_ROAD_USER_DEATH_COUNT","VULNERABLE_ROAD_USER_SER_INJ_COUNT","WEATHER1","WEATHER2","WORKERS_PRES","WORK_ZONE_IND","WORK_ZONE_LOC","WORK_ZONE_TYPE","WZ_CLOSE_DETOUR","WZ_FLAGGER","WZ_LAW_OFFCR_IND","WZ_LN_CLOSURE","WZ_MOVING","WZ_OTHER","WZ_SHLDER_MDN","WZ_WORKERS_INJ_KILLED"
"2022094152","505","2","0","0","0","0","0","0","0","0","4","0","","67","10","2022","7","40.02773","-75.10997","455","6","0","0","0","0","0","1","0","0","","0","0","0","4","3","1","","1","0","40 01:39.827","","0","75 06:35.893","4","0","0","0","67301","0","0","0","N","0","0","0","2","67301","1","","1.0","","9","N","N","N","0","","0","0","0","3","2","","450","2","1","1","0","0","0","0","2","0","2","0","0","0","7","07","","N","","","","","","","","","",""
"2022101101","1903","2","0","0","0","0","0","0","0","0","2","0","","67","10","2022","6","40.085063","-75.036496","1855","6","0","0","0","0","0","0","0","0","","0","0","0","18","3","1","N","0","0","40 05:06.227","","0","75 02:11.387","4","0","0","0","67301","0","0","0","N","0","0","0","3","67301","1","","1.0","","1","N","N","Y","0","","0","0","1","0","0","","1850","3","1","1","0","0","0","0","2","0","3","0","0","0","3","03","","N","","","","","","","","","",""
"2022125106","930","1","0","0","0","0","0","0","0","0","5","0","","67","12","2022","6","39.962589","-75.232981","930","6","0","0","0","0","0","0","0","0","","0","0","0","9","1","0","N","0","0","39 57:45.320","","99","75 13:58.730","0","0","0","0","67301","0","0","0","N","0","0","0","0","67301","0","","4.0","","1","N","N","N","0","","0","0","0","0","0","","925","2","0","0","0","0","0","0","2","1","2","0","0","0","3","03","","N","","","","","","","","","",""
"2022116944","617","3","0","0","0","0","0","0","0","0","4","0","","67","12","2022","3","39.939463","-75.197187","615","6","0","0","0","0","0","0","0","0","","0","0","0","6","3","1","","2","0","39 56:22.066","","0","75 11:49.873","3","0","0","0","67301","0","0","0","N","0","0","0","2","67301","0","","1.0","","1","N","N","N","0","","1","0","0","3","3","","609","3","1","2","0","0","0","0","2","0","3","0","0","0","3","03","","N","","","","","","","","","",""
"2022110079","1845","1","0","0","0","0","0","0","0","0","4","0","","67","11","2022","1","39.986614","-75.171234","1838","6","0","0","0","0","0","0","0","0","","0","0","0","18","4","2","","1","0","39 59:11.810","","0","75 10:16.442","3","0","0","0","67301","0","0","0","N","0","0","0","3","67301","0","","1.0","","1","N","N","N","0","","2","0","2","3","2","","1837","3","2","0","0","0","0","0","2","0","3","0","0","0","3","03","","N","","","","","","","","","",""
"2022095024","1950","0","0","0","0","0","0","0","0","0","4","0","","67","10","2022","7","39.970173","-75.159656","1950","6","0","0","0","0","0","0","0","0","","0","0","0","19","3","1","","1","0","39 58:12.621","","0","75 09:34.763","3","0","0","0","67301","0","0","0","N","0","0","0","2","67301","0","","1.0","","99","N","N","N","0","","1","0","2","3","2","","1950","2","1","0","0","0","0","0","2","0","2","0","0","0","99","03","","N","","","","","","","","","",""
"2022116354","115","5","0","0","0","0","0","0","0","0","5","0","","67","12","2022","5","39.987418","-75.155897","110","6","0","0","0","1","0","0","0","0","","0","0","0","0","3","0","N","0","0","39 59:14.705","","0","75 09:21.228","9","0","0","0","67301","0","0","0","N","0","0","0","3","67301","0","","1.0","","1","N","N","N","0","","0","0","0","0","0","","0","5","0","0","0","0","0","2","2","0","5","0","0","0","3","","","N","","","","","","","","","",""
"2022093064","356","0","0","0","0","0","0","0","0","0","4","0","","67","10","2022","7","40.035281","-75.025181","351","6","0","0","0","0","0","0","1","0","","0","0","0","3","3","0","","1","0","40 02:07.013","","0","75 01:30.652","0","0","0","0","67301","0","0","0","N","0","0","0","2","67301","0","","1.0","","9","N","N","N","0","","0","0","2","3","2","","347","2","0","1","0","0","0","0","2","0","2","0","0","0","7","07","","N","","","","","","","","","",""
"2022103999","254","2","0","0","0","0","0","0","0","0","4","0","","67","11","2022","1","39.943652","-75.165445","231","6","0","0","0","0","0","0","0","0","","0","0","0","2","3","1","","1","0","39 56:37.148","","0","75 09:55.602","8","0","0","0","67301","0","0","0","N","0","0","0","2","67301","0","","1.0","","1","N","N","N","0","","0","0","1","3","2","","200","3","1","0","0","0","1","1","2","0","3","0","0","0","3","","","N","","","","","","","","","",""
"2022104977","235","0","0","0","0","0","0","0","0","0","4","0","","67","11","2022","3","40.020811","-75.118289","227","6","0","0","0","1","0","0","0","0","","0","0","0","2","3","1","","1","1","40 01:14.919","4","0","75 07:05.840","3","0","0","1","67301","0","0","0","N","0","0","0","7","67301","0","","1.0","500.0","9","N","N","N","0","","1","0","1","3","2","Y","220","2","1","0","0","0","0","0","2","0","2","0","0","0","7","","","N","","","","","","","","","",""
"2022116676","2358","1","0","0","0","0","0","0","0","0","1","0","","67","12","2022","5","40.021448","-75.15789","2346","6","0","0","0","0","0","0","0","0","","0","0","0","23","3","1","N","0","0","40 01:17.212","","0","75 09:28.403","3","0","0","0","67301","0","0","0","N","0","0","0","3","67301","0","","1.0","","1","N","N","N","0","","1","0","1","0","0","","2330","2","1","3","0","0","0","1","2","0","2","0","0","0","3","03","","N","","","","","","","","","",""
"2022102964","134","1","0","0","0","0","0","0","0","0","7","0","","67","11","2022","3","40.020746","-75.141714","126","6","0","0","0","1","0","0","0","0","","0","0","0","1","3","2","","3","0","40 01:14.687","","2","75 08:30.172","2","0","0","0","67301","0","0","0","N","0","0","0","2","67301","0","","7.0","","9","N","N","N","0","","1","1","0","0","0","","120","1","2","0","0","0","0","0","2","0","1","0","0","0","3","03","","N","","","","","","","","","",""
"2022125232","2247","1","0","0","0","0","0","0","0","0","4","0","","67","12","2022","5","39.951701","-75.236857","2245","6","0","0","0","0","0","0","0","0","","0","0","0","22","3","0","","1","2","39 57:06.123","7","0","75 14:12.685","0","0","0","0","67301","0","0","0","N","0","0","0","2","67301","0","","1.0","2312.0","1","N","N","Y","0","","0","0","1","3","2","N","2235","2","0","0","0","0","0","0","2","0","2","0","0","0","3","","","N","","","","","","","","","",""
"2022102232","1210","1","0","0","0","0","0","0","0","0","4","0","","67","11","2022","3","39.975836","-75.158419","1204","6","0","0","0","0","0","0","0","0","","0","0","0","12","1","1","","1","0","39 58:33.009","","0","75 09:30.309","3","0","0","0","67301","0","0","0","N","0","0","0","2","67301","0","","1.0","","1","N","N","N","0","","1","0","1","3","2","","1201","2","1","0","0","0","0","0","2","0","2","0","0","0","3","03","","N","","","","","","","","","",""
"2022102259","317","1","0","0","0","0","0","0","0","0","7","0","","67","10","2022","1","39.912417","-75.173889","317","6","0","0","0","0","0","0","0","0","","0","0","0","3","3","0","","7","0","39 54:44.700","","8","75 10:26.000","0","0","0","0","67301","0","0","0","N","0","0","0","3","67501","0","","7.0","","1","N","N","N","0","","0","0","0","0","0","","317","1","0","0","0","0","0","0","2","0","1","0","0","0","3","03","","N","","","","","","","","","",""
"2022101601","755","1","0","0","0","0","0","0","0","0","5","0","","67","10","2022","1","39.922347","-75.158314","747","6","0","0","0","0","0","0","0","0","","0","0","0","7","5","1","N","0","2","39 55:20.450","1","0","75 09:29.930","8","0","0","0","67301","0","0","0","N","0","0","0","2","67301","0","","6.0","900.0","1","N","N","N","0","","0","0","0","0","0","Y","732","2","1","0","0","0","1","0","2","1","2","0","0","0","3","","","N","","","","","","","","","",""
"2022102222","1540","1","0","0","0","0","0","0","0","0","4","0","","67","11","2022","3","39.917541","-75.166363","1535","6","0","0","0","0","0","1","0","0","","0","0","0","15","1","3","","1","1","39 55:03.147","4","0","75 09:58.906","3","0","0","0","67301","0","0","0","N","0","0","0","4","67301","0","","1.0","1700.0","1","N","N","N","0","","3","0","2","3","3","Y","1529","3","3","0","0","0","0","0","2","0","3","0","0","0","3","03","","N","","","","","","","","","",""
"2022103695","1227","1","0","0","0","0","0","0","0","0","4","0","","67","11","2022","7","39.917276","-75.21388","1223","6","0","0","0","0","0","0","0","0","","0","0","0","12","1","1","N","0","0","39 55:02.193","","0","75 12:49.967","3","0","0","0","67301","0","0","0","N","0","0","0","3","67301","0","","1.0","","1","N","N","N","0","","1","0","1","0","0","","1212","2","1","0","0","0","0","1","2","0","2","0","0","0","3","03","","N","","","","","","","","","",""
"2022102013","1647","0","0","0","0","0","0","0","0","0","8","0","","67","11","2022","3","40.043239","-75.052265","1645","6","0","0","0","0","0","0","0","0","","0","0","0","16","1","1","","1","0","40 02:35.659","","0","75 03:08.154","8","0","0","0","67301","1","0","0","N","1","0","0","2","67301","0","","1.0","","1","N","N","N","1","","0","0","0","3","2","","1635","2","1","0","0","0","1","0","2","0","1","1","0","0","3","","","N","","","","","","","","","",""
"2022113194","1618","1","0","0","0","0","0","0","0","0","4","0","","67","11","2022","5","40.01495","-75.147214","1618","6","0","0","0","0","0","0","0","0","","0","0","0","19","3","1","","1","0","40 00:53.820","","0","75 08:49.970","8","0","0","0","67301","0","0","0","N","0","0","0","2","67301","0","","1.0","","1","N","N","N","0","","0","0","0","3","2","","1900","2","1","0","0","0","1","1","2","0","2","0","0","0","3","","","N","","","","","","","","","",""
"2022102955","1738","1","0","0","1","0","0","0","0","0","8","0","","67","11","2022","5","40.120342","-74.995839","1736","6","0","0","0","0","0","0","0","0","","0","0","0","16","1","1","N","0","0","40 07:13.230","","0","74 59:45.020","3","0","0","0","67301","1","0","0","N","0","0","0","2","67301","0","","1.0","","1","N","N","N","0","","1","0","0","0","0","","1658","2","1","1","0","0","0","0","2","0","1","1","0","0","3","","","N","","","","","","","","","",""
"2022100787","1724","2","0","0","0","0","0","0","0","0","4","0","","67","10","2022","6","40.065205","-75.175324","1713","6","0","0","0","0","0","1","0","0","","0","0","0","17","1","0","","1","0","40 03:54.737","","0","75 10:31.167","9","0","0","0","67301","0","0","0","N","0","0","0","4","67301","0","","1.0","","1","N","N","N","0","","0","0","0","3","2","","1705","3","0","0","0","0","0","3","2","0","3","0","0","0","3","03","","N","","","","","","","","","",""
"2022105486","900","0","0","0","0","0","0","0","0","0","1","0","","67","11","2022","2","40.046807","-75.137538","854","6","0","0","0","0","0","1","0","0","","0","0","0","7","1","1","","1","0","40 02:48.506","","0","75 08:15.137","3","0","0","0","67301","0","0","0","N","0","0","0","2","67301","0","","1.0","","1","N","N","N","0","","1","0","2","3","2","","738","2","1","0","0","0","0","0","2","0","2","0","0","0","3","03","","N","","","","","","","","","",""
"2022112201","1115","2","0","0","0","0","0","0","0","0","5","0","","67","10","2022","1","39.925556","-75.165667","1049","6","0","0","0","0","0","0","0","0","","0","0","0","10","1","0","N","0","0","39 55:32.000","","0","75 09:56.400","0","0","0","0","67301","0","0","0","N","0","0","0","2","67301","0","","6.0","","1","N","N","N","0","","0","0","0","0","0","","1011","2","0","0","0","0","0","0","2","0","2","0","0","0","3","","","N","","","","","","","","","",""
"2022103694","2025","0","0","0","0","0","0","0","0","0","4","0","","67","11","2022","5","39.961139","-75.169874","2020","6","0","0","0","0","0","0","0","0","","0","0","0","20","3","1","","2","0","39 57:40.099","","0","75 10:11.546","4","0","0","1","67301","0","0","0","N","0","0","0","2","67301","1","","1.0","","1","N","N","N","0","","0","0","1","3","3","","2015","2","1","0","0","0","0","0","2","0","2","0","0","0","3","03","","N","","","","","","","","","",""
"2022102213","1632","0","0","0","0","0","0","0","0","0","1","0","","67","11","2022","3","39.973333","-75.120543","1632","6","0","0","0","0","0","0","0","0","","0","0","0","16","1","0","N","0","1","39 58:23.997","2","0","75 07:13.955","0","0","0","0","67301","0","0","0","N","0","0","0","2","68K01","0","","1.0","1630.0","9","N","N","N","0","","0","0","0","0","0","N","1632","2","0","0","0","0","0","0","2","2","2","0","0","0","7","","","N","","","","","","","","","",""
"2022101459","500","1","0","0","0","0","0","0","0","0","6","0","","67","10","2022","1","40.024406","-75.133144","500","6","0","0","0","0","0","0","0","0","","0","0","0","4","3","1","N","0","1","40 01:27.860","1","0","75 07:59.320","3","0","0","0","67301","0","0","0","N","0","0","0","1","67301","0","","6.0","530.0","1","N","N","N","1","","1","0","0","0","0","N","458","2","1","0","0","0","0","0","2","0","2","0","0","0","3","03","","N","","","","","","","","","",""
"2022106164","819","1","0","0","0","0","0","0","0","0","8","0","","67","10","2022","2","39.951701","-75.236857","817","6","0","0","0","0","0","0","0","0","","0","0","0","8","1","1","","1","0","39 57:06.123","","0","75 14:12.685","4","0","0","0","67301","1","0","0","N","1","0","0","2","67301","1","","1.0","","1","N","N","N","0","","0","0","0","3","2","","817","2","1","1","0","0","0","0","2","0","1","1","0","0","3","03","","N","","","","","","","","","",""
"2022124953","531","0","0","0","0","0","0","0","0","0","7","1","","67","12","2022","7","39.983252","-75.208014","528","6","0","0","0","0","0","0","0","0","","0","1","0","5","3","1","Y","0","0","39 58:59.708","","0","75 12:28.852","8","0","0","0","67301","0","0","0","N","0","0","0","1","68K01","0","","3.0","","1","N","N","N","0","","0","0","0","0","0","","519","1","1","0","0","0","1","0","2","0","1","0","0","0","3","","","N","","","","","","","","","",""
"2022117267","2116","4","0","0","0","0","0","0","0","0","5","0","","67","12","2022","3","39.950286","-75.243908","2115","6","0","0","0","0","0","0","0","0","","0","0","0","21","3","0","N","0","0","39 57:01.030","","0","75 14:38.070","9","0","0","0","67301","0","0","0","N","0","0","0","2","67301","0","","6.0","","9","N","N","Y","0","","0","0","4","0","0","","2114","8","0","0","0","0","0","2","2","0","8","0","0","0","7","07","","N","","","","","","","","","",""
"2022105357","619","1","0","0","0","0","0","0","0","0","5","0","","67","11","2022","3","39.905098","-75.195445","611","6","0","0","0","0","0","1","0","0","","0","0","0","5","3","1","N","0","1","39 54:18.351","4","0","75 11:43.602","3","0","0","0","67301","0","0","0","N","0","0","0","3","67301","0","","1.0","711.0","1","N","N","N","0","","1","0","2","0","0","N","555","3","1","0","0","0","0","0","2","0","3","0","0","0","3","03","","N","","","","","","","","","",""
"2022104512","1641","1","0","0","0","0","0","0","0","0","1","0","","67","11","2022","4","39.898844","-75.179108","1641","6","0","0","0","0","0","0","0","0","","0","0","0","16","1","0","N","0","1","39 53:55.839","1","3","75 10:44.790","0","0","0","0","67301","0","0","0","N","0","0","0","2","68K01","0","","1.0","1730.0","1","N","N","N","0","","0","0","0","0","0","N","1639","2","0","0","0","0","0","0","2","1","2","0","0","0","3","","","N","","","","","","","","","",""
"2022103533","2230","1","0","0","0","0","0","0","0","0","4","0","","67","11","2022","4","39.966239","-75.224802","2230","6","0","0","0","0","0","0","0","0","","0","0","0","22","3","0","","2","0","39 57:58.462","","0","75 13:29.288","0","0","0","0","67301","0","0","0","N","0","0","0","2","67301","0","","1.0","","1","N","N","N","1","","0","0","1","3","3","","2230","3","0","2","0","0","0","0","2","0","3","0","0","0","3","03","","N","","","","","","","","","",""
"2022101458","230","1","0","0","0","0","0","0","0","0","6","0","","67","10","2022","7","40.046322","-75.149597","230","6","0","0","0","0","0","1","0","0","","0","0","0","1","3","0","N","0","0","40 02:46.760","","0","75 08:58.550","0","0","0","0","67301","0","0","0","N","0","0","0","1","67301","0","","6.0","","1","N","N","N","0","","0","0","1","0","0","","155","2","0","1","0","0","0","0","2","0","2","0","0","0","3","03","","N","","","","","","","","","",""
"2022101103","1639","0","0","0","0","0","0","0","0","0","8","0","","67","10","2022","6","39.97019","-75.169541","1639","6","0","0","0","0","0","0","0","0","","0","0","0","15","1","1","","1","0","39 58:12.683","","0","75 10:10.347","3","0","0","0","67301","1","0","0","N","1","0","0","2","67301","0","","1.0","","1","N","N","N","0","","1","0","0","3","3","","1510","2","1","0","0","0","0","0","2","0","1","1","0","0","3","03","","N","","","","","","","","","",""
"2022119852","919","2","0","0","0","0","0","0","0","0","1","0","","67","10","2022","2","40.028983","-75.022973","905","6","0","0","1","0","0","0","0","0","","0","0","0","9","1","0","N","0","0","40 01:44.338","","3","75 01:22.703","9","0","0","0","67301","0","0","0","N","0","0","0","6","68K01","0","","1.0","","1","N","N","N","0","","0","0","0","0","0","","904","2","0","0","0","0","0","4","2","0","2","0","0","0","3","03","","N","","","","","","","","","",""
"2022117269","916","2","0","0","0","0","0","0","0","0","4","0","","67","12","2022","6","39.957208","-75.22748","916","6","0","0","0","0","0","0","0","0","","0","0","0","8","1","1","","1","0","39 57:25.948","","0","75 13:38.927","3","0","0","0","67301","0","0","0","N","0","0","0","2","67301","0","","1.0","","1","N","N","Y","0","","1","0","0","3","2","","845","3","1","0","0","0","0","0","2","1","3","0","0","0","3","","","N","","","","","","","","","",""
"2022115926","1015","1","0","0","0","0","0","0","0","0","8","0","","67","12","2022","7","39.949869","-75.162314","1005","6","0","0","0","0","0","0","0","0","","0","0","0","9","1","1","N","0","0","39 56:59.530","","0","75 09:44.330","3","0","0","0","67301","1","0","0","N","1","0","0","2","67301","0","","1.0","","9","N","N","N","0","","1","0","0","0","0","","948","2","1","1","0","0","0","0","2","0","1","1","0","0","7","","","N","","","","","","","","","",""
"2022103566","128","2","0","0","0","0","0","0","0","0","1","0","","67","11","2022","2","39.907444","-75.142611","127","6","0","0","0","0","0","1","0","0","","0","0","0","1","3","1","N","0","2","39 54:26.800","3","3","75 08:33.400","4","0","0","0","67301","0","0","0","N","0","0","0","5","67501","1","","1.0","207.0","1","N","N","N","0","","0","0","0","0","0","N","127","2","1","0","0","0","0","0","2","0","2","0","0","0","3","","","N","","","","","","","","","",""
"2022102942","1820","0","0","0","0","0","0","0","0","0","4","0","","67","11","2022","3","39.920059","-75.185774","1817","6","0","0","0","0","0","0","1","0","","0","0","0","17","1","1","","1","0","39 55:12.212","","0","75 11:08.786","3","0","0","1","67301","0","0","0","N","0","0","0","2","67301","0","","1.0","","1","N","N","N","0","","1","0","0","3","3","","1739","2","1","0","0","0","0","1","2","0","2","0","0","0","3","03","","N","","","","","","","","","",""
"2022121949","2100","1","0","0","0","0","0","0","0","0","4","0","","67","12","2022","6","39.959418","-75.245354","2055","6","0","1","0","0","0","1","0","0","","0","0","0","20","3","0","","1","0","39 57:33.904","","0","75 14:43.275","9","0","0","0","67301","0","0","0","N","0","0","0","2","67301","0","","1.0","","1","N","N","Y","0","","0","0","0","3","2","","2043","2","0","0","0","0","0","2","2","1","2","0","0","0","3","03","","N","","","","","","","","","",""
"2022103997","2032","0","0","0","0","0","0","0","0","0","6","0","","67","11","2022","1","40.076008","-75.174692","2026","6","0","0","0","0","0","0","0","1","","0","0","0","20","3","1","N","0","0","40 04:33.630","","0","75 10:28.890","3","0","0","0","67301","0","0","0","N","0","0","0","1","67301","0","","6.0","","1","N","N","N","0","","1","0","2","0","0","","2015","2","1","0","0","0","0","0","2","0","2","0","0","0","3","","","N","","","","","","","","","",""
"2022104146","830","1","0","0","0","0","0","0","0","0","4","0","","67","11","2022","2","40.070213","-75.180464","816","6","0","0","0","0","0","0","0","0","","0","0","0","6","1","2","","1","0","40 04:12.768","","0","75 10:49.670","3","0","0","0","67301","0","0","0","N","0","0","0","3","67301","0","","1.0","","1","N","N","N","1","","2","0","1","3","2","","603","3","2","0","0","0","0","0","2","0","3","0","0","0","3","03","","N","","","","","","","","","",""
"2022093816","900","1","0","0","0","0","0","0","0","0","4","0","","67","10","2022","5","39.98665","-75.146442","900","6","0","0","0","0","0","2","0","0","","0","0","0","7","1","1","","1","0","39 59:11.940","","0","75 08:47.191","8","0","0","0","67301","0","0","0","N","0","0","0","2","67301","0","","1.0","","1","N","N","N","1","","0","0","0","3","3","","745","2","1","0","0","0","1","0","2","0","2","0","0","0","3","03","","N","","","","","","","","","",""
"2022124969","311","1","0","0","0","0","0","0","0","0","4","1","","67","12","2022","2","39.928269","-75.146294","305","6","0","0","0","0","0","1","0","0","","1","1","0","2","3","0","N","7","1","39 55:41.767","1","3","75 08:46.657","1","0","0","0","67301","0","0","0","N","0","0","0","3","68K01","0","1","1.0","633.0","1","N","N","N","0","0","0","0","0","0","0","Y","255","2","0","1","0","0","0","0","2","0","2","0","0","0","3","","","N","","","","","","","","","",""
"2022103332","230","1","0","0","0","0","0","0","0","0","7","0","","67","11","2022","6","40.034111","-75.140139","215","6","0","0","0","0","0","0","0","0","","0","0","0","2","3","2","","1","1","40 02:02.800","1","0","75 08:24.500","8","0","0","0","67301","1","0","0","N","1","0","0","3","67301","0","","5.0","330.0","1","N","N","N","0","","0","0","0","3","4","N","215","2","2","2","0","0","2","0","2","0","1","1","0","0","3","","","N","","","","","","","","","",""
"2022110570","2027","1","0","0","0","0","0","0","0","0","1","0","","67","11","2022","6","39.974066","-75.117882","2025","6","0","0","0","0","0","0","0","0","","0","0","0","20","3","2","","1","1","39 58:26.639","2","0","75 07:04.374","3","0","0","0","67301","0","0","0","N","0","0","0","4","67301","0","","1.0","2030.0","1","N","N","N","1","","2","0","0","3","2","Y","2020","2","2","0","0","0","0","0","2","0","2","0","0","0","3","","","N","","","","","","","","","",""
"2022101859","940","0","0","0","0","0","0","0","0","0","8","0","","67","10","2022","7","40.001601","-75.152925","931","6","0","0","0","0","0","0","0","0","","0","0","0","9","1","1","","1","0","40 00:05.763","","0","75 09:10.529","8","0","0","0","67301","1","0","0","N","1","0","0","2","67301","0","","1.0","","1","N","N","N","0","","0","0","1","3","2","","900","2","1","0","0","0","1","0","2","0","1","1","0","0","3","03","","N","","","","","","","","","",""
"2022104600","1204","2","0","0","0","0","0","0","0","0","4","0","","67","11","2022","6","40.049267","-75.162869","1202","6","0","0","0","0","0","0","0","0","","0","0","0","12","1","2","","1","0","40 02:57.361","","0","75 09:46.328","3","0","0","0","67301","0","0","0","N","0","0","0","3","67301","0","","1.0","","1","N","N","N","1","","2","0","1","3","3","","1201","4","2","1","0","0","0","0","2","0","4","0","0","0","3","03","","N","","","","","","","","","",""
"2022103320","932","1","0","0","0","0","0","0","0","0","4","0","","67","11","2022","7","39.923927","-75.222089","930","6","0","0","0","0","0","0","1","0","","0","0","0","9","1","1","","1","0","39 55:26.137","","0","75 13:19.522","8","0","0","0","67301","0","0","0","N","0","0","0","2","67301","0","","1.0","","1","N","N","N","1","","0","0","0","3","2","","930","2","1","0","0","0","1","1","2","0","2","0","0","0","3","03","","N","","","","","","","","","",""
"2022093138","3","0","0","0","0","0","0","0","0","0","8","0","","67","10","2022","5","39.947842","-75.224216","2356","6","0","0","0","0","0","0","0","0","","0","0","0","23","2","1","N","0","0","39 56:52.231","","0","75 13:27.178","2","0","0","0","67301","1","0","1","N","1","0","1","2","67301","0","","1.0","","9","N","N","N","0","","0","1","2","0","0","","2301","3","1","0","0","0","0","0","2","0","2","1","0","1","4","07","","N","","","","","","","","","",""
"2022108069","36","2","0","0","0","0","0","0","0","0","5","0","","67","11","2022","7","39.959539","-75.243294","34","6","0","0","0","0","0","0","0","0","","0","0","0","0","3","0","N","0","1","39 57:34.340","2","0","75 14:35.860","0","0","0","0","67301","0","0","0","N","0","0","0","1","67301","0","","6.0","230.0","1","N","N","N","0","","0","0","1","0","0","N","30","3","0","1","0","0","0","0","2","0","3","0","0","0","3","03","","N","","","","","","","","","",""
"2022103221","1550","1","0","0","0","0","0","0","0","0","8","0","","67","11","2022","4","39.984184","-75.102502","1544","6","0","0","0","0","0","0","0","0","","0","0","0","15","1","1","","1","0","39 59:03.061","","0","75 06:09.008","3","0","0","0","67301","1","0","0","N","1","0","0","2","67301","0","","1.0","","1","N","N","N","0","","1","0","0","3","2","","1523","2","1","1","0","0","0","0","2","0","1","1","0","0","3","","","N","","","","","","","","","",""
"2022097031","2130","1","0","0","0","0","0","0","0","0","1","0","","67","10","2022","6","39.967362","-75.128863","2115","6","0","0","0","0","0","0","0","0","","0","0","0","20","3","1","","5","0","39 58:02.502","","0","75 07:43.907","3","0","0","1","67301","0","0","0","N","0","0","0","2","67301","0","","1.0","","1","N","N","N","0","","1","0","0","3","2","","2050","2","1","1","0","0","0","0","2","0","2","0","0","0","3","","","N","","","","","","","","","",""
"2022100689","125","1","0","0","0","0","0","0","0","0","7","0","","67","10","2022","7","40.127582","-75.014159","118","6","0","0","0","0","0","0","0","0","","0","0","0","1","3","0","N","0","0","40 07:39.294","","0","75 00:50.971","0","0","0","0","67301","0","0","0","N","0","0","0","1","67301","0","","4.0","","1","N","N","N","0","","0","0","1","0","0","","115","2","0","0","0","0","0","0","2","0","2","0","0","0","3","03","","N","","","","","","","","","",""
"2022098737","220","3","0","0","0","0","0","0","0","0","1","0","","67","10","2022","7","40.017222","-75.139806","220","6","0","0","0","0","0","0","0","0","","0","0","0","2","3","0","N","0","0","40 01:02.000","","0","75 08:23.300","9","0","0","0","67301","0","0","0","N","0","0","0","1","67301","0","","6.0","","9","N","N","Y","0","","0","0","1","0","0","","215","4","0","0","0","0","0","1","2","0","4","0","0","0","7","","","N","","","","","","","","","",""
"2022107449","1452","0","0","0","0","0","0","0","0","0","5","0","","67","11","2022","3","39.978486","-75.202503","1448","6","0","0","0","0","1","0","0","0","","0","0","0","14","1","1","N","0","0","39 58:42.551","","0","75 12:09.012","4","0","0","0","67301","0","0","0","N","0","0","0","2","68K01","1","","1.0","","1","N","N","N","1","","0","0","1","0","0","","1439","2","1","0","0","0","0","0","2","0","2","0","0","0","3","03","","N","","","","","","","","","",""