"CRN","ARRIVAL_TM","AUTOMOBILE_COUNT","BELTED_DEATH_COUNT","BELTED_SUSP_SERIOUS_INJ_COUNT","BICYCLE_COUNT","BICYCLE_DEATH_COUNT","BICYCLE_SUSP_SERIOUS_INJ_COUNT","BUS_COUNT","CHLDPAS_DEATH_COUNT","CHLDPAS_SUSP_SERIOUS_INJ_COUNT","COLLISION_TYPE","COMM_VEH_COUNT","CONS_ZONE_SPD_LIM","COUNTY","CRASH_MONTH","CRASH_YEAR","DAY_OF_WEEK","DEC_LATITUDE","DEC_LONGITUDE","DISPATCH_TM","DISTRICT","DRIVER_COUNT_16YR","DRIVER_COUNT_17YR","DRIVER_COUNT_18YR","DRIVER_COUNT_19YR","DRIVER_COUNT_20YR","DRIVER_COUNT_50_64YR","DRIVER_COUNT_65_74YR","DRIVER_COUNT_75PLUS","EST_HRS_CLOSED","FATAL_COUNT","HEAVY_TRUCK_COUNT","HORSE_BUGGY_COUNT","HOUR_OF_DAY","ILLUMINATION","INJURY_COUNT","INTERSECTION_RELATED","INTERSECT_TYPE","LANE_CLOSED","LATITUDE","LN_CLOSE_DIR","LOCATION_TYPE","LONGITUDE","MAX_SEVERITY_LEVEL","MCYCLE_DEATH_COUNT","MCYCLE_SUSP_SERIOUS_INJ_COUNT","MOTORCYCLE_COUNT","MUNICIPALITY","NONMOTR_COUNT","NONMOTR_DEATH_COUNT","NONMOTR_SUSP_SERIOUS_INJ_COUNT","NTFY_HIWY_MAINT","PED_COUNT","PED_DEATH_COUNT","PED_SUSP_SERIOUS_INJ_COUNT","PERSON_COUNT","POLICE_AGCY","POSSIBLE_INJ_COUNT","RDWY_SURF_TYPE_CD","RELATION_TO_ROAD","ROADWAY_CLEARED","ROAD_CONDITION","SCH_BUS_IND","SCH_ZONE_IND","SECONDARY_CRASH","SMALL_TRUCK_COUNT","SPEC_JURIS_CD","SUSP_MINOR_INJ_COUNT","SUSP_SERIOUS_INJ_COUNT","SUV_COUNT","TCD_FUNC_CD","TCD_TYPE","TFC_DETOUR_IND","TIME_OF_DAY","TOTAL_UNITS","TOT_INJ_COUNT","UNBELTED_OCC_COUNT","UNB_DEATH_COUNT","UNB_SUSP_SERIOUS_INJ_COUNT","UNK_INJ_DEG_COUNT","UNK_INJ_PER_COUNT","URBAN_RURAL","VAN_COUNT","VEHICLE_COUNT","VULNERABLE_ROAD_USER_COUNT","VULNERABLE_ROAD_USER_DEATH_COUNT","VULNERABLE_ROAD_USER_SER_INJ_COUNT","WEATHER1","WEATHER2","WORKERS_PRES","WORK_ZONE_IND","WORK_ZONE_LOC","WORK_ZONE_TYPE","WZ_CLOSE_DETOUR","WZ_FLAGGER","WZ_LAW_OFFCR_IND","WZ_LN_CLOSURE","WZ_MOVING","WZ_OTHER","WZ_SHLDER_MDN","WZ_WORKERS_INJ_KILLED"
"2022103331","2210","1","0","0","0","0","0","0","0","0","4","0","","67","11","2022","4","40.051546","-75.1501","2210","6","0","0","0","0","0","1","0","0","","0","0","0","22","3","1","","1","0","40 03:05.564","","0","75 09:00.360","2","0","0","0","67301","0","0","0","N","0","0","0","2","67301","0","","1.0","","1","N","N","N","0","","0","1","1","3","2","","2200","2","1","1","0","0","0","0","2","0","2","0","0","0","3","03","","N","","","","","","","","","",""
"2022100526","1400","3","0","0","0","0","0","0","0","0","5","0","","67","10","2022","6","39.999711","-75.113872","1358","6","0","0","0","0","0","0","0","0","","0","0","0","13","1","1","N","0","2","39 59:58.960","3","0","75 06:49.940","3","0","0","0","67301","0","0","0","N","0","0","0","1","67301","0","","1.0","1445.0","1","N","N","N","0","","1","0","1","0","0","Y","1325","4","1","0","0","0","0","0","2","0","4","0","0","0","3","03","","N","","","","","","","","","",""
"2022103990","1730","1","0","0","0","0","0","0","0","0","8","0","","67","11","2022","1","40.056475","-75.053401","1728","6","0","0","0","1","0","0","0","0","","0","0","0","17","3","1","","1","0","40 03:23.309","","0","75 03:12.243","3","0","0","0","67301","1","0","0","N","1","0","0","2","67301","0","","1.0","","1","N","N","N","0","","1","0","0","3","2","","1725","2","1","0","0","0","0","0","2","0","1","1","0","0","3","03","","N","","","","","","","","","",""
"2022112202","1501","0","0","0","0","0","0","0","0","0","8","0","","67","11","2022","7","39.917961","-75.153031","1500","6","0","0","0","0","0","1","0","0","","0","0","0","22","3","1","N","0","0","39 55:04.660","","0","75 09:10.910","3","0","0","0","67301","1","0","0","N","1","0","0","2","67301","0","","1.0","","1","N","N","N","0","","1","0","1","0","0","","2226","2","1","0","0","0","0","0","2","0","1","1","0","0","3","","","N","","","","","","","","","",""
"2022102947","1535","0","0","0","1","0","0","0","0","0","8","0","","67","11","2022","3","40.027613","-75.096254","1516","6","0","0","0","0","0","0","0","0","","0","0","0","15","1","1","","1","0","40 01:39.408","","0","75 05:46.513","8","0","0","0","67301","1","0","0","N","0","0","0","2","67301","0","","1.0","","1","N","N","N","0","","0","0","0","3","3","","1550","2","1","0","0","0","1","1","2","0","1","1","0","0","99","","","N","","","","","","","","","",""
"2022104612","525","1","0","0","1","0","0","0","0","0","8","0","","67","11","2022","7","39.964664","-75.224517","521","6","0","0","0","0","0","0","0","0","","0","0","0","3","8","1","N","0","0","39 57:52.792","","0","75 13:28.261","3","0","0","0","67301","1","0","0","N","0","0","0","2","67301","0","","1.0","","1","N","N","N","0","","1","0","0","0","0","","323","2","1","1","0","0","0","0","2","0","1","1","0","0","3","03","","N","","","","","","","","","",""
"2022103215","529","0","0","0","0","0","0","0","0","0","4","0","","67","11","2022","6","40.074609","-75.035074","519","6","0","0","0","0","0","0","0","0","","0","0","0","5","3","0","","1","0","40 04:28.594","","0","75 02:06.267","0","0","0","0","67301","0","0","0","N","0","0","0","2","67301","0","","1.0","","1","N","N","N","0","","0","0","2","3","2","","518","2","0","2","0","0","0","0","2","0","2","0","0","0","5","05","","N","","","","","","","","","",""
"2022103700","1848","0","0","0","0","0","0","0","0","0","8","0","","67","9","2022","6","40.010778","-75.150503","1837","6","0","0","0","0","0","0","0","0","","0","0","0","15","1","1","N","0","0","40 00:38.800","","0","75 09:01.810","3","0","0","0","67301","1","0","0","N","1","0","0","2","67301","0","","1.0","","99","N","N","N","0","","1","0","0","0","0","","1500","2","1","0","0","0","0","0","2","0","1","1","0","0","99","03","","N","","","","","","","","","",""
"2022091670","1605","1","0","0","0","0","0","0","0","0","4","0","","67","10","2022","1","39.979403","-75.163446","1600","6","0","0","0","0","0","0","0","0","","0","0","0","15","1","0","","1","0","39 58:45.851","","0","75 09:48.406","0","0","0","0","67301","0","0","0","N","0","0","0","2","67301","0","","1.0","","9","N","N","N","0","","0","0","1","3","3","","1515","2","0","0","0","0","0","0","2","0","2","0","0","0","7","04","","N","","","","","","","","","",""
"2022114334","2200","1","0","0","0","0","0","0","0","0","5","0","","67","12","2022","5","39.922111","-75.168028","2155","6","0","0","0","0","0","0","0","0","","0","0","0","21","3","1","N","0","0","39 55:19.600","","0","75 10:04.900","8","0","0","0","67301","0","0","0","N","0","0","0","2","67301","0","","1.0","","1","N","N","Y","1","","0","0","1","0","0","","2154","3","1","0","0","0","1","0","2","0","3","0","0","0","3","","","N","","","","","","","","","",""
"2022092510","123","1","0","0","0","0","0","0","0","0","7","0","","67","10","2022","5","39.94417","-75.141964","120","6","0","0","0","0","0","0","0","0","","0","0","0","1","3","1","","2","0","39 56:39.012","","0","75 08:31.072","8","0","0","0","67301","0","0","0","N","0","0","0","1","67301","0","","4.0","","1","N","N","N","0","","0","0","0","2","2","","120","1","1","0","0","0","1","0","2","0","1","0","0","0","3","03","","N","","","","","","","","","",""
"2022108076","620","2","0","0","0","0","0","0","0","0","6","0","","67","10","2022","4","40.01205","-75.109936","617","6","0","0","0","0","0","0","0","0","","0","0","0","5","3","0","N","0","0","40 00:43.380","","0","75 06:35.770","0","0","0","0","67301","0","0","0","N","0","0","0","1","67301","0","","6.0","","1","N","N","N","0","","0","0","1","0","0","","541","3","0","1","0","0","0","0","2","0","3","0","0","0","3","98","","N","","","","","","","","","",""
"2022093131","2132","1","0","0","0","0","0","0","0","0","1","0","","67","10","2022","5","39.901625","-75.225148","2132","6","0","0","0","0","1","1","0","0","","0","0","0","21","3","0","N","0","0","39 54:05.851","","0","75 13:30.532","0","0","0","0","67301","0","0","0","N","0","0","0","3","67301","0","","1.0","","1","N","N","N","0","","0","0","2","0","0","","2132","3","0","0","0","0","0","0","2","0","3","0","0","0","3","03","","N","","","","","","","","","",""
"2022104963","254","2","0","0","0","0","0","0","0","0","4","0","","67","10","2022","7","39.996838","-75.15383","248","6","0","0","1","0","0","0","0","0","","0","0","0","2","3","3","","1","0","39 59:48.618","","0","75 09:13.788","3","0","0","0","67301","0","0","0","N","0","0","0","4","67301","0","","1.0","","9","N","N","N","0","","3","0","0","3","2","","238","2","3","0","0","0","0","0","2","0","2","0","0","0","7","07","","N","","","","","","","","","",""
"2022113183","2311","1","0","0","0","0","0","0","0","0","4","0","","67","11","2022","2","39.957784","-75.241635","1818","6","0","0","0","0","0","0","0","0","","0","0","0","18","3","0","","1","0","39 57:28.022","","0","75 14:29.885","9","0","0","0","67301","0","0","0","N","0","0","0","2","67301","0","","1.0","","1","N","N","N","0","","0","0","1","3","3","","1818","2","0","0","0","0","0","1","2","0","2","0","0","0","3","03","","N","","","","","","","","","",""
"2022102233","955","1","0","0","0","0","0","0","0","0","4","0","","67","11","2022","4","39.992347","-75.154811","945","6","0","0","0","0","0","0","0","0","","0","0","0","9","1","1","","2","0","39 59:32.449","","0","75 09:17.320","3","0","0","0","67301","0","0","0","N","0","0","0","2","67301","0","","1.0","","1","N","N","N","0","","1","0","0","0","0","","900","2","1","0","0","0","0","0","2","1","2","0","0","0","3","03","","N","","","","","","","","","",""
"2022095066","2300","1","0","0","0","0","0","1","0","0","4","1","","67","10","2022","5","40.008796","-75.147623","2245","6","0","0","0","0","0","0","0","0","","0","0","0","22","3","2","","1","0","40 00:31.666","","0","75 08:51.441","8","0","0","0","67301","0","0","0","N","0","0","0","2","67508","0","","1.0","","1","N","N","Y","0","","0","0","0","3","2","","2245","2","2","1","0","0","2","0","2","0","2","0","0","0","3","03","","N","","","","","","","","","",""
"2022101611","1718","0","0","0","0","0","0","0","0","0","4","0","","67","10","2022","1","39.979403","-75.163446","1715","6","0","0","0","0","0","0","1","0","","0","0","0","17","1","2","","1","0","39 58:45.851","","0","75 09:48.406","4","0","0","0","67301","0","0","0","N","0","0","0","8","67301","2","","1.0","","1","N","N","N","1","","0","0","0","3","3","","1710","2","2","1","0","0","0","0","2","1","2","0","0","0","3","03","","N","","","","","","","","","",""
"2022101100","1720","1","0","0","0","0","0","0","0","0","4","0","","67","10","2022","1","39.92411","-75.167606","1625","6","0","0","0","0","0","0","0","0","","0","0","0","16","3","4","","1","0","39 55:26.797","","0","75 10:03.382","3","0","0","0","67301","0","0","0","N","0","0","0","5","67301","1","","1.0","","1","N","N","N","0","","3","0","1","3","2","","1610","2","4","0","0","0","0","1","2","0","2","0","0","0","3","","","N","","","","","","","","","",""
"2022101580","228","1","0","0","0","0","0","0","0","0","1","0","","67","10","2022","1","39.958387","-75.165883","220","6","0","0","0","0","0","0","0","0","","0","0","0","2","3","1","N","0","1","39 57:30.192","4","0","75 09:57.179","3","0","0","0","67301","0","0","0","N","0","0","0","3","68K01","0","","1.0","300.0","1","N","N","N","0","","1","0","1","0","0","N","219","2","1","0","0","0","0","0","2","0","2","0","0","0","3","","","N","","","","","","","","","",""
"2022104380","159","2","0","0","0","0","0","0","0","0","5","0","","67","10","2022","7","39.913056","-75.177778","159","6","0","0","0","0","0","0","0","0","","0","0","0","1","3","0","N","0","1","39 54:47.000","4","3","75 10:40.000","0","0","0","0","67301","0","0","0","N","0","0","0","5","67501","0","","1.0","230.0","1","N","N","N","0","","0","0","0","0","0","N","159","2","0","0","0","0","0","0","2","0","2","0","0","0","3","03","","N","","","","","","","","","",""
"2022108298","2015","1","0","0","0","0","0","0","0","0","7","0","","67","11","2022","1","40.001387","-75.152971","2015","6","1","0","0","0","0","0","0","0","","0","0","0","20","3","1","N","0","2","40 00:04.993","2","0","75 09:10.696","8","0","0","0","67301","0","0","0","N","0","0","0","1","67508","0","","3.0","9999.0","1","N","N","N","0","","0","0","0","0","0","Y","2010","1","1","1","0","0","1","0","2","0","1","0","0","0","3","03","","N","","","","","","","","","",""
"2022103998","52","1","0","0","0","0","0","0","0","0","5","0","","67","11","2022","7","39.935097","-75.174906","45","6","0","0","0","0","0","0","0","0","","0","0","0","0","3","0","N","0","2","39 56:06.350","3","0","75 10:29.660","9","0","0","0","67301","0","0","0","N","0","0","0","1","67301","0","","6.0","215.0","1","N","N","N","0","","0","0","2","0","0","Y","40","4","0","0","0","0","0","1","2","1","4","0","0","0","3","","","N","","","","","","","","","",""
"2022102949","1935","0","0","0","0","0","0","0","0","0","4","0","","67","11","2022","5","40.056731","-75.060797","1914","6","0","0","0","0","0","0","1","0","","0","0","0","18","3","0","","1","0","40 03:24.233","","0","75 03:38.869","0","0","0","0","67301","0","0","0","N","0","0","0","2","67301","0","","1.0","","1","N","N","N","0","","0","0","2","3","1","","1839","2","0","0","0","0","0","0","2","0","2","0","0","0","3","03","","N","","","","","","","","","",""
"2022111542","716","1","0","0","0","0","0","0","0","0","7","0","","67","11","2022","6","40.054833","-74.985251","643","6","0","0","0","0","0","1","1","0","","0","0","0","6","1","2","N","0","2","40 03:17.399","2","0","74 59:06.903","2","0","0","0","67301","0","0","0","Y","0","0","0","2","68K01","0","","3.0","830.0","1","N","N","N","0","","1","1","1","0","0","N","636","2","2","1","0","1","0","0","2","0","2","0","0","0","3","03","","N","","","","","","","","","",""
"2022105122","1835","1","0","0","0","0","0","0","0","0","4","0","","67","11","2022","3","40.128864","-75.013837","1822","6","0","0","0","0","0","0","0","0","","0","0","0","18","6","1","","1","1","40 07:43.909","2","0","75 00:49.814","3","0","0","0","67301","0","0","0","N","0","0","0","3","67301","0","","1.0","1915.0","1","N","N","N","0","","1","0","1","3","2","N","1809","2","1","0","0","0","0","0","2","0","2","0","0","0","3","03","","N","","","","","","","","","",""
"2022101446","446","0","0","0","0","0","0","0","0","0","7","0","","67","10","2022","1","40.103322","-75.028531","446","6","0","0","0","0","0","0","0","0","","0","0","0","4","3","0","N","0","0","40 06:11.960","","0","75 01:42.710","0","0","0","0","67301","0","0","0","N","0","0","0","1","67301","0","","4.0","","1","N","N","N","0","","0","0","0","0","0","","445","1","0","0","0","0","0","0","2","1","1","0","0","0","3","","","N","","","","","","","","","",""
"2022096247","1749","1","0","0","0","0","0","0","0","0","1","0","","67","10","2022","5","39.959662","-75.176122","1742","6","0","0","0","0","0","0","0","0","","0","0","0","17","3","0","N","0","1","39 57:34.782","4","0","75 10:34.038","0","0","0","0","67301","0","0","0","N","0","0","0","2","68K01","0","","1.0","1830.0","9","N","N","N","0","","0","0","1","0","0","N","1740","2","0","0","0","0","0","0","2","0","2","0","0","0","7","07","","N","","","","","","","","","",""
"2022110569","1719","0","0","0","0","0","0","0","0","0","8","0","","67","11","2022","6","39.9753","-75.121195","1713","6","0","0","0","0","0","0","0","0","","0","0","0","17","1","1","","1","0","39 58:31.081","","0","75 07:16.303","3","0","0","0","67301","1","0","0","N","1","0","0","2","67301","0","","1.0","","1","N","N","N","0","","1","0","1","3","2","","1711","2","1","1","0","0","0","0","2","0","1","1","0","0","3","03","","N","","","","","","","","","",""
"2022097030","1901","0","0","0","0","0","0","0","0","0","8","0","","67","10","2022","5","39.98031","-75.146316","1900","6","0","0","0","0","0","1","0","0","","0","0","0","18","3","1","","1","0","39 58:49.115","","0","75 08:46.737","3","0","0","0","67301","1","0","0","N","1","0","0","2","67301","0","","1.0","","1","N","N","N","1","","1","0","0","3","3","","1813","2","1","1","0","0","0","0","2","0","1","1","0","0","3","03","","N","","","","","","","","","",""
"2022103645","434","1","0","0","0","0","0","0","0","0","7","0","","67","11","2022","5","39.988874","-75.087907","434","6","0","0","0","0","0","0","0","0","","0","0","0","4","3","0","N","0","0","39 59:19.946","","0","75 05:16.464","0","0","0","0","67301","0","0","0","Y","0","0","0","1","68K01","0","","2.0","","1","N","N","N","0","","0","0","0","0","0","","430","1","0","0","0","0","0","0","2","0","1","0","0","0","3","03","","N","","","","","","","","","",""
"2022110566","2143","1","0","0","0","0","0","0","0","0","4","0","","67","11","2022","3","39.970503","-75.148069","2139","6","0","0","0","0","0","0","0","0","","0","0","0","21","3","0","","1","0","39 58:13.811","","0","75 08:53.050","0","0","0","0","67301","0","0","0","N","0","0","0","2","67301","0","","1.0","","1","N","N","N","1","","0","0","0","3","2","","2109","2","0","0","0","0","0","0","2","0","2","0","0","0","3","03","","N","","","","","","","","","",""
"2022104142","131","2","0","0","0","0","0","0","0","0","1","0","","67","11","2022","6","39.924078","-75.245498","130","6","0","0","0","0","0","0","0","0","","0","0","0","22","3","1","","1","0","39 55:26.681","","0","75 14:43.794","8","0","0","0","67301","0","0","0","N","0","0","0","2","67301","0","","1.0","","1","N","N","N","0","","0","0","0","3","2","","2220","2","1","1","0","0","1","0","2","0","2","0","0","0","3","03","","N","","","","","","","","","",""
"2022094615","1116","2","0","0","0","0","0","0","0","0","4","0","","67","10","2022","7","39.922519","-75.145881","1115","6","0","0","0","0","0","0","0","0","","0","0","0","22","3","2","","1","0","39 55:21.068","","0","75 08:45.172","8","0","0","0","67301","0","0","0","N","0","0","0","3","67301","0","","1.0","","99","N","N","N","0","","0","0","0","3","3","","2215","2","2","0","0","0","2","0","2","0","2","0","0","0","99","","","N","","","","","","","","","",""
"2022101115","2140","1","0","0","0","0","0","0","0","0","4","0","","67","10","2022","7","40.014518","-75.131119","2138","6","0","0","1","0","1","0","0","0","","0","0","0","21","3","2","","1","1","40 00:52.264","5","0","75 07:52.028","3","0","0","0","67301","0","0","0","N","0","0","0","2","67301","1","","1.0","2212.0","1","N","N","N","0","","1","0","1","3","2","N","2131","2","2","0","0","0","0","0","2","0","2","0","0","0","3","03","","N","","","","","","","","","",""
"2022103060","1650","1","0","0","0","0","0","0","0","0","1","0","","67","11","2022","6","40.027922","-75.207323","1645","6","0","0","0","0","0","0","0","0","","0","0","0","16","1","1","","1","2","40 01:40.518","3","0","75 12:26.362","8","0","0","0","67301","0","0","0","N","0","0","0","2","67301","0","","1.0","1756.0","1","N","N","N","0","","0","0","1","3","3","Y","1644","2","1","0","0","0","1","0","2","0","2","0","0","0","3","","","N","","","","","","","","","",""
"2022104980","2305","0","0","0","0","0","0","0","0","0","4","0","","67","11","2022","6","40.002007","-75.144471","2305","6","0","0","0","0","0","0","0","0","","0","0","0","22","3","2","Y","0","0","40 00:07.224","","0","75 08:40.095","3","0","0","0","67301","0","0","0","N","0","0","0","2","67301","0","","1.0","","1","N","N","N","1","","2","0","1","3","2","","2210","2","2","0","0","0","0","0","2","0","2","0","0","0","3","","","N","","","","","","","","","",""
"2022123665","2304","0","0","0","0","0","0","0","0","0","4","0","","67","11","2022","3","39.99562","-75.167582","2300","6","0","0","0","0","0","0","1","0","","0","0","0","22","3","0","","1","0","39 59:44.232","","0","75 10:03.296","0","0","0","0","67301","0","0","0","N","0","0","0","2","67301","0","","1.0","","1","N","N","N","0","","0","0","2","3","2","","2236","2","0","0","0","0","0","0","2","0","2","0","0","0","3","03","","N","","","","","","","","","",""
"2022104144","1903","3","0","0","0","0","0","0","0","0","1","0","","67","11","2022","2","39.919483","-75.211547","1903","6","0","0","0","0","0","0","1","0","","0","0","0","17","2","1","N","0","1","39 55:10.140","1","0","75 12:41.570","3","0","0","0","67301","0","0","0","N","0","0","0","1","67301","0","","3.0","1903.0","1","N","N","N","0","","1","0","0","0","0","N","1732","3","1","0","0","0","0","0","2","0","3","0","0","0","3","03","","N","","","","","","","","","",""
"2022125113","1825","0","0","0","0","0","0","0","0","0","8","0","","67","12","2022","5","40.022443","-75.158769","1822","6","0","0","0","0","0","0","0","0","","0","0","0","18","3","1","N","0","0","40 01:20.796","","0","75 09:31.569","8","0","0","0","67301","1","0","0","N","1","0","0","2","67301","0","","1.0","","1","N","N","N","0","","0","0","0","0","0","","1815","2","1","0","0","0","1","0","2","0","1","1","0","0","3","03","","N","","","","","","","","","",""
"2022103691","1946","0","0","0","0","0","0","0","0","0","4","0","","67","11","2022","6","40.032093","-75.219029","1930","6","0","0","0","0","0","0","1","0","","0","0","0","19","3","0","","1","0","40 01:55.534","","0","75 13:08.504","0","0","0","0","67301","0","0","0","N","0","0","0","2","67301","0","","1.0","","1","N","N","N","0","","0","0","2","3","3","","1925","2","0","0","0","0","0","0","2","0","2","0","0","0","3","03","","N","","","","","","","","","",""
"2022103663","1459","0","0","0","0","0","0","0","0","0","1","0","","67","11","2022","7","40.030904","-75.021795","1435","6","0","0","0","0","0","1","0","0","","0","0","0","14","1","0","N","0","1","40 01:51.253","2","3","75 01:18.461","0","0","0","0","67301","0","0","0","N","0","0","0","2","68K01","0","","1.0","1430.0","1","N","N","N","0","","0","0","2","0","0","N","1420","2","0","0","0","0","0","0","2","0","2","0","0","0","3","","","N","","","","","","","","","",""
"2022105483","40","2","0","0","0","0","0","0","0","0","2","0","","67","11","2022","2","39.958797","-75.233311","39","6","0","0","0","0","0","0","0","0","","0","0","0","0","3","0","N","0","2","39 57:31.670","5","0","75 13:59.920","9","0","0","0","67301","0","0","0","N","0","0","0","3","67301","0","","1.0","400.0","1","N","N","N","0","","0","0","0","0","0","Y","5","3","0","0","0","0","0","3","2","1","3","0","0","0","3","03","","N","","","","","","","","","",""
"2022108081","317","3","0","0","0","0","0","0","0","0","4","0","","67","10","2022","7","39.987232","-75.108791","315","6","0","0","0","1","0","0","0","0","","0","0","0","2","3","0","","1","0","39 59:14.035","","0","75 06:31.646","9","0","0","0","67301","0","0","0","N","0","0","0","2","67301","0","","1.0","","1","N","N","N","0","","0","0","1","3","2","","234","4","0","0","0","0","0","1","2","0","4","0","0","0","3","","","N","","","","","","","","","",""
"2022100805","1650","2","0","0","0","0","0","0","0","0","4","0","","67","10","2022","6","40.044856","-75.146807","1643","6","0","0","0","0","1","0","0","0","","0","0","0","16","1","2","","5","0","40 02:41.481","","0","75 08:48.505","3","0","0","0","67301","0","0","0","N","0","0","0","4","67301","0","","1.0","","1","N","N","N","0","","2","0","0","3","2","","1605","2","2","0","0","0","0","0","2","0","2","0","0","0","3","","","N","","","","","","","","","",""
"2022110078","1835","0","0","0","0","0","0","0","0","0","4","0","","67","11","2022","2","39.971253","-75.227216","1835","6","0","0","0","0","0","2","0","0","","0","0","0","15","1","0","","1","0","39 58:16.510","","0","75 13:37.977","9","0","0","0","67301","0","0","0","N","0","0","0","2","67301","0","","1.0","","1","N","N","N","0","","0","0","2","3","2","","1520","2","0","0","0","0","0","2","2","0","2","0","0","0","3","03","","N","","","","","","","","","",""
"2022102962","2102","1","0","0","0","0","0","0","0","0","6","0","","67","11","2022","4","39.946134","-75.242524","2059","6","0","0","0","0","0","0","0","0","","0","0","0","20","3","1","N","0","1","39 56:46.081","4","0","75 14:33.086","8","0","0","0","67301","0","0","0","N","0","0","0","3","67301","0","","1.0","2355.0","1","N","N","N","1","","0","0","2","0","0","N","2056","4","1","0","0","0","1","0","2","0","4","0","0","0","3","","","N","","","","","","","","","",""
"2022118465","206","1","0","0","0","0","0","0","0","0","1","0","","67","10","2022","7","39.931668","-75.199802","201","6","0","0","0","0","0","0","0","0","","0","0","0","2","3","3","N","0","2","39 55:54.006","3","0","75 11:59.286","3","0","0","0","67301","0","0","0","N","0","0","0","3","68K01","1","","1.0","215.0","1","N","N","N","0","","1","0","1","0","0","N","201","2","3","0","0","0","1","0","2","0","2","0","0","0","3","","","N","","","","","","","","","",""
"2022102019","1526","0","0","0","0","0","0","0","0","0","8","0","","67","10","2022","1","39.986614","-75.171234","1526","6","0","0","0","0","0","0","0","0","","0","0","0","15","1","1","","1","0","39 59:11.810","","0","75 10:16.442","2","0","0","0","67301","1","0","1","N","1","0","1","2","67301","0","","1.0","","1","N","N","N","0","","0","1","0","3","2","","1526","2","1","0","0","0","0","0","2","1","1","1","0","1","3","03","","N","","","","","","","","","",""
"2022102958","914","0","0","0","0","0","0","0","0","0","1","0","","67","11","2022","5","40.043652","-75.021864","910","6","0","0","0","0","0","1","0","0","","0","0","0","9","1","1","","2","0","40 02:37.146","","0","75 01:18.710","3","0","0","0","67301","0","0","0","N","0","0","0","2","67301","0","","1.0","","1","N","N","N","0","","1","0","1","3","1","","909","2","1","0","0","0","0","1","2","1","2","0","0","0","3","03","","N","","","","","","","","","",""
"2022093656","44","0","0","0","0","0","0","0","0","0","7","0","","67","10","2022","7","39.956629","-75.198022","37","6","0","0","0","0","0","0","0","0","","0","0","0","22","3","0","","1","1","39 57:23.865","1","0","75 11:52.879","0","0","0","0","67301","0","0","0","N","0","0","0","1","67301","0","","4.0","800.0","1","N","N","N","0","","0","0","1","3","2","Y","2245","1","0","1","0","0","0","0","2","0","1","0","0","0","3","","","N","","","","","","","","","",""
"2022102965","831","2","0","0","0","0","0","0","0","0","6","0","","67","11","2022","3","40.040635","-75.151494","830","6","0","0","0","0","0","1","0","0","","0","0","0","6","5","1","","1","0","40 02:26.285","","0","75 09:05.378","3","0","0","0","67301","0","0","0","N","0","0","0","2","67301","0","","1.0","","9","N","N","N","0","","1","0","0","3","2","","650","2","1","0","0","0","0","0","2","0","2","0","0","0","3","03","","N","","","","","","","","","",""
"2022103325","1003","0","0","0","0","0","0","0","0","0","4","0","","67","11","2022","5","39.978304","-75.129952","1003","6","0","0","0","0","0","0","0","0","","0","0","0","10","1","1","","1","0","39 58:41.894","","0","75 07:47.827","3","0","0","0","67301","0","0","0","N","0","0","0","2","67301","0","","1.0","","1","N","N","N","0","","1","0","1","3","3","","1003","2","1","1","0","0","0","0","2","0","2","0","0","0","3","","","N","","","","","","","","","",""
"2022101449","514","0","0","0","0","0","0","0","0","0","4","0","","67","10","2022","1","39.933477","-75.215566","511","6","0","0","0","0","0","0","0","0","","0","0","0","5","3","0","","3","0","39 56:00.517","","0","75 12:56.037","9","0","0","0","67301","0","0","0","N","0","0","0","3","67301","0","","1.0","","1","N","N","N","0","","0","0","2","3","2","","500","3","0","0","0","0","0","3","2","1","3","0","0","0","3","03","","N","","","","","","","","","",""
"2022113193","2000","1","0","0","0","0","0","0","0","0","1","0","","67","11","2022","5","40.008093","-75.142113","1955","6","0","0","0","0","0","0","0","0","","0","0","0","19","3","0","N","0","0","40 00:29.134","","0","75 08:31.608","0","0","0","0","67301","0","0","0","N","0","0","0","1","67301","0","","6.0","","1","N","N","N","0","","0","0","1","0","0","","1918","2","0","0","0","0","0","0","2","0","2","0","0","0","3","03","","N","","","","","","","","","",""
"2022104970","2357","0","0","0","0","0","0","0","0","0","1","0","","67","10","2022","7","39.993578","-75.134397","2348","6","0","0","0","0","0","1","0","0","","0","0","0","23","3","5","N","0","0","39 59:36.880","","0","75 08:03.830","2","0","0","0","67301","4","0","1","N","4","0","1","5","67301","0","","6.0","","1","N","N","N","0","","4","1","2","0","0","","2348","7","5","0","0","0","0","0","2","1","3","4","0","1","3","03","","N","","","","","","","","","",""
"2022113182","1201","1","0","0","0","0","0","0","0","0","5","0","","67","11","2022","6","39.954803","-75.227717","1201","6","0","0","0","0","0","0","0","0","","0","0","0","11","1","0","N","0","0","39 57:17.290","","0","75 13:39.780","0","0","0","0","67301","0","0","0","N","0","0","0","1","67301","0","","6.0","","1","N","N","N","0","","0","0","1","0","0","","1159","2","0","0","0","0","0","0","2","0","2","0","0","0","3","03","","N","","","","","","","","","",""
"2022103531","2318","2","0","0","0","0","0","0","0","0","4","0","","67","11","2022","6","40.044621","-75.054672","2312","6","0","0","1","0","0","1","0","0","","0","0","0","23","3","3","","1","2","40 02:40.636","2","0","75 03:16.819","2","0","0","0","67301","0","0","0","N","0","0","0","4","67301","0","","1.0","15.0","1","N","N","N","0","","2","1","0","3","2","Y","2305","2","3","0","0","0","0","0","2","0","2","0","0","0","3","03","","N","","","","","","","","","",""