"CRN","ARRIVAL_TM","AUTOMOBILE_COUNT","BELTED_DEATH_COUNT","BELTED_SUSP_SERIOUS_INJ_COUNT","BICYCLE_COUNT","BICYCLE_DEATH_COUNT","BICYCLE_SUSP_SERIOUS_INJ_COUNT","BUS_COUNT","CHLDPAS_DEATH_COUNT","CHLDPAS_SUSP_SERIOUS_INJ_COUNT","COLLISION_TYPE","COMM_VEH_COUNT","CONS_ZONE_SPD_LIM","COUNTY","CRASH_MONTH","CRASH_YEAR","DAY_OF_WEEK","DEC_LATITUDE","DEC_LONGITUDE","DISPATCH_TM","DISTRICT","DRIVER_COUNT_16YR","DRIVER_COUNT_17YR","DRIVER_COUNT_18YR","DRIVER_COUNT_19YR","DRIVER_COUNT_20YR","DRIVER_COUNT_50_64YR","DRIVER_COUNT_65_74YR","DRIVER_COUNT_75PLUS","EST_HRS_CLOSED","FATAL_COUNT","HEAVY_TRUCK_COUNT","HORSE_BUGGY_COUNT","HOUR_OF_DAY","ILLUMINATION","INJURY_COUNT","INTERSECTION_RELATED","INTERSECT_TYPE","LANE_CLOSED","LATITUDE","LN_CLOSE_DIR","LOCATION_TYPE","LONGITUDE","MAX_SEVERITY_LEVEL","MCYCLE_DEATH_COUNT","MCYCLE_SUSP_SERIOUS_INJ_COUNT","MOTORCYCLE_COUNT","MUNICIPALITY","NONMOTR_COUNT","NONMOTR_DEATH_COUNT","NONMOTR_SUSP_SERIOUS_INJ_COUNT","NTFY_HIWY_MAINT","PED_COUNT","PED_DEATH_COUNT","PED_SUSP_SERIOUS_INJ_COUNT","PERSON_COUNT","POLICE_AGCY","POSSIBLE_INJ_COUNT","RDWY_SURF_TYPE_CD","RELATION_TO_ROAD","ROADWAY_CLEARED","ROAD_CONDITION","SCH_BUS_IND","SCH_ZONE_IND","SECONDARY_CRASH","SMALL_TRUCK_COUNT","SPEC_JURIS_CD","SUSP_MINOR_INJ_COUNT","SUSP_SERIOUS_INJ_COUNT","SUV_COUNT","TCD_FUNC_CD","TCD_TYPE","TFC_DETOUR_IND","TIME_OF_DAY","TOTAL_UNITS","TOT_INJ_COUNT","UNBELTED_OCC_COUNT","UNB_DEATH_COUNT","UNB_SUSP_SERIOUS_INJ_COUNT","UNK_INJ_DEG_COUNT","UNK_INJ_PER_COUNT","URBAN_RURAL","VAN_COUNT","VEHICLE_COUNT","VULNERABLE_ROAD_USER_COUNT","VULNERABLE_ROAD_USER_DEATH_COUNT","VULNERABLE_ROAD_USER_SER_INJ_COUNT","WEATHER1","WEATHER2","WORKERS_PRES","WORK_ZONE_IND","WORK_ZONE_LOC","WORK_ZONE_TYPE","WZ_CLOSE_DETOUR","WZ_FLAGGER","WZ_LAW_OFFCR_IND","WZ_LN_CLOSURE","WZ_MOVING","WZ_OTHER","WZ_SHLDER_MDN","WZ_WORKERS_INJ_KILLED"
"2022102966","1252","0","0","0","0","0","0","0","0","0","4","0","","67","11","2022","3","40.030292","-75.159026","1251","6","0","0","0","0","0","1","0","0","","0","0","0","12","1","1","","3","0","40 01:49.051","","0","75 09:32.493","8","0","0","0","67301","0","0","0","N","0","0","0","2","67301","0","","1.0","","9","N","N","N","0","","0","0","1","3","3","","1235","2","1","0","0","0","1","1","2","1","2","0","0","0","7","07","","N","","","","","","","","","",""
"2022100955","722","1","0","0","0","0","0","0","0","0","2","0","","67","10","2022","1","39.941308","-75.229861","722","6","0","0","0","0","0","0","0","0","","0","0","0","6","5","0","N","0","0","39 56:28.710","","0","75 13:47.500","0","0","0","0","67301","0","0","0","N","0","0","0","1","67301","0","","6.0","","1","N","N","N","0","","0","0","0","0","0","","655","2","0","0","0","0","0","0","2","1","2","0","0","0","3","03","","N","","","","","","","","","",""
"2022119029","140","0","0","0","1","0","0","0","0","0","8","0","","67","11","2022","1","39.981248","-75.130907","120","6","0","0","0","0","0","0","0","0","","0","0","0","0","3","1","","1","0","39 58:52.492","","0","75 07:51.265","3","0","0","0","67301","1","0","0","N","0","0","0","2","67301","0","","1.0","","1","N","N","N","0","","1","0","1","3","3","","35","2","1","1","0","0","0","0","2","0","1","1","0","0","3","03","","N","","","","","","","","","",""
"2022093418","2013","0","0","0","0","0","0","0","0","0","0","0","","67","10","2022","6","40.040176","-75.144376","2012","6","0","0","0","0","0","0","0","0","","0","0","0","20","3","1","N","0","0","40 02:24.632","","0","75 08:39.753","3","0","0","1","67301","0","0","0","N","0","0","0","1","67301","0","","1.0","","1","N","N","N","0","","1","0","0","0","0","","2011","2","1","0","0","0","0","0","2","0","1","0","0","0","3","03","","N","","","","","","","","","",""
"2022116949","850","2","0","0","0","0","0","0","0","0","6","0","","67","12","2022","6","40.00455","-75.131806","845","6","0","0","0","0","0","0","0","0","","0","0","0","8","1","1","N","0","0","40 00:16.380","","0","75 07:54.500","3","0","0","0","67301","0","0","0","N","0","0","0","1","67301","0","","6.0","","1","N","N","N","0","","1","0","0","0","0","","840","2","1","0","0","0","0","0","2","0","2","0","0","0","3","03","","N","","","","","","","","","",""
"2022114528","738","0","0","0","0","0","0","1","0","0","7","1","","67","12","2022","5","","-75.242817","733","6","0","0","0","0","0","1","0","0","","0","0","0","7","1","1","N","0","0","39 52:36.85","","0","75 14:34.140","3","0","0","0","67301","0","0","0","N","0","0","0","2","67301","0","","4.0","","1","N","N","N","0","","1","0","0","0","0","","718","1","1","0","0","0","0","0","1","0","1","0","0","0","3","03","","N","","","","","","","","","",""
"2022103062","1148","0","0","0","0","0","0","0","0","0","4","1","","67","11","2022","4","40.032946","-75.052079","1143","6","0","0","0","0","0","0","0","0","","0","0","0","11","1","1","","1","0","40 01:58.605","","0","75 03:07.484","4","0","0","0","67301","0","0","0","N","0","0","0","2","67301","1","","1.0","","1","N","N","Y","0","","0","0","1","3","3","","1142","2","1","1","0","0","0","0","2","1","2","0","0","0","3","","","N","","","","","","","","","",""
"2022101448","727","1","0","0","0","0","0","0","0","0","4","0","","67","10","2022","2","40.052316","-75.007986","715","6","0","0","0","0","0","0","1","0","","0","0","0","6","3","1","","1","0","40 03:08.339","","0","75 00:28.750","3","0","0","0","67301","0","0","0","N","0","0","0","2","67301","0","","1.0","","1","N","N","N","1","","1","0","0","3","2","","622","2","1","0","0","0","0","0","2","0","2","0","0","0","5","","","N","","","","","","","","","",""
"2022103319","910","0","0","0","0","0","0","0","0","0","4","0","","67","11","2022","6","39.935632","-75.22587","909","6","0","0","0","0","0","1","0","0","","0","0","0","6","3","1","","1","0","39 56:08.274","","0","75 13:33.131","3","0","0","0","67301","0","0","0","N","0","0","0","2","67301","0","","1.0","","99","N","N","N","0","","1","0","2","3","2","","648","2","1","0","0","0","0","0","2","0","2","0","0","0","5","","","N","","","","","","","","","",""
"2022105522","2311","3","0","0","0","0","0","0","0","0","1","0","","67","11","2022","1","40.022","-75.128139","2311","6","0","0","0","0","0","0","0","0","","0","0","0","23","3","0","N","0","0","40 01:19.200","","0","75 07:41.300","0","0","0","0","67301","0","0","0","N","0","0","0","3","67508","0","","6.0","","1","N","N","N","0","","0","0","1","0","0","N","2311","4","0","1","0","0","0","0","2","0","4","0","0","0","3","03","","N","","","","","","","","","",""
"2022112265","1327","0","0","0","0","0","0","0","0","0","7","0","","67","11","2022","6","39.982921","-75.188313","1323","6","0","0","0","0","0","0","0","0","","0","0","0","13","1","1","N","0","0","39 58:58.516","","0","75 11:17.928","3","0","0","0","67301","1","0","0","N","1","0","0","2","67301","0","","4.0","","1","N","N","N","1","","1","0","0","0","0","","1323","2","1","1","0","0","0","0","2","0","1","1","0","0","3","","","N","","","","","","","","","",""
"2022125233","17","2","0","0","0","0","0","0","0","0","2","0","","67","12","2022","6","39.949186","-75.229172","12","6","0","0","0","0","0","0","0","0","","0","0","0","23","3","0","","1","2","39 56:57.069","5","0","75 13:45.019","0","0","0","0","67301","0","0","0","N","0","0","0","3","67301","0","","1.0","45.0","1","N","N","N","0","","0","0","0","2","3","N","2350","2","0","0","0","0","0","0","2","0","2","0","0","0","3","","","N","","","","","","","","","",""
"2022117054","1615","1","0","0","0","0","0","0","0","0","3","0","","67","12","2022","5","40.010611","-75.139889","1559","6","0","0","0","0","0","0","0","0","","0","0","0","14","1","0","N","0","0","40 00:38.200","","0","75 08:23.600","9","0","0","0","67301","0","0","0","N","0","0","0","1","67301","0","","1.0","","1","N","N","Y","0","","0","0","1","3","3","","1434","2","0","0","0","0","0","1","2","0","2","0","0","0","3","03","","N","","","","","","","","","",""
"2022100809","915","1","0","0","0","0","0","0","0","0","7","0","","67","10","2022","1","40.001585","-75.152798","909","6","0","0","0","0","0","0","1","0","","0","0","0","9","1","0","","1","0","40 00:05.705","","0","75 09:10.074","0","0","0","0","67301","0","0","0","N","0","0","0","1","67505","0","","3.0","","1","N","N","N","0","","0","0","0","3","2","","905","1","0","0","0","0","0","0","2","0","1","0","0","0","3","03","","N","","","","","","","","","",""
"2022102957","1825","1","0","0","1","0","0","0","0","0","8","0","","67","11","2022","4","40.056286","-75.019036","1823","6","0","0","0","0","0","0","0","0","","0","0","0","18","3","1","N","0","1","40 03:22.630","2","0","75 01:08.530","3","0","0","0","67301","1","0","0","N","0","0","0","3","67301","0","","1.0","100.0","1","N","N","N","0","","1","0","0","0","0","N","1823","2","1","0","0","0","0","0","2","0","1","1","0","0","3","","","N","","","","","","","","","",""
"2022108082","1250","2","0","0","0","0","0","0","0","0","5","0","","67","10","2022","1","40.019128","-75.108414","42","6","0","0","0","0","0","0","0","0","","0","0","0","0","3","0","N","0","0","40 01:08.860","","0","75 06:30.290","9","0","0","0","67301","0","0","0","N","0","0","0","1","67301","0","","6.0","","1","N","N","N","1","","0","0","1","0","0","","4","4","0","1","0","0","0","1","2","0","4","0","0","0","3","","","N","","","","","","","","","",""
"2022093804","918","0","0","0","0","0","0","0","0","0","7","0","","67","10","2022","6","39.942925","-75.237542","916","6","0","0","0","0","0","1","0","0","","0","0","0","9","1","1","N","0","0","39 56:34.530","","0","75 14:15.150","3","0","0","0","67301","0","0","0","N","0","0","0","1","67301","0","","5.0","","1","N","N","N","0","","1","0","1","0","0","","916","1","1","0","0","0","0","0","2","0","1","0","0","0","3","03","","N","","","","","","","","","",""
"2022114347","1815","1","0","0","0","0","0","0","0","0","1","0","","67","11","2022","5","40.014958","-75.147211","1815","6","0","0","0","0","0","1","0","0","","0","0","0","17","1","0","","1","0","40 00:53.848","","0","75 08:49.959","0","0","0","0","67301","0","0","0","N","0","0","0","2","67301","0","","1.0","","1","N","N","N","0","","0","0","1","3","2","","1700","2","0","0","0","0","0","0","2","0","2","0","0","0","3","03","","N","","","","","","","","","",""
"2022101450","1334","0","0","0","0","0","0","0","0","0","4","0","","67","10","2022","1","39.903658","-75.243417","1334","6","0","0","0","1","0","0","0","0","","0","0","0","13","1","0","","1","1","39 54:13.170","6","0","75 14:36.300","0","0","0","0","67301","0","0","0","N","0","0","0","2","67301","0","","1.0","130.0","1","N","N","N","0","","0","0","1","3","2","N","1334","2","0","1","0","0","0","0","2","1","2","0","0","0","3","03","","N","","","","","","","","","",""
"2022101447","2009","2","0","0","0","0","0","0","0","0","4","0","","67","10","2022","1","40.080855","-75.028774","2008","6","0","0","1","0","0","0","1","0","","0","0","0","20","3","2","","1","0","40 04:51.077","","0","75 01:43.585","3","0","0","0","67301","0","0","0","N","0","0","0","2","67301","0","","1.0","","1","N","N","N","0","","2","0","0","3","2","","2003","2","2","0","0","0","0","0","2","0","2","0","0","0","3","03","","N","","","","","","","","","",""
"2022124994","1652","0","0","0","0","0","0","0","0","0","4","0","","67","12","2022","5","40.071076","-75.037949","1642","6","0","0","0","0","0","1","0","0","","0","0","0","16","4","1","","1","0","40 04:15.873","","0","75 02:16.618","3","0","0","0","67301","0","0","0","N","0","0","0","2","67301","0","","1.0","","1","N","N","N","0","","1","0","1","3","2","","1640","2","1","0","0","0","0","0","2","1","2","0","0","0","3","03","","N","","","","","","","","","",""
"2022111854","2213","2","0","0","0","0","0","0","0","0","1","0","","67","11","2022","4","40.001293","-75.194976","2206","6","0","0","0","0","0","0","0","0","","0","0","0","22","3","0","N","0","0","40 00:04.656","","0","75 11:41.915","0","0","0","0","67301","0","0","0","N","0","0","0","4","68K01","0","","1.0","","1","N","N","N","0","","0","0","0","0","0","","2205","2","0","0","0","0","0","0","2","0","2","0","0","0","3","03","","N","","","","","","","","","",""
"2022113613","416","2","0","0","0","0","0","0","0","0","4","0","","67","11","2022","1","40.02607","-75.040213","406","6","0","0","0","0","0","0","0","0","","0","0","0","4","3","0","","1","0","40 01:33.852","","0","75 02:24.766","9","0","0","0","67301","0","0","0","N","0","0","0","1","67301","0","","1.0","","1","N","N","N","1","","0","0","0","3","3","","403","4","0","0","0","0","0","1","2","1","4","0","0","0","3","","","N","","","","","","","","","",""
"2022122775","1407","2","0","0","0","0","0","0","0","0","5","0","","67","12","2022","5","40.049306","-75.014508","1352","6","0","0","0","0","0","0","0","0","","0","0","0","12","1","0","N","0","0","40 02:57.500","","0","75 00:52.230","0","0","0","0","67301","0","0","0","N","0","0","0","1","67301","0","","6.0","","9","N","N","N","0","","0","0","0","0","0","","1205","2","0","0","0","0","0","0","2","0","2","0","0","0","7","","","N","","","","","","","","","",""
"2022100799","1640","1","0","0","0","0","0","0","0","0","4","0","","67","10","2022","7","39.972863","-75.170309","1632","6","0","0","0","0","0","1","0","0","","0","0","0","14","1","1","","1","0","39 58:22.306","","0","75 10:13.113","3","0","0","0","67301","0","0","0","N","0","0","0","3","67301","0","","1.0","","1","N","N","N","0","","1","0","1","3","2","","1445","2","1","1","0","0","0","0","2","0","2","0","0","0","3","","","N","","","","","","","","","",""
"2022104463","2246","1","0","0","0","0","0","0","0","0","5","0","","67","10","2022","6","39.973936","-75.118616","2239","6","0","0","0","0","0","0","0","0","","0","0","0","22","3","0","N","0","1","39 58:26.169","1","0","75 07:07.018","0","0","0","0","67301","0","0","0","N","0","0","0","2","68K01","0","","1.0","2301.0","1","N","N","N","0","","0","0","1","0","0","N","2233","2","0","0","0","0","0","0","2","0","2","0","0","0","3","","","N","","","","","","","","","",""
"2022103689","1257","1","0","0","0","0","0","0","0","0","4","0","","67","11","2022","7","39.930494","-75.149881","1257","6","0","0","0","0","0","0","0","0","","0","0","0","12","1","1","","5","0","39 55:49.780","","0","75 08:59.570","3","0","0","0","67301","0","0","0","N","0","0","0","2","67301","0","","1.0","","1","N","N","N","0","","1","0","1","3","2","","1245","2","1","0","0","0","0","0","2","0","2","0","0","0","3","","","N","","","","","","","","","",""
"2022102967","1700","1","0","0","0","0","0","0","0","0","8","0","","67","11","2022","4","40.056642","-75.152131","1656","6","0","0","0","0","0","1","0","0","","0","0","0","16","1","2","N","0","0","40 03:23.910","","0","75 09:07.670","3","0","0","0","67301","1","0","0","N","1","0","0","2","67301","0","","1.0","","1","N","N","N","0","","2","0","0","0","0","","1653","2","2","0","0","0","0","0","2","0","1","1","0","0","3","03","","N","","","","","","","","","",""
"2022101454","1430","1","0","0","0","0","0","0","0","0","1","0","","67","10","2022","6","39.993778","-75.154694","1415","6","0","0","0","0","0","0","0","0","","0","0","0","14","1","1","N","0","0","39 59:37.600","","0","75 09:16.900","3","0","0","0","67301","0","0","0","N","0","0","0","2","67301","0","","1.0","","1","N","N","N","0","","1","0","1","0","0","","1408","2","1","1","0","0","0","0","2","0","2","0","0","0","3","03","","N","","","","","","","","","",""
"2022092150","1634","1","0","0","0","0","0","0","0","0","0","0","","67","10","2022","4","39.933361","-75.161583","1634","6","0","0","0","0","0","0","0","0","","0","0","0","16","1","1","N","0","2","39 56:00.100","3","0","75 09:41.700","3","0","0","1","67301","0","0","0","N","0","0","0","1","67301","0","","1.0","1800.0","9","N","N","N","0","","1","0","0","0","0","Y","1633","2","1","0","0","0","0","0","2","0","2","0","0","0","4","98","","N","","","","","","","","","",""
"2022103305","2328","1","0","0","0","0","0","0","0","0","2","0","","67","11","2022","3","39.913734","-75.243613","2326","6","0","0","0","0","0","1","0","0","","0","0","0","21","3","1","N","0","0","39 54:49.443","","0","75 14:37.008","3","0","0","0","67301","0","0","0","N","0","0","0","2","67301","0","","1.0","","1","N","N","N","0","","1","0","1","3","2","","2155","2","1","0","0","0","0","1","2","0","2","0","0","0","3","03","","N","","","","","","","","","",""
"2022095234","743","4","0","0","0","0","0","0","0","0","5","0","","67","10","2022","6","40.046056","-75.125472","739","6","0","0","0","0","0","0","1","0","","0","0","0","7","1","2","N","0","2","40 02:45.800","1","0","75 07:31.700","8","0","0","0","67301","0","0","0","N","0","0","0","2","67301","0","","6.0","1047.0","1","N","N","N","1","","0","0","4","0","0","N","739","9","2","0","0","0","2","0","2","0","9","0","0","0","3","03","","N","","","","","","","","","",""
"2022104955","1759","0","0","0","0","0","0","0","0","0","8","0","","67","11","2022","4","40.029334","-75.036684","1753","6","0","0","0","0","0","0","0","0","","0","0","0","6","5","1","","1","0","40 01:45.604","","0","75 02:12.063","3","0","0","0","67301","1","0","0","N","1","0","0","2","67301","0","","1.0","","1","N","N","N","0","","1","0","1","3","2","","649","2","1","0","0","0","0","1","2","0","1","1","0","0","3","","","N","","","","","","","","","",""
"2022110551","1818","0","0","0","0","0","0","0","0","0","4","0","","67","11","2022","1","40.023634","-75.039993","1813","6","0","0","0","0","0","0","0","0","","0","0","0","15","1","0","","1","0","40 01:25.082","","0","75 02:23.974","0","0","0","0","67301","0","0","0","N","0","0","0","2","67301","0","","1.0","","1","N","N","N","0","","0","0","2","3","3","","1545","2","0","2","0","0","0","0","2","0","2","0","0","0","3","03","","N","","","","","","","","","",""
"2022109356","900","2","0","0","0","0","0","0","0","0","4","0","","67","11","2022","6","39.915915","-75.245342","857","6","0","0","0","0","0","0","0","0","","0","0","0","8","1","1","","2","2","39 54:57.295","2","0","75 14:43.230","8","0","0","0","67301","0","0","0","N","0","0","0","2","67301","0","","1.0","940.0","1","N","N","N","0","","0","0","0","3","3","Y","857","2","1","0","0","0","1","1","2","0","2","0","0","0","3","03","","N","","","","","","","","","",""
"2022122937","355","1","0","0","0","0","0","0","0","0","4","0","","67","12","2022","5","39.942056","-75.211727","353","6","0","0","0","0","0","1","0","0","","0","0","0","3","3","2","","1","0","39 56:31.401","","0","75 12:42.217","3","0","0","0","67301","0","0","0","N","0","0","0","2","67301","0","","1.0","","1","N","N","N","0","","2","0","1","3","2","","351","2","2","0","0","0","0","0","2","0","2","0","0","0","3","03","","N","","","","","","","","","",""
"2022112268","915","2","0","0","0","0","0","0","0","0","4","0","","67","11","2022","5","39.972373","-75.166494","903","6","0","0","0","0","0","0","0","0","","0","0","0","8","1","1","","5","0","39 58:20.544","","0","75 09:59.380","4","0","0","0","67301","0","0","0","N","0","0","0","2","67301","1","","1.0","","1","N","N","N","0","","0","0","0","3","2","","830","2","1","0","0","0","0","1","2","0","2","0","0","0","3","03","","N","","","","","","","","","",""
"2022122219","645","0","0","0","0","0","0","0","0","0","4","0","","67","11","2022","7","39.985761","-75.215703","637","6","0","0","0","0","0","0","0","0","","0","0","0","6","5","3","","1","0","39 59:08.741","","0","75 12:56.531","3","0","0","0","67301","0","0","0","N","0","0","0","4","67301","0","","1.0","","1","N","N","N","0","","2","0","2","2","2","","630","2","3","0","0","0","1","1","2","0","2","0","0","0","3","03","","N","","","","","","","","","",""
"2022117271","2018","1","0","0","0","0","0","0","0","0","4","0","","67","12","2022","7","39.966333","-75.237806","2018","6","0","0","0","0","1","0","0","0","","0","0","0","20","3","1","","1","0","39 57:58.800","","0","75 14:16.100","4","0","0","0","67301","0","0","0","N","0","0","0","4","67301","1","","1.0","","1","N","N","N","1","","0","0","2","3","3","","2013","4","1","0","0","0","0","3","2","0","4","0","0","0","3","03","","N","","","","","","","","","",""
"2022117763","55","1","0","0","0","0","0","0","0","0","4","0","","67","12","2022","2","40.018444","-75.125028","54","6","0","0","0","0","0","0","0","0","","0","0","0","0","3","1","","1","0","40 01:06.400","","0","75 07:30.100","3","0","0","0","67301","0","0","0","N","0","0","0","3","67301","0","","1.0","","1","N","N","N","0","","1","0","1","3","3","","54","2","1","0","0","0","0","1","2","0","2","0","0","0","3","03","","N","","","","","","","","","",""
"2022123930","405","1","0","0","0","0","0","0","0","0","4","0","","67","12","2022","6","39.948689","-75.237495","358","6","0","0","0","0","0","1","0","0","","0","0","0","3","3","1","","1","1","39 56:55.280","2","0","75 14:14.982","8","0","0","0","67301","0","0","0","N","0","0","0","2","67301","0","","1.0","710.0","9","N","N","Y","0","","0","0","1","3","2","N","357","2","1","0","0","0","1","0","2","0","2","0","0","0","7","07","","N","","","","","","","","","",""
"2022124325","2324","2","0","0","0","0","0","0","0","0","4","0","","67","12","2022","2","39.957823","-75.147242","2331","6","0","0","0","0","0","0","0","0","","0","0","0","23","3","2","","1","0","39 57:28.162","","0","75 08:50.070","8","0","0","0","67301","0","0","0","N","0","0","0","3","67301","0","","1.0","","1","N","N","N","0","","0","0","0","3","2","","2300","2","2","1","0","0","2","1","2","0","2","0","0","0","3","","","N","","","","","","","","","",""
"2022103308","2021","1","0","0","0","0","0","0","0","0","7","0","","67","11","2022","5","39.959291","-75.174177","2016","6","0","0","1","0","0","0","0","0","","0","0","0","20","3","0","N","0","0","39 57:33.448","","0","75 10:27.036","0","0","0","0","67301","0","0","0","N","0","0","0","2","68K01","0","","2.0","","1","N","N","N","0","","0","0","0","0","0","","2015","1","0","0","0","0","0","0","2","0","1","0","0","0","3","03","","N","","","","","","","","","",""
"2022108070","440","1","0","0","0","0","0","0","0","0","4","0","","67","11","2022","7","39.956721","-75.223548","435","6","0","0","0","0","0","0","0","0","","0","0","0","4","5","0","","1","0","39 57:24.197","","0","75 13:24.774","0","0","0","0","67301","0","0","0","N","0","0","0","2","67301","0","","1.0","","1","N","N","N","0","","0","0","1","2","2","","435","2","0","2","0","0","0","0","2","0","2","0","0","0","3","03","","N","","","","","","","","","",""
"2022103336","105","0","0","0","0","0","0","0","0","0","7","0","","67","11","2022","7","40.01813","-75.172893","101","6","0","0","0","0","0","0","0","0","","0","0","0","0","3","0","N","0","0","40 01:05.267","","0","75 10:22.416","9","0","0","0","67301","0","0","0","N","0","0","0","1","67301","0","","5.0","","1","N","N","N","0","","0","0","0","0","0","","55","1","0","0","0","0","0","1","2","1","1","0","0","0","3","03","","N","","","","","","","","","",""
"2022102229","1102","1","0","0","0","0","0","0","0","0","4","0","","67","10","2022","2","39.973275","-75.194492","1059","6","0","0","0","0","0","1","0","0","","0","0","0","10","1","0","N","0","0","39 58:23.790","","0","75 11:40.170","0","0","0","0","67301","0","0","0","N","0","0","0","2","67301","0","","1.0","","1","N","N","N","0","","0","0","1","0","0","","1022","2","0","2","0","0","0","0","2","0","2","0","0","0","3","03","","N","","","","","","","","","",""
"2022093079","2354","1","0","0","0","0","0","0","0","0","1","0","","67","10","2022","6","","","2352","6","0","0","0","0","0","0","0","0","","0","0","0","23","3","2","N","0","2","","3","3","","3","0","0","0","67301","0","0","0","N","0","0","0","4","67501","0","","1.0","34.0","1","N","N","N","0","","2","0","0","3","8","N","2352","2","2","0","0","0","0","0","1","1","2","0","0","0","4","04","","N","","","","","","","","","",""
"2022102223","1133","0","0","0","0","0","0","0","0","0","4","0","","67","10","2022","7","40.094956","-75.01544","1126","6","0","0","0","0","0","2","0","0","","0","0","0","11","1","1","","1","1","40 05:41.842","2","0","75 00:55.583","4","0","0","0","67301","0","0","0","N","0","0","0","2","67301","1","","1.0","1145.0","1","N","N","N","0","","0","0","2","3","2","N","1124","2","1","0","0","0","0","0","2","0","2","0","0","0","3","03","","N","","","","","","","","","",""
"2022093137","810","1","0","0","1","0","0","0","0","0","8","0","","67","10","2022","6","39.960929","-75.245024","755","6","0","0","0","0","0","0","0","0","","0","0","0","7","1","1","","1","0","39 57:39.345","","0","75 14:42.087","3","0","0","0","67301","1","0","0","N","0","0","0","3","67301","0","","1.0","","1","N","N","N","0","","1","0","0","3","2","","735","2","1","0","0","0","0","0","2","0","1","1","0","0","3","","","N","","","","","","","","","",""
"2022108084","334","2","0","0","0","0","0","0","0","0","2","0","","67","11","2022","2","39.996892","-75.10322","334","6","0","0","0","0","0","0","0","0","","0","0","0","3","3","0","N","0","0","39 59:48.812","","0","75 06:11.592","0","0","0","0","67301","0","0","0","N","0","0","0","1","67301","0","","6.0","","1","N","N","N","0","","0","0","1","0","0","","334","3","0","0","0","0","0","0","2","0","3","0","0","0","3","03","","N","","","","","","","","","",""
"2022100797","1325","0","0","0","0","0","0","0","0","0","1","0","","67","10","2022","6","39.976381","-75.272008","1318","6","0","0","0","0","0","0","1","0","","0","0","0","13","1","1","N","0","0","39 58:34.970","","0","75 16:19.230","3","0","0","0","67301","0","0","0","N","0","0","0","1","67301","0","","6.0","","1","N","N","Y","1","","1","0","1","0","0","","1309","2","1","0","0","0","0","0","2","0","2","0","0","0","3","","","N","","","","","","","","","",""
"2022097388","1713","1","0","0","0","0","0","0","0","0","1","0","","67","10","2022","6","40.055505","-74.984616","1713","6","0","0","0","0","0","0","0","0","","0","0","0","17","1","1","N","0","2","40 03:19.817","2","3","74 59:04.617","3","0","0","0","67301","0","0","0","N","0","0","0","4","68K01","0","","1.0","1804.0","1","N","N","N","0","","1","0","3","0","0","N","1702","4","1","0","0","0","0","0","2","0","4","0","0","0","3","","","N","","","","","","","","","",""
"2022121266","1255","2","0","0","0","0","0","0","0","0","1","0","","67","12","2022","7","40.012722","-75.058556","1244","6","0","0","1","0","0","0","0","0","","0","0","0","12","1","0","N","0","2","40 00:45.800","1","0","75 03:30.800","0","0","0","0","67301","0","0","0","N","0","0","0","6","68K01","0","","1.0","1330.0","1","N","N","N","0","","0","0","4","0","0","N","1242","6","0","0","0","0","0","0","2","0","6","0","0","0","3","03","","N","","","","","","","","","",""
"2022109362","730","1","0","0","0","0","0","0","0","0","4","0","","67","11","2022","4","40.028363","-75.027034","728","6","0","0","0","0","0","0","0","0","","0","0","0","7","1","1","N","0","0","40 01:42.107","","7","75 01:37.322","4","0","0","0","67301","0","0","0","N","0","0","0","3","67301","1","","1.0","","1","N","N","N","0","","0","0","0","0","0","","724","2","1","0","0","0","0","0","2","1","2","0","0","0","3","03","","N","","","","","","","","","",""
"2022105136","1335","1","0","0","0","0","0","0","0","0","1","0","","67","11","2022","2","40.030822","-75.146424","1334","6","0","0","0","0","0","1","0","0","","0","0","0","11","1","2","","3","0","40 01:50.959","","0","75 08:47.127","3","0","0","0","67301","0","0","0","N","0","0","0","6","67301","0","","1.0","","1","N","N","Y","0","","2","0","2","3","2","","1155","4","2","0","0","0","0","0","2","0","4","0","0","0","3","03","","N","","","","","","","","","",""
"2022101602","1854","0","0","0","0","0","0","0","0","0","7","0","","67","10","2022","7","40.024699","-75.196469","1854","6","0","0","0","0","0","0","0","0","","0","0","0","18","1","2","N","0","0","40 01:28.918","","3","75 11:47.290","3","0","0","0","67301","0","0","0","N","0","0","0","2","67301","0","","4.0","","1","N","N","N","0","","2","0","1","0","0","","1854","1","2","0","0","0","0","0","2","0","1","0","0","0","3","03","","N","","","","","","","","","",""
"2022122788","1932","1","0","0","0","0","0","0","0","0","6","0","","67","11","2022","2","39.988375","-75.153544","1932","6","0","0","0","0","0","0","0","0","","0","0","0","19","3","1","N","0","2","39 59:18.150","1","0","75 09:12.760","3","0","0","0","67301","0","0","0","N","0","0","0","1","67301","0","","6.0","2130.0","1","N","N","N","0","","1","0","1","0","0","Y","1932","2","1","1","0","0","0","0","2","0","2","0","0","0","3","03","","N","","","","","","","","","",""