"CRN","ARRIVAL_TM","AUTOMOBILE_COUNT","BELTED_DEATH_COUNT","BELTED_SUSP_SERIOUS_INJ_COUNT","BICYCLE_COUNT","BICYCLE_DEATH_COUNT","BICYCLE_SUSP_SERIOUS_INJ_COUNT","BUS_COUNT","CHLDPAS_DEATH_COUNT","CHLDPAS_SUSP_SERIOUS_INJ_COUNT","COLLISION_TYPE","COMM_VEH_COUNT","CONS_ZONE_SPD_LIM","COUNTY","CRASH_MONTH","CRASH_YEAR","DAY_OF_WEEK","DEC_LATITUDE","DEC_LONGITUDE","DISPATCH_TM","DISTRICT","DRIVER_COUNT_16YR","DRIVER_COUNT_17YR","DRIVER_COUNT_18YR","DRIVER_COUNT_19YR","DRIVER_COUNT_20YR","DRIVER_COUNT_50_64YR","DRIVER_COUNT_65_74YR","DRIVER_COUNT_75PLUS","EST_HRS_CLOSED","FATAL_COUNT","HEAVY_TRUCK_COUNT","HORSE_BUGGY_COUNT","HOUR_OF_DAY","ILLUMINATION","INJURY_COUNT","INTERSECTION_RELATED","INTERSECT_TYPE","LANE_CLOSED","LATITUDE","LN_CLOSE_DIR","LOCATION_TYPE","LONGITUDE","MAX_SEVERITY_LEVEL","MCYCLE_DEATH_COUNT","MCYCLE_SUSP_SERIOUS_INJ_COUNT","MOTORCYCLE_COUNT","MUNICIPALITY","NONMOTR_COUNT","NONMOTR_DEATH_COUNT","NONMOTR_SUSP_SERIOUS_INJ_COUNT","NTFY_HIWY_MAINT","PED_COUNT","PED_DEATH_COUNT","PED_SUSP_SERIOUS_INJ_COUNT","PERSON_COUNT","POLICE_AGCY","POSSIBLE_INJ_COUNT","RDWY_SURF_TYPE_CD","RELATION_TO_ROAD","ROADWAY_CLEARED","ROAD_CONDITION","SCH_BUS_IND","SCH_ZONE_IND","SECONDARY_CRASH","SMALL_TRUCK_COUNT","SPEC_JURIS_CD","SUSP_MINOR_INJ_COUNT","SUSP_SERIOUS_INJ_COUNT","SUV_COUNT","TCD_FUNC_CD","TCD_TYPE","TFC_DETOUR_IND","TIME_OF_DAY","TOTAL_UNITS","TOT_INJ_COUNT","UNBELTED_OCC_COUNT","UNB_DEATH_COUNT","UNB_SUSP_SERIOUS_INJ_COUNT","UNK_INJ_DEG_COUNT","UNK_INJ_PER_COUNT","URBAN_RURAL","VAN_COUNT","VEHICLE_COUNT","VULNERABLE_ROAD_USER_COUNT","VULNERABLE_ROAD_USER_DEATH_COUNT","VULNERABLE_ROAD_USER_SER_INJ_COUNT","WEATHER1","WEATHER2","WORKERS_PRES","WORK_ZONE_IND","WORK_ZONE_LOC","WORK_ZONE_TYPE","WZ_CLOSE_DETOUR","WZ_FLAGGER","WZ_LAW_OFFCR_IND","WZ_LN_CLOSURE","WZ_MOVING","WZ_OTHER","WZ_SHLDER_MDN","WZ_WORKERS_INJ_KILLED"
"2022125231","1400","1","0","0","1","0","0","0","0","0","8","0","","67","12","2022","3","39.953772","-75.228207","1400","6","0","0","0","0","0","0","0","0","","0","0","0","14","1","1","","1","0","39 57:13.579","","0","75 13:41.545","4","0","0","0","67301","1","0","0","N","0","0","0","2","67301","1","","1.0","","1","N","N","N","0","","0","0","0","3","2","","1400","2","1","0","0","0","0","0","2","0","1","1","0","0","3","03","","N","","","","","","","","","",""
"2022105123","1247","1","0","0","0","0","0","0","0","0","8","0","","67","11","2022","3","40.052053","-75.001737","1238","6","0","0","0","0","0","1","0","0","","0","0","0","12","1","1","","2","1","40 03:07.389","3","0","75 00:06.254","3","0","0","0","67301","1","0","0","N","1","0","0","2","67301","0","","1.0","1317.0","1","N","N","N","0","","1","0","0","0","0","N","1234","2","1","0","0","0","0","0","2","0","1","1","0","0","3","03","","N","","","","","","","","","",""
"2022092509","1000","2","0","0","0","0","0","0","0","0","4","0","","67","10","2022","5","40.045545","-75.095155","957","6","0","0","0","0","0","0","1","0","","0","0","0","9","1","0","","1","0","40 02:43.961","","0","75 05:42.557","9","0","0","0","67301","0","0","0","N","0","0","0","2","67301","0","","1.0","","1","N","N","N","0","","0","0","0","3","3","","900","2","0","0","0","0","0","1","2","0","2","0","0","0","3","04","","N","","","","","","","","","",""
"2022101451","854","2","0","0","0","0","0","0","0","0","1","0","","67","10","2022","1","40.029322","-75.059272","844","6","0","0","0","0","0","0","0","0","","0","0","0","6","5","0","N","0","0","40 01:45.559","","0","75 03:33.380","9","0","0","0","67301","0","0","0","N","0","0","0","1","67301","0","","6.0","","1","N","N","N","0","","0","0","1","0","0","","605","3","0","0","0","0","0","1","2","0","3","0","0","0","3","03","","N","","","","","","","","","",""
"2022123678","138","1","0","0","0","0","0","0","0","0","5","0","","67","12","2022","7","40.016556","-75.1399","133","6","0","0","0","0","0","0","0","0","","0","0","0","1","3","2","N","0","0","40 00:59.600","","0","75 08:23.640","3","0","0","0","67301","0","0","0","N","0","0","0","2","67301","0","","6.0","","1","N","N","N","0","","2","0","2","0","0","","132","4","2","2","0","0","0","0","2","1","4","0","0","0","3","03","","N","","","","","","","","","",""
"2022113750","1905","2","0","0","0","0","0","0","0","0","4","0","","67","12","2022","5","40.122271","-75.01317","1900","6","0","0","0","0","0","0","0","0","","0","0","0","17","3","1","","2","0","40 07:20.175","","0","75 00:47.411","3","0","0","0","67301","0","0","0","N","0","0","0","3","67301","0","","1.0","","1","N","N","N","0","","1","0","0","3","3","","1715","2","1","0","0","0","0","0","2","0","2","0","0","0","3","","","N","","","","","","","","","",""
"2022106167","135","2","0","0","0","0","0","0","0","0","4","0","","67","11","2022","6","39.975979","-75.159467","133","6","0","0","0","0","0","1","0","0","","0","0","0","1","3","1","","1","0","39 58:33.526","","0","75 09:34.081","3","0","0","0","67301","0","0","0","N","0","0","0","2","67301","0","","1.0","","1","N","N","N","0","","1","0","0","3","3","","126","2","1","2","0","0","0","0","2","0","2","0","0","0","3","04","","N","","","","","","","","","",""
"2022093412","1740","0","0","0","0","0","0","0","0","0","4","0","","67","10","2022","6","39.975162","-75.188163","1730","6","0","0","0","0","0","0","1","0","","0","0","0","17","1","0","","1","0","39 58:30.584","","0","75 11:17.385","0","0","0","0","67301","0","0","0","N","0","0","0","2","67301","0","","1.0","","1","N","N","N","0","","0","0","2","3","2","","1710","2","0","0","0","0","0","0","2","0","2","0","0","0","3","03","","N","","","","","","","","","",""
"2022103065","1905","1","0","0","0","0","0","0","0","0","8","0","","67","11","2022","3","40.011611","-75.169028","2116","6","0","0","0","0","0","0","0","0","","0","0","0","19","3","1","N","0","0","40 00:41.800","","7","75 10:08.500","3","0","0","0","67301","1","0","0","N","1","0","0","2","67301","0","","1.0","","1","N","N","N","0","","1","0","0","0","0","","1901","2","1","0","0","0","0","1","2","0","1","1","0","0","3","03","","N","","","","","","","","","",""
"2022093651","1700","1","0","0","0","0","0","0","0","0","4","0","","67","10","2022","6","40.058818","-75.044171","1649","6","0","0","0","0","0","1","0","0","","0","0","0","16","1","1","","1","0","40 03:31.744","","0","75 02:39.016","8","0","0","0","67301","0","0","0","N","0","0","0","2","67301","0","","1.0","","1","N","N","N","0","","0","0","1","3","2","","1634","2","1","0","0","0","1","0","2","0","2","0","0","0","3","03","","N","","","","","","","","","",""
"2022117714","219","2","0","0","0","0","0","0","0","0","4","0","","67","12","2022","7","40.000048","-75.080024","207","6","0","0","0","0","0","0","0","0","","0","0","0","2","2","4","N","0","2","40 00:00.174","2","0","75 04:48.087","8","0","0","0","67301","2","0","0","N","2","0","0","4","68K01","0","","1.0","330.0","1","N","N","Y","0","","0","0","0","0","0","Y","207","4","4","0","0","0","4","0","2","0","2","2","0","0","3","","","N","","","","","","","","","",""
"2022104736","1636","0","0","0","1","0","0","0","0","0","8","0","","67","11","2022","4","39.980694","-75.150361","1630","6","0","0","0","0","0","1","0","0","","0","0","0","16","1","1","N","0","0","39 58:50.500","","0","75 09:01.300","3","0","0","0","67301","1","0","0","N","0","0","0","2","67505","0","","1.0","","1","N","N","N","0","","1","0","1","0","0","","1625","2","1","0","0","0","0","0","2","0","1","1","0","0","3","03","","N","","","","","","","","","",""
"2022112246","403","1","0","0","0","0","0","0","0","0","5","0","","67","11","2022","1","40.073983","-75.1679","400","6","0","0","0","0","0","0","0","0","","0","0","0","3","3","0","N","0","0","40 04:26.340","","0","75 10:04.440","0","0","0","0","67301","0","0","0","N","0","0","0","2","67301","0","","1.0","","1","N","N","N","0","","0","0","2","0","0","","350","3","0","1","0","0","0","0","2","0","3","0","0","0","3","03","","N","","","","","","","","","",""
"2022112275","132","1","0","0","0","0","0","0","0","0","7","0","","67","11","2022","4","40.026628","-75.117825","131","6","0","0","0","0","0","0","0","0","","0","0","0","1","3","0","N","0","1","40 01:35.860","2","0","75 07:04.170","0","0","0","0","67301","0","0","0","N","0","0","0","1","67301","0","","4.0","200.0","1","N","N","N","0","","0","0","0","0","0","N","130","1","0","0","0","0","0","0","2","0","1","0","0","0","3","03","","N","","","","","","","","","",""
"2022120889","1002","1","0","0","0","0","0","0","0","0","8","0","","67","12","2022","1","40.039785","-75.07122","944","6","0","0","0","0","1","0","0","0","","0","0","0","9","1","1","","1","1","40 02:23.226","2","0","75 04:16.392","3","0","0","0","67301","1","0","0","N","1","0","0","2","67301","0","","1.0","1015.0","1","N","N","N","0","","1","0","0","9","3","N","944","2","1","0","0","0","0","0","2","0","1","1","0","0","3","","","N","","","","","","","","","",""
"2022101114","1658","1","0","0","0","0","0","0","0","0","1","0","","67","10","2022","7","40.007363","-75.128766","1658","6","0","0","0","0","0","0","0","0","","0","0","0","16","1","1","Y","0","0","40 00:26.508","","0","75 07:43.559","4","0","0","0","67301","0","0","0","N","0","0","0","4","67301","1","","1.0","","1","N","N","Y","0","","0","0","1","3","2","","1658","3","1","3","0","0","0","0","2","1","3","0","0","0","3","03","","N","","","","","","","","","",""
"2022093661","52","0","0","0","0","0","0","0","0","0","8","0","","67","10","2022","7","40.057525","-75.149283","52","6","0","0","0","0","0","0","0","0","","0","0","0","21","3","1","","1","0","40 03:27.089","","0","75 08:57.418","2","0","0","0","67301","1","0","1","N","1","0","1","2","67301","0","","1.0","","1","N","N","N","0","","0","1","1","3","2","","2135","2","1","0","0","0","0","1","2","0","1","1","0","1","3","03","","N","","","","","","","","","",""
"2022122791","1758","0","0","0","0","0","0","0","0","0","4","0","","67","12","2022","3","39.979409","-75.163492","1756","6","0","0","0","0","0","1","0","0","","0","0","0","17","3","1","","1","0","39 58:45.872","","0","75 09:48.572","3","0","0","0","67301","0","0","0","N","0","0","0","3","67301","0","","1.0","","1","N","N","N","0","","1","0","2","3","3","","1755","2","1","2","0","0","0","0","2","0","2","0","0","0","3","","","N","","","","","","","","","",""
"2022120901","1732","2","0","0","0","0","0","0","0","0","8","0","","67","11","2022","3","39.965591","-75.231913","1730","6","0","0","0","0","0","1","0","0","","0","0","0","17","3","1","","5","0","39 57:56.127","","0","75 13:54.886","4","0","0","0","67301","1","0","0","N","0","0","0","3","67301","1","","1.0","","1","N","N","N","0","","0","0","0","3","2","","1710","3","1","0","0","0","0","0","2","0","2","1","0","0","3","03","","N","","","","","","","","","",""
"2022124486","700","1","0","0","0","0","0","0","0","0","4","0","","67","12","2022","4","40.056416","-75.012801","650","6","0","0","0","0","0","0","0","0","","0","0","0","6","5","0","","1","0","40 03:23.098","","0","75 00:46.082","0","0","0","0","67301","0","0","0","N","0","0","0","2","67301","0","","1.0","","1","N","N","N","0","","0","0","1","3","2","","640","2","0","0","0","0","0","0","2","0","2","0","0","0","3","03","","N","","","","","","","","","",""
"2022100798","1511","2","0","0","0","0","0","0","0","0","4","0","","67","10","2022","6","39.991734","-75.179731","1511","6","0","0","0","0","0","0","0","1","","0","0","0","15","1","0","","2","0","39 59:30.241","","7","75 10:47.032","9","0","0","0","67301","0","0","0","N","0","0","0","3","67301","0","","1.0","","1","N","N","Y","0","","0","0","1","0","0","","1507","3","0","2","0","0","0","2","2","0","3","0","0","0","3","","","N","","","","","","","","","",""
"2022103061","748","1","0","0","0","0","0","0","0","0","1","0","","67","11","2022","3","40.038318","-75.036714","733","6","0","0","0","0","0","1","0","0","","0","0","0","5","3","0","N","0","0","40 02:17.944","","0","75 02:12.171","0","0","0","0","67301","0","0","0","N","0","0","0","1","67301","0","","6.0","","9","N","N","N","0","","0","0","1","0","0","","516","2","0","0","0","0","0","0","2","0","2","0","0","0","7","","","N","","","","","","","","","",""
"2022125230","1317","0","0","0","0","0","0","0","0","0","8","0","","67","12","2022","7","39.94775","-75.245758","1313","6","0","0","0","0","0","0","0","0","","0","0","0","13","1","1","N","0","0","39 56:51.900","","0","75 14:44.730","3","0","0","0","67301","1","0","0","N","1","0","0","1","67301","0","","1.0","","1","N","N","N","0","","1","0","0","0","0","","1312","2","1","0","0","0","0","0","2","0","1","1","0","0","3","03","","N","","","","","","","","","",""
"2022109032","515","2","0","0","0","0","0","0","0","0","4","0","","67","11","2022","6","40.033096","-75.181234","510","6","0","0","0","0","0","0","0","0","","0","0","0","5","3","2","","1","2","40 01:59.144","7","0","75 10:52.444","8","0","0","0","67301","0","0","0","N","0","0","0","2","67301","0","","1.0","815.0","1","N","N","N","0","","0","0","0","9","2","Y","500","2","2","0","0","0","2","0","2","0","2","0","0","0","3","","","N","","","","","","","","","",""
"2022112904","1234","1","0","0","0","0","0","0","0","0","4","0","","67","11","2022","1","39.935324","-75.196235","1230","6","0","0","0","0","0","0","0","0","","0","0","0","12","1","1","","1","0","39 56:07.166","","0","75 11:46.447","8","0","0","0","67301","0","0","0","N","0","0","0","2","67301","0","","1.0","","9","N","N","N","0","","0","0","1","3","3","","1230","2","1","0","0","0","1","0","2","0","2","0","0","0","7","04","","N","","","","","","","","","",""
"2022113744","1929","1","0","0","0","0","0","0","0","0","4","0","","67","11","2022","2","39.916829","-75.171324","1915","6","0","0","0","0","0","1","0","0","","0","0","0","19","3","1","","1","0","39 55:00.583","","0","75 10:16.768","3","0","0","0","67301","0","0","0","N","0","0","0","2","67301","0","","1.0","","1","N","N","N","0","","1","0","1","3","2","","1915","2","1","0","0","0","0","0","2","0","2","0","0","0","3","03","","N","","","","","","","","","",""
"2022104956","1823","1","0","0","0","0","0","0","0","0","5","0","","67","11","2022","4","40.038656","-75.048736","1821","6","0","0","0","0","0","0","0","0","","0","0","0","18","3","1","N","0","0","40 02:19.160","","0","75 02:55.450","3","0","0","0","67301","0","0","0","N","0","0","0","2","67301","0","","6.0","","1","N","N","N","0","","1","0","2","0","0","","1820","3","1","0","0","0","0","0","2","0","3","0","0","0","3","","","N","","","","","","","","","",""
"2022125100","1402","1","0","0","0","0","0","0","0","0","4","0","","67","10","2022","4","39.975019","-75.23395","1400","6","0","0","0","0","0","1","0","0","","0","0","0","14","1","2","","2","0","39 58:30.068","","0","75 14:02.219","8","0","0","0","67301","0","0","0","N","0","0","0","2","67301","0","","1.0","","1","N","N","N","0","","0","0","1","3","3","","1400","2","2","0","0","0","2","0","2","0","2","0","0","0","4","04","","N","","","","","","","","","",""
"2022110550","957","1","0","0","0","0","0","0","0","0","4","0","","67","11","2022","1","40.038669","-75.044265","930","6","0","0","1","0","0","0","0","0","","0","0","0","9","1","0","","3","0","40 02:19.208","","0","75 02:39.353","9","0","0","0","67301","0","0","0","N","0","0","0","2","67301","0","","1.0","","1","N","N","N","0","","0","0","1","3","3","","922","3","0","2","0","0","0","1","2","1","3","0","0","0","3","03","","N","","","","","","","","","",""
"2022112193","137","2","0","0","0","0","0","0","0","0","4","0","","67","11","2022","1","39.925541","-75.169482","137","6","0","0","0","0","0","0","0","0","","0","0","0","1","3","0","","5","0","39 55:31.947","","0","75 10:10.134","0","0","0","0","67301","0","0","0","N","0","0","0","2","67301","0","","1.0","","1","N","N","N","0","","0","0","1","3","2","","137","3","0","0","0","0","0","0","2","0","3","0","0","0","3","03","","N","","","","","","","","","",""
"2022115640","1408","1","0","0","0","0","0","0","0","0","2","0","","67","11","2022","2","39.991882","-75.109318","1407","6","0","0","0","0","0","0","0","1","","0","0","0","14","1","3","N","0","0","39 59:30.776","","0","75 06:33.543","3","0","0","0","67301","0","0","0","N","0","0","0","5","67301","0","","1.0","","1","N","N","N","0","","3","0","0","0","0","","1403","2","3","0","0","0","0","0","2","1","2","0","0","0","3","03","","N","","","","","","","","","",""
"2022118317","556","1","0","0","0","0","0","0","0","0","8","0","","67","11","2022","6","39.996795","-75.153987","556","6","0","0","0","0","0","1","0","0","","0","0","0","5","3","1","","1","0","39 59:48.463","","0","75 09:14.352","2","0","0","0","67301","1","0","1","N","1","0","1","2","67508","0","","1.0","","1","N","N","Y","0","","0","1","0","3","2","","556","2","1","0","0","0","0","0","2","0","1","1","0","1","3","03","","N","","","","","","","","","",""
"2022100791","823","0","0","0","0","0","0","0","0","0","4","0","","67","10","2022","7","40.014229","-75.065897","822","6","0","0","0","0","0","1","0","0","","0","0","0","8","1","2","","1","0","40 00:51.225","","0","75 03:57.229","3","0","0","0","67301","0","0","0","N","0","0","0","3","67301","0","","1.0","","1","N","N","N","0","","2","0","1","0","0","","801","2","2","0","0","0","0","0","2","1","2","0","0","0","3","","","N","","","","","","","","","",""
"2022110555","1240","1","0","0","0","0","0","0","0","0","5","0","","67","11","2022","2","39.973867","-75.1551","1228","6","0","0","0","0","0","0","0","0","","0","0","0","9","1","0","N","0","0","39 58:25.920","","0","75 09:18.360","9","0","0","0","67301","0","0","0","N","0","0","0","2","67301","0","","1.0","","1","N","N","N","0","","0","0","0","0","0","","954","2","0","0","0","0","0","1","2","0","2","0","0","0","3","03","","N","","","","","","","","","",""
"2022114081","1330","0","0","0","0","0","0","0","0","0","2","0","","67","11","2022","3","39.992694","-75.103111","1330","6","0","0","0","0","0","0","0","0","","0","0","0","11","1","0","N","0","0","39 59:33.700","","0","75 06:11.200","9","0","0","0","67301","0","0","0","N","0","0","0","2","67301","0","","1.0","","1","N","N","N","0","","0","0","2","0","0","","1130","2","0","0","0","0","0","1","2","0","2","0","0","0","3","","","N","","","","","","","","","",""
"2022116679","2333","4","0","0","0","0","0","0","0","0","4","0","","67","12","2022","3","40.020944","-75.164","2329","6","0","0","0","0","0","0","0","0","","0","0","0","23","3","2","","1","0","40 01:15.400","","0","75 09:50.400","8","0","0","0","67301","0","0","0","N","0","0","0","3","67301","0","","1.0","","9","N","N","N","0","","0","0","0","3","3","","2306","4","2","0","0","0","2","1","2","0","4","0","0","0","7","","","N","","","","","","","","","",""
"2022122929","1940","4","0","0","0","0","0","0","0","0","4","0","","67","12","2022","4","39.958958","-75.235392","1940","6","0","0","0","0","0","0","0","0","","0","0","0","19","3","2","","1","1","39 57:32.250","7","0","75 14:07.410","3","0","0","0","67301","0","0","0","N","0","0","0","2","67301","0","","1.0","2025.0","1","N","N","N","0","","2","0","0","3","3","Y","1940","5","2","1","0","0","0","0","2","1","5","0","0","0","3","","","N","","","","","","","","","",""
"2022124542","1639","1","0","0","0","0","0","0","0","0","1","0","","67","12","2022","4","39.905528","-75.131611","1639","6","0","0","0","0","0","1","0","0","","0","0","0","16","1","0","Y","0","1","39 54:19.900","3","3","75 07:53.800","0","0","0","0","67301","0","0","0","N","0","0","0","3","67501","0","","1.0","1703.0","1","N","N","Y","1","","0","0","1","0","0","N","1639","3","0","0","0","0","0","0","2","0","3","0","0","0","3","03","","N","","","","","","","","","",""
"2022112113","1446","1","0","0","0","0","0","0","0","0","1","0","","67","11","2022","7","39.968049","-75.130686","1445","6","0","0","0","0","0","1","0","0","","0","0","0","14","1","1","N","0","0","39 58:04.975","","0","75 07:50.470","3","0","0","0","67301","0","0","0","N","0","0","0","8","68K01","0","","1.0","","1","N","N","N","0","","1","0","1","0","0","","1429","3","1","0","0","0","0","0","2","1","3","0","0","0","3","03","","N","","","","","","","","","",""
"2022092508","2052","1","0","0","0","0","0","0","0","0","1","0","","67","10","2022","4","40.060197","-75.056642","2050","6","0","0","0","0","0","1","0","0","","0","0","0","20","3","1","N","0","0","40 03:36.710","","0","75 03:23.910","3","0","0","0","67301","0","0","0","N","0","0","0","1","67301","0","","6.0","","9","N","N","N","0","","1","0","2","0","0","","2029","3","1","0","0","0","0","0","2","0","3","0","0","0","4","07","","N","","","","","","","","","",""
"2022104515","1909","1","0","0","0","0","0","0","0","0","1","0","","67","11","2022","5","39.978999","-75.203527","1849","6","0","0","0","0","0","0","0","0","","0","0","0","18","3","0","N","0","0","39 58:44.396","","0","75 12:12.697","0","0","0","0","67301","0","0","0","N","0","0","0","2","68K01","0","","1.0","","1","N","N","N","0","","0","0","1","0","0","","1848","2","0","0","0","0","0","0","2","0","2","0","0","0","3","03","","N","","","","","","","","","",""
"2022122783","1450","1","0","0","0","0","0","0","0","0","8","0","","67","11","2022","3","39.978289","-75.246133","1446","6","0","0","0","0","0","0","0","0","","0","0","0","14","1","1","","1","0","39 58:41.839","","0","75 14:46.078","3","0","0","0","67301","1","0","0","N","1","0","0","2","67301","0","","1.0","","1","N","N","N","0","","1","0","0","3","2","","1445","2","1","1","0","0","0","0","2","0","1","1","0","0","3","03","","N","","","","","","","","","",""
"2022125111","515","1","0","0","0","0","0","0","0","0","4","0","","67","12","2022","6","40.05405","-75.143133","511","6","0","0","0","0","0","0","0","0","","0","0","0","3","3","0","N","0","0","40 03:14.580","","0","75 08:35.280","0","0","0","0","67301","0","0","0","N","0","0","0","0","67301","0","","1.0","","1","N","N","N","0","","0","0","1","0","0","","337","2","0","0","0","0","0","0","2","0","2","0","0","0","3","03","","N","","","","","","","","","",""
"2022116675","200","1","0","0","0","0","0","0","0","0","7","0","","67","12","2022","5","40.029556","-75.188167","200","6","0","0","0","0","0","0","0","0","","0","0","0","0","3","0","N","0","1","40 01:46.400","3","99","75 11:17.400","0","0","0","0","67301","0","0","0","N","0","0","0","1","67301","0","","4.0","100.0","1","N","N","N","0","","0","0","0","0","0","N","50","1","0","0","0","0","0","0","2","0","1","0","0","0","3","03","","N","","","","","","","","","",""
"2022114294","811","1","0","0","0","0","0","0","0","0","1","0","","67","11","2022","6","39.950911","-75.199229","810","6","0","0","0","0","0","0","0","0","","0","0","0","8","1","0","Y","0","0","39 57:03.279","","0","75 11:57.224","0","0","0","0","67301","0","0","0","N","0","0","0","3","67504","0","","1.0","","1","N","N","N","0","","0","0","0","3","2","","809","3","0","0","0","0","0","0","2","0","3","0","0","0","3","","","N","","","","","","","","","",""
"2022121945","2309","0","0","0","0","0","0","0","0","0","1","0","","67","11","2022","6","39.956141","-75.218858","2308","6","0","0","0","0","0","0","0","0","","0","0","0","22","3","0","N","0","1","39 57:22.109","4","0","75 13:07.889","9","0","0","0","67301","0","0","0","N","0","0","0","1","67301","0","","1.0","20.0","1","N","N","N","0","","0","0","2","0","0","N","2249","2","0","0","0","0","0","1","2","0","2","0","0","0","3","03","","N","","","","","","","","","",""
"2022113505","230","1","0","0","0","0","0","0","0","0","5","0","","67","11","2022","7","39.948314","-75.185979","217","6","0","0","0","0","0","0","0","0","","0","0","0","2","3","0","N","0","0","39 56:53.932","","3","75 11:09.525","0","0","0","0","67301","0","0","0","N","0","0","0","3","68K01","0","","1.0","","1","N","N","N","0","","0","0","1","0","0","","214","2","0","0","0","0","0","0","2","0","2","0","0","0","3","","","N","","","","","","","","","",""
"2022120117","2015","1","0","0","0","0","0","0","0","0","4","0","","67","12","2022","3","39.911158","-75.188558","2010","6","0","0","0","0","0","1","0","0","","0","0","0","20","3","0","N","0","0","39 54:40.170","","0","75 11:18.810","0","0","0","0","67301","0","0","0","N","0","0","0","2","67301","0","","1.0","","1","N","N","N","1","","0","0","0","0","0","","2000","2","0","0","0","0","0","0","2","0","2","0","0","0","3","","","N","","","","","","","","","",""
"2022106162","125","1","0","0","0","0","0","0","0","0","1","0","","67","10","2022","6","39.950599","-75.226826","125","6","0","0","0","0","0","1","0","0","","0","0","0","17","1","1","N","0","0","39 57:02.156","","0","75 13:36.575","8","0","0","0","67301","0","0","0","N","0","0","0","2","67301","0","","1.0","","1","N","N","N","0","","0","0","1","0","0","","1700","2","1","0","0","0","1","1","2","0","2","0","0","0","3","03","","N","","","","","","","","","",""
"2022102231","1145","0","0","0","0","0","0","0","0","0","8","0","","67","11","2022","3","39.974566","-75.183467","1140","6","0","0","0","0","0","0","0","0","","0","0","0","11","1","1","","1","0","39 58:28.437","","0","75 11:00.481","3","0","0","0","67301","1","0","0","N","1","0","0","2","67301","0","","1.0","","1","N","N","N","0","","1","0","0","3","2","","1133","2","1","0","0","0","0","0","2","1","1","1","0","0","3","03","","N","","","","","","","","","",""
"2022119037","1750","2","0","0","0","0","0","0","0","0","4","0","","67","12","2022","2","40.035278","-75.145528","1745","6","0","0","0","0","0","0","0","0","","0","0","0","17","3","2","","1","1","40 02:07.000","2","0","75 08:43.900","3","0","0","0","67301","0","0","0","N","0","0","0","4","67301","0","","1.0","1800.0","1","N","N","N","0","","2","0","0","3","2","N","1725","2","2","0","0","0","0","0","2","0","2","0","0","0","3","03","","N","","","","","","","","","",""
"2022093805","2020","1","0","0","0","0","0","0","0","0","8","0","","67","10","2022","6","39.945302","-75.229585","2010","6","0","0","0","0","0","0","0","0","","0","0","0","19","3","1","","1","0","39 56:43.086","","0","75 13:46.506","8","0","0","0","67301","1","0","0","N","1","0","0","2","67301","0","","1.0","","1","N","N","N","0","","0","0","0","3","2","","1930","2","1","1","0","0","1","1","2","0","1","1","0","0","3","03","","N","","","","","","","","","",""
"2022103220","1610","1","0","0","0","0","0","0","0","0","8","0","","67","11","2022","4","40.009806","-75.108444","1604","6","0","0","0","0","0","0","1","0","","0","0","0","15","1","1","N","0","0","40 00:35.300","","0","75 06:30.400","3","0","0","0","67301","1","0","0","N","1","0","0","2","67301","0","","1.0","","1","N","N","N","0","","1","0","0","0","0","","1546","2","1","0","0","0","0","0","2","0","1","1","0","0","3","03","","N","","","","","","","","","",""
"2022103692","2045","2","0","0","0","0","0","0","0","0","4","0","","67","11","2022","6","39.964259","-75.146447","2045","6","0","0","0","0","0","1","0","0","","0","0","0","20","3","1","","1","0","39 57:51.332","","0","75 08:47.209","4","0","0","0","67301","0","0","0","N","0","0","0","3","67301","1","","1.0","","1","N","N","N","0","","0","0","0","3","3","","2000","2","1","0","0","0","0","0","2","0","2","0","0","0","99","","","N","","","","","","","","","",""
"2022100135","9","2","0","0","1","0","0","0","0","0","8","0","","67","10","2022","6","39.976056","-75.16","7","6","0","0","0","0","0","0","0","0","","0","0","0","0","3","1","N","0","0","39 58:33.800","","0","75 09:36.000","8","0","0","0","67301","1","0","0","N","0","0","0","2","67505","0","","1.0","","1","N","N","N","0","","0","0","0","0","0","","7","3","1","1","0","0","1","0","2","0","2","1","0","0","3","03","","N","","","","","","","","","",""
"2022119027","1734","0","0","0","0","0","0","0","0","0","1","0","","67","10","2022","6","39.985167","-75.146111","1734","6","0","0","0","0","0","0","0","0","","0","0","0","13","1","0","N","0","0","39 59:06.600","","0","75 08:46.000","0","0","0","0","67301","0","0","0","N","0","0","0","1","67301","0","","6.0","","1","N","N","N","0","","0","0","1","0","0","","1300","2","0","0","0","0","0","0","2","0","2","0","0","0","3","","","N","","","","","","","","","",""
"2022112235","1305","1","0","0","0","0","0","0","0","0","4","0","","67","11","2022","5","39.918211","-75.208835","1300","6","0","0","0","0","0","0","0","0","","0","0","0","14","1","1","","2","0","39 55:05.558","","0","75 12:31.805","4","0","0","0","67301","0","0","0","N","0","0","0","2","67301","1","","1.0","","99","N","N","N","1","","0","0","0","3","2","","1430","2","1","0","0","0","0","1","2","0","2","0","0","0","3","","","N","","","","","","","","","",""
"2022112196","1929","1","0","0","0","0","0","0","0","0","1","0","","67","11","2022","5","40.0416","-75.101836","1929","6","0","0","0","0","0","0","0","0","","0","0","0","19","3","0","N","0","0","40 02:29.760","","0","75 06:06.610","0","0","0","0","67301","0","0","0","N","0","0","0","1","67301","0","","1.0","","1","N","N","N","0","","0","0","2","0","0","","1929","3","0","1","0","0","0","0","2","0","3","0","0","0","3","03","","N","","","","","","","","","",""