"CRN","ARRIVAL_TM","AUTOMOBILE_COUNT","BELTED_DEATH_COUNT","BELTED_SUSP_SERIOUS_INJ_COUNT","BICYCLE_COUNT","BICYCLE_DEATH_COUNT","BICYCLE_SUSP_SERIOUS_INJ_COUNT","BUS_COUNT","CHLDPAS_DEATH_COUNT","CHLDPAS_SUSP_SERIOUS_INJ_COUNT","COLLISION_TYPE","COMM_VEH_COUNT","CONS_ZONE_SPD_LIM","COUNTY","CRASH_MONTH","CRASH_YEAR","DAY_OF_WEEK","DEC_LATITUDE","DEC_LONGITUDE","DISPATCH_TM","DISTRICT","DRIVER_COUNT_16YR","DRIVER_COUNT_17YR","DRIVER_COUNT_18YR","DRIVER_COUNT_19YR","DRIVER_COUNT_20YR","DRIVER_COUNT_50_64YR","DRIVER_COUNT_65_74YR","DRIVER_COUNT_75PLUS","EST_HRS_CLOSED","FATAL_COUNT","HEAVY_TRUCK_COUNT","HORSE_BUGGY_COUNT","HOUR_OF_DAY","ILLUMINATION","INJURY_COUNT","INTERSECTION_RELATED","INTERSECT_TYPE","LANE_CLOSED","LATITUDE","LN_CLOSE_DIR","LOCATION_TYPE","LONGITUDE","MAX_SEVERITY_LEVEL","MCYCLE_DEATH_COUNT","MCYCLE_SUSP_SERIOUS_INJ_COUNT","MOTORCYCLE_COUNT","MUNICIPALITY","NONMOTR_COUNT","NONMOTR_DEATH_COUNT","NONMOTR_SUSP_SERIOUS_INJ_COUNT","NTFY_HIWY_MAINT","PED_COUNT","PED_DEATH_COUNT","PED_SUSP_SERIOUS_INJ_COUNT","PERSON_COUNT","POLICE_AGCY","POSSIBLE_INJ_COUNT","RDWY_SURF_TYPE_CD","RELATION_TO_ROAD","ROADWAY_CLEARED","ROAD_CONDITION","SCH_BUS_IND","SCH_ZONE_IND","SECONDARY_CRASH","SMALL_TRUCK_COUNT","SPEC_JURIS_CD","SUSP_MINOR_INJ_COUNT","SUSP_SERIOUS_INJ_COUNT","SUV_COUNT","TCD_FUNC_CD","TCD_TYPE","TFC_DETOUR_IND","TIME_OF_DAY","TOTAL_UNITS","TOT_INJ_COUNT","UNBELTED_OCC_COUNT","UNB_DEATH_COUNT","UNB_SUSP_SERIOUS_INJ_COUNT","UNK_INJ_DEG_COUNT","UNK_INJ_PER_COUNT","URBAN_RURAL","VAN_COUNT","VEHICLE_COUNT","VULNERABLE_ROAD_USER_COUNT","VULNERABLE_ROAD_USER_DEATH_COUNT","VULNERABLE_ROAD_USER_SER_INJ_COUNT","WEATHER1","WEATHER2","WORKERS_PRES","WORK_ZONE_IND","WORK_ZONE_LOC","WORK_ZONE_TYPE","WZ_CLOSE_DETOUR","WZ_FLAGGER","WZ_LAW_OFFCR_IND","WZ_LN_CLOSURE","WZ_MOVING","WZ_OTHER","WZ_SHLDER_MDN","WZ_WORKERS_INJ_KILLED"
"2022121087","1820","2","0","0","0","0","0","0","0","0","5","0","","67","12","2022","1","39.958258","-75.229789","1817","6","0","0","0","0","0","0","0","0","","0","0","0","18","3","0","N","0","2","39 57:29.730","4","0","75 13:47.240","0","0","0","0","67301","0","0","0","N","0","0","0","1","67301","0","","1.0","1957.0","1","N","N","N","0","","0","0","1","0","0","Y","1813","3","0","0","0","0","0","0","2","0","3","0","0","0","3","03","","N","","","","","","","","","",""
"2022119296","2309","0","0","0","0","0","0","0","0","0","4","0","","67","12","2022","7","39.9645","-75.134222","2306","6","0","0","0","0","0","0","0","0","","0","0","0","23","3","2","","3","0","39 57:52.200","","7","75 08:03.200","3","0","0","0","67301","0","0","0","N","0","0","0","3","67301","0","","1.0","","1","N","N","N","0","","2","0","2","3","2","","2302","2","2","0","0","0","0","0","2","0","2","0","0","0","3","03","","N","","","","","","","","","",""
"2022112251","1217","1","0","0","0","0","0","0","0","0","4","0","","67","11","2022","4","40.027021","-75.075593","1217","6","0","0","0","0","0","0","0","0","","0","0","0","12","1","0","","1","1","40 01:37.274","6","0","75 04:32.136","0","0","0","0","67301","0","0","0","N","0","0","0","2","67301","0","","1.0","100.0","1","N","N","N","0","","0","0","1","3","2","Y","1217","2","0","0","0","0","0","0","2","0","2","0","0","0","3","03","","N","","","","","","","","","",""
"2022124518","915","1","0","0","0","0","0","0","0","0","5","0","","67","12","2022","4","40.014801","-75.206048","859","6","0","0","1","0","0","1","0","0","","0","0","0","8","1","1","N","0","0","40 00:53.285","","3","75 12:21.773","3","0","0","0","67301","0","0","0","N","0","0","0","3","67301","0","","1.0","","1","N","N","N","0","","1","0","0","0","0","","848","2","1","0","0","0","0","0","2","1","2","0","0","0","3","03","","N","","","","","","","","","",""
"2022093796","1615","1","0","0","0","0","0","0","0","0","7","0","","67","10","2022","7","39.94115","-75.14535","1610","6","0","0","0","0","0","0","0","0","","0","0","0","12","1","0","N","0","0","39 56:28.140","","0","75 08:43.260","9","0","0","0","67301","0","0","0","N","0","0","0","1","67301","0","","6.0","","1","N","N","N","0","","0","0","1","0","0","","1230","2","0","0","0","0","0","1","2","0","2","0","0","0","3","03","","N","","","","","","","","","",""
"2022105139","2029","1","0","0","0","0","0","0","0","0","7","0","","67","11","2022","3","40.004559","-75.181949","2024","6","0","0","0","0","0","0","0","0","","0","0","0","20","3","0","","2","2","40 00:16.414","6","0","75 10:55.018","0","0","0","0","67301","0","0","0","N","0","0","0","1","67301","0","","4.0","2121.0","1","N","N","N","0","","0","0","0","0","0","Y","2020","1","0","1","0","0","0","0","2","0","1","0","0","0","3","03","","N","","","","","","","","","",""
"2022102011","1449","2","0","0","0","0","0","0","0","0","4","0","","67","10","2022","2","40.041474","-75.013266","1449","6","0","0","1","0","0","0","0","0","","0","0","0","14","1","0","","1","0","40 02:29.306","","0","75 00:47.756","0","0","0","0","67301","0","0","0","N","0","0","0","2","67301","0","","1.0","","1","N","N","N","0","","0","0","0","3","2","","1448","2","0","0","0","0","0","0","2","0","2","0","0","0","3","","","N","","","","","","","","","",""
"2022109357","2332","1","0","0","0","0","0","0","0","0","5","0","","67","11","2022","6","39.940369","-75.236609","2331","6","0","0","0","0","0","0","0","0","","0","0","0","23","3","0","","1","0","39 56:25.327","","0","75 14:11.791","0","0","0","0","67301","0","0","0","N","0","0","0","2","67301","0","","1.0","","1","N","N","N","0","","0","0","1","3","2","","2330","2","0","2","0","0","0","0","2","0","2","0","0","0","3","03","","N","","","","","","","","","",""
"2022112237","130","2","0","0","0","0","0","0","0","0","1","0","","67","11","2022","7","39.936693","-75.224362","130","6","0","0","0","0","0","0","0","0","","0","0","0","1","3","0","","1","0","39 56:12.095","","0","75 13:27.703","0","0","0","0","67301","0","0","0","N","0","0","0","2","67301","0","","1.0","","1","N","Y","N","0","","0","0","1","3","2","","130","3","0","0","0","0","0","0","2","0","3","0","0","0","3","","","N","","","","","","","","","",""
"2022122789","1039","0","0","0","0","0","0","0","0","0","8","0","","67","11","2022","3","39.983173","-75.16866","1039","6","0","0","0","0","0","0","0","0","","0","0","0","8","1","1","","1","0","39 58:59.422","","0","75 10:07.175","3","0","0","0","67301","1","0","0","N","1","0","0","2","67301","0","","4.0","","1","N","N","N","0","","1","0","1","3","3","","830","2","1","1","0","0","0","0","2","0","1","1","0","0","3","03","","N","","","","","","","","","",""
"2022119297","1813","1","0","0","0","0","0","0","0","0","4","0","","67","12","2022","4","39.984017","-75.1265","1811","6","0","0","0","0","0","0","0","0","","0","0","0","18","3","0","N","0","0","39 59:02.460","","0","75 07:35.400","9","0","0","0","67301","0","0","0","N","0","0","0","1","67301","0","","6.0","","1","N","N","N","0","","0","0","2","0","0","","1800","3","0","0","0","0","0","1","2","0","3","0","0","0","3","","","N","","","","","","","","","",""
"2022113180","1840","0","0","0","0","0","0","0","0","0","8","0","","67","11","2022","2","39.913597","-75.16685","1825","6","0","0","0","0","0","0","0","0","","0","0","0","0","3","1","","2","0","39 54:48.949","","0","75 10:00.659","3","0","0","0","67301","1","0","0","N","1","0","0","2","67301","0","","1.0","","99","N","N","N","0","","1","0","0","3","3","","0","2","1","0","0","0","0","1","2","0","1","1","0","0","99","98","","N","","","","","","","","","",""
"2022112253","1947","0","0","0","0","0","0","0","0","0","7","0","","67","11","2022","4","40.010402","-75.079275","1947","6","1","0","0","0","0","0","0","0","","0","0","0","19","3","1","","1","0","40 00:37.446","","0","75 04:45.390","8","0","0","0","67301","0","0","0","N","0","0","0","1","67301","0","","5.0","","1","N","N","N","0","","0","0","1","3","2","","1943","1","1","1","0","0","1","0","2","0","1","0","0","0","3","","","N","","","","","","","","","",""
"2022124057","1845","0","0","0","0","0","0","0","0","0","4","0","","67","12","2022","7","39.905521","-75.174137","1836","6","0","0","0","0","0","0","0","0","","0","0","0","11","1","2","","1","0","39 54:19.877","","0","75 10:26.893","3","0","0","0","67301","0","0","0","N","0","0","0","4","67301","0","","1.0","","1","N","N","N","0","","2","0","1","2","2","","1130","2","2","2","0","0","0","0","2","1","2","0","0","0","3","","","N","","","","","","","","","",""
"2022093415","1859","0","0","0","0","0","0","0","0","0","4","0","","67","10","2022","7","39.946054","-75.216496","1859","6","0","0","0","0","0","0","0","0","","0","0","0","18","3","2","","1","0","39 56:45.794","","0","75 12:59.385","4","0","0","0","67301","0","0","0","N","0","0","0","4","67301","1","","1.0","","1","N","N","N","0","","0","0","2","3","3","","1853","2","2","1","0","0","1","2","2","0","2","0","0","0","3","","","N","","","","","","","","","",""
"2022104621","111","0","0","0","0","0","0","0","0","0","7","0","","67","11","2022","3","40.012611","-75.168876","111","6","0","0","0","0","0","0","0","0","","0","0","0","0","3","0","N","0","0","40 00:45.401","","0","75 10:07.955","9","0","0","0","67301","0","0","0","N","0","0","0","1","67301","0","","4.0","","1","N","N","N","0","","0","0","1","0","0","","46","1","0","0","0","0","0","1","2","0","1","0","0","0","3","","","N","","","","","","","","","",""
"2022124333","2146","1","0","0","0","0","0","0","0","0","8","0","","67","12","2022","4","39.981444","-75.167","2146","6","0","0","0","0","0","0","0","0","","0","0","0","21","3","1","","1","0","39 58:53.200","","0","75 10:01.200","3","0","0","0","67301","1","0","0","N","1","0","0","2","67301","0","","1.0","","1","N","N","N","0","","1","0","0","3","3","","2130","2","1","0","0","0","0","1","2","0","1","1","0","0","3","03","","N","","","","","","","","","",""
"2022112269","1213","0","0","0","0","0","0","0","0","0","4","0","","67","11","2022","5","39.977286","-75.169405","1208","6","0","0","0","0","0","1","0","0","","0","0","0","12","1","4","","1","0","39 58:38.230","","0","75 10:09.859","4","0","0","0","67301","0","0","0","N","0","0","0","5","67301","4","","1.0","","1","N","N","N","0","","0","0","2","3","2","","1205","2","4","0","0","0","0","0","2","0","2","0","0","0","3","03","","N","","","","","","","","","",""
"2022105358","715","1","0","0","0","0","0","0","0","0","1","0","","67","11","2022","3","39.904748","-75.196191","710","6","0","0","0","1","0","0","0","0","","0","0","0","7","3","2","N","0","1","39 54:17.094","4","0","75 11:46.289","3","0","0","0","67301","0","0","0","N","0","0","0","2","67301","0","","1.0","725.0","1","N","N","N","0","","2","0","1","0","0","N","700","2","2","0","0","0","0","0","2","0","2","0","0","0","3","03","","N","","","","","","","","","",""
"2022093652","2250","1","0","0","0","0","0","0","0","0","7","0","","67","10","2022","7","40.060163","-75.191048","2250","6","0","0","0","0","0","1","0","0","","0","0","0","20","3","0","","2","0","40 03:36.586","","0","75 11:27.771","9","0","0","0","67301","0","0","0","N","0","0","0","2","67301","0","","4.0","","1","N","N","N","0","","0","0","0","3","2","","2015","2","0","0","0","0","0","1","2","0","1","0","0","0","3","03","","N","","","","","","","","","",""
"2022124402","626","4","0","0","0","0","0","0","0","0","1","0","","67","11","2022","3","39.945003","-75.190869","617","6","0","0","0","0","0","0","0","0","","0","0","0","6","3","0","N","0","0","39 56:42.010","","3","75 11:27.129","0","0","0","0","67301","0","0","0","N","0","0","0","6","68K01","0","","1.0","","1","N","N","N","0","","0","0","2","0","0","","615","6","0","0","0","0","0","0","2","0","6","0","0","0","3","03","","N","","","","","","","","","",""
"2022116805","915","1","0","0","0","0","0","0","0","0","1","0","","67","11","2022","6","40.013578","-75.126042","915","6","0","0","0","0","0","1","0","0","","0","0","0","7","1","1","Y","0","0","40 00:48.880","","0","75 07:33.750","8","0","0","0","67301","0","0","0","N","0","0","0","2","67301","0","","1.0","","1","N","N","N","0","","0","0","0","3","2","","730","2","1","1","0","0","1","0","2","1","2","0","0","0","3","03","","N","","","","","","","","","",""
"2022113186","1730","0","0","0","0","0","0","0","0","0","4","0","","67","11","2022","5","40.008415","-75.096481","1720","6","0","0","0","0","0","0","0","0","","0","0","0","17","3","3","","1","0","40 00:30.293","","0","75 05:47.331","3","0","0","0","67301","0","0","0","N","0","0","0","4","67301","0","","1.0","","1","N","N","N","2","","3","0","1","3","3","","1700","3","3","0","0","0","0","0","2","0","3","0","0","0","3","","","N","","","","","","","","","",""
"2022117412","216","1","0","0","0","0","0","0","0","0","4","0","","67","12","2022","7","39.923861","-75.224972","215","6","0","0","0","0","0","0","0","0","","0","0","0","2","3","1","","1","0","39 55:25.900","","0","75 13:29.900","3","0","0","0","67301","0","0","0","N","0","0","0","2","67301","0","","1.0","","1","N","N","N","1","","1","0","0","3","1","","214","3","1","0","0","0","0","1","2","1","3","0","0","0","3","03","","N","","","","","","","","","",""
"2022112236","1642","1","0","0","0","0","0","0","0","0","5","0","","67","11","2022","6","39.904519","-75.240436","1632","6","0","0","0","0","0","1","1","0","","0","0","0","14","1","0","Y","0","1","39 54:16.267","2","0","75 14:25.570","0","0","0","0","67301","0","0","0","N","0","0","0","2","67301","0","","1.0","1727.0","1","N","N","N","0","","0","0","1","3","2","N","1409","2","0","0","0","0","0","0","2","0","2","0","0","0","3","03","","N","","","","","","","","","",""
"2022113609","201","1","0","0","0","0","0","0","0","0","4","0","","67","11","2022","7","40.007809","-75.073022","201","6","0","0","0","0","0","0","0","0","","0","0","0","1","3","4","N","0","0","40 00:28.112","","7","75 04:22.879","4","0","0","0","67301","0","0","0","N","0","0","0","4","67301","4","","1.0","","1","N","N","N","0","","0","0","1","0","0","","155","2","4","0","0","0","0","0","2","0","2","0","0","0","3","03","","N","","","","","","","","","",""
"2022102952","800","1","0","0","0","0","0","0","0","0","8","0","","67","11","2022","5","39.935878","-75.156608","718","6","0","0","0","0","0","0","0","0","","0","0","0","7","5","1","N","0","0","39 56:09.160","","0","75 09:23.790","3","0","0","0","67301","1","0","0","N","1","0","0","2","67301","0","","1.0","","1","N","N","N","0","","1","0","0","0","0","","700","2","1","0","0","0","0","0","2","0","1","1","0","0","5","","","N","","","","","","","","","",""
"2022101317","1924","0","0","1","0","0","0","0","0","0","7","0","45","67","10","2022","5","40.003164","-75.077689","1913","6","0","0","0","0","0","0","0","0","","0","0","0","18","3","1","N","0","0","40 00:11.392","","3","75 04:39.679","2","0","0","0","67301","0","0","0","N","0","0","0","3","68K01","0","","2.0","","1","N","N","N","0","","0","1","1","0","0","","1854","1","1","0","0","0","0","0","2","0","1","0","0","0","3","03","N","Y","8","1","","","N","","","","Y","N"
"2022124070","1922","1","0","0","0","0","0","0","0","0","4","0","","67","12","2022","1","39.987861","-75.155889","1920","6","0","0","0","0","0","0","1","0","","0","0","0","19","3","1","","1","0","39 59:16.300","","0","75 09:21.200","8","0","0","0","67301","0","0","0","N","0","0","0","2","67301","0","","1.0","","1","N","N","N","0","","0","0","0","3","2","","1908","2","1","0","0","0","1","1","2","1","2","0","0","0","3","03","","N","","","","","","","","","",""
"2022112233","410","1","0","0","0","0","0","0","0","0","4","0","","67","11","2022","6","39.926643","-75.235595","410","6","0","0","0","0","0","0","0","0","","0","0","0","4","3","0","","1","2","39 55:35.914","3","0","75 14:08.141","0","0","0","0","67301","0","0","0","N","0","0","0","3","67301","0","","1.0","100.0","1","N","N","N","1","","0","0","0","3","2","N","410","3","0","0","0","0","0","0","2","1","3","0","0","0","3","03","","N","","","","","","","","","",""
"2022125226","1345","1","0","0","0","0","0","0","0","0","4","0","","67","12","2022","6","40.015296","-75.092277","1332","6","0","2","0","0","0","0","0","0","","0","0","0","13","1","2","","5","0","40 00:55.065","","0","75 05:32.197","3","0","0","0","67301","0","0","0","N","0","0","0","2","67301","0","","1.0","","1","N","N","N","0","","2","0","2","3","3","","1330","3","2","2","0","0","0","0","2","0","3","0","0","0","3","03","","N","","","","","","","","","",""
"2022113334","1050","3","0","0","0","0","0","0","0","0","4","0","","67","11","2022","2","39.940369","-75.236609","1046","6","0","0","0","0","0","1","1","1","","0","0","0","10","1","2","","1","0","39 56:25.327","","0","75 14:11.791","8","0","0","0","67301","0","0","0","N","0","0","0","7","67301","0","","1.0","","1","N","N","N","0","","0","0","1","3","2","","1028","4","2","0","0","0","2","0","2","0","4","0","0","0","4","","","N","","","","","","","","","",""
"2022122938","1617","1","0","0","0","0","0","0","0","0","7","0","","67","12","2022","5","39.956294","-75.229503","1617","6","1","0","0","0","0","0","0","0","","0","0","0","16","1","0","","1","0","39 57:22.658","","0","75 13:46.210","0","0","0","0","67301","0","0","0","N","0","0","0","1","67301","0","","2.0","","9","N","N","N","0","","0","0","0","3","3","","1617","1","0","1","0","0","0","0","2","0","1","0","0","0","7","07","","N","","","","","","","","","",""
"2022112257","258","1","0","0","0","0","0","0","0","0","4","0","","67","11","2022","7","39.956629","-75.198022","253","6","0","0","0","0","0","0","0","0","","0","0","0","2","3","0","","1","0","39 57:23.865","","0","75 11:52.879","0","0","0","0","67301","0","0","0","N","0","0","0","2","67301","0","","1.0","","1","N","N","N","0","","0","0","1","3","2","","208","2","0","0","0","0","0","0","2","0","2","0","0","0","3","","","N","","","","","","","","","",""
"2022117430","1654","1","0","0","0","0","0","0","0","0","4","0","","67","11","2022","2","40.015267","-75.198349","1646","6","0","0","0","0","0","0","0","0","","0","0","0","12","8","0","","2","0","40 00:54.961","","0","75 11:54.056","9","0","0","0","67301","0","0","0","N","0","0","0","2","67301","0","","1.0","","1","N","N","N","0","","0","0","1","3","3","","1245","2","0","0","0","0","0","1","2","0","2","0","0","0","3","03","","N","","","","","","","","","",""
"2022118748","1607","0","0","0","0","0","0","0","0","0","8","0","","67","12","2022","4","40.07025","-75.031306","1559","6","0","0","0","0","0","1","0","0","","0","0","0","15","1","1","","2","1","40 04:12.900","3","0","75 01:52.700","3","0","0","0","67301","1","0","0","N","1","0","0","2","67301","0","","1.0","20.0","1","N","N","N","0","","1","0","1","3","2","Y","1556","2","1","1","0","0","0","0","2","0","1","1","0","0","3","03","","N","","","","","","","","","",""
"2022124479","1845","0","0","0","0","0","0","0","0","0","1","0","","67","12","2022","4","40.057704","-75.236631","1837","6","0","0","0","0","0","1","0","0","","0","0","0","18","3","0","N","0","2","40 03:27.734","5","0","75 14:11.872","9","0","0","0","67301","0","0","0","N","0","0","0","1","67301","0","","6.0","2010.0","1","N","N","N","0","","0","0","2","0","0","Y","1836","2","0","0","0","0","0","1","2","0","2","0","0","0","3","03","","N","","","","","","","","","",""
"2022119930","214","1","0","0","0","0","0","0","0","0","1","0","","67","12","2022","7","40.042583","-75.024917","211","6","0","0","0","0","0","0","1","0","","0","0","0","2","3","0","N","0","1","40 02:33.300","1","0","75 01:29.700","0","0","0","0","67301","0","0","0","N","0","0","0","2","67301","0","","2.0","20.0","1","N","N","N","0","","0","0","2","0","0","N","202","3","0","0","0","0","0","0","2","0","3","0","0","0","3","03","","N","","","","","","","","","",""
"2022119929","1150","0","0","0","0","0","0","0","0","0","8","0","","67","12","2022","6","40.050861","-74.99925","1132","6","0","0","0","0","0","1","0","0","","0","0","0","18","3","1","N","0","0","40 03:03.100","","0","74 59:57.300","3","0","0","0","67301","1","0","0","N","1","0","0","2","67301","0","","2.0","","1","N","N","N","1","","1","0","0","0","0","","1846","2","1","0","0","0","0","0","2","0","1","1","0","0","3","","","N","","","","","","","","","",""
"2022121936","1044","0","0","0","0","0","0","0","0","0","8","0","","67","12","2022","3","39.944889","-75.159797","1033","6","0","0","0","0","0","0","0","0","","0","0","0","8","1","1","","1","0","39 56:41.600","","0","75 09:35.270","3","0","0","0","67301","1","0","0","N","1","0","0","2","67301","0","","1.0","","1","N","N","N","0","","1","0","1","3","2","","854","2","1","0","0","0","0","0","2","0","1","1","0","0","3","03","","N","","","","","","","","","",""
"2022114242","2011","1","0","0","0","0","0","0","0","0","6","0","","67","11","2022","7","40.013814","-75.192196","1954","6","0","0","0","0","0","0","0","1","","0","0","0","19","3","0","N","0","0","40 00:49.730","","0","75 11:31.907","0","0","0","0","67301","0","0","0","N","0","0","0","2","67301","0","","6.0","","1","N","N","N","0","","0","0","1","0","0","","1954","2","0","0","0","0","0","0","2","0","2","0","0","0","3","03","","N","","","","","","","","","",""
"2022120323","844","1","0","0","0","0","0","0","0","0","4","0","","67","12","2022","7","40.028549","-75.057919","840","6","0","0","0","0","0","0","0","0","","0","0","0","8","1","0","","1","0","40 01:42.775","","0","75 03:28.507","0","0","0","0","67301","0","0","0","N","0","0","0","2","67301","0","","1.0","","1","N","N","N","0","","0","0","1","3","2","","840","2","0","0","0","0","0","0","2","0","2","0","0","0","3","03","","N","","","","","","","","","",""
"2022121081","1420","0","0","0","0","0","0","0","0","0","4","0","","67","12","2022","1","40.094774","-75.015326","1420","6","0","0","0","0","0","0","0","0","","0","0","0","14","1","0","","1","2","40 05:41.185","2","0","75 00:55.174","0","0","0","0","67301","0","0","0","N","0","0","0","2","67301","0","","1.0","1525.0","1","N","N","N","0","","0","0","2","3","2","N","1400","2","0","0","0","0","0","0","2","0","2","0","0","0","4","","","N","","","","","","","","","",""
"2022124471","2145","2","0","0","0","0","0","0","0","0","4","0","","67","12","2022","3","39.924849","-75.172991","2138","6","0","0","0","0","0","0","0","0","","0","0","0","21","3","0","","5","0","39 55:29.456","","0","75 10:22.766","9","0","0","0","67301","0","0","0","N","0","0","0","2","67301","0","","1.0","","1","N","N","N","0","","0","0","0","3","2","","2135","2","0","0","0","0","0","1","2","0","2","0","0","0","3","03","","N","","","","","","","","","",""
"2022114075","1726","2","0","0","0","0","0","0","0","0","1","0","","67","11","2022","6","40.044027","-75.072953","1723","6","0","0","0","1","0","0","0","0","","0","0","0","17","3","1","N","0","1","40 02:38.496","1","0","75 04:22.629","3","0","0","0","67301","1","0","0","N","1","0","0","3","67301","0","","1.0","1740.0","1","N","N","N","0","","1","0","0","0","0","N","1720","3","1","0","0","0","0","0","2","0","2","1","0","0","3","03","","N","","","","","","","","","",""
"2022112663","836","0","0","0","0","0","0","0","0","0","5","0","","67","11","2022","2","39.96741","-75.189113","830","6","0","0","0","0","0","0","0","0","","0","0","0","8","1","1","N","0","0","39 58:02.677","","0","75 11:20.807","3","0","0","0","67301","0","0","0","N","0","0","0","2","68K01","0","","2.0","","1","N","N","N","1","","1","0","0","0","0","","828","2","1","0","0","0","0","0","2","1","2","0","0","0","3","","","N","","","","","","","","","",""
"2022092609","1654","0","0","0","0","0","0","0","0","0","0","0","","67","10","2022","5","40.091503","-74.992806","1654","6","0","0","0","0","0","0","0","0","","0","0","0","16","1","1","N","0","0","40 05:29.410","","0","74 59:34.100","3","0","0","1","67301","0","0","0","N","0","0","0","1","67301","0","","1.0","","1","N","N","N","0","","1","0","0","0","0","","1645","1","1","0","0","0","0","0","2","0","1","0","0","0","3","","","N","","","","","","","","","",""
"2022113337","1148","2","0","0","0","0","0","0","0","0","4","0","","67","11","2022","2","39.975162","-75.188163","1141","6","0","0","0","0","0","0","0","0","","0","0","0","11","1","1","","1","0","39 58:30.584","","0","75 11:17.385","4","0","0","0","67301","0","0","0","N","0","0","0","2","67301","1","","1.0","","1","N","N","N","0","","0","0","0","3","2","","1136","2","1","0","0","0","0","0","2","0","2","0","0","0","3","03","","N","","","","","","","","","",""
"2022121342","635","0","0","0","0","0","0","0","0","0","7","0","","67","12","2022","1","39.928611","-75.238778","629","6","0","0","0","0","0","0","0","0","","0","0","0","6","5","1","","3","0","39 55:43.000","","99","75 14:19.600","4","0","0","0","67301","0","0","0","N","0","0","0","1","67301","1","","5.0","","1","N","N","N","0","","0","0","1","3","2","","629","1","1","0","0","0","0","0","2","0","1","0","0","0","3","03","","N","","","","","","","","","",""
"2022114348","2319","1","0","0","0","0","0","0","0","0","4","0","","67","11","2022","6","40.005007","-75.178588","2319","6","0","0","0","0","0","0","1","0","","0","0","0","22","3","1","","5","0","40 00:18.026","","0","75 10:42.917","8","0","0","0","67301","0","0","0","N","0","0","0","2","67301","0","","1.0","","1","N","N","N","0","","0","0","0","3","2","","2242","2","1","1","0","0","1","1","2","1","2","0","0","0","3","","","N","","","","","","","","","",""
"2022122212","1015","0","0","0","0","0","0","0","0","0","7","0","","67","12","2022","2","39.903136","-75.156014","1006","6","0","0","0","0","0","1","0","0","","0","0","0","9","1","1","N","0","0","39 54:11.290","","0","75 09:21.650","3","0","0","0","67301","0","0","0","N","0","0","0","1","67301","0","","5.0","","1","N","N","N","0","","1","0","1","0","0","","950","1","1","0","0","0","0","0","2","0","1","0","0","0","3","","","N","","","","","","","","","",""
"2022115941","1034","2","0","0","0","0","0","0","0","0","5","0","","67","12","2022","6","39.983769","-75.115267","1033","6","0","0","0","0","0","0","0","1","","0","0","0","10","8","1","N","0","2","39 59:01.569","2","0","75 06:54.962","3","0","0","0","67301","0","0","0","N","0","0","0","2","67301","0","","6.0","1100.0","1","N","N","N","0","","1","0","0","0","0","Y","1005","2","1","0","0","0","0","0","2","0","2","0","0","0","3","03","","N","","","","","","","","","",""
"2022110681","1717","2","0","0","0","0","0","0","0","0","4","0","","67","11","2022","3","40.044727","-75.12573","1712","6","0","0","0","0","0","2","0","0","","0","0","0","16","4","1","","1","0","40 02:41.017","","0","75 07:32.628","3","0","0","0","67301","0","0","0","N","0","0","0","3","67301","0","","1.0","","1","N","N","N","0","","1","0","0","3","3","","1621","2","1","1","0","0","0","0","2","0","2","0","0","0","3","03","","N","","","","","","","","","",""
"2022122774","1545","1","0","0","0","0","0","0","0","0","4","0","","67","12","2022","6","39.958336","-75.152042","1545","6","0","0","0","0","0","1","0","0","","0","0","0","3","3","1","","1","0","39 57:30.009","","0","75 09:07.351","4","0","0","0","67301","0","0","0","N","0","0","0","2","67301","1","","1.0","","9","N","N","N","0","","0","0","1","3","2","","345","2","1","0","0","0","0","0","2","0","2","0","0","0","4","07","","N","","","","","","","","","",""
"2022119023","1630","1","0","0","0","0","0","0","0","0","1","0","","67","12","2022","1","39.986924","-75.161045","1630","6","0","0","0","0","0","0","1","0","","0","0","0","16","1","1","","1","0","39 59:12.926","","0","75 09:39.762","4","0","0","0","67301","0","0","0","N","0","0","0","2","67301","1","","1.0","","9","N","N","N","0","","0","0","1","3","2","","1630","2","1","0","0","0","0","0","2","0","2","0","0","0","7","07","","N","","","","","","","","","",""
"2022106633","2113","0","0","0","0","0","0","0","0","0","4","0","","67","11","2022","2","39.974704","-75.199479","2111","6","0","0","0","0","0","1","0","0","","0","0","0","20","3","1","","1","0","39 58:28.934","","2","75 11:58.125","3","0","0","0","67301","0","0","0","N","0","0","0","2","67301","0","","1.0","","1","N","N","N","1","","1","0","1","3","2","","2040","2","1","1","0","0","0","0","2","0","2","0","0","0","3","","","N","","","","","","","","","",""
"2022100952","120","2","0","0","0","0","0","0","0","0","1","0","","67","10","2022","1","40.131696","-75.012324","102","6","0","0","0","0","0","1","0","0","","0","0","0","0","3","1","","1","0","40 07:54.104","","0","75 00:44.368","3","0","0","0","67301","0","0","0","N","0","0","0","4","67301","0","","1.0","","1","N","N","N","0","","1","0","1","3","2","","55","3","1","1","0","0","0","1","2","0","3","0","0","0","3","","","N","","","","","","","","","",""