"CRN","ARRIVAL_TM","AUTOMOBILE_COUNT","BELTED_DEATH_COUNT","BELTED_SUSP_SERIOUS_INJ_COUNT","BICYCLE_COUNT","BICYCLE_DEATH_COUNT","BICYCLE_SUSP_SERIOUS_INJ_COUNT","BUS_COUNT","CHLDPAS_DEATH_COUNT","CHLDPAS_SUSP_SERIOUS_INJ_COUNT","COLLISION_TYPE","COMM_VEH_COUNT","CONS_ZONE_SPD_LIM","COUNTY","CRASH_MONTH","CRASH_YEAR","DAY_OF_WEEK","DEC_LATITUDE","DEC_LONGITUDE","DISPATCH_TM","DISTRICT","DRIVER_COUNT_16YR","DRIVER_COUNT_17YR","DRIVER_COUNT_18YR","DRIVER_COUNT_19YR","DRIVER_COUNT_20YR","DRIVER_COUNT_50_64YR","DRIVER_COUNT_65_74YR","DRIVER_COUNT_75PLUS","EST_HRS_CLOSED","FATAL_COUNT","HEAVY_TRUCK_COUNT","HORSE_BUGGY_COUNT","HOUR_OF_DAY","ILLUMINATION","INJURY_COUNT","INTERSECTION_RELATED","INTERSECT_TYPE","LANE_CLOSED","LATITUDE","LN_CLOSE_DIR","LOCATION_TYPE","LONGITUDE","MAX_SEVERITY_LEVEL","MCYCLE_DEATH_COUNT","MCYCLE_SUSP_SERIOUS_INJ_COUNT","MOTORCYCLE_COUNT","MUNICIPALITY","NONMOTR_COUNT","NONMOTR_DEATH_COUNT","NONMOTR_SUSP_SERIOUS_INJ_COUNT","NTFY_HIWY_MAINT","PED_COUNT","PED_DEATH_COUNT","PED_SUSP_SERIOUS_INJ_COUNT","PERSON_COUNT","POLICE_AGCY","POSSIBLE_INJ_COUNT","RDWY_SURF_TYPE_CD","RELATION_TO_ROAD","ROADWAY_CLEARED","ROAD_CONDITION","SCH_BUS_IND","SCH_ZONE_IND","SECONDARY_CRASH","SMALL_TRUCK_COUNT","SPEC_JURIS_CD","SUSP_MINOR_INJ_COUNT","SUSP_SERIOUS_INJ_COUNT","SUV_COUNT","TCD_FUNC_CD","TCD_TYPE","TFC_DETOUR_IND","TIME_OF_DAY","TOTAL_UNITS","TOT_INJ_COUNT","UNBELTED_OCC_COUNT","UNB_DEATH_COUNT","UNB_SUSP_SERIOUS_INJ_COUNT","UNK_INJ_DEG_COUNT","UNK_INJ_PER_COUNT","URBAN_RURAL","VAN_COUNT","VEHICLE_COUNT","VULNERABLE_ROAD_USER_COUNT","VULNERABLE_ROAD_USER_DEATH_COUNT","VULNERABLE_ROAD_USER_SER_INJ_COUNT","WEATHER1","WEATHER2","WORKERS_PRES","WORK_ZONE_IND","WORK_ZONE_LOC","WORK_ZONE_TYPE","WZ_CLOSE_DETOUR","WZ_FLAGGER","WZ_LAW_OFFCR_IND","WZ_LN_CLOSURE","WZ_MOVING","WZ_OTHER","WZ_SHLDER_MDN","WZ_WORKERS_INJ_KILLED"
"2022112252","1526","1","0","0","0","0","0","0","0","0","4","0","","67","11","2022","4","40.026089","-75.0702","1515","6","0","0","0","0","0","1","0","0","","0","0","0","15","1","3","N","0","0","40 01:33.920","","0","75 04:12.719","4","0","0","0","67301","0","0","0","N","0","0","0","7","67301","3","","1.0","","1","N","N","N","1","","0","0","0","0","0","","1512","2","3","0","0","0","0","0","2","0","2","0","0","0","3","","","N","","","","","","","","","",""
"2022112756","900","2","0","0","0","0","0","0","0","0","4","0","","67","11","2022","3","40.057355","-75.076836","849","6","0","0","1","0","0","0","0","0","","0","0","0","8","1","1","","1","0","40 03:26.479","","0","75 04:36.608","4","0","0","0","67301","0","0","0","N","0","0","0","3","67301","1","","1.0","","1","N","N","N","0","","0","0","0","3","2","","825","2","1","0","0","0","0","0","2","0","2","0","0","0","3","03","","N","","","","","","","","","",""
"2022125213","2307","1","0","0","0","0","0","0","0","0","7","0","","67","12","2022","5","39.898712","-75.171578","2231","6","0","0","0","0","0","0","0","0","","0","0","0","22","3","1","N","0","0","39 53:55.364","","3","75 10:17.679","8","0","0","0","67301","0","0","0","N","0","0","0","1","68K01","0","","2.0","","1","N","N","N","0","","0","0","0","0","0","","2227","1","1","0","0","0","1","0","2","0","1","0","0","0","3","03","","N","","","","","","","","","",""
"2022115938","820","0","0","0","0","0","0","0","0","0","5","0","","67","11","2022","1","39.989078","-75.117167","814","6","0","0","0","0","0","0","0","0","","0","0","0","3","3","0","N","0","2","39 59:20.680","3","0","75 07:01.800","9","0","0","0","67301","0","0","0","N","0","0","0","2","67301","0","","6.0","930.0","1","N","N","N","0","","0","0","2","0","0","Y","324","2","0","0","0","0","0","2","2","0","2","0","0","0","3","03","","N","","","","","","","","","",""
"2022121086","110","1","0","0","0","0","0","0","0","0","8","0","","67","12","2022","1","39.954508","-75.181241","100","6","0","0","0","0","0","0","0","0","","0","0","0","23","3","1","","2","0","39 57:16.230","","99","75 10:52.469","4","0","0","0","67301","1","0","0","N","1","0","0","2","67301","1","","1.0","","1","N","N","N","0","","0","0","0","9","2","","2344","2","1","0","0","0","0","1","2","0","1","1","0","0","3","03","","N","","","","","","","","","",""
"2022124338","36","2","0","0","0","0","0","0","0","0","4","0","","67","12","2022","4","40.033312","-75.115851","36","6","0","0","0","0","0","0","0","0","","0","0","0","0","3","1","N","0","1","40 01:59.924","1","0","75 06:57.064","3","0","0","0","67301","0","0","0","N","0","0","0","2","67301","0","","1.0","200.0","1","N","N","N","0","","1","0","1","0","0","N","35","4","1","1","0","0","0","0","2","1","4","0","0","0","3","03","","N","","","","","","","","","",""
"2022112214","1636","0","0","0","1","0","0","0","0","0","8","0","","67","11","2022","4","40.103083","-75.029806","1630","6","0","0","0","0","0","0","1","0","","0","0","0","16","1","1","N","0","0","40 06:11.100","","7","75 01:47.300","3","0","0","0","67301","1","0","0","N","0","0","0","3","67301","0","","1.0","","1","N","N","N","0","","1","0","1","0","0","","1624","2","1","2","0","0","0","0","2","0","1","1","0","0","3","03","","N","","","","","","","","","",""
"2022114352","952","1","0","0","0","0","0","0","0","0","1","0","","67","12","2022","6","40.024792","-75.19495","950","6","0","0","0","0","0","0","0","1","","0","0","0","9","1","1","N","0","2","40 01:29.250","1","0","75 11:41.820","3","0","0","0","67301","0","0","0","N","0","0","0","5","67301","0","","1.0","1215.0","2","N","N","N","0","","1","0","2","0","0","Y","940","3","1","1","0","0","0","0","2","0","3","0","0","0","3","","","N","","","","","","","","","",""
"2022124443","828","1","0","0","0","0","0","0","0","0","7","0","","67","12","2022","6","39.967319","-75.133194","823","6","0","0","0","0","0","0","0","0","","0","0","0","8","1","1","N","0","1","39 58:02.350","2","0","75 07:59.500","3","0","0","0","67301","0","0","0","N","0","0","0","1","68K01","0","","4.0","835.0","9","N","N","N","0","","1","0","0","0","0","N","821","1","1","0","0","0","0","0","2","0","1","0","0","0","7","08","","N","","","","","","","","","",""
"2022124783","1635","1","0","0","0","0","0","0","0","0","5","0","","67","12","2022","3","40.039056","-75.008528","1601","6","0","0","0","0","0","0","0","0","","0","0","0","16","3","1","N","0","0","40 02:20.600","","0","75 00:30.700","3","0","0","0","67301","0","0","0","N","0","0","0","5","68K01","0","","1.0","","1","N","N","N","0","","1","0","1","0","0","","1600","3","1","0","0","0","0","1","2","0","3","0","0","0","3","03","","N","","","","","","","","","",""
"2022117722","1818","2","0","0","0","0","0","0","0","0","1","0","","67","12","2022","7","39.968275","-75.129919","1750","6","0","0","0","0","1","0","0","0","","0","0","0","17","3","1","N","0","1","39 58:05.790","2","0","75 07:47.708","3","0","0","0","67301","0","0","0","N","0","0","0","3","68K01","0","","1.0","1824.0","1","N","N","N","0","","1","0","0","0","0","N","1747","3","1","0","0","0","0","1","2","0","3","0","0","0","3","03","","N","","","","","","","","","",""
"2022119282","1848","2","0","0","0","0","0","0","0","0","4","0","","67","11","2022","3","39.964578","-75.236196","1848","6","0","0","0","0","1","0","0","0","","0","0","0","18","3","1","","1","0","39 57:52.480","","0","75 14:10.305","3","0","0","0","67301","0","0","0","N","0","0","0","3","67301","0","","1.0","","1","N","N","N","0","","1","0","0","3","3","","1848","2","1","1","0","0","0","0","2","0","2","0","0","0","3","03","","N","","","","","","","","","",""
"2022109626","1225","1","0","0","0","0","0","0","0","0","5","0","","67","11","2022","7","39.957842","-75.219993","1225","6","0","0","0","0","0","0","0","0","","0","0","0","0","3","0","N","0","0","39 57:28.230","","0","75 13:11.973","0","0","0","0","67301","0","0","0","N","0","0","0","2","67301","0","","1.0","","1","N","N","N","0","","0","0","2","0","0","","25","4","0","1","0","0","0","0","2","0","4","0","0","0","99","03","","N","","","","","","","","","",""
"2022125235","1610","1","0","0","0","0","0","0","0","0","1","0","","67","12","2022","6","40.036436","-75.130511","1600","6","0","0","0","1","0","1","0","0","","0","0","0","13","1","1","","1","0","40 02:11.169","","0","75 07:49.839","3","0","0","0","67301","0","0","0","N","0","0","0","2","67301","0","","1.0","","1","N","N","N","0","","1","0","1","3","2","","1330","2","1","0","0","0","0","1","2","0","2","0","0","0","3","","","N","","","","","","","","","",""
"2022112232","2005","1","0","0","0","0","0","0","0","0","7","0","","67","11","2022","5","39.920342","-75.213625","2002","6","0","0","0","0","0","0","0","0","","0","0","0","20","3","0","N","0","0","39 55:13.230","","0","75 12:49.050","0","0","0","0","67301","0","0","0","N","0","0","0","1","67301","0","","4.0","","1","N","N","N","0","","0","0","1","0","0","","2000","2","0","1","0","0","0","0","2","0","2","0","0","0","3","03","","N","","","","","","","","","",""
"2022124833","2015","1","0","0","0","0","0","0","0","0","4","0","","67","12","2022","4","40.023986","-75.159578","2015","6","0","0","0","0","0","1","0","0","","0","0","0","19","2","1","","1","0","40 01:26.350","","0","75 09:34.481","3","0","0","0","67301","0","0","0","N","0","0","0","2","67301","0","","1.0","","1","N","N","N","0","","1","0","1","3","1","","1930","2","1","0","0","0","0","0","2","0","2","0","0","0","3","03","","N","","","","","","","","","",""
"2022123670","51","1","0","0","0","0","0","0","0","0","5","0","","67","11","2022","7","39.972767","-75.1609","44","6","0","0","0","0","0","0","0","0","","0","0","0","23","3","1","N","0","0","39 58:21.960","","0","75 09:39.240","8","0","0","0","67301","0","0","0","N","0","0","0","2","67301","0","","6.0","","1","N","N","N","0","","0","0","2","0","0","","2332","4","1","0","0","0","1","1","2","0","4","0","0","0","3","03","","N","","","","","","","","","",""
"2022109190","855","0","0","0","0","0","0","0","0","0","5","0","","67","11","2022","6","40.082596","-74.96608","855","6","0","0","0","0","0","1","0","0","","0","0","0","8","1","2","","5","1","40 04:57.344","4","0","74 57:57.887","3","0","0","0","67301","0","0","0","N","0","0","0","2","67301","0","","1.0","100.0","1","N","N","N","1","","2","0","1","3","2","N","850","2","2","0","0","0","0","0","2","0","2","0","0","0","3","03","","N","","","","","","","","","",""
"2022122773","621","0","0","0","0","0","0","0","0","0","7","0","","67","12","2022","6","39.909778","-75.154278","620","6","0","0","0","0","0","0","0","0","","0","0","0","6","5","0","N","0","0","39 54:35.200","","5","75 09:15.400","0","0","0","0","67301","0","0","0","Y","0","0","0","1","67501","0","","4.0","","9","N","N","N","0","","0","0","1","0","0","","620","1","0","0","0","0","0","0","2","0","1","0","0","0","4","","","N","","","","","","","","","",""
"2022122409","1804","1","0","0","0","0","0","0","0","0","7","0","","67","12","2022","4","40.002472","-75.147228","1802","6","0","0","0","0","0","0","0","0","","0","0","0","18","3","1","","5","0","40 00:08.899","","0","75 08:50.020","3","0","0","0","67301","0","0","0","N","0","0","0","1","67301","0","","4.0","","1","N","N","N","0","","1","0","0","3","3","","1800","1","1","1","0","0","0","0","2","0","1","0","0","0","3","03","","N","","","","","","","","","",""
"2022111432","1135","0","0","0","0","0","0","0","0","0","5","0","","67","11","2022","1","40.026544","-75.026269","1126","6","0","0","0","0","1","0","0","0","","0","0","0","11","1","0","N","0","0","40 01:35.557","","0","75 01:34.570","0","0","0","0","67301","0","0","0","N","0","0","0","2","68K01","0","","1.0","","1","N","N","N","0","","0","0","2","0","0","","1124","2","0","0","0","0","0","0","2","0","2","0","0","0","3","03","","N","","","","","","","","","",""
"2022119013","1001","1","0","0","0","0","0","0","0","0","4","0","","67","12","2022","1","40.063119","-75.021999","1000","6","0","0","0","0","0","1","0","0","","0","0","0","17","3","0","","1","0","40 03:47.229","","0","75 01:19.196","0","0","0","0","67301","0","0","0","N","0","0","0","2","67301","0","","1.0","","1","N","N","N","1","","0","0","0","3","2","","1715","2","0","0","0","0","0","0","2","0","2","0","0","0","3","03","","N","","","","","","","","","",""
"2022121340","1035","1","0","0","0","0","0","0","0","0","4","0","","67","12","2022","1","39.9574","-75.157086","1012","6","0","0","0","0","0","0","0","0","","0","0","0","9","1","1","","1","0","39 57:26.640","","0","75 09:25.508","4","0","0","0","67301","0","0","0","N","0","0","0","5","67301","1","","1.0","","1","N","N","N","0","","0","0","1","3","1","","942","2","1","0","0","0","0","0","2","0","2","0","0","0","3","03","","N","","","","","","","","","",""
"2022112222","1806","0","0","0","0","0","0","0","0","0","4","0","","67","11","2022","3","40.05346","-74.982271","1800","6","0","0","0","0","0","1","0","0","","0","0","0","17","3","1","N","0","0","40 03:12.455","","7","74 58:56.174","3","0","0","1","67301","0","0","0","N","0","0","0","2","67301","0","","1.0","","1","N","N","N","0","","1","0","1","0","0","","1759","2","1","0","0","0","0","0","2","0","2","0","0","0","3","03","","N","","","","","","","","","",""
"2022125098","2352","1","0","0","0","0","0","0","0","0","5","0","","67","12","2022","5","40.032411","-75.178231","2352","6","0","0","0","0","0","0","0","0","","0","0","0","22","3","0","N","0","0","40 01:56.680","","0","75 10:41.630","9","0","0","0","67301","0","0","0","N","0","0","0","1","67301","0","","6.0","","1","N","N","N","0","","0","0","1","0","0","","2243","2","0","0","0","0","0","1","2","0","2","0","0","0","3","","","N","","","","","","","","","",""
"2022112894","1744","2","0","0","0","0","0","0","0","0","4","0","","67","11","2022","2","40.054847","-75.168958","1736","6","0","0","0","0","0","1","0","1","","0","0","0","17","3","1","","1","0","40 03:17.448","","0","75 10:08.248","3","0","0","0","67301","0","0","0","N","0","0","0","3","67301","0","","1.0","","1","N","N","N","0","","1","0","1","3","2","","1706","3","1","0","0","0","0","0","2","0","3","0","0","0","3","98","","N","","","","","","","","","",""
"2022113619","845","0","0","0","0","0","0","0","0","0","8","0","","67","12","2022","5","40.036378","-75.149422","841","6","0","0","0","0","0","1","0","0","","0","0","0","8","1","1","N","0","1","40 02:10.960","2","0","75 08:57.920","3","0","0","0","67301","1","0","0","N","1","0","0","2","67301","0","","1.0","15.0","1","N","Y","N","0","","1","0","1","0","0","N","835","2","1","1","0","0","0","0","2","0","1","1","0","0","3","","","N","","","","","","","","","",""
"2022118587","851","0","0","0","1","0","0","0","0","0","8","0","","67","12","2022","3","39.923222","-75.2205","849","6","0","0","0","0","0","0","0","0","","0","0","0","8","1","1","","2","0","39 55:23.600","","0","75 13:13.800","3","0","0","0","67301","1","0","0","N","0","0","0","2","67301","0","","1.0","","1","N","N","N","0","","1","0","0","3","2","","831","2","1","0","0","0","0","1","2","0","1","1","0","0","3","03","","N","","","","","","","","","",""
"2022112197","2112","0","0","0","0","0","0","0","0","0","7","0","","67","11","2022","5","40.036129","-75.098501","2102","6","0","0","0","0","0","0","0","0","","0","0","0","21","3","1","","11","0","40 02:10.064","","0","75 05:54.603","3","0","0","0","67301","0","0","0","N","0","0","0","1","67301","0","","5.0","","1","N","N","N","0","","1","0","1","3","3","","2101","1","1","0","0","0","0","0","2","0","1","0","0","0","3","","","N","","","","","","","","","",""
"2022117899","851","1","0","0","0","0","0","0","0","0","1","0","","67","12","2022","2","40.027056","-75.132583","850","6","0","0","0","0","0","0","0","0","","0","0","0","8","1","0","N","0","0","40 01:37.400","","0","75 07:57.300","0","0","0","0","67301","0","0","0","N","0","0","0","1","67301","0","","1.0","","1","N","N","N","0","","0","0","2","0","0","","849","3","0","0","0","0","0","0","2","0","3","0","0","0","3","03","","N","","","","","","","","","",""
"2022112217","1335","0","0","0","0","0","0","0","0","0","4","0","","67","11","2022","5","40.081494","-75.077873","1329","6","0","0","0","0","0","1","0","0","","0","0","0","13","1","1","","2","0","40 04:53.378","","0","75 04:40.342","4","0","0","0","67301","0","0","0","N","0","0","0","2","67301","1","","1.0","","1","N","N","N","0","","0","0","2","3","3","","1325","2","1","0","0","0","0","0","2","0","2","0","0","0","3","03","","N","","","","","","","","","",""
"2022122649","5","1","0","0","0","0","0","0","0","0","4","0","","67","12","2022","5","40.040665","-75.076183","5","6","0","0","0","0","0","0","0","0","","0","0","0","23","3","0","","1","0","40 02:26.393","","0","75 04:34.260","0","0","0","0","67301","0","0","0","N","0","0","0","2","67301","0","","1.0","","9","N","N","N","0","","0","0","1","3","2","","2357","2","0","0","0","0","0","0","2","0","2","0","0","0","7","","","N","","","","","","","","","",""
"2022121797","1240","1","0","0","0","0","0","0","0","0","4","0","","67","12","2022","3","39.939417","-75.191667","1240","6","0","0","0","1","0","0","0","0","","0","0","0","0","3","2","","2","0","39 56:21.900","","0","75 11:30.000","4","0","0","0","67301","0","0","0","N","0","0","0","3","67301","1","","1.0","","1","N","N","N","0","","0","0","1","3","2","","40","2","2","0","0","0","1","0","2","0","2","0","0","0","3","03","","N","","","","","","","","","",""
"2022122795","1532","1","0","0","0","0","0","0","0","0","4","0","","67","12","2022","5","40.019889","-75.156313","1530","6","0","0","0","0","0","0","0","0","","0","0","0","15","1","2","","2","2","40 01:11.600","7","0","75 09:22.727","3","0","0","0","67301","0","0","0","N","0","0","0","2","67301","0","","1.0","1505.0","9","N","N","N","0","","2","0","1","3","3","Y","1525","2","2","1","0","0","0","0","2","0","2","0","0","0","7","07","","N","","","","","","","","","",""
"2022109623","1710","1","0","0","0","0","0","0","0","0","8","0","","67","11","2022","7","40.036973","-75.175788","1704","6","0","0","0","0","0","1","0","0","","0","0","0","17","3","1","N","0","1","40 02:13.104","1","0","75 10:32.837","3","0","0","0","67301","1","0","0","N","1","0","0","2","67301","0","","1.0","25.0","1","N","N","N","0","","1","0","0","0","0","N","1700","2","1","0","0","0","0","0","2","0","1","1","0","0","3","03","","N","","","","","","","","","",""
"2022122217","908","0","0","0","0","0","0","0","0","0","8","0","","67","12","2022","4","39.916035","-75.236038","908","6","0","0","0","0","0","0","1","0","","0","0","0","9","1","1","","1","0","39 54:57.725","","0","75 14:09.736","4","0","0","0","67301","1","0","0","N","1","0","0","2","67301","1","","1.0","","1","N","Y","N","0","","0","0","1","3","1","","908","2","1","0","0","0","0","0","2","0","1","1","0","0","3","03","","N","","","","","","","","","",""
"2022122546","718","2","0","0","0","0","0","0","0","0","1","0","","67","12","2022","3","39.945","-75.198083","717","6","0","0","0","0","0","1","0","0","","0","0","0","7","1","2","N","0","0","39 56:42.000","","0","75 11:53.100","8","0","0","0","67301","0","0","0","N","0","0","0","3","67504","0","","1.0","","1","N","N","N","0","","0","0","0","0","0","","715","2","2","2","0","0","2","1","2","0","2","0","0","0","3","","","N","","","","","","","","","",""
"2022124499","1541","1","0","0","0","0","0","0","0","0","5","0","","67","12","2022","4","40.021603","-75.094033","1540","6","0","0","0","0","0","1","0","0","","0","0","0","14","1","2","","3","0","40 01:17.770","","0","75 05:38.520","3","0","0","0","67301","0","0","0","N","0","0","0","3","67301","0","","1.0","","1","N","N","N","0","","2","0","1","3","1","","1400","2","2","0","0","0","0","0","2","0","2","0","0","0","3","03","","N","","","","","","","","","",""
"2022110086","2140","2","0","0","0","0","0","0","0","0","1","0","","67","11","2022","7","39.995422","-75.162208","2130","6","0","0","0","0","0","0","0","0","","0","0","0","21","3","0","N","0","0","39 59:43.520","","0","75 09:43.950","0","0","0","0","67301","0","0","0","N","0","0","0","1","67301","0","","6.0","","1","N","N","N","0","","0","0","0","0","0","","2130","2","0","1","0","0","0","0","2","0","2","0","0","0","3","03","","N","","","","","","","","","",""
"2022123937","2144","1","0","0","0","0","0","0","0","0","7","0","","67","12","2022","1","40.010654","-75.184491","2142","6","0","0","0","0","0","0","0","0","","0","0","0","21","3","2","N","0","0","40 00:38.353","","0","75 11:04.169","3","0","0","0","67301","0","0","0","N","0","0","0","2","67301","0","","3.0","","2","N","N","N","0","","2","0","0","0","0","","2140","1","2","0","0","0","0","0","2","0","1","0","0","0","3","","","N","","","","","","","","","",""
"2022113596","1746","2","0","0","0","0","0","0","0","0","4","0","","67","11","2022","4","40.057761","-75.014974","1741","6","0","0","0","0","0","1","0","0","","0","0","0","17","3","1","N","0","0","40 03:27.941","","0","75 00:53.906","8","0","0","0","67301","0","0","0","N","0","0","0","2","67301","0","","1.0","","9","N","N","N","0","","0","0","0","0","0","","1732","2","1","0","0","0","1","0","2","0","2","0","0","0","4","04","","N","","","","","","","","","",""
"2022119587","246","0","0","0","0","0","0","0","0","0","4","0","","67","12","2022","6","40.015808","-75.141118","246","6","0","0","0","0","0","0","0","0","","0","0","0","2","3","1","","1","0","40 00:56.908","","0","75 08:28.024","4","0","0","0","67301","0","0","0","N","0","0","0","2","67301","1","","1.0","","9","N","N","N","0","","0","0","1","3","2","","244","2","1","0","0","0","0","1","2","0","2","0","0","0","7","07","","N","","","","","","","","","",""
"2022112205","50","4","0","0","0","0","0","0","0","0","1","0","","67","11","2022","1","39.910069","-75.172805","35","6","0","0","0","0","1","0","0","0","","0","0","0","0","3","1","N","0","0","39 54:36.249","","0","75 10:22.099","8","0","0","0","67301","0","0","0","N","0","0","0","9","67301","0","","1.0","","1","N","N","N","0","","0","0","0","0","0","","30","4","1","0","0","0","1","0","2","0","4","0","0","0","3","","","N","","","","","","","","","",""
"2022119583","1824","2","0","0","0","0","0","0","0","0","4","0","","67","12","2022","3","40.021861","-75.040139","1824","6","0","0","0","0","0","0","0","0","","0","0","0","18","2","0","","1","0","40 01:18.700","","0","75 02:24.500","9","0","0","0","67301","0","0","0","N","0","0","0","4","67301","0","","1.0","","1","N","N","N","0","","0","0","0","3","2","","1824","2","0","0","0","0","0","1","2","0","2","0","0","0","3","","","N","","","","","","","","","",""
"2022109474","743","2","0","0","0","0","0","0","0","0","4","0","","67","11","2022","1","39.958845","-75.187585","742","6","0","0","0","0","0","0","0","0","","0","0","0","7","1","0","","2","0","39 57:31.843","","0","75 11:15.306","0","0","0","0","67301","0","0","0","N","0","0","0","2","67507","0","","1.0","","1","N","N","N","0","","0","0","0","3","3","","740","2","0","1","0","0","0","0","2","0","2","0","0","0","3","03","","N","","","","","","","","","",""
"2022124075","1125","1","0","0","0","0","0","0","0","0","7","0","","67","12","2022","7","39.997019","-75.146864","1125","6","0","1","0","0","0","0","0","0","","0","0","0","11","1","2","N","0","0","39 59:49.270","","0","75 08:48.710","8","0","0","0","67301","0","0","0","N","0","0","0","2","67301","0","","4.0","","1","N","N","N","0","","0","0","0","0","0","","1125","1","2","0","0","0","2","0","2","0","1","0","0","0","3","03","","N","","","","","","","","","",""
"2022117042","445","1","0","0","0","0","0","0","0","0","7","0","","67","12","2022","7","40.036083","-75.098444","439","6","0","0","0","0","0","1","0","0","","0","0","0","4","3","0","","11","0","40 02:09.900","","0","75 05:54.400","0","0","0","0","67301","0","0","0","N","0","0","0","1","67301","0","","5.0","","1","N","N","N","0","","0","0","0","3","3","","429","1","0","0","0","0","0","0","2","0","1","0","0","0","3","","","N","","","","","","","","","",""
"2022118585","1844","2","0","0","0","0","0","0","0","0","5","0","","67","12","2022","1","39.911028","-75.230444","1844","6","0","0","0","0","0","0","0","0","","0","0","0","18","3","0","","2","0","39 54:39.700","","0","75 13:49.600","0","0","0","0","67301","0","0","0","N","0","0","0","2","67301","0","","1.0","","9","N","N","N","0","","0","0","0","3","2","","1840","2","0","0","0","0","0","0","2","0","2","0","0","0","4","04","","N","","","","","","","","","",""
"2022123136","233","1","0","0","0","0","0","0","0","0","4","0","","67","12","2022","7","40.027194","-75.151242","223","6","0","0","0","0","0","0","0","0","","0","0","0","2","3","0","","1","0","40 01:37.898","","0","75 09:04.471","9","0","0","0","67301","0","0","0","N","0","0","0","2","67301","0","","1.0","","1","N","N","N","0","","0","0","1","3","2","","220","2","0","1","0","0","0","1","2","0","2","0","0","0","3","03","","N","","","","","","","","","",""
"2022124681","715","2","0","0","0","0","0","0","0","0","1","0","","67","12","2022","4","40.014212","-75.056125","656","6","0","0","0","0","0","2","0","0","","0","0","0","6","1","0","N","0","0","40 00:51.164","","0","75 03:22.049","0","0","0","0","67301","0","0","0","N","0","0","0","5","68K01","0","","1.0","","1","N","N","N","0","","0","0","2","0","0","","631","5","0","0","0","0","0","0","2","1","5","0","0","0","3","03","","N","","","","","","","","","",""
"2022120119","1227","1","0","0","0","0","0","0","0","0","4","0","","67","11","2022","1","40.047488","-75.091868","1227","6","0","0","0","0","0","0","0","0","","0","0","0","12","1","2","","1","0","40 02:50.956","","0","75 05:30.725","3","0","0","0","67301","0","0","0","N","0","0","0","5","67301","0","","1.0","","9","N","N","N","0","","2","0","1","3","2","","1224","2","2","0","0","0","0","0","2","0","2","0","0","0","7","04","","N","","","","","","","","","",""
"2022110080","1530","0","0","0","0","0","0","0","0","0","8","0","","67","11","2022","7","39.991888","-75.151161","1517","6","0","0","0","0","0","1","0","0","","0","0","0","15","1","1","","1","0","39 59:30.796","","0","75 09:04.179","3","0","0","0","67301","1","0","0","N","1","0","0","2","67301","0","","1.0","","1","N","N","N","0","","1","0","0","3","3","","1515","2","1","0","0","0","0","0","2","1","1","1","0","0","3","03","","N","","","","","","","","","",""
"2022109358","500","2","0","0","0","0","0","0","0","0","5","0","","67","11","2022","7","39.912786","-75.235575","436","6","0","0","0","0","0","0","0","0","","0","0","0","4","3","0","N","0","0","39 54:46.030","","0","75 14:08.070","9","0","0","0","67301","0","0","0","N","0","0","0","1","67301","0","","6.0","","1","N","N","N","0","","0","0","1","0","0","","430","3","0","0","0","0","0","1","2","0","3","0","0","0","3","","","N","","","","","","","","","",""
"2022122933","1345","1","0","0","0","0","0","0","0","0","4","0","","67","12","2022","2","39.950461","-75.239129","1345","6","0","0","0","0","0","0","1","0","","0","0","0","13","1","1","","1","0","39 57:01.659","","0","75 14:20.864","4","0","0","0","67301","0","0","0","N","0","0","0","3","67301","1","","1.0","","1","N","N","N","0","","0","0","1","3","3","","1335","2","1","0","0","0","0","2","2","0","2","0","0","0","3","03","","N","","","","","","","","","",""
"2022122651","27","2","0","0","0","0","0","0","0","0","4","0","","67","12","2022","6","40.058102","-75.07805","25","6","0","0","0","0","0","0","0","0","","0","0","0","0","3","0","","2","0","40 03:29.167","","0","75 04:40.980","0","0","0","0","67301","0","0","0","N","0","0","0","2","67301","0","","1.0","","9","N","N","N","0","","0","0","1","3","3","","25","3","0","0","0","0","0","0","2","0","3","0","0","0","7","07","","N","","","","","","","","","",""
"2022110671","810","1","0","0","0","0","0","0","0","0","4","0","","67","11","2022","3","40.123541","-75.015353","753","6","0","0","0","0","0","1","0","0","","0","0","0","5","5","0","","1","0","40 07:24.748","","0","75 00:55.269","0","0","0","0","67301","0","0","0","N","0","0","0","2","67301","0","","1.0","","1","N","N","N","1","","0","0","0","3","2","","550","2","0","0","0","0","0","0","2","0","2","0","0","0","3","","","N","","","","","","","","","",""
"2022122407","2122","1","0","0","0","0","0","0","0","0","6","0","","67","12","2022","2","40.001544","-75.115856","2122","6","0","0","0","0","0","0","0","0","","0","0","0","18","3","1","N","0","0","40 00:05.560","","0","75 06:57.080","2","0","0","0","67301","0","0","0","N","0","0","0","3","67301","0","","1.0","","1","N","N","Y","1","","0","1","1","0","0","","1844","4","1","0","0","0","0","1","2","0","4","0","0","0","3","03","","N","","","","","","","","","",""
"2022113591","752","4","0","0","0","0","0","0","0","0","4","0","","67","11","2022","4","40.063974","-75.059602","752","6","0","0","0","0","0","0","0","0","","0","0","0","7","1","1","","1","2","40 03:50.306","2","0","75 03:34.568","3","0","0","0","67301","0","0","0","N","0","0","0","2","67301","0","","1.0","100.0","1","N","N","N","0","","1","0","0","3","3","N","713","4","1","2","0","0","0","0","2","0","4","0","0","0","3","03","","N","","","","","","","","","",""