"CRN","ARRIVAL_TM","AUTOMOBILE_COUNT","BELTED_DEATH_COUNT","BELTED_SUSP_SERIOUS_INJ_COUNT","BICYCLE_COUNT","BICYCLE_DEATH_COUNT","BICYCLE_SUSP_SERIOUS_INJ_COUNT","BUS_COUNT","CHLDPAS_DEATH_COUNT","CHLDPAS_SUSP_SERIOUS_INJ_COUNT","COLLISION_TYPE","COMM_VEH_COUNT","CONS_ZONE_SPD_LIM","COUNTY","CRASH_MONTH","CRASH_YEAR","DAY_OF_WEEK","DEC_LATITUDE","DEC_LONGITUDE","DISPATCH_TM","DISTRICT","DRIVER_COUNT_16YR","DRIVER_COUNT_17YR","DRIVER_COUNT_18YR","DRIVER_COUNT_19YR","DRIVER_COUNT_20YR","DRIVER_COUNT_50_64YR","DRIVER_COUNT_65_74YR","DRIVER_COUNT_75PLUS","EST_HRS_CLOSED","FATAL_COUNT","HEAVY_TRUCK_COUNT","HORSE_BUGGY_COUNT","HOUR_OF_DAY","ILLUMINATION","INJURY_COUNT","INTERSECTION_RELATED","INTERSECT_TYPE","LANE_CLOSED","LATITUDE","LN_CLOSE_DIR","LOCATION_TYPE","LONGITUDE","MAX_SEVERITY_LEVEL","MCYCLE_DEATH_COUNT","MCYCLE_SUSP_SERIOUS_INJ_COUNT","MOTORCYCLE_COUNT","MUNICIPALITY","NONMOTR_COUNT","NONMOTR_DEATH_COUNT","NONMOTR_SUSP_SERIOUS_INJ_COUNT","NTFY_HIWY_MAINT","PED_COUNT","PED_DEATH_COUNT","PED_SUSP_SERIOUS_INJ_COUNT","PERSON_COUNT","POLICE_AGCY","POSSIBLE_INJ_COUNT","RDWY_SURF_TYPE_CD","RELATION_TO_ROAD","ROADWAY_CLEARED","ROAD_CONDITION","SCH_BUS_IND","SCH_ZONE_IND","SECONDARY_CRASH","SMALL_TRUCK_COUNT","SPEC_JURIS_CD","SUSP_MINOR_INJ_COUNT","SUSP_SERIOUS_INJ_COUNT","SUV_COUNT","TCD_FUNC_CD","TCD_TYPE","TFC_DETOUR_IND","TIME_OF_DAY","TOTAL_UNITS","TOT_INJ_COUNT","UNBELTED_OCC_COUNT","UNB_DEATH_COUNT","UNB_SUSP_SERIOUS_INJ_COUNT","UNK_INJ_DEG_COUNT","UNK_INJ_PER_COUNT","URBAN_RURAL","VAN_COUNT","VEHICLE_COUNT","VULNERABLE_ROAD_USER_COUNT","VULNERABLE_ROAD_USER_DEATH_COUNT","VULNERABLE_ROAD_USER_SER_INJ_COUNT","WEATHER1","WEATHER2","WORKERS_PRES","WORK_ZONE_IND","WORK_ZONE_LOC","WORK_ZONE_TYPE","WZ_CLOSE_DETOUR","WZ_FLAGGER","WZ_LAW_OFFCR_IND","WZ_LN_CLOSURE","WZ_MOVING","WZ_OTHER","WZ_SHLDER_MDN","WZ_WORKERS_INJ_KILLED"
"2022113611","2359","1","0","0","0","0","0","0","0","0","4","0","","67","11","2022","7","40.005844","-75.086381","2358","6","0","0","0","0","0","1","0","0","","0","0","0","23","3","0","","2","1","40 00:21.037","1","0","75 05:10.970","0","0","0","0","67301","0","0","0","N","0","0","0","2","67301","0","","1.0","45.0","1","N","N","N","0","","0","0","1","3","2","N","2335","2","0","1","0","0","0","0","2","0","2","0","0","0","3","03","","N","","","","","","","","","",""
"2022125103","1105","2","0","0","0","0","0","0","0","0","1","0","","67","11","2022","7","40.003924","-75.220699","1105","6","0","0","0","0","0","0","0","1","","0","0","0","19","3","1","","1","0","40 00:14.125","","0","75 13:14.515","8","0","0","0","67301","0","0","0","N","0","0","0","3","67301","0","","1.0","","1","N","N","N","0","","0","0","0","3","2","","1900","2","1","0","0","0","1","2","2","0","2","0","0","0","3","03","","N","","","","","","","","","",""
"2022120502","1540","0","0","0","0","0","0","0","0","0","7","0","","67","12","2022","4","39.998778","-75.110333","1533","6","0","0","0","0","0","0","0","0","","0","0","0","15","1","0","N","0","0","39 59:55.600","","0","75 06:37.200","9","0","0","0","67301","0","0","0","N","0","0","0","1","67301","0","","1.0","","1","N","N","N","0","","0","0","1","0","0","","1532","1","0","0","0","0","0","1","2","0","1","0","0","0","3","03","","N","","","","","","","","","",""
"2022120913","1122","3","0","0","0","0","0","0","0","0","4","0","","67","12","2022","1","39.966046","-75.138426","1119","6","0","0","0","0","0","0","0","0","","0","0","0","11","1","1","","3","2","39 57:57.765","7","0","75 08:18.333","8","0","0","0","67301","0","0","0","N","0","0","0","2","67301","0","","1.0","1140.0","1","N","N","N","0","","0","0","0","9","3","Y","1104","3","1","0","0","0","1","1","2","0","3","0","0","0","3","03","","N","","","","","","","","","",""
"2022117432","1627","2","0","0","0","0","0","0","0","0","4","0","","67","12","2022","1","40.01325","-75.173667","1627","6","0","0","0","0","0","0","0","0","","0","0","0","16","1","0","N","0","0","40 00:47.700","","0","75 10:25.200","0","0","0","0","67301","0","0","0","N","0","0","0","2","67301","0","","1.0","","9","N","N","N","0","","0","0","0","0","0","","1615","2","0","0","0","0","0","0","2","0","2","0","0","0","7","04","","N","","","","","","","","","",""
"2022121082","1130","1","0","0","0","0","0","0","0","0","4","0","","67","12","2022","4","40.073222","-75.015083","1124","6","0","0","0","0","0","0","0","0","","0","0","0","11","1","0","N","0","1","40 04:23.600","3","7","75 00:54.300","0","0","0","0","67301","0","0","0","N","0","0","0","2","67301","0","","1.0","1345.0","1","N","N","N","0","","0","0","0","0","0","N","1120","2","0","0","0","0","0","0","2","1","2","0","0","0","3","03","","N","","","","","","","","","",""
"2022116672","51","1","0","0","0","0","0","0","0","0","7","0","","67","11","2022","7","40.002416","-75.16608","49","6","0","0","0","0","0","0","0","0","","0","0","0","0","3","1","","1","0","40 00:08.697","","0","75 09:57.888","4","0","0","0","67301","0","0","0","N","0","0","0","2","67301","1","","4.0","","1","N","N","N","0","","0","0","1","3","3","","46","2","1","0","0","0","0","0","2","0","2","0","0","0","3","03","","N","","","","","","","","","",""
"2022119031","2339","0","0","0","0","0","0","0","0","0","4","0","","67","11","2022","1","39.96999","-75.143093","2337","6","0","0","0","0","0","0","0","0","","0","0","0","23","3","1","","1","0","39 58:11.965","","0","75 08:35.133","8","0","0","0","67301","0","0","0","N","0","0","0","3","67301","0","","1.0","","9","N","N","N","0","","0","0","2","3","2","","2337","2","1","0","0","0","1","0","2","0","2","0","0","0","3","04","","N","","","","","","","","","",""
"2022114349","327","1","0","0","0","0","0","0","0","0","2","0","","67","11","2022","1","40.016097","-75.205172","324","6","0","0","0","0","0","0","0","0","","0","0","0","3","3","2","N","0","2","40 00:57.950","1","0","75 12:18.620","3","0","0","0","67301","0","0","0","N","0","0","0","2","67301","0","","1.0","430.0","1","N","N","N","0","","2","0","1","0","0","Y","321","2","2","0","0","0","0","0","2","0","2","0","0","0","3","03","","N","","","","","","","","","",""
"2022112374","2216","1","0","0","0","0","0","0","0","0","2","0","","67","11","2022","7","40.02342","-75.032661","2216","6","0","0","0","0","0","0","0","0","","0","0","0","22","3","3","N","0","1","40 01:24.311","1","2","75 01:57.578","4","0","0","0","67301","0","0","0","N","0","0","0","3","68K01","3","","1.0","2300.0","1","N","N","Y","0","","0","0","1","0","0","N","2215","2","3","2","0","0","0","0","2","0","2","0","0","0","3","03","","N","","","","","","","","","",""
"2022124484","1649","1","0","0","0","0","0","0","0","0","4","0","","67","12","2022","2","39.948106","-75.154252","1615","6","0","0","0","0","0","0","1","0","","0","0","0","14","1","1","","1","0","39 56:53.182","","0","75 09:15.307","3","0","0","0","67301","0","0","0","N","0","0","0","3","67301","0","","1.0","","1","N","N","N","0","","1","0","1","3","2","","1447","2","1","2","0","0","0","0","2","0","2","0","0","0","3","03","","N","","","","","","","","","",""
"2022121360","707","2","0","0","0","0","0","0","0","0","4","0","","67","12","2022","1","40.020132","-75.112934","706","6","0","0","0","0","0","1","0","0","","0","0","0","7","1","0","","2","2","40 01:12.475","6","0","75 06:46.562","9","0","0","0","67301","0","0","0","N","0","0","0","2","67301","0","","1.0","900.0","1","N","N","Y","0","","0","0","0","3","3","Y","706","2","0","0","0","0","0","2","2","0","2","0","0","0","3","03","","N","","","","","","","","","",""
"2022113607","1842","1","0","0","0","0","0","0","0","0","8","0","","67","11","2022","6","40.006004","-75.091851","1829","6","0","0","0","0","0","0","0","0","","0","0","0","18","3","1","","5","0","40 00:21.613","","0","75 05:30.664","3","0","0","0","67301","1","0","0","N","1","0","0","2","67301","0","","1.0","","1","N","N","N","0","","1","0","0","2","2","","1820","2","1","0","0","0","0","0","2","0","1","1","0","0","3","","","N","","","","","","","","","",""
"2022124425","709","0","0","0","0","0","0","0","0","0","5","0","","67","12","2022","2","39.898879","-75.168812","641","6","0","0","0","0","0","1","0","0","","0","0","0","6","5","0","N","0","2","39 53:55.964","1","0","75 10:07.722","0","0","0","0","67301","0","0","0","N","0","0","0","3","68K01","0","","3.0","750.0","1","N","N","N","2","","0","0","0","0","0","N","639","2","0","0","0","0","0","0","2","0","2","0","0","0","3","","","N","","","","","","","","","",""
"2022093806","1355","1","0","0","0","0","0","0","0","0","4","0","","67","10","2022","7","39.915915","-75.245342","1347","6","0","0","0","0","0","0","0","0","","0","0","0","13","1","1","","2","0","39 54:57.295","","0","75 14:43.230","3","0","0","0","67301","0","0","0","N","0","0","0","2","67301","0","","1.0","","1","N","N","N","0","","1","0","1","0","0","","1345","2","1","0","0","0","0","0","2","0","2","0","0","0","3","03","","N","","","","","","","","","",""
"2022119260","1350","0","0","0","0","0","0","0","0","0","8","0","","67","12","2022","1","40.061806","-75.056111","1334","6","0","0","0","0","0","0","0","0","","0","0","0","13","1","1","","1","0","40 03:42.500","","0","75 03:22.000","3","0","0","0","67301","1","0","0","N","1","0","0","2","67301","0","","1.0","","9","N","N","N","1","","1","0","0","3","2","","1300","2","1","1","0","0","0","0","2","0","1","1","0","0","7","07","","N","","","","","","","","","",""
"2022110244","1657","2","0","0","0","0","0","0","0","0","4","0","","67","11","2022","2","39.973237","-75.212226","1657","6","0","1","0","0","0","0","0","0","","0","0","0","16","1","3","","1","0","39 58:23.653","","0","75 12:44.012","3","0","0","0","67301","0","0","0","N","0","0","0","5","67301","2","","1.0","","1","N","N","N","0","","1","0","2","3","2","","1657","4","3","1","0","0","0","0","2","0","4","0","0","0","3","03","","N","","","","","","","","","",""
"2022116673","1720","2","0","0","0","0","0","0","0","0","4","0","","67","11","2022","2","39.994795","-75.15932","1704","6","0","0","0","0","0","0","0","0","","0","0","0","16","3","0","","1","0","39 59:41.262","","0","75 09:33.551","0","0","0","0","67301","0","0","0","N","0","0","0","2","67301","0","","1.0","","1","N","N","N","0","","0","0","0","3","2","","1636","2","0","0","0","0","0","0","2","0","2","0","0","0","3","03","","N","","","","","","","","","",""
"2022114351","2134","2","0","0","0","0","0","0","0","0","4","0","","67","11","2022","2","39.994795","-75.15932","2124","6","0","0","0","0","0","0","0","0","","0","0","0","21","3","0","","1","1","39 59:41.262","6","0","75 09:33.551","9","0","0","0","67301","0","0","0","N","0","0","0","2","67301","0","","1.0","2230.0","1","N","N","N","0","","0","0","0","3","2","Y","2122","2","0","0","0","0","0","1","2","0","2","0","0","0","3","03","","N","","","","","","","","","",""
"2022119017","2039","1","0","0","0","0","0","0","0","0","8","0","","67","12","2022","3","39.94725","-75.226861","2039","6","0","0","0","0","0","0","0","0","","0","0","0","20","3","1","","3","0","39 56:50.100","","0","75 13:36.700","8","0","0","0","67301","1","0","0","N","1","0","0","3","67301","0","","1.0","","1","N","N","N","0","","0","0","0","3","2","","2038","2","1","0","0","0","1","0","2","0","1","1","0","0","3","03","","N","","","","","","","","","",""
"2022113752","428","2","0","0","0","0","0","0","0","0","1","0","","67","11","2022","1","39.894693","-75.229477","424","6","0","0","0","0","0","0","0","0","","0","0","0","3","3","2","","3","0","39 53:40.896","","0","75 13:46.117","3","0","0","0","67301","0","0","0","N","0","0","0","3","67301","0","","1.0","","1","N","N","N","0","","2","0","1","3","2","","333","3","2","0","0","0","0","1","2","0","3","0","0","0","3","03","","N","","","","","","","","","",""
"2022113754","1430","2","0","0","0","0","0","0","0","0","4","0","","67","11","2022","7","39.94024","-75.167956","1424","6","0","0","0","0","0","0","0","1","","0","0","0","13","1","2","","1","0","39 56:24.863","","0","75 10:04.641","3","0","0","0","67301","0","0","0","N","0","0","0","4","67301","0","","1.0","","1","N","N","N","0","","2","0","1","3","2","","1319","4","2","0","0","0","0","0","2","0","4","0","0","0","3","","","N","","","","","","","","","",""
"2022112192","355","1","0","0","0","0","0","0","0","0","5","0","","67","11","2022","7","39.926558","-75.174144","350","6","0","0","0","0","0","0","0","0","","0","0","0","3","3","0","N","0","2","39 55:35.610","2","0","75 10:26.920","0","0","0","0","67301","0","0","0","N","0","0","0","1","67301","0","","6.0","415.0","1","N","N","N","0","","0","0","1","0","0","N","350","2","0","0","0","0","0","0","2","0","2","0","0","0","3","03","","N","","","","","","","","","",""
"2022121337","2301","1","0","0","1","0","0","0","0","0","8","0","","67","12","2022","2","39.950972","-75.151972","2300","6","0","0","0","0","0","0","0","0","","0","0","0","12","1","1","","1","0","39 57:03.500","","0","75 09:07.100","3","0","0","0","67301","1","0","0","N","0","0","0","2","67301","0","","1.0","","1","N","N","N","0","","1","0","0","3","2","","1200","2","1","0","0","0","0","1","2","0","1","1","0","0","3","03","","N","","","","","","","","","",""
"2022123644","1148","1","0","0","0","0","0","0","0","0","8","0","","67","12","2022","2","40.032112","-75.102383","1148","6","0","0","0","0","0","0","0","0","","0","0","0","11","1","2","","2","0","40 01:55.604","","0","75 06:08.579","3","0","0","0","67301","2","0","0","N","2","0","0","3","67301","0","","1.0","","1","N","N","N","0","","2","0","0","3","3","","1130","3","2","0","0","0","0","0","2","0","1","2","0","0","3","03","","N","","","","","","","","","",""
"2022116353","245","2","0","0","0","0","0","0","0","0","4","0","","67","11","2022","1","39.949784","-75.207141","242","6","0","0","0","0","0","0","0","0","","0","0","0","2","3","1","","1","1","39 56:59.221","2","0","75 12:25.709","8","0","0","0","67301","0","0","0","N","0","0","0","3","67301","0","","1.0","330.0","1","N","N","N","0","","0","0","0","3","2","N","230","2","1","0","0","0","1","0","2","0","2","0","0","0","3","03","","N","","","","","","","","","",""
"2022122653","1306","1","0","0","0","0","0","0","0","0","4","0","","67","12","2022","5","40.072048","-75.013029","1306","6","0","0","0","0","0","1","0","0","","0","0","0","12","1","0","","1","0","40 04:19.373","","0","75 00:46.904","0","0","0","0","67301","0","0","0","N","0","0","0","3","67301","0","","1.0","","9","N","N","N","0","","0","0","2","3","2","","1218","3","0","0","0","0","0","0","2","0","3","0","0","0","7","07","","N","","","","","","","","","",""
"2022120489","1848","1","0","0","1","0","0","0","0","0","8","0","","67","12","2022","4","39.944694","-75.180972","1841","6","0","0","0","0","0","0","1","0","","0","0","0","7","1","1","","1","0","39 56:40.900","","0","75 10:51.500","3","0","0","0","67301","1","0","0","N","0","0","0","2","67301","0","","1.0","","1","N","N","N","0","","1","0","0","3","2","","730","2","1","0","0","0","0","0","2","0","1","1","0","0","3","03","","N","","","","","","","","","",""
"2022113328","1839","2","0","0","0","0","0","0","0","0","4","0","","67","11","2022","3","40.031548","-75.207739","1835","6","0","0","0","0","1","0","0","0","","0","0","0","18","3","1","","1","2","40 01:53.573","2","0","75 12:27.862","3","0","0","0","67301","0","0","0","N","0","0","0","2","67301","0","","1.0","2030.0","1","N","N","N","0","","1","0","0","3","2","N","1834","2","1","0","0","0","0","1","2","0","2","0","0","0","3","03","","N","","","","","","","","","",""
"2022123928","1828","1","0","0","0","0","0","0","0","0","8","0","","67","12","2022","2","40.060439","-75.167031","1828","6","0","0","0","0","0","0","0","0","","0","0","0","18","3","0","","1","0","40 03:37.582","","0","75 10:01.312","9","0","0","0","67301","1","0","0","N","1","0","0","2","67301","0","","1.0","","1","N","N","N","0","","0","0","0","3","2","","1828","2","0","0","0","0","0","1","2","0","1","1","0","0","3","04","","N","","","","","","","","","",""
"2022123300","1130","0","0","0","0","0","0","0","0","0","8","0","","67","12","2022","2","39.977787","-75.151008","1130","6","0","0","0","0","0","0","0","0","","0","0","0","11","1","1","","1","0","39 58:40.032","","0","75 09:03.628","8","0","0","0","67301","1","0","0","N","1","0","0","2","67505","0","","1.0","","1","N","N","N","0","","0","0","1","3","2","","1130","2","1","0","0","0","1","0","2","0","1","1","0","0","3","03","","N","","","","","","","","","",""
"2022123654","1052","1","0","0","0","0","0","0","0","0","4","0","","67","12","2022","7","40.04191","-75.036532","1050","6","0","0","0","0","0","0","1","0","","0","0","0","10","1","2","","1","2","40 02:30.876","3","0","75 02:11.515","3","0","0","0","67301","0","0","0","N","0","0","0","4","67301","0","","1.0","100.0","1","N","N","N","0","","2","0","1","3","3","Y","1047","2","2","0","0","0","0","0","2","0","2","0","0","0","3","03","","N","","","","","","","","","",""
"2022112225","1625","0","0","0","0","0","0","0","0","0","4","0","","67","11","2022","4","40.068284","-75.005468","1625","6","0","0","1","0","0","0","0","0","","0","0","0","16","4","0","N","0","1","40 04:05.821","3","7","75 00:19.683","9","0","0","0","67301","0","0","0","N","0","0","0","2","67301","0","","1.0","1800.0","1","N","N","N","0","","0","0","2","3","3","N","1625","2","0","0","0","0","0","1","2","0","2","0","0","0","3","03","","N","","","","","","","","","",""
"2022124496","2059","0","0","0","0","0","0","0","0","0","4","0","","67","12","2022","3","40.030215","-75.043745","2027","6","0","0","0","0","0","0","0","0","","0","0","0","20","3","1","","1","0","40 01:48.773","","0","75 02:37.482","8","0","0","0","67301","0","0","0","N","0","0","0","2","67301","0","","1.0","","1","N","N","N","0","","0","0","2","3","2","","2017","2","1","1","0","0","1","0","2","0","2","0","0","0","3","03","","N","","","","","","","","","",""
"2022110073","209","1","0","0","0","0","0","0","0","0","1","0","","67","11","2022","1","39.953809","-75.166611","208","6","0","0","0","0","0","0","0","0","","0","0","0","2","3","1","","1","0","39 57:13.712","","0","75 09:59.800","3","0","0","0","67301","0","0","0","N","0","0","0","2","67301","0","","1.0","","1","N","N","N","0","","1","0","1","3","2","","200","2","1","0","0","0","0","0","2","0","2","0","0","0","3","03","","N","","","","","","","","","",""
"2022125108","1811","1","0","0","0","0","0","0","0","0","4","0","","67","12","2022","3","40.039531","-75.129827","1811","6","0","0","0","1","0","0","0","0","","0","0","0","18","3","2","","1","0","40 02:22.311","","0","75 07:47.377","3","0","0","0","67301","0","0","0","N","0","0","0","2","67301","0","","1.0","","1","N","N","N","0","","2","0","1","3","2","","1811","2","2","0","0","0","0","0","2","0","2","0","0","0","3","","","N","","","","","","","","","",""
"2022098892","820","0","0","0","0","0","0","0","0","0","8","0","","67","10","2022","2","40.042929","-75.161676","820","6","0","0","0","0","0","0","0","0","","0","0","0","8","5","1","","2","0","40 02:34.544","","0","75 09:42.033","2","0","0","0","67301","1","0","1","N","1","0","1","2","67301","0","","1.0","","9","N","N","N","0","","0","1","1","0","0","","816","2","1","0","0","0","0","0","2","0","1","1","0","1","7","","","N","","","","","","","","","",""
"2022094520","0","3","0","0","0","0","0","0","0","0","1","0","","67","10","2022","3","40.058112","-75.18538","2358","6","0","0","0","0","0","0","0","0","","0","0","0","22","3","0","N","0","0","40 03:29.203","","0","75 11:07.367","9","0","0","0","67301","0","0","0","N","0","0","0","1","67301","0","","6.0","","1","N","N","N","0","","0","0","2","0","0","","2238","6","0","0","0","0","0","1","2","1","6","0","0","0","3","","","N","","","","","","","","","",""
"2022095236","2104","1","0","0","0","0","0","0","0","0","4","0","","67","10","2022","5","40.010276","-75.159171","2102","6","0","0","0","0","0","0","0","0","","0","0","0","21","3","1","","1","0","40 00:36.993","","0","75 09:33.014","3","0","0","0","67301","0","0","0","N","0","0","0","2","67301","0","","1.0","","9","N","N","N","0","","1","0","1","3","2","","2102","2","1","0","0","0","0","1","2","0","2","0","0","0","7","04","","N","","","","","","","","","",""
"2022102014","1800","1","0","0","1","0","0","0","0","0","8","0","","67","10","2022","7","39.957933","-75.20792","1800","6","0","0","0","0","0","0","0","0","","0","0","0","19","1","1","N","0","0","39 57:28.558","","0","75 12:28.511","8","0","0","0","67301","1","0","0","N","0","0","0","2","67301","0","","1.0","","99","N","N","N","0","","0","0","0","0","0","","1900","2","1","0","0","0","1","1","2","0","1","1","0","0","99","","","N","","","","","","","","","",""
"2022095235","1045","0","0","0","0","0","0","0","0","0","7","0","","67","10","2022","5","40.038189","-75.149361","1041","6","0","0","0","0","0","0","0","1","","0","0","0","10","1","0","N","0","1","40 02:17.480","2","7","75 08:57.700","0","0","0","0","67301","0","0","0","N","0","0","0","1","67301","0","","4.0","1220.0","9","N","Y","N","0","","0","0","1","0","0","N","1038","1","0","0","0","0","0","0","2","0","1","0","0","0","7","04","","N","","","","","","","","","",""
"2022098067","1730","1","0","0","0","0","0","0","0","0","5","0","","67","10","2022","6","40.023325","-75.165097","1730","6","0","1","0","0","0","0","0","0","","0","0","0","17","1","0","N","0","2","40 01:23.970","4","0","75 09:54.350","0","0","0","0","67301","0","0","0","N","0","0","0","1","67301","0","","6.0","1930.0","1","N","N","N","0","","0","0","2","0","0","Y","1730","3","0","1","0","0","0","0","2","0","3","0","0","0","3","03","","N","","","","","","","","","",""
"2022125214","941","0","0","0","0","0","0","0","0","0","1","0","","67","12","2022","6","40.019514","-75.044897","923","6","0","0","0","0","0","1","0","0","","0","0","0","9","1","1","N","0","1","40 01:10.250","1","0","75 02:41.628","3","0","0","0","67301","0","0","0","N","0","0","0","3","68K01","0","","1.0","1000.0","1","N","N","N","1","","1","0","1","0","0","N","920","3","1","0","0","0","0","0","2","1","3","0","0","0","3","03","","N","","","","","","","","","",""
"2022113201","922","2","0","0","0","0","0","0","0","0","5","0","","67","11","2022","2","39.997694","-75.12125","919","6","0","0","0","0","0","0","0","0","","0","0","0","9","1","0","N","0","2","39 59:51.700","1","0","75 07:16.500","0","0","0","0","67301","0","0","0","N","0","0","0","1","67301","0","","6.0","1025.0","1","N","N","N","1","","0","0","0","0","0","Y","919","3","0","1","0","0","0","0","2","0","3","0","0","0","3","03","","N","","","","","","","","","",""
"2022112900","1158","0","0","0","0","0","0","0","0","0","4","0","","67","11","2022","1","39.996139","-75.202306","1157","6","0","0","0","0","0","1","0","0","","0","0","0","11","1","1","N","0","0","39 59:46.100","","7","75 12:08.300","3","0","0","0","67301","0","0","0","N","0","0","0","2","67301","0","","1.0","","9","N","N","N","0","","1","0","1","0","0","","1157","2","1","0","0","0","0","0","2","1","2","0","0","0","7","07","","N","","","","","","","","","",""
"2022116674","427","1","0","0","0","0","0","0","0","0","7","0","","67","11","2022","4","40.021001","-75.16392","426","6","0","0","0","0","0","0","0","0","","0","0","0","4","3","0","","1","0","40 01:15.603","","0","75 09:50.111","0","0","0","0","67301","0","0","0","N","0","0","0","1","67301","0","","5.0","","1","N","N","N","0","","0","0","0","3","3","","420","1","0","1","0","0","0","0","2","0","1","0","0","0","3","03","","N","","","","","","","","","",""
"2022113198","330","2","0","0","0","0","0","0","0","0","1","0","","67","11","2022","7","40.023444","-75.113528","330","6","0","0","0","0","0","0","0","0","","0","0","0","0","3","0","N","0","0","40 01:24.400","","0","75 06:48.700","9","0","0","0","67301","0","0","0","N","0","0","0","1","67301","0","","6.0","","1","N","N","N","1","","0","0","0","0","0","","20","3","0","1","0","0","0","1","2","0","3","0","0","0","3","","","N","","","","","","","","","",""
"2022124551","2055","0","0","0","0","0","0","1","0","0","8","1","","67","12","2022","4","39.955861","-75.191444","2043","6","0","0","0","0","0","0","0","0","","0","0","0","20","1","1","","1","0","39 57:21.100","","0","75 11:29.200","8","0","0","0","67301","1","0","0","N","1","0","0","2","67508","0","","1.0","","1","N","N","N","0","","0","0","0","3","2","","2043","2","1","0","0","0","1","0","2","0","1","1","0","0","98","98","","N","","","","","","","","","",""
"2022112191","2256","1","0","0","0","0","0","0","0","0","7","0","","67","11","2022","1","39.916289","-75.191723","2253","6","0","0","0","0","0","0","0","0","","0","0","0","22","2","0","N","0","1","39 54:58.642","2","0","75 11:30.201","0","0","0","0","67301","0","0","0","Y","0","0","0","1","67301","0","","4.0","10.0","1","N","N","N","0","","0","0","0","0","0","N","2250","1","0","0","0","0","0","0","2","0","1","0","0","0","3","03","","N","","","","","","","","","",""
"2022099240","1648","2","0","0","0","0","0","0","0","0","1","0","","67","9","2022","5","39.991775","-75.202367","1634","6","0","0","0","0","0","0","0","0","","0","0","0","16","1","0","N","0","0","39 59:30.391","","0","75 12:08.522","0","0","0","0","67301","0","0","0","N","0","0","0","2","68K01","0","","1.0","","1","N","N","N","0","","0","0","0","0","0","","1617","2","0","0","0","0","0","0","2","0","2","0","0","0","3","","","N","","","","","","","","","",""
"2022105992","731","0","0","0","0","0","0","0","0","0","7","0","","67","11","2022","7","39.912","-75.169","729","6","0","0","0","0","0","0","0","0","","0","0","0","7","1","0","N","0","0","39 54:43.200","","3","75 10:08.400","0","0","0","0","67301","0","0","0","N","0","0","0","1","67501","0","","1.0","","1","N","N","N","0","","0","0","1","0","0","","729","1","0","0","0","0","0","0","2","0","1","0","0","0","3","03","","N","","","","","","","","","",""
"2022093414","1610","1","0","0","0","0","0","0","0","0","8","0","","67","10","2022","7","39.954581","-75.226004","1605","6","0","0","0","0","0","0","0","0","","0","0","0","15","1","1","","1","0","39 57:16.492","","0","75 13:33.613","8","0","0","0","67301","1","0","0","N","1","0","0","2","67301","0","","1.0","","1","N","N","N","0","","0","0","0","3","2","","1545","2","1","1","0","0","1","0","2","0","1","1","0","0","3","03","","N","","","","","","","","","",""
"2022106271","1617","0","0","0","0","0","0","0","0","0","8","0","","67","10","2022","4","39.999528","-75.115892","1448","6","0","0","0","0","0","0","0","0","","0","0","0","14","1","1","N","0","0","39 59:58.300","","0","75 06:57.210","3","0","0","0","67301","1","0","0","N","1","0","0","2","67301","0","","1.0","","1","N","N","N","0","","1","0","1","0","0","","1445","2","1","0","0","0","0","0","2","0","1","1","0","0","3","03","","N","","","","","","","","","",""
"2022100800","1833","1","0","0","0","0","0","0","0","0","5","0","","67","10","2022","6","39.976097","-75.165025","1833","6","0","0","0","0","0","0","0","0","","0","0","0","18","3","1","N","0","0","39 58:33.950","","0","75 09:54.090","4","0","0","0","67301","1","0","0","N","1","0","0","2","67301","1","","6.0","","1","N","N","N","1","","0","0","1","0","0","","1818","4","1","1","0","0","0","0","2","0","3","1","0","0","3","03","","N","","","","","","","","","",""
"2022112198","1725","0","0","0","0","0","0","0","0","0","8","0","","67","11","2022","7","40.049962","-75.067323","1725","6","0","0","0","0","0","0","0","0","","0","0","0","17","3","2","","2","0","40 02:59.864","","0","75 04:02.363","3","0","0","0","67301","2","0","0","N","2","0","0","3","67301","0","","1.0","","1","N","N","N","0","","2","0","1","0","0","","1725","3","2","0","0","0","0","0","2","0","1","2","0","0","3","","","N","","","","","","","","","",""
"2022119744","1800","1","0","0","0","0","0","0","0","0","8","0","","67","12","2022","3","40.019486","-75.124797","1750","6","0","0","0","0","0","0","0","0","","0","0","0","17","3","1","N","0","0","40 01:10.150","","0","75 07:29.270","3","0","0","0","67301","1","0","0","N","1","0","0","2","67301","0","","1.0","","1","N","N","N","0","","1","0","0","0","0","","1747","3","1","0","0","0","0","1","2","0","2","1","0","0","3","03","","N","","","","","","","","","",""
"2022122650","2337","1","0","0","0","0","0","0","0","0","2","0","","67","12","2022","5","40.041221","-75.106871","2325","6","0","0","0","0","0","2","0","0","","0","0","0","23","3","2","N","0","1","40 02:28.396","5","0","75 06:24.737","3","0","0","0","67301","0","0","0","N","0","0","0","2","67301","0","","1.0","50.0","9","N","N","N","0","","2","0","1","0","0","Y","2320","3","2","0","0","0","0","0","2","0","3","0","0","0","7","","","N","","","","","","","","","",""