"CRN","ARRIVAL_TM","AUTOMOBILE_COUNT","BELTED_DEATH_COUNT","BELTED_SUSP_SERIOUS_INJ_COUNT","BICYCLE_COUNT","BICYCLE_DEATH_COUNT","BICYCLE_SUSP_SERIOUS_INJ_COUNT","BUS_COUNT","CHLDPAS_DEATH_COUNT","CHLDPAS_SUSP_SERIOUS_INJ_COUNT","COLLISION_TYPE","COMM_VEH_COUNT","CONS_ZONE_SPD_LIM","COUNTY","CRASH_MONTH","CRASH_YEAR","DAY_OF_WEEK","DEC_LATITUDE","DEC_LONGITUDE","DISPATCH_TM","DISTRICT","DRIVER_COUNT_16YR","DRIVER_COUNT_17YR","DRIVER_COUNT_18YR","DRIVER_COUNT_19YR","DRIVER_COUNT_20YR","DRIVER_COUNT_50_64YR","DRIVER_COUNT_65_74YR","DRIVER_COUNT_75PLUS","EST_HRS_CLOSED","FATAL_COUNT","HEAVY_TRUCK_COUNT","HORSE_BUGGY_COUNT","HOUR_OF_DAY","ILLUMINATION","INJURY_COUNT","INTERSECTION_RELATED","INTERSECT_TYPE","LANE_CLOSED","LATITUDE","LN_CLOSE_DIR","LOCATION_TYPE","LONGITUDE","MAX_SEVERITY_LEVEL","MCYCLE_DEATH_COUNT","MCYCLE_SUSP_SERIOUS_INJ_COUNT","MOTORCYCLE_COUNT","MUNICIPALITY","NONMOTR_COUNT","NONMOTR_DEATH_COUNT","NONMOTR_SUSP_SERIOUS_INJ_COUNT","NTFY_HIWY_MAINT","PED_COUNT","PED_DEATH_COUNT","PED_SUSP_SERIOUS_INJ_COUNT","PERSON_COUNT","POLICE_AGCY","POSSIBLE_INJ_COUNT","RDWY_SURF_TYPE_CD","RELATION_TO_ROAD","ROADWAY_CLEARED","ROAD_CONDITION","SCH_BUS_IND","SCH_ZONE_IND","SECONDARY_CRASH","SMALL_TRUCK_COUNT","SPEC_JURIS_CD","SUSP_MINOR_INJ_COUNT","SUSP_SERIOUS_INJ_COUNT","SUV_COUNT","TCD_FUNC_CD","TCD_TYPE","TFC_DETOUR_IND","TIME_OF_DAY","TOTAL_UNITS","TOT_INJ_COUNT","UNBELTED_OCC_COUNT","UNB_DEATH_COUNT","UNB_SUSP_SERIOUS_INJ_COUNT","UNK_INJ_DEG_COUNT","UNK_INJ_PER_COUNT","URBAN_RURAL","VAN_COUNT","VEHICLE_COUNT","VULNERABLE_ROAD_USER_COUNT","VULNERABLE_ROAD_USER_DEATH_COUNT","VULNERABLE_ROAD_USER_SER_INJ_COUNT","WEATHER1","WEATHER2","WORKERS_PRES","WORK_ZONE_IND","WORK_ZONE_LOC","WORK_ZONE_TYPE","WZ_CLOSE_DETOUR","WZ_FLAGGER","WZ_LAW_OFFCR_IND","WZ_LN_CLOSURE","WZ_MOVING","WZ_OTHER","WZ_SHLDER_MDN","WZ_WORKERS_INJ_KILLED"
"2022121338","5","1","0","0","0","0","0","0","0","0","4","0","","67","12","2022","3","39.955369","-75.155875","5","6","0","0","0","0","0","0","1","0","","0","0","0","23","3","0","","1","0","39 57:19.330","","0","75 09:21.150","0","0","0","0","67301","0","0","0","N","0","0","0","2","67301","0","","1.0","","1","N","N","N","0","","0","0","1","3","2","","2355","2","0","0","0","0","0","0","2","0","2","0","0","0","3","","","N","","","","","","","","","",""
"2022109756","1820","1","0","0","0","0","0","0","0","0","4","0","","67","11","2022","6","40.050113","-75.064246","1808","6","0","0","0","0","0","1","0","0","","0","0","0","18","3","1","","1","0","40 03:00.407","","0","75 03:51.286","3","0","0","0","67301","0","0","0","N","0","0","0","2","67301","0","","1.0","","1","N","N","N","0","","1","0","0","3","1","","1802","2","1","0","0","0","0","0","2","1","2","0","0","0","3","03","","N","","","","","","","","","",""
"2022114998","1328","0","0","0","0","0","0","0","0","0","4","0","","67","12","2022","6","39.98781","-75.092078","1312","6","0","0","1","0","0","0","1","0","","0","0","0","13","1","3","","1","0","39 59:16.115","","0","75 05:31.480","2","0","0","0","67301","0","0","0","N","0","0","0","3","67301","2","","1.0","","1","N","N","N","1","","0","1","2","3","2","","1305","3","3","0","0","0","0","0","2","0","3","0","0","0","4","03","","N","","","","","","","","","",""
"2022119033","47","1","0","0","0","0","0","0","0","0","4","0","","67","12","2022","7","39.979894","-75.119481","41","6","0","0","0","0","0","0","0","0","","0","0","0","0","3","0","N","0","0","39 58:47.620","","0","75 07:10.130","9","0","0","0","67301","0","0","0","N","0","0","0","1","67301","0","","1.0","","1","N","N","N","0","","0","0","1","0","0","","30","2","0","0","0","0","0","1","2","0","2","0","0","0","3","03","","N","","","","","","","","","",""
"2022112244","152","1","0","0","0","0","0","0","0","0","5","0","","67","11","2022","7","40.026587","-75.159281","143","6","0","0","0","0","0","0","0","0","","0","0","0","1","3","0","","2","0","40 01:35.713","","0","75 09:33.411","0","0","0","0","67301","0","0","0","N","0","0","0","2","67301","0","","1.0","","1","N","N","N","0","","0","0","1","0","0","","143","2","0","1","0","0","0","0","2","0","2","0","0","0","3","03","","N","","","","","","","","","",""
"2022109622","552","2","0","0","0","0","0","0","0","0","5","0","","67","11","2022","1","39.925092","-75.162533","549","6","0","0","0","0","0","1","0","0","","0","0","0","5","3","0","N","0","2","39 55:30.330","2","0","75 09:45.120","0","0","0","0","67301","0","0","0","N","0","0","0","1","67301","0","","6.0","715.0","1","N","N","N","1","","0","0","0","0","0","Y","545","3","0","0","0","0","0","0","2","0","3","0","0","0","3","03","","N","","","","","","","","","",""
"2022109786","1040","1","0","0","0","0","0","0","0","0","4","0","","67","11","2022","2","39.974002","-75.155068","1040","6","0","0","0","0","0","0","1","0","","0","0","0","10","1","0","","1","0","39 58:26.407","","0","75 09:18.244","9","0","0","0","67301","0","0","0","N","0","0","0","2","67505","0","","1.0","","1","N","N","N","0","","0","0","1","3","3","","1030","2","0","0","0","0","0","1","2","0","2","0","0","0","3","03","","N","","","","","","","","","",""
"2022117419","1221","1","0","0","0","0","0","0","0","0","2","0","","67","12","2022","1","40.055611","-75.181306","1218","6","0","0","0","0","0","0","1","0","","0","0","0","11","1","1","","1","0","40 03:20.200","","0","75 10:52.700","3","0","0","0","67301","0","0","0","N","0","0","0","2","67301","0","","1.0","","9","N","N","N","0","","1","0","1","3","3","","1158","2","1","0","0","0","0","0","2","0","2","0","0","0","4","98","","N","","","","","","","","","",""
"2022113333","1957","0","0","0","0","0","0","0","0","0","7","0","","67","11","2022","1","39.892889","-75.223528","1947","6","0","0","0","0","0","0","0","0","","0","0","0","17","6","1","N","0","0","39 53:34.400","","1","75 13:24.700","3","0","0","0","67301","0","0","0","N","0","0","0","1","67301","0","","4.0","","9","N","N","N","0","","1","0","1","0","0","","1758","1","1","1","0","0","0","0","2","0","1","0","0","0","7","07","","N","","","","","","","","","",""
"2022124064","2025","1","0","0","1","0","0","0","0","0","8","0","","67","12","2022","2","39.962336","-75.161346","2020","6","0","0","0","0","0","0","0","0","","0","0","0","20","3","1","","1","0","39 57:44.409","","0","75 09:40.847","4","0","0","0","67301","1","0","0","N","0","0","0","2","67301","1","","1.0","","1","N","N","N","0","","0","0","0","3","1","","2016","2","1","0","0","0","0","1","2","0","1","1","0","0","3","03","","N","","","","","","","","","",""
"2022099317","1651","1","0","0","0","0","0","0","0","0","4","0","","67","10","2022","2","39.951601","-75.210775","1647","6","0","0","0","0","0","1","1","0","","0","0","0","16","1","0","","1","0","39 57:05.763","","0","75 12:38.790","0","0","0","0","67301","0","0","0","N","0","0","0","2","67301","0","","1.0","","9","N","N","N","0","","0","0","1","3","3","","1640","2","0","0","0","0","0","0","2","0","2","0","0","0","7","07","","N","","","","","","","","","",""
"2022125228","115","1","0","0","0","0","0","0","0","0","1","0","","67","12","2022","7","40.036594","-75.173936","106","6","0","0","0","0","0","0","0","0","","0","0","0","1","3","0","N","0","0","40 02:11.740","","0","75 10:26.170","9","0","0","0","67301","0","0","0","N","0","0","0","3","67301","0","","6.0","","1","N","N","N","0","","0","0","2","0","0","","105","4","0","0","0","0","0","2","2","0","4","0","0","0","3","","","N","","","","","","","","","",""
"2022123557","59","0","0","0","0","0","0","0","0","0","5","0","","67","12","2022","1","39.98766","-75.089449","37","6","0","0","0","0","0","0","0","0","","0","0","0","0","3","3","N","0","0","39 59:15.576","","0","75 05:22.016","3","0","0","0","67301","0","0","0","N","0","0","0","3","68K01","2","","1.0","","1","N","N","N","0","","1","0","2","0","0","","7","2","3","0","0","0","0","0","2","0","2","0","0","0","3","","","N","","","","","","","","","",""
"2022120118","935","3","0","0","0","0","0","0","0","0","5","0","","67","12","2022","4","39.923442","-75.180799","929","6","0","0","0","0","0","1","0","0","","0","0","0","9","1","1","N","0","2","39 55:24.391","6","0","75 10:50.878","3","0","0","0","67301","0","0","0","N","0","0","0","7","67301","0","","6.0","1100.0","1","N","N","N","0","","1","0","4","0","0","Y","928","7","1","0","0","0","0","0","2","0","7","0","0","0","3","","","N","","","","","","","","","",""
"2022124491","610","3","0","0","0","0","0","0","0","0","5","0","","67","12","2022","5","40.020344","-75.057061","602","6","0","0","0","0","0","0","0","0","","0","0","0","6","3","0","N","0","2","40 01:13.240","5","0","75 03:25.420","0","0","0","0","67301","0","0","0","N","0","0","0","1","67301","0","","6.0","738.0","1","N","N","N","0","","0","0","1","0","0","Y","600","4","0","0","0","0","0","0","2","0","4","0","0","0","3","","","N","","","","","","","","","",""
"2022112764","2158","2","0","0","0","0","0","0","0","0","4","0","","67","11","2022","4","40.029502","-75.146713","2158","6","0","0","0","0","0","1","0","0","","0","0","0","21","3","3","","1","1","40 01:46.206","6","0","75 08:48.166","2","0","0","0","67301","0","0","0","N","0","0","0","4","67301","1","","1.0","1159.0","1","N","N","N","0","","0","1","1","3","2","N","2157","3","3","1","0","0","1","0","2","0","3","0","0","0","3","03","","N","","","","","","","","","",""
"2022122918","1744","0","0","0","0","0","0","0","0","0","5","0","","67","12","2022","5","40.0825","-74.986667","1741","6","0","0","0","0","0","1","0","0","","0","0","0","17","3","0","N","0","0","40 04:57.000","","0","74 59:12.000","9","0","0","0","67301","0","0","0","N","0","0","0","1","67301","0","","6.0","","9","N","N","Y","0","","0","0","2","0","0","","1710","2","0","0","0","0","0","1","2","0","2","0","0","0","7","07","","N","","","","","","","","","",""
"2022124825","229","0","0","0","0","0","0","0","0","0","5","0","","67","12","2022","5","40.072689","-75.077561","226","6","0","0","0","0","0","1","0","0","","0","0","0","2","3","0","N","0","0","40 04:21.680","","0","75 04:39.220","0","0","0","0","67301","0","0","0","N","0","0","0","1","67301","0","","6.0","","1","N","N","N","0","","0","0","2","0","0","","222","2","0","0","0","0","0","0","2","0","2","0","0","0","3","03","","N","","","","","","","","","",""
"2022119861","901","0","0","0","0","0","0","0","0","0","7","0","","67","11","2022","5","39.893104","-75.22603","850","6","0","0","0","0","0","0","0","0","","0","0","0","8","1","1","N","0","2","39 53:35.174","2","8","75 13:33.708","3","0","0","1","67301","0","0","0","N","0","0","0","1","68K01","0","","4.0","946.0","1","N","N","N","0","","1","0","0","0","0","Y","850","1","1","0","0","0","0","0","2","0","1","0","0","0","3","","","N","","","","","","","","","",""
"2022113632","2050","2","0","0","0","0","0","0","0","0","5","0","","67","11","2022","7","39.9125","-75.174194","2046","6","0","0","0","0","0","0","0","0","","0","0","0","20","3","2","","7","0","39 54:45.000","","8","75 10:27.100","4","0","0","0","67301","0","0","0","N","0","0","0","4","67501","2","","1.0","","1","N","N","N","0","","0","0","0","0","0","","2046","2","2","0","0","0","0","1","2","0","2","0","0","0","3","03","","N","","","","","","","","","",""
"2022115115","1930","0","0","0","0","0","0","0","0","0","8","0","","67","11","2022","3","39.970194","-75.135806","1930","6","0","0","0","0","0","0","0","0","","0","0","0","18","4","1","N","0","0","39 58:12.700","","1","75 08:08.900","8","0","0","0","67301","1","0","0","N","1","0","0","3","67301","0","","1.0","","1","N","N","N","0","","0","0","1","0","0","","1813","2","1","0","0","0","1","0","2","0","1","1","0","0","3","03","","N","","","","","","","","","",""
"2022098375","1310","1","0","0","0","0","0","0","0","0","7","0","","67","10","2022","1","40.063705","-75.045966","1308","6","0","0","0","0","0","0","0","0","","0","0","0","13","1","1","","2","0","40 03:49.337","","0","75 02:45.477","3","0","0","0","67301","0","0","0","N","0","0","0","1","67301","0","","5.0","","1","N","N","N","0","","1","0","0","3","3","","1300","1","1","0","0","0","0","0","2","0","1","0","0","0","3","03","","N","","","","","","","","","",""
"2022118746","1636","0","0","0","0","0","0","0","0","0","8","0","","67","12","2022","3","40.052972","-75.007139","1633","6","0","0","0","0","0","0","1","0","","0","0","0","16","1","1","N","0","0","40 03:10.700","","0","75 00:25.700","8","0","0","0","67301","1","0","0","N","1","0","0","2","67301","0","","1.0","","1","N","N","N","0","","0","0","1","0","0","","1605","2","1","0","0","0","1","0","2","0","1","1","0","0","3","","","N","","","","","","","","","",""
"2022115641","1720","1","0","0","0","0","0","0","0","0","8","0","","67","12","2022","6","39.990833","-75.130902","1720","6","0","0","0","0","0","0","0","0","","0","0","0","12","1","1","","1","0","39 59:26.997","","0","75 07:51.248","2","0","0","0","67301","1","0","1","N","1","0","1","2","67301","0","","1.0","","99","N","N","N","0","","0","1","0","3","2","","1230","2","1","1","0","0","0","0","2","0","1","1","0","1","99","","","N","","","","","","","","","",""
"2022123924","1115","1","0","0","0","0","0","0","0","0","4","0","","67","12","2022","1","40.06211","-75.021464","1107","6","0","0","0","0","0","0","0","0","","0","0","0","10","1","0","","2","0","40 03:43.597","","0","75 01:17.271","0","0","0","0","67301","0","0","0","N","0","0","0","2","67301","0","","1.0","","1","N","N","N","0","","0","0","0","3","3","","1052","2","0","0","0","0","0","0","2","1","2","0","0","0","3","03","","N","","","","","","","","","",""
"2022112250","1329","0","0","0","0","0","0","0","0","0","8","0","","67","11","2022","3","40.036762","-75.040946","1329","6","0","0","0","0","0","0","0","0","","0","0","0","12","1","1","","1","0","40 02:12.343","","0","75 02:27.405","3","0","0","0","67301","1","0","0","N","1","0","0","2","67301","0","","1.0","","1","N","N","N","1","","1","0","0","3","2","","1258","2","1","1","0","0","0","0","2","0","1","1","0","0","3","03","","N","","","","","","","","","",""
"2022112755","1555","1","0","0","0","0","0","0","0","0","4","0","","67","11","2022","6","40.054234","-75.049325","1550","6","0","0","0","0","0","0","0","0","","0","0","0","15","1","1","","1","0","40 03:15.244","","0","75 02:57.569","3","0","0","0","67301","0","0","0","N","0","0","0","2","67301","0","","1.0","","1","N","N","N","0","","1","0","1","9","1","","1546","2","1","1","0","0","0","0","2","0","2","0","0","0","3","03","","N","","","","","","","","","",""
"2022124826","2025","1","0","0","0","0","0","0","0","0","4","0","","67","12","2022","5","40.055325","-75.07335","2022","6","0","0","0","0","1","0","1","0","","0","0","0","20","3","1","","1","0","40 03:19.170","","0","75 04:24.060","4","0","0","0","67301","0","0","0","N","0","0","0","2","67301","1","","1.0","","1","N","N","N","0","","0","0","1","3","2","","2007","2","1","0","0","0","0","0","2","0","2","0","0","0","3","03","","N","","","","","","","","","",""
"2022119589","2220","2","0","0","0","0","0","0","0","0","4","0","","67","12","2022","1","40.010456","-75.155886","2212","6","0","0","0","0","0","0","0","0","","0","0","0","20","3","0","N","0","0","40 00:37.640","","0","75 09:21.190","9","0","0","0","67301","0","0","0","N","0","0","0","1","67301","0","","4.0","","9","N","N","N","1","","0","0","1","0","0","","2030","4","0","0","0","0","0","1","2","0","4","0","0","0","4","","","N","","","","","","","","","",""
"2022115452","2011","0","0","0","0","0","0","0","0","0","4","0","","67","11","2022","6","39.965313","-75.242094","2011","6","0","0","0","0","0","0","0","0","","0","0","0","19","3","1","","1","0","39 57:55.126","","0","75 14:31.538","8","0","0","0","67301","0","0","0","N","0","0","0","3","67301","0","","1.0","","1","N","N","N","0","","0","0","2","3","3","","1955","2","1","1","0","0","1","1","2","0","2","0","0","0","3","03","","N","","","","","","","","","",""
"2022122652","1910","1","0","0","0","0","0","0","0","0","7","0","","67","12","2022","5","39.915034","-75.171656","1907","6","0","0","0","0","0","0","1","0","","0","0","0","19","3","0","N","0","0","39 54:54.122","","0","75 10:17.963","0","0","0","0","67301","0","0","0","N","0","0","0","1","67301","0","","3.0","","9","N","N","N","0","","0","0","2","0","0","","1905","3","0","0","0","0","0","0","2","0","3","0","0","0","7","","","N","","","","","","","","","",""
"2022098262","1155","0","0","0","0","0","0","0","0","0","4","0","","67","10","2022","6","39.932011","-75.225186","1155","6","0","0","0","0","0","0","0","0","","0","0","0","10","1","0","N","0","0","39 55:55.240","","7","75 13:30.670","9","0","0","0","67301","0","0","0","N","0","0","0","2","67301","0","","1.0","","1","N","N","N","0","","0","0","2","0","0","","1023","2","0","0","0","0","0","1","2","0","2","0","0","0","3","","","N","","","","","","","","","",""
"2022119039","2230","2","0","0","0","0","0","0","0","0","1","0","","67","12","2022","4","40.053564","-75.141271","2230","6","0","0","0","0","0","0","0","0","","0","0","0","17","3","2","N","0","0","40 03:12.832","","0","75 08:28.576","3","0","0","0","67301","0","0","0","N","0","0","0","5","67301","0","","1.0","","1","N","N","N","0","","2","0","1","3","2","","1745","3","2","0","0","0","0","1","2","0","3","0","0","0","3","","","N","","","","","","","","","",""
"2022112239","2130","1","0","0","0","0","0","0","0","0","7","0","","67","11","2022","3","40.06221","-75.177313","2102","6","0","0","0","0","0","1","0","0","","0","0","0","18","3","1","","1","0","40 03:43.956","","0","75 10:38.326","3","0","0","0","67301","0","0","0","N","0","0","0","1","67301","0","","5.0","","1","N","N","N","0","","1","0","0","0","0","","1847","1","1","0","0","0","0","0","2","0","1","0","0","0","3","","","N","","","","","","","","","",""
"2022112241","13","1","0","0","0","0","0","0","0","0","1","0","","67","11","2022","4","40.047047","-75.167908","12","6","0","0","0","0","0","0","0","0","","0","0","0","23","3","0","N","0","0","40 02:49.370","","0","75 10:04.470","0","0","0","0","67301","0","0","0","N","0","0","0","2","67301","0","","6.0","","1","N","N","N","0","","0","0","1","0","0","","2355","3","0","0","0","0","0","0","2","0","2","0","0","0","3","","","N","","","","","","","","","",""
"2022122922","1808","2","0","0","0","0","0","0","0","0","4","0","","67","12","2022","6","40.008888","-75.071869","1803","6","0","0","0","0","0","0","1","0","","0","0","0","17","3","0","","5","1","40 00:31.996","2","0","75 04:18.728","9","0","0","0","67301","0","0","0","N","0","0","0","4","67301","0","","1.0","100.0","2","N","N","N","0","","0","0","0","3","2","N","1750","2","0","0","0","0","0","1","2","0","2","0","0","0","6","","","N","","","","","","","","","",""
"2022112933","1321","1","0","0","0","0","0","0","0","0","1","0","","67","11","2022","1","40.01915","-75.190622","1317","6","0","0","0","0","1","0","0","0","","0","0","0","12","1","0","N","0","0","40 01:08.940","","0","75 11:26.239","0","0","0","0","67301","0","0","0","N","0","0","0","2","67301","0","","1.0","","9","N","N","N","0","","0","0","1","0","0","","1220","3","0","0","0","0","0","0","2","0","2","0","0","0","7","07","","N","","","","","","","","","",""
"2022120902","1625","1","0","0","0","0","0","0","0","0","5","0","","67","11","2022","4","39.966846","-75.229649","1622","6","0","0","0","0","0","0","0","0","","0","0","0","15","1","0","N","0","0","39 58:00.644","","0","75 13:46.735","0","0","0","0","67301","0","0","0","N","0","0","0","2","67301","0","","1.0","","9","N","N","N","1","","0","0","0","0","0","","1545","2","0","0","0","0","0","0","2","0","2","0","0","0","7","04","","N","","","","","","","","","",""
"2022109758","46","1","0","0","0","0","0","0","0","0","7","0","","67","11","2022","1","39.897624","-75.252377","44","6","0","0","0","0","0","0","0","0","","0","0","0","0","3","0","","1","0","39 53:51.445","","0","75 15:08.556","0","0","0","0","67301","0","0","0","N","0","0","0","1","67301","0","","3.0","","1","N","N","N","0","","0","0","0","3","2","","43","1","0","1","0","0","0","0","2","0","1","0","0","0","3","03","","N","","","","","","","","","",""
"2022096760","1040","2","0","0","0","0","0","0","0","0","4","0","","67","10","2022","3","39.987842","-75.09547","1040","6","0","0","0","0","0","0","1","0","","0","0","0","10","1","1","","1","0","39 59:16.231","","0","75 05:43.691","3","0","0","0","67301","0","0","0","N","0","0","0","2","67301","0","","1.0","","1","N","N","N","0","","1","0","0","3","3","","1033","2","1","0","0","0","0","0","2","0","2","0","0","0","3","03","","N","","","","","","","","","",""
"2022110253","820","0","0","0","0","0","0","0","0","0","8","0","","67","11","2022","5","39.999744","-75.138521","812","6","0","0","0","0","0","0","0","0","","0","0","0","8","1","1","","1","0","39 59:59.077","","0","75 08:18.677","3","0","0","0","67301","1","0","0","N","1","0","0","2","67301","0","","1.0","","1","N","N","N","0","","1","0","0","3","2","","800","2","1","1","0","0","0","0","2","1","1","1","0","0","3","03","","N","","","","","","","","","",""
"2022098893","1710","1","0","0","0","0","0","0","0","0","8","0","","67","10","2022","2","40.033136","-75.17061","1709","6","0","0","0","0","0","0","0","0","","0","0","0","17","1","1","","1","0","40 01:59.289","","0","75 10:14.197","8","0","0","0","67301","1","0","0","N","1","0","0","2","67301","0","","1.0","","9","N","N","N","0","","0","0","0","3","2","","1705","2","1","0","0","0","1","0","2","0","1","1","0","0","4","07","","N","","","","","","","","","",""
"2022112211","1121","1","0","0","0","0","0","0","0","0","4","0","","67","11","2022","4","39.956562","-75.15133","1107","6","0","0","0","0","0","0","1","0","","0","0","0","11","1","1","","2","1","39 57:23.624","1","0","75 09:04.788","3","0","0","0","67301","0","0","0","N","0","0","0","3","67301","0","","1.0","1145.0","1","N","N","N","0","","1","0","1","3","2","N","1103","2","1","0","0","0","0","0","2","0","2","0","0","0","3","","","N","","","","","","","","","",""
"2022112223","1516","2","0","0","0","0","0","0","0","0","4","0","","67","11","2022","4","40.088176","-74.96751","1515","6","0","0","0","1","0","0","0","0","","0","0","0","15","1","0","N","0","1","40 05:17.433","1","7","74 58:03.036","0","0","0","0","67301","0","0","0","N","0","0","0","3","67301","0","","1.0","100.0","1","N","N","N","0","","0","0","1","3","3","N","1513","3","0","0","0","0","0","0","2","0","3","0","0","0","3","03","","N","","","","","","","","","",""
"2022123472","218","2","0","0","0","0","0","0","0","0","5","0","","67","12","2022","4","39.967439","-75.239636","216","6","0","0","0","0","0","0","0","0","","0","0","0","2","3","0","N","0","0","39 58:02.780","","0","75 14:22.690","9","0","0","0","67301","0","0","0","N","0","0","0","1","67301","0","","6.0","","1","N","N","N","0","","0","0","3","0","0","","205","5","0","0","0","0","0","1","2","0","5","0","0","0","3","03","","N","","","","","","","","","",""
"2022123671","2328","1","0","0","0","0","0","0","0","0","4","0","","67","11","2022","5","39.987214","-75.178905","2321","6","0","0","0","0","0","0","0","0","","0","0","0","23","3","2","","2","1","39 59:13.970","1","0","75 10:44.058","8","0","0","0","67301","0","0","0","N","0","0","0","6","67301","0","","1.0","120.0","1","N","N","N","1","","0","0","0","0","0","N","2304","3","2","0","0","0","2","4","2","1","3","0","0","0","3","03","","N","","","","","","","","","",""
"2022113476","1735","2","0","0","0","0","0","0","0","0","5","0","","67","12","2022","5","39.961556","-75.195611","1735","6","0","0","1","0","0","0","0","0","","0","0","0","17","3","0","N","0","1","39 57:41.600","2","0","75 11:44.200","0","0","0","0","67301","0","0","0","N","0","0","0","1","67507","0","","6.0","1910.0","1","N","N","N","0","","0","0","1","0","0","N","1730","3","0","0","0","0","0","0","2","0","3","0","0","0","3","","","N","","","","","","","","","",""
"2022108079","104","5","0","0","0","0","0","0","0","0","5","0","","67","10","2022","7","39.985949","-75.111249","104","6","0","0","0","0","0","0","0","0","","0","0","0","1","3","0","N","0","0","39 59:09.417","","0","75 06:40.497","0","0","0","0","67301","0","0","0","N","0","0","0","1","67301","0","","6.0","","1","N","N","N","1","","0","0","0","0","0","","100","6","0","1","0","0","0","0","2","0","6","0","0","0","3","03","","N","","","","","","","","","",""
"2022115553","1202","1","0","0","0","0","0","0","0","0","5","0","","67","10","2022","7","39.967391","-75.132907","1157","6","0","0","0","0","0","0","0","0","","0","0","0","11","1","1","N","0","0","39 58:02.606","","0","75 07:58.464","2","0","1","1","67301","0","0","0","N","0","0","0","2","68K01","0","","1.0","","1","N","N","N","0","","0","1","0","0","0","","1155","2","1","0","0","0","0","0","2","0","2","0","0","0","3","","","N","","","","","","","","","",""
"2022100525","1810","0","0","0","0","0","0","0","0","0","5","0","","67","10","2022","5","40.032258","-75.187672","1806","6","0","0","0","0","0","1","0","1","","0","0","0","17","4","0","N","3","0","40 01:56.130","","0","75 11:15.620","0","0","0","0","67301","0","0","0","N","0","0","0","4","67301","0","","1.0","","1","N","N","N","0","","0","0","3","0","0","","1756","3","0","0","0","0","0","0","2","0","3","0","0","0","3","03","","N","","","","","","","","","",""
"2022122648","820","0","0","0","0","0","0","0","0","0","4","0","","67","12","2022","4","40.059496","-75.080553","810","6","0","0","0","0","0","1","0","0","","0","0","0","8","1","3","","1","1","40 03:34.187","3","0","75 04:49.989","3","0","0","0","67301","0","0","0","N","0","0","0","3","67301","0","","1.0","930.0","1","N","N","N","0","","3","0","1","3","2","N","809","2","3","0","0","0","0","0","2","1","2","0","0","0","3","03","","N","","","","","","","","","",""
"2022098742","110","1","0","0","0","0","0","0","0","0","7","0","","67","10","2022","5","40.011333","-75.147286","108","6","0","0","0","0","0","0","0","0","","0","0","0","1","3","1","N","0","0","40 00:40.800","","0","75 08:50.230","3","0","0","0","67301","0","0","0","N","0","0","0","1","67301","0","","6.0","","1","N","N","N","0","","1","0","0","0","0","","107","1","1","0","0","0","0","0","2","0","1","0","0","0","3","03","","N","","","","","","","","","",""
"2022119011","835","1","0","0","0","0","0","0","0","0","4","0","","67","12","2022","2","40.080722","-75.028472","832","6","0","0","0","0","0","0","0","0","","0","0","0","8","1","0","","1","0","40 04:50.600","","0","75 01:42.500","0","0","0","0","67301","0","0","0","N","0","0","0","2","67301","0","","1.0","","1","N","N","N","0","","0","0","1","3","2","","825","2","0","0","0","0","0","0","2","0","2","0","0","0","3","03","","N","","","","","","","","","",""
"2022124834","1346","1","0","0","0","0","0","0","0","0","4","0","","67","12","2022","5","40.086041","-75.211941","1339","6","0","0","0","0","0","0","1","1","","0","0","0","13","1","0","","1","0","40 05:09.747","","0","75 12:42.989","0","0","0","0","67301","0","0","0","N","0","0","0","3","67301","0","","1.0","","1","N","N","N","0","","0","0","1","3","2","","1300","2","0","0","0","0","0","0","2","0","2","0","0","0","3","03","","N","","","","","","","","","",""
"2022113199","108","0","0","0","0","0","0","0","0","0","8","0","","67","11","2022","1","39.992999","-75.134514","105","6","0","0","0","0","0","0","0","0","","0","0","0","0","3","1","","1","0","39 59:34.796","","0","75 08:04.250","2","0","0","0","67301","1","0","1","N","1","0","1","2","67301","0","","1.0","","1","N","N","N","0","","0","1","0","3","2","","45","2","1","0","0","0","0","0","2","0","1","1","0","1","3","03","","N","","","","","","","","","",""
"2022117416","2142","1","0","0","0","0","0","0","0","0","5","0","","67","12","2022","7","39.935103","-75.223647","2142","6","0","0","0","0","0","1","0","0","","0","0","0","21","3","0","N","0","0","39 56:06.370","","0","75 13:25.130","0","0","0","0","67301","0","0","0","N","0","0","0","1","67301","0","","6.0","","1","N","N","N","0","","0","0","2","0","0","","2142","3","0","0","0","0","0","0","2","0","3","0","0","0","3","03","","N","","","","","","","","","",""
"2022095341","1957","0","0","0","0","0","0","0","0","0","1","0","","67","10","2022","5","39.945152","-75.142029","1954","6","0","0","0","0","0","1","0","0","","0","0","0","19","4","1","","2","0","39 56:42.548","","0","75 08:31.305","8","0","0","0","67301","0","0","0","N","0","0","0","2","67301","0","","1.0","","9","N","N","N","0","","0","0","0","3","2","","1907","2","1","0","0","0","1","0","2","1","2","0","0","0","7","","","N","","","","","","","","","",""
"2022118743","1156","1","0","0","0","0","0","0","0","0","4","0","","67","12","2022","4","40.098306","-75.047139","1155","6","0","0","0","0","0","0","0","0","","0","0","0","11","1","3","","1","1","40 05:53.900","4","0","75 02:49.700","3","0","0","0","67301","0","0","0","N","0","0","0","4","67301","1","","1.0","55.0","1","N","N","N","0","","2","0","1","3","2","N","1150","2","3","0","0","0","0","0","2","0","2","0","0","0","3","","","N","","","","","","","","","",""