"CRN","ARRIVAL_TM","AUTOMOBILE_COUNT","BELTED_DEATH_COUNT","BELTED_SUSP_SERIOUS_INJ_COUNT","BICYCLE_COUNT","BICYCLE_DEATH_COUNT","BICYCLE_SUSP_SERIOUS_INJ_COUNT","BUS_COUNT","CHLDPAS_DEATH_COUNT","CHLDPAS_SUSP_SERIOUS_INJ_COUNT","COLLISION_TYPE","COMM_VEH_COUNT","CONS_ZONE_SPD_LIM","COUNTY","CRASH_MONTH","CRASH_YEAR","DAY_OF_WEEK","DEC_LATITUDE","DEC_LONGITUDE","DISPATCH_TM","DISTRICT","DRIVER_COUNT_16YR","DRIVER_COUNT_17YR","DRIVER_COUNT_18YR","DRIVER_COUNT_19YR","DRIVER_COUNT_20YR","DRIVER_COUNT_50_64YR","DRIVER_COUNT_65_74YR","DRIVER_COUNT_75PLUS","EST_HRS_CLOSED","FATAL_COUNT","HEAVY_TRUCK_COUNT","HORSE_BUGGY_COUNT","HOUR_OF_DAY","ILLUMINATION","INJURY_COUNT","INTERSECTION_RELATED","INTERSECT_TYPE","LANE_CLOSED","LATITUDE","LN_CLOSE_DIR","LOCATION_TYPE","LONGITUDE","MAX_SEVERITY_LEVEL","MCYCLE_DEATH_COUNT","MCYCLE_SUSP_SERIOUS_INJ_COUNT","MOTORCYCLE_COUNT","MUNICIPALITY","NONMOTR_COUNT","NONMOTR_DEATH_COUNT","NONMOTR_SUSP_SERIOUS_INJ_COUNT","NTFY_HIWY_MAINT","PED_COUNT","PED_DEATH_COUNT","PED_SUSP_SERIOUS_INJ_COUNT","PERSON_COUNT","POLICE_AGCY","POSSIBLE_INJ_COUNT","RDWY_SURF_TYPE_CD","RELATION_TO_ROAD","ROADWAY_CLEARED","ROAD_CONDITION","SCH_BUS_IND","SCH_ZONE_IND","SECONDARY_CRASH","SMALL_TRUCK_COUNT","SPEC_JURIS_CD","SUSP_MINOR_INJ_COUNT","SUSP_SERIOUS_INJ_COUNT","SUV_COUNT","TCD_FUNC_CD","TCD_TYPE","TFC_DETOUR_IND","TIME_OF_DAY","TOTAL_UNITS","TOT_INJ_COUNT","UNBELTED_OCC_COUNT","UNB_DEATH_COUNT","UNB_SUSP_SERIOUS_INJ_COUNT","UNK_INJ_DEG_COUNT","UNK_INJ_PER_COUNT","URBAN_RURAL","VAN_COUNT","VEHICLE_COUNT","VULNERABLE_ROAD_USER_COUNT","VULNERABLE_ROAD_USER_DEATH_COUNT","VULNERABLE_ROAD_USER_SER_INJ_COUNT","WEATHER1","WEATHER2","WORKERS_PRES","WORK_ZONE_IND","WORK_ZONE_LOC","WORK_ZONE_TYPE","WZ_CLOSE_DETOUR","WZ_FLAGGER","WZ_LAW_OFFCR_IND","WZ_LN_CLOSURE","WZ_MOVING","WZ_OTHER","WZ_SHLDER_MDN","WZ_WORKERS_INJ_KILLED"
"2022112401","1543","1","0","0","0","0","0","0","0","0","4","0","","67","11","2022","7","39.953333","-75.183743","1543","6","0","0","1","0","0","0","0","0","","0","0","0","15","1","0","","1","0","39 57:11.997","","0","75 11:01.475","0","0","0","0","67301","0","0","0","N","0","0","0","7","67301","0","","1.0","","1","N","N","N","0","","0","0","1","3","2","","1511","2","0","0","0","0","0","0","2","0","2","0","0","0","3","03","","N","","","","","","","","","",""
"2022110680","2010","2","0","0","0","0","0","0","0","0","1","0","","67","11","2022","7","40.030829","-75.146547","2005","6","0","0","0","0","0","0","0","0","","0","0","0","20","3","1","","3","0","40 01:50.986","","0","75 08:47.570","3","0","0","0","67301","0","0","0","N","0","0","0","3","67301","0","","1.0","","1","N","N","N","0","","1","0","1","3","2","","2000","3","1","0","0","0","0","0","2","0","3","0","0","0","3","03","","N","","","","","","","","","",""
"2022110547","1746","0","0","0","0","0","0","0","0","0","6","0","","67","11","2022","1","40.131067","-75.013754","1746","6","0","0","0","0","0","1","0","0","","0","0","0","17","3","0","N","0","0","40 07:51.841","","0","75 00:49.516","9","0","0","0","67301","0","0","0","N","0","0","0","2","67301","0","","1.0","","1","N","N","N","1","","0","0","1","0","0","","1726","2","0","0","0","0","0","1","2","0","2","0","0","0","3","03","","N","","","","","","","","","",""
"2022121946","1105","1","0","0","0","0","0","0","0","0","7","0","","67","11","2022","2","39.954214","-75.244405","1057","6","0","0","0","0","0","0","0","0","","0","0","0","10","1","0","","1","0","39 57:15.170","","0","75 14:39.857","9","0","0","0","67301","0","0","0","N","0","0","0","1","67301","0","","5.0","","1","N","N","N","0","","0","0","0","3","3","","1055","1","0","0","0","0","0","1","2","0","1","0","0","0","3","","","N","","","","","","","","","",""
"2022097580","1330","1","0","0","0","0","0","0","0","0","8","0","","67","10","2022","5","40.027246","-75.183526","1323","6","0","0","0","0","0","0","0","0","","0","0","0","9","1","1","","2","0","40 01:38.085","","0","75 11:00.693","3","0","0","0","67301","1","0","0","N","1","0","0","2","67301","0","","1.0","","1","N","N","N","0","","1","0","0","3","2","","930","2","1","0","0","0","0","1","2","0","1","1","0","0","3","03","","N","","","","","","","","","",""
"2022112243","2000","3","0","0","0","0","0","0","0","0","4","0","","67","11","2022","6","40.067377","-75.150498","1956","6","0","0","0","1","0","1","0","0","","0","0","0","19","3","2","","1","0","40 04:02.557","","0","75 09:01.792","2","0","0","0","67301","0","0","0","N","0","0","0","6","67301","1","","1.0","","1","N","N","N","0","","0","1","3","3","3","","1956","6","2","2","0","1","0","0","2","0","6","0","0","0","3","03","","N","","","","","","","","","",""
"2022118170","1822","0","0","0","0","0","0","0","0","0","4","0","","67","12","2022","2","40.022444","-75.084444","1821","6","0","0","0","0","0","0","0","0","","0","0","0","18","3","2","","1","0","40 01:20.800","","0","75 05:04.000","3","0","0","0","67301","0","0","0","N","0","0","0","2","67301","1","","1.0","","1","N","N","N","0","","1","0","2","3","2","","1820","2","2","0","0","0","0","0","2","0","2","0","0","0","3","03","","N","","","","","","","","","",""
"2022098156","1856","0","0","0","0","0","0","0","0","0","4","0","","67","10","2022","6","39.958705","-75.233331","1854","6","0","0","0","0","0","1","0","0","","0","0","0","18","3","1","","1","0","39 57:31.337","","0","75 13:59.991","3","0","0","0","67301","0","0","0","N","0","0","0","2","67301","0","","1.0","","1","N","N","N","0","","1","0","2","3","3","","1812","2","1","0","0","0","0","1","2","0","2","0","0","0","3","","","N","","","","","","","","","",""
"2022115450","47","3","0","0","0","0","0","0","0","0","5","0","","67","11","2022","7","39.999846","-75.229268","47","6","0","0","0","0","0","2","0","0","","0","0","0","0","3","1","N","0","0","39 59:59.444","","0","75 13:45.366","3","0","0","0","67301","0","0","0","N","0","0","0","5","67301","0","","1.0","","1","N","N","N","0","","1","0","2","0","0","","47","5","1","1","0","0","0","0","2","0","5","0","0","0","3","03","","N","","","","","","","","","",""
"2022097575","1654","0","0","0","0","0","0","0","0","0","8","0","","67","10","2022","5","39.915899","-75.164491","1654","6","0","0","0","0","0","0","0","0","","0","0","0","10","1","1","","1","0","39 54:57.236","","0","75 09:52.167","2","0","0","0","67301","1","0","1","N","1","0","1","2","67301","0","","1.0","","1","N","N","N","0","","0","1","0","3","2","","1030","2","1","0","0","0","0","0","2","0","1","1","0","1","3","03","","N","","","","","","","","","",""
"2022112195","1735","1","0","0","0","0","0","0","0","0","4","0","","67","11","2022","4","40.036608","-75.064461","1720","6","0","0","0","0","0","0","0","0","","0","0","0","17","3","2","","1","0","40 02:11.789","","0","75 03:52.061","3","0","0","0","67301","0","0","0","N","0","0","0","3","67301","0","","1.0","","1","N","N","N","0","","1","0","1","3","2","","1720","2","2","0","0","0","1","0","2","0","2","0","0","0","3","03","","N","","","","","","","","","",""
"2022120914","1313","1","0","0","0","0","0","0","0","0","8","0","","67","12","2022","1","39.971302","-75.127081","1313","6","0","0","0","0","0","0","0","0","","0","0","0","13","1","1","","1","0","39 58:16.688","","0","75 07:37.492","4","0","0","0","67301","1","0","0","N","1","0","0","2","67301","1","","1.0","","1","N","N","N","0","","0","0","0","3","2","","1300","2","1","1","0","0","0","0","2","0","1","1","0","0","3","03","","N","","","","","","","","","",""
"2022124326","2234","2","0","0","0","0","0","0","0","0","4","0","","67","12","2022","1","40.129225","-75.024888","2234","6","0","0","0","0","0","0","0","1","","0","0","0","22","3","0","","1","1","40 07:45.210","6","0","75 01:29.597","9","0","0","0","67301","0","0","0","N","0","0","0","3","67301","0","","1.0","2331.0","1","N","N","N","0","","0","0","0","3","2","N","2215","2","0","0","0","0","0","1","2","0","2","0","0","0","3","","","N","","","","","","","","","",""
"2022120905","913","1","0","0","0","0","0","0","0","0","8","0","","67","12","2022","3","39.967353","-75.241672","912","6","0","0","0","0","0","0","0","0","","0","0","0","9","1","1","N","0","0","39 58:02.470","","0","75 14:30.020","3","0","0","0","67301","1","0","0","N","1","0","0","2","67301","0","","1.0","","1","N","N","N","0","","1","0","0","0","0","","910","2","1","0","0","0","0","0","2","0","1","1","0","0","3","","","N","","","","","","","","","",""
"2022124323","2030","1","0","0","0","0","0","0","0","0","4","0","","67","12","2022","7","39.957398","-75.157071","2024","6","0","0","0","0","0","0","0","0","","0","0","0","20","3","2","","1","0","39 57:26.633","","3","75 09:25.457","4","0","0","0","67301","1","0","0","N","1","0","0","4","67301","1","","1.0","","1","N","N","Y","0","","0","0","2","3","2","","2009","4","2","0","0","0","1","1","2","0","3","1","0","0","3","","","N","","","","","","","","","",""
"2022112203","1055","0","0","0","0","0","0","0","0","0","1","0","","67","11","2022","7","39.91442","-75.15306","1053","6","0","0","0","0","0","1","0","1","","0","0","0","10","1","3","","2","0","39 54:51.912","","0","75 09:11.017","8","0","0","0","67301","0","0","0","N","0","0","0","3","67301","0","","1.0","","1","N","N","N","0","","0","0","1","3","2","","1035","2","3","0","0","0","3","0","2","1","2","0","0","0","3","","","N","","","","","","","","","",""
"2022123938","1732","0","0","0","0","0","0","0","0","0","8","0","","67","12","2022","2","40.031105","-75.177789","1732","6","0","0","0","0","0","0","0","0","","0","0","0","17","3","2","","2","0","40 01:51.977","","0","75 10:40.042","3","0","0","0","67301","2","0","0","N","2","0","0","3","67301","0","","1.0","","1","N","N","N","0","","2","0","1","3","2","","1728","3","2","0","0","0","0","1","2","0","1","2","0","0","3","03","","N","","","","","","","","","",""
"2022113346","1237","2","0","0","0","0","0","0","0","0","1","0","","67","11","2022","1","40.014639","-75.178469","1230","6","0","0","0","0","0","0","0","0","","0","0","0","12","1","0","","1","0","40 00:52.700","","8","75 10:42.488","9","0","0","0","67301","0","0","0","N","0","0","0","3","67301","0","","1.0","","9","N","N","N","0","","0","0","0","3","2","","1200","3","0","0","0","0","0","1","2","0","3","0","0","0","7","04","","N","","","","","","","","","",""
"2022099880","2037","1","0","0","0","0","0","0","0","0","4","0","","67","10","2022","7","39.903432","-75.243164","2036","6","0","0","0","0","0","1","0","0","","0","0","0","19","3","1","","1","0","39 54:12.355","","0","75 14:35.390","8","0","0","0","67301","0","0","0","N","0","0","0","3","67301","0","","1.0","","1","N","N","N","0","","0","0","0","3","2","","1952","2","1","0","0","0","1","1","2","0","2","0","0","0","3","03","","N","","","","","","","","","",""
"2022097775","1645","1","0","0","0","0","0","0","0","0","8","0","","67","10","2022","6","","","1635","6","0","0","0","0","0","0","0","1","","0","0","0","16","1","2","","1","0","","","0","","8","0","0","0","67301","2","0","0","N","2","0","0","3","67301","0","","1.0","","1","N","N","N","0","","0","0","0","3","3","","1630","3","2","0","0","0","2","0","1","0","1","2","0","0","3","98","","N","","","","","","","","","",""
"2022102166","1145","1","0","0","0","0","0","0","0","0","1","0","","67","10","2022","7","40.012915","-75.058222","1139","6","0","0","0","0","0","1","0","0","","0","0","0","11","1","0","N","0","1","40 00:46.493","1","0","75 03:29.600","0","0","0","0","67301","0","0","0","N","0","0","0","3","68K01","0","","1.0","1150.0","1","N","N","N","1","","0","0","1","0","0","N","1134","3","0","0","0","0","0","0","2","0","3","0","0","0","3","","","N","","","","","","","","","",""
"2022107167","1401","0","0","0","0","0","0","0","0","0","2","0","","67","11","2022","2","40.070536","-75.158797","1354","6","0","0","0","0","0","0","0","0","","0","0","0","13","1","0","N","0","0","40 04:13.930","","0","75 09:31.670","0","0","0","0","67301","0","0","0","N","0","0","0","1","67301","0","","1.0","","1","N","N","N","0","","0","0","1","0","0","","1348","2","0","0","0","0","0","0","2","0","2","0","0","0","3","","","N","","","","","","","","","",""
"2022122398","2300","0","0","0","0","0","0","0","0","0","1","0","","67","12","2022","6","40.00866","-75.068532","2300","6","0","0","0","0","0","0","1","0","","0","0","0","14","1","0","N","0","0","40 00:31.176","","0","75 04:06.715","0","0","0","0","67301","0","0","0","N","0","0","0","2","67301","0","","1.0","","1","N","N","N","0","","0","0","2","0","0","","1430","2","0","0","0","0","0","0","2","0","2","0","0","0","3","03","","N","","","","","","","","","",""
"2022118462","1533","3","0","0","0","0","0","0","0","0","1","0","","67","10","2022","1","40.019733","-75.044452","1512","6","0","0","0","1","1","0","0","0","","0","0","0","15","1","0","N","0","0","40 01:11.040","","0","75 02:40.028","0","0","0","0","67301","0","0","0","N","0","0","0","3","68K01","0","","1.0","","9","N","N","N","0","","0","0","0","0","0","","1508","3","0","0","0","0","0","0","2","0","3","0","0","0","7","07","","N","","","","","","","","","",""
"2022099323","1716","1","0","0","0","0","0","0","0","0","8","0","","67","10","2022","7","40.042577","-75.129156","1715","6","0","0","0","0","0","0","0","0","","0","0","0","19","3","1","","1","0","40 02:33.277","","0","75 07:44.961","3","0","0","0","67301","1","0","0","N","1","0","0","2","67301","0","","1.0","","1","N","N","N","0","","1","0","0","3","2","","1900","2","1","0","0","0","0","1","2","0","1","1","0","0","3","03","","N","","","","","","","","","",""
"2022100793","2038","0","0","0","0","0","0","0","0","0","7","0","","67","10","2022","5","39.963491","-75.20922","2038","6","0","0","0","0","0","0","0","0","","0","0","0","20","3","1","","1","0","39 57:48.567","","0","75 12:33.191","3","0","0","0","67301","0","0","0","N","0","0","0","1","67301","0","","4.0","","1","N","N","N","0","","1","0","1","3","3","","2030","1","1","0","0","0","0","0","2","0","1","0","0","0","3","03","","N","","","","","","","","","",""
"2022098726","1713","0","0","0","1","0","0","0","0","0","8","0","","67","10","2022","5","39.951094","-75.153569","1705","6","0","0","0","0","0","1","0","0","","0","0","0","14","1","1","","1","1","39 57:03.940","7","0","75 09:12.848","2","0","1","1","67301","1","0","0","N","0","0","0","2","67301","0","","1.0","1800.0","1","N","N","N","0","","0","1","0","3","7","Y","1457","2","1","0","0","0","0","0","2","0","1","1","0","0","3","03","","N","","","","","","","","","",""
"2022123467","910","2","0","0","0","0","0","0","0","0","2","0","","67","10","2022","6","39.973275","-75.231128","904","6","0","0","0","0","0","0","0","0","","0","0","0","7","1","1","N","0","0","39 58:23.790","","0","75 13:52.060","3","0","0","0","67301","0","0","0","N","0","0","0","2","67301","0","","1.0","","1","N","N","N","0","","1","0","2","0","0","","718","4","1","1","0","0","0","1","2","0","4","0","0","0","3","03","","N","","","","","","","","","",""
"2022113331","1755","1","0","0","0","0","0","0","0","0","1","0","","67","11","2022","1","39.969672","-75.163178","1745","6","0","0","0","0","0","0","0","0","","0","0","0","17","4","0","N","0","0","39 58:10.820","","0","75 09:47.440","0","0","0","0","67301","0","0","0","N","0","0","0","2","67301","0","","1.0","","1","N","N","N","0","","0","0","4","0","0","","1730","5","0","0","0","0","0","0","2","0","5","0","0","0","3","","","N","","","","","","","","","",""
"2022112258","2144","2","0","0","0","0","0","0","0","0","4","0","","67","11","2022","3","39.958928","-75.241393","2142","6","0","0","0","0","0","0","0","0","","0","0","0","21","3","1","","1","0","39 57:32.142","","0","75 14:29.013","8","0","0","0","67301","0","0","0","N","0","0","0","2","67301","0","","1.0","","1","N","N","N","0","","0","0","0","3","2","","2130","2","1","0","0","0","1","0","2","0","2","0","0","0","3","03","","N","","","","","","","","","",""
"2022110552","2326","1","0","0","0","0","0","0","0","0","4","0","","67","11","2022","1","40.04028","-75.03134","2319","6","0","0","0","0","0","0","0","0","","0","0","0","22","3","3","","2","0","40 02:25.008","","0","75 01:52.825","4","0","0","0","67301","0","0","0","N","0","0","0","4","67301","2","","1.0","","1","N","N","N","1","","0","0","0","3","2","","2246","2","3","0","0","0","1","0","2","0","2","0","0","0","3","","","N","","","","","","","","","",""
"2022114515","2034","1","0","0","0","0","0","0","0","0","1","0","","67","11","2022","4","40.080259","-75.029084","2034","6","0","0","0","0","0","0","0","0","","0","0","0","20","3","0","Y","0","1","40 04:48.931","1","0","75 01:44.703","0","0","0","0","67301","0","0","0","N","0","0","0","5","67301","0","","1.0","2055.0","1","N","N","N","0","","0","0","1","3","2","N","2033","2","0","0","0","0","0","0","2","0","2","0","0","0","3","","","N","","","","","","","","","",""
"2022124083","1140","0","0","0","0","0","0","0","0","0","3","0","","67","12","2022","3","40.010517","-75.195425","1130","6","0","0","0","0","0","1","0","0","","0","0","0","11","1","0","N","0","2","40 00:37.860","4","0","75 11:43.530","0","0","0","0","67301","0","0","0","N","0","0","0","1","67301","0","","6.0","1215.0","1","N","N","N","0","","0","0","2","0","0","N","1130","3","0","1","0","0","0","0","2","1","3","0","0","0","3","03","","N","","","","","","","","","",""
"2022119590","1621","0","0","0","0","0","0","0","0","0","4","0","","67","12","2022","3","40.00221","-75.1577","1621","6","0","0","0","0","0","1","0","0","","0","0","0","11","1","2","","1","0","40 00:07.957","","0","75 09:27.721","4","0","0","0","67301","0","0","0","N","0","0","0","3","67301","2","","1.0","","1","N","N","N","0","","0","0","1","3","2","","1130","2","2","0","0","0","0","0","2","0","2","0","0","0","3","03","","N","","","","","","","","","",""
"2022100960","2022","1","0","0","1","0","0","0","0","0","8","0","","67","10","2022","4","39.955497","-75.213652","2020","6","0","0","0","0","0","0","0","0","","0","0","0","12","8","1","","1","0","39 57:19.789","","0","75 12:49.146","3","0","0","0","67301","1","0","0","N","0","0","0","2","67301","0","","1.0","","99","N","N","N","0","","1","0","0","3","2","","1215","2","1","0","0","0","0","1","2","0","1","1","0","0","99","98","","N","","","","","","","","","",""
"2022102016","1945","1","0","0","0","0","0","0","0","0","5","0","","67","10","2022","2","39.961425","-75.194067","1936","6","0","0","0","0","0","0","0","0","","0","0","0","19","3","0","N","0","0","39 57:41.130","","0","75 11:38.640","0","0","0","0","67301","0","0","0","N","0","0","0","1","67301","0","","6.0","","9","N","N","N","0","","0","0","1","0","0","","1929","2","0","0","0","0","0","0","2","0","2","0","0","0","7","07","","N","","","","","","","","","",""
"2022122935","1837","0","0","0","0","0","0","0","0","0","4","0","","67","12","2022","2","39.949966","-75.23516","1837","6","0","0","0","0","0","1","0","0","","0","0","0","18","3","1","","1","0","39 56:59.877","","0","75 14:06.575","3","0","0","0","67301","0","0","0","N","0","0","0","3","67301","0","","1.0","","1","N","N","N","0","","1","0","1","3","2","","1822","2","1","0","0","0","0","2","2","1","2","0","0","0","3","03","","N","","","","","","","","","",""
"2022095736","420","2","0","1","0","0","0","0","0","0","4","0","","67","10","2022","1","40.036436","-75.130511","414","6","0","0","0","0","0","1","0","0","","0","0","0","4","3","1","","1","0","40 02:11.169","","0","75 07:49.839","2","0","0","0","67301","0","0","0","N","0","0","0","2","67301","0","","1.0","","1","N","N","N","0","","0","1","0","3","2","","414","2","1","1","0","0","0","0","2","0","2","0","0","0","3","03","","N","","","","","","","","","",""
"2022102154","1546","0","0","0","0","0","0","0","0","0","1","0","","67","10","2022","1","39.957181","-75.156653","1527","6","0","0","0","0","0","1","0","0","","0","0","0","15","1","0","N","0","1","39 57:25.850","4","0","75 09:23.952","0","0","0","0","67301","0","0","0","N","0","0","0","4","68K01","0","","1.0","1610.0","9","N","N","N","0","","0","0","2","0","0","N","1524","2","0","0","0","0","0","0","2","0","2","0","0","0","7","","","N","","","","","","","","","",""
"2022123926","1729","1","0","0","0","0","0","0","0","0","8","0","","67","12","2022","1","40.054071","-75.155528","1723","6","0","0","0","0","0","1","0","0","","0","0","0","17","3","1","","3","0","40 03:14.655","","0","75 09:19.900","3","0","0","0","67301","1","0","0","N","1","0","0","2","67301","0","","1.0","","1","N","N","N","0","","1","0","0","3","3","","1721","2","1","0","0","0","0","0","2","0","1","1","0","0","3","03","","N","","","","","","","","","",""
"2022102792","1459","1","0","0","0","0","0","0","0","0","7","0","","67","10","2022","1","39.960169","-75.140733","1417","6","0","0","0","0","0","0","0","0","","0","0","0","14","1","0","N","0","0","39 57:36.609","","3","75 08:26.638","0","0","0","0","67301","0","0","0","N","0","0","0","1","68K01","0","","3.0","","9","N","N","N","0","","0","0","0","0","0","","1413","1","0","1","0","0","0","0","2","0","1","0","0","0","4","07","","N","","","","","","","","","",""
"2022122654","2015","2","0","0","0","0","0","0","0","0","1","0","","67","12","2022","5","39.908713","-75.241996","2011","6","0","0","0","0","0","1","0","0","","0","0","0","19","3","2","N","0","0","39 54:31.367","","0","75 14:31.187","3","0","0","0","67301","0","0","0","N","0","0","0","3","67301","0","","1.0","","9","N","N","N","0","","2","0","0","0","0","","1923","2","2","0","0","0","0","0","2","0","2","0","0","0","7","98","","N","","","","","","","","","",""
"2022124482","1042","2","0","0","0","0","0","0","0","0","3","0","","67","11","2022","2","39.947686","-75.157567","1042","6","0","0","0","0","0","0","1","0","","0","0","0","10","1","0","N","0","0","39 56:51.670","","0","75 09:27.240","0","0","0","0","67301","0","0","0","N","0","0","0","2","67301","0","","1.0","","1","N","N","N","0","","0","0","0","0","0","","1000","2","0","0","0","0","0","0","2","0","2","0","0","0","3","03","","N","","","","","","","","","",""
"2022122777","0835","3","0","0","0","0","0","0","0","0","5","0","","67","12","2022","5","40.0723","-75.178912","0835","6","0","0","0","0","0","1","0","0","","0","0","0","8","1","0","N","0","0","40 04:20.281","","0","75 10:44.084","0","0","0","0","67301","0","0","0","N","0","0","0","1","67301","0","","6.0","","2","N","N","N","0","","0","0","0","0","0","","830","3","0","0","0","0","0","0","2","0","3","0","0","0","6","04","","N","","","","","","","","","",""
"2022117048","0240","2","0","0","0","0","0","0","0","0","4","0","","67","12","2022","7","39.941033","-75.229542","0236","6","0","0","0","0","0","1","0","0","","0","0","0","2","3","1","","1","0","39 56:27.718","","0","75 13:46.351","3","0","0","0","67301","0","0","0","N","0","0","0","2","67301","0","","1.0","","1","N","N","N","0","","1","0","1","3","3","","236","3","1","0","0","0","0","1","2","0","3","0","0","0","3","03","","N","","","","","","","","","",""
"2022100087","1455","1","0","0","0","0","0","0","0","0","1","0","","67","10","2022","1","39.906691","-75.191774","1449","6","0","0","0","0","0","1","0","0","","0","0","0","14","1","1","N","0","0","39 54:24.086","","0","75 11:30.387","3","0","0","0","67301","0","0","0","N","0","0","0","2","67301","0","","1.0","","9","N","N","N","1","","1","0","0","0","0","","1440","2","1","2","0","0","0","0","2","0","2","0","0","0","7","04","","N","","","","","","","","","",""
"2022098895","0027","1","0","0","0","0","0","0","0","0","4","0","","67","10","2022","6","40.036223","-75.064203","0051","6","0","0","0","0","0","0","0","0","","0","0","0","22","3","1","","1","0","40 02:10.401","","0","75 03:51.131","3","0","0","0","67301","0","0","0","N","0","0","0","2","67301","0","","1.0","","1","N","N","N","0","","1","0","0","3","2","","2229","2","1","0","0","0","0","1","2","1","2","0","0","0","3","03","","N","","","","","","","","","",""
"2022100953","0245","1","0","0","0","0","0","0","0","0","4","0","","67","10","2022","5","39.926988","-75.243496","0238","6","0","0","0","0","0","0","0","0","","0","0","0","2","3","1","","3","0","39 55:37.155","","0","75 14:36.586","3","0","0","0","67301","0","0","0","N","0","0","0","2","67301","0","","1.0","","1","N","N","N","0","","1","0","1","0","0","","230","2","1","0","0","0","0","1","2","0","2","0","0","0","3","","","N","","","","","","","","","",""
"2022101858","0316","4","0","0","0","0","0","0","0","0","2","0","","67","10","2022","6","40.020631","-75.182971","0300","6","0","0","0","0","0","0","0","0","","0","0","0","3","3","0","N","0","2","40 01:14.270","6","0","75 10:58.696","0","0","0","0","67301","0","0","0","N","0","0","0","1","67301","0","","6.0","500.0","1","N","N","N","0","","0","0","0","0","0","Y","300","4","0","0","0","0","0","0","2","0","4","0","0","0","3","03","","N","","","","","","","","","",""
"2022100092","0120","1","0","0","0","0","0","0","0","0","7","0","","67","10","2022","3","40.015036","-75.057022","0117","6","0","0","0","0","0","0","0","0","","0","0","0","1","3","0","","1","0","40 00:54.129","","0","75 03:25.279","9","0","0","0","67301","0","0","0","N","0","0","0","1","67301","0","","5.0","","9","N","N","N","0","","0","0","0","3","3","","100","1","0","0","0","0","0","1","2","0","1","0","0","0","4","05","","N","","","","","","","","","",""
"2022098890","1812","0","0","0","0","0","0","0","0","0","5","0","","67","10","2022","2","39.917367","-75.246044","1812","6","0","0","0","0","0","0","0","0","","0","0","0","15","1","1","N","0","0","39 55:02.520","","0","75 14:45.760","3","0","0","0","67301","0","0","0","N","0","0","0","2","67301","0","","1.0","","1","N","N","N","0","","1","0","1","0","0","","1500","2","1","2","0","0","0","0","2","1","2","0","0","0","3","03","","N","","","","","","","","","",""
"2022123464","1230","0","0","0","0","0","0","0","0","0","99","0","","67","10","2022","6","39.964866","-75.22609","1200","6","0","0","0","0","0","0","0","0","","0","0","0","9","1","2","","1","0","39 57:53.517","","0","75 13:33.923","3","0","0","0","67301","0","0","0","N","0","0","0","2","67301","0","","1.0","","1","N","N","N","0","","2","0","1","3","2","","900","2","2","0","0","0","0","0","2","1","2","0","0","0","3","03","","N","","","","","","","","","",""
"2022096743","1426","1","0","0","0","0","0","0","0","0","4","0","","67","10","2022","1","39.992675","-75.16822","1425","6","0","0","0","0","1","0","0","0","","0","0","0","14","1","2","","1","0","39 59:33.629","","0","75 10:05.592","3","0","0","0","67301","0","0","0","N","0","0","0","5","67301","0","","1.0","","1","N","N","N","0","","2","0","1","3","2","","1420","2","2","0","0","0","0","0","2","0","2","0","0","0","3","03","","N","","","","","","","","","",""
"2022110558","0009","0","0","0","0","0","0","0","0","0","4","0","","67","10","2022","7","39.991088","-75.132854","0009","6","0","0","0","0","0","0","0","0","","0","0","0","0","3","1","","1","0","39 59:27.916","","0","75 07:58.276","3","0","0","1","67301","0","0","0","N","0","0","0","2","67301","0","","1.0","","9","N","N","N","0","","1","0","1","3","2","","0","2","1","0","0","0","0","0","2","0","2","0","0","0","7","07","","N","","","","","","","","","",""
"2022097395","1651","1","0","0","0","0","0","0","0","0","1","0","","67","10","2022","2","39.946103","-75.189573","1644","6","0","0","0","0","0","0","0","0","","0","0","0","16","1","1","N","0","1","39 56:45.972","3","3","75 11:22.461","8","0","0","0","67301","0","0","0","N","0","0","0","4","68K01","0","","1.0","1700.0","1","N","N","N","0","","0","0","2","0","0","Y","1641","3","1","0","0","0","1","0","2","0","3","0","0","0","3","","","N","","","","","","","","","",""
"2022120123","1625","0","0","0","0","0","0","0","0","0","8","0","","67","12","2022","6","39.938719","-75.224301","1621","6","0","0","0","0","0","0","0","0","","0","0","0","8","1","1","","1","0","39 56:19.388","","0","75 13:27.483","3","0","0","0","67301","1","0","0","N","1","0","0","2","67301","0","","1.0","","99","N","N","N","0","","1","0","0","9","2","","815","2","1","0","0","0","0","1","2","1","1","1","0","0","99","","","N","","","","","","","","","",""
"2022093815","0240","1","0","0","0","0","0","0","0","0","5","0","","67","10","2022","2","40.019914","-75.150176","0229","6","0","0","0","0","0","0","0","0","","0","0","0","2","3","0","N","0","0","40 01:11.689","","1","75 09:00.635","0","0","0","0","67301","0","0","0","N","0","0","0","4","67301","0","","1.0","","1","N","N","N","0","","0","0","1","0","0","","220","2","0","0","0","0","0","0","2","0","2","0","0","0","3","03","","N","","","","","","","","","",""