"CRN","ARRIVAL_TM","AUTOMOBILE_COUNT","BELTED_DEATH_COUNT","BELTED_SUSP_SERIOUS_INJ_COUNT","BICYCLE_COUNT","BICYCLE_DEATH_COUNT","BICYCLE_SUSP_SERIOUS_INJ_COUNT","BUS_COUNT","CHLDPAS_DEATH_COUNT","CHLDPAS_SUSP_SERIOUS_INJ_COUNT","COLLISION_TYPE","COMM_VEH_COUNT","CONS_ZONE_SPD_LIM","COUNTY","CRASH_MONTH","CRASH_YEAR","DAY_OF_WEEK","DEC_LATITUDE","DEC_LONGITUDE","DISPATCH_TM","DISTRICT","DRIVER_COUNT_16YR","DRIVER_COUNT_17YR","DRIVER_COUNT_18YR","DRIVER_COUNT_19YR","DRIVER_COUNT_20YR","DRIVER_COUNT_50_64YR","DRIVER_COUNT_65_74YR","DRIVER_COUNT_75PLUS","EST_HRS_CLOSED","FATAL_COUNT","HEAVY_TRUCK_COUNT","HORSE_BUGGY_COUNT","HOUR_OF_DAY","ILLUMINATION","INJURY_COUNT","INTERSECTION_RELATED","INTERSECT_TYPE","LANE_CLOSED","LATITUDE","LN_CLOSE_DIR","LOCATION_TYPE","LONGITUDE","MAX_SEVERITY_LEVEL","MCYCLE_DEATH_COUNT","MCYCLE_SUSP_SERIOUS_INJ_COUNT","MOTORCYCLE_COUNT","MUNICIPALITY","NONMOTR_COUNT","NONMOTR_DEATH_COUNT","NONMOTR_SUSP_SERIOUS_INJ_COUNT","NTFY_HIWY_MAINT","PED_COUNT","PED_DEATH_COUNT","PED_SUSP_SERIOUS_INJ_COUNT","PERSON_COUNT","POLICE_AGCY","POSSIBLE_INJ_COUNT","RDWY_SURF_TYPE_CD","RELATION_TO_ROAD","ROADWAY_CLEARED","ROAD_CONDITION","SCH_BUS_IND","SCH_ZONE_IND","SECONDARY_CRASH","SMALL_TRUCK_COUNT","SPEC_JURIS_CD","SUSP_MINOR_INJ_COUNT","SUSP_SERIOUS_INJ_COUNT","SUV_COUNT","TCD_FUNC_CD","TCD_TYPE","TFC_DETOUR_IND","TIME_OF_DAY","TOTAL_UNITS","TOT_INJ_COUNT","UNBELTED_OCC_COUNT","UNB_DEATH_COUNT","UNB_SUSP_SERIOUS_INJ_COUNT","UNK_INJ_DEG_COUNT","UNK_INJ_PER_COUNT","URBAN_RURAL","VAN_COUNT","VEHICLE_COUNT","VULNERABLE_ROAD_USER_COUNT","VULNERABLE_ROAD_USER_DEATH_COUNT","VULNERABLE_ROAD_USER_SER_INJ_COUNT","WEATHER1","WEATHER2","WORKERS_PRES","WORK_ZONE_IND","WORK_ZONE_LOC","WORK_ZONE_TYPE","WZ_CLOSE_DETOUR","WZ_FLAGGER","WZ_LAW_OFFCR_IND","WZ_LN_CLOSURE","WZ_MOVING","WZ_OTHER","WZ_SHLDER_MDN","WZ_WORKERS_INJ_KILLED"
"2022093810","0100","2","0","0","0","0","0","0","0","0","1","0","","67","10","2022","2","39.941303","-75.209391","0051","6","0","0","0","0","0","0","0","0","","0","0","0","0","3","0","","1","0","39 56:28.690","","0","75 12:33.806","0","0","0","0","67301","0","0","0","N","0","0","0","3","67301","0","","1.0","","1","N","N","N","0","","0","0","1","3","2","","12","3","0","2","0","0","0","0","2","0","3","0","0","0","3","03","","N","","","","","","","","","",""
"2022112256","0318","2","0","0","0","0","0","0","0","0","4","0","","67","11","2022","6","39.962857","-75.202362","0317","6","0","0","0","0","0","0","0","0","","0","0","0","3","3","0","","1","0","39 57:46.285","","0","75 12:08.503","9","0","0","0","67301","0","0","0","N","0","0","0","2","67301","0","","1.0","","1","N","N","N","0","","0","0","0","3","2","","316","2","0","0","0","0","0","1","2","0","2","0","0","0","3","03","","N","","","","","","","","","",""
"2022119275","2220","0","0","0","0","0","0","0","0","0","4","0","","67","12","2022","3","40.027889","-75.106583","2133","6","0","0","0","0","0","0","0","0","","0","0","0","21","3","1","","2","0","40 01:40.400","","0","75 06:23.700","3","0","0","0","67301","0","0","0","Y","0","0","0","1","67301","0","","1.0","","1","N","N","N","0","","1","0","2","3","2","","2108","3","1","0","0","0","0","0","2","1","3","0","0","0","3","03","","N","","","","","","","","","",""
"2022094148","0805","0","0","0","0","0","0","0","0","0","4","0","","67","10","2022","3","40.066946","-75.056828","0759","6","0","0","0","0","0","2","0","0","","0","0","0","7","1","2","","1","0","40 04:01.005","","0","75 03:24.580","3","0","0","0","67301","0","0","0","N","0","0","0","3","67301","0","","1.0","","1","N","N","N","0","","1","0","2","3","3","","741","2","2","1","0","0","1","0","2","0","2","0","0","0","3","","","N","","","","","","","","","",""
"2022118922","1015","0","0","0","0","0","0","0","0","0","1","0","","67","10","2022","7","39.982938","-75.099218","0954","6","0","0","0","0","0","0","1","0","","0","0","0","9","1","0","N","0","0","39 58:58.577","","0","75 05:57.185","0","0","0","0","67301","0","0","0","N","0","0","0","4","68K01","0","","1.0","","1","N","N","N","1","","0","0","3","0","0","","953","4","0","0","0","0","0","0","2","0","4","0","0","0","3","03","","N","","","","","","","","","",""
"2022095559","0233","2","0","0","0","0","0","0","0","0","1","0","","67","10","2022","1","40.016654","-75.051207","0233","6","0","0","0","0","1","0","0","0","","0","0","0","2","3","0","N","0","0","40 00:59.953","","0","75 03:04.346","0","0","0","0","67301","0","0","0","N","0","0","0","2","68K01","0","","1.0","","1","N","N","N","0","","0","0","0","0","0","","233","2","0","0","0","0","0","0","2","0","2","0","0","0","3","03","","N","","","","","","","","","",""
"2022098734","1400","1","0","0","0","0","0","0","0","0","4","0","","67","10","2022","1","39.992347","-75.154811","1353","6","0","0","0","0","0","0","0","0","","0","0","0","13","1","1","","2","1","39 59:32.449","2","0","75 09:17.320","3","0","0","0","67301","0","0","0","N","0","0","0","3","67301","0","","1.0","1411.0","9","N","N","N","0","","1","0","1","0","0","N","1352","2","1","0","0","0","0","0","2","0","2","0","0","0","7","04","","N","","","","","","","","","",""
"2022101851","1224","0","0","0","0","0","0","0","0","0","8","0","","67","10","2022","2","39.987724","-75.15583","1210","6","0","0","0","0","0","0","0","0","","0","0","0","12","8","1","N","0","0","39 59:15.807","","0","75 09:20.987","3","0","0","0","67301","1","0","0","N","1","0","0","2","67301","0","","1.0","","1","N","N","N","0","","1","0","1","0","0","","1209","2","1","1","0","0","0","0","2","0","1","1","0","0","3","04","","N","","","","","","","","","",""
"2022103326","2100","0","0","0","0","0","0","0","0","0","6","0","","67","10","2022","5","40.036189","-75.155609","2059","6","0","0","0","0","0","1","0","0","","0","0","0","20","6","2","","2","0","40 02:10.280","","0","75 09:20.192","8","0","0","0","67301","0","0","0","N","0","0","0","3","67301","0","","1.0","","9","N","N","N","0","","0","0","2","0","0","","2000","2","2","0","0","0","2","1","2","0","2","0","0","0","7","98","","N","","","","","","","","","",""
"2022123466","0845","1","0","0","0","0","0","0","0","0","0","0","","67","10","2022","4","39.968039","-75.261994","0841","6","0","0","0","0","0","0","0","0","","0","0","0","8","1","1","N","0","0","39 58:04.940","","0","75 15:43.180","8","0","0","0","67301","0","0","0","N","0","0","0","1","67301","0","","1.0","","9","N","N","N","0","","0","0","0","0","0","","839","1","1","0","0","0","1","0","2","0","1","0","0","0","4","07","","N","","","","","","","","","",""
"2022093655","0658","0","0","0","0","0","0","0","0","0","7","0","","67","10","2022","2","40.051833","-75.157833","0654","6","0","0","0","0","0","0","0","0","","0","0","0","6","1","1","N","0","0","40 03:06.600","","0","75 09:28.200","3","0","0","0","67301","1","0","0","N","1","0","0","2","67301","0","","4.0","","1","N","N","N","0","","1","0","1","0","0","","652","2","1","0","0","0","0","0","2","0","1","1","0","0","3","03","","N","","","","","","","","","",""
"2022100789","0711","1","0","0","0","0","0","0","0","0","4","0","","67","10","2022","3","40.033656","-75.063639","0709","6","0","0","0","0","0","0","0","0","","0","0","0","7","3","2","","5","1","40 02:01.162","6","0","75 03:49.102","3","0","0","0","67301","0","0","0","N","0","0","0","2","67301","0","","1.0","815.0","9","N","Y","N","0","","2","0","1","3","2","Y","705","2","2","0","0","0","0","0","2","0","2","0","0","0","7","04","","N","","","","","","","","","",""
"2022099313","1136","1","0","0","0","0","0","0","0","0","4","0","","67","10","2022","5","39.945302","-75.229585","1131","6","0","0","0","0","0","1","0","0","","0","0","0","11","1","0","","1","2","39 56:43.086","5","0","75 13:46.506","9","0","0","0","67301","0","0","0","N","0","0","0","2","67301","0","","1.0","1155.0","1","N","N","Y","0","","0","0","2","3","2","N","1131","4","0","0","0","0","0","1","2","0","4","0","0","0","3","03","","N","","","","","","","","","",""
"2022098151","2020","0","0","0","0","0","0","0","0","0","8","0","","67","10","2022","6","39.952756","-75.149919","2019","6","0","0","0","0","0","1","0","0","","0","0","0","20","3","1","","1","0","39 57:09.921","","0","75 08:59.708","3","0","0","0","67301","1","0","0","N","1","0","0","2","67301","0","","1.0","","1","N","N","N","0","","1","0","1","3","2","","2013","2","1","0","0","0","0","0","2","0","1","1","0","0","3","03","","N","","","","","","","","","",""
"2022102163","0812","2","0","0","0","0","0","0","0","0","1","0","","67","10","2022","5","39.994678","-75.083756","0800","6","0","0","0","0","0","0","1","0","","0","0","0","8","1","1","N","0","1","39 59:40.839","1","0","75 05:01.520","3","0","0","0","67301","0","0","0","N","0","0","0","2","68K01","0","","1.0","827.0","1","N","N","N","0","","1","0","0","0","0","N","800","2","1","0","0","0","0","0","2","0","2","0","0","0","3","","","N","","","","","","","","","",""
"2022094624","1712","1","0","0","0","0","0","0","0","0","7","0","","67","10","2022","3","39.973236","-75.19924","1708","6","0","0","0","0","1","0","0","0","","0","0","0","17","1","1","","2","0","39 58:23.649","","0","75 11:57.263","3","0","0","0","67301","0","0","0","N","0","0","0","2","67301","0","","5.0","","1","N","N","N","0","","1","0","0","3","3","","1706","1","1","1","0","0","0","1","2","0","1","0","0","0","3","03","","N","","","","","","","","","",""
"2022121339","1310","1","0","0","0","0","0","0","0","0","8","0","","67","12","2022","6","39.953353","-75.154707","1302","6","0","0","0","0","0","0","0","0","","0","0","0","12","1","1","","1","0","39 57:12.070","","0","75 09:16.946","8","0","0","0","67301","1","0","0","N","1","0","0","2","67301","0","","1.0","","9","N","N","N","0","","0","0","0","3","2","","1240","2","1","0","0","0","1","1","2","0","1","1","0","0","4","","","N","","","","","","","","","",""
"2022097446","1241","0","0","0","0","0","0","0","0","0","5","0","","67","10","2022","2","39.973689","-75.249986","1236","6","0","0","0","0","0","0","0","0","","0","0","0","0","3","0","N","0","1","39 58:25.280","1","0","75 14:59.950","0","0","0","0","67301","0","0","0","N","0","0","0","1","67301","0","","6.0","220.0","1","N","N","N","0","","0","0","2","0","0","N","36","2","0","1","0","0","0","0","2","0","2","0","0","0","3","03","","N","","","","","","","","","",""
"2022099318","2043","2","0","0","0","0","0","0","0","0","5","0","","67","10","2022","2","39.993028","-75.159944","2039","6","0","0","0","0","0","1","0","0","","0","0","0","20","3","2","N","0","0","39 59:34.900","","0","75 09:35.800","4","0","0","0","67301","0","0","0","N","0","0","0","3","67301","2","","6.0","","1","N","N","N","0","","0","0","0","0","0","","2039","2","2","0","0","0","0","1","2","0","2","0","0","0","3","03","","N","","","","","","","","","",""
"2022107518","1300","1","0","0","1","0","0","0","0","0","8","0","","67","11","2022","4","39.957292","-75.247874","1230","6","0","0","0","0","0","0","0","0","","0","0","0","11","1","1","","1","0","39 57:26.251","","0","75 14:52.347","3","0","0","0","67301","1","0","0","N","0","0","0","2","67301","0","","1.0","","1","N","N","N","0","","1","0","0","3","1","","1130","2","1","1","0","0","0","0","2","0","1","1","0","0","3","03","","N","","","","","","","","","",""
"2022100691","1045","0","0","0","0","0","0","0","0","0","4","0","","67","10","2022","3","39.987037","-75.122353","1045","6","0","0","0","0","0","0","0","0","","0","0","0","12","8","0","","5","0","39 59:13.332","","0","75 07:20.471","0","0","0","0","67301","0","0","0","N","0","0","0","2","67301","0","","1.0","","1","N","N","N","1","","0","0","1","3","2","","1205","2","0","1","0","0","0","0","2","0","2","0","0","0","3","03","","N","","","","","","","","","",""
"2022101845","0635","0","0","0","0","0","0","0","0","0","7","0","","67","10","2022","5","39.917108","-75.173002","0630","6","0","0","0","0","0","0","0","0","","0","0","0","6","5","1","N","1","2","39 55:01.589","6","0","75 10:22.807","3","0","0","0","67301","0","0","0","N","0","0","0","1","67301","0","","3.0","800.0","1","N","N","N","0","","1","0","4","3","2","N","600","4","1","0","0","0","0","0","2","0","4","0","0","0","3","03","","N","","","","","","","","","",""
"2022095007","1540","0","0","0","0","0","0","0","0","0","8","0","","67","10","2022","5","40.050113","-75.064246","1530","6","0","0","0","0","0","0","0","0","","0","0","0","9","1","1","","1","0","40 03:00.407","","0","75 03:51.286","8","0","0","0","67301","1","0","0","N","1","0","0","2","67301","0","","1.0","","1","N","N","N","0","","0","0","1","3","2","","900","2","1","0","0","0","1","0","2","0","1","1","0","0","4","","","N","","","","","","","","","",""
"2022099711","1837","0","0","0","0","0","0","0","0","0","4","0","","67","10","2022","4","40.00468","-75.152126","1837","6","0","0","0","0","0","0","0","0","","0","0","0","18","4","1","","1","0","40 00:16.847","","0","75 09:07.652","4","0","0","1","67301","0","0","0","N","0","0","0","4","67505","1","","1.0","","1","N","N","N","0","","0","0","1","3","2","","1835","2","1","0","0","0","0","1","2","0","2","0","0","0","3","03","","N","","","","","","","","","",""
"2022106159","1801","2","0","0","0","0","0","0","0","0","4","0","","67","10","2022","4","39.953243","-75.23653","1757","6","0","0","0","0","0","0","0","0","","0","0","0","17","1","1","","1","0","39 57:11.674","","0","75 14:11.507","8","0","0","0","67301","0","0","0","N","0","0","0","3","67301","0","","1.0","","1","N","N","N","0","","0","0","0","3","2","","1735","2","1","0","0","0","1","1","2","0","2","0","0","0","3","03","","N","","","","","","","","","",""
"2022099175","1711","2","0","0","0","0","0","0","0","0","1","0","","67","10","2022","2","40.037084","-75.011336","1708","6","0","0","0","0","0","0","0","0","","0","0","0","17","1","1","","2","0","40 02:13.501","","0","75 00:40.810","4","0","0","0","67301","0","0","0","N","0","0","0","2","67301","1","","1.0","","9","N","N","N","0","","0","0","0","3","2","","1705","2","1","1","0","0","0","0","2","0","2","0","0","0","4","07","","N","","","","","","","","","",""
"2022112210","1728","1","0","0","0","0","0","0","0","0","4","0","","67","11","2022","6","39.957337","-75.144132","1728","6","0","0","0","0","0","0","0","0","","0","0","0","4","3","0","","5","0","39 57:26.412","","2","75 08:38.875","9","0","0","0","67301","0","0","0","N","0","0","0","2","67301","0","","1.0","","1","N","N","N","0","","0","0","1","3","2","","400","2","0","0","0","0","0","1","2","0","2","0","0","0","3","03","","N","","","","","","","","","",""
"2022100958","1530","1","0","0","0","0","0","0","0","0","8","0","","67","10","2022","5","39.959418","-75.245354","1523","6","0","0","0","0","0","0","0","0","","0","0","0","14","1","1","","1","0","39 57:33.904","","0","75 14:43.275","3","0","0","0","67301","1","0","0","N","1","0","0","2","67301","0","","1.0","","1","N","N","N","0","","1","0","0","3","2","","1442","2","1","0","0","0","0","1","2","0","1","1","0","0","3","03","","N","","","","","","","","","",""
"2022121348","0455","1","0","0","0","0","0","0","0","0","7","0","","67","12","2022","1","40.060054","-75.170024","0455","6","0","1","0","0","0","0","0","0","","0","0","0","4","3","1","","1","0","40 03:36.194","","0","75 10:12.086","8","0","0","0","67301","0","0","0","N","0","0","0","1","67301","0","","4.0","","1","N","N","N","0","","0","0","0","0","0","","455","1","1","0","0","0","1","0","2","0","1","0","0","0","3","03","","N","","","","","","","","","",""
"2022106877","0853","1","0","0","0","0","0","0","0","0","5","0","","67","10","2022","5","39.959407","-75.175099","0836","6","0","0","1","0","0","0","0","0","","0","0","0","8","1","0","N","0","1","39 57:33.866","3","0","75 10:30.357","9","0","0","0","67301","0","0","0","N","0","0","0","7","68K01","0","","1.0","1000.0","1","N","N","N","0","","0","0","2","0","0","N","832","3","0","0","0","0","0","2","2","0","3","0","0","0","3","","","N","","","","","","","","","",""
"2022114600","2004","2","0","0","0","0","0","0","0","0","4","0","","67","11","2022","7","39.953609","-75.198625","2002","6","0","0","0","0","0","0","0","0","","0","0","0","19","3","0","","1","0","39 57:12.991","","0","75 11:55.051","0","0","0","0","67301","0","0","0","N","0","0","0","2","67504","0","","1.0","","1","N","N","N","0","","0","0","0","3","2","","1958","2","0","0","0","0","0","0","2","0","2","0","0","0","3","03","","N","","","","","","","","","",""
"2022101445","0340","1","0","0","0","0","0","0","0","0","5","0","","67","10","2022","3","39.945583","-75.153497","0334","6","0","0","0","0","0","0","0","0","","0","0","0","3","3","0","N","0","0","39 56:44.100","","0","75 09:12.590","0","0","0","0","67301","0","0","0","N","0","0","0","1","67301","0","","6.0","","1","N","N","N","0","","0","0","2","0","0","","330","3","0","1","0","0","0","0","2","0","3","0","0","0","3","03","","N","","","","","","","","","",""
"2022095229","1948","1","0","0","0","0","0","0","0","0","4","0","","67","10","2022","3","40.027987","-75.057417","1938","6","0","0","0","0","0","0","1","0","","0","0","0","19","3","1","","1","0","40 01:40.752","","0","75 03:26.701","3","0","0","0","67301","0","0","0","N","0","0","0","2","67301","0","","1.0","","1","N","N","N","0","","1","0","1","3","2","","1920","2","1","0","0","0","0","0","2","0","2","0","0","0","3","","","N","","","","","","","","","",""
"2022096713","1805","0","0","0","1","0","0","0","0","0","8","0","","67","10","2022","2","40.042532","-75.102336","1804","6","0","0","0","0","0","1","0","0","","0","0","0","18","1","1","","1","0","40 02:33.115","","0","75 06:08.409","3","0","0","0","67301","1","0","0","N","0","0","0","2","67301","0","","1.0","","1","N","N","N","0","","1","0","1","0","0","","1802","2","1","0","0","0","0","0","2","0","1","1","0","0","3","","","N","","","","","","","","","",""
"2022107725","1140","1","0","0","0","0","0","0","0","0","1","0","","67","10","2022","3","40.002556","-75.136583","1136","6","0","0","0","0","0","0","0","0","","0","0","0","11","1","0","","2","1","40 00:09.200","3","0","75 08:11.700","0","0","0","0","67301","0","0","0","N","0","0","0","2","67301","0","","1.0","1210.0","9","N","N","N","0","","0","0","1","3","3","Y","1126","2","0","0","0","0","0","0","2","0","2","0","0","0","7","07","","N","","","","","","","","","",""
"2022123207","1552","1","0","0","0","0","0","0","0","0","1","0","","67","10","2022","5","40.039909","-75.006277","1445","6","0","0","0","0","0","1","0","0","","0","0","0","14","1","0","Y","0","0","40 02:23.671","","0","75 00:22.597","0","0","0","0","67301","0","0","0","N","0","0","0","4","68K01","0","","1.0","","1","N","N","N","0","","0","0","3","0","0","","1428","4","0","0","0","0","0","0","2","0","4","0","0","0","3","03","","N","","","","","","","","","",""
"2022115936","2000","1","0","0","0","0","0","0","0","0","7","0","","67","10","2022","5","39.998509","-75.129281","2000","6","0","0","0","0","0","0","0","0","","0","0","0","20","3","0","","1","0","39 59:54.633","","0","75 07:45.412","9","0","0","0","67301","0","0","0","N","0","0","0","2","67301","0","","5.0","","9","N","N","N","0","","0","0","0","3","2","","2000","1","0","0","0","0","0","2","2","0","1","0","0","0","7","07","","N","","","","","","","","","",""
"2022095231","0757","0","0","0","0","0","0","0","0","0","8","0","","67","10","2022","4","39.959603","-75.195643","0753","6","0","0","0","0","0","0","0","0","","0","0","0","7","1","1","","1","0","39 57:34.572","","0","75 11:44.314","2","0","0","0","67301","1","0","1","N","1","0","1","2","67301","0","","1.0","","1","N","N","N","0","","0","1","1","3","2","","751","2","1","0","0","0","0","0","2","0","1","1","0","1","3","03","","N","","","","","","","","","",""
"2022100425","0810","0","0","0","0","0","0","0","0","0","3","0","","67","10","2022","5","40.075278","-74.999889","0804","6","0","0","0","0","0","0","0","0","","0","0","0","7","1","1","N","0","0","40 04:31.000","","7","74 59:59.600","3","0","0","0","67301","0","0","0","N","0","0","0","3","67301","0","","1.0","","1","N","N","N","0","","1","0","2","0","0","","730","2","1","1","0","0","0","0","2","0","2","0","0","0","3","03","","N","","","","","","","","","",""
"2022102167","1420","0","0","0","0","0","0","0","0","0","5","0","","67","10","2022","7","39.957706","-75.160605","1406","6","0","0","0","0","0","0","0","0","","0","0","0","14","1","1","N","0","1","39 57:27.742","4","0","75 09:38.177","8","0","0","1","67301","0","0","0","N","0","0","0","2","68K01","0","","1.0","1454.0","1","N","N","N","0","","0","0","1","0","0","N","1406","2","1","0","0","0","1","0","2","0","2","0","0","0","3","","","N","","","","","","","","","",""
"2022099182","0316","1","0","0","0","0","0","0","0","0","7","0","","67","10","2022","2","39.975231","-75.212726","0316","6","0","0","1","0","0","0","0","0","","0","0","0","2","3","1","N","0","0","39 58:30.832","","7","75 12:45.815","4","0","0","0","67301","0","0","0","N","0","0","0","1","67301","1","","4.0","","9","N","N","N","0","","0","0","0","0","0","","257","1","1","0","0","0","0","0","2","0","1","0","0","0","7","07","","N","","","","","","","","","",""
"2022098722","2359","0","0","0","0","0","0","0","0","0","4","0","","67","10","2022","1","40.066128","-75.063046","2356","6","0","0","0","0","0","0","0","0","","0","0","0","23","3","0","","1","0","40 03:58.061","","0","75 03:46.964","9","0","0","0","67301","0","0","0","N","0","0","0","6","67301","0","","1.0","","9","N","N","N","1","","0","0","0","3","2","","2332","2","0","2","0","0","0","1","2","1","2","0","0","0","7","","","N","","","","","","","","","",""
"2022099889","1716","0","0","0","0","0","0","0","0","0","5","0","","67","10","2022","4","40.042097","-75.119967","1716","6","0","0","0","0","0","0","0","0","","0","0","0","17","1","0","N","0","0","40 02:31.550","","0","75 07:11.880","9","0","0","0","67301","0","0","0","N","0","0","0","1","67301","0","","6.0","","1","N","N","N","1","","0","0","3","0","0","","1710","4","0","0","0","0","0","1","2","0","4","0","0","0","3","","","N","","","","","","","","","",""
"2022121958","2350","1","0","0","0","0","0","0","0","0","4","0","","67","11","2022","7","40.00901","-75.11283","2340","6","0","0","0","0","0","0","1","0","","0","0","0","23","3","1","","1","0","40 00:32.436","","0","75 06:46.187","3","0","0","0","67301","0","0","0","N","0","0","0","3","67301","0","","1.0","","1","N","N","N","0","","1","0","0","3","2","","2330","2","1","0","0","0","0","2","2","1","2","0","0","0","3","","","N","","","","","","","","","",""
"2022118763","2315","0","0","0","0","0","0","0","0","0","1","0","","67","12","2022","1","40.01838","-75.167721","2315","6","0","0","1","0","0","0","0","0","","0","0","0","23","2","0","N","0","1","40 01:06.167","1","0","75 10:03.795","0","0","0","0","67301","0","0","0","N","0","0","0","1","67301","0","","2.0","57.0","1","N","N","N","1","","0","0","1","0","0","N","2310","2","0","0","0","0","0","0","2","0","2","0","0","0","3","03","","N","","","","","","","","","",""
"2022117761","1142","0","0","0","0","0","0","0","0","0","2","0","","67","12","2022","6","39.993806","-75.153306","1139","6","0","0","0","0","0","1","0","0","","0","0","0","23","3","3","","2","1","39 59:37.700","4","0","75 09:11.900","3","0","0","0","67301","0","0","0","N","0","0","0","4","67301","0","","1.0","100.0","1","N","N","N","0","","3","0","2","3","3","Y","2326","2","3","0","0","0","0","0","2","0","2","0","0","0","3","03","","N","","","","","","","","","",""
"2022119574","1310","0","0","0","0","0","0","0","0","0","1","0","","67","12","2022","4","39.900056","-75.250194","1253","6","0","0","0","0","0","1","0","0","","0","0","0","11","1","1","","1","0","39 54:00.200","","0","75 15:00.700","3","0","0","0","67301","0","0","0","N","0","0","0","2","67301","0","","1.0","","1","N","N","N","0","","1","0","2","3","2","","1120","2","1","0","0","0","0","1","2","0","2","0","0","0","3","03","","N","","","","","","","","","",""
"2022096763","1207","1","0","0","0","0","0","0","0","0","4","0","","67","10","2022","5","39.996794","-75.103369","1207","6","0","0","0","0","0","0","0","0","","0","0","0","12","1","2","","1","1","39 59:48.460","6","0","75 06:12.128","3","0","0","0","67301","0","0","0","N","0","0","0","3","67301","0","","1.0","1300.0","1","N","N","N","0","","2","0","0","3","2","Y","1202","2","2","0","0","0","0","0","2","1","2","0","0","0","3","03","","N","","","","","","","","","",""
"2022096711","1410","0","0","0","0","0","0","0","0","0","4","0","","67","10","2022","6","39.902389","-75.19375","1400","6","0","0","0","1","0","0","0","0","","0","0","0","13","1","1","N","0","0","39 54:08.600","","7","75 11:37.500","3","0","0","1","67301","0","0","0","N","0","0","0","2","67301","0","","1.0","","1","N","N","N","0","","1","0","1","0","0","","1340","2","1","0","0","0","0","0","2","0","2","0","0","0","3","","","N","","","","","","","","","",""
"2022111817","0651","1","0","0","0","0","0","0","0","0","5","0","","67","10","2022","5","39.963594","-75.138934","0646","6","0","0","0","0","1","0","0","0","","0","0","0","6","1","1","N","0","1","39 57:48.937","2","0","75 08:20.164","3","0","0","0","67301","0","0","0","N","0","0","0","2","68K01","0","","1.0","654.0","1","N","N","N","0","","1","0","1","0","0","N","644","2","1","0","0","0","0","0","2","0","2","0","0","0","3","","","N","","","","","","","","","",""
"2022095346","2005","1","0","0","0","0","0","0","0","0","8","0","","67","10","2022","2","40.029422","-75.124695","2005","6","0","0","0","0","0","0","0","0","","0","0","0","19","3","1","","1","0","40 01:45.919","","0","75 07:28.902","3","0","0","0","67301","1","0","0","N","1","0","0","2","67301","0","","1.0","","1","N","N","N","0","","1","0","0","3","2","","1940","2","1","1","0","0","0","0","2","0","1","1","0","0","3","","","N","","","","","","","","","",""
"2022100429","0923","0","0","0","0","0","0","0","0","0","1","0","","67","10","2022","4","40.024914","-75.142328","0922","6","0","0","0","0","0","0","0","0","","0","0","0","21","3","1","N","0","0","40 01:29.690","","0","75 08:32.380","8","0","0","1","67301","0","0","0","N","0","0","0","2","67301","0","","1.0","","1","N","N","N","0","","0","0","1","0","0","","2110","2","1","0","0","0","1","0","2","0","2","0","0","0","3","03","","N","","","","","","","","","",""
"2022119277","1830","3","0","0","0","0","0","0","0","0","1","0","","67","11","2022","4","39.957049","-75.245868","1830","6","0","0","0","0","0","0","0","0","","0","0","0","18","3","2","","1","0","39 57:25.376","","0","75 14:45.124","3","0","0","0","67301","0","0","0","N","0","0","0","4","67301","0","","1.0","","1","N","N","N","0","","2","0","1","3","2","","1830","4","2","1","0","0","0","0","2","0","4","0","0","0","3","","","N","","","","","","","","","",""
"2022100784","2350","0","0","0","0","0","0","0","0","0","7","0","","67","10","2022","5","40.049022","-75.073756","2350","6","0","0","0","0","0","1","0","0","","0","0","0","23","3","1","N","0","0","40 02:56.480","","0","75 04:25.520","3","0","0","0","67301","0","0","0","N","0","0","0","2","67301","0","","4.0","","1","N","N","N","0","","1","0","1","0","0","","2315","1","1","0","0","0","0","0","2","0","1","0","0","0","3","03","","N","","","","","","","","","",""
"2022095572","1218","2","0","0","0","0","0","0","0","0","4","0","","67","10","2022","7","40.054847","-75.168958","1200","6","0","0","0","0","0","0","0","0","","0","0","0","11","1","1","","1","0","40 03:17.448","","0","75 10:08.248","3","0","0","0","67301","0","0","0","N","0","0","0","2","67301","0","","1.0","","1","N","N","N","0","","1","0","0","3","2","","1158","2","1","0","0","0","0","0","2","0","2","0","0","0","3","","","N","","","","","","","","","",""
"2022093654","2048","1","0","0","0","0","0","0","0","0","2","0","","67","10","2022","1","40.072818","-75.159788","2041","6","0","0","0","0","0","0","0","0","","0","0","0","20","3","1","N","0","0","40 04:22.145","","0","75 09:35.235","3","0","0","0","67301","0","0","0","N","0","0","0","2","67301","0","","1.0","","1","N","N","N","1","","1","0","2","0","0","","2037","4","1","0","0","0","0","0","2","0","4","0","0","0","3","03","","N","","","","","","","","","",""
"2022101608","1545","0","0","0","0","0","0","0","0","0","8","0","","67","10","2022","2","39.965924","-75.220295","1537","6","0","0","0","0","0","0","0","0","","0","0","0","22","3","1","","1","0","39 57:57.326","","0","75 13:13.062","3","0","0","0","67301","1","0","0","N","0","0","0","2","67301","0","","1.0","","1","N","N","N","0","","1","0","0","3","2","","2230","2","1","0","0","0","0","1","2","0","1","1","0","0","3","03","","N","","","","","","","","","",""
"2022097449","2055","0","0","0","0","0","0","0","0","0","8","0","","67","10","2022","6","39.97037","-75.245229","2049","6","0","0","0","0","0","0","0","0","","0","0","0","16","1","1","","1","0","39 58:13.333","","0","75 14:42.826","3","0","0","0","67301","1","0","0","N","1","0","0","2","67301","0","","1.0","","1","N","N","N","0","","1","0","0","3","2","","1606","2","1","0","0","0","0","0","2","0","1","1","0","0","3","03","","N","","","","","","","","","",""