"CRN","ARRIVAL_TM","AUTOMOBILE_COUNT","BELTED_DEATH_COUNT","BELTED_SUSP_SERIOUS_INJ_COUNT","BICYCLE_COUNT","BICYCLE_DEATH_COUNT","BICYCLE_SUSP_SERIOUS_INJ_COUNT","BUS_COUNT","CHLDPAS_DEATH_COUNT","CHLDPAS_SUSP_SERIOUS_INJ_COUNT","COLLISION_TYPE","COMM_VEH_COUNT","CONS_ZONE_SPD_LIM","COUNTY","CRASH_MONTH","CRASH_YEAR","DAY_OF_WEEK","DEC_LATITUDE","DEC_LONGITUDE","DISPATCH_TM","DISTRICT","DRIVER_COUNT_16YR","DRIVER_COUNT_17YR","DRIVER_COUNT_18YR","DRIVER_COUNT_19YR","DRIVER_COUNT_20YR","DRIVER_COUNT_50_64YR","DRIVER_COUNT_65_74YR","DRIVER_COUNT_75PLUS","EST_HRS_CLOSED","FATAL_COUNT","HEAVY_TRUCK_COUNT","HORSE_BUGGY_COUNT","HOUR_OF_DAY","ILLUMINATION","INJURY_COUNT","INTERSECTION_RELATED","INTERSECT_TYPE","LANE_CLOSED","LATITUDE","LN_CLOSE_DIR","LOCATION_TYPE","LONGITUDE","MAX_SEVERITY_LEVEL","MCYCLE_DEATH_COUNT","MCYCLE_SUSP_SERIOUS_INJ_COUNT","MOTORCYCLE_COUNT","MUNICIPALITY","NONMOTR_COUNT","NONMOTR_DEATH_COUNT","NONMOTR_SUSP_SERIOUS_INJ_COUNT","NTFY_HIWY_MAINT","PED_COUNT","PED_DEATH_COUNT","PED_SUSP_SERIOUS_INJ_COUNT","PERSON_COUNT","POLICE_AGCY","POSSIBLE_INJ_COUNT","RDWY_SURF_TYPE_CD","RELATION_TO_ROAD","ROADWAY_CLEARED","ROAD_CONDITION","SCH_BUS_IND","SCH_ZONE_IND","SECONDARY_CRASH","SMALL_TRUCK_COUNT","SPEC_JURIS_CD","SUSP_MINOR_INJ_COUNT","SUSP_SERIOUS_INJ_COUNT","SUV_COUNT","TCD_FUNC_CD","TCD_TYPE","TFC_DETOUR_IND","TIME_OF_DAY","TOTAL_UNITS","TOT_INJ_COUNT","UNBELTED_OCC_COUNT","UNB_DEATH_COUNT","UNB_SUSP_SERIOUS_INJ_COUNT","UNK_INJ_DEG_COUNT","UNK_INJ_PER_COUNT","URBAN_RURAL","VAN_COUNT","VEHICLE_COUNT","VULNERABLE_ROAD_USER_COUNT","VULNERABLE_ROAD_USER_DEATH_COUNT","VULNERABLE_ROAD_USER_SER_INJ_COUNT","WEATHER1","WEATHER2","WORKERS_PRES","WORK_ZONE_IND","WORK_ZONE_LOC","WORK_ZONE_TYPE","WZ_CLOSE_DETOUR","WZ_FLAGGER","WZ_LAW_OFFCR_IND","WZ_LN_CLOSURE","WZ_MOVING","WZ_OTHER","WZ_SHLDER_MDN","WZ_WORKERS_INJ_KILLED"
"2022121836","0830","1","0","0","0","0","0","0","0","0","7","0","","67","12","2022","1","39.955366","-75.147934","0830","6","0","0","0","0","0","0","1","0","","0","0","0","8","1","0","N","0","2","39 57:19.316","3","2","75 08:52.563","0","0","0","0","67301","0","0","0","Y","0","0","0","4","67501","0","","3.0","918.0","1","N","N","N","0","","0","0","1","0","0","N","830","2","0","0","0","0","0","0","2","0","2","0","0","0","3","","","N","","","","","","","","","",""
"2022123130","1357","0","0","0","0","0","0","0","0","0","8","0","","67","12","2022","7","39.9295","-75.170333","1356","6","0","0","0","0","0","0","0","1","","0","0","0","13","1","1","","1","0","39 55:46.200","","0","75 10:13.200","3","0","0","0","67301","1","0","0","N","1","0","0","2","67301","0","","1.0","","1","N","N","N","0","","1","0","0","3","3","","1355","2","1","0","0","0","0","0","2","1","1","1","0","0","3","03","","N","","","","","","","","","",""
"2022093305","1924","1","0","0","0","0","0","0","0","0","7","0","","67","10","2022","1","39.954028","-75.140278","1924","6","0","0","0","0","0","0","1","0","","0","0","0","19","3","1","N","0","2","39 57:14.500","4","3","75 08:25.000","3","0","0","0","67301","0","0","0","N","0","0","0","1","67501","0","","3.0","2005.0","1","N","N","N","0","","1","0","0","0","0","N","1924","1","1","0","0","0","0","0","2","0","1","0","0","0","3","","","N","","","","","","","","","",""
"2022097870","1242","1","0","0","0","0","0","0","0","0","1","0","","67","10","2022","6","39.954042","-75.145028","1240","6","0","0","0","0","0","0","1","0","","0","0","0","12","1","2","N","0","0","39 57:14.550","","0","75 08:42.100","3","0","0","0","67301","0","0","0","N","0","0","0","3","67301","0","","1.0","","1","N","N","N","0","","2","0","2","0","0","","1236","3","2","0","0","0","0","0","2","0","3","0","0","0","3","03","","N","","","","","","","","","",""
"2022098900","0907","1","0","0","0","0","0","0","0","0","1","0","","67","10","2022","5","40.015111","-75.141267","0907","6","0","0","0","0","0","1","0","0","","0","0","0","8","1","2","Y","0","0","40 00:54.400","","0","75 08:28.560","8","0","0","0","67301","0","0","0","N","0","0","0","3","67301","0","","1.0","","9","N","N","N","0","","0","0","1","3","2","","807","2","2","1","0","0","2","0","2","0","2","0","0","0","7","07","","N","","","","","","","","","",""
"2022094269","0209","1","0","0","0","0","0","0","0","0","2","0","","67","10","2022","1","40.021161","-75.057147","0205","6","0","0","0","0","0","0","0","0","","0","0","0","2","3","1","N","0","0","40 01:16.180","","0","75 03:25.730","3","0","0","0","67301","0","0","0","N","0","0","0","1","67301","0","","6.0","","1","N","N","N","0","","1","0","2","0","0","","201","3","1","0","0","0","0","0","2","0","3","0","0","0","3","03","","N","","","","","","","","","",""
"2022098269","2025","0","0","0","0","0","0","0","0","0","4","0","","67","10","2022","7","40.011039","-75.152536","2025","6","0","0","0","0","0","0","0","0","","0","0","0","20","3","1","","1","0","40 00:39.740","","0","75 09:09.129","3","0","0","0","67301","0","0","0","N","0","0","0","2","67301","0","","1.0","","1","N","N","N","0","","1","0","2","3","3","","2015","2","1","0","0","0","0","1","2","0","2","0","0","0","3","03","","N","","","","","","","","","",""
"2022108275","2122","1","0","0","0","0","0","0","0","0","1","0","","67","11","2022","5","39.957544","-75.230198","2118","6","0","0","0","0","0","0","0","0","","0","0","0","21","3","1","N","0","2","39 57:27.159","4","0","75 13:48.714","3","0","0","0","67301","0","0","0","N","0","0","0","1","67301","0","","6.0","2235.0","1","N","N","N","0","","1","0","2","0","0","Y","2117","3","1","0","0","0","0","0","2","0","3","0","0","0","3","03","","N","","","","","","","","","",""
"2022112277","1835","2","0","0","0","0","0","0","0","0","4","0","","67","11","2022","5","40.011956","-75.176015","1835","6","0","0","0","0","0","1","0","0","","0","0","0","15","1","1","","1","0","40 00:43.041","","0","75 10:33.654","3","0","0","0","67301","0","0","0","N","0","0","0","2","67301","0","","1.0","","1","N","N","N","0","","1","0","0","3","2","","1551","2","1","0","0","0","0","1","2","0","2","0","0","0","3","","","N","","","","","","","","","",""
"2022096280","0346","1","0","0","0","0","0","0","0","0","7","0","","67","10","2022","6","39.9587","-75.18035","0336","6","0","0","0","0","0","0","0","0","","0","0","0","3","3","1","N","0","2","39 57:31.319","4","0","75 10:49.260","8","0","0","0","67301","0","0","0","N","0","0","0","1","68K01","0","","2.0","357.0","9","N","N","N","0","","0","0","0","0","0","N","335","1","1","0","0","0","1","0","2","0","1","0","0","0","3","","","N","","","","","","","","","",""
"2022103611","1814","0","0","0","0","0","0","0","0","0","5","0","","67","10","2022","5","39.899243","-75.166821","1811","6","0","0","1","0","0","2","0","0","","0","0","0","18","1","1","Y","0","2","39 53:57.274","2","3","75 10:00.556","8","0","0","0","67301","0","0","0","N","0","0","0","6","68K01","0","","1.0","1915.0","9","N","N","N","0","","0","0","4","0","0","N","1803","4","1","0","0","0","1","0","2","0","4","0","0","0","7","","","N","","","","","","","","","",""
"2022096799","0055","0","0","0","0","0","0","0","0","0","8","0","","67","10","2022","5","40.025941","-75.043247","0045","6","0","0","0","0","0","0","0","0","","0","0","0","0","3","1","","1","0","40 01:33.389","","0","75 02:35.690","8","0","0","0","67301","1","0","0","N","1","0","0","2","67508","0","","1.0","","1","N","N","Y","0","","0","0","1","3","2","N","45","2","1","1","0","0","1","0","2","0","1","1","0","0","3","03","","N","","","","","","","","","",""
"2022098894","1848","2","0","0","0","0","0","0","0","0","1","0","","67","10","2022","2","40.074062","-75.190874","1838","6","0","0","0","0","0","0","0","1","","0","0","0","18","3","1","","1","1","40 04:26.624","2","0","75 11:27.146","3","0","0","0","67301","0","0","0","N","0","0","0","2","67301","0","","1.0","100.0","9","N","N","N","0","","1","0","0","3","2","Y","1819","2","1","0","0","0","0","0","2","0","2","0","0","0","7","07","","N","","","","","","","","","",""
"2022100088","0741","1","0","0","0","0","0","0","0","0","8","0","","67","10","2022","2","39.920053","-75.175603","0736","6","0","0","0","0","0","0","0","0","","0","0","0","7","1","2","","1","0","39 55:12.190","","0","75 10:32.170","3","0","0","0","67301","2","0","0","N","2","0","0","3","67301","1","","1.0","","9","N","Y","N","0","","1","0","0","3","3","","735","3","2","0","0","0","0","0","2","0","1","2","0","0","4","04","","N","","","","","","","","","",""
"2022099316","0926","1","0","0","0","0","0","0","0","0","7","0","","67","10","2022","7","39.947769","-75.225558","0917","6","0","0","0","0","0","0","0","1","","0","0","0","9","1","1","N","0","0","39 56:51.968","","0","75 13:32.009","8","0","0","0","67301","0","0","0","N","0","0","0","1","67301","0","","4.0","","1","N","N","N","0","","0","0","1","0","0","","915","2","1","0","0","0","1","0","2","0","2","0","0","0","3","03","","N","","","","","","","","","",""
"2022096742","1136","1","0","0","0","0","0","0","0","0","5","0","","67","10","2022","6","39.982238","-75.239875","1125","6","0","0","0","0","0","0","0","0","","0","0","0","8","1","0","N","0","0","39 58:56.058","","0","75 14:23.550","0","0","0","0","67301","0","0","0","N","0","0","0","1","67301","0","","6.0","","1","Y","N","N","0","","0","0","1","0","0","","844","3","0","0","0","0","0","0","2","1","3","0","0","0","3","","","N","","","","","","","","","",""
"2022098068","0236","3","0","0","0","0","0","0","0","0","4","0","","67","10","2022","7","40.000612","-75.169762","0231","6","0","0","0","0","0","0","0","0","","0","0","0","2","3","1","","1","2","40 00:02.203","7","0","75 10:11.143","3","0","0","0","67301","0","0","0","N","0","0","0","3","67301","0","","1.0","325.0","1","N","N","N","0","","1","0","0","3","3","N","225","4","1","1","0","0","0","1","2","1","4","0","0","0","3","","","N","","","","","","","","","",""
"2022094618","1650","0","0","0","0","0","0","0","0","0","4","0","","67","10","2022","4","40.116674","-75.019906","1640","6","0","2","0","0","0","0","0","0","","0","0","0","16","4","1","","1","1","40 07:00.028","6","0","75 01:11.660","3","0","0","0","67301","0","0","0","N","0","0","0","4","67301","0","","1.0","1530.0","1","N","N","N","0","","1","0","3","3","2","Y","1635","3","1","0","0","0","0","0","2","0","3","0","0","0","3","03","","N","","","","","","","","","",""
"2022116754","0740","0","0","0","0","0","0","0","0","0","7","0","","67","10","2022","7","39.974085","-75.194577","0711","6","0","0","0","0","0","0","0","0","","0","0","0","7","2","3","Y","0","2","39 58:26.706","1","8","75 11:40.476","3","0","0","0","67301","0","0","0","N","0","0","0","3","68K01","0","","4.0","900.0","1","N","N","N","0","","3","0","2","3","2","N","710","2","3","0","0","0","0","0","2","0","2","0","0","0","3","","","N","","","","","","","","","",""
"2022113603","2040","0","0","0","0","0","0","0","0","0","8","0","","67","10","2022","6","40.023886","-75.063781","2035","6","0","0","0","0","0","0","0","0","","0","0","0","17","1","1","N","0","0","40 01:25.990","","0","75 03:49.610","2","0","0","0","67301","1","0","1","N","1","0","1","2","67301","0","","1.0","","1","N","N","N","1","","0","1","0","0","0","","1700","2","1","1","0","0","0","0","2","0","1","1","0","1","3","03","","N","","","","","","","","","",""
"2022100086","1010","0","0","0","0","0","0","0","0","0","8","0","","67","10","2022","6","39.91825","-75.182722","0959","6","0","0","0","0","0","0","0","0","","0","0","0","9","1","1","","2","0","39 55:05.700","","0","75 10:57.800","3","0","0","0","67301","1","0","0","N","1","0","0","2","67301","0","","1.0","","1","N","N","N","1","","1","0","0","3","2","","935","2","1","1","0","0","0","0","2","0","1","1","0","0","3","03","","N","","","","","","","","","",""
"2022100959","1752","3","0","0","0","0","0","0","0","0","1","0","","67","10","2022","5","39.95052","-75.199465","1747","6","0","0","0","0","0","1","0","0","","0","0","0","17","1","6","N","0","0","39 57:01.873","","0","75 11:58.075","8","0","0","0","67301","0","0","0","N","0","0","0","7","67301","0","","1.0","","1","N","N","N","0","","0","0","0","3","2","","1731","3","6","0","0","0","6","0","2","0","3","0","0","0","3","","","N","","","","","","","","","",""
"2022101852","1245","4","0","0","0","0","0","0","0","0","4","0","","67","10","2022","7","39.97343","-75.160756","1244","6","0","0","0","0","0","0","0","0","","0","0","0","11","8","0","","1","0","39 58:24.347","","0","75 09:38.721","9","0","0","0","67301","0","0","0","N","0","0","0","1","67301","0","","1.0","","1","N","N","N","0","","0","0","2","3","2","","1101","6","0","0","0","0","0","1","2","0","6","0","0","0","3","04","","N","","","","","","","","","",""
"2022097396","1941","1","0","0","0","0","0","0","0","0","1","0","","67","10","2022","2","39.958141","-75.164774","1933","6","0","0","0","0","0","0","0","0","","0","0","0","19","3","4","N","0","2","39 57:29.306","3","0","75 09:53.186","8","0","0","0","67301","0","0","0","N","0","0","0","5","68K01","0","","1.0","2100.0","1","N","N","N","0","","0","0","2","0","0","Y","1932","3","4","0","0","0","4","0","2","0","3","0","0","0","3","","","N","","","","","","","","","",""
"2022095230","1615","0","0","0","0","0","0","0","0","0","4","0","","67","10","2022","4","40.040715","-75.029938","1615","6","0","0","1","0","0","0","0","0","","0","0","0","16","1","1","","1","0","40 02:26.574","","0","75 01:47.778","2","0","1","1","67301","0","0","0","N","0","0","0","4","67301","0","","1.0","","1","N","N","N","1","","0","1","0","3","3","","1615","2","1","0","0","0","0","0","2","0","2","0","0","0","3","03","","N","","","","","","","","","",""
"2022093416","0906","0","0","0","0","0","0","0","0","0","4","0","","67","10","2022","1","39.960201","-75.239104","0906","6","0","0","0","0","0","0","0","0","","0","0","0","9","1","1","","1","2","39 57:36.724","2","0","75 14:20.773","3","0","0","0","67301","0","0","0","N","0","0","0","3","67301","0","","1.0","1013.0","1","N","N","N","0","","1","0","2","3","2","Y","906","3","1","0","0","0","0","0","2","1","3","0","0","0","3","03","","N","","","","","","","","","",""
"2022098261","1932","2","0","0","0","0","0","0","0","0","4","0","","67","10","2022","5","39.917697","-75.230619","1932","6","0","0","0","0","0","2","0","0","","0","0","0","13","1","0","","2","0","39 55:03.710","","0","75 13:50.230","0","0","0","0","67301","0","0","0","N","0","0","0","2","67301","0","","1.0","","1","N","N","N","0","","0","0","0","3","3","","1330","2","0","0","0","0","0","0","2","0","2","0","0","0","3","","","N","","","","","","","","","",""
"2022098749","0238","2","0","0","0","0","0","0","0","0","4","0","","67","10","2022","2","39.994608","-75.159819","0236","6","0","0","0","0","0","0","0","0","","0","0","0","2","3","0","","1","0","39 59:40.590","","0","75 09:35.349","9","0","0","0","67301","0","0","0","N","0","0","0","2","67301","0","","1.0","","9","N","N","N","0","","0","0","0","3","2","","205","2","0","0","0","0","0","1","2","0","2","0","0","0","7","","","N","","","","","","","","","",""
"2022096709","2058","3","0","0","0","0","0","0","0","0","4","0","","67","10","2022","4","39.925608","-75.17924","2058","6","0","0","0","0","0","0","0","0","","0","0","0","20","3","2","","1","0","39 55:32.188","","0","75 10:45.265","3","0","0","0","67301","0","0","0","N","0","0","0","3","67301","1","","1.0","","1","N","N","N","0","","1","0","0","3","2","","2058","3","2","0","0","0","0","0","2","0","3","0","0","0","3","03","","N","","","","","","","","","",""
"2022101854","0400","0","0","0","0","0","0","0","0","0","1","0","","67","10","2022","1","39.971906","-75.159275","0355","6","0","0","0","0","0","0","0","0","","0","0","0","3","3","0","N","0","0","39 58:18.860","","0","75 09:33.390","9","0","0","0","67301","0","0","0","N","0","0","0","2","67301","0","","1.0","","1","N","N","N","0","","0","0","1","0","0","","300","3","0","0","0","0","0","2","2","1","3","0","0","0","3","03","","N","","","","","","","","","",""
"2022098152","1506","0","0","0","0","0","0","0","0","0","7","0","","67","10","2022","7","40.070473","-75.162261","1502","6","0","0","0","0","0","0","0","1","","0","0","0","14","1","1","N","0","0","40 04:13.703","","0","75 09:44.138","3","0","0","0","67301","0","0","0","N","0","0","0","1","67301","0","","5.0","","1","N","N","N","0","","1","0","1","0","0","","1457","1","1","0","0","0","0","0","2","0","1","0","0","0","3","03","","N","","","","","","","","","",""
"2022125101","1830","0","0","0","0","0","0","0","0","0","5","0","","67","10","2022","5","39.973055","-75.213899","1830","6","0","0","0","0","0","0","0","0","","0","0","0","16","1","0","","2","0","39 58:22.997","","0","75 12:50.037","9","0","0","0","67301","0","0","0","N","0","0","0","2","67301","0","","1.0","","1","N","Y","N","0","","0","0","2","0","0","","1620","2","0","0","0","0","0","1","2","0","2","0","0","0","3","","","N","","","","","","","","","",""
"2022093662","2051","1","0","0","0","0","0","0","0","0","6","0","","67","10","2022","1","40.044217","-75.149672","2046","6","0","0","0","0","0","0","0","0","","0","0","0","20","3","0","N","0","0","40 02:39.180","","0","75 08:58.820","9","0","0","0","67301","0","0","0","N","0","0","0","7","67301","0","","1.0","","1","N","N","N","0","","0","0","1","0","0","","2030","3","0","0","0","0","0","6","2","0","3","0","0","0","3","03","","N","","","","","","","","","",""
"2022095733","2040","1","0","0","0","0","0","0","0","0","5","0","","67","10","2022","7","40.067997","-75.168869","2033","6","0","0","0","0","0","1","0","0","","0","0","0","18","2","0","N","0","0","40 04:04.790","","0","75 10:07.930","0","0","0","0","67301","0","0","0","N","0","0","0","1","67301","0","","6.0","","1","N","N","N","0","","0","0","3","0","0","","1846","4","0","1","0","0","0","0","2","0","4","0","0","0","3","03","","N","","","","","","","","","",""
"2022098739","0454","1","0","0","0","0","0","0","0","0","4","0","","67","10","2022","3","40.018906","-75.14723","0454","6","0","0","0","0","0","1","0","0","","0","0","0","4","3","0","","1","0","40 01:08.061","","0","75 08:50.029","0","0","0","0","67301","0","0","0","N","0","0","0","2","67301","0","","1.0","","1","N","N","N","0","","0","0","1","3","2","","450","2","0","0","0","0","0","0","2","0","2","0","0","0","3","","","N","","","","","","","","","",""
"2022091601","0910","1","0","0","0","0","0","0","0","0","8","0","","67","10","2022","3","40.11296","-75.023011","0905","6","0","0","0","0","0","0","0","0","","0","0","0","9","1","1","","1","0","40 06:46.657","","0","75 01:22.840","3","0","0","0","67301","1","0","0","N","1","0","0","2","67301","0","","1.0","","9","N","N","N","0","","1","0","0","3","2","","900","2","1","0","0","0","0","0","2","0","1","1","0","0","7","04","","N","","","","","","","","","",""
"2022124318","0802","2","0","0","0","0","0","1","0","0","4","1","","67","12","2022","6","39.943617","-75.156832","0756","6","0","0","0","0","0","2","0","0","","0","0","0","7","1","0","","1","0","39 56:37.020","","0","75 09:24.594","0","0","0","0","67301","0","0","0","N","0","0","0","3","67301","0","","1.0","","9","N","N","N","0","","0","0","1","3","2","","720","4","0","0","0","0","0","0","2","0","4","0","0","0","7","07","","N","","","","","","","","","",""
"2022098260","1341","1","0","0","0","0","0","0","0","0","7","0","","67","10","2022","5","39.945522","-75.232347","1341","6","0","0","0","0","0","0","0","0","","0","0","0","13","1","0","","2","1","39 56:43.879","6","0","75 13:56.449","0","0","0","0","67301","0","0","0","N","0","0","0","2","67301","0","","5.0","1530.0","1","N","N","N","0","","0","0","0","3","3","Y","1341","1","0","2","0","0","0","0","2","0","1","0","0","0","3","03","","N","","","","","","","","","",""
"2022124962","1837","1","0","0","0","0","0","0","0","0","1","0","","67","12","2022","5","39.963782","-75.184393","1814","6","0","0","0","0","0","1","0","0","","0","0","0","18","3","0","N","0","1","39 57:49.615","3","0","75 11:03.816","0","0","0","0","67301","0","0","0","N","0","0","0","2","68K01","0","","1.0","1842.0","9","N","N","N","0","","0","0","1","0","0","N","1810","2","0","0","0","0","0","0","2","0","2","0","0","0","7","","","N","","","","","","","","","",""
"2022124958","2102","2","0","0","0","0","0","0","0","0","1","0","","67","12","2022","4","39.991901","-75.086025","2050","6","0","0","0","0","0","0","0","0","","0","0","0","20","3","1","N","0","1","39 59:30.842","2","0","75 05:09.690","8","0","0","0","67301","0","0","0","N","0","0","0","2","68K01","0","","1.0","2120.0","1","N","N","N","0","","0","0","0","0","0","N","2047","2","1","1","0","0","1","0","2","0","2","0","0","0","3","","","N","","","","","","","","","",""
"2022122229","1031","0","0","0","0","0","0","0","0","0","8","0","","67","10","2022","5","40.035583","-75.123863","1031","6","0","0","0","0","0","0","0","0","","0","0","0","10","1","1","","1","0","40 02:08.098","","0","75 07:25.905","3","0","0","0","67301","1","0","0","N","1","0","0","2","67301","0","","1.0","","1","N","N","N","0","","1","0","1","3","2","","1031","2","1","1","0","0","0","0","2","0","1","1","0","0","3","03","","N","","","","","","","","","",""
"2022096740","0940","2","0","0","0","0","0","0","0","0","4","0","","67","10","2022","4","39.967336","-75.245842","0935","6","0","0","0","0","1","0","0","0","","0","0","0","9","1","1","","1","0","39 58:02.410","","0","75 14:45.030","3","0","0","0","67301","0","0","0","N","0","0","0","2","67301","0","","1.0","","9","N","N","N","1","","1","0","0","3","2","","923","4","1","1","0","0","0","0","2","1","4","0","0","0","3","03","","N","","","","","","","","","",""
"2022119298","0310","1","0","0","0","0","0","0","0","0","4","0","","67","12","2022","5","39.976214","-75.133628","0302","6","0","0","0","0","0","0","0","0","","0","0","0","2","3","0","N","0","0","39 58:34.370","","0","75 08:01.060","0","0","0","0","67301","0","0","0","N","0","0","0","1","67301","0","","1.0","","1","N","N","N","0","","0","0","1","0","0","","250","2","0","0","0","0","0","0","2","0","2","0","0","0","3","03","","N","","","","","","","","","",""
"2022091859","0741","0","0","0","0","0","0","0","0","0","1","0","","67","10","2022","2","40.064317","-74.983714","0738","6","1","0","0","0","0","0","0","0","","0","0","0","7","1","1","N","0","0","40 03:51.542","","0","74 59:01.371","8","0","0","0","67301","0","0","0","N","0","0","0","4","67301","0","","1.0","","9","N","N","N","0","","0","0","3","0","0","","735","3","1","0","0","0","1","0","2","0","3","0","0","0","7","07","","N","","","","","","","","","",""
"2022124398","0335","2","0","0","0","0","0","0","0","0","5","1","","67","11","2022","7","39.982272","-75.100246","0324","6","0","0","0","0","0","1","0","0","","0","1","0","3","3","0","","7","2","39 58:56.179","1","2","75 06:00.884","0","0","0","0","67301","0","0","0","N","0","0","0","3","68K01","0","","7.0","423.0","1","N","N","N","0","","0","0","0","0","0","Y","321","3","0","0","0","0","0","0","2","0","3","0","0","0","3","","","N","","","","","","","","","",""
"2022121504","","1","0","0","0","0","0","0","0","0","5","0","","67","9","2022","2","40.049236","-75.157963","","6","0","0","0","0","0","0","0","0","","0","0","0","18","1","1","N","0","0","40 02:57.249","","0","75 09:28.667","8","0","0","0","67301","0","0","0","N","0","0","0","2","00000","0","","1.0","","1","","","N","0","","0","0","1","0","0","","1800","2","1","1","0","0","1","0","2","0","2","0","0","0","3","","","N","","","","","","","","","",""
"2023007904","","1","0","0","0","0","0","0","0","0","1","0","","67","6","2022","3","","","","6","0","0","0","0","0","1","0","0","","0","0","0","12","1","1","N","0","0","","","0","","8","0","0","0","67301","0","0","0","N","0","0","0","2","00000","0","","1.0","","1","","","N","0","","0","0","0","0","0","","1240","2","1","0","0","0","1","0","1","0","2","0","0","0","3","","","N","","","","","","","","","",""
"2022094263","1506","1","0","0","0","0","0","0","0","0","7","0","","67","10","2022","3","40.039867","-75.164848","1452","6","0","0","0","0","0","0","0","1","","0","0","0","13","1","1","","2","0","40 02:23.521","","0","75 09:53.452","8","0","0","0","67301","0","0","0","N","0","0","0","1","67301","0","","4.0","","1","N","N","N","0","","0","0","0","3","3","","1308","1","1","0","0","0","1","0","2","0","1","0","0","0","3","03","","N","","","","","","","","","",""
"2022099887","1830","0","0","0","0","0","0","0","0","0","8","0","","67","10","2022","3","39.967362","-75.128863","1817","6","0","0","0","0","0","0","0","0","","0","0","0","18","3","1","","5","1","39 58:02.502","1","0","75 07:43.907","3","0","0","0","67301","1","0","0","N","1","0","0","2","67301","0","","1.0","1900.0","9","N","N","N","1","","1","0","0","3","2","N","1815","2","1","0","0","0","0","0","2","0","1","1","0","0","7","","","N","","","","","","","","","",""
"2022102008","1840","0","0","0","0","0","0","0","0","0","5","0","","67","10","2022","3","39.897569","-75.211946","1825","6","0","0","0","0","0","0","0","0","","0","0","0","18","3","1","N","0","0","39 53:51.250","","3","75 12:43.007","4","0","0","0","67301","0","0","0","N","0","0","0","2","67301","1","","1.0","","1","N","N","N","1","","0","0","1","0","0","","1815","2","1","0","0","0","0","0","2","0","2","0","0","0","3","03","","N","","","","","","","","","",""
"2022095727","0720","1","0","0","0","0","0","0","0","0","8","0","","67","10","2022","5","39.923299","-75.161318","0717","6","0","0","0","0","0","0","0","0","","0","0","0","7","1","1","","1","0","39 55:23.877","","0","75 09:40.743","3","0","0","0","67301","1","0","0","N","1","0","0","2","67301","0","","1.0","","1","N","N","N","0","","1","0","0","3","2","","712","2","1","0","0","0","0","0","2","0","1","1","0","0","3","03","","N","","","","","","","","","",""
"2022099174","0106","2","0","0","0","0","0","0","0","0","4","0","","67","10","2022","1","40.056573","-75.030998","0103","6","0","0","0","0","1","0","0","0","","0","0","0","0","8","0","","1","1","40 03:23.662","1","0","75 01:51.591","0","0","0","0","67301","0","0","0","N","0","0","0","2","67301","0","","1.0","130.0","1","N","N","N","0","","0","0","0","3","2","Y","42","2","0","0","0","0","0","0","2","0","2","0","0","0","3","03","","N","","","","","","","","","",""
"2022095010","1836","0","0","0","1","0","0","0","0","0","8","0","","67","10","2022","3","39.913818","-75.148494","1835","6","0","0","0","0","0","0","0","0","","0","0","0","11","1","1","N","0","0","39 54:49.746","","0","75 08:54.578","3","0","0","0","67301","1","0","0","N","0","0","0","2","67301","0","","1.0","","1","N","N","N","0","","1","0","0","9","2","","1100","2","1","0","0","0","0","1","2","0","1","1","0","0","3","03","","N","","","","","","","","","",""
"2022100692","2114","1","0","0","0","0","0","0","0","0","6","0","","67","10","2022","4","40.03911","-75.1515","2112","6","0","0","0","0","0","0","0","0","","0","0","0","21","3","0","N","0","2","40 02:20.795","4","0","75 09:05.400","0","0","0","0","67301","0","0","0","N","0","0","0","1","67301","0","","6.0","2230.0","1","N","N","N","0","","0","0","3","0","0","N","2110","4","0","1","0","0","0","0","2","0","4","0","0","0","3","","","N","","","","","","","","","",""
"2022094518","1215","1","0","0","0","0","0","0","0","0","5","0","","67","10","2022","2","40.080757","-75.028601","0006","6","0","0","0","0","0","0","0","0","","0","0","0","23","3","1","","1","1","40 04:50.725","1","0","75 01:42.964","4","0","0","0","67301","0","0","0","N","0","0","0","3","67301","1","","1.0","50.0","1","N","N","N","1","","0","0","1","3","2","N","2345","3","1","0","0","0","0","0","2","0","3","0","0","0","3","03","","N","","","","","","","","","",""
"2022102829","1520","2","0","0","0","0","0","0","0","0","5","0","","67","10","2022","6","40.028983","-75.022599","1449","6","0","0","0","0","0","0","0","0","","0","0","0","14","1","1","N","0","1","40 01:44.339","1","0","75 01:21.358","3","0","0","0","67301","0","0","0","N","0","0","0","2","68K01","0","","1.0","1649.0","1","N","N","N","0","","1","0","0","0","0","Y","1434","2","1","0","0","0","0","0","2","0","2","0","0","0","3","","","N","","","","","","","","","",""
"2022098905","0935","0","0","0","0","0","0","0","0","0","5","0","","67","10","2022","2","39.973975","-75.130075","0931","6","0","0","0","0","0","0","0","0","","0","0","0","9","1","0","N","0","0","39 58:26.310","","0","75 07:48.270","0","0","0","0","67301","0","0","0","N","0","0","0","1","67301","0","","6.0","","9","N","N","N","0","","0","0","2","0","0","","925","2","0","0","0","0","0","0","2","0","2","0","0","0","4","","","N","","","","","","","","","",""