"CRN","ARRIVAL_TM","AUTOMOBILE_COUNT","BELTED_DEATH_COUNT","BELTED_SUSP_SERIOUS_INJ_COUNT","BICYCLE_COUNT","BICYCLE_DEATH_COUNT","BICYCLE_SUSP_SERIOUS_INJ_COUNT","BUS_COUNT","CHLDPAS_DEATH_COUNT","CHLDPAS_SUSP_SERIOUS_INJ_COUNT","COLLISION_TYPE","COMM_VEH_COUNT","CONS_ZONE_SPD_LIM","COUNTY","CRASH_MONTH","CRASH_YEAR","DAY_OF_WEEK","DEC_LATITUDE","DEC_LONGITUDE","DISPATCH_TM","DISTRICT","DRIVER_COUNT_16YR","DRIVER_COUNT_17YR","DRIVER_COUNT_18YR","DRIVER_COUNT_19YR","DRIVER_COUNT_20YR","DRIVER_COUNT_50_64YR","DRIVER_COUNT_65_74YR","DRIVER_COUNT_75PLUS","EST_HRS_CLOSED","FATAL_COUNT","HEAVY_TRUCK_COUNT","HORSE_BUGGY_COUNT","HOUR_OF_DAY","ILLUMINATION","INJURY_COUNT","INTERSECTION_RELATED","INTERSECT_TYPE","LANE_CLOSED","LATITUDE","LN_CLOSE_DIR","LOCATION_TYPE","LONGITUDE","MAX_SEVERITY_LEVEL","MCYCLE_DEATH_COUNT","MCYCLE_SUSP_SERIOUS_INJ_COUNT","MOTORCYCLE_COUNT","MUNICIPALITY","NONMOTR_COUNT","NONMOTR_DEATH_COUNT","NONMOTR_SUSP_SERIOUS_INJ_COUNT","NTFY_HIWY_MAINT","PED_COUNT","PED_DEATH_COUNT","PED_SUSP_SERIOUS_INJ_COUNT","PERSON_COUNT","POLICE_AGCY","POSSIBLE_INJ_COUNT","RDWY_SURF_TYPE_CD","RELATION_TO_ROAD","ROADWAY_CLEARED","ROAD_CONDITION","SCH_BUS_IND","SCH_ZONE_IND","SECONDARY_CRASH","SMALL_TRUCK_COUNT","SPEC_JURIS_CD","SUSP_MINOR_INJ_COUNT","SUSP_SERIOUS_INJ_COUNT","SUV_COUNT","TCD_FUNC_CD","TCD_TYPE","TFC_DETOUR_IND","TIME_OF_DAY","TOTAL_UNITS","TOT_INJ_COUNT","UNBELTED_OCC_COUNT","UNB_DEATH_COUNT","UNB_SUSP_SERIOUS_INJ_COUNT","UNK_INJ_DEG_COUNT","UNK_INJ_PER_COUNT","URBAN_RURAL","VAN_COUNT","VEHICLE_COUNT","VULNERABLE_ROAD_USER_COUNT","VULNERABLE_ROAD_USER_DEATH_COUNT","VULNERABLE_ROAD_USER_SER_INJ_COUNT","WEATHER1","WEATHER2","WORKERS_PRES","WORK_ZONE_IND","WORK_ZONE_LOC","WORK_ZONE_TYPE","WZ_CLOSE_DETOUR","WZ_FLAGGER","WZ_LAW_OFFCR_IND","WZ_LN_CLOSURE","WZ_MOVING","WZ_OTHER","WZ_SHLDER_MDN","WZ_WORKERS_INJ_KILLED"
"2022118459","1022","0","0","0","0","0","0","0","0","0","7","0","","67","10","2022","5","39.975633","-75.194874","1012","6","0","0","0","0","0","0","0","0","","0","0","0","10","1","1","N","0","0","39 58:32.277","","0","75 11:41.547","8","0","0","0","67301","0","0","0","N","0","0","0","1","68K01","0","","3.0","","1","N","N","N","1","","0","0","0","0","0","","1011","1","1","0","0","0","1","0","2","0","1","0","0","0","3","03","","N","","","","","","","","","",""
"2022118464","1552","3","0","0","0","0","0","0","0","0","1","0","","67","10","2022","2","39.959673","-75.176209","1541","6","0","0","0","0","0","0","0","0","","0","0","0","15","1","0","N","0","2","39 57:34.822","4","0","75 10:34.353","0","0","0","0","67301","0","0","0","N","0","0","0","3","68K01","0","","1.0","1630.0","1","N","N","N","0","","0","0","0","0","0","N","1541","3","0","0","0","0","0","0","2","0","3","0","0","0","3","03","","N","","","","","","","","","",""
"2022093170","1304","2","0","0","0","0","0","0","0","0","1","0","","67","10","2022","1","40.005553","-75.151936","1304","6","0","0","0","0","0","1","0","0","","0","0","0","13","1","3","N","0","1","40 00:19.992","1","0","75 09:06.968","3","0","0","0","67301","0","0","0","N","0","0","0","8","67505","0","","1.0","1500.0","1","N","N","Y","0","","3","0","3","0","0","N","1304","6","3","0","0","0","0","2","2","1","6","0","0","0","3","03","","N","","","","","","","","","",""
"2022105132","0650","1","0","0","0","0","0","0","0","0","8","0","","67","10","2022","2","39.981747","-75.238433","0647","6","0","0","0","0","0","0","1","0","","0","0","0","6","3","2","N","0","0","39 58:54.289","","0","75 14:18.360","2","0","0","0","67301","2","0","1","N","2","0","1","3","67301","0","","1.0","","9","N","N","N","0","","1","1","0","0","0","","645","3","2","0","0","0","0","0","2","0","1","2","0","1","7","04","","N","","","","","","","","","",""
"2022094928","0744","1","0","0","0","0","0","0","0","0","4","0","","67","10","2022","5","39.978237","-75.154676","0743","6","0","0","0","0","0","0","0","0","","0","0","0","7","1","0","N","0","0","39 58:41.653","","7","75 09:16.833","0","0","0","0","67301","0","0","0","N","0","0","0","2","67505","0","","1.0","","9","N","N","N","0","","0","0","0","0","0","N","743","2","0","0","0","0","0","0","2","1","2","0","0","0","7","07","","N","","","","","","","","","",""
"2022096744","0940","1","0","0","0","0","0","0","0","0","5","0","","67","10","2022","6","39.994522","-75.169425","0933","6","0","0","0","0","0","0","0","0","","0","0","0","9","1","2","N","0","0","39 59:40.280","","0","75 10:09.930","3","0","0","0","67301","1","0","0","N","1","0","0","3","67301","0","","6.0","","1","N","N","N","0","","2","0","0","0","0","","932","3","2","0","0","0","0","1","2","1","2","1","0","0","3","","","N","","","","","","","","","",""
"2022097452","0220","0","0","0","0","0","0","0","0","0","2","0","","67","10","2022","7","39.983097","-75.118846","0218","6","0","0","0","0","0","0","0","0","","0","0","0","2","3","0","N","0","0","39 58:59.149","","0","75 07:07.844","0","0","0","0","67301","0","0","0","N","0","0","0","1","67301","0","","1.0","","1","N","N","N","0","","0","0","2","0","0","","218","2","0","1","0","0","0","0","2","0","2","0","0","0","3","","","N","","","","","","","","","",""
"2022095576","1950","1","0","0","0","0","0","0","0","0","1","0","","67","10","2022","6","40.016443","-75.15414","1942","6","0","0","0","0","0","1","0","0","","0","0","0","19","3","1","N","0","0","40 00:59.194","","0","75 09:14.905","3","0","0","0","67301","0","0","0","N","0","0","0","3","67301","0","","1.0","","1","N","N","N","0","","1","0","1","0","0","","1925","2","1","1","0","0","0","0","2","0","2","0","0","0","3","98","","N","","","","","","","","","",""
"2022114680","1550","1","0","0","0","0","0","0","0","0","4","0","","67","11","2022","6","40.001613","-75.11641","1550","6","0","0","0","0","1","0","0","0","","0","0","0","15","1","1","","1","0","40 00:05.806","","0","75 06:59.076","4","0","0","0","67301","0","0","0","N","0","0","0","4","67301","1","","1.0","","9","N","N","N","0","","0","0","2","3","2","","1550","3","1","0","0","0","0","0","2","0","3","0","0","0","7","07","","N","","","","","","","","","",""
"2022108770","1332","0","0","0","0","0","0","0","0","0","4","0","","67","10","2022","3","40.016855","-75.149585","1230","6","0","0","0","0","1","0","0","0","","0","0","0","12","1","1","","1","0","40 01:00.678","","0","75 08:58.505","3","0","0","0","67301","0","0","0","N","0","0","0","3","67301","0","","1.0","","1","N","N","N","0","","1","0","2","3","2","","1227","3","1","1","0","0","0","0","2","1","3","0","0","0","3","03","","N","","","","","","","","","",""
"2022098154","1435","1","0","0","0","0","0","0","0","0","4","0","","67","10","2022","7","39.944359","-75.244378","1429","6","0","0","0","0","0","1","1","0","","0","0","0","13","1","3","","3","0","39 56:39.693","","0","75 14:39.762","3","0","0","0","67301","0","0","0","N","0","0","0","3","67301","0","","1.0","","1","N","N","N","0","","3","0","1","0","0","","1310","2","3","0","0","0","0","0","2","0","2","0","0","0","3","","","N","","","","","","","","","",""
"2022100430","1055","1","0","0","0","0","0","0","0","0","8","0","","67","10","2022","5","40.02758","-75.147134","1051","6","0","0","0","0","0","0","1","0","","0","0","0","8","1","2","","1","0","40 01:39.287","","0","75 08:49.681","3","0","0","0","67301","2","0","0","N","2","0","0","3","67301","1","","1.0","","1","N","N","N","0","","1","0","0","3","2","","855","3","2","1","0","0","0","1","2","0","1","2","0","0","3","","","N","","","","","","","","","",""
"2022100498","0033","0","0","0","0","0","0","0","0","0","1","0","","67","10","2022","6","39.957898","-75.16205","0033","6","0","0","0","1","0","0","0","0","","0","0","0","0","3","1","N","0","1","39 57:28.434","4","0","75 09:43.381","8","0","0","0","67301","0","0","0","N","0","0","0","2","68K01","0","","1.0","115.0","9","N","N","N","0","","0","0","2","0","0","N","31","2","1","0","0","0","1","0","2","0","2","0","0","0","7","07","","N","","","","","","","","","",""
"2022123663","2120","2","0","0","0","0","0","0","0","0","3","0","","67","12","2022","1","39.952067","-75.246025","2117","6","0","0","0","0","0","0","0","0","","0","0","0","21","3","0","N","0","0","39 57:07.440","","0","75 14:45.690","9","0","0","0","67301","0","0","0","N","0","0","0","1","67301","0","","1.0","","1","N","N","N","0","","0","0","1","0","0","","2100","3","0","0","0","0","0","1","2","0","3","0","0","0","3","03","","N","","","","","","","","","",""
"2022095738","1019","1","0","0","0","0","0","0","0","0","2","0","","67","10","2022","7","40.031536","-75.145731","1018","6","0","0","0","0","0","1","0","0","","0","0","0","10","1","1","N","0","1","40 01:53.530","2","0","75 08:44.630","8","0","0","1","67301","0","0","0","N","0","0","0","1","67301","0","","6.0","1114.0","1","N","N","N","0","","0","0","0","0","0","N","1017","2","1","0","0","0","1","0","2","0","2","0","0","0","3","","","N","","","","","","","","","",""
"2022098058","1348","0","0","0","0","0","0","0","0","0","4","0","","67","10","2022","6","40.000643","-75.072513","1336","6","0","0","0","0","0","1","0","1","","0","0","0","13","1","1","","1","0","40 00:02.314","","0","75 04:21.046","3","0","0","0","67301","0","0","0","N","0","0","0","2","67301","0","","1.0","","1","N","N","N","0","","1","0","1","3","2","","1328","2","1","2","0","0","0","0","2","1","2","0","0","0","3","03","","N","","","","","","","","","",""
"2022097436","1520","2","0","0","0","0","0","0","0","0","4","0","","67","10","2022","6","39.960263","-75.156289","1512","6","0","0","0","0","0","1","0","0","","0","0","0","13","1","0","","5","0","39 57:36.946","","0","75 09:22.640","0","0","0","0","67301","0","0","0","N","0","0","0","2","67301","0","","1.0","","1","N","N","Y","0","","0","0","1","3","2","","1350","3","0","0","0","0","0","0","2","0","3","0","0","0","3","03","","N","","","","","","","","","",""
"2022098898","1140","0","0","0","0","0","0","0","0","0","4","0","","67","10","2022","5","39.98564","-75.18772","1125","6","0","0","0","0","0","1","0","0","","0","0","0","8","1","1","","2","0","39 59:08.305","","0","75 11:15.792","4","0","0","1","67301","0","0","0","N","0","0","0","2","67301","1","","1.0","","1","N","N","N","0","","0","0","1","0","0","","830","2","1","0","0","0","0","0","2","0","2","0","0","0","3","03","","N","","","","","","","","","",""
"2022100422","2000","4","0","0","0","0","0","0","0","0","4","0","","67","10","2022","6","39.999549","-75.153371","2000","6","0","0","0","0","0","1","0","1","","0","0","0","20","3","2","","2","0","39 59:58.376","","0","75 09:12.134","8","0","0","0","67301","0","0","0","N","0","0","0","5","67505","0","","1.0","","1","N","N","N","0","","0","0","1","3","3","","2000","5","2","3","0","0","2","0","2","0","5","0","0","0","3","03","","N","","","","","","","","","",""
"2022095023","0841","2","0","0","0","0","0","0","0","0","4","0","","67","10","2022","4","39.982651","-75.227038","0834","6","0","0","0","0","0","0","0","0","","0","0","0","8","1","0","","3","0","39 58:57.545","","0","75 13:37.336","0","0","0","0","67301","0","0","0","N","0","0","0","2","67301","0","","1.0","","9","N","N","N","0","","0","0","0","3","2","","825","2","0","0","0","0","0","0","2","0","2","0","0","0","4","04","","N","","","","","","","","","",""
"2022091923","0855","1","0","0","0","0","0","0","0","0","4","0","","67","10","2022","4","40.049305","-75.067871","0847","6","0","0","0","0","0","0","0","0","","0","0","0","8","1","1","","1","0","40 02:57.499","","0","75 04:04.337","3","0","0","0","67301","0","0","0","N","0","0","0","2","67301","0","","1.0","","9","N","N","N","0","","1","0","1","3","2","","845","2","1","0","0","0","0","0","2","0","2","0","0","0","4","07","","N","","","","","","","","","",""
"2022124408","0358","2","0","0","0","0","0","0","0","0","1","0","","67","12","2022","4","40.02625","-75.026804","0345","6","0","0","0","0","0","1","0","0","","0","0","0","3","3","1","N","0","1","40 01:34.500","1","0","75 01:36.493","8","0","0","0","67301","0","0","0","N","0","0","0","2","68K01","0","","4.0","430.0","9","N","N","N","0","","0","0","0","0","0","N","341","2","1","0","0","0","1","0","2","0","2","0","0","0","7","07","","N","","","","","","","","","",""
"2022100523","1643","0","0","0","0","0","0","0","0","0","5","0","","67","10","2022","5","40.027167","-75.09695","1630","6","0","0","0","0","0","0","0","0","","0","0","0","14","1","0","N","0","0","40 01:37.800","","0","75 05:49.020","0","0","0","0","67301","0","0","0","N","0","0","0","2","67301","0","","1.0","","1","N","N","N","0","","0","0","1","0","0","","1429","2","0","2","0","0","0","0","2","1","2","0","0","0","3","03","","N","","","","","","","","","",""
"2022102959","2155","1","0","0","0","0","0","0","0","0","4","0","","67","10","2022","4","39.917183","-75.246303","2155","6","0","0","0","0","0","1","0","0","","0","0","0","21","3","1","","1","2","39 55:01.859","6","0","75 14:46.691","3","0","0","1","67301","0","0","0","N","0","0","0","3","67301","0","","1.0","2309.0","1","N","N","N","0","","1","0","1","3","2","N","2155","4","1","0","0","0","0","0","2","0","4","0","0","0","3","","","N","","","","","","","","","",""
"2022098899","1646","1","0","0","0","0","0","0","0","0","4","0","","67","10","2022","7","39.974908","-75.162051","1644","6","0","0","0","0","0","1","0","0","","0","0","0","16","1","1","","1","0","39 58:29.670","","0","75 09:43.385","3","0","0","0","67301","0","0","0","N","0","0","0","3","67301","0","","1.0","","1","N","N","Y","0","","1","0","2","3","2","","1635","3","1","0","0","0","0","1","2","0","3","0","0","0","3","03","","N","","","","","","","","","",""
"2022095487","0640","0","0","0","0","0","0","0","0","0","4","0","","67","10","2022","6","39.905417","-75.173545","0635","6","0","0","0","0","0","1","0","0","","0","0","0","6","5","1","","5","2","39 54:19.500","4","0","75 10:24.761","2","0","1","1","67301","0","0","0","N","0","0","0","2","67301","0","","1.0","900.0","1","N","N","N","0","","0","1","0","3","2","Y","630","2","1","0","0","0","0","0","2","1","2","0","0","0","3","03","","N","","","","","","","","","",""
"2022099325","1255","1","0","0","0","0","0","0","0","0","7","0","","67","10","2022","3","40.020009","-75.200905","1244","6","0","0","0","0","0","0","1","0","","0","0","0","12","1","0","N","0","2","40 01:12.031","1","0","75 12:03.257","0","0","0","0","67301","0","0","0","N","0","0","0","1","67301","0","","4.0","1320.0","9","N","N","N","0","","0","0","0","0","0","Y","1235","1","0","0","0","0","0","0","2","0","1","0","0","0","7","04","","N","","","","","","","","","",""
"2022099181","1422","1","0","0","0","0","0","0","0","0","2","0","","67","10","2022","7","39.971481","-75.208197","1257","6","0","0","0","0","0","0","1","0","","0","0","0","11","1","0","N","0","0","39 58:17.330","","0","75 12:29.510","9","0","0","0","67301","0","0","0","N","0","0","0","1","67301","0","","6.0","","1","N","N","N","0","","0","0","1","0","0","","1120","2","0","1","0","0","0","1","2","0","2","0","0","0","3","03","","N","","","","","","","","","",""
"2022102845","1440","1","0","0","0","0","0","0","0","0","5","0","","67","10","2022","5","39.960038","-75.180028","1440","6","0","0","0","0","0","1","0","0","","0","0","0","20","3","0","N","0","0","39 57:36.137","","3","75 10:48.102","0","0","0","1","67301","0","0","0","N","0","0","0","2","68K01","0","","1.0","","9","N","N","N","0","","0","0","0","0","0","","2000","2","0","0","0","0","0","0","2","0","2","0","0","0","7","","","N","","","","","","","","","",""
"2022123465","0802","0","0","0","0","0","0","0","0","0","4","0","","67","10","2022","3","39.968836","-75.24543","0802","6","0","0","0","0","0","1","0","0","","0","0","0","8","1","0","","1","0","39 58:07.811","","0","75 14:43.548","9","0","0","0","67301","0","0","0","N","0","0","0","4","67301","0","","1.0","","9","N","N","N","0","","0","0","0","3","2","","800","2","0","1","0","0","0","1","2","1","2","0","0","0","7","04","","N","","","","","","","","","",""
"2022095577","1119","1","0","0","0","0","0","0","0","0","4","0","","67","10","2022","6","40.003165","-75.152455","1117","6","0","0","0","0","0","0","0","0","","0","0","0","11","8","1","","5","0","40 00:11.393","","0","75 09:08.837","4","0","0","1","67301","0","0","0","N","0","0","0","2","67301","1","","1.0","","1","N","N","N","0","","0","0","0","3","2","","1106","2","1","0","0","0","0","0","2","0","2","0","0","0","3","03","","N","","","","","","","","","",""
"2022107521","1047","3","0","0","0","0","0","0","0","0","4","0","","67","10","2022","2","39.981223","-75.251811","1046","6","0","0","0","0","0","0","0","0","","0","0","0","10","1","1","","2","1","39 58:52.402","2","0","75 15:06.519","3","0","0","0","67301","0","0","0","N","0","0","0","4","67301","0","","1.0","1300.0","9","N","N","N","0","","1","0","1","3","3","N","1030","4","1","4","0","0","0","0","2","0","4","0","0","0","4","","","N","","","","","","","","","",""
"2022091374","1143","0","0","0","0","0","0","0","0","0","7","0","","67","10","2022","1","39.995767","-75.154213","1136","6","0","0","0","0","0","0","0","0","","0","0","0","10","1","0","N","0","0","39 59:44.761","","0","75 09:15.168","0","0","0","0","67301","0","0","0","N","0","0","0","1","67301","0","","3.0","","9","N","N","N","0","","0","0","1","0","0","","1046","1","0","1","0","0","0","0","2","0","1","0","0","0","7","","","N","","","","","","","","","",""
"2022098061","0013","1","0","0","0","0","0","0","0","0","4","0","","67","10","2022","6","39.988441","-75.185381","2355","6","0","0","0","0","0","0","0","0","","0","0","0","23","3","1","","1","1","39 59:18.387","7","0","75 11:07.371","8","0","0","0","67301","0","0","0","N","0","0","0","3","67301","0","","1.0","204.0","1","N","N","N","0","","0","0","1","3","3","Y","2343","2","1","1","0","0","1","0","2","0","2","0","0","0","3","03","","N","","","","","","","","","",""
"2022095737","1415","1","0","0","0","0","0","0","0","0","1","0","","67","10","2022","6","40.025052","-75.139017","1416","6","0","0","0","0","0","0","1","0","","0","0","0","14","1","0","","1","1","40 01:30.187","1","0","75 08:20.461","0","0","0","0","67301","0","0","0","N","0","0","0","2","67301","0","","1.0","1530.0","1","N","N","N","0","","0","0","1","3","2","N","1413","2","0","1","0","0","0","0","2","0","2","0","0","0","3","","","N","","","","","","","","","",""
"2022100687","0145","0","0","0","0","0","0","0","0","0","8","0","","67","10","2022","5","39.960941","-75.137024","0126","6","0","0","0","0","0","0","0","0","","0","0","0","23","3","1","","2","0","39 57:39.387","","0","75 08:13.286","3","0","0","0","67301","1","0","0","N","1","0","0","2","67301","0","","9.0","","1","N","N","N","0","","1","0","0","0","0","","2351","2","1","0","0","0","0","0","2","0","1","1","0","0","3","","","N","","","","","","","","","",""
"2022090928","2112","2","0","0","0","0","0","0","0","0","4","0","","67","10","2022","7","40.044651","-75.074807","2104","6","0","0","0","0","0","2","0","0","","0","0","0","21","3","0","","1","1","40 02:40.743","3","0","75 04:29.305","0","0","0","0","67301","0","0","0","N","0","0","0","2","67301","0","","1.0","2145.0","9","N","N","Y","0","","0","0","1","3","3","Y","2104","3","0","0","0","0","0","0","2","0","3","0","0","0","7","","","N","","","","","","","","","",""
"2022124207","0801","1","0","0","0","0","0","0","0","0","1","0","","67","11","2022","1","40.026267","-75.027407","0754","6","0","0","0","0","0","0","0","0","","0","0","0","7","1","0","N","0","1","40 01:34.561","2","0","75 01:38.664","0","0","0","0","67301","0","0","0","N","0","0","0","6","68K01","0","","1.0","815.0","1","N","N","N","0","","0","0","0","0","0","N","754","2","0","5","0","0","0","0","2","0","2","0","0","0","3","","","N","","","","","","","","","",""
"2022122920","0010","2","0","0","0","0","0","0","0","0","2","0","","67","12","2022","6","40.060434","-75.167023","0005","6","0","0","0","0","0","0","0","0","","0","0","0","22","3","1","","1","0","40 03:37.564","","0","75 10:01.281","3","0","0","0","67301","0","0","0","N","0","0","0","3","67301","0","","1.0","","1","N","N","N","0","","1","0","0","3","2","","2200","2","1","0","0","0","0","1","2","0","2","0","0","0","3","","","N","","","","","","","","","",""
"2022094153","0313","1","0","0","0","0","0","0","0","0","1","0","","67","10","2022","3","40.032514","-75.080809","0308","6","0","0","0","0","0","0","1","0","","0","0","0","3","3","2","","1","2","40 01:57.052","1","0","75 04:50.912","3","0","0","0","67301","0","0","0","N","0","0","0","2","67301","0","","1.0","400.0","1","N","N","N","0","","1","0","1","3","2","Y","301","2","2","0","0","0","1","0","2","0","2","0","0","0","3","03","","N","","","","","","","","","",""
"2022093659","1530","1","0","0","0","0","0","0","0","0","5","0","","67","10","2022","3","39.991417","-75.111033","1525","6","0","0","0","0","0","0","0","0","","0","0","0","14","1","0","N","0","0","39 59:29.100","","0","75 06:39.720","0","0","0","0","67301","0","0","0","N","0","0","0","1","67301","0","","6.0","","9","N","N","N","0","","0","0","1","0","0","","1415","2","0","1","0","0","0","0","2","0","2","0","0","0","7","","","N","","","","","","","","","",""
"2022106641","1733","0","0","0","0","0","0","0","0","0","1","0","","67","10","2022","5","40.026734","-75.114024","1733","6","0","0","0","0","0","0","0","0","","0","0","0","17","1","1","N","0","1","40 01:36.242","1","0","75 06:50.486","4","0","0","0","67301","0","0","0","N","0","0","0","2","67301","1","","1.0","1800.0","1","N","N","N","0","","0","0","2","0","0","N","1730","2","1","0","0","0","0","0","2","0","2","0","0","0","3","03","","N","","","","","","","","","",""
"2022123234","1511","1","0","0","0","0","0","0","0","0","1","0","","67","12","2022","5","39.966903","-75.187771","1446","6","0","0","0","0","1","0","0","0","","0","0","0","14","1","0","N","0","0","39 58:00.850","","0","75 11:15.977","0","0","0","0","67301","0","0","0","N","0","0","0","2","68K01","0","","1.0","","9","N","N","N","0","","0","0","1","0","0","","1441","2","0","0","0","0","0","0","2","0","2","0","0","0","7","07","","N","","","","","","","","","",""
"2022100098","0820","0","0","0","0","0","0","0","0","0","8","0","","67","10","2022","5","39.990587","-75.12897","0818","6","0","0","0","0","0","0","0","0","","0","0","0","7","1","1","","2","0","39 59:26.112","","0","75 07:44.292","3","0","0","0","67301","1","0","0","N","1","0","0","2","67301","0","","1.0","","1","N","N","N","0","","1","0","1","3","2","","750","2","1","0","0","0","0","0","2","0","1","1","0","0","3","","","N","","","","","","","","","",""
"2022090824","0236","2","0","0","0","0","0","0","0","0","5","0","","67","10","2022","2","40.049456","-75.133908","0231","6","0","0","0","0","0","0","0","0","","0","0","0","2","3","0","N","0","0","40 02:58.040","","0","75 08:02.070","0","0","0","0","67301","0","0","0","N","0","0","0","1","67301","0","","6.0","","9","N","N","N","0","","0","0","1","0","0","","225","3","0","0","0","0","0","0","2","0","3","0","0","0","7","","","N","","","","","","","","","",""
"2022124790","0815","1","0","0","0","0","0","0","0","0","4","0","","67","12","2022","2","39.98665","-75.208385","0806","6","0","0","0","0","0","1","0","0","","0","0","0","8","1","2","","1","2","39 59:11.940","1","0","75 12:30.186","3","0","0","0","67301","0","0","0","N","0","0","0","3","68K01","0","","1.0","820.0","1","N","N","N","0","","2","0","1","3","3","N","804","2","2","0","0","0","0","0","2","0","2","0","0","0","3","03","","N","","","","","","","","","",""
"2022123653","1835","1","0","0","0","0","0","0","0","0","2","0","","67","12","2022","4","40.00868","-75.068855","1827","6","0","0","0","0","0","0","0","0","","0","0","0","18","4","2","","1","2","40 00:31.249","5","0","75 04:07.877","8","0","0","0","67301","0","0","0","N","0","0","0","2","67301","0","","1.0","1920.0","1","N","N","N","0","","0","0","1","3","2","Y","1822","2","2","0","0","0","2","0","2","0","2","0","0","0","3","03","","N","","","","","","","","","",""
"2022090889","0750","0","0","0","0","0","0","0","0","0","8","0","","67","10","2022","1","39.930044","-75.233806","0750","6","0","0","0","0","0","0","0","0","","0","0","0","7","1","1","","2","0","39 55:48.158","","0","75 14:01.701","3","0","0","0","67301","1","0","0","N","1","0","0","2","67301","0","","1.0","","9","N","N","N","0","","1","0","0","3","2","","750","2","1","0","0","0","0","0","2","0","1","1","0","0","7","07","","N","","","","","","","","","",""
"2022095730","1220","2","0","0","0","0","0","0","0","0","5","0","","67","10","2022","6","40.053592","-75.011292","1212","6","0","0","0","0","0","1","0","0","","0","0","0","12","1","1","N","0","0","40 03:12.930","","0","75 00:40.650","3","0","0","0","67301","0","0","0","N","0","0","0","1","67301","0","","6.0","","1","N","N","N","1","","1","0","0","0","0","","1210","3","1","0","0","0","0","0","2","0","3","0","0","0","3","","","N","","","","","","","","","",""
"2022124835","0955","1","0","0","0","0","0","0","0","0","7","0","","67","12","2022","5","40.012417","-75.073829","0953","6","0","0","0","0","1","0","0","0","","0","0","0","9","1","1","N","0","0","40 00:44.700","","0","75 04:25.784","3","0","0","0","67301","0","0","0","N","0","0","0","1","67301","0","","5.0","","1","N","N","N","0","","1","0","0","0","0","","951","1","1","1","0","0","0","0","2","0","1","0","0","0","3","03","","N","","","","","","","","","",""
"2022122939","2321","2","0","0","0","0","0","0","0","0","1","0","","67","12","2022","5","39.946043","-75.241786","2305","6","0","0","0","0","0","1","0","0","","0","0","0","23","3","1","N","0","0","39 56:45.754","","0","75 14:30.430","3","0","0","0","67301","0","0","0","N","0","0","0","3","67301","0","","1.0","","9","N","N","N","0","","1","0","0","3","2","","2303","2","1","0","0","0","0","0","2","0","2","0","0","0","7","07","","N","","","","","","","","","",""
"2022124513","2202","0","0","0","0","0","0","0","0","0","8","0","","67","12","2022","5","39.964483","-75.134208","2153","6","0","0","0","0","0","0","0","0","","0","0","0","21","3","2","","1","1","39 57:52.138","1","0","75 08:03.150","2","0","0","0","67301","1","0","1","N","1","0","1","2","67301","0","","1.0","2359.0","9","N","N","N","0","","1","1","1","3","2","N","2152","2","2","0","0","0","0","0","2","0","1","1","0","1","7","","","N","","","","","","","","","",""
"2022123648","1405","0","0","0","0","0","0","0","0","0","6","0","","67","12","2022","1","40.084595","-75.024887","1357","6","0","0","0","0","0","0","0","1","","0","0","0","13","1","2","","1","0","40 05:04.541","","0","75 01:29.594","3","0","0","0","67301","0","0","0","N","0","0","0","4","67301","0","","1.0","","1","N","N","N","0","","2","0","2","3","2","","1345","2","2","0","0","0","0","0","2","0","2","0","0","0","3","03","","N","","","","","","","","","",""
"2022124698","2359","3","0","0","0","0","0","0","0","0","4","0","","67","12","2022","4","40.046275","-75.081992","2357","6","0","0","0","0","0","0","0","0","","0","0","0","22","3","0","N","0","1","40 02:46.590","2","0","75 04:55.170","9","0","0","0","67301","0","0","0","N","0","0","0","1","67301","0","","2.0","50.0","1","N","N","Y","0","","0","0","0","0","0","N","2206","3","0","0","0","0","0","1","2","0","3","0","0","0","3","","","N","","","","","","","","","",""
"2022092608","0812","0","0","0","0","0","0","0","0","0","8","0","","67","10","2022","2","39.954661","-75.149521","0806","6","0","0","0","0","0","1","0","0","","0","0","0","7","1","1","","5","0","39 57:16.781","","2","75 08:58.276","3","0","0","0","67301","1","0","0","N","1","0","0","2","67301","0","","1.0","","9","N","N","N","0","","1","0","1","3","2","","710","2","1","1","0","0","0","1","2","0","1","1","0","0","7","07","","N","","","","","","","","","",""
"2022091861","1846","1","0","0","0","0","0","0","0","0","1","0","","67","10","2022","3","39.919214","-75.246826","1840","6","0","0","0","0","0","0","0","0","","0","0","0","17","1","2","N","0","0","39 55:09.171","","0","75 14:48.575","3","0","0","0","67301","0","0","0","N","0","0","0","2","67301","0","","1.0","","9","N","N","N","0","","2","0","1","0","0","","1725","2","2","0","0","0","0","0","2","0","2","0","0","0","7","04","","N","","","","","","","","","",""
"2022091846","1745","1","0","0","0","0","0","0","0","0","4","0","","67","10","2022","2","40.044756","-75.066506","1745","6","0","0","0","0","0","1","0","0","","0","0","0","16","1","0","","1","0","40 02:41.121","","0","75 03:59.421","9","0","0","0","67301","0","0","0","N","0","0","0","3","67301","0","","1.0","","99","N","N","N","0","","0","0","1","3","2","","1600","2","0","0","0","0","0","3","2","0","2","0","0","0","7","","","N","","","","","","","","","",""
"2023006646","2359","1","0","0","0","0","0","0","0","0","5","0","","67","12","2022","2","40.025447","-75.122835","2355","6","0","1","0","0","0","0","0","0","","1","0","0","23","3","2","N","0","2","40 01:31.609","7","0","75 07:22.207","1","0","0","0","67301","0","0","0","N","0","0","0","3","67301","0","2","1.0","225.0","1","N","N","N","0","0","1","1","1","0","0","Y","2353","2","2","2","1","1","0","0","2","0","2","0","0","0","3","03","","N","","","","","","","","","",""