"CRN","ARRIVAL_TM","AUTOMOBILE_COUNT","BELTED_DEATH_COUNT","BELTED_SUSP_SERIOUS_INJ_COUNT","BICYCLE_COUNT","BICYCLE_DEATH_COUNT","BICYCLE_SUSP_SERIOUS_INJ_COUNT","BUS_COUNT","CHLDPAS_DEATH_COUNT","CHLDPAS_SUSP_SERIOUS_INJ_COUNT","COLLISION_TYPE","COMM_VEH_COUNT","CONS_ZONE_SPD_LIM","COUNTY","CRASH_MONTH","CRASH_YEAR","DAY_OF_WEEK","DEC_LATITUDE","DEC_LONGITUDE","DISPATCH_TM","DISTRICT","DRIVER_COUNT_16YR","DRIVER_COUNT_17YR","DRIVER_COUNT_18YR","DRIVER_COUNT_19YR","DRIVER_COUNT_20YR","DRIVER_COUNT_50_64YR","DRIVER_COUNT_65_74YR","DRIVER_COUNT_75PLUS","EST_HRS_CLOSED","FATAL_COUNT","HEAVY_TRUCK_COUNT","HORSE_BUGGY_COUNT","HOUR_OF_DAY","ILLUMINATION","INJURY_COUNT","INTERSECTION_RELATED","INTERSECT_TYPE","LANE_CLOSED","LATITUDE","LN_CLOSE_DIR","LOCATION_TYPE","LONGITUDE","MAX_SEVERITY_LEVEL","MCYCLE_DEATH_COUNT","MCYCLE_SUSP_SERIOUS_INJ_COUNT","MOTORCYCLE_COUNT","MUNICIPALITY","NONMOTR_COUNT","NONMOTR_DEATH_COUNT","NONMOTR_SUSP_SERIOUS_INJ_COUNT","NTFY_HIWY_MAINT","PED_COUNT","PED_DEATH_COUNT","PED_SUSP_SERIOUS_INJ_COUNT","PERSON_COUNT","POLICE_AGCY","POSSIBLE_INJ_COUNT","RDWY_SURF_TYPE_CD","RELATION_TO_ROAD","ROADWAY_CLEARED","ROAD_CONDITION","SCH_BUS_IND","SCH_ZONE_IND","SECONDARY_CRASH","SMALL_TRUCK_COUNT","SPEC_JURIS_CD","SUSP_MINOR_INJ_COUNT","SUSP_SERIOUS_INJ_COUNT","SUV_COUNT","TCD_FUNC_CD","TCD_TYPE","TFC_DETOUR_IND","TIME_OF_DAY","TOTAL_UNITS","TOT_INJ_COUNT","UNBELTED_OCC_COUNT","UNB_DEATH_COUNT","UNB_SUSP_SERIOUS_INJ_COUNT","UNK_INJ_DEG_COUNT","UNK_INJ_PER_COUNT","URBAN_RURAL","VAN_COUNT","VEHICLE_COUNT","VULNERABLE_ROAD_USER_COUNT","VULNERABLE_ROAD_USER_DEATH_COUNT","VULNERABLE_ROAD_USER_SER_INJ_COUNT","WEATHER1","WEATHER2","WORKERS_PRES","WORK_ZONE_IND","WORK_ZONE_LOC","WORK_ZONE_TYPE","WZ_CLOSE_DETOUR","WZ_FLAGGER","WZ_LAW_OFFCR_IND","WZ_LN_CLOSURE","WZ_MOVING","WZ_OTHER","WZ_SHLDER_MDN","WZ_WORKERS_INJ_KILLED"
"2022099697","0955","0","0","0","0","0","0","0","0","0","8","0","","67","10","2022","3","39.965452","-75.213392","0943","6","0","0","0","0","0","0","0","0","","0","0","0","8","1","1","","1","0","39 57:55.628","","0","75 12:48.211","3","0","0","0","67301","1","0","0","N","1","0","0","2","67301","0","","1.0","","9","N","N","N","0","","1","0","0","3","3","","840","2","1","0","0","0","0","0","2","0","1","1","0","0","3","07","","N","","","","","","","","","",""
"2022098059","1528","2","0","0","0","0","0","0","0","0","1","0","","67","10","2022","1","39.997453","-75.181789","1521","6","0","0","0","0","0","0","0","0","","0","0","0","15","1","0","","2","0","39 59:50.829","","0","75 10:54.442","9","0","0","0","67301","0","0","0","N","0","0","0","4","67301","0","","1.0","","1","N","N","N","0","","0","0","0","3","2","","1505","2","0","3","0","0","0","3","2","0","2","0","0","0","3","03","","N","","","","","","","","","",""
"2022090304","0156","0","0","0","0","0","0","0","0","0","4","0","","67","10","2022","7","40.05701","-75.156166","0153","6","0","0","0","0","0","0","0","0","","0","0","0","1","3","0","","1","0","40 03:25.235","","0","75 09:22.197","9","0","0","0","67301","0","0","0","N","0","0","0","2","67301","0","","1.0","","9","N","N","N","0","","0","0","1","3","3","","145","2","0","0","0","0","0","1","2","0","2","0","0","0","7","07","","N","","","","","","","","","",""
"2022093820","0508","0","0","0","0","0","0","0","0","0","7","0","","67","10","2022","2","40.012048","-75.181728","0508","6","0","0","0","0","0","0","0","0","","0","0","0","5","3","1","N","0","1","40 00:43.373","2","0","75 10:54.222","3","0","0","0","67301","0","0","0","N","0","0","0","1","67301","0","","3.0","537.0","8","N","N","N","0","","1","0","1","0","0","N","507","1","1","0","0","0","0","0","2","0","1","0","0","0","7","07","","N","","","","","","","","","",""
"2022123214","0434","1","0","0","0","0","0","0","0","0","7","0","","67","12","2022","5","39.961968","-75.182901","0419","6","0","0","0","0","0","0","0","0","","0","0","0","4","3","0","N","0","0","39 57:43.083","","2","75 10:58.442","0","0","0","0","67301","0","0","0","Y","0","0","0","1","68K01","0","","7.0","","1","N","N","N","0","","0","0","0","0","0","","417","1","0","1","0","0","0","0","2","0","1","0","0","0","3","","","N","","","","","","","","","",""
"2022099571","0630","1","0","0","0","0","0","0","0","0","1","0","","67","10","2022","3","40.022809","-75.036799","0609","6","0","0","0","0","0","1","0","0","","0","0","0","6","3","3","N","0","0","40 01:22.113","","0","75 02:12.477","4","0","0","0","67301","0","0","0","N","0","0","0","3","68K01","2","","1.0","","9","N","N","N","0","","0","0","1","0","0","","604","2","3","0","0","0","1","0","2","0","2","0","0","0","7","","","N","","","","","","","","","",""
"2022094517","0615","1","0","0","1","0","0","0","0","0","8","0","","67","10","2022","2","40.061271","-75.083518","0605","6","0","0","0","0","0","0","0","0","","0","0","0","21","3","1","","1","0","40 03:40.575","","0","75 05:00.664","3","0","0","0","67301","1","0","0","N","0","0","0","2","67301","0","","1.0","","1","N","N","N","0","","1","0","0","2","2","","2100","2","1","1","0","0","0","0","2","0","1","1","0","0","3","03","","N","","","","","","","","","",""
"2022124407","2226","0","0","0","0","0","0","0","0","0","7","1","","67","12","2022","3","40.030875","-75.02155","2214","6","0","0","0","0","0","0","0","0","","0","1","0","21","3","1","N","0","2","40 01:51.149","1","0","75 01:17.579","8","0","0","0","67301","0","0","0","N","0","0","0","5","68K01","0","","3.0","2245.0","9","N","N","N","0","","0","0","1","0","0","N","2159","2","1","0","0","0","1","0","2","0","2","0","0","0","7","","","N","","","","","","","","","",""
"2022124495","0137","1","0","0","0","0","0","0","0","0","7","0","","67","12","2022","3","40.025661","-75.041522","0104","6","0","0","0","0","0","0","0","0","","0","0","0","1","3","2","N","0","0","40 01:32.380","","0","75 02:29.480","3","0","0","0","67301","0","0","0","N","0","0","0","2","67301","0","","5.0","","1","N","N","N","0","","2","0","0","0","0","","104","1","2","0","0","0","0","0","2","0","1","0","0","0","3","","","N","","","","","","","","","",""
"2022095008","2113","1","0","0","1","0","0","0","0","0","8","0","","67","10","2022","4","39.921278","-75.161752","2113","6","0","0","0","0","0","0","0","0","","0","0","0","18","4","1","","2","0","39 55:16.600","","0","75 09:42.307","3","0","0","0","67301","1","0","0","N","0","0","0","2","67301","0","","1.0","","99","N","N","N","0","","1","0","0","3","3","","1800","2","1","1","0","0","0","0","2","0","1","1","0","0","3","","","N","","","","","","","","","",""
"2022095729","1701","2","0","0","0","0","0","0","0","0","5","0","","67","10","2022","3","40.099648","-75.00851","1700","6","0","0","1","0","0","0","0","0","","0","0","0","16","1","0","Y","0","0","40 05:58.733","","0","75 00:30.635","9","0","0","0","67301","0","0","0","N","0","0","0","6","67301","0","","1.0","","1","N","N","N","0","","0","0","1","3","2","","1625","3","0","0","0","0","0","1","2","0","3","0","0","0","3","03","","N","","","","","","","","","",""
"2022100790","1604","0","0","0","0","0","0","0","0","0","6","0","","67","10","2022","5","40.030389","-75.078211","1557","6","0","0","0","0","0","0","0","0","","0","0","0","15","1","0","N","0","1","40 01:49.400","3","0","75 04:41.560","0","0","0","0","67301","0","0","0","N","0","0","0","1","67301","0","","6.0","1753.0","1","N","N","N","0","","0","0","1","0","0","N","1540","2","0","1","0","0","0","0","2","1","2","0","0","0","3","","","N","","","","","","","","","",""
"2022124963","1509","0","0","0","0","0","0","0","0","0","1","0","","67","12","2022","6","39.974444","-75.11764","1507","6","0","0","0","0","0","0","0","0","","0","0","0","15","1","0","N","0","1","39 58:27.999","1","0","75 07:03.504","0","0","0","0","67301","0","0","0","N","0","0","0","2","68K01","0","","1.0","1511.0","1","N","N","N","1","","0","0","1","0","0","N","1500","2","0","0","0","0","0","0","2","0","2","0","0","0","3","","","N","","","","","","","","","",""
"2022099696","0947","2","0","0","0","0","0","0","0","0","4","0","","67","10","2022","4","40.023774","-75.159888","0939","6","0","0","0","0","0","0","0","0","","0","0","0","8","1","0","N","0","0","40 01:25.587","","7","75 09:35.598","0","0","0","0","67301","0","0","0","N","0","0","0","2","67301","0","","1.0","","1","N","N","N","0","","0","0","0","0","0","","842","2","0","0","0","0","0","0","2","0","2","0","0","0","4","04","","N","","","","","","","","","",""
"2022123212","0011","1","0","0","0","0","0","0","0","0","7","0","","67","11","2022","2","39.999762","-75.195098","0008","6","0","0","0","0","0","1","0","0","","0","0","0","0","3","0","N","0","0","39 59:59.143","","0","75 11:42.353","0","0","0","0","67301","0","0","0","N","0","0","0","1","68K01","0","","4.0","","1","N","N","N","0","","0","0","0","0","0","","5","1","0","1","0","0","0","0","2","0","1","0","0","0","3","","","N","","","","","","","","","",""
"2022090891","1300","0","0","0","0","0","0","0","0","0","7","0","","67","10","2022","1","39.939878","-75.238375","1253","6","0","0","0","0","0","0","0","0","","0","0","0","12","8","1","N","0","0","39 56:23.560","","0","75 14:18.150","3","0","0","0","67301","0","0","0","N","0","0","0","2","67301","0","","4.0","","9","N","N","N","0","","1","0","1","0","0","","1250","1","1","0","0","0","0","0","2","0","1","0","0","0","7","","","N","","","","","","","","","",""
"2022093819","1423","2","0","0","0","0","0","0","0","0","4","0","","67","10","2022","1","39.980354","-75.117905","1422","6","0","0","0","0","0","0","0","0","","0","0","0","14","1","2","N","0","0","39 58:49.275","","0","75 07:04.459","3","0","0","0","67301","0","0","0","N","0","0","0","4","67301","1","","1.0","","1","N","N","N","0","","1","0","0","0","0","","1418","2","2","0","0","0","0","0","2","0","2","0","0","0","3","","","N","","","","","","","","","",""
"2022097911","1150","1","0","0","0","0","0","0","0","0","4","0","","67","10","2022","7","39.978167","-75.154155","1150","6","0","0","0","0","0","0","0","0","","0","0","0","11","1","2","","1","0","39 58:41.402","","0","75 09:14.958","8","0","0","0","67301","0","0","0","N","0","0","0","3","67505","0","","1.0","","1","N","N","N","0","","0","0","1","3","2","","1150","2","2","1","0","0","2","0","2","0","2","0","0","0","3","03","","N","","","","","","","","","",""
"2022094158","0200","1","0","0","0","0","0","0","0","0","4","0","","67","10","2022","2","39.992347","-75.154811","0157","6","0","0","0","0","0","1","0","0","","0","0","0","1","6","1","","2","0","39 59:32.449","","0","75 09:17.320","3","0","0","0","67301","0","0","0","N","0","0","0","2","67301","0","","1.0","","1","N","N","N","0","","1","0","0","0","0","","155","2","1","1","0","0","0","0","2","0","2","0","0","0","3","03","","N","","","","","","","","","",""
"2022115937","1035","1","0","0","0","0","0","0","0","0","4","0","","67","10","2022","1","39.989783","-75.103889","1029","6","0","0","0","0","0","1","0","0","","0","0","0","10","1","1","","1","1","39 59:23.218","3","0","75 06:14.002","3","0","0","0","67301","0","0","0","N","0","0","0","2","67301","0","","1.0","10.0","1","N","N","N","1","","1","0","0","3","2","N","1000","2","1","0","0","0","0","0","2","0","2","0","0","0","4","04","","N","","","","","","","","","",""
"2022104074","0033","2","0","0","0","0","0","0","0","0","5","0","","67","10","2022","4","39.983348","-75.208043","0033","6","0","0","0","0","0","0","0","0","","0","0","0","0","3","0","N","0","0","39 59:00.052","","0","75 12:28.954","9","0","0","0","67301","0","0","0","N","0","0","0","3","68K01","0","","1.0","","9","N","N","N","0","","0","0","0","0","0","","32","3","0","0","0","0","0","2","2","0","3","0","0","0","3","","","N","","","","","","","","","",""
"2022098379","0335","2","0","0","0","0","0","0","0","0","5","0","","67","10","2022","1","39.952764","-75.226376","0330","6","0","0","0","0","0","1","0","0","","0","0","0","3","3","0","N","0","2","39 57:09.949","2","0","75 13:34.953","9","0","0","0","67301","0","0","0","N","0","0","0","2","67301","0","","6.0","420.0","1","N","N","N","1","","0","0","1","0","0","Y","330","4","0","1","0","0","0","1","2","0","4","0","0","0","3","03","","N","","","","","","","","","",""
"2022118348","","1","0","0","0","0","0","0","0","0","4","0","","67","11","2022","3","40.086103","-75.211875","","6","0","0","0","0","0","1","0","0","","0","0","0","22","3","1","","1","0","40 05:09.972","","0","75 12:42.750","8","0","0","0","67301","0","0","0","N","0","0","0","2","00000","0","","1.0","","1","","","N","0","","0","0","1","3","2","","2225","2","1","1","0","0","1","0","2","0","2","0","0","0","3","","","N","","","","","","","","","",""
"2022124829","0100","1","0","0","0","0","0","0","0","0","7","0","","67","12","2022","1","40.042128","-75.195264","0050","6","0","0","0","0","0","0","0","0","","0","0","0","0","3","0","N","0","0","40 02:31.660","","0","75 11:42.950","0","0","0","0","67301","0","0","0","N","0","0","0","1","67301","0","","5.0","","1","N","N","N","0","","0","0","0","0","0","","35","1","0","0","0","0","0","0","2","0","1","0","0","0","3","","","N","","","","","","","","","",""
"2022124320","0804","1","0","0","0","0","0","0","0","0","5","1","","67","12","2022","4","39.936078","-75.167085","0801","6","0","0","0","0","0","0","1","0","","0","1","0","7","1","0","N","0","0","39 56:09.881","","0","75 10:01.507","0","0","0","0","67301","0","0","0","N","0","0","0","1","67301","0","","6.0","","1","N","N","N","0","","0","0","0","0","0","","745","2","0","0","0","0","0","0","2","0","2","0","0","0","3","","","N","","","","","","","","","",""
"2022123240","1344","1","0","0","0","0","0","0","0","0","7","0","","67","12","2022","6","40.038802","-75.009189","1318","6","0","0","0","0","0","0","0","0","","0","0","0","13","1","0","N","0","0","40 02:19.687","","0","75 00:33.080","0","0","0","0","67301","0","0","0","N","0","0","0","1","68K01","0","","4.0","","9","N","N","N","0","","0","0","0","0","0","","1308","1","0","0","0","0","0","0","2","0","1","0","0","0","7","","","N","","","","","","","","","",""
"2022093795","0358","3","0","0","0","0","0","0","0","0","4","0","","67","10","2022","1","39.917737","-75.157694","0354","6","0","0","0","0","0","1","0","0","","0","0","0","3","3","1","","1","0","39 55:03.853","","0","75 09:27.698","4","0","0","0","67301","0","0","0","N","0","0","0","2","67301","1","","1.0","","9","N","N","N","0","","0","0","0","3","3","","350","3","1","1","0","0","0","0","2","0","3","0","0","0","7","04","","N","","","","","","","","","",""
"2022124805","1551","2","0","0","0","0","0","0","0","0","1","0","","67","12","2022","4","39.888955","-75.202201","1531","6","0","0","0","0","1","0","0","0","","0","0","0","15","1","0","N","0","1","39 53:20.238","1","3","75 12:07.925","0","0","0","0","67301","0","0","0","N","0","0","0","2","68K01","0","","1.0","1555.0","1","N","N","N","0","","0","0","0","0","0","N","1528","2","0","0","0","0","0","0","2","0","2","0","0","0","3","03","","N","","","","","","","","","",""
"2022094466","0253","3","0","0","0","0","0","0","0","0","5","0","","67","10","2022","1","39.949042","-75.14193","0243","6","0","0","0","0","0","0","0","0","","0","0","0","2","3","0","N","0","1","39 56:56.551","2","0","75 08:30.947","0","0","0","0","67301","0","0","0","N","0","0","0","4","68K01","0","","1.0","355.0","9","N","N","N","0","","0","0","0","0","0","N","243","3","0","0","0","0","0","0","2","0","3","0","0","0","7","","","N","","","","","","","","","",""
"2022120514","1008","2","0","0","0","0","0","0","0","0","4","0","","67","12","2022","1","40.000429","-75.15649","1007","6","0","0","0","0","0","0","0","0","","0","0","0","8","1","1","","1","0","40 00:01.544","","0","75 09:23.365","3","0","0","0","67301","0","0","0","N","0","0","0","2","67301","0","","1.0","","1","N","N","N","0","","1","0","0","3","3","","800","2","1","1","0","0","0","1","2","0","2","0","0","0","3","03","","N","","","","","","","","","",""
"2022124082","0055","0","0","0","0","0","0","0","0","0","4","0","","67","12","2022","1","40.027601","-75.174718","0050","6","0","0","0","0","0","0","0","0","","0","0","0","0","3","1","","2","0","40 01:39.363","","0","75 10:28.984","3","0","0","0","67301","0","0","0","N","0","0","0","1","67301","0","","1.0","","1","N","N","N","0","","1","0","1","0","0","","40","2","1","0","0","0","0","0","2","1","2","0","0","0","3","03","","N","","","","","","","","","",""
"2022115020","1945","0","0","0","0","0","0","0","0","0","7","0","","67","11","2022","7","39.912333","-75.173861","1941","6","0","0","0","0","0","0","0","0","","0","0","0","19","3","0","N","0","0","39 54:44.400","","2","75 10:25.900","0","0","0","0","67301","0","0","0","N","0","0","0","2","67501","0","","4.0","","1","N","N","N","0","","0","0","1","0","0","","1941","1","0","0","0","0","0","0","2","0","1","0","0","0","3","","","N","","","","","","","","","",""
"2022099663","0446","1","0","0","0","0","0","0","0","0","7","0","","67","10","2022","2","39.966747","-75.135013","0438","6","0","0","0","0","1","0","0","0","","0","0","0","4","3","0","N","0","0","39 58:00.288","","0","75 08:06.045","0","0","0","0","67301","0","0","0","N","0","0","0","1","68K01","0","","3.0","","9","N","N","N","0","","0","0","0","0","0","","433","1","0","0","0","0","0","0","2","0","1","0","0","0","7","","","N","","","","","","","","","",""
"2022121506","","2","0","0","0","0","0","0","0","0","5","0","","67","10","2022","7","","","","6","0","0","0","0","0","0","0","0","","0","0","0","16","1","1","N","0","0","","","2","","8","0","0","0","67301","0","0","0","N","0","0","0","2","00000","0","","1.0","","1","","","N","0","","0","0","0","0","0","","1600","2","1","1","0","0","1","0","1","0","2","0","0","0","3","","","N","","","","","","","","","",""
"2022124780","1906","1","0","0","0","0","0","0","0","0","7","0","","67","12","2022","1","40.033803","-75.01976","1906","6","0","0","1","0","0","1","0","0","","0","0","0","19","3","2","N","0","1","40 02:01.689","1","0","75 01:11.135","3","0","0","0","67301","0","0","0","N","0","0","0","2","68K01","0","","4.0","1940.0","9","N","N","N","0","","1","0","1","0","0","N","1904","2","2","0","0","0","1","0","2","0","2","0","0","0","7","","","N","","","","","","","","","",""
"2022124960","1440","1","0","0","0","0","0","0","0","0","1","0","","67","12","2022","5","39.989783","-75.087111","1430","6","0","0","0","0","0","1","0","0","","0","0","0","14","1","0","N","0","0","39 59:23.220","","0","75 05:13.599","0","0","0","0","67301","0","0","0","N","0","0","0","2","68K01","0","","1.0","","9","N","N","N","0","","0","0","1","0","0","","1426","2","0","0","0","0","0","0","2","0","2","0","0","0","7","04","","N","","","","","","","","","",""
"2022115550","1430","2","0","0","0","0","0","0","0","0","1","0","","67","10","2022","1","39.957539","-75.160025","1409","6","0","0","0","0","0","0","0","0","","0","0","0","14","1","3","N","0","2","39 57:27.139","6","0","75 09:36.089","3","0","0","0","67301","0","0","0","N","0","0","0","4","68K01","0","","1.0","1503.0","9","N","N","N","0","","3","0","0","0","0","N","1405","2","3","0","0","0","0","0","2","0","2","0","0","0","7","04","","N","","","","","","","","","",""
"2022091602","1200","1","0","0","0","0","0","0","0","0","1","0","","67","10","2022","3","40.090799","-75.064361","1200","6","0","0","0","0","0","1","0","0","","0","0","0","12","1","1","","2","0","40 05:26.876","","0","75 03:51.699","3","0","0","0","67301","0","0","0","N","0","0","0","3","67301","0","","1.0","","9","N","N","N","0","","1","0","1","3","3","","1200","2","1","0","0","0","0","0","2","0","2","0","0","0","7","","","N","","","","","","","","","",""
"2022091357","0608","0","0","0","0","0","0","0","0","0","4","0","","67","10","2022","1","39.961593","-75.175025","0605","6","0","0","0","0","0","0","0","0","","0","0","0","6","3","2","","1","0","39 57:41.736","","0","75 10:30.090","4","0","0","0","67301","0","0","0","N","0","0","0","2","67301","1","","1.0","","9","N","N","N","0","","0","0","2","3","2","","600","2","2","0","0","0","1","0","2","0","2","0","0","0","7","07","","N","","","","","","","","","",""
"2022090912","0945","1","0","0","0","0","0","0","0","0","4","0","","67","10","2022","1","39.931742","-75.149323","0940","6","0","0","0","0","0","0","0","0","","0","0","0","9","1","1","","1","0","39 55:54.270","","0","75 08:57.561","3","0","0","0","67301","0","0","0","N","0","0","0","3","67301","0","","1.0","","9","N","N","N","0","","1","0","2","3","2","","930","3","1","0","0","0","0","1","2","0","3","0","0","0","7","","","N","","","","","","","","","",""
"2022068608","0500","3","0","0","0","0","0","0","0","0","4","0","","67","7","2022","6","40.040635","-75.151494","0458","6","0","0","0","0","0","0","0","0","","0","0","0","4","3","1","","1","0","40 02:26.285","","0","75 09:05.378","4","0","0","0","67301","0","0","0","N","0","0","0","1","67301","1","","1.0","","1","N","N","N","0","","0","0","1","3","2","","453","4","1","0","0","0","0","0","2","0","4","0","0","0","3","03","","N","","","","","","","","","",""
"2022092498","2316","0","0","0","0","0","0","0","0","0","7","0","","67","10","2022","4","39.963467","-75.138594","2315","6","0","0","0","0","1","0","0","0","","0","0","0","23","3","2","N","0","2","39 57:48.481","1","0","75 08:18.938","3","0","0","0","67301","0","0","0","Y","0","0","0","5","68K01","0","","2.0","2345.0","1","N","N","N","0","","1","0","3","0","0","N","2301","3","2","0","0","0","1","0","2","0","3","0","0","0","3","","","N","","","","","","","","","",""
"2022118342","","0","0","0","0","0","0","0","0","0","5","0","","67","12","2022","5","","","","6","0","0","0","0","0","0","1","0","","0","0","0","13","1","1","N","0","0","","","0","","8","0","0","0","67301","0","0","0","N","0","0","0","2","00000","0","","2.0","","1","","","N","0","","0","0","0","0","0","","1315","2","1","0","0","0","1","0","1","1","2","0","0","0","3","","","N","","","","","","","","","",""
"2022091373","0926","1","0","0","0","0","0","0","0","0","4","0","","67","10","2022","2","40.056579","-75.13994","0909","6","0","0","0","0","0","0","1","0","","0","0","0","8","1","2","","1","0","40 03:23.685","","0","75 08:23.783","3","0","0","0","67301","0","0","0","N","0","0","0","5","67301","0","","1.0","","9","N","N","N","0","","2","0","1","3","2","","827","2","2","1","0","0","0","0","2","0","2","0","0","0","7","04","","N","","","","","","","","","",""
"2022123661","0020","1","0","0","0","0","0","0","0","0","1","0","","67","12","2022","1","39.947647","-75.232408","0016","6","0","0","0","0","0","0","0","0","","0","0","0","0","3","0","N","0","2","39 56:51.529","4","0","75 13:56.670","0","0","0","0","67301","0","0","0","N","0","0","0","1","67301","0","","6.0","35.0","2","N","N","N","0","","0","0","0","0","0","N","15","2","0","1","0","0","0","0","2","1","2","0","0","0","3","","","N","","","","","","","","","",""
"2022091218","0235","0","0","0","1","0","0","0","0","0","8","0","","67","10","2022","1","39.96136","-75.149439","0217","6","0","0","0","0","0","0","0","0","","0","0","0","2","3","1","N","0","0","39 57:40.896","","0","75 08:57.982","8","0","0","0","67301","1","0","0","N","0","0","0","2","67301","0","","1.0","","9","N","N","N","0","","0","0","0","0","0","","212","2","1","0","0","0","1","1","2","0","1","1","0","0","7","07","","N","","","","","","","","","",""
"2022095573","1630","0","0","0","1","0","0","0","0","0","8","1","","67","10","2022","4","39.939945","-75.199898","1630","6","0","0","0","0","0","0","0","0","","0","1","0","8","1","1","N","0","0","39 56:23.801","","0","75 11:59.633","8","0","0","0","67301","1","0","0","N","0","0","0","2","67301","0","","1.0","","9","N","N","N","0","","0","0","0","0","0","","858","2","1","0","0","0","1","1","2","0","1","1","0","0","7","07","","N","","","","","","","","","",""
"2023006299","1100","2","0","0","0","0","0","0","0","0","2","0","","67","12","2022","3","40.013256","-75.108686","1100","6","0","0","0","0","0","0","0","0","","0","0","0","17","3","2","","1","0","40 00:47.721","","0","75 06:31.269","3","0","0","0","67301","0","0","0","N","0","0","0","3","67301","1","","1.0","","1","N","N","N","0","","1","0","0","3","3","","1730","2","2","0","0","0","0","0","2","0","2","0","0","0","3","","","N","","","","","","","","","",""
"2022124511","1905","1","0","0","0","0","0","0","0","0","4","0","","67","12","2022","5","39.984581","-75.136331","1904","6","0","0","0","0","0","0","0","0","","0","0","0","19","3","0","N","0","1","39 59:04.490","2","0","75 08:10.790","0","0","0","0","67301","0","0","0","N","0","0","0","2","67301","0","","1.0","1934.0","9","N","N","N","1","","0","0","0","0","0","N","1904","2","0","0","0","0","0","0","2","0","2","0","0","0","7","07","","N","","","","","","","","","",""
"2023013337","0950","2","0","0","0","0","0","0","0","0","1","0","","67","11","2022","3","40.018906","-75.190306","0948","6","0","0","0","0","0","0","0","0","","0","0","0","9","1","2","N","0","0","40 01:08.062","","0","75 11:25.101","3","0","0","0","67301","0","0","0","N","0","0","0","3","67301","0","","6.0","","9","N","N","N","1","","2","0","0","0","0","","946","3","2","1","0","0","0","1","2","0","3","0","0","0","7","04","","N","","","","","","","","","",""
"2023007894","","2","0","0","0","0","0","0","0","0","1","0","","67","10","2022","4","39.905757","-75.193824","","6","0","0","0","0","0","0","0","0","","0","0","0","8","1","1","","1","0","39 54:20.725","","0","75 11:37.765","8","0","0","0","67301","0","0","0","N","0","0","0","2","00000","0","","1.0","","1","","","N","0","","0","0","0","3","2","","805","2","1","1","0","0","1","0","2","0","2","0","0","0","3","","","N","","","","","","","","","",""
"2022092490","0655","1","0","0","0","0","0","0","0","0","7","0","","67","10","2022","4","39.929498","-75.146235","0655","6","0","0","0","0","0","0","0","0","","0","0","0","6","3","1","N","0","1","39 55:46.191","2","3","75 08:46.446","8","0","0","0","67301","0","0","0","N","0","0","0","1","68K01","0","","4.0","645.0","9","N","N","Y","0","","0","0","0","0","0","N","654","2","1","0","0","0","1","0","2","1","2","0","0","0","7","","","N","","","","","","","","","",""
"2022090816","1831","1","0","0","0","0","0","0","0","0","5","0","","67","10","2022","1","40.017169","-75.171834","1825","6","0","0","0","0","0","1","0","0","","0","0","0","18","4","1","N","0","0","40 01:01.807","","0","75 10:18.601","3","0","0","0","67301","0","0","0","N","0","0","0","2","67301","0","","1.0","","9","N","N","N","0","","1","0","1","0","0","","1805","2","1","0","0","0","0","1","2","0","2","0","0","0","7","07","","N","","","","","","","","","",""
"2022123927","2139","0","0","0","0","0","0","0","0","0","4","0","","67","12","2022","1","40.036158","-75.165186","2139","6","0","0","0","0","0","1","0","0","","0","0","0","21","3","0","N","0","2","40 02:10.170","4","0","75 09:54.670","0","0","0","0","67301","0","0","0","N","0","0","0","1","67301","0","","1.0","2230.0","1","N","N","N","1","","0","0","1","0","0","Y","2134","2","0","0","0","0","0","0","2","0","2","0","0","0","3","03","","N","","","","","","","","","",""
"2023006238","0754","0","0","0","0","0","0","0","0","0","7","0","","67","11","2022","1","40.039057","-75.008493","0741","6","0","0","0","0","0","0","0","0","","0","0","0","7","1","1","N","0","1","40 02:20.605","2","0","75 00:30.575","8","0","0","0","67301","0","0","0","N","0","0","0","1","68K01","0","","3.0","822.0","1","N","N","N","0","","0","0","1","0","0","N","740","1","1","0","0","0","1","0","2","0","1","0","0","0","3","03","","N","","","","","","","","","",""
"2023003723","","2","0","0","0","0","0","0","0","0","4","0","","67","11","2022","3","39.913083","-75.243294","","6","0","0","0","0","0","0","0","0","","0","0","0","18","1","5","","1","0","39 54:47.100","","0","75 14:35.859","8","0","0","0","67301","0","0","0","N","0","0","0","7","00000","0","","1.0","","1","","","N","0","","0","0","0","3","2","","1820","2","5","1","0","0","5","0","2","0","2","0","0","0","3","","","N","","","","","","","","","",""
"2022121354","1250","1","0","0","0","0","0","0","0","0","8","0","","67","12","2022","4","39.957219","-75.202544","1244","6","0","0","0","0","0","0","0","0","","0","0","0","12","1","1","N","0","0","39 57:25.990","","0","75 12:09.160","8","0","0","0","67301","1","0","0","N","1","0","0","2","67301","0","","1.0","","1","N","N","N","0","","0","0","0","0","0","","1240","2","1","0","0","0","1","1","2","0","1","1","0","0","3","","","N","","","","","","","","","",""