"CRN","ARRIVAL_TM","AUTOMOBILE_COUNT","BELTED_DEATH_COUNT","BELTED_SUSP_SERIOUS_INJ_COUNT","BICYCLE_COUNT","BICYCLE_DEATH_COUNT","BICYCLE_SUSP_SERIOUS_INJ_COUNT","BUS_COUNT","CHLDPAS_DEATH_COUNT","CHLDPAS_SUSP_SERIOUS_INJ_COUNT","COLLISION_TYPE","COMM_VEH_COUNT","CONS_ZONE_SPD_LIM","COUNTY","CRASH_MONTH","CRASH_YEAR","DAY_OF_WEEK","DEC_LATITUDE","DEC_LONGITUDE","DISPATCH_TM","DISTRICT","DRIVER_COUNT_16YR","DRIVER_COUNT_17YR","DRIVER_COUNT_18YR","DRIVER_COUNT_19YR","DRIVER_COUNT_20YR","DRIVER_COUNT_50_64YR","DRIVER_COUNT_65_74YR","DRIVER_COUNT_75PLUS","EST_HRS_CLOSED","FATAL_COUNT","HEAVY_TRUCK_COUNT","HORSE_BUGGY_COUNT","HOUR_OF_DAY","ILLUMINATION","INJURY_COUNT","INTERSECTION_RELATED","INTERSECT_TYPE","LANE_CLOSED","LATITUDE","LN_CLOSE_DIR","LOCATION_TYPE","LONGITUDE","MAX_SEVERITY_LEVEL","MCYCLE_DEATH_COUNT","MCYCLE_SUSP_SERIOUS_INJ_COUNT","MOTORCYCLE_COUNT","MUNICIPALITY","NONMOTR_COUNT","NONMOTR_DEATH_COUNT","NONMOTR_SUSP_SERIOUS_INJ_COUNT","NTFY_HIWY_MAINT","PED_COUNT","PED_DEATH_COUNT","PED_SUSP_SERIOUS_INJ_COUNT","PERSON_COUNT","POLICE_AGCY","POSSIBLE_INJ_COUNT","RDWY_SURF_TYPE_CD","RELATION_TO_ROAD","ROADWAY_CLEARED","ROAD_CONDITION","SCH_BUS_IND","SCH_ZONE_IND","SECONDARY_CRASH","SMALL_TRUCK_COUNT","SPEC_JURIS_CD","SUSP_MINOR_INJ_COUNT","SUSP_SERIOUS_INJ_COUNT","SUV_COUNT","TCD_FUNC_CD","TCD_TYPE","TFC_DETOUR_IND","TIME_OF_DAY","TOTAL_UNITS","TOT_INJ_COUNT","UNBELTED_OCC_COUNT","UNB_DEATH_COUNT","UNB_SUSP_SERIOUS_INJ_COUNT","UNK_INJ_DEG_COUNT","UNK_INJ_PER_COUNT","URBAN_RURAL","VAN_COUNT","VEHICLE_COUNT","VULNERABLE_ROAD_USER_COUNT","VULNERABLE_ROAD_USER_DEATH_COUNT","VULNERABLE_ROAD_USER_SER_INJ_COUNT","WEATHER1","WEATHER2","WORKERS_PRES","WORK_ZONE_IND","WORK_ZONE_LOC","WORK_ZONE_TYPE","WZ_CLOSE_DETOUR","WZ_FLAGGER","WZ_LAW_OFFCR_IND","WZ_LN_CLOSURE","WZ_MOVING","WZ_OTHER","WZ_SHLDER_MDN","WZ_WORKERS_INJ_KILLED"
"2022099881","1034","0","0","0","0","0","0","0","0","0","5","0","","67","10","2022","2","39.918542","-75.20811","1034","6","0","0","0","0","0","0","0","0","","0","0","0","21","3","1","N","0","0","39 55:06.751","","0","75 12:29.197","3","0","0","0","67301","0","0","0","N","0","0","0","2","67301","0","","1.0","","99","N","N","N","1","","1","0","1","0","0","","2147","2","1","1","0","0","0","0","2","0","2","0","0","0","7","","","N","","","","","","","","","",""
"2022098153","1211","1","0","0","0","0","0","0","0","0","4","0","","67","10","2022","7","40.002437","-75.079824","1159","6","0","0","0","0","0","0","1","0","","0","0","0","11","1","1","","3","0","40 00:08.772","","0","75 04:47.367","3","0","0","0","67301","0","0","0","N","0","0","0","3","67301","0","","1.0","","1","N","N","N","0","","1","0","1","3","3","","1146","2","1","0","0","0","0","0","2","0","2","0","0","0","3","03","","N","","","","","","","","","",""
"2022093129","1125","0","0","0","0","0","0","0","0","0","8","0","","67","10","2022","4","39.943776","-75.15518","1118","6","0","0","0","0","0","0","0","0","","0","0","0","11","1","1","","2","0","39 56:37.593","","0","75 09:18.647","3","0","0","0","67301","1","0","0","N","1","0","0","2","67301","0","","1.0","","9","N","N","N","0","","1","0","1","0","0","","1100","2","1","1","0","0","0","0","2","0","1","1","0","0","7","04","","N","","","","","","","","","",""
"2023005837","2320","1","0","0","0","0","0","0","0","0","4","0","","67","1","2022","3","39.990273","-75.125923","2320","6","0","0","0","0","0","0","0","0","","0","0","0","21","3","2","","2","0","39 59:24.981","","0","75 07:33.321","8","0","0","0","67301","0","0","0","N","0","0","0","3","67301","0","","1.0","","1","N","N","N","0","","0","0","0","3","3","","2150","2","2","1","0","0","2","0","2","1","2","0","0","0","3","03","","N","","","","","","","","","",""
"2022118344","","1","0","0","0","0","0","0","0","0","1","0","","67","10","2022","5","39.947806","-75.161167","","6","0","0","0","0","0","0","0","0","","0","0","0","22","3","1","N","0","0","39 56:52.100","","0","75 09:40.200","8","0","0","0","67301","0","0","0","N","0","0","0","2","00000","0","","1.0","","1","","","N","0","","0","0","0","0","0","","2215","2","1","0","0","0","1","0","2","0","2","0","0","0","3","","","N","","","","","","","","","",""
"2022091862","0847","1","0","0","0","0","0","0","0","0","5","0","","67","10","2022","2","40.038197","-75.164556","0847","6","0","0","0","0","0","0","0","0","","0","0","0","23","3","0","N","0","0","40 02:17.510","","0","75 09:52.400","0","0","0","0","67301","0","0","0","N","0","0","0","1","67301","0","","6.0","","9","N","N","N","0","","0","0","1","0","0","","2345","2","0","0","0","0","0","0","2","0","2","0","0","0","7","03","","N","","","","","","","","","",""
"2022124319","0835","2","0","0","0","0","0","0","0","0","4","0","","67","12","2022","7","39.937174","-75.161492","0835","6","0","0","0","1","0","1","0","0","","0","0","0","8","1","1","","1","2","39 56:13.826","3","0","75 09:41.371","8","0","0","0","67301","0","0","0","N","0","0","0","2","67301","0","","1.0","836.0","99","N","N","N","0","","0","0","0","3","2","Y","835","2","1","1","0","0","1","1","2","0","2","0","0","0","3","","","N","","","","","","","","","",""
"2022123210","0131","1","0","0","0","0","0","0","0","0","7","0","","67","11","2022","1","39.949605","-75.141814","0130","6","0","0","0","0","0","0","0","0","","0","0","0","1","3","0","N","0","1","39 56:58.579","2","0","75 08:30.529","9","0","0","0","67301","0","0","0","N","0","0","0","1","68K01","0","","4.0","155.0","9","N","N","N","0","","0","0","0","0","0","N","128","1","0","0","0","0","0","1","2","0","1","0","0","0","7","","","N","","","","","","","","","",""
"2022091066","2102","0","0","0","0","0","0","0","0","0","4","0","","67","10","2022","1","40.021125","-75.139925","2102","6","0","0","0","0","0","0","0","0","","0","0","0","20","3","2","","1","0","40 01:16.051","","0","75 08:23.731","4","0","0","0","67301","0","0","0","N","0","0","0","2","67301","1","","1.0","","9","N","N","N","0","","0","0","1","3","2","","2034","2","2","0","0","0","1","0","2","0","2","0","0","0","7","07","","N","","","","","","","","","",""
"2022098378","0120","0","0","0","0","0","0","0","0","0","8","0","","67","10","2022","7","39.91635","-75.160186","0118","6","0","0","0","0","0","0","0","0","","0","0","0","21","3","1","N","0","0","39 54:58.860","","0","75 09:36.670","3","0","0","0","67301","1","0","0","N","1","0","0","2","67301","0","","1.0","","1","N","N","N","0","","1","0","1","0","0","","2100","2","1","1","0","0","0","0","2","0","1","1","0","0","3","03","","N","","","","","","","","","",""
"2022094472","0425","1","0","0","0","0","0","0","0","0","7","0","","67","10","2022","3","39.984603","-75.208214","0420","6","0","0","0","0","0","0","0","0","","0","0","0","4","3","0","","7","0","39 59:04.570","","2","75 12:29.571","0","0","0","0","67301","0","0","0","Y","0","0","0","1","68K01","0","","2.0","","9","N","N","N","0","","0","0","0","0","0","","414","1","0","1","0","0","0","0","2","0","1","0","0","0","7","","","N","","","","","","","","","",""
"2022112406","0040","1","0","0","0","0","0","0","0","0","5","0","","67","10","2022","1","39.979347","-75.174233","0036","6","0","0","0","0","0","0","0","0","","0","0","0","23","3","0","N","0","0","39 58:45.650","","0","75 10:27.240","9","0","0","0","67301","0","0","0","N","0","0","0","1","67301","0","","6.0","","1","N","N","N","0","","0","0","1","0","0","","2357","2","0","0","0","0","0","1","2","0","2","0","0","0","3","03","","N","","","","","","","","","",""
"2023005749","1815","2","0","0","0","0","0","0","0","0","1","0","","67","12","2022","7","39.948319","-75.186463","1807","6","0","0","0","0","0","1","0","0","","0","0","0","18","3","0","N","0","0","39 56:53.948","","0","75 11:11.265","0","0","0","0","67301","0","0","0","N","0","0","0","4","68K01","0","","1.0","","1","N","N","N","0","","0","0","0","0","0","","1804","2","0","0","0","0","0","0","2","0","2","0","0","0","3","03","","N","","","","","","","","","",""
"2023003928","0238","3","0","0","0","0","0","0","0","0","5","0","","67","12","2022","1","39.992586","-75.130525","0238","6","0","0","0","0","0","0","0","0","","0","0","0","2","3","0","N","0","0","39 59:33.310","","0","75 07:49.890","0","0","0","0","67301","0","0","0","N","0","0","0","1","67301","0","","1.0","","1","N","N","N","0","","0","0","0","0","0","","230","3","0","0","0","0","0","0","2","0","3","0","0","0","3","03","","N","","","","","","","","","",""
"2023004279","0432","1","0","0","0","0","0","0","0","0","1","0","","67","12","2022","7","40.022084","-75.038107","0420","6","0","0","0","0","0","0","0","0","","0","0","0","4","3","1","N","0","0","40 01:19.503","","0","75 02:17.184","4","0","0","0","67301","0","0","0","N","0","0","0","2","68K01","1","","1.0","","1","N","N","N","0","","0","0","1","0","0","","420","2","1","0","0","0","0","0","2","0","2","0","0","0","3","","","N","","","","","","","","","",""
"2022091316","1700","1","0","0","0","0","0","0","0","0","4","0","","67","10","2022","2","40.058751","-75.050583","1658","6","0","0","0","0","0","0","0","0","","0","0","0","16","1","0","","1","0","40 03:31.504","","0","75 03:02.099","0","0","0","0","67301","0","0","0","N","0","0","0","2","67301","0","","1.0","","9","N","N","N","1","","0","0","0","3","3","","1655","2","0","0","0","0","0","0","2","0","2","0","0","0","7","","","N","","","","","","","","","",""
"2022091557","1420","1","0","0","0","0","0","0","0","0","6","0","","67","10","2022","2","40.062817","-75.200314","1415","6","0","0","0","0","0","0","0","0","","0","0","0","14","1","0","N","0","0","40 03:46.140","","0","75 12:01.130","0","0","0","0","67301","0","0","0","N","0","0","0","2","67301","0","","1.0","","9","N","N","N","0","","0","0","1","0","0","","1412","2","0","0","0","0","0","0","2","0","2","0","0","0","7","04","","N","","","","","","","","","",""
"2022094008","1650","3","0","0","0","0","0","0","0","0","5","0","","67","10","2022","3","39.979694","-75.153806","1645","6","0","0","0","0","0","0","0","0","","0","0","0","16","1","0","N","0","1","39 58:46.900","2","0","75 09:13.700","0","0","0","0","67301","0","0","0","N","0","0","0","2","67505","0","","6.0","1700.0","1","N","N","N","0","","0","0","1","0","0","N","1645","4","0","0","0","0","0","0","2","0","4","0","0","0","3","03","","N","","","","","","","","","",""
"2022094270","0335","2","0","0","0","0","0","0","0","0","4","0","","67","10","2022","2","40.026727","-75.056316","0330","6","0","0","0","0","0","0","0","0","","0","0","0","2","3","0","","1","0","40 01:36.217","","0","75 03:22.736","0","0","0","0","67301","0","0","0","N","0","0","0","2","67301","0","","1.0","","1","N","N","N","0","","0","0","0","3","3","","252","2","0","1","0","0","0","0","2","0","2","0","0","0","3","03","","N","","","","","","","","","",""
"2023006782","0334","1","0","0","0","0","0","0","0","0","7","0","","67","11","2022","4","40.00144","-75.078994","0334","6","0","0","0","0","0","0","0","0","","0","0","0","3","3","0","N","0","1","40 00:05.185","2","0","75 04:44.378","0","0","0","0","67301","0","0","0","N","0","0","0","2","68K01","0","","2.0","400.0","1","N","N","N","0","","0","0","0","0","0","N","334","1","0","0","0","0","0","0","2","0","1","0","0","0","3","","","N","","","","","","","","","",""
"2023012989","0134","2","0","0","0","0","0","0","0","0","1","0","","67","10","2022","2","39.964022","-75.240339","0131","6","0","0","0","0","0","0","0","0","","0","0","0","1","3","1","N","0","1","39 57:50.480","5","0","75 14:25.220","3","0","0","0","67301","0","0","0","N","0","0","0","1","67301","0","","6.0","255.0","1","N","N","N","1","","1","0","1","0","0","Y","130","4","1","0","0","0","0","0","2","0","4","0","0","0","3","03","","N","","","","","","","","","",""
"2023006294","1712","0","0","0","0","0","0","0","0","0","8","0","","67","9","2022","4","39.996328","-75.113758","1708","6","0","0","0","0","0","0","0","0","","0","0","0","17","1","1","N","0","0","39 59:46.780","","1","75 06:49.530","3","0","0","0","67301","1","0","0","N","1","0","0","2","67301","0","","1.0","","9","N","N","N","0","","1","0","1","0","0","","1707","2","1","1","0","0","0","0","2","0","1","1","0","0","7","04","","N","","","","","","","","","",""
"2023005841","2021","3","0","0","0","0","0","0","0","0","5","0","","67","1","2022","2","40.032453","-75.141128","2018","6","0","0","0","0","0","0","0","0","","0","0","0","20","3","0","N","0","0","40 01:56.830","","0","75 08:28.060","0","0","0","0","67301","0","0","0","N","0","0","0","1","67301","0","","6.0","","1","N","N","N","0","","0","0","1","0","0","","2012","4","0","0","0","0","0","0","2","0","4","0","0","0","3","03","","N","","","","","","","","","",""
"2023010021","","1","0","0","0","0","0","0","0","0","4","0","","67","11","2022","6","40.054649","-75.149706","","6","0","0","0","0","0","0","0","0","","0","0","0","1","3","1","","1","0","40 03:16.736","","0","75 08:58.941","8","0","0","0","67301","0","0","0","N","0","0","0","2","00000","0","","1.0","","1","","","N","0","","0","0","1","3","2","","100","2","1","1","0","0","1","0","2","0","2","0","0","0","3","","","N","","","","","","","","","",""
"2022098728","1000","0","0","0","0","0","0","0","0","0","8","0","","67","10","2022","2","39.933664","-75.231537","0956","6","0","0","0","0","0","1","0","0","","0","0","0","9","1","1","","1","0","39 56:01.190","","0","75 13:53.533","3","0","0","0","67301","1","0","0","N","1","0","0","2","67301","0","","1.0","","1","N","N","N","1","","1","0","0","0","0","","956","2","1","1","0","0","0","0","2","0","1","1","0","0","3","03","","N","","","","","","","","","",""
"2023012665","0645","1","0","0","0","0","0","0","0","0","1","0","","67","12","2022","1","39.941028","-75.195056","0627","6","0","0","0","0","0","0","0","0","","0","0","0","6","5","0","N","0","1","39 56:27.700","4","0","75 11:42.200","0","0","0","0","67301","0","0","0","N","0","0","0","2","68K01","0","","1.0","736.0","1","N","N","N","0","","0","0","1","0","0","N","621","2","0","0","0","0","0","0","2","0","2","0","0","0","3","","","N","","","","","","","","","",""
"2023006298","1040","1","0","0","0","0","0","0","0","0","2","0","","67","12","2022","4","40.00713","-75.094069","1040","6","0","0","0","0","0","1","0","0","","0","0","0","9","1","0","","1","0","40 00:25.667","","0","75 05:38.650","0","0","0","0","67301","0","0","0","N","0","0","0","2","67301","0","","1.0","","1","N","N","N","0","","0","0","1","3","2","","930","2","0","0","0","0","0","0","2","0","2","0","0","0","3","","","N","","","","","","","","","",""
"2023005839","1851","1","0","0","0","0","0","0","0","0","8","0","","67","1","2022","7","40.044571","-75.143418","1848","6","0","0","0","0","0","0","0","0","","0","0","0","18","3","1","N","0","0","40 02:40.454","","0","75 08:36.304","2","0","0","0","67301","1","0","1","N","1","0","1","2","67301","0","","1.0","","9","N","N","N","0","","0","1","0","0","0","","1844","2","1","1","0","0","0","0","2","0","1","1","0","1","7","","","N","","","","","","","","","",""
"2023005843","2108","2","0","1","0","0","0","0","0","0","2","0","","67","1","2022","3","40.045217","-75.125238","2105","6","0","0","0","0","0","1","0","0","","0","0","0","21","3","1","N","0","2","40 02:42.780","6","0","75 07:30.855","2","0","0","0","67301","0","0","0","N","0","0","0","2","67301","0","","1.0","2300.0","1","N","N","N","0","","0","1","0","0","0","Y","2104","3","1","0","0","0","0","1","2","1","3","0","0","0","3","03","","N","","","","","","","","","",""
"2022123237","0458","1","0","0","0","0","0","0","0","0","7","0","","67","12","2022","6","39.981329","-75.206966","0450","6","0","0","0","1","0","0","0","0","","0","0","0","4","3","1","N","0","1","39 58:52.783","3","0","75 12:25.077","3","0","0","0","67301","0","0","0","N","0","0","0","1","68K01","0","","2.0","523.0","9","N","N","N","0","","1","0","0","0","0","N","448","1","1","1","0","0","0","0","2","0","1","0","0","0","7","","","N","","","","","","","","","",""
"2023009758","1220","0","0","0","0","0","0","0","0","0","5","0","","67","12","2022","1","39.929429","-75.197413","1220","6","0","0","0","0","0","0","1","0","","0","0","0","9","1","1","N","0","0","39 55:45.943","","0","75 11:50.688","8","0","0","0","67301","0","0","0","N","0","0","0","6","68K01","0","","1.0","","1","N","N","N","0","","0","0","2","0","0","","957","2","1","0","0","0","1","1","2","0","2","0","0","0","3","","","N","","","","","","","","","",""
"2023002286","0053","0","0","0","0","0","0","0","0","0","4","0","","67","12","2022","6","39.983802","-75.149695","0052","6","0","0","0","0","0","0","0","0","","0","0","0","23","3","0","","1","0","39 59:01.687","","0","75 08:58.902","9","0","0","0","67301","0","0","0","N","0","0","0","2","67301","0","","1.0","","1","N","N","Y","0","","0","0","0","3","3","","2337","2","0","0","0","0","0","1","2","2","2","0","0","0","3","","","N","","","","","","","","","",""
"2022093818","1159","0","0","0","0","0","0","0","0","0","8","0","","67","10","2022","5","39.98031","-75.146316","1159","6","0","0","0","0","0","0","0","0","","0","0","0","18","1","1","","1","0","39 58:49.115","","0","75 08:46.737","3","0","0","0","67301","1","0","0","N","1","0","0","2","67301","0","","1.0","","1","N","N","N","1","","1","0","0","3","3","","1810","2","1","1","0","0","0","0","2","0","1","1","0","0","3","03","","N","","","","","","","","","",""
"2022123672","1104","1","0","0","0","0","0","0","0","0","4","0","","67","11","2022","4","39.991781","-75.186379","1059","6","0","0","0","0","0","0","1","0","","0","0","0","10","1","2","","1","0","39 59:30.410","","0","75 11:10.966","3","0","0","0","67301","0","0","0","N","0","0","0","2","67301","0","","1.0","","9","N","N","N","0","","2","0","1","3","2","","1045","2","2","1","0","0","0","0","2","0","2","0","0","0","7","","","N","","","","","","","","","",""
"2023008441","1018","1","0","0","0","0","0","0","0","0","5","0","","67","12","2022","5","40.038543","-75.009904","1009","6","0","0","0","0","0","2","0","0","","0","0","0","10","1","1","N","0","1","40 02:18.753","2","0","75 00:35.654","4","0","0","0","67301","0","0","0","N","0","0","0","4","68K01","1","","1.0","1035.0","9","N","N","N","0","","0","0","1","0","0","N","1007","3","1","0","0","0","0","1","2","0","3","0","0","0","7","07","","N","","","","","","","","","",""
"2023012218","2150","1","0","0","0","0","0","0","0","0","5","0","","67","12","2022","7","39.959556","-75.175275","2135","6","0","0","0","0","0","1","0","0","","0","0","0","21","3","1","N","0","0","39 57:34.401","","0","75 10:30.989","4","0","0","0","67301","0","0","0","N","0","0","0","5","68K01","1","","1.0","","9","N","N","N","0","","0","0","1","0","0","","2123","2","1","0","0","0","0","0","2","0","2","0","0","0","7","07","","N","","","","","","","","","",""
"2023012674","1845","1","0","0","0","0","0","0","0","0","5","0","","67","12","2022","2","39.956743","-75.152371","1824","6","0","0","0","0","0","0","0","0","","0","0","0","18","3","0","","6","0","39 57:24.276","","2","75 09:08.534","0","0","0","0","67301","0","0","0","N","0","0","0","2","68K01","0","","1.0","","1","N","N","N","0","","0","0","0","0","0","","1812","2","0","0","0","0","0","0","2","0","2","0","0","0","3","","","N","","","","","","","","","",""
"2023012675","1510","0","0","0","0","0","0","0","0","0","1","0","","67","12","2022","3","40.049662","-74.995128","1441","6","0","0","0","0","0","1","1","0","","0","0","0","14","1","1","N","0","0","40 02:58.784","","0","74 59:42.459","3","0","0","0","67301","0","0","0","N","0","0","0","3","68K01","0","","1.0","","1","N","N","N","0","","1","0","2","0","0","","1439","2","1","0","0","0","0","0","2","0","2","0","0","0","3","03","","N","","","","","","","","","",""
"2023002280","0005","2","0","0","0","0","0","0","0","0","4","0","","67","12","2022","5","39.985947","-75.166115","2356","6","0","0","0","0","0","0","0","0","","0","0","0","23","3","2","","1","1","39 59:09.409","3","0","75 09:58.014","3","0","0","0","67301","0","0","0","N","0","0","0","2","67301","1","","1.0","120.0","1","N","N","N","1","","1","0","0","3","2","N","2300","3","2","2","0","0","0","0","2","0","3","0","0","0","3","03","","N","","","","","","","","","",""
"2023015905","1445","0","0","0","0","0","0","0","0","0","5","0","","67","12","2022","1","39.959861","-75.178685","1427","6","0","0","0","0","1","0","0","0","","0","0","0","13","1","0","N","0","1","39 57:35.498","3","3","75 10:43.265","0","0","0","0","67301","0","0","0","N","0","0","0","6","68K01","0","","1.0","1520.0","9","N","N","N","0","","0","0","2","0","0","N","1357","2","0","0","0","0","0","0","2","0","2","0","0","0","7","04","","N","","","","","","","","","",""
"2022098889","0717","1","0","0","0","0","0","0","0","0","8","0","","67","10","2022","2","40.088254","-75.034687","0711","6","0","0","0","0","0","0","0","1","","0","0","0","7","5","1","","1","0","40 05:17.715","","0","75 02:04.873","3","0","0","0","67301","1","0","0","N","1","0","0","2","67301","0","","1.0","","9","N","N","N","0","","1","0","0","3","2","","706","2","1","0","0","0","0","0","2","0","1","1","0","0","7","07","","N","","","","","","","","","",""
"2022118742","2110","2","0","0","0","0","0","0","0","0","4","0","","67","12","2022","3","40.041056","-75.070056","2101","6","1","0","0","0","0","0","1","0","","0","0","0","20","3","0","","1","1","40 02:27.800","5","0","75 04:12.200","0","0","0","0","67301","0","0","0","N","0","0","0","2","67301","0","","1.0","2157.0","1","N","N","N","0","","0","0","2","3","3","N","2055","4","0","0","0","0","0","0","2","0","4","0","0","0","3","03","","N","","","","","","","","","",""
"2022119014","1936","0","0","0","0","0","0","0","0","0","1","0","","67","11","2022","6","39.959487","-75.162091","1936","6","0","0","0","0","0","1","0","0","","0","0","0","19","3","0","","1","0","39 57:34.154","","0","75 09:43.529","0","0","0","0","67301","0","0","0","N","0","0","0","3","67301","0","","1.0","","1","N","N","Y","1","","0","0","1","3","2","","1936","2","0","1","0","0","0","0","2","0","2","0","0","0","3","03","","N","","","","","","","","","",""
"2023003929","1140","1","0","0","0","0","0","0","0","0","7","0","","67","12","2022","4","39.977987","-75.110459","1140","6","0","0","0","0","0","0","0","0","","0","0","0","23","3","0","","2","0","39 58:40.754","","0","75 06:37.653","0","0","0","0","67301","0","0","0","N","0","0","0","1","67301","0","","5.0","","1","N","N","N","0","","0","0","0","3","3","","2340","1","0","0","0","0","0","0","2","0","1","0","0","0","3","03","","N","","","","","","","","","",""
"2022118695","0918","2","0","0","0","0","0","0","0","0","1","0","","67","11","2022","4","39.948536","-75.185645","0854","6","0","1","0","0","0","0","0","0","","0","0","0","8","1","0","","6","2","39 56:54.730","4","8","75 11:08.323","0","0","0","0","67301","0","0","0","N","0","0","0","3","68K01","0","","7.0","945.0","9","N","N","N","0","","0","0","1","3","4","N","851","3","0","0","0","0","0","0","2","0","3","0","0","0","7","","","N","","","","","","","","","",""
"2022094907","2329","0","0","0","0","0","0","0","0","0","4","0","","67","10","2022","5","39.984408","-75.15441","2329","6","0","0","0","0","1","0","0","0","","0","0","0","23","3","1","","1","1","39 59:03.868","1","0","75 09:15.876","8","0","0","0","67301","0","0","0","N","0","0","0","3","67505","0","","1.0","5.0","9","N","N","N","0","","0","0","2","3","2","Y","2329","2","1","0","0","0","1","0","2","0","2","0","0","0","7","","","N","","","","","","","","","",""
"2022096746","1546","1","0","0","0","0","0","0","0","0","4","0","","67","10","2022","6","39.97319","-75.159004","1545","6","0","0","0","1","0","0","0","0","","0","0","0","14","1","0","","1","0","39 58:23.483","","0","75 09:32.415","0","0","0","0","67301","0","0","0","N","0","0","0","2","67301","0","","1.0","","1","N","N","N","0","","0","0","1","3","2","","1430","2","0","1","0","0","0","0","2","0","2","0","0","0","3","03","","N","","","","","","","","","",""
"2023016419","0515","0","0","0","0","0","0","0","0","0","7","0","","67","8","2022","5","40.039655","-75.006706","0501","6","0","0","0","0","0","0","0","0","","0","0","0","4","3","0","N","0","2","40 02:22.759","1","0","75 00:24.142","0","0","0","0","67301","0","0","0","N","0","0","0","1","68K01","0","","4.0","546.0","9","N","N","N","0","","0","0","0","0","0","N","456","1","0","0","0","0","0","0","2","1","1","0","0","0","7","07","","N","","","","","","","","","",""
"2023008438","2000","2","0","0","0","0","0","0","0","0","5","0","","67","12","2022","3","39.948086","-75.141775","1951","6","0","0","0","0","0","0","0","0","","0","0","0","19","3","0","","7","2","39 56:53.109","1","2","75 08:30.389","0","0","0","0","67301","0","0","0","N","0","0","0","2","68K01","0","","7.0","2040.0","9","N","N","N","0","","0","0","0","3","8","Y","1951","2","0","0","0","0","0","0","2","0","2","0","0","0","7","","","N","","","","","","","","","",""
"2023004280","2324","0","0","0","0","0","0","0","0","0","5","0","","67","12","2022","7","39.975416","-75.194695","2317","6","0","1","0","0","0","0","0","0","","0","0","0","23","3","1","N","0","1","39 58:31.497","3","0","75 11:40.902","4","0","0","0","67301","0","0","0","N","0","0","0","2","68K01","1","","1.0","2330.0","1","N","N","N","0","","0","0","2","0","0","N","2310","2","1","1","0","0","0","0","2","0","2","0","0","0","3","","","N","","","","","","","","","",""
"2023003053","1411","0","0","0","0","0","0","0","0","0","5","0","","67","12","2022","6","39.986125","-75.092286","1411","6","0","0","1","0","0","0","0","0","","0","0","0","14","1","1","N","0","0","39 59:10.049","","0","75 05:32.229","3","0","0","0","67301","0","0","0","N","0","0","0","3","68K01","0","","1.0","","1","N","N","N","0","","1","0","2","0","0","","1411","2","1","0","0","0","0","0","2","0","2","0","0","0","3","03","","N","","","","","","","","","",""
"2023009746","2123","1","0","0","0","0","0","0","0","0","1","0","","67","12","2022","3","39.969716","-75.125794","2123","6","0","0","0","0","0","0","0","0","","0","0","0","20","3","2","N","0","0","39 58:10.979","","3","75 07:32.858","8","0","0","0","67301","0","0","0","N","0","0","0","3","68K01","0","","1.0","","9","N","N","N","0","","0","0","1","0","0","","2037","2","2","0","0","0","2","0","2","0","2","0","0","0","7","","","N","","","","","","","","","",""
"2022117050","0840","1","0","0","0","0","0","0","0","0","4","0","","67","11","2022","7","39.975162","-75.188163","0824","6","0","0","0","0","0","0","0","0","","0","0","0","6","1","1","","1","0","39 58:30.584","","0","75 11:17.385","8","0","0","0","67301","0","0","0","N","0","0","0","2","67301","0","","1.0","","1","N","N","N","0","","0","0","1","3","2","","654","2","1","0","0","0","1","0","2","0","2","0","0","0","3","03","","N","","","","","","","","","",""
"2023014550","","0","0","0","0","0","0","0","0","0","1","0","","67","12","2022","6","40.048343","-75.093404","","6","0","0","0","0","0","1","0","0","","0","0","0","0","3","1","Y","0","0","40 02:54.036","","0","75 05:36.253","8","0","0","0","67301","0","0","0","N","0","0","0","2","00000","0","","1.0","","1","","","N","1","","0","0","0","3","2","","20","2","1","0","0","0","1","0","2","0","2","0","0","0","3","","","N","","","","","","","","","",""
"2023019167","","2","0","0","0","0","0","0","0","0","4","0","","67","12","2022","4","39.945651","-75.173263","","6","0","0","0","0","0","0","0","0","","0","0","0","22","3","3","","1","0","39 56:44.343","","0","75 10:23.746","8","0","0","0","67301","0","0","0","N","0","0","0","3","00000","0","","1.0","","1","","","N","0","","0","0","0","3","2","","2240","2","3","0","0","0","3","0","2","0","2","0","0","0","3","","","N","","","","","","","","","",""
"2023016055","0142","4","0","0","0","0","0","0","0","0","5","0","","67","4","2022","7","39.959528","-75.235278","0142","6","0","0","0","0","0","0","0","0","","0","0","0","1","3","1","N","0","0","39 57:34.300","","0","75 14:07.000","4","0","0","0","67301","0","0","0","N","0","0","0","1","67301","1","","6.0","","1","N","N","N","0","","0","0","1","0","0","","141","5","1","0","0","0","0","0","2","0","5","0","0","0","3","03","","N","","","","","","","","","",""
"2023017889","2155","1","0","0","0","0","0","0","0","0","7","0","","67","12","2022","7","40.039853","-75.006809","2131","6","0","0","0","0","0","0","0","0","","0","0","0","21","3","1","N","0","1","40 02:23.470","2","0","75 00:24.514","4","0","0","0","67301","0","0","0","N","0","0","0","1","68K01","1","","2.0","2234.0","9","N","N","N","0","","0","0","0","0","0","Y","2139","1","1","0","0","0","0","0","2","0","1","0","0","0","7","07","","N","","","","","","","","","",""
"2023004275","0045","1","0","0","0","0","0","0","0","0","7","0","","67","12","2022","3","39.985115","-75.208201","0044","6","0","0","0","0","0","0","0","0","","0","0","0","0","3","0","","7","0","39 59:06.415","","2","75 12:29.525","0","0","0","0","67301","0","0","0","N","0","0","0","1","68K01","0","","7.0","","1","N","N","N","0","","0","0","0","0","0","","44","1","0","0","0","0","0","0","2","0","1","0","0","0","3","","","N","","","","","","","","","",""