"CRN","ARRIVAL_TM","AUTOMOBILE_COUNT","BELTED_DEATH_COUNT","BELTED_SUSP_SERIOUS_INJ_COUNT","BICYCLE_COUNT","BICYCLE_DEATH_COUNT","BICYCLE_SUSP_SERIOUS_INJ_COUNT","BUS_COUNT","CHLDPAS_DEATH_COUNT","CHLDPAS_SUSP_SERIOUS_INJ_COUNT","COLLISION_TYPE","COMM_VEH_COUNT","CONS_ZONE_SPD_LIM","COUNTY","CRASH_MONTH","CRASH_YEAR","DAY_OF_WEEK","DEC_LATITUDE","DEC_LONGITUDE","DISPATCH_TM","DISTRICT","DRIVER_COUNT_16YR","DRIVER_COUNT_17YR","DRIVER_COUNT_18YR","DRIVER_COUNT_19YR","DRIVER_COUNT_20YR","DRIVER_COUNT_50_64YR","DRIVER_COUNT_65_74YR","DRIVER_COUNT_75PLUS","EST_HRS_CLOSED","FATAL_COUNT","HEAVY_TRUCK_COUNT","HORSE_BUGGY_COUNT","HOUR_OF_DAY","ILLUMINATION","INJURY_COUNT","INTERSECTION_RELATED","INTERSECT_TYPE","LANE_CLOSED","LATITUDE","LN_CLOSE_DIR","LOCATION_TYPE","LONGITUDE","MAX_SEVERITY_LEVEL","MCYCLE_DEATH_COUNT","MCYCLE_SUSP_SERIOUS_INJ_COUNT","MOTORCYCLE_COUNT","MUNICIPALITY","NONMOTR_COUNT","NONMOTR_DEATH_COUNT","NONMOTR_SUSP_SERIOUS_INJ_COUNT","NTFY_HIWY_MAINT","PED_COUNT","PED_DEATH_COUNT","PED_SUSP_SERIOUS_INJ_COUNT","PERSON_COUNT","POLICE_AGCY","POSSIBLE_INJ_COUNT","RDWY_SURF_TYPE_CD","RELATION_TO_ROAD","ROADWAY_CLEARED","ROAD_CONDITION","SCH_BUS_IND","SCH_ZONE_IND","SECONDARY_CRASH","SMALL_TRUCK_COUNT","SPEC_JURIS_CD","SUSP_MINOR_INJ_COUNT","SUSP_SERIOUS_INJ_COUNT","SUV_COUNT","TCD_FUNC_CD","TCD_TYPE","TFC_DETOUR_IND","TIME_OF_DAY","TOTAL_UNITS","TOT_INJ_COUNT","UNBELTED_OCC_COUNT","UNB_DEATH_COUNT","UNB_SUSP_SERIOUS_INJ_COUNT","UNK_INJ_DEG_COUNT","UNK_INJ_PER_COUNT","URBAN_RURAL","VAN_COUNT","VEHICLE_COUNT","VULNERABLE_ROAD_USER_COUNT","VULNERABLE_ROAD_USER_DEATH_COUNT","VULNERABLE_ROAD_USER_SER_INJ_COUNT","WEATHER1","WEATHER2","WORKERS_PRES","WORK_ZONE_IND","WORK_ZONE_LOC","WORK_ZONE_TYPE","WZ_CLOSE_DETOUR","WZ_FLAGGER","WZ_LAW_OFFCR_IND","WZ_LN_CLOSURE","WZ_MOVING","WZ_OTHER","WZ_SHLDER_MDN","WZ_WORKERS_INJ_KILLED"
"2023003828","0157","1","0","0","0","0","0","0","0","0","1","0","","67","12","2022","4","39.955244","-75.202361","0152","6","0","0","0","0","1","0","0","0","","0","0","0","1","3","0","N","0","0","39 57:18.880","","0","75 12:08.500","9","0","0","0","67301","0","0","0","N","0","0","0","3","67504","0","","6.0","","1","N","N","N","0","","0","0","1","0","0","","150","2","0","0","0","0","0","3","2","0","2","0","0","0","3","03","","N","","","","","","","","","",""
"2023014547","","2","0","0","0","0","0","0","0","0","3","0","","67","9","2022","2","40.113139","-75.023306","","6","0","0","0","0","0","1","0","0","","0","0","0","15","1","1","Y","0","0","40 06:47.300","","0","75 01:23.900","8","0","0","0","67301","0","0","0","N","0","0","0","2","00000","0","","1.0","","1","","","N","0","","0","0","0","3","2","","1530","2","1","1","0","0","1","0","2","0","2","0","0","0","3","","","N","","","","","","","","","",""
"2023002587","2134","2","0","0","0","0","0","0","0","0","5","0","","67","12","2022","6","39.977042","-75.233769","2134","6","0","0","0","1","0","0","0","0","","0","0","0","21","3","0","N","0","0","39 58:37.350","","0","75 14:01.570","0","0","0","0","67301","0","0","0","N","0","0","0","4","67301","0","","4.0","","1","N","N","N","0","","0","0","0","0","0","","2134","3","0","2","0","0","0","0","2","1","3","0","0","0","3","03","","N","","","","","","","","","",""
"2022100090","0810","0","0","0","0","0","0","0","0","0","8","0","","67","10","2022","5","39.937278","-75.161806","0752","6","0","0","0","0","0","0","0","0","","0","0","0","7","1","1","N","0","0","39 56:14.200","","0","75 09:42.500","3","0","0","0","67301","1","0","0","N","1","0","0","2","67301","0","","1.0","","1","N","N","N","0","","1","0","1","0","0","","738","2","1","0","0","0","0","0","2","0","1","1","0","0","3","03","","N","","","","","","","","","",""
"2022103095","0805","1","0","0","0","0","0","1","0","0","1","1","","67","10","2022","6","40.001808","-75.154545","0752","6","0","0","0","0","0","0","0","0","","0","0","0","7","1","2","","1","0","40 00:06.508","","0","75 09:16.363","4","0","0","0","67301","0","0","0","N","0","0","0","3","67508","1","","1.0","","1","N","N","Y","0","","0","0","0","3","2","","752","2","2","1","0","0","1","0","2","0","2","0","0","0","3","03","","N","","","","","","","","","",""
"2023003721","","1","0","0","0","0","0","0","0","0","4","1","","67","10","2022","5","40.011671","-75.069854","","6","0","0","0","0","0","1","1","0","","0","1","0","19","1","0","","1","0","40 00:42.017","","0","75 04:11.475","0","0","0","0","67301","0","0","0","N","0","0","0","2","00000","0","","1.0","","1","","","N","0","","0","0","0","3","2","","1900","2","0","1","0","0","0","0","2","0","2","0","0","0","3","","","N","","","","","","","","","",""
"2023016420","0718","1","0","0","0","0","0","0","0","0","7","0","","67","11","2022","4","40.006999","-75.073153","0707","6","0","0","0","0","0","0","0","0","","0","0","0","6","1","1","N","0","2","40 00:25.196","1","0","75 04:23.349","8","0","0","0","67301","0","0","0","N","0","0","0","1","68K01","0","","2.0","734.0","1","N","N","N","0","","0","0","0","0","0","Y","659","1","1","0","0","0","1","0","2","0","1","0","0","0","3","03","","N","","","","","","","","","",""
"2023009743","1632","1","0","0","0","0","0","0","0","0","5","0","","67","12","2022","7","39.897237","-75.188552","1617","6","0","0","0","0","0","0","0","0","","0","0","0","16","1","0","N","0","0","39 53:50.052","","3","75 11:18.787","0","0","0","0","67301","0","0","0","N","0","0","0","3","68K01","0","","1.0","","9","N","N","N","0","","0","0","1","0","0","","1608","2","0","0","0","0","0","0","2","0","2","0","0","0","3","","","N","","","","","","","","","",""
"2023000199","0158","1","0","0","0","0","0","0","0","0","4","0","","67","12","2022","7","39.99797","-75.175269","0157","6","0","0","0","0","0","0","0","0","","0","0","0","1","3","2","","1","0","39 59:52.692","","0","75 10:30.968","3","0","0","0","67301","0","0","0","N","0","0","0","3","67301","0","","1.0","","1","N","N","N","2","","2","0","2","3","3","","147","5","2","0","0","0","0","1","2","0","5","0","0","0","3","03","","N","","","","","","","","","",""
"2023007898","","0","0","0","0","0","0","0","0","0","1","0","","67","12","2022","3","40.030639","-75.158472","","6","0","0","0","0","0","0","1","0","","0","0","0","20","3","1","N","0","0","40 01:50.300","","0","75 09:30.500","8","0","0","0","67301","0","0","0","N","0","0","0","2","00000","0","","1.0","","1","","","N","0","","0","0","1","0","0","","2045","2","1","0","0","0","1","0","2","0","2","0","0","0","3","","","N","","","","","","","","","",""
"2023007905","","0","0","0","0","0","0","0","0","0","1","0","","67","12","2022","4","39.937237","-75.198626","","6","0","0","0","0","0","0","1","0","","0","0","0","8","3","1","N","0","0","39 56:14.054","","8","75 11:55.055","8","0","0","0","67301","0","0","0","N","0","0","0","2","00000","0","","1.0","","1","","","N","1","","0","0","1","0","0","","800","2","1","1","0","0","1","0","2","0","2","0","0","0","3","","","N","","","","","","","","","",""
"2023001279","","0","0","0","0","0","0","0","0","0","1","0","","67","12","2022","2","39.954722","-75.144889","","6","0","0","0","0","1","0","0","0","","0","0","0","17","1","1","N","0","0","39 57:17.000","","3","75 08:41.600","8","0","0","0","67301","0","0","0","N","0","0","0","2","00000","0","","1.0","","1","","","N","0","","0","0","2","0","0","","1745","2","1","0","0","0","1","0","2","0","2","0","0","0","3","","","N","","","","","","","","","",""
"2023019166","","1","0","0","0","0","0","0","0","0","2","0","","67","12","2022","6","40.058818","-75.044171","","6","0","0","0","0","0","0","0","0","","0","0","0","10","1","3","","1","0","40 03:31.744","","0","75 02:39.016","8","0","0","0","67301","0","0","0","N","0","0","0","4","00000","0","","1.0","","1","","","N","0","","0","0","1","3","2","","1030","2","3","1","0","0","3","0","2","0","2","0","0","0","3","","","N","","","","","","","","","",""
"2023001275","","1","0","0","0","0","0","0","0","0","4","0","","67","12","2022","6","40.005359","-75.182087","","6","0","0","0","0","0","0","0","0","","0","0","0","20","3","2","N","0","0","40 00:19.293","","0","75 10:55.514","8","0","0","0","67301","0","0","0","N","0","0","0","3","00000","0","","1.0","","1","","","N","0","","0","0","0","0","0","","2030","2","2","0","0","0","2","0","2","0","2","0","0","0","3","","","N","","","","","","","","","",""
"2023001980","1340","1","0","0","0","0","0","0","0","0","4","0","","67","12","2022","6","39.947581","-75.191329","1339","6","0","0","0","0","0","0","0","1","","0","0","0","13","1","0","","3","1","39 56:51.292","1","0","75 11:28.784","0","0","0","0","67301","0","0","0","N","0","0","0","2","67504","0","","1.0","1355.0","1","N","N","N","0","","0","0","0","3","2","Y","1338","2","0","0","0","0","0","0","2","1","2","0","0","0","3","","","N","","","","","","","","","",""
"2023012676","2142","1","0","0","0","0","0","0","0","0","4","0","","67","12","2022","3","39.929944","-75.144444","2142","6","0","0","0","0","1","0","0","0","","0","0","0","21","3","1","","1","2","39 55:47.800","6","0","75 08:40.000","3","0","0","0","67301","0","0","0","N","0","0","0","2","68K01","0","","1.0","2220.0","1","N","N","N","0","","1","0","1","3","2","N","2141","2","1","0","0","0","0","0","2","0","2","0","0","0","3","03","","N","","","","","","","","","",""
"2023001421","1544","0","0","0","0","0","0","0","0","0","5","1","","67","11","2022","7","39.930699","-75.198897","1532","6","0","0","0","0","0","1","0","0","","0","1","0","15","1","1","N","0","1","39 55:50.518","3","0","75 11:56.029","3","0","0","0","67301","0","0","0","N","0","0","0","2","68K01","0","","1.0","1600.0","1","N","N","N","0","","1","0","1","0","0","N","1529","2","1","0","0","0","0","0","2","0","2","0","0","0","3","03","","N","","","","","","","","","",""
"2023010100","1740","0","0","0","0","0","0","0","0","0","1","0","","67","12","2022","6","39.962568","-75.183366","1728","6","0","0","0","0","0","0","0","0","","0","0","0","17","3","0","N","0","0","39 57:45.246","","0","75 11:00.119","0","0","0","0","67301","0","0","0","N","0","0","0","2","68K01","0","","1.0","","1","N","N","N","1","","0","0","1","0","0","","1725","2","0","0","0","0","0","0","2","0","2","0","0","0","4","03","","N","","","","","","","","","",""
"2023001012","1040","1","0","0","0","0","0","0","0","0","7","0","","67","11","2022","1","39.952554","-75.140989","1040","6","0","0","0","0","0","0","0","0","","0","0","0","10","1","1","N","0","0","39 57:09.193","","0","75 08:27.560","3","0","0","0","67301","0","0","0","N","0","0","0","1","68K01","0","","2.0","","9","N","N","N","0","","1","0","0","0","0","","1027","1","1","1","0","0","0","0","2","0","1","0","0","0","7","","","N","","","","","","","","","",""
"2023005744","311","1","0","0","0","0","0","0","0","0","7","0","","67","12","2022","5","39.961278","-75.182222","311","6","0","0","0","0","0","0","0","0","","0","0","0","3","3","1","N","0","0","39 57:40.600","","2","75 10:56.000","3","0","0","0","67301","0","0","0","N","0","0","0","1","68K01","0","","4.0","","1","N","N","N","0","","1","0","0","0","0","","306","1","1","0","0","0","0","0","2","0","1","0","0","0","3","","","N","","","","","","","","","",""
"2023002282","152","1","0","0","0","0","0","0","0","0","5","0","","67","12","2022","1","39.979167","-75.170444","144","6","0","0","0","0","0","0","0","0","","0","0","0","1","3","0","N","0","2","39 58:45.000","4","0","75 10:13.600","9","0","0","0","67301","0","0","0","N","0","0","0","2","67301","0","","4.0","100.0","1","N","N","N","0","","0","0","3","0","0","Y","140","4","0","0","0","0","0","2","2","0","4","0","0","0","3","","","N","","","","","","","","","",""
"2023009216","748","0","0","0","0","0","0","0","0","0","7","0","","67","11","2022","6","40.038995","-75.008656","748","6","0","0","0","0","0","0","0","0","","0","0","0","7","1","1","N","0","1","40 02:20.383","2","0","75 00:31.160","3","0","0","0","67301","0","0","0","N","0","0","0","1","68K01","0","","3.0","830.0","9","N","N","N","1","","1","0","0","0","0","N","748","1","1","0","0","0","0","0","2","0","1","0","0","0","7","","","N","","","","","","","","","",""
"2023001420","1518","0","0","0","0","0","0","0","0","0","1","0","","67","11","2022","7","40.0488","-74.99743","1501","6","0","0","0","0","0","0","0","0","","0","0","0","14","1","1","N","0","0","40 02:55.681","","0","74 59:50.747","3","0","0","0","67301","0","0","0","N","0","0","0","2","68K01","0","","1.0","","1","N","N","N","0","","1","0","1","0","0","","1456","2","1","1","0","0","0","1","2","0","2","0","0","0","3","","","N","","","","","","","","","",""
"2023009749","1339","1","0","0","0","0","0","0","0","0","7","0","","67","12","2022","4","40.035421","-75.0179","1339","6","0","0","0","0","0","0","0","0","","0","0","0","13","1","0","N","0","1","40 02:07.515","2","0","75 01:04.440","0","0","0","0","67301","0","0","0","N","0","0","0","1","68K01","0","","2.0","1400.0","1","N","N","N","0","","0","0","0","0","0","N","1330","1","0","0","0","0","0","0","2","0","1","0","0","0","3","","","N","","","","","","","","","",""
"2023000067","1333","1","0","0","0","0","0","0","0","0","5","2","","67","12","2022","7","39.951709","-75.141471","1305","6","0","0","0","0","0","2","0","0","","0","2","0","12","1","0","","6","0","39 57:06.151","","2","75 08:29.297","0","0","0","0","67301","0","0","0","N","0","0","0","4","68K01","0","","1.0","","9","N","N","N","0","","0","0","0","0","0","","1242","3","0","0","0","0","0","0","2","0","3","0","0","0","7","","","N","","","","","","","","","",""
"2023000468","1622","0","0","0","0","0","0","0","0","0","8","0","","67","10","2022","4","39.951002","-75.183006","1610","6","0","0","0","0","0","0","0","0","","0","0","0","16","1","1","N","0","0","39 57:03.608","","0","75 10:58.822","3","0","0","0","67301","1","0","0","N","1","0","0","2","68K01","0","","4.0","","1","N","N","Y","0","","1","0","0","0","0","","1608","2","1","0","0","0","0","0","2","0","1","1","0","0","3","","","N","","","","","","","","","",""
"2023009762","1434","1","0","0","0","0","0","0","0","0","5","0","","67","12","2022","6","40.028196","-75.023892","1405","6","0","0","0","0","0","0","0","0","","0","0","0","13","1","0","N","0","0","40 01:41.505","","0","75 01:26.012","0","0","0","0","67301","0","0","0","N","0","0","0","2","68K01","0","","4.0","","2","N","N","N","0","","0","0","1","0","0","","1344","2","0","0","0","0","0","0","2","0","2","0","0","0","98","08","","N","","","","","","","","","",""
"2023009744","1753","1","0","0","0","0","0","0","0","0","1","0","","67","12","2022","1","39.958468","-75.16651","1744","6","0","0","0","0","0","0","0","0","","0","0","0","17","3","0","N","0","0","39 57:30.484","","0","75 09:59.436","0","0","0","0","67301","0","0","0","N","0","0","0","2","68K01","0","","1.0","","1","N","N","N","0","","0","0","1","0","0","","1739","2","0","0","0","0","0","0","2","0","2","0","0","0","3","03","","N","","","","","","","","","",""
"2023009756","956","0","0","0","0","0","0","0","0","0","7","0","","67","12","2022","6","39.945936","-75.142522","956","6","0","0","0","0","1","0","0","0","","0","0","0","9","1","2","N","0","1","39 56:45.368","2","0","75 08:33.079","8","0","0","0","67301","0","0","0","N","0","0","0","2","68K01","0","","2.0","1030.0","1","N","N","N","1","","0","0","0","0","0","N","942","1","2","2","0","0","2","0","2","0","1","0","0","0","7","","","N","","","","","","","","","",""
"2023001422","1714","1","0","0","0","0","0","0","0","0","1","0","","67","11","2022","7","39.994673","-75.083759","1714","6","0","0","0","1","0","0","0","0","","0","0","0","17","3","5","N","0","1","39 59:40.822","1","0","75 05:01.533","3","0","0","0","67301","0","0","0","N","0","0","0","6","68K01","0","","1.0","520.0","1","N","N","N","1","","5","0","1","0","0","N","1712","3","5","1","0","0","0","0","2","0","3","0","0","0","3","","","N","","","","","","","","","",""
"2023000198","1331","0","0","0","0","0","0","0","0","0","8","0","","67","12","2022","5","39.938555","-75.15632","1331","6","0","0","0","0","0","0","0","0","","0","0","0","11","1","1","","1","0","39 56:18.799","","0","75 09:22.751","3","0","0","0","67301","1","0","0","N","1","0","0","2","67301","0","","1.0","","1","N","N","N","0","","1","0","0","9","2","","1130","2","1","0","0","0","0","1","2","0","1","1","0","0","3","","","N","","","","","","","","","",""
"2023000518","155","1","0","0","0","0","0","0","0","0","7","0","","67","12","2022","6","39.960472","-75.181083","150","6","0","0","0","0","0","0","0","0","","0","0","0","1","3","0","N","0","1","39 57:37.700","4","2","75 10:51.900","0","0","0","0","67301","0","0","0","N","0","0","0","1","68K01","0","","5.0","207.0","9","N","N","N","0","","0","0","0","0","0","N","147","1","0","0","0","0","0","0","2","0","1","0","0","0","7","07","","N","","","","","","","","","",""
"2023009745","2031","1","0","0","0","0","0","0","0","0","1","0","","67","12","2022","1","39.935476","-75.199848","2012","6","0","0","0","0","0","1","0","0","","0","0","0","20","3","1","N","0","0","39 56:07.714","","0","75 11:59.451","3","0","0","0","67301","0","0","0","N","0","0","0","2","68K01","0","","1.0","","1","N","N","N","0","","1","0","1","0","0","","2002","2","1","1","0","0","0","0","2","0","2","0","0","0","3","","","N","","","","","","","","","",""
"2023009752","724","1","0","0","0","0","0","0","0","0","1","0","","67","12","2022","5","39.997674","-75.081792","724","6","0","0","0","0","0","0","0","0","","0","0","0","6","3","0","N","0","0","39 59:51.625","","0","75 04:54.450","0","0","0","0","67301","0","0","0","N","0","0","0","2","68K01","0","","1.0","","1","N","N","N","1","","0","0","0","3","8","","623","2","0","0","0","0","0","0","2","0","2","0","0","0","3","","","N","","","","","","","","","",""
"2023000533","339","1","0","0","0","0","0","0","0","0","7","0","","67","12","2022","1","39.898717","-75.170834","326","6","0","0","0","0","0","0","0","0","","0","0","0","3","3","1","N","0","0","39 53:55.380","","0","75 10:15.003","4","0","0","0","67301","0","0","0","N","0","0","0","1","68K01","1","","4.0","","1","N","N","N","0","","0","0","0","0","0","","319","1","1","0","0","0","0","0","2","0","1","0","0","0","3","03","","N","","","","","","","","","",""
"2023003046","1345","1","0","0","0","0","0","0","0","0","1","0","","67","11","2022","7","40.037088","-75.013928","1321","6","0","1","0","0","1","0","0","0","","0","0","0","13","1","0","N","0","2","40 02:13.518","2","0","75 00:50.142","0","0","0","0","67301","0","0","0","N","0","0","0","4","68K01","0","","1.0","1400.0","1","N","N","N","0","","0","0","1","0","0","N","1311","2","0","0","0","0","0","0","2","0","2","0","0","0","3","03","","N","","","","","","","","","",""
"2023000477","202","1","0","0","0","0","0","0","0","0","7","0","","67","12","2022","2","40.045675","-75.001617","202","6","0","0","0","0","0","0","0","0","","0","0","0","2","3","0","N","0","0","40 02:44.430","","0","75 00:05.820","0","0","0","0","67301","0","0","0","Y","0","0","0","1","68K01","0","","5.0","","1","N","N","N","0","","0","0","0","0","0","","200","1","0","1","0","0","0","0","2","0","1","0","0","0","3","","","N","","","","","","","","","",""
"2023000615","1200","1","0","0","0","0","0","0","0","0","5","1","","67","12","2022","5","40.030764","-75.022571","1200","6","0","0","0","0","0","1","0","0","","0","1","0","11","1","0","N","0","0","40 01:50.752","","7","75 01:21.257","0","0","0","0","67301","0","0","0","N","0","0","0","1","67301","0","","1.0","","1","N","N","N","0","","0","0","0","0","0","","1101","2","0","0","0","0","0","0","2","0","2","0","0","0","3","03","","N","","","","","","","","","",""
"2023011484","1856","1","0","0","0","0","0","0","0","0","5","0","","67","12","2022","6","40.030875","-75.02155","1841","6","0","0","0","0","0","0","0","0","","0","0","0","18","3","2","N","0","1","40 01:51.149","1","0","75 01:17.579","8","0","0","0","67301","0","0","0","N","0","0","0","3","68K01","0","","4.0","1940.0","1","N","N","N","1","","0","0","0","0","0","N","1838","2","2","1","0","0","2","1","2","0","2","0","0","0","3","","","N","","","","","","","","","",""
"2023008996","1007","1","0","0","0","0","0","0","0","0","0","0","","67","12","2022","5","39.912542","-75.14844","1004","6","0","0","0","0","0","1","0","0","","0","0","0","10","1","1","N","0","1","39 54:45.150","1","0","75 08:54.384","8","0","0","0","67301","0","0","0","N","0","0","0","1","68K01","0","","1.0","1049.0","1","N","N","N","0","","0","0","0","0","0","Y","1003","2","1","0","0","0","1","0","2","0","1","0","0","0","3","","","N","","","","","","","","","",""
"2023006115","1218","1","0","0","0","0","0","0","0","0","1","0","","67","12","2022","3","39.962194","-75.183","1215","6","0","0","0","0","0","1","0","0","","0","0","0","12","1","1","N","0","0","39 57:43.900","","0","75 10:58.800","3","0","0","0","67301","0","0","0","N","0","0","0","3","68K01","0","","1.0","","1","N","N","N","0","","1","0","2","0","0","","1213","3","1","0","0","0","0","1","2","0","3","0","0","0","3","","","N","","","","","","","","","",""
"2023002006","1059","0","0","0","0","0","0","0","0","0","5","0","","67","12","2022","7","40.033863","-75.019697","1056","6","0","0","0","0","0","0","1","0","","0","0","0","10","1","1","N","0","1","40 02:01.908","1","0","75 01:10.908","3","0","0","0","67301","0","0","0","N","0","0","0","2","68K01","0","","1.0","1140.0","9","N","N","N","0","","1","0","2","0","0","N","1052","2","1","1","0","0","0","0","2","0","2","0","0","0","3","","","N","","","","","","","","","",""
"2023009737","2033","0","0","0","0","0","0","0","0","0","5","0","","67","10","2022","5","39.95976","-75.176904","2033","6","0","0","0","0","0","0","0","0","","0","0","0","19","3","0","N","0","0","39 57:35.135","","0","75 10:36.855","9","0","0","0","67301","0","0","0","N","0","0","0","2","68K01","0","","1.0","","1","N","N","N","0","","0","0","2","0","0","","1941","2","0","0","0","0","0","1","2","0","2","0","0","0","3","03","","N","","","","","","","","","",""
"2023002278","1110","1","0","0","0","0","0","0","0","0","4","0","","67","12","2022","7","40.03855","-75.225764","1104","6","0","0","0","0","0","0","0","0","","0","0","0","11","1","0","N","0","0","40 02:18.780","","0","75 13:32.750","0","0","0","0","67301","0","0","0","N","0","0","0","1","67301","0","","1.0","","9","N","N","N","0","","0","0","1","0","0","","1100","2","0","0","0","0","0","0","2","0","2","0","0","0","5","04","","N","","","","","","","","","",""
"2023002284","53","0","0","0","0","0","0","0","0","0","7","0","","67","12","2022","3","39.975639","-75.191167","52","6","0","0","0","0","0","0","0","0","","0","0","0","0","3","0","N","0","0","39 58:32.300","","0","75 11:28.200","9","0","0","0","67301","0","0","0","N","0","0","0","1","67301","0","","4.0","","3","N","N","N","0","","0","0","1","0","0","","51","1","0","0","0","0","0","1","2","0","1","0","0","0","3","04","","N","","","","","","","","","",""
"2023000782","1630","0","0","0","0","0","0","0","0","0","8","0","","67","8","2022","2","39.993","-75.1198","1627","6","0","0","0","0","0","0","0","0","","0","0","0","15","1","1","N","0","0","39 59:34.800","","1","75 07:11.280","3","0","0","0","67301","1","0","0","N","1","0","0","2","67301","0","","1.0","","1","N","N","N","0","","1","0","0","0","0","","1556","2","1","0","0","0","0","1","2","0","1","1","0","0","3","","","N","","","","","","","","","",""
"2023000320","1327","1","0","0","0","0","0","0","0","0","1","0","","67","12","2022","7","40.037648","-75.012371","1303","6","0","0","0","0","0","0","0","0","","0","0","0","12","1","1","N","0","0","40 02:15.532","","0","75 00:44.534","8","0","0","0","67301","0","0","0","N","0","0","0","3","68K01","0","","3.0","","9","N","N","N","0","","0","0","1","0","0","","1239","2","1","0","0","0","1","0","2","0","2","0","0","0","7","","","N","","","","","","","","","",""
"2023001125","2147","0","0","0","0","0","0","0","0","0","4","0","","67","12","2022","4","39.986183","-75.177286","2143","6","0","0","0","0","0","0","0","0","","0","0","0","21","3","0","N","0","0","39 59:10.260","","0","75 10:38.230","0","0","0","0","67301","0","0","0","N","0","0","0","3","67301","0","","1.0","","1","N","N","N","0","","0","0","2","0","0","","2120","2","0","1","0","0","0","0","2","0","2","0","0","0","3","","","N","","","","","","","","","",""
"2023000506","147","1","0","0","0","0","0","0","0","0","7","0","","67","12","2022","5","39.900458","-75.155941","141","6","0","0","0","0","0","0","0","0","","0","0","0","1","3","1","N","0","1","39 54:01.648","1","0","75 09:21.387","3","0","0","0","67301","0","0","0","N","0","0","0","1","68K01","0","","4.0","200.0","1","N","N","N","0","","1","0","0","0","0","N","130","1","1","0","0","0","0","0","2","0","1","0","0","0","3","","","N","","","","","","","","","",""
"2023002287","10","1","0","0","0","0","0","0","0","0","1","0","","67","12","2022","2","39.993441","-75.186478","2358","6","0","0","0","0","0","0","0","0","","0","0","0","22","3","1","N","0","9","39 59:36.389","","7","75 11:11.320","8","0","0","0","67301","0","0","0","N","0","0","0","2","67301","0","","1.0","","99","N","N","N","0","","0","0","0","0","0","","2249","2","1","0","0","0","1","1","2","0","2","0","0","0","3","03","","N","","","","","","","","","",""
"2023011483","947","1","0","0","0","0","0","0","0","0","7","0","","67","12","2022","6","39.960723","-75.181524","939","6","0","0","0","0","0","0","0","0","","0","0","0","9","8","0","N","0","0","39 57:38.603","","0","75 10:53.486","0","0","0","0","67301","0","0","0","N","0","0","0","1","68K01","0","","3.0","","9","N","N","N","0","","0","0","0","0","0","","938","1","0","0","0","0","0","0","2","0","1","0","0","0","7","04","","N","","","","","","","","","",""
"2023000066","2056","1","0","0","0","0","0","0","0","0","7","0","","67","12","2022","5","39.976157","-75.195219","2048","6","0","0","0","0","0","0","0","0","","0","0","0","20","2","1","N","0","1","39 58:34.166","4","0","75 11:42.788","8","0","0","0","67301","0","0","0","N","0","0","0","1","68K01","0","","2.0","2130.0","1","N","N","N","0","","0","0","0","0","0","Y","2048","1","1","1","0","0","1","0","2","0","1","0","0","0","3","","","N","","","","","","","","","",""
"2023013736","2345","1","0","0","0","0","0","0","0","0","1","0","","67","12","2022","2","40.021592","-75.139661","2342","6","0","0","0","0","0","1","0","0","","0","0","0","21","3","1","N","0","0","40 01:17.730","","0","75 08:22.780","3","0","0","0","67301","0","0","0","N","0","0","0","2","67301","0","","1.0","","1","N","N","N","0","","1","0","1","0","0","","2120","2","1","0","0","0","0","1","2","0","2","0","0","0","3","","","N","","","","","","","","","",""
"2023000068","1502","1","0","0","0","0","0","0","0","0","7","0","","67","12","2022","7","40.043491","-75.00308","1502","6","0","0","0","1","0","0","0","0","","0","0","0","15","8","0","N","0","1","40 02:36.568","2","0","75 00:11.088","0","0","0","0","67301","0","0","0","N","0","0","0","1","68K01","0","","4.0","1507.0","9","N","N","N","0","","0","0","0","0","0","N","1501","1","0","0","0","0","0","0","2","0","1","0","0","0","5","07","","N","","","","","","","","","",""
"2023019438","1650","0","0","0","0","0","0","0","0","0","1","0","","67","12","2022","7","39.959485","-75.174711","1626","6","0","0","0","0","0","0","0","0","","0","0","0","16","3","0","N","0","1","39 57:34.147","4","0","75 10:28.960","0","0","0","0","67301","0","0","0","N","0","0","0","7","68K01","0","","1.0","1655.0","9","N","N","N","0","","0","0","3","0","0","Y","1624","3","0","0","0","0","0","0","2","0","3","0","0","0","7","07","","N","","","","","","","","","",""
"2023002894","1119","1","0","0","0","0","0","0","0","0","4","0","","67","12","2022","3","39.942869","-75.218396","1100","6","0","0","0","0","0","0","0","0","","0","0","0","10","1","6","","2","0","39 56:34.328","","0","75 13:06.225","4","0","0","0","67301","0","0","0","N","0","0","0","7","67508","6","","1.0","","1","N","N","N","0","","0","0","0","3","3","","1055","2","6","0","0","0","0","1","2","0","2","0","0","0","3","03","","N","","","","","","","","","",""
"2023000605","2010","1","0","0","0","0","0","0","0","0","8","0","","67","12","2022","7","39.910729","-75.165661","2010","6","0","0","0","0","0","0","0","0","","0","0","0","20","2","1","","1","0","39 54:38.625","","0","75 09:56.378","3","0","0","0","67301","1","0","0","N","1","0","0","2","67301","0","","1.0","","9","N","N","N","0","","1","0","0","3","2","","2005","2","1","0","0","0","0","0","2","0","1","1","0","0","7","","","N","","","","","","","","","",""