"CRN","ARRIVAL_TM","AUTOMOBILE_COUNT","BELTED_DEATH_COUNT","BELTED_SUSP_SERIOUS_INJ_COUNT","BICYCLE_COUNT","BICYCLE_DEATH_COUNT","BICYCLE_SUSP_SERIOUS_INJ_COUNT","BUS_COUNT","CHLDPAS_DEATH_COUNT","CHLDPAS_SUSP_SERIOUS_INJ_COUNT","COLLISION_TYPE","COMM_VEH_COUNT","CONS_ZONE_SPD_LIM","COUNTY","CRASH_MONTH","CRASH_YEAR","DAY_OF_WEEK","DEC_LATITUDE","DEC_LONGITUDE","DISPATCH_TM","DISTRICT","DRIVER_COUNT_16YR","DRIVER_COUNT_17YR","DRIVER_COUNT_18YR","DRIVER_COUNT_19YR","DRIVER_COUNT_20YR","DRIVER_COUNT_50_64YR","DRIVER_COUNT_65_74YR","DRIVER_COUNT_75PLUS","EST_HRS_CLOSED","FATAL_COUNT","HEAVY_TRUCK_COUNT","HORSE_BUGGY_COUNT","HOUR_OF_DAY","ILLUMINATION","INJURY_COUNT","INTERSECTION_RELATED","INTERSECT_TYPE","LANE_CLOSED","LATITUDE","LN_CLOSE_DIR","LOCATION_TYPE","LONGITUDE","MAX_SEVERITY_LEVEL","MCYCLE_DEATH_COUNT","MCYCLE_SUSP_SERIOUS_INJ_COUNT","MOTORCYCLE_COUNT","MUNICIPALITY","NONMOTR_COUNT","NONMOTR_DEATH_COUNT","NONMOTR_SUSP_SERIOUS_INJ_COUNT","NTFY_HIWY_MAINT","PED_COUNT","PED_DEATH_COUNT","PED_SUSP_SERIOUS_INJ_COUNT","PERSON_COUNT","POLICE_AGCY","POSSIBLE_INJ_COUNT","RDWY_SURF_TYPE_CD","RELATION_TO_ROAD","ROADWAY_CLEARED","ROAD_CONDITION","SCH_BUS_IND","SCH_ZONE_IND","SECONDARY_CRASH","SMALL_TRUCK_COUNT","SPEC_JURIS_CD","SUSP_MINOR_INJ_COUNT","SUSP_SERIOUS_INJ_COUNT","SUV_COUNT","TCD_FUNC_CD","TCD_TYPE","TFC_DETOUR_IND","TIME_OF_DAY","TOTAL_UNITS","TOT_INJ_COUNT","UNBELTED_OCC_COUNT","UNB_DEATH_COUNT","UNB_SUSP_SERIOUS_INJ_COUNT","UNK_INJ_DEG_COUNT","UNK_INJ_PER_COUNT","URBAN_RURAL","VAN_COUNT","VEHICLE_COUNT","VULNERABLE_ROAD_USER_COUNT","VULNERABLE_ROAD_USER_DEATH_COUNT","VULNERABLE_ROAD_USER_SER_INJ_COUNT","WEATHER1","WEATHER2","WORKERS_PRES","WORK_ZONE_IND","WORK_ZONE_LOC","WORK_ZONE_TYPE","WZ_CLOSE_DETOUR","WZ_FLAGGER","WZ_LAW_OFFCR_IND","WZ_LN_CLOSURE","WZ_MOVING","WZ_OTHER","WZ_SHLDER_MDN","WZ_WORKERS_INJ_KILLED"
"2023012098","929","2","0","0","0","0","0","0","0","0","4","0","","67","12","2022","2","39.952801","-75.22842","928","6","0","0","0","0","0","0","0","0","","0","0","0","9","1","1","","1","0","39 57:10.083","","0","75 13:42.312","8","0","0","0","67301","0","0","0","N","0","0","0","3","67301","0","","1.0","","1","N","N","N","0","","0","0","0","3","3","","925","2","1","0","0","0","1","1","2","0","2","0","0","0","3","03","","N","","","","","","","","","",""
"2023001127","1428","1","0","0","0","0","0","0","0","0","5","0","","67","12","2022","6","39.987822","-75.165694","1424","6","0","0","0","0","0","0","0","0","","0","0","0","14","1","0","N","0","0","39 59:16.160","","0","75 09:56.500","9","0","0","0","67301","0","0","0","N","0","0","0","1","67301","0","","6.0","","1","N","N","N","0","","0","0","1","0","0","","1420","2","0","0","0","0","0","1","2","0","2","0","0","0","3","","","N","","","","","","","","","",""
"2023010748","357","1","0","0","0","0","0","0","0","0","7","0","","67","12","2022","3","39.976735","-75.197523","347","6","0","0","0","0","0","0","0","0","","0","0","0","3","3","1","N","0","0","39 58:36.246","","0","75 11:51.082","8","0","0","0","67301","0","0","0","N","0","0","0","1","68K01","0","","2.0","","1","N","N","N","0","","0","0","0","0","0","","336","1","1","0","0","0","1","0","2","0","1","0","0","0","3","","","N","","","","","","","","","",""
"2023003650","2039","1","0","0","0","0","0","0","0","0","8","0","","67","12","2022","7","39.975015","-75.261338","2034","6","0","0","0","0","0","0","0","0","","0","0","0","20","3","1","","3","0","39 58:30.054","","0","75 15:40.817","8","0","0","0","67301","1","0","0","N","1","0","0","2","67301","0","","1.0","","9","N","N","N","0","","0","0","0","3","2","","2032","2","1","0","0","0","1","0","2","0","1","1","0","0","7","07","","N","","","","","","","","","",""
"2023018323","1105","1","0","0","0","0","0","0","0","0","8","0","","67","12","2022","2","39.955422","-75.162851","1100","6","0","0","0","0","0","0","1","0","","0","0","0","10","8","1","N","0","0","39 57:19.518","","0","75 09:46.262","3","0","0","0","67301","1","0","0","N","1","0","0","2","67301","0","","1.0","","1","N","N","N","0","","1","0","0","3","2","","1058","2","1","1","0","0","0","0","2","0","1","1","0","0","3","03","","N","","","","","","","","","",""
"2023000080","1755","1","0","0","0","0","0","0","0","0","1","0","","67","12","2022","1","39.991978","-75.237931","1750","6","0","0","0","0","0","0","1","0","","0","0","0","17","3","0","N","0","0","39 59:31.120","","0","75 14:16.550","0","0","0","0","67301","0","0","0","N","0","0","0","1","67301","0","","6.0","","1","N","N","N","0","","0","0","1","0","0","","1743","2","0","0","0","0","0","0","2","0","2","0","0","0","3","","","N","","","","","","","","","",""
"2023019796","515","1","0","0","0","0","0","0","0","0","2","0","","67","12","2022","6","40.026458","-75.132678","514","6","0","0","0","0","0","0","0","0","","0","0","0","5","3","4","N","0","2","40 01:35.250","5","0","75 07:57.640","2","0","0","0","67301","0","0","0","N","0","0","0","5","67301","0","","1.0","829.0","1","N","N","Y","1","","2","1","4","0","0","Y","514","6","4","1","0","0","1","0","2","0","6","0","0","0","3","03","","N","","","","","","","","","",""
"2023009345","104","1","0","0","0","0","0","0","0","0","5","0","","67","12","2022","7","39.966951","-75.133654","104","6","0","0","0","0","0","0","0","0","","0","0","0","1","3","0","N","0","1","39 58:01.022","1","3","75 08:01.155","9","0","0","0","67301","0","0","0","N","0","0","0","2","68K01","0","","1.0","105.0","9","N","N","N","0","","0","0","0","0","0","Y","104","2","0","0","0","0","0","1","2","0","2","0","0","0","5","","","N","","","","","","","","","",""
"2023001979","1932","0","0","0","0","0","0","0","0","0","8","0","","67","12","2022","3","39.957185","-75.201948","1928","6","0","0","0","0","0","0","0","0","","0","0","0","19","3","1","","1","0","39 57:25.865","","0","75 12:07.011","8","0","0","0","67301","1","0","0","N","1","0","0","2","67504","0","","1.0","","1","N","N","N","0","","0","0","1","3","2","","1920","2","1","0","0","0","1","0","2","0","1","1","0","0","3","03","","N","","","","","","","","","",""
"2023000785","25","1","0","0","0","0","0","0","0","0","5","1","","67","12","2022","6","40.008485","-75.190852","12","6","0","0","0","0","0","0","0","0","","0","1","0","22","3","2","N","0","0","40 00:30.545","","3","75 11:27.067","3","0","0","0","67301","0","0","0","N","0","0","0","3","67301","0","","1.0","","1","N","N","N","0","","2","0","0","0","0","","2220","2","2","2","0","0","0","0","2","0","2","0","0","0","3","03","","N","","","","","","","","","",""
"2023006301","1627","0","0","0","0","0","0","0","0","0","8","0","","67","12","2022","6","39.992344","-75.111542","1626","6","0","0","0","0","0","0","0","0","","0","0","0","16","4","1","N","0","0","39 59:32.438","","0","75 06:41.551","3","0","0","0","67301","1","0","0","N","1","0","0","2","67301","0","","1.0","","1","N","N","N","0","","1","0","1","0","0","","1623","2","1","0","0","0","0","0","2","0","1","1","0","0","3","03","","N","","","","","","","","","",""
"2023000616","146","3","0","0","0","0","0","0","0","0","5","0","","67","12","2022","6","39.932953","-75.169558","142","6","0","0","0","0","0","1","0","0","","0","0","0","1","3","0","N","0","0","39 55:58.630","","0","75 10:10.410","0","0","0","0","67301","0","0","0","N","0","0","0","1","67301","0","","6.0","","1","N","N","N","0","","0","0","1","0","0","","135","4","0","0","0","0","0","0","2","0","4","0","0","0","3","03","","N","","","","","","","","","",""
"2023001059","243","1","0","0","0","0","0","0","0","0","1","0","","67","12","2022","6","39.942632","-75.142907","235","6","0","0","0","0","0","0","0","0","","0","0","0","2","2","2","N","0","1","39 56:33.474","1","0","75 08:34.465","8","0","0","0","67301","0","0","0","N","0","0","0","3","68K01","0","","1.0","300.0","9","N","N","N","1","","0","0","1","0","0","N","231","3","2","0","0","0","2","1","2","0","3","0","0","0","3","","","N","","","","","","","","","",""
"2023009751","745","1","0","0","0","0","0","0","0","0","1","0","","67","12","2022","5","39.992338","-75.085734","745","6","0","0","0","0","0","1","0","0","","0","0","0","6","3","1","N","0","0","39 59:32.416","","0","75 05:08.641","3","0","0","0","67301","0","0","0","N","0","0","0","4","68K01","0","","1.0","","1","N","N","N","0","","1","0","2","3","8","","614","3","1","0","0","0","0","0","2","0","3","0","0","0","3","","","N","","","","","","","","","",""
"2023012097","1415","0","0","0","0","0","0","0","0","0","8","0","","67","12","2022","4","39.944661","-75.165335","1406","6","0","0","0","0","0","0","0","0","","0","0","0","13","1","1","","1","0","39 56:40.780","","0","75 09:55.207","4","0","0","0","67301","1","0","0","N","1","0","0","2","67301","1","","1.0","","1","N","N","N","0","","0","0","1","3","2","","1354","2","1","1","0","0","0","0","2","0","1","1","0","0","3","","","N","","","","","","","","","",""
"2023001274","1622","0","0","0","0","0","0","0","0","0","8","0","","67","12","2022","7","40.053988","-75.048889","1621","6","0","0","0","0","0","0","1","0","","0","0","0","16","3","1","","1","0","40 03:14.357","","0","75 02:56.000","3","0","0","0","67301","1","0","0","N","1","0","0","3","67301","0","","1.0","","9","N","N","N","0","","1","0","1","3","2","","1621","2","1","0","0","0","0","0","2","0","1","1","0","0","7","05","","N","","","","","","","","","",""
"2023003924","940","0","0","0","0","0","0","0","0","0","8","0","","67","12","2022","4","39.964486","-75.20448","940","6","0","0","0","0","0","1","0","0","","0","0","0","9","1","1","N","0","0","39 57:52.151","","0","75 12:16.129","3","0","0","0","67301","1","0","0","N","1","0","0","2","67301","0","","1.0","","1","N","N","N","0","","1","0","0","0","0","","939","2","1","0","0","0","0","0","2","1","1","1","0","0","3","03","","N","","","","","","","","","",""
"2023000084","1159","0","0","0","0","0","0","0","0","0","8","1","","67","12","2022","6","39.969165","-75.133628","1154","6","0","0","0","0","0","0","0","0","","0","1","0","11","1","1","N","0","0","39 58:08.995","","0","75 08:01.062","4","0","0","0","67301","1","0","0","N","1","0","0","2","67301","1","","1.0","","1","N","N","N","0","","0","0","0","0","0","","1125","2","1","0","0","0","0","0","2","0","1","1","0","0","3","","","N","","","","","","","","","",""
"2023006300","900","1","0","0","0","0","0","0","0","0","7","0","","67","12","2022","6","40.01275","-75.104583","811","6","0","0","0","0","0","0","0","0","","0","0","0","7","1","0","N","0","1","40 00:45.900","4","5","75 06:16.500","0","0","0","0","67301","0","0","0","N","0","0","0","1","67301","0","","6.0","1000.0","1","N","N","N","0","","0","0","0","0","0","N","735","1","0","1","0","0","0","0","2","0","1","0","0","0","3","03","","N","","","","","","","","","",""
"2023000606","350","1","0","0","0","0","0","0","0","0","7","0","","67","12","2022","1","40.069528","-75.050722","346","6","0","0","0","0","0","0","0","0","","0","0","0","3","3","0","","1","0","40 04:10.300","","0","75 03:02.600","9","0","0","0","67301","0","0","0","N","0","0","0","1","67301","0","","2.0","","1","N","N","N","0","","0","0","0","3","1","","345","1","0","0","0","0","0","1","2","0","1","0","0","0","3","03","","N","","","","","","","","","",""
"2023003128","1920","1","0","0","0","0","0","0","0","0","1","0","","67","12","2022","7","39.961206","-75.2134","1917","6","0","0","0","0","0","0","0","0","","0","0","0","19","3","1","N","0","0","39 57:40.340","","0","75 12:48.240","8","0","0","0","67301","0","0","0","N","0","0","0","1","67301","0","","6.0","","9","N","N","N","0","","0","0","1","0","0","","1914","2","1","1","0","0","1","0","2","0","2","0","0","0","7","","","N","","","","","","","","","",""
"2023000226","2320","1","0","0","0","0","0","0","0","0","7","0","","67","12","2022","7","39.955605","-75.148229","2320","6","0","0","0","0","1","0","0","0","","0","0","0","23","3","0","N","0","0","39 57:20.179","","2","75 08:53.624","0","0","0","0","67301","0","0","0","N","0","0","0","1","67501","0","","4.0","","9","N","N","N","0","","0","0","0","0","0","","2320","1","0","0","0","0","0","0","2","0","1","0","0","0","7","","","N","","","","","","","","","",""
"2023009748","911","2","0","0","0","0","0","0","0","0","1","0","","67","12","2022","4","39.980861","-75.103528","840","6","0","0","0","0","0","0","0","0","","0","0","0","8","1","2","N","0","0","39 58:51.100","","0","75 06:12.700","8","0","0","0","67301","0","0","0","N","0","0","0","4","68K01","0","","1.0","","1","N","N","N","0","","0","0","1","0","0","","835","3","2","0","0","0","2","0","2","0","3","0","0","0","3","","","N","","","","","","","","","",""
"2023000783","1404","0","0","0","0","0","0","0","0","0","8","0","","67","12","2022","3","39.996967","-75.117401","1400","6","0","0","0","0","0","0","0","0","","0","0","0","13","1","1","","1","0","39 59:49.080","","0","75 07:02.645","8","0","0","0","67301","1","0","0","N","1","0","0","2","67301","0","","1.0","","1","N","N","N","0","","0","0","0","3","2","","1330","2","1","0","0","0","1","0","2","0","1","1","0","0","3","","","N","","","","","","","","","",""
"2023009739","1723","1","0","0","0","0","0","0","0","0","1","0","","67","12","2022","5","39.968526","-75.129072","1720","6","0","0","0","0","0","1","0","0","","0","0","0","17","3","0","N","0","0","39 58:06.693","","0","75 07:44.660","9","0","0","0","67301","0","0","0","N","0","0","0","4","68K01","0","","1.0","","1","N","N","N","0","","0","0","1","0","0","","1718","3","0","0","0","0","0","1","2","0","3","0","0","0","3","","","N","","","","","","","","","",""
"2023001272","1220","1","0","0","0","0","0","1","0","0","4","1","","67","12","2022","3","39.907917","-75.15475","1205","6","0","0","0","0","0","0","0","0","","0","0","0","12","1","1","N","0","0","39 54:28.500","","7","75 09:17.100","4","0","0","0","67301","0","0","0","N","0","0","0","4","67508","1","","1.0","","1","N","N","N","0","","0","0","0","3","2","N","1205","2","1","1","0","0","0","1","2","0","2","0","0","0","3","03","","N","","","","","","","","","",""
"2023002033","55","0","0","0","0","0","0","0","0","0","5","0","","67","12","2022","7","39.987119","-75.172739","50","6","0","0","0","0","0","0","0","0","","0","0","0","0","3","0","N","0","0","39 59:13.630","","0","75 10:21.860","0","0","0","0","67301","0","0","0","N","0","0","0","1","67301","0","","6.0","","1","N","N","N","0","","0","0","1","0","0","","40","2","0","0","0","0","0","0","2","0","2","0","0","0","3","03","","N","","","","","","","","","",""
"2023003529","1732","1","0","0","0","0","0","0","0","0","8","0","","67","12","2022","7","39.962724","-75.246709","1724","6","0","0","0","0","0","0","0","0","","0","0","0","17","3","1","","1","0","39 57:45.805","","1","75 14:48.154","3","0","0","0","67301","1","0","0","N","1","0","0","2","67301","0","","1.0","","9","N","N","N","0","","1","0","0","3","2","","1723","2","1","0","0","0","0","0","2","0","1","1","0","0","7","05","","N","","","","","","","","","",""
"2023002283","314","0","0","0","0","0","0","0","0","0","1","0","","67","12","2022","1","39.9885","-75.160694","306","6","0","0","0","0","0","0","0","0","","0","0","0","3","3","0","","1","1","39 59:18.600","2","0","75 09:38.500","0","0","0","0","67301","0","0","0","N","0","0","0","2","67301","0","","1.0","340.0","1","N","N","N","0","","0","0","2","3","2","N","306","2","0","0","0","0","0","0","2","0","2","0","0","0","3","03","","N","","","","","","","","","",""
"2023001273","2135","1","0","0","0","0","0","0","0","0","8","0","","67","12","2022","7","39.969694","-75.157639","2130","6","0","0","0","0","0","0","0","0","","0","0","0","21","3","1","","1","0","39 58:10.900","","0","75 09:27.500","4","0","0","0","67301","1","0","0","N","1","0","0","2","67301","1","","1.0","","1","N","N","N","0","","0","0","0","3","3","","2125","2","1","0","0","0","0","1","2","0","1","1","0","0","3","03","","N","","","","","","","","","",""
"2023000611","1652","0","0","0","0","0","0","0","0","0","4","0","","67","12","2022","6","40.086857","-74.971971","1625","6","0","0","0","0","0","0","1","0","","0","0","0","16","1","0","","1","0","40 05:12.685","","0","74 58:19.097","0","0","0","0","67301","0","0","0","N","0","0","0","2","67301","0","","1.0","","1","N","N","N","0","","0","0","1","3","2","","1615","2","0","0","0","0","0","0","2","1","2","0","0","0","3","03","","N","","","","","","","","","",""
"2023004293","2239","1","0","0","0","0","0","0","0","0","7","0","","67","12","2022","6","39.943312","-75.143066","2232","6","0","0","0","0","0","0","0","0","","0","0","0","22","3","0","N","0","0","39 56:35.924","","0","75 08:35.037","0","0","0","0","67301","0","0","0","N","0","0","0","2","68K01","0","","4.0","","9","N","N","N","0","","0","0","0","0","0","","2218","1","0","0","0","0","0","0","2","0","1","0","0","0","3","","","N","","","","","","","","","",""
"2023012672","1656","2","0","0","0","0","0","0","0","0","1","0","","67","12","2022","7","39.940432","-75.19553","1644","6","0","0","0","0","0","0","0","0","","0","0","0","16","3","0","N","0","2","39 56:25.554","4","3","75 11:43.909","0","0","0","0","67301","0","0","0","N","0","0","0","3","68K01","0","","1.0","1733.0","1","N","N","N","0","","0","0","0","0","0","N","1644","2","0","0","0","0","0","0","2","0","2","0","0","0","3","03","","N","","","","","","","","","",""
"2023000196","1924","1","0","0","0","0","0","0","0","0","4","0","","67","12","2022","6","40.041113","-75.100934","1923","6","0","0","0","0","0","0","0","0","","0","0","0","19","3","1","","1","0","40 02:28.006","","0","75 06:03.362","3","0","0","0","67301","0","0","0","N","0","0","0","3","67301","0","","1.0","","1","N","N","N","0","","1","0","2","3","3","","1919","3","1","0","0","0","0","0","2","0","3","0","0","0","3","03","","N","","","","","","","","","",""
"2023003925","0655","2","0","0","0","0","0","0","0","0","4","0","","67","11","2022","2","39.988808","-75.101769","0651","6","0","0","0","0","0","0","1","0","","0","0","0","06","1","0","N","0","0","39 59:19.710","","0","75 06:06.370","0","0","0","0","67301","0","0","0","N","0","0","0","1","67301","0","","1.0","","1","N","N","N","0","","0","0","0","0","0","","0650","2","0","0","0","0","0","0","2","0","2","0","0","0","3","03","","N","","","","","","","","","",""
"2023001313","1200","0","0","0","0","0","0","1","0","0","1","1","","67","12","2022","1","40.033694","-75.145921","1155","6","0","0","0","0","0","0","0","0","","0","0","0","11","1","1","","1","0","40 02:01.300","","0","75 08:45.317","3","0","0","0","67301","0","0","0","N","0","0","0","2","67508","0","","1.0","","1","N","N","Y","0","","1","0","0","3","2","","1155","2","1","0","0","0","0","1","2","0","2","0","0","0","3","03","","N","","","","","","","","","",""
"2023007608","1241","1","0","0","0","0","0","0","0","0","1","0","","67","12","2022","5","39.949962","-75.141281","1237","6","0","0","0","0","0","0","0","0","","0","0","0","12","1","0","N","0","1","39 56:59.863","1","0","75 08:28.610","9","0","0","0","67301","0","0","0","N","0","0","0","2","68K01","0","","1.0","1250.0","9","N","N","N","0","","0","0","0","0","0","N","1227","2","0","0","0","0","0","1","2","0","2","0","0","0","7","","","N","","","","","","","","","",""
"2023015907","0658","2","0","0","0","0","0","0","0","0","7","0","","67","12","2022","1","39.99315","-75.200055","0651","6","0","0","0","0","0","0","0","0","","0","0","0","06","1","2","N","0","2","39 59:35.341","4","0","75 12:00.197","3","0","0","0","67301","0","0","0","N","0","0","0","3","68K01","0","","2.0","731.0","1","N","N","N","0","","2","0","1","0","0","N","0648","3","2","0","0","0","0","0","2","0","3","0","0","0","3","03","","N","","","","","","","","","",""
"2023015453","0121","0","0","1","0","0","0","0","0","0","4","0","","67","12","2022","1","40.026388","-75.117154","0121","6","0","0","0","0","0","1","0","0","","0","0","0","09","1","1","","1","0","40 01:34.996","","0","75 07:01.756","2","0","0","0","67301","0","0","0","N","0","0","0","1","67301","0","","1.0","","1","N","N","N","0","","0","1","1","9","2","","0930","2","1","0","0","0","0","0","2","0","2","0","0","0","3","03","","N","","","","","","","","","",""
"2023008997","0024","2","0","0","0","0","0","0","0","0","1","0","","67","12","2022","7","39.949124","-75.141913","0013","6","0","0","0","0","1","0","0","0","","0","0","0","00","3","1","N","0","0","39 56:56.846","","0","75 08:30.887","8","0","0","0","67301","0","0","0","N","0","0","0","3","68K01","0","","1.0","","1","N","N","N","0","","0","0","1","0","0","","0012","3","1","1","0","0","1","0","2","0","3","0","0","0","3","","","N","","","","","","","","","",""
"2023005750","1605","2","0","0","0","0","0","0","0","0","1","0","","67","12","2022","2","40.025423","-75.028383","1543","6","0","0","0","0","0","0","0","0","","0","0","0","15","1","0","N","0","0","40 01:31.524","","0","75 01:42.179","0","0","0","0","67301","0","0","0","N","0","0","0","2","68K01","0","","1.0","","1","N","N","N","0","","0","0","0","0","0","","1540","2","0","0","0","0","0","0","2","0","2","0","0","0","3","03","","N","","","","","","","","","",""
"2023000473","0026","3","0","0","0","0","0","0","0","0","5","0","","67","12","2022","1","39.998975","-75.195394","0009","6","0","0","0","0","1","1","0","0","","0","0","0","00","2","1","N","0","0","39 59:56.309","","0","75 11:43.417","8","0","0","0","67301","0","0","0","N","0","0","0","6","68K01","0","","1.0","","1","N","N","N","0","","0","0","1","0","0","","0003","4","1","0","0","0","1","2","2","0","4","0","0","0","3","03","","N","","","","","","","","","",""
"2023007958","","1","0","0","0","0","0","0","0","0","5","0","","67","9","2022","6","39.955134","-75.185919","","6","0","0","0","0","0","0","0","0","","0","0","0","16","1","1","N","0","0","39 57:18.482","","0","75 11:09.308","8","0","0","0","67301","0","0","0","N","0","0","0","2","00000","0","","1.0","","1","","","N","0","","0","0","0","0","0","","1600","2","1","0","0","0","1","0","2","0","2","0","0","0","3","","","N","","","","","","","","","",""
"2023002279","0125","1","0","0","0","0","0","0","0","0","5","0","","67","9","2022","7","39.970006","-75.159639","0119","6","0","0","0","0","0","0","0","0","","0","0","0","00","3","0","N","0","1","39 58:12.020","2","0","75 09:34.700","9","0","0","0","67301","0","0","0","N","0","0","0","1","67301","0","","6.0","147.0","1","N","N","N","0","","0","0","1","0","0","N","0055","2","0","0","0","0","0","1","2","0","2","0","0","0","3","03","","N","","","","","","","","","",""
"2023007031","2050","0","0","0","0","0","0","0","0","0","5","1","","67","12","2022","3","39.925238","-75.147188","2048","6","0","0","0","0","0","0","0","0","","0","1","0","20","3","1","N","0","0","39 55:30.858","","3","75 08:49.876","3","0","0","0","67301","0","0","0","N","0","0","0","1","68K01","0","","2.0","","1","N","N","N","1","","1","0","0","0","0","","2037","2","1","0","0","0","0","0","2","0","2","0","0","0","3","03","","N","","","","","","","","","",""
"2023004295","0048","1","0","0","0","0","0","0","0","0","7","0","","67","12","2022","7","40.041491","-75.004576","0048","6","0","0","0","1","0","0","0","0","","0","0","0","00","3","0","N","0","0","40 02:29.369","","0","75 00:16.475","0","0","0","0","67301","0","0","0","N","0","0","0","1","68K01","0","","4.0","","9","N","N","N","0","","0","0","0","0","0","","0048","1","0","0","0","0","0","0","2","0","1","0","0","0","3","03","","N","","","","","","","","","",""
"2023003043","0503","1","0","0","0","0","0","0","0","0","5","1","","67","11","2022","3","39.887795","-75.203751","0452","6","0","0","0","0","0","1","0","0","","0","1","0","04","3","1","N","0","1","39 53:16.063","2","0","75 12:13.503","3","0","0","0","67301","0","0","0","N","0","0","0","2","68K01","0","","1.0","530.0","1","N","N","N","0","","1","0","0","0","0","N","0437","2","1","0","0","0","0","0","2","0","2","0","0","0","3","","","N","","","","","","","","","",""
"2023008995","0759","1","0","0","0","0","0","0","0","0","1","1","","67","12","2022","5","39.983547","-75.097456","0750","6","0","0","0","0","0","0","0","0","","0","1","0","07","1","1","N","0","1","39 59:00.768","1","0","75 05:50.842","8","0","0","0","67301","0","0","0","N","0","0","0","2","68K01","0","","1.0","800.0","1","N","N","N","0","","0","0","0","0","0","N","0749","2","1","0","0","0","1","0","2","0","2","0","0","0","3","","","N","","","","","","","","","",""
"2023022866","1336","1","0","0","0","0","0","0","0","0","7","0","","67","12","2022","6","39.944936","-75.142732","1309","6","0","0","0","0","0","0","0","0","","0","0","0","12","1","0","N","0","0","39 56:41.771","","0","75 08:33.836","0","0","0","0","67301","0","0","0","N","0","0","0","1","68K01","0","","3.0","","9","N","N","N","0","","0","0","0","0","0","","1257","1","0","0","0","0","0","0","2","0","1","0","0","0","7","07","","N","","","","","","","","","",""
"2023023190","1655","1","1","0","0","0","0","0","0","0","4","0","","67","12","2022","4","40.016622","-75.086356","1654","6","0","0","0","0","0","0","0","0","","1","0","0","16","4","1","","1","0","40 00:59.839","","0","75 05:10.881","1","0","0","0","67301","0","0","0","N","0","0","0","4","67301","0","2","1.0","","1","N","N","N","0","0","1","0","1","0","0","","1637","3","1","0","0","0","0","0","2","0","3","0","0","0","3","03","","N","","","","","","","","","",""
"2023008545","1858","1","0","0","0","0","0","0","0","0","7","0","","67","1","2022","2","40.036375","-75.155828","1858","6","0","0","0","0","0","0","0","0","","0","0","0","14","1","0","N","0","0","40 02:10.950","","0","75 09:20.980","9","0","0","0","67301","0","0","0","N","0","0","0","1","67301","0","","5.0","","99","N","N","N","0","","0","0","0","0","0","","1430","1","0","0","0","0","0","1","2","0","1","0","0","0","3","","","N","","","","","","","","","",""
"2023009064","2250","1","0","0","0","0","0","0","0","0","5","0","","67","12","2022","7","39.979692","-75.144792","2247","6","0","0","0","0","0","0","0","0","","0","0","0","22","3","0","N","0","2","39 58:46.890","2","0","75 08:41.250","0","0","0","0","67301","0","0","0","N","0","0","0","1","67301","0","","6.0","1118.0","9","N","N","N","0","","0","0","1","0","0","Y","2236","2","0","0","0","0","0","0","2","0","2","0","0","0","7","","","N","","","","","","","","","",""
"2023008875","2118","2","0","0","0","0","0","0","0","0","4","0","","67","12","2022","3","39.898291","-75.182203","2105","6","0","0","0","0","0","2","0","0","","0","0","0","21","3","1","N","0","1","39 53:53.847","1","0","75 10:55.931","3","0","0","0","67301","0","0","0","N","0","0","0","3","68K01","0","","1.0","2200.0","1","N","N","N","0","","1","0","1","0","0","N","2104","3","1","1","0","0","0","0","2","0","3","0","0","0","3","","","N","","","","","","","","","",""
"2023003047","1447","2","0","0","0","0","0","0","0","0","5","0","","67","11","2022","7","39.989821","-75.087082","1433","6","0","0","0","0","0","0","0","0","","0","0","0","14","1","1","N","0","0","39 59:23.357","","0","75 05:13.494","3","0","0","0","67301","0","0","0","N","0","0","0","6","68K01","0","","1.0","","1","N","N","N","1","","1","0","0","0","0","","1425","3","1","0","0","0","0","0","2","0","3","0","0","0","3","03","","N","","","","","","","","","",""
"2023003049","1751","1","0","0","0","0","0","0","0","0","7","0","","67","11","2022","1","40.040702","-75.005507","1742","6","0","0","0","0","0","0","0","0","","0","0","0","17","3","0","N","0","0","40 02:26.528","","0","75 00:19.826","0","0","0","0","67301","0","0","0","N","0","0","0","1","68K01","0","","4.0","","9","N","N","N","0","","0","0","0","0","0","","1742","1","0","0","0","0","0","0","2","0","1","0","0","0","7","07","","N","","","","","","","","","",""
"2023003042","1811","1","0","0","0","0","0","0","0","0","1","0","","67","11","2022","6","39.984459","-75.095507","1749","6","0","0","0","0","0","0","0","0","","0","0","0","17","3","0","N","0","0","39 59:04.051","","0","75 05:43.826","0","0","0","0","67301","0","0","0","N","0","0","0","2","68K01","0","","1.0","","1","N","N","N","0","","0","0","1","0","0","","1741","2","0","0","0","0","0","0","2","0","2","0","0","0","3","03","","N","","","","","","","","","",""
"2023003036","0902","1","0","0","0","0","0","0","0","0","1","0","","67","10","2022","5","39.956791","-75.154191","0831","6","0","0","0","0","0","0","0","0","","0","0","0","08","1","1","N","0","0","39 57:24.447","","0","75 09:15.088","4","0","0","0","67301","0","0","0","N","0","0","0","2","68K01","1","","1.0","","1","N","N","N","0","","0","0","1","0","0","","0825","2","1","0","0","0","0","0","2","0","2","0","0","0","3","03","","N","","","","","","","","","",""
"2023003431","1607","0","0","0","0","0","0","0","0","0","5","1","","67","12","2022","3","39.976546","-75.196623","1538","6","0","0","0","0","0","2","0","0","","0","1","0","15","1","0","","6","0","39 58:35.567","","2","75 11:47.843","0","0","0","0","67301","0","0","0","N","0","0","0","2","68K01","0","","7.0","","1","N","N","N","0","","0","0","1","0","0","","1536","2","0","0","0","0","0","0","2","0","2","0","0","0","3","03","","N","","","","","","","","","",""