"CRN","ARRIVAL_TM","AUTOMOBILE_COUNT","BELTED_DEATH_COUNT","BELTED_SUSP_SERIOUS_INJ_COUNT","BICYCLE_COUNT","BICYCLE_DEATH_COUNT","BICYCLE_SUSP_SERIOUS_INJ_COUNT","BUS_COUNT","CHLDPAS_DEATH_COUNT","CHLDPAS_SUSP_SERIOUS_INJ_COUNT","COLLISION_TYPE","COMM_VEH_COUNT","CONS_ZONE_SPD_LIM","COUNTY","CRASH_MONTH","CRASH_YEAR","DAY_OF_WEEK","DEC_LATITUDE","DEC_LONGITUDE","DISPATCH_TM","DISTRICT","DRIVER_COUNT_16YR","DRIVER_COUNT_17YR","DRIVER_COUNT_18YR","DRIVER_COUNT_19YR","DRIVER_COUNT_20YR","DRIVER_COUNT_50_64YR","DRIVER_COUNT_65_74YR","DRIVER_COUNT_75PLUS","EST_HRS_CLOSED","FATAL_COUNT","HEAVY_TRUCK_COUNT","HORSE_BUGGY_COUNT","HOUR_OF_DAY","ILLUMINATION","INJURY_COUNT","INTERSECTION_RELATED","INTERSECT_TYPE","LANE_CLOSED","LATITUDE","LN_CLOSE_DIR","LOCATION_TYPE","LONGITUDE","MAX_SEVERITY_LEVEL","MCYCLE_DEATH_COUNT","MCYCLE_SUSP_SERIOUS_INJ_COUNT","MOTORCYCLE_COUNT","MUNICIPALITY","NONMOTR_COUNT","NONMOTR_DEATH_COUNT","NONMOTR_SUSP_SERIOUS_INJ_COUNT","NTFY_HIWY_MAINT","PED_COUNT","PED_DEATH_COUNT","PED_SUSP_SERIOUS_INJ_COUNT","PERSON_COUNT","POLICE_AGCY","POSSIBLE_INJ_COUNT","RDWY_SURF_TYPE_CD","RELATION_TO_ROAD","ROADWAY_CLEARED","ROAD_CONDITION","SCH_BUS_IND","SCH_ZONE_IND","SECONDARY_CRASH","SMALL_TRUCK_COUNT","SPEC_JURIS_CD","SUSP_MINOR_INJ_COUNT","SUSP_SERIOUS_INJ_COUNT","SUV_COUNT","TCD_FUNC_CD","TCD_TYPE","TFC_DETOUR_IND","TIME_OF_DAY","TOTAL_UNITS","TOT_INJ_COUNT","UNBELTED_OCC_COUNT","UNB_DEATH_COUNT","UNB_SUSP_SERIOUS_INJ_COUNT","UNK_INJ_DEG_COUNT","UNK_INJ_PER_COUNT","URBAN_RURAL","VAN_COUNT","VEHICLE_COUNT","VULNERABLE_ROAD_USER_COUNT","VULNERABLE_ROAD_USER_DEATH_COUNT","VULNERABLE_ROAD_USER_SER_INJ_COUNT","WEATHER1","WEATHER2","WORKERS_PRES","WORK_ZONE_IND","WORK_ZONE_LOC","WORK_ZONE_TYPE","WZ_CLOSE_DETOUR","WZ_FLAGGER","WZ_LAW_OFFCR_IND","WZ_LN_CLOSURE","WZ_MOVING","WZ_OTHER","WZ_SHLDER_MDN","WZ_WORKERS_INJ_KILLED"
"2023009217","0516","1","0","0","0","0","0","0","0","0","7","0","","67","11","2022","7","39.982852","-75.098986","0516","6","0","0","0","0","0","0","0","0","","0","0","0","04","3","0","N","0","0","39 58:58.267","","0","75 05:56.348","0","0","0","0","67301","0","0","0","N","0","0","0","1","68K01","0","","2.0","","1","N","N","N","0","","0","0","0","0","0","","0459","1","0","1","0","0","0","0","2","0","1","0","0","0","3","03","","N","","","","","","","","","",""
"2023008544","1233","3","0","0","0","0","0","0","0","0","4","0","","67","12","2022","4","39.965806","-75.196722","1232","6","0","0","0","0","0","0","0","0","","1","0","0","12","1","0","N","0","2","39 57:56.900","6","0","75 11:48.200","1","0","0","0","67301","0","0","0","N","0","0","0","2","67301","0","2","6.0","1500.0","1","N","N","N","0","0","0","0","3","0","0","Y","1231","6","0","1","0","0","0","1","2","0","6","0","0","0","3","03","","N","","","","","","","","","",""
"2023003084","1943","1","0","0","0","0","0","0","0","0","5","0","","67","12","2022","1","40.036512","-75.015501","1944","6","0","0","1","0","0","0","0","0","","0","0","0","19","3","0","N","0","2","40 02:11.443","2","0","75 00:55.805","0","0","0","0","67301","0","0","0","N","0","0","0","3","68K01","0","","1.0","1950.0","1","N","N","N","1","","0","0","0","0","0","N","1943","2","0","0","0","0","0","0","2","0","2","0","0","0","3","03","","N","","","","","","","","","",""
"2023003054","1356","1","0","0","0","0","0","0","0","0","7","0","","67","12","2022","7","40.03224","-75.021236","1334","6","0","0","0","0","0","0","0","0","","0","0","0","13","1","0","N","0","1","40 01:56.063","2","0","75 01:16.450","0","0","0","0","67301","0","0","0","N","0","0","0","1","68K01","0","","4.0","1410.0","9","N","N","N","0","","0","0","0","0","0","N","1329","1","0","0","0","0","0","0","2","0","1","0","0","0","7","","","N","","","","","","","","","",""
"2023008992","0236","1","0","0","0","0","0","0","0","0","5","0","","67","12","2022","7","39.977855","-75.11125","0227","6","0","0","0","0","0","0","0","0","","0","0","0","02","3","1","N","0","0","39 58:40.278","","0","75 06:40.501","8","0","0","0","67301","0","0","0","N","0","0","0","2","68K01","0","","1.0","","1","N","N","N","0","","0","0","1","0","0","","0225","2","1","0","0","0","1","0","2","0","2","0","0","0","3","03","","N","","","","","","","","","",""
"2023001981","0941","0","0","0","0","0","0","0","0","0","8","0","","67","12","2022","5","39.957185","-75.201948","0940","6","0","0","0","0","0","0","0","0","","0","0","0","09","1","1","","1","0","39 57:25.865","","0","75 12:07.011","8","0","0","0","67301","1","0","0","N","1","0","0","2","67504","0","","1.0","","9","N","N","N","1","","0","0","0","3","2","","0939","2","1","0","0","0","1","0","2","0","1","1","0","0","9","06","","N","","","","","","","","","",""
"2023004270","0047","0","0","0","0","0","0","0","0","0","7","0","","67","11","2022","2","39.935566","-75.199739","0024","6","0","0","0","0","0","0","0","0","","0","0","0","00","3","1","N","0","2","39 56:08.039","4","3","75 11:59.060","3","0","0","0","67301","0","0","0","N","0","0","0","1","68K01","0","","3.0","120.0","1","N","N","N","1","","1","0","0","0","0","Y","0024","1","1","0","0","0","0","0","2","0","1","0","0","0","3","","","N","","","","","","","","","",""
"2023003050","1843","1","0","0","0","0","0","0","0","0","7","0","","67","11","2022","1","40.035311","-75.017536","1839","6","0","0","0","0","0","0","0","0","","0","0","0","18","3","0","N","0","2","40 02:07.118","1","0","75 01:03.128","0","0","0","0","67301","0","0","0","N","0","0","0","1","68K01","0","","4.0","1850.0","9","N","N","N","0","","0","0","0","0","0","N","1837","1","0","0","0","0","0","0","2","0","1","0","0","0","7","07","","N","","","","","","","","","",""
"2023003842","1340","1","0","0","0","0","0","0","0","0","5","0","","67","10","2022","3","39.989194","-75.087912","1340","6","0","0","0","0","0","0","0","0","","0","0","0","13","1","1","N","0","1","39 59:21.098","2","0","75 05:16.483","8","0","0","0","67301","0","0","0","N","0","0","0","2","68K01","0","","1.0","1454.0","1","N","N","N","0","","0","0","1","0","0","Y","1337","2","1","1","0","0","1","0","2","0","2","0","0","0","3","03","","N","","","","","","","","","",""
"2023008998","0145","2","0","0","0","0","0","0","0","0","4","0","","67","12","2022","7","39.981291","-75.10287","0140","6","0","0","0","0","0","0","1","0","","0","0","0","01","3","2","N","0","1","39 58:52.648","2","0","75 06:10.332","8","0","0","0","67301","0","0","0","N","0","0","0","3","68K01","0","","4.0","30.0","1","N","N","N","1","","0","0","0","0","0","N","0136","3","2","0","0","0","2","0","2","0","3","0","0","0","3","03","","N","","","","","","","","","",""
"2023008999","0014","1","0","0","0","0","0","0","0","0","7","0","","67","12","2022","7","40.005467","-75.076298","0259","6","0","0","0","0","0","0","0","0","","0","0","0","23","3","1","N","0","0","40 00:19.682","","8","75 04:34.674","4","0","0","0","67301","0","0","0","N","0","0","0","1","68K01","1","","4.0","","9","N","N","N","0","","0","0","0","0","0","","2358","1","1","0","0","0","0","0","2","0","1","0","0","0","7","","","N","","","","","","","","","",""
"2023008547","1215","1","0","0","0","0","0","0","0","0","1","0","","67","1","2022","3","40.027672","-75.132417","1210","6","0","0","0","0","0","0","0","0","","0","0","0","09","1","0","N","0","0","40 01:39.620","","0","75 07:56.700","9","0","0","0","67301","0","0","0","N","0","0","0","1","67301","0","","6.0","","1","N","N","N","1","","0","0","0","0","0","","0930","2","0","0","0","0","0","1","2","0","2","0","0","0","3","03","","N","","","","","","","","","",""
"2023007899","","1","0","0","0","0","0","0","0","0","3","0","","67","8","2022","5","40.00389","-75.170697","","6","0","0","0","0","0","0","0","0","","0","0","0","15","1","2","","1","0","40 00:14.005","","0","75 10:14.509","8","0","0","0","67301","0","0","0","N","0","0","0","3","00000","0","","1.0","","1","","","N","0","","0","0","0","3","2","","1530","2","2","0","0","0","2","0","2","0","2","0","0","0","3","","","N","","","","","","","","","",""
"2023003440","1147","1","0","0","0","0","0","0","0","0","5","0","","67","12","2022","6","40.031525","-75.021538","1132","6","0","0","0","0","0","1","0","0","","0","0","0","11","1","1","N","0","0","40 01:53.490","","0","75 01:17.537","4","0","0","0","67301","0","0","0","N","0","0","0","2","68K01","1","","1.0","","9","N","N","N","1","","0","0","0","0","0","","1130","2","1","0","0","0","0","0","2","0","2","0","0","0","7","07","","N","","","","","","","","","",""
"2023004276","2339","1","0","0","0","0","0","0","0","0","7","0","","67","12","2022","5","39.961221","-75.182403","2334","6","0","0","0","0","0","0","0","0","","0","0","0","23","3","0","","6","0","39 57:40.397","","2","75 10:56.651","0","0","0","0","67301","0","0","0","N","0","0","0","4","68K01","0","","4.0","","9","N","N","N","0","","0","0","0","0","0","","2334","1","0","0","0","0","0","0","2","0","1","0","0","0","7","","","N","","","","","","","","","",""
"2023003458","1634","1","0","0","0","0","0","0","0","0","1","0","","67","12","2022","5","40.021582","-75.040521","1605","6","0","0","0","0","1","0","0","0","","0","0","0","15","1","0","N","0","0","40 01:17.694","","0","75 02:25.877","9","0","0","0","67301","0","0","0","N","0","0","0","2","68K01","0","","1.0","","1","N","N","N","0","","0","0","0","0","0","","1557","2","0","0","0","0","0","1","2","0","2","0","0","0","3","03","","N","","","","","","","","","",""
"2023003873","0221","1","0","0","0","0","0","0","0","0","7","0","","67","12","2022","7","39.97051","-75.192873","0215","6","0","0","0","0","1","0","0","0","","0","0","0","02","3","1","N","0","0","39 58:13.837","","0","75 11:34.343","3","0","0","0","67301","0","0","0","N","0","0","0","4","68K01","0","","3.0","","1","N","N","N","0","","1","0","0","0","0","","0213","1","1","2","0","0","0","0","2","0","1","0","0","0","3","03","","N","","","","","","","","","",""
"2023003062","0642","1","0","0","0","0","0","0","0","0","1","0","","67","12","2022","2","39.960667","-75.181361","0628","6","0","0","0","0","0","0","0","0","","0","0","0","06","3","0","N","0","0","39 57:38.400","","2","75 10:52.900","0","0","0","0","67301","0","0","0","N","0","0","0","2","68K01","0","","1.0","","1","N","N","N","0","","0","0","1","0","0","","0625","2","0","0","0","0","0","0","2","0","2","0","0","0","3","03","","N","","","","","","","","","",""
"2023003056","1815","1","0","0","0","0","0","0","0","0","1","0","","67","12","2022","1","39.899238","-75.177394","1753","6","0","0","0","0","0","0","0","0","","0","0","0","17","3","1","N","0","0","39 53:57.256","","0","75 10:38.618","3","0","0","0","67301","0","0","0","N","0","0","0","3","68K01","0","","1.0","","1","N","N","N","0","","1","0","1","3","8","","1745","2","1","0","0","0","0","0","2","0","2","0","0","0","3","","","N","","","","","","","","","",""
"2023003063","0931","1","0","0","0","0","0","0","0","0","7","0","","67","12","2022","2","39.910215","-75.150024","0918","6","0","0","0","0","0","0","0","0","","0","0","0","09","1","1","","6","2","39 54:36.773","1","2","75 09:00.088","3","0","0","0","67301","0","0","0","N","0","0","0","1","68K01","0","","4.0","955.0","1","N","N","N","0","","1","0","0","0","0","N","0915","1","1","0","0","0","0","0","2","0","1","0","0","0","3","03","","N","","","","","","","","","",""
"2023004287","1040","1","0","0","0","0","0","0","0","0","5","0","","67","12","2022","2","39.956846","-75.180329","1038","6","0","0","0","0","0","1","0","0","","0","0","0","10","1","2","N","0","0","39 57:24.646","","0","75 10:49.184","4","0","0","0","67301","0","0","0","N","0","0","0","2","68K01","2","","1.0","","1","N","N","N","0","","0","0","1","0","0","","1033","2","2","0","0","0","0","0","2","0","2","0","0","0","3","","","N","","","","","","","","","",""
"2023000519","0317","1","0","0","0","0","0","0","0","0","4","0","","67","12","2022","6","39.942136","-75.142985","0316","6","0","0","0","0","0","0","0","0","","0","0","0","02","3","0","N","0","0","39 56:31.690","","0","75 08:34.746","9","0","0","0","67301","0","0","0","N","0","0","0","2","68K01","0","","1.0","","9","N","N","Y","0","","0","0","1","0","0","","0233","2","0","0","0","0","0","1","2","0","2","0","0","0","4","04","","N","","","","","","","","","",""
"2023003647","1121","1","0","0","0","0","0","0","0","0","8","0","","67","12","2022","5","39.951701","-75.236857","1118","6","0","0","0","0","0","0","0","0","","0","0","0","11","1","2","","1","0","39 57:06.123","","0","75 14:12.685","3","0","0","0","67301","2","0","0","N","2","0","0","3","67301","0","","1.0","","1","N","N","N","0","","2","0","0","3","2","","1116","3","2","0","0","0","0","0","2","0","1","2","0","0","3","","","N","","","","","","","","","",""
"2022113594","1610","0","0","0","0","0","0","0","0","0","0","1","","67","11","2022","3","40.050045","-75.003434","1600","6","0","0","0","0","0","0","0","0","","0","1","0","15","1","1","N","0","2","40 03:00.162","2","2","75 00:12.364","8","0","0","0","67301","0","0","0","N","0","0","0","1","67301","0","","1.0","2221.0","1","N","N","N","0","","0","0","0","0","0","Y","1500","1","1","0","0","0","1","0","2","0","1","0","0","0","3","","","N","","","","","","","","","",""
"2023003528","1320","2","0","0","0","0","0","0","0","0","5","0","","67","10","2022","7","40.003782","-75.220926","1318","6","0","0","0","0","0","0","0","0","","0","0","0","13","1","1","N","0","0","40 00:13.616","","0","75 13:15.332","3","0","0","0","67301","0","0","0","N","0","0","0","3","67301","0","","1.0","","1","N","N","N","0","","1","0","0","0","0","","1315","2","1","2","0","0","0","0","2","0","2","0","0","0","3","","","N","","","","","","","","","",""
"2023027356","2319","1","0","0","0","0","0","0","0","0","7","0","","67","12","2022","7","39.960066","-75.179395","2319","6","0","0","0","0","0","0","0","0","","0","0","0","23","3","0","N","0","2","39 57:36.239","4","0","75 10:45.823","0","0","0","0","67301","0","0","0","N","0","0","0","1","68K01","0","","2.0","2321.0","9","N","N","N","0","","0","0","0","0","0","Y","2311","1","0","0","0","0","0","0","2","0","1","0","0","0","7","07","","N","","","","","","","","","",""
"2023008045","857","1","0","0","0","0","0","0","0","0","7","0","","67","12","2022","6","39.931631","-75.199607","839","6","0","0","0","0","0","0","0","0","","0","0","0","8","1","0","N","0","1","39 55:53.873","4","0","75 11:58.586","0","0","0","0","67301","0","0","0","N","0","0","0","1","68K01","0","","4.0","910.0","9","N","N","N","0","","0","0","0","0","0","N","837","1","0","0","0","0","0","0","2","0","1","0","0","0","7","07","","N","","","","","","","","","",""
"2023001282","","3","0","0","0","0","0","0","0","0","1","0","","67","12","2022","5","40.012776","-75.180854","","6","0","0","0","0","0","1","0","0","","0","0","0","16","1","0","N","0","0","40 00:45.994","","0","75 10:51.076","0","0","0","0","67301","0","0","0","N","0","0","0","4","00000","0","","1.0","","1","","","N","1","","0","0","0","0","0","","1600","4","0","3","0","0","0","0","2","0","4","0","0","0","3","","","N","","","","","","","","","",""
"2023016972","","1","0","0","0","0","0","0","0","0","4","0","","67","12","2022","7","39.969389","-75.245428","","6","0","0","0","0","0","0","0","0","","0","0","0","99","1","2","N","0","0","39 58:09.799","","7","75 14:43.541","8","0","0","0","67301","0","0","0","N","0","0","0","3","00000","0","","1.0","","1","","","N","0","","0","0","0","0","0","","9999","2","2","0","0","0","2","0","2","0","2","0","0","0","3","","","N","","","","","","","","","",""
"2023007902","","0","0","0","0","0","0","0","0","0","4","0","","67","12","2022","7","40.03095","-75.148977","","6","0","0","0","0","0","1","0","0","","0","0","0","15","1","1","","1","0","40 01:51.420","","0","75 08:56.317","8","0","0","0","67301","0","0","0","N","0","0","0","2","00000","0","","1.0","","1","","","N","0","","0","0","1","3","3","","1500","2","1","0","0","0","1","0","2","0","2","0","0","0","3","","","N","","","","","","","","","",""
"2023040178","2129","0","0","0","1","0","0","0","0","0","8","0","","67","7","2022","6","39.973776","-75.258236","2129","6","0","0","0","0","0","0","0","0","","0","0","0","15","1","1","N","1","0","39 58:25.593","","0","75 15:29.649","3","0","0","0","67301","1","0","0","N","0","0","0","2","67301","0","","1.0","","1","N","N","N","0","","1","0","1","3","2","","1556","2","1","0","0","0","0","0","2","0","1","1","0","0","3","03","","N","","","","","","","","","",""
"2023035959","","1","0","0","0","0","0","0","0","0","4","0","","67","6","2022","2","39.991389","-75.159019","","6","0","0","0","0","0","0","0","0","","0","0","0","15","1","2","","1","0","39 59:29.000","","0","75 09:32.468","8","0","0","0","67301","0","0","0","N","0","0","0","3","00000","0","","1.0","","1","","","N","0","","0","0","1","3","3","","1545","2","2","1","0","0","2","0","2","0","2","0","0","0","3","","","N","","","","","","","","","",""
"2023036369","","1","0","0","0","0","0","0","0","0","4","0","","67","11","2022","6","40.000779","-75.143381","","6","0","0","0","0","0","0","0","0","","0","0","0","17","1","1","","1","0","40 00:02.806","","0","75 08:36.172","8","0","0","0","67301","0","0","0","N","0","0","0","2","00000","0","","1.0","","1","","","N","0","","0","0","1","3","2","","1715","2","1","1","0","0","1","0","2","0","2","0","0","0","3","","","N","","","","","","","","","",""
"2023034459","","0","0","0","0","0","0","0","0","0","1","0","","67","12","2022","6","40.040499","-75.058879","","6","0","0","0","0","0","1","0","0","","0","0","0","04","3","1","","1","0","40 02:25.798","","0","75 03:31.964","8","0","0","0","67301","0","0","0","N","0","0","0","2","00000","0","","1.0","","1","","","N","0","","0","0","1","3","2","","0450","2","1","0","0","0","1","0","2","0","2","0","0","0","3","","","N","","","","","","","","","",""
"2023027770","1927","1","0","0","0","0","0","0","0","0","4","0","","67","12","2022","6","39.985664","-75.247513","1922","6","0","0","0","0","0","0","0","0","","0","0","0","19","3","5","","1","0","39 59:08.392","","0","75 14:51.046","3","0","0","0","67301","0","0","0","N","0","0","0","5","67301","0","","1.0","","1","N","N","N","0","","5","0","1","2","2","","1920","2","5","0","0","0","0","0","2","0","2","0","0","0","3","03","","N","","","","","","","","","",""
"2023028213","0304","1","0","0","0","0","0","0","0","0","7","0","","67","2","2022","5","39.897026","-75.189395","0255","6","0","0","0","0","0","0","0","0","","0","0","0","2","3","1","N","0","0","39 53:49.294","","0","75 11:21.823","3","0","0","0","67301","0","0","0","N","0","0","0","1","68K01","0","","3.0","","1","N","N","N","0","","1","0","0","0","0","","254","1","1","0","0","0","0","0","2","0","1","0","0","0","3","","","N","","","","","","","","","",""
"2023048430","0959","1","0","0","0","0","0","0","0","0","7","0","","67","4","2022","6","40.003719","-75.076803","0959","6","0","0","0","0","0","0","0","0","","0","0","0","9","1","1","","3","1","40 00:13.387","1","2","75 04:36.490","3","0","0","0","67301","0","0","0","Y","0","0","0","1","68K01","0","","4.0","1040.0","1","N","N","N","0","","1","0","0","0","0","N","932","1","1","0","0","0","0","0","2","0","1","0","0","0","3","","","N","","","","","","","","","",""
"2023061147","","0","0","0","0","0","0","0","0","0","1","0","","67","12","2022","5","40.034278","-75.074591","","6","0","0","0","0","0","1","0","0","","0","0","0","11","1","1","","5","0","40 02:03.402","","0","75 04:28.529","8","0","0","0","67301","0","0","0","N","0","0","0","2","00000","0","","1.0","","1","","","N","0","","0","0","1","3","2","","1100","2","1","0","0","0","1","0","2","0","2","0","0","0","3","","","N","","","","","","","","","",""
"2023071112","1027","1","0","0","0","0","0","0","0","0","4","0","","67","9","2022","6","39.959689","-75.228779","1024","6","0","0","0","0","0","0","0","0","","0","0","0","10","1","1","","1","0","39 57:34.880","","0","75 13:43.604","3","0","0","0","67301","0","0","0","N","0","0","0","2","67301","0","","1.0","","1","N","N","N","1","","1","0","0","3","3","","1015","2","1","1","0","0","0","0","2","0","2","0","0","0","3","","","N","","","","","","","","","",""
"2023106007","1315","1","0","0","0","0","0","0","0","0","4","1","","67","4","2022","4","40.076716","-75.176178","1240","6","0","0","0","0","0","2","0","0","","0","1","0","12","1","1","","1","2","40 04:36.177","6","0","75 10:34.240","8","0","0","0","67301","0","0","0","N","0","0","0","2","67301","0","","1.0","1415.0","1","N","N","N","0","","0","0","0","3","3","Y","1220","2","1","0","0","0","1","0","2","0","2","0","0","0","03","","","N","","","","","","","","","",""
"2023106006","0128","0","0","0","0","0","0","0","0","0","4","1","","67","4","2022","6","39.920522","-75.214078","0123","6","0","0","0","0","0","1","0","0","","0","1","0","15","1","2","N","0","0","39 55:13.880","","7","75 12:50.680","3","0","0","0","67301","0","0","0","N","0","0","0","3","67301","0","","1.0","","99","N","N","N","1","","2","0","0","0","0","","1500","2","2","0","0","0","0","1","2","0","2","0","0","0","99","","","N","","","","","","","","","",""
"2023106009","1010","0","0","0","0","0","0","1","0","0","1","1","","67","11","2022","3","40.013961","-75.191589","1006","6","0","0","0","0","0","1","1","0","","0","0","0","8","1","0","N","0","0","40 00:50.260","","0","75 11:29.720","9","0","0","0","67301","0","0","0","N","0","0","0","2","67301","0","","1.0","","1","Y","N","N","0","","0","0","0","0","0","","800","2","0","0","0","0","0","1","2","1","2","0","0","0","03","","","N","","","","","","","","","",""
"2023098077","","2","0","0","0","0","0","0","0","0","1","0","","67","11","2022","6","40.033626","-75.046786","","6","0","0","0","0","0","0","0","0","","0","0","0","7","1","2","","1","0","40 02:01.052","","0","75 02:48.431","8","0","0","0","67301","0","0","0","N","0","0","0","3","00000","0","","1.0","","1","","","N","0","","0","0","0","3","2","","745","2","2","0","0","0","2","0","2","0","2","0","0","0","03","","","N","","","","","","","","","",""
"2023101159","0438","0","0","0","0","0","0","0","0","0","7","0","","67","11","2022","4","39.958546","-75.16716","0438","6","0","0","0","0","0","0","0","0","","0","0","0","4","3","0","N","0","0","39 57:30.765","","0","75 10:01.777","0","0","0","0","67301","0","0","0","N","0","0","0","1","68K01","0","","4.0","","8","N","N","N","0","","0","0","1","0","0","","433","1","0","0","0","0","0","0","2","0","1","0","0","0","07","07","","N","","","","","","","","","",""
"2023106004","0815","0","0","0","0","0","0","1","0","0","4","1","","67","4","2022","4","39.957948","-75.162424","0759","6","0","0","0","0","0","1","0","0","","0","0","0","7","1","1","","1","0","39 57:28.611","","0","75 09:44.725","3","0","0","0","67301","0","0","0","N","0","0","0","6","67301","0","","1.0","","1","N","N","N","0","","1","0","1","3","2","","755","2","1","0","0","0","0","0","2","0","2","0","0","0","03","03","","N","","","","","","","","","",""
"2023100004","","0","0","0","0","0","0","0","0","0","5","0","","67","11","2022","7","40.020685","-75.140494","","6","0","0","0","0","0","1","0","0","","0","0","0","14","1","1","N","0","0","40 01:14.467","","0","75 08:25.778","8","0","0","0","67301","0","0","0","N","0","0","0","2","00000","0","","1.0","","1","","","N","0","","0","0","1","0","0","","1400","2","1","0","0","0","1","0","2","0","2","0","0","0","03","","","N","","","","","","","","","",""
"2023099975","","1","0","0","0","0","0","0","0","0","1","0","","67","12","2022","6","","","","6","0","0","0","0","0","0","0","0","","0","0","0","18","3","1","","1","0","","","0","","8","0","0","0","67301","0","0","0","N","0","0","0","2","00000","0","","1.0","","1","","","N","0","","0","0","0","3","2","","1830","2","1","0","0","0","1","0","1","0","2","0","0","0","03","","","N","","","","","","","","","",""
"2023118622","1652","0","0","0","0","0","0","0","0","0","8","0","","67","7","2022","3","39.979099","-75.216999","1645","6","0","0","0","0","0","1","0","0","","0","0","0","16","1","1","N","0","0","39 58:44.755","","0","75 13:01.196","3","0","0","0","67301","1","0","0","N","0","0","0","2","67301","0","","1.0","","1","N","N","N","0","","1","0","1","0","0","","1640","2","1","0","0","0","0","0","2","0","1","1","0","0","03","03","","N","","","","","","","","","",""
"2023110738","2327","1","0","0","0","0","0","0","0","0","4","0","","67","12","2022","5","39.971089","-75.228729","2324","6","0","0","0","0","0","0","0","0","","0","0","0","23","3","1","","1","0","39 58:15.920","","0","75 13:43.424","8","0","0","0","67301","0","0","0","N","0","0","0","5","67301","0","","1.0","","9","N","N","N","0","","0","0","1","3","2","","2324","2","1","0","0","0","1","4","2","0","2","0","0","0","07","07","","N","","","","","","","","","",""
"2023098830","1421","0","0","0","0","0","0","0","0","0","8","0","","67","11","2022","3","40.03833","-75.176865","1421","6","0","0","0","0","0","0","0","0","","0","0","0","14","1","1","N","0","1","40 02:17.987","2","0","75 10:36.713","3","0","0","0","67301","1","0","0","N","1","0","0","2","67301","0","","1.0","1421.0","1","N","N","N","0","","1","0","1","0","0","N","1405","2","1","1","0","0","0","0","2","0","1","1","0","0","03","03","","N","","","","","","","","","",""
"2023118628","0823","1","0","0","0","0","0","0","0","0","1","0","","67","12","2022","7","39.981489","-75.227692","0815","6","0","0","0","0","0","0","0","0","","0","0","0","7","1","1","N","0","0","39 58:53.360","","0","75 13:39.690","2","0","0","0","67301","0","0","0","N","0","0","0","1","67301","0","","6.0","","1","N","N","N","0","","0","1","2","0","0","","722","3","1","0","0","0","0","0","2","0","3","0","0","0","03","03","","N","","","","","","","","","",""
"2023118624","1629","0","0","0","1","0","0","0","0","0","8","0","","67","10","2022","4","39.976799","-75.225872","1628","6","0","0","0","0","0","1","0","0","","0","0","0","15","1","1","N","0","0","39 58:36.476","","7","75 13:33.140","3","0","0","0","67301","1","0","0","N","0","0","0","2","67301","0","","1.0","","1","N","N","N","0","","1","0","1","0","0","","1535","2","1","1","0","0","0","0","2","0","1","1","0","0","03","","","N","","","","","","","","","",""
"2023118623","1430","1","0","0","1","0","0","0","0","0","8","0","","67","8","2022","5","39.971417","-75.226194","1545","6","0","0","0","0","0","0","0","0","","0","0","0","14","1","1","N","0","0","39 58:17.100","","0","75 13:34.300","3","0","0","0","67301","1","0","0","N","0","0","0","2","67301","0","","1.0","","1","N","N","N","0","","1","0","0","0","0","","1411","2","1","0","0","0","0","0","2","0","1","1","0","0","03","03","","N","","","","","","","","","",""
"2023118626","920","1","0","0","0","0","0","0","0","0","4","0","","67","11","2022","6","39.982651","-75.227038","913","6","0","0","0","0","0","2","0","0","","0","0","0","8","1","0","","3","0","39 58:57.545","","0","75 13:37.336","0","0","0","0","67301","0","0","0","N","0","0","0","2","67301","0","","1.0","","1","N","N","N","0","","0","0","1","3","2","","820","2","0","0","0","0","0","0","2","0","2","0","0","0","03","03","","N","","","","","","","","","",""
"2024011472","","1","0","0","0","0","0","0","0","0","1","0","","67","12","2022","3","40.071584","-75.157645","","6","0","0","0","0","0","0","0","0","","0","0","0","17","1","1","","1","0","40 04:17.702","","0","75 09:27.521","8","0","0","0","67301","0","0","0","N","0","0","0","2","00000","0","","1.0","","1","","","N","0","","0","0","0","3","2","","1700","2","1","0","0","0","1","0","2","0","2","0","0","0","03","03","","N","","","","","","","","","",""
"2024011183","","0","0","0","0","0","0","0","0","0","4","0","","67","5","2022","4","40.003693","-75.181291","","6","0","0","0","0","0","0","0","0","","0","0","0","23","3","1","","1","0","40 00:13.296","","0","75 10:52.648","8","0","0","1","67301","0","0","0","N","0","0","0","2","00000","0","","1.0","","1","","","N","0","","0","0","0","3","2","","2300","2","1","0","0","0","1","0","2","0","2","0","0","0","03","03","","N","","","","","","","","","",""
"2024023477","2147","1","0","0","0","0","0","0","0","0","8","0","","67","5","2022","3","39.949789","-75.207142","2146","6","0","0","0","0","0","0","0","0","","0","0","0","21","3","1","","1","0","39 56:59.241","","0","75 12:25.710","3","0","0","0","67301","1","0","0","N","1","0","0","2","67504","0","","1.0","","1","N","N","N","0","","1","0","0","3","2","","2146","2","1","0","0","0","0","0","2","0","1","1","0","0","03","03","","N","","","","","","","","","",""
"2024021020","","1","0","0","0","0","0","0","0","0","1","0","","67","3","2022","4","40.03071","-75.021877","","6","0","0","0","0","0","0","0","0","","0","0","0","22","2","4","N","0","0","40 01:50.556","","0","75 01:18.756","8","0","0","0","67301","0","0","0","N","0","0","0","5","00000","0","","1.0","","1","","","N","0","","0","0","0","0","0","","2230","2","4","0","0","0","4","0","2","0","2","0","0","0","03","","","N","","","","","","","","","",""