"CRN","ARRIVAL_TM","AUTOMOBILE_COUNT","BELTED_DEATH_COUNT","BELTED_SUSP_SERIOUS_INJ_COUNT","BICYCLE_COUNT","BICYCLE_DEATH_COUNT","BICYCLE_SUSP_SERIOUS_INJ_COUNT","BUS_COUNT","CHLDPAS_DEATH_COUNT","CHLDPAS_SUSP_SERIOUS_INJ_COUNT","COLLISION_TYPE","COMM_VEH_COUNT","CONS_ZONE_SPD_LIM","COUNTY","CRASH_MONTH","CRASH_YEAR","DAY_OF_WEEK","DEC_LATITUDE","DEC_LONGITUDE","DISPATCH_TM","DISTRICT","DRIVER_COUNT_16YR","DRIVER_COUNT_17YR","DRIVER_COUNT_18YR","DRIVER_COUNT_19YR","DRIVER_COUNT_20YR","DRIVER_COUNT_50_64YR","DRIVER_COUNT_65_74YR","DRIVER_COUNT_75PLUS","EST_HRS_CLOSED","FATAL_COUNT","HEAVY_TRUCK_COUNT","HORSE_BUGGY_COUNT","HOUR_OF_DAY","ILLUMINATION","INJURY_COUNT","INTERSECTION_RELATED","INTERSECT_TYPE","LANE_CLOSED","LATITUDE","LN_CLOSE_DIR","LOCATION_TYPE","LONGITUDE","MAX_SEVERITY_LEVEL","MCYCLE_DEATH_COUNT","MCYCLE_SUSP_SERIOUS_INJ_COUNT","MOTORCYCLE_COUNT","MUNICIPALITY","NONMOTR_COUNT","NONMOTR_DEATH_COUNT","NONMOTR_SUSP_SERIOUS_INJ_COUNT","NTFY_HIWY_MAINT","PED_COUNT","PED_DEATH_COUNT","PED_SUSP_SERIOUS_INJ_COUNT","PERSON_COUNT","POLICE_AGCY","POSSIBLE_INJ_COUNT","RDWY_SURF_TYPE_CD","RELATION_TO_ROAD","ROADWAY_CLEARED","ROAD_CONDITION","SCH_BUS_IND","SCH_ZONE_IND","SECONDARY_CRASH","SMALL_TRUCK_COUNT","SPEC_JURIS_CD","SUSP_MINOR_INJ_COUNT","SUSP_SERIOUS_INJ_COUNT","SUV_COUNT","TCD_FUNC_CD","TCD_TYPE","TFC_DETOUR_IND","TIME_OF_DAY","TOTAL_UNITS","TOT_INJ_COUNT","UNBELTED_OCC_COUNT","UNB_DEATH_COUNT","UNB_SUSP_SERIOUS_INJ_COUNT","UNK_INJ_DEG_COUNT","UNK_INJ_PER_COUNT","URBAN_RURAL","VAN_COUNT","VEHICLE_COUNT","VULNERABLE_ROAD_USER_COUNT","VULNERABLE_ROAD_USER_DEATH_COUNT","VULNERABLE_ROAD_USER_SER_INJ_COUNT","WEATHER1","WEATHER2","WORKERS_PRES","WORK_ZONE_IND","WORK_ZONE_LOC","WORK_ZONE_TYPE","WZ_CLOSE_DETOUR","WZ_FLAGGER","WZ_LAW_OFFCR_IND","WZ_LN_CLOSURE","WZ_MOVING","WZ_OTHER","WZ_SHLDER_MDN","WZ_WORKERS_INJ_KILLED"
"2024031411","1532","1","0","0","0","0","0","0","0","0","4","0","","67","7","2022","5","39.992002","-75.23896","1529","6","0","0","0","0","0","1","0","0","","0","0","0","13","1","0","N","0","0","39 59:31.208","","7","75 14:20.256","0","0","0","0","67301","0","0","0","N","0","0","0","2","67301","0","","1.0","","1","N","Y","N","0","","0","0","0","3","3","","1316","2","0","0","0","0","0","0","2","1","2","0","0","0","03","03","","N","","","","","","","","","",""
"2024031406","1015","2","0","0","0","0","0","0","0","0","4","0","","67","12","2022","6","39.999242","-75.075214","1000","6","0","0","0","0","0","0","0","0","","0","0","0","23","3","0","","1","0","39 59:57.271","","0","75 04:30.770","9","0","0","0","67301","0","0","0","N","0","0","0","3","67301","0","","1.0","","99","N","N","N","0","","0","0","0","3","2","","2350","2","0","2","0","0","0","1","2","0","2","0","0","0","99","03","","N","","","","","","","","","",""
"2024031407","0413","1","0","0","0","0","0","0","0","0","6","0","","67","4","2022","1","39.966593","-75.20788","0413","6","0","0","0","0","0","0","0","0","","0","0","0","4","3","4","N","0","2","39 57:59.733","6","0","75 12:28.369","2","0","0","0","67301","0","0","0","N","0","0","0","4","67301","0","","1.0","610.0","1","N","N","N","2","","2","2","0","0","0","Y","412","4","4","0","0","0","0","0","2","1","4","0","0","0","03","03","","N","","","","","","","","","",""
"2024031408","1843","0","0","0","0","0","0","0","0","0","4","0","","67","5","2022","2","39.962727","-75.203921","1840","6","0","0","0","0","0","2","0","0","","0","0","0","18","1","1","","1","0","39 57:45.818","","0","75 12:14.114","3","0","0","0","67301","0","0","0","N","0","0","0","3","67301","0","","1.0","","1","N","N","N","0","","1","0","2","3","3","","1824","2","1","0","0","0","0","0","2","0","2","0","0","0","03","03","","N","","","","","","","","","",""
"2024031405","1618","1","0","0","0","0","0","0","0","0","1","1","","67","3","2022","4","40.02918","-75.105078","1612","6","0","0","0","0","0","0","0","0","","0","1","0","14","1","0","N","0","0","40 01:45.049","","0","75 06:18.279","0","0","0","0","67301","0","0","0","N","0","0","0","1","67301","0","","1.0","","1","N","N","N","0","","0","0","0","0","0","","1410","2","0","0","0","0","0","0","2","0","2","0","0","0","03","","","N","","","","","","","","","",""
"2024031403","1904","1","0","0","0","0","0","0","0","0","2","0","","67","12","2022","2","40.023764","-75.207746","1852","6","0","0","0","0","0","0","0","0","","0","0","0","2","3","0","","5","0","40 01:25.550","","0","75 12:27.886","9","0","0","0","67301","0","0","0","N","0","0","0","2","67301","0","","1.0","","1","N","N","N","0","","0","0","0","3","2","","200","2","0","0","0","0","0","2","2","0","2","0","0","0","03","","","N","","","","","","","","","",""
"2024031410","2050","2","0","0","0","0","0","0","0","0","4","0","","67","12","2022","5","39.962048","-75.199393","2049","6","0","0","0","0","0","0","0","0","","0","0","0","20","3","0","","1","0","39 57:43.372","","0","75 11:57.814","0","0","0","0","67301","0","0","0","N","0","0","0","2","67301","0","","1.0","","9","N","N","N","0","","0","0","0","3","3","","2040","2","0","0","0","0","0","0","2","0","2","0","0","0","07","07","","N","","","","","","","","","",""
"2024031416","0139","1","0","0","0","0","0","0","0","0","4","0","","67","10","2022","3","39.977211","-75.226752","0137","6","0","0","0","0","0","0","0","0","","0","0","0","1","3","0","","5","0","39 58:37.959","","0","75 13:36.308","0","0","0","0","67301","0","0","0","N","0","0","0","2","67301","0","","1.0","","1","N","N","N","0","","0","0","1","3","2","","130","2","0","0","0","0","0","0","2","0","2","0","0","0","03","03","","N","","","","","","","","","",""
"2024094207","9","0","0","0","0","0","0","0","0","0","6","0","","67","12","2022","7","40.065106","-75.178383","7","6","0","0","0","0","0","0","0","0","","0","0","0","0","3","0","N","0","2","40 03:54.380","5","0","75 10:42.180","9","0","0","0","67301","0","0","0","N","0","0","0","3","67301","0","","1.0","200.0","9","N","N","N","0","","0","0","2","0","0","Y","6","2","0","0","0","0","0","1","2","0","2","0","0","0","03","03","","N","","","","","","","","","",""
"2022004203","1403","1","0","0","0","0","0","0","0","0","7","0","","67","1","2022","6","40.08448","-74.973652","1357","6","0","0","0","0","0","0","0","0","","0","0","0","13","1","0","","1","1","40 05:04.128","3","0","74 58:25.148","0","0","0","0","67301","0","0","0","N","0","0","0","1","67301","0","","5.0","1440.0","2","N","N","N","0","","0","0","0","3","2","N","1346","1","0","0","0","0","0","0","2","0","1","0","0","0","3","10","","N","","","","","","","","","",""
"2022009618","1802","1","0","0","0","0","0","0","0","0","1","0","","67","1","2022","6","39.965503","-75.136651","1752","6","0","0","0","0","0","0","0","0","","0","0","0","17","3","0","N","0","0","39 57:55.810","","0","75 08:11.943","9","0","0","0","67301","0","0","0","N","0","0","0","4","68K01","0","","1.0","","1","N","N","N","0","","0","0","1","0","0","","1748","3","0","0","0","0","0","1","2","0","3","0","0","0","3","","","N","","","","","","","","","",""
"2022004226","2020","2","0","0","0","0","0","0","0","0","2","0","","67","1","2022","3","40.063523","-75.169834","2020","6","0","0","0","0","0","0","0","0","","0","0","0","20","3","2","","1","0","40 03:48.682","","0","75 10:11.404","3","0","0","0","67301","0","0","0","N","0","0","0","2","67301","0","","1.0","","1","N","N","N","0","","2","0","0","3","1","","2015","2","2","0","0","0","0","0","2","0","2","0","0","0","3","03","","N","","","","","","","","","",""
"2022003181","1912","1","0","0","0","0","0","0","0","0","5","0","","67","1","2022","4","39.9956","-75.197406","1907","6","0","0","0","0","0","0","0","0","","0","0","0","19","3","0","N","0","2","39 59:44.159","4","0","75 11:50.660","9","0","0","0","67301","0","0","0","N","0","0","0","1","68K01","0","","5.0","1945.0","1","N","N","N","0","","0","0","0","0","0","N","1902","1","0","0","0","0","0","1","2","0","1","0","0","0","3","03","","N","","","","","","","","","",""
"2022001476","0908","1","0","0","0","0","0","0","0","0","7","0","","67","1","2022","1","39.988011","-75.207252","0908","6","0","0","0","0","0","1","0","0","","0","0","0","9","1","0","N","0","2","39 59:16.839","4","0","75 12:26.106","0","0","0","0","67301","0","0","0","N","0","0","0","1","68K01","0","","3.0","940.0","9","N","N","N","0","","0","0","0","0","0","N","908","1","0","0","0","0","0","0","2","0","1","0","0","0","3","","","N","","","","","","","","","",""
"2022010822","1226","2","0","0","0","0","0","0","0","0","2","0","","67","1","2022","1","39.961476","-75.149812","1220","6","0","0","0","0","0","0","0","0","","0","0","0","11","1","0","","2","0","39 57:41.315","","0","75 08:59.323","0","0","0","0","67301","0","0","0","N","0","0","0","3","67301","0","","1.0","","1","N","N","N","0","","0","0","0","3","2","","1154","2","0","0","0","0","0","0","2","0","2","0","0","0","3","03","","N","","","","","","","","","",""
"2022016449","0400","1","0","0","0","0","0","0","0","0","5","0","","67","2","2022","7","39.960323","-75.206535","0355","6","0","0","0","0","0","0","0","0","","0","1","0","3","3","3","N","0","0","39 57:37.161","","0","75 12:23.525","3","0","0","0","67301","0","0","0","N","0","0","0","4","67301","0","","1.0","","1","N","N","N","0","","3","0","0","0","0","","335","3","3","2","0","0","0","0","2","1","3","0","0","0","3","03","","N","","","","","","","","","",""
"2022004236","1800","2","0","0","0","0","0","0","0","0","1","0","","67","1","2022","3","40.018956","-75.056748","1758","6","0","0","0","1","0","0","0","0","","0","0","0","17","3","1","N","0","0","40 01:08.241","","0","75 03:24.292","3","0","0","0","67301","0","0","0","N","0","0","0","2","67301","0","","1.0","","1","N","N","N","0","","1","0","0","0","0","","1757","2","1","0","0","0","0","0","2","0","2","0","0","0","3","03","","N","","","","","","","","","",""
"2022015917","1200","2","0","0","0","0","0","0","0","0","3","0","","67","2","2022","5","39.951743","-75.158313","1152","6","0","0","0","0","0","0","0","0","","0","0","0","11","1","1","","1","0","39 57:06.276","","0","75 09:29.927","4","0","0","0","67301","0","0","0","N","0","0","0","2","67301","1","","2.0","","1","N","N","N","0","","0","0","0","0","0","","1147","2","1","0","0","0","0","0","2","0","2","0","0","0","3","","","N","","","","","","","","","",""
"2022001466","0727","0","0","0","0","0","0","0","0","0","7","0","","67","1","2022","7","39.950153","-75.141708","0717","6","0","0","0","0","0","0","0","0","","0","0","0","7","1","0","N","0","1","39 57:00.550","2","0","75 08:30.147","9","0","0","0","67301","0","0","0","N","0","0","0","1","68K01","0","","2.0","750.0","9","N","N","N","0","","0","0","0","0","0","N","713","1","0","0","0","0","0","1","2","1","1","0","0","0","7","07","","N","","","","","","","","","",""
"2022004538","0732","2","0","0","0","0","0","0","0","0","4","0","","67","1","2022","3","40.024314","-75.161267","0725","6","0","0","0","0","0","0","0","0","","0","0","0","6","5","2","","1","0","40 01:27.530","","0","75 09:40.561","3","0","0","0","67301","0","0","0","N","0","0","0","2","67301","0","","1.0","","1","N","N","N","0","","2","0","0","9","3","","647","2","2","0","0","0","0","0","2","0","2","0","0","0","3","","","N","","","","","","","","","",""
"2022009221","2227","1","0","0","0","0","0","0","0","0","7","0","","67","1","2022","1","40.035056","-75.018016","2224","6","0","0","0","1","0","0","0","0","","0","0","0","22","3","0","N","0","0","40 02:06.203","","0","75 01:04.856","0","0","0","0","67301","0","0","0","N","0","0","0","1","68K01","0","","4.0","","9","N","N","N","0","","0","0","0","0","0","","2217","1","0","0","0","0","0","0","2","0","1","0","0","0","7","","","N","","","","","","","","","",""
"2022016000","1608","1","0","0","0","0","0","0","0","0","5","0","","67","2","2022","7","39.947633","-75.144231","1600","6","0","0","0","0","0","0","0","0","","0","0","0","15","1","1","N","0","0","39 56:51.480","","0","75 08:39.230","3","0","0","1","67301","0","0","0","N","0","0","0","2","67301","0","","1.0","","1","N","N","N","0","","1","0","0","3","2","","1515","2","1","1","0","0","0","0","2","0","2","0","0","0","4","04","","N","","","","","","","","","",""
"2022004169","0820","0","0","0","0","0","0","0","0","0","7","0","","67","1","2022","4","40.072226","-75.084475","0802","6","0","0","0","0","0","0","0","0","","0","0","0","7","1","1","N","0","0","40 04:20.014","","0","75 05:04.111","3","0","0","0","67301","0","0","0","N","0","0","0","1","67301","0","","5.0","","2","N","N","N","1","","1","0","0","0","0","","738","1","1","0","0","0","0","0","2","0","1","0","0","0","4","05","","N","","","","","","","","","",""
"2022016942","2111","2","0","0","0","0","0","0","0","0","4","0","","67","2","2022","2","39.984427","-75.141868","2109","6","0","0","0","1","0","1","0","0","","0","0","0","21","3","1","","1","0","39 59:03.937","","0","75 08:30.724","4","0","0","0","67301","0","0","0","N","0","0","0","2","67301","1","","1.0","","1","N","N","N","0","","0","0","1","3","2","","2107","3","1","1","0","0","0","0","2","0","3","0","0","0","3","03","","N","","","","","","","","","",""
"2022010448","0638","1","0","0","0","0","0","0","0","0","1","0","","67","1","2022","4","39.948584","-75.185944","0623","6","0","0","0","0","0","0","0","0","","0","0","0","6","3","1","N","6","2","39 56:54.903","4","2","75 11:09.398","3","0","0","0","67301","0","0","0","N","0","0","0","3","68K01","0","","3.0","730.0","1","N","N","N","0","","1","0","1","0","0","N","615","3","1","0","0","0","0","1","2","0","3","0","0","0","3","","","N","","","","","","","","","",""
"2022015849","1554","2","0","0","0","0","0","0","0","0","1","0","","67","2","2022","4","39.958886","-75.170932","1533","6","0","0","0","0","0","0","0","0","","0","0","0","15","1","0","N","0","1","39 57:31.989","3","0","75 10:15.355","0","0","0","0","67301","0","0","0","N","0","0","0","2","68K01","0","","1.0","1554.0","1","N","N","N","0","","0","0","0","0","0","N","1530","2","0","0","0","0","0","0","2","0","2","0","0","0","3","03","","N","","","","","","","","","",""
"2022016615","1839","1","0","0","0","0","0","0","0","0","1","0","","67","1","2022","1","40.002729","-75.077801","1833","6","0","0","0","0","0","1","0","0","","0","0","0","18","3","0","N","0","0","40 00:09.824","","0","75 04:40.084","0","0","0","0","67301","0","0","0","N","0","0","0","2","68K01","0","","1.0","","9","N","N","N","0","","0","0","1","0","0","","1814","2","0","0","0","0","0","0","2","0","2","0","0","0","10","10","","N","","","","","","","","","",""
"2022015811","2317","1","0","0","0","0","0","0","0","0","7","0","","67","2","2022","4","40.015764","-75.117385","2317","6","0","0","0","0","0","0","0","0","","0","0","0","23","3","0","N","0","0","40 00:56.750","","0","75 07:02.585","9","0","0","0","67301","0","0","0","N","0","0","0","1","67301","0","","5.0","","1","N","N","N","0","","0","0","0","0","0","","2300","1","0","0","0","0","0","1","2","0","1","0","0","0","3","03","","N","","","","","","","","","",""
"2022010880","0512","0","0","0","0","0","0","0","0","0","7","0","","67","1","2022","7","39.993839","-75.1393","0509","6","0","0","0","0","0","0","0","0","","0","0","0","4","3","0","N","0","9","39 59:37.820","","0","75 08:21.480","0","0","0","0","67301","0","0","0","N","0","0","0","0","67301","0","","9.0","","1","N","N","N","0","","0","0","1","0","0","U","420","1","0","0","0","0","0","0","2","0","1","0","0","0","3","03","","N","","","","","","","","","",""
"2022015923","0852","2","0","0","0","0","0","0","0","0","4","1","","67","2","2022","5","39.976383","-75.162534","0846","6","0","0","0","0","0","0","0","0","","0","1","0","8","1","2","","1","0","39 58:34.977","","0","75 09:45.122","4","0","0","0","67301","0","0","0","N","0","0","0","2","67301","1","","1.0","","1","N","N","N","0","","0","0","0","3","3","","825","3","2","0","0","0","1","0","2","0","3","0","0","0","3","03","","N","","","","","","","","","",""
"2022004261","1851","1","0","0","0","0","0","0","0","0","5","0","","67","1","2022","5","39.995365","-75.21821","1850","6","0","0","0","0","0","0","0","0","","0","0","0","18","3","0","","5","0","39 59:43.313","","0","75 13:05.556","0","0","0","0","67301","0","0","0","N","0","0","0","1","67301","0","","1.0","","1","N","N","N","0","","0","0","0","3","2","","1845","2","0","0","0","0","0","0","2","0","2","0","0","0","3","03","","N","","","","","","","","","",""
"2022003230","1513","1","0","0","0","0","0","0","0","0","7","0","","67","1","2022","1","40.043845","-75.002911","1455","6","0","0","0","0","0","0","0","0","","0","0","0","14","1","0","N","0","0","40 02:37.842","","0","75 00:10.478","0","0","0","0","67301","0","0","0","N","0","0","0","1","68K01","0","","2.0","","9","N","N","N","0","","0","0","0","0","0","","1449","1","0","0","0","0","0","0","2","0","1","0","0","0","6","","","N","","","","","","","","","",""
"2022005162","1630","1","0","0","0","0","0","0","0","0","7","0","","67","1","2022","7","40.038401","-75.010294","1617","6","0","0","0","0","0","0","0","0","","0","0","0","16","1","0","N","0","0","40 02:18.244","","0","75 00:37.059","0","0","0","0","67301","0","0","0","N","0","0","0","1","68K01","0","","4.0","","9","N","N","N","0","","0","0","0","0","0","","1610","1","0","0","0","0","0","0","2","0","1","0","0","0","7","04","","N","","","","","","","","","",""
"2022016606","1538","1","0","0","0","0","0","0","0","0","5","0","","67","1","2022","1","39.976585","-75.113556","1538","6","0","0","0","0","1","0","0","0","","0","0","0","15","1","2","N","0","0","39 58:35.705","","0","75 06:48.800","4","0","0","0","67301","0","0","0","N","0","0","0","3","68K01","2","","1.0","","9","N","N","N","0","","0","0","0","0","0","","1536","2","2","2","0","0","0","0","2","0","2","0","0","0","7","07","","N","","","","","","","","","",""
"2022005785","0242","1","0","0","0","0","0","0","0","0","7","0","","67","1","2022","7","39.974616","-75.194355","0229","6","0","0","0","0","0","0","0","0","","0","0","0","2","3","0","N","0","0","39 58:28.616","","0","75 11:39.677","0","0","0","0","67301","0","0","0","N","0","0","0","1","68K01","0","","4.0","","1","N","N","N","0","","0","0","0","0","0","","228","1","0","0","0","0","0","0","2","0","1","0","0","0","3","03","","N","","","","","","","","","",""
"2022015513","0958","0","0","0","0","0","0","1","0","0","8","1","","67","1","2022","7","39.971858","-75.244883","0949","6","0","0","0","0","0","0","0","0","","0","0","0","9","1","1","","1","1","39 58:18.687","2","0","75 14:41.580","8","0","0","0","67301","1","0","0","N","1","0","0","2","67508","0","","1.0","9999.0","1","","","N","0","","0","0","0","3","2","N","943","2","1","0","0","0","1","0","2","0","1","1","0","0","3","03","","N","","","","","","","","","",""
"2022005618","1259","2","0","0","0","0","0","0","0","0","1","0","","67","1","2022","3","39.935648","-75.199723","1242","6","0","0","0","0","0","1","0","0","","0","0","0","12","1","0","N","0","0","39 56:08.332","","0","75 11:59.002","0","0","0","0","67301","0","0","0","N","0","0","0","3","68K01","0","","1.0","","1","N","N","Y","0","","0","0","1","0","0","","1238","3","0","0","0","0","0","0","2","0","3","0","0","0","3","","","N","","","","","","","","","",""
"2022004297","1130","1","0","1","0","0","0","0","0","0","2","0","","67","1","2022","1","40.011442","-75.200419","1130","6","0","0","0","0","0","0","0","0","","0","0","0","17","3","1","","2","9","40 00:41.190","","2","75 12:01.509","2","0","0","0","67301","0","0","0","N","0","0","0","1","67301","0","","1.0","","99","N","N","N","0","","0","1","0","3","3","U","1744","2","1","0","0","0","0","0","2","0","2","0","0","0","99","","","N","","","","","","","","","",""
"2022004216","1618","2","0","0","0","0","0","0","0","0","4","0","","67","1","2022","4","39.941981","-75.228173","1613","6","0","0","0","0","0","0","0","1","","0","0","0","16","1","3","","1","0","39 56:31.131","","0","75 13:41.422","3","0","0","0","67301","0","0","0","N","0","0","0","4","67301","1","","1.0","","1","N","N","N","0","","2","0","0","3","3","","1605","2","3","0","0","0","0","0","2","0","2","0","0","0","3","03","","N","","","","","","","","","",""
"2022005274","2257","1","0","0","0","0","0","0","0","0","7","0","","67","1","2022","1","39.974624","-75.118061","2252","6","0","0","0","0","0","0","0","0","","0","0","0","22","3","1","N","0","0","39 58:28.647","","0","75 07:05.019","4","0","0","0","67301","0","0","0","N","0","0","0","1","68K01","1","","2.0","","1","N","N","N","0","","0","0","0","0","0","","2245","1","1","0","0","0","0","0","2","0","1","0","0","0","3","03","","N","","","","","","","","","",""
"2022004513","1548","0","0","0","0","0","0","0","0","0","1","0","","67","1","2022","3","39.964348","-75.138353","1536","6","0","0","0","0","0","1","0","0","","0","0","0","14","1","2","N","0","0","39 57:51.652","","0","75 08:18.072","3","0","0","0","67301","0","0","0","N","0","0","0","3","68K01","0","","1.0","","1","N","N","N","0","","2","0","1","0","0","","1417","2","2","0","0","0","0","1","2","0","2","0","0","0","3","03","","N","","","","","","","","","",""
"2022020762","1152","1","0","0","0","0","0","0","0","0","7","0","","67","2","2022","7","40.094017","-74.979694","1147","6","0","0","0","0","0","1","0","0","","0","0","0","11","1","1","","2","0","40 05:38.461","","0","74 58:46.899","3","0","0","0","67301","0","0","0","N","0","0","0","1","67301","0","","5.0","","1","N","N","N","0","","1","0","0","0","0","","1146","1","1","0","0","0","0","0","2","0","1","0","0","0","3","03","","N","","","","","","","","","",""
"2022016423","0835","2","0","0","0","0","0","0","0","0","1","0","","67","2","2022","2","39.957827","-75.162182","0832","6","0","0","0","0","0","0","0","0","","0","0","0","8","1","1","N","0","0","39 57:28.178","","0","75 09:43.854","3","0","0","0","67301","0","0","0","N","0","0","0","2","67301","0","","1.0","","1","N","N","N","0","","1","0","0","0","0","","820","2","1","2","0","0","0","0","2","0","2","0","0","0","3","03","","N","","","","","","","","","",""
"2022016120","1201","2","0","0","0","0","0","0","0","0","6","0","","67","2","2022","3","39.914186","-75.151288","1200","6","0","0","0","0","0","0","0","0","","0","0","0","17","4","2","N","0","0","39 54:51.071","","7","75 09:04.637","8","0","0","0","67301","0","0","0","N","0","0","0","3","67301","0","","1.0","","99","N","N","N","0","","0","0","0","9","2","","1730","2","2","0","0","0","2","1","2","0","2","0","0","0","3","","","N","","","","","","","","","",""
"2022021417","2045","1","0","0","0","0","0","0","0","0","5","0","","67","2","2022","6","39.963626","-75.13891","2041","6","0","0","0","0","0","1","0","0","","0","0","0","20","3","0","N","0","1","39 57:49.053","2","0","75 08:20.077","9","0","0","0","67301","0","0","0","N","0","0","0","2","68K01","0","","1.0","2100.0","1","N","N","N","0","","0","0","0","0","0","N","2039","2","0","0","0","0","0","1","2","0","2","0","0","0","3","","","N","","","","","","","","","",""
"2022027044","1523","0","0","0","0","0","0","0","0","0","5","1","","67","3","2022","5","39.887374","-75.242484","1444","6","0","0","0","0","0","0","0","0","","0","1","0","14","1","1","N","0","0","39 53:14.548","","0","75 14:32.943","8","0","0","0","67301","0","0","0","N","0","0","0","2","68K01","0","","1.0","","1","N","N","N","1","","0","0","0","0","0","","1419","2","1","0","0","0","1","1","2","0","2","0","0","0","3","03","","N","","","","","","","","","",""
"2022027043","2012","1","0","0","0","0","0","0","0","0","4","0","","67","3","2022","4","40.007218","-75.199576","1959","6","0","0","0","0","0","0","1","0","","0","0","0","19","3","1","N","0","0","40 00:25.986","","0","75 11:58.473","8","0","0","0","67301","0","0","0","N","0","0","0","2","68K01","0","","1.0","","9","N","N","N","0","","0","0","0","0","0","","1955","2","1","0","0","0","1","0","2","1","2","0","0","0","4","04","","N","","","","","","","","","",""
"2022016023","2208","0","0","0","0","0","0","0","0","0","4","0","","67","1","2022","6","39.96303","-75.161196","2206","6","0","0","0","0","0","0","1","0","","0","0","0","22","3","0","N","0","1","39 57:46.907","1","0","75 09:40.305","0","0","0","0","67301","0","0","0","N","0","0","0","2","67301","0","","1.0","2245.0","1","N","N","N","0","","0","0","2","0","0","N","2202","2","0","0","0","0","0","0","2","0","2","0","0","0","3","03","","N","","","","","","","","","",""
"2022005171","2007","0","0","0","0","0","0","0","0","0","7","0","","67","1","2022","7","39.98272","-75.207816","2004","6","0","0","0","0","0","0","0","0","","0","0","0","20","3","1","N","0","1","39 58:57.793","4","0","75 12:28.138","3","0","0","0","67301","0","0","0","Y","0","0","0","2","68K01","0","","4.0","2056.0","9","N","N","N","1","","1","0","0","0","0","Y","2002","1","1","0","0","0","0","0","2","0","1","0","0","0","7","","","N","","","","","","","","","",""
"2022022362","0715","1","0","0","0","0","0","0","0","0","1","0","","67","3","2022","4","39.989128","-75.087973","0658","6","0","0","0","0","0","1","0","0","","0","0","0","6","1","1","N","0","0","39 59:20.861","","0","75 05:16.701","8","0","0","0","67301","0","0","0","N","0","0","0","3","68K01","0","","1.0","","1","N","N","N","2","","0","0","0","0","0","","646","3","1","0","0","0","1","0","2","0","3","0","0","0","3","03","","N","","","","","","","","","",""
"2022024578","1200","0","0","0","0","0","0","0","0","0","4","1","","67","3","2022","5","40.048375","-75.10357","1155","6","0","0","0","0","0","0","0","0","","0","1","0","11","1","0","","1","0","40 02:54.149","","0","75 06:12.851","0","0","0","0","67301","0","0","0","N","0","0","0","2","67301","0","","1.0","","1","N","N","N","0","","0","0","0","3","3","","1150","2","0","0","0","0","0","0","2","1","2","0","0","0","3","","","N","","","","","","","","","",""
"2022021367","1050","1","0","0","0","0","0","0","0","0","7","0","","67","2","2022","2","39.952434","-75.14148","1050","6","0","0","0","0","0","0","0","0","","0","0","0","10","1","1","N","0","0","39 57:08.762","","0","75 08:29.328","4","0","0","0","67301","0","0","0","N","0","0","0","1","68K01","1","","2.0","","9","N","N","N","0","","0","0","0","0","0","","1031","1","1","0","0","0","0","0","2","0","1","0","0","0","7","","","N","","","","","","","","","",""
"2022010895","1234","1","0","0","0","0","0","0","0","0","8","0","","67","1","2022","1","40.027078","-75.120733","1231","6","0","0","0","0","0","0","0","0","","0","0","0","12","1","1","N","0","0","40 01:37.480","","0","75 07:14.640","3","0","0","0","67301","1","0","0","N","1","0","0","2","67301","0","","1.0","","1","N","N","N","0","","1","0","0","0","0","","1209","2","1","0","0","0","0","0","2","0","1","1","0","0","3","04","","N","","","","","","","","","",""
"2022021536","0712","0","0","0","0","0","0","0","0","0","8","0","","67","3","2022","3","40.107912","-75.026423","0709","6","0","0","0","0","0","1","0","0","","0","0","0","7","1","1","","2","0","40 06:28.483","","0","75 01:35.121","3","0","0","0","67301","1","0","0","N","1","0","0","2","67301","0","","1.0","","1","N","Y","N","0","","1","0","1","3","2","","708","2","1","0","0","0","0","0","2","0","1","1","0","0","3","","","N","","","","","","","","","",""
"2022018407","1253","0","0","0","0","0","0","0","0","0","7","0","","67","2","2022","1","40.030618","-75.021916","1238","6","0","0","0","0","0","0","0","0","","0","0","0","12","1","0","N","0","1","40 01:50.226","2","0","75 01:18.899","0","0","0","0","67301","0","0","0","N","0","0","0","1","68K01","0","","4.0","1325.0","9","N","N","N","0","","0","0","1","0","0","N","1235","1","0","1","0","0","0","0","2","0","1","0","0","0","10","10","","N","","","","","","","","","",""
"2022026808","2330","2","0","0","0","0","0","0","0","0","1","0","","67","1","2022","4","39.994849","-75.106599","2330","6","0","0","0","0","0","0","0","0","","0","0","0","14","1","1","N","0","0","39 59:41.455","","0","75 06:23.755","3","0","0","0","67301","0","0","0","N","0","0","0","2","67301","0","","1.0","","1","N","Y","N","0","","1","0","0","0","0","","1415","2","1","0","0","0","0","0","2","0","2","0","0","0","3","03","","N","","","","","","","","","",""
"2022027082","0035","2","0","0","0","0","0","0","0","0","4","0","","67","3","2022","5","40.069946","-75.006153","0035","6","0","0","0","0","1","0","0","0","","0","0","0","0","3","0","N","0","1","40 04:11.806","2","0","75 00:22.152","9","0","0","0","67301","0","0","0","N","0","0","0","2","67301","0","","1.0","130.0","1","N","N","N","0","","0","0","0","3","2","N","27","2","0","0","0","0","0","1","2","0","2","0","0","0","3","03","","N","","","","","","","","","",""