"CRN","ARRIVAL_TM","AUTOMOBILE_COUNT","BELTED_DEATH_COUNT","BELTED_SUSP_SERIOUS_INJ_COUNT","BICYCLE_COUNT","BICYCLE_DEATH_COUNT","BICYCLE_SUSP_SERIOUS_INJ_COUNT","BUS_COUNT","CHLDPAS_DEATH_COUNT","CHLDPAS_SUSP_SERIOUS_INJ_COUNT","COLLISION_TYPE","COMM_VEH_COUNT","CONS_ZONE_SPD_LIM","COUNTY","CRASH_MONTH","CRASH_YEAR","DAY_OF_WEEK","DEC_LATITUDE","DEC_LONGITUDE","DISPATCH_TM","DISTRICT","DRIVER_COUNT_16YR","DRIVER_COUNT_17YR","DRIVER_COUNT_18YR","DRIVER_COUNT_19YR","DRIVER_COUNT_20YR","DRIVER_COUNT_50_64YR","DRIVER_COUNT_65_74YR","DRIVER_COUNT_75PLUS","EST_HRS_CLOSED","FATAL_COUNT","HEAVY_TRUCK_COUNT","HORSE_BUGGY_COUNT","HOUR_OF_DAY","ILLUMINATION","INJURY_COUNT","INTERSECTION_RELATED","INTERSECT_TYPE","LANE_CLOSED","LATITUDE","LN_CLOSE_DIR","LOCATION_TYPE","LONGITUDE","MAX_SEVERITY_LEVEL","MCYCLE_DEATH_COUNT","MCYCLE_SUSP_SERIOUS_INJ_COUNT","MOTORCYCLE_COUNT","MUNICIPALITY","NONMOTR_COUNT","NONMOTR_DEATH_COUNT","NONMOTR_SUSP_SERIOUS_INJ_COUNT","NTFY_HIWY_MAINT","PED_COUNT","PED_DEATH_COUNT","PED_SUSP_SERIOUS_INJ_COUNT","PERSON_COUNT","POLICE_AGCY","POSSIBLE_INJ_COUNT","RDWY_SURF_TYPE_CD","RELATION_TO_ROAD","ROADWAY_CLEARED","ROAD_CONDITION","SCH_BUS_IND","SCH_ZONE_IND","SECONDARY_CRASH","SMALL_TRUCK_COUNT","SPEC_JURIS_CD","SUSP_MINOR_INJ_COUNT","SUSP_SERIOUS_INJ_COUNT","SUV_COUNT","TCD_FUNC_CD","TCD_TYPE","TFC_DETOUR_IND","TIME_OF_DAY","TOTAL_UNITS","TOT_INJ_COUNT","UNBELTED_OCC_COUNT","UNB_DEATH_COUNT","UNB_SUSP_SERIOUS_INJ_COUNT","UNK_INJ_DEG_COUNT","UNK_INJ_PER_COUNT","URBAN_RURAL","VAN_COUNT","VEHICLE_COUNT","VULNERABLE_ROAD_USER_COUNT","VULNERABLE_ROAD_USER_DEATH_COUNT","VULNERABLE_ROAD_USER_SER_INJ_COUNT","WEATHER1","WEATHER2","WORKERS_PRES","WORK_ZONE_IND","WORK_ZONE_LOC","WORK_ZONE_TYPE","WZ_CLOSE_DETOUR","WZ_FLAGGER","WZ_LAW_OFFCR_IND","WZ_LN_CLOSURE","WZ_MOVING","WZ_OTHER","WZ_SHLDER_MDN","WZ_WORKERS_INJ_KILLED"
"2022020612","1706","2","0","0","0","0","0","0","0","0","1","0","","67","2","2022","6","39.937814","-75.143815","1701","6","0","0","0","0","0","0","0","0","","0","0","0","16","1","0","N","0","0","39 56:16.130","","0","75 08:37.734","0","0","0","0","67301","0","0","0","N","0","0","0","2","68K01","0","","1.0","","9","N","N","N","0","","0","0","0","0","0","","1658","2","0","0","0","0","0","0","2","0","2","0","0","0","7","","","N","","","","","","","","","",""
"2022021362","0106","1","0","0","0","0","0","0","0","0","7","0","","67","2","2022","4","39.98445","-75.208348","0103","6","0","0","0","0","0","0","0","0","","0","0","0","1","2","0","N","0","2","39 59:04.021","3","0","75 12:30.053","0","0","0","0","67301","0","0","0","N","0","0","0","1","68K01","0","","4.0","130.0","9","N","N","N","0","","0","0","0","0","0","Y","101","1","0","0","0","0","0","0","2","0","1","0","0","0","3","03","","N","","","","","","","","","",""
"2022022468","2159","1","0","0","0","0","0","0","0","0","7","0","","67","2","2022","3","39.949507","-75.141834","2152","6","0","0","0","0","0","0","0","0","","0","0","0","21","3","0","N","0","1","39 56:58.224","3","0","75 08:30.602","0","0","0","0","67301","0","0","0","N","0","0","0","1","68K01","0","","4.0","2215.0","8","N","N","N","0","","0","0","0","0","0","N","2143","1","0","0","0","0","0","0","2","0","1","0","0","0","4","04","","N","","","","","","","","","",""
"2022026283","1424","0","0","0","0","0","0","0","0","0","5","1","","67","3","2022","3","40.014299","-75.055501","1343","6","0","0","0","0","0","0","0","0","","0","1","0","13","1","1","N","0","0","40 00:51.475","","0","75 03:19.804","4","0","0","0","67301","0","0","0","N","0","0","0","2","68K01","1","","1.0","","1","N","N","N","0","","0","0","1","0","0","","1340","2","1","0","0","0","0","0","2","0","2","0","0","0","4","04","","N","","","","","","","","","",""
"2022026526","0831","1","0","0","0","0","0","0","0","0","5","0","","67","2","2022","2","39.973058","-75.193877","0820","6","0","0","0","0","0","0","0","0","","0","0","0","8","1","1","N","0","0","39 58:23.007","","0","75 11:37.957","8","0","0","0","67301","0","0","0","N","0","0","0","2","68K01","0","","1.0","","1","N","N","N","0","","0","0","1","0","0","","820","2","1","0","0","0","1","0","2","0","2","0","0","0","3","03","","N","","","","","","","","","",""
"2022020624","1828","1","0","0","0","0","0","0","0","0","1","0","","67","2","2022","4","40.028133","-75.024004","1812","6","0","0","0","0","0","0","0","0","","0","0","0","18","3","0","N","0","0","40 01:41.277","","0","75 01:26.415","0","0","0","0","67301","0","0","0","N","0","0","0","4","68K01","0","","1.0","","1","N","N","N","0","","0","0","2","0","0","","1808","3","0","0","0","0","0","0","2","0","3","0","0","0","3","","","N","","","","","","","","","",""
"2022021523","0032","0","0","0","0","0","0","0","0","0","8","0","","67","2","2022","6","40.018021","-75.149331","0023","6","0","0","0","0","0","0","0","0","","1","0","0","0","3","1","N","1","2","40 01:04.874","6","0","75 08:57.592","1","0","0","0","67301","2","1","1","N","2","1","1","3","67301","0","2","1.0","355.0","9","N","N","N","0","0","0","1","0","3","1","Y","16","3","1","0","0","0","0","1","2","0","1","2","1","1","7","04","","N","","","","","","","","","",""
"2022026224","1730","0","0","0","0","0","0","0","0","0","5","0","","67","3","2022","1","40.0641","-75.041979","1722","6","0","0","0","0","0","0","0","0","","0","0","0","17","1","3","N","0","0","40 03:50.761","","0","75 02:31.125","2","0","2","2","67301","0","0","0","N","0","0","0","3","67301","0","","1.0","","1","N","N","N","0","","1","2","0","3","2","","1720","2","3","0","0","0","0","0","2","0","2","0","0","0","3","","","N","","","","","","","","","",""
"2022020615","1527","1","0","0","0","0","0","0","0","0","1","0","","67","2","2022","4","39.979331","-75.107398","1527","6","0","0","0","0","0","0","0","0","","0","0","0","15","1","0","N","0","1","39 58:45.592","1","0","75 06:26.633","0","0","0","0","67301","0","0","0","N","0","0","0","2","68K01","0","","1.0","1550.0","1","N","N","N","0","","0","0","1","0","0","N","1511","2","0","0","0","0","0","0","2","0","2","0","0","0","3","","","N","","","","","","","","","",""
"2022027039","1423","1","0","0","0","0","0","0","0","0","5","1","","67","3","2022","3","39.992175","-75.201601","1423","6","0","0","0","0","0","0","0","0","","0","1","0","14","1","0","N","0","1","39 59:31.829","4","0","75 12:05.763","0","0","0","0","67301","0","0","0","N","0","0","0","2","68K01","0","","1.0","1609.0","1","N","N","N","0","","0","0","0","0","0","N","1422","2","0","0","0","0","0","0","2","0","2","0","0","0","3","","","N","","","","","","","","","",""
"2022021702","0035","3","0","0","0","0","0","0","0","0","6","0","","67","2","2022","2","40.003139","-75.067992","0032","6","0","0","0","0","0","0","0","0","","0","0","0","23","3","1","N","0","0","40 00:11.300","","0","75 04:04.770","3","0","0","0","67301","0","0","0","N","0","0","0","1","67301","0","","4.0","","1","N","N","N","0","","1","0","0","0","0","","2359","3","1","0","0","0","0","0","2","0","3","0","0","0","3","03","","N","","","","","","","","","",""
"2022021929","0600","0","0","0","0","0","0","0","0","0","7","0","","67","3","2022","3","40.072633","-74.980728","0547","6","0","0","0","0","0","0","0","0","","0","0","0","5","3","1","N","0","0","40 04:21.479","","0","74 58:50.621","3","0","0","0","67301","0","0","0","N","0","0","0","1","67301","0","","5.0","","1","N","N","N","1","","1","0","0","0","0","","530","1","1","1","0","0","0","0","2","0","1","0","0","0","3","03","","N","","","","","","","","","",""
"2022022126","0320","1","0","0","0","0","0","1","0","0","4","1","","67","1","2022","4","40.016833","-75.083677","0242","6","0","0","0","1","0","0","0","0","","0","0","0","2","3","3","","5","0","40 01:00.598","","1","75 05:01.237","2","0","0","0","67301","0","0","0","N","0","0","0","5","67508","0","","1.0","","1","","","N","0","","0","3","0","3","2","","242","2","3","0","0","0","0","0","2","0","2","0","0","0","3","03","","N","","","","","","","","","",""
"2022010825","0218","1","0","0","0","0","0","0","0","0","7","0","","67","1","2022","2","40.070871","-75.038674","0218","6","0","0","0","0","0","0","0","0","","0","0","0","2","3","0","N","0","2","40 04:15.137","2","0","75 02:19.227","0","0","0","0","67301","0","0","0","N","0","0","0","0","67301","0","","5.0","315.0","9","N","N","N","0","","0","0","0","0","0","Y","200","1","0","0","0","0","0","0","2","0","1","0","0","0","7","","","N","","","","","","","","","",""
"2022022072","1713","1","0","0","0","0","0","0","0","0","1","0","","67","2","2022","6","40.013054","-75.058344","1619","6","0","0","0","0","0","1","0","0","","0","0","0","16","1","1","N","0","0","40 00:46.995","","0","75 03:30.037","8","0","0","0","67301","0","0","0","N","0","0","0","3","68K01","0","","1.0","","1","N","N","Y","0","","0","0","0","0","0","","1606","3","1","0","0","0","1","0","2","2","3","0","0","0","3","03","","N","","","","","","","","","",""
"2022026994","1430","1","0","0","0","0","0","0","0","0","4","0","","67","3","2022","5","40.008045","-75.171921","1430","6","0","0","0","0","0","1","0","0","","0","0","0","9","1","1","N","0","9","40 00:28.961","","0","75 10:18.917","3","0","0","0","67301","0","0","0","N","0","0","0","2","67301","0","","1.0","","1","N","N","N","0","","1","0","1","0","0","","900","2","1","0","0","0","0","0","2","0","2","0","0","0","3","","","N","","","","","","","","","",""
"2022025957","0319","1","0","0","0","0","0","0","0","0","4","0","","67","3","2022","3","40.021529","-75.051773","0319","6","0","0","0","0","0","1","0","0","","1","0","0","3","3","2","","1","0","40 01:17.505","","0","75 03:06.381","1","0","0","0","67301","0","0","0","N","0","0","0","4","67301","0","2","1.0","","1","N","N","N","0","0","2","0","1","3","2","","318","2","2","2","1","0","0","0","2","0","2","0","0","0","3","04","","N","","","","","","","","","",""
"2022020623","1447","1","0","0","0","0","0","0","0","0","1","0","","67","2","2022","3","39.968776","-75.191443","1442","6","0","0","0","0","0","0","0","0","","0","0","0","14","1","0","N","0","2","39 58:07.593","4","0","75 11:29.195","0","0","0","0","67301","0","0","0","N","0","0","0","2","68K01","0","","1.0","1457.0","1","N","N","N","0","","0","0","1","0","0","N","1439","2","0","0","0","0","0","0","2","0","2","0","0","0","3","","","N","","","","","","","","","",""
"2022021484","1710","1","0","0","0","0","0","0","0","0","5","0","","67","2","2022","1","39.96114","-75.246711","1707","6","0","0","0","0","0","0","0","0","","0","0","0","17","1","1","N","0","0","39 57:40.104","","0","75 14:48.158","3","0","0","0","67301","0","0","0","N","0","0","0","3","67301","0","","1.0","","1","N","N","N","0","","1","0","0","0","0","","1707","2","1","0","0","0","0","0","2","1","2","0","0","0","3","","","N","","","","","","","","","",""
"2022004227","0929","2","0","0","0","0","0","0","0","0","6","0","","67","1","2022","4","40.084456","-75.228075","0915","6","0","0","0","0","0","0","1","0","","0","0","0","9","1","0","N","0","1","40 05:04.040","2","3","75 13:41.070","0","0","0","0","67301","0","0","0","N","0","0","0","2","67301","0","","1.0","1129.0","2","N","N","Y","0","","0","0","0","0","0","N","912","2","0","1","0","0","0","0","2","0","2","0","0","0","4","05","","N","","","","","","","","","",""
"2022019555","1720","0","0","0","0","0","0","0","0","0","4","0","","67","2","2022","7","39.94275","-75.161876","1707","6","0","0","0","0","0","0","0","0","","0","0","0","16","1","5","","1","2","39 56:33.899","2","0","75 09:42.753","8","0","0","0","67301","0","0","0","N","0","0","0","6","67301","0","","1.0","1830.0","1","N","N","N","0","","0","0","1","3","3","Y","1652","2","5","0","0","0","5","0","2","1","2","0","0","0","3","08","","N","","","","","","","","","",""
"2022020601","2155","0","0","0","0","0","0","0","0","0","7","0","","67","2","2022","5","39.931496","-75.217119","2151","6","0","0","0","0","0","1","0","0","","0","1","0","21","3","0","N","0","0","39 55:53.387","","0","75 13:01.629","0","0","0","0","67301","0","0","0","N","0","0","0","1","67301","0","","3.0","","9","N","N","N","0","","0","0","0","0","0","","2149","1","0","0","0","0","0","0","2","0","1","0","0","0","7","07","","N","","","","","","","","","",""
"2022021274","1937","1","0","0","0","0","0","0","0","0","1","0","","67","2","2022","1","39.959784","-75.1771","1927","6","0","0","0","0","0","0","0","0","","0","0","0","19","3","1","N","0","2","39 57:35.223","4","0","75 10:37.559","8","0","0","0","67301","0","0","0","N","0","0","0","2","68K01","0","","1.0","30.0","1","N","N","N","0","","0","0","0","0","0","Y","1919","2","1","0","0","0","1","1","2","0","2","0","0","0","3","03","","N","","","","","","","","","",""
"2022026961","2125","2","0","0","0","0","0","0","0","0","5","0","","67","3","2022","1","39.943617","-75.156832","2123","6","0","0","0","0","0","0","0","0","","0","0","0","21","3","0","","1","0","39 56:37.020","","0","75 09:24.594","0","0","0","0","67301","0","0","0","N","0","0","0","2","67301","0","","1.0","","1","N","N","N","0","","0","0","0","3","2","","2120","2","0","0","0","0","0","0","2","0","2","0","0","0","3","","","N","","","","","","","","","",""
"2022026903","0203","1","0","0","0","0","0","0","0","0","7","0","","67","3","2022","7","39.987542","-75.207511","0153","6","0","0","0","0","0","0","0","0","","0","0","0","1","3","1","N","0","1","39 59:15.152","4","0","75 12:27.039","3","0","0","0","67301","0","0","0","N","0","0","0","1","68K01","0","","4.0","219.0","1","N","N","N","0","","1","0","0","0","0","N","152","1","1","0","0","0","0","0","2","0","1","0","0","0","3","03","","N","","","","","","","","","",""
"2022018545","2355","0","0","0","0","0","0","0","0","0","5","0","","67","2","2022","2","39.959825","-75.178406","2355","6","0","0","0","0","0","0","0","0","","0","0","0","23","3","2","N","0","1","39 57:35.371","3","0","75 10:42.262","4","0","0","0","67301","0","0","0","N","0","0","0","3","68K01","2","","1.0","18.0","9","N","N","N","1","","0","0","1","0","0","N","2355","3","2","0","0","0","0","1","2","0","3","0","0","0","3","","","N","","","","","","","","","",""
"2022019668","0000","2","0","0","0","0","0","0","0","0","1","0","","67","2","2022","7","40.034454","-75.11492","0000","6","0","0","0","0","0","2","0","0","","0","0","0","9","1","1","","1","0","40 02:04.034","","0","75 06:53.712","8","0","0","0","67301","0","0","0","N","0","0","0","2","67301","0","","1.0","","1","N","N","N","0","","0","0","0","3","2","","930","2","1","0","0","0","1","0","2","0","2","0","0","0","3","","","N","","","","","","","","","",""
"2022019590","2030","1","0","0","0","0","0","0","0","0","4","0","","67","2","2022","7","40.040323","-75.058538","2010","6","0","0","0","0","0","1","0","0","","0","0","0","16","1","2","","1","0","40 02:25.164","","0","75 03:30.737","8","0","0","0","67301","0","0","0","N","0","0","0","3","67301","0","","1.0","","1","N","N","N","0","","0","0","1","3","2","","1600","2","2","0","0","0","2","1","2","0","2","0","0","0","3","","","N","","","","","","","","","",""
"2022026499","1327","1","0","0","0","0","0","0","0","0","1","0","","67","3","2022","3","39.956128","-75.145994","1324","6","0","0","0","0","0","1","0","0","","0","0","0","13","1","1","N","0","1","39 57:22.060","2","0","75 08:45.580","3","0","0","1","67301","0","0","0","N","0","0","0","2","67301","0","","1.0","1350.0","1","N","N","N","0","","1","0","0","0","0","N","1324","2","1","0","0","0","0","0","2","0","2","0","0","0","3","03","","N","","","","","","","","","",""
"2022009406","","0","0","0","0","0","0","0","0","0","0","0","","67","1","2022","1","39.9585","-75.15325","","6","0","0","0","0","0","1","0","0","","0","0","0","17","1","1","N","0","0","39 57:30.600","","0","75 09:11.700","8","0","0","1","67301","0","0","0","N","0","0","0","1","00000","0","","1.0","","1","N","N","N","0","","0","0","0","0","0","","1745","1","1","0","0","0","1","0","2","0","1","0","0","0","3","","","N","","","","","","","","","",""
"2022025260","1717","1","0","0","0","0","0","0","0","0","7","0","","67","3","2022","6","39.919511","-75.223058","1717","6","0","0","0","0","0","0","0","0","","0","0","0","17","1","0","N","0","0","39 55:10.240","","0","75 13:23.010","0","0","0","0","67301","0","0","0","N","0","0","0","1","67301","0","","4.0","","1","N","N","N","0","","0","0","0","3","2","","1717","1","0","1","0","0","0","0","2","0","1","0","0","0","3","03","","N","","","","","","","","","",""
"2022016033","2336","2","0","0","0","0","0","0","0","0","5","0","","67","2","2022","7","40.026414","-75.088481","2336","6","0","0","0","0","0","1","0","0","","0","0","0","23","3","0","N","0","0","40 01:35.090","","0","75 05:18.530","0","0","0","0","67301","0","0","0","N","0","0","0","1","67301","0","","1.0","","1","N","N","N","0","","0","0","0","0","0","","2302","2","0","0","0","0","0","0","2","0","2","0","0","0","3","","","N","","","","","","","","","",""
"2022019547","1032","1","0","0","0","0","0","0","0","0","1","0","","67","2","2022","5","40.039792","-75.110407","1030","6","0","0","0","1","0","0","0","0","","0","0","0","10","1","1","N","0","0","40 02:23.251","","0","75 06:37.464","4","0","0","0","67301","0","0","0","N","0","0","0","2","67301","1","","1.0","","1","N","N","N","0","","0","0","1","0","0","","1025","2","1","0","0","0","0","0","2","0","2","0","0","0","3","03","","N","","","","","","","","","",""
"2022019565","1445","0","0","0","0","0","0","0","0","0","6","1","","67","2","2022","6","40.11146","-75.00082","1406","6","0","0","0","0","0","0","0","0","","0","1","0","13","1","1","","2","2","40 06:41.256","7","0","75 00:02.952","3","0","0","0","67301","0","0","0","N","0","0","0","2","67301","0","","1.0","1455.0","1","N","N","N","0","","1","0","0","3","3","Y","1348","2","1","0","0","0","0","0","2","1","2","0","0","0","3","","","N","","","","","","","","","",""
"2022018691","0926","0","0","0","0","0","0","0","0","0","1","0","","67","2","2022","2","39.900355","-75.156781","0914","6","0","0","0","0","0","0","0","0","","0","0","0","9","1","1","N","0","0","39 54:01.277","","0","75 09:24.410","8","0","0","0","67301","0","0","0","N","0","0","0","3","68K01","0","","1.0","","9","N","N","N","1","","0","0","0","0","0","","908","2","1","0","0","0","1","0","2","1","2","0","0","0","7","","","N","","","","","","","","","",""
"2022018404","0257","0","0","0","0","0","0","0","0","0","7","0","","67","2","2022","1","39.960153","-75.180146","0248","6","0","0","0","0","0","0","0","0","","0","0","0","2","3","0","N","0","0","39 57:36.552","","0","75 10:48.527","0","0","0","0","67301","0","0","0","N","0","0","0","1","68K01","0","","4.0","","9","N","N","N","0","","0","0","1","0","0","","247","1","0","0","0","0","0","0","2","0","1","0","0","0","10","10","","N","","","","","","","","","",""
"2022005999","2130","0","0","0","0","0","0","0","0","0","7","0","","67","1","2022","7","40.002176","-75.194498","2125","6","0","0","0","0","0","1","0","0","","0","0","0","21","3","1","N","0","0","40 00:07.833","","0","75 11:40.194","3","0","0","0","67301","0","0","0","N","0","0","0","2","68K01","0","","2.0","","1","N","N","N","1","","1","0","0","0","0","","2124","1","1","0","0","0","0","0","2","0","1","0","0","0","3","","","N","","","","","","","","","",""
"2022004237","0730","1","0","0","0","0","0","0","0","0","4","0","","67","1","2022","4","40.0294","-75.056079","0730","6","0","0","0","0","0","0","0","0","","0","0","0","7","1","3","","1","0","40 01:45.839","","0","75 03:21.884","4","0","0","0","67301","0","0","0","N","0","0","0","3","67301","3","","1.0","","98","N","N","N","0","","0","0","1","3","2","","730","2","3","0","0","0","0","0","2","0","2","0","0","0","4","06","","N","","","","","","","","","",""
"2022027036","0833","1","0","0","0","0","0","0","0","0","1","0","","67","3","2022","2","40.010935","-75.062161","0819","6","0","0","0","0","0","1","0","0","","0","0","0","8","1","0","N","0","0","40 00:39.366","","0","75 03:43.778","0","0","0","0","67301","0","0","0","N","0","0","0","2","68K01","0","","1.0","","1","N","N","N","0","","0","0","1","0","0","","818","2","0","0","0","0","0","0","2","0","2","0","0","0","3","03","","N","","","","","","","","","",""
"2022020236","0158","1","0","0","0","0","0","0","0","0","7","0","","67","2","2022","5","39.980925","-75.206476","0150","6","0","0","0","0","0","0","0","0","","0","0","0","1","3","2","N","0","1","39 58:51.330","3","0","75 12:23.312","3","0","0","0","67301","0","0","0","N","0","0","0","2","68K01","0","","4.0","243.0","1","N","N","N","0","","2","0","0","0","0","N","148","1","2","2","0","0","0","0","2","0","1","0","0","0","3","03","","N","","","","","","","","","",""
"2022016614","1800","1","0","0","0","0","0","0","0","0","7","0","","67","1","2022","1","39.969795","-75.125677","1743","6","0","0","0","0","0","0","0","0","","0","0","0","17","3","0","N","7","0","39 58:11.262","","2","75 07:32.438","0","0","0","0","67301","0","0","0","Y","0","0","0","1","68K01","0","","7.0","","9","N","N","N","0","","0","0","0","0","0","","1733","1","0","0","0","0","0","0","2","0","1","0","0","0","10","10","","N","","","","","","","","","",""
"2022019448","0723","1","0","0","0","0","0","0","0","0","1","0","","67","2","2022","1","40.038001","-75.011396","0703","6","0","0","0","0","0","0","0","0","","0","0","0","7","1","0","N","0","1","40 02:16.804","2","0","75 00:41.027","0","0","0","0","67301","0","0","0","N","0","0","0","2","68K01","0","","1.0","730.0","9","N","N","N","0","","0","0","0","0","0","N","702","2","0","0","0","0","0","0","2","1","2","0","0","0","10","10","","N","","","","","","","","","",""
"2022004240","2050","1","0","0","0","0","0","0","0","0","4","0","","67","1","2022","6","40.012552","-75.073222","2044","6","0","0","0","0","0","0","0","0","","0","0","0","20","3","1","","1","0","40 00:45.188","","0","75 04:23.599","8","0","0","0","67301","0","0","0","N","0","0","0","5","67301","0","","1.0","","1","N","N","N","0","","0","0","1","3","2","","2044","2","1","0","0","0","1","1","2","0","2","0","0","0","3","03","","N","","","","","","","","","",""
"2022019426","0823","1","0","0","0","0","0","0","0","0","7","0","","67","1","2022","6","40.037721","-75.011497","0823","6","0","0","0","0","0","0","0","0","","0","0","0","8","1","1","N","0","2","40 02:15.795","1","0","75 00:41.388","8","0","0","0","67301","0","0","0","N","0","0","0","1","68K01","0","","4.0","35.0","1","N","N","Y","0","","0","0","0","0","0","N","823","1","1","0","0","0","1","0","2","0","1","0","0","0","3","03","","N","","","","","","","","","",""
"2022004160","1657","0","0","0","0","0","0","0","0","0","8","0","","67","1","2022","7","39.925854","-75.181168","1656","6","0","0","0","0","0","0","0","0","","0","0","0","16","4","1","","1","2","39 55:33.075","7","0","75 10:52.206","3","0","0","0","67301","1","0","0","N","1","0","0","2","67301","0","","1.0","1715.0","9","N","N","N","0","","1","0","0","3","2","Y","1645","2","1","0","0","0","0","1","2","0","1","1","0","0","7","04","","N","","","","","","","","","",""
"2022019475","2352","0","0","0","0","0","0","0","0","0","7","0","","67","2","2022","1","39.931686","-75.199816","2344","6","0","0","0","0","0","0","0","0","","0","0","0","23","3","1","N","0","1","39 55:54.071","3","0","75 11:59.336","3","0","0","0","67301","0","0","0","N","0","0","0","1","68K01","0","","4.0","1300.0","1","N","N","N","0","","1","0","1","0","0","N","2321","1","1","0","0","0","0","0","2","0","1","0","0","0","3","03","","N","","","","","","","","","",""
"2022019885","2103","0","0","0","0","0","0","0","0","0","7","1","","67","2","2022","3","40.043905","-75.180183","2100","6","0","0","0","0","0","0","0","0","","0","1","0","19","3","1","N","0","0","40 02:38.058","","7","75 10:48.658","3","0","0","0","67301","0","0","0","N","0","0","0","1","67301","0","","4.0","","9","N","N","N","0","","1","0","0","0","0","","1935","1","1","0","0","0","0","0","2","0","1","0","0","0","7","07","","N","","","","","","","","","",""
"2022019578","0725","2","0","0","0","0","0","0","0","0","4","0","","67","2","2022","5","39.913562","-75.221589","0717","6","0","0","0","0","0","1","0","0","","0","0","0","6","5","1","","1","9","39 54:48.822","","0","75 13:17.722","3","0","0","0","67301","0","0","0","N","0","0","0","2","67301","0","","1.0","","1","N","N","N","0","","1","0","0","3","2","","628","2","1","0","0","0","0","1","2","0","2","0","0","0","3","98","","N","","","","","","","","","",""
"2022025941","1510","0","0","0","0","0","0","0","0","0","4","0","","67","3","2022","7","39.983212","-75.15695","1505","6","0","0","0","0","1","0","0","0","","1","0","0","15","1","1","","1","0","39 58:59.563","","0","75 09:25.021","1","1","0","1","67301","0","0","0","N","0","0","0","4","67301","0","2","1.0","","1","N","N","N","0","0","0","0","1","3","2","","1500","2","1","0","0","0","1","1","2","0","2","0","0","0","3","03","","N","","","","","","","","","",""
"2022010630","1921","1","0","0","0","0","0","0","0","0","1","0","","67","1","2022","1","40.035643","-75.016835","1906","6","0","0","0","0","0","0","0","0","","0","0","0","18","2","0","N","0","1","40 02:08.316","1","0","75 01:00.606","9","0","0","0","67301","0","0","0","N","0","0","0","2","68K01","0","","2.0","1950.0","7","N","N","N","0","","0","0","0","0","0","N","1841","2","0","0","0","0","0","1","2","0","2","0","0","0","10","","","N","","","","","","","","","",""
"2022008847","2222","0","0","0","0","0","0","0","0","0","5","0","","67","1","2022","5","39.899144","-75.175868","2221","6","0","0","0","0","0","0","1","0","","0","0","0","22","3","1","N","0","2","39 53:56.917","1","0","75 10:33.126","3","0","0","0","67301","0","0","0","N","0","0","0","2","68K01","0","","1.0","2253.0","1","N","N","N","0","","1","0","0","0","0","N","2220","2","1","0","0","0","0","1","2","1","2","0","0","0","3","03","","N","","","","","","","","","",""
"2022019591","1826","1","0","0","0","0","0","0","0","0","2","0","","67","2","2022","1","40.031222","-75.021724","1826","6","0","0","0","0","0","0","0","0","","0","0","0","18","3","0","","2","0","40 01:52.399","","0","75 01:18.206","0","0","0","0","67301","0","0","0","N","0","0","0","2","67301","0","","1.0","","1","N","N","N","0","","0","0","1","3","1","","1826","2","0","2","0","0","0","0","2","0","2","0","0","0","3","03","","N","","","","","","","","","",""
"2022010268","0736","1","0","0","0","0","0","0","0","0","7","0","","67","1","2022","6","39.960251","-75.180746","0724","6","0","0","1","0","0","0","0","0","","0","0","0","7","1","0","N","0","1","39 57:36.902","4","0","75 10:50.685","0","0","0","0","67301","0","0","0","N","0","0","0","1","68K01","0","","4.0","826.0","1","N","N","N","0","","0","0","0","0","0","N","723","1","0","0","0","0","0","0","2","0","1","0","0","0","3","03","","N","","","","","","","","","",""
"2022025986","1302","1","0","0","0","0","0","0","0","0","4","0","","67","3","2022","6","40.04324","-75.052268","1257","6","0","0","0","0","0","1","0","0","","0","0","0","12","1","1","","1","0","40 02:35.664","","0","75 03:08.163","4","0","0","1","67301","0","0","0","N","0","0","0","1","67301","1","","1.0","","1","N","N","N","0","","0","0","0","3","2","","1245","2","1","0","0","0","0","0","2","0","2","0","0","0","3","","","N","","","","","","","","","",""
"2022018694","1625","2","0","0","0","0","0","0","0","0","1","0","","67","2","2022","2","40.039859","-75.006799","1556","6","0","0","0","0","0","0","0","0","","0","0","0","15","1","1","N","0","0","40 02:23.492","","0","75 00:24.476","4","0","0","0","67301","0","0","0","N","0","0","0","3","68K01","1","","1.0","","9","N","N","N","0","","0","0","0","0","0","","1546","3","1","0","0","0","0","1","2","0","3","0","0","0","7","04","","N","","","","","","","","","",""
"2022018568","1511","2","0","0","0","0","0","0","0","0","1","0","","67","2","2022","5","39.956899","-75.152965","1501","6","0","0","0","0","0","1","0","0","","0","0","0","15","1","0","N","0","2","39 57:24.835","3","0","75 09:10.673","0","0","0","0","67301","0","0","0","N","0","0","0","2","68K01","0","","1.0","1515.0","1","N","N","N","0","","0","0","0","0","0","N","1500","2","0","0","0","0","0","0","2","0","2","0","0","0","3","03","","N","","","","","","","","","",""
"2022018692","1044","0","0","0","0","0","0","0","0","0","7","1","","67","2","2022","2","39.956409","-75.141504","1044","6","0","0","0","0","0","0","0","0","","0","1","0","10","1","2","N","0","2","39 57:23.074","2","0","75 08:29.414","4","0","0","0","67301","0","0","0","Y","0","0","0","6","68K01","1","","4.0","1230.0","9","N","N","N","1","","0","0","1","0","0","N","1041","3","2","0","0","0","1","0","2","0","3","0","0","0","3","","","N","","","","","","","","","",""