"CRN","ARRIVAL_TM","AUTOMOBILE_COUNT","BELTED_DEATH_COUNT","BELTED_SUSP_SERIOUS_INJ_COUNT","BICYCLE_COUNT","BICYCLE_DEATH_COUNT","BICYCLE_SUSP_SERIOUS_INJ_COUNT","BUS_COUNT","CHLDPAS_DEATH_COUNT","CHLDPAS_SUSP_SERIOUS_INJ_COUNT","COLLISION_TYPE","COMM_VEH_COUNT","CONS_ZONE_SPD_LIM","COUNTY","CRASH_MONTH","CRASH_YEAR","DAY_OF_WEEK","DEC_LATITUDE","DEC_LONGITUDE","DISPATCH_TM","DISTRICT","DRIVER_COUNT_16YR","DRIVER_COUNT_17YR","DRIVER_COUNT_18YR","DRIVER_COUNT_19YR","DRIVER_COUNT_20YR","DRIVER_COUNT_50_64YR","DRIVER_COUNT_65_74YR","DRIVER_COUNT_75PLUS","EST_HRS_CLOSED","FATAL_COUNT","HEAVY_TRUCK_COUNT","HORSE_BUGGY_COUNT","HOUR_OF_DAY","ILLUMINATION","INJURY_COUNT","INTERSECTION_RELATED","INTERSECT_TYPE","LANE_CLOSED","LATITUDE","LN_CLOSE_DIR","LOCATION_TYPE","LONGITUDE","MAX_SEVERITY_LEVEL","MCYCLE_DEATH_COUNT","MCYCLE_SUSP_SERIOUS_INJ_COUNT","MOTORCYCLE_COUNT","MUNICIPALITY","NONMOTR_COUNT","NONMOTR_DEATH_COUNT","NONMOTR_SUSP_SERIOUS_INJ_COUNT","NTFY_HIWY_MAINT","PED_COUNT","PED_DEATH_COUNT","PED_SUSP_SERIOUS_INJ_COUNT","PERSON_COUNT","POLICE_AGCY","POSSIBLE_INJ_COUNT","RDWY_SURF_TYPE_CD","RELATION_TO_ROAD","ROADWAY_CLEARED","ROAD_CONDITION","SCH_BUS_IND","SCH_ZONE_IND","SECONDARY_CRASH","SMALL_TRUCK_COUNT","SPEC_JURIS_CD","SUSP_MINOR_INJ_COUNT","SUSP_SERIOUS_INJ_COUNT","SUV_COUNT","TCD_FUNC_CD","TCD_TYPE","TFC_DETOUR_IND","TIME_OF_DAY","TOTAL_UNITS","TOT_INJ_COUNT","UNBELTED_OCC_COUNT","UNB_DEATH_COUNT","UNB_SUSP_SERIOUS_INJ_COUNT","UNK_INJ_DEG_COUNT","UNK_INJ_PER_COUNT","URBAN_RURAL","VAN_COUNT","VEHICLE_COUNT","VULNERABLE_ROAD_USER_COUNT","VULNERABLE_ROAD_USER_DEATH_COUNT","VULNERABLE_ROAD_USER_SER_INJ_COUNT","WEATHER1","WEATHER2","WORKERS_PRES","WORK_ZONE_IND","WORK_ZONE_LOC","WORK_ZONE_TYPE","WZ_CLOSE_DETOUR","WZ_FLAGGER","WZ_LAW_OFFCR_IND","WZ_LN_CLOSURE","WZ_MOVING","WZ_OTHER","WZ_SHLDER_MDN","WZ_WORKERS_INJ_KILLED"
"2022011924","","0","0","0","0","0","0","0","0","0","1","0","","67","1","2022","1","40.029306","-75.189222","","6","0","0","0","0","0","0","0","0","","0","0","0","7","1","2","N","0","0","40 01:45.500","","0","75 11:21.200","8","0","0","0","67301","0","0","0","N","0","0","0","3","00000","0","","1.0","","9","N","N","N","0","","0","0","1","0","0","","705","2","2","0","0","0","2","0","2","0","2","0","0","0","3","","","N","","","","","","","","","",""
"2022024967","1745","2","0","0","0","0","0","0","0","0","4","0","","67","3","2022","5","39.906091","-75.193361","1745","6","0","0","0","0","0","0","0","0","","0","0","0","6","1","0","","2","0","39 54:21.927","","0","75 11:36.099","0","0","0","0","67301","0","0","0","N","0","0","0","2","67301","0","","1.0","","1","N","N","N","0","","0","0","0","3","2","","620","2","0","0","0","0","0","0","2","0","2","0","0","0","3","03","","N","","","","","","","","","",""
"2022029922","1000","1","0","0","0","0","0","0","0","0","4","1","","67","3","2022","2","40.000175","-75.117318","1000","6","0","0","0","0","0","0","0","0","","0","1","0","22","3","0","","2","2","40 00:00.630","3","0","75 07:02.344","9","0","0","0","67301","0","0","0","N","0","0","0","2","67301","0","","1.0","2300.0","1","N","N","N","0","","0","0","1","0","0","Y","2203","3","0","0","0","0","0","2","2","0","3","0","0","0","3","","","N","","","","","","","","","",""
"2022031224","1351","2","0","0","0","0","0","0","0","0","2","0","","67","3","2022","7","40.003741","-75.221015","1350","6","0","0","0","0","0","0","0","0","","0","0","0","13","1","1","N","0","0","40 00:13.466","","7","75 13:15.653","3","0","0","0","67301","0","0","0","N","0","0","0","2","67301","0","","1.0","","1","N","N","N","0","","1","0","0","0","0","","1330","2","1","0","0","0","0","0","2","0","2","0","0","0","3","03","","N","","","","","","","","","",""
"2022023190","2132","1","0","0","0","0","0","0","0","0","1","0","","67","3","2022","5","39.982444","-75.100312","2117","6","0","0","0","0","0","0","0","0","","0","0","0","21","3","1","N","0","1","39 58:56.798","2","0","75 06:01.123","8","0","0","0","67301","0","0","0","N","0","0","0","2","68K01","0","","1.0","2150.0","1","N","N","N","0","","0","0","1","0","0","N","2116","2","1","0","0","0","1","0","2","0","2","0","0","0","3","","","N","","","","","","","","","",""
"2022024244","1604","3","0","0","0","0","0","0","0","0","4","0","","67","3","2022","3","40.018417","-75.090889","1600","6","0","0","0","0","0","0","0","0","","0","0","0","14","1","0","N","0","2","40 01:06.300","1","0","75 05:27.200","9","0","0","0","67301","0","0","0","N","0","0","0","1","67301","0","","1.0","1735.0","1","N","N","N","1","","0","0","0","0","0","N","1408","4","0","0","0","0","0","1","2","0","4","0","0","0","3","","","N","","","","","","","","","",""
"2022023698","0930","0","0","0","0","0","0","0","0","0","5","1","","67","2","2022","2","39.923794","-75.193283","0850","6","0","0","0","0","0","0","0","0","","0","1","0","8","1","0","N","0","0","39 55:25.660","","0","75 11:35.820","0","0","0","0","67301","0","0","0","N","0","0","0","1","67301","0","","6.0","","1","N","N","N","0","","0","0","1","0","0","","846","2","0","0","0","0","0","0","2","0","2","0","0","0","3","03","","N","","","","","","","","","",""
"2022024011","2359","0","0","0","0","0","0","0","0","0","7","0","","67","2","2022","5","40.031612","-75.021503","2346","6","0","0","0","0","0","0","0","0","","0","0","0","23","3","0","N","0","0","40 01:53.803","","0","75 01:17.410","0","0","0","0","67301","0","0","0","N","0","0","0","1","68K01","0","","4.0","","9","N","N","N","1","","0","0","0","0","0","","2341","1","0","0","0","0","0","0","2","0","1","0","0","0","7","","","N","","","","","","","","","",""
"2022023801","0540","1","0","0","0","0","0","0","0","0","2","1","","67","3","2022","6","40.002787","-75.152664","0537","6","0","0","0","0","0","3","0","0","","0","1","0","5","3","2","N","0","9","40 00:10.032","","0","75 09:09.589","8","0","0","0","67301","0","0","0","N","0","0","0","3","67301","0","","1.0","","1","N","N","N","0","","0","0","1","3","2","","535","3","2","0","0","0","2","1","2","0","3","0","0","0","3","03","","N","","","","","","","","","",""
"2022022957","1336","0","0","0","0","0","0","0","0","0","1","0","","67","2","2022","2","39.95696","-75.155703","1330","6","0","0","0","0","0","0","0","0","","0","0","0","13","1","0","N","0","1","39 57:25.057","3","0","75 09:20.531","0","0","0","0","67301","0","0","0","N","0","0","0","3","68K01","0","","1.0","1340.0","1","N","N","N","0","","0","0","3","0","0","N","1326","3","0","0","0","0","0","0","2","0","3","0","0","0","3","","","N","","","","","","","","","",""
"2022023207","1936","2","0","0","0","0","0","0","0","0","5","0","","67","1","2022","7","40.00106","-75.079274","1922","6","0","0","0","0","0","0","0","0","","0","0","0","19","3","1","N","0","2","40 00:03.816","2","0","75 04:45.387","8","0","0","0","67301","0","0","0","N","0","0","0","6","68K01","0","","1.0","1950.0","1","N","N","N","0","","0","0","0","3","8","N","1914","2","1","0","0","0","1","1","2","0","2","0","0","0","3","","","N","","","","","","","","","",""
"2022030968","1100","2","0","0","0","0","0","0","0","0","4","0","","67","3","2022","3","40.004978","-75.154668","1037","6","0","0","0","0","0","0","0","0","","0","0","0","10","1","0","","1","0","40 00:17.920","","0","75 09:16.804","0","0","0","0","67301","0","0","0","N","0","0","0","1","67301","0","","1.0","","1","N","Y","N","0","","0","0","0","3","3","","1020","2","0","0","0","0","0","0","2","0","2","0","0","0","3","","","N","","","","","","","","","",""
"2022017108","2012","1","0","0","0","0","0","0","0","0","2","0","","67","2","2022","7","40.089675","-75.057032","2010","6","0","0","0","1","0","0","1","0","","1","0","0","20","3","3","","1","0","40 05:22.829","","0","75 03:25.316","1","0","0","0","67301","0","0","0","N","0","0","0","4","67301","0","2","1.0","","1","N","N","N","0","0","1","2","0","3","2","","2005","2","3","2","0","2","0","0","2","1","2","0","0","0","3","03","","N","","","","","","","","","",""
"2022024986","0449","1","0","0","0","0","0","0","0","0","5","1","","67","2","2022","5","39.981277","-75.206908","0448","6","0","0","0","0","0","0","0","0","","0","0","0","4","3","2","N","0","0","39 58:52.596","","0","75 12:24.867","3","0","0","0","67301","0","0","0","N","0","0","0","2","68K01","0","","1.0","","1","N","N","N","0","","1","0","1","0","0","","445","3","2","0","0","0","1","0","2","0","3","0","0","0","3","","","N","","","","","","","","","",""
"2022023785","2347","0","0","0","0","0","0","0","0","0","8","0","","67","2","2022","5","39.96969","-75.140669","2344","6","0","0","0","0","0","0","0","0","","0","0","0","23","3","1","","2","0","39 58:10.883","","0","75 08:26.410","2","0","0","0","67301","1","0","1","N","1","0","1","2","67301","0","","1.0","","9","N","N","N","0","","0","1","0","0","0","","2324","2","1","0","0","0","0","1","2","0","1","1","0","1","7","","","N","","","","","","","","","",""
"2022023870","0041","1","0","0","0","0","0","0","0","0","7","0","","67","2","2022","2","39.995384","-75.197585","0037","6","0","0","0","0","0","0","0","0","","0","0","0","0","3","1","N","0","1","39 59:43.384","4","0","75 11:51.307","4","0","0","0","67301","0","0","0","N","0","0","0","1","68K01","1","","4.0","110.0","1","N","N","N","0","","0","0","0","0","0","N","31","1","1","0","0","0","0","0","2","0","1","0","0","0","3","","","N","","","","","","","","","",""
"2022023733","1845","1","0","0","0","0","0","0","0","0","8","0","","67","3","2022","4","39.93243","-75.224588","1845","6","0","0","0","0","0","0","0","0","","0","0","0","18","3","1","","1","0","39 55:56.749","","0","75 13:28.517","3","0","0","0","67301","1","0","0","N","1","0","0","2","67301","0","","1.0","","1","N","N","N","0","","1","0","0","3","2","","1843","2","1","0","0","0","0","0","2","0","1","1","0","0","3","03","","N","","","","","","","","","",""
"2022023708","0036","1","0","0","0","0","0","0","0","0","7","0","","67","3","2022","5","40.055744","-75.092286","0031","6","0","0","0","0","0","0","0","0","","0","0","0","0","3","0","N","0","0","40 03:20.680","","7","75 05:32.230","0","0","0","0","67301","0","0","0","N","0","0","0","1","67301","0","","5.0","","1","N","N","N","0","","0","0","0","0","0","","10","1","0","0","0","0","0","0","2","0","1","0","0","0","3","","","N","","","","","","","","","",""
"2022031543","2310","2","0","0","0","0","0","0","0","0","5","0","","67","3","2022","4","39.978797","-75.109246","2304","6","0","0","0","0","0","0","0","0","","0","0","0","23","3","0","N","0","1","39 58:43.670","1","0","75 06:33.287","0","0","0","0","67301","0","0","0","N","0","0","0","1","68Z99","0","","1.0","15.0","1","N","N","N","0","","0","0","0","0","0","N","2302","2","0","0","0","0","0","0","2","0","2","0","0","0","98","03","","N","","","","","","","","","",""
"2022023722","1650","1","0","0","1","0","0","0","0","0","8","0","","67","3","2022","7","39.949681","-75.160775","1642","6","0","0","0","0","0","0","0","0","","0","0","0","16","1","1","N","0","0","39 56:58.850","","0","75 09:38.790","3","0","0","0","67301","1","0","0","N","0","0","0","2","67301","0","","1.0","","1","N","N","N","0","","1","0","0","3","2","","1630","2","1","1","0","0","0","0","2","0","1","1","0","0","3","","","N","","","","","","","","","",""
"2022023769","1544","1","0","0","0","0","0","0","0","0","4","0","","67","3","2022","5","39.983218","-75.156949","1540","6","0","0","0","0","0","0","0","0","","0","0","0","15","1","1","","1","0","39 58:59.583","","0","75 09:25.017","8","0","0","0","67301","0","0","0","N","0","0","0","4","67301","0","","1.0","","1","N","N","N","0","","0","0","1","3","2","","1522","2","1","0","0","0","1","2","2","0","2","0","0","0","3","","","N","","","","","","","","","",""
"2022012888","1035","1","0","0","0","0","0","0","0","0","5","0","","67","1","2022","3","39.981219","-75.102459","1030","6","0","0","0","0","0","1","0","0","","0","0","0","10","1","2","N","0","1","39 58:52.388","1","0","75 06:08.853","3","0","0","0","67301","0","0","0","N","0","0","0","6","68K01","0","","1.0","1100.0","1","N","N","N","0","","1","0","3","0","0","N","1024","4","2","0","0","0","1","0","2","0","4","0","0","0","3","","","N","","","","","","","","","",""
"2022030868","0120","3","0","0","0","0","0","0","0","0","5","0","","67","3","2022","7","39.957598","-75.160472","0108","6","0","0","0","0","0","0","0","0","","0","0","0","1","3","0","N","0","0","39 57:27.354","","0","75 09:37.698","0","0","0","0","67301","0","0","0","N","0","0","0","2","68K01","0","","4.0","","1","N","N","N","0","","0","0","0","0","0","","108","4","0","0","0","0","0","0","2","1","4","0","0","0","3","03","","N","","","","","","","","","",""
"2022023536","0502","1","0","0","0","0","0","0","0","0","7","0","","67","2","2022","6","39.889859","-75.220117","0500","6","0","0","0","0","0","0","0","0","","0","0","0","4","3","1","N","0","0","39 53:23.493","","0","75 13:12.420","8","0","0","0","67301","0","0","0","N","0","0","0","1","68K01","0","","4.0","","9","N","N","N","0","","0","0","0","0","0","","458","1","1","0","0","0","1","0","2","0","1","0","0","0","7","","","N","","","","","","","","","",""
"2022023798","2155","2","0","0","0","0","0","0","0","0","1","0","","67","3","2022","4","40.009987","-75.166551","2150","6","0","0","0","0","0","0","0","0","","0","0","0","21","3","2","N","0","0","40 00:35.953","","0","75 09:59.584","3","0","0","0","67301","0","0","0","N","0","0","0","6","67301","0","","6.0","","1","N","N","N","1","","2","0","0","0","0","","2130","3","2","0","0","0","0","0","2","0","3","0","0","0","3","03","","N","","","","","","","","","",""
"2022023539","0150","1","0","0","0","0","0","0","0","0","1","0","","67","2","2022","1","40.032096","-75.021299","0140","6","0","0","0","0","0","1","0","0","","0","0","0","1","3","7","N","0","1","40 01:55.546","2","0","75 01:16.677","3","0","0","0","67301","0","0","0","N","0","0","0","8","68K01","0","","1.0","230.0","1","N","N","N","0","","7","0","1","0","0","N","139","3","7","0","0","0","0","0","2","1","3","0","0","0","3","","","N","","","","","","","","","",""
"2022030413","0033","2","0","0","0","0","0","0","0","0","4","0","","67","3","2022","2","40.014575","-75.178203","0028","6","0","0","0","1","0","0","0","0","","0","0","0","0","3","1","N","0","2","40 00:52.470","4","0","75 10:41.530","3","0","0","0","67301","0","0","0","N","0","0","0","2","67301","0","","1.0","115.0","1","N","N","N","0","","1","0","0","0","0","Y","23","2","1","1","0","0","0","0","2","0","2","0","0","0","3","03","","N","","","","","","","","","",""
"2022023752","2107","2","0","0","0","0","0","1","0","0","4","1","","67","2","2022","4","40.026503","-75.04216","2106","6","0","0","0","0","0","0","0","0","","0","0","0","21","3","1","","1","2","40 01:35.410","7","0","75 02:31.777","3","0","0","0","67301","0","0","0","N","0","0","0","4","67301","0","","1.0","2200.0","1","N","N","N","0","","1","0","0","3","3","Y","2105","3","1","0","0","0","0","0","2","0","3","0","0","0","3","03","","N","","","","","","","","","",""
"2022024537","0650","2","0","0","0","0","0","0","0","0","4","0","","67","3","2022","5","40.029911","-75.103076","0650","6","0","0","0","0","0","0","0","0","","0","0","0","6","5","0","","1","0","40 01:47.679","","0","75 06:11.073","0","0","0","0","67301","0","0","0","N","0","0","0","3","67301","0","","1.0","","1","N","N","N","0","","0","0","0","3","2","","649","2","0","0","0","0","0","0","2","0","2","0","0","0","3","","","N","","","","","","","","","",""
"2022030149","1602","0","0","0","0","0","0","0","0","0","4","0","","67","3","2022","7","39.949966","-75.23516","1601","6","0","0","0","0","0","0","0","0","","0","0","0","16","1","2","","1","0","39 56:59.877","","0","75 14:06.576","3","0","0","0","67301","0","0","0","N","0","0","0","2","67301","0","","1.0","","1","N","N","N","0","","2","0","2","3","2","","1600","2","2","0","0","0","0","0","2","0","2","0","0","0","3","03","","N","","","","","","","","","",""
"2022023777","1215","1","0","0","0","0","0","0","0","0","4","0","","67","3","2022","4","40.011733","-75.112247","1207","6","0","0","0","0","0","1","0","0","","0","0","0","12","1","1","N","0","0","40 00:42.240","","0","75 06:44.090","4","0","0","0","67301","0","0","0","N","0","0","0","2","67301","1","","1.0","","1","N","N","N","0","","0","0","1","0","0","","1202","2","1","0","0","0","0","0","2","0","2","0","0","0","3","","","N","","","","","","","","","",""
"2022023702","2328","0","0","0","0","0","0","0","0","0","8","0","","67","1","2022","6","40.044836","-75.087088","2326","6","0","0","0","0","0","0","0","0","","0","0","0","23","3","1","","1","0","40 02:41.409","","0","75 05:13.515","3","0","0","0","67301","1","0","0","N","1","0","0","1","67301","0","","1.0","","1","N","N","N","0","","1","0","0","0","0","","2325","2","1","0","0","0","0","0","2","0","1","1","0","0","3","03","","N","","","","","","","","","",""
"2022023717","1925","0","0","0","0","0","0","0","0","0","7","0","","67","3","2022","7","40.042597","-75.217061","1920","6","0","0","0","0","0","0","0","0","","0","0","0","19","3","0","N","0","0","40 02:33.348","","0","75 13:01.421","0","0","0","0","67301","0","0","0","N","0","0","0","1","67301","0","","3.0","","1","N","N","N","0","","0","0","1","0","0","","1915","1","0","1","0","0","0","0","2","0","1","0","0","0","3","03","","N","","","","","","","","","",""
"2022030041","2043","2","0","0","0","0","0","0","0","0","4","0","","67","3","2022","6","39.894731","-75.229416","2038","6","0","0","0","0","0","0","0","0","","0","0","0","20","3","1","N","0","1","39 53:41.031","2","0","75 13:45.899","3","0","0","0","67301","0","0","0","N","0","0","0","2","67301","0","","1.0","2130.0","1","N","N","N","0","","1","0","0","0","0","N","2025","2","1","0","0","0","0","0","2","0","2","0","0","0","3","03","","N","","","","","","","","","",""
"2022024538","1100","2","0","0","0","0","0","0","0","0","7","1","","67","3","2022","4","40.042753","-75.190144","1039","6","0","0","0","0","0","0","0","0","","0","1","0","10","1","2","N","0","2","40 02:33.910","5","1","75 11:24.520","3","0","0","0","67301","0","0","0","N","0","0","0","2","67301","0","","1.0","1411.0","9","N","N","Y","0","","2","0","0","0","0","Y","1024","3","2","0","0","0","0","0","2","0","3","0","0","0","7","04","","N","","","","","","","","","",""
"2022011382","0311","2","0","0","0","0","0","0","0","0","5","0","","67","1","2022","7","39.901335","-75.15231","0256","6","0","0","0","0","0","0","0","0","","0","0","0","2","3","0","N","0","2","39 54:04.806","1","3","75 09:08.317","0","0","0","0","67301","0","0","0","N","0","0","0","6","68K01","0","","1.0","30.0","9","N","N","N","0","","0","0","1","0","0","N","255","3","0","0","0","0","0","0","2","0","3","0","0","0","7","07","","N","","","","","","","","","",""
"2022011888","2035","1","0","0","0","0","0","0","0","0","4","0","","67","1","2022","5","39.974451","-75.158729","2035","6","0","0","0","0","0","0","0","0","","1","0","0","20","3","1","","1","2","39 58:28.024","7","0","75 09:31.424","1","0","0","0","67301","0","0","0","N","0","0","0","2","67301","0","2","1.0","2230.0","1","N","N","N","0","0","0","0","1","3","2","Y","2035","2","1","1","0","0","1","0","2","0","2","0","0","0","3","03","","N","","","","","","","","","",""
"2022032894","1809","2","0","0","0","0","0","0","0","0","4","0","","67","3","2022","5","40.00868","-75.068855","1809","6","0","0","0","1","0","0","0","1","","0","0","0","18","1","0","","1","0","40 00:31.249","","0","75 04:07.877","0","0","0","0","67301","0","0","0","N","0","0","0","2","67301","0","","1.0","","1","N","N","N","0","","0","0","0","0","0","","1809","2","0","1","0","0","0","0","2","0","2","0","0","0","3","","","N","","","","","","","","","",""
"2022003174","0701","2","0","0","0","0","0","0","0","0","5","0","","67","1","2022","7","40.001008","-75.194698","0701","6","0","0","0","0","0","0","0","0","","0","0","0","7","6","1","N","0","1","40 00:03.630","4","0","75 11:40.911","3","0","0","0","67301","0","0","0","N","0","0","0","2","68K01","0","","2.0","725.0","9","N","N","N","0","","1","0","0","0","0","N","701","2","1","1","0","0","0","0","2","0","2","0","0","0","5","07","","N","","","","","","","","","",""
"2022004162","1302","0","0","0","0","0","0","0","0","0","1","0","","67","1","2022","7","39.910557","-75.185645","1301","6","0","0","0","0","0","2","1","0","","0","0","0","13","1","1","","2","0","39 54:38.006","","0","75 11:08.321","8","0","0","0","67301","0","0","0","N","0","0","0","4","67301","0","","1.0","","1","N","N","N","1","","0","0","3","3","2","","1300","4","1","0","0","0","1","0","2","0","4","0","0","0","3","03","","N","","","","","","","","","",""
"2022023583","0210","1","0","0","0","0","0","0","0","0","7","0","","67","3","2022","6","39.934301","-75.199994","0144","6","0","0","0","0","0","0","0","0","","0","0","0","1","3","1","N","0","2","39 56:03.485","3","0","75 11:59.978","8","0","0","0","67301","0","0","0","N","0","0","0","2","68K01","0","","4.0","246.0","1","N","N","N","0","","0","0","0","0","0","N","143","1","1","0","0","0","1","0","2","0","1","0","0","0","3","","","N","","","","","","","","","",""
"2022006634","1840","2","0","0","0","0","0","0","0","0","5","0","","67","1","2022","6","40.002889","-75.222817","1816","6","1","0","0","0","0","0","0","0","","0","0","0","18","3","1","N","0","0","40 00:10.400","","0","75 13:22.140","3","0","0","0","67301","0","0","0","N","0","0","0","6","68K01","0","","1.0","","1","N","N","N","0","","1","0","0","0","0","","1815","2","1","0","0","0","0","0","2","0","2","0","0","0","3","","","N","","","","","","","","","",""
"2022014810","0800","1","0","0","0","0","0","0","0","0","5","0","","67","1","2022","7","40.024101","-75.130701","0800","6","0","0","0","0","0","0","0","0","","0","0","0","0","6","0","N","0","0","40 01:26.764","","0","75 07:50.525","9","0","0","0","67301","0","0","0","N","0","0","0","1","67301","0","","6.0","","99","N","N","N","0","","0","0","0","0","0","","0","2","0","0","0","0","0","1","2","0","2","0","0","0","99","","","N","","","","","","","","","",""
"2022023990","1638","2","0","0","0","0","0","0","0","0","1","0","","67","1","2022","3","40.039174","-75.00819","1621","6","0","0","0","0","0","2","0","0","","0","0","0","16","1","1","N","0","0","40 02:21.028","","0","75 00:29.485","8","0","0","0","67301","0","0","0","N","0","0","0","3","68K01","0","","1.0","","1","N","N","N","0","","0","0","0","0","0","","1618","2","1","0","0","0","1","0","2","0","2","0","0","0","3","","","N","","","","","","","","","",""
"2022032635","1427","2","0","0","0","0","0","0","0","0","1","0","","67","4","2022","7","40.014445","-75.055208","1359","6","0","0","0","0","1","0","0","0","","0","0","0","13","1","4","N","0","1","40 00:52.001","1","0","75 03:18.747","3","0","0","0","67301","0","0","0","N","0","0","0","7","68T07","2","","1.0","1451.0","1","N","N","Y","1","","2","0","1","0","0","N","1354","4","4","0","0","0","0","0","2","0","4","0","0","0","3","","","N","","","","","","","","","",""
"2022004219","0050","1","0","0","0","0","0","0","0","0","4","0","","67","1","2022","7","39.922819","-75.244067","0050","6","0","0","0","0","0","0","0","0","","0","0","0","21","3","0","","1","0","39 55:22.148","","0","75 14:38.641","9","0","0","0","67301","0","0","0","N","0","0","0","2","67301","0","","1.0","","99","N","N","N","0","","0","0","0","3","3","","2145","2","0","0","0","0","0","1","2","1","2","0","0","0","3","03","","N","","","","","","","","","",""
"2022032688","1111","1","0","0","0","0","0","0","0","0","7","0","","67","3","2022","1","39.961221","-75.182403","1110","6","0","0","0","0","0","0","0","0","","0","0","0","10","1","0","N","6","0","39 57:40.397","","2","75 10:56.651","0","0","0","0","67301","0","0","0","N","0","0","0","1","68K01","0","","2.0","","9","N","N","N","0","","0","0","0","0","0","","1045","1","0","0","0","0","0","0","2","0","1","0","0","0","7","","","N","","","","","","","","","",""
"2022030204","0359","0","0","0","0","0","0","0","0","0","7","0","","67","3","2022","1","40.034454","-75.11492","0350","6","0","0","0","0","0","0","0","0","","0","0","0","3","3","2","","1","2","40 02:04.034","6","0","75 06:53.712","2","0","0","0","67301","0","0","0","N","0","0","0","2","67301","0","","5.0","635.0","1","N","N","N","0","","1","1","1","3","2","Y","347","1","2","0","0","0","0","0","2","0","1","0","0","0","3","03","","N","","","","","","","","","",""
"2022002942","0858","1","0","0","0","0","0","0","0","0","7","0","","67","1","2022","7","40.035131","-75.018428","0858","6","0","0","0","0","0","0","0","0","","0","0","0","8","1","0","N","0","2","40 02:06.471","2","3","75 01:06.340","9","0","0","0","67301","0","0","0","Y","0","0","0","1","68M03","0","","2.0","30.0","9","N","N","N","0","","0","0","0","0","0","N","858","1","0","0","0","0","0","1","2","0","1","0","0","0","5","07","","N","","","","","","","","","",""
"2022010878","0848","1","0","0","0","0","0","0","0","0","4","1","","67","1","2022","4","40.010821","-75.126649","0845","6","0","0","0","0","0","0","1","0","","0","1","0","8","1","1","","1","1","40 00:38.955","4","0","75 07:35.936","4","0","0","0","67301","0","0","0","N","0","0","0","3","67301","1","","1.0","923.0","1","N","N","N","0","","0","0","0","3","2","Y","845","2","1","0","0","0","0","0","2","0","2","0","0","0","3","03","","N","","","","","","","","","",""
"2022023716","0911","2","0","0","0","0","0","0","0","0","4","0","","67","3","2022","7","40.022208","-75.218279","0910","6","0","0","0","0","0","0","0","0","","0","0","0","9","1","0","","2","0","40 01:19.948","","0","75 13:05.804","9","0","0","0","67301","0","0","0","N","0","0","0","4","67301","0","","1.0","","1","N","N","N","0","","0","0","1","3","2","","908","3","0","0","0","0","0","1","2","0","3","0","0","0","3","04","","N","","","","","","","","","",""
"2022010852","1229","0","0","0","0","0","0","0","0","0","7","1","","67","1","2022","4","40.039981","-75.032158","1224","6","0","0","0","0","1","0","0","0","","0","1","0","12","1","0","N","0","0","40 02:23.933","","0","75 01:55.769","0","0","0","0","67301","0","0","0","N","0","0","0","2","67301","0","","1.0","","1","N","N","Y","0","","0","0","1","0","0","","1219","2","0","0","0","0","0","0","2","0","2","0","0","0","3","","","N","","","","","","","","","",""
"2022010850","2339","2","0","0","0","0","0","0","0","0","0","1","","67","1","2022","2","40.034461","-75.04515","2339","6","0","0","0","1","0","0","0","0","","0","1","0","23","3","0","Y","0","0","40 02:04.059","","0","75 02:42.539","0","0","0","0","67301","0","0","0","N","0","0","0","2","67301","0","","1.0","","1","N","N","Y","0","","0","0","0","0","0","","2327","3","0","0","0","0","0","0","2","0","3","0","0","0","3","03","","N","","","","","","","","","",""
"2022029676","0858","0","0","0","0","0","0","0","0","0","5","1","","67","3","2022","2","39.893158","-75.176247","0855","6","0","0","0","0","0","0","0","0","","0","1","0","8","1","2","N","0","0","39 53:35.370","","0","75 10:34.490","3","0","0","0","67301","0","0","0","N","0","0","0","3","67301","0","","1.0","","1","N","N","N","0","","1","0","2","0","0","","850","3","2","0","0","0","1","0","2","0","3","0","0","0","3","03","","N","","","","","","","","","",""
"2022032309","1756","0","0","0","0","0","0","0","0","0","1","0","","67","3","2022","7","39.96751","-75.132502","1750","6","0","0","0","0","0","0","0","0","","0","0","0","17","1","0","N","0","0","39 58:03.037","","0","75 07:57.007","0","0","0","0","67301","0","0","0","N","0","0","0","3","68K01","0","","1.0","","1","N","N","N","1","","0","0","0","0","0","","1748","2","0","0","0","0","0","0","2","1","2","0","0","0","3","","","N","","","","","","","","","",""
"2022004252","1225","0","0","0","0","0","0","0","0","0","8","0","","67","1","2022","2","39.934362","-75.169249","1219","6","0","0","0","0","0","0","1","0","","0","0","0","12","1","1","","1","0","39 56:03.703","","0","75 10:09.296","4","0","0","0","67301","1","0","0","N","1","0","0","2","67301","1","","1.0","","99","N","N","N","0","","0","0","0","3","3","","1217","2","1","0","0","0","0","0","2","1","1","1","0","0","10","10","","N","","","","","","","","","",""
"2022009959","1715","1","0","0","0","0","0","0","0","0","7","0","","67","1","2022","7","39.89518","-75.193757","1711","6","0","0","0","0","0","0","1","0","","1","0","0","17","3","0","N","0","1","39 53:42.647","2","3","75 11:37.526","1","0","0","0","67301","0","0","0","N","0","0","0","1","68K01","0","1","3.0","1912.0","1","N","N","N","0","0","0","0","0","0","0","N","1710","1","0","1","1","0","0","0","2","0","1","0","0","0","3","03","","N","","","","","","","","","",""
"2022008845","1740","2","0","0","0","0","0","0","0","0","1","0","","67","1","2022","5","39.960292","-75.181655","1735","6","0","0","0","0","1","0","0","0","","0","0","0","17","3","0","N","0","0","39 57:37.050","","0","75 10:53.958","0","0","0","0","67301","0","0","0","N","0","0","0","2","68K01","0","","1.0","","1","N","N","N","0","","0","0","0","0","0","","1734","2","0","0","0","0","0","0","2","0","2","0","0","0","3","03","","N","","","","","","","","","",""