"CRN","ARRIVAL_TM","AUTOMOBILE_COUNT","BELTED_DEATH_COUNT","BELTED_SUSP_SERIOUS_INJ_COUNT","BICYCLE_COUNT","BICYCLE_DEATH_COUNT","BICYCLE_SUSP_SERIOUS_INJ_COUNT","BUS_COUNT","CHLDPAS_DEATH_COUNT","CHLDPAS_SUSP_SERIOUS_INJ_COUNT","COLLISION_TYPE","COMM_VEH_COUNT","CONS_ZONE_SPD_LIM","COUNTY","CRASH_MONTH","CRASH_YEAR","DAY_OF_WEEK","DEC_LATITUDE","DEC_LONGITUDE","DISPATCH_TM","DISTRICT","DRIVER_COUNT_16YR","DRIVER_COUNT_17YR","DRIVER_COUNT_18YR","DRIVER_COUNT_19YR","DRIVER_COUNT_20YR","DRIVER_COUNT_50_64YR","DRIVER_COUNT_65_74YR","DRIVER_COUNT_75PLUS","EST_HRS_CLOSED","FATAL_COUNT","HEAVY_TRUCK_COUNT","HORSE_BUGGY_COUNT","HOUR_OF_DAY","ILLUMINATION","INJURY_COUNT","INTERSECTION_RELATED","INTERSECT_TYPE","LANE_CLOSED","LATITUDE","LN_CLOSE_DIR","LOCATION_TYPE","LONGITUDE","MAX_SEVERITY_LEVEL","MCYCLE_DEATH_COUNT","MCYCLE_SUSP_SERIOUS_INJ_COUNT","MOTORCYCLE_COUNT","MUNICIPALITY","NONMOTR_COUNT","NONMOTR_DEATH_COUNT","NONMOTR_SUSP_SERIOUS_INJ_COUNT","NTFY_HIWY_MAINT","PED_COUNT","PED_DEATH_COUNT","PED_SUSP_SERIOUS_INJ_COUNT","PERSON_COUNT","POLICE_AGCY","POSSIBLE_INJ_COUNT","RDWY_SURF_TYPE_CD","RELATION_TO_ROAD","ROADWAY_CLEARED","ROAD_CONDITION","SCH_BUS_IND","SCH_ZONE_IND","SECONDARY_CRASH","SMALL_TRUCK_COUNT","SPEC_JURIS_CD","SUSP_MINOR_INJ_COUNT","SUSP_SERIOUS_INJ_COUNT","SUV_COUNT","TCD_FUNC_CD","TCD_TYPE","TFC_DETOUR_IND","TIME_OF_DAY","TOTAL_UNITS","TOT_INJ_COUNT","UNBELTED_OCC_COUNT","UNB_DEATH_COUNT","UNB_SUSP_SERIOUS_INJ_COUNT","UNK_INJ_DEG_COUNT","UNK_INJ_PER_COUNT","URBAN_RURAL","VAN_COUNT","VEHICLE_COUNT","VULNERABLE_ROAD_USER_COUNT","VULNERABLE_ROAD_USER_DEATH_COUNT","VULNERABLE_ROAD_USER_SER_INJ_COUNT","WEATHER1","WEATHER2","WORKERS_PRES","WORK_ZONE_IND","WORK_ZONE_LOC","WORK_ZONE_TYPE","WZ_CLOSE_DETOUR","WZ_FLAGGER","WZ_LAW_OFFCR_IND","WZ_LN_CLOSURE","WZ_MOVING","WZ_OTHER","WZ_SHLDER_MDN","WZ_WORKERS_INJ_KILLED"
"2022011343","0228","0","0","0","0","0","0","0","0","0","7","0","","67","1","2022","7","40.02252","-75.037676","0228","6","0","0","0","0","0","0","0","0","","0","1","0","2","3","1","N","0","0","40 01:21.071","","0","75 02:15.634","4","0","0","0","67301","0","0","0","N","0","0","0","1","68K01","1","","2.0","","7","N","N","N","0","","0","0","0","0","0","","204","1","1","0","0","0","0","0","2","0","1","0","0","0","10","","","N","","","","","","","","","",""
"2022004299","1353","2","0","0","0","0","0","0","0","0","5","0","","67","1","2022","5","40.027453","-75.165567","1350","6","0","0","0","0","0","1","0","0","","0","0","0","13","1","1","N","0","1","40 01:38.830","5","0","75 09:56.040","3","0","0","0","67301","0","0","0","N","0","0","0","1","67301","0","","6.0","1425.0","1","N","N","N","0","","1","0","1","0","0","N","1345","3","1","0","0","0","0","0","2","0","3","0","0","0","3","03","","N","","","","","","","","","",""
"2022000037","0200","0","0","0","0","0","0","0","0","0","7","0","","67","1","2022","7","40.104886","-75.027714","0200","6","0","0","0","0","0","0","0","0","","0","0","0","1","3","0","N","0","0","40 06:17.591","","0","75 01:39.772","0","0","0","0","67301","0","0","0","N","0","0","0","1","67301","0","","4.0","","9","N","N","N","0","","0","0","1","0","0","","155","1","0","0","0","0","0","0","2","0","1","0","0","0","7","","","N","","","","","","","","","",""
"2022032205","0028","1","0","0","0","0","0","0","0","0","1","0","","67","4","2022","7","39.928546","-75.196629","0009","6","0","0","0","0","0","1","0","0","","0","0","0","0","2","0","N","0","0","39 55:42.766","","0","75 11:47.866","9","0","0","0","67301","0","0","0","N","0","0","0","2","68Z99","0","","1.0","","1","N","N","N","0","","0","0","0","0","0","","4","2","0","0","0","0","0","1","2","0","2","0","0","0","3","","","N","","","","","","","","","",""
"2022010836","0340","1","0","0","0","0","0","1","0","0","4","1","","67","1","2022","3","39.891942","-75.241906","0333","6","0","0","0","0","0","1","0","0","","0","0","0","3","3","2","","2","0","39 53:30.990","","7","75 14:30.862","3","0","0","0","67301","0","0","0","N","0","0","0","4","67301","0","","1.0","","1","N","N","N","0","","1","0","1","3","2","","315","3","2","0","0","0","1","0","2","0","3","0","0","0","3","98","","N","","","","","","","","","",""
"2022004191","1927","1","0","0","0","0","0","0","0","0","4","0","","67","1","2022","4","40.098352","-75.047075","1915","6","0","0","0","0","0","0","0","0","","0","0","0","19","3","1","","1","0","40 05:54.066","","0","75 02:49.469","3","0","0","0","67301","0","0","0","N","0","0","0","3","67301","0","","1.0","","1","N","N","N","0","","1","0","2","3","2","","1914","3","1","0","0","0","0","0","2","0","3","0","0","0","3","03","","N","","","","","","","","","",""
"2022004273","1815","2","0","0","0","0","0","0","0","0","4","0","","67","1","2022","7","40.01198","-75.135844","1813","6","0","0","0","0","0","0","0","0","","0","0","0","18","3","1","","1","0","40 00:43.128","","0","75 08:09.038","8","0","0","0","67301","0","0","0","N","0","0","0","2","67301","0","","1.0","","9","N","N","N","0","","0","0","0","3","2","","1800","2","1","0","0","0","1","0","2","0","2","0","0","0","7","","","N","","","","","","","","","",""
"2022004197","1815","1","0","0","0","0","0","0","0","0","8","0","","67","1","2022","7","40.048885","-75.012319","1807","6","0","0","0","0","0","0","0","0","","0","0","0","17","2","1","","2","0","40 02:55.985","","0","75 00:44.349","8","0","0","0","67301","1","0","0","N","1","0","0","2","67301","0","","1.0","","9","N","N","N","0","","0","0","0","3","2","","1754","2","1","0","0","0","1","0","2","0","1","1","0","0","7","07","","N","","","","","","","","","",""
"2022004211","1635","1","0","0","0","0","0","0","0","0","5","0","","67","1","2022","1","39.897624","-75.252377","1630","6","0","0","0","0","0","1","0","0","","0","0","0","16","3","1","","1","0","39 53:51.445","","0","75 15:08.556","3","0","0","0","67301","0","0","0","N","0","0","0","2","67301","0","","1.0","","1","N","N","N","0","","1","0","1","3","2","","1625","2","1","0","0","0","0","0","2","0","2","0","0","0","3","04","","N","","","","","","","","","",""
"2022010837","1905","1","0","0","0","0","0","0","0","0","4","0","","67","1","2022","4","40.063523","-75.169834","1853","6","0","0","0","0","0","0","0","1","","0","0","0","16","1","0","","1","9","40 03:48.682","","0","75 10:11.404","0","0","0","0","67301","0","0","0","N","0","0","0","2","67301","0","","1.0","","99","N","N","N","0","","0","0","1","3","2","","1649","2","0","2","0","0","0","0","2","0","2","0","0","0","3","03","","N","","","","","","","","","",""
"2022029691","0940","2","0","0","0","0","0","0","0","0","4","0","","67","3","2022","6","39.984286","-75.161622","0936","6","0","0","0","0","0","0","1","0","","0","0","0","9","1","3","","1","0","39 59:03.429","","0","75 09:41.838","3","0","0","0","67301","0","0","0","N","0","0","0","5","67301","0","","1.0","","1","N","N","N","0","","3","0","0","3","3","","932","2","3","0","0","0","0","0","2","0","2","0","0","0","3","","","N","","","","","","","","","",""
"2022004656","2339","1","0","0","0","0","0","0","0","0","7","0","","67","1","2022","7","39.94781","-75.141839","2333","6","0","0","0","0","0","0","0","0","","0","0","0","23","3","1","N","0","1","39 56:52.117","1","1","75 08:30.620","8","0","0","0","67301","0","0","0","N","0","0","0","1","68K01","0","","3.0","2359.0","9","N","N","N","0","","0","0","0","0","0","N","2332","1","1","1","0","0","1","0","2","0","1","0","0","0","4","04","","N","","","","","","","","","",""
"2022032412","0740","1","0","0","0","0","0","0","0","0","1","0","","67","3","2022","3","39.968487","-75.129199","0730","6","0","0","0","0","0","0","0","0","","0","0","0","7","1","0","N","0","1","39 58:06.552","2","0","75 07:45.118","0","0","0","0","67301","0","0","0","N","0","0","0","2","68K01","0","","1.0","745.0","1","N","N","N","0","","0","0","1","0","0","N","726","2","0","0","0","0","0","0","2","0","2","0","0","0","3","03","","N","","","","","","","","","",""
"2022029186","0155","1","0","0","0","0","0","0","0","0","7","0","","67","3","2022","1","40.099703","-75.064361","0145","6","0","0","0","0","0","0","0","0","","0","0","0","1","3","0","N","0","0","40 05:58.930","","0","75 03:51.700","0","0","0","0","67301","0","0","0","N","0","0","0","1","67301","0","","2.0","","1","N","N","N","0","","0","0","0","0","0","","111","1","0","0","0","0","0","0","2","0","1","0","0","0","3","","","N","","","","","","","","","",""
"2022032292","0917","1","0","0","0","0","0","0","0","0","7","0","","67","3","2022","7","39.994671","-75.083761","0912","6","0","0","0","0","0","0","0","0","","0","0","0","9","1","1","N","0","1","39 59:40.814","1","0","75 05:01.539","8","0","0","0","67301","0","0","0","Y","0","0","0","3","68K01","0","","4.0","930.0","9","N","N","N","0","","0","0","0","0","0","N","907","1","1","0","0","0","1","0","2","0","1","0","0","0","7","","","N","","","","","","","","","",""
"2022004183","1618","1","0","0","0","0","0","0","0","0","8","0","","67","1","2022","5","39.958132","-75.150458","1616","6","0","0","0","0","0","0","0","0","","0","0","0","15","1","1","","1","0","39 57:29.275","","0","75 09:01.648","3","0","0","0","67301","1","0","0","N","1","0","0","2","67301","0","","1.0","","1","N","N","N","0","","1","0","0","3","2","","1510","2","1","0","0","0","0","0","2","0","1","1","0","0","3","03","","N","","","","","","","","","",""
"2022033731","1312","1","0","0","0","0","0","0","0","0","1","0","","67","4","2022","6","39.951985","-75.140998","1302","6","0","0","0","1","0","0","0","0","","0","0","0","12","1","0","N","0","1","39 57:07.147","1","3","75 08:27.594","0","0","0","0","67301","0","0","0","N","0","0","0","2","68T07","0","","1.0","1350.0","99","N","N","N","1","","0","0","0","0","0","N","1259","2","0","0","0","0","0","0","2","0","2","0","0","0","7","07","","N","","","","","","","","","",""
"2022006138","0141","1","0","0","0","0","0","0","0","0","5","0","","67","1","2022","1","39.981493","-75.207136","0141","6","0","0","0","1","0","0","0","0","","0","0","0","1","3","0","N","0","2","39 58:53.374","3","0","75 12:25.690","0","0","0","0","67301","0","0","0","N","0","0","0","1","68K01","0","","2.0","158.0","9","N","N","Y","0","","0","0","1","0","0","N","141","2","0","0","0","0","0","0","2","0","2","0","0","0","7","","","N","","","","","","","","","",""
"2022001494","1505","1","0","0","1","0","0","0","0","0","8","0","","67","1","2022","4","40.006188","-75.151929","1500","6","0","0","0","0","0","0","0","0","","0","0","0","15","1","1","","1","0","40 00:22.276","","0","75 09:06.943","3","0","0","0","67301","1","0","0","N","0","0","0","2","67505","0","","1.0","","1","N","N","N","0","","1","0","0","3","2","","1500","2","1","0","0","0","0","0","2","0","1","1","0","0","3","03","","N","","","","","","","","","",""
"2022032288","1419","1","0","0","0","0","0","0","0","0","5","1","","67","3","2022","4","39.990946","-75.086636","1358","6","0","0","0","0","0","0","0","0","","0","1","0","13","1","0","N","0","1","39 59:27.404","2","0","75 05:11.888","0","0","0","0","67301","0","0","0","N","0","0","0","2","68K01","0","","1.0","1430.0","9","N","N","N","0","","0","0","0","0","0","N","1357","2","0","0","0","0","0","0","2","0","2","0","0","0","7","05","","N","","","","","","","","","",""
"2022004204","1720","1","0","0","0","0","0","0","0","0","4","0","","67","1","2022","7","40.099985","-75.008299","1717","6","0","0","0","0","1","0","0","0","","0","0","0","17","3","0","","2","0","40 05:59.946","","0","75 00:29.876","0","0","0","0","67301","0","0","0","N","0","0","0","2","67301","0","","1.0","","1","N","N","N","0","","0","0","0","3","2","","1715","2","0","0","0","0","0","0","2","1","2","0","0","0","3","03","","N","","","","","","","","","",""
"2022032621","1635","1","0","0","0","0","0","0","0","0","7","0","","67","4","2022","6","40.043465","-75.003093","1617","6","0","0","0","0","0","0","0","0","","0","0","0","6","3","0","N","0","0","40 02:36.474","","0","75 00:11.133","0","0","0","0","67301","0","0","0","N","0","0","0","1","68T07","0","","4.0","","9","N","N","N","0","","0","0","0","0","0","","614","1","0","0","0","0","0","0","2","0","1","0","0","0","4","","","N","","","","","","","","","",""
"2022004269","2120","3","0","0","0","0","0","0","0","0","4","0","","67","1","2022","2","39.972014","-75.163737","2106","6","0","0","0","0","0","0","0","0","","0","0","0","20","3","1","N","0","0","39 58:19.251","","7","75 09:49.452","4","0","0","0","67301","0","0","0","N","0","0","0","3","67301","1","","1.0","","1","N","N","N","0","","0","0","0","0","0","","2042","3","1","0","0","0","0","0","2","0","3","0","0","0","3","03","","N","","","","","","","","","",""
"2022012275","1220","1","0","0","0","0","0","0","0","0","5","0","","67","1","2022","7","40.012219","-75.059847","1207","6","0","0","0","0","0","0","1","0","","0","0","0","12","1","2","N","0","1","40 00:43.990","2","0","75 03:35.449","3","0","0","0","67301","0","0","0","N","0","0","0","8","68K01","0","","1.0","1235.0","1","N","N","N","0","","1","0","1","0","0","N","1204","2","2","0","0","0","1","0","2","0","2","0","0","0","3","","","N","","","","","","","","","",""
"2022004168","1355","0","0","0","0","0","0","0","0","0","1","0","","67","1","2022","2","40.036839","-75.064022","1347","6","0","0","0","0","0","1","0","0","","0","0","0","13","1","0","N","0","0","40 02:12.620","","0","75 03:50.479","0","0","0","0","67301","0","0","0","N","0","0","0","2","67301","0","","1.0","","9","N","N","N","0","","0","0","2","0","0","","1313","2","0","0","0","0","0","0","2","0","2","0","0","0","10","04","","N","","","","","","","","","",""
"2022004270","2321","2","0","0","0","0","0","0","0","0","4","0","","67","1","2022","1","39.997217","-75.119346","2320","6","0","0","0","0","0","0","0","0","","0","0","0","21","3","2","","1","0","39 59:49.981","","0","75 07:09.644","8","0","0","0","67301","0","0","0","N","0","0","0","3","67301","0","","1.0","","1","N","N","N","0","","0","0","0","3","2","","2125","2","2","1","0","0","2","0","2","0","2","0","0","0","99","03","","N","","","","","","","","","",""
"2022004247","0802","2","0","0","0","0","0","0","0","0","4","0","","67","1","2022","4","39.967528","-75.193944","0759","6","0","0","0","0","0","0","0","0","","0","0","0","7","8","0","N","0","2","39 58:03.100","6","0","75 11:38.200","0","0","0","0","67301","0","0","0","N","0","0","0","3","67301","0","","1.0","840.0","2","N","N","N","1","","0","0","0","0","0","Y","755","3","0","0","0","0","0","0","2","0","3","0","0","0","6","","","N","","","","","","","","","",""
"2022004176","2055","1","0","0","0","0","0","0","0","0","8","0","","67","1","2022","1","39.923299","-75.161318","2051","6","0","0","0","0","0","0","0","0","","0","0","0","20","2","1","","1","0","39 55:23.877","","0","75 09:40.743","3","0","0","0","67301","1","0","0","N","1","0","0","2","67301","0","","1.0","","1","N","N","N","0","","1","0","0","3","2","","2035","2","1","0","0","0","0","0","2","0","1","1","0","0","3","03","","N","","","","","","","","","",""
"2022029490","0112","2","0","0","0","0","0","0","0","0","2","0","","67","3","2022","2","40.013587","-75.068535","0105","6","0","0","0","0","0","1","0","0","","0","0","0","21","3","0","","5","0","40 00:48.913","","0","75 04:06.725","0","0","0","0","67301","0","0","0","N","0","0","0","2","67301","0","","1.0","","1","N","N","N","0","","0","0","0","3","2","","2148","2","0","0","0","0","0","0","2","0","2","0","0","0","3","03","","N","","","","","","","","","",""
"2022028351","2237","1","0","0","0","0","0","0","0","0","1","1","","67","3","2022","2","39.953167","-75.136083","2235","6","0","0","0","0","0","1","0","0","","0","1","0","22","3","2","N","0","2","39 57:11.400","3","3","75 08:09.900","2","0","0","0","67301","0","0","0","N","0","0","0","3","67501","0","","1.0","2356.0","1","N","N","N","0","","1","1","0","3","8","N","2235","2","2","0","0","0","0","0","2","0","2","0","0","0","3","03","","N","","","","","","","","","",""
"2022029644","1945","1","0","0","0","0","0","0","0","0","1","0","","67","3","2022","4","39.901564","-75.174302","1945","6","0","0","0","0","0","1","0","0","","0","0","0","19","3","0","N","0","1","39 54:05.629","2","0","75 10:27.488","0","0","0","0","67301","0","0","0","N","0","0","0","5","67301","0","","1.0","100.0","1","N","N","N","0","","0","0","2","0","0","N","1909","3","0","0","0","0","0","0","2","0","3","0","0","0","3","03","","N","","","","","","","","","",""
"2022029185","1730","0","0","0","0","0","0","0","0","0","2","0","","67","3","2022","7","40.11296","-75.023011","1723","6","0","0","0","0","0","1","0","0","","0","0","0","17","1","3","","1","1","40 06:46.657","1","0","75 01:22.840","3","0","0","0","67301","0","0","0","N","0","0","0","3","67301","0","","1.0","1830.0","1","N","N","N","0","","3","0","2","3","2","N","1716","2","3","0","0","0","0","0","2","0","2","0","0","0","3","03","","N","","","","","","","","","",""
"2022029454","1755","2","0","0","0","0","0","0","0","0","5","0","","67","3","2022","5","39.927203","-75.172399","1752","6","0","0","0","0","0","0","0","0","","0","0","0","17","1","0","N","0","2","39 55:37.930","1","0","75 10:20.638","0","0","0","0","67301","0","0","0","N","0","0","0","1","67505","0","","1.0","1830.0","9","N","Y","N","0","","0","0","1","0","0","Y","1750","3","0","1","0","0","0","0","2","0","3","0","0","0","7","07","","N","","","","","","","","","",""
"2022004286","1630","2","0","0","0","0","0","0","0","0","4","0","","67","1","2022","1","39.974163","-75.133327","1629","6","0","0","0","0","0","0","0","0","","0","0","0","16","4","0","","5","0","39 58:26.987","","1","75 07:59.978","9","0","0","0","67301","0","0","0","N","0","0","0","2","67301","0","","1.0","","9","N","N","N","0","","0","0","0","3","3","","1600","2","0","0","0","0","0","1","2","0","2","0","0","0","7","","","N","","","","","","","","","",""
"2022004195","0108","1","0","0","0","0","0","0","0","0","6","0","","67","1","2022","1","40.117906","-75.036514","0100","6","0","0","0","0","0","0","0","0","","0","0","0","0","3","1","N","0","0","40 07:04.460","","0","75 02:11.450","8","0","0","0","67301","0","0","0","N","0","0","0","3","67301","0","","1.0","","1","N","N","N","2","","0","0","0","0","0","","59","3","1","0","0","0","1","1","2","0","3","0","0","0","3","03","","N","","","","","","","","","",""
"2022032303","1614","0","0","0","0","0","0","0","0","0","1","0","","67","3","2022","6","40.055348","-74.984327","1611","6","0","0","0","0","0","0","0","0","","0","0","0","16","1","0","N","0","1","40 03:19.254","1","0","74 59:03.578","0","0","0","0","67301","0","0","0","N","0","0","0","4","68K01","0","","1.0","1627.0","1","N","N","N","1","","0","0","1","0","0","N","1606","3","0","0","0","0","0","0","2","1","3","0","0","0","3","","","N","","","","","","","","","",""
"2022029210","1734","1","0","0","0","0","0","0","0","0","8","0","","67","3","2022","3","40.059538","-75.165456","1734","6","0","0","0","0","0","0","0","0","","0","0","0","17","1","1","","1","0","40 03:34.337","","0","75 09:55.640","8","0","0","0","67301","1","0","0","N","1","0","0","2","67301","0","","1.0","","1","N","N","N","0","","0","0","0","3","2","","1729","2","1","0","0","0","1","0","2","0","1","1","0","0","3","","","N","","","","","","","","","",""
"2022033225","1205","1","0","0","0","0","0","0","0","0","8","0","","67","4","2022","3","39.922516","-75.145859","1146","6","0","0","0","0","0","0","0","0","","0","0","0","11","1","1","","2","0","39 55:21.057","","0","75 08:45.092","8","0","0","0","67301","1","0","0","N","1","0","0","2","67301","0","","1.0","","1","N","N","N","0","","0","0","0","3","3","","1119","2","1","0","0","0","1","1","2","0","1","1","0","0","3","","","N","","","","","","","","","",""
"2022029199","2131","2","0","0","0","0","0","0","0","0","4","0","","67","3","2022","5","39.942651","-75.236421","2126","6","0","0","0","0","0","1","0","0","","0","0","0","10","1","1","","1","0","39 56:33.543","","0","75 14:11.115","4","0","0","0","67301","0","0","0","N","0","0","0","2","67301","1","","1.0","","9","N","N","N","0","","0","0","0","3","2","","1020","2","1","0","0","0","0","0","2","0","2","0","0","0","7","","","N","","","","","","","","","",""
"2022029223","1801","2","0","0","0","0","0","0","0","0","4","0","","67","3","2022","6","40.040715","-75.029938","1755","6","0","0","0","0","0","0","0","0","","0","0","0","17","1","2","","1","0","40 02:26.574","","0","75 01:47.778","4","0","0","0","67301","0","0","0","N","0","0","0","3","67301","2","","1.0","","1","N","N","N","0","","0","0","0","0","0","","1741","2","2","2","0","0","0","0","2","0","2","0","0","0","3","","","N","","","","","","","","","",""
"2022027688","0239","1","0","0","0","0","0","0","0","0","7","0","","67","3","2022","3","40.008905","-75.205331","0206","6","0","0","0","0","0","0","0","0","","0","0","0","1","3","1","N","0","0","40 00:32.059","","0","75 12:19.191","3","0","0","0","67301","0","0","0","N","0","0","0","1","68K01","0","","4.0","","1","N","N","N","0","","1","0","0","0","0","","152","1","1","0","0","0","0","0","2","0","1","0","0","0","3","","","N","","","","","","","","","",""
"2022032932","1600","2","0","0","0","0","0","0","0","0","4","0","","67","4","2022","7","39.970502","-75.152491","1600","6","0","0","0","0","0","1","1","0","","0","0","0","9","1","0","N","0","9","39 58:13.808","","7","75 09:08.969","9","0","0","0","67301","0","0","0","N","0","0","0","3","67301","0","","1.0","","1","N","N","N","0","","0","0","0","0","0","","900","2","0","0","0","0","0","3","2","0","2","0","0","0","3","03","","N","","","","","","","","","",""
"2022004210","0855","0","0","0","0","0","0","0","0","0","4","0","","67","1","2022","7","39.940369","-75.236609","0851","6","0","0","0","0","0","1","0","0","","0","0","0","7","1","1","","1","0","39 56:25.327","","0","75 14:11.791","8","0","0","0","67301","0","0","0","N","0","0","0","2","67301","0","","1.0","","9","N","N","N","0","","0","0","2","3","2","","738","2","1","0","0","0","1","1","2","0","2","0","0","0","7","04","","N","","","","","","","","","",""
"2022008856","2231","2","0","0","0","0","0","0","0","0","6","0","","67","1","2022","1","40.040323","-75.006043","2219","6","0","0","0","0","0","0","0","0","","0","0","0","22","3","0","N","0","2","40 02:25.164","2","0","75 00:21.754","0","0","0","0","67301","0","0","0","N","0","0","0","1","68K01","0","","1.0","2241.0","9","N","N","N","0","","0","0","0","0","0","N","2208","2","0","0","0","0","0","0","2","0","2","0","0","0","7","","","N","","","","","","","","","",""
"2022004274","0428","4","0","0","0","0","0","0","0","0","4","0","","67","1","2022","2","40.001433","-75.127313","0421","6","0","0","0","0","0","0","0","0","","0","0","0","3","3","0","","2","0","40 00:05.158","","0","75 07:38.326","0","0","0","0","67301","0","0","0","N","0","0","0","2","67301","0","","1.0","","1","N","N","N","0","","0","0","1","3","3","","341","5","0","0","0","0","0","0","2","0","5","0","0","0","3","03","","N","","","","","","","","","",""
"2022004262","2319","0","0","0","0","0","0","0","0","0","4","0","","67","1","2022","7","39.990293","-75.220316","2250","6","0","0","0","1","0","0","0","0","","0","0","0","22","3","0","","1","0","39 59:25.054","","0","75 13:13.138","0","0","0","0","67301","0","0","0","N","0","0","0","2","67301","0","","1.0","","9","N","N","N","1","","0","0","1","3","2","","2246","2","0","0","0","0","0","0","2","0","2","0","0","0","3","03","","N","","","","","","","","","",""
"2022026791","1238","1","0","0","0","0","0","0","0","0","4","0","","67","1","2022","5","39.975348","-75.245499","1235","6","0","0","0","0","0","1","0","0","","0","0","0","12","1","1","","1","0","39 58:31.251","","0","75 14:43.798","3","0","0","0","67301","0","0","0","N","0","0","0","3","67301","0","","1.0","","1","N","N","N","0","","1","0","3","3","2","","1233","4","1","0","0","0","0","0","2","0","4","0","0","0","3","","","N","","","","","","","","","",""
"2022029183","1045","1","0","0","0","0","0","0","0","0","8","0","","67","3","2022","3","39.94715","-75.156081","1040","6","0","0","0","0","0","1","0","0","","0","0","0","10","1","1","","2","0","39 56:49.740","","0","75 09:21.892","3","0","0","0","67301","1","0","0","N","1","0","0","2","67301","0","","1.0","","1","N","N","N","0","","1","0","0","3","2","","1030","2","1","1","0","0","0","0","2","0","1","1","0","0","3","03","","N","","","","","","","","","",""
"2022032052","0156","0","0","0","0","0","0","1","0","0","4","1","","67","3","2022","1","39.993931","-75.154462","0146","6","0","0","0","0","0","0","0","0","","0","0","0","1","3","2","","1","0","39 59:38.150","","0","75 09:16.063","4","0","0","0","67301","0","0","0","N","0","0","0","4","67508","2","","1.0","","1","N","N","Y","0","","0","0","0","3","2","","146","2","2","0","0","0","0","0","2","0","2","0","0","0","3","03","","N","","","","","","","","","",""
"2022027856","0152","2","0","0","0","0","0","0","0","0","5","0","","67","3","2022","7","39.969868","-75.126252","0137","6","0","0","0","0","0","0","0","0","","0","0","0","1","3","0","N","0","0","39 58:11.524","","0","75 07:34.508","0","0","0","0","67301","0","0","0","N","0","0","0","3","68K01","0","","1.0","","1","N","N","N","0","","0","0","0","0","0","","125","2","0","0","0","0","0","0","2","0","2","0","0","0","3","03","","N","","","","","","","","","",""
"2022010846","0225","0","0","0","0","0","0","0","0","0","5","0","","67","1","2022","2","39.999444","-75.074917","0220","6","0","0","0","0","0","0","0","0","","0","0","0","1","3","0","N","0","0","39 59:58.000","","0","75 04:29.700","0","0","0","0","67301","0","0","0","N","0","0","0","1","67301","0","","6.0","","1","N","N","N","0","","0","0","4","0","0","","134","4","0","0","0","0","0","0","2","0","4","0","0","0","3","03","","N","","","","","","","","","",""
"2022004278","1120","1","0","0","0","0","0","0","0","0","7","0","","67","1","2022","6","40.020384","-75.141399","1113","6","0","0","0","0","0","0","0","0","","0","0","0","11","1","1","N","0","1","40 01:13.383","1","0","75 08:29.037","3","0","0","0","67301","0","0","0","N","0","0","0","1","67301","0","","3.0","1200.0","9","N","N","N","0","","1","0","0","0","0","Y","1110","1","1","0","0","0","0","0","2","0","1","0","0","0","10","04","","N","","","","","","","","","",""
"2022027658","0142","1","0","0","0","0","0","0","0","0","1","0","","67","3","2022","7","39.911019","-75.172567","0142","6","0","0","0","0","0","0","1","0","","0","0","0","1","3","0","N","0","0","39 54:39.669","","0","75 10:21.242","0","0","0","0","67301","0","0","0","N","0","0","0","4","67505","0","","1.0","","1","N","N","N","0","","0","0","1","0","0","","142","2","0","1","0","0","0","0","2","0","2","0","0","0","3","","","N","","","","","","","","","",""
"2022032041","2225","1","0","0","0","0","0","1","0","0","1","1","","67","3","2022","6","40.065418","-75.083527","2214","6","0","0","0","0","0","0","0","0","","0","0","0","22","6","0","","1","1","40 03:55.506","1","0","75 05:00.696","0","0","0","0","67301","0","0","0","N","0","0","0","2","67508","0","","1.0","9999.0","1","N","N","Y","0","","0","0","0","0","0","N","2214","2","0","0","0","0","0","0","2","0","2","0","0","0","3","03","","N","","","","","","","","","",""
"2022004202","1645","2","0","0","0","0","0","0","0","0","1","0","","67","1","2022","5","40.079989","-74.997289","1635","6","0","0","0","0","0","1","1","0","","0","0","0","15","1","1","","2","0","40 04:47.959","","0","74 59:50.241","4","0","0","0","67301","0","0","0","N","0","0","0","3","67301","1","","1.0","","1","N","N","N","0","","0","0","0","3","2","","1540","2","1","0","0","0","0","0","2","0","2","0","0","0","3","","","N","","","","","","","","","",""
"2022014754","1100","0","0","0","0","0","0","0","0","0","8","0","","67","1","2022","7","39.945046","-75.215299","1054","6","0","0","0","0","0","0","0","0","","0","0","0","10","1","1","","1","0","39 56:42.164","","0","75 12:55.075","8","0","0","0","67301","1","0","0","N","1","0","0","2","67301","0","","1.0","","1","N","N","N","0","","0","0","0","3","3","","1051","2","1","0","0","0","1","0","2","0","1","1","0","0","3","","","N","","","","","","","","","",""
"2022029258","1130","1","0","0","0","0","0","0","0","0","4","0","","67","3","2022","5","39.97025","-75.130482","1125","6","0","0","0","0","0","1","0","0","","0","0","0","11","1","0","","1","0","39 58:12.899","","0","75 07:49.736","0","0","0","0","67301","0","0","0","N","0","0","0","2","67301","0","","1.0","","9","N","N","N","1","","0","0","0","3","2","","1100","2","0","0","0","0","0","0","2","0","2","0","0","0","7","","","N","","","","","","","","","",""