"CRN","ARRIVAL_TM","AUTOMOBILE_COUNT","BELTED_DEATH_COUNT","BELTED_SUSP_SERIOUS_INJ_COUNT","BICYCLE_COUNT","BICYCLE_DEATH_COUNT","BICYCLE_SUSP_SERIOUS_INJ_COUNT","BUS_COUNT","CHLDPAS_DEATH_COUNT","CHLDPAS_SUSP_SERIOUS_INJ_COUNT","COLLISION_TYPE","COMM_VEH_COUNT","CONS_ZONE_SPD_LIM","COUNTY","CRASH_MONTH","CRASH_YEAR","DAY_OF_WEEK","DEC_LATITUDE","DEC_LONGITUDE","DISPATCH_TM","DISTRICT","DRIVER_COUNT_16YR","DRIVER_COUNT_17YR","DRIVER_COUNT_18YR","DRIVER_COUNT_19YR","DRIVER_COUNT_20YR","DRIVER_COUNT_50_64YR","DRIVER_COUNT_65_74YR","DRIVER_COUNT_75PLUS","EST_HRS_CLOSED","FATAL_COUNT","HEAVY_TRUCK_COUNT","HORSE_BUGGY_COUNT","HOUR_OF_DAY","ILLUMINATION","INJURY_COUNT","INTERSECTION_RELATED","INTERSECT_TYPE","LANE_CLOSED","LATITUDE","LN_CLOSE_DIR","LOCATION_TYPE","LONGITUDE","MAX_SEVERITY_LEVEL","MCYCLE_DEATH_COUNT","MCYCLE_SUSP_SERIOUS_INJ_COUNT","MOTORCYCLE_COUNT","MUNICIPALITY","NONMOTR_COUNT","NONMOTR_DEATH_COUNT","NONMOTR_SUSP_SERIOUS_INJ_COUNT","NTFY_HIWY_MAINT","PED_COUNT","PED_DEATH_COUNT","PED_SUSP_SERIOUS_INJ_COUNT","PERSON_COUNT","POLICE_AGCY","POSSIBLE_INJ_COUNT","RDWY_SURF_TYPE_CD","RELATION_TO_ROAD","ROADWAY_CLEARED","ROAD_CONDITION","SCH_BUS_IND","SCH_ZONE_IND","SECONDARY_CRASH","SMALL_TRUCK_COUNT","SPEC_JURIS_CD","SUSP_MINOR_INJ_COUNT","SUSP_SERIOUS_INJ_COUNT","SUV_COUNT","TCD_FUNC_CD","TCD_TYPE","TFC_DETOUR_IND","TIME_OF_DAY","TOTAL_UNITS","TOT_INJ_COUNT","UNBELTED_OCC_COUNT","UNB_DEATH_COUNT","UNB_SUSP_SERIOUS_INJ_COUNT","UNK_INJ_DEG_COUNT","UNK_INJ_PER_COUNT","URBAN_RURAL","VAN_COUNT","VEHICLE_COUNT","VULNERABLE_ROAD_USER_COUNT","VULNERABLE_ROAD_USER_DEATH_COUNT","VULNERABLE_ROAD_USER_SER_INJ_COUNT","WEATHER1","WEATHER2","WORKERS_PRES","WORK_ZONE_IND","WORK_ZONE_LOC","WORK_ZONE_TYPE","WZ_CLOSE_DETOUR","WZ_FLAGGER","WZ_LAW_OFFCR_IND","WZ_LN_CLOSURE","WZ_MOVING","WZ_OTHER","WZ_SHLDER_MDN","WZ_WORKERS_INJ_KILLED"
"2022000591","1335","1","0","0","0","0","0","0","0","0","4","0","","67","1","2022","2","39.982446","-75.162841","1333","6","0","0","0","0","1","1","0","0","","0","0","0","13","1","0","","2","0","39 58:56.805","","0","75 09:46.227","0","0","0","0","67301","0","0","0","N","0","0","0","2","67505","0","","1.0","","9","N","N","N","0","","0","0","2","3","3","","1325","3","0","0","0","0","0","0","2","0","3","0","0","0","10","07","","N","","","","","","","","","",""
"2022032317","1852","2","0","0","0","0","0","0","0","0","1","0","","67","3","2022","4","39.968139","-75.130383","1852","6","0","0","0","0","0","0","0","0","","0","0","0","18","1","0","N","0","0","39 58:05.299","","0","75 07:49.378","0","0","0","0","67301","0","0","0","N","0","0","0","2","68K01","0","","1.0","","1","N","N","N","0","","0","0","0","0","0","","1822","2","0","0","0","0","0","0","2","0","2","0","0","0","3","03","","N","","","","","","","","","",""
"2022029191","2209","2","0","0","0","0","0","0","0","0","2","0","","67","3","2022","6","40.059059","-75.016975","2208","6","0","0","0","0","0","0","0","0","","0","0","0","22","3","0","N","0","0","40 03:32.611","","0","75 01:01.111","0","0","0","0","67301","0","0","0","N","0","0","0","1","67301","0","","5.0","","1","N","N","N","0","","0","0","3","3","2","","2208","5","0","0","0","0","0","0","2","0","5","0","0","0","3","03","","N","","","","","","","","","",""
"2022032846","2033","2","0","0","0","0","0","0","0","0","4","0","","67","4","2022","1","40.063101","-75.086539","2033","6","0","1","0","0","0","0","0","0","","0","0","0","20","3","0","","2","1","40 03:47.162","4","0","75 05:11.542","0","0","0","0","67301","0","0","0","N","0","0","0","2","67301","0","","1.0","2100.0","1","N","N","N","0","","0","0","0","3","2","N","2033","2","0","0","0","0","0","0","2","0","2","0","0","0","3","","","N","","","","","","","","","",""
"2022015451","1300","3","0","0","0","0","0","0","0","0","1","0","","67","2","2022","6","39.957064","-75.145376","1234","6","0","0","0","1","0","0","1","0","","0","0","0","12","1","0","N","0","0","39 57:25.431","","0","75 08:43.352","0","0","0","0","67301","0","0","0","N","0","0","0","3","68K01","0","","1.0","","9","N","N","N","0","","0","0","0","0","0","","1224","3","0","0","0","0","0","0","2","0","3","0","0","0","7","","","N","","","","","","","","","",""
"2022014549","2218","2","0","0","0","0","0","0","0","0","2","0","","67","2","2022","7","40.058913","-75.084956","2218","6","0","0","0","0","0","1","0","0","","0","0","0","22","3","1","","1","0","40 03:32.087","","0","75 05:05.840","4","0","0","0","67301","0","0","0","N","0","0","0","2","67301","1","","1.0","","1","N","N","N","0","","0","0","0","3","2","","2218","2","1","2","0","0","0","0","2","0","2","0","0","0","3","03","","N","","","","","","","","","",""
"2022014569","1105","1","0","0","0","0","0","0","0","0","8","0","","67","1","2022","7","39.943856","-75.151431","1100","6","0","0","0","0","0","1","0","0","","0","0","0","10","1","1","N","0","0","39 56:37.880","","0","75 09:05.150","3","0","0","0","67301","1","0","0","N","1","0","0","2","67301","0","","1.0","","1","N","N","N","0","","1","0","0","3","2","","1050","2","1","1","0","0","0","0","2","0","1","1","0","0","3","03","","N","","","","","","","","","",""
"2022014758","0045","1","0","0","0","0","0","0","0","0","4","1","","67","1","2022","2","39.957136","-75.214321","0035","6","0","0","0","0","0","1","0","0","","0","1","0","22","3","2","","1","0","39 57:25.688","","0","75 12:51.554","3","0","0","0","67301","0","0","0","N","0","0","0","3","67301","0","","1.0","","1","N","N","N","0","","2","0","0","3","2","","2250","2","2","0","0","0","0","0","2","0","2","0","0","0","3","03","","N","","","","","","","","","",""
"2022014619","1948","1","0","0","0","0","0","0","0","0","7","0","","67","2","2022","7","40.094122","-74.980502","1944","6","0","0","0","0","0","0","0","0","","0","0","0","19","3","0","N","0","2","40 05:38.840","3","0","74 58:49.808","9","0","0","0","67301","0","0","0","N","0","0","0","1","67301","0","","2.0","15.0","1","N","N","N","0","","0","0","0","0","0","N","1941","1","0","1","0","0","0","1","2","0","1","0","0","0","3","","","N","","","","","","","","","",""
"2022014718","2337","2","0","0","0","0","0","0","0","0","4","0","","67","1","2022","4","40.026503","-75.04216","2336","6","0","0","0","0","0","1","0","0","","0","0","0","23","3","1","","1","0","40 01:35.410","","0","75 02:31.777","3","0","0","0","67301","0","0","0","N","0","0","0","2","67301","0","","1.0","","1","N","N","N","0","","1","0","0","2","3","","2315","2","1","0","0","0","0","0","2","0","2","0","0","0","3","03","","N","","","","","","","","","",""
"2022014720","1555","2","0","0","0","0","0","0","0","0","2","0","","67","1","2022","5","40.013868","-75.073075","1547","6","0","0","0","0","0","0","0","0","","0","0","0","14","1","0","","1","0","40 00:49.924","","0","75 04:23.069","9","0","0","0","67301","0","0","0","N","0","0","0","2","67301","0","","1.0","","1","N","N","N","0","","0","0","0","3","3","","1430","2","0","0","0","0","0","2","2","0","2","0","0","0","3","","","N","","","","","","","","","",""
"2022013762","1823","1","0","0","0","0","0","0","0","0","7","0","","67","2","2022","6","40.041023","-75.00511","1811","6","0","0","0","0","0","0","0","0","","0","0","0","18","3","0","N","0","1","40 02:27.684","2","0","75 00:18.397","0","0","0","0","67301","0","0","0","N","0","0","0","1","68K01","0","","3.0","1850.0","9","N","N","N","0","","0","0","0","0","0","N","1810","1","0","0","0","0","0","0","2","0","1","0","0","0","7","07","","N","","","","","","","","","",""
"2022004161","1209","0","0","0","0","0","0","0","0","0","7","0","","67","1","2022","4","39.90167","-75.203003","1200","6","0","0","0","0","0","0","0","0","","0","0","0","11","1","0","N","0","0","39 54:06.013","","3","75 12:10.810","0","0","0","0","67301","0","0","0","N","0","0","0","1","67301","0","","3.0","","9","N","N","N","1","","0","0","0","0","0","","1140","1","0","0","0","0","0","0","2","0","1","0","0","0","3","03","","N","","","","","","","","","",""
"2022013935","0100","1","0","0","0","0","0","0","0","0","7","0","","67","2","2022","6","40.037337","-75.013236","1244","6","0","0","0","0","0","0","0","0","","0","0","0","0","3","0","N","0","0","40 02:14.413","","0","75 00:47.650","0","0","0","0","67301","0","0","0","N","0","0","0","1","68K01","0","","4.0","","9","N","N","N","0","","0","0","0","0","0","","39","1","0","0","0","0","0","0","2","0","1","0","0","0","7","98","","N","","","","","","","","","",""
"2022014884","1618","2","0","0","0","0","0","0","0","0","1","0","","67","1","2022","1","40.015302","-75.176979","1610","6","0","0","0","0","0","0","0","0","","0","0","0","16","1","0","N","0","0","40 00:55.086","","0","75 10:37.123","0","0","0","0","67301","0","0","0","N","0","0","0","2","67301","0","","1.0","","1","N","N","N","0","","0","0","0","0","0","","1610","2","0","0","0","0","0","0","2","0","2","0","0","0","3","03","","N","","","","","","","","","",""
"2022014649","0717","1","0","0","0","0","0","0","0","0","7","0","","67","2","2022","3","39.916919","-75.21597","0714","6","0","0","0","0","0","1","0","0","","0","0","0","7","1","1","","2","0","39 55:00.909","","0","75 12:57.493","3","0","0","0","67301","0","0","0","N","0","0","0","1","67301","0","","2.0","","9","N","N","N","0","","1","0","0","3","2","","703","1","1","0","0","0","0","0","2","0","1","0","0","0","10","","","N","","","","","","","","","",""
"2022014731","1841","1","0","0","0","0","0","0","0","0","7","0","","67","1","2022","2","40.021156","-75.100447","1836","6","0","0","0","0","0","1","0","0","","0","0","0","18","3","1","N","0","1","40 01:16.160","7","0","75 06:01.610","3","0","0","0","67301","0","0","0","N","0","0","0","2","67301","0","","5.0","1953.0","2","N","N","N","0","","1","0","0","0","0","Y","1835","1","1","0","0","0","0","0","2","0","1","0","0","0","3","","","N","","","","","","","","","",""
"2022014639","1215","2","0","0","0","0","0","0","0","0","4","0","","67","1","2022","2","39.921054","-75.239462","1211","6","0","0","0","0","0","0","0","0","","0","0","0","12","1","1","","2","1","39 55:15.794","5","0","75 14:22.063","3","0","0","0","67301","0","0","0","N","0","0","0","3","67301","0","","1.0","1230.0","1","N","N","N","0","","1","0","0","3","3","Y","1209","2","1","0","0","0","0","0","2","0","2","0","0","0","3","98","","N","","","","","","","","","",""
"2022015479","1143","2","0","0","0","0","0","0","0","0","1","0","","67","1","2022","4","40.045928","-75.001816","1126","6","0","0","0","0","0","0","0","0","","0","0","0","11","1","1","N","6","0","40 02:45.339","","2","75 00:06.539","3","0","0","0","67301","0","0","0","N","0","0","0","2","68K01","0","","1.0","","1","N","N","N","0","","1","0","0","3","4","","1118","2","1","0","0","0","0","0","2","0","2","0","0","0","3","03","","N","","","","","","","","","",""
"2022014903","2125","1","0","0","0","0","0","0","0","0","8","0","","67","2","2022","6","40.017114","-75.149528","2124","6","0","0","0","0","0","1","0","0","","0","0","0","21","3","2","N","0","0","40 01:01.611","","0","75 08:58.302","3","0","0","0","67301","1","0","0","N","1","0","0","2","67301","1","","1.0","","9","N","N","N","0","","1","0","0","3","2","","2114","2","2","0","0","0","0","0","2","0","1","1","0","0","3","","","N","","","","","","","","","",""
"2022013771","1635","2","0","0","0","0","0","0","0","0","1","0","","67","2","2022","7","39.998578","-75.195545","1622","6","0","0","0","0","0","0","0","0","","0","0","0","16","1","0","N","0","0","39 59:54.879","","0","75 11:43.962","0","0","0","0","67301","0","0","0","N","0","0","0","2","68K01","0","","1.0","","1","N","N","N","0","","0","0","0","0","0","","1617","2","0","0","0","0","0","0","2","0","2","0","0","0","3","03","","N","","","","","","","","","",""
"2022015155","0321","1","0","0","0","0","0","0","0","0","7","0","","67","1","2022","7","39.979711","-75.107662","0321","6","0","0","0","0","0","0","0","0","","1","0","0","3","3","0","N","0","1","39 58:46.961","5","1","75 06:27.583","1","0","0","0","67301","0","0","0","N","0","0","0","1","67301","0","2","4.0","422.0","1","N","N","N","0","0","0","0","0","0","0","N","319","1","0","0","0","0","0","0","2","0","1","0","0","0","3","03","","N","","","","","","","","","",""
"2022014707","1602","2","0","0","0","0","0","0","0","0","4","0","","67","1","2022","4","40.000308","-75.083658","1546","6","0","0","0","0","0","2","0","0","","0","0","0","15","1","2","","2","0","40 00:01.107","","2","75 05:01.169","3","0","0","0","67301","0","0","0","N","0","0","0","3","67301","0","","1.0","","1","N","N","N","0","","2","0","0","3","2","","1518","2","2","0","0","0","0","0","2","0","2","0","0","0","3","03","","N","","","","","","","","","",""
"2022014732","2112","2","0","0","0","0","0","0","0","0","4","0","","67","2","2022","3","40.034349","-75.038553","2106","6","0","0","0","0","0","2","0","0","","0","0","0","20","3","0","","1","0","40 02:03.656","","0","75 02:18.792","0","0","0","0","67301","0","0","0","N","0","0","0","2","67301","0","","1.0","","1","N","N","N","0","","0","0","0","3","2","","2053","2","0","0","0","0","0","0","2","0","2","0","0","0","3","","","N","","","","","","","","","",""
"2022013955","0143","2","0","0","0","0","0","0","0","0","5","0","","67","2","2022","1","39.991862","-75.202189","0142","6","0","0","0","0","0","0","0","0","","0","0","0","1","2","1","N","0","1","39 59:30.703","4","0","75 12:07.882","8","0","0","0","67301","0","0","0","N","0","0","0","5","68K01","0","","1.0","215.0","1","N","N","N","0","","0","0","1","0","0","N","140","4","1","0","0","0","1","1","2","0","4","0","0","0","3","03","","N","","","","","","","","","",""
"2022005492","0830","0","0","0","0","0","0","0","0","0","1","1","","67","1","2022","6","40.005231","-75.196479","0828","6","0","0","0","0","0","0","0","0","","0","1","0","8","1","0","N","0","0","40 00:18.830","","0","75 11:47.323","0","0","0","0","67301","0","0","0","N","0","0","0","2","68K01","0","","1.0","","9","N","N","N","0","","0","0","1","0","0","","824","2","0","0","0","0","0","0","2","0","2","0","0","0","3","","","N","","","","","","","","","",""
"2022013526","1450","1","0","0","0","0","0","0","0","0","7","0","","67","2","2022","6","39.917483","-75.147556","1411","6","0","0","0","0","0","0","0","0","","0","0","0","14","1","0","N","0","0","39 55:02.940","","0","75 08:51.200","0","0","0","0","67301","0","0","0","N","0","0","0","1","68K01","0","","2.0","","9","N","N","N","0","","0","0","0","0","0","","1406","1","0","0","0","0","0","0","2","0","1","0","0","0","7","","","N","","","","","","","","","",""
"2022013515","1344","1","0","0","0","0","0","0","0","0","7","0","","67","2","2022","5","40.0309","-75.021796","1337","6","0","0","0","0","0","0","0","0","","0","0","0","13","1","0","N","0","2","40 01:51.241","1","0","75 01:18.466","0","0","0","0","67301","0","0","0","N","0","0","0","1","68K01","0","","3.0","1409.0","9","N","N","N","0","","0","0","0","0","0","N","1336","1","0","0","0","0","0","0","2","0","1","0","0","0","7","","","N","","","","","","","","","",""
"2022032765","1203","0","0","0","0","0","0","0","0","0","5","1","35","67","4","2022","2","39.954117","-75.140379","1200","6","0","0","0","0","0","0","0","0","","0","1","0","12","1","0","N","0","2","39 57:14.820","4","3","75 08:25.363","0","0","0","0","67301","0","0","0","N","0","0","0","2","67501","0","","1.0","1216.0","1","N","N","N","0","","0","0","1","3","8","N","1200","2","0","0","0","0","0","0","2","0","2","0","0","0","3","","Y","Y","4","1","","","N","Y","Y","","Y","N"
"2022014606","2212","3","0","0","0","0","0","0","0","0","6","0","","67","1","2022","6","40.080844","-74.971964","2209","6","0","0","0","0","0","0","0","0","","0","0","0","22","3","2","N","0","0","40 04:51.040","","0","74 58:19.070","3","0","0","0","67301","0","0","0","N","0","0","0","2","67301","0","","6.0","","1","N","N","N","0","","2","0","1","0","0","","2205","4","2","0","0","0","0","0","2","0","4","0","0","0","3","03","","N","","","","","","","","","",""
"2022014813","0855","0","0","0","0","0","0","0","0","0","5","0","","67","1","2022","1","40.002086","-75.132375","0955","6","0","0","0","0","0","0","0","0","","0","0","0","8","1","1","N","0","2","40 00:07.510","3","0","75 07:56.550","8","0","0","0","67301","0","0","0","N","0","0","0","1","67301","0","","1.0","30.0","1","N","N","N","0","","0","0","1","0","0","Y","840","2","1","0","0","0","1","0","2","1","2","0","0","0","3","03","","N","","","","","","","","","",""
"2022014660","2215","1","0","0","0","0","0","0","0","0","4","0","","67","1","2022","5","40.033411","-75.175459","2215","6","0","0","0","0","0","0","0","0","","0","0","0","16","1","0","","1","0","40 02:00.279","","0","75 10:31.652","0","0","0","0","67301","0","0","0","N","0","0","0","2","67301","0","","1.0","","1","N","N","N","1","","0","0","0","3","3","","1655","2","0","0","0","0","0","0","2","0","2","0","0","0","3","","","N","","","","","","","","","",""
"2022013018","1437","0","0","0","0","0","0","0","0","0","5","0","","67","1","2022","1","39.958674","-75.169236","1424","6","0","0","0","0","0","1","0","0","","0","0","0","14","1","1","N","0","2","39 57:31.227","3","0","75 10:09.248","8","0","0","0","67301","0","0","0","N","0","0","0","2","68K01","0","","1.0","1458.0","1","N","N","N","0","","0","0","2","0","0","N","1410","2","1","0","0","0","1","0","2","0","2","0","0","0","3","","","N","","","","","","","","","",""
"2022004272","1625","1","0","0","0","0","0","0","0","0","6","1","","67","1","2022","3","40.001182","-75.100027","1625","6","0","0","0","0","0","0","0","0","","0","1","0","16","1","1","N","0","2","40 00:04.255","7","0","75 06:00.096","2","0","0","0","67301","0","0","0","N","0","0","0","2","67301","0","","1.0","1830.0","1","N","N","N","0","","0","1","0","0","0","Y","1623","2","1","1","0","1","0","0","2","0","2","0","0","0","3","03","","N","","","","","","","","","",""
"2022014859","0455","1","0","0","0","0","0","0","0","0","1","0","","67","1","2022","1","40.025948","-75.123101","0450","6","0","0","0","0","0","0","0","0","","0","1","0","4","3","0","N","0","0","40 01:33.413","","0","75 07:23.164","0","0","0","0","67301","0","0","0","N","0","0","0","2","67301","0","","6.0","","2","N","N","N","0","","0","0","0","0","0","","440","2","0","0","0","0","0","0","2","0","2","0","0","0","3","03","","N","","","","","","","","","",""
"2022013423","1349","1","0","0","0","0","0","0","0","0","1","0","","67","1","2022","5","40.021664","-75.039405","1336","6","0","0","0","0","0","0","0","0","","0","0","0","13","1","0","N","0","2","40 01:17.989","1","0","75 02:21.857","0","0","0","0","67301","0","0","0","N","0","0","0","2","68K01","0","","1.0","1350.0","1","N","N","N","0","","0","0","1","0","0","N","1331","2","0","0","0","0","0","0","2","0","2","0","0","0","3","03","","N","","","","","","","","","",""
"2022014757","2337","2","0","0","0","0","0","0","0","0","4","0","","67","1","2022","3","39.952435","-75.242751","2337","6","0","0","0","0","0","0","0","0","","0","0","0","23","3","0","","1","0","39 57:08.765","","0","75 14:33.903","0","0","0","0","67301","0","0","0","N","0","0","0","1","67301","0","","1.0","","1","N","N","N","0","","0","0","0","3","2","","2335","2","0","0","0","0","0","0","2","0","2","0","0","0","3","03","","N","","","","","","","","","",""
"2022015356","0934","2","0","0","0","0","0","0","0","0","4","0","","67","2","2022","5","40.00936","-75.168083","0934","6","0","0","0","0","0","1","0","0","","0","0","0","9","1","1","","2","0","40 00:33.697","","0","75 10:05.099","4","0","0","0","67301","0","0","0","N","0","0","0","2","67301","1","","1.0","","1","N","N","N","0","","0","0","0","3","3","","930","2","1","0","0","0","0","0","2","0","2","0","0","0","3","","","N","","","","","","","","","",""
"2022015582","1957","2","0","0","0","0","0","0","0","0","5","0","","67","2","2022","5","39.95012","-75.145691","1953","6","0","0","0","0","0","0","0","0","","0","0","0","19","3","1","N","0","1","39 57:00.433","1","0","75 08:44.489","3","0","0","0","67301","0","0","0","N","0","0","0","4","67301","0","","1.0","2020.0","1","N","N","N","0","","1","0","0","3","2","N","1947","2","1","1","0","0","0","1","2","0","2","0","0","0","3","03","","N","","","","","","","","","",""
"2022014821","1905","0","0","0","0","0","0","0","0","0","8","0","","67","1","2022","4","40.015043","-75.135168","1903","6","0","0","0","0","0","0","0","0","","1","0","0","18","3","0","","1","2","40 00:54.154","6","0","75 08:06.604","1","0","0","0","67301","1","1","0","N","1","1","0","2","67301","0","2","1.0","2045.0","1","N","N","N","0","0","0","0","0","3","2","Y","1848","2","0","0","0","0","0","1","2","0","1","1","1","0","3","03","","N","","","","","","","","","",""
"2022014864","0759","1","0","0","0","0","0","0","0","0","1","1","","67","2","2022","3","40.019547","-75.146798","0758","6","0","0","0","0","0","2","0","0","","0","1","0","7","1","0","N","0","1","40 01:10.370","2","0","75 08:48.473","0","0","0","0","67301","0","0","0","N","0","0","0","3","67301","0","","1.0","830.0","9","N","N","N","0","","0","0","1","0","0","Y","757","3","0","0","0","0","0","0","2","0","3","0","0","0","3","03","","N","","","","","","","","","",""
"2022015233","1615","1","0","0","0","0","0","0","0","0","4","0","","67","2","2022","4","39.974076","-75.117864","1558","6","0","0","0","0","0","0","0","0","","0","0","0","15","1","1","","1","0","39 58:26.673","","0","75 07:04.312","3","0","0","0","67301","0","0","0","N","0","0","0","2","67301","0","","1.0","","1","N","N","N","0","","1","0","1","3","2","","1515","2","1","0","0","0","0","1","2","0","2","0","0","0","3","03","","N","","","","","","","","","",""
"2022007609","1145","1","0","0","1","0","0","0","0","0","8","0","","67","1","2022","7","39.978726","-75.158196","1143","6","0","0","0","0","0","0","0","0","","0","0","0","11","1","1","N","0","0","39 58:43.413","","7","75 09:29.506","8","0","0","0","67301","1","0","0","N","0","0","0","3","67505","0","","1.0","","1","N","N","N","0","","0","0","0","0","0","","1135","2","1","2","0","0","1","0","2","0","1","1","0","0","3","","","N","","","","","","","","","",""
"2022004487","1754","0","0","0","0","0","0","0","0","0","5","1","","67","1","2022","1","40.030387","-75.02202","1750","6","0","1","0","0","0","0","0","0","","0","1","0","17","3","0","N","0","1","40 01:49.392","2","0","75 01:19.273","0","0","0","0","67301","0","0","0","N","0","0","0","4","68K01","0","","1.0","1840.0","9","N","N","N","1","","0","0","0","0","0","N","1740","2","0","0","0","0","0","0","2","0","2","0","0","0","6","","","N","","","","","","","","","",""
"2022007330","0926","1","0","0","0","0","0","1","0","0","1","1","","67","1","2022","4","39.98791","-75.182232","0910","6","0","0","0","0","0","0","0","0","","0","0","0","9","1","1","","1","0","39 59:16.475","","0","75 10:56.036","4","0","0","0","67301","0","0","0","N","0","0","0","9","67508","1","","1.0","","1","N","N","N","0","","0","0","0","3","2","","905","2","1","0","0","0","0","0","2","0","2","0","0","0","3","03","","N","","","","","","","","","",""
"2022016002","1923","0","0","0","0","0","0","0","0","0","4","0","","67","2","2022","2","39.936693","-75.224362","1923","6","0","1","0","1","0","0","0","0","","0","0","0","19","3","4","","1","0","39 56:12.095","","0","75 13:27.703","8","0","0","0","67301","0","0","0","N","0","0","0","4","67301","0","","1.0","","9","N","N","N","2","","0","0","1","3","2","","1923","3","4","4","0","0","4","0","2","0","3","0","0","0","7","","","N","","","","","","","","","",""
"2022044916","1121","0","0","0","0","0","0","0","0","0","8","0","","67","1","2022","5","40.044806","-75.149611","1120","6","0","0","0","0","0","0","0","0","","0","0","0","10","1","1","N","0","0","40 02:41.300","","0","75 08:58.600","3","0","0","0","67301","1","0","0","N","1","0","0","2","67301","0","","1.0","","1","N","N","N","0","","1","0","1","0","0","","1049","2","1","0","0","0","0","0","2","0","1","1","0","0","3","03","","N","","","","","","","","","",""
"2022024901","0856","2","0","0","0","0","0","0","0","0","4","0","","67","3","2022","5","39.945046","-75.215299","0850","6","0","0","0","0","0","0","0","0","","0","0","0","8","1","1","","1","0","39 56:42.164","","0","75 12:55.075","8","0","0","0","67301","0","0","0","N","0","0","0","5","67301","0","","1.0","","1","N","N","N","0","","0","0","2","3","3","","830","4","1","0","0","0","1","0","2","0","4","0","0","0","3","03","","N","","","","","","","","","",""
"2022020130","1723","0","0","0","0","0","0","0","0","0","4","0","","67","2","2022","2","39.974451","-75.158729","1718","6","0","0","0","1","0","1","0","0","","0","0","0","17","1","2","","1","0","39 58:28.024","","0","75 09:31.424","3","0","0","1","67301","0","0","0","N","0","0","0","3","67301","1","","1.0","","1","N","N","N","0","","1","0","1","3","2","","1718","2","2","0","0","0","0","0","2","0","2","0","0","0","3","03","","N","","","","","","","","","",""
"2022008132","1113","0","0","0","0","0","0","0","0","0","1","1","","67","1","2022","7","39.967572","-75.132294","1113","6","0","0","0","0","0","1","0","0","","0","0","0","11","1","1","N","0","1","39 58:03.258","2","0","75 07:56.259","8","0","0","0","67301","0","0","0","N","0","0","0","6","68K01","0","","1.0","1150.0","1","N","N","N","1","","0","0","2","0","0","N","1113","3","1","1","0","0","1","0","2","0","3","0","0","0","3","03","","N","","","","","","","","","",""
"2022000526","0805","0","0","0","0","0","0","1","0","0","1","1","","67","1","2022","1","40.001318","-75.215301","0750","6","0","0","0","0","0","0","0","0","","1","0","0","7","1","2","","5","0","40 00:04.744","","0","75 12:55.083","1","0","0","0","67301","0","0","0","N","0","0","0","8","67508","0","2","1.0","","1","N","N","N","0","0","0","0","0","3","2","","745","2","2","0","0","0","2","1","2","1","2","0","0","0","99","","","N","","","","","","","","","",""
"2022022658","1209","1","0","0","0","0","0","0","0","0","5","0","","67","2","2022","2","39.961075","-75.140383","1148","6","0","0","0","0","0","0","0","0","","0","0","0","11","1","1","N","0","0","39 57:39.869","","3","75 08:25.379","3","0","0","0","67301","0","0","0","N","0","0","0","2","68K01","0","","1.0","","1","N","N","N","0","","1","0","1","0","0","","1145","2","1","0","0","0","0","0","2","0","2","0","0","0","3","03","","N","","","","","","","","","",""
"2022016684","0413","1","0","0","0","0","0","0","0","0","1","0","","67","2","2022","7","39.954494","-75.205575","0413","6","0","0","0","0","0","0","0","0","","0","0","0","4","3","1","N","0","0","39 57:16.177","","0","75 12:20.069","3","0","0","0","67301","0","0","0","N","0","0","0","1","67504","0","","6.0","","1","N","N","N","1","","1","0","2","0","0","","413","4","1","0","0","0","0","0","2","0","4","0","0","0","3","03","","N","","","","","","","","","",""
"2022022035","0252","2","0","0","0","0","0","0","0","0","4","0","","67","2","2022","1","39.95345","-75.206668","0252","6","0","0","0","1","0","0","0","0","","0","0","0","2","3","0","","1","0","39 57:12.420","","0","75 12:24.004","0","0","0","0","67301","0","0","0","N","0","0","0","4","67301","0","","1.0","","1","N","Y","N","0","","0","0","0","3","3","","252","2","0","0","0","0","0","0","2","0","2","0","0","0","3","","","N","","","","","","","","","",""
"2022029286","0448","2","0","0","0","0","0","0","0","0","5","0","","67","3","2022","4","40.050525","-75.156194","0445","6","0","0","0","0","0","0","0","0","","0","0","0","3","3","0","N","0","0","40 03:01.890","","0","75 09:22.300","9","0","0","0","67301","0","0","0","N","0","0","0","1","67301","0","","6.0","","1","N","N","N","0","","0","0","1","0","0","","335","3","0","0","0","0","0","1","2","0","3","0","0","0","3","03","","N","","","","","","","","","",""
"2022014786","0831","1","0","0","0","0","0","0","0","0","8","0","","67","2","2022","5","39.980389","-75.226444","0830","6","0","0","0","0","0","0","0","0","","0","0","0","19","1","1","N","0","0","39 58:49.400","","0","75 13:35.200","2","0","0","0","67301","1","0","1","N","1","0","1","2","67301","0","","1.0","","99","N","N","N","0","","0","1","0","0","0","","1930","2","1","0","0","0","0","0","2","0","1","1","0","1","99","","","N","","","","","","","","","",""
"2022030860","1015","1","0","0","0","0","0","0","0","0","99","0","","67","3","2022","1","39.972923","-75.170763","1015","6","0","0","0","0","0","0","0","0","","0","0","0","9","5","0","N","0","0","39 58:22.522","","0","75 10:14.747","9","0","0","0","67301","0","0","0","N","0","0","0","1","67301","0","","9.0","","1","N","N","N","0","","0","0","0","0","0","","900","1","0","0","0","0","0","1","2","0","1","0","0","0","4","04","","N","","","","","","","","","",""
"2022029194","1735","1","0","0","1","0","0","0","0","0","8","0","","67","3","2022","6","39.962897","-75.164611","1725","6","0","0","0","0","0","0","0","0","","0","0","0","17","1","1","","1","0","39 57:46.429","","0","75 09:52.598","3","0","0","0","67301","1","0","0","N","0","0","0","2","67301","0","","1.0","","1","N","N","N","0","","1","0","0","3","2","","1720","2","1","0","0","0","0","0","2","0","1","1","0","0","3","03","","N","","","","","","","","","",""