"CRN","ARRIVAL_TM","AUTOMOBILE_COUNT","BELTED_DEATH_COUNT","BELTED_SUSP_SERIOUS_INJ_COUNT","BICYCLE_COUNT","BICYCLE_DEATH_COUNT","BICYCLE_SUSP_SERIOUS_INJ_COUNT","BUS_COUNT","CHLDPAS_DEATH_COUNT","CHLDPAS_SUSP_SERIOUS_INJ_COUNT","COLLISION_TYPE","COMM_VEH_COUNT","CONS_ZONE_SPD_LIM","COUNTY","CRASH_MONTH","CRASH_YEAR","DAY_OF_WEEK","DEC_LATITUDE","DEC_LONGITUDE","DISPATCH_TM","DISTRICT","DRIVER_COUNT_16YR","DRIVER_COUNT_17YR","DRIVER_COUNT_18YR","DRIVER_COUNT_19YR","DRIVER_COUNT_20YR","DRIVER_COUNT_50_64YR","DRIVER_COUNT_65_74YR","DRIVER_COUNT_75PLUS","EST_HRS_CLOSED","FATAL_COUNT","HEAVY_TRUCK_COUNT","HORSE_BUGGY_COUNT","HOUR_OF_DAY","ILLUMINATION","INJURY_COUNT","INTERSECTION_RELATED","INTERSECT_TYPE","LANE_CLOSED","LATITUDE","LN_CLOSE_DIR","LOCATION_TYPE","LONGITUDE","MAX_SEVERITY_LEVEL","MCYCLE_DEATH_COUNT","MCYCLE_SUSP_SERIOUS_INJ_COUNT","MOTORCYCLE_COUNT","MUNICIPALITY","NONMOTR_COUNT","NONMOTR_DEATH_COUNT","NONMOTR_SUSP_SERIOUS_INJ_COUNT","NTFY_HIWY_MAINT","PED_COUNT","PED_DEATH_COUNT","PED_SUSP_SERIOUS_INJ_COUNT","PERSON_COUNT","POLICE_AGCY","POSSIBLE_INJ_COUNT","RDWY_SURF_TYPE_CD","RELATION_TO_ROAD","ROADWAY_CLEARED","ROAD_CONDITION","SCH_BUS_IND","SCH_ZONE_IND","SECONDARY_CRASH","SMALL_TRUCK_COUNT","SPEC_JURIS_CD","SUSP_MINOR_INJ_COUNT","SUSP_SERIOUS_INJ_COUNT","SUV_COUNT","TCD_FUNC_CD","TCD_TYPE","TFC_DETOUR_IND","TIME_OF_DAY","TOTAL_UNITS","TOT_INJ_COUNT","UNBELTED_OCC_COUNT","UNB_DEATH_COUNT","UNB_SUSP_SERIOUS_INJ_COUNT","UNK_INJ_DEG_COUNT","UNK_INJ_PER_COUNT","URBAN_RURAL","VAN_COUNT","VEHICLE_COUNT","VULNERABLE_ROAD_USER_COUNT","VULNERABLE_ROAD_USER_DEATH_COUNT","VULNERABLE_ROAD_USER_SER_INJ_COUNT","WEATHER1","WEATHER2","WORKERS_PRES","WORK_ZONE_IND","WORK_ZONE_LOC","WORK_ZONE_TYPE","WZ_CLOSE_DETOUR","WZ_FLAGGER","WZ_LAW_OFFCR_IND","WZ_LN_CLOSURE","WZ_MOVING","WZ_OTHER","WZ_SHLDER_MDN","WZ_WORKERS_INJ_KILLED"
"2022051891","0031","1","0","0","0","0","0","0","0","0","7","0","","67","6","2022","7","40.062588","-75.17079","0029","6","0","0","0","0","0","0","0","0","","0","0","0","0","3","4","","1","0","40 03:45.318","","0","75 10:14.844","3","0","0","0","67301","0","0","0","N","0","0","0","5","67301","0","","5.0","","1","N","N","N","0","","4","0","0","3","2","","25","1","4","0","0","0","0","1","2","0","1","0","0","0","3","","","N","","","","","","","","","",""
"2022040189","2229","1","0","0","0","0","0","0","0","0","5","0","","67","3","2022","2","39.95966","-75.177098","2203","6","0","0","0","0","0","0","0","0","","0","0","0","21","3","0","N","0","1","39 57:34.775","3","0","75 10:37.551","9","0","0","0","67301","0","0","0","N","0","0","0","2","68K01","0","","1.0","2235.0","1","N","N","N","0","","0","0","1","0","0","N","2143","2","0","0","0","0","0","1","2","0","2","0","0","0","3","03","","N","","","","","","","","","",""
"2022050542","0825","1","0","0","0","0","0","1","0","0","4","1","","67","5","2022","3","40.025179","-75.044722","0805","6","0","0","0","0","0","0","0","0","","0","0","0","8","1","11","","1","2","40 01:30.643","1","0","75 02:40.998","3","0","0","0","67301","0","0","0","N","0","0","0","13","67301","0","","1.0","1045.0","1","Y","N","N","1","","8","0","0","3","2","Y","803","3","11","0","0","0","3","0","2","0","3","0","0","0","4","03","","N","","","","","","","","","",""
"2022041828","1446","2","0","0","0","0","0","0","0","0","5","0","","67","3","2022","7","40.040462","-75.005458","1425","6","0","0","0","0","0","0","0","0","","0","0","0","14","1","0","N","0","1","40 02:25.664","1","0","75 00:19.647","0","0","0","0","67301","0","0","0","N","0","0","0","2","68K01","0","","1.0","1510.0","1","N","N","N","0","","0","0","0","0","0","Y","1420","2","0","0","0","0","0","0","2","0","2","0","0","0","3","","","N","","","","","","","","","",""
"2022043792","1047","0","0","0","0","0","0","0","0","0","4","0","","67","4","2022","7","39.925405","-75.177655","1045","6","0","0","0","0","0","0","0","0","","0","0","0","10","1","0","","1","0","39 55:31.459","","0","75 10:39.557","0","0","0","0","67301","0","0","0","N","0","0","0","2","67301","0","","1.0","","1","N","N","N","0","","0","0","2","3","2","","1044","2","0","0","0","0","0","0","2","0","2","0","0","0","3","","","N","","","","","","","","","",""
"2022044067","1718","0","0","0","0","0","0","0","0","0","8","0","","67","4","2022","5","39.965407","-75.132698","1716","6","0","0","0","0","0","0","0","0","","0","0","0","17","1","1","N","0","0","39 57:55.464","","0","75 07:57.714","3","0","0","0","67301","1","0","0","N","1","0","0","2","67301","0","","1.0","","1","N","N","N","0","","1","0","1","0","0","","1704","2","1","0","0","0","0","0","2","0","1","1","0","0","3","","","N","","","","","","","","","",""
"2022032930","0043","1","0","0","0","0","0","0","0","0","1","0","","67","4","2022","7","39.969468","-75.139562","0040","6","0","0","0","0","0","0","0","0","","0","0","0","0","3","0","","5","0","39 58:10.083","","0","75 08:22.422","9","0","0","0","67301","0","0","0","N","0","0","0","4","67301","0","","1.0","","1","N","N","N","0","","0","0","1","3","2","","20","2","0","0","0","0","0","2","2","0","2","0","0","0","3","03","","N","","","","","","","","","",""
"2022020321","2232","0","0","0","0","0","0","0","0","0","8","0","","67","2","2022","5","40.048104","-75.150918","2232","6","0","0","0","0","0","0","0","0","","0","0","0","19","6","1","","1","0","40 02:53.174","","0","75 09:03.304","3","0","0","0","67301","1","0","0","N","1","0","0","2","67301","0","","1.0","","99","N","N","N","0","","1","0","0","3","2","","1945","2","1","0","0","0","0","1","2","0","1","1","0","0","99","","","N","","","","","","","","","",""
"2022050656","2115","1","0","0","0","0","0","0","0","0","8","0","","67","5","2022","1","40.038201","-75.036806","2111","6","0","0","0","0","0","0","0","0","","0","0","0","21","2","1","N","0","2","40 02:17.522","4","0","75 02:12.502","3","0","0","0","67301","1","0","0","N","1","0","0","2","67301","0","","1.0","45.0","1","N","N","N","0","","1","0","0","0","0","Y","2108","2","1","0","0","0","0","0","2","0","1","1","0","0","3","01","","N","","","","","","","","","",""
"2022015764","2251","3","0","0","0","0","0","0","0","0","3","0","","67","2","2022","3","39.980611","-75.140806","2245","6","0","0","0","0","0","0","0","0","","0","0","0","22","3","0","N","0","0","39 58:50.200","","0","75 08:26.900","0","0","0","0","67301","0","0","0","N","0","0","0","1","67301","0","","6.0","","99","N","N","N","0","","0","0","1","0","0","","2245","4","0","0","0","0","0","0","2","0","4","0","0","0","3","03","","N","","","","","","","","","",""
"2022044027","0742","1","0","0","0","0","0","0","0","0","4","0","","67","4","2022","2","39.992957","-75.110258","0734","6","0","0","0","0","0","0","0","0","","0","0","0","7","1","2","","1","0","39 59:34.645","","0","75 06:36.928","3","0","0","0","67301","0","0","0","N","0","0","0","3","67301","0","","1.0","","1","N","N","N","0","","2","0","1","1","2","","728","2","2","2","0","0","0","0","2","0","2","0","0","0","4","","","N","","","","","","","","","",""
"2022030010","2128","3","0","0","0","0","0","0","0","0","4","0","","67","3","2022","4","40.01207","-75.112176","2125","6","0","0","0","0","0","0","0","0","","0","0","0","21","3","0","","1","0","40 00:43.452","","0","75 06:43.833","9","0","0","0","67301","0","0","0","N","0","0","0","3","67301","0","","1.0","","9","N","N","N","0","","0","0","0","3","2","","2115","3","0","0","0","0","0","1","2","0","3","0","0","0","7","07","","N","","","","","","","","","",""
"2022029187","1649","0","0","0","0","0","0","0","0","0","4","0","","67","3","2022","1","40.059276","-75.044578","1647","6","0","0","0","0","0","0","0","0","","0","0","0","16","1","2","","1","0","40 03:33.392","","0","75 02:40.479","3","0","0","0","67301","0","0","0","N","0","0","0","6","67301","0","","1.0","","1","N","N","N","0","","2","0","2","3","2","","1643","2","2","0","0","0","0","0","2","0","2","0","0","0","3","","","N","","","","","","","","","",""
"2022020783","1155","1","0","0","0","0","0","0","0","0","4","0","","67","2","2022","1","39.983212","-75.15695","1150","6","0","0","0","1","0","0","0","0","","0","0","0","11","1","0","","1","0","39 58:59.563","","0","75 09:25.021","0","0","0","0","67301","0","0","0","N","0","0","0","4","67505","0","","1.0","","1","N","N","N","0","","0","0","1","3","2","","1140","2","0","0","0","0","0","0","2","0","2","0","0","0","3","03","","N","","","","","","","","","",""
"2022026613","1735","1","0","0","0","0","0","0","0","0","5","0","","67","3","2022","3","39.98875","-75.143808","1733","6","0","0","0","0","0","0","0","0","","0","0","0","17","1","0","N","0","2","39 59:19.500","1","0","75 08:37.710","9","0","0","0","67301","0","0","0","N","0","0","0","1","67301","0","","6.0","130.0","1","N","N","N","0","","0","0","2","0","0","N","1733","3","0","0","0","0","0","1","2","0","3","0","0","0","3","03","","N","","","","","","","","","",""
"2022030373","1548","3","0","0","0","0","0","0","0","0","1","0","","67","3","2022","3","39.986605","-75.257153","1541","6","0","0","0","0","0","0","0","0","","0","0","0","15","1","3","N","0","1","39 59:11.778","2","0","75 15:25.750","4","0","0","0","67301","0","0","0","N","0","0","0","4","46104","3","","1.0","1636.0","1","N","N","Y","0","","0","0","0","0","0","N","1541","3","3","1","0","0","0","0","2","0","3","0","0","0","3","","","N","","","","","","","","","",""
"2022015762","2255","1","0","0","0","0","0","0","0","0","4","0","","67","2","2022","3","39.977298","-75.158241","2250","6","0","0","0","0","0","0","0","0","","0","0","0","22","3","0","","1","0","39 58:38.272","","0","75 09:29.666","0","0","0","0","67301","0","0","0","N","0","0","0","2","67301","0","","1.0","","1","N","N","N","0","","0","0","1","3","2","","2246","2","0","0","0","0","0","0","2","0","2","0","0","0","3","","","N","","","","","","","","","",""
"2022031578","1143","0","0","0","1","0","0","1","0","0","8","1","","67","2","2022","4","39.945267","-75.178564","9999","6","0","0","0","0","0","1","0","0","","0","0","0","99","1","1","","1","0","39 56:42.961","","0","75 10:42.830","8","0","0","0","67301","1","0","0","N","0","0","0","2","67508","0","","1.0","","1","","","N","0","","0","0","0","3","2","","9999","2","1","0","0","0","1","0","2","0","1","1","0","0","3","03","","N","","","","","","","","","",""
"2022023768","1155","0","0","0","0","0","0","0","0","0","7","0","","67","3","2022","3","39.981186","-75.177296","1155","6","0","0","0","0","0","0","0","0","","0","0","0","11","1","0","","1","0","39 58:52.269","","0","75 10:38.265","9","0","0","0","67301","0","0","0","N","0","0","0","3","67301","0","","4.0","","1","N","N","N","0","","0","0","1","3","2","","1155","1","0","0","0","0","0","3","2","0","1","0","0","0","3","","","N","","","","","","","","","",""
"2022030049","1510","1","0","0","0","0","0","0","0","0","8","0","","67","3","2022","7","39.938303","-75.216251","1504","6","0","0","0","0","0","0","1","0","","0","0","0","14","1","1","","1","0","39 56:17.890","","0","75 12:58.503","2","0","0","0","67301","1","0","1","N","1","0","1","2","67301","0","","1.0","","1","N","N","N","0","","0","1","0","3","2","","1430","2","1","0","0","0","0","0","2","0","1","1","0","1","3","03","","N","","","","","","","","","",""
"2022043756","1518","1","0","0","0","0","0","0","0","0","1","0","","67","5","2022","3","39.943578","-75.142719","1501","6","0","0","0","0","0","0","0","0","","0","0","0","14","1","2","N","0","0","39 56:36.879","","0","75 08:33.787","3","0","0","0","67301","0","0","0","N","0","0","0","3","68K01","0","","1.0","","1","N","N","N","0","","2","0","1","0","0","","1456","2","2","0","0","0","0","0","2","0","2","0","0","0","3","","","N","","","","","","","","","",""
"2022047193","1830","1","0","0","0","0","0","0","0","0","1","0","","67","5","2022","2","39.952994","-75.193578","1821","6","0","0","0","0","0","1","0","0","","0","0","0","16","1","2","N","0","0","39 57:10.777","","0","75 11:36.880","3","0","0","0","67301","0","0","0","N","0","0","0","3","67301","0","","1.0","","1","N","N","N","0","","2","0","1","0","0","","1644","2","2","0","0","0","0","0","2","0","2","0","0","0","3","","","N","","","","","","","","","",""
"2022015561","0116","1","0","0","0","0","0","0","0","0","7","0","","67","2","2022","5","39.923905","-75.222104","0116","6","0","0","0","0","0","0","0","0","","0","0","0","22","3","1","","1","0","39 55:26.057","","0","75 13:19.574","8","0","0","0","67301","0","0","0","N","0","0","0","1","67301","0","","4.0","","1","N","N","N","0","","0","0","0","3","2","","2200","1","1","0","0","0","1","0","2","0","1","0","0","0","3","03","","N","","","","","","","","","",""
"2022040691","0825","1","0","0","0","0","0","0","0","0","1","0","","67","4","2022","3","39.982494","-75.20786","0825","6","0","0","0","0","0","0","1","0","","0","0","0","8","1","0","N","0","0","39 58:56.979","","0","75 12:28.295","0","0","0","0","67301","0","0","0","N","0","0","0","2","68K01","0","","1.0","","1","N","N","N","1","","0","0","0","0","0","","825","2","0","0","0","0","0","0","2","0","2","0","0","0","3","03","","N","","","","","","","","","",""
"2022042364","0812","0","0","0","0","0","0","0","0","0","7","0","","67","5","2022","2","39.992229","-75.085806","0734","6","0","0","0","0","0","0","0","0","","0","0","0","7","1","0","N","0","2","39 59:32.024","2","0","75 05:08.902","0","0","0","0","67301","0","0","0","N","0","0","0","1","68K01","0","","5.0","812.0","9","N","N","N","0","","0","0","1","0","0","N","725","1","0","0","0","0","0","0","2","0","1","0","0","0","4","04","","N","","","","","","","","","",""
"2022032876","0939","0","0","0","0","0","0","0","0","0","4","0","","67","3","2022","5","39.938303","-75.216251","0935","6","0","0","0","0","0","1","0","1","","0","0","0","9","1","2","","1","0","39 56:17.890","","0","75 12:58.503","8","0","0","0","67301","0","0","0","N","0","0","0","3","67301","0","","1.0","","1","N","N","N","0","","0","0","2","3","2","","934","2","2","1","0","0","2","1","2","0","2","0","0","0","4","04","","N","","","","","","","","","",""
"2022032862","2146","1","0","0","0","0","0","0","0","0","1","0","","67","3","2022","4","40.122017","-75.016111","2146","6","0","0","0","0","0","0","0","0","","0","0","0","5","1","1","N","0","0","40 07:19.260","","0","75 00:58.001","8","0","0","0","67301","0","0","0","N","0","0","0","2","67301","0","","1.0","","1","N","N","N","0","","0","0","1","0","0","","500","2","1","0","0","0","1","0","2","0","2","0","0","0","3","","","N","","","","","","","","","",""
"2022033020","0001","0","0","0","0","0","0","0","0","0","1","0","","67","4","2022","2","40.021538","-75.139814","0000","6","0","0","0","0","0","0","0","0","","0","0","0","23","3","2","","1","2","40 01:17.537","2","0","75 08:23.331","4","0","0","0","67301","0","0","0","N","0","0","0","2","67301","2","","1.0","40.0","1","N","N","N","0","","0","0","2","3","2","N","2350","2","2","0","0","0","0","0","2","0","2","0","0","0","3","03","","N","","","","","","","","","",""
"2022024525","1308","1","0","0","0","0","0","0","0","0","4","0","","67","3","2022","4","39.897624","-75.252377","1256","6","0","0","0","0","0","1","1","0","","0","0","0","10","1","1","","1","0","39 53:51.445","","0","75 15:08.556","3","0","0","0","67301","0","0","0","N","0","0","0","2","67301","0","","1.0","","9","N","N","N","0","","1","0","1","3","4","","1019","2","1","1","0","0","0","0","2","0","2","0","0","0","7","07","","N","","","","","","","","","",""
"2022032938","0240","1","0","0","0","0","0","0","0","0","4","0","","67","3","2022","5","40.022719","-75.148198","0235","6","0","0","0","0","0","0","0","0","","0","0","0","19","3","0","","5","0","40 01:21.790","","0","75 08:53.512","9","0","0","0","67301","0","0","0","N","0","0","0","2","67301","0","","1.0","","9","N","N","Y","0","","0","0","1","3","2","","1945","2","0","0","0","0","0","1","2","0","2","0","0","0","7","03","","N","","","","","","","","","",""
"2022020677","0216","1","0","0","0","0","0","0","0","0","5","0","","67","2","2022","7","40.113294","-75.026861","0213","6","0","0","0","0","0","0","0","0","","0","0","0","2","3","0","N","0","0","40 06:47.860","","0","75 01:36.700","0","0","0","0","67301","0","0","0","N","0","0","0","1","67301","0","","6.0","","1","N","N","N","0","","0","0","2","0","0","","210","4","0","0","0","0","0","0","2","1","4","0","0","0","3","03","","N","","","","","","","","","",""
"2022040687","0314","3","0","0","0","0","0","0","0","0","1","0","","67","3","2022","7","40.019322","-75.045926","0259","6","0","0","0","0","0","0","0","0","","0","0","0","2","3","0","N","0","1","40 01:09.560","2","0","75 02:45.332","0","0","0","0","67301","0","0","0","N","0","0","0","4","68K01","0","","1.0","400.0","1","N","N","N","0","","0","0","1","0","0","N","256","4","0","1","0","0","0","0","2","0","4","0","0","0","3","","","N","","","","","","","","","",""
"2022043843","2325","1","0","0","0","0","0","0","0","0","4","0","","67","3","2022","7","40.042323","-75.025601","2319","6","0","0","0","0","0","0","0","0","","0","0","0","22","3","0","","1","0","40 02:32.362","","0","75 01:32.162","0","0","0","0","67301","0","0","0","N","0","0","0","3","67301","0","","1.0","","1","N","N","N","1","","0","0","0","3","2","","2230","2","0","0","0","0","0","0","2","0","2","0","0","0","3","03","","N","","","","","","","","","",""
"2022048412","0347","1","0","0","0","0","0","0","0","0","7","0","","67","5","2022","3","39.947778","-75.227546","0343","6","0","0","0","0","0","1","0","0","","0","0","0","3","3","1","N","0","0","39 56:52.001","","0","75 13:39.165","3","0","0","0","67301","0","0","0","N","0","0","0","1","67301","0","","9.0","","9","N","N","N","0","","1","0","0","3","2","","340","1","1","0","0","0","0","0","2","0","1","0","0","0","7","07","","N","","","","","","","","","",""
"2022050575","1636","0","0","0","0","0","0","0","0","0","4","1","","67","5","2022","1","40.043679","-75.149791","1633","6","0","0","0","0","0","0","0","0","","0","1","0","16","1","1","","1","0","40 02:37.244","","0","75 08:59.247","3","0","0","0","67301","0","0","0","N","0","0","0","2","67301","0","","1.0","","1","N","N","N","0","","1","0","1","3","2","","1621","2","1","2","0","0","0","1","2","0","2","0","0","0","3","03","","N","","","","","","","","","",""
"2022023804","2020","1","0","0","0","0","0","0","0","0","4","0","","67","3","2022","1","40.015232","-75.155221","2020","6","0","0","0","0","0","0","0","0","","0","0","0","20","3","2","","2","2","40 00:54.834","3","0","75 09:18.795","3","0","0","0","67301","0","0","0","N","0","0","0","2","67301","0","","1.0","2110.0","1","N","Y","N","0","","1","0","1","3","2","Y","2020","2","2","0","0","0","1","0","2","0","2","0","0","0","3","03","","N","","","","","","","","","",""
"2022043711","0223","1","0","0","0","0","0","0","0","0","7","0","","67","5","2022","3","40.032046","-75.021321","0206","6","0","0","0","0","0","0","0","0","","0","0","0","2","2","1","N","0","1","40 01:55.364","2","0","75 01:16.757","8","0","0","0","67301","0","0","0","N","0","0","0","2","68K01","0","","2.0","235.0","1","N","N","N","0","","0","0","0","0","0","N","200","1","1","0","0","0","1","0","2","0","1","0","0","0","3","","","N","","","","","","","","","",""
"2022026973","1215","0","0","0","0","0","0","0","0","0","8","0","15","67","3","2022","2","39.917795","-75.179303","1210","6","0","0","0","0","0","0","0","0","","0","0","0","12","1","1","","1","1","39 55:04.061","3","0","75 10:45.491","3","0","0","0","67301","1","0","0","N","1","0","0","2","67301","0","","1.0","0.0","1","N","N","N","1","","1","0","0","3","2","N","1200","2","1","0","0","0","0","0","2","0","1","1","0","0","3","03","Y","Y","4","1","N","Y","Y","Y","N","N","Y","Y"
"2022030728","0908","1","0","0","0","0","0","0","0","0","5","0","","67","3","2022","5","39.981394","-75.146869","0908","6","0","0","0","0","0","0","1","0","","0","0","0","9","1","0","N","0","0","39 58:53.020","","0","75 08:48.730","0","0","0","0","67301","0","0","0","N","0","0","0","1","67301","0","","6.0","","9","N","N","N","0","","0","0","1","0","0","","901","2","0","1","0","0","0","0","2","0","2","0","0","0","7","","","N","","","","","","","","","",""
"2022017624","","2","0","0","0","0","0","0","0","0","4","0","","67","2","2022","3","39.99999","-75.153145","","6","0","0","0","0","0","0","0","0","","0","0","0","22","3","0","","2","0","39 59:59.964","","0","75 09:11.322","9","0","0","0","67301","0","0","0","N","0","0","0","6","00000","0","","1.0","","1","N","N","N","0","","0","0","0","9","2","","2220","2","0","0","0","0","0","6","2","0","2","0","0","0","3","","","N","","","","","","","","","",""
"2022044359","0215","1","0","0","0","0","0","0","0","0","5","0","","67","3","2022","6","39.975733","-75.115173","0207","6","0","0","0","0","0","1","0","0","","0","0","0","2","3","0","N","0","1","39 58:32.638","1","3","75 06:54.623","0","0","0","0","67301","0","0","0","N","0","0","0","2","68K01","0","","1.0","240.0","1","N","N","N","0","","0","0","1","0","0","N","206","2","0","0","0","0","0","0","2","0","2","0","0","0","3","","","N","","","","","","","","","",""
"2022033021","1258","0","0","0","0","0","0","0","0","0","7","0","","67","4","2022","3","40.034892","-75.150611","1252","6","0","0","0","0","0","0","0","0","","0","0","0","12","1","0","N","0","0","40 02:05.610","","0","75 09:02.200","0","0","0","0","67301","0","0","0","N","0","0","0","2","67301","0","","4.0","","1","N","N","N","0","","0","0","1","0","0","","1250","1","0","0","0","0","0","0","2","0","1","0","0","0","4","","","N","","","","","","","","","",""
"2022024579","0832","0","0","0","0","0","0","0","0","0","4","0","","67","3","2022","5","39.984538","-75.182964","0826","6","0","0","0","0","0","0","0","0","","0","0","0","8","1","1","","3","2","39 59:04.336","7","0","75 10:58.672","4","0","0","0","67301","0","0","0","N","0","0","0","3","67301","1","","1.0","930.0","1","N","N","N","0","","0","0","2","3","3","Y","815","2","1","0","0","0","0","0","2","0","2","0","0","0","3","03","","N","","","","","","","","","",""
"2022044089","0737","0","0","0","0","0","0","0","0","0","1","1","","67","4","2022","5","40.027995","-75.147154","0737","6","0","0","0","0","0","0","0","0","","0","1","0","7","1","1","N","0","0","40 01:40.782","","0","75 08:49.753","4","0","0","0","67301","0","0","0","N","0","0","0","2","67301","1","","1.0","","1","N","N","N","0","","0","0","0","0","0","","730","2","1","0","0","0","0","0","2","0","2","0","0","0","4","","","N","","","","","","","","","",""
"2022046084","1614","0","0","0","0","0","0","0","0","0","4","0","","67","4","2022","7","40.020659","-75.148756","1613","6","0","0","0","0","0","1","0","0","","0","0","0","16","1","2","","2","0","40 01:14.374","","0","75 08:55.521","3","0","0","0","67301","0","0","0","N","0","0","0","3","67301","0","","1.0","","1","N","N","N","0","","2","0","2","0","0","","1612","2","2","0","0","0","0","0","2","0","2","0","0","0","3","","","N","","","","","","","","","",""
"2022013519","0100","1","0","0","0","0","0","0","0","0","7","0","","67","2","2022","6","39.960407","-75.181158","0049","6","0","0","0","0","0","0","0","0","","0","0","0","0","2","1","","7","0","39 57:37.466","","8","75 10:52.167","4","0","0","0","67301","0","0","0","Y","0","0","0","1","68K01","1","","7.0","","9","N","N","N","0","","0","0","0","0","0","","49","1","1","1","0","0","0","0","2","0","1","0","0","0","7","","","N","","","","","","","","","",""
"2022014869","2358","1","0","0","0","0","0","0","0","0","2","0","","67","2","2022","6","40.036228","-75.149528","2357","6","0","0","0","0","0","0","1","0","","0","0","0","23","3","2","N","0","2","40 02:10.420","7","0","75 08:58.300","2","0","0","0","67301","0","0","0","N","0","0","0","5","67301","0","","1.0","410.0","1","N","N","N","0","","0","2","3","0","0","Y","2354","4","2","1","0","1","0","0","2","0","4","0","0","0","3","","","N","","","","","","","","","",""
"2022014824","2341","1","0","0","0","0","0","0","0","0","5","0","","67","2","2022","5","40.011222","-75.136008","2331","6","0","0","0","0","0","0","0","0","","0","0","0","23","3","0","N","0","1","40 00:40.400","1","0","75 08:09.630","9","0","0","0","67301","0","0","0","N","0","0","0","1","67301","0","","6.0","130.0","9","N","N","N","0","","0","0","1","0","0","N","2307","2","0","0","0","0","0","1","2","0","2","0","0","0","7","07","","N","","","","","","","","","",""
"2022014904","0248","1","0","0","0","0","0","0","0","0","7","0","","67","2","2022","7","39.995289","-75.155983","0247","6","0","0","0","0","0","0","0","0","","0","0","0","2","3","1","N","0","2","39 59:43.040","7","0","75 09:21.540","3","0","0","0","67301","0","0","0","N","0","0","0","1","67301","0","","4.0","340.0","1","N","N","N","0","","1","0","0","0","0","N","243","1","1","0","0","0","0","0","2","0","1","0","0","0","3","03","","N","","","","","","","","","",""
"2022014893","0845","1","0","0","0","0","0","0","0","0","7","0","","67","1","2022","7","40.01305","-75.201492","0822","6","0","0","0","0","0","0","0","0","","0","0","0","8","5","0","N","0","0","40 00:46.980","","0","75 12:05.370","0","0","0","0","67301","0","0","0","N","0","0","0","1","67301","0","","4.0","","7","N","N","N","0","","0","0","0","0","0","","814","1","0","0","0","0","0","0","2","0","1","0","0","0","10","10","","N","","","","","","","","","",""
"2022014702","1850","0","0","0","0","0","0","0","0","0","4","0","","67","2","2022","6","40.052307","-75.201461","1837","6","0","0","0","0","0","0","0","0","","0","0","0","18","2","1","","1","0","40 03:08.305","","0","75 12:05.258","3","0","0","0","67301","0","0","0","N","0","0","0","3","67301","0","","1.0","","9","N","N","N","1","","1","0","1","3","3","","1820","2","1","0","0","0","0","0","2","0","2","0","0","0","7","","","N","","","","","","","","","",""
"2022043834","0155","1","0","0","0","0","0","0","0","0","5","0","","67","1","2022","2","40.069248","-75.068416","0145","6","0","0","0","0","0","0","0","0","","0","0","0","1","3","0","N","0","0","40 04:09.293","","0","75 04:06.297","0","0","0","0","67301","0","0","0","N","0","0","0","1","67301","0","","6.0","","6","N","N","N","0","","0","0","1","0","0","","140","3","0","0","0","0","0","0","2","1","3","0","0","0","6","08","","N","","","","","","","","","",""
"2022019666","1820","1","0","0","0","0","0","0","0","0","4","0","","67","2","2022","5","40.035213","-75.145462","1820","6","0","0","0","0","0","0","0","0","","0","0","0","17","4","0","","1","0","40 02:06.768","","0","75 08:43.662","0","0","0","0","67301","0","0","0","N","0","0","0","3","67301","0","","1.0","","1","N","N","N","0","","0","0","1","3","2","","1758","2","0","0","0","0","0","0","2","0","2","0","0","0","3","03","","N","","","","","","","","","",""
"2022014809","1936","1","0","0","0","0","0","0","0","0","2","0","","67","2","2022","6","39.9906","-75.115521","1926","6","0","0","0","0","0","0","0","0","","0","0","0","19","3","3","N","0","1","39 59:26.160","1","0","75 06:55.875","3","0","0","0","67301","0","0","0","N","0","0","0","4","67301","0","","1.0","1950.0","9","N","N","N","1","","3","0","0","0","0","N","1923","2","3","2","0","0","0","0","2","0","2","0","0","0","7","03","","N","","","","","","","","","",""
"2022038526","2155","1","0","0","0","0","0","0","0","0","7","0","","67","4","2022","5","39.960005","-75.179783","2133","6","0","0","0","0","0","0","0","0","","0","0","0","21","3","0","","7","2","39 57:36.017","4","2","75 10:47.219","0","0","0","0","67301","0","0","0","N","0","0","0","2","68K01","0","","2.0","2230.0","9","N","N","N","0","","0","0","0","0","0","N","2131","1","0","0","0","0","0","0","2","0","1","0","0","0","7","","","N","","","","","","","","","",""
"2022038648","1335","0","0","0","0","0","0","0","0","0","0","1","","67","3","2022","4","39.891637","-75.237611","1328","6","0","0","0","0","0","1","0","0","","0","1","0","13","1","1","N","0","2","39 53:29.892","2","0","75 14:15.400","4","0","0","0","67301","0","0","0","N","0","0","0","1","68K01","1","","1.0","1813.0","1","N","N","N","0","","0","0","0","0","0","Y","1328","1","1","0","0","0","0","0","2","0","1","0","0","0","3","","","N","","","","","","","","","",""
"2022014894","0850","2","0","0","0","0","0","0","0","0","4","0","","67","1","2022","2","40.020659","-75.148756","0845","6","0","0","0","0","0","0","0","0","","0","0","0","7","1","0","","2","2","40 01:14.374","4","0","75 08:55.521","0","0","0","0","67301","0","0","0","N","0","0","0","3","67301","0","","1.0","938.0","6","N","N","N","0","","0","0","0","0","0","Y","750","2","0","0","0","0","0","0","2","0","2","0","0","0","4","","","N","","","","","","","","","",""