"CRN","ARRIVAL_TM","AUTOMOBILE_COUNT","BELTED_DEATH_COUNT","BELTED_SUSP_SERIOUS_INJ_COUNT","BICYCLE_COUNT","BICYCLE_DEATH_COUNT","BICYCLE_SUSP_SERIOUS_INJ_COUNT","BUS_COUNT","CHLDPAS_DEATH_COUNT","CHLDPAS_SUSP_SERIOUS_INJ_COUNT","COLLISION_TYPE","COMM_VEH_COUNT","CONS_ZONE_SPD_LIM","COUNTY","CRASH_MONTH","CRASH_YEAR","DAY_OF_WEEK","DEC_LATITUDE","DEC_LONGITUDE","DISPATCH_TM","DISTRICT","DRIVER_COUNT_16YR","DRIVER_COUNT_17YR","DRIVER_COUNT_18YR","DRIVER_COUNT_19YR","DRIVER_COUNT_20YR","DRIVER_COUNT_50_64YR","DRIVER_COUNT_65_74YR","DRIVER_COUNT_75PLUS","EST_HRS_CLOSED","FATAL_COUNT","HEAVY_TRUCK_COUNT","HORSE_BUGGY_COUNT","HOUR_OF_DAY","ILLUMINATION","INJURY_COUNT","INTERSECTION_RELATED","INTERSECT_TYPE","LANE_CLOSED","LATITUDE","LN_CLOSE_DIR","LOCATION_TYPE","LONGITUDE","MAX_SEVERITY_LEVEL","MCYCLE_DEATH_COUNT","MCYCLE_SUSP_SERIOUS_INJ_COUNT","MOTORCYCLE_COUNT","MUNICIPALITY","NONMOTR_COUNT","NONMOTR_DEATH_COUNT","NONMOTR_SUSP_SERIOUS_INJ_COUNT","NTFY_HIWY_MAINT","PED_COUNT","PED_DEATH_COUNT","PED_SUSP_SERIOUS_INJ_COUNT","PERSON_COUNT","POLICE_AGCY","POSSIBLE_INJ_COUNT","RDWY_SURF_TYPE_CD","RELATION_TO_ROAD","ROADWAY_CLEARED","ROAD_CONDITION","SCH_BUS_IND","SCH_ZONE_IND","SECONDARY_CRASH","SMALL_TRUCK_COUNT","SPEC_JURIS_CD","SUSP_MINOR_INJ_COUNT","SUSP_SERIOUS_INJ_COUNT","SUV_COUNT","TCD_FUNC_CD","TCD_TYPE","TFC_DETOUR_IND","TIME_OF_DAY","TOTAL_UNITS","TOT_INJ_COUNT","UNBELTED_OCC_COUNT","UNB_DEATH_COUNT","UNB_SUSP_SERIOUS_INJ_COUNT","UNK_INJ_DEG_COUNT","UNK_INJ_PER_COUNT","URBAN_RURAL","VAN_COUNT","VEHICLE_COUNT","VULNERABLE_ROAD_USER_COUNT","VULNERABLE_ROAD_USER_DEATH_COUNT","VULNERABLE_ROAD_USER_SER_INJ_COUNT","WEATHER1","WEATHER2","WORKERS_PRES","WORK_ZONE_IND","WORK_ZONE_LOC","WORK_ZONE_TYPE","WZ_CLOSE_DETOUR","WZ_FLAGGER","WZ_LAW_OFFCR_IND","WZ_LN_CLOSURE","WZ_MOVING","WZ_OTHER","WZ_SHLDER_MDN","WZ_WORKERS_INJ_KILLED"
"2022045389","1420","0","0","0","0","0","0","0","0","0","8","0","","67","4","2022","2","40.101949","-75.039574","1412","6","0","0","0","0","0","0","0","0","","0","0","0","14","1","1","N","0","0","40 06:07.016","","0","75 02:22.468","8","0","0","0","67301","1","0","0","N","1","0","0","2","67301","0","","4.0","","9","N","N","N","1","","0","0","0","0","0","","1411","2","1","0","0","0","1","0","2","0","1","1","0","0","7","07","","N","","","","","","","","","",""
"2022021681","1740","2","0","0","0","0","0","0","0","0","4","0","","67","2","2022","6","40.04004","-75.027574","1732","6","0","0","0","0","0","0","0","0","","0","0","0","17","1","1","","1","0","40 02:24.144","","0","75 01:39.268","3","0","0","0","67301","0","0","0","N","0","0","0","2","67301","0","","1.0","","1","N","N","N","0","","1","0","0","3","3","","1705","2","1","0","0","0","0","1","2","0","2","0","0","0","3","03","","N","","","","","","","","","",""
"2022039414","0236","1","0","0","0","0","0","0","0","0","7","0","","67","4","2022","3","39.968697","-75.127693","0225","6","0","0","0","0","0","0","0","0","","0","0","0","2","3","1","N","0","2","39 58:07.309","1","0","75 07:39.693","4","0","0","0","67301","0","0","0","N","0","0","0","1","68K01","1","","2.0","245.0","1","N","N","N","0","","0","0","0","0","0","Y","225","1","1","0","0","0","0","0","2","0","1","0","0","0","3","03","","N","","","","","","","","","",""
"2022037915","1156","0","0","0","1","0","0","0","0","0","8","1","","67","4","2022","6","39.957556","-75.191167","1155","6","0","0","0","0","0","0","0","0","","0","1","0","11","1","1","N","0","0","39 57:27.200","","7","75 11:28.200","3","0","0","0","67301","1","0","0","N","0","0","0","2","67507","0","","1.0","","1","N","N","N","0","","1","0","0","0","0","","1150","2","1","0","0","0","0","0","2","0","1","1","0","0","3","","","N","","","","","","","","","",""
"2022044372","1229","0","0","0","0","0","0","0","0","0","1","0","","67","4","2022","6","39.887708","-75.242268","1216","6","0","0","0","0","0","0","0","0","","0","0","0","12","1","0","N","0","0","39 53:15.749","","0","75 14:32.165","0","0","0","0","67301","0","0","0","N","0","0","0","3","68K01","0","","1.0","","1","N","N","N","0","","0","0","2","0","0","","1215","2","0","0","0","0","0","0","2","0","2","0","0","0","3","","","N","","","","","","","","","",""
"2022046226","2135","2","0","0","0","0","0","0","0","0","5","0","","67","5","2022","1","40.009012","-75.067805","2120","6","0","0","0","0","0","0","0","0","","0","0","0","21","3","0","N","0","0","40 00:32.443","","0","75 04:04.098","0","0","0","0","67301","0","0","0","N","0","0","0","4","68K01","0","","2.0","","1","N","N","N","0","","0","0","0","0","0","","2111","2","0","0","0","0","0","0","2","0","2","0","0","0","3","03","","N","","","","","","","","","",""
"2022044009","0934","1","0","0","0","0","0","0","0","0","8","0","","67","2","2022","6","39.996743","-75.115665","0934","6","0","0","0","0","0","0","0","0","","0","0","0","9","1","1","N","0","0","39 59:48.276","","0","75 06:56.393","3","0","0","0","67301","1","0","0","N","1","0","0","2","67301","0","","1.0","","9","N","N","N","0","","1","0","0","0","0","","934","2","1","0","0","0","0","0","2","0","1","1","0","0","7","04","","N","","","","","","","","","",""
"2022021466","1630","0","0","0","0","0","0","0","0","0","4","0","","67","2","2022","2","40.053112","-75.13777","1626","6","0","0","0","0","0","1","0","0","","0","0","0","14","1","2","","1","0","40 03:11.203","","0","75 08:15.971","3","0","0","0","67301","0","0","0","N","0","0","0","4","67301","0","","1.0","","1","N","N","N","0","","2","0","1","3","2","","1419","2","2","0","0","0","0","0","2","0","2","0","0","0","3","03","","N","","","","","","","","","",""
"2022039358","0640","0","0","0","0","0","0","0","0","0","1","0","","67","3","2022","2","40.037388","-75.013096","0619","6","0","0","0","0","0","0","0","0","","0","0","0","6","5","3","N","0","1","40 02:14.595","2","0","75 00:47.145","3","0","0","0","67301","0","0","0","N","0","0","0","3","68K01","2","","1.0","720.0","1","N","N","N","0","","1","0","2","0","0","N","600","2","3","0","0","0","0","0","2","0","2","0","0","0","3","03","","N","","","","","","","","","",""
"2022021931","1750","0","0","0","0","0","0","0","0","0","4","0","","67","2","2022","7","40.010496","-75.079052","1744","6","1","0","0","0","0","0","0","0","","0","0","0","17","3","1","N","0","0","40 00:37.785","","7","75 04:44.588","3","0","0","1","67301","0","0","0","N","0","0","0","2","67301","0","","1.0","","1","N","N","N","1","","1","0","0","0","0","","1742","2","1","0","0","0","0","0","2","0","2","0","0","0","3","","","N","","","","","","","","","",""
"2022014782","1949","1","0","0","0","0","0","0","0","0","1","0","","67","1","2022","1","39.9755","-75.229944","1946","6","0","0","0","0","0","0","0","0","","0","0","0","19","3","0","N","0","0","39 58:31.800","","0","75 13:47.800","0","0","0","0","67301","0","0","0","N","0","0","0","1","67301","0","","6.0","","9","N","N","N","0","","0","0","3","0","0","","1944","4","0","0","0","0","0","0","2","0","4","0","0","0","98","","","N","","","","","","","","","",""
"2022026962","1345","2","0","0","0","0","0","0","0","0","1","0","","67","3","2022","2","40.024253","-75.132698","1340","6","0","0","0","0","0","0","0","0","","0","0","0","8","1","1","N","0","0","40 01:27.312","","0","75 07:57.713","3","0","0","0","67301","0","0","0","N","0","0","0","2","67301","0","","1.0","","1","N","N","N","0","","1","0","0","0","0","","800","2","1","0","0","0","0","0","2","0","2","0","0","0","3","03","","N","","","","","","","","","",""
"2022014767","1210","0","0","0","0","0","0","0","0","0","8","0","","67","2","2022","7","39.955824","-75.191467","1204","6","0","0","0","0","0","0","0","0","","0","0","0","12","1","2","","1","0","39 57:20.966","","0","75 11:29.280","3","0","0","0","67301","2","0","0","N","2","0","0","3","67301","0","","1.0","","1","N","N","N","0","","2","0","0","3","2","","1204","3","2","0","0","0","0","0","2","1","1","2","0","0","3","","","N","","","","","","","","","",""
"2022038649","1046","2","0","0","0","0","0","0","0","0","7","0","","67","3","2022","5","40.040643","-75.005589","1040","6","0","0","0","0","0","0","0","0","","0","0","0","10","1","1","N","0","1","40 02:26.316","2","0","75 00:20.120","3","0","0","0","67301","0","0","0","N","0","0","0","2","68K01","0","","4.0","1100.0","9","N","N","N","0","","1","0","0","0","0","N","1036","2","1","0","0","0","0","0","2","0","2","0","0","0","7","","","N","","","","","","","","","",""
"2022032881","2148","1","0","0","0","0","0","0","0","0","4","0","","67","4","2022","2","39.947236","-75.226833","2142","6","0","0","0","0","0","0","0","0","","0","0","0","21","3","0","","1","0","39 56:50.048","","0","75 13:36.599","0","0","0","0","67301","0","0","0","N","0","0","0","1","67301","0","","1.0","","1","N","N","N","0","","0","0","3","3","2","","2140","4","0","0","0","0","0","0","2","0","4","0","0","0","3","03","","N","","","","","","","","","",""
"2022016249","2130","1","0","0","0","0","0","0","0","0","5","0","","67","2","2022","6","39.898441","-75.210224","2115","6","0","0","0","0","0","0","0","0","","0","0","0","21","3","2","N","0","0","39 53:54.388","","3","75 12:36.807","2","0","0","0","67301","0","0","0","N","0","0","0","3","67301","0","","1.0","","9","N","N","N","0","","1","1","2","0","0","","2110","3","2","0","0","0","0","0","2","0","3","0","0","0","3","03","","N","","","","","","","","","",""
"2022052480","0945","0","0","0","0","0","0","0","0","0","5","1","","67","5","2022","3","40.009402","-75.066517","0930","6","0","0","0","0","0","1","0","0","","0","1","0","9","1","2","N","0","1","40 00:33.846","2","0","75 03:59.462","3","0","0","0","67301","0","0","0","N","0","0","0","2","67301","0","","1.0","1156.0","1","N","N","N","0","","2","0","1","0","0","N","910","2","2","0","0","0","0","0","2","0","2","0","0","0","3","03","","N","","","","","","","","","",""
"2022020341","1357","2","0","0","0","0","0","0","0","0","4","0","","67","2","2022","6","39.953526","-75.226217","1357","6","0","0","0","0","0","1","0","0","","0","0","0","13","1","0","","1","2","39 57:12.694","6","0","75 13:34.382","9","0","0","0","67301","0","0","0","N","0","0","0","2","67301","0","","1.0","1456.0","1","N","N","Y","0","","0","0","1","3","2","Y","1335","3","0","0","0","0","0","1","2","0","3","0","0","0","3","03","","N","","","","","","","","","",""
"2022014766","1205","2","0","0","0","0","0","0","0","0","4","0","","67","2","2022","7","39.953994","-75.234313","1200","6","0","0","0","0","0","0","0","0","","0","0","0","11","1","0","","1","1","39 57:14.378","2","0","75 14:03.526","0","0","0","0","67301","0","0","0","N","0","0","0","3","67301","0","","1.0","1250.0","1","N","N","N","0","","0","0","0","3","3","N","1150","2","0","0","0","0","0","0","2","0","2","0","0","0","3","03","","N","","","","","","","","","",""
"2022018139","0058","3","0","0","0","0","0","0","0","0","5","0","","67","2","2022","7","39.979639","-75.162639","0058","6","0","0","0","0","0","0","0","0","","0","0","0","0","3","0","N","0","2","39 58:46.700","2","0","75 09:45.500","0","0","0","0","67301","0","0","0","N","0","0","0","1","67505","0","","6.0","125.0","1","N","N","N","0","","0","0","2","0","0","Y","58","5","0","1","0","0","0","0","2","0","5","0","0","0","3","03","","N","","","","","","","","","",""
"2022044169","1620","0","0","0","0","0","0","0","0","0","4","0","","67","5","2022","3","40.045289","-75.06069","1612","6","0","0","0","0","0","0","0","0","","0","0","0","15","1","0","","1","0","40 02:43.041","","0","75 03:38.484","0","0","0","0","67301","0","0","0","N","0","0","0","1","67301","0","","5.0","","1","N","N","N","0","","0","0","2","3","2","","1531","2","0","0","0","0","0","0","2","0","2","0","0","0","3","03","","N","","","","","","","","","",""
"2022013932","1551","1","0","0","0","0","0","0","0","0","1","0","","67","2","2022","5","39.946402","-75.142153","1523","6","0","0","0","0","0","0","0","0","","0","0","0","15","1","1","N","0","0","39 56:47.048","","0","75 08:31.751","4","0","0","0","67301","0","0","0","N","0","0","0","2","68K01","1","","1.0","","9","N","N","N","0","","0","0","1","0","0","","1519","2","1","0","0","0","0","0","2","0","2","0","0","0","7","","","N","","","","","","","","","",""
"2022020669","1744","1","0","0","0","0","0","0","0","0","4","0","","67","2","2022","6","40.024164","-75.095536","1734","6","0","0","0","0","0","1","0","0","","0","0","0","17","1","1","","1","0","40 01:26.990","","0","75 05:43.929","3","0","0","0","67301","0","0","0","N","0","0","0","2","67301","0","","1.0","","1","N","N","N","0","","1","0","1","3","2","","1733","2","1","0","0","0","0","0","2","0","2","0","0","0","3","","","N","","","","","","","","","",""
"2022044065","1259","0","0","0","0","0","0","0","0","0","1","0","","67","4","2022","2","39.985492","-75.132008","1257","6","0","0","0","0","0","1","0","0","","0","0","0","12","1","1","N","0","0","39 59:07.770","","1","75 07:55.230","8","0","0","1","67301","0","0","0","N","0","0","0","2","67301","0","","1.0","","1","N","N","N","0","","0","0","1","0","0","","1245","2","1","0","0","0","1","0","2","0","2","0","0","0","4","","","N","","","","","","","","","",""
"2022016165","1406","1","0","0","0","0","0","0","0","0","1","0","","67","2","2022","2","40.051277","-75.149616","1354","6","0","0","0","0","0","1","0","0","","0","0","0","12","1","0","N","0","0","40 03:04.597","","0","75 08:58.617","0","0","0","0","67301","0","0","0","N","0","0","0","2","67301","0","","1.0","","9","N","N","N","0","","0","0","1","0","0","","1253","2","0","0","0","0","0","0","2","0","2","0","0","0","7","04","","N","","","","","","","","","",""
"2022039730","2235","2","0","0","0","0","0","0","0","0","5","0","","67","4","2022","6","39.901283","-75.152411","2228","6","0","0","0","0","0","0","0","0","","0","0","0","22","3","2","N","0","0","39 54:04.619","","0","75 09:08.678","4","0","0","0","67301","0","0","0","N","0","0","0","4","68K01","2","","1.0","","1","N","N","N","0","","0","0","0","0","0","","2223","2","2","0","0","0","0","0","2","0","2","0","0","0","3","03","","N","","","","","","","","","",""
"2022045498","1340","1","0","0","0","0","0","0","0","0","0","0","","67","3","2022","6","39.965408","-75.136761","1335","6","0","0","0","0","0","0","0","0","","0","0","0","13","1","0","N","0","0","39 57:55.470","","0","75 08:12.339","0","0","0","0","67301","0","0","0","N","0","0","0","2","68K01","0","","1.0","","1","N","N","N","0","","0","0","0","0","0","","1330","1","0","0","0","0","0","0","2","0","1","0","0","0","3","","","N","","","","","","","","","",""
"2022014657","0220","1","0","0","0","0","0","0","0","0","5","0","","67","2","2022","1","39.913261","-75.245128","0211","6","0","0","0","0","0","0","0","0","","0","0","0","2","3","0","N","0","2","39 54:47.740","4","0","75 14:42.460","0","0","0","0","67301","0","0","0","N","0","0","0","1","67301","0","","6.0","145.0","1","N","N","N","0","","0","0","1","0","0","N","206","2","0","0","0","0","0","0","2","0","2","0","0","0","3","03","","N","","","","","","","","","",""
"2022047100","0834","1","0","0","0","0","0","0","0","0","8","0","","67","5","2022","6","39.957764","-75.189097","0833","6","0","0","0","0","0","0","0","0","","0","0","0","8","1","1","N","0","0","39 57:27.950","","0","75 11:20.749","3","0","0","0","67301","1","0","0","N","1","0","0","2","67507","0","","1.0","","1","N","N","N","0","","1","0","0","0","0","","830","2","1","0","0","0","0","0","2","0","1","1","0","0","3","","","N","","","","","","","","","",""
"2022045909","0650","3","0","0","0","0","0","0","0","0","1","0","","67","4","2022","6","39.972948","-75.171029","0645","6","0","0","0","0","0","0","1","0","","0","0","0","6","1","0","N","0","0","39 58:22.611","","0","75 10:15.703","0","0","0","0","67301","0","0","0","N","0","0","0","3","67301","0","","1.0","","1","N","N","Y","1","","0","0","0","0","0","","640","5","0","0","0","0","0","0","2","1","5","0","0","0","3","03","","N","","","","","","","","","",""
"2022044170","1810","2","0","0","0","0","0","0","0","0","6","0","","67","5","2022","1","40.028549","-75.057919","1809","6","0","0","0","0","0","0","0","0","","0","0","0","18","1","0","","1","0","40 01:42.775","","0","75 03:28.507","9","0","0","0","67301","0","0","0","N","0","0","0","5","67301","0","","1.0","","1","N","N","N","0","","0","0","0","3","2","","1802","2","0","0","0","0","0","1","2","0","2","0","0","0","3","03","","N","","","","","","","","","",""
"2022025432","0057","1","0","0","0","0","0","0","0","0","4","0","","67","3","2022","1","40.04099","-75.163704","0050","6","0","0","0","0","0","0","0","0","","0","0","0","0","3","0","","2","0","40 02:27.564","","0","75 09:49.334","0","0","0","0","67301","0","0","0","N","0","0","0","1","67301","0","","1.0","","2","N","N","N","0","","0","0","2","3","3","","49","3","0","0","0","0","0","0","2","0","3","0","0","0","3","02","","N","","","","","","","","","",""
"2022041038","0656","1","0","0","0","0","0","0","0","0","7","0","","67","4","2022","1","39.92374","-75.147521","0651","6","0","0","0","0","0","0","0","0","","0","0","0","6","1","1","N","0","1","39 55:25.464","2","3","75 08:51.074","8","0","0","0","67301","0","0","0","N","0","0","0","1","68K01","0","","2.0","730.0","1","N","N","N","0","","0","0","0","0","0","N","644","1","1","0","0","0","1","0","2","0","1","0","0","0","3","03","","N","","","","","","","","","",""
"2022038334","1235","1","0","0","0","0","0","0","0","0","7","0","","67","4","2022","7","39.912417","-75.173917","1230","6","0","0","0","0","0","0","0","0","","0","0","0","12","1","0","","7","2","39 54:44.700","3","8","75 10:26.100","0","0","0","0","67301","0","0","0","N","0","0","0","1","67501","0","","4.0","1310.0","1","N","N","N","0","","0","0","0","0","0","Y","1228","1","0","0","0","0","0","0","2","0","1","0","0","0","3","03","","N","","","","","","","","","",""
"2022023729","1930","1","0","0","0","0","0","0","0","0","4","0","","67","3","2022","6","40.094833","-74.9687","1920","6","0","1","0","0","0","0","0","0","","0","0","0","19","3","0","","1","0","40 05:41.399","","0","74 58:07.319","0","0","0","0","67301","0","0","0","N","0","0","0","2","67301","0","","1.0","","1","N","N","N","0","","0","0","1","3","1","","1910","2","0","0","0","0","0","0","2","0","2","0","0","0","3","03","","N","","","","","","","","","",""
"2022038547","1918","1","0","0","0","0","0","0","0","0","5","0","","67","4","2022","2","40.051144","-74.989364","1906","6","0","0","0","0","0","0","0","0","","0","0","0","18","3","0","N","0","0","40 03:04.117","","0","74 59:21.711","0","0","0","0","67301","0","0","0","N","0","0","0","2","68K01","0","","1.0","","9","N","N","N","0","","0","0","1","0","0","","1806","2","0","0","0","0","0","0","2","0","2","0","0","0","7","","","N","","","","","","","","","",""
"2022043886","2000","3","0","0","0","0","0","0","0","0","4","0","","67","5","2022","4","39.910469","-75.242375","1955","6","0","0","0","0","0","1","0","0","","0","0","0","19","4","1","","2","1","39 54:37.690","1","0","75 14:32.550","4","0","0","0","67301","0","0","0","N","0","0","0","3","67301","1","","1.0","2048.0","1","N","N","N","0","","0","0","0","3","2","N","1933","3","1","0","0","0","0","0","2","0","3","0","0","0","3","03","","N","","","","","","","","","",""
"2022014595","1001","0","0","0","0","0","0","0","0","0","4","0","","67","2","2022","2","40.062448","-75.042717","0952","6","0","0","0","0","0","0","1","0","","0","0","0","9","1","2","","2","2","40 03:44.813","2","0","75 02:33.782","3","0","0","0","67301","0","0","0","N","0","0","0","3","67301","0","","1.0","1020.0","9","N","N","N","0","","2","0","1","3","2","N","948","2","2","0","0","0","0","0","2","1","2","0","0","0","7","04","","N","","","","","","","","","",""
"2022021025","2317","1","0","0","0","0","0","0","0","0","4","0","","67","2","2022","1","39.956244","-75.162674","2313","6","0","0","0","0","0","0","0","0","","0","0","0","22","3","5","","1","2","39 57:22.480","1","0","75 09:45.628","3","0","0","0","67301","0","0","0","N","0","0","0","5","67301","0","","1.0","300.0","1","N","N","N","0","","1","0","1","3","2","Y","2249","2","5","1","0","0","4","0","2","0","2","0","0","0","3","03","","N","","","","","","","","","",""
"2022053262","0534","0","0","0","0","0","0","0","0","0","7","0","","67","5","2022","7","39.942555","-75.142923","0525","6","0","0","0","0","0","0","0","0","","0","0","0","5","5","0","N","0","0","39 56:33.198","","0","75 08:34.521","0","0","0","0","67301","0","0","0","N","0","0","0","1","68K01","0","","3.0","","9","N","N","N","0","","0","0","1","0","0","","521","1","0","0","0","0","0","0","2","0","1","0","0","0","3","","","N","","","","","","","","","",""
"2022044096","2213","3","0","0","0","0","0","0","0","0","2","0","","67","5","2022","1","40.02086","-75.148605","2158","6","0","0","0","0","0","1","0","0","","0","0","0","21","3","2","N","0","0","40 01:15.095","","0","75 08:54.978","3","0","0","0","67301","0","0","0","N","0","0","0","3","67301","0","","1.0","","1","N","N","N","0","","2","0","0","0","0","","2154","3","2","3","0","0","0","0","2","0","3","0","0","0","3","03","","N","","","","","","","","","",""
"2022021558","1312","1","0","0","0","0","0","0","0","0","5","0","","67","3","2022","3","40.045161","-75.124801","1311","6","0","0","0","0","0","0","0","0","","0","0","0","13","1","2","N","0","1","40 02:42.580","4","0","75 07:29.284","3","0","0","0","67301","0","0","0","N","0","0","0","2","67301","0","","6.0","1430.0","1","N","N","N","0","","1","0","2","0","0","Y","1305","4","2","1","0","0","1","0","2","1","4","0","0","0","3","03","","N","","","","","","","","","",""
"2022051513","0832","2","0","0","0","0","0","0","0","0","5","0","","67","5","2022","2","39.936652","-75.234226","0820","6","0","0","0","0","0","0","0","0","","0","0","0","7","1","0","N","0","0","39 56:11.946","","0","75 14:03.215","0","0","0","0","67301","0","0","0","N","0","0","0","1","67301","0","","1.0","","1","N","N","N","0","","0","0","0","0","0","","742","2","0","0","0","0","0","0","2","0","2","0","0","0","3","03","","N","","","","","","","","","",""
"2022014856","1010","0","0","0","0","0","0","0","0","0","1","0","","67","1","2022","5","40.023816","-75.13365","0954","6","0","0","0","0","0","0","0","0","","0","0","0","9","1","0","N","0","1","40 01:25.739","2","0","75 08:01.141","9","0","0","0","67301","0","0","0","N","0","0","0","2","67301","0","","1.0","1042.0","1","N","N","N","0","","0","0","1","0","0","N","925","2","0","0","0","0","0","1","2","0","2","0","0","0","3","03","","N","","","","","","","","","",""
"2022026399","2020","0","0","0","0","0","0","0","0","0","8","0","","67","3","2022","2","39.962167","-75.191273","2009","6","0","0","0","0","0","0","1","0","","0","0","0","17","1","1","","1","0","39 57:43.801","","0","75 11:28.582","3","0","0","0","67301","1","0","0","N","1","0","0","2","67301","0","","1.0","","1","N","N","Y","0","","1","0","1","3","2","","1712","2","1","0","0","0","0","0","2","0","1","1","0","0","3","","","N","","","","","","","","","",""
"2022016842","0908","1","0","0","0","0","0","0","0","0","5","0","","67","2","2022","3","40.035986","-75.186229","0902","6","0","0","0","0","0","1","0","0","","0","0","0","8","1","1","N","0","0","40 02:09.549","","0","75 11:10.423","8","0","0","0","67301","0","0","0","N","0","0","0","3","67301","0","","1.0","","1","N","N","N","0","","0","0","0","0","0","","836","2","1","2","0","0","1","0","2","1","2","0","0","0","3","03","","N","","","","","","","","","",""
"2022042347","1824","0","0","0","0","0","0","0","0","0","7","0","","67","4","2022","3","39.901259","-75.152458","1824","6","0","0","0","0","0","0","0","0","","0","0","0","18","1","0","N","0","0","39 54:04.531","","0","75 09:08.848","0","0","0","0","67301","0","0","0","N","0","0","0","1","68K01","0","","4.0","","9","N","N","N","1","","0","0","0","0","0","","1824","1","0","0","0","0","0","0","2","0","1","0","0","0","7","","","N","","","","","","","","","",""
"2022029259","1200","3","0","0","0","0","0","0","0","0","5","0","","67","3","2022","6","39.978789","-75.121903","1140","6","0","0","0","0","0","1","0","0","","0","0","0","11","1","0","N","0","0","39 58:43.640","","0","75 07:18.850","0","0","0","0","67301","0","0","0","N","0","0","0","1","67301","0","","6.0","","1","N","N","N","0","","0","0","0","0","0","","1136","3","0","0","0","0","0","0","2","0","3","0","0","0","3","","","N","","","","","","","","","",""
"2022048472","0851","2","0","0","0","0","0","0","0","0","5","1","","67","5","2022","3","39.979464","-75.133317","0850","6","0","0","0","0","0","1","0","0","","0","1","0","8","1","0","N","0","0","39 58:46.070","","0","75 07:59.940","0","0","0","0","67301","0","0","0","N","0","0","0","1","67301","0","","6.0","","1","N","N","N","0","","0","0","1","0","0","","833","4","0","0","0","0","0","0","2","0","4","0","0","0","3","03","","N","","","","","","","","","",""
"2022022947","1915","1","0","0","0","0","0","0","0","0","7","0","","67","2","2022","1","40.00632","-75.197217","1907","6","0","0","0","0","0","0","0","0","","0","0","0","19","3","0","N","0","0","40 00:22.753","","0","75 11:49.982","0","0","0","0","67301","0","0","0","N","0","0","0","2","68K01","0","","3.0","","1","N","N","N","0","","0","0","0","0","0","","1903","1","0","0","0","0","0","0","2","0","1","0","0","0","3","","","N","","","","","","","","","",""
"2022019657","1431","1","0","0","0","0","0","0","0","0","4","0","","67","2","2022","3","39.970451","-75.150975","1431","6","0","0","0","0","0","0","0","0","","0","0","0","14","1","1","","1","0","39 58:13.623","","1","75 09:03.509","3","0","0","0","67301","0","0","0","N","0","0","0","2","67301","0","","1.0","","9","N","N","N","0","","1","0","1","3","3","","1400","2","1","0","0","0","0","0","2","0","2","0","0","0","7","07","","N","","","","","","","","","",""
"2022019609","1658","2","0","0","0","0","0","0","0","0","4","0","","67","2","2022","6","40.027987","-75.057417","1648","6","0","0","0","0","0","1","0","0","","0","0","0","16","1","0","","1","0","40 01:40.752","","0","75 03:26.701","0","0","0","0","67301","0","0","0","N","0","0","0","2","67301","0","","1.0","","1","N","N","N","0","","0","0","0","3","2","","1647","2","0","0","0","0","0","0","2","0","2","0","0","0","3","03","","N","","","","","","","","","",""
"2022015983","0753","3","0","0","0","0","0","0","0","0","1","0","","67","2","2022","6","40.053511","-74.986075","0734","6","0","0","0","0","0","2","1","0","","0","0","0","7","1","2","N","0","0","40 03:12.641","","0","74 59:09.870","3","0","0","0","67301","0","0","0","N","0","0","0","7","68K01","0","","1.0","","1","N","N","N","1","","2","0","2","0","0","","732","6","2","0","0","0","0","0","2","0","6","0","0","0","3","03","","N","","","","","","","","","",""
"2022023790","0640","0","0","0","0","0","0","0","0","0","6","0","","67","2","2022","1","40.043792","-75.144794","0640","6","0","0","0","0","0","1","0","0","","0","0","0","11","1","1","N","0","0","40 02:37.650","","0","75 08:41.260","8","0","0","0","67301","0","0","0","N","0","0","0","2","67301","0","","6.0","","1","N","N","N","0","","0","0","1","0","0","","1145","2","1","0","0","0","1","0","2","0","2","0","0","0","3","03","","N","","","","","","","","","",""
"2022047170","1517","1","0","0","0","0","0","0","0","0","1","1","","67","5","2022","5","40.070311","-75.01485","1512","6","0","0","0","0","0","0","0","1","","0","1","0","14","1","1","N","0","0","40 04:13.120","","0","75 00:53.460","3","0","0","0","67301","0","0","0","N","0","0","0","1","67301","0","","6.0","","1","N","N","N","0","","1","0","1","0","0","","1423","3","1","0","0","0","0","0","2","0","3","0","0","0","3","","","N","","","","","","","","","",""
"2022050604","2346","1","0","0","0","0","0","0","0","0","1","0","","67","5","2022","4","40.009054","-75.149641","2340","6","0","0","0","0","0","0","0","0","","1","0","0","23","3","2","N","0","0","40 00:32.593","","0","75 08:58.708","1","0","0","0","67301","0","0","0","N","0","0","0","3","67301","0","2","6.0","","1","N","N","Y","0","0","2","0","0","0","0","","2321","2","2","1","1","0","0","0","2","1","2","0","0","0","3","03","","N","","","","","","","","","",""
"2022038509","0203","2","0","0","0","0","0","0","0","0","3","0","","67","3","2022","1","39.956645","-75.153394","0149","6","0","0","0","0","0","0","0","0","","0","0","0","1","3","0","N","0","0","39 57:23.923","","2","75 09:12.220","9","0","0","0","67301","0","0","0","N","0","0","0","3","68K01","0","","1.0","","1","N","N","N","0","","0","0","0","0","0","","148","2","0","0","0","0","0","1","2","0","2","0","0","0","3","","","N","","","","","","","","","",""