"CRN","ARRIVAL_TM","AUTOMOBILE_COUNT","BELTED_DEATH_COUNT","BELTED_SUSP_SERIOUS_INJ_COUNT","BICYCLE_COUNT","BICYCLE_DEATH_COUNT","BICYCLE_SUSP_SERIOUS_INJ_COUNT","BUS_COUNT","CHLDPAS_DEATH_COUNT","CHLDPAS_SUSP_SERIOUS_INJ_COUNT","COLLISION_TYPE","COMM_VEH_COUNT","CONS_ZONE_SPD_LIM","COUNTY","CRASH_MONTH","CRASH_YEAR","DAY_OF_WEEK","DEC_LATITUDE","DEC_LONGITUDE","DISPATCH_TM","DISTRICT","DRIVER_COUNT_16YR","DRIVER_COUNT_17YR","DRIVER_COUNT_18YR","DRIVER_COUNT_19YR","DRIVER_COUNT_20YR","DRIVER_COUNT_50_64YR","DRIVER_COUNT_65_74YR","DRIVER_COUNT_75PLUS","EST_HRS_CLOSED","FATAL_COUNT","HEAVY_TRUCK_COUNT","HORSE_BUGGY_COUNT","HOUR_OF_DAY","ILLUMINATION","INJURY_COUNT","INTERSECTION_RELATED","INTERSECT_TYPE","LANE_CLOSED","LATITUDE","LN_CLOSE_DIR","LOCATION_TYPE","LONGITUDE","MAX_SEVERITY_LEVEL","MCYCLE_DEATH_COUNT","MCYCLE_SUSP_SERIOUS_INJ_COUNT","MOTORCYCLE_COUNT","MUNICIPALITY","NONMOTR_COUNT","NONMOTR_DEATH_COUNT","NONMOTR_SUSP_SERIOUS_INJ_COUNT","NTFY_HIWY_MAINT","PED_COUNT","PED_DEATH_COUNT","PED_SUSP_SERIOUS_INJ_COUNT","PERSON_COUNT","POLICE_AGCY","POSSIBLE_INJ_COUNT","RDWY_SURF_TYPE_CD","RELATION_TO_ROAD","ROADWAY_CLEARED","ROAD_CONDITION","SCH_BUS_IND","SCH_ZONE_IND","SECONDARY_CRASH","SMALL_TRUCK_COUNT","SPEC_JURIS_CD","SUSP_MINOR_INJ_COUNT","SUSP_SERIOUS_INJ_COUNT","SUV_COUNT","TCD_FUNC_CD","TCD_TYPE","TFC_DETOUR_IND","TIME_OF_DAY","TOTAL_UNITS","TOT_INJ_COUNT","UNBELTED_OCC_COUNT","UNB_DEATH_COUNT","UNB_SUSP_SERIOUS_INJ_COUNT","UNK_INJ_DEG_COUNT","UNK_INJ_PER_COUNT","URBAN_RURAL","VAN_COUNT","VEHICLE_COUNT","VULNERABLE_ROAD_USER_COUNT","VULNERABLE_ROAD_USER_DEATH_COUNT","VULNERABLE_ROAD_USER_SER_INJ_COUNT","WEATHER1","WEATHER2","WORKERS_PRES","WORK_ZONE_IND","WORK_ZONE_LOC","WORK_ZONE_TYPE","WZ_CLOSE_DETOUR","WZ_FLAGGER","WZ_LAW_OFFCR_IND","WZ_LN_CLOSURE","WZ_MOVING","WZ_OTHER","WZ_SHLDER_MDN","WZ_WORKERS_INJ_KILLED"
"2022034289","1458","1","0","0","0","0","0","0","0","0","7","0","","67","4","2022","5","39.981213","-75.206836","1456","6","0","0","0","0","0","0","0","0","","0","0","0","14","1","0","N","0","2","39 58:52.365","3","0","75 12:24.608","0","0","0","0","67301","0","0","0","N","0","0","0","2","68K01","0","","3.0","45.0","9","N","N","N","0","","0","0","0","0","0","Y","1449","1","0","1","0","0","0","0","2","0","1","0","0","0","7","07","","N","","","","","","","","","",""
"2022048652","1240","0","0","0","0","0","0","0","0","0","1","0","","67","5","2022","2","39.959522","-75.175006","1240","6","0","0","0","0","0","0","0","0","","0","0","0","12","1","1","N","0","2","39 57:34.279","4","0","75 10:30.021","3","0","0","0","67301","0","0","0","N","0","0","0","3","68K01","0","","1.0","1244.0","1","N","N","N","0","","1","0","1","0","0","N","1240","2","1","0","0","0","0","0","2","1","2","0","0","0","3","","","N","","","","","","","","","",""
"2022016192","1821","0","0","0","1","0","0","0","0","0","8","0","","67","2","2022","6","39.926083","-75.192839","1821","6","0","0","0","0","0","0","0","0","","0","0","0","18","3","1","","1","1","39 55:33.898","1","0","75 11:34.220","3","0","0","0","67301","1","0","0","N","0","0","0","2","67301","0","","1.0","1915.0","1","N","N","N","0","","1","0","1","3","3","N","1820","2","1","0","0","0","0","0","2","0","1","1","0","0","3","03","","N","","","","","","","","","",""
"2022043679","0015","1","0","0","0","0","0","0","0","0","7","0","","67","4","2022","4","39.977951","-75.11107","0000","6","0","0","0","0","0","0","0","0","","0","0","0","23","3","0","N","0","2","39 58:40.623","1","0","75 06:39.853","0","0","0","0","67301","0","0","0","N","0","0","0","1","68K01","0","","4.0","20.0","9","N","N","N","0","","0","0","0","0","0","N","2359","1","0","0","0","0","0","0","2","0","1","0","0","0","3","03","","N","","","","","","","","","",""
"2022027259","1310","1","0","0","0","0","0","0","0","0","4","0","","67","3","2022","3","39.897531","-75.252476","1256","6","0","0","0","0","1","0","0","0","","0","0","0","12","1","1","","1","0","39 53:51.111","","0","75 15:08.912","3","0","0","0","67301","0","0","0","N","0","0","0","2","67301","0","","1.0","","1","N","N","N","0","","1","0","1","3","2","","1230","2","1","0","0","0","0","1","2","0","2","0","0","0","3","03","","N","","","","","","","","","",""
"2022014823","0436","1","0","0","0","0","0","0","0","0","7","0","","67","1","2022","2","40.004314","-75.128004","0436","6","0","0","0","0","0","0","0","0","","0","0","0","4","3","0","","1","0","40 00:15.530","","0","75 07:40.814","0","0","0","0","67301","0","0","0","N","0","0","0","1","67301","0","","5.0","","2","N","N","N","0","","0","0","0","3","2","","436","1","0","0","0","0","0","0","2","0","1","0","0","0","98","98","","N","","","","","","","","","",""
"2022026059","1750","2","0","0","0","0","0","0","0","0","4","0","","67","3","2022","1","40.04893","-75.15556","1746","6","0","0","0","0","0","0","0","0","","0","0","0","17","1","3","","1","0","40 02:56.148","","0","75 09:20.015","8","0","0","0","67301","0","0","0","N","0","0","0","4","67301","0","","1.0","","1","N","N","N","0","","0","0","1","3","3","","1740","3","3","3","0","0","3","0","2","0","3","0","0","0","3","03","","N","","","","","","","","","",""
"2022019983","0855","1","0","0","0","0","0","0","0","0","1","0","","67","2","2022","4","39.95424","-75.14158","0851","6","0","0","0","0","0","0","0","0","","0","0","0","8","1","0","N","0","1","39 57:15.263","4","3","75 08:29.688","0","0","0","0","67301","0","0","0","N","0","0","0","4","67501","0","","1.0","930.0","1","N","N","N","1","","0","0","1","3","8","N","851","3","0","0","0","0","0","0","2","0","3","0","0","0","4","03","","N","","","","","","","","","",""
"2022044010","2345","1","0","0","0","0","0","0","0","0","6","0","","67","2","2022","7","40.004199","-75.099379","2330","6","0","0","0","0","0","0","0","0","","0","0","0","20","1","1","","1","0","40 00:15.118","","1","75 05:57.764","8","0","0","0","67301","0","0","0","N","0","0","0","2","67301","0","","1.0","","99","N","N","N","0","","0","0","1","3","2","","2000","2","1","0","0","0","1","0","2","0","2","0","0","0","99","98","","N","","","","","","","","","",""
"2022030424","1054","1","0","0","0","0","0","0","0","0","4","0","","67","3","2022","7","39.956814","-75.243862","1052","6","0","0","0","0","0","1","0","0","","0","0","0","10","1","2","","1","0","39 57:24.530","","0","75 14:37.903","3","0","0","0","67301","0","0","0","N","0","0","0","3","67301","1","","1.0","","1","N","N","N","0","","1","0","1","3","2","","1051","2","2","2","0","0","0","0","2","0","2","0","0","0","3","03","","N","","","","","","","","","",""
"2022027260","1048","0","0","0","0","0","0","0","0","0","2","0","","67","3","2022","4","39.935225","-75.225389","1046","6","0","0","0","0","0","0","0","0","","0","0","0","10","1","1","N","0","0","39 56:06.810","","0","75 13:31.400","3","0","0","0","67301","0","0","0","N","0","0","0","2","67301","0","","6.0","","9","N","N","N","1","","1","0","1","0","0","","1046","2","1","0","0","0","0","0","2","0","2","0","0","0","7","04","","N","","","","","","","","","",""
"2022039501","1603","1","0","0","0","0","0","0","0","0","5","1","","67","4","2022","4","39.979856","-75.157686","1602","6","0","0","0","0","0","0","0","0","","0","1","0","16","1","0","N","0","2","39 58:47.481","2","0","75 09:27.671","0","0","0","0","67301","0","0","0","N","0","0","0","2","67505","0","","1.0","1650.0","1","N","N","N","0","","0","0","0","0","0","Y","1600","2","0","0","0","0","0","0","2","0","2","0","0","0","3","03","","N","","","","","","","","","",""
"2022014833","1140","1","0","0","0","0","0","0","0","0","4","0","","67","2","2022","3","39.979851","-75.142873","1140","6","0","0","0","0","0","0","1","0","","0","0","0","13","1","1","","1","0","39 58:47.465","","0","75 08:34.342","2","0","0","0","67301","0","0","0","N","0","0","0","2","67301","0","","1.0","","99","N","N","N","0","","0","1","0","3","2","","1330","2","1","0","0","0","0","0","2","1","2","0","0","0","99","","","N","","","","","","","","","",""
"2022045208","1528","0","0","0","0","0","0","0","0","0","4","0","","67","5","2022","4","40.027457","-75.062384","1523","6","0","0","0","0","0","1","0","0","","0","0","0","15","1","2","","1","0","40 01:38.846","","0","75 03:44.583","3","0","0","0","67301","0","0","0","N","0","0","0","3","67301","0","","1.0","","1","N","N","N","0","","2","0","2","3","2","","1520","2","2","1","0","0","0","0","2","0","2","0","0","0","3","","","N","","","","","","","","","",""
"2022014900","1809","1","0","0","0","0","0","0","0","0","1","0","","67","2","2022","4","40.020176","-75.15362","1808","6","0","0","0","0","1","0","0","0","","0","0","0","18","3","4","N","0","0","40 01:12.632","","2","75 09:13.033","8","0","0","0","67301","1","0","0","N","1","0","0","5","67301","0","","1.0","","1","N","N","N","0","","0","0","1","0","0","","1805","3","4","0","0","0","4","1","2","0","2","1","0","0","3","","","N","","","","","","","","","",""
"2022026242","0055","3","0","0","0","0","0","0","0","0","4","0","","67","2","2022","4","39.954758","-75.236221","0045","6","0","0","0","0","0","0","0","0","","0","0","0","0","3","1","","1","0","39 57:17.128","","0","75 14:10.395","8","0","0","0","67301","0","0","0","N","0","0","0","2","67301","0","","1.0","","2","N","N","N","0","","0","0","1","3","2","","30","4","1","0","0","0","1","0","2","0","4","0","0","0","10","10","","N","","","","","","","","","",""
"2022039765","1522","0","0","0","0","0","0","0","0","0","0","0","","67","4","2022","7","39.958883","-75.169853","1514","6","0","0","0","0","0","0","0","0","","0","0","0","15","1","1","N","0","2","39 57:31.980","4","0","75 10:11.470","8","0","0","1","67301","0","0","0","N","0","0","0","1","68K01","0","","1.0","1530.0","1","N","N","N","0","","0","0","0","0","0","N","1513","1","1","0","0","0","1","0","2","0","1","0","0","0","3","03","","N","","","","","","","","","",""
"2022047903","1655","2","0","0","0","0","0","0","0","0","6","0","","67","5","2022","6","40.039151","-75.110002","1647","6","0","0","0","0","0","0","0","0","","0","0","0","16","1","1","","1","0","40 02:20.942","","0","75 06:36.006","3","0","0","0","67301","0","0","0","N","0","0","0","3","67301","0","","1.0","","9","N","N","N","0","","1","0","1","3","2","","1646","3","1","3","0","0","0","0","2","0","3","0","0","0","4","","","N","","","","","","","","","",""
"2022032289","0724","0","0","0","0","0","0","0","0","0","7","0","","67","3","2022","7","39.960407","-75.181158","0713","6","0","0","0","0","0","0","0","0","","0","0","0","7","5","1","","7","1","39 57:37.466","4","2","75 10:52.167","3","0","0","0","67301","0","0","0","Y","0","0","0","1","68K01","0","","7.0","15.0","9","N","N","N","0","","1","0","1","0","0","N","707","1","1","1","0","0","0","0","2","0","1","0","0","0","7","05","","N","","","","","","","","","",""
"2022024923","2026","1","0","0","0","0","0","0","0","0","1","0","","67","3","2022","2","39.97988","-75.1182","2018","6","0","0","0","0","0","0","0","0","","0","0","0","19","3","1","N","0","0","39 58:47.568","","0","75 07:05.521","3","0","0","0","67301","0","0","0","N","0","0","0","2","67301","0","","6.0","","9","N","N","N","0","","1","0","1","0","0","","1957","2","1","0","0","0","0","0","2","0","2","0","0","0","7","","","N","","","","","","","","","",""
"2022030782","2000","1","0","0","0","0","0","0","0","0","5","0","","67","3","2022","7","40.014886","-75.147214","1956","6","0","0","0","0","0","1","0","0","","0","0","0","19","3","0","N","0","0","40 00:53.590","","0","75 08:49.970","0","0","0","0","67301","0","0","0","N","0","0","0","2","67301","0","","6.0","","1","N","N","N","0","","0","0","1","0","0","","1930","2","0","0","0","0","0","0","2","0","2","0","0","0","3","03","","N","","","","","","","","","",""
"2022041826","0914","2","0","0","0","0","0","0","0","0","1","0","","67","3","2022","6","39.96762","-75.132129","0910","6","0","0","0","0","0","0","0","0","","0","0","0","8","1","0","N","0","0","39 58:03.432","","0","75 07:55.664","0","0","0","0","67301","0","0","0","N","0","0","0","2","68K01","0","","1.0","","1","N","N","N","0","","0","0","0","3","8","","859","2","0","0","0","0","0","0","2","0","2","0","0","0","3","","","N","","","","","","","","","",""
"2022043538","1907","1","0","0","0","0","0","0","0","0","1","0","","67","3","2022","7","40.027099","-75.025276","1851","6","0","0","0","0","0","0","1","0","","0","0","0","18","1","3","N","0","1","40 01:37.556","1","0","75 01:30.992","8","0","0","0","67301","0","0","0","N","0","0","0","3","68K01","0","","1.0","2000.0","1","N","N","N","0","","0","0","1","0","0","N","1850","2","3","0","0","0","3","0","2","0","2","0","0","0","3","03","","N","","","","","","","","","",""
"2022014897","2338","0","0","0","0","0","0","0","0","0","8","0","","67","1","2022","2","39.994894","-75.15905","2332","6","0","0","0","0","0","0","0","0","","0","0","0","23","3","1","N","0","0","39 59:41.620","","0","75 09:32.580","3","0","0","0","67301","1","0","0","N","1","0","0","2","67301","0","","1.0","","9","N","N","N","0","","1","0","0","0","0","","2312","2","1","0","0","0","0","0","2","1","1","1","0","0","9","03","","N","","","","","","","","","",""
"2022014719","1215","2","0","0","0","0","0","0","0","0","4","0","","67","1","2022","4","40.018922","-75.049504","1209","6","0","0","0","0","1","0","0","0","","0","0","0","11","8","0","","1","0","40 01:08.120","","0","75 02:58.216","0","0","0","0","67301","0","0","0","N","0","0","0","3","67301","0","","1.0","","1","N","N","N","0","","0","0","0","0","0","","1140","2","0","0","0","0","0","0","2","0","2","0","0","0","3","03","","N","","","","","","","","","",""
"2022037452","0234","0","0","0","0","0","0","0","0","0","5","0","","67","3","2022","7","39.978476","-75.20273","0229","6","0","0","0","0","0","0","0","0","","0","0","0","2","3","0","N","0","1","39 58:42.512","3","0","75 12:09.827","9","0","0","0","67301","0","0","0","N","0","0","0","2","68K01","0","","3.0","236.0","1","N","N","N","0","","0","0","1","0","0","N","227","2","0","0","0","0","0","1","2","0","2","0","0","0","3","03","","N","","","","","","","","","",""
"2022014763","1020","1","0","0","0","0","0","0","0","0","4","0","","67","1","2022","6","39.959472","-75.233175","1018","6","0","0","0","0","0","0","0","0","","0","0","0","9","1","1","","1","0","39 57:34.098","","0","75 13:59.431","3","0","0","0","67301","0","0","0","N","0","0","0","2","67301","0","","1.0","","9","N","N","N","0","","1","0","0","3","2","","950","2","1","0","0","0","0","0","2","0","2","0","0","0","10","03","","N","","","","","","","","","",""
"2022037461","1706","1","0","0","0","0","0","0","0","0","7","0","","67","3","2022","4","39.958263","-75.165812","1644","6","0","0","0","0","0","0","0","0","","0","0","0","16","1","1","","7","0","39 57:29.748","","2","75 09:56.922","8","0","0","0","67301","0","0","0","N","0","0","0","2","68K01","0","","2.0","","1","N","N","N","0","","0","0","0","0","0","","1639","1","1","0","0","0","1","0","2","0","1","0","0","0","3","03","","N","","","","","","","","","",""
"2022013597","1615","2","0","0","0","0","0","0","0","0","1","0","","67","1","2022","4","40.00915","-75.209834","1608","6","0","0","0","0","0","0","0","0","","0","0","0","16","1","1","","2","0","40 00:32.941","","2","75 12:35.404","4","0","0","0","67301","0","0","0","N","0","0","0","2","46104","1","","1.0","","1","N","N","N","0","","0","0","0","3","2","","1608","2","1","0","0","0","0","0","2","0","2","0","0","0","3","03","","N","","","","","","","","","",""
"2022014546","2045","2","0","0","0","0","0","0","0","0","5","0","","67","1","2022","2","40.038778","-75.101083","2044","6","0","0","0","0","0","0","0","0","","0","0","0","20","3","0","N","0","2","40 02:19.600","5","0","75 06:03.900","9","0","0","0","67301","0","0","0","N","0","0","0","3","67301","0","","1.0","2115.0","2","N","N","N","0","","0","0","1","0","0","Y","2040","3","0","0","0","0","0","3","2","0","3","0","0","0","3","98","","N","","","","","","","","","",""
"2022037591","1220","0","0","0","0","0","0","1","0","0","1","1","","67","4","2022","6","39.977507","-75.15987","1215","6","0","0","0","0","0","1","0","0","","0","0","0","12","1","1","","1","0","39 58:39.025","","0","75 09:35.531","3","0","0","1","67301","0","0","0","N","0","0","0","2","67508","0","","1.0","","1","N","N","Y","0","","1","0","0","3","2","","1215","2","1","0","0","0","0","0","2","0","2","0","0","0","3","03","","N","","","","","","","","","",""
"2022037687","1923","1","0","0","0","0","0","0","0","0","7","0","","67","3","2022","5","39.953888","-75.141583","1917","6","0","0","0","0","0","0","0","0","","0","0","0","19","3","0","N","0","1","39 57:13.997","2","0","75 08:29.700","0","0","0","0","67301","0","0","0","N","0","0","0","1","68K01","0","","4.0","1935.0","9","N","N","N","0","","0","0","0","0","0","N","1915","1","0","0","0","0","0","0","2","0","1","0","0","0","7","","","N","","","","","","","","","",""
"2022024574","2144","0","0","0","0","0","0","1","0","0","5","1","","67","2","2022","3","39.992957","-75.110258","2135","6","0","0","0","0","0","0","0","0","","0","0","0","21","3","1","","1","0","39 59:34.645","","0","75 06:36.928","8","0","0","0","67301","0","0","0","N","0","0","0","3","67508","0","","1.0","","1","","","N","0","","0","0","1","3","2","","2135","2","1","0","0","0","1","0","2","0","2","0","0","0","3","03","","N","","","","","","","","","",""
"2022036593","1350","1","0","0","0","0","0","0","0","0","7","0","","67","4","2022","4","39.885001","-75.243911","1338","6","0","0","0","0","0","0","1","0","","0","0","0","13","1","0","N","0","0","39 53:06.005","","0","75 14:38.081","0","0","0","0","67301","0","0","0","N","0","0","0","1","68K01","0","","2.0","","1","N","N","N","0","","0","0","0","0","0","","1333","1","0","0","0","0","0","0","2","0","1","0","0","0","3","03","","N","","","","","","","","","",""
"2022014648","1841","1","0","0","0","0","0","0","0","0","8","0","","67","1","2022","2","39.908905","-75.232914","1839","6","0","0","0","0","0","0","0","0","","0","0","0","17","4","1","","1","0","39 54:32.058","","0","75 13:58.490","3","0","0","0","67301","1","0","0","N","1","0","0","2","67301","0","","1.0","","2","N","N","N","0","","1","0","0","3","2","","1727","2","1","1","0","0","0","1","2","0","1","1","0","0","3","03","","N","","","","","","","","","",""
"2022036300","1309","0","0","0","0","0","0","0","0","0","1","1","","67","4","2022","2","39.949268","-75.184526","1253","6","0","0","0","0","0","1","0","0","","0","1","0","12","1","1","N","0","1","39 56:57.363","4","0","75 11:04.293","3","0","0","0","67301","0","0","0","N","0","0","0","2","68K01","0","","1.0","1309.0","1","N","N","N","0","","1","0","1","0","0","N","1250","2","1","0","0","0","0","0","2","0","2","0","0","0","3","","","N","","","","","","","","","",""
"2022036288","0626","1","0","0","0","0","0","0","0","0","7","0","","67","3","2022","3","39.898782","-75.172676","0626","6","0","0","0","1","0","0","0","0","","0","0","0","6","3","0","N","0","2","39 53:55.614","1","0","75 10:21.635","0","0","0","0","67301","0","0","0","N","0","0","0","1","68K01","0","","5.0","700.0","1","N","N","N","0","","0","0","0","0","0","N","626","1","0","0","0","0","0","0","2","0","1","0","0","0","3","03","","N","","","","","","","","","",""
"2022014729","1721","1","0","0","0","0","0","0","0","0","4","0","","67","1","2022","1","40.018922","-75.049504","1707","6","0","0","0","0","0","0","0","0","","0","0","0","17","3","1","","1","0","40 01:08.120","","0","75 02:58.216","3","0","0","0","67301","0","0","0","N","0","0","0","2","67301","0","","1.0","","9","N","N","N","0","","1","0","1","3","3","","1701","2","1","0","0","0","0","1","2","0","2","0","0","0","3","","","N","","","","","","","","","",""
"2022037475","2348","1","0","0","0","0","0","0","0","0","7","0","","67","4","2022","1","39.897755","-75.186248","2338","6","0","0","0","0","1","0","0","0","","0","0","0","22","3","0","N","0","0","39 53:51.918","","0","75 11:10.494","0","0","0","0","67301","0","0","0","N","0","0","0","1","68K01","0","","4.0","","1","N","N","N","0","","0","0","0","0","0","","2230","1","0","0","0","0","0","0","2","0","1","0","0","0","3","03","","N","","","","","","","","","",""
"2022014584","2110","1","0","0","0","0","0","0","0","0","2","0","","67","1","2022","6","40.12839","-75.009821","2104","6","1","0","0","1","0","0","0","0","","0","0","0","20","3","0","","2","0","40 07:42.204","","0","75 00:35.355","0","0","0","0","67301","0","0","0","N","0","0","0","2","67301","0","","1.0","","2","N","N","N","0","","0","0","1","0","0","","2030","2","0","0","0","0","0","0","2","0","2","0","0","0","10","10","","N","","","","","","","","","",""
"2022014898","1935","2","0","0","0","0","0","0","0","0","4","0","","67","2","2022","3","40.017152","-75.171813","1935","6","0","0","0","0","0","0","0","0","","0","0","0","19","3","2","N","0","1","40 01:01.747","1","0","75 10:18.526","3","0","0","0","67301","0","0","0","N","0","0","0","3","67301","0","","1.0","30.0","1","N","N","N","0","","2","0","0","0","0","N","1925","2","2","0","0","0","0","0","2","0","2","0","0","0","3","","","N","","","","","","","","","",""
"2022014797","1840","1","0","0","0","0","0","0","0","0","4","0","","67","1","2022","2","39.977451","-75.181756","1825","6","0","0","0","0","0","1","0","0","","0","0","0","17","3","0","","1","0","39 58:38.825","","0","75 10:54.321","0","0","0","0","67301","0","0","0","N","0","0","0","2","67301","0","","1.0","","7","N","N","N","0","","0","0","1","3","3","","1757","2","0","0","0","0","0","0","2","0","2","0","0","0","10","03","","N","","","","","","","","","",""
"2022037089","0701","0","0","0","0","0","0","0","0","0","1","0","","67","3","2022","3","40.006742","-75.073571","0632","6","0","0","1","0","0","0","0","0","","0","0","0","6","1","0","N","0","0","40 00:24.270","","0","75 04:24.856","9","0","0","0","67301","0","0","0","N","0","0","0","2","68K01","0","","1.0","","1","N","N","N","1","","0","0","0","0","0","","629","2","0","0","0","0","0","1","2","0","2","0","0","0","3","03","","N","","","","","","","","","",""
"2022039777","1817","1","0","0","0","0","0","0","0","0","1","0","","67","4","2022","3","39.958899","-75.171039","1807","6","0","0","0","0","0","0","0","0","","0","0","0","17","1","0","N","0","2","39 57:32.037","4","4","75 10:15.742","0","0","0","0","67301","0","0","0","N","0","0","0","5","68K01","0","","1.0","1845.0","1","N","N","N","0","","0","0","1","0","0","N","1759","2","0","0","0","0","0","0","2","0","2","0","0","0","3","","","N","","","","","","","","","",""
"2022020079","1435","0","0","0","0","0","0","0","0","0","4","0","","67","2","2022","2","40.084615","-75.024868","1430","6","0","0","0","0","0","0","0","0","","0","0","0","14","1","2","","2","0","40 05:04.613","","0","75 01:29.525","8","0","0","0","67301","0","0","0","N","0","0","0","3","67301","0","","1.0","","1","N","N","N","1","","0","0","1","3","2","","1420","2","2","0","0","0","2","0","2","0","2","0","0","0","3","03","","N","","","","","","","","","",""
"2022020319","1200","0","0","0","0","0","0","0","0","0","1","0","","67","1","2022","1","40.09811","-75.035845","1158","6","0","0","0","0","0","1","0","0","","0","0","0","11","1","1","","1","0","40 05:53.196","","0","75 02:09.041","3","0","0","0","67301","0","0","0","N","0","0","0","2","67301","0","","1.0","","7","N","N","N","0","","1","0","2","3","3","","1155","2","1","0","0","0","0","0","2","0","2","0","0","0","10","03","","N","","","","","","","","","",""
"2022014670","2050","0","0","0","0","0","0","0","0","0","7","0","","67","1","2022","4","40.061026","-75.190128","2025","6","0","0","0","0","0","0","0","0","","0","0","0","19","3","1","","2","0","40 03:39.695","","0","75 11:24.461","3","0","0","0","67301","0","0","0","N","0","0","0","1","67301","0","","4.0","","1","N","N","N","1","","1","0","0","3","2","","1923","1","1","0","0","0","0","0","2","0","1","0","0","0","3","","","N","","","","","","","","","",""
"2022035807","1345","1","0","0","0","0","0","1","0","0","1","1","","67","3","2022","1","39.975293","-75.189157","1330","6","0","0","0","0","0","0","1","0","","0","0","0","13","1","2","N","0","0","39 58:31.056","","0","75 11:20.965","4","0","0","0","67301","0","0","0","N","0","0","0","4","67508","2","","1.0","","1","N","N","Y","0","","0","0","0","0","0","","1330","3","2","0","0","0","0","0","2","0","3","0","0","0","3","03","","N","","","","","","","","","",""
"2022014698","1150","1","0","0","0","0","0","0","0","0","7","0","","67","2","2022","3","40.040158","-75.169085","1145","6","0","0","1","0","0","0","0","0","","0","0","0","11","1","0","","3","0","40 02:24.568","","0","75 10:08.705","9","0","0","0","67301","0","0","0","N","0","0","0","2","67301","0","","4.0","","6","N","N","N","0","","0","0","0","0","0","","1144","1","0","0","0","0","0","1","2","0","1","0","0","0","10","10","","N","","","","","","","","","",""
"2022014798","0825","0","0","0","0","0","0","0","0","0","8","0","","67","1","2022","2","39.993931","-75.154462","0802","6","0","0","0","0","0","0","0","0","","0","0","0","14","1","1","","1","0","39 59:38.150","","0","75 09:16.063","3","0","0","0","67301","1","0","0","N","1","0","0","2","67301","0","","1.0","","1","N","N","N","0","","1","0","1","3","2","","1440","2","1","1","0","0","0","1","2","0","1","1","0","0","3","04","","N","","","","","","","","","",""
"2022016014","1146","2","0","0","0","0","0","0","0","0","4","0","","67","1","2022","6","39.958512","-75.165602","1146","6","0","0","0","0","0","0","0","0","","0","0","0","11","1","0","","1","0","39 57:30.644","","3","75 09:56.168","0","0","0","0","67301","0","0","0","N","0","0","0","2","67301","0","","1.0","","2","N","N","N","0","","0","0","0","3","2","","1144","2","0","0","0","0","0","0","2","0","2","0","0","0","6","10","","N","","","","","","","","","",""
"2022021841","","1","0","0","0","0","0","0","0","0","4","0","","67","1","2022","6","40.026444","-75.09675","","6","0","0","0","0","0","0","0","0","","0","0","0","9","1","1","","1","0","40 01:35.200","","0","75 05:48.300","8","0","0","0","67301","0","0","0","N","0","0","0","2","00000","0","","1.0","","1","N","N","N","1","","0","0","0","0","0","","915","2","1","0","0","0","1","0","2","0","2","0","0","0","3","","","N","","","","","","","","","",""
"2022012832","1212","1","0","0","0","0","0","0","0","0","7","0","","67","1","2022","7","40.003824","-75.19492","1207","6","0","0","0","0","0","0","0","0","","0","0","0","12","1","1","N","0","2","40 00:13.767","4","2","75 11:41.712","3","0","0","0","67301","0","0","0","N","0","0","0","2","68K01","0","","4.0","1229.0","7","N","N","N","0","","1","0","0","0","0","Y","1205","1","1","1","0","0","0","0","2","0","1","0","0","0","2","","","N","","","","","","","","","",""
"2022011790","0647","0","0","0","0","0","0","0","0","0","8","0","","67","2","2022","4","39.981278","-75.153528","0645","6","0","0","0","0","0","1","0","0","","0","0","0","6","3","1","N","0","2","39 58:52.600","2","0","75 09:12.700","8","0","0","0","67301","1","0","0","N","1","0","0","2","67505","0","","1.0","700.0","1","N","N","N","0","","0","0","1","3","3","N","644","2","1","0","0","0","1","0","2","0","1","1","0","0","3","03","","N","","","","","","","","","",""
"2022014563","1245","2","0","0","0","0","0","0","0","0","4","0","","67","1","2022","5","40.027678","-75.226185","1242","6","0","0","0","0","0","0","0","0","","0","0","0","12","1","0","","1","0","40 01:39.640","","0","75 13:34.265","0","0","0","0","67301","0","0","0","N","0","0","0","3","67301","0","","1.0","","2","N","N","N","0","","0","0","0","3","3","","1238","2","0","0","0","0","0","0","2","0","2","0","0","0","3","","","N","","","","","","","","","",""
"2022037738","0619","1","0","0","0","0","0","0","0","0","7","0","","67","4","2022","3","39.997794","-75.195934","0617","6","0","0","0","0","0","0","0","0","","0","0","0","6","3","0","N","0","2","39 59:52.060","4","0","75 11:45.363","0","0","0","0","67301","0","0","0","N","0","0","0","1","68K01","0","","4.0","45.0","9","N","N","N","0","","0","0","0","0","0","Y","600","1","0","0","0","0","0","0","2","0","1","0","0","0","7","07","","N","","","","","","","","","",""
"2022014892","0917","0","0","0","0","0","0","0","0","0","1","0","","67","1","2022","6","40.018667","-75.16629","0910","6","0","0","0","0","0","1","0","0","","0","0","0","9","1","1","N","0","0","40 01:07.200","","0","75 09:58.645","2","0","0","0","67301","0","0","0","N","0","0","0","2","67301","0","","1.0","","7","N","N","N","0","","0","1","1","0","0","","905","2","1","1","0","1","0","1","2","0","2","0","0","0","10","10","","N","","","","","","","","","",""
"2022010123","0707","1","0","0","0","0","0","0","0","0","7","0","","67","1","2022","6","39.955123","-75.185834","0705","6","0","0","0","0","0","0","0","0","","0","0","0","6","5","0","N","0","0","39 57:18.443","","0","75 11:09.002","9","0","0","0","67301","0","0","0","N","0","0","0","3","67507","0","","4.0","","1","N","N","N","0","","0","0","1","0","0","","630","2","0","0","0","0","0","1","2","0","2","0","0","0","3","","","N","","","","","","","","","",""