"CRN","ARRIVAL_TM","AUTOMOBILE_COUNT","BELTED_DEATH_COUNT","BELTED_SUSP_SERIOUS_INJ_COUNT","BICYCLE_COUNT","BICYCLE_DEATH_COUNT","BICYCLE_SUSP_SERIOUS_INJ_COUNT","BUS_COUNT","CHLDPAS_DEATH_COUNT","CHLDPAS_SUSP_SERIOUS_INJ_COUNT","COLLISION_TYPE","COMM_VEH_COUNT","CONS_ZONE_SPD_LIM","COUNTY","CRASH_MONTH","CRASH_YEAR","DAY_OF_WEEK","DEC_LATITUDE","DEC_LONGITUDE","DISPATCH_TM","DISTRICT","DRIVER_COUNT_16YR","DRIVER_COUNT_17YR","DRIVER_COUNT_18YR","DRIVER_COUNT_19YR","DRIVER_COUNT_20YR","DRIVER_COUNT_50_64YR","DRIVER_COUNT_65_74YR","DRIVER_COUNT_75PLUS","EST_HRS_CLOSED","FATAL_COUNT","HEAVY_TRUCK_COUNT","HORSE_BUGGY_COUNT","HOUR_OF_DAY","ILLUMINATION","INJURY_COUNT","INTERSECTION_RELATED","INTERSECT_TYPE","LANE_CLOSED","LATITUDE","LN_CLOSE_DIR","LOCATION_TYPE","LONGITUDE","MAX_SEVERITY_LEVEL","MCYCLE_DEATH_COUNT","MCYCLE_SUSP_SERIOUS_INJ_COUNT","MOTORCYCLE_COUNT","MUNICIPALITY","NONMOTR_COUNT","NONMOTR_DEATH_COUNT","NONMOTR_SUSP_SERIOUS_INJ_COUNT","NTFY_HIWY_MAINT","PED_COUNT","PED_DEATH_COUNT","PED_SUSP_SERIOUS_INJ_COUNT","PERSON_COUNT","POLICE_AGCY","POSSIBLE_INJ_COUNT","RDWY_SURF_TYPE_CD","RELATION_TO_ROAD","ROADWAY_CLEARED","ROAD_CONDITION","SCH_BUS_IND","SCH_ZONE_IND","SECONDARY_CRASH","SMALL_TRUCK_COUNT","SPEC_JURIS_CD","SUSP_MINOR_INJ_COUNT","SUSP_SERIOUS_INJ_COUNT","SUV_COUNT","TCD_FUNC_CD","TCD_TYPE","TFC_DETOUR_IND","TIME_OF_DAY","TOTAL_UNITS","TOT_INJ_COUNT","UNBELTED_OCC_COUNT","UNB_DEATH_COUNT","UNB_SUSP_SERIOUS_INJ_COUNT","UNK_INJ_DEG_COUNT","UNK_INJ_PER_COUNT","URBAN_RURAL","VAN_COUNT","VEHICLE_COUNT","VULNERABLE_ROAD_USER_COUNT","VULNERABLE_ROAD_USER_DEATH_COUNT","VULNERABLE_ROAD_USER_SER_INJ_COUNT","WEATHER1","WEATHER2","WORKERS_PRES","WORK_ZONE_IND","WORK_ZONE_LOC","WORK_ZONE_TYPE","WZ_CLOSE_DETOUR","WZ_FLAGGER","WZ_LAW_OFFCR_IND","WZ_LN_CLOSURE","WZ_MOVING","WZ_OTHER","WZ_SHLDER_MDN","WZ_WORKERS_INJ_KILLED"
"2022037592","1539","0","0","0","0","0","0","1","0","0","6","1","","67","4","2022","5","39.978951","-75.159945","1538","6","0","0","0","0","0","1","0","0","","0","0","0","15","1","1","N","0","0","39 58:44.225","","0","75 09:35.802","8","0","0","0","67301","0","0","0","N","0","0","0","5","67505","0","","1.0","","1","Y","Y","N","1","","0","0","0","0","0","","1537","2","1","0","0","0","1","1","2","0","2","0","0","0","3","03","","N","","","","","","","","","",""
"2022014646","2352","1","0","0","0","0","0","0","0","0","4","0","","67","1","2022","6","39.881181","-75.228678","2345","6","0","0","0","0","0","0","1","0","","0","0","0","23","3","1","","11","0","39 52:52.250","","0","75 13:43.240","4","0","0","0","67301","0","0","0","N","0","0","0","2","67301","1","","1.0","","2","N","N","N","0","","0","0","1","3","3","","2342","2","1","1","0","0","0","0","2","0","2","0","0","0","10","10","","N","","","","","","","","","",""
"2022016289","2245","3","0","0","0","0","0","0","0","0","4","0","","67","1","2022","4","40.023853","-75.142546","2242","6","0","0","0","1","0","0","0","0","","0","0","0","22","3","1","","1","0","40 01:25.870","","0","75 08:33.165","3","0","0","0","67301","0","0","0","N","0","0","0","2","67301","0","","1.0","","1","N","N","N","0","","1","0","1","3","3","","2230","4","1","0","0","0","0","0","2","0","4","0","0","0","3","","","N","","","","","","","","","",""
"2022021839","","1","0","0","0","0","0","0","0","0","1","0","","67","1","2022","2","40.130138","-75.012798","","6","0","0","0","0","0","0","0","0","","0","0","0","15","1","2","","2","0","40 07:48.496","","0","75 00:46.074","8","0","0","0","67301","0","0","0","N","0","0","0","3","00000","0","","1.0","","1","N","N","N","0","","0","0","1","0","0","","1505","2","2","0","0","0","2","0","2","0","2","0","0","0","3","","","N","","","","","","","","","",""
"2022029317","0958","1","0","0","1","0","0","0","0","0","8","0","","67","3","2022","5","39.939533","-75.160983","0958","6","0","0","0","0","0","1","0","0","","0","0","0","9","1","1","N","0","0","39 56:22.320","","7","75 09:39.540","3","0","0","0","67301","1","0","0","N","0","0","0","2","67301","0","","1.0","","9","N","N","N","0","","1","0","0","0","0","","958","2","1","0","0","0","0","0","2","0","1","1","0","0","7","","","N","","","","","","","","","",""
"2022023736","0347","1","0","0","0","0","0","0","0","0","7","0","","67","3","2022","6","39.923874","-75.245583","0347","6","0","0","0","0","0","0","0","0","","0","0","0","3","3","0","N","0","0","39 55:25.946","","0","75 14:44.097","9","0","0","0","67301","0","0","0","N","0","0","0","1","67301","0","","9.0","","1","N","N","N","0","","0","0","0","3","2","","347","1","0","0","0","0","0","1","2","0","1","0","0","0","3","03","","N","","","","","","","","","",""
"2022020470","2344","2","0","0","0","0","0","0","0","0","5","0","","67","2","2022","6","39.964175","-75.164742","2343","6","0","0","0","0","0","0","0","0","","0","0","0","23","3","1","N","0","0","39 57:51.030","","0","75 09:53.070","3","0","0","0","67301","0","0","0","N","0","0","0","1","67301","0","","6.0","","1","N","N","N","0","","1","0","1","0","0","","2342","3","1","1","0","0","0","0","2","0","3","0","0","0","3","","","N","","","","","","","","","",""
"2022031437","1854","0","0","0","0","0","0","0","0","0","4","0","","67","3","2022","5","40.060606","-75.150644","1844","6","0","0","0","0","0","0","1","0","","0","0","0","14","1","2","","2","0","40 03:38.181","","0","75 09:02.318","3","0","0","0","67301","0","0","0","N","0","0","0","3","67301","0","","1.0","","1","N","N","N","0","","2","0","2","0","0","","1450","2","2","0","0","0","0","0","2","0","2","0","0","0","3","98","","N","","","","","","","","","",""
"2022020622","1658","1","0","0","0","0","0","0","0","0","0","0","","67","2","2022","2","40.004583","-75.195822","1651","6","0","0","0","0","0","0","0","0","","0","0","0","16","1","0","N","0","0","40 00:16.499","","0","75 11:44.959","0","0","0","0","67301","0","0","0","N","0","0","0","2","68K01","0","","1.0","","1","N","N","N","0","","0","0","0","0","0","","1646","1","0","0","0","0","0","0","2","0","1","0","0","0","3","","","N","","","","","","","","","",""
"2022032842","0930","1","0","0","0","0","0","0","0","0","4","0","","67","3","2022","5","40.056373","-75.074976","0930","6","0","0","0","0","0","0","0","0","","0","0","0","9","1","1","","1","0","40 03:22.943","","0","75 04:29.915","8","0","0","0","67301","0","0","0","N","0","0","0","5","67301","0","","1.0","","1","N","N","N","0","","0","0","2","3","2","","920","3","1","0","0","0","1","4","2","0","3","0","0","0","4","","","N","","","","","","","","","",""
"2022043514","2250","1","0","0","0","0","0","0","0","0","1","0","","67","4","2022","4","39.95603","-75.205444","2248","6","0","0","0","0","0","0","0","0","","0","0","0","22","3","0","N","0","0","39 57:21.709","","0","75 12:19.600","0","0","0","0","67301","0","0","0","N","0","0","0","2","67504","0","","1.0","","1","N","N","N","0","","0","0","0","0","0","","2235","2","0","1","0","0","0","0","2","1","2","0","0","0","3","03","","N","","","","","","","","","",""
"2022032813","1115","0","0","0","0","0","0","0","0","0","7","0","","67","4","2022","3","39.922083","-75.189861","1112","6","0","0","0","0","0","0","0","0","","0","0","0","11","1","1","N","0","0","39 55:19.500","","3","75 11:23.500","4","0","0","0","67301","0","0","0","N","0","0","0","3","67501","1","","4.0","","1","N","N","N","0","","0","0","1","0","0","","1112","1","1","0","0","0","0","0","2","0","1","0","0","0","3","03","","N","","","","","","","","","",""
"2022017095","1531","0","0","0","0","0","0","0","0","0","4","0","","67","2","2022","3","40.003693","-75.181291","1518","6","0","0","0","0","0","0","0","0","","0","0","0","15","1","1","","5","0","40 00:13.296","","0","75 10:52.648","3","0","0","0","67301","0","0","0","N","0","0","0","2","67301","0","","1.0","","1","N","N","N","1","","1","0","1","3","2","","1510","2","1","0","0","0","0","0","2","0","2","0","0","0","3","03","","N","","","","","","","","","",""
"2022045904","1541","0","0","0","0","0","0","0","0","0","8","0","","67","5","2022","2","40.072142","-75.032961","1536","6","0","0","0","0","0","1","0","0","","0","0","0","15","1","1","","2","0","40 04:19.712","","0","75 01:58.660","3","0","0","0","67301","2","0","0","N","2","0","0","4","67301","0","","1.0","","1","N","N","N","0","","1","0","1","3","2","","1510","3","1","0","0","0","0","0","2","0","1","2","0","0","3","03","","N","","","","","","","","","",""
"2022021407","1841","1","0","0","0","0","0","0","0","0","1","0","45","67","2","2022","5","40.020887","-75.042553","1826","6","0","0","0","1","0","0","0","0","","0","0","0","18","3","0","N","0","0","40 01:15.194","","0","75 02:33.192","0","0","0","0","67301","0","0","0","N","0","0","0","2","68K01","0","","1.0","","1","N","N","N","0","","0","0","1","0","0","","1824","2","0","0","0","0","0","0","2","0","2","0","0","0","3","03","N","Y","4","1","","","N","","","","Y","N"
"2022044020","0230","1","0","0","0","0","0","0","0","0","7","0","","67","3","2022","2","39.991669","-75.084528","0200","6","0","0","0","0","0","0","0","0","","0","0","0","1","3","0","N","0","0","39 59:30.008","","0","75 05:04.302","9","0","0","0","67301","0","0","0","N","0","0","0","1","67301","0","","4.0","","1","N","N","N","0","","0","0","0","0","0","","145","1","0","0","0","0","0","1","2","0","1","0","0","0","3","03","","N","","","","","","","","","",""
"2022037468","0411","0","0","0","0","0","0","0","0","0","7","0","","67","3","2022","6","39.936399","-75.144596","0359","6","0","0","0","0","0","0","0","0","","0","0","0","3","3","1","N","0","0","39 56:11.035","","0","75 08:40.547","4","0","0","0","67301","0","0","0","N","0","0","0","1","68K01","1","","2.0","","9","N","N","N","0","","0","0","0","0","0","","352","1","1","0","0","0","0","0","2","1","1","0","0","0","3","","","N","","","","","","","","","",""
"2022019600","1540","3","0","0","0","0","0","0","0","0","4","0","","67","2","2022","1","40.020941","-75.05591","1536","6","0","0","0","0","0","0","0","0","","0","0","0","14","1","2","","1","2","40 01:15.387","1","0","75 03:21.275","4","0","0","0","67301","0","0","0","N","0","0","0","3","67301","1","","1.0","1635.0","9","N","N","N","1","","0","0","0","3","3","Y","1442","4","2","0","0","0","1","1","2","0","4","0","0","0","10","","","N","","","","","","","","","",""
"2022022455","1636","2","0","0","0","0","0","0","0","0","1","0","","67","2","2022","7","39.999399","-75.085012","1514","6","0","0","0","0","0","1","0","0","","0","0","0","15","1","1","N","0","0","39 59:57.837","","8","75 05:06.043","8","0","0","0","67301","0","0","0","N","0","0","0","2","68K01","0","","1.0","","1","N","N","N","0","","0","0","0","0","0","","1507","3","1","0","0","0","1","0","2","0","2","0","0","0","3","","","N","","","","","","","","","",""
"2022026792","1914","1","0","0","0","0","0","0","0","0","4","0","","67","3","2022","3","39.965346","-75.229941","1912","6","0","0","0","0","0","0","0","0","","0","0","0","17","1","0","","1","0","39 57:55.245","","0","75 13:47.787","0","0","0","0","67301","0","0","0","N","0","0","0","2","67301","0","","1.0","","1","N","N","N","0","","0","0","1","3","3","","1758","2","0","0","0","0","0","0","2","0","2","0","0","0","3","03","","N","","","","","","","","","",""
"2022025165","1544","1","0","0","0","0","0","0","0","0","5","0","","67","3","2022","5","40.041909","-75.179816","1544","6","0","0","0","0","0","1","0","0","","0","0","0","15","1","0","N","0","1","40 02:30.872","5","0","75 10:47.336","9","0","0","0","67301","0","0","0","N","0","0","0","2","67301","0","","1.0","1730.0","1","N","N","N","0","","0","0","1","0","0","Y","1534","2","0","0","0","0","0","1","2","0","2","0","0","0","3","03","","N","","","","","","","","","",""
"2022032887","0040","1","0","0","0","0","0","0","0","0","5","0","","67","4","2022","2","40.050486","-75.159683","0035","6","0","0","0","0","0","0","0","0","","0","0","0","0","3","0","N","0","0","40 03:01.750","","0","75 09:34.860","0","0","0","0","67301","0","0","0","N","0","0","0","1","67301","0","","6.0","","1","N","N","N","0","","0","0","2","0","0","","30","3","0","0","0","0","0","0","2","0","3","0","0","0","3","03","","N","","","","","","","","","",""
"2022043855","1216","1","0","0","0","0","0","0","0","0","8","0","","67","5","2022","5","40.095953","-74.976781","1212","6","0","0","0","0","0","0","0","0","","0","0","0","12","1","1","","2","0","40 05:45.430","","0","74 58:36.413","3","0","0","0","67301","1","0","0","N","1","0","0","2","67301","0","","1.0","","1","N","N","N","0","","1","0","0","0","0","","1212","2","1","0","0","0","0","0","2","0","1","1","0","0","3","03","","N","","","","","","","","","",""
"2022021412","0245","0","0","0","0","0","0","0","0","0","7","0","","67","2","2022","6","39.9597","-75.140454","0243","6","0","0","0","0","0","0","0","0","","0","0","0","2","3","0","N","0","1","39 57:34.920","1","0","75 08:25.634","9","0","0","0","67301","0","0","0","N","0","0","0","1","68K01","0","","3.0","254.0","9","N","N","N","0","","0","0","1","0","0","N","226","1","0","0","0","0","0","1","2","0","1","0","0","0","7","","","N","","","","","","","","","",""
"2022013785","1642","0","0","0","0","0","0","0","0","0","1","0","","67","2","2022","1","39.947895","-75.186608","1635","6","0","0","0","0","0","2","0","0","","0","0","0","16","1","2","","6","1","39 56:52.422","4","2","75 11:11.789","3","0","0","0","67301","0","0","0","N","0","0","0","4","68K01","0","","7.0","1715.0","1","N","N","N","0","","2","0","2","0","0","N","1609","2","2","0","0","0","0","0","2","0","2","0","0","0","3","03","","N","","","","","","","","","",""
"2022039771","2200","1","0","0","0","0","0","0","0","0","4","0","","67","4","2022","1","39.969946","-75.125451","2152","6","0","0","0","0","0","0","0","0","","0","0","0","21","3","1","","7","1","39 58:11.804","1","2","75 07:31.625","3","0","0","0","67301","0","0","0","N","0","0","0","1","68K01","0","","7.0","2210.0","1","N","N","N","0","","1","0","0","0","0","N","2151","1","1","1","0","0","0","0","2","0","1","0","0","0","3","03","","N","","","","","","","","","",""
"2022043842","1320","0","0","0","0","0","0","0","0","0","4","0","","67","5","2022","1","40.085406","-75.037359","1302","6","0","0","0","0","0","0","0","0","","0","0","0","12","1","2","","1","0","40 05:07.463","","0","75 02:14.492","8","0","0","0","67301","0","0","0","N","0","0","0","2","67301","0","","1.0","","1","N","N","N","0","","0","0","2","3","2","","1255","2","2","0","0","0","2","0","2","0","2","0","0","0","4","","","N","","","","","","","","","",""
"2022023734","1943","1","0","0","0","0","0","0","0","0","4","0","","67","3","2022","5","39.942325","-75.233821","1943","6","0","0","0","0","0","0","0","0","","0","0","0","19","3","0","","1","0","39 56:32.369","","0","75 14:01.754","0","0","0","0","67301","0","0","0","N","0","0","0","2","67301","0","","1.0","","1","N","N","N","0","","0","0","2","3","2","","1943","4","0","1","0","0","0","0","2","1","4","0","0","0","3","03","","N","","","","","","","","","",""
"2022045264","2125","1","0","0","0","0","0","0","0","0","8","0","","67","5","2022","6","39.933934","-75.148144","2123","6","0","0","0","0","0","1","0","0","","0","0","0","21","3","2","","1","0","39 56:02.162","","0","75 08:53.318","3","0","0","0","67301","2","0","0","N","2","0","0","3","67301","0","","1.0","","9","N","N","N","0","","2","0","0","3","2","","2120","3","2","0","0","0","0","0","2","0","1","2","0","0","7","","","N","","","","","","","","","",""
"2022032855","1047","2","0","0","0","0","0","0","0","0","4","0","","67","4","2022","6","39.958503","-75.148724","1046","6","0","0","0","0","0","1","0","0","","0","0","0","10","1","0","","1","0","39 57:30.611","","0","75 08:55.408","0","0","0","0","67301","0","0","0","N","0","0","0","2","67301","0","","1.0","","1","N","N","N","0","","0","0","0","3","3","","1045","2","0","0","0","0","0","0","2","0","2","0","0","0","4","04","","N","","","","","","","","","",""
"2022025200","1005","0","0","0","0","0","0","0","0","0","4","0","","67","3","2022","2","40.011802","-75.13432","1001","6","0","0","0","0","0","0","0","1","","0","0","0","10","1","2","","3","0","40 00:42.487","","0","75 08:03.551","3","0","0","0","67301","0","0","0","N","0","0","0","2","67301","0","","1.0","","1","N","N","N","0","","2","0","1","3","3","","1000","2","2","0","0","0","0","0","2","1","2","0","0","0","3","03","","N","","","","","","","","","",""
"2022016076","0031","1","0","0","0","0","0","0","0","0","4","0","","67","2","2022","1","39.974163","-75.133327","0031","6","0","0","0","0","0","0","0","0","","0","0","0","0","3","0","","1","0","39 58:26.987","","0","75 07:59.978","0","0","0","0","67301","0","0","0","N","0","0","0","2","67301","0","","1.0","","9","N","N","N","0","","0","0","1","3","3","","25","2","0","0","0","0","0","0","2","0","2","0","0","0","10","","","N","","","","","","","","","",""
"2022020439","0225","0","0","0","0","0","0","0","0","0","4","0","","67","2","2022","6","40.026801","-75.097355","0217","6","0","0","0","0","0","0","0","0","","0","0","0","2","3","0","","1","0","40 01:36.484","","0","75 05:50.479","0","0","0","0","67301","0","0","0","N","0","0","0","2","67301","0","","1.0","","9","N","N","N","0","","0","0","2","3","2","","205","2","0","0","0","0","0","0","2","0","2","0","0","0","7","07","","N","","","","","","","","","",""
"2022021508","1353","0","0","0","0","0","0","0","0","0","4","0","","67","2","2022","5","40.008621","-75.068836","1346","6","0","0","0","0","0","0","0","1","","0","0","0","13","1","1","","1","0","40 00:31.034","","0","75 04:07.810","3","0","0","0","67301","0","0","0","N","0","0","0","3","67301","0","","1.0","","9","N","N","Y","1","","1","0","1","3","2","","1342","3","1","0","0","0","0","0","2","1","3","0","0","0","7","04","","N","","","","","","","","","",""
"2022044131","0157","0","0","0","0","0","0","0","0","0","1","0","","67","5","2022","7","40.009633","-75.187518","0146","6","0","0","0","0","0","0","0","0","","0","0","0","1","3","1","N","0","9","40 00:34.678","","0","75 11:15.065","3","0","0","0","67301","0","0","0","N","0","0","0","2","67301","0","","4.0","","9","N","N","N","0","","1","0","1","0","0","","131","2","1","0","0","0","0","0","2","0","1","0","0","0","7","07","","N","","","","","","","","","",""
"2022024592","0854","2","0","0","0","0","0","0","0","0","6","0","","67","3","2022","2","39.972581","-75.229319","0854","6","0","0","0","0","0","0","0","0","","0","0","0","2","6","0","N","0","0","39 58:21.290","","0","75 13:45.550","0","0","0","0","67301","0","0","0","N","0","0","0","1","67301","0","","6.0","","1","N","N","Y","1","","0","0","0","0","0","","225","3","0","0","0","0","0","0","2","0","3","0","0","0","99","","","N","","","","","","","","","",""
"2022029755","0850","2","0","0","0","0","0","0","0","0","4","0","","67","3","2022","3","39.965951","-75.24719","0844","6","0","0","0","1","0","1","0","0","","0","0","0","8","1","2","","1","0","39 57:57.423","","0","75 14:49.883","4","0","0","0","67301","0","0","0","N","0","0","0","3","67301","2","","1.0","","1","N","N","N","0","","0","0","1","3","3","","803","3","2","3","0","0","0","0","2","0","3","0","0","0","3","03","","N","","","","","","","","","",""
"2022041578","0937","0","0","0","0","0","0","1","0","0","4","1","","67","4","2022","6","39.970498","-75.152339","0937","6","0","0","0","0","0","1","0","0","","0","0","0","9","1","2","N","0","0","39 58:13.792","","7","75 09:08.419","4","0","0","0","67301","0","0","0","N","0","0","0","4","67508","2","","1.0","","1","N","N","N","0","","0","0","1","0","0","","937","2","2","1","0","0","0","0","2","0","2","0","0","0","3","03","","N","","","","","","","","","",""
"2022029269","0345","1","0","0","0","0","0","0","0","0","4","0","","67","3","2022","7","40.042896","-75.143783","0342","6","0","0","0","0","0","0","0","0","","0","0","0","3","3","0","","1","0","40 02:34.426","","0","75 08:37.618","0","0","0","0","67301","0","0","0","N","0","0","0","3","67301","0","","1.0","","1","N","N","N","0","","0","0","1","3","2","","320","2","0","3","0","0","0","0","2","0","2","0","0","0","3","03","","N","","","","","","","","","",""
"2022021520","0920","1","0","0","0","0","0","0","0","0","3","0","","67","2","2022","4","40.009231","-75.071769","0919","6","0","0","0","0","0","0","0","0","","0","0","0","9","1","1","Y","0","0","40 00:33.233","","0","75 04:18.367","3","0","0","0","67301","0","0","0","N","0","0","0","2","67301","0","","1.0","","1","N","N","N","0","","1","0","1","3","2","","909","2","1","0","0","0","0","0","2","0","2","0","0","0","3","","","N","","","","","","","","","",""
"2022015918","0603","2","0","0","0","0","0","0","0","0","4","0","","67","2","2022","6","39.954661","-75.149521","0558","6","0","0","0","0","0","0","0","0","","0","0","0","5","1","1","","5","0","39 57:16.781","","2","75 08:58.276","8","0","0","0","67301","0","0","0","N","0","0","0","2","67301","0","","1.0","","1","N","N","N","0","","0","0","0","3","2","","557","2","1","0","0","0","1","0","2","0","2","0","0","0","3","","","N","","","","","","","","","",""
"2022023735","0159","1","0","0","0","0","0","0","0","0","4","0","","67","3","2022","6","39.938719","-75.224301","0154","6","0","0","0","0","0","0","0","0","","0","0","0","1","3","1","","1","0","39 56:19.388","","0","75 13:27.483","3","0","0","0","67301","0","0","0","N","0","0","0","2","67301","0","","1.0","","1","N","N","N","0","","1","0","1","3","2","","129","2","1","0","0","0","0","0","2","0","2","0","0","0","3","","","N","","","","","","","","","",""
"2022030781","1836","0","0","0","0","0","0","0","0","0","7","0","","67","3","2022","6","39.993698","-75.139853","1820","6","0","0","0","0","0","0","0","0","","0","0","0","17","1","0","","1","0","39 59:37.312","","0","75 08:23.470","0","0","0","0","67301","0","0","0","N","0","0","0","1","67301","0","","5.0","","1","N","N","N","0","","0","0","0","3","2","","1735","1","0","1","0","0","0","0","2","1","1","0","0","0","3","","","N","","","","","","","","","",""
"2022025703","2115","1","0","0","0","0","0","0","0","0","8","0","","67","3","2022","4","39.924096","-75.157927","2100","6","0","0","0","0","0","0","0","0","","0","0","0","19","3","1","","1","0","39 55:26.745","","0","75 09:28.537","3","0","0","0","67301","1","0","0","N","1","0","0","2","67301","0","","1.0","","1","N","N","N","0","","1","0","0","3","3","","1930","2","1","0","0","0","0","0","2","0","1","1","0","0","3","03","","N","","","","","","","","","",""
"2022024912","1302","0","0","0","0","0","0","0","0","0","4","0","","67","3","2022","1","39.917902","-75.179294","1259","6","0","0","0","0","0","1","0","0","","0","0","0","12","1","2","","1","0","39 55:04.447","","0","75 10:45.458","2","0","0","0","67301","0","0","0","N","0","0","0","8","67301","0","","1.0","","9","N","N","N","0","","0","1","2","3","2","","1255","2","2","0","0","0","1","0","2","0","2","0","0","0","7","04","","N","","","","","","","","","",""
"2022044060","1517","3","0","0","0","0","0","0","0","0","4","0","","67","4","2022","6","39.987805","-75.131566","1515","6","0","0","0","0","0","0","0","0","","1","0","0","15","1","1","","1","0","39 59:16.097","","0","75 07:53.637","1","0","0","0","67301","0","0","0","N","0","0","0","2","67301","0","2","1.0","","1","N","N","N","0","0","1","0","0","3","3","","1511","3","1","0","0","0","0","0","2","0","3","0","0","0","3","","","N","","","","","","","","","",""
"2022044374","1106","2","0","0","0","0","0","0","0","0","5","0","","67","4","2022","7","39.945691","-75.189926","1045","6","0","0","0","0","1","1","0","0","","0","0","0","10","1","0","N","0","2","39 56:44.487","4","0","75 11:23.732","0","0","0","0","67301","0","0","0","N","0","0","0","3","68K01","0","","1.0","1114.0","1","N","N","N","0","","0","0","0","0","0","N","1044","2","0","0","0","0","0","0","2","0","2","0","0","0","3","","","N","","","","","","","","","",""
"2022048040","1040","1","0","0","0","0","0","0","0","0","2","1","","67","5","2022","7","39.966394","-75.207559","1039","6","0","0","0","0","0","1","0","0","","0","0","0","10","1","0","","1","0","39 57:59.017","","0","75 12:27.213","9","0","0","0","67301","0","0","0","N","0","0","0","2","67301","0","","1.0","","1","N","N","N","1","","0","0","1","3","2","","1026","3","0","0","0","0","0","1","2","0","3","0","0","0","3","03","","N","","","","","","","","","",""
"2022015624","1720","0","0","0","0","0","0","0","0","0","8","0","","67","2","2022","6","39.985607","-75.156292","1718","6","0","0","0","0","1","0","0","0","","0","0","0","17","1","1","N","0","0","39 59:08.184","","0","75 09:22.650","8","0","0","0","67301","2","0","0","N","2","0","0","3","67505","0","","1.0","","1","N","N","N","0","","0","0","1","0","0","","1710","3","1","0","0","0","1","0","2","0","1","2","0","0","3","03","","N","","","","","","","","","",""
"2022031370","2008","0","0","0","0","0","0","0","0","0","4","0","","67","3","2022","1","40.039203","-75.06675","2008","6","0","0","0","0","0","1","0","0","","0","0","0","17","3","1","","1","0","40 02:21.129","","0","75 04:00.301","3","0","0","0","67301","0","0","0","N","0","0","0","2","67301","0","","1.0","","1","N","N","N","0","","1","0","2","3","2","","1731","2","1","2","0","0","0","0","2","0","2","0","0","0","3","03","","N","","","","","","","","","",""
"2022026501","0549","1","0","0","0","0","0","0","0","0","7","0","","67","3","2022","1","40.037204","-75.136434","0547","6","0","1","0","0","0","0","0","0","","0","0","0","5","3","3","","3","0","40 02:13.933","","0","75 08:11.164","2","0","0","0","67301","0","0","0","N","0","0","0","3","67301","0","","4.0","","3","N","N","N","0","","1","2","0","0","0","","545","1","3","0","0","0","0","0","2","0","1","0","0","0","3","98","","N","","","","","","","","","",""
"2022044163","1835","1","0","0","0","0","0","0","0","0","7","0","","67","5","2022","3","39.962492","-75.176662","1830","6","0","0","0","0","0","0","0","0","","0","0","0","18","1","0","N","0","1","39 57:44.971","3","0","75 10:35.983","0","0","0","0","67301","0","0","0","N","0","0","0","1","67301","0","","4.0","1930.0","1","N","N","N","0","","0","0","0","0","0","N","1820","1","0","0","0","0","0","0","2","0","1","0","0","0","3","","","N","","","","","","","","","",""
"2022047543","1050","0","0","0","0","0","0","0","0","0","8","0","","67","5","2022","4","39.946736","-75.159386","1050","6","0","0","0","0","0","0","0","0","","0","0","0","20","3","1","N","0","9","39 56:48.250","","0","75 09:33.790","3","0","0","0","67301","1","0","0","N","1","0","0","1","67301","0","","1.0","","1","N","N","N","0","","1","0","0","0","0","","2040","2","1","0","0","0","0","0","2","0","1","1","0","0","3","03","","N","","","","","","","","","",""
"2022046184","0006","0","0","0","0","0","0","0","0","0","7","0","","67","2","2022","3","39.990022","-75.205456","2345","6","0","0","0","0","0","0","0","0","","1","0","0","23","3","0","N","0","1","39 59:24.080","4","0","75 12:19.641","1","0","0","0","67301","0","0","0","N","0","0","0","1","68K01","0","2","3.0","400.0","1","N","N","N","0","0","0","0","1","0","0","N","2345","1","0","1","1","0","0","0","2","0","1","0","0","0","3","03","","N","","","","","","","","","",""
"2022023797","1859","0","0","0","0","0","0","0","0","0","8","0","","67","3","2022","3","40.013956","-75.15813","1852","6","0","0","0","0","0","0","0","0","","0","0","0","18","3","1","N","0","0","40 00:50.242","","0","75 09:29.269","3","0","0","0","67301","1","0","0","N","1","0","0","4","67301","0","","1.0","","1","N","N","N","0","","1","0","1","0","0","","1850","2","1","0","0","0","0","0","2","0","1","1","0","0","3","","","N","","","","","","","","","",""
"2022029481","0232","1","0","0","0","0","0","0","0","0","1","0","","67","3","2022","3","39.907278","-75.141583","0232","6","0","0","0","0","0","0","0","0","","0","0","0","2","3","1","N","0","1","39 54:26.200","3","3","75 08:29.700","8","0","0","0","67301","0","0","0","N","0","0","0","3","67501","0","","1.0","346.0","1","N","N","N","0","","0","0","2","3","7","N","232","3","1","0","0","0","1","0","2","0","3","0","0","0","3","03","","N","","","","","","","","","",""
"2022021605","0405","0","0","0","0","0","0","0","0","0","1","0","","67","2","2022","6","39.962374","-75.161469","0400","6","0","0","0","0","0","2","0","0","","0","0","0","3","3","2","","1","0","39 57:44.547","","0","75 09:41.289","8","0","0","0","67301","0","0","0","N","0","0","0","2","67301","0","","1.0","","2","N","N","N","0","","0","0","2","3","2","","350","2","2","0","0","0","2","0","2","0","2","0","0","0","7","06","","N","","","","","","","","","",""