"CRN","ARRIVAL_TM","AUTOMOBILE_COUNT","BELTED_DEATH_COUNT","BELTED_SUSP_SERIOUS_INJ_COUNT","BICYCLE_COUNT","BICYCLE_DEATH_COUNT","BICYCLE_SUSP_SERIOUS_INJ_COUNT","BUS_COUNT","CHLDPAS_DEATH_COUNT","CHLDPAS_SUSP_SERIOUS_INJ_COUNT","COLLISION_TYPE","COMM_VEH_COUNT","CONS_ZONE_SPD_LIM","COUNTY","CRASH_MONTH","CRASH_YEAR","DAY_OF_WEEK","DEC_LATITUDE","DEC_LONGITUDE","DISPATCH_TM","DISTRICT","DRIVER_COUNT_16YR","DRIVER_COUNT_17YR","DRIVER_COUNT_18YR","DRIVER_COUNT_19YR","DRIVER_COUNT_20YR","DRIVER_COUNT_50_64YR","DRIVER_COUNT_65_74YR","DRIVER_COUNT_75PLUS","EST_HRS_CLOSED","FATAL_COUNT","HEAVY_TRUCK_COUNT","HORSE_BUGGY_COUNT","HOUR_OF_DAY","ILLUMINATION","INJURY_COUNT","INTERSECTION_RELATED","INTERSECT_TYPE","LANE_CLOSED","LATITUDE","LN_CLOSE_DIR","LOCATION_TYPE","LONGITUDE","MAX_SEVERITY_LEVEL","MCYCLE_DEATH_COUNT","MCYCLE_SUSP_SERIOUS_INJ_COUNT","MOTORCYCLE_COUNT","MUNICIPALITY","NONMOTR_COUNT","NONMOTR_DEATH_COUNT","NONMOTR_SUSP_SERIOUS_INJ_COUNT","NTFY_HIWY_MAINT","PED_COUNT","PED_DEATH_COUNT","PED_SUSP_SERIOUS_INJ_COUNT","PERSON_COUNT","POLICE_AGCY","POSSIBLE_INJ_COUNT","RDWY_SURF_TYPE_CD","RELATION_TO_ROAD","ROADWAY_CLEARED","ROAD_CONDITION","SCH_BUS_IND","SCH_ZONE_IND","SECONDARY_CRASH","SMALL_TRUCK_COUNT","SPEC_JURIS_CD","SUSP_MINOR_INJ_COUNT","SUSP_SERIOUS_INJ_COUNT","SUV_COUNT","TCD_FUNC_CD","TCD_TYPE","TFC_DETOUR_IND","TIME_OF_DAY","TOTAL_UNITS","TOT_INJ_COUNT","UNBELTED_OCC_COUNT","UNB_DEATH_COUNT","UNB_SUSP_SERIOUS_INJ_COUNT","UNK_INJ_DEG_COUNT","UNK_INJ_PER_COUNT","URBAN_RURAL","VAN_COUNT","VEHICLE_COUNT","VULNERABLE_ROAD_USER_COUNT","VULNERABLE_ROAD_USER_DEATH_COUNT","VULNERABLE_ROAD_USER_SER_INJ_COUNT","WEATHER1","WEATHER2","WORKERS_PRES","WORK_ZONE_IND","WORK_ZONE_LOC","WORK_ZONE_TYPE","WZ_CLOSE_DETOUR","WZ_FLAGGER","WZ_LAW_OFFCR_IND","WZ_LN_CLOSURE","WZ_MOVING","WZ_OTHER","WZ_SHLDER_MDN","WZ_WORKERS_INJ_KILLED"
"2022024526","1827","2","0","0","0","0","0","0","0","0","6","0","","67","3","2022","4","39.919755","-75.202482","1821","6","0","0","0","2","0","0","0","0","","0","0","0","18","3","0","N","0","0","39 55:11.119","","3","75 12:08.935","9","0","0","0","67301","0","0","0","N","0","0","0","6","67301","0","","1.0","","9","N","N","N","0","","0","0","1","0","0","","1818","3","0","0","0","0","0","4","2","0","3","0","0","0","7","07","","N","","","","","","","","","",""
"2022024249","2059","1","0","0","0","0","0","0","0","0","4","0","","67","3","2022","4","40.034186","-75.071389","2035","6","0","0","0","0","0","1","0","0","","0","0","0","20","3","0","","1","0","40 02:03.071","","0","75 04:17.001","0","0","0","0","67301","0","0","0","N","0","0","0","2","67301","0","","1.0","","1","N","N","N","0","","0","0","1","3","2","","2023","2","0","2","0","0","0","0","2","0","2","0","0","0","3","03","","N","","","","","","","","","",""
"2022040446","1346","1","0","0","0","0","0","0","0","0","1","0","","67","3","2022","1","40.021748","-75.040018","1320","6","0","0","0","0","0","0","0","0","","0","0","0","13","1","0","N","0","1","40 01:18.294","2","0","75 02:24.065","0","0","0","0","67301","0","0","0","N","0","0","0","3","68K01","0","","1.0","1357.0","1","N","N","N","0","","0","0","1","0","0","Y","1317","2","0","0","0","0","0","0","2","0","2","0","0","0","3","","","N","","","","","","","","","",""
"2022050620","0516","1","0","0","0","0","0","0","0","0","7","0","","67","5","2022","1","40.036722","-75.190447","0514","6","0","0","0","0","0","0","0","0","","1","0","0","5","5","1","N","0","0","40 02:12.200","","0","75 11:25.610","1","0","0","0","67301","0","0","0","N","0","0","0","2","67301","0","2","4.0","","1","N","N","N","0","0","0","1","0","0","0","","510","1","1","0","0","0","0","0","2","0","1","0","0","0","3","","","N","","","","","","","","","",""
"2022029181","0207","2","0","0","0","0","0","0","0","0","4","0","","67","3","2022","1","39.958132","-75.150458","0202","6","0","0","1","0","0","0","0","0","","0","0","0","1","3","0","","1","1","39 57:29.275","4","0","75 09:01.648","0","0","0","0","67301","0","0","0","N","0","0","0","2","67301","0","","1.0","320.0","1","N","N","N","0","","0","0","0","3","2","Y","155","2","0","0","0","0","0","0","2","0","2","0","0","0","3","","","N","","","","","","","","","",""
"2022032867","1736","0","0","0","0","0","0","0","0","0","4","0","","67","3","2022","4","40.058818","-75.044171","1731","6","0","0","0","0","0","0","0","0","","0","0","0","17","1","1","","1","2","40 03:31.744","1","3","75 02:39.016","3","0","0","0","67301","0","0","0","N","0","0","0","3","67301","0","","1.0","1801.0","1","N","N","N","0","","1","0","2","3","2","Y","1729","2","1","1","0","0","0","0","2","0","2","0","0","0","3","","","N","","","","","","","","","",""
"2022044028","1504","1","0","0","0","0","0","0","0","0","4","0","","67","4","2022","2","40.014875","-75.109327","1504","6","0","0","0","0","1","0","0","0","","0","0","0","14","1","1","","1","0","40 00:53.549","","0","75 06:33.577","3","0","0","0","67301","0","0","0","N","0","0","0","5","67301","0","","1.0","","1","N","N","N","0","","1","0","2","3","3","","1454","3","1","0","0","0","0","1","2","0","3","0","0","0","4","","","N","","","","","","","","","",""
"2022027318","1317","1","0","0","0","0","0","0","0","0","5","0","","67","3","2022","7","40.037852","-75.011133","1257","6","0","0","0","0","0","0","0","0","","0","0","0","12","1","0","N","0","0","40 02:16.266","","0","75 00:40.079","0","0","0","0","67301","0","0","0","N","0","0","0","2","68K01","0","","1.0","","1","N","N","N","0","","0","0","1","0","0","","1256","2","0","0","0","0","0","0","2","0","2","0","0","0","3","03","","N","","","","","","","","","",""
"2022052291","1630","2","0","0","0","0","0","0","0","0","5","1","","67","5","2022","2","39.953842","-75.156222","1622","6","0","0","0","0","0","1","0","0","","0","1","0","16","1","2","N","0","0","39 57:13.830","","0","75 09:22.400","2","0","0","0","67301","0","0","0","N","0","0","0","6","67301","0","","1.0","","1","N","N","N","0","","1","1","0","0","0","","1609","3","2","0","0","0","0","1","2","0","3","0","0","0","3","03","","N","","","","","","","","","",""
"2022046081","2234","0","0","0","0","0","0","0","0","0","4","0","","67","4","2022","4","39.984124","-75.188052","2234","6","0","0","0","0","0","0","0","0","","0","0","0","22","3","0","","2","0","39 59:02.847","","0","75 11:16.987","0","0","0","0","67301","0","0","0","N","0","0","0","2","67301","0","","1.0","","1","N","N","N","0","","0","0","0","3","2","","2234","2","0","0","0","0","0","0","2","2","2","0","0","0","3","03","","N","","","","","","","","","",""
"2022023747","1927","1","0","0","0","0","0","0","0","0","4","0","","67","3","2022","7","40.071424","-75.161269","1925","6","0","0","0","0","0","0","0","0","","0","0","0","19","3","0","","5","0","40 04:17.125","","0","75 09:40.567","0","0","0","0","67301","0","0","0","N","0","0","0","5","67301","0","","1.0","","1","N","N","N","0","","0","0","1","3","2","","1924","2","0","5","0","0","0","0","2","0","2","0","0","0","3","03","","N","","","","","","","","","",""
"2022019673","1645","2","0","0","0","0","0","0","0","0","1","0","","67","2","2022","7","40.009649","-75.1803","1645","6","0","0","0","0","0","1","0","0","","0","0","0","16","1","1","","2","1","40 00:34.737","1","0","75 10:49.079","3","0","0","0","67301","0","0","0","N","0","0","0","2","67301","0","","1.0","1715.0","1","N","Y","N","0","","1","0","0","3","2","N","1640","2","1","0","0","0","0","0","2","0","2","0","0","0","3","03","","N","","","","","","","","","",""
"2022029251","1630","0","0","0","0","0","0","0","0","0","4","0","","67","3","2022","4","40.015043","-75.135168","1630","6","0","0","0","1","0","0","0","0","","0","0","0","14","1","1","","1","0","40 00:54.154","","0","75 08:06.604","3","0","0","1","67301","0","0","0","N","0","0","0","2","67301","0","","1.0","","1","N","N","N","0","","1","0","0","3","2","","1420","2","1","0","0","0","0","0","2","1","2","0","0","0","3","03","","N","","","","","","","","","",""
"2022029167","1800","0","0","0","0","0","0","0","0","0","4","0","","67","3","2022","3","40.057354","-75.076833","1750","6","0","0","0","0","0","1","0","0","","0","0","0","17","1","1","","1","0","40 03:26.473","","0","75 04:36.598","3","0","0","1","67301","0","0","0","N","0","0","0","2","67301","0","","1.0","","1","N","N","N","0","","1","0","1","3","2","","1720","2","1","0","0","0","0","0","2","0","2","0","0","0","3","03","","N","","","","","","","","","",""
"2022044025","1400","0","0","0","0","0","0","0","0","0","6","0","","67","3","2022","4","39.991762","-75.112747","1355","6","0","0","0","0","0","0","0","0","","0","0","0","13","1","1","","1","0","39 59:30.342","","0","75 06:45.889","8","0","0","0","67301","0","0","0","N","0","0","0","3","67301","0","","1.0","","1","N","N","N","0","","0","0","1","3","2","","1350","2","1","0","0","0","1","1","2","1","2","0","0","0","4","03","","N","","","","","","","","","",""
"2022044017","0135","1","0","0","0","0","0","0","0","0","8","0","","67","3","2022","4","39.998255","-75.127363","0126","6","0","0","0","0","0","0","0","0","","0","0","0","20","3","1","","1","0","39 59:53.719","","0","75 07:38.508","8","0","0","0","67301","1","0","0","N","1","0","0","2","67301","0","","1.0","","99","N","N","N","0","","0","0","0","3","2","","2020","2","1","0","0","0","1","0","2","0","1","1","0","0","4","04","","N","","","","","","","","","",""
"2022029180","1745","1","0","0","0","0","0","0","0","0","4","0","","67","3","2022","6","39.966594","-75.160423","1745","6","0","0","0","0","0","0","0","0","","0","0","0","12","1","2","","1","0","39 57:59.738","","0","75 09:37.523","4","0","0","0","67301","0","0","0","N","0","0","0","3","67301","1","","1.0","","1","N","N","N","0","","0","0","1","3","2","","1235","3","2","0","0","0","1","0","2","0","3","0","0","0","3","03","","N","","","","","","","","","",""
"2022032896","1655","0","0","0","0","0","0","0","0","0","1","0","","67","4","2022","6","40.017731","-75.068408","1639","6","0","0","0","0","0","0","0","0","","0","0","0","12","1","0","N","0","0","40 01:03.830","","0","75 04:06.270","0","0","0","0","67301","0","0","0","N","0","0","0","1","67301","0","","6.0","","1","N","N","N","0","","0","0","2","0","0","","1258","2","0","0","0","0","0","0","2","0","2","0","0","0","3","03","","N","","","","","","","","","",""
"2022045913","2045","1","0","0","0","0","0","0","0","0","1","0","","67","5","2022","1","40.014862","-75.156845","2041","6","0","0","0","0","0","0","0","0","","0","0","0","17","1","0","N","0","0","40 00:53.502","","0","75 09:24.643","9","0","0","0","67301","0","0","0","N","0","0","0","1","67301","0","","2.0","","1","N","N","N","0","","0","0","1","0","0","","1757","2","0","0","0","0","0","1","2","0","2","0","0","0","3","03","","N","","","","","","","","","",""
"2022026974","2330","1","0","0","0","0","0","0","0","0","8","0","","67","3","2022","3","40.024521","-75.16608","2327","6","0","0","0","0","0","0","0","0","","0","0","0","20","4","1","","2","0","40 01:28.275","","0","75 09:57.888","8","0","0","0","67301","1","0","0","N","1","0","0","2","67301","0","","1.0","","1","N","N","N","0","","0","0","0","3","2","","2000","2","1","0","0","0","1","0","2","0","1","1","0","0","3","03","","N","","","","","","","","","",""
"2022032935","0934","0","0","0","0","0","0","0","0","0","4","0","","67","3","2022","5","40.051992","-75.129109","0932","6","0","0","0","0","0","1","0","0","","0","0","0","8","1","2","","1","0","40 03:07.171","","0","75 07:44.792","4","0","0","0","67301","0","0","0","N","0","0","0","2","67301","2","","1.0","","1","N","N","Y","0","","0","0","3","0","0","","852","3","2","0","0","0","0","0","2","0","3","0","0","0","4","04","","N","","","","","","","","","",""
"2022032904","0143","2","0","0","0","0","0","0","0","0","2","0","","67","4","2022","6","39.949103","-75.228444","0143","6","0","0","0","0","0","0","0","0","","0","0","0","1","3","1","N","0","2","39 56:56.770","6","0","75 13:42.400","3","0","0","0","67301","0","0","0","N","0","0","0","1","67301","0","","6.0","400.0","9","N","N","N","2","","1","0","0","0","0","Y","142","4","1","0","0","0","0","0","2","0","4","0","0","0","7","07","","N","","","","","","","","","",""
"2022040444","1443","2","0","0","0","0","0","0","0","0","1","0","","67","3","2022","7","40.005953","-75.074935","1422","6","0","0","0","0","0","1","0","0","","0","0","0","14","1","1","N","0","0","40 00:21.431","","0","75 04:29.765","3","0","0","0","67301","0","0","0","N","0","0","0","2","68K01","0","","1.0","","1","N","N","N","0","","1","0","0","0","0","","1414","2","1","0","0","0","0","0","2","0","2","0","0","0","3","","","N","","","","","","","","","",""
"2022026225","2010","2","0","0","0","0","0","0","0","0","4","0","","67","3","2022","4","40.084453","-75.038374","2005","6","0","0","0","0","0","1","0","0","","0","0","0","19","3","4","","1","0","40 05:04.029","","0","75 02:18.148","3","0","0","0","67301","0","0","0","N","0","0","0","5","67301","1","","1.0","","9","N","N","N","0","","1","0","1","3","2","","1955","3","4","0","0","0","2","0","2","0","3","0","0","0","7","07","","N","","","","","","","","","",""
"2022016058","0020","2","0","0","0","0","0","0","0","0","6","0","","67","2","2022","7","40.050734","-75.148644","0018","6","0","0","0","0","0","1","0","0","","0","0","0","23","3","0","","1","2","40 03:02.643","6","0","75 08:55.120","0","0","0","0","67301","0","0","0","N","0","0","0","3","67301","0","","1.0","200.0","1","N","N","N","0","","0","0","1","3","2","Y","2350","3","0","0","0","0","0","0","2","0","3","0","0","0","3","","","N","","","","","","","","","",""
"2022020700","0145","0","0","0","0","0","0","0","0","0","7","0","","67","2","2022","4","40.011897","-75.135208","0142","6","0","0","0","0","0","0","0","0","","0","0","0","0","3","0","N","0","0","40 00:42.830","","0","75 08:06.750","0","0","0","0","67301","0","0","0","N","0","0","0","1","67301","0","","4.0","","9","N","N","N","0","","0","0","1","0","0","","58","1","0","0","0","0","0","0","2","0","1","0","0","0","4","07","","N","","","","","","","","","",""
"2022032865","0822","0","0","0","0","0","0","0","0","0","4","0","","67","4","2022","6","40.106194","-75.057891","0804","6","0","0","0","0","0","0","0","0","","0","0","0","7","1","0","","2","0","40 06:22.298","","0","75 03:28.406","0","0","0","0","67301","0","0","0","N","0","0","0","2","67301","0","","1.0","","9","N","N","Y","0","","0","0","2","3","3","","754","2","0","0","0","0","0","0","2","0","2","0","0","0","4","07","","N","","","","","","","","","",""
"2022046201","0639","1","0","0","0","0","0","0","0","0","4","0","","67","4","2022","4","39.930816","-75.145942","0627","6","0","0","0","0","0","1","0","0","","0","0","0","6","1","2","N","0","2","39 55:50.937","2","0","75 08:45.390","3","0","0","0","67301","0","0","0","N","0","0","0","4","68K01","0","","1.0","700.0","1","N","N","N","0","","2","0","2","0","0","N","624","3","2","0","0","0","0","0","2","0","3","0","0","0","3","03","","N","","","","","","","","","",""
"2022036290","1144","0","0","0","0","0","0","0","0","0","1","0","","67","3","2022","1","39.973762","-75.194093","1121","6","0","0","0","0","0","1","0","0","","0","0","0","11","1","1","N","0","0","39 58:25.542","","0","75 11:38.736","3","0","0","0","67301","0","0","0","N","0","0","0","3","68K01","0","","1.0","","1","N","N","N","0","","1","0","2","0","0","","1118","2","1","0","0","0","0","0","2","0","2","0","0","0","3","03","","N","","","","","","","","","",""
"2022029940","1818","1","0","0","0","0","0","0","0","0","5","0","","67","3","2022","6","40.107237","-75.053563","1803","6","0","0","0","0","0","0","0","0","","0","0","0","17","1","0","N","0","0","40 06:26.053","","0","75 03:12.827","0","0","0","0","67301","0","0","0","N","0","0","0","3","67301","0","","1.0","","1","N","N","N","0","","0","0","1","0","0","","1711","2","0","0","0","0","0","0","2","0","2","0","0","0","3","","","N","","","","","","","","","",""
"2022043849","0241","1","0","0","0","0","0","0","0","0","2","0","","67","4","2022","7","40.060488","-75.01932","0229","6","0","0","0","0","0","1","0","0","","0","1","0","2","3","0","N","0","0","40 03:37.756","","0","75 01:09.553","9","0","0","0","67301","0","0","0","N","0","0","0","1","67301","0","","1.0","","1","N","N","N","0","","0","0","0","0","0","","222","3","0","1","0","0","0","1","2","0","2","0","0","0","3","03","","N","","","","","","","","","",""
"2022020836","1452","2","0","0","0","0","0","0","0","0","1","0","45","67","2","2022","6","40.001179","-75.078954","1429","6","0","0","0","0","0","2","0","0","","0","0","0","14","1","0","N","0","2","40 00:04.246","1","0","75 04:44.233","0","0","0","0","67301","0","0","0","N","0","0","0","3","68K01","0","","1.0","1500.0","1","N","N","N","0","","0","0","1","0","0","Y","1404","3","0","0","0","0","0","0","2","0","3","0","0","0","3","","N","Y","4","1","","","N","","","Y","","N"
"2022047194","1728","1","0","0","0","0","0","0","0","0","8","0","","67","4","2022","4","39.963439","-75.239586","1722","6","0","0","0","0","0","0","0","0","","0","0","0","12","1","1","N","0","0","39 57:48.380","","0","75 14:22.510","3","0","0","0","67301","1","0","0","N","1","0","0","2","67301","0","","1.0","","1","N","N","N","0","","1","0","0","0","0","","1249","2","1","0","0","0","0","0","2","0","1","1","0","0","3","","","N","","","","","","","","","",""
"2022043690","1344","3","0","0","0","0","0","0","0","0","7","0","","67","4","2022","7","39.995968","-75.218503","1344","6","0","0","0","0","0","2","0","0","","0","0","0","13","1","1","N","0","0","39 59:45.486","","0","75 13:06.609","3","0","0","0","67301","0","0","0","N","0","0","0","5","68K01","0","","4.0","","1","N","N","N","0","","1","0","0","0","0","","1344","3","1","0","0","0","0","0","2","0","3","0","0","0","3","","","N","","","","","","","","","",""
"2022019593","0750","2","0","0","0","0","0","0","0","0","5","0","","67","2","2022","3","40.03237","-75.080924","0725","6","0","0","0","0","0","1","0","0","","0","0","0","7","1","0","","1","0","40 01:56.533","","0","75 04:51.327","0","0","0","0","67301","0","0","0","N","0","0","0","3","67301","0","","1.0","","1","N","N","N","0","","0","0","1","3","2","","710","3","0","0","0","0","0","0","2","0","3","0","0","0","3","04","","N","","","","","","","","","",""
"2022025286","0835","1","0","0","0","0","0","0","0","0","5","0","","67","3","2022","7","40.02225","-75.164222","0833","6","0","0","0","0","0","1","0","0","","0","0","0","8","1","2","N","0","0","40 01:20.100","","0","75 09:51.200","4","0","0","1","67301","0","0","0","N","0","0","0","2","67301","1","","6.0","","9","N","N","N","0","","0","0","2","0","0","","826","4","2","0","0","0","1","0","2","0","4","0","0","0","7","04","","N","","","","","","","","","",""
"2022043982","2215","1","0","0","0","0","0","0","0","0","8","0","","67","4","2022","6","39.988092","-75.229197","2209","6","0","0","0","0","0","1","0","0","","0","0","0","21","2","1","N","0","0","39 59:17.130","","0","75 13:45.110","3","0","0","0","67301","1","0","0","N","1","0","0","2","67301","0","","1.0","","99","N","N","N","0","","1","0","0","0","0","","2107","2","1","1","0","0","0","0","2","0","1","1","0","0","3","03","","N","","","","","","","","","",""
"2022050592","0017","0","0","0","0","0","0","0","0","0","8","0","","67","5","2022","4","40.012604","-75.16091","0016","6","0","0","0","0","0","0","1","0","","1","0","0","0","3","0","","1","1","40 00:45.376","7","0","75 09:39.277","1","0","0","0","67301","1","1","0","N","1","1","0","2","67301","0","2","1.0","224.0","1","N","N","N","0","0","0","0","1","3","2","Y","8","2","0","0","0","0","0","0","2","0","1","1","1","0","3","03","","N","","","","","","","","","",""
"2022037959","1400","0","0","0","1","0","0","0","0","0","8","0","","67","4","2022","6","39.978511","-75.156685","1355","6","0","0","0","0","0","0","0","0","","0","0","0","13","1","1","","2","0","39 58:42.639","","0","75 09:24.066","3","0","0","0","67301","1","0","0","N","0","0","0","2","67505","0","","1.0","","1","N","N","N","0","","1","0","1","3","4","N","1329","2","1","0","0","0","0","0","2","0","1","1","0","0","3","","","N","","","","","","","","","",""
"2022019642","1134","0","0","0","0","0","0","0","0","0","8","0","","67","2","2022","5","39.998403","-75.117108","1132","6","0","0","0","0","0","0","0","0","","0","0","0","11","1","1","N","0","0","39 59:54.250","","0","75 07:01.590","3","0","0","0","67301","1","0","0","N","1","0","0","2","67301","0","","1.0","","1","N","N","N","0","","1","0","1","0","0","","1111","2","1","0","0","0","0","0","2","0","1","1","0","0","3","03","","N","","","","","","","","","",""
"2022039561","1736","1","0","0","0","0","0","0","0","0","1","0","","67","4","2022","4","39.978245","-75.157892","1732","6","0","0","0","0","0","1","0","0","","0","0","0","17","1","1","Y","0","1","39 58:41.682","1","0","75 09:28.411","4","0","0","0","67301","0","0","0","N","0","0","0","3","67505","1","","1.0","1815.0","1","N","N","N","0","","0","0","2","3","2","N","1730","3","1","0","0","0","0","1","2","0","3","0","0","0","3","03","","N","","","","","","","","","",""
"2022032861","1242","2","0","0","0","0","0","0","0","0","5","0","","67","4","2022","3","39.957068","-75.154544","1230","6","0","0","0","0","0","0","0","0","","0","0","0","12","1","0","","3","0","39 57:25.444","","0","75 09:16.358","0","0","0","0","67301","0","0","0","N","0","0","0","2","67301","0","","1.0","","1","N","N","N","0","","0","0","0","0","0","","1225","2","0","1","0","0","0","0","2","0","2","0","0","0","4","04","","N","","","","","","","","","",""
"2022026777","2047","0","0","0","0","0","0","0","0","0","8","0","","67","3","2022","3","40.045603","-75.165033","2047","6","0","0","0","0","0","0","0","0","","0","0","0","20","3","1","N","0","2","40 02:44.169","5","0","75 09:54.118","3","0","0","0","67301","1","0","0","N","1","0","0","2","67301","0","","1.0","2140.0","1","N","N","N","0","","1","0","1","0","0","Y","2043","2","1","0","0","0","0","0","2","0","1","1","0","0","3","03","","N","","","","","","","","","",""
"2022040690","0943","1","0","0","0","0","0","0","0","0","1","0","","67","4","2022","2","39.968501","-75.128227","0932","6","0","0","0","0","0","0","0","0","","0","0","0","9","1","1","N","0","0","39 58:06.605","","0","75 07:41.618","8","0","0","0","67301","0","0","0","N","0","0","0","2","68K01","0","","1.0","","1","N","N","N","0","","0","0","0","0","0","","920","2","1","0","0","0","1","0","2","1","2","0","0","0","3","03","","N","","","","","","","","","",""
"2022038511","1736","1","0","0","0","0","0","0","0","0","1","0","","67","3","2022","4","39.94295","-75.193131","1729","6","0","0","0","0","0","2","0","0","","0","0","0","17","1","0","N","0","2","39 56:34.620","3","3","75 11:35.270","0","0","0","0","67301","0","0","0","N","0","0","0","2","68K01","0","","1.0","1800.0","1","N","N","N","1","","0","0","0","0","0","N","1725","2","0","0","0","0","0","0","2","0","2","0","0","0","3","","","N","","","","","","","","","",""
"2022048175","1224","0","0","0","0","0","0","0","0","0","1","1","","67","3","2022","5","39.934637","-75.199491","1159","6","0","0","1","0","0","0","0","0","","0","1","0","11","1","3","N","0","2","39 56:04.694","3","2","75 11:58.168","8","0","0","0","67301","0","0","0","N","0","0","0","7","68Z99","0","","1.0","1250.0","1","N","N","N","0","","0","0","1","0","0","Y","1154","2","3","0","0","0","3","2","2","0","2","0","0","0","3","03","","N","","","","","","","","","",""
"2022024644","1801","1","0","0","0","0","0","0","0","0","4","0","","67","3","2022","4","40.030905","-75.104328","1758","6","0","0","0","0","0","1","0","0","","0","0","0","17","3","0","N","0","1","40 01:51.259","3","7","75 06:15.581","0","0","0","0","67301","0","0","0","N","0","0","0","2","67301","0","","1.0","1822.0","9","N","N","N","0","","0","0","1","0","0","N","1756","2","0","0","0","0","0","0","2","0","2","0","0","0","4","07","","N","","","","","","","","","",""
"2022040465","1613","2","0","0","0","0","0","0","0","0","4","0","","67","4","2022","5","39.977421","-75.112711","1533","6","0","0","0","1","0","0","0","0","","0","0","0","15","1","0","N","0","1","39 58:38.715","2","0","75 06:45.760","0","0","0","0","67301","0","0","0","N","0","0","0","2","68K01","0","","1.0","1630.0","1","N","N","N","0","","0","0","0","0","0","N","1531","2","0","0","0","0","0","0","2","0","2","0","0","0","3","03","","N","","","","","","","","","",""
"2022029229","1226","1","0","0","0","0","0","0","0","0","5","1","","67","3","2022","3","39.936792","-75.179289","1225","6","0","0","0","0","0","0","0","0","","0","1","0","18","4","1","N","0","0","39 56:12.450","","0","75 10:45.440","3","0","0","0","67301","0","0","0","N","0","0","0","2","67301","0","","6.0","","1","N","N","N","0","","1","0","0","0","0","","1800","2","1","0","0","0","0","0","2","0","2","0","0","0","99","","","N","","","","","","","","","",""
"2022031227","1625","0","0","0","0","0","0","0","0","0","4","0","","67","3","2022","1","39.964866","-75.22609","1621","6","0","0","0","0","0","0","0","0","","0","0","0","16","1","0","","5","0","39 57:53.517","","0","75 13:33.924","9","0","0","0","67301","0","0","0","N","0","0","0","2","67301","0","","1.0","","1","N","N","N","0","","0","0","1","3","2","","1620","2","0","0","0","0","0","1","2","1","2","0","0","0","3","03","","N","","","","","","","","","",""
"2022032884","1709","2","0","0","0","0","0","0","0","0","4","0","","67","4","2022","6","40.046278","-75.192355","1707","6","0","1","0","0","0","0","1","0","","0","0","0","17","1","1","","1","0","40 02:46.600","","0","75 11:32.477","3","0","0","0","67301","0","0","0","N","0","0","0","3","67301","0","","1.0","","1","N","N","N","0","","1","0","1","3","2","","1702","3","1","1","0","0","0","0","2","0","3","0","0","0","3","03","","N","","","","","","","","","",""
"2022020237","0644","1","0","0","0","0","0","0","0","0","1","0","","67","2","2022","5","39.994797","-75.083667","0644","6","0","0","0","0","0","0","0","0","","0","0","0","6","1","0","N","0","0","39 59:41.268","","0","75 05:01.201","0","0","0","0","67301","0","0","0","N","0","0","0","3","68K01","0","","1.0","","1","N","N","N","0","","0","0","2","0","0","","642","3","0","0","0","0","0","0","2","0","3","0","0","0","3","","","N","","","","","","","","","",""
"2022041596","1115","1","0","0","0","0","0","1","0","0","4","1","","67","4","2022","5","40.026794","-75.117262","1052","6","0","0","0","0","0","1","0","0","","0","0","0","10","1","1","","1","0","40 01:36.458","","0","75 07:02.144","8","0","0","0","67301","0","0","0","N","0","0","0","2","67508","0","","1.0","","9","N","N","Y","0","","0","0","0","3","2","","1052","2","1","0","0","0","1","0","2","0","2","0","0","0","7","07","","N","","","","","","","","","",""
"2022029174","1343","2","0","0","0","0","0","0","0","0","1","0","","67","3","2022","4","40.057576","-75.233271","1338","6","0","0","0","0","0","0","0","0","","0","0","0","13","1","1","N","0","1","40 03:27.274","1","0","75 13:59.774","3","0","0","0","67301","0","0","0","N","0","0","0","4","67301","0","","1.0","1415.0","1","N","N","N","0","","1","0","1","0","0","N","1335","3","1","0","0","0","0","0","2","0","3","0","0","0","3","03","","N","","","","","","","","","",""
"2022029275","0230","0","0","0","0","0","0","0","0","0","4","0","","67","3","2022","1","40.047508","-75.142894","0227","6","0","0","1","0","0","0","0","0","","0","0","0","2","3","2","","1","0","40 02:51.028","","0","75 08:34.417","3","0","0","0","67301","0","0","0","N","0","0","0","2","67301","0","","1.0","","1","N","N","N","0","","2","0","2","3","2","","220","2","2","0","0","0","0","0","2","0","2","0","0","0","3","","","N","","","","","","","","","",""
"2022030630","1711","1","0","0","1","0","0","0","0","0","8","0","","67","3","2022","2","39.954192","-75.177812","1710","6","0","0","0","0","0","0","0","0","","0","0","0","14","1","1","","1","0","39 57:15.091","","0","75 10:40.122","3","0","0","0","67301","1","0","0","N","0","0","0","2","67301","0","","1.0","","1","N","N","N","0","","1","0","0","3","2","","1430","2","1","1","0","0","0","0","2","0","1","1","0","0","4","04","","N","","","","","","","","","",""
"2022026201","1657","0","0","0","0","0","0","0","0","0","4","0","","67","3","2022","7","39.93613","-75.175329","1635","6","0","0","0","0","0","0","0","0","","0","0","0","16","4","1","","2","0","39 56:10.068","","0","75 10:31.184","3","0","0","0","67301","0","0","0","N","0","0","0","3","67301","0","","1.0","","6","N","N","N","0","","1","0","2","3","3","","1632","2","1","0","0","0","0","0","2","0","2","0","0","0","9","02","","N","","","","","","","","","",""
"2022015458","0950","1","0","0","0","0","0","0","0","0","1","0","","67","2","2022","3","39.940832","-75.143506","0944","6","0","0","0","0","0","1","0","0","","0","0","0","9","1","1","","7","2","39 56:26.994","2","2","75 08:36.622","8","0","0","0","67301","0","0","0","N","0","0","0","2","68K01","0","","7.0","1009.0","1","N","N","N","0","","0","0","0","0","0","N","942","2","1","1","0","0","1","0","2","1","2","0","0","0","3","","","N","","","","","","","","","",""