"CRN","ARRIVAL_TM","AUTOMOBILE_COUNT","BELTED_DEATH_COUNT","BELTED_SUSP_SERIOUS_INJ_COUNT","BICYCLE_COUNT","BICYCLE_DEATH_COUNT","BICYCLE_SUSP_SERIOUS_INJ_COUNT","BUS_COUNT","CHLDPAS_DEATH_COUNT","CHLDPAS_SUSP_SERIOUS_INJ_COUNT","COLLISION_TYPE","COMM_VEH_COUNT","CONS_ZONE_SPD_LIM","COUNTY","CRASH_MONTH","CRASH_YEAR","DAY_OF_WEEK","DEC_LATITUDE","DEC_LONGITUDE","DISPATCH_TM","DISTRICT","DRIVER_COUNT_16YR","DRIVER_COUNT_17YR","DRIVER_COUNT_18YR","DRIVER_COUNT_19YR","DRIVER_COUNT_20YR","DRIVER_COUNT_50_64YR","DRIVER_COUNT_65_74YR","DRIVER_COUNT_75PLUS","EST_HRS_CLOSED","FATAL_COUNT","HEAVY_TRUCK_COUNT","HORSE_BUGGY_COUNT","HOUR_OF_DAY","ILLUMINATION","INJURY_COUNT","INTERSECTION_RELATED","INTERSECT_TYPE","LANE_CLOSED","LATITUDE","LN_CLOSE_DIR","LOCATION_TYPE","LONGITUDE","MAX_SEVERITY_LEVEL","MCYCLE_DEATH_COUNT","MCYCLE_SUSP_SERIOUS_INJ_COUNT","MOTORCYCLE_COUNT","MUNICIPALITY","NONMOTR_COUNT","NONMOTR_DEATH_COUNT","NONMOTR_SUSP_SERIOUS_INJ_COUNT","NTFY_HIWY_MAINT","PED_COUNT","PED_DEATH_COUNT","PED_SUSP_SERIOUS_INJ_COUNT","PERSON_COUNT","POLICE_AGCY","POSSIBLE_INJ_COUNT","RDWY_SURF_TYPE_CD","RELATION_TO_ROAD","ROADWAY_CLEARED","ROAD_CONDITION","SCH_BUS_IND","SCH_ZONE_IND","SECONDARY_CRASH","SMALL_TRUCK_COUNT","SPEC_JURIS_CD","SUSP_MINOR_INJ_COUNT","SUSP_SERIOUS_INJ_COUNT","SUV_COUNT","TCD_FUNC_CD","TCD_TYPE","TFC_DETOUR_IND","TIME_OF_DAY","TOTAL_UNITS","TOT_INJ_COUNT","UNBELTED_OCC_COUNT","UNB_DEATH_COUNT","UNB_SUSP_SERIOUS_INJ_COUNT","UNK_INJ_DEG_COUNT","UNK_INJ_PER_COUNT","URBAN_RURAL","VAN_COUNT","VEHICLE_COUNT","VULNERABLE_ROAD_USER_COUNT","VULNERABLE_ROAD_USER_DEATH_COUNT","VULNERABLE_ROAD_USER_SER_INJ_COUNT","WEATHER1","WEATHER2","WORKERS_PRES","WORK_ZONE_IND","WORK_ZONE_LOC","WORK_ZONE_TYPE","WZ_CLOSE_DETOUR","WZ_FLAGGER","WZ_LAW_OFFCR_IND","WZ_LN_CLOSURE","WZ_MOVING","WZ_OTHER","WZ_SHLDER_MDN","WZ_WORKERS_INJ_KILLED"
"2022029305","1645","1","0","0","0","0","0","0","0","0","4","0","","67","3","2022","5","39.955058","-75.229782","1635","6","0","0","0","0","0","0","0","0","","0","0","0","14","1","1","","1","0","39 57:18.208","","0","75 13:47.215","8","0","0","0","67301","0","0","0","N","0","0","0","3","67301","0","","1.0","","1","N","N","N","0","","0","0","1","3","2","","1425","2","1","0","0","0","1","0","2","0","2","0","0","0","4","03","","N","","","","","","","","","",""
"2022026751","0740","0","0","0","0","0","0","0","0","0","4","0","","67","3","2022","3","40.058997","-75.044079","0729","6","0","0","0","0","0","0","0","0","","0","0","0","7","5","3","","1","0","40 03:32.389","","0","75 02:38.685","3","0","0","0","67301","0","0","0","N","0","0","0","5","67301","0","","1.0","","1","N","N","N","0","","1","0","2","3","2","","725","2","3","0","0","0","2","0","2","0","2","0","0","0","3","03","","N","","","","","","","","","",""
"2022025166","1418","1","0","0","0","0","0","0","0","0","4","0","","67","3","2022","6","40.066952","-75.158297","1414","6","0","0","0","0","0","0","0","0","","0","0","0","14","1","4","","5","2","40 04:01.027","6","0","75 09:29.868","2","0","0","0","67301","0","0","0","N","0","0","0","4","67301","0","","1.0","1722.0","1","N","N","N","0","","2","2","1","3","2","Y","1412","2","4","2","0","2","0","0","2","0","2","0","0","0","3","03","","N","","","","","","","","","",""
"2022020667","2043","3","0","0","0","0","0","0","0","0","5","0","","67","2","2022","5","40.032584","-75.037111","2036","6","0","0","0","0","0","0","0","0","","0","0","0","20","3","0","N","0","1","40 01:57.302","4","0","75 02:13.600","0","0","0","0","67301","0","0","0","N","0","0","0","1","67301","0","","6.0","2215.0","9","N","N","N","0","","0","0","1","0","0","N","2029","5","0","0","0","0","0","0","2","1","5","0","0","0","99","03","","N","","","","","","","","","",""
"2022045499","2105","1","0","0","0","0","0","0","0","0","7","0","55","67","3","2022","7","40.011134","-75.061798","2044","6","0","0","0","0","0","0","0","0","","0","0","0","20","3","0","N","0","0","40 00:40.084","","0","75 03:42.474","0","0","0","0","67301","0","0","0","Y","0","0","0","1","68K01","0","","2.0","","1","N","N","N","0","","0","0","0","0","0","","2043","1","0","0","0","0","0","0","2","0","1","0","0","0","3","","N","Y","8","1","","","N","","","Y","","N"
"2022043912","2348","2","0","0","0","0","0","0","0","0","2","0","","67","5","2022","6","40.065204","-75.168115","2343","6","0","0","0","0","0","1","0","0","","0","0","0","23","3","0","","1","0","40 03:54.734","","0","75 10:05.214","0","0","0","0","67301","0","0","0","N","0","0","0","2","67301","0","","1.0","","9","N","N","N","0","","0","0","0","3","2","","2340","2","0","0","0","0","0","0","2","0","2","0","0","0","7","","","N","","","","","","","","","",""
"2022014906","2028","1","0","0","0","0","0","0","0","0","7","0","","67","2","2022","2","39.999174","-75.155134","2026","6","0","0","0","0","0","0","0","0","","0","0","0","20","3","1","","2","0","39 59:57.026","","0","75 09:18.482","2","0","0","0","67301","0","0","0","N","0","0","0","1","67301","0","","5.0","","9","N","N","N","0","","0","1","0","3","3","","2010","1","1","0","0","0","0","0","2","0","1","0","0","0","7","","","N","","","","","","","","","",""
"2022032508","2345","2","0","0","0","0","0","0","0","0","1","0","","67","2","2022","6","40.02325","-75.076844","2345","6","0","0","0","0","0","1","0","0","","0","0","0","23","3","0","","1","0","40 01:23.700","","0","75 04:36.637","9","0","0","0","67301","0","0","0","N","0","0","0","5","67508","0","","1.0","","1","","","Y","0","","0","0","0","3","2","","2345","2","0","0","0","0","0","1","2","0","2","0","0","0","3","03","","N","","","","","","","","","",""
"2022025396","0617","2","0","0","0","0","0","0","0","0","4","0","","67","3","2022","7","40.041689","-75.071222","0557","6","0","0","0","0","0","0","0","0","","0","0","0","5","3","1","","1","1","40 02:30.080","7","0","75 04:16.399","3","0","0","0","67301","0","0","0","N","0","0","0","4","67301","0","","1.0","720.0","9","N","N","N","0","","1","0","0","3","3","N","554","2","1","0","0","0","0","0","2","0","2","0","0","0","7","","","N","","","","","","","","","",""
"2022047221","0819","1","0","0","0","0","0","0","0","0","7","0","","67","5","2022","4","39.975069","-75.121251","0819","6","0","0","0","0","0","0","0","0","","0","0","0","8","1","1","N","0","0","39 58:30.248","","0","75 07:16.504","3","0","0","0","67301","0","0","0","N","0","0","0","1","67301","0","","5.0","","1","N","N","N","0","","1","0","0","3","2","","818","1","1","0","0","0","0","0","2","0","1","0","0","0","3","03","","N","","","","","","","","","",""
"2022020221","1404","3","0","0","0","0","0","0","0","0","4","0","","67","2","2022","2","40.049041","-75.174913","1404","6","0","0","0","0","0","1","0","0","","0","0","0","14","1","0","","1","1","40 02:56.546","5","0","75 10:29.688","9","0","0","0","67301","0","0","0","N","0","0","0","3","67301","0","","1.0","1500.0","1","N","N","N","1","","0","0","0","3","2","N","1402","4","0","0","0","0","0","2","2","0","4","0","0","0","3","","","N","","","","","","","","","",""
"2022044073","1728","1","0","0","0","0","0","0","0","0","1","0","","67","5","2022","2","39.976221","-75.119875","1728","6","0","0","0","0","0","1","0","0","","0","0","0","17","1","2","N","0","0","39 58:34.395","","0","75 07:11.551","3","0","0","0","67301","0","0","0","N","0","0","0","2","67301","0","","1.0","","1","N","N","N","0","","2","0","1","0","0","","1723","2","2","0","0","0","0","0","2","0","2","0","0","0","4","03","","N","","","","","","","","","",""
"2022044363","0103","0","0","0","0","0","0","0","0","0","5","0","","67","3","2022","2","39.899893","-75.16156","0055","6","0","0","0","0","0","0","0","0","","3","0","0","0","3","0","N","0","2","39 53:59.615","5","3","75 09:41.615","1","0","0","0","67301","3","3","0","N","3","3","0","5","68K03","0","1","1.0","1151.0","1","N","N","N","0","0","0","0","2","3","7","Y","52","5","0","0","0","0","0","0","2","0","2","3","3","0","3","","","N","","","","","","","","","",""
"2022048411","1035","1","0","0","0","0","0","1","0","0","4","1","","67","5","2022","5","39.919733","-75.212153","1023","6","0","0","1","0","0","0","1","0","","0","0","0","9","1","3","N","0","1","39 55:11.040","1","0","75 12:43.750","3","0","0","0","67301","0","0","0","N","0","0","0","10","67301","1","","1.0","1100.0","1","Y","N","N","0","","2","0","0","0","0","N","915","2","3","0","0","0","0","0","2","0","2","0","0","0","3","03","","N","","","","","","","","","",""
"2022022036","2220","0","0","0","0","0","0","0","0","0","5","0","","67","2","2022","7","39.972519","-75.253864","2220","6","0","0","0","0","0","0","0","0","","0","0","0","21","3","0","N","0","0","39 58:21.067","","0","75 15:13.911","9","0","0","0","67301","0","0","0","N","0","0","0","1","67301","0","","6.0","","1","N","N","N","0","","0","0","3","0","0","","2105","3","0","0","0","0","0","1","2","0","3","0","0","0","3","03","","N","","","","","","","","","",""
"2022019584","2223","1","0","0","0","0","0","0","0","0","8","0","","67","2","2022","5","40.061913","-75.163162","2223","6","0","0","0","0","0","0","0","0","","0","0","0","19","3","1","","1","0","40 03:42.886","","0","75 09:47.382","8","0","0","0","67301","1","0","0","N","1","0","0","2","67301","0","","1.0","","9","N","N","N","0","","0","0","0","3","2","","1955","2","1","0","0","0","1","0","2","0","1","1","0","0","7","07","","N","","","","","","","","","",""
"2022021474","1233","0","0","0","0","0","0","0","0","0","4","0","","67","2","2022","1","39.954882","-75.208686","1231","6","0","0","0","0","0","1","0","0","","0","0","0","12","1","1","","1","1","39 57:17.575","1","0","75 12:31.268","2","0","0","0","67301","1","0","1","N","1","0","1","3","67301","0","","1.0","1330.0","1","N","N","N","0","","0","1","1","3","2","Y","1230","3","1","0","0","0","0","0","2","1","2","1","0","1","3","03","","N","","","","","","","","","",""
"2022042374","1006","1","0","0","0","0","0","0","0","0","7","0","","67","5","2022","4","39.952349","-75.140992","1003","6","0","0","0","0","1","0","0","0","","0","0","0","10","1","0","N","0","2","39 57:08.457","1","0","75 08:27.572","0","0","0","0","67301","0","0","0","N","0","0","0","2","68K01","0","","3.0","1045.0","9","N","N","N","0","","0","0","0","0","0","N","1002","1","0","0","0","0","0","0","2","0","1","0","0","0","7","","","N","","","","","","","","","",""
"2022023788","1910","1","0","0","0","0","0","0","0","0","4","0","","67","3","2022","6","39.972346","-75.124101","1905","6","0","0","0","0","0","0","0","0","","0","0","0","18","3","0","N","0","0","39 58:20.446","","0","75 07:26.765","0","0","0","0","67301","0","0","0","N","0","0","0","2","67301","0","","1.0","","1","N","N","N","0","","0","0","1","0","0","","1846","2","0","0","0","0","0","0","2","0","2","0","0","0","3","","","N","","","","","","","","","",""
"2022030729","0739","1","0","0","0","0","0","0","0","0","1","0","","67","3","2022","2","40.04274","-75.113559","0737","6","0","0","0","0","0","0","0","0","","0","0","0","6","3","1","","1","0","40 02:33.864","","0","75 06:48.811","8","0","0","0","67301","0","0","0","N","0","0","0","3","67301","0","","1.0","","1","N","N","N","0","","0","0","2","3","2","","613","3","1","0","0","0","1","2","2","0","3","0","0","0","3","03","","N","","","","","","","","","",""
"2022029276","2035","2","0","0","0","0","0","0","0","0","5","0","","67","3","2022","1","40.031801","-75.117119","2031","6","0","0","0","0","0","0","0","0","","0","0","0","20","3","0","N","0","0","40 01:54.484","","0","75 07:01.630","0","0","0","0","67301","0","0","0","N","0","0","0","2","67301","0","","1.0","","1","N","N","N","0","","0","0","0","0","0","","2030","2","0","0","0","0","0","0","2","0","2","0","0","0","3","03","","N","","","","","","","","","",""
"2022029252","1820","0","0","0","0","0","0","0","0","0","4","0","","67","3","2022","4","40.0156","-75.139464","1820","6","0","0","0","0","0","0","0","0","","0","0","0","18","1","0","","1","0","40 00:56.160","","0","75 08:22.070","0","0","0","0","67301","0","0","0","N","0","0","0","2","67301","0","","1.0","","1","N","N","N","1","","0","0","1","3","3","","1800","2","0","0","0","0","0","0","2","0","2","0","0","0","3","03","","N","","","","","","","","","",""
"2022014568","0828","0","0","0","0","0","0","0","0","0","8","0","","67","1","2022","6","39.966339","-75.153503","0828","6","0","0","0","0","0","0","0","0","","0","0","0","8","1","1","N","0","0","39 57:58.820","","0","75 09:12.610","3","0","0","0","67301","1","0","0","N","1","0","0","2","67301","0","","1.0","","1","N","N","N","0","","1","0","1","0","0","","828","2","1","0","0","0","0","0","2","0","1","1","0","0","3","03","","N","","","","","","","","","",""
"2022015907","0910","1","0","0","0","0","0","0","0","0","4","0","","67","2","2022","6","39.959958","-75.237124","0852","6","0","0","0","0","0","1","0","0","","0","0","0","8","1","1","","1","0","39 57:35.847","","0","75 14:13.645","3","0","0","0","67301","0","0","0","N","0","0","0","2","67301","0","","1.0","","1","N","N","N","0","","1","0","1","3","2","","830","2","1","0","0","0","0","0","2","0","2","0","0","0","3","","","N","","","","","","","","","",""
"2022010866","1555","2","0","0","0","0","0","0","0","0","4","0","","67","1","2022","6","40.00853","-75.210732","1555","6","1","0","0","0","0","0","0","0","","0","0","0","15","1","0","","1","1","40 00:30.708","1","0","75 12:38.635","0","0","0","0","67301","0","0","0","N","0","0","0","3","67301","0","","1.0","1944.0","1","N","N","N","0","","0","0","0","3","2","N","1555","2","0","0","0","0","0","0","2","0","2","0","0","0","3","03","","N","","","","","","","","","",""
"2022023794","1957","2","0","0","0","0","0","0","0","0","1","0","","67","3","2022","7","40.04365","-75.153884","1957","6","0","0","0","1","1","0","0","0","","0","0","0","15","1","1","","1","0","40 02:37.140","","0","75 09:13.982","3","0","0","0","67301","0","0","0","N","0","0","0","5","67301","0","","1.0","","1","N","N","N","0","","1","0","1","3","3","","1554","3","1","1","0","0","0","4","2","0","3","0","0","0","3","03","","N","","","","","","","","","",""
"2022049240","2055","0","0","0","0","0","0","0","0","0","4","0","","67","5","2022","4","40.114262","-74.987919","2055","6","0","1","0","0","0","0","0","0","","0","0","0","20","3","3","","1","0","40 06:51.342","","0","74 59:16.507","3","0","0","0","67301","0","0","0","N","0","0","0","5","67301","0","","1.0","","1","N","N","N","0","","2","0","2","3","2","","2040","2","3","0","0","0","1","0","2","0","2","0","0","0","3","","","N","","","","","","","","","",""
"2022030412","1108","1","0","0","0","0","0","0","0","0","4","0","","67","3","2022","1","40.001585","-75.152798","1104","6","0","0","0","0","0","0","0","0","","0","0","0","11","1","0","","1","0","40 00:05.705","","0","75 09:10.074","0","0","0","0","67301","0","0","0","N","0","0","0","3","67301","0","","1.0","","1","N","N","N","0","","0","0","1","3","2","","1104","2","0","0","0","0","0","0","2","0","2","0","0","0","3","03","","N","","","","","","","","","",""
"2022029260","0150","2","0","0","0","0","0","0","0","0","4","0","","67","3","2022","1","39.964537","-75.134391","0150","6","0","0","0","0","0","0","0","0","","0","0","0","1","3","1","","3","1","39 57:52.333","1","7","75 08:03.809","3","0","0","0","67301","0","0","0","N","0","0","0","2","67301","0","","1.0","300.0","1","N","N","N","0","","1","0","0","3","2","N","150","2","1","0","0","0","0","0","2","0","2","0","0","0","3","03","","N","","","","","","","","","",""
"2022032220","1940","1","0","0","0","0","0","0","0","0","5","0","","67","4","2022","1","39.962531","-75.194998","0935","6","0","0","0","0","0","0","0","0","","0","0","0","9","1","0","N","0","0","39 57:45.113","","0","75 11:41.993","0","0","0","0","67301","0","0","0","N","0","0","0","1","67507","0","","6.0","","9","N","N","Y","0","","0","0","1","0","0","","925","2","0","1","0","0","0","0","2","0","2","0","0","0","7","04","","N","","","","","","","","","",""
"2022033760","1923","0","0","0","0","0","0","0","0","0","1","0","","67","4","2022","4","39.908056","-75.146667","1919","6","0","0","0","0","0","1","0","0","","0","0","0","19","4","0","N","0","2","39 54:29.000","3","3","75 08:48.000","9","0","0","0","67301","0","0","0","N","0","0","0","2","67501","0","","1.0","2000.0","1","N","N","N","1","","0","0","1","0","0","N","1919","2","0","0","0","0","0","2","2","0","2","0","0","0","4","","","N","","","","","","","","","",""
"2022043983","1800","2","0","0","0","0","0","0","0","0","4","0","","67","4","2022","4","39.961563","-75.224538","1800","6","0","0","0","0","0","0","0","0","","0","0","0","12","1","1","","1","0","39 57:41.628","","0","75 13:28.335","8","0","0","0","67301","0","0","0","N","0","0","0","2","67301","0","","1.0","","1","N","N","N","0","","0","0","0","3","2","","1200","2","1","0","0","0","1","1","2","0","2","0","0","0","3","03","","N","","","","","","","","","",""
"2022029425","1833","0","0","0","0","0","0","0","0","0","8","0","","67","3","2022","2","40.015406","-75.131556","1833","6","0","0","0","0","0","1","0","0","","0","0","0","17","1","1","N","0","0","40 00:55.460","","0","75 07:53.600","2","0","0","0","67301","1","0","1","N","1","0","1","2","67301","0","","1.0","","1","N","N","N","0","","0","1","1","0","0","","1742","2","1","0","0","0","0","0","2","0","1","1","0","1","3","03","","N","","","","","","","","","",""
"2022016146","1250","2","0","0","0","0","0","0","0","0","5","0","","67","2","2022","1","39.978469","-75.157986","1245","6","0","0","0","0","0","0","0","0","","0","0","0","12","1","0","N","0","1","39 58:42.490","2","0","75 09:28.751","0","0","0","0","67301","0","0","0","N","0","0","0","3","67505","0","","6.0","1320.0","9","N","N","N","0","","0","0","0","0","0","N","1240","2","0","0","0","0","0","0","2","0","2","0","0","0","10","","","N","","","","","","","","","",""
"2022039993","1650","2","0","0","0","0","0","0","0","0","1","0","","67","3","2022","4","39.915008","-75.147772","1623","6","0","0","0","0","0","1","0","0","","0","0","0","16","1","1","N","0","0","39 54:54.028","","0","75 08:51.978","3","0","0","0","67301","0","0","0","N","0","0","0","3","68K01","0","","1.0","","1","N","N","N","0","","1","0","0","0","0","","1612","2","1","0","0","0","0","1","2","0","2","0","0","0","4","","","N","","","","","","","","","",""
"2022016570","1640","2","0","0","0","0","0","0","0","0","1","0","","67","2","2022","4","40.044143","-75.002454","1601","6","0","0","0","0","0","0","0","0","","0","0","0","15","1","0","N","0","0","40 02:38.915","","3","75 00:08.835","9","0","0","0","67301","0","0","0","N","0","0","0","2","68K01","0","","1.0","","1","N","N","N","0","","0","0","0","0","0","","1556","2","0","0","0","0","0","1","2","0","2","0","0","0","3","03","","N","","","","","","","","","",""
"2022032871","1033","2","0","0","0","0","0","0","0","0","1","0","","67","3","2022","2","40.062448","-75.042717","1033","6","0","0","0","0","1","0","0","0","","0","0","0","9","1","1","","2","0","40 03:44.813","","0","75 02:33.782","8","0","0","0","67301","0","0","0","N","0","0","0","2","67301","0","","1.0","","9","N","N","N","0","","0","0","0","3","2","","915","2","1","0","0","0","1","0","2","0","2","0","0","0","7","07","","N","","","","","","","","","",""
"2022023714","1045","2","0","0","0","0","0","0","0","0","4","0","","67","3","2022","6","39.915602","-75.161467","1044","6","0","0","0","0","0","0","0","0","","0","0","0","10","1","2","","1","2","39 54:56.168","7","0","75 09:41.282","3","0","0","0","67301","0","0","0","N","0","0","0","3","67301","0","","1.0","1200.0","1","N","N","N","0","","2","0","1","3","2","Y","1034","3","2","0","0","0","0","0","2","0","3","0","0","0","3","03","","N","","","","","","","","","",""
"2022014838","0930","0","0","0","0","0","0","0","0","0","4","0","","67","1","2022","6","40.038972","-75.150035","0930","6","0","0","0","0","0","0","0","0","","0","0","0","7","1","1","","1","0","40 02:20.299","","0","75 09:00.127","4","0","0","0","67301","0","0","0","N","0","0","0","2","67301","1","","1.0","","1","N","N","N","0","","0","0","2","3","2","","700","2","1","1","0","0","0","1","2","0","2","0","0","0","3","","","N","","","","","","","","","",""
"2022010887","2300","1","0","0","0","0","0","0","0","0","5","0","","67","1","2022","6","39.961734","-75.136493","2300","6","0","0","0","0","0","1","0","0","","0","0","0","23","3","2","","2","0","39 57:42.244","","0","75 08:11.375","8","0","0","0","67301","0","0","0","N","0","0","0","4","67301","0","","1.0","","1","N","N","N","0","","0","0","2","3","2","","2300","3","2","0","0","0","2","2","2","0","3","0","0","0","3","","","N","","","","","","","","","",""
"2022004205","0729","1","0","0","0","0","0","0","0","0","5","0","","67","1","2022","3","40.050934","-75.009756","0728","6","0","0","0","0","0","1","0","0","","0","0","0","7","1","0","N","0","0","40 03:03.362","","0","75 00:35.122","0","0","0","0","67301","0","0","0","N","0","0","0","1","67301","0","","6.0","","1","N","N","N","0","","0","0","1","0","0","","728","2","0","1","0","0","0","0","2","0","2","0","0","0","3","03","","N","","","","","","","","","",""
"2022004181","1800","1","0","0","0","0","0","0","0","0","5","0","","67","1","2022","2","39.941678","-75.143894","1800","6","0","0","0","0","0","0","0","0","","0","0","0","17","3","1","N","0","1","39 56:30.040","1","0","75 08:38.020","3","0","0","0","67301","0","0","0","N","0","0","0","1","67301","0","","6.0","1825.0","1","N","N","Y","0","","1","0","2","0","0","N","1726","3","1","0","0","0","0","0","2","0","3","0","0","0","3","03","","N","","","","","","","","","",""
"2022019661","0207","2","0","0","0","0","0","0","0","0","1","0","","67","2","2022","4","40.030828","-75.146535","0207","6","0","0","0","0","0","0","0","0","","0","0","0","1","3","1","","3","0","40 01:50.979","","0","75 08:47.526","3","0","0","0","67301","0","0","0","N","0","0","0","3","67301","0","","1.0","","1","N","N","N","0","","1","0","0","3","2","","140","2","1","0","0","0","0","0","2","0","2","0","0","0","3","03","","N","","","","","","","","","",""
"2022010821","1923","1","0","0","0","0","0","0","0","0","7","0","","67","1","2022","1","40.063986","-75.249185","1920","6","0","0","0","0","0","1","0","0","","0","0","0","19","3","0","","2","0","40 03:50.349","","0","75 14:57.065","0","0","0","0","67301","0","0","0","N","0","0","0","1","67301","0","","4.0","","7","N","N","N","0","","0","0","0","3","3","","1918","1","0","0","0","0","0","0","2","0","1","0","0","0","10","","","N","","","","","","","","","",""
"2022014751","0213","0","0","0","0","0","0","0","0","0","4","0","","67","1","2022","5","39.932814","-75.186459","0212","6","0","0","0","0","0","1","0","0","","0","0","0","2","6","0","","1","0","39 55:58.131","","1","75 11:11.252","0","0","0","0","67301","0","0","0","N","0","0","0","2","67301","0","","1.0","","1","N","N","N","0","","0","0","2","3","3","","212","2","0","2","0","0","0","0","2","0","2","0","0","0","4","","","N","","","","","","","","","",""
"2022036299","1014","0","0","0","0","0","0","0","0","0","1","0","","67","4","2022","2","39.94798","-75.142139","0955","6","0","0","0","0","0","2","0","0","","0","0","0","9","1","0","N","0","0","39 56:52.729","","1","75 08:31.702","0","0","0","0","67301","0","0","0","N","0","0","0","3","68K01","0","","1.0","","1","N","N","N","0","","0","0","2","0","0","","955","2","0","0","0","0","0","0","2","0","2","0","0","0","3","03","","N","","","","","","","","","",""
"2022014622","0245","0","0","0","0","0","0","0","0","0","7","0","","67","1","2022","7","39.953807","-75.166593","0245","6","0","0","0","0","0","0","0","0","","0","0","0","2","3","0","","1","0","39 57:13.704","","0","75 09:59.736","0","0","0","0","67301","0","0","0","N","0","0","0","1","67301","0","","4.0","","1","N","N","N","0","","0","0","1","3","2","","230","1","0","1","0","0","0","0","2","0","1","0","0","0","3","03","","N","","","","","","","","","",""
"2022004232","1100","1","0","0","0","0","0","0","0","0","4","0","","67","1","2022","2","40.043012","-75.183518","1100","6","0","0","0","0","0","1","0","0","","0","0","0","10","1","0","","1","2","40 02:34.843","7","0","75 11:00.664","0","0","0","0","67301","0","0","0","N","0","0","0","2","67301","0","","1.0","1145.0","1","N","N","N","0","","0","0","2","3","3","Y","1051","4","0","0","0","0","0","0","2","1","4","0","0","0","3","03","","N","","","","","","","","","",""
"2022043791","0715","0","0","0","0","0","0","0","0","0","4","0","","67","3","2022","6","39.927926","-75.187519","0715","6","0","0","0","0","0","0","0","0","","0","0","0","7","1","0","","1","1","39 55:40.533","5","1","75 11:15.068","9","0","0","0","67301","0","0","0","N","0","0","0","3","67301","0","","1.0","830.0","9","N","N","N","0","","0","0","1","3","3","Y","715","2","0","0","0","0","0","2","2","1","2","0","0","0","4","04","","N","","","","","","","","","",""
"2022004186","2250","2","0","0","0","0","0","0","0","0","5","0","","67","1","2022","2","39.945675","-75.154286","2245","6","0","0","0","0","0","0","0","0","","0","0","0","22","3","0","N","0","0","39 56:44.430","","0","75 09:15.430","0","0","0","0","67301","0","0","0","N","0","0","0","1","67301","0","","6.0","","9","N","N","N","0","","0","0","0","0","0","","2242","2","0","0","0","0","0","0","2","0","2","0","0","0","7","04","","N","","","","","","","","","",""
"2022014805","1357","0","0","0","0","0","0","0","0","0","4","0","","67","1","2022","6","39.987051","-75.122334","1352","6","0","0","0","0","0","0","0","0","","0","0","0","13","1","1","","5","1","39 59:13.382","4","0","75 07:20.404","3","0","0","0","67301","0","0","0","N","0","0","0","2","67301","0","","1.0","1400.0","1","N","N","N","0","","1","0","0","3","2","N","1348","2","1","0","0","0","0","0","2","2","2","0","0","0","3","03","","N","","","","","","","","","",""
"2022014759","0827","1","0","0","0","0","0","1","0","0","1","1","","67","1","2022","2","39.953527","-75.185301","0817","6","0","0","0","0","0","0","0","0","","0","0","0","6","1","1","","2","0","39 57:12.696","","0","75 11:07.083","3","0","0","0","67301","0","0","0","N","0","0","0","5","67301","0","","1.0","","1","Y","N","N","0","","1","0","0","3","2","","635","2","1","0","0","0","0","0","2","0","2","0","0","0","3","03","","N","","","","","","","","","",""
"2022010853","0802","1","0","0","0","0","0","0","0","0","4","0","","67","1","2022","1","39.966345","-75.192025","0755","6","0","0","0","0","0","0","0","0","","0","0","0","7","1","1","","1","0","39 57:58.841","","0","75 11:31.289","3","0","0","0","67301","0","0","0","N","0","0","0","2","67301","0","","1.0","","1","N","N","N","0","","1","0","2","3","3","","733","3","1","0","0","0","0","0","2","0","3","0","0","0","3","03","","N","","","","","","","","","",""
"2022014659","0954","1","0","0","0","0","0","0","0","0","4","0","","67","1","2022","2","40.086103","-75.211875","0954","6","0","0","0","0","0","0","0","0","","0","0","0","8","1","0","","1","0","40 05:09.972","","0","75 12:42.750","0","0","0","0","67301","0","0","0","N","0","0","0","2","67301","0","","1.0","","9","N","N","N","0","","0","0","1","3","2","","840","2","0","0","0","0","0","0","2","0","2","0","0","0","7","06","","N","","","","","","","","","",""
"2022010868","0940","1","0","0","0","0","0","0","0","0","8","0","","67","1","2022","3","39.991939","-75.236191","0924","6","0","0","0","0","0","0","0","0","","0","0","0","9","1","1","","1","0","39 59:30.980","","0","75 14:10.287","3","0","0","0","67301","1","0","0","N","1","0","0","2","67301","0","","1.0","","1","N","N","N","0","","1","0","0","3","3","","920","2","1","0","0","0","0","1","2","0","1","1","0","0","3","03","","N","","","","","","","","","",""
"2022025072","0640","1","0","0","0","0","0","0","0","0","4","0","","67","1","2022","5","39.987505","-75.148886","0634","6","0","0","0","0","0","0","0","0","","0","0","0","6","3","1","","1","0","39 59:15.018","","0","75 08:55.989","3","0","0","0","67301","0","0","0","N","0","0","0","3","67301","0","","1.0","","9","N","N","N","0","","1","0","1","3","3","","620","2","1","0","0","0","0","0","2","0","2","0","0","0","7","","","N","","","","","","","","","",""
"2022004164","1533","3","0","0","0","0","0","0","0","0","1","0","","67","1","2022","2","39.928","-75.188206","1531","6","0","0","0","0","0","0","0","0","","0","0","0","15","1","1","N","0","0","39 55:40.800","","0","75 11:17.540","3","0","0","0","67301","0","0","0","N","0","0","0","4","67301","0","","6.0","","1","N","N","N","0","","1","0","0","0","0","","1512","3","1","2","0","0","0","3","2","0","3","0","0","0","3","","","N","","","","","","","","","",""