"CRN","ARRIVAL_TM","AUTOMOBILE_COUNT","BELTED_DEATH_COUNT","BELTED_SUSP_SERIOUS_INJ_COUNT","BICYCLE_COUNT","BICYCLE_DEATH_COUNT","BICYCLE_SUSP_SERIOUS_INJ_COUNT","BUS_COUNT","CHLDPAS_DEATH_COUNT","CHLDPAS_SUSP_SERIOUS_INJ_COUNT","COLLISION_TYPE","COMM_VEH_COUNT","CONS_ZONE_SPD_LIM","COUNTY","CRASH_MONTH","CRASH_YEAR","DAY_OF_WEEK","DEC_LATITUDE","DEC_LONGITUDE","DISPATCH_TM","DISTRICT","DRIVER_COUNT_16YR","DRIVER_COUNT_17YR","DRIVER_COUNT_18YR","DRIVER_COUNT_19YR","DRIVER_COUNT_20YR","DRIVER_COUNT_50_64YR","DRIVER_COUNT_65_74YR","DRIVER_COUNT_75PLUS","EST_HRS_CLOSED","FATAL_COUNT","HEAVY_TRUCK_COUNT","HORSE_BUGGY_COUNT","HOUR_OF_DAY","ILLUMINATION","INJURY_COUNT","INTERSECTION_RELATED","INTERSECT_TYPE","LANE_CLOSED","LATITUDE","LN_CLOSE_DIR","LOCATION_TYPE","LONGITUDE","MAX_SEVERITY_LEVEL","MCYCLE_DEATH_COUNT","MCYCLE_SUSP_SERIOUS_INJ_COUNT","MOTORCYCLE_COUNT","MUNICIPALITY","NONMOTR_COUNT","NONMOTR_DEATH_COUNT","NONMOTR_SUSP_SERIOUS_INJ_COUNT","NTFY_HIWY_MAINT","PED_COUNT","PED_DEATH_COUNT","PED_SUSP_SERIOUS_INJ_COUNT","PERSON_COUNT","POLICE_AGCY","POSSIBLE_INJ_COUNT","RDWY_SURF_TYPE_CD","RELATION_TO_ROAD","ROADWAY_CLEARED","ROAD_CONDITION","SCH_BUS_IND","SCH_ZONE_IND","SECONDARY_CRASH","SMALL_TRUCK_COUNT","SPEC_JURIS_CD","SUSP_MINOR_INJ_COUNT","SUSP_SERIOUS_INJ_COUNT","SUV_COUNT","TCD_FUNC_CD","TCD_TYPE","TFC_DETOUR_IND","TIME_OF_DAY","TOTAL_UNITS","TOT_INJ_COUNT","UNBELTED_OCC_COUNT","UNB_DEATH_COUNT","UNB_SUSP_SERIOUS_INJ_COUNT","UNK_INJ_DEG_COUNT","UNK_INJ_PER_COUNT","URBAN_RURAL","VAN_COUNT","VEHICLE_COUNT","VULNERABLE_ROAD_USER_COUNT","VULNERABLE_ROAD_USER_DEATH_COUNT","VULNERABLE_ROAD_USER_SER_INJ_COUNT","WEATHER1","WEATHER2","WORKERS_PRES","WORK_ZONE_IND","WORK_ZONE_LOC","WORK_ZONE_TYPE","WZ_CLOSE_DETOUR","WZ_FLAGGER","WZ_LAW_OFFCR_IND","WZ_LN_CLOSURE","WZ_MOVING","WZ_OTHER","WZ_SHLDER_MDN","WZ_WORKERS_INJ_KILLED"
"2022043682","0726","3","0","0","0","0","0","0","0","0","1","0","","67","4","2022","6","39.956955","-75.155663","0712","6","0","0","0","0","0","0","0","0","","0","0","0","7","1","1","N","0","2","39 57:25.038","3","0","75 09:20.386","4","0","0","0","67301","0","0","0","N","0","0","0","3","68K01","1","","1.0","755.0","1","N","N","N","0","","0","0","0","0","0","N","709","3","1","0","0","0","0","0","2","0","3","0","0","0","3","03","","N","","","","","","","","","",""
"2022043871","1145","0","0","0","0","0","0","0","0","0","4","0","","67","4","2022","3","39.918286","-75.209044","1140","6","0","0","0","0","0","0","1","0","","0","0","0","11","1","2","","2","0","39 55:05.829","","7","75 12:32.558","8","0","0","0","67301","0","0","0","N","0","0","0","3","67301","0","","1.0","","1","N","N","Y","0","","0","0","1","3","2","","1130","2","2","0","0","0","2","0","2","1","2","0","0","0","3","98","","N","","","","","","","","","",""
"2022014773","0244","1","0","0","0","0","0","0","0","0","7","0","","67","1","2022","7","39.980966","-75.236153","0243","6","0","0","0","0","0","0","0","0","","0","0","0","2","3","1","","1","2","39 58:51.478","6","0","75 14:10.152","8","0","0","0","67301","0","0","0","N","0","0","0","1","67301","0","","4.0","430.0","1","N","N","N","0","","0","0","0","3","2","Y","234","1","1","0","0","0","1","0","2","0","1","0","0","0","3","03","","N","","","","","","","","","",""
"2022010894","1119","2","0","0","0","0","0","0","0","0","1","0","","67","1","2022","1","40.039076","-75.144733","1119","6","0","0","0","0","0","1","1","0","","0","0","0","11","1","2","","1","0","40 02:20.672","","0","75 08:41.040","3","0","0","0","67301","0","0","0","N","0","0","0","3","67301","0","","1.0","","1","N","N","N","0","","2","0","1","3","2","","1119","3","2","0","0","0","0","0","2","0","3","0","0","0","3","","","N","","","","","","","","","",""
"2022004206","1710","2","0","0","0","0","0","0","0","0","4","0","","67","1","2022","3","40.069495","-74.981545","1708","6","0","0","0","0","0","0","1","0","","0","0","0","16","3","8","","2","1","40 04:10.183","2","7","74 58:53.562","4","0","0","0","67301","0","0","0","N","0","0","0","8","67301","8","","1.0","100.0","1","N","N","N","0","","0","0","0","3","2","N","1659","2","8","8","0","0","0","0","2","0","2","0","0","0","3","03","","N","","","","","","","","","",""
"2022014883","1415","1","0","0","0","0","0","0","0","0","0","0","","67","1","2022","7","40.021361","-75.200167","1402","6","0","0","0","0","0","0","0","0","","0","0","0","13","1","1","N","0","0","40 01:16.900","","0","75 12:00.600","4","0","0","0","67301","0","0","0","N","0","0","0","1","67301","1","","1.0","","1","N","N","N","0","","0","0","0","0","0","","1328","1","1","0","0","0","0","0","2","0","1","0","0","0","3","","","N","","","","","","","","","",""
"2022034190","1732","2","0","0","0","0","0","0","0","0","1","0","","67","3","2022","2","39.996062","-75.083011","1723","6","0","0","0","0","0","0","1","0","","0","0","0","15","1","1","N","0","1","39 59:45.823","2","0","75 04:58.840","4","0","0","0","67301","0","0","0","N","0","0","0","3","68K01","1","","1.0","1550.0","1","N","N","N","0","","0","0","1","0","0","Y","1548","3","1","0","0","0","0","0","2","0","3","0","0","0","3","","","N","","","","","","","","","",""
"2022014829","2230","1","0","0","0","0","0","0","0","0","2","0","","67","1","2022","1","39.986631","-75.131283","2228","6","0","0","0","0","0","0","0","0","","0","0","0","22","3","0","N","0","0","39 59:11.870","","1","75 07:52.620","0","0","0","0","67301","0","0","0","N","0","0","0","1","67301","0","","6.0","","6","N","N","N","0","","0","0","1","0","0","","2220","2","0","0","0","0","0","0","2","0","2","0","0","0","7","09","","N","","","","","","","","","",""
"2022016279","0315","1","0","0","0","0","0","0","0","0","7","0","","67","2","2022","1","40.027958","-75.190522","0311","6","0","0","0","0","0","0","0","0","","0","0","0","3","3","0","N","0","0","40 01:40.650","","0","75 11:25.880","0","0","0","0","67301","0","0","0","N","0","0","0","1","67301","0","","4.0","","9","N","N","N","0","","0","0","0","0","0","","303","1","0","0","0","0","0","0","2","0","1","0","0","0","10","09","","N","","","","","","","","","",""
"2022026856","0002","2","0","0","0","0","0","0","0","0","1","0","","67","2","2022","7","39.960088","-75.179578","2343","6","0","0","0","0","0","0","0","0","","0","0","0","23","3","3","N","0","2","39 57:36.317","4","3","75 10:46.482","4","0","0","0","67301","0","0","0","N","0","0","0","6","68K01","3","","1.0","40.0","9","N","N","N","0","","0","0","1","0","0","Y","2340","3","3","0","0","0","0","0","2","0","3","0","0","0","10","","","N","","","","","","","","","",""
"2022014578","1242","1","0","0","0","0","0","0","0","0","1","0","","67","1","2022","7","40.086708","-75.036016","1230","6","0","0","0","0","0","0","0","1","","0","0","0","12","1","1","N","0","0","40 05:12.150","","0","75 02:09.657","3","0","0","0","67301","0","0","0","N","0","0","0","1","67301","0","","6.0","","1","N","N","N","0","","1","0","1","0","0","","1204","2","1","0","0","0","0","0","2","0","2","0","0","0","3","","","N","","","","","","","","","",""
"2022010819","2136","2","0","0","0","0","0","0","0","0","4","0","","67","1","2022","3","39.944017","-75.159979","2133","6","0","0","0","0","0","0","0","0","","0","0","0","20","3","0","","1","0","39 56:38.462","","0","75 09:35.926","0","0","0","0","67301","0","0","0","N","0","0","0","2","67301","0","","1.0","","1","N","N","N","0","","0","0","0","3","2","","2031","2","0","0","0","0","0","0","2","0","2","0","0","0","4","04","","N","","","","","","","","","",""
"2022016424","0846","0","0","0","0","0","0","0","0","0","4","0","","67","1","2022","6","39.950707","-75.22886","0833","6","0","0","0","0","0","2","0","0","","0","0","0","6","3","2","","1","0","39 57:02.545","","0","75 13:43.896","3","0","0","0","67301","0","0","0","N","0","0","0","3","67301","0","","1.0","","2","N","N","N","2","","2","0","1","3","2","","621","3","2","0","0","0","0","0","2","0","3","0","0","0","3","03","","N","","","","","","","","","",""
"2022008862","0542","0","0","0","0","0","0","0","0","0","1","0","","67","1","2022","3","39.946886","-75.142321","0534","6","0","0","0","1","0","1","0","0","","0","0","0","5","3","0","N","0","2","39 56:48.791","2","0","75 08:32.357","0","0","0","0","67301","0","0","0","N","0","0","0","2","68K01","0","","1.0","630.0","1","N","N","N","1","","0","0","1","0","0","N","531","2","0","2","0","0","0","0","2","0","2","0","0","0","3","03","","N","","","","","","","","","",""
"2022014709","0854","1","0","0","0","0","0","0","0","0","7","0","","67","1","2022","7","40.008372","-75.091814","0847","6","0","0","0","0","0","0","0","0","","0","0","0","8","1","1","N","0","0","40 00:30.140","","1","75 05:30.530","8","0","0","0","67301","0","0","0","N","0","0","0","1","67301","0","","4.0","","1","N","N","N","0","","0","0","0","0","0","","835","1","1","0","0","0","1","0","2","0","1","0","0","0","3","","","N","","","","","","","","","",""
"2022043880","1820","1","0","0","0","0","0","0","0","0","5","0","","67","5","2022","1","39.940022","-75.219633","1749","6","0","0","0","0","0","2","0","0","","0","0","0","17","1","1","N","0","0","39 56:24.078","","0","75 13:10.678","3","0","0","0","67301","0","0","0","N","0","0","0","2","67301","0","","1.0","","9","N","N","N","1","","1","0","0","0","0","","1737","2","1","0","0","0","0","0","2","0","2","0","0","0","7","07","","N","","","","","","","","","",""
"2022013613","1255","1","0","0","0","0","0","0","0","0","1","0","","67","1","2022","6","39.984077","-75.156625","1245","6","0","0","0","1","0","1","0","0","","0","0","0","12","1","1","N","0","0","39 59:02.677","","0","75 09:23.851","8","0","0","0","67301","0","0","0","N","0","0","0","3","67508","0","","1.0","","1","N","N","N","1","","0","0","1","0","0","N","1244","3","1","0","0","0","1","0","2","0","3","0","0","0","3","03","","N","","","","","","","","","",""
"2022014812","1850","1","0","0","0","0","0","0","0","0","3","0","","67","1","2022","5","39.995263","-75.152048","1850","6","0","0","0","1","0","0","0","0","","0","0","0","18","3","1","","1","0","39 59:42.946","","0","75 09:07.372","8","0","0","1","67301","0","0","0","N","0","0","0","2","67301","0","","1.0","","1","N","N","N","0","","0","0","0","3","3","","1845","2","1","0","0","0","1","0","2","0","2","0","0","0","3","03","","N","","","","","","","","","",""
"2022010891","0159","0","0","0","0","0","0","0","0","0","4","0","","67","1","2022","7","40.027194","-75.151242","0154","6","0","0","0","0","0","0","0","0","","0","0","0","1","3","3","","1","1","40 01:37.898","3","0","75 09:04.471","3","0","0","0","67301","0","0","0","N","0","0","0","3","67301","0","","1.0","241.0","1","N","N","N","0","","3","0","2","3","2","N","150","2","3","0","0","0","0","0","2","0","2","0","0","0","3","03","","N","","","","","","","","","",""
"2022014775","1159","0","0","0","0","0","0","0","0","0","1","0","","67","1","2022","3","39.982194","-75.238944","1151","6","0","0","0","0","0","1","0","0","","0","0","0","22","3","1","N","0","0","39 58:55.900","","3","75 14:20.200","3","0","0","0","67301","0","0","0","N","0","0","0","2","67301","0","","1.0","","99","N","N","N","0","","1","0","1","0","0","","2250","2","1","0","0","0","0","0","2","0","2","0","0","0","99","","","N","","","","","","","","","",""
"2022014528","0808","2","0","0","0","0","0","0","0","0","2","0","","67","1","2022","1","39.913826","-75.172061","0805","6","0","0","0","0","0","1","0","0","","0","0","0","7","1","0","N","0","0","39 54:49.775","","0","75 10:19.420","0","0","0","0","67301","0","0","0","N","0","0","0","2","67301","0","","1.0","","1","N","N","N","0","","0","0","0","0","0","","750","2","0","2","0","0","0","0","2","0","2","0","0","0","4","03","","N","","","","","","","","","",""
"2022035759","2313","0","0","0","0","0","0","0","0","0","1","0","","67","3","2022","7","39.965198","-75.185781","2308","6","0","0","1","0","0","0","0","0","","0","0","0","23","3","0","N","0","1","39 57:54.712","3","0","75 11:08.810","0","0","0","0","67301","0","0","0","N","0","0","0","2","68K01","0","","1.0","1119.0","9","N","N","N","0","","0","0","1","0","0","N","2308","2","0","0","0","0","0","0","2","1","2","0","0","0","3","03","","N","","","","","","","","","",""
"2022011383","0003","1","0","0","0","0","0","0","0","0","5","0","","67","1","2022","3","40.006185","-75.074642","2348","6","0","0","0","1","0","0","0","0","","0","0","0","23","3","1","N","0","0","40 00:22.265","","0","75 04:28.712","3","0","0","0","67301","0","0","0","N","0","0","0","3","68K01","0","","1.0","","1","N","N","N","0","","1","0","1","0","0","","2338","2","1","0","0","0","0","0","2","0","2","0","0","0","3","03","","N","","","","","","","","","",""
"2022014760","1023","2","0","0","0","0","0","0","0","0","4","0","","67","1","2022","2","39.958177","-75.229104","1021","6","0","0","0","0","0","0","0","0","","0","0","0","10","1","1","","1","0","39 57:29.437","","0","75 13:44.774","3","0","0","0","67301","0","0","0","N","0","0","0","3","67301","0","","1.0","","1","N","N","N","0","","1","0","1","3","3","","1017","3","1","0","0","0","0","0","2","0","3","0","0","0","3","","","N","","","","","","","","","",""
"2022004150","1640","1","0","0","0","0","0","0","0","0","4","0","","67","1","2022","3","39.916765","-75.1563","1640","6","0","0","1","0","0","0","0","0","","0","0","0","16","1","0","","2","2","39 55:00.354","1","0","75 09:22.680","0","0","0","0","67301","0","0","0","N","0","0","0","3","67301","0","","1.0","1705.0","1","N","N","N","0","","0","0","2","3","3","Y","1639","3","0","0","0","0","0","0","2","0","3","0","0","0","3","","","N","","","","","","","","","",""
"2022006676","1843","1","0","0","0","0","0","0","0","0","5","0","","67","1","2022","4","39.975162","-75.188163","1843","6","0","0","0","0","0","0","0","0","","0","0","0","18","3","1","","1","2","39 58:30.584","3","0","75 11:17.385","3","0","0","0","67301","0","0","0","N","0","0","0","4","68K01","0","","1.0","1930.0","1","N","N","N","0","","1","0","2","3","2","N","1836","3","1","0","0","0","0","1","2","0","3","0","0","0","3","","","N","","","","","","","","","",""
"2022005434","2312","0","0","0","0","0","0","0","0","0","7","0","","67","1","2022","6","39.912361","-75.173833","2309","6","0","0","0","0","0","0","0","0","","0","0","0","23","3","0","N","0","2","39 54:44.500","3","2","75 10:25.800","0","0","0","0","67301","0","0","0","N","0","0","0","4","67501","0","","4.0","2343.0","1","N","N","N","0","","0","0","1","3","8","Y","2309","1","0","0","0","0","0","0","2","0","1","0","0","0","3","","","N","","","","","","","","","",""
"2022016103","1452","0","0","0","0","0","0","0","0","0","7","0","","67","1","2022","1","39.957186","-75.156691","1452","6","0","0","0","0","0","0","0","0","","0","0","0","14","1","0","N","0","1","39 57:25.868","4","0","75 09:24.087","0","0","0","0","67301","0","0","0","N","0","0","0","2","68K01","0","","4.0","1520.0","1","N","N","N","0","","0","0","1","0","0","N","1438","1","0","0","0","0","0","0","2","0","1","0","0","0","3","03","","N","","","","","","","","","",""
"2022004155","1310","1","0","0","0","0","0","0","0","0","8","0","","67","1","2022","3","39.975897","-75.185647","1253","6","0","0","0","0","0","0","0","0","","0","0","0","12","1","1","N","0","0","39 58:33.230","","0","75 11:08.330","4","0","0","0","67301","1","0","0","N","1","0","0","2","67301","1","","1.0","","1","N","N","N","0","","0","0","0","0","0","","1214","2","1","0","0","0","0","1","2","0","1","1","0","0","3","03","","N","","","","","","","","","",""
"2022012637","2146","1","0","0","0","0","0","0","0","0","8","0","","67","1","2022","6","39.949789","-75.207142","2145","6","0","0","0","0","0","0","0","0","","0","0","0","21","3","1","","1","2","39 56:59.241","1","0","75 12:25.710","3","0","0","0","67301","1","0","0","N","1","0","0","2","67504","0","","1.0","2225.0","1","N","N","N","0","","1","0","0","3","2","Y","2143","2","1","0","0","0","0","1","2","0","1","1","0","0","3","","","N","","","","","","","","","",""
"2022010888","1240","1","0","0","0","0","0","0","0","0","5","0","","67","1","2022","4","39.969067","-75.139644","1235","6","0","0","0","0","0","0","0","0","","0","0","0","12","1","0","N","0","2","39 58:08.640","1","0","75 08:22.720","0","0","0","0","67301","0","0","0","N","0","0","0","1","67301","0","","6.0","1334.0","1","N","N","N","0","","0","0","0","0","0","Y","1210","3","0","0","0","0","0","0","2","2","3","0","0","0","3","03","","N","","","","","","","","","",""
"2022014820","2121","2","0","0","0","0","0","0","0","0","5","0","","67","1","2022","2","40.022326","-75.137203","2119","6","0","0","0","0","0","0","0","0","","0","0","0","21","3","1","N","0","0","40 01:20.372","","0","75 08:13.932","8","0","0","0","67301","0","0","0","N","0","0","0","2","67301","0","","6.0","","1","N","N","N","0","","0","0","1","0","0","","2116","3","1","0","0","0","1","1","2","0","3","0","0","0","3","03","","N","","","","","","","","","",""
"2022034196","1246","1","0","0","0","0","0","0","0","0","5","0","","67","3","2022","3","39.92098","-75.147883","1233","6","0","0","0","0","0","1","0","0","","0","0","0","12","1","1","N","0","1","39 55:15.527","1","0","75 08:52.378","3","0","0","0","67301","0","0","0","N","0","0","0","2","68K01","0","","1.0","1300.0","1","N","N","N","0","","1","0","0","0","0","Y","1231","2","1","0","0","0","0","0","2","0","2","0","0","0","3","","","N","","","","","","","","","",""
"2022020147","0112","1","0","0","0","0","0","0","0","0","8","0","","67","1","2022","4","39.986175","-75.180024","0050","6","0","0","0","0","0","0","0","0","","0","0","0","23","3","1","N","0","0","39 59:10.230","","0","75 10:48.086","3","0","0","0","67301","1","0","0","N","1","0","0","2","67301","0","","1.0","","1","N","N","N","0","","1","0","0","0","0","","2330","2","1","0","0","0","0","0","2","0","1","1","0","0","3","03","","N","","","","","","","","","",""
"2022014529","1833","1","0","0","0","0","0","0","0","0","1","0","","67","1","2022","3","39.905738","-75.193924","1820","6","0","0","0","0","0","0","0","0","","0","0","0","17","3","1","","1","0","39 54:20.655","","0","75 11:38.126","3","0","0","0","67301","0","0","0","N","0","0","0","2","67301","0","","1.0","","1","N","N","N","0","","1","0","0","3","2","","1706","2","1","0","0","0","0","1","2","0","2","0","0","0","3","","","N","","","","","","","","","",""
"2022014600","2305","1","0","0","0","0","0","0","0","0","4","0","","67","1","2022","6","40.072048","-75.013029","2300","6","0","0","0","0","0","0","0","0","","0","0","0","20","3","0","","1","0","40 04:19.373","","0","75 00:46.904","9","0","0","0","67301","0","0","0","N","0","0","0","2","67301","0","","1.0","","1","N","N","N","0","","0","0","1","3","2","","2045","2","0","0","0","0","0","2","2","0","2","0","0","0","3","03","","N","","","","","","","","","",""
"2022010874","0941","0","0","0","0","0","0","0","0","0","4","0","","67","1","2022","3","39.975288","-75.168278","0941","6","0","0","0","0","0","1","0","0","","0","0","0","9","1","2","","2","0","39 58:31.037","","0","75 10:05.801","4","0","0","0","67301","0","0","0","N","0","0","0","2","67301","2","","1.0","","1","N","N","N","0","","0","0","2","3","3","","939","2","2","0","0","0","0","0","2","0","2","0","0","0","3","03","","N","","","","","","","","","",""
"2022004526","0902","3","0","0","0","0","0","0","0","0","4","0","","67","1","2022","4","40.066786","-75.160829","0900","6","0","0","0","0","0","0","0","0","","0","0","0","8","1","2","","1","0","40 04:00.429","","0","75 09:38.984","3","0","0","0","67301","0","0","0","N","0","0","0","3","67301","0","","1.0","","1","N","N","N","0","","2","0","0","3","3","","853","4","2","0","0","0","0","0","2","1","4","0","0","0","3","","","N","","","","","","","","","",""
"2022010885","0455","1","0","0","0","0","0","0","0","0","4","0","","67","1","2022","6","39.971571","-75.146317","0454","6","0","0","0","0","0","1","0","0","","0","0","0","4","3","1","","1","0","39 58:17.655","","0","75 08:46.741","3","0","0","0","67301","0","0","0","N","0","0","0","2","67301","0","","1.0","","1","N","N","N","0","","1","0","0","3","2","","445","2","1","0","0","0","0","0","2","0","2","0","0","0","3","03","","N","","","","","","","","","",""
"2022014828","1928","0","0","0","0","0","0","0","0","0","4","0","","67","1","2022","6","39.981018","-75.123882","1920","6","0","0","0","0","0","0","0","0","","0","0","0","18","3","1","","1","0","39 58:51.664","","0","75 07:25.975","3","0","0","0","67301","0","0","0","N","0","0","0","2","67301","0","","1.0","","1","N","N","N","0","","1","0","1","3","3","","1830","2","1","0","0","0","0","1","2","1","2","0","0","0","3","03","","N","","","","","","","","","",""
"2022018424","0010","1","0","0","0","0","0","0","0","0","1","0","","67","1","2022","4","40.015978","-75.05257","0010","6","0","0","0","0","0","0","0","0","","0","0","0","0","3","0","N","0","2","40 00:57.522","2","0","75 03:09.253","0","0","0","0","67301","0","0","0","N","0","0","0","2","68K01","0","","1.0","45.0","1","N","N","Y","0","","0","0","1","0","0","Y","10","2","0","0","0","0","0","0","2","0","2","0","0","0","3","03","","N","","","","","","","","","",""
"2022032908","2224","1","0","0","0","0","0","0","0","0","4","0","","67","4","2022","2","39.955751","-75.244092","2220","6","0","0","0","0","0","0","0","0","","0","0","0","22","3","1","","1","0","39 57:20.703","","0","75 14:38.731","8","0","0","0","67301","0","0","0","N","0","0","0","2","67301","0","","1.0","","1","N","N","N","1","","0","0","0","3","3","","2200","2","1","0","0","0","1","0","2","0","2","0","0","0","3","03","","N","","","","","","","","","",""
"2022043993","2226","2","0","0","0","0","0","0","0","0","4","0","","67","5","2022","2","39.991699","-75.185608","2225","6","0","0","0","1","0","0","0","0","","0","0","0","22","3","3","","1","0","39 59:30.115","","0","75 11:08.190","3","0","0","0","67301","0","0","0","N","0","0","0","3","67301","0","","1.0","","1","N","N","N","0","","3","0","0","3","2","","2220","2","3","1","0","0","0","0","2","0","2","0","0","0","3","03","","N","","","","","","","","","",""
"2022043900","0045","0","0","0","0","0","0","0","0","0","7","0","","67","4","2022","6","40.072569","-75.175483","0033","6","0","0","0","0","0","0","0","0","","0","0","0","0","3","0","N","0","0","40 04:21.250","","0","75 10:31.740","0","0","0","0","67301","0","0","0","N","0","0","0","1","67301","0","","5.0","","1","N","N","N","0","","0","0","1","0","0","","4","1","0","0","0","0","0","0","2","0","1","0","0","0","3","03","","N","","","","","","","","","",""
"2022007163","1739","2","0","0","0","0","0","0","0","0","5","0","","67","1","2022","5","39.907583","-75.143583","1733","6","0","0","0","0","0","3","0","0","","0","0","0","17","3","1","N","0","2","39 54:27.300","3","3","75 08:36.900","4","0","0","0","67301","0","0","0","N","0","0","0","10","67501","1","","1.0","1818.0","1","N","N","Y","0","","0","0","2","0","0","N","1733","5","1","0","0","0","0","0","2","1","5","0","0","0","3","04","","N","","","","","","","","","",""
"2022044068","0422","2","0","0","0","0","0","0","0","0","5","0","","67","4","2022","6","39.977111","-75.126889","0422","6","0","0","0","0","0","0","0","0","","0","0","0","4","3","0","N","0","2","39 58:37.600","7","0","75 07:36.800","9","0","0","0","67301","0","0","0","N","0","0","0","4","67301","0","","6.0","529.0","1","N","N","N","0","","0","0","3","0","0","N","422","5","0","0","0","0","0","4","2","0","5","0","0","0","3","","","N","","","","","","","","","",""
"2022016520","1834","1","0","0","0","0","0","0","0","0","4","0","","67","2","2022","1","39.95237","-75.1468","1815","6","0","0","0","0","0","0","0","0","","0","0","0","17","3","2","","1","0","39 57:08.532","","0","75 08:48.479","3","0","0","0","67301","0","0","0","N","0","0","0","3","67301","0","","1.0","","9","N","N","N","1","","2","0","0","3","2","","1755","2","2","2","0","0","0","0","2","0","2","0","0","0","4","10","","N","","","","","","","","","",""
"2022005735","0132","1","0","0","0","0","0","0","0","0","1","0","","67","1","2022","6","39.956358","-75.208075","0130","6","0","0","0","0","0","0","0","0","","0","0","0","1","3","0","N","0","2","39 57:22.888","3","0","75 12:29.071","0","0","0","0","67301","0","0","0","N","0","0","0","3","67504","0","","1.0","100.0","1","N","N","N","0","","0","0","1","0","0","Y","128","3","0","0","0","0","0","0","2","1","3","0","0","0","3","03","","N","","","","","","","","","",""
"2022014638","1435","1","0","0","0","0","0","0","0","0","8","0","","67","1","2022","1","39.916116","-75.238978","1435","6","0","0","0","0","0","0","0","0","","0","0","0","14","1","1","","1","0","39 54:58.016","","0","75 14:20.319","3","0","0","0","67301","1","0","0","N","1","0","0","2","67301","0","","1.0","","1","N","N","N","0","","1","0","0","3","2","","1428","2","1","1","0","0","0","0","2","0","1","1","0","0","3","03","","N","","","","","","","","","",""
"2022055634","1651","2","0","0","0","0","0","0","0","0","4","0","","67","6","2022","3","39.953514","-75.232319","1649","6","0","0","0","0","0","0","0","0","","0","0","0","16","1","1","N","0","0","39 57:12.650","","0","75 13:56.350","3","0","0","0","67301","0","0","0","N","0","0","0","1","67301","0","","1.0","","1","N","N","N","0","","1","0","0","0","0","","1645","2","1","0","0","0","0","0","2","0","2","0","0","0","3","","","N","","","","","","","","","",""
"2022044079","2304","1","0","0","0","0","0","0","0","0","5","0","","67","5","2022","4","39.966199","-75.131153","2301","6","0","0","0","0","0","1","0","0","","0","0","0","22","3","1","N","0","0","39 57:58.318","","7","75 07:52.150","4","0","0","0","67301","0","0","0","N","0","0","0","2","67301","1","","1.0","","1","N","N","N","0","","0","0","1","3","2","","2258","2","1","0","0","0","0","1","2","0","2","0","0","0","3","","","N","","","","","","","","","",""
"2022023570","1738","2","0","0","0","0","0","0","0","0","1","0","","67","3","2022","4","39.98503","-75.208098","1738","6","0","0","0","1","0","0","0","0","","0","0","0","17","1","0","N","0","0","39 59:06.107","","2","75 12:29.153","0","0","0","0","67301","0","0","0","N","0","0","0","2","68K01","0","","1.0","","1","N","N","N","0","","0","0","0","0","0","","1738","2","0","0","0","0","0","0","2","0","2","0","0","0","3","","","N","","","","","","","","","",""
"2022041393","0053","1","0","0","0","0","0","0","0","0","7","0","","67","4","2022","1","40.031205","-75.021665","0053","6","0","0","1","0","0","0","0","0","","0","0","0","0","3","0","N","0","1","40 01:52.338","2","0","75 01:17.994","0","0","0","0","67301","0","0","0","N","0","0","0","2","68K01","0","","4.0","110.0","9","N","N","N","0","","0","0","0","0","0","Y","47","1","0","0","0","0","0","0","2","0","1","0","0","0","7","","","N","","","","","","","","","",""
"2022014855","1122","2","0","0","0","0","0","0","0","0","4","0","","67","1","2022","3","40.030714","-75.1224","1122","6","0","0","0","0","0","0","0","0","","0","0","0","21","3","2","","1","0","40 01:50.570","","0","75 07:20.640","8","0","0","0","67301","0","0","0","N","0","0","0","3","67301","0","","1.0","","1","N","N","N","0","","0","0","0","3","2","","2124","2","2","0","0","0","2","1","2","0","2","0","0","0","3","03","","N","","","","","","","","","",""
"2022044094","0751","2","0","0","0","0","0","0","0","0","4","0","","67","5","2022","1","40.034389","-75.150753","0739","6","0","0","0","0","0","0","0","0","","0","0","0","7","1","0","N","0","0","40 02:03.800","","0","75 09:02.710","9","0","0","0","67301","0","0","0","N","0","0","0","2","67301","0","","1.0","","1","N","N","N","0","","0","0","0","0","0","","720","2","0","0","0","0","0","2","2","0","2","0","0","0","3","","","N","","","","","","","","","",""
"2022014848","1652","1","0","0","0","0","0","0","0","0","4","0","","67","1","2022","7","40.043679","-75.149791","1652","6","0","0","0","0","0","0","0","0","","0","0","0","15","1","1","","1","0","40 02:37.244","","0","75 08:59.247","3","0","0","0","67301","0","0","0","N","0","0","0","2","67301","0","","1.0","","1","N","N","N","0","","1","0","0","3","1","","1558","2","1","0","0","0","0","0","2","0","2","0","0","0","3","","","N","","","","","","","","","",""
"2022008891","2237","0","0","0","0","0","0","0","0","0","1","0","","67","1","2022","6","39.98732","-75.207777","2234","6","0","0","0","0","0","0","0","0","","0","0","0","22","3","1","N","0","0","39 59:14.352","","0","75 12:27.997","3","0","0","0","67301","0","0","0","N","0","0","0","3","68K01","0","","1.0","","1","N","N","N","0","","1","0","1","0","0","","2219","2","1","0","0","0","0","1","2","0","2","0","0","0","3","","","N","","","","","","","","","",""
"2022025599","1712","1","0","0","0","0","0","0","0","0","4","0","","67","3","2022","6","39.967336","-75.245842","1710","6","0","0","0","0","0","2","0","0","","0","0","0","17","1","0","","1","0","39 58:02.410","","0","75 14:45.030","0","0","0","0","67301","0","0","0","N","0","0","0","3","67301","0","","1.0","","1","N","N","N","0","","0","0","1","3","2","","1708","3","0","0","0","0","0","0","2","1","3","0","0","0","3","03","","N","","","","","","","","","",""