"CRN","ARRIVAL_TM","AUTOMOBILE_COUNT","BELTED_DEATH_COUNT","BELTED_SUSP_SERIOUS_INJ_COUNT","BICYCLE_COUNT","BICYCLE_DEATH_COUNT","BICYCLE_SUSP_SERIOUS_INJ_COUNT","BUS_COUNT","CHLDPAS_DEATH_COUNT","CHLDPAS_SUSP_SERIOUS_INJ_COUNT","COLLISION_TYPE","COMM_VEH_COUNT","CONS_ZONE_SPD_LIM","COUNTY","CRASH_MONTH","CRASH_YEAR","DAY_OF_WEEK","DEC_LATITUDE","DEC_LONGITUDE","DISPATCH_TM","DISTRICT","DRIVER_COUNT_16YR","DRIVER_COUNT_17YR","DRIVER_COUNT_18YR","DRIVER_COUNT_19YR","DRIVER_COUNT_20YR","DRIVER_COUNT_50_64YR","DRIVER_COUNT_65_74YR","DRIVER_COUNT_75PLUS","EST_HRS_CLOSED","FATAL_COUNT","HEAVY_TRUCK_COUNT","HORSE_BUGGY_COUNT","HOUR_OF_DAY","ILLUMINATION","INJURY_COUNT","INTERSECTION_RELATED","INTERSECT_TYPE","LANE_CLOSED","LATITUDE","LN_CLOSE_DIR","LOCATION_TYPE","LONGITUDE","MAX_SEVERITY_LEVEL","MCYCLE_DEATH_COUNT","MCYCLE_SUSP_SERIOUS_INJ_COUNT","MOTORCYCLE_COUNT","MUNICIPALITY","NONMOTR_COUNT","NONMOTR_DEATH_COUNT","NONMOTR_SUSP_SERIOUS_INJ_COUNT","NTFY_HIWY_MAINT","PED_COUNT","PED_DEATH_COUNT","PED_SUSP_SERIOUS_INJ_COUNT","PERSON_COUNT","POLICE_AGCY","POSSIBLE_INJ_COUNT","RDWY_SURF_TYPE_CD","RELATION_TO_ROAD","ROADWAY_CLEARED","ROAD_CONDITION","SCH_BUS_IND","SCH_ZONE_IND","SECONDARY_CRASH","SMALL_TRUCK_COUNT","SPEC_JURIS_CD","SUSP_MINOR_INJ_COUNT","SUSP_SERIOUS_INJ_COUNT","SUV_COUNT","TCD_FUNC_CD","TCD_TYPE","TFC_DETOUR_IND","TIME_OF_DAY","TOTAL_UNITS","TOT_INJ_COUNT","UNBELTED_OCC_COUNT","UNB_DEATH_COUNT","UNB_SUSP_SERIOUS_INJ_COUNT","UNK_INJ_DEG_COUNT","UNK_INJ_PER_COUNT","URBAN_RURAL","VAN_COUNT","VEHICLE_COUNT","VULNERABLE_ROAD_USER_COUNT","VULNERABLE_ROAD_USER_DEATH_COUNT","VULNERABLE_ROAD_USER_SER_INJ_COUNT","WEATHER1","WEATHER2","WORKERS_PRES","WORK_ZONE_IND","WORK_ZONE_LOC","WORK_ZONE_TYPE","WZ_CLOSE_DETOUR","WZ_FLAGGER","WZ_LAW_OFFCR_IND","WZ_LN_CLOSURE","WZ_MOVING","WZ_OTHER","WZ_SHLDER_MDN","WZ_WORKERS_INJ_KILLED"
"2022014634","1909","0","0","0","0","0","0","0","0","0","7","0","","67","1","2022","3","39.894612","-75.236717","1909","6","0","0","0","0","0","0","0","0","","0","0","0","17","3","1","","1","0","39 53:40.603","","0","75 14:12.181","8","0","0","0","67301","0","0","0","N","0","0","0","2","67301","0","","3.0","","1","N","N","N","0","","0","0","2","3","2","","1705","2","1","0","0","0","1","0","2","0","2","0","0","0","3","","","N","","","","","","","","","",""
"2022056500","1516","2","0","0","0","0","0","0","0","0","1","0","","67","5","2022","6","39.904008","-75.150377","1508","6","0","0","1","0","0","1","0","0","","0","0","0","15","1","4","N","0","1","39 54:14.430","2","0","75 09:01.358","4","0","0","0","67301","0","0","0","N","0","0","0","4","68K01","3","","1.0","1550.0","1","N","N","N","0","","0","0","0","0","0","N","1503","2","4","0","0","0","1","0","2","0","2","0","0","0","4","04","","N","","","","","","","","","",""
"2022027439","2322","1","0","0","0","0","0","0","0","0","4","0","","67","2","2022","5","39.951273","-75.199133","2322","6","0","0","0","0","0","0","0","0","","0","0","0","23","3","1","","1","1","39 57:04.584","2","0","75 11:56.878","3","0","0","0","67301","0","0","0","N","0","0","0","2","67504","0","","1.0","2345.0","9","N","N","N","0","","1","0","1","3","2","N","2322","2","1","0","0","0","0","0","2","0","2","0","0","0","7","","","N","","","","","","","","","",""
"2022043902","2028","1","0","0","0","0","0","0","0","0","4","0","","67","4","2022","7","40.051422","-75.16338","2028","6","0","0","0","0","0","0","0","0","","0","0","0","19","4","2","","1","0","40 03:05.119","","0","75 09:48.167","4","0","0","0","67301","0","0","0","N","0","0","0","5","67301","2","","1.0","","1","N","N","N","1","","0","0","0","3","2","","1950","2","2","0","0","0","0","0","2","0","2","0","0","0","3","","","N","","","","","","","","","",""
"2022055742","0918","2","0","0","0","0","0","0","0","0","1","1","","67","6","2022","2","40.050026","-75.086169","0915","6","0","0","0","0","0","1","0","1","","0","1","0","8","1","1","","2","0","40 03:00.094","","0","75 05:10.208","8","0","0","0","67301","0","0","0","N","0","0","0","4","67301","0","","1.0","","1","N","N","N","1","","0","0","0","3","2","","842","4","1","0","0","0","1","0","2","0","4","0","0","0","3","","","N","","","","","","","","","",""
"2022044051","0041","1","0","0","0","0","0","0","0","0","5","0","","67","4","2022","6","40.01384","-75.12598","0041","6","0","0","0","0","0","0","0","0","","0","0","0","0","3","2","","1","1","40 00:49.823","6","0","75 07:33.528","2","0","1","1","67301","0","0","0","N","0","0","0","2","67301","0","","1.0","127.0","1","N","N","N","0","","1","1","0","3","2","Y","40","2","2","1","0","0","0","0","2","0","2","0","0","0","3","03","","N","","","","","","","","","",""
"2022064679","0231","1","0","0","0","0","0","0","0","0","7","0","","67","6","2022","5","39.983783","-75.208284","0230","6","0","0","0","0","1","0","0","0","","0","0","0","2","3","1","N","0","1","39 59:01.619","4","0","75 12:29.823","3","0","0","0","67301","0","0","0","N","0","0","0","1","68K01","0","","4.0","300.0","9","N","N","N","0","","1","0","0","0","0","N","229","1","1","0","0","0","0","0","2","0","1","0","0","0","7","","","N","","","","","","","","","",""
"2022044530","1555","1","0","0","0","0","0","0","0","0","8","0","","67","5","2022","3","39.954581","-75.226004","1552","6","0","0","0","0","0","0","0","0","","0","0","0","15","1","1","","1","0","39 57:16.492","","0","75 13:33.613","3","0","0","0","67301","1","0","0","N","1","0","0","2","67301","0","","1.0","","1","N","N","N","0","","1","0","0","3","2","","1547","2","1","0","0","0","0","0","2","0","1","1","0","0","3","03","","N","","","","","","","","","",""
"2022044095","1240","0","0","0","0","0","0","0","0","0","4","0","","67","5","2022","1","40.05218","-75.142647","1240","6","0","0","0","0","0","0","0","0","","0","0","0","11","1","1","","1","0","40 03:07.847","","0","75 08:33.529","4","0","0","0","67301","0","0","0","N","0","0","0","2","67301","1","","1.0","","1","N","N","N","0","","0","0","2","3","3","","1130","2","1","0","0","0","0","1","2","0","2","0","0","0","3","","","N","","","","","","","","","",""
"2022055571","1315","1","0","0","0","0","0","0","0","0","8","0","","67","6","2022","5","40.102297","-75.028286","1308","6","0","0","0","0","0","0","0","0","","0","0","0","13","1","1","N","0","0","40 06:08.270","","0","75 01:41.830","3","0","0","0","67301","1","0","0","N","1","0","0","2","67301","0","","1.0","","1","N","N","N","0","","1","0","0","0","0","","1305","2","1","0","0","0","0","0","2","0","1","1","0","0","3","","","N","","","","","","","","","",""
"2022017627","","1","0","0","0","0","0","0","0","0","4","0","","67","2","2022","1","39.891942","-75.241906","","6","0","0","0","0","0","2","0","0","","0","0","0","12","1","1","","2","0","39 53:30.990","","0","75 14:30.862","3","0","0","0","67301","0","0","0","N","0","0","0","2","00000","0","","1.0","","1","","","N","0","","1","0","0","3","2","","1215","2","1","0","0","0","0","0","2","0","2","0","0","0","3","","","N","","","","","","","","","",""
"2022055584","2108","1","0","0","0","0","0","0","0","0","8","0","","67","6","2022","3","39.96724","-75.170159","2103","6","0","0","0","0","0","0","0","0","","0","0","0","20","3","1","","1","0","39 58:02.064","","0","75 10:12.572","3","0","0","0","67301","1","0","0","N","1","0","0","2","67301","0","","1.0","","9","N","N","N","0","","1","0","0","3","1","","2055","2","1","0","0","0","0","0","2","0","1","1","0","0","3","03","","N","","","","","","","","","",""
"2022055602","1549","2","0","0","0","0","0","0","0","0","4","0","","67","6","2022","7","40.086041","-75.211941","1530","6","0","0","0","0","0","1","0","0","","0","0","0","13","1","1","","1","0","40 05:09.747","","0","75 12:42.989","3","0","0","0","67301","0","0","0","N","0","0","0","3","67301","0","","1.0","","1","N","N","N","0","","1","0","0","3","1","","1350","2","1","3","0","0","0","0","2","0","2","0","0","0","3","","","N","","","","","","","","","",""
"2022043937","1603","0","0","0","0","0","0","0","0","0","4","0","","67","4","2022","7","40.039639","-75.057389","1426","6","0","0","0","0","0","0","0","0","","0","0","0","13","1","1","N","0","0","40 02:22.700","","7","75 03:26.600","3","0","0","1","67301","0","0","0","N","0","0","0","2","67301","0","","1.0","","1","N","N","N","0","","1","0","0","3","3","","1359","2","1","0","0","0","0","0","2","0","2","0","0","0","3","03","","N","","","","","","","","","",""
"2022044147","0018","0","0","0","0","0","0","0","0","0","8","0","","67","5","2022","4","39.986524","-75.157896","0007","6","0","0","0","0","0","0","0","0","","0","0","0","22","3","1","","1","0","39 59:11.485","","0","75 09:28.427","8","0","0","0","67301","1","0","0","N","1","0","0","2","67301","0","","1.0","","1","N","N","N","0","","0","0","0","3","2","","2218","2","1","0","0","0","1","0","2","0","1","1","0","0","3","","","N","","","","","","","","","",""
"2022043879","0824","0","0","0","0","0","0","0","0","0","4","0","","67","5","2022","1","39.886717","-75.232156","0820","6","0","0","0","0","0","0","0","0","","0","0","0","8","1","1","N","0","0","39 53:12.180","","0","75 13:55.760","3","0","0","1","67301","0","0","0","N","0","0","0","2","67301","0","","1.0","","1","N","N","N","0","","1","0","1","0","0","","816","2","1","0","0","0","0","0","2","0","2","0","0","0","3","03","","N","","","","","","","","","",""
"2022039580","1530","0","0","0","0","0","0","0","0","0","7","0","","67","3","2022","5","39.946886","-75.142321","1515","6","0","0","0","0","0","1","0","0","","0","0","0","15","1","0","N","0","0","39 56:48.791","","0","75 08:32.357","0","0","0","0","67301","0","0","0","N","0","0","0","1","68Z99","0","","2.0","","1","N","N","N","1","","0","0","0","0","0","","1510","1","0","0","0","0","0","0","2","0","1","0","0","0","3","03","","N","","","","","","","","","",""
"2022044077","2113","0","0","0","0","0","0","0","0","0","4","0","","67","5","2022","3","39.98962","-75.13367","2108","6","0","0","0","0","0","1","0","0","","0","0","0","21","3","0","","1","0","39 59:22.631","","0","75 08:01.211","9","0","0","0","67301","0","0","0","N","0","0","0","2","67301","0","","1.0","","1","N","N","N","0","","0","0","0","3","3","","2106","2","0","0","0","0","0","1","2","1","2","0","0","0","3","","","N","","","","","","","","","",""
"2022055578","1852","2","0","0","0","0","0","0","0","0","4","0","","67","6","2022","4","40.087993","-74.965763","1849","6","0","1","0","0","0","0","1","0","","0","0","0","18","1","0","","1","0","40 05:16.773","","0","74 57:56.746","9","0","0","0","67301","0","0","0","N","0","0","0","3","67301","0","","1.0","","1","N","N","N","0","","0","0","0","3","2","","1844","2","0","0","0","0","0","1","2","0","2","0","0","0","3","03","","N","","","","","","","","","",""
"2022045597","1504","2","0","0","0","0","0","0","0","0","5","0","","67","4","2022","3","39.899264","-75.177121","1436","6","0","0","0","0","0","0","0","0","","0","0","0","14","1","2","N","0","1","39 53:57.351","2","0","75 10:37.637","3","0","0","0","67301","0","0","0","N","0","0","0","3","68K01","0","","1.0","1550.0","1","N","N","N","0","","2","0","0","0","0","N","1433","2","2","0","0","0","0","0","2","0","2","0","0","0","3","03","","N","","","","","","","","","",""
"2022024892","1315","1","0","0","0","0","0","0","0","0","4","0","","67","3","2022","7","39.943652","-75.165445","1310","6","0","0","0","0","0","0","0","0","","0","0","0","13","1","0","","1","0","39 56:37.148","","0","75 09:55.602","0","0","0","1","67301","0","0","0","N","0","0","0","3","67301","0","","1.0","","1","N","N","N","0","","0","0","0","3","2","","1309","2","0","0","0","0","0","0","2","0","2","0","0","0","3","03","","N","","","","","","","","","",""
"2022032612","1628","1","0","0","0","0","0","0","0","0","1","0","","67","3","2022","4","39.962521","-75.183328","1622","6","0","0","0","0","0","1","0","0","","0","0","0","16","1","1","N","0","1","39 57:45.077","3","0","75 10:59.981","8","0","0","0","67301","0","0","0","N","0","0","0","5","68T07","0","","1.0","100.0","1","N","N","N","1","","0","0","2","0","0","N","1620","4","1","0","0","0","1","1","2","0","4","0","0","0","3","03","","N","","","","","","","","","",""
"2022043513","1719","1","0","0","0","0","0","0","0","0","1","0","","67","4","2022","4","39.95653","-75.197217","1718","6","0","0","0","0","0","1","0","0","","0","0","0","17","1","1","N","0","0","39 57:23.509","","0","75 11:49.981","3","0","0","0","67301","0","0","0","N","0","0","0","2","67504","0","","1.0","","1","N","N","N","1","","1","0","0","9","2","","1700","2","1","0","0","0","0","0","2","0","2","0","0","0","3","03","","N","","","","","","","","","",""
"2022056511","0134","2","0","0","0","0","0","0","0","0","1","0","","67","5","2022","7","40.003517","-75.077188","0134","6","0","0","0","0","0","0","0","0","","0","0","0","1","3","0","N","0","0","40 00:12.661","","0","75 04:37.877","0","0","0","0","67301","0","0","0","Y","0","0","0","2","68K01","0","","1.0","","9","N","N","N","0","","0","0","0","0","0","","119","2","0","0","0","0","0","0","2","0","2","0","0","0","7","07","","N","","","","","","","","","",""
"2022025294","0129","2","0","0","0","0","0","0","0","0","4","0","","67","3","2022","7","39.946999","-75.164828","0129","6","0","0","0","0","0","0","0","0","","0","0","0","1","3","0","","1","2","39 56:49.197","7","0","75 09:53.381","0","0","0","0","67301","0","0","0","N","0","0","0","2","67301","0","","1.0","300.0","1","N","N","N","0","","0","0","0","3","2","Y","129","2","0","0","0","0","0","0","2","0","2","0","0","0","3","03","","N","","","","","","","","","",""
"2022043952","1810","0","0","0","0","0","0","0","0","0","4","0","","67","5","2022","2","39.992979","-75.217594","1805","6","0","0","0","0","0","0","0","0","","0","0","0","17","1","0","","1","0","39 59:34.723","","0","75 13:03.338","0","0","0","0","67301","0","0","0","N","0","0","0","2","67301","0","","1.0","","1","N","N","N","0","","0","0","2","3","2","","1728","2","0","0","0","0","0","0","2","0","2","0","0","0","3","","","N","","","","","","","","","",""
"2022021537","0757","1","0","0","0","0","0","0","0","0","4","0","","67","2","2022","4","40.089892","-74.984238","0756","6","0","0","0","0","0","0","0","0","","0","0","0","7","1","2","","1","1","40 05:23.612","3","0","74 59:03.258","3","0","0","0","67301","0","0","0","N","0","0","0","2","67301","0","","1.0","910.0","9","N","N","N","0","","2","0","1","3","2","Y","754","2","2","0","0","0","0","0","2","0","2","0","0","0","4","04","","N","","","","","","","","","",""
"2022044117","1730","0","0","0","0","0","0","0","0","0","7","0","","67","5","2022","1","40.001572","-75.185481","1723","6","0","0","0","0","0","0","0","0","","0","0","0","17","1","1","N","0","0","40 00:05.659","","0","75 11:07.730","3","0","0","0","67301","0","0","0","N","0","0","0","1","67301","0","","4.0","","9","N","N","N","0","","1","0","1","0","0","","1712","1","1","0","0","0","0","0","2","0","1","0","0","0","7","07","","N","","","","","","","","","",""
"2022043828","0330","1","0","0","0","0","0","0","0","0","1","0","","67","4","2022","7","39.965525","-75.151056","0322","6","0","0","0","1","0","1","0","0","","0","0","0","2","3","0","","1","0","39 57:55.890","","0","75 09:03.801","0","0","0","0","67301","0","0","0","N","0","0","0","2","67301","0","","1.0","","1","N","N","N","0","","0","0","1","3","3","","247","2","0","0","0","0","0","0","2","0","2","0","0","0","3","","","N","","","","","","","","","",""
"2022048871","1123","0","0","0","0","0","0","0","0","0","1","0","","67","5","2022","4","40.05838","-75.165746","1123","6","0","0","0","0","0","0","0","0","","0","0","0","11","1","1","N","0","0","40 03:30.168","","0","75 09:56.684","4","0","0","0","67301","0","0","0","N","0","0","0","2","67301","1","","1.0","","1","N","N","N","0","","0","0","2","0","0","","1123","2","1","0","0","0","0","0","2","0","2","0","0","0","3","","","N","","","","","","","","","",""
"2022044042","2102","2","0","0","0","0","0","0","0","0","5","0","","67","4","2022","6","39.982794","-75.106656","2047","6","0","0","0","0","0","0","0","0","","0","0","0","20","3","0","N","0","2","39 58:58.060","1","0","75 06:23.960","0","0","0","0","67301","0","0","0","N","0","0","0","1","67301","0","","6.0","100.0","1","N","N","N","0","","0","0","2","0","0","N","2045","5","0","1","0","0","0","0","2","1","5","0","0","0","3","03","","N","","","","","","","","","",""
"2022056489","0926","1","0","0","0","0","0","0","0","0","7","0","","67","2","2022","7","39.891924","-75.223218","0915","6","0","0","0","0","0","0","0","0","","0","0","0","9","1","0","N","0","0","39 53:30.926","","0","75 13:23.586","0","0","0","0","67301","0","0","0","N","0","0","0","1","68K01","0","","4.0","","1","N","N","N","0","","0","0","0","0","0","","909","1","0","0","0","0","0","0","2","0","1","0","0","0","3","","","N","","","","","","","","","",""
"2022066278","1125","1","0","0","0","0","0","0","0","0","8","0","","67","7","2022","3","40.108016","-75.02679","1125","6","0","0","0","0","0","0","0","1","","0","0","0","11","1","1","","3","0","40 06:28.859","","0","75 01:36.445","3","0","0","0","67301","1","0","0","N","1","0","0","2","67301","0","","1.0","","1","N","N","N","0","","1","0","0","3","2","","1120","2","1","0","0","0","0","0","2","0","1","1","0","0","3","03","","N","","","","","","","","","",""
"2022054451","0220","1","0","0","0","0","0","0","0","0","7","0","","67","4","2022","7","39.960006","-75.178881","0217","6","0","0","0","0","0","0","0","0","","0","0","0","2","3","1","N","0","2","39 57:36.022","4","0","75 10:43.970","4","0","0","0","67301","0","0","0","N","0","0","0","2","68K01","1","","4.0","232.0","1","N","N","N","0","","0","0","0","0","0","N","215","1","1","0","0","0","0","0","2","0","1","0","0","0","3","","","N","","","","","","","","","",""
"2022063926","0623","0","1","0","0","0","0","0","0","0","1","0","","67","4","2022","1","39.890949","-75.199489","0611","6","0","0","0","0","0","1","0","0","","1","0","0","5","2","2","N","0","2","39 53:27.417","1","3","75 11:58.162","1","0","0","0","67301","0","0","0","N","0","0","0","3","68K01","0","1","1.0","835.0","1","N","N","N","0","0","0","1","2","0","0","N","551","2","2","1","0","1","1","0","2","0","2","0","0","0","3","","","N","","","","","","","","","",""
"2022055951","1903","1","0","0","0","0","0","0","0","0","1","0","","67","6","2022","7","39.958274","-75.165008","1855","6","0","0","0","0","0","2","0","0","","0","0","0","18","1","0","N","0","0","39 57:29.786","","0","75 09:54.029","0","0","0","0","67301","0","0","0","N","0","0","0","15","68K01","0","","1.0","","1","N","N","N","1","","0","0","2","0","0","","1851","4","0","0","0","0","0","0","2","0","4","0","0","0","3","03","","N","","","","","","","","","",""
"2022043839","1307","1","0","0","0","0","0","0","0","0","4","0","","67","5","2022","3","40.063013","-75.055012","1256","6","0","0","0","0","0","1","0","1","","0","0","0","12","1","1","","1","0","40 03:46.848","","0","75 03:18.044","3","0","0","0","67301","0","0","0","N","0","0","0","2","67301","0","","1.0","","1","N","N","N","1","","1","0","0","3","3","","1253","2","1","0","0","0","0","0","2","0","2","0","0","0","3","","","N","","","","","","","","","",""
"2022043923","0044","1","0","0","0","0","0","0","0","0","4","0","","67","4","2022","3","40.009319","-75.081844","0038","6","0","0","0","0","0","0","0","0","","0","0","0","0","3","1","","1","0","40 00:33.547","","0","75 04:54.638","3","0","0","0","67301","0","0","0","N","0","0","0","3","67301","0","","1.0","","9","N","N","N","0","","1","0","1","0","0","","30","2","1","0","0","0","0","1","2","0","2","0","0","0","7","04","","N","","","","","","","","","",""
"2022026251","0504","0","0","0","0","0","0","0","0","0","6","0","","67","2","2022","7","39.949842","-75.234286","0504","6","0","0","0","0","0","0","0","0","","0","0","0","5","3","0","N","0","0","39 56:59.430","","0","75 14:03.430","0","0","0","0","67301","0","0","0","N","0","0","0","1","67301","0","","6.0","","1","N","N","N","0","","0","0","1","0","0","","504","2","0","0","0","0","0","0","2","1","2","0","0","0","3","03","","N","","","","","","","","","",""
"2022043940","2237","1","0","0","0","0","0","0","0","0","5","0","","67","5","2022","2","40.039919","-75.046332","2235","6","0","1","0","0","0","0","0","0","","0","0","0","22","4","0","N","0","0","40 02:23.709","","0","75 02:46.796","0","0","0","0","67301","0","0","0","N","0","0","0","4","67301","0","","1.0","","1","N","N","N","0","","0","0","2","0","0","","2235","3","0","3","0","0","0","0","2","0","3","0","0","0","3","03","","N","","","","","","","","","",""
"2022065627","2001","0","0","0","0","0","0","0","0","0","7","0","","67","7","2022","1","40.057241","-75.008528","2000","6","0","0","0","0","0","0","0","0","","0","1","0","19","1","0","N","0","0","40 03:26.068","","0","75 00:30.701","9","0","0","0","67301","0","0","0","N","0","0","0","1","67301","0","","4.0","","1","N","N","N","0","","0","0","0","0","0","","1958","1","0","0","0","0","0","1","2","0","1","0","0","0","3","03","","N","","","","","","","","","",""
"2022041704","1825","1","0","0","0","0","0","0","0","0","4","0","","67","4","2022","6","39.952922","-75.183919","1825","6","0","0","0","0","0","0","0","0","","0","0","0","18","1","0","N","0","1","39 57:10.520","2","7","75 11:02.110","0","0","0","0","67301","0","0","0","N","0","0","0","2","67504","0","","1.0","1900.0","1","N","N","N","0","","0","0","1","0","0","N","1825","2","0","0","0","0","0","0","2","0","2","0","0","0","3","03","","N","","","","","","","","","",""
"2022043709","2250","1","0","0","0","0","0","0","0","0","1","0","","67","5","2022","2","39.969091","-75.126797","2247","6","0","0","0","0","0","1","0","0","","0","0","0","22","3","2","N","0","0","39 58:08.727","","3","75 07:36.468","8","0","0","0","67301","0","0","0","N","0","0","0","2","68K01","0","","2.0","","1","N","N","N","1","","0","0","0","0","0","","2242","2","2","2","0","0","2","0","2","0","2","0","0","0","3","","","N","","","","","","","","","",""
"2022041149","0544","0","0","0","0","0","0","0","0","0","4","0","","67","5","2022","3","40.005998","-75.151969","0543","6","0","0","0","0","0","2","0","0","","0","0","0","5","1","1","N","0","0","40 00:21.591","","0","75 09:07.089","3","0","0","0","67301","0","0","0","N","0","0","0","4","67505","0","","1.0","","1","N","N","N","0","","1","0","2","0","0","","542","2","1","0","0","0","0","0","2","0","2","0","0","0","3","","","N","","","","","","","","","",""
"2022043865","0132","1","0","0","0","0","0","0","0","0","5","0","","67","5","2022","3","39.947672","-75.17035","0130","6","0","0","0","0","0","0","0","0","","0","0","0","1","3","0","N","0","0","39 56:51.620","","0","75 10:13.260","0","0","0","0","67301","0","0","0","N","0","0","0","1","67301","0","","6.0","","1","N","N","N","0","","0","0","2","0","0","","129","3","0","0","0","0","0","0","2","0","3","0","0","0","3","03","","N","","","","","","","","","",""
"2022064021","2110","0","0","0","0","0","0","0","0","0","98","0","","67","7","2022","1","39.87666","-75.261136","2110","6","0","0","0","0","0","0","0","0","","0","0","0","21","3","1","N","0","0","39 52:35.975","","0","75 15:40.090","3","0","0","1","67301","0","0","0","N","0","0","0","1","67301","0","","1.0","","1","N","N","N","0","","1","0","0","0","0","","2100","1","1","0","0","0","0","0","2","0","1","0","0","0","3","03","","N","","","","","","","","","",""
"2022055568","2020","0","0","0","0","0","0","0","0","0","7","1","","67","6","2022","2","39.959056","-75.157528","1945","6","0","0","0","0","0","1","0","0","","0","1","0","19","1","0","N","0","2","39 57:32.600","4","1","75 09:27.100","0","0","0","0","67301","0","0","0","N","0","0","0","1","67301","0","","1.0","0.0","1","N","N","N","0","","0","0","0","3","8","Y","1924","1","0","0","0","0","0","0","2","0","1","0","0","0","3","03","","N","","","","","","","","","",""
"2022049747","1036","1","0","0","0","0","0","0","0","0","5","0","","67","5","2022","6","40.033942","-75.04631","1033","6","0","0","0","0","0","0","0","0","","0","0","0","10","1","0","N","0","0","40 02:02.190","","0","75 02:46.716","0","0","0","0","67301","0","0","0","N","0","0","0","1","67301","0","","6.0","","1","N","N","N","0","","0","0","1","0","0","","1024","2","0","0","0","0","0","0","2","0","2","0","0","0","4","","","N","","","","","","","","","",""
"2022058306","1919","2","0","0","0","0","0","0","0","0","0","0","","67","5","2022","4","40.023108","-75.034655","1915","6","0","0","1","1","0","0","0","0","","0","0","0","19","1","0","N","0","0","40 01:23.187","","3","75 02:04.758","0","0","0","0","67301","0","0","0","N","0","0","0","5","68K01","0","","1.0","","1","N","N","N","3","","0","0","0","0","0","","1914","5","0","0","0","0","0","0","2","0","5","0","0","0","3","03","","N","","","","","","","","","",""
"2022046394","","0","0","0","0","0","0","0","0","0","1","0","","67","3","2022","1","","","","6","0","0","0","0","0","2","0","0","","0","0","0","14","1","1","N","0","0","","","0","","8","0","0","0","67301","0","0","0","N","0","0","0","2","00000","0","","1.0","","1","","","N","0","","0","0","1","0","0","","1400","2","1","0","0","0","1","0","1","1","2","0","0","0","3","","","N","","","","","","","","","",""
"2022049061","0730","1","0","0","0","0","0","0","0","0","4","0","","67","5","2022","3","39.95478","-75.232064","0728","6","0","0","0","0","0","0","0","0","","0","0","0","7","5","2","","1","0","39 57:17.208","","0","75 13:55.430","3","0","0","0","67301","0","0","0","N","0","0","0","3","67301","0","","1.0","","1","N","N","N","0","","2","0","1","3","3","","708","2","2","0","0","0","0","0","2","0","2","0","0","0","4","04","","N","","","","","","","","","",""
"2022063041","2210","0","0","0","0","0","0","0","0","0","7","1","","67","7","2022","5","40.024099","-75.075587","2116","6","0","0","0","0","0","0","0","0","","0","1","0","21","3","0","","2","2","40 01:26.757","3","0","75 04:32.112","0","0","0","0","67301","0","0","0","N","0","0","0","1","67301","0","","5.0","5.0","1","N","N","N","0","","0","0","0","0","0","Y","2104","1","0","0","0","0","0","0","2","0","1","0","0","0","3","03","","N","","","","","","","","","",""
"2022053378","","1","0","0","0","0","0","0","0","0","4","0","","67","3","2022","5","39.921658","-75.190201","","6","0","0","0","0","0","1","0","0","","0","0","0","18","1","1","","1","0","39 55:17.970","","2","75 11:24.724","8","0","0","0","67301","0","0","0","N","0","0","0","2","00000","0","","1.0","","1","","","N","0","","0","0","0","3","2","","1845","2","1","0","0","0","1","0","2","0","2","0","0","0","3","","","N","","","","","","","","","",""
"2022053184","1235","2","0","0","0","0","0","0","0","0","4","0","","67","5","2022","6","40.011294","-75.106103","1230","6","0","0","0","0","0","0","0","0","","0","0","0","12","1","4","","1","0","40 00:40.660","","0","75 06:21.970","3","0","0","0","67301","0","0","0","N","0","0","0","5","67301","2","","1.0","","1","N","N","N","0","","2","0","1","3","2","","1200","3","4","0","0","0","0","0","2","0","3","0","0","0","4","04","","N","","","","","","","","","",""
"2022062287","2305","1","0","0","0","0","0","0","0","0","4","0","","67","5","2022","7","39.953636","-75.198619","2303","6","0","0","0","1","0","1","0","0","","0","0","0","23","3","2","","1","0","39 57:13.089","","0","75 11:55.030","3","0","0","0","67301","0","0","0","N","0","0","0","3","67504","0","","1.0","","1","N","N","N","0","","2","0","0","3","2","","2300","2","2","0","0","0","0","0","2","1","2","0","0","0","3","03","","N","","","","","","","","","",""
"2022049676","1743","0","0","0","0","0","0","0","0","0","8","0","","67","5","2022","3","39.998509","-75.129281","1733","6","0","0","0","0","0","0","0","0","","0","0","0","17","2","1","","1","0","39 59:54.633","","0","75 07:45.412","3","0","0","0","67301","1","0","0","N","1","0","0","2","67301","0","","1.0","","1","N","N","N","1","","1","0","0","3","2","","1705","2","1","0","0","0","0","0","2","0","1","1","0","0","3","03","","N","","","","","","","","","",""
"2022063054","0320","2","0","0","0","0","0","0","0","0","1","0","","67","3","2022","6","39.987194","-75.244306","0312","6","0","0","0","0","0","0","0","0","","0","0","0","2","3","0","N","0","1","39 59:13.900","3","0","75 14:39.500","0","0","0","0","67301","0","0","0","N","0","0","0","1","67301","0","","6.0","400.0","1","N","N","N","0","","0","0","1","0","0","Y","230","3","0","0","0","0","0","0","2","0","3","0","0","0","3","","","N","","","","","","","","","",""