"CRN","ARRIVAL_TM","AUTOMOBILE_COUNT","BELTED_DEATH_COUNT","BELTED_SUSP_SERIOUS_INJ_COUNT","BICYCLE_COUNT","BICYCLE_DEATH_COUNT","BICYCLE_SUSP_SERIOUS_INJ_COUNT","BUS_COUNT","CHLDPAS_DEATH_COUNT","CHLDPAS_SUSP_SERIOUS_INJ_COUNT","COLLISION_TYPE","COMM_VEH_COUNT","CONS_ZONE_SPD_LIM","COUNTY","CRASH_MONTH","CRASH_YEAR","DAY_OF_WEEK","DEC_LATITUDE","DEC_LONGITUDE","DISPATCH_TM","DISTRICT","DRIVER_COUNT_16YR","DRIVER_COUNT_17YR","DRIVER_COUNT_18YR","DRIVER_COUNT_19YR","DRIVER_COUNT_20YR","DRIVER_COUNT_50_64YR","DRIVER_COUNT_65_74YR","DRIVER_COUNT_75PLUS","EST_HRS_CLOSED","FATAL_COUNT","HEAVY_TRUCK_COUNT","HORSE_BUGGY_COUNT","HOUR_OF_DAY","ILLUMINATION","INJURY_COUNT","INTERSECTION_RELATED","INTERSECT_TYPE","LANE_CLOSED","LATITUDE","LN_CLOSE_DIR","LOCATION_TYPE","LONGITUDE","MAX_SEVERITY_LEVEL","MCYCLE_DEATH_COUNT","MCYCLE_SUSP_SERIOUS_INJ_COUNT","MOTORCYCLE_COUNT","MUNICIPALITY","NONMOTR_COUNT","NONMOTR_DEATH_COUNT","NONMOTR_SUSP_SERIOUS_INJ_COUNT","NTFY_HIWY_MAINT","PED_COUNT","PED_DEATH_COUNT","PED_SUSP_SERIOUS_INJ_COUNT","PERSON_COUNT","POLICE_AGCY","POSSIBLE_INJ_COUNT","RDWY_SURF_TYPE_CD","RELATION_TO_ROAD","ROADWAY_CLEARED","ROAD_CONDITION","SCH_BUS_IND","SCH_ZONE_IND","SECONDARY_CRASH","SMALL_TRUCK_COUNT","SPEC_JURIS_CD","SUSP_MINOR_INJ_COUNT","SUSP_SERIOUS_INJ_COUNT","SUV_COUNT","TCD_FUNC_CD","TCD_TYPE","TFC_DETOUR_IND","TIME_OF_DAY","TOTAL_UNITS","TOT_INJ_COUNT","UNBELTED_OCC_COUNT","UNB_DEATH_COUNT","UNB_SUSP_SERIOUS_INJ_COUNT","UNK_INJ_DEG_COUNT","UNK_INJ_PER_COUNT","URBAN_RURAL","VAN_COUNT","VEHICLE_COUNT","VULNERABLE_ROAD_USER_COUNT","VULNERABLE_ROAD_USER_DEATH_COUNT","VULNERABLE_ROAD_USER_SER_INJ_COUNT","WEATHER1","WEATHER2","WORKERS_PRES","WORK_ZONE_IND","WORK_ZONE_LOC","WORK_ZONE_TYPE","WZ_CLOSE_DETOUR","WZ_FLAGGER","WZ_LAW_OFFCR_IND","WZ_LN_CLOSURE","WZ_MOVING","WZ_OTHER","WZ_SHLDER_MDN","WZ_WORKERS_INJ_KILLED"
"2022049221","0845","1","0","0","0","0","0","0","0","0","7","0","","67","5","2022","5","39.911148","-75.23051","0837","6","0","0","0","0","0","0","0","0","","0","0","0","5","5","1","","1","1","39 54:40.132","2","0","75 13:49.836","3","0","0","0","67301","0","0","0","N","0","0","0","1","67301","0","","3.0","100.0","1","N","N","N","0","","1","0","0","3","3","N","555","1","1","0","0","0","0","0","2","0","1","0","0","0","3","03","","N","","","","","","","","","",""
"2022066276","0032","0","0","0","0","0","0","0","0","1","7","0","","67","4","2022","7","39.988503","-75.088318","0024","6","0","0","0","0","0","0","0","0","","0","0","0","0","3","4","N","0","1","39 59:18.610","1","0","75 05:17.945","2","0","0","0","67301","0","0","0","N","0","0","0","4","68K01","0","","4.0","112.0","1","N","N","N","0","","2","2","1","0","0","N","22","1","4","3","0","2","0","0","2","0","1","0","0","0","3","","","N","","","","","","","","","",""
"2022050576","1859","1","0","0","0","0","0","0","0","0","8","0","","67","5","2022","1","40.042597","-75.156878","1858","6","0","0","0","0","0","0","0","0","","0","0","0","18","1","1","N","0","0","40 02:33.350","","0","75 09:24.760","3","0","0","0","67301","1","0","0","N","1","0","0","2","67301","0","","1.0","","1","N","N","N","0","","1","0","0","0","0","","1857","2","1","1","0","0","0","0","2","0","1","1","0","0","3","03","","N","","","","","","","","","",""
"2022050546","2304","1","0","0","0","0","0","0","0","0","5","0","","67","5","2022","6","40.051809","-75.050778","2257","6","0","0","0","0","0","0","1","0","","0","0","0","22","3","0","N","0","0","40 03:06.514","","0","75 03:02.801","0","0","0","0","67301","0","0","0","N","0","0","0","3","67301","0","","1.0","","9","N","N","N","0","","0","0","1","0","0","","2244","2","0","0","0","0","0","0","2","0","2","0","0","0","7","07","","N","","","","","","","","","",""
"2022050728","0745","1","0","0","0","0","0","0","0","0","4","0","","67","5","2022","7","40.033296","-75.037693","0744","6","0","0","0","0","0","0","0","0","","0","0","0","7","1","2","","1","0","40 01:59.865","","0","75 02:15.694","4","0","0","0","67301","0","0","0","N","0","0","0","2","67301","2","","1.0","","9","N","N","N","0","","0","0","1","3","2","","740","2","2","0","0","0","0","0","2","0","2","0","0","0","4","","","N","","","","","","","","","",""
"2022063023","1236","0","0","0","0","0","0","0","0","0","4","0","","67","7","2022","4","39.930783","-75.161264","1234","6","0","0","0","0","0","1","0","0","","0","0","0","11","1","1","","1","0","39 55:50.818","","0","75 09:40.550","3","0","0","0","67301","0","0","0","N","0","0","0","4","67301","0","","1.0","","1","N","N","N","0","","1","0","1","3","3","","1145","2","1","0","0","0","0","0","2","1","2","0","0","0","3","03","","N","","","","","","","","","",""
"2022064533","1452","1","0","0","0","0","0","0","0","0","5","0","","67","3","2022","3","39.967543","-75.131484","1441","6","0","0","0","0","0","0","0","0","","0","0","0","14","1","0","N","0","0","39 58:03.154","","0","75 07:53.342","9","0","0","0","67301","0","0","0","N","0","0","0","2","68K03","0","","1.0","","1","N","N","N","0","","0","0","1","0","0","","1439","2","0","0","0","0","0","1","2","0","2","0","0","0","3","","","N","","","","","","","","","",""
"2022033231","","1","0","0","0","0","0","0","0","0","7","0","","67","3","2022","1","39.993148","-75.085404","","6","0","0","0","0","0","0","0","0","","0","0","0","19","1","0","N","0","0","39 59:35.334","","2","75 05:07.453","0","0","0","0","67301","0","0","0","N","0","0","0","1","00000","0","","4.0","","1","","","N","0","","0","0","0","0","0","","1945","1","0","0","0","0","0","0","2","0","1","0","0","0","3","","","N","","","","","","","","","",""
"2022065945","1023","1","0","0","0","0","0","0","0","0","1","0","","67","7","2022","3","39.983685","-75.097574","1004","6","0","0","0","1","0","1","0","0","","0","0","0","10","1","4","N","0","0","39 59:01.267","","0","75 05:51.265","4","0","0","0","67301","0","0","0","N","0","0","0","6","68K01","4","","1.0","","1","N","N","N","0","","0","0","2","0","0","","1002","3","4","0","0","0","0","0","2","0","3","0","0","0","3","03","","N","","","","","","","","","",""
"2022062937","2226","1","0","0","1","0","0","0","0","0","8","0","","67","5","2022","4","39.950291","-75.19941","2224","6","0","0","0","0","0","0","0","0","","0","0","0","22","3","1","N","0","1","39 57:01.047","1","0","75 11:57.876","3","0","0","0","67301","1","0","0","N","0","0","0","2","67504","0","","1.0","2250.0","1","N","N","N","0","","1","0","0","3","2","N","2222","2","1","0","0","0","0","0","2","0","1","1","0","0","3","","","N","","","","","","","","","",""
"2022063051","0130","1","0","0","0","0","0","0","0","0","7","0","","67","3","2022","7","39.987993","-75.237486","0129","6","0","0","0","0","0","0","0","0","","0","0","0","1","3","0","","1","0","39 59:16.774","","0","75 14:14.949","9","0","0","0","67301","0","0","0","N","0","0","0","1","67301","0","","4.0","","1","N","N","N","0","","0","0","0","3","2","","125","1","0","0","0","0","0","1","2","0","1","0","0","0","3","03","","N","","","","","","","","","",""
"2022049898","1620","0","0","0","0","0","0","0","0","0","7","0","","67","5","2022","7","40.015828","-75.141244","1620","6","0","0","0","0","0","0","0","0","","0","0","0","16","1","0","N","0","2","40 00:56.980","4","0","75 08:28.480","0","0","0","1","67301","0","0","0","N","0","0","0","1","67301","0","","4.0","1800.0","1","N","N","N","0","","0","0","0","0","0","Y","1615","1","0","0","0","0","0","0","2","0","1","0","0","0","3","03","","N","","","","","","","","","",""
"2022062303","1717","2","0","0","0","0","0","0","0","0","5","0","","67","5","2022","3","40.042249","-75.003612","1708","6","0","0","0","0","0","0","0","0","","0","0","0","17","1","0","N","0","0","40 02:32.096","","0","75 00:13.004","9","0","0","0","67301","0","0","0","N","0","0","0","4","68K01","0","","1.0","","1","N","N","N","0","","0","0","0","0","0","","1706","2","0","0","0","0","0","1","2","0","2","0","0","0","3","03","","N","","","","","","","","","",""
"2022063598","1335","2","0","0","0","0","0","0","0","0","5","0","","67","6","2022","6","39.999917","-75.07989","1327","6","0","0","0","0","0","3","0","0","","0","0","0","13","1","2","N","0","1","39 59:59.701","1","3","75 04:47.603","3","0","0","0","67301","0","0","0","N","0","0","0","10","68K01","0","","1.0","1430.0","1","N","N","N","0","","1","0","3","0","0","Y","1324","7","2","1","0","0","1","0","2","2","7","0","0","0","3","","","N","","","","","","","","","",""
"2022063061","0119","1","0","0","0","0","0","0","0","0","1","0","","67","5","2022","1","39.974044","-75.220106","0119","6","0","0","0","0","0","0","0","0","","0","0","0","1","3","0","N","0","0","39 58:26.559","","0","75 13:12.382","0","0","0","0","67301","0","0","0","N","0","0","0","3","67301","0","","1.0","","1","N","N","N","0","","0","0","1","0","0","","118","2","0","3","0","0","0","0","2","0","2","0","0","0","3","03","","N","","","","","","","","","",""
"2022063049","0048","0","0","0","0","0","0","0","0","0","4","0","","67","2","2022","5","39.989749","-75.250783","0047","6","0","0","1","0","0","0","0","0","","0","0","0","0","3","0","","2","0","39 59:23.096","","0","75 15:02.818","0","0","0","0","67301","0","0","0","N","0","0","0","2","67301","0","","1.0","","1","N","N","N","0","","0","0","2","3","2","","40","2","0","0","0","0","0","0","2","0","2","0","0","0","3","03","","N","","","","","","","","","",""
"2022052102","1635","2","0","0","0","0","0","0","0","0","4","0","","67","6","2022","7","39.998695","-75.190733","1621","6","0","0","0","0","1","0","0","1","","0","0","0","16","1","2","N","0","0","39 59:55.303","","0","75 11:26.638","3","0","0","0","67301","0","0","0","N","0","0","0","3","67301","0","","1.0","","1","N","N","N","0","","2","0","0","0","0","","1607","2","2","0","0","0","0","0","2","0","2","0","0","0","3","03","","N","","","","","","","","","",""
"2022052525","0132","1","0","0","0","0","0","0","0","0","7","0","","67","6","2022","2","39.955859","-75.191456","0130","6","0","0","0","0","0","0","0","0","","0","0","0","1","3","1","","1","0","39 57:21.092","","0","75 11:29.243","3","0","0","0","67301","0","0","0","N","0","0","0","1","67507","0","","5.0","","1","N","N","N","0","","1","0","0","3","2","","129","1","1","0","0","0","0","0","2","0","1","0","0","0","3","","","N","","","","","","","","","",""
"2022064363","1001","0","0","0","0","0","0","0","0","0","8","2","15","67","6","2022","5","40.005907","-75.074989","0955","6","0","0","0","0","0","0","0","0","","0","2","0","9","1","1","N","0","0","40 00:21.265","","0","75 04:29.962","8","0","0","0","67301","1","0","0","N","1","0","0","2","68K01","0","","1.0","","1","N","N","N","0","","0","0","0","0","0","","943","3","1","0","0","0","1","0","2","0","2","1","0","0","3","","Y","Y","4","1","","","N","","","","Y","N"
"2022049424","2343","1","0","0","0","0","0","0","0","0","1","0","","67","5","2022","5","40.064954","-75.168371","2338","6","0","0","0","0","0","0","0","0","","0","0","0","23","3","1","Y","0","0","40 03:53.833","","0","75 10:06.136","4","0","0","0","67301","0","0","0","N","0","0","0","4","67301","1","","1.0","","9","N","N","N","0","","0","0","1","0","0","","2310","2","1","1","0","0","0","0","2","0","2","0","0","0","7","","","N","","","","","","","","","",""
"2022058180","0100","0","0","0","0","0","0","1","0","0","5","1","","67","6","2022","4","40.063639","-75.083306","1240","6","0","0","0","0","0","0","0","0","","0","0","0","23","6","1","N","0","0","40 03:49.100","","0","75 04:59.900","8","0","0","0","67301","0","0","0","N","0","0","0","3","67508","0","","1.0","","1","N","N","N","0","","0","0","0","0","0","","2314","2","1","0","0","0","1","1","2","0","2","0","0","0","99","","","N","","","","","","","","","",""
"2022065775","2120","1","0","0","0","0","0","0","0","0","4","0","","67","6","2022","6","39.945123","-75.242315","2100","6","0","0","0","0","0","0","0","0","","0","0","0","15","1","1","N","0","0","39 56:42.441","","0","75 14:32.335","3","0","0","0","67301","0","0","0","N","0","0","0","1","67301","0","","1.0","","1","N","N","N","0","","1","0","0","3","3","","1500","2","1","0","0","0","0","0","2","0","2","0","0","0","3","03","","N","","","","","","","","","",""
"2022064366","1341","2","0","0","0","0","0","0","0","0","1","0","","67","7","2022","6","39.970638","-75.125052","1321","6","0","0","0","0","1","0","0","0","","0","0","0","13","1","1","N","0","1","39 58:14.298","2","0","75 07:30.187","3","0","0","0","67301","0","0","0","N","0","0","0","2","68K01","0","","1.0","1350.0","1","N","N","N","0","","1","0","0","0","0","N","1316","2","1","0","0","0","0","0","2","0","2","0","0","0","3","","","N","","","","","","","","","",""
"2022050740","1705","0","0","0","1","0","0","0","0","0","8","0","","67","5","2022","7","39.945901","-75.183689","1704","6","0","0","0","0","0","0","0","0","","0","0","0","16","1","1","","1","0","39 56:45.243","","0","75 11:01.280","3","0","0","0","67301","1","0","0","N","0","0","0","2","67301","0","","1.0","","1","N","N","N","0","","1","0","1","0","0","","1658","2","1","0","0","0","0","0","2","0","1","1","0","0","3","04","","N","","","","","","","","","",""
"2022050528","0227","0","0","0","0","0","0","0","0","0","8","0","","67","5","2022","1","39.951932","-75.143299","0224","6","0","0","0","0","0","0","0","0","","0","0","0","2","3","1","","1","1","39 57:06.954","4","0","75 08:35.878","2","0","0","0","67301","1","0","1","N","0","0","0","2","67301","0","","1.0","330.0","1","N","N","N","0","","0","1","0","3","2","Y","223","2","1","0","0","0","0","0","2","0","1","1","0","1","3","03","","N","","","","","","","","","",""
"2022063047","1222","1","0","0","0","0","0","0","0","0","1","0","","67","1","2022","3","39.978141","-75.267019","1218","6","0","0","0","0","0","1","0","0","","0","0","0","12","1","2","","1","0","39 58:41.307","","0","75 16:01.268","3","0","0","0","67301","0","0","0","N","0","0","0","3","67301","0","","1.0","","1","N","N","Y","0","","2","0","1","3","2","","1213","3","2","0","0","0","0","0","2","1","3","0","0","0","3","03","","N","","","","","","","","","",""
"2022062835","1610","1","0","0","0","0","0","1","0","0","1","1","","67","6","2022","4","39.954573","-75.200104","1605","6","0","0","0","0","0","1","0","0","","0","0","0","16","1","1","","1","1","39 57:16.462","5","0","75 12:00.374","4","0","0","0","67301","0","0","0","N","0","0","0","3","67508","1","","1.0","9999.0","1","N","N","N","0","","0","0","1","0","0","Y","1600","3","1","0","0","0","0","1","2","0","3","0","0","0","3","03","","N","","","","","","","","","",""
"2022051166","2059","1","0","0","0","0","0","0","0","0","5","0","","67","5","2022","4","39.98131","-75.102829","2046","6","0","0","0","0","0","0","0","0","","0","0","0","20","3","0","N","0","0","39 58:52.715","","0","75 06:10.185","0","0","0","0","67301","0","0","0","N","0","0","0","2","68K01","0","","1.0","","1","N","N","N","1","","0","0","0","0","0","","2028","2","0","0","0","0","0","0","2","0","2","0","0","0","3","","","N","","","","","","","","","",""
"2022063137","0614","0","0","0","0","0","0","0","0","0","7","0","","67","6","2022","1","39.886162","-75.242884","0601","6","0","0","0","0","0","0","0","0","","0","0","0","5","1","0","N","0","1","39 53:10.183","1","0","75 14:34.381","0","0","0","0","67301","0","0","0","Y","0","0","0","3","68K01","0","","5.0","725.0","9","N","N","N","0","","0","0","1","0","0","N","559","1","0","0","0","0","0","0","2","0","1","0","0","0","7","04","","N","","","","","","","","","",""
"2022063133","0310","2","0","0","0","0","0","0","0","0","5","0","","67","6","2022","2","39.932151","-75.200075","0256","6","0","0","0","0","1","0","0","0","","0","0","0","2","3","1","N","0","0","39 55:55.744","","0","75 12:00.271","8","0","0","0","67301","0","0","0","N","0","0","0","2","68K01","0","","1.0","","1","N","N","N","0","","0","0","0","0","0","","256","2","1","0","0","0","1","0","2","0","2","0","0","0","3","","","N","","","","","","","","","",""
"2022049250","0942","2","0","0","0","0","0","0","0","0","1","0","","67","5","2022","5","40.067373","-75.179102","0939","6","0","0","0","1","0","1","0","0","","0","0","0","9","1","1","N","0","0","40 04:02.541","","0","75 10:44.767","3","0","0","0","67301","0","0","0","N","0","0","0","2","67301","0","","1.0","","1","N","N","N","0","","1","0","1","0","0","","931","3","1","0","0","0","0","0","2","0","3","0","0","0","3","03","","N","","","","","","","","","",""
"2022050532","2321","1","0","0","0","0","0","0","0","0","4","0","","67","5","2022","1","40.111551","-75.023988","2319","6","0","0","0","0","0","0","0","0","","0","0","0","23","3","0","N","0","0","40 06:41.583","","7","75 01:26.356","9","0","0","0","67301","0","0","0","N","0","0","0","2","67301","0","","1.0","","1","N","N","N","0","","0","0","1","0","0","","2300","2","0","0","0","0","0","2","2","0","2","0","0","0","3","","","N","","","","","","","","","",""
"2022049672","0240","1","0","0","0","0","0","0","0","0","4","0","","67","5","2022","5","39.957054","-75.235742","0237","6","0","0","0","0","0","0","0","0","","0","0","0","2","3","0","","1","0","39 57:25.394","","0","75 14:08.671","9","0","0","0","67301","0","0","0","N","0","0","0","3","67301","0","","1.0","","1","N","N","N","0","","0","0","0","3","3","","224","2","0","0","0","0","0","2","2","0","2","0","0","0","3","03","","N","","","","","","","","","",""
"2022063994","0318","1","0","0","0","0","0","0","0","0","7","0","","67","7","2022","7","39.983417","-75.208063","0317","6","0","0","0","0","0","0","0","0","","0","0","0","3","3","1","N","0","1","39 59:00.301","4","0","75 12:29.027","3","0","0","0","67301","0","0","0","N","0","0","0","1","68K01","0","","4.0","400.0","9","N","N","N","0","","1","0","0","0","0","N","314","1","1","0","0","0","0","0","2","0","1","0","0","0","7","07","","N","","","","","","","","","",""
"2022061057","1737","1","0","0","0","0","0","0","0","0","1","0","","67","6","2022","1","40.027214","-75.114526","1725","6","0","0","0","0","0","2","0","0","","0","0","0","18","1","1","","1","0","40 01:37.970","","0","75 06:52.293","8","0","0","0","67301","0","0","0","N","0","0","0","2","67301","0","","1.0","","99","N","N","N","0","","0","0","1","3","3","","1830","2","1","0","0","0","1","1","2","0","2","0","0","0","99","03","","N","","","","","","","","","",""
"2022063055","0915","2","0","0","0","0","0","0","0","0","4","0","","67","3","2022","4","39.985457","-75.248163","0915","6","0","0","0","0","0","0","0","0","","0","0","0","9","1","0","","1","0","39 59:07.645","","0","75 14:53.387","0","0","0","0","67301","0","0","0","N","0","0","0","2","67301","0","","1.0","","1","N","Y","N","0","","0","0","0","3","2","","900","2","0","1","0","0","0","0","2","0","2","0","0","0","3","03","","N","","","","","","","","","",""
"2022050574","0901","2","0","0","0","0","0","0","0","0","1","0","","67","5","2022","6","40.0367","-75.149253","0900","6","0","0","0","0","0","0","0","0","","0","0","0","8","1","1","N","0","0","40 02:12.120","","0","75 08:57.310","3","0","0","0","67301","0","0","0","N","0","0","0","2","67301","0","","6.0","","1","N","Y","N","0","","1","0","1","0","0","","841","3","1","0","0","0","0","0","2","0","3","0","0","0","4","04","","N","","","","","","","","","",""
"2022065460","2000","0","0","0","0","0","0","0","0","0","7","0","","67","7","2022","7","39.913697","-75.148138","1957","6","0","0","0","0","0","1","0","0","","0","0","0","19","1","1","N","0","1","39 54:49.309","1","7","75 08:53.295","3","0","0","1","67301","0","0","0","N","0","0","0","1","67301","0","","5.0","2100.0","1","N","N","N","0","","1","0","0","0","0","N","1957","1","1","0","0","0","0","0","2","0","1","0","0","0","3","04","","N","","","","","","","","","",""
"2022063022","0515","0","0","0","0","0","0","0","0","0","5","1","","67","7","2022","6","40.054599","-75.054081","0510","6","0","0","0","0","0","0","0","0","","0","1","0","4","5","0","N","0","0","40 03:16.555","","0","75 03:14.690","0","0","0","0","67301","0","0","0","N","0","0","0","1","67301","0","","6.0","","1","N","N","N","0","","0","0","2","0","0","","455","3","0","0","0","0","0","0","2","0","3","0","0","0","3","03","","N","","","","","","","","","",""
"2022049779","1801","1","0","0","0","0","0","0","0","0","5","0","","67","5","2022","6","39.911428","-75.230706","1755","6","0","0","0","0","1","1","0","0","","0","0","0","17","1","1","N","0","0","39 54:41.140","","0","75 13:50.540","2","0","0","0","67301","0","0","0","N","0","0","0","3","67301","0","","1.0","","9","N","N","N","0","","0","1","0","0","0","","1745","2","1","2","0","1","0","0","2","1","2","0","0","0","3","03","","N","","","","","","","","","",""
"2022063070","0340","1","0","0","0","0","0","0","0","0","5","0","","67","5","2022","2","39.972972","-75.227556","0330","6","0","0","1","0","0","0","0","0","","0","0","0","3","3","0","N","0","0","39 58:22.700","","99","75 13:39.200","0","0","0","0","67301","0","0","0","N","0","0","0","1","67301","0","","6.0","","1","N","N","N","0","","0","0","1","0","0","","321","2","0","1","0","0","0","0","2","0","2","0","0","0","3","","","N","","","","","","","","","",""
"2022063364","1914","2","0","0","0","0","0","0","0","0","1","0","","67","5","2022","6","39.937638","-75.198406","1909","6","0","0","0","0","0","2","0","0","","0","0","0","19","1","2","N","0","1","39 56:15.498","4","0","75 11:54.261","3","0","0","0","67301","0","0","0","N","0","0","0","4","68K01","1","","1.0","2002.0","1","N","N","N","0","","1","0","2","0","0","N","1905","4","2","0","0","0","0","0","2","0","4","0","0","0","3","","","N","","","","","","","","","",""
"2022063030","1530","2","0","1","0","0","0","0","0","0","4","0","","67","5","2022","3","39.904045","-75.240114","1524","6","0","0","0","0","0","1","0","0","","0","0","0","13","1","1","","1","0","39 54:14.563","","0","75 14:24.409","2","0","0","0","67301","0","0","0","N","0","0","0","3","67301","0","","1.0","","1","N","N","N","0","","0","1","0","3","2","","1348","2","1","0","0","0","0","0","2","0","2","0","0","0","3","03","","N","","","","","","","","","",""
"2022063065","0208","2","0","0","0","0","0","0","0","0","1","0","","67","5","2022","2","39.965683","-75.224703","0206","6","0","0","0","0","0","0","1","0","","0","0","0","1","3","1","N","0","2","39 57:56.460","2","0","75 13:28.932","3","0","0","0","67301","0","0","0","N","0","0","0","1","67301","0","","6.0","300.0","1","N","N","N","0","","1","0","0","0","0","N","159","2","1","0","0","0","0","0","2","0","2","0","0","0","3","","","N","","","","","","","","","",""
"2022064805","1423","1","0","0","0","0","0","0","0","0","8","0","","67","7","2022","4","39.964998","-75.205305","1403","6","0","0","0","0","0","0","0","0","","0","0","0","14","1","1","N","0","2","39 57:53.991","1","0","75 12:19.099","3","0","0","0","67301","1","0","0","N","1","0","0","4","67301","0","","1.0","1541.0","1","N","N","N","0","","1","0","1","3","2","Y","1403","3","1","1","0","0","0","1","2","0","2","1","0","0","3","03","","N","","","","","","","","","",""
"2022063372","0819","1","0","0","0","0","0","0","0","0","4","0","","67","6","2022","3","39.928271","-75.146293","0810","6","0","0","0","0","0","1","0","0","","0","0","0","8","1","1","N","0","0","39 55:41.774","","0","75 08:46.655","3","0","0","0","67301","0","0","0","N","0","0","0","2","68K01","0","","1.0","","1","N","N","N","2","","1","0","0","0","0","","808","3","1","0","0","0","0","0","2","0","3","0","0","0","3","03","","N","","","","","","","","","",""
"2022062289","0937","0","0","0","0","0","0","0","0","0","8","0","","67","5","2022","4","39.947782","-75.193854","0935","6","0","0","0","0","0","0","0","0","","0","0","0","9","1","1","","2","2","39 56:52.016","3","0","75 11:37.876","3","0","0","0","67301","1","0","0","N","1","0","0","2","67504","0","","1.0","1019.0","1","N","N","N","1","","1","0","0","3","2","Y","935","2","1","0","0","0","0","0","2","0","1","1","0","0","3","03","","N","","","","","","","","","",""
"2022049171","1245","1","0","0","1","0","0","0","0","0","8","0","","67","5","2022","4","39.952564","-75.156507","1205","6","0","0","0","0","0","0","0","0","","0","0","0","12","1","1","","1","0","39 57:09.230","","0","75 09:23.425","3","0","0","0","67301","1","0","0","N","0","0","0","2","67301","0","","1.0","","1","N","N","N","0","","1","0","0","3","2","","1200","2","1","0","0","0","0","0","2","0","1","1","0","0","3","","","N","","","","","","","","","",""
"2022048869","1835","0","0","0","0","0","0","0","0","0","8","0","","67","5","2022","3","40.047268","-75.167742","1833","6","0","0","0","0","0","1","0","0","","0","0","0","18","1","1","","1","0","40 02:50.166","","0","75 10:03.872","3","0","0","0","67301","1","0","0","N","1","0","0","2","67301","0","","1.0","","1","N","N","N","1","","1","0","0","3","2","","1829","2","1","0","0","0","0","0","2","0","1","1","0","0","3","03","","N","","","","","","","","","",""
"2022049638","1738","1","0","0","0","0","0","0","0","0","4","0","","67","5","2022","4","39.944661","-75.165335","1732","6","0","0","0","0","0","0","0","0","","0","0","0","17","1","3","","1","1","39 56:40.780","2","0","75 09:55.207","4","0","0","0","67301","1","0","0","N","1","0","0","4","67301","1","","1.0","1830.0","1","N","N","N","0","","0","0","0","3","2","N","1728","3","3","0","0","0","2","0","2","1","2","1","0","0","3","","","N","","","","","","","","","",""
"2022049051","1625","1","0","0","0","0","0","0","0","0","4","0","","67","5","2022","3","40.060092","-75.054781","1619","6","0","0","0","0","1","0","1","0","","0","0","0","16","1","1","","1","0","40 03:36.331","","0","75 03:17.211","4","0","0","0","67301","0","0","0","N","0","0","0","2","67301","1","","1.0","","1","N","N","Y","0","","0","0","1","3","3","","1609","2","1","0","0","0","0","0","2","0","2","0","0","0","3","","","N","","","","","","","","","",""
"2022063935","0549","0","0","0","0","0","0","0","0","0","7","0","","67","6","2022","5","39.99483","-75.083642","0543","6","0","0","0","0","0","0","0","0","","0","0","0","5","5","0","N","0","0","39 59:41.388","","0","75 05:01.112","0","0","0","0","67301","0","0","0","N","0","0","0","1","68K01","0","","2.0","","9","N","N","N","0","","0","0","1","0","0","","532","1","0","0","0","0","0","0","2","0","1","0","0","0","7","07","","N","","","","","","","","","",""
"2022049748","1351","1","0","0","0","0","0","0","0","0","8","0","","67","5","2022","6","40.00627","-75.089967","1333","6","0","0","0","0","0","0","0","0","","0","0","0","11","1","1","","2","0","40 00:22.571","","0","75 05:23.882","3","0","0","0","67301","1","0","0","N","0","0","0","2","67301","0","","1.0","","1","N","N","N","0","","1","0","0","3","3","","1129","2","1","0","0","0","0","1","2","0","1","1","0","0","4","04","","N","","","","","","","","","",""
"2022068227","0927","1","0","0","0","0","0","0","0","0","1","0","","67","7","2022","1","40.009414","-75.066452","0910","6","0","0","0","0","0","1","0","0","","0","0","0","9","1","1","N","0","0","40 00:33.891","","0","75 03:59.226","8","0","0","0","67301","0","0","0","N","0","0","0","2","68K01","0","","1.0","","1","N","N","N","0","","0","0","1","0","0","","903","2","1","1","0","0","1","1","2","0","2","0","0","0","3","03","","N","","","","","","","","","",""
"2022056223","1109","3","0","0","0","0","0","0","0","0","5","0","","67","6","2022","1","40.005486","-75.137267","1059","6","0","0","0","0","1","0","0","0","","0","0","0","10","1","1","N","0","0","40 00:19.750","","0","75 08:14.160","3","0","0","0","67301","0","0","0","N","0","0","0","1","67301","0","","6.0","","1","N","N","N","1","","1","0","1","0","0","","1013","5","1","0","0","0","0","0","2","0","5","0","0","0","3","03","","N","","","","","","","","","",""
"2022031050","","0","0","0","0","0","0","0","0","0","1","0","","67","3","2022","3","","","","6","0","0","0","0","0","1","0","0","","0","0","0","17","1","1","N","0","0","","","0","","8","0","0","0","67301","0","0","0","N","0","0","0","3","00000","0","","1.0","","1","","","N","1","","0","0","2","0","0","","1715","3","1","0","0","0","1","0","1","0","3","0","0","0","3","","","N","","","","","","","","","",""
"2022068053","1519","1","0","0","0","0","0","0","0","0","1","0","","67","5","2022","1","40.004846","-75.195126","1519","6","0","0","0","0","0","0","0","0","","0","0","0","15","1","1","N","0","1","40 00:17.446","4","0","75 11:42.454","3","0","0","0","67301","0","0","0","N","0","0","0","3","68K01","0","","1.0","1557.0","1","N","N","N","0","","1","0","2","0","0","N","1518","3","1","0","0","0","0","0","2","0","3","0","0","0","3","","","N","","","","","","","","","",""
"2022068576","1559","1","0","0","0","0","0","0","0","0","8","0","","67","7","2022","2","40.030029","-75.035353","1522","6","0","0","0","0","0","0","0","0","","0","0","0","17","1","1","N","0","0","40 01:48.104","","7","75 02:07.270","4","0","0","0","67301","1","0","0","N","1","0","0","1","67301","1","","1.0","","1","N","N","N","0","","0","0","0","0","0","","1723","2","1","0","0","0","0","0","2","0","1","1","0","0","3","","","N","","","","","","","","","",""