"CRN","ARRIVAL_TM","AUTOMOBILE_COUNT","BELTED_DEATH_COUNT","BELTED_SUSP_SERIOUS_INJ_COUNT","BICYCLE_COUNT","BICYCLE_DEATH_COUNT","BICYCLE_SUSP_SERIOUS_INJ_COUNT","BUS_COUNT","CHLDPAS_DEATH_COUNT","CHLDPAS_SUSP_SERIOUS_INJ_COUNT","COLLISION_TYPE","COMM_VEH_COUNT","CONS_ZONE_SPD_LIM","COUNTY","CRASH_MONTH","CRASH_YEAR","DAY_OF_WEEK","DEC_LATITUDE","DEC_LONGITUDE","DISPATCH_TM","DISTRICT","DRIVER_COUNT_16YR","DRIVER_COUNT_17YR","DRIVER_COUNT_18YR","DRIVER_COUNT_19YR","DRIVER_COUNT_20YR","DRIVER_COUNT_50_64YR","DRIVER_COUNT_65_74YR","DRIVER_COUNT_75PLUS","EST_HRS_CLOSED","FATAL_COUNT","HEAVY_TRUCK_COUNT","HORSE_BUGGY_COUNT","HOUR_OF_DAY","ILLUMINATION","INJURY_COUNT","INTERSECTION_RELATED","INTERSECT_TYPE","LANE_CLOSED","LATITUDE","LN_CLOSE_DIR","LOCATION_TYPE","LONGITUDE","MAX_SEVERITY_LEVEL","MCYCLE_DEATH_COUNT","MCYCLE_SUSP_SERIOUS_INJ_COUNT","MOTORCYCLE_COUNT","MUNICIPALITY","NONMOTR_COUNT","NONMOTR_DEATH_COUNT","NONMOTR_SUSP_SERIOUS_INJ_COUNT","NTFY_HIWY_MAINT","PED_COUNT","PED_DEATH_COUNT","PED_SUSP_SERIOUS_INJ_COUNT","PERSON_COUNT","POLICE_AGCY","POSSIBLE_INJ_COUNT","RDWY_SURF_TYPE_CD","RELATION_TO_ROAD","ROADWAY_CLEARED","ROAD_CONDITION","SCH_BUS_IND","SCH_ZONE_IND","SECONDARY_CRASH","SMALL_TRUCK_COUNT","SPEC_JURIS_CD","SUSP_MINOR_INJ_COUNT","SUSP_SERIOUS_INJ_COUNT","SUV_COUNT","TCD_FUNC_CD","TCD_TYPE","TFC_DETOUR_IND","TIME_OF_DAY","TOTAL_UNITS","TOT_INJ_COUNT","UNBELTED_OCC_COUNT","UNB_DEATH_COUNT","UNB_SUSP_SERIOUS_INJ_COUNT","UNK_INJ_DEG_COUNT","UNK_INJ_PER_COUNT","URBAN_RURAL","VAN_COUNT","VEHICLE_COUNT","VULNERABLE_ROAD_USER_COUNT","VULNERABLE_ROAD_USER_DEATH_COUNT","VULNERABLE_ROAD_USER_SER_INJ_COUNT","WEATHER1","WEATHER2","WORKERS_PRES","WORK_ZONE_IND","WORK_ZONE_LOC","WORK_ZONE_TYPE","WZ_CLOSE_DETOUR","WZ_FLAGGER","WZ_LAW_OFFCR_IND","WZ_LN_CLOSURE","WZ_MOVING","WZ_OTHER","WZ_SHLDER_MDN","WZ_WORKERS_INJ_KILLED"
"2022052227","1009","0","0","0","0","0","0","0","0","0","5","0","","67","6","2022","1","40.066878","-75.17824","0959","6","0","0","0","0","0","0","0","0","","0","0","0","9","1","0","N","0","0","40 04:00.759","","0","75 10:41.663","9","0","0","0","67301","0","0","0","N","0","0","0","1","67301","0","","6.0","","1","N","N","N","0","","0","0","1","0","0","","940","2","0","0","0","0","0","1","2","1","2","0","0","0","3","","","N","","","","","","","","","",""
"2022064058","0335","1","0","0","0","0","0","0","0","0","5","0","","67","6","2022","1","39.998593","-75.098032","0335","6","0","0","0","0","0","0","0","0","","0","0","0","2","3","0","N","0","0","39 59:54.933","","0","75 05:52.916","9","0","0","0","67301","0","0","0","N","0","0","0","3","67301","0","","1.0","","1","N","N","N","0","","0","0","1","0","0","","200","2","0","0","0","0","0","2","2","0","2","0","0","0","3","03","","N","","","","","","","","","",""
"2022063938","0224","1","0","0","0","0","0","0","0","0","1","0","","67","6","2022","1","39.953905","-75.181492","0219","6","0","0","0","0","0","0","0","0","","0","0","0","2","3","0","N","0","0","39 57:14.058","","0","75 10:53.371","0","0","0","0","67301","0","0","0","N","0","0","0","2","68K01","0","","1.0","","1","N","N","N","0","","0","0","1","0","0","","219","2","0","0","0","0","0","0","2","0","2","0","0","0","3","","","N","","","","","","","","","",""
"2022050578","0326","2","0","0","0","0","0","0","0","0","6","0","","67","5","2022","3","40.024136","-75.147996","0324","6","0","0","0","0","0","0","0","0","","0","0","0","3","3","0","N","0","0","40 01:26.889","","0","75 08:52.787","9","0","0","0","67301","0","0","0","N","0","0","0","2","67301","0","","6.0","","1","N","N","Y","0","","0","0","0","3","2","","310","3","0","0","0","0","0","1","2","1","3","0","0","0","3","03","","N","","","","","","","","","",""
"2022068591","2135","0","0","0","1","0","0","0","0","0","8","0","","67","7","2022","3","39.959016","-75.217342","2128","6","0","0","0","0","0","0","0","0","","0","0","0","21","3","1","N","0","0","39 57:32.457","","0","75 13:02.431","3","0","0","0","67301","1","0","0","N","0","0","0","1","67301","0","","1.0","","1","N","N","N","0","","1","0","0","0","0","","2107","2","1","0","0","0","0","0","2","0","1","1","0","0","3","03","","N","","","","","","","","","",""
"2022055670","2305","1","0","0","0","0","0","0","0","0","8","0","","67","6","2022","1","39.981456","-75.127606","2300","6","0","0","0","0","0","0","0","0","","0","0","0","22","3","1","","13","0","39 58:53.240","","0","75 07:39.380","3","0","0","0","67301","1","0","0","N","0","0","0","2","67301","0","","1.0","","1","N","N","N","0","","1","0","0","3","4","","2215","2","1","0","0","0","0","0","2","0","1","1","0","0","3","03","","N","","","","","","","","","",""
"2022051465","0855","2","0","0","0","0","0","0","0","0","4","0","","67","6","2022","5","40.011956","-75.176015","0848","6","0","0","0","0","0","1","0","0","","0","0","0","8","1","1","","1","0","40 00:43.041","","0","75 10:33.654","3","0","0","0","67301","0","0","0","N","0","0","0","2","67301","0","","1.0","","1","N","N","N","0","","1","0","0","3","2","","815","2","1","0","0","0","0","0","2","0","2","0","0","0","3","03","","N","","","","","","","","","",""
"2022062116","0139","2","0","0","0","0","0","0","0","0","5","0","","67","6","2022","1","39.983482","-75.20823","0135","6","0","0","0","0","0","0","0","0","","0","0","0","1","3","4","N","0","2","39 59:00.536","3","0","75 12:29.628","3","0","0","0","67301","0","0","0","N","0","0","0","5","68K01","0","","1.0","30.0","1","N","N","N","0","","4","0","2","0","0","N","133","4","4","0","0","0","0","0","2","0","4","0","0","0","3","03","","N","","","","","","","","","",""
"2022068777","1600","2","0","0","0","0","0","0","0","0","1","0","","67","6","2022","5","39.971446","-75.159371","1600","6","0","0","0","0","0","0","0","0","","0","0","0","12","1","1","","1","0","39 58:17.205","","0","75 09:33.736","4","0","0","0","67301","0","0","0","N","0","0","0","3","67301","1","","1.0","","1","N","N","N","0","","0","0","1","3","2","","1200","3","1","0","0","0","0","1","2","0","3","0","0","0","3","03","","N","","","","","","","","","",""
"2022068762","0730","1","0","0","0","0","0","0","0","0","7","0","","67","5","2022","2","39.889958","-75.230599","0707","6","0","0","0","0","0","0","0","0","","0","0","0","5","1","2","","3","9","39 53:23.848","","0","75 13:50.157","8","0","0","0","67301","0","0","0","N","0","0","0","2","67301","0","","9.0","","1","N","N","N","0","","0","0","0","0","0","","522","1","2","0","0","0","2","0","2","0","1","0","0","0","4","03","","N","","","","","","","","","",""
"2022051385","1528","2","0","0","0","0","0","0","0","0","1","0","","67","6","2022","4","40.027676","-75.09933","1524","6","0","0","0","0","0","0","1","0","","0","0","0","9","1","1","Y","0","0","40 01:39.632","","0","75 05:57.589","3","0","0","0","67301","0","0","0","N","0","0","0","2","67301","0","","1.0","","1","N","N","N","0","","1","0","0","3","2","","900","2","1","0","0","0","0","0","2","0","2","0","0","0","3","03","","N","","","","","","","","","",""
"2022066913","1225","2","0","0","0","0","0","0","0","0","1","0","","67","7","2022","4","40.00362","-75.181211","1221","6","0","0","0","0","0","0","0","1","","0","0","0","12","1","2","N","0","0","40 00:13.031","","0","75 10:52.358","3","0","0","0","67301","0","0","0","N","0","0","0","5","67301","0","","1.0","","1","N","N","N","0","","2","0","2","0","0","","1200","4","2","0","0","0","0","0","2","0","4","0","0","0","3","03","","N","","","","","","","","","",""
"2022053625","1609","0","0","0","0","0","0","0","0","0","5","0","","67","6","2022","7","39.906889","-75.139444","1609","6","0","0","0","0","0","0","0","0","","0","0","0","16","1","0","N","0","2","39 54:24.800","3","3","75 08:22.000","0","0","0","0","67301","0","0","0","N","0","0","0","4","67501","0","","1.0","1702.0","1","N","N","N","0","","0","0","2","3","8","N","1606","2","0","0","0","0","0","0","2","0","2","0","0","0","3","03","","N","","","","","","","","","",""
"2022066386","2007","1","0","0","0","0","0","0","0","0","8","0","","67","7","2022","5","39.996967","-75.117401","2001","6","0","0","0","0","0","0","0","0","","0","0","0","20","1","1","","2","0","39 59:49.080","","0","75 07:02.645","3","0","0","0","67301","1","0","0","N","1","0","0","2","67301","0","","1.0","","1","N","N","N","0","","1","0","0","0","0","","2001","2","1","0","0","0","0","0","2","0","1","1","0","0","3","03","","N","","","","","","","","","",""
"2022064868","1606","2","0","0","0","0","0","0","0","0","4","0","","67","7","2022","4","39.986802","-75.176076","1605","6","0","0","0","0","0","0","0","0","","0","0","0","16","1","1","","2","0","39 59:12.487","","0","75 10:33.873","4","0","0","0","67301","0","0","0","N","0","0","0","2","67301","1","","1.0","","1","N","N","N","0","","0","0","0","3","3","","1605","2","1","1","0","0","0","0","2","0","2","0","0","0","3","03","","N","","","","","","","","","",""
"2022052925","0157","3","0","0","0","0","0","0","0","0","5","0","","67","6","2022","7","40.021111","-75.164111","0155","6","0","0","0","0","0","0","0","0","","0","0","0","1","3","2","N","0","0","40 01:16.000","","0","75 09:50.800","3","0","0","0","67301","0","0","0","N","0","0","0","3","67301","0","","1.0","","1","N","N","N","0","","2","0","0","0","0","","153","3","2","0","0","0","0","1","2","0","3","0","0","0","3","03","","N","","","","","","","","","",""
"2022063059","0440","1","0","0","0","0","0","0","0","0","6","0","","67","4","2022","2","39.967906","-75.2272","0431","6","0","0","0","0","0","0","0","0","","0","0","0","4","3","0","N","0","0","39 58:04.460","","0","75 13:37.920","0","0","0","0","67301","0","0","0","N","0","0","0","2","67301","0","","6.0","","1","N","N","N","0","","0","0","0","0","0","","430","2","0","0","0","0","0","0","2","0","2","0","0","0","3","03","","N","","","","","","","","","",""
"2022063229","0416","0","0","0","0","0","0","0","0","0","4","0","","67","5","2022","3","40.045894","-75.130474","0410","6","0","0","1","0","0","0","1","0","","0","0","0","3","3","1","","1","0","40 02:45.217","","0","75 07:49.707","3","0","0","0","67301","0","0","0","N","0","0","0","2","67301","0","","1.0","","1","N","N","N","0","","1","0","2","3","3","","356","2","1","0","0","0","0","1","2","0","2","0","0","0","3","03","","N","","","","","","","","","",""
"2022063132","1346","1","0","0","0","0","0","0","0","0","1","0","","67","6","2022","1","39.934126","-75.199926","1136","6","0","0","0","0","0","1","0","0","","0","0","0","11","1","4","N","0","2","39 56:02.854","4","0","75 11:59.732","8","0","0","0","67301","0","0","0","N","0","0","0","4","68K01","0","","1.0","100.0","1","N","N","N","1","","0","0","1","0","0","Y","1110","3","4","0","0","0","4","0","2","0","3","0","0","0","3","","","N","","","","","","","","","",""
"2022050701","1245","1","0","0","0","0","0","0","0","0","1","0","","67","5","2022","3","39.912516","-75.138099","1238","6","0","0","0","0","0","0","0","0","","0","0","0","12","1","4","","3","0","39 54:45.058","","0","75 08:17.157","3","0","0","0","67301","0","0","0","N","0","0","0","5","67301","0","","1.0","","1","N","N","N","0","","4","0","0","3","2","","1235","2","4","0","0","0","0","0","2","1","2","0","0","0","3","03","","N","","","","","","","","","",""
"2022068251","1821","1","0","0","0","0","0","0","0","0","1","0","","67","7","2022","7","39.957223","-75.156975","1811","6","0","0","0","0","0","1","1","0","","0","0","0","18","1","2","N","0","2","39 57:26.004","4","0","75 09:25.109","3","0","0","0","67301","0","0","0","N","0","0","0","10","68K01","0","","1.0","1900.0","1","N","N","N","0","","2","0","3","0","0","N","1809","4","2","0","0","0","0","0","2","0","4","0","0","0","3","","","N","","","","","","","","","",""
"2022055057","2324","2","0","0","0","0","0","0","0","0","5","0","","67","6","2022","1","39.984043","-75.208168","2309","6","0","0","0","1","0","1","0","0","","0","0","0","23","3","1","N","0","2","39 59:02.556","4","0","75 12:29.406","3","0","0","0","67301","0","0","0","N","0","0","0","4","68K01","0","","1.0","2342.0","1","N","N","N","0","","1","0","0","0","0","N","2308","2","1","0","0","0","0","0","2","0","2","0","0","0","3","03","","N","","","","","","","","","",""
"2022053023","1220","1","0","0","0","0","0","0","0","0","4","0","","67","6","2022","1","39.943372","-75.232331","1208","6","0","0","0","0","0","0","0","0","","0","0","0","21","3","2","","1","0","39 56:36.138","","0","75 13:56.392","8","0","0","0","67301","0","0","0","N","0","0","0","3","67301","0","","1.0","","1","N","N","N","0","","0","0","1","3","2","","2140","2","2","3","0","0","2","1","2","0","2","0","0","0","99","03","","N","","","","","","","","","",""
"2022051868","1720","1","0","0","0","0","0","0","0","0","5","0","","67","6","2022","6","39.974708","-75.178686","1656","6","0","0","0","0","0","0","1","0","","0","0","0","15","1","0","N","0","2","39 58:28.950","2","0","75 10:43.270","0","0","0","0","67301","0","0","0","N","0","0","0","1","67301","0","","6.0","1833.0","1","N","N","N","0","","0","0","1","0","0","Y","1537","2","0","0","0","0","0","0","2","0","2","0","0","0","3","03","","N","","","","","","","","","",""
"2022039427","","2","0","0","0","0","0","0","0","0","4","0","","67","4","2022","3","39.918889","-75.210139","","6","0","0","0","1","0","0","0","0","","0","0","0","16","1","2","N","0","0","39 55:08.000","","7","75 12:36.500","8","0","0","0","67301","0","0","0","N","0","0","0","3","00000","0","","1.0","","1","","","N","0","","0","0","0","0","0","","1645","4","2","0","0","0","2","0","2","0","4","0","0","0","3","","","N","","","","","","","","","",""
"2022055573","1925","0","0","0","1","0","0","0","0","0","8","0","","67","6","2022","6","40.042217","-75.025894","1922","6","0","0","0","0","0","0","0","0","","0","0","0","18","1","1","N","0","0","40 02:31.980","","7","75 01:33.217","3","0","0","0","67301","1","0","0","N","0","0","0","2","67301","0","","1.0","","1","N","N","N","0","","1","0","0","0","0","","1815","2","1","0","0","0","0","1","2","0","1","1","0","0","3","03","","N","","","","","","","","","",""
"2022068200","0052","1","0","0","0","0","0","0","0","0","7","0","","67","5","2022","1","39.994848","-75.082103","0027","6","0","0","0","0","0","0","0","0","","0","0","0","0","3","0","N","0","2","39 59:41.454","1","8","75 04:55.571","0","0","0","0","67301","0","0","0","N","0","0","0","2","68K01","0","","4.0","133.0","1","N","N","N","0","","0","0","0","0","0","N","26","1","0","0","0","0","0","0","2","0","1","0","0","0","3","","","N","","","","","","","","","",""
"2022063097","0845","2","0","0","0","0","0","0","0","0","2","0","","67","7","2022","3","39.989374","-75.155607","0841","6","0","0","0","0","0","2","0","0","","0","0","0","7","1","1","","1","1","39 59:21.748","2","0","75 09:20.186","3","0","0","0","67301","0","0","0","N","0","0","0","2","67301","0","","1.0","920.0","1","N","N","N","0","","1","0","0","3","2","N","736","2","1","0","0","0","0","0","2","0","2","0","0","0","3","03","","N","","","","","","","","","",""
"2022068592","2150","0","0","0","0","0","0","0","0","0","7","0","","67","7","2022","4","39.939866","-75.211417","2140","6","0","0","0","0","0","0","0","0","","0","0","0","21","3","1","","2","0","39 56:23.517","","0","75 12:41.102","3","0","0","0","67301","0","0","0","N","0","0","0","1","67301","0","","4.0","","1","N","N","N","0","","1","0","1","0","0","","2135","1","1","0","0","0","0","0","2","0","1","0","0","0","3","","","N","","","","","","","","","",""
"2022053197","0045","1","0","0","0","0","0","0","0","0","4","0","","67","6","2022","5","39.992347","-75.154811","0039","6","0","0","0","0","0","0","0","0","","0","0","0","0","3","1","","2","0","39 59:32.449","","0","75 09:17.320","8","0","0","1","67301","0","0","0","N","0","0","0","2","67301","0","","1.0","","1","N","N","N","0","","0","0","0","0","0","","35","2","1","0","0","0","1","0","2","0","2","0","0","0","3","03","","N","","","","","","","","","",""
"2022051514","1307","0","0","0","0","0","0","0","0","0","8","0","","67","5","2022","2","39.891942","-75.241906","1307","6","0","0","0","0","0","1","0","0","","0","0","0","13","1","1","","2","0","39 53:30.990","","0","75 14:30.862","3","0","0","0","67301","1","0","0","N","1","0","0","2","67301","0","","1.0","","1","N","N","N","0","","1","0","1","3","4","","1300","2","1","0","0","0","0","0","2","0","1","1","0","0","3","03","","N","","","","","","","","","",""
"2022068775","0154","2","0","0","0","0","0","0","0","0","5","0","","67","4","2022","7","39.9719","-75.159425","0150","6","0","0","1","0","0","0","0","0","","0","0","0","1","3","3","Y","0","1","39 58:18.839","2","0","75 09:33.930","8","0","0","0","67301","0","0","0","N","0","0","0","4","67301","0","","1.0","220.0","1","N","N","N","0","","0","0","0","3","2","N","102","2","3","0","0","0","3","0","2","0","2","0","0","0","3","03","","N","","","","","","","","","",""
"2022055618","0945","0","0","0","0","0","0","0","0","0","4","0","","67","6","2022","6","40.02653","-75.097542","0939","6","0","0","0","0","0","2","0","0","","0","0","0","9","1","1","","1","0","40 01:35.508","","0","75 05:51.151","8","0","0","0","67301","0","0","0","N","0","0","0","2","67301","0","","1.0","","1","N","N","N","0","","0","0","1","3","2","","934","2","1","0","0","0","1","0","2","1","2","0","0","0","3","03","","N","","","","","","","","","",""
"2022067225","1920","0","0","0","0","0","0","1","0","0","1","1","","67","7","2022","4","40.005674","-75.101062","1908","6","0","0","0","0","0","1","0","0","","0","0","0","19","1","3","","1","1","40 00:20.425","3","0","75 06:03.822","4","0","0","0","67301","0","0","0","N","0","0","0","3","67508","3","","1.0","9999.0","1","N","N","Y","0","","0","0","0","3","2","N","1908","2","3","0","0","0","0","0","2","1","2","0","0","0","3","03","","N","","","","","","","","","",""
"2022054105","1650","2","0","0","0","0","0","0","0","0","4","0","","67","6","2022","6","39.960654","-75.192616","1646","6","0","0","0","0","0","1","0","0","","0","0","0","16","1","3","","1","0","39 57:38.354","","0","75 11:33.417","8","0","0","0","67301","0","0","0","N","0","0","0","3","67507","0","","1.0","","1","N","N","N","0","","0","0","0","3","3","","1644","2","3","0","0","0","3","0","2","0","2","0","0","0","3","","","N","","","","","","","","","",""
"2022063138","0749","0","0","0","0","0","0","0","0","0","7","0","","67","6","2022","1","40.010261","-75.063082","0749","6","0","0","0","0","0","0","0","0","","0","0","0","7","1","0","N","0","0","40 00:36.940","","0","75 03:47.095","0","0","0","0","67301","0","0","0","N","0","0","0","1","68K01","0","","3.0","","9","N","N","N","0","","0","0","1","0","0","","741","1","0","0","0","0","0","0","2","0","1","0","0","0","7","07","","N","","","","","","","","","",""
"2022052116","2226","2","0","0","0","0","0","0","0","0","1","0","","67","6","2022","7","39.988483","-75.136813","2225","6","0","0","0","0","0","0","0","0","","0","0","0","22","3","0","","1","0","39 59:18.538","","0","75 08:12.526","0","0","0","0","67301","0","0","0","N","0","0","0","2","67301","0","","1.0","","1","N","N","N","0","","0","0","0","3","3","","2220","2","0","1","0","0","0","0","2","0","2","0","0","0","3","03","","N","","","","","","","","","",""
"2022068805","2349","2","0","0","0","0","0","0","0","0","1","0","","67","6","2022","1","39.984949","-75.158241","2346","6","0","0","0","0","0","0","0","0","","0","0","0","23","3","1","","1","0","39 59:05.816","","0","75 09:29.666","8","0","0","0","67301","0","0","0","N","0","0","0","3","67301","0","","1.0","","1","N","N","N","0","","0","0","0","3","2","","2345","2","1","0","0","0","1","1","2","0","2","0","0","0","3","03","","N","","","","","","","","","",""
"2022062122","1653","2","0","0","0","0","0","0","0","0","1","0","","67","6","2022","6","39.958691","-75.168317","1647","6","0","0","0","0","0","1","0","1","","0","0","0","16","1","3","N","0","1","39 57:31.289","4","0","75 10:05.941","3","0","0","0","67301","0","0","0","N","0","0","0","5","68K01","2","","1.0","1700.0","1","N","N","N","0","","1","0","1","0","0","N","1640","3","3","0","0","0","0","0","2","0","3","0","0","0","3","","","N","","","","","","","","","",""
"2022051387","1148","2","0","0","0","0","0","0","0","0","4","0","","67","6","2022","5","40.030254","-75.145952","1145","6","0","0","0","0","0","1","0","0","","0","0","0","8","1","1","","1","0","40 01:48.914","","0","75 08:45.427","4","0","0","0","67301","0","0","0","N","0","0","0","2","67301","1","","1.0","","1","N","N","N","0","","0","0","0","3","2","","800","2","1","1","0","0","0","1","2","0","2","0","0","0","3","03","","N","","","","","","","","","",""
"2022055539","1304","2","0","0","0","0","0","0","0","0","4","0","","67","6","2022","4","39.918151","-75.171107","1304","6","0","0","0","0","0","0","0","0","","0","0","0","12","1","0","","1","0","39 55:05.344","","0","75 10:15.986","0","0","0","0","67301","0","0","0","N","0","0","0","3","67301","0","","1.0","","1","N","N","N","0","","0","0","0","1","2","","1255","2","0","0","0","0","0","0","2","0","2","0","0","0","3","03","","N","","","","","","","","","",""
"2022068569","1419","0","0","0","0","0","0","0","0","0","4","1","","67","7","2022","6","39.92558","-75.234331","1344","6","0","0","0","0","0","0","0","0","","0","1","0","13","1","0","","1","2","39 55:32.089","7","0","75 14:03.592","0","0","0","0","67301","0","0","0","N","0","0","0","2","67301","0","","1.0","1505.0","1","N","N","N","0","","0","0","2","3","2","Y","1328","3","0","0","0","0","0","0","2","0","3","0","0","0","3","03","","N","","","","","","","","","",""
"2022067114","1502","1","0","0","0","0","0","0","0","0","4","0","","67","7","2022","5","40.014217","-75.128789","1451","6","0","0","0","0","0","0","0","0","","0","0","0","14","1","2","N","0","0","40 00:51.180","","0","75 07:43.640","3","0","0","0","67301","0","0","0","N","0","0","0","3","67301","0","","1.0","","1","N","N","N","0","","2","0","1","0","0","","1440","2","2","0","0","0","0","0","2","0","2","0","0","0","3","03","","N","","","","","","","","","",""
"2022052280","1847","2","0","0","0","0","0","0","0","0","4","0","","67","6","2022","7","39.985822","-75.181018","1847","6","0","0","0","0","0","0","0","0","","0","0","0","18","1","2","","1","0","39 59:08.960","","0","75 10:51.665","2","0","0","0","67301","0","0","0","N","0","0","0","3","67301","0","","1.0","","1","N","N","N","0","","1","1","0","3","2","","1847","2","2","0","0","0","0","0","2","0","2","0","0","0","3","03","","N","","","","","","","","","",""
"2022063077","0325","2","0","0","0","0","0","0","0","0","1","0","","67","6","2022","1","39.979669","-75.240931","0323","6","0","0","0","0","0","0","0","0","","0","0","0","3","3","0","N","0","0","39 58:46.810","","0","75 14:27.350","0","0","0","0","67301","0","0","0","N","0","0","0","1","67301","0","","6.0","","1","N","N","N","0","","0","0","0","3","3","","315","2","0","0","0","0","0","0","2","0","2","0","0","0","3","03","","N","","","","","","","","","",""
"2022055681","2355","2","0","0","0","0","0","0","0","0","1","0","","67","6","2022","6","40.014456","-75.178226","2342","6","0","0","0","0","0","0","0","0","","0","0","0","22","3","2","N","0","0","40 00:52.042","","1","75 10:41.615","8","0","0","0","67301","0","0","0","N","0","0","0","3","67301","0","","1.0","","1","N","N","N","0","","0","0","0","0","0","","2230","2","2","3","0","0","2","0","2","0","2","0","0","0","3","03","","N","","","","","","","","","",""
"2022067885","2300","0","0","0","0","0","0","0","0","0","1","0","","67","7","2022","5","39.966188","-75.186781","2254","6","0","0","0","0","1","0","0","0","","0","0","0","22","3","0","N","0","0","39 57:58.275","","0","75 11:12.411","9","0","0","0","67301","0","0","0","N","0","0","0","4","68K01","0","","1.0","","1","N","N","N","0","","0","0","1","0","0","","2253","2","0","0","0","0","0","1","2","0","2","0","0","0","3","","","N","","","","","","","","","",""
"2022052401","2122","2","0","0","0","0","0","0","0","0","4","0","","67","6","2022","5","40.021553","-75.05463","2114","6","0","0","0","0","0","0","0","0","","0","0","0","20","2","1","","1","1","40 01:17.591","1","0","75 03:16.669","3","0","0","0","67301","0","0","0","N","0","0","0","2","67301","0","","1.0","2245.0","1","N","N","N","0","","1","0","1","3","2","N","2057","4","1","0","0","0","0","0","2","1","4","0","0","0","3","03","","N","","","","","","","","","",""
"2022052127","0011","0","0","0","0","0","0","0","0","0","4","0","","67","6","2022","7","39.974066","-75.117882","0006","6","0","0","0","0","0","0","0","0","","0","0","0","0","3","1","","1","0","39 58:26.639","","0","75 07:04.374","3","0","0","1","67301","0","0","0","N","0","0","0","2","67301","0","","1.0","","1","N","N","N","0","","1","0","1","3","2","","0","2","1","0","0","0","0","0","2","0","2","0","0","0","3","03","","N","","","","","","","","","",""
"2022051518","2032","1","0","0","0","0","0","0","0","0","8","0","","67","6","2022","4","39.913164","-75.236017","2031","6","0","0","0","0","0","0","0","0","","0","0","0","20","6","1","N","0","0","39 54:47.390","","0","75 14:09.660","8","0","0","0","67301","1","0","0","N","1","0","0","2","67301","0","","1.0","","1","N","N","N","0","","0","0","0","0","0","","2029","2","1","0","0","0","1","0","2","0","1","1","0","0","3","03","","N","","","","","","","","","",""
"2022066832","0201","1","0","0","0","0","0","0","0","0","7","0","","67","6","2022","1","39.962741","-75.183509","0154","6","0","0","0","0","0","0","0","0","","0","0","0","1","3","0","N","0","2","39 57:45.869","3","0","75 11:00.633","0","0","0","0","67301","0","0","0","N","0","0","0","1","68K01","0","","3.0","220.0","1","N","N","N","0","","0","0","0","0","0","N","146","1","0","0","0","0","0","0","2","0","1","0","0","0","3","03","","N","","","","","","","","","",""
"2022056936","2151","2","0","0","0","0","0","0","0","0","4","0","","67","6","2022","7","39.948689","-75.237495","2149","6","0","0","0","0","0","0","0","0","","0","0","0","21","3","2","","1","0","39 56:55.280","","0","75 14:14.982","3","0","0","0","67301","0","0","0","N","0","0","0","3","67301","0","","1.0","","1","N","N","N","0","","2","0","0","3","2","","2149","3","2","0","0","0","0","0","2","1","3","0","0","0","3","03","","N","","","","","","","","","",""
"2022055607","1303","0","0","0","0","0","0","0","0","0","0","0","","67","6","2022","1","39.990303","-75.072317","1303","6","0","0","0","0","0","1","0","0","","0","0","0","13","1","0","N","0","0","39 59:25.090","","0","75 04:20.340","0","0","0","0","67301","0","0","0","N","0","0","0","1","67301","0","","1.0","","1","N","N","N","0","","0","0","1","0","0","","1303","1","0","0","0","0","0","0","2","0","1","0","0","0","3","","","N","","","","","","","","","",""
"2022061760","1506","2","0","0","0","0","0","0","0","0","1","0","","67","5","2022","2","39.992147","-75.085861","1446","6","0","0","1","0","0","0","0","0","","0","0","0","14","1","0","N","0","0","39 59:31.729","","0","75 05:09.099","0","0","0","0","67301","0","0","0","N","0","0","0","4","68K01","0","","1.0","","1","N","N","N","0","","0","0","0","0","0","","1430","2","0","0","0","0","0","0","2","0","2","0","0","0","3","","","N","","","","","","","","","",""
"2022051569","0115","1","0","0","0","0","0","0","0","0","4","0","","67","5","2022","3","39.979851","-75.142873","0104","6","0","0","0","0","0","0","0","0","","0","0","0","1","3","0","","1","0","39 58:47.465","","0","75 08:34.342","0","0","0","0","67301","0","0","0","N","0","0","0","3","67301","0","","1.0","","1","N","N","N","0","","0","0","1","3","2","","100","2","0","0","0","0","0","0","2","0","2","0","0","0","3","03","","N","","","","","","","","","",""
"2022052984","2132","4","0","0","0","0","0","0","0","0","5","0","","67","6","2022","6","39.999658","-75.105894","2130","6","0","0","0","0","0","0","0","0","","0","0","0","21","3","2","N","0","0","39 59:58.770","","0","75 06:21.220","3","0","0","0","67301","0","0","0","N","0","0","0","2","67301","0","","6.0","","1","N","N","N","0","","2","0","0","0","0","","2119","4","2","1","0","0","0","0","2","0","4","0","0","0","3","03","","N","","","","","","","","","",""
"2022052593","2246","1","0","0","0","0","0","0","0","0","5","0","","67","5","2022","3","39.927747","-75.176333","2245","6","0","0","0","0","0","0","0","0","","0","0","0","22","3","0","N","0","2","39 55:39.890","3","0","75 10:34.800","9","0","0","0","67301","0","0","0","N","0","0","0","2","67301","0","","6.0","2300.0","1","N","N","N","0","","0","0","0","0","0","Y","2230","3","0","1","0","0","0","1","2","2","3","0","0","0","3","","","N","","","","","","","","","",""