"CRN","ARRIVAL_TM","AUTOMOBILE_COUNT","BELTED_DEATH_COUNT","BELTED_SUSP_SERIOUS_INJ_COUNT","BICYCLE_COUNT","BICYCLE_DEATH_COUNT","BICYCLE_SUSP_SERIOUS_INJ_COUNT","BUS_COUNT","CHLDPAS_DEATH_COUNT","CHLDPAS_SUSP_SERIOUS_INJ_COUNT","COLLISION_TYPE","COMM_VEH_COUNT","CONS_ZONE_SPD_LIM","COUNTY","CRASH_MONTH","CRASH_YEAR","DAY_OF_WEEK","DEC_LATITUDE","DEC_LONGITUDE","DISPATCH_TM","DISTRICT","DRIVER_COUNT_16YR","DRIVER_COUNT_17YR","DRIVER_COUNT_18YR","DRIVER_COUNT_19YR","DRIVER_COUNT_20YR","DRIVER_COUNT_50_64YR","DRIVER_COUNT_65_74YR","DRIVER_COUNT_75PLUS","EST_HRS_CLOSED","FATAL_COUNT","HEAVY_TRUCK_COUNT","HORSE_BUGGY_COUNT","HOUR_OF_DAY","ILLUMINATION","INJURY_COUNT","INTERSECTION_RELATED","INTERSECT_TYPE","LANE_CLOSED","LATITUDE","LN_CLOSE_DIR","LOCATION_TYPE","LONGITUDE","MAX_SEVERITY_LEVEL","MCYCLE_DEATH_COUNT","MCYCLE_SUSP_SERIOUS_INJ_COUNT","MOTORCYCLE_COUNT","MUNICIPALITY","NONMOTR_COUNT","NONMOTR_DEATH_COUNT","NONMOTR_SUSP_SERIOUS_INJ_COUNT","NTFY_HIWY_MAINT","PED_COUNT","PED_DEATH_COUNT","PED_SUSP_SERIOUS_INJ_COUNT","PERSON_COUNT","POLICE_AGCY","POSSIBLE_INJ_COUNT","RDWY_SURF_TYPE_CD","RELATION_TO_ROAD","ROADWAY_CLEARED","ROAD_CONDITION","SCH_BUS_IND","SCH_ZONE_IND","SECONDARY_CRASH","SMALL_TRUCK_COUNT","SPEC_JURIS_CD","SUSP_MINOR_INJ_COUNT","SUSP_SERIOUS_INJ_COUNT","SUV_COUNT","TCD_FUNC_CD","TCD_TYPE","TFC_DETOUR_IND","TIME_OF_DAY","TOTAL_UNITS","TOT_INJ_COUNT","UNBELTED_OCC_COUNT","UNB_DEATH_COUNT","UNB_SUSP_SERIOUS_INJ_COUNT","UNK_INJ_DEG_COUNT","UNK_INJ_PER_COUNT","URBAN_RURAL","VAN_COUNT","VEHICLE_COUNT","VULNERABLE_ROAD_USER_COUNT","VULNERABLE_ROAD_USER_DEATH_COUNT","VULNERABLE_ROAD_USER_SER_INJ_COUNT","WEATHER1","WEATHER2","WORKERS_PRES","WORK_ZONE_IND","WORK_ZONE_LOC","WORK_ZONE_TYPE","WZ_CLOSE_DETOUR","WZ_FLAGGER","WZ_LAW_OFFCR_IND","WZ_LN_CLOSURE","WZ_MOVING","WZ_OTHER","WZ_SHLDER_MDN","WZ_WORKERS_INJ_KILLED"
"2022055586","1407","1","0","0","0","0","0","0","0","0","4","0","","67","6","2022","4","39.93482","-75.229938","1404","6","0","0","0","0","0","1","0","0","","0","0","0","14","1","1","","2","0","39 56:05.351","","0","75 13:47.776","3","0","0","0","67301","0","0","0","N","0","0","0","3","67301","0","","1.0","","1","N","N","N","0","","1","0","1","3","3","","1400","2","1","0","0","0","0","0","2","0","2","0","0","0","3","03","","N","","","","","","","","","",""
"2022055541","0003","2","0","0","0","0","0","0","0","0","6","0","","67","6","2022","7","40.044359","-75.06172","0001","6","0","0","0","0","0","0","0","0","","0","0","0","23","3","0","N","0","1","40 02:39.691","1","0","75 03:42.193","9","0","0","0","67301","0","0","0","N","0","0","0","1","67301","0","","6.0","40.0","1","N","N","N","0","","0","0","0","0","0","N","2350","3","0","0","0","0","0","1","2","1","3","0","0","0","3","03","","N","","","","","","","","","",""
"2022061777","0543","1","0","0","0","0","0","0","0","0","5","0","","67","6","2022","3","39.977163","-75.199761","0535","6","0","0","0","0","0","0","0","0","","0","0","0","5","5","0","N","0","0","39 58:37.786","","0","75 11:59.138","0","0","0","0","67301","0","0","0","N","0","0","0","2","68K01","0","","1.0","","1","N","N","Y","1","","0","0","0","0","0","","532","2","0","0","0","0","0","0","2","0","2","0","0","0","3","03","","N","","","","","","","","","",""
"2022055608","1330","2","0","0","0","0","0","0","0","0","4","0","","67","6","2022","2","40.000517","-75.083376","1322","6","0","0","0","0","0","1","1","0","","0","0","0","12","1","1","","2","0","40 00:01.860","","2","75 05:00.155","3","0","0","0","67301","0","0","0","N","0","0","0","2","67301","0","","1.0","","1","N","N","N","0","","1","0","0","3","2","","1250","2","1","0","0","0","0","0","2","0","2","0","0","0","3","03","","N","","","","","","","","","",""
"2022033211","","1","0","0","0","0","0","0","0","0","1","0","","67","3","2022","5","39.911148","-75.23051","","6","0","0","0","0","0","0","1","0","","0","0","0","22","3","1","","1","0","39 54:40.132","","0","75 13:49.836","8","0","0","0","67301","0","0","0","N","0","0","0","2","00000","0","","1.0","","1","","","N","0","","0","0","0","3","2","","2230","2","1","0","0","0","1","0","2","0","2","0","0","0","3","","","N","","","","","","","","","",""
"2022055540","1845","2","0","0","0","0","0","0","0","0","5","0","","67","6","2022","4","40.048653","-75.101464","1825","6","0","0","0","0","0","1","0","0","","0","0","0","18","1","1","N","0","0","40 02:55.150","","0","75 06:05.270","8","0","0","0","67301","0","0","0","N","0","0","0","1","67301","0","","6.0","","1","N","N","N","0","","0","0","1","0","0","","1809","3","1","0","0","0","1","0","2","0","3","0","0","0","3","","","N","","","","","","","","","",""
"2022049897","2012","0","0","0","0","0","0","0","0","0","7","0","","67","5","2022","5","39.980581","-75.197943","2009","6","0","0","0","0","0","0","0","0","","0","0","0","20","3","1","","2","0","39 58:50.093","","0","75 11:52.595","2","0","1","1","67301","0","0","0","N","0","0","0","1","67301","0","","4.0","","1","N","N","N","0","","0","1","0","3","2","","2008","1","1","0","0","0","0","0","2","0","1","0","0","0","4","04","","N","","","","","","","","","",""
"2022058532","1420","0","0","0","0","0","0","0","0","0","8","0","","67","6","2022","5","39.936383","-75.218989","1400","6","0","0","0","0","0","0","0","0","","0","0","0","14","1","1","","1","0","39 56:10.978","","0","75 13:08.360","4","0","0","0","67301","1","0","0","N","1","0","0","2","67508","1","","1.0","","1","N","N","N","0","","0","0","0","3","2","","1400","2","1","0","0","0","0","0","2","0","1","1","0","0","3","03","","N","","","","","","","","","",""
"2022055648","1726","1","0","0","0","0","0","0","0","0","4","0","","67","6","2022","1","40.001536","-75.104258","1726","6","0","0","0","0","0","0","0","0","","0","0","0","17","1","1","","5","0","40 00:05.531","","1","75 06:15.328","3","0","0","1","67301","0","0","0","N","0","0","0","2","67301","0","","1.0","","1","N","N","N","0","","1","0","0","3","2","","1726","2","1","1","0","0","0","0","2","0","2","0","0","0","3","03","","N","","","","","","","","","",""
"2022064017","1139","0","0","0","0","0","0","0","0","0","5","1","","67","7","2022","2","39.910583","","1139","6","0","0","0","0","0","0","0","0","","0","1","0","11","1","0","","7","0","39 54:38.100","","8","75 9:29.100","0","0","0","0","67301","0","0","0","N","0","0","0","4","67501","0","","7.0","","1","N","N","N","1","","0","0","0","0","0","","1139","2","0","0","0","0","0","0","1","0","2","0","0","0","3","03","","N","","","","","","","","","",""
"2022068618","0235","0","0","0","0","0","0","0","0","0","5","1","","67","7","2022","7","40.008708","-75.172942","0232","6","0","0","0","0","0","1","0","0","","0","1","0","2","3","1","N","0","2","40 00:31.350","5","0","75 10:22.590","2","0","1","1","67301","0","0","0","N","0","0","0","2","67301","0","","1.0","500.0","1","N","N","N","0","","0","1","0","0","0","Y","229","2","1","0","0","0","0","0","2","0","2","0","0","0","3","03","","N","","","","","","","","","",""
"2022062321","1736","0","0","0","0","0","0","0","0","0","1","0","","67","6","2022","1","39.957325","-75.158428","1727","6","0","0","0","0","0","1","0","0","","0","0","0","17","1","1","N","0","0","39 57:26.370","","0","75 09:30.341","4","0","0","0","67301","0","0","0","N","0","0","0","2","68K01","1","","1.0","","1","N","N","N","0","","0","0","2","0","0","","1725","2","1","0","0","0","0","0","2","0","2","0","0","0","3","","","N","","","","","","","","","",""
"2022069398","2314","1","0","0","0","0","0","0","0","0","7","0","","67","7","2022","3","39.983468","-75.097629","2306","6","0","0","0","1","0","0","0","0","","0","0","0","23","3","0","N","0","2","39 59:00.484","1","0","75 05:51.463","0","0","0","0","67301","0","0","0","Y","0","0","0","1","68K01","0","","4.0","2330.0","1","N","N","N","0","","0","0","0","0","0","Y","2304","1","0","0","0","0","0","0","2","0","1","0","0","0","3","03","","N","","","","","","","","","",""
"2022055592","1630","1","0","0","0","0","0","0","0","0","3","0","","67","6","2022","2","39.925978","-75.237031","1628","6","0","0","0","0","0","0","0","0","","0","0","0","14","1","1","N","0","0","39 55:33.520","","0","75 14:13.310","3","0","0","0","67301","0","0","0","N","0","0","0","3","67301","0","","1.0","","1","N","N","N","1","","1","0","0","0","0","","1445","2","1","0","0","0","0","1","2","0","2","0","0","0","3","98","","N","","","","","","","","","",""
"2022056751","1933","2","0","0","0","0","0","0","0","0","4","0","","67","6","2022","6","40.044427","-75.14356","1933","6","0","0","0","0","0","0","0","0","","0","0","0","15","1","2","","1","0","40 02:39.936","","0","75 08:36.817","8","0","0","0","67301","0","0","0","N","0","0","0","2","67301","0","","1.0","","1","N","N","N","0","","0","0","0","3","2","","1536","2","2","0","0","0","2","0","2","0","2","0","0","0","3","03","","N","","","","","","","","","",""
"2022055669","2047","1","0","0","0","0","0","0","0","0","4","0","","67","6","2022","2","39.983093","-75.144186","2046","6","0","0","0","0","0","0","0","0","","0","0","0","20","3","0","","5","0","39 58:59.134","","0","75 08:39.069","0","0","0","0","67301","0","0","0","N","0","0","0","3","67301","0","","1.0","","1","N","N","N","0","","0","0","1","3","2","","2020","2","0","0","0","0","0","0","2","0","2","0","0","0","3","03","","N","","","","","","","","","",""
"2022050702","1915","1","0","0","0","0","0","0","0","0","5","0","","67","5","2022","3","39.924539","-75.161186","1910","6","0","0","0","0","0","0","1","0","","0","0","0","19","1","1","N","0","1","39 55:28.340","4","0","75 09:40.270","4","0","0","0","67301","0","0","0","N","0","0","0","1","67301","1","","6.0","1946.0","1","N","N","N","0","","0","0","1","0","0","N","1900","2","1","0","0","0","0","0","2","0","2","0","0","0","3","03","","N","","","","","","","","","",""
"2022061796","0717","0","0","0","0","0","0","0","0","0","7","0","","67","6","2022","7","40.033076","-75.020747","0700","6","0","0","0","0","0","0","0","0","","0","0","0","6","1","0","N","0","0","40 01:59.075","","3","75 01:14.690","0","0","0","0","67301","0","0","0","N","0","0","0","1","68K01","0","","2.0","","1","N","N","N","0","","0","0","1","0","0","","655","1","0","0","0","0","0","0","2","0","1","0","0","0","3","03","","N","","","","","","","","","",""
"2022047731","2320","1","0","0","0","0","0","0","0","0","4","0","","67","5","2022","7","40.055789","-75.176185","2315","6","0","0","1","0","0","0","0","0","","0","0","0","23","3","3","","1","0","40 03:20.841","","0","75 10:34.267","3","0","0","0","67301","0","0","0","N","0","0","0","4","67301","0","","1.0","","1","N","N","Y","0","","1","0","1","3","2","","2309","2","3","0","0","0","2","0","2","0","2","0","0","0","3","03","","N","","","","","","","","","",""
"2022060358","0125","0","0","0","0","0","0","0","0","0","7","0","","67","5","2022","3","39.925536","-75.178675","0121","6","0","0","0","1","0","0","0","0","","0","0","0","23","3","0","","1","0","39 55:31.928","","0","75 10:43.231","0","0","0","0","67301","0","0","0","N","0","0","0","1","67301","0","","4.0","","1","N","N","N","1","","0","0","0","0","0","","2330","1","0","1","0","0","0","0","2","0","1","0","0","0","3","03","","N","","","","","","","","","",""
"2022062689","2055","0","0","0","0","0","0","0","0","0","4","0","","67","6","2022","2","39.97038","-75.124804","2054","6","0","0","0","0","0","1","0","0","","0","0","0","20","3","0","N","0","1","39 58:13.367","1","0","75 07:29.294","0","0","0","0","67301","0","0","0","N","0","0","0","9","68K01","0","","1.0","2110.0","1","N","N","N","0","","0","0","1","0","0","N","2051","2","0","6","0","0","0","0","2","1","2","0","0","0","3","03","","N","","","","","","","","","",""
"2022048068","0838","2","0","0","0","0","0","0","0","0","4","0","","67","5","2022","2","40.074892","-75.169927","0835","6","0","0","0","0","0","0","0","0","","0","0","0","7","1","5","","1","2","40 04:29.611","7","0","75 10:11.737","3","0","0","0","67301","0","0","0","N","0","0","0","5","67301","4","","1.0","913.0","1","N","N","N","0","","1","0","1","3","3","Y","750","3","5","0","0","0","0","0","2","0","3","0","0","0","4","04","","N","","","","","","","","","",""
"2022057147","0258","1","0","0","0","0","0","0","0","0","4","0","","67","5","2022","1","40.015238","-75.149829","0245","6","0","0","0","0","0","0","0","0","","0","0","0","2","3","1","","1","1","40 00:54.857","1","0","75 08:59.386","2","0","1","1","67301","0","0","0","N","0","0","0","2","67301","0","","1.0","515.0","1","N","N","N","0","","0","1","0","3","2","N","215","2","1","0","0","0","0","0","2","0","2","0","0","0","3","03","","N","","","","","","","","","",""
"2022055589","1509","1","0","0","0","0","0","0","0","0","7","0","","67","6","2022","6","39.946582","-75.227763","1506","6","0","0","0","0","0","0","0","0","","0","0","0","15","1","1","N","0","0","39 56:47.696","","0","75 13:39.946","3","0","0","0","67301","0","0","0","N","0","0","0","2","67301","0","","6.0","","1","N","N","N","0","","1","0","0","0","0","","1506","1","1","0","0","0","0","1","2","0","1","0","0","0","3","03","","N","","","","","","","","","",""
"2022060359","0340","2","0","0","0","0","0","0","0","0","1","0","","67","6","2022","3","","","0335","6","0","0","0","0","0","0","0","0","","0","0","0","3","3","1","N","0","0","","","3","","8","0","0","0","67301","0","0","0","N","0","0","0","1","67301","0","","1.0","","1","N","N","N","0","","0","0","0","0","0","","315","2","1","0","0","0","1","0","1","0","2","0","0","0","3","03","","N","","","","","","","","","",""
"2022061570","1457","2","0","0","0","0","0","0","0","0","2","0","","67","7","2022","2","40.009897","-75.151003","1457","6","0","0","0","0","0","0","1","0","","0","0","0","14","1","1","","1","0","40 00:35.628","","0","75 09:03.612","2","0","0","0","67301","0","0","0","N","0","0","0","3","67301","0","","1.0","","1","N","N","N","0","","0","1","0","3","2","","1455","2","1","0","0","0","0","0","2","0","2","0","0","0","3","03","","N","","","","","","","","","",""
"2022051876","0020","1","0","0","0","0","0","0","0","0","4","0","","67","6","2022","6","40.026801","-75.097355","0012","6","0","0","0","0","0","0","0","0","","0","0","0","0","3","0","","1","0","40 01:36.484","","0","75 05:50.479","0","0","0","0","67301","0","0","0","N","0","0","0","3","67301","0","","1.0","","1","N","N","N","0","","0","0","1","3","2","","1","2","0","0","0","0","0","0","2","0","2","0","0","0","3","03","","N","","","","","","","","","",""
"2022055562","1230","1","0","0","0","0","0","0","0","0","1","0","","67","6","2022","5","39.953069","-75.143064","1221","6","0","0","0","0","0","0","0","0","","0","0","0","12","8","0","N","0","0","39 57:11.050","","0","75 08:35.030","0","0","0","0","67301","0","0","0","N","0","0","0","1","67301","0","","6.0","","9","N","N","N","2","","0","0","1","0","0","","1211","4","0","0","0","0","0","0","2","0","4","0","0","0","7","","","N","","","","","","","","","",""
"2022056895","0843","2","0","0","0","0","0","0","0","0","4","0","","67","6","2022","6","39.938316","-75.174855","0829","6","0","0","0","0","0","0","0","0","","0","0","0","8","1","0","","2","2","39 56:17.937","2","0","75 10:29.478","9","0","0","0","67301","0","0","0","N","0","0","0","2","67301","0","","1.0","940.0","1","N","N","N","0","","0","0","1","3","3","Y","825","3","0","0","0","0","0","2","2","0","3","0","0","0","3","","","N","","","","","","","","","",""
"2022060030","0515","3","0","0","0","0","0","0","0","0","5","0","","67","6","2022","1","39.913278","-75.242067","0502","6","0","0","0","0","0","0","0","0","","0","0","0","5","1","0","N","0","0","39 54:47.800","","0","75 14:31.440","0","0","0","0","67301","0","0","0","N","0","0","0","1","67301","0","","6.0","","1","N","N","N","0","","0","0","1","0","0","","502","5","0","0","0","0","0","0","2","1","5","0","0","0","3","03","","N","","","","","","","","","",""
"2022055604","1325","2","0","0","0","0","0","0","0","0","4","0","","67","6","2022","1","40.071053","-75.177079","1320","6","0","0","0","0","0","0","0","1","","0","0","0","13","1","1","","1","0","40 04:15.790","","0","75 10:37.484","3","0","0","0","67301","0","0","0","N","0","0","0","2","67301","0","","1.0","","1","N","N","N","0","","1","0","0","3","3","","1315","2","1","0","0","0","0","1","2","0","2","0","0","0","3","03","","N","","","","","","","","","",""
"2022055898","1115","2","0","0","0","0","0","0","0","0","1","0","","67","6","2022","1","40.045499","-75.164866","1114","6","0","0","0","0","1","1","0","0","","0","0","0","11","1","1","","1","0","40 02:43.798","","0","75 09:53.516","3","0","0","0","67301","0","0","0","N","0","0","0","2","67301","0","","1.0","","9","N","N","N","0","","1","0","0","3","2","","1110","2","1","0","0","0","0","0","2","0","2","0","0","0","4","","","N","","","","","","","","","",""
"2022066708","0316","0","0","0","0","0","0","0","0","0","7","0","","67","5","2022","7","39.887903","-75.216417","0306","6","0","0","0","0","0","0","0","0","","0","0","0","2","3","0","N","0","0","39 53:16.449","","0","75 12:59.101","0","0","0","0","67301","0","0","0","N","0","0","0","1","68K01","0","","2.0","","1","N","N","N","0","","0","0","1","0","0","","258","1","0","0","0","0","0","0","2","0","1","0","0","0","7","","","N","","","","","","","","","",""
"2022070923","1205","1","0","0","0","0","0","1","0","0","4","1","","67","6","2022","3","40.011211","-75.175236","1157","6","0","0","0","0","0","0","0","0","","0","0","0","11","1","2","N","0","0","40 00:40.360","","7","75 10:30.850","3","0","0","0","67301","0","0","0","N","0","0","0","4","67301","0","","1.0","","1","N","N","Y","0","","2","0","1","3","3","","1126","3","2","0","0","0","0","0","2","0","3","0","0","0","3","","","N","","","","","","","","","",""
"2022055958","1648","2","0","0","0","0","0","0","0","0","1","0","","67","6","2022","2","39.898805","-75.169484","1616","6","0","0","1","0","0","0","0","0","","0","0","0","16","1","1","N","0","0","39 53:55.697","","3","75 10:10.143","8","0","0","0","67301","0","0","0","N","0","0","0","3","68K01","0","","1.0","","1","N","N","N","0","","0","0","0","0","0","","1615","2","1","0","0","0","1","0","2","0","2","0","0","0","3","","","N","","","","","","","","","",""
"2022070347","0952","1","0","0","0","0","0","0","0","0","5","1","","67","6","2022","4","40.038058","-75.010559","0937","6","0","0","0","0","1","1","0","0","","1","1","0","9","1","0","N","0","1","40 02:17.008","1","0","75 00:38.012","1","1","0","1","67301","0","0","0","N","0","0","0","3","68K01","0","1","1.0","1231.0","1","N","N","N","0","0","0","0","0","0","0","N","935","3","0","0","0","0","0","0","2","0","3","0","0","0","3","03","","N","","","","","","","","","",""
"2022061016","0117","1","0","0","0","0","0","0","0","0","1","0","","67","6","2022","3","39.998619","-75.195731","0110","6","0","0","0","0","0","1","0","0","","0","0","0","0","3","0","N","0","1","39 59:55.030","3","0","75 11:44.631","0","0","0","0","67301","0","0","0","N","0","0","0","3","68K01","0","","1.0","135.0","1","N","N","N","0","","0","0","1","0","0","N","57","2","0","0","0","0","0","0","2","0","2","0","0","0","3","03","","N","","","","","","","","","",""
"2022068057","0727","1","0","0","0","0","0","0","0","0","5","0","","67","6","2022","1","39.914805","-75.147829","0713","6","0","0","0","0","0","1","0","0","","0","0","0","7","1","0","N","0","0","39 54:53.298","","3","75 08:52.185","0","0","0","0","67301","0","0","0","N","0","0","0","2","68K01","0","","1.0","","1","N","N","N","0","","0","0","1","0","0","","713","2","0","0","0","0","0","0","2","0","2","0","0","0","3","","","N","","","","","","","","","",""
"2022056891","1244","1","0","0","0","0","0","0","0","0","4","0","","67","5","2022","7","40.012207","-75.100422","1243","6","0","0","0","0","0","0","0","0","","0","0","0","12","1","0","","1","2","40 00:43.945","6","0","75 06:01.519","9","0","0","0","67301","0","0","0","N","0","0","0","3","67301","0","","1.0","1501.0","1","N","N","Y","0","","0","0","1","3","3","Y","1242","2","0","0","0","0","0","1","2","0","2","0","0","0","3","03","","N","","","","","","","","","",""
"2022066146","2256","1","1","0","0","0","0","0","0","0","4","0","","67","7","2022","1","40.051667","-75.194083","2254","6","0","0","0","0","0","0","0","0","","1","0","0","22","3","0","","1","2","40 03:06.000","7","0","75 11:38.700","1","0","0","0","67301","0","0","0","N","0","0","0","2","67301","0","2","1.0","300.0","1","N","N","N","1","0","0","0","0","3","2","N","2250","2","0","1","0","0","0","0","2","0","2","0","0","0","3","","","N","","","","","","","","","",""
"2022066299","0227","1","0","0","0","0","0","0","0","0","7","0","","67","6","2022","4","40.044674","-75.001892","0209","6","0","0","0","0","0","0","0","0","","0","0","0","2","3","0","N","0","0","40 02:40.828","","2","75 00:06.810","0","0","0","0","67301","0","0","0","Y","0","0","0","1","68K01","0","","4.0","","1","N","N","N","0","","0","0","0","0","0","","207","1","0","0","0","0","0","0","2","0","1","0","0","0","3","","","N","","","","","","","","","",""
"2022056773","1941","3","0","0","0","0","0","0","0","0","1","0","","67","5","2022","2","39.930906","-75.198932","1931","6","0","0","1","0","0","0","0","0","","0","0","0","19","1","5","N","0","0","39 55:51.261","","0","75 11:56.154","4","0","0","0","67301","0","0","0","N","0","0","0","9","68K01","1","","1.0","","1","N","N","N","0","","0","0","2","3","8","","1928","5","5","3","0","0","4","0","2","0","5","0","0","0","3","","","N","","","","","","","","","",""
"2022066170","1032","1","0","0","0","0","0","0","0","0","8","0","","67","7","2022","4","40.000341","-75.0838","1025","6","0","0","0","0","0","0","0","0","","1","0","0","10","1","0","","2","2","40 00:01.227","5","2","75 05:01.681","1","0","0","0","67301","1","1","0","N","1","1","0","2","67301","0","2","1.0","1228.0","1","N","N","Y","0","0","0","0","0","3","2","Y","1021","2","0","0","0","0","0","0","2","0","1","1","1","0","3","03","","N","","","","","","","","","",""
"2022056360","1748","2","0","0","0","0","0","0","0","0","4","0","","67","6","2022","2","40.01704","-75.15042","1748","6","0","0","0","0","0","1","0","0","","0","0","0","17","1","1","","2","0","40 01:01.345","","0","75 09:01.513","3","0","0","0","67301","0","0","0","N","0","0","0","2","67301","0","","1.0","","99","N","N","N","0","","1","0","0","3","3","","1748","2","1","1","0","0","0","1","2","0","2","0","0","0","3","03","","N","","","","","","","","","",""
"2022055668","2130","1","0","0","0","0","0","0","0","0","8","0","","67","6","2022","1","39.991461","-75.1374","2125","6","0","0","0","0","0","0","0","0","","0","0","0","21","3","1","N","0","0","39 59:29.260","","0","75 08:14.640","3","0","0","0","67301","1","0","0","N","1","0","0","2","67301","0","","1.0","","1","N","N","N","0","","1","0","0","0","0","","2100","2","1","0","0","0","0","0","2","0","1","1","0","0","3","03","","N","","","","","","","","","",""
"2022071023","1832","2","0","0","0","0","0","0","0","0","1","0","","67","7","2022","7","39.9376","-75.198545","1821","6","0","0","0","0","0","1","0","0","","0","0","0","18","1","0","N","0","0","39 56:15.359","","0","75 11:54.763","0","0","0","0","67301","0","0","0","N","0","0","0","2","68K01","0","","1.0","","1","N","N","N","0","","0","0","0","0","0","","1818","2","0","0","0","0","0","0","2","0","2","0","0","0","3","03","","N","","","","","","","","","",""
"2022069704","1300","1","0","0","0","0","0","0","0","0","4","0","","67","7","2022","5","39.95762","-75.145687","1258","6","0","0","0","0","0","0","0","0","","0","0","0","12","1","0","","1","1","39 57:27.432","4","0","75 08:44.473","0","0","0","0","67301","0","0","0","N","0","0","0","2","67301","0","","1.0","1321.0","1","N","N","N","0","","0","0","1","3","2","N","1257","2","0","0","0","0","0","0","2","0","2","0","0","0","3","03","","N","","","","","","","","","",""
"2022063074","1903","1","0","0","0","0","0","0","0","0","8","0","","67","6","2022","3","39.970596","-75.233368","1856","6","0","0","0","0","0","0","0","0","","0","0","0","18","4","1","","1","0","39 58:14.145","","0","75 14:00.124","3","0","0","0","67301","1","0","0","N","0","0","0","5","67301","0","","1.0","","1","N","N","N","0","","1","0","0","0","0","","1831","2","1","0","0","0","0","0","2","0","1","1","0","0","4","04","","N","","","","","","","","","",""
"2022046401","","0","0","0","0","0","0","0","0","0","1","0","","67","4","2022","3","40.100596","-74.979703","","6","0","0","0","0","0","0","0","0","","0","0","0","12","1","1","","2","0","40 06:02.145","","0","74 58:46.930","8","0","0","0","67301","0","0","0","N","0","0","0","2","00000","0","","1.0","","1","","","N","0","","0","0","2","3","3","","1230","2","1","0","0","0","1","0","2","0","2","0","0","0","3","","","N","","","","","","","","","",""
"2022049707","0129","0","0","0","0","0","0","0","0","0","1","0","","67","5","2022","7","39.964121","-75.180245","0128","6","0","0","0","0","0","0","0","0","","0","0","0","1","3","1","N","0","0","39 57:50.837","","0","75 10:48.883","3","0","0","1","67301","0","0","0","N","0","0","0","2","67301","0","","1.0","","1","N","N","N","0","","1","0","1","0","0","","125","2","1","0","0","0","0","0","2","0","2","0","0","0","3","03","","N","","","","","","","","","",""
"2022056214","2042","1","0","0","0","0","0","0","0","0","4","0","","67","6","2022","4","39.991781","-75.186379","2037","6","0","0","0","0","0","0","0","0","","0","0","0","20","8","1","","1","0","39 59:30.410","","0","75 11:10.966","3","0","0","0","67301","0","0","0","N","0","0","0","2","67301","0","","1.0","","1","N","N","N","0","","1","0","1","3","2","","2034","2","1","0","0","0","0","0","2","0","2","0","0","0","3","03","","N","","","","","","","","","",""
"2022052119","1934","2","0","0","0","0","0","0","0","0","6","0","","67","5","2022","3","40.018236","-75.063961","1932","6","0","0","0","0","0","1","0","0","","0","0","0","19","1","3","N","0","1","40 01:05.650","1","0","75 03:50.260","3","0","0","0","67301","0","0","0","N","0","0","0","4","67301","0","","1.0","2035.0","1","N","N","N","0","","3","0","1","0","0","Y","1923","3","3","0","0","0","0","0","2","0","3","0","0","0","4","","","N","","","","","","","","","",""
"2022060357","0610","1","0","0","0","0","0","0","0","0","5","0","","67","5","2022","1","39.921325","-75.175811","0603","6","0","0","0","0","0","0","0","0","","0","0","0","5","5","0","N","0","0","39 55:16.770","","0","75 10:32.920","0","0","0","0","67301","0","0","0","N","0","0","0","1","67301","0","","6.0","","1","N","N","N","0","","0","0","2","0","0","","520","4","0","0","0","0","0","0","2","1","4","0","0","0","3","03","","N","","","","","","","","","",""
"2022048954","2203","0","0","0","0","0","0","0","0","0","4","0","","67","5","2022","7","39.991193","-75.132897","2158","6","0","0","0","0","0","1","0","0","","0","0","0","21","3","1","","1","0","39 59:28.296","","0","75 07:58.428","3","0","0","2","67301","0","0","0","N","0","0","0","3","67301","0","","1.0","","1","N","N","N","0","","1","0","1","3","2","","2139","3","1","0","0","0","0","0","2","0","3","0","0","0","3","","","N","","","","","","","","","",""
"2022062310","1231","1","0","0","0","0","0","0","0","0","1","0","","67","5","2022","2","39.959667","-75.176165","1224","6","0","0","0","0","0","0","2","0","","0","0","0","12","1","0","N","0","0","39 57:34.802","","0","75 10:34.195","0","0","0","0","67301","0","0","0","N","0","0","0","5","68K01","0","","1.0","","1","N","N","N","2","","0","0","0","0","0","","1221","3","0","0","0","0","0","0","2","0","3","0","0","0","3","03","","N","","","","","","","","","",""
"2022061192","0926","1","0","0","0","0","0","0","0","0","4","0","","67","7","2022","7","40.102491","-75.038462","0915","6","0","0","0","0","1","1","0","0","","0","0","0","9","1","1","","2","0","40 06:08.967","","0","75 02:18.463","3","0","0","0","67301","0","0","0","N","0","0","0","3","67301","0","","1.0","","1","N","N","N","0","","1","0","1","3","3","","900","2","1","0","0","0","0","0","2","0","2","0","0","0","3","","","N","","","","","","","","","",""
"2022067778","0233","3","0","0","0","0","0","0","0","0","1","0","45","67","6","2022","7","40.055348","-74.984327","0230","6","0","0","0","0","0","0","0","0","","0","0","0","2","2","0","N","0","0","40 03:19.254","","0","74 59:03.578","0","0","0","0","67301","0","0","0","N","0","0","0","5","68K01","0","","1.0","","1","N","N","N","0","","0","0","0","0","0","","229","3","0","0","0","0","0","0","2","0","3","0","0","0","98","","Y","Y","5","1","N","N","Y","Y","N","N","Y","N"
"2022047229","0857","2","0","0","0","0","0","0","0","0","4","0","","67","5","2022","6","40.026646","-75.139502","0843","6","0","0","0","0","0","0","0","0","","0","0","0","8","5","1","","1","0","40 01:35.925","","0","75 08:22.207","3","0","0","0","67301","0","0","0","N","0","0","0","3","67301","0","","1.0","","1","N","N","N","0","","1","0","0","3","3","","830","2","1","0","0","0","0","0","2","0","2","0","0","0","3","","","N","","","","","","","","","",""