"CRN","ARRIVAL_TM","AUTOMOBILE_COUNT","BELTED_DEATH_COUNT","BELTED_SUSP_SERIOUS_INJ_COUNT","BICYCLE_COUNT","BICYCLE_DEATH_COUNT","BICYCLE_SUSP_SERIOUS_INJ_COUNT","BUS_COUNT","CHLDPAS_DEATH_COUNT","CHLDPAS_SUSP_SERIOUS_INJ_COUNT","COLLISION_TYPE","COMM_VEH_COUNT","CONS_ZONE_SPD_LIM","COUNTY","CRASH_MONTH","CRASH_YEAR","DAY_OF_WEEK","DEC_LATITUDE","DEC_LONGITUDE","DISPATCH_TM","DISTRICT","DRIVER_COUNT_16YR","DRIVER_COUNT_17YR","DRIVER_COUNT_18YR","DRIVER_COUNT_19YR","DRIVER_COUNT_20YR","DRIVER_COUNT_50_64YR","DRIVER_COUNT_65_74YR","DRIVER_COUNT_75PLUS","EST_HRS_CLOSED","FATAL_COUNT","HEAVY_TRUCK_COUNT","HORSE_BUGGY_COUNT","HOUR_OF_DAY","ILLUMINATION","INJURY_COUNT","INTERSECTION_RELATED","INTERSECT_TYPE","LANE_CLOSED","LATITUDE","LN_CLOSE_DIR","LOCATION_TYPE","LONGITUDE","MAX_SEVERITY_LEVEL","MCYCLE_DEATH_COUNT","MCYCLE_SUSP_SERIOUS_INJ_COUNT","MOTORCYCLE_COUNT","MUNICIPALITY","NONMOTR_COUNT","NONMOTR_DEATH_COUNT","NONMOTR_SUSP_SERIOUS_INJ_COUNT","NTFY_HIWY_MAINT","PED_COUNT","PED_DEATH_COUNT","PED_SUSP_SERIOUS_INJ_COUNT","PERSON_COUNT","POLICE_AGCY","POSSIBLE_INJ_COUNT","RDWY_SURF_TYPE_CD","RELATION_TO_ROAD","ROADWAY_CLEARED","ROAD_CONDITION","SCH_BUS_IND","SCH_ZONE_IND","SECONDARY_CRASH","SMALL_TRUCK_COUNT","SPEC_JURIS_CD","SUSP_MINOR_INJ_COUNT","SUSP_SERIOUS_INJ_COUNT","SUV_COUNT","TCD_FUNC_CD","TCD_TYPE","TFC_DETOUR_IND","TIME_OF_DAY","TOTAL_UNITS","TOT_INJ_COUNT","UNBELTED_OCC_COUNT","UNB_DEATH_COUNT","UNB_SUSP_SERIOUS_INJ_COUNT","UNK_INJ_DEG_COUNT","UNK_INJ_PER_COUNT","URBAN_RURAL","VAN_COUNT","VEHICLE_COUNT","VULNERABLE_ROAD_USER_COUNT","VULNERABLE_ROAD_USER_DEATH_COUNT","VULNERABLE_ROAD_USER_SER_INJ_COUNT","WEATHER1","WEATHER2","WORKERS_PRES","WORK_ZONE_IND","WORK_ZONE_LOC","WORK_ZONE_TYPE","WZ_CLOSE_DETOUR","WZ_FLAGGER","WZ_LAW_OFFCR_IND","WZ_LN_CLOSURE","WZ_MOVING","WZ_OTHER","WZ_SHLDER_MDN","WZ_WORKERS_INJ_KILLED"
"2022060118","0637","1","0","0","0","0","0","0","0","0","2","0","","67","6","2022","7","40.015769","-75.205564","0619","6","0","0","0","0","0","0","0","0","","0","0","0","5","1","1","N","0","0","40 00:56.770","","0","75 12:20.030","8","0","0","0","67301","0","0","0","N","0","0","0","3","67301","0","","1.0","","1","N","N","N","0","","0","0","0","0","0","","532","2","1","0","0","0","1","1","2","0","2","0","0","0","3","","","N","","","","","","","","","",""
"2022061568","0236","2","0","0","0","0","0","0","0","0","1","0","","67","7","2022","1","40.010352","-75.184978","0236","6","0","0","0","0","0","0","0","0","","0","0","0","2","3","2","N","0","2","40 00:37.268","2","0","75 11:05.922","3","0","0","0","67301","0","0","0","N","0","0","0","2","67301","0","","1.0","430.0","1","N","N","Y","0","","2","0","0","0","0","Y","236","2","2","0","0","0","0","0","2","0","2","0","0","0","4","04","","N","","","","","","","","","",""
"2022055551","2230","0","0","0","0","0","0","0","0","0","8","0","","67","6","2022","2","39.914539","-75.153962","2220","6","0","0","0","0","0","0","0","0","","0","0","0","12","1","1","N","0","0","39 54:52.340","","7","75 09:14.264","4","0","0","0","67301","1","0","0","N","1","0","0","2","67301","1","","1.0","","1","N","N","N","0","","0","0","1","0","0","","1230","2","1","0","0","0","0","0","2","0","1","1","0","0","3","","","N","","","","","","","","","",""
"2022070584","1730","1","0","0","0","0","0","0","0","0","4","0","","67","7","2022","1","40.020139","-75.113103","1730","6","0","0","0","0","0","1","0","0","","0","0","0","17","1","1","","2","0","40 01:12.501","","0","75 06:47.172","3","0","0","0","67301","0","0","0","N","0","0","0","2","67301","0","","1.0","","1","N","N","N","1","","1","0","0","3","3","","1709","2","1","0","0","0","0","0","2","0","2","0","0","0","3","03","","N","","","","","","","","","",""
"2022061782","1347","1","0","0","0","0","0","0","0","0","1","1","","67","6","2022","4","39.878505","-75.249902","1325","6","0","0","0","0","0","2","0","0","","0","1","0","13","1","0","N","0","2","39 52:42.618","1","0","75 14:59.648","0","0","0","0","67301","0","0","0","N","0","0","0","2","68K01","0","","1.0","1400.0","1","N","N","Y","0","","0","0","0","3","8","N","1322","2","0","1","0","0","0","0","2","0","2","0","0","0","3","03","","N","","","","","","","","","",""
"2022047804","1915","2","0","0","0","0","0","0","0","0","4","0","","67","5","2022","6","39.921144","-75.193801","1915","6","0","0","0","0","0","0","0","0","","0","0","0","22","3","1","","1","0","39 55:16.119","","0","75 11:37.683","3","0","0","0","67301","0","0","0","N","0","0","0","2","67301","0","","1.0","","1","N","N","N","0","","1","0","0","3","2","","2200","2","1","0","0","0","0","0","2","0","2","0","0","0","3","03","","N","","","","","","","","","",""
"2022062130","0815","0","0","0","0","0","0","0","0","0","1","0","","67","6","2022","3","40.009257","-75.066432","0815","6","0","0","0","0","0","0","1","0","","0","0","0","7","1","0","N","0","0","40 00:33.324","","0","75 03:59.155","0","0","0","0","67301","0","0","0","N","0","0","0","3","68K01","0","","1.0","","1","N","N","N","1","","0","0","2","0","0","","756","3","0","0","0","0","0","0","2","0","3","0","0","0","3","","","N","","","","","","","","","",""
"2022060082","1045","2","0","0","0","0","0","0","0","0","4","0","","67","6","2022","3","40.024165","-75.130356","1041","6","0","0","0","0","0","0","1","0","","0","0","0","10","1","1","","1","1","40 01:26.993","1","0","75 07:49.281","3","0","0","0","67301","0","0","0","N","0","0","0","2","67301","0","","1.0","1055.0","1","N","N","N","0","","1","0","0","3","2","N","1008","2","1","0","0","0","0","0","2","0","2","0","0","0","4","04","","N","","","","","","","","","",""
"2022055547","1935","1","0","0","0","0","0","0","0","0","4","0","","67","6","2022","7","40.065597","-75.06219","1930","6","0","0","0","0","0","0","1","0","","0","0","0","18","1","1","","1","0","40 03:56.148","","0","75 03:43.883","3","0","0","0","67301","0","0","0","N","0","0","0","3","67301","0","","1.0","","1","N","N","N","0","","1","0","1","3","3","","1845","2","1","0","0","0","0","0","2","0","2","0","0","0","3","98","","N","","","","","","","","","",""
"2022069585","2000","0","0","0","0","0","0","0","0","0","4","0","","67","4","2022","5","39.967495","-75.231958","1957","6","0","0","0","0","0","0","0","0","","0","0","0","19","1","2","","5","2","39 58:02.983","7","0","75 13:55.048","3","0","0","0","67301","0","0","0","N","0","0","0","3","67301","0","","1.0","2100.0","99","N","N","N","0","","2","0","2","3","2","N","1957","2","2","1","0","0","0","0","2","0","2","0","0","0","3","03","","N","","","","","","","","","",""
"2022061067","1340","1","0","0","0","0","0","0","0","0","8","0","","67","7","2022","6","40.019645","-75.210671","1257","6","0","0","0","0","0","1","0","0","","0","0","0","7","1","1","","5","0","40 01:10.722","","0","75 12:38.416","3","0","0","0","67301","1","0","0","N","1","0","0","2","67301","0","","1.0","","1","N","N","N","0","","1","0","0","3","2","","730","2","1","0","0","0","0","0","2","0","1","1","0","0","3","03","","N","","","","","","","","","",""
"2022056710","2045","1","0","0","0","0","0","0","0","0","8","0","","67","6","2022","4","39.956011","-75.155747","2040","6","0","0","0","0","0","0","0","0","","0","0","0","17","1","1","","1","0","39 57:21.639","","0","75 09:20.689","3","0","0","0","67301","1","0","0","N","1","0","0","2","67301","0","","1.0","","1","N","N","N","0","","1","0","0","3","2","","1740","2","1","1","0","0","0","0","2","0","1","1","0","0","3","03","","N","","","","","","","","","",""
"2022061026","0020","0","0","0","0","0","0","0","0","0","7","0","","67","6","2022","2","39.912429","-75.148472","2351","6","0","0","0","0","0","0","0","0","","0","0","0","23","3","0","N","0","0","39 54:44.745","","0","75 08:54.498","0","0","0","0","67301","0","0","0","N","0","0","0","1","68K01","0","","2.0","","1","N","N","N","1","","0","0","0","0","0","","2339","1","0","0","0","0","0","0","2","0","1","0","0","0","3","03","","N","","","","","","","","","",""
"2022069894","1938","1","0","0","0","0","0","0","0","0","1","1","","67","7","2022","3","39.958498","-75.166757","1926","6","0","0","0","0","0","0","0","0","","0","1","0","19","1","0","N","0","1","39 57:30.591","4","0","75 10:00.326","0","0","0","0","67301","0","0","0","N","0","0","0","2","68K01","0","","1.0","2000.0","1","N","N","N","0","","0","0","0","0","0","N","1925","2","0","0","0","0","0","0","2","0","2","0","0","0","3","","","N","","","","","","","","","",""
"2022069852","1833","0","0","0","0","0","0","0","0","0","4","0","","67","7","2022","7","40.014714","-75.156731","1829","6","0","0","0","0","0","1","0","0","","0","0","0","18","1","1","N","0","1","40 00:52.971","5","0","75 09:24.233","3","0","0","0","67301","0","0","0","N","0","0","0","2","67301","0","","1.0","1900.0","1","N","N","N","0","","1","0","2","0","0","Y","1820","2","1","0","0","0","0","0","2","0","2","0","0","0","3","","","N","","","","","","","","","",""
"2022068820","2214","1","0","0","0","0","0","0","0","0","8","0","","67","5","2022","3","39.970624","-75.16298","2214","6","0","0","0","0","0","0","0","0","","0","0","0","22","3","1","","1","0","39 58:14.246","","0","75 09:46.728","3","0","0","0","67301","1","0","0","N","1","0","0","2","67301","0","","1.0","","1","N","N","N","0","","1","0","0","3","2","","2214","2","1","0","0","0","0","0","2","0","1","1","0","0","3","03","","N","","","","","","","","","",""
"2022068779","0015","3","0","0","0","0","0","0","0","0","4","0","","67","6","2022","2","39.972773","-75.169612","0009","6","0","0","0","0","0","0","0","0","","0","0","0","22","3","0","N","0","0","39 58:21.984","","0","75 10:10.602","9","0","0","0","67301","0","0","0","N","0","0","0","1","67301","0","","6.0","","1","N","N","N","0","","0","0","0","0","0","","2238","3","0","0","0","0","0","1","2","0","3","0","0","0","3","03","","N","","","","","","","","","",""
"2022056972","1803","1","0","0","0","0","0","0","0","0","4","0","","67","6","2022","1","40.00853","-75.091526","1749","6","0","0","0","0","0","1","0","0","","0","0","0","17","1","2","","1","1","40 00:30.707","2","1","75 05:29.493","3","0","0","0","67301","0","0","0","N","0","0","0","3","67301","0","","1.0","1831.0","1","N","N","N","0","","2","0","1","3","2","N","1741","3","2","1","0","0","0","0","2","1","3","0","0","0","3","","","N","","","","","","","","","",""
"2022055477","","1","0","0","0","0","0","0","0","0","1","0","","67","5","2022","3","40.098352","-75.047075","","6","0","0","0","0","0","0","0","0","","0","0","0","8","1","1","","2","0","40 05:54.066","","0","75 02:49.469","8","0","0","0","67301","0","0","0","N","0","0","0","2","00000","0","","1.0","","1","","","N","0","","0","0","1","3","2","","845","2","1","0","0","0","1","0","2","0","2","0","0","0","3","","","N","","","","","","","","","",""
"2022053091","2017","1","0","0","0","0","0","0","0","0","7","0","","67","6","2022","2","40.107472","-75.054389","2007","6","0","0","0","0","0","0","0","0","","0","0","0","20","4","1","N","0","0","40 06:26.900","","0","75 03:15.800","3","0","0","0","67301","0","0","0","N","0","0","0","1","67301","0","","4.0","","1","N","N","N","0","","1","0","0","0","0","","2006","1","1","0","0","0","0","0","2","0","1","0","0","0","3","","","N","","","","","","","","","",""
"2022057146","0300","1","0","0","0","0","0","0","0","0","5","0","","67","6","2022","1","40.044944","-75.080481","0300","6","0","0","0","1","0","0","0","0","","0","0","0","2","3","0","N","0","0","40 02:41.800","","0","75 04:49.730","0","0","0","0","67301","0","0","0","N","0","0","0","1","67301","0","","6.0","","1","N","N","N","0","","0","0","1","0","0","","255","2","0","0","0","0","0","0","2","0","2","0","0","0","3","","","N","","","","","","","","","",""
"2022055599","2107","2","0","0","0","0","0","0","0","0","1","0","","67","6","2022","6","40.03975","-75.170694","2107","6","0","0","0","0","0","1","0","0","","0","0","0","21","3","8","N","0","0","40 02:23.100","","0","75 10:14.500","2","0","0","0","67301","0","0","0","N","0","0","0","8","67301","0","","1.0","","1","N","N","N","0","","7","1","1","0","0","","2106","3","8","3","0","1","0","0","2","0","3","0","0","0","3","","","N","","","","","","","","","",""
"2022060091","1340","0","0","0","0","0","0","0","0","0","4","0","","67","6","2022","3","39.995216","-75.139512","1333","6","0","0","0","0","0","0","0","0","","0","0","0","22","3","1","","1","0","39 59:42.777","","0","75 08:22.243","8","0","0","1","67301","0","0","0","N","0","0","0","2","67301","0","","1.0","","99","N","N","N","0","","0","0","0","3","1","","2200","2","1","0","0","0","1","0","2","0","2","0","0","0","3","03","","N","","","","","","","","","",""
"2022061401","1442","2","0","0","0","0","0","0","0","0","4","0","","67","7","2022","6","39.972085","-75.16428","1438","6","0","0","0","0","0","0","0","0","","0","0","0","14","1","0","","1","0","39 58:19.506","","0","75 09:51.407","0","0","0","0","67301","0","0","0","N","0","0","0","2","67301","0","","1.0","","1","N","N","N","0","","0","0","0","3","2","","1405","2","0","0","0","0","0","0","2","0","2","0","0","0","3","03","","N","","","","","","","","","",""
"2022061802","0755","0","0","0","0","0","0","0","0","0","7","0","","67","6","2022","1","39.96833","-75.129733","0755","6","0","0","0","0","0","1","0","0","","0","0","0","7","1","0","N","0","0","39 58:05.988","","0","75 07:47.037","0","0","0","0","67301","0","0","0","N","0","0","0","3","68K01","0","","4.0","","8","N","N","N","0","","0","0","0","0","0","","749","1","0","0","0","0","0","0","2","1","1","0","0","0","7","","","N","","","","","","","","","",""
"2022053857","1656","2","0","0","0","0","0","0","0","0","4","0","","67","5","2022","3","39.954439","-75.20511","1656","6","0","0","0","0","0","0","0","0","","0","0","0","16","1","2","","1","0","39 57:15.981","","0","75 12:18.395","3","0","0","0","67301","0","0","0","N","0","0","0","4","67504","0","","1.0","","1","N","N","N","0","","2","0","0","3","2","","1654","2","2","3","0","0","0","0","2","0","2","0","0","0","3","03","","N","","","","","","","","","",""
"2022055567","1011","1","0","0","0","0","0","0","0","0","8","0","","67","6","2022","1","39.956797","-75.155574","1009","6","0","0","0","0","0","0","1","0","","0","0","0","10","1","1","","1","0","39 57:24.468","","3","75 09:20.068","2","0","0","0","67301","1","0","1","N","1","0","1","2","67301","0","","1.0","","9","N","N","N","0","","0","1","0","3","2","","1000","2","1","0","0","0","0","0","2","0","1","1","0","1","7","04","","N","","","","","","","","","",""
"2022049674","2110","2","0","0","0","0","0","0","0","0","4","0","","67","5","2022","1","39.989585","-75.157226","2106","6","0","0","0","0","0","0","0","0","","0","0","0","21","3","0","","1","2","39 59:22.506","7","0","75 09:26.013","9","0","0","0","67301","0","0","0","N","0","0","0","5","67301","0","","1.0","1100.0","1","N","N","N","0","","0","0","0","3","2","Y","2105","3","0","0","0","0","0","1","2","1","3","0","0","0","3","","","N","","","","","","","","","",""
"2022060123","1815","1","0","0","0","0","0","0","0","0","4","0","","67","6","2022","6","40.014653","-75.156684","1814","6","0","0","0","0","0","1","0","0","","0","0","0","17","1","3","","1","0","40 00:52.752","","0","75 09:24.063","8","0","0","0","67301","0","0","0","N","0","0","0","3","67301","0","","1.0","","1","N","Y","N","0","","0","0","0","3","2","","1740","2","3","0","0","0","3","0","2","1","2","0","0","0","3","03","","N","","","","","","","","","",""
"2022068052","1830","1","0","0","0","0","0","0","0","0","5","0","","67","5","2022","7","40.033921","-75.019638","1819","6","1","0","0","0","0","1","0","0","","0","0","0","18","1","1","N","0","1","40 02:02.114","1","3","75 01:10.695","3","0","0","0","67301","0","0","0","N","0","0","0","2","68K01","0","","1.0","1901.0","9","N","N","N","0","","1","0","0","0","0","N","1808","2","1","0","0","0","0","0","2","1","2","0","0","0","4","","","N","","","","","","","","","",""
"2022069402","0356","0","0","0","0","0","0","0","0","0","6","0","","67","7","2022","5","39.958049","-75.164005","0349","6","0","0","0","0","0","0","0","0","","0","0","0","3","3","0","N","0","1","39 57:28.977","3","0","75 09:50.418","9","0","0","0","67301","0","0","0","N","0","0","0","1","68K01","0","","1.0","100.0","1","N","N","Y","0","","0","0","2","0","0","Y","349","2","0","0","0","0","0","1","2","0","2","0","0","0","3","","","N","","","","","","","","","",""
"2022072603","1405","1","0","0","0","0","0","0","0","0","8","0","","67","5","2022","2","39.995191","-75.115789","1325","6","0","0","0","0","0","0","0","0","","0","0","0","13","1","1","","5","0","39 59:42.687","","1","75 06:56.840","8","0","0","0","67301","1","0","0","N","1","0","0","2","67301","0","","1.0","","9","N","N","N","0","","0","0","0","3","2","","1313","2","1","1","0","0","1","0","2","0","1","1","0","0","7","07","","N","","","","","","","","","",""
"2022070448","2300","2","0","0","0","0","0","0","0","0","4","0","","67","6","2022","6","40.033656","-75.063639","2256","6","0","0","0","0","0","0","0","0","","0","0","0","22","3","1","","5","0","40 02:01.162","","0","75 03:49.102","3","0","0","0","67301","0","0","0","N","0","0","0","3","67301","0","","1.0","","1","N","N","N","0","","1","0","0","3","2","","2240","2","1","0","0","0","0","0","2","0","2","0","0","0","3","03","","N","","","","","","","","","",""
"2022053375","","1","0","0","0","0","0","0","0","0","4","0","","67","4","2022","4","39.961152","-75.174841","","6","0","0","0","0","0","1","0","0","","0","0","0","13","1","3","","1","0","39 57:40.148","","0","75 10:29.426","8","0","0","0","67301","0","0","0","N","0","0","0","4","00000","0","","1.0","","1","","","N","0","","0","0","0","0","0","","1353","2","3","0","0","0","3","0","2","1","2","0","0","0","3","","","N","","","","","","","","","",""
"2022059115","2314","0","0","0","0","0","0","0","0","0","7","0","","67","6","2022","4","40.030267","-75.022077","2307","6","0","1","0","0","0","0","0","0","","0","0","0","23","3","1","N","0","1","40 01:48.960","2","3","75 01:19.476","8","0","0","0","67301","0","0","0","N","0","0","0","1","68K01","0","","3.0","2340.0","9","N","N","N","0","","0","0","1","0","0","N","2306","1","1","0","0","0","1","0","2","0","1","0","0","0","7","","","N","","","","","","","","","",""
"2022047420","1045","3","0","0","0","0","0","0","0","0","4","0","","67","5","2022","6","39.984949","-75.158241","1040","6","0","0","0","1","0","1","0","0","","0","0","0","10","1","2","","1","0","39 59:05.816","","0","75 09:29.666","4","0","0","0","67301","0","0","0","N","0","0","0","7","67301","2","","1.0","","1","N","N","N","0","","0","0","1","3","2","","1030","4","2","0","0","0","0","0","2","0","4","0","0","0","3","03","","N","","","","","","","","","",""
"2022068806","1205","1","0","0","0","0","0","0","0","0","4","0","","67","6","2022","7","39.980992","-75.199131","1205","6","0","0","0","0","0","1","0","0","","0","0","0","12","1","2","N","0","1","39 58:51.572","3","0","75 11:56.873","8","0","0","0","67301","0","0","0","N","0","0","0","2","67301","0","","1.0","1200.0","1","N","N","N","0","","0","0","1","0","0","Y","1200","2","2","0","0","0","2","0","2","0","2","0","0","0","3","03","","N","","","","","","","","","",""
"2022060065","1800","1","0","0","0","0","0","0","0","0","2","0","","67","6","2022","4","39.965972","-75.234944","1800","6","0","0","0","0","0","1","0","0","","0","0","0","18","1","1","N","0","0","39 57:57.500","","0","75 14:05.800","3","0","0","0","67301","1","0","0","N","1","0","0","6","67301","0","","1.0","","1","N","N","N","0","","1","0","1","0","0","","1800","3","1","5","0","0","0","1","2","0","2","1","0","0","3","03","","N","","","","","","","","","",""
"2022073268","1647","2","0","0","0","0","0","0","0","0","1","0","","67","7","2022","6","40.036212","-75.016249","1601","6","0","0","0","0","0","0","0","0","","0","0","0","15","1","0","N","0","0","40 02:10.362","","0","75 00:58.495","0","0","0","0","67301","0","0","0","N","0","0","0","2","68K01","0","","1.0","","1","N","N","N","0","","0","0","0","0","0","","1557","2","0","0","0","0","0","0","2","0","2","0","0","0","3","03","","N","","","","","","","","","",""
"2022055410","","1","0","0","0","0","0","0","0","0","5","0","","67","5","2022","6","40.056566","-75.04655","","6","0","0","0","0","0","0","0","0","","0","0","0","11","1","1","","1","0","40 03:23.636","","0","75 02:47.581","8","0","0","0","67301","0","0","0","N","0","0","0","2","00000","0","","1.0","","1","","","N","0","","0","0","0","3","2","","1123","2","1","0","0","0","1","0","2","1","2","0","0","0","3","","","N","","","","","","","","","",""
"2022073517","0030","1","0","0","0","0","0","0","0","0","4","0","","67","7","2022","1","39.987183","-75.150579","0022","6","0","0","0","0","0","0","0","0","","0","0","0","23","3","1","","1","9","39 59:13.858","","0","75 09:02.084","8","0","0","0","67301","0","0","0","N","0","0","0","1","67301","0","","1.0","","9","N","N","N","0","","0","0","0","3","3","","2330","2","1","0","0","0","1","0","2","0","2","0","0","0","7","","","N","","","","","","","","","",""
"2022056690","1138","1","0","0","0","0","0","0","0","0","4","0","","67","6","2022","6","40.056243","-75.061397","1137","6","0","0","0","0","0","0","0","0","","0","0","0","11","1","0","","2","0","40 03:22.474","","0","75 03:41.030","9","0","0","0","67301","0","0","0","N","0","0","0","2","67301","0","","1.0","","1","N","N","N","0","","0","0","1","3","3","","1130","2","0","0","0","0","0","1","2","0","2","0","0","0","3","","","N","","","","","","","","","",""
"2022071021","2146","1","0","0","0","0","0","0","0","0","7","0","","67","7","2022","6","39.984044","-75.096777","2127","6","0","0","0","0","0","0","0","0","","0","0","0","21","3","2","N","0","0","39 59:02.559","","0","75 05:48.398","4","0","0","0","67301","0","0","0","N","0","0","0","3","68K01","2","","4.0","","1","N","N","N","0","","0","0","0","0","0","","2126","1","2","0","0","0","0","0","2","0","1","0","0","0","3","03","","N","","","","","","","","","",""
"2022062097","","0","0","0","0","0","0","0","0","0","1","0","","67","5","2022","6","39.961833","-75.182641","","6","0","0","0","0","0","0","0","0","","0","0","0","17","1","1","N","0","0","39 57:42.598","","0","75 10:57.506","8","0","0","0","67301","0","0","0","N","0","0","0","2","00000","0","","1.0","","1","","","N","0","","0","0","1","0","0","","1730","2","1","0","0","0","1","0","2","0","2","0","0","0","3","","","N","","","","","","","","","",""
"2022072210","1648","2","0","0","0","0","0","0","0","0","1","0","","67","8","2022","2","40.071464","-75.057703","1639","6","0","0","0","0","0","0","0","1","","0","0","0","16","1","0","N","0","0","40 04:17.270","","0","75 03:27.730","0","0","0","0","67301","0","0","0","N","0","0","0","2","67301","0","","5.0","","1","N","N","N","0","","0","0","1","0","0","","1635","3","0","0","0","0","0","0","2","0","3","0","0","0","4","04","","N","","","","","","","","","",""
"2022061052","1226","1","0","0","0","0","0","0","0","0","4","0","","67","6","2022","5","40.052978","-75.136681","1224","6","0","0","0","0","0","0","0","1","","0","0","0","12","1","2","","1","1","40 03:10.720","3","0","75 08:12.051","3","0","0","0","67301","0","0","0","N","0","0","0","2","67301","0","","1.0","1500.0","9","N","N","N","0","","2","0","1","3","1","N","1223","2","2","1","0","0","0","0","2","0","2","0","0","0","7","04","","N","","","","","","","","","",""
"2022070918","1009","1","0","0","0","0","0","0","0","0","1","1","","67","4","2022","7","40.018542","-75.167095","0925","6","0","0","0","0","0","0","0","0","","0","1","0","9","1","1","","6","0","40 01:06.752","","8","75 10:01.543","4","0","0","0","67301","0","0","0","N","0","0","0","2","67301","1","","7.0","","1","N","N","N","0","","0","0","0","0","0","","915","2","1","0","0","0","0","0","2","0","2","0","0","0","3","03","","N","","","","","","","","","",""
"2022061174","1906","1","0","0","0","0","0","0","0","0","4","0","","67","7","2022","7","40.042782","-75.076571","1905","6","0","0","0","0","0","1","0","0","","0","0","0","19","1","1","","5","0","40 02:34.015","","0","75 04:35.655","2","0","1","1","67301","0","0","0","N","0","0","0","2","67301","0","","1.0","","1","N","N","N","0","","0","1","0","3","1","","1900","2","1","0","0","0","0","0","2","0","2","0","0","0","3","03","","N","","","","","","","","","",""
"2022057348","1648","2","0","0","0","0","0","0","0","0","4","0","","67","6","2022","6","40.062234","-75.151763","1648","6","0","0","0","0","0","0","0","0","","0","0","0","20","4","1","","1","0","40 03:44.042","","0","75 09:06.346","3","0","0","0","67301","0","0","0","N","0","0","0","2","67301","0","","1.0","","1","N","N","N","0","","1","0","0","3","2","","2034","2","1","1","0","0","0","0","2","0","2","0","0","0","3","98","","N","","","","","","","","","",""
"2022061698","0204","1","0","0","0","0","0","0","0","0","5","0","","67","7","2022","6","39.9184","-75.208144","0202","6","0","0","0","0","0","0","0","0","","0","0","0","2","3","0","N","0","2","39 55:06.241","4","0","75 12:29.318","9","0","0","0","67301","0","0","0","N","0","0","0","3","67301","0","","1.0","245.0","1","N","N","N","0","","0","0","1","0","0","Y","200","3","0","0","0","0","0","2","2","1","3","0","0","0","3","","","N","","","","","","","","","",""
"2022060125","1125","2","0","0","0","0","0","0","0","0","4","0","","67","6","2022","1","40.003814","-75.157356","1120","6","0","0","0","0","0","0","0","0","","0","0","0","11","1","2","","1","0","40 00:13.730","","0","75 09:26.481","3","0","0","0","67301","0","0","0","N","0","0","0","2","67301","0","","1.0","","1","N","N","N","0","","2","0","0","3","3","","1115","2","2","0","0","0","0","0","2","0","2","0","0","0","3","03","","N","","","","","","","","","",""
"2022059363","1650","1","0","0","0","0","0","0","0","0","4","0","","67","6","2022","2","39.974964","-75.151608","1645","6","0","0","0","0","0","0","1","0","","0","0","0","16","1","2","","1","0","39 58:29.870","","0","75 09:05.788","4","0","0","0","67301","0","0","0","N","0","0","0","2","67505","1","","1.0","","1","N","N","N","0","","0","0","1","3","2","","1640","2","2","0","0","0","1","0","2","0","2","0","0","0","3","03","","N","","","","","","","","","",""
"2022072226","1645","1","0","0","0","0","0","1","0","0","4","1","","67","4","2022","6","39.938889","-75.229764","1639","6","0","0","0","0","0","0","1","0","","0","0","0","15","1","4","","1","0","39 56:20.000","","0","75 13:47.150","3","0","0","0","67301","0","0","0","N","0","0","0","5","67301","0","","1.0","","1","Y","N","N","0","","4","0","1","3","3","","1546","3","4","0","0","0","0","0","2","0","3","0","0","0","3","98","","N","","","","","","","","","",""
"2022069703","1125","1","0","0","0","0","0","0","0","0","4","1","15","67","7","2022","5","39.956562","-75.15133","1115","6","0","0","0","0","0","0","0","0","","0","1","0","11","1","0","","2","1","39 57:23.624","1","0","75 09:04.788","0","0","0","0","67301","0","0","0","N","0","0","0","2","67301","0","","1.0","1149.0","1","N","N","N","0","","0","0","0","3","2","N","1105","2","0","0","0","0","0","0","2","0","2","0","0","0","3","03","Y","Y","4","1","N","N","N","Y","N","N","N","N"
"2022066844","2218","1","0","0","0","0","0","0","0","0","7","0","","67","6","2022","1","40.008684","-75.068966","2156","6","0","0","0","0","0","0","0","0","","0","0","0","21","1","0","N","0","1","40 00:31.262","1","8","75 04:08.279","0","0","0","0","67301","0","0","0","N","0","0","0","1","68K01","0","","4.0","2230.0","1","N","N","N","0","","0","0","0","0","0","N","2127","1","0","0","0","0","0","0","2","0","1","0","0","0","3","03","","N","","","","","","","","","",""
"2022063331","2300","0","0","0","0","0","0","0","0","0","5","0","","67","7","2022","7","39.957636","-75.223361","2253","6","0","0","0","0","0","1","0","0","","0","0","0","22","3","0","N","0","2","39 57:27.490","4","0","75 13:24.100","0","0","0","0","67301","0","0","0","N","0","0","0","1","67301","0","","6.0","49.0","1","N","N","N","0","","0","0","1","0","0","N","2253","2","0","0","0","0","0","0","2","1","2","0","0","0","4","04","","N","","","","","","","","","",""
"2022048837","","1","0","0","0","0","0","0","0","0","1","0","","67","5","2022","6","39.991068","-75.086261","","6","0","0","0","0","0","1","0","0","","0","0","0","14","1","1","N","0","0","39 59:27.843","","0","75 05:10.539","8","0","0","0","67301","0","0","0","N","0","0","0","2","00000","0","","1.0","","1","","","N","0","","0","0","1","0","0","","1455","2","1","0","0","0","1","0","2","0","2","0","0","0","3","","","N","","","","","","","","","",""
"2022060661","1645","0","0","0","0","0","0","0","0","0","7","0","","67","6","2022","2","40.040173","-75.005866","1624","6","0","0","0","0","0","0","0","0","","0","0","0","15","1","0","N","0","0","40 02:24.622","","0","75 00:21.119","0","0","0","0","67301","0","0","0","N","0","0","0","2","68K01","0","","2.0","","9","N","N","N","1","","0","0","1","0","0","","1543","2","0","0","0","0","0","0","2","0","2","0","0","0","7","07","","N","","","","","","","","","",""