"CRN","ARRIVAL_TM","AUTOMOBILE_COUNT","BELTED_DEATH_COUNT","BELTED_SUSP_SERIOUS_INJ_COUNT","BICYCLE_COUNT","BICYCLE_DEATH_COUNT","BICYCLE_SUSP_SERIOUS_INJ_COUNT","BUS_COUNT","CHLDPAS_DEATH_COUNT","CHLDPAS_SUSP_SERIOUS_INJ_COUNT","COLLISION_TYPE","COMM_VEH_COUNT","CONS_ZONE_SPD_LIM","COUNTY","CRASH_MONTH","CRASH_YEAR","DAY_OF_WEEK","DEC_LATITUDE","DEC_LONGITUDE","DISPATCH_TM","DISTRICT","DRIVER_COUNT_16YR","DRIVER_COUNT_17YR","DRIVER_COUNT_18YR","DRIVER_COUNT_19YR","DRIVER_COUNT_20YR","DRIVER_COUNT_50_64YR","DRIVER_COUNT_65_74YR","DRIVER_COUNT_75PLUS","EST_HRS_CLOSED","FATAL_COUNT","HEAVY_TRUCK_COUNT","HORSE_BUGGY_COUNT","HOUR_OF_DAY","ILLUMINATION","INJURY_COUNT","INTERSECTION_RELATED","INTERSECT_TYPE","LANE_CLOSED","LATITUDE","LN_CLOSE_DIR","LOCATION_TYPE","LONGITUDE","MAX_SEVERITY_LEVEL","MCYCLE_DEATH_COUNT","MCYCLE_SUSP_SERIOUS_INJ_COUNT","MOTORCYCLE_COUNT","MUNICIPALITY","NONMOTR_COUNT","NONMOTR_DEATH_COUNT","NONMOTR_SUSP_SERIOUS_INJ_COUNT","NTFY_HIWY_MAINT","PED_COUNT","PED_DEATH_COUNT","PED_SUSP_SERIOUS_INJ_COUNT","PERSON_COUNT","POLICE_AGCY","POSSIBLE_INJ_COUNT","RDWY_SURF_TYPE_CD","RELATION_TO_ROAD","ROADWAY_CLEARED","ROAD_CONDITION","SCH_BUS_IND","SCH_ZONE_IND","SECONDARY_CRASH","SMALL_TRUCK_COUNT","SPEC_JURIS_CD","SUSP_MINOR_INJ_COUNT","SUSP_SERIOUS_INJ_COUNT","SUV_COUNT","TCD_FUNC_CD","TCD_TYPE","TFC_DETOUR_IND","TIME_OF_DAY","TOTAL_UNITS","TOT_INJ_COUNT","UNBELTED_OCC_COUNT","UNB_DEATH_COUNT","UNB_SUSP_SERIOUS_INJ_COUNT","UNK_INJ_DEG_COUNT","UNK_INJ_PER_COUNT","URBAN_RURAL","VAN_COUNT","VEHICLE_COUNT","VULNERABLE_ROAD_USER_COUNT","VULNERABLE_ROAD_USER_DEATH_COUNT","VULNERABLE_ROAD_USER_SER_INJ_COUNT","WEATHER1","WEATHER2","WORKERS_PRES","WORK_ZONE_IND","WORK_ZONE_LOC","WORK_ZONE_TYPE","WZ_CLOSE_DETOUR","WZ_FLAGGER","WZ_LAW_OFFCR_IND","WZ_LN_CLOSURE","WZ_MOVING","WZ_OTHER","WZ_SHLDER_MDN","WZ_WORKERS_INJ_KILLED"
"2022072206","1350","0","0","0","1","0","0","0","0","0","8","0","","67","6","2022","4","39.945329","-75.151628","1342","6","0","0","0","0","0","0","0","0","","0","0","0","17","1","1","","1","0","39 56:43.184","","0","75 09:05.860","3","0","0","0","67301","1","0","0","N","0","0","0","2","67301","0","","1.0","","99","N","N","N","1","","1","0","0","3","2","","1730","2","1","0","0","0","0","0","2","0","1","1","0","0","99","","","N","","","","","","","","","",""
"2022060115","1500","1","0","0","0","0","0","0","0","0","4","0","","67","6","2022","1","40.024148","-75.133202","1500","6","0","0","0","0","0","0","0","0","","0","0","0","3","6","0","","5","0","40 01:26.931","","0","75 07:59.528","0","0","0","0","67301","0","0","0","N","0","0","0","2","67301","0","","1.0","","99","N","N","N","0","","0","0","0","3","2","","300","2","0","0","0","0","0","0","2","0","2","0","0","0","99","","","N","","","","","","","","","",""
"2022069586","0058","1","0","0","0","0","0","0","0","0","1","0","","67","6","2022","2","39.891796","-75.198333","0047","6","0","0","0","0","0","0","0","0","","0","0","0","0","3","0","N","0","1","39 53:30.464","1","3","75 11:53.997","0","0","0","0","67301","0","0","0","N","0","0","0","3","68K01","0","","2.0","140.0","1","N","N","N","0","","0","0","1","0","0","N","45","3","0","0","0","0","0","0","2","1","3","0","0","0","3","","","N","","","","","","","","","",""
"2022056491","1535","2","0","0","0","0","0","0","0","0","5","0","","67","6","2022","6","39.992997","-75.162962","1535","6","0","0","0","0","0","0","0","0","","0","0","0","13","1","0","","3","0","39 59:34.789","","0","75 09:46.663","0","0","0","0","67301","0","0","0","N","0","0","0","1","67301","0","","1.0","","1","N","N","N","0","","0","0","1","0","0","","1300","3","0","0","0","0","0","0","2","0","3","0","0","0","3","03","","N","","","","","","","","","",""
"2022063083","1848","2","0","0","0","0","0","0","0","0","4","0","","67","6","2022","2","39.967073","-75.243775","1848","6","0","0","0","0","0","0","1","0","","0","0","0","18","1","1","","1","0","39 58:01.462","","0","75 14:37.590","3","0","0","0","67301","0","0","0","N","0","0","0","2","67301","0","","1.0","","1","N","N","N","0","","1","0","0","3","3","","1800","2","1","1","0","0","0","0","2","0","2","0","0","0","3","","","N","","","","","","","","","",""
"2022072935","1509","1","0","0","0","0","0","0","0","0","1","0","","67","8","2022","5","39.898817","-75.173015","1501","6","0","0","0","0","0","0","0","0","","0","0","0","14","1","3","N","0","2","39 53:55.740","1","0","75 10:22.854","3","0","0","0","67301","0","0","0","N","0","0","0","3","68K01","0","","1.0","1520.0","1","N","N","N","0","","3","0","1","0","0","N","1438","2","3","0","0","0","0","0","2","0","2","0","0","0","3","","","N","","","","","","","","","",""
"2022072588","1531","1","0","0","0","0","0","0","0","0","8","0","","67","5","2022","3","39.996452","-75.11349","1531","6","0","0","0","0","0","0","0","0","","0","0","0","15","1","1","","1","0","39 59:47.227","","0","75 06:48.563","3","0","0","0","67301","1","0","0","N","1","0","0","2","67301","0","","1.0","","1","N","N","N","0","","1","0","0","3","2","","1530","2","1","0","0","0","0","1","2","0","1","1","0","0","3","04","","N","","","","","","","","","",""
"2022060124","2314","1","0","0","0","0","0","0","0","0","4","0","","67","6","2022","6","40.00372","-75.177118","2312","6","0","0","0","0","0","0","0","0","","0","0","0","21","3","1","","2","0","40 00:13.392","","0","75 10:37.626","3","0","0","0","67301","0","0","0","N","0","0","0","2","67301","0","","1.0","","1","N","N","N","0","","1","0","1","3","3","","2100","2","1","0","0","0","0","1","2","0","2","0","0","0","3","03","","N","","","","","","","","","",""
"2022046395","","1","0","0","0","0","0","0","0","0","4","0","","67","5","2022","1","39.903432","-75.243164","","6","0","0","0","0","0","0","0","0","","0","0","0","19","1","1","","1","0","39 54:12.355","","0","75 14:35.390","3","0","0","0","67301","0","0","0","N","0","0","0","2","00000","0","","1.0","","1","","","N","0","","1","0","0","3","2","","1915","2","1","0","0","0","0","0","2","0","2","0","0","0","3","","","N","","","","","","","","","",""
"2022072296","1335","1","0","0","0","0","0","0","0","0","5","1","","67","4","2022","6","39.999139","-75.166833","1328","6","0","0","0","0","0","0","0","0","","0","1","0","13","1","1","N","0","0","39 59:56.900","","0","75 10:00.600","3","0","0","0","67301","0","0","0","N","0","0","0","3","67301","0","","6.0","","1","N","N","N","0","","1","0","0","0","0","","1302","2","1","0","0","0","0","0","2","0","2","0","0","0","3","03","","N","","","","","","","","","",""
"2022056904","0920","0","0","0","0","0","0","0","0","0","1","0","","67","6","2022","5","39.990878","-75.11483","0915","6","0","0","0","0","0","1","0","0","","0","0","0","9","1","1","","2","0","39 59:27.161","","0","75 06:53.387","3","0","0","0","67301","0","0","0","N","0","0","0","1","67301","0","","1.0","","9","N","N","N","1","","1","0","1","3","2","","900","2","1","0","0","0","0","0","2","0","2","0","0","0","7","07","","N","","","","","","","","","",""
"2022060060","1940","1","0","0","0","0","0","0","0","0","5","0","","67","6","2022","6","39.949831","-75.235192","1921","6","0","0","0","0","0","1","0","0","","0","0","0","19","1","1","N","0","0","39 56:59.390","","0","75 14:06.690","3","0","0","1","67301","0","0","0","N","0","0","0","3","67301","0","","1.0","","1","N","N","Y","0","","1","0","1","0","0","","1915","3","1","0","0","0","0","0","2","0","3","0","0","0","3","03","","N","","","","","","","","","",""
"2022072225","1128","1","0","0","0","0","0","0","0","0","4","1","","67","4","2022","2","39.918211","-75.208835","1153","6","0","0","0","0","0","0","0","0","","0","1","0","11","1","1","","2","2","39 55:05.558","1","0","75 12:31.805","8","0","0","0","67301","0","0","0","N","0","0","0","2","67301","0","","1.0","1300.0","1","N","N","N","0","","0","0","0","3","2","N","1128","2","1","0","0","0","1","0","2","0","2","0","0","0","4","04","","N","","","","","","","","","",""
"2022066477","","1","0","0","0","0","0","0","0","0","4","0","","67","4","2022","2","39.985822","-75.181018","","6","0","0","0","0","0","0","1","0","","0","0","0","19","1","2","","1","0","39 59:08.960","","0","75 10:51.665","8","0","0","0","67301","0","0","0","N","0","0","0","3","00000","0","","1.0","","1","","","N","0","","0","0","0","3","2","","1916","2","2","0","0","0","2","0","2","1","2","0","0","0","3","","","N","","","","","","","","","",""
"2022068810","1137","1","0","0","0","0","0","0","0","0","5","0","","67","6","2022","3","39.974189","-75.163825","1129","6","0","0","0","0","0","0","0","0","","0","0","0","6","1","0","","2","0","39 58:27.080","","0","75 09:49.769","0","0","0","0","67301","0","0","0","N","0","0","0","1","67301","0","","1.0","","1","N","N","N","0","","0","0","1","0","0","","620","2","0","0","0","0","0","0","2","0","2","0","0","0","3","03","","N","","","","","","","","","",""
"2022072239","0613","1","0","0","0","0","0","0","0","0","7","0","","67","8","2022","1","40.039092","-75.184436","0609","6","0","0","0","0","0","0","0","0","","0","0","0","5","5","1","N","0","0","40 02:20.730","","0","75 11:03.970","2","0","0","0","67301","0","0","0","N","0","0","0","1","67301","0","","4.0","","1","N","N","N","0","","0","1","0","0","0","","540","1","1","1","0","1","0","0","2","0","1","0","0","0","3","","","N","","","","","","","","","",""
"2022060466","0920","1","0","0","0","0","0","0","0","0","3","0","","67","6","2022","3","39.946","-75.155556","0915","6","0","0","0","0","0","1","0","0","","0","0","0","9","1","0","N","0","0","39 56:45.600","","0","75 09:20.000","0","0","0","0","67301","0","0","0","N","0","0","0","2","67301","0","","1.0","","1","N","N","N","0","","0","0","0","0","0","","900","2","0","0","0","0","0","0","2","1","2","0","0","0","3","03","","N","","","","","","","","","",""
"2022048840","","2","0","0","0","0","0","0","0","0","4","0","","67","5","2022","7","39.917183","-75.246303","","6","0","0","0","0","0","0","0","0","","0","0","0","99","1","0","","1","0","39 55:01.859","","0","75 14:46.691","0","0","0","0","67301","0","0","0","N","0","0","0","2","00000","0","","1.0","","1","","","N","0","","0","0","0","3","2","","9999","2","0","0","0","0","0","0","2","0","2","0","0","0","3","","","N","","","","","","","","","",""
"2022060109","1845","0","0","0","0","0","0","0","0","0","1","0","","67","6","2022","6","40.02733","-75.147299","1840","6","0","0","0","0","0","0","0","0","","0","0","0","17","1","2","N","0","0","40 01:38.387","","0","75 08:50.276","3","0","0","0","67301","0","0","0","N","0","0","0","2","67301","0","","6.0","","1","N","N","N","0","","2","0","2","0","0","","1730","2","2","0","0","0","0","0","2","0","2","0","0","0","3","03","","N","","","","","","","","","",""
"2022063089","0831","0","0","0","0","0","0","0","0","0","4","0","","67","6","2022","6","39.978065","-75.214213","0831","6","0","0","0","0","0","0","0","0","","0","0","0","8","1","3","N","0","1","39 58:41.035","4","0","75 12:51.167","3","0","0","0","67301","0","0","0","N","0","0","0","3","67301","1","","1.0","1050.0","1","N","N","N","0","","2","0","2","0","0","N","831","2","3","2","0","0","0","0","2","0","2","0","0","0","3","","","N","","","","","","","","","",""
"2022072247","1253","1","0","0","0","0","0","1","0","0","2","1","15","67","8","2022","5","40.018166","-75.047121","1248","6","0","0","0","0","0","1","0","0","","0","0","0","12","1","0","","3","0","40 01:05.397","","0","75 02:49.634","0","0","0","0","67301","0","0","0","N","0","0","0","1","67301","0","","1.0","","1","N","N","N","1","","0","0","0","3","2","","1243","3","0","0","0","0","0","0","2","0","3","0","0","0","3","03","Y","Y","4","1","N","N","N","Y","N","N","Y","N"
"2022073199","0233","1","0","0","0","0","0","0","0","0","6","0","","67","8","2022","7","40.02657","-75.150791","0230","6","0","0","0","0","0","1","0","0","","0","0","0","2","3","0","","5","0","40 01:35.651","","0","75 09:02.847","0","0","0","0","67301","0","0","0","N","0","0","0","1","67301","0","","1.0","","1","N","N","N","1","","0","0","0","3","2","","223","2","0","0","0","0","0","0","2","0","2","0","0","0","3","98","","N","","","","","","","","","",""
"2022056676","1835","0","0","0","0","0","0","0","0","0","4","0","","67","6","2022","3","39.943352","-75.210839","1825","6","0","0","0","0","0","0","0","0","","0","0","0","18","1","1","","1","1","39 56:36.067","4","0","75 12:39.020","4","0","0","0","67301","0","0","0","N","0","0","0","3","67508","1","","1.0","9999.0","1","N","N","Y","0","","0","0","1","3","2","Y","1825","2","1","1","0","0","0","0","2","0","2","0","0","0","3","03","","N","","","","","","","","","",""
"2022072789","1710","2","0","0","0","0","0","0","0","0","1","0","","67","7","2022","4","39.977188","-75.199251","1654","6","0","0","0","0","1","1","1","0","","0","0","0","16","1","0","N","0","0","39 58:37.875","","0","75 11:57.303","0","0","0","0","67301","0","0","0","N","0","0","0","3","68K03","0","","1.0","","1","N","N","Y","0","","0","0","1","0","0","","1648","3","0","0","0","0","0","0","2","0","3","0","0","0","3","03","","N","","","","","","","","","",""
"2022072563","0020","1","0","0","0","0","0","1","0","0","4","1","","67","8","2022","2","39.952785","-75.16685","0017","6","0","0","0","0","0","0","0","0","","0","0","0","0","3","1","","1","0","39 57:10.026","","0","75 10:00.661","3","0","0","0","67301","0","0","0","N","0","0","0","2","67301","0","","1.0","","1","N","N","N","0","","1","0","0","3","2","","15","2","1","0","0","0","0","0","2","0","2","0","0","0","3","03","","N","","","","","","","","","",""
"2022072861","1645","2","0","0","0","0","0","0","0","0","1","0","","67","8","2022","3","40.049811","-75.011169","1644","6","0","0","0","0","0","0","0","0","","0","0","0","16","1","5","N","0","1","40 02:59.319","1","0","75 00:40.208","3","0","0","0","67301","0","0","0","N","0","0","0","5","67301","0","","1.0","1710.0","1","N","N","N","0","","5","0","0","0","0","N","1643","2","5","0","0","0","0","0","2","0","2","0","0","0","3","03","","N","","","","","","","","","",""
"2022060051","1054","1","0","0","0","0","0","0","0","0","7","0","","67","6","2022","1","40.026511","-75.097776","1017","6","0","0","0","0","0","0","0","0","","0","0","0","7","1","1","N","0","0","40 01:35.438","","0","75 05:51.995","4","0","0","0","67301","0","0","0","N","0","0","0","2","67301","1","","4.0","","1","N","N","N","0","","0","0","0","0","0","","713","2","1","2","0","0","0","0","2","0","1","0","0","0","3","03","","N","","","","","","","","","",""
"2022072934","1953","1","0","0","0","0","0","0","0","0","7","0","","67","8","2022","4","39.959444","-75.174375","1953","6","0","0","0","1","0","0","0","0","","0","0","0","19","1","0","N","0","1","39 57:33.997","4","0","75 10:27.750","0","0","0","0","67301","0","0","0","N","0","0","0","1","68K01","0","","4.0","2020.0","1","N","N","N","0","","0","0","0","0","0","N","1925","1","0","0","0","0","0","0","2","0","1","0","0","0","3","03","","N","","","","","","","","","",""
"2022071372","1555","1","0","0","0","0","0","0","0","0","1","0","","67","7","2022","5","40.034564","-75.018832","1534","6","0","0","0","0","0","0","0","0","","0","0","0","15","1","1","N","0","2","40 02:04.430","1","0","75 01:07.796","8","0","0","0","67301","0","0","0","N","0","0","0","1","68K01","0","","1.0","1610.0","1","N","N","N","1","","0","0","0","0","0","N","1532","2","1","0","0","0","1","0","2","0","2","0","0","0","3","03","","N","","","","","","","","","",""
"2022070525","0701","1","0","0","0","0","0","0","0","0","1","1","","67","7","2022","4","39.974125","-75.118996","0655","6","0","0","0","0","0","1","0","0","","0","1","0","6","1","4","N","0","1","39 58:26.850","2","0","75 07:08.387","8","0","0","0","67301","0","0","0","N","0","0","0","5","68K01","0","","1.0","710.0","1","N","N","N","0","","0","0","0","0","0","N","649","2","4","0","0","0","4","1","2","0","2","0","0","0","4","04","","N","","","","","","","","","",""
"2022057755","1100","1","0","0","0","0","0","0","0","0","4","0","","67","6","2022","2","40.034591","-75.044907","1053","6","0","0","0","0","0","0","1","0","","0","0","0","10","1","1","","1","0","40 02:04.528","","0","75 02:41.665","3","0","0","0","67301","0","0","0","N","0","0","0","2","67301","0","","1.0","","1","N","N","N","0","","1","0","1","3","2","","1051","2","1","0","0","0","0","0","2","0","2","0","0","0","3","03","","N","","","","","","","","","",""
"2022060153","1421","1","0","0","0","0","0","0","0","0","8","0","","67","6","2022","3","39.989372","-75.155545","1419","6","0","0","0","0","0","0","0","0","","0","0","0","14","1","4","","1","1","39 59:21.740","4","0","75 09:19.962","8","0","0","0","67301","4","0","0","N","4","0","0","5","67301","0","","1.0","1510.0","1","N","N","N","0","","0","0","0","3","2","Y","1419","5","4","0","0","0","4","0","2","0","1","4","0","0","3","03","","N","","","","","","","","","",""
"2022060001","1339","3","0","0","0","0","0","0","0","0","5","0","","67","6","2022","1","40.046472","-75.083178","1329","6","0","0","0","0","0","0","0","0","","0","0","0","13","1","1","N","0","0","40 02:47.300","","0","75 04:59.440","4","0","0","0","67301","0","0","0","N","0","0","0","1","67301","1","","6.0","","1","N","N","Y","0","","0","0","0","0","0","","1318","3","1","0","0","0","0","0","2","0","3","0","0","0","3","","","N","","","","","","","","","",""
"2022072816","0615","0","0","0","0","0","0","0","0","0","7","1","","67","7","2022","7","40.045725","-74.999781","0610","6","0","0","0","0","0","0","0","0","","0","1","0","6","1","1","N","0","1","40 02:44.609","1","2","74 59:59.210","8","0","0","0","67301","0","0","0","Y","0","0","0","2","68K01","0","","2.0","1000.0","1","N","N","N","0","","0","0","0","0","0","N","606","1","1","0","0","0","1","0","2","0","1","0","0","0","3","03","","N","","","","","","","","","",""
"2022046402","","1","0","0","0","0","0","0","0","0","1","0","","67","5","2022","6","40.105161","-75.032846","","6","0","0","0","0","0","0","0","0","","0","0","0","14","1","1","","1","0","40 06:18.580","","0","75 01:58.246","8","0","0","0","67301","0","0","0","N","0","0","0","2","00000","0","","1.0","","1","","","N","0","","0","0","1","3","2","","1430","2","1","0","0","0","1","0","2","0","2","0","0","0","3","","","N","","","","","","","","","",""
"2022068780","0325","1","0","0","0","0","0","0","0","0","4","0","","67","6","2022","7","39.994553","-75.159382","0318","6","0","0","0","0","0","0","0","0","","0","0","0","3","3","2","","1","0","39 59:40.391","","0","75 09:33.775","3","0","0","0","67301","0","0","0","N","0","0","0","3","67301","0","","1.0","","1","N","N","N","0","","2","0","1","3","2","","300","2","2","0","0","0","0","0","2","0","2","0","0","0","3","","","N","","","","","","","","","",""
"2022057701","","1","0","0","0","0","0","0","0","0","1","0","","67","5","2022","7","40.030999","-75.021755","","6","0","0","0","0","0","0","0","0","","0","0","0","12","1","1","N","0","0","40 01:51.596","","3","75 01:18.318","8","0","0","0","67301","0","0","0","N","0","0","0","2","00000","0","","1.0","","1","","","N","0","","0","0","1","0","0","","1230","2","1","0","0","0","1","0","2","0","2","0","0","0","3","","","N","","","","","","","","","",""
"2022056679","0350","3","0","0","0","0","0","0","0","0","5","0","","67","6","2022","7","39.990955","-75.131826","0350","6","0","0","0","0","0","0","0","0","","0","0","0","2","3","0","N","0","0","39 59:27.438","","0","75 07:54.573","0","0","0","0","67301","0","0","0","N","0","0","0","1","67301","0","","6.0","","1","N","N","N","0","","0","0","0","0","0","","200","3","0","0","0","0","0","0","2","0","3","0","0","0","3","","","N","","","","","","","","","",""
"2022060113","1400","2","0","0","0","0","0","0","0","0","1","0","","67","6","2022","7","40.047504","-75.142902","1400","6","0","0","0","0","0","0","0","0","","0","0","0","3","6","1","","1","0","40 02:51.013","","0","75 08:34.447","8","0","0","0","67301","0","0","0","N","0","0","0","3","67301","0","","1.0","","99","N","N","N","0","","0","0","0","3","2","","314","2","1","1","0","0","1","2","2","0","2","0","0","0","99","","","N","","","","","","","","","",""
"2022064349","","0","0","0","0","0","0","0","0","0","5","0","","67","3","2022","6","39.975088","-75.194965","","6","0","0","0","0","0","0","0","0","","0","0","0","16","1","1","","1","0","39 58:30.316","","0","75 11:41.875","8","0","0","0","67301","0","0","0","N","0","0","0","2","00000","0","","1.0","","1","","","N","0","","0","0","1","3","2","","1601","2","1","0","0","0","1","0","2","0","2","0","0","0","3","","","N","","","","","","","","","",""
"2022070509","1516","1","0","0","0","0","0","0","0","0","4","0","","67","7","2022","3","39.994419","-75.198522","1512","6","0","0","0","0","0","0","0","0","","0","0","0","15","1","1","N","0","1","39 59:39.907","4","0","75 11:54.678","4","0","0","0","67301","0","0","0","N","0","0","0","3","68K01","1","","1.0","1518.0","1","N","N","N","0","","0","0","1","0","0","N","1511","2","1","0","0","0","0","0","2","0","2","0","0","0","3","","","N","","","","","","","","","",""
"2022048825","","1","0","0","0","0","0","0","0","0","5","0","","67","5","2022","2","39.888985","-75.246809","","6","0","0","0","0","0","0","0","0","","0","0","0","12","1","0","N","0","0","39 53:20.347","","0","75 14:48.512","0","0","0","0","67301","0","0","0","N","0","0","0","2","00000","0","","1.0","","1","","","N","0","","0","0","1","0","0","","1253","2","0","0","0","0","0","0","2","0","2","0","0","0","3","","","N","","","","","","","","","",""
"2022061413","0653","1","0","0","0","0","0","0","0","0","2","1","","67","6","2022","1","39.954681","-75.235581","0653","6","0","0","0","0","0","0","0","0","","0","1","0","6","1","1","N","0","0","39 57:16.850","","0","75 14:08.090","3","0","0","0","67301","0","0","0","N","0","0","0","1","67301","0","","6.0","","1","N","N","N","0","","1","0","0","0","0","","650","2","1","1","0","0","0","0","2","0","2","0","0","0","3","03","","N","","","","","","","","","",""
"2022057143","1736","2","0","0","0","0","0","0","0","0","4","0","","67","6","2022","1","39.95872","-75.162257","1733","6","0","0","0","0","1","0","0","0","","0","0","0","17","1","0","","1","1","39 57:31.392","2","0","75 09:44.125","0","0","0","0","67301","0","0","0","N","0","0","0","2","67301","0","","1.0","1757.0","1","N","N","Y","0","","0","0","0","0","0","N","1730","2","0","0","0","0","0","0","2","0","2","0","0","0","3","03","","N","","","","","","","","","",""
"2022072222","1122","1","0","0","0","0","0","0","0","0","1","0","","67","8","2022","7","40.074148","-75.01652","1117","6","0","0","0","0","0","0","0","1","","0","0","0","10","1","1","N","0","0","40 04:26.933","","0","75 00:59.472","3","0","0","0","67301","0","0","0","N","0","0","0","2","67301","0","","1.0","","1","N","N","N","0","","1","0","0","3","2","","1050","2","1","0","0","0","0","1","2","0","2","0","0","0","3","03","","N","","","","","","","","","",""
"2022073006","1303","2","0","0","0","0","0","0","0","0","4","0","","67","8","2022","3","40.092437","-75.066147","1258","6","0","0","0","0","1","0","0","0","","0","0","0","12","1","0","","2","0","40 05:32.773","","0","75 03:58.129","0","0","0","0","67301","0","0","0","N","0","0","0","4","67301","0","","1.0","","1","N","N","N","0","","0","0","0","3","2","","1253","2","0","0","0","0","0","0","2","0","2","0","0","0","3","03","","N","","","","","","","","","",""
"2022068202","2324","2","0","0","0","0","0","0","0","0","5","0","","67","6","2022","2","39.959346","-75.173584","2317","6","0","0","0","0","0","0","0","0","","0","0","0","23","3","2","N","0","1","39 57:33.644","4","0","75 10:24.901","8","0","0","0","67301","0","0","0","N","0","0","0","2","68K01","0","","1.0","2350.0","1","N","N","N","0","","0","0","0","0","0","N","2315","2","2","0","0","0","2","0","2","0","2","0","0","0","3","03","","N","","","","","","","","","",""
"2022057974","0945","1","0","0","0","0","0","0","0","0","7","0","","67","6","2022","3","39.99093","-75.204091","0936","6","0","0","0","0","0","0","0","0","","0","0","0","9","1","1","N","0","1","39 59:27.349","4","0","75 12:14.729","3","0","0","0","67301","0","0","0","N","0","0","0","1","68K01","0","","4.0","30.0","9","N","N","N","0","","1","0","0","0","0","N","936","1","1","1","0","0","0","0","2","0","1","0","0","0","3","03","","N","","","","","","","","","",""
"2022045585","0145","4","0","0","0","0","0","0","0","0","5","0","","67","5","2022","4","39.981675","-75.124186","0140","6","0","0","0","0","0","0","0","0","","0","0","0","1","3","0","N","0","2","39 58:54.030","2","0","75 07:27.070","0","0","0","0","67301","0","0","0","N","0","0","0","1","67301","0","","6.0","328.0","1","N","N","N","0","","0","0","1","0","0","Y","124","5","0","0","0","0","0","0","2","0","5","0","0","0","3","","","N","","","","","","","","","",""
"2022057756","0925","2","0","0","0","0","0","0","0","0","1","0","","67","6","2022","3","40.02474","-75.030917","0919","6","0","0","0","0","0","1","0","0","","0","0","0","9","1","1","","2","0","40 01:29.065","","0","75 01:51.302","3","0","0","0","67301","0","0","0","N","0","0","0","2","67301","0","","1.0","","1","N","N","N","0","","1","0","0","0","0","","915","2","1","0","0","0","0","0","2","0","2","0","0","0","3","03","","N","","","","","","","","","",""
"2022047592","1739","2","0","0","0","0","0","0","0","0","1","0","","67","5","2022","3","39.979445","-75.204002","1736","6","0","0","0","0","0","0","0","0","","0","0","0","17","1","1","N","0","2","39 58:46.001","4","0","75 12:14.406","8","0","0","0","67301","0","0","0","N","0","0","0","3","68K01","0","","1.0","1759.0","1","N","N","N","0","","0","0","1","0","0","N","1735","3","1","0","0","0","1","0","2","0","3","0","0","0","3","","","N","","","","","","","","","",""
"2022047797","1535","2","0","1","0","0","0","0","0","0","4","0","","67","5","2022","7","40.002888","-75.187263","1535","6","0","0","0","0","0","0","0","0","","0","0","0","14","1","5","","1","0","40 00:10.396","","0","75 11:14.148","2","0","0","0","67301","0","0","0","N","0","0","0","5","67301","0","","1.0","","1","N","N","Y","0","","4","1","1","0","0","","1424","3","5","0","0","0","0","0","2","0","3","0","0","0","3","","","N","","","","","","","","","",""
"2022056850","0631","1","0","0","0","0","0","0","0","0","1","0","","67","5","2022","2","39.964579","-75.185098","0624","6","0","0","0","0","0","0","0","0","","0","0","0","6","1","0","N","0","0","39 57:52.484","","0","75 11:06.354","0","0","0","0","67301","0","0","0","N","0","0","0","3","68K01","0","","1.0","","1","N","N","Y","0","","0","0","2","0","0","","618","3","0","0","0","0","0","0","2","0","3","0","0","0","3","03","","N","","","","","","","","","",""
"2022056757","1009","1","0","0","0","0","0","0","0","0","7","0","","67","4","2022","7","39.99535","-75.08354","0956","6","0","0","0","0","0","0","0","0","","0","0","0","9","1","0","N","0","1","39 59:43.261","2","0","75 05:00.744","0","0","0","0","67301","0","0","0","N","0","0","0","1","68K01","0","","4.0","1035.0","1","N","N","N","0","","0","0","0","3","8","N","955","1","0","0","0","0","0","0","2","0","1","0","0","0","3","","","N","","","","","","","","","",""
"2022055651","1736","3","0","0","0","0","0","0","0","0","1","0","","67","4","2022","1","39.999809","-75.153184","1730","6","0","0","0","1","0","1","1","0","","0","0","0","17","1","1","N","0","0","39 59:59.311","","0","75 09:11.464","8","0","0","0","67301","0","0","0","N","0","0","0","4","67301","0","","1.0","","1","N","N","N","0","","0","0","0","3","2","","1724","3","1","0","0","0","1","0","2","0","3","0","0","0","3","03","","N","","","","","","","","","",""
"2022056970","1925","0","0","0","0","0","0","0","0","0","4","0","","67","6","2022","1","40.099527","-74.986368","1917","6","0","0","0","0","0","1","0","0","","0","0","0","19","1","2","","1","0","40 05:58.296","","2","74 59:10.926","3","0","0","0","67301","0","0","0","N","0","0","0","2","67301","0","","1.0","","1","N","N","N","0","","2","0","1","3","2","","1916","2","2","0","0","0","0","0","2","1","2","0","0","0","3","03","","N","","","","","","","","","",""
"2022056406","1608","0","0","0","0","0","0","1","0","0","8","1","","67","5","2022","2","39.951859","-75.171915","1606","6","0","0","0","0","0","0","0","0","","0","0","0","99","1","1","","1","0","39 57:06.693","","0","75 10:18.895","3","0","0","0","67301","1","0","0","N","1","0","0","2","67508","0","","1.0","","1","N","N","Y","0","","1","0","0","3","2","","9999","2","1","0","0","0","0","0","2","0","1","1","0","0","3","03","","N","","","","","","","","","",""