"CRN","ARRIVAL_TM","AUTOMOBILE_COUNT","BELTED_DEATH_COUNT","BELTED_SUSP_SERIOUS_INJ_COUNT","BICYCLE_COUNT","BICYCLE_DEATH_COUNT","BICYCLE_SUSP_SERIOUS_INJ_COUNT","BUS_COUNT","CHLDPAS_DEATH_COUNT","CHLDPAS_SUSP_SERIOUS_INJ_COUNT","COLLISION_TYPE","COMM_VEH_COUNT","CONS_ZONE_SPD_LIM","COUNTY","CRASH_MONTH","CRASH_YEAR","DAY_OF_WEEK","DEC_LATITUDE","DEC_LONGITUDE","DISPATCH_TM","DISTRICT","DRIVER_COUNT_16YR","DRIVER_COUNT_17YR","DRIVER_COUNT_18YR","DRIVER_COUNT_19YR","DRIVER_COUNT_20YR","DRIVER_COUNT_50_64YR","DRIVER_COUNT_65_74YR","DRIVER_COUNT_75PLUS","EST_HRS_CLOSED","FATAL_COUNT","HEAVY_TRUCK_COUNT","HORSE_BUGGY_COUNT","HOUR_OF_DAY","ILLUMINATION","INJURY_COUNT","INTERSECTION_RELATED","INTERSECT_TYPE","LANE_CLOSED","LATITUDE","LN_CLOSE_DIR","LOCATION_TYPE","LONGITUDE","MAX_SEVERITY_LEVEL","MCYCLE_DEATH_COUNT","MCYCLE_SUSP_SERIOUS_INJ_COUNT","MOTORCYCLE_COUNT","MUNICIPALITY","NONMOTR_COUNT","NONMOTR_DEATH_COUNT","NONMOTR_SUSP_SERIOUS_INJ_COUNT","NTFY_HIWY_MAINT","PED_COUNT","PED_DEATH_COUNT","PED_SUSP_SERIOUS_INJ_COUNT","PERSON_COUNT","POLICE_AGCY","POSSIBLE_INJ_COUNT","RDWY_SURF_TYPE_CD","RELATION_TO_ROAD","ROADWAY_CLEARED","ROAD_CONDITION","SCH_BUS_IND","SCH_ZONE_IND","SECONDARY_CRASH","SMALL_TRUCK_COUNT","SPEC_JURIS_CD","SUSP_MINOR_INJ_COUNT","SUSP_SERIOUS_INJ_COUNT","SUV_COUNT","TCD_FUNC_CD","TCD_TYPE","TFC_DETOUR_IND","TIME_OF_DAY","TOTAL_UNITS","TOT_INJ_COUNT","UNBELTED_OCC_COUNT","UNB_DEATH_COUNT","UNB_SUSP_SERIOUS_INJ_COUNT","UNK_INJ_DEG_COUNT","UNK_INJ_PER_COUNT","URBAN_RURAL","VAN_COUNT","VEHICLE_COUNT","VULNERABLE_ROAD_USER_COUNT","VULNERABLE_ROAD_USER_DEATH_COUNT","VULNERABLE_ROAD_USER_SER_INJ_COUNT","WEATHER1","WEATHER2","WORKERS_PRES","WORK_ZONE_IND","WORK_ZONE_LOC","WORK_ZONE_TYPE","WZ_CLOSE_DETOUR","WZ_FLAGGER","WZ_LAW_OFFCR_IND","WZ_LN_CLOSURE","WZ_MOVING","WZ_OTHER","WZ_SHLDER_MDN","WZ_WORKERS_INJ_KILLED"
"2022057265","1239","1","0","0","0","0","0","0","0","0","4","0","","67","6","2022","2","39.90369","-75.243251","1225","6","0","0","0","0","0","2","0","0","","0","0","0","11","1","0","","1","0","39 54:13.283","","0","75 14:35.703","0","0","0","0","67301","0","0","0","Y","0","0","0","2","67301","0","","1.0","","1","N","N","Y","0","","0","0","1","3","2","","1150","2","0","0","0","0","0","0","2","0","2","0","0","0","3","03","","N","","","","","","","","","",""
"2022044078","","1","0","0","0","0","0","0","0","0","5","0","","67","5","2022","5","40.033655","-75.071805","","6","0","0","0","0","0","0","0","0","","0","0","0","20","1","1","N","0","0","40 02:01.157","","0","75 04:18.499","8","0","0","1","67301","0","0","0","N","0","0","0","2","00000","0","","1.0","","1","","","N","0","","0","0","0","0","0","","2020","2","1","0","0","0","1","0","2","0","2","0","0","0","3","","","N","","","","","","","","","",""
"2022042901","1844","2","0","0","0","0","0","0","0","0","5","0","","67","5","2022","1","39.906861","-75.138472","1837","6","0","0","0","0","0","0","0","0","","0","0","0","18","1","1","N","0","1","39 54:24.700","4","3","75 08:18.500","4","0","0","0","67301","0","0","0","N","0","0","0","3","67501","1","","1.0","1918.0","1","N","N","N","1","","0","0","0","0","0","N","1834","3","1","0","0","0","0","0","2","0","3","0","0","0","3","","","N","","","","","","","","","",""
"2022055548","0840","0","0","0","0","0","0","1","0","0","5","1","","67","6","2022","2","40.032151","-75.091828","0840","6","0","0","0","0","0","0","0","0","","0","0","0","8","1","1","","1","2","40 01:55.743","2","0","75 05:30.580","3","0","0","0","67301","0","0","0","N","0","0","0","4","67301","0","","1.0","900.0","1","Y","N","N","0","","1","0","0","3","2","N","815","2","1","0","0","0","0","0","2","1","2","0","0","0","3","03","","N","","","","","","","","","",""
"2022050544","1926","2","0","0","0","0","0","0","0","0","4","0","","67","5","2022","3","40.0138","-75.078309","1926","6","0","0","0","0","0","1","0","0","","0","0","0","19","1","1","","1","0","40 00:49.681","","0","75 04:41.912","8","0","0","0","67301","0","0","0","N","0","0","0","2","67301","0","","1.0","","1","N","N","N","0","","0","0","0","3","3","","1925","2","1","0","0","0","1","0","2","0","2","0","0","0","3","03","","N","","","","","","","","","",""
"2022050549","0100","2","0","0","0","0","0","0","0","0","5","0","","67","5","2022","2","39.973177","-75.21278","0035","6","0","0","0","0","0","0","0","0","","0","0","0","0","3","1","N","0","0","39 58:23.436","","3","75 12:46.008","4","0","0","0","67301","0","0","0","N","0","0","0","3","67301","1","","1.0","","1","N","N","N","0","","0","0","0","0","0","","24","2","1","0","0","0","0","0","2","0","2","0","0","0","3","03","","N","","","","","","","","","",""
"2022044622","0855","1","0","0","0","0","0","0","0","0","4","0","","67","5","2022","2","39.952801","-75.22842","0855","6","0","0","0","0","0","0","0","0","","0","0","0","6","1","1","","1","0","39 57:10.083","","0","75 13:42.312","3","0","0","0","67301","0","0","0","N","0","0","0","3","67301","0","","1.0","","1","N","N","N","1","","1","0","0","3","3","","620","2","1","1","0","0","0","0","2","0","2","0","0","0","3","03","","N","","","","","","","","","",""
"2022043841","0015","1","0","0","0","0","0","0","0","0","7","0","","67","5","2022","7","40.079","-75.034389","0008","6","0","0","0","0","0","0","0","0","","0","0","0","21","3","0","N","0","0","40 04:44.400","","0","75 02:03.800","9","0","0","0","67301","0","0","0","N","0","0","0","1","67301","0","","5.0","","9","N","N","N","0","","0","0","0","0","0","","2100","1","0","0","0","0","0","1","2","0","1","0","0","0","7","","","N","","","","","","","","","",""
"2022060104","2055","2","0","0","0","0","0","0","0","0","4","0","","67","6","2022","2","39.988786","-75.124433","2051","6","0","0","0","0","0","0","0","0","","0","0","0","20","3","0","","2","0","39 59:19.628","","0","75 07:27.958","0","0","0","0","67301","0","0","0","N","0","0","0","2","67301","0","","1.0","","1","N","N","N","0","","0","0","0","3","3","","2044","2","0","0","0","0","0","0","2","0","2","0","0","0","3","03","","N","","","","","","","","","",""
"2022069850","1805","1","0","0","0","0","0","1","0","0","5","1","","67","7","2022","5","39.979143","-75.213776","1754","6","0","0","0","0","0","0","0","0","","0","0","0","17","1","1","N","0","2","39 58:44.915","3","0","75 12:49.593","3","0","0","0","67301","0","0","0","N","0","0","0","4","67301","0","","1.0","1930.0","1","N","N","N","0","","1","0","1","0","0","Y","1754","3","1","1","0","0","0","0","2","0","3","0","0","0","3","03","","N","","","","","","","","","",""
"2022019526","","0","0","0","0","0","0","0","0","0","4","0","","67","2","2022","2","39.916941","-75.246167","","6","0","0","0","0","0","1","0","0","","0","0","0","21","1","0","N","0","0","39 55:00.988","","7","75 14:46.202","0","0","0","0","67301","0","0","0","N","0","0","0","2","00000","0","","1.0","","1","","","N","0","","0","0","1","0","0","","2136","2","0","0","0","0","0","0","2","0","2","0","0","0","3","","","N","","","","","","","","","",""
"2022044128","0034","1","0","0","0","0","0","0","0","0","4","0","","67","5","2022","4","40.031731","-75.178861","0026","6","0","0","0","0","0","0","0","0","","0","0","0","20","3","1","","1","0","40 01:54.231","","0","75 10:43.900","3","0","0","0","67301","0","0","0","N","0","0","0","2","67301","0","","1.0","","99","N","N","N","0","","1","0","1","3","2","","2045","2","1","1","0","0","0","1","2","0","2","0","0","0","99","","","N","","","","","","","","","",""
"2022042089","0032","0","0","0","0","0","0","0","0","0","4","0","","67","5","2022","6","39.962926","-75.191387","0030","6","0","0","0","0","0","1","0","0","","0","0","0","0","3","0","","1","0","39 57:46.535","","0","75 11:28.992","0","0","0","0","67301","0","0","0","N","0","0","0","2","67507","0","","1.0","","1","N","N","N","0","","0","0","2","3","2","","27","2","0","0","0","0","0","0","2","0","2","0","0","0","3","03","","N","","","","","","","","","",""
"2022043954","1610","1","0","0","0","0","0","0","0","0","4","0","","67","5","2022","3","39.96245","-75.195741","1605","6","0","0","0","0","0","0","1","0","","0","0","0","13","1","0","","1","0","39 57:44.821","","0","75 11:44.667","9","0","0","0","67301","0","0","0","N","0","0","0","2","67301","0","","1.0","","1","N","N","N","1","","0","0","0","3","3","","1350","2","0","0","0","0","0","2","2","0","2","0","0","0","3","","","N","","","","","","","","","",""
"2022059997","1954","1","0","0","0","0","0","0","0","0","8","0","","67","6","2022","6","39.920392","-75.170482","1945","6","0","0","0","0","0","0","0","0","","0","0","0","19","1","1","N","0","0","39 55:13.412","","0","75 10:13.736","3","0","0","0","67301","1","0","0","N","1","0","0","2","67301","0","","1.0","","1","N","N","N","0","","1","0","0","0","0","","1940","2","1","0","0","0","0","0","2","0","1","1","0","0","3","03","","N","","","","","","","","","",""
"2022044110","1142","2","0","0","0","0","0","0","0","0","4","0","","67","5","2022","7","40.029908","-75.14601","1119","6","0","0","0","0","0","1","0","0","","0","0","0","19","3","1","","1","0","40 01:47.668","","0","75 08:45.636","3","0","0","0","67301","0","0","0","N","0","0","0","2","67301","0","","1.0","","9","N","N","N","0","","1","0","0","3","2","","1900","2","1","0","0","0","0","1","2","0","2","0","0","0","7","","","N","","","","","","","","","",""
"2022062052","1450","0","0","1","0","0","0","0","0","0","7","0","","67","7","2022","2","39.968174","-75.190551","1450","6","0","0","0","0","0","1","0","0","","0","0","0","14","1","1","N","0","1","39 58:05.425","4","0","75 11:25.985","2","0","0","0","67301","0","0","0","N","0","0","0","1","68K01","0","","2.0","1600.0","1","N","N","N","0","","0","1","1","0","0","N","1447","1","1","0","0","0","0","0","2","0","1","0","0","0","3","","","N","","","","","","","","","",""
"2022057887","0040","1","0","0","0","0","0","0","0","0","7","0","","67","4","2022","7","39.980472","-75.205573","0034","6","0","0","0","0","0","0","0","0","","0","0","0","0","3","1","N","0","1","39 58:49.698","4","0","75 12:20.064","8","0","0","0","67301","0","0","0","N","0","0","0","1","68K01","0","","3.0","45.0","1","N","N","N","0","","0","0","0","0","0","N","31","1","1","1","0","0","1","0","2","0","1","0","0","0","3","03","","N","","","","","","","","","",""
"2022056981","0017","1","0","0","0","0","0","0","0","0","5","0","","67","5","2022","2","39.976616","-75.196131","0012","6","0","0","0","0","0","1","0","0","","0","0","0","0","3","0","N","0","0","39 58:35.819","","0","75 11:46.070","0","0","0","0","67301","0","0","0","N","0","0","0","3","68K01","0","","1.0","","1","N","N","N","0","","0","0","1","0","0","","1","2","0","0","0","0","0","0","2","0","2","0","0","0","3","","","N","","","","","","","","","",""
"2022044081","0229","2","0","0","0","0","0","0","0","0","5","0","","67","5","2022","6","39.968342","-75.130853","0227","6","0","0","0","0","0","0","0","0","","0","0","0","2","3","0","N","0","0","39 58:06.030","","0","75 07:51.070","0","0","0","0","67301","0","0","0","N","0","0","0","2","67301","0","","6.0","","1","N","N","N","1","","0","0","1","0","0","","220","4","0","0","0","0","0","0","2","0","4","0","0","0","3","03","","N","","","","","","","","","",""
"2022044090","0122","1","0","0","0","0","0","0","0","0","5","0","","67","4","2022","6","40.036142","-75.137722","0109","6","0","0","0","0","0","0","0","0","","0","0","0","0","3","1","N","0","1","40 02:10.110","1","0","75 08:15.800","8","0","0","0","67301","0","0","0","N","0","0","0","1","67301","0","","6.0","300.0","1","N","N","N","0","","0","0","4","0","0","N","44","5","1","0","0","0","1","0","2","0","5","0","0","0","3","","","N","","","","","","","","","",""
"2022043894","0830","0","0","0","0","0","0","0","0","0","8","0","","67","5","2022","3","39.93574","-75.228522","0828","6","0","0","0","0","0","1","0","0","","0","0","0","8","1","1","","1","0","39 56:08.664","","0","75 13:42.679","8","0","0","0","67301","1","0","0","N","1","0","0","2","67301","0","","1.0","","1","N","N","N","0","","0","0","1","3","2","","827","2","1","0","0","0","1","0","2","0","1","1","0","0","3","03","","N","","","","","","","","","",""
"2022056770","1430","1","0","0","0","0","0","0","0","0","7","0","","67","5","2022","7","39.893304","-75.231333","1416","6","0","0","0","0","0","1","0","0","","0","0","0","14","1","1","N","0","1","39 53:35.895","2","0","75 13:52.797","8","0","0","0","67301","0","0","0","N","0","0","0","1","68K01","0","","4.0","1500.0","9","N","N","N","0","","0","0","0","3","8","N","1412","1","1","0","0","0","1","0","2","0","1","0","0","0","3","","","N","","","","","","","","","",""
"2022043913","0001","1","0","0","0","0","0","0","0","0","7","0","","67","5","2022","6","40.083342","-75.221783","2357","6","0","0","0","0","0","0","0","0","","0","0","0","23","3","1","N","0","0","40 05:00.030","","0","75 13:18.420","4","0","0","0","67301","0","0","0","N","0","0","0","1","67301","1","","4.0","","9","N","N","N","0","","0","0","0","0","0","","2350","1","1","0","0","0","0","0","2","0","1","0","0","0","7","07","","N","","","","","","","","","",""
"2022061023","1619","0","0","0","0","0","0","0","0","0","1","1","","67","6","2022","6","39.945939","-75.142253","1612","6","0","0","0","1","0","1","0","0","","0","1","0","15","1","2","N","0","0","39 56:45.379","","0","75 08:32.109","8","0","0","0","67301","0","0","0","N","0","0","0","2","68K01","0","","1.0","","1","N","N","N","1","","0","0","0","0","0","","1548","2","2","0","0","0","2","0","2","0","2","0","0","0","3","03","","N","","","","","","","","","",""
"2022043948","1525","1","0","0","0","0","0","0","0","0","1","0","","67","5","2022","7","40.027566","-75.099381","1517","6","0","0","0","0","0","0","0","0","","0","0","0","15","1","1","Y","0","1","40 01:39.239","1","0","75 05:57.772","3","0","0","0","67301","0","0","0","N","0","0","0","4","67301","0","","1.0","1555.0","9","N","N","N","0","","1","0","2","3","2","Y","1507","3","1","0","0","0","0","0","2","0","3","0","0","0","7","04","","N","","","","","","","","","",""
"2022043909","1340","1","0","0","0","0","0","0","0","0","4","0","","67","5","2022","4","40.047081","-75.163182","1335","6","0","0","0","0","0","1","0","0","","0","0","0","13","1","1","","1","0","40 02:49.491","","0","75 09:47.455","3","0","0","0","67301","0","0","0","N","0","0","0","2","67301","0","","1.0","","9","N","N","N","0","","1","0","1","3","2","","1333","2","1","0","0","0","0","0","2","0","2","0","0","0","4","","","N","","","","","","","","","",""
"2022057944","2311","1","0","0","0","0","0","0","0","0","5","0","","67","6","2022","3","39.968186","-75.129228","2311","6","0","0","0","1","0","1","0","0","","0","0","0","23","3","3","N","0","1","39 58:05.471","1","0","75 07:45.222","4","0","0","0","67301","0","0","0","N","0","0","0","3","68K01","3","","1.0","2322.0","9","N","N","N","0","","0","0","2","0","0","N","2310","3","3","0","0","0","0","0","2","0","3","0","0","0","7","","","N","","","","","","","","","",""
"2022043921","2115","1","0","0","0","0","0","0","0","0","8","0","","67","5","2022","3","40.031731","-75.178861","2113","6","0","0","0","0","0","0","0","0","","0","0","0","21","3","1","","1","0","40 01:54.231","","0","75 10:43.900","3","0","0","0","67301","1","0","0","N","1","0","0","2","67301","0","","1.0","","1","N","N","N","0","","1","0","0","3","2","","2108","2","1","0","0","0","0","0","2","0","1","1","0","0","3","","","N","","","","","","","","","",""
"2022044137","0936","1","0","0","0","0","0","0","0","0","8","0","","67","5","2022","3","39.994545","-75.159318","0934","6","0","0","0","0","0","0","0","0","","0","0","0","8","1","1","","1","0","39 59:40.362","","0","75 09:33.546","3","0","0","0","67301","1","0","0","N","1","0","0","2","67301","0","","1.0","","1","N","N","N","0","","1","0","0","3","2","","830","2","1","0","0","0","0","1","2","0","1","1","0","0","3","03","","N","","","","","","","","","",""
"2022044537","1715","1","0","0","0","0","0","0","0","0","4","0","","67","5","2022","2","39.941228","-75.209396","1705","6","0","0","0","0","0","0","0","0","","0","0","0","17","1","1","","1","0","39 56:28.421","","0","75 12:33.827","3","0","0","0","67301","0","0","0","N","0","0","0","2","67301","0","","1.0","","1","N","N","N","0","","1","0","0","3","2","","1703","2","1","0","0","0","0","0","2","0","2","0","0","0","3","","","N","","","","","","","","","",""
"2022033219","","1","0","0","0","0","0","0","0","0","1","0","","67","2","2022","5","39.892918","-75.23554","","6","0","0","0","0","0","1","0","0","","0","0","0","6","1","1","","2","0","39 53:34.503","","0","75 14:07.944","8","0","0","0","67301","0","0","0","N","0","0","0","2","00000","0","","1.0","","1","","","N","0","","0","0","1","3","2","","620","2","1","0","0","0","1","0","2","0","2","0","0","0","3","","","N","","","","","","","","","",""
"2022044044","1200","1","0","0","0","0","0","0","0","0","8","0","","67","5","2022","7","39.99907","-75.108749","1157","6","0","0","0","0","0","0","0","0","","0","0","0","10","1","1","","5","0","39 59:56.651","","1","75 06:31.496","8","0","0","0","67301","1","0","0","N","1","0","0","2","67301","0","","1.0","","9","N","N","N","0","","0","0","0","3","2","","1056","2","1","0","0","0","1","0","2","0","1","1","0","0","7","04","","N","","","","","","","","","",""
"2022057021","1250","1","0","0","0","0","0","0","0","0","7","0","","67","5","2022","3","39.969043","-75.211848","1250","6","0","0","0","0","0","1","0","0","","0","0","0","12","1","1","N","0","0","39 58:08.556","","0","75 12:42.651","8","0","0","0","67301","0","0","0","N","0","0","0","1","67301","0","","9.0","","1","N","N","N","0","","0","0","0","3","2","","1209","1","1","0","0","0","1","0","2","0","1","0","0","0","3","03","","N","","","","","","","","","",""
"2022044980","0528","0","0","0","0","0","0","0","0","0","1","0","","67","5","2022","4","39.89659","-75.237884","0523","6","0","0","0","0","0","0","0","0","","0","0","0","5","1","1","N","0","1","39 53:47.725","2","0","75 14:16.383","3","0","0","1","67301","0","0","0","N","0","0","0","2","67301","0","","1.0","630.0","1","N","N","N","0","","1","0","1","0","0","N","522","2","1","0","0","0","0","0","2","0","2","0","0","0","3","03","","N","","","","","","","","","",""
"2022044121","2230","2","0","0","0","0","0","0","0","0","4","0","","67","5","2022","3","40.01224","-75.150481","2219","6","0","0","0","0","0","0","0","0","","0","0","0","22","3","2","","5","1","40 00:44.064","2","0","75 09:01.733","3","0","0","0","67301","0","0","0","N","0","0","0","3","67301","0","","1.0","2300.0","1","N","N","N","0","","2","0","0","3","2","Y","2215","2","2","0","0","0","0","1","2","0","2","0","0","0","3","03","","N","","","","","","","","","",""
"2022043943","1313","0","0","0","0","0","0","0","0","0","4","0","","67","5","2022","4","40.000556","-75.083528","1305","6","0","0","0","0","0","0","0","0","","0","0","0","12","1","0","","2","0","40 00:02.000","","2","75 05:00.700","9","0","0","0","67301","0","0","0","N","0","0","0","3","67301","0","","1.0","","1","N","N","N","0","","0","0","2","3","2","","1230","2","0","0","0","0","0","3","2","0","2","0","0","0","4","04","","N","","","","","","","","","",""
"2022043868","1847","0","0","0","0","0","0","0","0","0","8","0","","67","5","2022","6","39.949756","-75.16752","1847","6","0","0","0","0","0","0","0","0","","0","0","0","15","1","1","","1","0","39 56:59.121","","0","75 10:03.071","3","0","0","0","67301","1","0","0","N","1","0","0","2","67301","0","","1.0","","9","N","N","N","1","","1","0","0","3","2","","1534","2","1","0","0","0","0","0","2","0","1","1","0","0","7","","","N","","","","","","","","","",""
"2022051458","1305","3","0","0","0","0","0","0","0","0","1","0","","67","5","2022","6","40.055641","-75.140515","1305","6","0","0","0","0","0","1","0","0","","0","0","0","17","1","1","N","0","0","40 03:20.308","","0","75 08:25.855","4","0","0","0","67301","0","0","0","N","0","0","0","4","67301","1","","1.0","","99","N","N","N","0","","0","0","0","0","0","","1730","3","1","2","0","0","0","2","2","0","3","0","0","0","99","","","N","","","","","","","","","",""
"2022046014","0122","1","0","0","0","0","0","0","0","0","7","0","","67","5","2022","1","39.899088","-75.174134","0116","6","0","0","0","0","0","0","0","0","","0","0","0","1","3","0","N","0","1","39 53:56.715","2","0","75 10:26.884","0","0","0","0","67301","0","0","0","N","0","0","0","4","68K01","0","","3.0","200.0","1","N","N","N","0","","0","0","0","0","0","N","115","1","0","4","0","0","0","0","2","0","1","0","0","0","3","03","","N","","","","","","","","","",""
"2022045391","0820","1","0","0","0","0","0","0","0","0","8","0","","67","5","2022","6","39.996928","-75.141175","0814","6","0","0","0","0","0","0","0","0","","0","0","0","8","1","1","","1","0","39 59:48.940","","0","75 08:28.230","2","0","0","0","67301","1","0","1","N","1","0","1","2","67301","0","","1.0","","1","N","Y","N","0","","0","1","0","3","2","","811","2","1","0","0","0","0","0","2","0","1","1","0","1","4","04","","N","","","","","","","","","",""
"2022024066","","2","0","0","0","0","0","0","0","0","1","0","","67","2","2022","7","39.895056","-75.237074","","6","0","0","0","0","0","0","0","0","","0","0","0","20","3","2","Y","0","0","39 53:42.202","","0","75 14:13.467","4","0","0","0","67301","0","0","0","N","0","0","0","3","00000","2","","1.0","","1","","","N","0","","0","0","0","3","2","","2020","2","2","0","0","0","0","0","2","0","2","0","0","0","3","","","N","","","","","","","","","",""
"2022047186","0039","2","0","0","0","0","0","0","0","0","1","0","","67","5","2022","3","39.975088","-75.194965","0033","6","0","0","0","0","0","0","0","0","","0","0","0","21","3","1","","1","0","39 58:30.316","","0","75 11:41.875","3","0","0","0","67301","0","0","0","N","0","0","0","4","67301","0","","1.0","","1","N","N","N","0","","1","0","0","3","2","","2150","2","1","0","0","0","0","0","2","0","2","0","0","0","3","03","","N","","","","","","","","","",""
"2022047121","0920","0","0","0","0","0","0","1","0","0","4","1","","67","5","2022","6","39.922406","-75.223162","0905","6","0","0","0","0","0","0","0","0","","0","0","0","9","1","2","","1","0","39 55:20.661","","0","75 13:23.382","4","0","0","0","67301","0","0","0","N","0","0","0","4","67508","2","","1.0","","1","N","N","Y","0","","0","0","1","3","2","","905","2","2","0","0","0","0","0","2","0","2","0","0","0","3","03","","N","","","","","","","","","",""
"2022044720","1937","0","0","0","0","0","0","0","0","0","0","0","","67","5","2022","4","40.067302","-75.059227","1932","6","0","0","0","0","0","1","0","0","","0","0","0","19","4","1","","1","0","40 04:02.287","","0","75 03:33.217","3","0","0","1","67301","0","0","0","N","0","0","0","1","67301","0","","1.0","","1","N","N","N","0","","1","0","0","3","3","","1931","1","1","0","0","0","0","0","2","0","1","0","0","0","3","03","","N","","","","","","","","","",""
"2022060256","1123","0","0","0","0","0","0","0","0","0","8","0","","67","2","2022","3","39.946322","-75.197092","1120","6","0","0","0","0","0","1","0","0","","0","0","0","11","1","1","","2","0","39 56:46.759","","0","75 11:49.532","3","0","0","0","67301","1","0","0","N","1","0","0","2","67504","0","","1.0","","1","N","N","N","0","","1","0","1","3","2","","1120","2","1","0","0","0","0","0","2","0","1","1","0","0","4","04","","N","","","","","","","","","",""
"2022055636","1215","2","0","0","0","0","0","0","0","0","4","0","","67","6","2022","4","39.957289","-75.247885","1206","6","0","0","1","0","0","0","1","0","","0","0","0","12","1","2","","1","1","39 57:26.242","2","0","75 14:52.386","3","0","0","0","67301","0","0","0","N","0","0","0","3","67301","1","","1.0","1345.0","1","N","N","N","0","","1","0","1","3","2","N","1206","3","2","0","0","0","0","0","2","0","3","0","0","0","3","","","N","","","","","","","","","",""
"2022060039","1031","0","0","0","0","0","0","0","0","0","4","0","","67","3","2022","3","40.022009","-75.076649","1030","6","0","0","0","0","0","0","0","0","","0","0","0","10","1","0","","1","0","40 01:19.232","","0","75 04:35.936","0","0","0","0","67301","0","0","0","N","0","0","0","2","67301","0","","1.0","","1","N","N","N","0","","0","0","2","3","3","","1025","2","0","1","0","0","0","0","2","0","2","0","0","0","3","03","","N","","","","","","","","","",""
"2022047203","1950","1","0","0","0","0","0","0","0","0","4","0","","67","5","2022","3","39.979413","-75.225333","1957","6","0","0","0","0","0","0","1","0","","0","0","0","17","1","1","","1","0","39 58:45.886","","0","75 13:31.197","4","0","0","0","67301","0","0","0","N","0","0","0","2","67301","1","","1.0","","1","N","N","N","0","","0","0","0","3","2","","1700","2","1","1","0","0","0","0","2","0","2","0","0","0","3","03","","N","","","","","","","","","",""
"2022044173","1851","2","0","0","0","0","0","0","0","0","7","0","","67","5","2022","1","40.038825","-75.044025","1845","6","0","0","0","0","1","0","0","0","","0","0","0","18","1","0","N","0","2","40 02:19.770","2","0","75 02:38.490","0","0","0","0","67301","0","0","0","N","0","0","0","2","67301","0","","4.0","1930.0","1","N","N","Y","0","","0","0","0","0","0","N","1845","2","0","0","0","0","0","0","2","0","2","0","0","0","3","","","N","","","","","","","","","",""
"2022045910","1222","2","0","0","0","0","0","0","0","0","4","0","","67","5","2022","1","39.970831","-75.154099","1221","6","0","0","0","0","1","0","0","0","","0","0","0","12","1","1","","1","0","39 58:14.993","","0","75 09:14.758","3","0","0","0","67301","0","0","0","N","0","0","0","2","67301","0","","1.0","","1","N","N","Y","0","","1","0","1","3","2","","1220","3","1","0","0","0","0","0","2","0","3","0","0","0","3","03","","N","","","","","","","","","",""
"2022045330","1305","1","0","0","0","0","0","0","0","0","1","0","","67","5","2022","7","39.989422","-75.088919","1259","6","0","0","0","0","0","0","0","0","","0","0","0","12","1","1","N","0","0","39 59:21.918","","0","75 05:20.108","3","0","0","0","67301","0","0","0","N","0","0","0","1","67301","0","","6.0","","9","N","N","N","0","","1","0","3","0","0","","1255","4","1","0","0","0","0","0","2","0","4","0","0","0","7","","","N","","","","","","","","","",""
"2022056893","2336","2","0","0","0","0","0","0","0","0","2","0","","67","6","2022","7","39.983125","-75.101574","2336","6","0","0","0","0","0","0","0","0","","0","0","0","23","3","2","N","0","1","39 58:59.251","3","0","75 06:05.668","4","0","0","0","67301","0","0","0","N","0","0","0","2","67301","2","","1.0","25.0","1","N","N","N","0","","0","0","0","0","0","N","2332","2","2","0","0","0","0","0","2","0","2","0","0","0","3","03","","N","","","","","","","","","",""
"2022047211","2110","2","0","0","0","0","0","0","0","0","4","0","","67","5","2022","7","40.015677","-75.140093","2104","6","0","0","0","1","0","0","0","0","","0","0","0","20","3","0","","1","0","40 00:56.437","","0","75 08:24.334","0","0","0","0","67301","0","0","0","N","0","0","0","3","67301","0","","1.0","","9","N","N","N","0","","0","0","0","3","3","","2055","2","0","0","0","0","0","0","2","0","2","0","0","0","7","","","N","","","","","","","","","",""
"2022056851","0524","0","0","0","0","0","0","0","0","0","7","0","","67","5","2022","3","39.956955","-75.154924","0518","6","0","0","0","0","0","1","0","0","","0","0","0","5","5","1","N","0","2","39 57:25.038","3","0","75 09:17.726","3","0","0","0","67301","0","0","0","N","0","0","0","2","68K01","0","","3.0","626.0","1","N","N","N","0","","1","0","2","0","0","N","516","2","1","0","0","0","0","0","2","0","2","0","0","0","3","03","","N","","","","","","","","","",""
"2022057899","0137","0","0","0","0","0","0","0","0","0","5","0","","67","5","2022","2","39.977868","-75.201685","0127","6","0","0","0","0","0","2","0","0","","0","0","0","1","3","0","N","0","0","39 58:40.326","","0","75 12:06.065","0","0","0","0","67301","0","0","0","N","0","0","0","6","68K01","0","","1.0","","1","N","N","N","0","","0","0","2","0","0","","125","2","0","0","0","0","0","0","2","0","2","0","0","0","3","03","","N","","","","","","","","","",""
"2022054156","1650","1","0","0","0","0","0","0","0","0","1","0","","67","5","2022","2","40.029955","-75.022235","1627","6","0","0","0","0","0","0","0","0","","0","0","0","16","1","1","N","0","2","40 01:47.839","2","3","75 01:20.046","8","0","0","0","67301","0","0","0","N","0","0","0","4","68K01","0","","1.0","1740.0","1","N","N","Y","1","","0","0","1","0","0","N","1626","3","1","0","0","0","1","1","2","0","3","0","0","0","3","03","","N","","","","","","","","","",""
"2022044082","0301","0","0","0","0","0","0","0","0","0","5","0","","67","5","2022","6","39.970883","-75.126858","0300","6","0","0","0","0","0","0","0","0","","0","0","0","2","3","0","N","0","2","39 58:15.180","7","0","75 07:36.690","9","0","0","0","67301","0","0","0","N","0","0","0","1","67301","0","","6.0","431.0","1","N","N","N","0","","0","0","4","0","0","Y","237","4","0","0","0","0","0","1","2","0","4","0","0","0","3","","","N","","","","","","","","","",""