"CRN","ARRIVAL_TM","AUTOMOBILE_COUNT","BELTED_DEATH_COUNT","BELTED_SUSP_SERIOUS_INJ_COUNT","BICYCLE_COUNT","BICYCLE_DEATH_COUNT","BICYCLE_SUSP_SERIOUS_INJ_COUNT","BUS_COUNT","CHLDPAS_DEATH_COUNT","CHLDPAS_SUSP_SERIOUS_INJ_COUNT","COLLISION_TYPE","COMM_VEH_COUNT","CONS_ZONE_SPD_LIM","COUNTY","CRASH_MONTH","CRASH_YEAR","DAY_OF_WEEK","DEC_LATITUDE","DEC_LONGITUDE","DISPATCH_TM","DISTRICT","DRIVER_COUNT_16YR","DRIVER_COUNT_17YR","DRIVER_COUNT_18YR","DRIVER_COUNT_19YR","DRIVER_COUNT_20YR","DRIVER_COUNT_50_64YR","DRIVER_COUNT_65_74YR","DRIVER_COUNT_75PLUS","EST_HRS_CLOSED","FATAL_COUNT","HEAVY_TRUCK_COUNT","HORSE_BUGGY_COUNT","HOUR_OF_DAY","ILLUMINATION","INJURY_COUNT","INTERSECTION_RELATED","INTERSECT_TYPE","LANE_CLOSED","LATITUDE","LN_CLOSE_DIR","LOCATION_TYPE","LONGITUDE","MAX_SEVERITY_LEVEL","MCYCLE_DEATH_COUNT","MCYCLE_SUSP_SERIOUS_INJ_COUNT","MOTORCYCLE_COUNT","MUNICIPALITY","NONMOTR_COUNT","NONMOTR_DEATH_COUNT","NONMOTR_SUSP_SERIOUS_INJ_COUNT","NTFY_HIWY_MAINT","PED_COUNT","PED_DEATH_COUNT","PED_SUSP_SERIOUS_INJ_COUNT","PERSON_COUNT","POLICE_AGCY","POSSIBLE_INJ_COUNT","RDWY_SURF_TYPE_CD","RELATION_TO_ROAD","ROADWAY_CLEARED","ROAD_CONDITION","SCH_BUS_IND","SCH_ZONE_IND","SECONDARY_CRASH","SMALL_TRUCK_COUNT","SPEC_JURIS_CD","SUSP_MINOR_INJ_COUNT","SUSP_SERIOUS_INJ_COUNT","SUV_COUNT","TCD_FUNC_CD","TCD_TYPE","TFC_DETOUR_IND","TIME_OF_DAY","TOTAL_UNITS","TOT_INJ_COUNT","UNBELTED_OCC_COUNT","UNB_DEATH_COUNT","UNB_SUSP_SERIOUS_INJ_COUNT","UNK_INJ_DEG_COUNT","UNK_INJ_PER_COUNT","URBAN_RURAL","VAN_COUNT","VEHICLE_COUNT","VULNERABLE_ROAD_USER_COUNT","VULNERABLE_ROAD_USER_DEATH_COUNT","VULNERABLE_ROAD_USER_SER_INJ_COUNT","WEATHER1","WEATHER2","WORKERS_PRES","WORK_ZONE_IND","WORK_ZONE_LOC","WORK_ZONE_TYPE","WZ_CLOSE_DETOUR","WZ_FLAGGER","WZ_LAW_OFFCR_IND","WZ_LN_CLOSURE","WZ_MOVING","WZ_OTHER","WZ_SHLDER_MDN","WZ_WORKERS_INJ_KILLED"
"2022043895","0350","2","0","0","0","0","0","0","0","0","4","0","","67","5","2022","1","39.919483","-75.242991","0347","6","0","0","0","0","0","0","0","0","","0","0","0","3","3","1","","1","0","39 55:10.138","","0","75 14:34.767","3","0","0","0","67301","0","0","0","N","0","0","0","3","67301","0","","1.0","","9","N","N","N","0","","1","0","0","3","2","","345","2","1","0","0","0","0","2","2","0","2","0","0","0","7","07","","N","","","","","","","","","",""
"2022045324","0033","3","0","0","0","0","0","0","0","0","4","0","","67","5","2022","7","39.971866","-75.148658","0027","6","0","0","0","0","0","0","0","0","","0","0","0","23","3","0","","1","0","39 58:18.717","","0","75 08:55.168","0","0","0","0","67301","0","0","0","N","0","0","0","2","67301","0","","1.0","","9","N","N","N","0","","0","0","1","3","3","","2349","4","0","0","0","0","0","0","2","0","4","0","0","0","7","05","","N","","","","","","","","","",""
"2022043862","1425","1","0","0","0","0","0","0","0","0","8","0","","67","5","2022","2","40.073019","-74.975392","1415","6","0","0","0","0","0","0","0","0","","0","0","0","14","1","1","N","0","0","40 04:22.870","","0","74 58:31.410","8","0","0","0","67301","1","0","0","N","1","0","0","2","67301","0","","1.0","","1","N","N","N","0","","0","0","0","0","0","","1400","2","1","0","0","0","1","0","2","0","1","1","0","0","3","","","N","","","","","","","","","",""
"2022043267","1952","1","0","0","0","0","0","0","0","0","4","0","","67","5","2022","2","39.977298","-75.158241","1950","6","0","0","0","0","0","0","0","0","","0","0","0","19","1","2","","1","0","39 58:38.272","","0","75 09:29.666","3","0","0","1","67301","0","0","0","N","0","0","0","3","67505","0","","1.0","","1","N","N","N","0","","2","0","0","3","2","","1946","2","2","0","0","0","0","0","2","0","2","0","0","0","3","03","","N","","","","","","","","","",""
"2022056967","2312","1","0","0","0","0","0","0","0","0","7","0","","67","3","2022","6","39.979447","-75.161869","2309","6","0","0","0","0","0","0","0","0","","0","0","0","23","3","0","N","0","0","39 58:46.010","","0","75 09:42.730","9","0","0","0","67301","0","0","0","N","0","0","0","1","67301","0","","4.0","","1","N","N","N","0","","0","0","0","0","0","","2300","1","0","0","0","0","0","1","2","0","1","0","0","0","3","","","N","","","","","","","","","",""
"2022057017","1300","1","0","0","0","0","0","0","0","0","4","0","","67","6","2022","1","40.04799","-75.060348","1254","6","0","0","0","0","0","0","0","0","","0","0","0","12","1","1","N","0","0","40 02:52.765","","7","75 03:37.252","3","0","0","0","67301","0","0","0","N","0","0","0","2","67301","0","","5.0","","1","N","N","N","0","","1","0","1","0","0","","1247","2","1","0","0","0","0","0","2","0","2","0","0","0","3","03","","N","","","","","","","","","",""
"2022057943","2245","1","0","0","0","0","0","0","0","0","7","0","","67","6","2022","3","39.981469","-75.207113","2242","6","0","0","0","0","0","0","0","0","","0","0","0","22","3","1","N","0","0","39 58:53.289","","0","75 12:25.607","8","0","0","0","67301","0","0","0","N","0","0","0","1","68K01","0","","4.0","","9","N","N","N","0","","0","0","0","0","0","","2232","1","1","0","0","0","1","0","2","0","1","0","0","0","7","","","N","","","","","","","","","",""
"2022044047","1720","1","0","0","0","0","0","0","0","0","8","0","","67","5","2022","2","39.996306","-75.113861","1720","6","0","0","0","0","0","0","0","0","","0","0","0","17","1","1","N","0","0","39 59:46.700","","1","75 06:49.900","4","0","0","0","67301","1","0","0","N","1","0","0","2","67301","1","","1.0","","1","N","N","N","0","","0","0","0","0","0","","1717","2","1","1","0","0","0","0","2","0","1","1","0","0","3","03","","N","","","","","","","","","",""
"2022057906","0326","1","0","0","0","0","0","0","0","0","7","0","","67","5","2022","5","39.9818","-75.207404","0320","6","0","0","0","0","0","0","0","0","","0","0","0","3","3","0","N","0","1","39 58:54.481","3","0","75 12:26.654","0","0","0","0","67301","0","0","0","N","0","0","0","1","68K01","0","","4.0","341.0","9","N","N","N","0","","0","0","0","0","0","N","319","1","0","0","0","0","0","0","2","0","1","0","0","0","7","07","","N","","","","","","","","","",""
"2022047111","0930","0","0","0","0","0","0","1","0","0","4","1","","67","5","2022","1","39.926422","-75.224323","0930","6","0","0","0","0","0","0","0","0","","0","0","0","9","8","1","","2","0","39 55:35.120","","0","75 13:27.564","4","0","0","0","67301","0","0","0","N","0","0","0","2","67508","1","","1.0","","1","N","N","Y","0","","0","0","1","3","3","","920","2","1","0","0","0","0","0","2","0","2","0","0","0","98","03","","N","","","","","","","","","",""
"2022060067","1830","0","0","0","0","0","0","0","0","0","8","0","","67","6","2022","4","39.978292","-75.166169","1824","6","0","0","0","0","0","0","1","0","","1","0","0","18","1","0","","1","2","39 58:41.851","4","0","75 09:58.208","1","0","0","0","67301","1","1","0","N","1","1","0","2","67301","0","2","1.0","2209.0","1","N","N","N","1","0","0","0","0","0","0","N","1824","2","0","0","0","0","0","0","2","0","1","1","1","0","3","","","N","","","","","","","","","",""
"2022060017","2359","2","0","0","0","0","0","0","0","0","4","0","","67","6","2022","5","40.116674","-75.019906","2357","6","0","0","1","0","0","1","0","0","","1","0","0","23","3","0","","1","0","40 07:00.028","","0","75 01:11.660","1","0","0","0","67301","0","0","0","N","0","0","0","4","67301","0","2","1.0","","1","N","N","N","0","0","0","0","0","3","2","","2355","2","0","0","0","0","0","0","2","0","2","0","0","0","3","","","N","","","","","","","","","",""
"2022060105","1600","2","0","0","0","0","0","0","0","0","2","0","","67","6","2022","3","40.059378","-75.132756","1550","6","0","0","0","0","1","0","0","0","","0","0","0","14","1","2","N","0","0","40 03:33.759","","0","75 07:57.920","3","0","0","0","67301","0","0","0","N","0","0","0","3","67301","0","","1.0","","1","N","N","N","0","","2","0","0","0","0","","1430","2","2","0","0","0","0","1","2","0","2","0","0","0","3","","","N","","","","","","","","","",""
"2022028796","","0","0","0","0","0","0","0","0","0","2","0","","67","3","2022","7","39.936822","-75.234137","","6","0","0","0","0","0","1","0","0","","0","0","0","22","3","2","N","0","0","39 56:12.559","","0","75 14:02.893","8","0","0","0","67301","0","0","0","N","0","0","0","2","00000","0","","1.0","","1","","","N","0","","0","0","1","0","0","","2250","2","2","0","0","0","2","0","2","0","2","0","0","0","3","","","N","","","","","","","","","",""
"2022057145","2359","0","0","0","0","0","0","0","0","0","8","0","","67","5","2022","3","39.956278","-75.244167","2359","6","0","0","0","0","0","0","0","0","","0","0","0","20","4","1","N","0","0","39 57:22.600","","0","75 14:39.000","3","0","0","0","67301","1","0","0","N","1","0","0","2","67301","0","","1.0","","1","N","N","N","0","","1","0","1","0","0","","2030","2","1","0","0","0","0","0","2","0","1","1","0","0","3","98","","N","","","","","","","","","",""
"2022068595","0103","0","0","0","1","1","0","0","0","0","8","0","","67","7","2022","6","39.970099","-75.225515","0102","6","0","0","0","0","0","0","0","0","","1","0","0","0","3","0","N","0","0","39 58:12.358","","0","75 13:31.855","1","0","0","0","67301","1","1","0","N","0","0","0","2","67301","0","2","1.0","","1","N","N","N","0","0","0","0","0","0","0","","50","2","0","0","0","0","0","1","2","0","1","1","1","0","3","03","","N","","","","","","","","","",""
"2022043773","","0","0","0","0","0","0","0","0","0","1","0","","67","4","2022","2","39.974921","-75.196499","","6","0","0","0","0","0","1","0","0","","0","0","0","0","3","2","Y","0","0","39 58:29.717","","0","75 11:47.395","8","0","0","0","67301","0","0","0","N","0","0","0","3","00000","0","","1.0","","1","","","N","0","","0","0","2","3","2","","28","2","2","0","0","0","2","0","2","0","2","0","0","0","3","","","N","","","","","","","","","",""
"2022047627","0819","1","0","0","0","0","0","0","0","0","3","0","","67","5","2022","4","39.996661","-75.176986","0811","6","0","0","0","0","0","0","1","0","","0","0","0","7","1","0","N","0","0","39 59:47.980","","0","75 10:37.150","0","0","0","0","67301","0","0","0","N","0","0","0","1","67301","0","","6.0","","1","N","N","N","0","","0","0","1","0","0","","750","2","0","1","0","0","0","0","2","0","2","0","0","0","3","03","","N","","","","","","","","","",""
"2022045190","1202","5","0","0","0","0","0","0","0","0","6","0","","67","5","2022","6","39.920078","-75.232508","1202","6","0","0","0","0","0","0","0","0","","0","0","0","12","1","1","N","0","0","39 55:12.280","","0","75 13:57.030","3","0","0","0","67301","0","0","0","N","0","0","0","3","67301","0","","6.0","","1","N","N","N","0","","1","0","1","0","0","","1202","6","1","1","0","0","0","0","2","0","6","0","0","0","3","03","","N","","","","","","","","","",""
"2022068325","0147","1","0","0","0","0","0","0","0","0","5","0","","67","7","2022","7","39.982842","-75.207869","0135","6","0","0","0","0","0","0","0","0","","0","0","0","1","3","0","N","0","0","39 58:58.232","","0","75 12:28.328","9","0","0","0","67301","0","0","0","N","0","0","0","3","68K01","0","","1.0","","9","N","N","N","0","","0","0","0","0","0","","132","2","0","0","0","0","0","1","2","0","2","0","0","0","7","07","","N","","","","","","","","","",""
"2022059811","0715","2","0","0","0","0","0","0","0","0","1","0","","67","4","2022","3","39.982319","-75.10014","0655","6","0","0","0","0","0","0","0","0","","0","0","0","6","1","0","N","0","0","39 58:56.347","","0","75 06:00.504","0","0","0","0","67301","0","0","0","N","0","0","0","4","68K01","0","","1.0","","1","N","N","N","0","","0","0","2","0","0","","652","4","0","0","0","0","0","0","2","0","4","0","0","0","3","","","N","","","","","","","","","",""
"2022059127","0758","1","0","0","0","0","0","0","0","0","5","0","","67","6","2022","5","39.985676","-75.093146","0754","6","0","0","0","0","0","0","0","0","","0","0","0","7","1","1","N","0","1","39 59:08.435","1","0","75 05:35.324","8","0","0","0","67301","0","0","0","N","0","0","0","2","68K01","0","","1.0","840.0","1","N","N","N","0","","0","0","1","0","0","N","754","2","1","0","0","0","1","0","2","0","2","0","0","0","3","","","N","","","","","","","","","",""
"2022047202","2018","1","0","0","0","0","0","0","0","0","8","0","","67","5","2022","1","39.976444","-75.238667","2017","6","0","0","1","0","0","0","0","0","","0","0","0","20","3","1","N","0","0","39 58:35.200","","0","75 14:19.200","3","0","0","0","67301","1","0","0","N","1","0","0","2","67301","0","","1.0","","1","N","N","N","0","","1","0","0","0","0","","2002","2","1","0","0","0","0","0","2","0","1","1","0","0","3","03","","N","","","","","","","","","",""
"2022047177","1810","0","0","0","0","0","0","0","0","0","1","0","","67","5","2022","7","40.056485","-75.046402","1759","6","0","0","0","0","0","1","0","0","","0","0","0","17","1","1","","1","0","40 03:23.345","","0","75 02:47.046","3","0","0","0","67301","0","0","0","N","0","0","0","3","67301","0","","1.0","","9","N","N","N","1","","1","0","2","3","2","","1707","3","1","0","0","0","0","0","2","0","3","0","0","0","7","","","N","","","","","","","","","",""
"2022045265","1556","2","0","0","0","0","0","0","0","0","4","0","","67","5","2022","7","40.01163","-75.163018","1551","6","0","0","0","0","0","0","1","0","","0","0","0","14","1","0","","1","0","40 00:41.869","","0","75 09:46.863","0","0","0","0","67301","0","0","0","N","0","0","0","2","67301","0","","1.0","","9","N","N","N","0","","0","0","1","0","0","","1413","3","0","0","0","0","0","0","2","0","3","0","0","0","7","","","N","","","","","","","","","",""
"2022047171","1725","1","0","0","0","0","0","0","0","0","4","0","","67","5","2022","4","40.045806","-75.187888","1724","6","0","0","0","0","0","1","0","0","","0","0","0","17","1","1","","2","0","40 02:44.901","","7","75 11:16.396","3","0","0","0","67301","0","0","0","N","0","0","0","2","67301","0","","1.0","","1","N","N","N","0","","1","0","0","0","0","","1722","2","1","0","0","0","0","0","2","0","2","0","0","0","3","03","","N","","","","","","","","","",""
"2022045485","2146","2","0","0","0","0","0","0","0","0","5","0","","67","5","2022","7","40.083115","-75.026081","2139","6","0","0","0","0","0","1","0","0","","0","0","0","21","3","2","N","0","1","40 04:59.213","1","7","75 01:33.890","4","0","0","0","67301","0","0","0","N","0","0","0","5","67301","2","","1.0","2320.0","9","N","N","N","0","","0","0","0","3","2","Y","2117","2","2","0","0","0","0","0","2","0","2","0","0","0","7","","","N","","","","","","","","","",""
"2022059099","1514","0","0","0","0","0","0","0","0","0","1","1","","67","5","2022","4","39.95866","-75.169121","1458","6","0","0","0","0","0","0","0","0","","0","1","0","14","1","0","N","0","0","39 57:31.176","","0","75 10:08.837","0","0","0","0","67301","0","0","0","N","0","0","0","3","68K01","0","","1.0","","1","N","N","N","1","","0","0","0","0","0","","1454","2","0","1","0","0","0","0","2","0","2","0","0","0","3","","","N","","","","","","","","","",""
"2022058734","0914","0","0","0","0","0","0","0","0","0","4","1","","67","6","2022","4","39.962406","-75.182881","0900","6","0","0","0","0","0","1","0","0","","0","1","0","8","1","1","N","0","1","39 57:44.663","4","0","75 10:58.372","8","0","0","0","67301","0","0","0","N","0","0","0","2","68K01","0","","1.0","952.0","1","N","N","N","1","","0","0","0","0","0","N","859","2","1","0","0","0","1","0","2","0","2","0","0","0","3","03","","N","","","","","","","","","",""
"2022069371","2240","0","0","0","0","0","0","0","0","0","4","0","","67","7","2022","5","39.945325","-75.163253","2240","6","0","0","0","0","0","1","0","0","","0","0","0","21","3","1","N","0","9","39 56:43.170","","0","75 09:47.710","4","0","0","0","67301","0","0","0","N","0","0","0","3","67301","1","","1.0","","9","N","N","N","0","","0","0","2","3","2","","2145","2","1","0","0","0","0","1","2","0","2","0","0","0","3","03","","N","","","","","","","","","",""
"2022052762","1740","1","0","0","0","0","0","0","0","0","4","0","","67","6","2022","2","40.076992","-75.084504","1732","6","0","0","0","0","0","1","0","0","","0","0","0","17","1","1","N","0","0","40 04:37.170","","7","75 05:04.213","3","0","0","0","67301","0","0","0","N","0","0","0","2","67301","0","","1.0","","1","N","N","N","0","","1","0","1","0","0","","1710","2","1","0","0","0","0","0","2","0","2","0","0","0","3","","","N","","","","","","","","","",""
"2022060031","1723","1","0","0","0","0","0","0","0","0","4","0","","67","6","2022","3","39.909458","-75.246428","1716","6","0","0","0","0","0","0","0","0","","0","0","0","15","1","0","N","0","2","39 54:34.050","2","0","75 14:47.140","0","0","0","0","67301","0","0","0","N","0","0","0","1","67301","0","","6.0","1800.0","1","N","N","N","1","","0","0","0","0","0","N","1555","2","0","0","0","0","0","0","2","0","2","0","0","0","3","04","","N","","","","","","","","","",""
"2022047179","2102","2","0","0","0","0","0","0","0","0","5","0","","67","5","2022","1","40.018919","-75.088825","2057","6","0","0","0","0","0","0","0","0","","0","0","0","20","3","0","N","0","0","40 01:08.110","","0","75 05:19.770","9","0","0","0","67301","0","0","0","N","0","0","0","2","67301","0","","6.0","","1","N","N","N","0","","0","0","0","0","0","","2047","2","0","0","0","0","0","2","2","0","2","0","0","0","4","03","","N","","","","","","","","","",""
"2022059092","0513","1","0","0","0","0","0","0","0","0","7","0","","67","5","2022","1","40.027019","-75.026037","0507","6","0","0","0","0","0","0","0","0","","0","0","0","4","3","1","N","0","1","40 01:37.269","2","0","75 01:33.732","3","0","0","0","67301","0","0","0","N","0","0","0","1","68K01","0","","4.0","530.0","1","N","N","N","0","","1","0","0","0","0","N","445","1","1","0","0","0","0","0","2","0","1","0","0","0","3","","","N","","","","","","","","","",""
"2022059128","1141","0","0","0","0","0","0","0","0","0","7","0","","67","6","2022","5","40.04142","-75.004346","1128","6","0","0","0","0","0","1","0","0","","0","0","0","11","1","0","N","0","0","40 02:29.112","","0","75 00:15.644","0","0","0","0","67301","0","0","0","N","0","0","0","1","68K01","0","","4.0","","9","N","N","N","0","","0","0","1","0","0","","1126","1","0","0","0","0","0","0","2","0","1","0","0","0","7","","","N","","","","","","","","","",""
"2022059129","1148","2","0","0","0","0","0","0","0","0","1","0","","67","6","2022","5","40.041436","-75.00433","1148","6","0","0","0","0","0","0","0","0","","0","0","0","11","1","0","N","0","0","40 02:29.171","","0","75 00:15.587","0","0","0","0","67301","0","0","0","N","0","0","0","2","68K01","0","","1.0","","9","N","N","N","0","","0","0","0","0","0","","1148","2","0","0","0","0","0","0","2","0","2","0","0","0","7","","","N","","","","","","","","","",""
"2022055558","1355","1","0","0","0","0","0","0","0","0","4","0","","67","6","2022","4","40.070629","-75.241276","1350","6","0","1","0","0","0","0","0","0","","0","0","0","13","1","0","","1","1","40 04:14.265","5","0","75 14:28.593","0","0","0","0","67301","0","0","0","N","0","0","0","4","67301","0","","1.0","1420.0","1","N","N","N","0","","0","0","1","3","2","Y","1345","2","0","0","0","0","0","0","2","0","2","0","0","0","3","03","","N","","","","","","","","","",""
"2022060070","2032","1","0","0","0","0","0","0","0","0","8","0","","67","5","2022","2","40.000319","-75.10646","2031","6","0","0","0","0","0","0","0","0","","0","0","0","23","3","1","","5","0","40 00:01.147","","0","75 06:23.257","8","0","0","0","67301","1","0","0","N","1","0","0","2","67301","0","","1.0","","1","N","N","N","0","","0","0","0","3","2","","2300","2","1","0","0","0","1","0","2","0","1","1","0","0","99","","","N","","","","","","","","","",""
"2022060035","1850","1","0","0","0","0","0","0","0","0","8","0","","67","6","2022","2","40.033136","-75.17061","1847","6","0","0","0","0","0","0","0","0","","1","0","0","18","1","0","","1","0","40 01:59.289","","0","75 10:14.197","1","0","0","0","67301","1","1","0","N","1","1","0","2","67301","0","9","1.0","","1","N","N","N","0","0","0","0","0","3","2","","1844","2","0","0","0","0","0","1","2","0","1","1","1","0","3","03","","N","","","","","","","","","",""
"2022043802","0308","1","0","0","0","0","0","0","0","0","1","0","","67","5","2022","1","40.039151","-75.110002","0302","6","0","0","0","0","0","0","0","0","","0","0","0","3","3","1","","1","0","40 02:20.942","","0","75 06:36.006","4","0","0","0","67301","0","0","0","N","0","0","0","2","67301","1","","1.0","","1","N","N","N","0","","0","0","1","3","2","","301","2","1","0","0","0","0","0","2","0","2","0","0","0","3","03","","N","","","","","","","","","",""
"2022055576","0445","1","0","0","0","0","0","0","0","0","1","0","","67","6","2022","2","40.093954","-75.015861","0427","6","0","0","0","0","0","1","0","0","","0","0","0","22","3","2","Y","0","0","40 05:38.233","","0","75 00:57.098","3","0","0","0","67301","0","0","0","N","0","0","0","3","67301","0","","1.0","","1","N","N","N","1","","2","0","1","3","2","","2230","3","2","0","0","0","0","0","2","0","3","0","0","0","3","03","","N","","","","","","","","","",""
"2022060020","0448","1","0","0","0","0","0","0","0","0","8","0","","67","6","2022","6","40.079689","-74.965606","0448","6","0","0","0","0","0","0","0","0","","1","0","0","4","3","0","N","0","2","40 04:46.882","3","0","74 57:56.182","1","0","0","0","67301","1","1","0","N","1","1","0","2","67301","0","2","2.0","800.0","1","N","N","Y","0","0","0","0","0","0","0","Y","440","2","0","0","0","0","0","0","2","0","1","1","1","0","4","04","","N","","","","","","","","","",""
"2022056501","2040","3","0","0","0","0","0","0","0","0","1","0","","67","5","2022","1","39.978438","-75.202671","2031","6","0","0","0","0","0","1","0","0","","0","0","0","20","3","1","N","0","0","39 58:42.377","","0","75 12:09.616","4","0","0","0","67301","0","0","0","N","0","0","0","4","68K01","1","","1.0","","1","N","N","N","0","","0","0","1","0","0","","2030","4","1","0","0","0","0","0","2","0","4","0","0","0","3","03","","N","","","","","","","","","",""
"2022060054","0145","2","0","0","0","0","0","0","0","0","1","0","","67","6","2022","2","39.966506","-75.221967","0145","6","0","0","0","0","0","0","0","0","","0","0","0","1","3","1","N","0","0","39 57:59.420","","0","75 13:19.080","3","0","0","0","67301","0","0","0","N","0","0","0","1","67301","0","","1.0","","1","N","N","N","0","","1","0","0","0","0","","108","2","1","0","0","0","0","0","2","0","2","0","0","0","3","03","","N","","","","","","","","","",""
"2022050517","2325","0","0","0","0","0","0","0","0","0","8","0","","67","5","2022","1","39.913861","-75.158806","2334","6","0","0","0","0","0","0","0","0","","0","0","0","16","1","1","N","0","0","39 54:49.900","","0","75 09:31.700","4","0","0","0","67301","1","0","0","N","1","0","0","2","67301","1","","1.0","","1","N","N","N","0","","0","0","0","0","0","","1630","2","1","0","0","0","0","0","2","0","1","1","0","0","3","03","","N","","","","","","","","","",""
"2022059825","1955","1","0","0","0","0","0","0","0","0","7","0","","67","5","2022","2","40.034715","-75.018593","1955","6","0","0","0","0","0","0","0","0","","0","0","0","19","1","1","N","0","0","40 02:04.974","","0","75 01:06.935","8","0","0","0","67301","0","0","0","N","0","0","0","1","68K01","0","","4.0","","9","N","N","Y","0","","0","0","0","0","0","","1955","1","1","0","0","0","1","0","2","0","1","0","0","0","3","03","","N","","","","","","","","","",""
"2022048952","2135","2","0","0","0","0","0","0","0","0","4","0","","67","5","2022","6","39.970428","-75.149987","2129","6","0","0","0","0","0","1","0","0","","0","0","0","21","3","0","","1","1","39 58:13.542","4","0","75 08:59.953","0","0","0","0","67301","0","0","0","N","0","0","0","3","67301","0","","1.0","2250.0","1","N","N","N","0","","0","0","0","3","2","N","2100","2","0","1","0","0","0","0","2","0","2","0","0","0","3","03","","N","","","","","","","","","",""
"2022060553","1519","1","0","0","0","0","0","0","0","0","1","1","","67","6","2022","2","39.972394","-75.217385","1504","6","0","0","0","0","0","0","0","0","","0","1","0","15","1","4","","3","0","39 58:20.619","","0","75 13:02.585","8","0","0","0","67301","0","0","0","N","0","0","0","5","67301","0","","1.0","","9","N","N","N","0","","0","0","0","3","2","","1503","2","4","0","0","0","4","0","2","0","2","0","0","0","7","07","","N","","","","","","","","","",""
"2022060947","0944","1","0","0","0","0","0","0","0","0","0","0","","67","6","2022","2","40.009229","-75.066588","0912","6","0","0","0","0","0","1","0","0","","0","0","0","9","1","0","N","0","0","40 00:33.224","","0","75 03:59.717","9","0","0","0","67301","0","0","0","N","0","0","0","2","68K01","0","","1.0","","1","N","N","N","0","","0","0","0","0","0","","908","2","0","0","0","0","0","1","2","0","2","0","0","0","3","03","","N","","","","","","","","","",""
"2022051386","1550","1","0","0","0","0","0","0","0","0","1","0","","67","5","2022","4","40.02671","-75.117289","1550","6","0","0","0","0","0","1","0","0","","0","0","0","15","1","1","","1","0","40 01:36.157","","0","75 07:02.240","8","0","0","0","67301","0","0","0","N","0","0","0","2","67301","0","","1.0","","1","N","N","N","0","","0","0","0","3","2","","1550","2","1","0","0","0","1","0","2","0","2","0","0","0","3","","","N","","","","","","","","","",""
"2022045950","0155","1","0","0","0","0","0","0","0","0","4","0","","67","5","2022","1","39.978304","-75.129952","0147","6","0","0","0","1","0","0","1","0","","0","0","0","0","3","0","","1","0","39 58:41.894","","0","75 07:47.827","9","0","0","0","67301","0","0","0","N","0","0","0","4","67301","0","","1.0","","1","N","N","N","0","","0","0","1","3","3","","35","2","0","0","0","0","0","1","2","0","2","0","0","0","98","98","","N","","","","","","","","","",""
"2022068212","1949","0","0","0","0","0","0","0","0","0","1","1","","67","7","2022","6","39.933807","-75.200047","1925","6","0","0","0","0","0","1","0","0","","0","1","0","19","1","0","N","0","1","39 56:01.705","3","0","75 12:00.168","0","0","0","0","67301","0","0","0","Y","0","0","0","2","68K01","0","","1.0","2020.0","1","N","N","N","0","","0","0","1","0","0","N","1922","2","0","0","0","0","0","0","2","0","2","0","0","0","3","03","","N","","","","","","","","","",""
"2022043892","0040","2","0","0","0","0","0","0","0","0","4","0","","67","5","2022","7","39.924667","-75.240014","0035","6","0","0","0","0","0","1","0","0","","0","0","0","0","3","1","N","0","0","39 55:28.800","","0","75 14:24.050","3","0","0","0","67301","0","0","0","N","0","0","0","1","67301","0","","6.0","","9","N","N","N","0","","1","0","0","3","3","","30","2","1","0","0","0","0","0","2","0","2","0","0","0","7","07","","N","","","","","","","","","",""
"2022045323","2358","0","0","0","1","0","0","0","0","0","8","0","","67","5","2022","7","39.989167","-75.12675","2348","6","0","0","0","0","0","0","0","0","","0","0","0","23","3","1","N","0","0","39 59:21.000","","1","75 07:36.300","3","0","0","0","67301","1","0","0","N","0","0","0","2","67301","0","","1.0","","1","N","N","N","0","","1","0","0","0","0","","2340","2","1","0","0","0","0","0","2","0","1","1","0","0","3","03","","N","","","","","","","","","",""
"2022059815","1035","2","0","0","0","0","0","0","0","0","1","0","","67","5","2022","1","39.985206","-75.094423","1035","6","0","0","0","0","0","2","0","0","","0","0","0","10","1","0","N","0","1","39 59:06.740","2","0","75 05:39.924","0","0","0","0","67301","0","0","0","N","0","0","0","4","68K01","0","","1.0","1110.0","1","N","N","N","0","","0","0","0","0","0","N","1035","2","0","0","0","0","0","0","2","0","2","0","0","0","3","","","N","","","","","","","","","",""
"2022047904","2232","0","0","0","0","0","0","0","0","0","1","0","","67","5","2022","6","40.045297","-75.093914","2224","6","0","0","0","0","0","0","0","0","","0","0","0","22","3","1","N","0","0","40 02:43.070","","0","75 05:38.090","3","0","0","1","67301","0","0","0","N","0","0","0","3","67301","0","","1.0","","1","N","N","N","0","","1","0","1","0","0","","2224","2","1","1","0","0","0","1","2","0","2","0","0","0","3","","","N","","","","","","","","","",""
"2022045535","1857","1","0","0","0","0","0","0","0","0","4","0","","67","5","2022","7","40.038486","-75.051804","1853","6","0","0","0","0","1","0","0","0","","0","0","0","18","1","0","","1","0","40 02:18.549","","0","75 03:06.494","0","0","0","0","67301","0","0","0","N","0","0","0","2","67301","0","","1.0","","9","N","N","Y","1","","0","0","1","3","2","","1836","4","0","2","0","0","0","0","2","1","4","0","0","0","7","","","N","","","","","","","","","",""