"CRN","ARRIVAL_TM","AUTOMOBILE_COUNT","BELTED_DEATH_COUNT","BELTED_SUSP_SERIOUS_INJ_COUNT","BICYCLE_COUNT","BICYCLE_DEATH_COUNT","BICYCLE_SUSP_SERIOUS_INJ_COUNT","BUS_COUNT","CHLDPAS_DEATH_COUNT","CHLDPAS_SUSP_SERIOUS_INJ_COUNT","COLLISION_TYPE","COMM_VEH_COUNT","CONS_ZONE_SPD_LIM","COUNTY","CRASH_MONTH","CRASH_YEAR","DAY_OF_WEEK","DEC_LATITUDE","DEC_LONGITUDE","DISPATCH_TM","DISTRICT","DRIVER_COUNT_16YR","DRIVER_COUNT_17YR","DRIVER_COUNT_18YR","DRIVER_COUNT_19YR","DRIVER_COUNT_20YR","DRIVER_COUNT_50_64YR","DRIVER_COUNT_65_74YR","DRIVER_COUNT_75PLUS","EST_HRS_CLOSED","FATAL_COUNT","HEAVY_TRUCK_COUNT","HORSE_BUGGY_COUNT","HOUR_OF_DAY","ILLUMINATION","INJURY_COUNT","INTERSECTION_RELATED","INTERSECT_TYPE","LANE_CLOSED","LATITUDE","LN_CLOSE_DIR","LOCATION_TYPE","LONGITUDE","MAX_SEVERITY_LEVEL","MCYCLE_DEATH_COUNT","MCYCLE_SUSP_SERIOUS_INJ_COUNT","MOTORCYCLE_COUNT","MUNICIPALITY","NONMOTR_COUNT","NONMOTR_DEATH_COUNT","NONMOTR_SUSP_SERIOUS_INJ_COUNT","NTFY_HIWY_MAINT","PED_COUNT","PED_DEATH_COUNT","PED_SUSP_SERIOUS_INJ_COUNT","PERSON_COUNT","POLICE_AGCY","POSSIBLE_INJ_COUNT","RDWY_SURF_TYPE_CD","RELATION_TO_ROAD","ROADWAY_CLEARED","ROAD_CONDITION","SCH_BUS_IND","SCH_ZONE_IND","SECONDARY_CRASH","SMALL_TRUCK_COUNT","SPEC_JURIS_CD","SUSP_MINOR_INJ_COUNT","SUSP_SERIOUS_INJ_COUNT","SUV_COUNT","TCD_FUNC_CD","TCD_TYPE","TFC_DETOUR_IND","TIME_OF_DAY","TOTAL_UNITS","TOT_INJ_COUNT","UNBELTED_OCC_COUNT","UNB_DEATH_COUNT","UNB_SUSP_SERIOUS_INJ_COUNT","UNK_INJ_DEG_COUNT","UNK_INJ_PER_COUNT","URBAN_RURAL","VAN_COUNT","VEHICLE_COUNT","VULNERABLE_ROAD_USER_COUNT","VULNERABLE_ROAD_USER_DEATH_COUNT","VULNERABLE_ROAD_USER_SER_INJ_COUNT","WEATHER1","WEATHER2","WORKERS_PRES","WORK_ZONE_IND","WORK_ZONE_LOC","WORK_ZONE_TYPE","WZ_CLOSE_DETOUR","WZ_FLAGGER","WZ_LAW_OFFCR_IND","WZ_LN_CLOSURE","WZ_MOVING","WZ_OTHER","WZ_SHLDER_MDN","WZ_WORKERS_INJ_KILLED"
"2022026658","","1","0","0","0","0","0","0","0","0","1","0","","67","2","2022","1","39.926459","-75.233085","","6","0","0","0","0","0","0","0","0","","0","0","0","15","1","1","","1","0","39 55:35.252","","0","75 13:59.106","8","0","0","0","67301","0","0","0","N","0","0","0","2","00000","0","","1.0","","1","","","N","0","","0","0","0","3","2","","1525","2","1","0","0","0","1","0","2","0","2","0","0","0","3","","","N","","","","","","","","","",""
"2022055686","0145","1","0","0","0","0","0","0","0","0","1","0","","67","6","2022","5","40.009868","-75.156024","0143","6","0","0","0","0","0","0","0","0","","0","0","0","1","3","1","","1","0","40 00:35.524","","0","75 09:21.688","8","0","0","0","67301","0","0","0","N","0","0","0","3","67301","0","","1.0","","9","N","N","N","0","","0","0","1","3","2","","140","2","1","0","0","0","1","0","2","0","2","0","0","0","7","","","N","","","","","","","","","",""
"2022045911","1030","0","0","0","0","0","0","0","0","0","7","0","","67","5","2022","2","39.976494","-75.158269","1021","6","0","0","0","0","0","0","0","0","","0","0","0","9","1","0","N","0","0","39 58:35.379","","7","75 09:29.769","0","0","0","0","67301","0","0","0","N","0","0","0","1","67301","0","","3.0","","1","N","N","N","0","","0","0","1","3","3","","948","1","0","0","0","0","0","0","2","0","1","0","0","0","3","04","","N","","","","","","","","","",""
"2022045286","2110","1","0","0","0","0","0","0","0","0","8","0","","67","5","2022","6","39.975442","-75.161933","2108","6","0","0","0","0","0","0","0","0","","0","0","0","21","3","1","N","0","0","39 58:31.590","","0","75 09:42.960","3","0","0","0","67301","1","0","0","N","1","0","0","2","67301","0","","1.0","","1","N","N","N","0","","1","0","0","0","0","","2106","2","1","0","0","0","0","0","2","0","1","1","0","0","3","03","","N","","","","","","","","","",""
"2022060014","2034","1","0","0","0","0","0","0","0","0","4","0","","67","6","2022","2","39.95768","-75.162367","2034","6","0","0","0","0","1","0","0","0","","0","0","0","20","4","2","","1","0","39 57:27.649","","0","75 09:44.521","3","0","0","0","67301","0","0","0","N","0","0","0","2","67301","0","","1.0","","1","N","N","N","0","","2","0","1","3","2","","2030","2","2","0","0","0","0","0","2","0","2","0","0","0","3","03","","N","","","","","","","","","",""
"2022045186","0230","2","0","0","0","0","0","0","0","0","1","0","","67","5","2022","7","40.075556","-75.040333","0223","6","0","0","0","0","0","0","1","0","","0","0","0","2","3","0","N","0","0","40 04:32.000","","0","75 02:25.200","0","0","0","0","67301","0","0","0","N","0","0","0","1","67301","0","","6.0","","1","N","N","N","0","","0","0","0","0","0","","215","2","0","0","0","0","0","0","2","0","2","0","0","0","3","03","","N","","","","","","","","","",""
"2022060036","1818","2","0","0","0","0","0","0","0","0","4","0","","67","6","2022","4","40.064293","-75.153529","1813","6","0","0","0","0","0","0","0","0","","0","1","0","17","1","0","","5","2","40 03:51.455","6","0","75 09:12.703","9","0","0","0","67301","0","0","0","N","0","0","0","2","67301","0","","1.0","1943.0","1","N","N","Y","0","","0","0","0","3","2","Y","1719","3","0","0","0","0","0","1","2","0","3","0","0","0","3","","","N","","","","","","","","","",""
"2022043986","1045","1","0","0","0","0","0","0","0","0","4","0","","67","4","2022","4","39.968993","-75.237269","1045","6","0","0","0","0","0","0","0","0","","0","0","0","9","1","0","","1","0","39 58:08.376","","0","75 14:14.170","9","0","0","0","67301","0","0","0","N","0","0","0","2","67301","0","","1.0","","1","N","N","N","0","","0","0","1","3","2","","916","2","0","0","0","0","0","1","2","0","2","0","0","0","3","03","","N","","","","","","","","","",""
"2022043798","0615","0","0","0","0","0","0","0","0","0","4","0","","67","4","2022","5","40.094095","-75.031032","0615","6","0","0","0","0","0","0","0","1","","0","0","0","6","1","0","N","0","0","40 05:38.743","","7","75 01:51.715","9","0","0","0","67301","0","0","0","N","0","0","0","3","67301","0","","1.0","","1","N","N","N","0","","0","0","2","0","0","","601","2","0","0","0","0","0","1","2","0","2","0","0","0","3","03","","N","","","","","","","","","",""
"2022020569","1450","0","0","0","0","0","0","0","0","0","5","0","","67","2","2022","7","39.962889","-75.188417","1446","6","0","0","0","0","0","0","1","0","","0","0","0","14","1","0","N","0","0","39 57:46.400","","0","75 11:18.300","0","0","0","0","67301","0","0","0","N","0","0","0","2","67507","0","","1.0","","1","N","N","N","0","","0","0","2","0","0","","1440","2","0","0","0","0","0","0","2","0","2","0","0","0","3","","","N","","","","","","","","","",""
"2022044906","1231","1","0","0","0","0","0","0","0","0","5","1","","67","5","2022","5","39.963118","-75.179174","1230","6","0","0","0","0","0","0","1","0","","0","1","0","11","1","0","","2","1","39 57:47.225","3","0","75 10:45.028","0","0","0","0","67301","0","0","0","N","0","0","0","2","67301","0","","1.0","1340.0","1","N","N","N","0","","0","0","0","3","8","N","1155","2","0","0","0","0","0","0","2","0","2","0","0","0","3","03","","N","","","","","","","","","",""
"2022026257","0006","2","0","0","0","0","0","0","0","0","4","0","","67","3","2022","4","39.947291","-75.147948","0006","6","0","0","0","0","0","0","0","0","","0","0","0","0","3","2","","1","0","39 56:50.249","","0","75 08:52.614","3","0","0","0","67301","0","0","0","N","0","0","0","2","67301","0","","1.0","","1","N","N","N","0","","2","0","0","3","2","","6","2","2","0","0","0","0","0","2","0","2","0","0","0","3","03","","N","","","","","","","","","",""
"2022048346","1813","2","0","0","0","0","0","0","0","0","1","0","","67","5","2022","7","39.944866","-75.142747","1813","6","0","0","0","0","0","0","0","0","","0","0","0","18","8","0","N","0","0","39 56:41.518","","0","75 08:33.890","9","0","0","0","67301","0","0","0","N","0","0","0","5","68K01","0","","1.0","","9","N","N","N","0","","0","0","1","0","0","","1812","4","0","0","0","0","0","1","2","0","4","0","0","0","7","","","N","","","","","","","","","",""
"2022052494","1700","3","0","0","0","0","0","1","0","0","4","1","","67","5","2022","2","40.011125","-75.155754","1649","6","0","0","0","0","0","1","0","0","","0","0","0","16","1","3","","1","0","40 00:40.049","","0","75 09:20.714","8","0","0","0","67301","0","0","0","N","0","0","0","4","67508","0","","1.0","","1","N","N","N","0","","0","0","1","0","0","","1648","5","3","0","0","0","3","0","2","0","5","0","0","0","3","03","","N","","","","","","","","","",""
"2022029177","1049","1","0","0","0","0","0","0","0","0","4","0","","67","3","2022","1","40.03408","-75.208414","1049","6","0","0","0","0","0","0","0","0","","0","0","0","10","1","0","","2","0","40 02:02.689","","0","75 12:30.292","0","0","0","0","67301","0","0","0","N","0","0","0","4","67301","0","","1.0","","1","N","N","N","0","","0","0","1","3","2","","1046","2","0","0","0","0","0","0","2","0","2","0","0","0","3","03","","N","","","","","","","","","",""
"2022047163","1110","0","0","0","1","0","0","0","0","0","8","0","","67","5","2022","4","39.947953","-75.15105","1110","6","0","0","0","0","0","0","0","0","","0","0","0","10","1","1","N","0","0","39 56:52.630","","0","75 09:03.780","3","0","0","0","67301","1","0","0","N","0","0","0","2","67301","0","","1.0","","1","N","N","N","0","","1","0","0","0","0","","1015","2","1","1","0","0","0","0","2","1","1","1","0","0","3","03","","N","","","","","","","","","",""
"2022044014","0315","1","0","0","0","0","0","0","0","0","4","0","","67","2","2022","6","40.002576","-75.099728","0313","6","0","0","0","0","0","0","0","0","","0","0","0","3","3","1","","5","0","40 00:09.273","","0","75 05:59.019","3","0","0","0","67301","0","0","0","N","0","0","0","2","67301","0","","1.0","","9","N","N","N","0","","1","0","1","3","2","","308","2","1","0","0","0","0","0","2","0","2","0","0","0","7","07","","N","","","","","","","","","",""
"2022044011","0004","2","0","0","0","0","0","0","0","0","5","0","","67","2","2022","1","39.995103","-75.101869","0001","6","0","0","0","0","0","1","0","0","","0","0","0","0","3","1","N","0","0","39 59:42.370","","0","75 06:06.730","3","0","0","0","67301","0","0","0","N","0","0","0","1","67301","0","","6.0","","9","N","N","N","0","","1","0","3","0","0","","1","5","1","0","0","0","0","0","2","0","5","0","0","0","10","04","","N","","","","","","","","","",""
"2022033136","2321","2","0","0","0","0","0","0","0","0","4","0","","67","4","2022","4","39.920622","-75.180318","2318","6","0","0","0","0","0","0","0","0","","0","0","0","23","3","1","","1","0","39 55:14.239","","0","75 10:49.144","3","0","0","0","67301","0","0","0","N","0","0","0","5","67301","0","","1.0","","9","N","N","N","0","","1","0","0","2","3","","2300","2","1","0","0","0","0","0","2","0","2","0","0","0","7","07","","N","","","","","","","","","",""
"2022029160","0216","2","0","0","0","0","0","0","0","0","5","0","","67","3","2022","7","40.047808","-75.092443","0215","6","0","0","0","0","0","0","0","0","","0","0","0","2","3","0","N","0","2","40 02:52.109","6","0","75 05:32.794","0","0","0","0","67301","0","0","0","N","0","0","0","1","67301","0","","6.0","245.0","1","N","N","N","0","","0","0","0","0","0","Y","203","2","0","0","0","0","0","0","2","0","2","0","0","0","3","","","N","","","","","","","","","",""
"2022050954","1706","0","0","0","0","0","0","0","0","0","1","0","","67","5","2022","2","39.981711","-75.101479","1706","6","0","0","0","0","0","1","0","0","","0","0","0","17","1","0","N","0","0","39 58:54.159","","0","75 06:05.324","0","0","0","0","67301","0","0","0","N","0","0","0","2","68K01","0","","1.0","","1","N","N","N","0","","0","0","2","0","0","","1704","2","0","0","0","0","0","0","2","0","2","0","0","0","3","","","N","","","","","","","","","",""
"2022044539","1331","2","0","0","0","0","0","0","0","0","4","0","","67","4","2022","7","39.987083","-75.232306","1331","6","0","0","0","0","0","0","0","0","","1","0","0","13","1","0","N","0","2","39 59:13.500","5","0","75 13:56.300","1","0","0","0","67301","0","0","0","N","0","0","0","1","67301","0","2","6.0","1550.0","1","N","N","N","0","0","0","0","1","0","0","Y","1330","3","0","1","1","0","0","0","2","0","3","0","0","0","3","","","N","","","","","","","","","",""
"2022043800","0820","1","0","0","0","0","0","0","0","0","8","0","","67","4","2022","4","40.059483","-75.055357","0816","6","0","0","0","0","0","0","1","0","","0","0","0","8","1","1","","1","0","40 03:34.138","","0","75 03:19.285","8","0","0","0","67301","1","0","0","N","1","0","0","2","67301","0","","1.0","","1","N","N","N","0","","0","0","0","3","3","","805","2","1","1","0","0","1","0","2","0","1","1","0","0","3","","","N","","","","","","","","","",""
"2022043984","1430","1","0","0","0","0","0","0","0","0","4","0","","67","4","2022","5","39.977363","-75.227077","1430","6","0","0","0","0","0","0","0","0","","0","0","0","14","1","0","","3","0","39 58:38.507","","0","75 13:37.478","9","0","0","0","67301","0","0","0","N","0","0","0","2","67301","0","","1.0","","1","N","N","N","0","","0","0","1","3","2","","1400","2","0","0","0","0","0","2","2","0","2","0","0","0","3","03","","N","","","","","","","","","",""
"2022050533","1326","1","0","0","0","0","0","0","0","0","4","0","","67","5","2022","7","40.085472","-74.969469","1316","6","0","0","0","0","0","0","0","0","","0","0","0","13","1","4","","1","0","40 05:07.699","","0","74 58:10.087","3","0","0","0","67301","0","0","0","N","0","0","0","6","67301","0","","1.0","","1","N","N","N","0","","4","0","1","3","2","","1315","2","4","0","0","0","0","0","2","0","2","0","0","0","3","","","N","","","","","","","","","",""
"2022026752","2225","2","0","0","0","0","0","0","0","0","5","0","","67","3","2022","1","39.975084","-75.187566","2225","6","0","0","0","0","0","0","0","0","","0","0","0","22","3","1","N","0","1","39 58:30.301","4","0","75 11:15.236","3","0","0","0","67301","0","0","0","N","0","0","0","3","67301","0","","1.0","0.0","1","N","N","N","0","","1","0","0","0","0","Y","2225","2","1","0","0","0","0","0","2","0","2","0","0","0","3","03","","N","","","","","","","","","",""
"2022047366","1700","0","0","0","0","0","0","0","0","0","8","0","","67","5","2022","6","39.924224","-75.176313","1645","6","0","0","0","0","0","0","0","0","","0","0","0","3","8","1","","1","0","39 55:27.207","","0","75 10:34.726","8","0","0","0","67301","1","0","0","N","1","0","0","2","67301","0","","1.0","","9","N","N","N","0","","0","0","0","3","2","","300","2","1","0","0","0","1","0","2","1","1","1","0","0","7","08","","N","","","","","","","","","",""
"2022029162","1430","1","0","0","0","0","0","0","0","0","4","0","","67","3","2022","2","40.042612","-75.077454","1423","6","0","1","0","0","0","0","0","0","","0","0","0","14","1","1","","1","1","40 02:33.404","3","0","75 04:38.835","3","0","0","0","67301","0","0","0","N","0","0","0","2","67301","0","","1.0","1430.0","1","N","N","N","0","","1","0","0","3","3","N","1414","2","1","0","0","0","0","1","2","0","2","0","0","0","3","03","","N","","","","","","","","","",""
"2022036547","1310","2","0","0","0","0","0","0","0","0","1","0","","67","3","2022","6","39.967279","-75.132404","1302","6","0","0","0","0","0","1","0","0","","0","0","0","12","1","0","N","0","0","39 58:02.205","","0","75 07:56.653","0","0","0","0","67301","0","0","0","N","0","0","0","2","68K01","0","","1.0","","1","N","N","N","0","","0","0","0","0","0","","1259","2","0","0","0","0","0","0","2","0","2","0","0","0","3","03","","N","","","","","","","","","",""
"2022024739","1521","0","0","0","0","0","0","0","0","0","4","0","","67","3","2022","5","40.08791","-74.980609","1521","6","0","0","1","0","0","0","0","0","","0","0","0","14","1","1","","1","0","40 05:16.476","","0","74 58:50.192","3","0","0","0","67301","0","0","0","N","0","0","0","2","67301","0","","1.0","","1","N","N","N","0","","1","0","2","3","3","","1425","2","1","0","0","0","0","0","2","0","2","0","0","0","3","03","","N","","","","","","","","","",""
"2022047217","0830","1","0","0","0","0","0","1","0","0","4","1","","67","5","2022","4","40.008301","-75.143744","0752","6","0","0","0","0","0","0","0","0","","0","0","0","7","1","0","","2","1","40 00:29.884","4","0","75 08:37.479","9","0","0","0","67301","0","0","0","N","0","0","0","10","67301","0","","1.0","945.0","1","Y","Y","N","0","","0","0","0","3","3","N","725","2","0","0","0","0","0","8","2","0","2","0","0","0","3","03","","N","","","","","","","","","",""
"2022026210","2241","0","0","0","0","0","0","0","0","0","7","0","","67","3","2022","1","40.017642","-75.213286","2240","6","0","0","0","0","0","0","0","0","","0","0","0","22","3","0","N","0","1","40 01:03.510","2","0","75 12:47.830","0","0","0","0","67301","0","0","0","N","0","0","0","1","67301","0","","5.0","0.0","1","N","N","N","0","","0","0","1","0","0","N","2230","1","0","0","0","0","0","0","2","0","1","0","0","0","4","","","N","","","","","","","","","",""
"2022026881","1504","1","0","0","0","0","0","0","0","0","1","0","","67","3","2022","2","39.997228","-75.081876","1443","6","0","0","0","0","1","1","0","0","","0","0","0","14","1","8","N","0","0","39 59:50.019","","0","75 04:54.752","3","0","0","0","67301","0","0","0","N","0","0","0","8","68K01","0","","1.0","","1","N","N","N","0","","8","0","2","0","0","","1439","3","8","0","0","0","0","0","2","0","3","0","0","0","3","","","N","","","","","","","","","",""
"2022023398","1801","1","0","0","0","0","0","0","0","0","1","0","","67","2","2022","7","39.957014","-75.152895","1747","6","0","0","0","0","0","1","0","0","","0","0","0","17","3","0","N","0","1","39 57:25.251","4","0","75 09:10.422","0","0","0","0","67301","0","0","0","N","0","0","0","2","68K01","0","","1.0","1758.0","1","N","N","N","0","","0","0","1","0","0","N","1744","2","0","0","0","0","0","0","2","0","2","0","0","0","3","","","N","","","","","","","","","",""
"2022019548","2332","1","0","0","0","0","0","0","0","0","4","0","","67","2","2022","6","40.034278","-75.074591","2325","6","0","0","0","0","0","0","0","0","","0","0","0","21","3","1","","1","1","40 02:03.402","2","0","75 04:28.528","3","0","0","0","67301","0","0","0","N","0","0","0","6","67301","0","","1.0","45.0","1","N","N","N","0","","1","0","3","3","2","N","2155","4","1","0","0","0","0","0","2","0","4","0","0","0","3","03","","N","","","","","","","","","",""
"2022020320","0842","2","0","0","0","0","0","0","0","0","1","0","","67","2","2022","5","40.047688","-75.05994","0842","6","0","0","0","0","0","1","0","0","","0","0","0","7","1","1","N","0","0","40 02:51.675","","0","75 03:35.785","3","0","0","0","67301","0","0","0","N","0","0","0","3","67301","0","","1.0","","1","N","Y","N","0","","1","0","1","0","0","","745","3","1","0","0","0","0","0","2","0","3","0","0","0","3","","","N","","","","","","","","","",""
"2022040321","0442","0","0","0","0","0","0","0","0","0","7","0","","67","4","2022","2","39.942637","-75.193441","0436","6","0","0","0","0","0","0","0","0","","0","0","0","4","3","2","","7","2","39 56:33.493","3","8","75 11:36.386","3","0","0","0","67301","0","0","0","Y","0","0","0","2","68K01","0","","7.0","528.0","1","N","N","N","0","","2","0","1","0","0","N","433","1","2","0","0","0","0","0","2","0","1","0","0","0","3","03","","N","","","","","","","","","",""
"2022029230","1930","0","0","0","0","0","0","0","0","0","1","0","","67","3","2022","6","39.938106","-75.168767","1924","6","0","0","0","0","0","0","0","0","","0","0","0","19","3","2","N","0","0","39 56:17.180","","0","75 10:07.560","3","0","0","0","67301","0","0","0","N","0","0","0","2","67301","0","","6.0","","1","N","N","N","0","","1","0","2","0","0","","1920","2","2","0","0","0","1","0","2","0","2","0","0","0","3","03","","N","","","","","","","","","",""
"2022065470","2010","2","0","0","0","0","0","0","0","0","4","0","","67","7","2022","7","39.952184","-75.240772","2005","6","0","0","0","0","2","0","0","0","","0","0","0","20","1","0","","1","0","39 57:07.862","","0","75 14:26.779","0","0","0","0","67301","0","0","0","N","0","0","0","2","67301","0","","1.0","","1","N","N","N","0","","0","0","0","3","2","","2005","3","0","0","0","0","0","0","2","1","3","0","0","0","3","03","","N","","","","","","","","","",""
"2022072231","2120","2","0","0","0","0","0","0","0","0","1","0","","67","8","2022","7","39.918286","-75.209044","2120","6","0","0","0","0","0","0","0","0","","0","0","0","20","3","2","","2","0","39 55:05.829","","0","75 12:32.558","3","0","0","0","67301","0","0","0","N","0","0","0","5","67301","1","","1.0","","1","N","N","N","0","","1","0","1","3","2","","2054","3","2","2","0","0","0","0","2","0","3","0","0","0","3","03","","N","","","","","","","","","",""
"2022044019","2345","1","0","0","0","0","0","0","0","0","3","0","","67","3","2022","1","39.991839","-75.109279","2332","6","0","0","0","0","0","0","0","0","","0","0","0","21","3","0","N","0","0","39 59:30.619","","0","75 06:33.406","0","0","0","0","67301","0","0","0","N","0","0","0","2","67301","0","","6.0","","1","N","N","N","1","","0","0","0","0","0","","2130","2","0","0","0","0","0","0","2","0","2","0","0","0","3","","","N","","","","","","","","","",""
"2022043903","0040","3","0","0","0","0","0","0","0","0","4","0","","67","5","2022","1","40.054763","-75.176857","0038","6","0","0","0","0","0","0","0","0","","0","0","0","0","3","1","N","0","0","40 03:17.146","","0","75 10:36.684","3","0","0","0","67301","0","0","0","N","0","0","0","2","67301","0","","1.0","","1","N","N","Y","0","","1","0","0","0","0","","30","3","1","0","0","0","0","1","2","0","3","0","0","0","3","","","N","","","","","","","","","",""
"2022029869","2327","1","0","0","0","0","0","0","0","0","4","0","","67","3","2022","6","40.056408","-75.014171","2322","6","0","0","0","0","0","1","0","0","","0","0","0","23","3","1","","2","2","40 03:23.069","3","6","75 00:51.015","3","0","0","0","67301","0","0","0","N","0","0","0","3","67301","0","","1.0","300.0","1","N","N","N","0","","1","0","1","0","0","Y","2320","2","1","0","0","0","0","0","2","0","2","0","0","0","3","03","","N","","","","","","","","","",""
"2022016044","0235","3","0","0","0","0","0","0","0","0","5","0","","67","2","2022","7","40.015477","-75.176697","0220","6","0","0","0","0","0","0","1","0","","0","0","0","2","3","3","N","0","2","40 00:55.717","1","0","75 10:36.108","3","0","0","0","67301","0","0","0","N","0","0","0","7","67301","0","","1.0","315.0","1","N","N","Y","1","","3","0","1","0","0","Y","207","5","3","0","0","0","0","0","2","0","5","0","0","0","3","03","","N","","","","","","","","","",""
"2022019648","0835","2","0","0","0","0","0","0","0","0","5","0","","67","2","2022","1","40.023706","-75.1134","0811","6","0","0","0","0","0","0","0","0","","0","0","0","6","5","0","N","0","0","40 01:25.340","","0","75 06:48.240","9","0","0","0","67301","0","0","0","N","0","0","0","1","67301","0","","6.0","","1","N","N","N","0","","0","0","2","0","0","","640","4","0","0","0","0","0","1","2","0","4","0","0","0","3","03","","N","","","","","","","","","",""
"2022020102","0821","1","0","0","0","0","0","0","0","0","5","0","45","67","2","2022","4","40.012227","-75.059419","0821","6","0","0","0","0","0","0","0","0","","0","0","0","8","1","0","N","0","0","40 00:44.017","","0","75 03:33.908","0","0","0","0","67301","0","0","0","N","0","0","0","3","68K01","0","","1.0","","1","N","N","N","0","","0","0","1","0","0","","820","3","0","0","0","0","0","0","2","1","3","0","0","0","3","","N","Y","4","1","","","N","Y","","","Y","N"
"2022029272","1820","1","0","0","0","0","0","0","0","0","4","0","","67","3","2022","7","40.025489","-75.125437","1816","6","0","0","0","0","0","0","0","0","","0","0","0","18","1","2","","1","1","40 01:31.761","4","0","75 07:31.573","3","0","0","0","67301","0","0","0","N","0","0","0","3","67301","0","","1.0","1935.0","1","N","N","N","0","","2","0","1","3","2","N","1816","2","2","0","0","0","0","0","2","0","2","0","0","0","3","03","","N","","","","","","","","","",""
"2022034916","0903","2","0","0","0","0","0","0","0","0","1","0","","67","4","2022","3","39.95525","-75.148056","0903","6","0","0","0","0","0","0","0","0","","0","0","0","9","1","2","N","0","0","39 57:18.900","","2","75 08:53.000","4","0","0","0","67301","0","0","0","N","0","0","0","2","67501","2","","1.0","","9","N","N","N","0","","0","0","0","3","8","","903","2","2","0","0","0","0","0","2","0","2","0","0","0","4","07","","N","","","","","","","","","",""
"2022025638","2110","2","0","0","0","0","0","0","0","0","4","0","","67","3","2022","7","39.975156","-75.188114","2105","6","0","0","0","0","0","1","0","0","","0","0","0","21","3","0","","1","1","39 58:30.561","4","0","75 11:17.209","0","0","0","0","67301","0","0","0","N","0","0","0","4","67301","0","","1.0","2145.0","1","N","N","N","0","","0","0","1","3","2","N","2100","3","0","0","0","0","0","0","2","0","3","0","0","0","3","03","","N","","","","","","","","","",""
"2022015584","2123","2","0","0","0","0","0","0","0","0","1","0","","67","2","2022","2","40.02657","-75.150791","2123","6","0","0","1","0","0","0","0","0","","0","0","0","20","3","1","","5","0","40 01:35.652","","0","75 09:02.847","8","0","0","0","67301","0","0","0","N","0","0","0","3","67301","0","","1.0","","1","N","N","Y","0","","0","0","0","3","2","","2000","3","1","0","0","0","1","2","2","0","3","0","0","0","3","03","","N","","","","","","","","","",""
"2022026380","0114","1","0","0","0","0","0","1","0","0","4","1","","67","3","2022","5","39.954555","-75.181298","0114","6","0","0","0","0","0","0","0","0","","0","0","0","1","3","1","","1","1","39 57:16.399","3","0","75 10:52.674","4","0","0","0","67301","0","0","0","N","0","0","0","3","67508","1","","1.0","144.0","1","","","N","0","","0","0","0","3","2","N","114","2","1","0","0","0","0","0","2","0","2","0","0","0","3","03","","N","","","","","","","","","",""
"2022044644","0122","2","0","1","0","0","0","0","0","0","1","0","","67","4","2022","7","39.888843","-75.240657","0114","6","0","0","0","0","0","0","0","0","","0","0","0","1","3","2","N","0","1","39 53:19.833","1","0","75 14:26.365","2","0","0","0","67301","0","0","0","N","0","0","0","2","68K02","0","","1.0","30.0","1","N","N","N","0","","0","1","0","0","0","N","114","2","2","0","0","0","1","0","2","0","2","0","0","0","3","03","","N","","","","","","","","","",""
"2022053183","1218","1","0","0","0","0","0","0","0","0","4","0","","67","6","2022","3","40.102486","-75.028736","1214","6","0","0","0","0","0","0","0","0","","0","0","0","12","1","2","","7","1","40 06:08.948","3","0","75 01:43.450","8","0","0","0","67301","0","0","0","N","0","0","0","2","67301","0","","1.0","1245.0","1","N","N","N","0","","0","0","1","0","0","N","1210","2","2","0","0","0","2","0","2","0","2","0","0","0","3","","","N","","","","","","","","","",""
"2022027098","1946","1","0","0","0","0","0","0","0","0","6","0","","67","3","2022","5","40.000326","-75.142964","1945","6","0","0","0","0","0","1","0","0","","0","0","0","21","3","1","N","0","0","40 00:01.173","","0","75 08:34.670","4","0","0","0","67301","0","0","0","N","0","0","0","2","67301","1","","1.0","","1","N","N","N","0","","0","0","0","0","0","","2130","2","1","0","0","0","0","0","2","0","2","0","0","0","3","03","","N","","","","","","","","","",""
"2022052765","1612","1","0","0","0","0","0","0","0","0","4","1","","67","6","2022","7","40.031292","-75.1556","1612","6","0","0","0","0","0","0","0","0","","0","1","0","14","1","1","N","0","0","40 01:52.650","","7","75 09:20.160","4","0","0","0","67301","0","0","0","N","0","0","0","2","67301","1","","1.0","","99","N","N","N","0","","0","0","0","0","0","","1430","2","1","1","0","0","0","1","2","0","2","0","0","0","3","","","N","","","","","","","","","",""
"2022050095","1254","2","0","0","0","0","0","0","0","0","4","0","","67","5","2022","2","39.977255","-75.158096","1250","6","0","0","0","0","0","0","0","0","","0","0","0","12","1","1","","1","0","39 58:38.118","","0","75 09:29.146","4","0","0","0","67301","0","0","0","N","0","0","0","3","67505","1","","1.0","","1","N","N","N","0","","0","0","0","3","2","","1245","2","1","0","0","0","0","0","2","0","2","0","0","0","3","","","N","","","","","","","","","",""
"2022039750","1644","0","0","0","0","0","0","0","0","0","1","1","","67","4","2022","4","39.978825","-75.203263","1629","6","0","0","0","0","0","1","0","0","","0","1","0","16","1","2","N","0","0","39 58:43.769","","0","75 12:11.747","4","0","0","0","67301","0","0","0","N","0","0","0","3","68K01","2","","1.0","","1","N","N","N","0","","0","0","1","0","0","","1621","2","2","0","0","0","0","0","2","0","2","0","0","0","3","","","N","","","","","","","","","",""
"2022052766","1845","1","0","0","0","0","0","0","0","0","1","0","","67","6","2022","7","40.043883","-75.115592","1845","6","0","0","0","0","0","0","0","0","","0","0","0","17","1","1","N","0","0","40 02:37.980","","0","75 06:56.132","4","0","0","0","67301","0","0","0","N","0","0","0","2","67301","1","","1.0","","99","N","N","N","0","","0","0","1","0","0","","1726","2","1","1","0","0","0","1","2","0","2","0","0","0","3","","","N","","","","","","","","","",""