"CRN","ARRIVAL_TM","AUTOMOBILE_COUNT","BELTED_DEATH_COUNT","BELTED_SUSP_SERIOUS_INJ_COUNT","BICYCLE_COUNT","BICYCLE_DEATH_COUNT","BICYCLE_SUSP_SERIOUS_INJ_COUNT","BUS_COUNT","CHLDPAS_DEATH_COUNT","CHLDPAS_SUSP_SERIOUS_INJ_COUNT","COLLISION_TYPE","COMM_VEH_COUNT","CONS_ZONE_SPD_LIM","COUNTY","CRASH_MONTH","CRASH_YEAR","DAY_OF_WEEK","DEC_LATITUDE","DEC_LONGITUDE","DISPATCH_TM","DISTRICT","DRIVER_COUNT_16YR","DRIVER_COUNT_17YR","DRIVER_COUNT_18YR","DRIVER_COUNT_19YR","DRIVER_COUNT_20YR","DRIVER_COUNT_50_64YR","DRIVER_COUNT_65_74YR","DRIVER_COUNT_75PLUS","EST_HRS_CLOSED","FATAL_COUNT","HEAVY_TRUCK_COUNT","HORSE_BUGGY_COUNT","HOUR_OF_DAY","ILLUMINATION","INJURY_COUNT","INTERSECTION_RELATED","INTERSECT_TYPE","LANE_CLOSED","LATITUDE","LN_CLOSE_DIR","LOCATION_TYPE","LONGITUDE","MAX_SEVERITY_LEVEL","MCYCLE_DEATH_COUNT","MCYCLE_SUSP_SERIOUS_INJ_COUNT","MOTORCYCLE_COUNT","MUNICIPALITY","NONMOTR_COUNT","NONMOTR_DEATH_COUNT","NONMOTR_SUSP_SERIOUS_INJ_COUNT","NTFY_HIWY_MAINT","PED_COUNT","PED_DEATH_COUNT","PED_SUSP_SERIOUS_INJ_COUNT","PERSON_COUNT","POLICE_AGCY","POSSIBLE_INJ_COUNT","RDWY_SURF_TYPE_CD","RELATION_TO_ROAD","ROADWAY_CLEARED","ROAD_CONDITION","SCH_BUS_IND","SCH_ZONE_IND","SECONDARY_CRASH","SMALL_TRUCK_COUNT","SPEC_JURIS_CD","SUSP_MINOR_INJ_COUNT","SUSP_SERIOUS_INJ_COUNT","SUV_COUNT","TCD_FUNC_CD","TCD_TYPE","TFC_DETOUR_IND","TIME_OF_DAY","TOTAL_UNITS","TOT_INJ_COUNT","UNBELTED_OCC_COUNT","UNB_DEATH_COUNT","UNB_SUSP_SERIOUS_INJ_COUNT","UNK_INJ_DEG_COUNT","UNK_INJ_PER_COUNT","URBAN_RURAL","VAN_COUNT","VEHICLE_COUNT","VULNERABLE_ROAD_USER_COUNT","VULNERABLE_ROAD_USER_DEATH_COUNT","VULNERABLE_ROAD_USER_SER_INJ_COUNT","WEATHER1","WEATHER2","WORKERS_PRES","WORK_ZONE_IND","WORK_ZONE_LOC","WORK_ZONE_TYPE","WZ_CLOSE_DETOUR","WZ_FLAGGER","WZ_LAW_OFFCR_IND","WZ_LN_CLOSURE","WZ_MOVING","WZ_OTHER","WZ_SHLDER_MDN","WZ_WORKERS_INJ_KILLED"
"2022029273","1851","1","0","0","0","0","0","0","0","0","4","0","","67","3","2022","7","40.025778","-75.123473","1851","6","0","0","0","0","0","0","0","1","","0","0","0","17","1","0","","1","0","40 01:32.799","","0","75 07:24.504","0","0","0","0","67301","0","0","0","N","0","0","0","2","67301","0","","1.0","","1","N","N","N","0","","0","0","0","3","2","","1715","2","0","2","0","0","0","0","2","1","2","0","0","0","3","03","","N","","","","","","","","","",""
"2022040693","1141","1","0","0","0","0","0","0","0","0","5","1","","67","4","2022","5","39.996192","-75.082915","1136","6","0","0","0","0","0","0","0","0","","0","1","0","11","1","1","N","0","2","39 59:46.290","2","0","75 04:58.493","8","0","0","0","67301","0","0","0","N","0","0","0","3","68K01","0","","1.0","1200.0","9","N","N","N","0","","0","0","0","0","0","N","1136","2","1","0","0","0","1","0","2","0","2","0","0","0","7","04","","N","","","","","","","","","",""
"2022039749","1545","1","0","0","0","0","0","0","0","0","1","0","","67","4","2022","4","39.958393","-75.165934","1526","6","0","0","0","1","0","0","0","0","","0","0","0","15","1","0","N","0","1","39 57:30.216","4","0","75 09:57.361","0","0","0","0","67301","0","0","0","N","0","0","0","2","68K01","0","","1.0","1600.0","1","N","N","N","0","","0","0","1","0","0","N","1525","2","0","1","0","0","0","0","2","0","2","0","0","0","3","03","","N","","","","","","","","","",""
"2022044113","1933","2","0","0","0","0","0","0","0","0","2","0","","67","4","2022","6","40.016459","-75.170897","1926","6","0","0","0","0","0","1","0","0","","0","0","0","19","1","3","N","0","2","40 00:59.253","5","0","75 10:15.229","3","0","0","0","67301","0","0","0","N","0","0","0","3","67301","0","","1.0","2047.0","1","N","N","N","0","","3","0","0","3","2","Y","1920","2","3","0","0","0","0","0","2","0","2","0","0","0","3","03","","N","","","","","","","","","",""
"2022066185","1305","3","0","0","0","0","0","0","0","0","1","0","","67","7","2022","1","40.002625","-75.148406","1259","6","0","0","0","0","0","0","0","0","","0","0","0","12","1","1","N","0","0","40 00:09.450","","0","75 08:54.260","2","0","0","0","67301","0","0","0","N","0","0","0","1","67301","0","","6.0","","1","N","N","N","0","","0","1","2","0","0","","1248","5","1","0","0","0","0","0","2","0","5","0","0","0","3","03","","N","","","","","","","","","",""
"2022055467","","0","0","0","0","0","0","0","0","0","4","0","","67","6","2022","7","39.974728","-75.19828","","6","0","0","0","0","0","1","0","0","","0","0","0","12","1","1","","2","0","39 58:29.020","","7","75 11:53.809","8","0","0","0","67301","0","0","0","N","0","0","0","3","00000","0","","1.0","","1","","","N","0","","0","0","2","3","2","","1200","2","1","1","0","0","1","0","2","0","2","0","0","0","3","","","N","","","","","","","","","",""
"2022076446","1553","2","0","0","0","0","0","0","0","0","2","0","","67","6","2022","5","39.949169","-75.2414","1551","6","0","0","0","0","0","0","0","0","","0","0","0","15","1","1","","1","0","39 56:57.009","","0","75 14:29.040","3","0","0","0","67301","0","0","0","N","0","0","0","3","67301","0","","1.0","","1","N","N","N","0","","1","0","0","3","3","","1549","2","1","0","0","0","0","0","2","0","2","0","0","0","3","03","","N","","","","","","","","","",""
"2022050867","1758","0","0","0","0","0","0","0","0","0","8","1","","67","5","2022","3","40.050472","-75.154139","1757","6","0","0","0","0","0","0","0","0","","0","1","0","17","1","1","N","0","0","40 03:01.700","","0","75 09:14.900","3","0","0","0","67301","1","0","0","N","1","0","0","2","67301","0","","1.0","","1","N","N","N","1","","1","0","0","0","0","","1755","3","1","1","0","0","0","0","2","0","2","1","0","0","3","03","","N","","","","","","","","","",""
"2022019596","1830","0","0","0","0","0","0","0","0","0","4","0","","67","2","2022","6","40.031348","-75.084948","1825","6","0","0","0","0","0","1","0","0","","0","0","0","17","3","0","","1","0","40 01:52.852","","0","75 05:05.812","0","0","0","0","67301","0","0","0","N","0","0","0","2","67301","0","","1.0","","1","N","N","N","0","","0","0","1","3","2","","1758","2","0","0","0","0","0","0","2","1","2","0","0","0","3","03","","N","","","","","","","","","",""
"2022070218","2046","1","0","0","0","0","0","0","0","0","4","0","","67","7","2022","7","39.949194","-75.235343","2043","6","0","0","0","1","0","0","0","0","","0","0","0","20","3","1","","1","0","39 56:57.098","","0","75 14:07.234","3","0","0","0","67301","0","0","0","N","0","0","0","2","67301","0","","1.0","","1","N","N","N","0","","1","0","0","3","3","","2007","2","1","0","0","0","0","0","2","0","2","0","0","0","3","","","N","","","","","","","","","",""
"2022067145","2024","1","0","0","0","0","0","0","0","0","4","0","","67","7","2022","4","40.014573","-75.156653","2024","6","0","0","0","0","0","1","0","0","","0","0","0","13","1","1","","1","0","40 00:52.463","","0","75 09:23.952","3","0","0","0","67301","0","0","0","N","0","0","0","2","67301","0","","1.0","","1","N","N","N","0","","1","0","1","3","2","","1355","2","1","0","0","0","0","1","2","0","2","0","0","0","3","03","","N","","","","","","","","","",""
"2022048852","2112","1","0","0","0","0","0","0","0","0","1","0","","67","5","2022","5","40.029937","-75.024075","2102","6","0","0","0","0","0","0","0","0","","1","0","0","21","3","0","N","0","2","40 01:47.773","1","0","75 01:26.670","1","0","0","0","67301","0","0","0","N","0","0","0","2","67301","0","2","1.0","2359.0","1","N","N","N","0","0","0","0","0","0","0","N","2101","2","0","0","0","0","0","0","2","0","2","0","0","0","3","","","N","","","","","","","","","",""
"2022081304","1947","1","0","0","0","0","0","0","0","0","2","0","","67","9","2022","1","40.088452","-75.044039","1942","6","0","0","1","0","0","0","0","0","","0","0","0","19","4","1","","1","0","40 05:18.426","","0","75 02:38.540","8","0","0","0","67301","0","0","0","N","0","0","0","3","67301","0","","1.0","","1","N","N","N","0","","0","0","0","3","2","","1941","2","1","0","0","0","1","2","2","1","2","0","0","0","3","","","N","","","","","","","","","",""
"2022070189","2230","3","0","0","0","0","0","0","0","0","6","0","","67","7","2022","3","39.972272","-75.237861","2213","6","0","0","0","0","1","0","0","0","","0","0","0","22","3","1","N","0","2","39 58:20.180","5","0","75 14:16.300","3","0","0","0","67301","0","0","0","N","0","0","0","3","67301","0","","1.0","2230.0","1","N","N","Y","0","","1","0","1","0","0","Y","2210","4","1","0","0","0","0","0","2","0","4","0","0","0","3","03","","N","","","","","","","","","",""
"2022024495","1634","2","0","0","0","0","0","0","0","0","1","0","","67","3","2022","3","40.03434","-75.183384","1634","6","0","0","0","0","0","0","1","0","","0","0","0","14","1","1","N","0","0","40 02:03.624","","0","75 11:00.182","3","0","0","0","67301","0","0","0","N","0","0","0","3","67301","0","","1.0","","1","N","N","N","0","","1","0","0","0","0","","1451","3","1","0","0","0","0","2","2","0","3","0","0","0","3","03","","N","","","","","","","","","",""
"2022072297","1320","0","0","0","0","0","0","0","0","0","8","0","","67","8","2022","2","40.00468","-75.152126","1310","6","0","0","0","0","0","0","0","0","","0","0","0","23","3","1","","1","0","40 00:16.847","","0","75 09:07.652","3","0","0","0","67301","1","0","0","N","1","0","0","2","67301","0","","1.0","","1","N","N","N","0","","1","0","1","3","2","","2300","2","1","0","0","0","0","0","2","0","1","1","0","0","3","03","","N","","","","","","","","","",""
"2022066426","0029","1","0","0","0","0","0","0","0","0","4","0","","67","7","2022","4","39.974629","-75.199199","0006","6","0","0","0","0","0","0","0","0","","0","0","0","0","3","0","","1","0","39 58:28.663","","2","75 11:57.118","9","0","0","0","67301","0","0","0","N","0","0","0","2","67301","0","","1.0","","1","N","N","N","0","","0","0","1","3","2","","4","2","0","0","0","0","0","1","2","0","2","0","0","0","3","03","","N","","","","","","","","","",""
"2022076153","1740","0","0","0","0","0","0","0","0","0","8","0","","67","8","2022","4","39.913583","-75.152797","1740","6","0","0","0","0","0","0","0","0","","0","0","0","15","1","1","N","0","0","39 54:48.900","","7","75 09:10.070","3","0","0","0","67301","1","0","0","N","1","0","0","2","67301","0","","1.0","","99","N","N","N","0","","1","0","0","0","0","","1545","2","1","1","0","0","0","0","2","1","1","1","0","0","3","03","","N","","","","","","","","","",""
"2022045613","0525","1","0","0","0","0","0","0","0","0","7","0","","67","5","2022","1","39.946189","-75.142469","0518","6","0","0","0","0","0","0","0","0","","0","0","0","5","3","1","N","0","0","39 56:46.279","","0","75 08:32.887","3","0","0","0","67301","0","0","0","N","0","0","0","1","68K01","0","","2.0","","9","N","N","N","0","","1","0","0","0","0","","513","1","1","0","0","0","0","0","2","0","1","0","0","0","7","","","N","","","","","","","","","",""
"2022065125","0711","2","0","0","0","0","0","0","0","0","4","0","","67","7","2022","6","40.041834","-75.192133","0648","6","0","0","0","1","0","0","0","0","","0","0","0","5","3","1","","1","2","40 02:30.603","6","0","75 11:31.679","4","0","0","0","67301","0","0","0","N","0","0","0","2","67301","1","","1.0","300.0","1","N","N","N","0","","0","0","0","3","2","Y","555","2","1","0","0","0","0","0","2","0","2","0","0","0","3","","","N","","","","","","","","","",""
"2022072241","1937","1","0","0","0","0","0","0","0","0","4","0","","67","7","2022","3","40.040258","-75.058429","1935","6","0","0","0","0","0","0","0","0","","0","0","0","19","1","0","","1","1","40 02:24.930","4","0","75 03:30.344","0","0","0","0","67301","0","0","0","N","0","0","0","2","67301","0","","1.0","2001.0","1","N","N","N","1","","0","0","0","3","2","N","1925","2","0","0","0","0","0","0","2","0","2","0","0","0","3","03","","N","","","","","","","","","",""
"2022065390","1638","1","0","0","0","0","0","0","0","0","4","0","","67","7","2022","6","40.015589","-75.149753","1638","6","0","0","0","0","0","1","0","0","","0","0","0","16","1","1","","2","0","40 00:56.122","","0","75 08:59.111","3","0","0","0","67301","0","0","0","N","0","0","0","2","67301","0","","1.0","","1","N","N","N","0","","1","0","1","0","0","","1635","2","1","0","0","0","0","0","2","0","2","0","0","0","3","","","N","","","","","","","","","",""
"2022048726","0111","2","0","0","0","0","0","0","0","0","4","0","","67","5","2022","4","39.980224","-75.157607","0110","6","0","0","0","0","0","0","0","0","","0","0","0","1","3","0","N","1","1","39 58:48.805","5","0","75 09:27.384","9","0","0","0","67301","0","0","0","N","0","0","0","3","67505","0","","1.0","134.0","1","N","N","N","0","","0","0","0","3","2","N","110","2","0","1","0","0","0","1","2","0","2","0","0","0","3","03","","N","","","","","","","","","",""
"2022076741","0422","1","0","0","0","0","0","0","0","0","7","0","","67","8","2022","1","40.091852","-75.047425","0405","6","0","0","0","0","0","0","0","0","","0","0","0","3","3","0","","3","0","40 05:30.666","","0","75 02:50.731","9","0","0","0","67301","0","0","0","N","0","0","0","1","67301","0","","5.0","","1","N","N","N","0","","0","0","0","3","2","","359","1","0","0","0","0","0","1","2","0","1","0","0","0","3","03","","N","","","","","","","","","",""
"2022077690","1845","0","0","0","0","0","0","0","0","0","7","1","","67","8","2022","4","40.000075","-75.189135","1822","6","0","0","0","0","0","0","0","0","","0","1","0","18","1","0","N","0","1","40 00:00.270","4","4","75 11:20.886","0","0","0","0","67301","0","0","0","N","0","0","0","1","67301","0","","5.0","2300.0","1","N","N","N","0","","0","0","0","3","8","N","1815","1","0","0","0","0","0","0","2","0","1","0","0","0","3","","","N","","","","","","","","","",""
"2022077005","1718","1","0","0","0","0","0","0","0","0","98","0","","67","7","2022","4","39.891658","-75.237569","1647","6","0","0","0","0","0","1","0","0","","0","0","0","16","1","0","N","0","0","39 53:29.970","","0","75 14:15.248","0","0","0","0","67301","0","0","0","N","0","0","0","3","68K01","0","","9.0","","1","N","N","N","1","","0","0","0","0","0","","1643","2","0","0","0","0","0","0","2","0","2","0","0","0","3","03","","N","","","","","","","","","",""
"2022069883","1218","1","0","0","0","0","0","0","0","0","7","0","","67","7","2022","2","40.006208","-75.127653","1217","6","0","0","0","0","0","0","0","0","","0","0","0","12","8","0","N","0","0","40 00:22.350","","0","75 07:39.550","9","0","0","0","67301","0","0","0","N","0","0","0","1","67301","0","","4.0","","1","N","N","N","0","","0","0","0","0","0","","1216","1","0","0","0","0","0","1","2","0","1","0","0","0","3","03","","N","","","","","","","","","",""
"2022070219","1550","0","0","0","0","0","0","0","0","0","4","0","","67","7","2022","4","39.959724","-75.235186","1546","6","0","0","0","0","0","1","0","0","","0","0","0","15","1","1","","1","0","39 57:35.007","","0","75 14:06.670","4","0","0","0","67301","0","0","0","N","0","0","0","2","67301","1","","1.0","","1","N","N","N","0","","0","0","3","3","2","","1510","3","1","0","0","0","0","1","2","0","3","0","0","0","3","98","","N","","","","","","","","","",""
"2022065450","1522","1","0","0","0","0","0","0","0","0","1","0","","67","7","2022","7","40.035247","-75.108006","1521","6","0","0","0","0","0","0","0","0","","0","0","0","15","1","2","N","0","0","40 02:06.890","","0","75 06:28.820","4","0","0","0","67301","0","0","0","N","0","0","0","2","67301","1","","6.0","","1","N","N","N","0","","0","0","1","0","0","","1521","2","2","1","0","0","1","0","2","0","2","0","0","0","3","","","N","","","","","","","","","",""
"2022065605","0755","0","0","0","0","0","0","0","0","0","1","0","","67","7","2022","6","39.958048","-75.163221","0740","6","0","0","0","0","0","0","0","0","","0","0","0","7","1","1","N","0","0","39 57:28.974","","0","75 09:47.596","3","0","0","1","67301","0","0","0","N","0","0","0","2","68K01","0","","1.0","","1","N","N","N","0","","1","0","1","0","0","","738","2","1","0","0","0","0","0","2","0","2","0","0","0","3","03","","N","","","","","","","","","",""
"2022044076","1208","3","0","0","0","0","0","0","0","0","4","0","","67","5","2022","4","39.990651","-75.129479","1207","6","0","0","0","0","0","0","0","1","","0","0","0","12","1","3","N","0","2","39 59:26.345","6","0","75 07:46.124","2","0","0","0","67301","0","0","0","N","0","0","0","4","67301","0","","1.0","1500.0","1","N","N","N","0","","2","1","1","3","2","Y","1206","4","3","0","0","0","0","0","2","0","4","0","0","0","3","03","","N","","","","","","","","","",""
"2022075795","1232","1","0","0","0","0","0","0","0","0","4","0","","67","8","2022","5","39.972297","-75.124274","1231","6","0","0","0","0","0","1","0","0","","0","0","0","12","1","0","N","0","0","39 58:20.270","","0","75 07:27.387","0","0","0","0","67301","0","0","0","N","0","0","0","3","67301","0","","1.0","","1","N","N","N","0","","0","0","1","0","0","","1225","2","0","0","0","0","0","0","2","0","2","0","0","0","3","","","N","","","","","","","","","",""
"2022066227","2027","0","0","0","0","0","0","0","0","0","8","0","","67","7","2022","6","40.015967","-75.073853","2027","6","0","0","0","0","0","0","0","0","","0","0","0","20","1","1","N","0","0","40 00:57.480","","0","75 04:25.870","3","0","0","0","67301","1","0","0","N","1","0","0","2","67301","0","","1.0","","1","N","N","N","0","","1","0","1","0","0","","2027","2","1","0","0","0","0","0","2","0","1","1","0","0","3","","","N","","","","","","","","","",""
"2022065503","2211","1","0","0","0","0","0","0","0","0","4","0","","67","7","2022","6","39.932341","-75.19255","2211","6","0","0","0","0","0","0","0","0","","0","0","0","21","3","1","","1","0","39 55:56.427","","0","75 11:33.179","3","0","0","0","67301","0","0","0","N","0","0","0","2","67301","0","","1.0","","1","N","N","N","0","","1","0","1","3","3","","2132","2","1","0","0","0","0","0","2","0","2","0","0","0","3","03","","N","","","","","","","","","",""
"2022077584","0049","0","0","0","1","1","0","0","0","0","8","0","","67","8","2022","2","40.048329","-75.059283","0049","6","0","0","0","0","0","0","0","0","","1","0","0","0","3","0","N","0","2","40 02:53.984","5","0","75 03:33.420","1","0","0","0","67301","1","1","0","N","0","0","0","2","67301","0","2","1.0","110.0","9","N","N","N","0","0","0","0","1","0","0","Y","48","2","0","0","0","0","0","0","2","0","1","1","1","0","7","","","N","","","","","","","","","",""
"2022067132","0004","1","0","0","0","0","0","0","0","0","7","0","","67","7","2022","4","40.036616","-75.040497","0001","6","0","0","0","0","0","0","0","0","","0","0","0","11","8","1","N","0","0","40 02:11.819","","0","75 02:25.790","3","0","0","0","67301","0","0","0","N","0","0","0","1","67301","0","","4.0","","1","N","N","N","0","","1","0","0","0","0","","1155","1","1","0","0","0","0","0","2","0","1","0","0","0","3","03","","N","","","","","","","","","",""
"2022064775","1659","1","0","0","0","0","0","0","0","0","1","0","","67","7","2022","4","39.907389","-75.142222","1658","6","0","0","0","0","0","0","1","0","","0","0","0","16","1","2","N","0","2","39 54:26.600","3","3","75 08:32.000","3","0","0","0","67301","0","0","0","N","0","0","0","8","67501","0","","1.0","1730.0","1","N","N","N","0","","1","0","2","3","8","N","1653","3","2","0","0","0","1","0","2","0","3","0","0","0","3","03","","N","","","","","","","","","",""
"2022077255","1952","3","0","0","0","0","0","0","0","0","1","0","","67","7","2022","5","39.958493","-75.167731","1941","6","0","0","0","0","0","0","0","0","","0","0","0","19","1","1","N","0","1","39 57:30.573","3","0","75 10:03.831","8","0","0","0","67301","0","0","0","N","0","0","0","3","68K01","0","","1.0","2020.0","1","N","N","N","0","","0","0","0","0","0","N","1935","3","1","0","0","0","1","0","2","0","3","0","0","0","3","","","N","","","","","","","","","",""
"2022065353","1955","0","0","0","0","0","0","0","0","0","4","0","","67","7","2022","6","39.957224","-75.247141","1946","6","0","0","0","0","0","0","0","0","","0","0","0","19","1","1","","2","0","39 57:26.006","","0","75 14:49.707","4","0","0","0","67301","0","0","0","N","0","0","0","5","67301","1","","1.0","","1","N","N","N","0","","0","0","2","0","0","","1945","2","1","0","0","0","0","0","2","0","2","0","0","0","3","03","","N","","","","","","","","","",""
"2022068633","1904","0","0","0","0","0","0","0","0","0","5","0","","67","7","2022","3","39.933283","-75.163947","1853","6","0","0","0","0","0","0","0","0","","0","0","0","20","3","0","N","0","0","39 55:59.820","","0","75 09:50.210","9","0","0","0","67301","0","0","0","N","0","0","0","1","67301","0","","6.0","","99","N","N","N","0","","0","0","1","0","0","","2000","2","0","0","0","0","0","1","2","0","2","0","0","0","99","","","N","","","","","","","","","",""
"2022065621","1035","0","0","0","1","0","0","0","0","0","8","0","","67","7","2022","5","39.942136","-75.172406","1030","6","0","0","0","0","0","0","0","0","","0","0","0","9","1","1","N","0","0","39 56:31.690","","0","75 10:20.660","8","0","0","0","67301","1","0","0","N","0","0","0","2","67301","0","","1.0","","1","N","N","N","0","","0","0","1","0","0","","931","2","1","0","0","0","1","1","2","0","1","1","0","0","3","03","","N","","","","","","","","","",""
"2022072272","1038","0","0","0","0","0","0","0","0","0","8","0","","67","7","2022","6","40.011033","-75.104163","1038","6","0","0","0","0","0","0","0","0","","0","0","0","22","3","1","","1","0","40 00:39.717","","0","75 06:14.985","2","0","0","0","67301","1","0","1","N","1","0","1","2","67301","0","","1.0","","99","N","N","N","1","","0","1","0","3","2","","2200","2","1","0","0","0","0","1","2","0","1","1","0","1","3","03","","N","","","","","","","","","",""
"2022076278","1435","0","0","0","0","0","0","0","0","0","6","0","","67","4","2022","6","39.98075","-75.228028","1425","6","0","0","0","0","0","0","0","0","","0","0","0","23","8","1","N","0","0","39 58:50.700","","0","75 13:40.900","4","0","0","0","67301","0","0","0","N","0","0","0","1","67301","1","","6.0","","99","N","N","N","0","","0","0","1","0","0","","2330","2","1","0","0","0","0","0","2","0","2","0","0","0","99","","","N","","","","","","","","","",""
"2022066349","1920","0","0","0","0","0","0","0","0","0","0","0","","67","7","2022","5","39.897408","-75.175532","1900","6","0","0","0","0","0","0","1","0","","0","0","0","18","1","1","","1","0","39 53:50.668","","0","75 10:31.915","3","0","0","1","67301","0","0","0","N","0","0","0","1","67301","0","","1.0","","1","N","N","N","0","","1","0","0","3","2","","1840","1","1","0","0","0","0","0","2","0","1","0","0","0","3","03","","N","","","","","","","","","",""
"2022070069","1321","1","0","0","0","0","0","0","0","0","4","0","","67","7","2022","5","39.965313","-75.242094","1316","6","0","0","0","0","0","0","0","0","","0","0","0","13","1","2","","1","0","39 57:55.126","","0","75 14:31.538","4","0","0","0","67301","0","0","0","N","0","0","0","2","67301","2","","1.0","","1","N","N","N","1","","0","0","1","3","3","","1313","3","2","0","0","0","0","0","2","0","3","0","0","0","3","03","","N","","","","","","","","","",""
"2022074107","2338","0","0","0","0","0","0","0","0","0","1","0","","67","8","2022","5","40.027218","-75.171009","2333","6","0","0","0","0","0","1","0","0","","0","0","0","23","2","0","","1","0","40 01:37.983","","0","75 10:15.634","9","0","0","0","67301","0","0","0","N","0","0","0","2","67301","0","","1.0","","9","N","N","N","0","","0","0","3","3","2","","2312","3","0","0","0","0","0","1","2","0","3","0","0","0","7","07","","N","","","","","","","","","",""
"2022066979","2035","0","0","0","0","0","0","0","0","0","8","0","","67","7","2022","4","39.962856","-75.241242","2032","6","0","0","0","0","0","0","0","0","","0","0","0","20","3","1","N","0","0","39 57:46.280","","0","75 14:28.470","3","0","0","0","67301","1","0","0","N","1","0","0","2","67301","0","","1.0","","1","N","N","N","0","","1","0","0","0","0","","2030","2","1","1","0","0","0","0","2","1","1","1","0","0","3","","","N","","","","","","","","","",""
"2022070498","0507","0","0","0","0","0","0","0","0","0","1","1","55","67","7","2022","3","39.934634","-75.145102","0457","6","0","0","0","0","0","1","0","0","","0","1","0","4","3","4","N","0","1","39 56:04.684","2","3","75 08:42.368","4","0","0","0","67301","0","0","0","N","0","0","0","4","68K01","1","","1.0","0.0","1","N","N","N","0","","0","0","1","0","0","N","447","2","4","4","0","0","3","0","2","0","2","0","0","0","3","03","Y","Y","2","2","","","N","","","Y","","Y"
"2022081199","1550","0","0","0","0","0","0","0","0","0","2","0","","67","9","2022","1","40.067314","-75.028236","1544","6","0","0","0","0","0","0","1","0","","0","0","0","15","1","3","","1","0","40 04:02.330","","0","75 01:41.648","8","0","0","0","67301","0","0","0","N","0","0","0","5","67301","0","","1.0","","1","N","N","N","0","","0","0","2","3","2","","1533","2","3","0","0","0","3","0","2","0","2","0","0","0","3","03","","N","","","","","","","","","",""
"2022074599","0504","0","0","0","0","0","0","0","0","0","5","0","","67","7","2022","6","39.977923","-75.111122","0504","6","0","0","0","0","0","0","0","0","","0","0","0","5","3","2","N","0","0","39 58:40.524","","3","75 06:40.040","2","0","1","1","67301","0","0","0","N","0","0","0","2","68K01","1","","1.0","","1","N","N","N","0","","0","1","1","0","0","","503","2","2","0","0","0","0","0","2","0","2","0","0","0","3","","","N","","","","","","","","","",""
"2022077224","1703","1","0","0","0","0","0","0","0","0","1","0","","67","8","2022","7","39.948301","-75.14172","1700","6","0","0","0","0","0","0","0","0","","0","0","0","16","1","0","N","0","0","39 56:53.882","","0","75 08:30.193","0","0","0","0","67301","0","0","0","N","0","0","0","4","68K01","0","","1.0","","1","N","N","N","0","","0","0","1","0","0","","1654","2","0","1","0","0","0","0","2","0","2","0","0","0","3","03","","N","","","","","","","","","",""
"2022066425","2158","1","0","0","0","0","0","0","0","0","8","0","","67","7","2022","2","39.963811","-75.220014","2156","6","0","0","0","0","0","0","0","0","","0","0","0","21","3","3","","5","0","39 57:49.719","","0","75 13:12.052","2","0","0","0","67301","3","0","1","N","3","0","1","4","67301","0","","1.0","","9","N","N","N","0","","2","1","0","3","3","","2155","4","3","0","0","0","0","0","2","0","1","3","0","1","7","04","","N","","","","","","","","","",""
"2022066793","2120","1","0","0","0","0","0","0","0","0","8","0","","67","7","2022","3","39.938578","-75.215858","2117","6","0","0","0","0","0","0","0","0","","0","0","0","21","3","1","N","0","0","39 56:18.880","","0","75 12:57.090","8","0","0","0","67301","1","0","0","N","1","0","0","2","67301","0","","1.0","","1","N","N","N","0","","0","0","0","0","0","","2111","2","1","0","0","0","1","0","2","0","1","1","0","0","3","03","","N","","","","","","","","","",""
"2022077006","1808","1","0","0","0","0","0","0","0","0","1","0","","67","7","2022","4","39.989659","-75.087206","1755","6","0","0","0","0","0","0","0","0","","0","0","0","17","1","0","N","0","0","39 59:22.773","","0","75 05:13.941","0","0","0","0","67301","0","0","0","N","0","0","0","2","68K01","0","","1.0","","1","N","N","N","0","","0","0","1","0","0","","1754","2","0","0","0","0","0","0","2","0","2","0","0","0","3","03","","N","","","","","","","","","",""
"2022071916","1918","1","0","0","0","0","0","0","0","0","1","0","","67","7","2022","1","39.991199","-75.203911","1916","6","0","0","0","0","0","0","0","0","","0","0","0","19","1","2","N","0","1","39 59:28.316","3","0","75 12:14.081","3","0","0","0","67301","0","0","0","N","0","0","0","3","68K01","0","","1.0","2011.0","1","N","N","N","0","","2","0","1","0","0","N","1911","2","2","0","0","0","0","0","2","0","2","0","0","0","3","","","N","","","","","","","","","",""
"2022077124","1741","0","0","0","0","0","0","0","0","0","7","0","","67","8","2022","2","40.068676","-75.067263","1735","6","0","0","0","0","0","0","1","0","","0","0","0","17","3","0","N","0","0","40 04:07.233","","7","75 04:02.147","0","0","0","0","67301","0","0","0","N","0","0","0","1","67301","0","","5.0","","1","N","N","N","0","","0","0","1","0","0","","1733","1","0","0","0","0","0","0","2","0","1","0","0","0","3","03","","N","","","","","","","","","",""
"2022077898","1510","1","0","0","0","0","0","0","0","0","4","1","","67","8","2022","5","39.923095","-75.159735","1505","6","0","0","0","0","0","1","0","0","","0","1","0","15","1","1","","1","0","39 55:23.141","","0","75 09:35.045","3","0","0","0","67301","0","0","0","N","0","0","0","2","67301","0","","1.0","","1","N","N","N","0","","1","0","0","3","2","","1504","2","1","0","0","0","0","0","2","0","2","0","0","0","3","","","N","","","","","","","","","",""