"CRN","ARRIVAL_TM","AUTOMOBILE_COUNT","BELTED_DEATH_COUNT","BELTED_SUSP_SERIOUS_INJ_COUNT","BICYCLE_COUNT","BICYCLE_DEATH_COUNT","BICYCLE_SUSP_SERIOUS_INJ_COUNT","BUS_COUNT","CHLDPAS_DEATH_COUNT","CHLDPAS_SUSP_SERIOUS_INJ_COUNT","COLLISION_TYPE","COMM_VEH_COUNT","CONS_ZONE_SPD_LIM","COUNTY","CRASH_MONTH","CRASH_YEAR","DAY_OF_WEEK","DEC_LATITUDE","DEC_LONGITUDE","DISPATCH_TM","DISTRICT","DRIVER_COUNT_16YR","DRIVER_COUNT_17YR","DRIVER_COUNT_18YR","DRIVER_COUNT_19YR","DRIVER_COUNT_20YR","DRIVER_COUNT_50_64YR","DRIVER_COUNT_65_74YR","DRIVER_COUNT_75PLUS","EST_HRS_CLOSED","FATAL_COUNT","HEAVY_TRUCK_COUNT","HORSE_BUGGY_COUNT","HOUR_OF_DAY","ILLUMINATION","INJURY_COUNT","INTERSECTION_RELATED","INTERSECT_TYPE","LANE_CLOSED","LATITUDE","LN_CLOSE_DIR","LOCATION_TYPE","LONGITUDE","MAX_SEVERITY_LEVEL","MCYCLE_DEATH_COUNT","MCYCLE_SUSP_SERIOUS_INJ_COUNT","MOTORCYCLE_COUNT","MUNICIPALITY","NONMOTR_COUNT","NONMOTR_DEATH_COUNT","NONMOTR_SUSP_SERIOUS_INJ_COUNT","NTFY_HIWY_MAINT","PED_COUNT","PED_DEATH_COUNT","PED_SUSP_SERIOUS_INJ_COUNT","PERSON_COUNT","POLICE_AGCY","POSSIBLE_INJ_COUNT","RDWY_SURF_TYPE_CD","RELATION_TO_ROAD","ROADWAY_CLEARED","ROAD_CONDITION","SCH_BUS_IND","SCH_ZONE_IND","SECONDARY_CRASH","SMALL_TRUCK_COUNT","SPEC_JURIS_CD","SUSP_MINOR_INJ_COUNT","SUSP_SERIOUS_INJ_COUNT","SUV_COUNT","TCD_FUNC_CD","TCD_TYPE","TFC_DETOUR_IND","TIME_OF_DAY","TOTAL_UNITS","TOT_INJ_COUNT","UNBELTED_OCC_COUNT","UNB_DEATH_COUNT","UNB_SUSP_SERIOUS_INJ_COUNT","UNK_INJ_DEG_COUNT","UNK_INJ_PER_COUNT","URBAN_RURAL","VAN_COUNT","VEHICLE_COUNT","VULNERABLE_ROAD_USER_COUNT","VULNERABLE_ROAD_USER_DEATH_COUNT","VULNERABLE_ROAD_USER_SER_INJ_COUNT","WEATHER1","WEATHER2","WORKERS_PRES","WORK_ZONE_IND","WORK_ZONE_LOC","WORK_ZONE_TYPE","WZ_CLOSE_DETOUR","WZ_FLAGGER","WZ_LAW_OFFCR_IND","WZ_LN_CLOSURE","WZ_MOVING","WZ_OTHER","WZ_SHLDER_MDN","WZ_WORKERS_INJ_KILLED"
"2022068593","1945","1","0","0","0","0","0","0","0","0","4","0","","67","7","2022","4","39.973237","-75.212226","1934","6","0","0","0","0","0","1","0","0","","0","0","0","19","1","4","","1","1","39 58:23.653","6","0","75 12:44.012","4","0","0","0","67301","0","0","0","N","0","0","0","4","67301","2","","1.0","2030.0","1","N","N","N","0","","0","0","1","3","2","N","1933","2","4","0","0","0","2","0","2","0","2","0","0","0","3","03","","N","","","","","","","","","",""
"2022066899","1320","2","0","0","0","0","0","0","0","0","5","0","","67","7","2022","4","40.056605","-75.01665","1315","6","0","0","0","0","1","1","0","0","","0","0","0","13","1","2","N","0","1","40 03:23.778","4","0","75 00:59.940","3","0","0","0","67301","0","0","0","N","0","0","0","2","67301","0","","1.0","1425.0","1","N","N","N","0","","1","0","0","0","0","N","1300","2","2","1","0","0","1","0","2","0","2","0","0","0","3","03","","N","","","","","","","","","",""
"2022066774","1738","0","0","0","0","0","0","0","0","0","8","0","","67","7","2022","3","40.1135","-75.022614","1735","6","0","0","0","0","0","0","0","0","","0","0","0","17","1","1","N","0","0","40 06:48.600","","0","75 01:21.409","3","0","0","0","67301","1","0","0","N","1","0","0","2","67301","0","","1.0","","1","N","N","N","0","","1","0","1","0","0","","1730","2","1","0","0","0","0","0","2","0","1","1","0","0","3","03","","N","","","","","","","","","",""
"2022080063","0409","1","0","0","0","0","0","0","0","0","7","0","","67","8","2022","7","39.987751","-75.207556","0405","6","0","0","0","0","0","0","0","0","","0","0","0","4","3","1","N","0","1","39 59:15.905","3","0","75 12:27.201","4","0","0","0","67301","0","0","0","N","0","0","0","2","68K01","1","","3.0","430.0","1","N","N","N","0","","0","0","0","0","0","N","402","1","1","0","0","0","0","1","2","0","1","0","0","0","3","03","","N","","","","","","","","","",""
"2022074208","0137","2","0","0","0","0","0","0","0","0","1","0","","67","8","2022","2","39.946386","-75.242003","0134","6","0","0","0","0","0","0","0","0","","0","0","0","1","3","0","N","0","1","39 56:46.990","2","0","75 14:31.210","0","0","0","0","67301","0","0","0","N","0","0","0","1","67301","0","","6.0","329.0","9","N","N","N","0","","0","0","2","0","0","N","130","4","0","0","0","0","0","0","2","0","4","0","0","0","7","07","","N","","","","","","","","","",""
"2022074438","1555","0","0","0","0","0","0","1","0","0","5","1","","67","8","2022","4","40.015873","-75.153841","1545","6","0","0","0","0","0","1","0","0","","0","0","0","15","1","1","","1","0","40 00:57.144","","0","75 09:13.828","8","0","0","0","67301","0","0","0","N","0","0","0","2","67508","0","","1.0","","1","N","N","Y","0","","0","0","1","3","2","","1545","2","1","0","0","0","1","0","2","0","2","0","0","0","3","03","","N","","","","","","","","","",""
"2022069983","0156","1","0","0","0","0","0","0","0","0","7","0","","67","7","2022","2","39.926988","-75.243496","0154","6","0","0","0","0","0","0","0","0","","0","0","0","1","3","1","","3","0","39 55:37.155","","0","75 14:36.586","2","0","0","0","67301","0","0","0","N","0","0","0","1","67301","0","","5.0","","1","N","N","N","0","","0","1","0","0","0","","151","1","1","0","0","0","0","0","2","0","1","0","0","0","3","03","","N","","","","","","","","","",""
"2022063787","1750","0","0","0","0","0","0","0","0","0","8","0","","67","7","2022","5","39.973614","-75.209312","1749","6","0","0","0","0","0","0","0","0","","0","0","0","17","1","1","N","0","0","39 58:25.009","","0","75 12:33.523","2","0","0","0","67301","1","0","1","N","1","0","1","2","67301","0","","1.0","","1","N","N","N","1","","0","1","0","0","0","","1746","2","1","0","0","0","0","0","2","0","1","1","0","1","3","03","","N","","","","","","","","","",""
"2022069390","0707","3","0","0","0","0","0","0","0","0","1","0","55","67","7","2022","4","40.018241","-75.047523","0652","6","0","0","0","1","0","1","1","0","","0","0","0","6","1","1","N","0","2","40 01:05.667","1","0","75 02:51.081","8","0","0","0","67301","0","0","0","N","0","0","0","5","68K01","0","","1.0","715.0","1","N","N","N","0","","0","0","2","0","0","N","648","5","1","0","0","0","1","0","2","0","5","0","0","0","3","","N","Y","4","1","","","N","","","","Y","N"
"2022063883","1830","2","0","0","0","0","0","0","0","0","0","0","","67","7","2022","2","40.036463","-75.209553","1827","6","0","0","0","0","0","1","0","0","","0","0","0","18","1","0","N","0","0","40 02:11.266","","0","75 12:34.390","0","0","0","0","67301","0","0","0","N","0","0","0","2","67301","0","","1.0","","1","N","N","N","0","","0","0","0","0","0","","1826","2","0","0","0","0","0","0","2","0","2","0","0","0","3","03","","N","","","","","","","","","",""
"2022080287","0309","1","0","0","0","0","0","0","0","0","4","0","","67","8","2022","7","40.118131","-75.028372","0303","6","0","0","0","0","0","0","0","0","","0","0","0","2","3","0","N","0","0","40 07:05.270","","0","75 01:42.140","0","0","0","0","67301","0","0","0","N","0","0","0","1","67301","0","","1.0","","1","N","N","N","0","","0","0","3","0","0","","245","4","0","0","0","0","0","0","2","0","4","0","0","0","3","03","","N","","","","","","","","","",""
"2022075984","1531","1","0","0","0","0","0","0","0","0","1","0","","67","8","2022","6","39.951232","-75.141024","1520","6","0","0","0","0","0","0","0","0","","0","0","0","15","1","1","N","0","2","39 57:04.435","1","0","75 08:27.685","8","0","0","0","67301","0","0","0","N","0","0","0","3","68K01","0","","1.0","1644.0","1","N","N","N","1","","0","0","0","0","0","N","1520","2","1","0","0","0","1","0","2","0","2","0","0","0","3","","","N","","","","","","","","","",""
"2022061681","1943","0","0","0","0","0","0","0","0","0","4","0","","67","7","2022","2","39.948485","-75.229321","1930","6","0","0","0","0","0","0","0","0","","0","0","0","19","1","1","","1","0","39 56:54.545","","0","75 13:45.555","3","0","0","0","67301","0","0","0","N","0","0","0","3","67301","0","","1.0","","1","N","N","N","0","","1","0","1","3","3","","1905","2","1","0","0","0","0","0","2","0","2","0","0","0","3","03","","N","","","","","","","","","",""
"2022074862","0728","1","0","0","0","0","0","0","0","0","1","0","","67","8","2022","2","39.89893","-75.170827","0719","6","0","0","0","0","0","1","0","0","","0","0","0","7","1","0","N","0","0","39 53:56.149","","0","75 10:14.976","0","0","0","0","67301","0","0","0","N","0","0","0","2","68K01","0","","1.0","","1","N","N","N","0","","0","0","1","0","0","","717","2","0","0","0","0","0","0","2","0","2","0","0","0","3","03","","N","","","","","","","","","",""
"2022069974","0116","2","0","0","0","0","0","0","0","0","4","0","","67","7","2022","3","39.894612","-75.236717","0114","6","0","0","0","0","0","1","0","0","","0","0","0","1","3","2","","1","0","39 53:40.603","","0","75 14:12.181","3","0","0","0","67301","0","0","0","N","0","0","0","3","67301","0","","1.0","","1","N","N","N","0","","2","0","1","3","2","","114","3","2","0","0","0","0","0","2","0","3","0","0","0","3","03","","N","","","","","","","","","",""
"2022063788","1512","1","0","0","0","0","0","0","0","0","8","0","","67","7","2022","1","39.975868","-75.158557","1508","6","0","0","0","0","0","0","0","0","","0","0","0","15","1","1","","1","0","39 58:33.126","","0","75 09:30.804","3","0","0","0","67301","1","0","0","N","1","0","0","2","67301","0","","1.0","","1","N","N","N","0","","1","0","0","3","2","","1508","2","1","0","0","0","0","1","2","0","1","1","0","0","3","03","","N","","","","","","","","","",""
"2022066405","2236","1","0","0","1","0","1","0","0","0","8","0","","67","7","2022","2","39.9183","-75.172195","2233","6","0","0","0","0","0","0","0","0","","0","0","0","21","3","1","","1","0","39 55:05.881","","0","75 10:19.901","2","0","0","0","67301","1","0","1","N","0","0","0","2","67301","0","","1.0","","1","N","N","N","0","","0","1","0","3","3","","2122","2","1","0","0","0","0","0","2","0","1","1","0","1","3","03","","N","","","","","","","","","",""
"2022068070","0930","1","0","0","0","0","0","0","0","0","5","0","","67","7","2022","5","39.950868","-75.141258","0924","6","0","0","0","0","0","0","0","0","","0","0","0","9","1","0","N","0","2","39 57:03.126","1","8","75 08:28.528","0","0","0","0","67301","0","0","0","N","0","0","0","2","68K01","0","","1.0","1030.0","1","N","N","N","0","","0","0","1","0","0","N","921","2","0","0","0","0","0","0","2","0","2","0","0","0","3","","","N","","","","","","","","","",""
"2022066021","2308","0","0","0","0","0","0","0","0","0","8","0","","67","7","2022","1","39.964512","-75.204522","2308","6","0","0","0","0","0","1","0","0","","0","0","0","23","3","1","","2","1","39 57:52.244","4","0","75 12:16.279","3","0","0","0","67301","1","0","0","N","1","0","0","2","67301","0","","1.0","2345.0","1","N","N","N","0","","1","0","0","3","3","N","2300","2","1","0","0","0","0","0","2","1","1","1","0","0","3","","","N","","","","","","","","","",""
"2022072791","0648","0","0","0","0","0","0","0","0","0","7","1","","67","7","2022","5","39.888824","-75.217924","0633","6","0","0","0","0","0","0","0","0","","0","1","0","6","1","1","N","0","0","39 53:19.767","","3","75 13:04.525","3","0","0","0","67301","0","0","0","N","0","0","0","1","68K03","0","","4.0","","8","N","N","N","0","","1","0","0","0","0","","615","1","1","0","0","0","0","0","2","0","1","0","0","0","7","07","","N","","","","","","","","","",""
"2022061360","2359","2","0","0","0","0","0","0","0","0","6","0","","67","7","2022","7","40.054611","-75.054158","2355","6","0","0","0","0","0","0","0","0","","0","0","0","23","3","1","N","0","1","40 03:16.601","5","0","75 03:14.969","3","0","0","0","67301","0","0","0","N","0","0","0","2","67301","0","","1.0","130.0","1","N","N","N","0","","1","0","1","0","0","Y","2330","3","1","0","0","0","0","0","2","0","3","0","0","0","3","03","","N","","","","","","","","","",""
"2022068622","2220","1","0","0","0","0","0","0","0","0","4","0","","67","7","2022","1","40.004935","-75.178718","2218","6","0","0","0","0","0","0","0","0","","0","0","0","22","3","0","","5","0","40 00:17.766","","0","75 10:43.386","0","0","0","0","67301","0","0","0","N","0","0","0","2","67301","0","","1.0","","1","N","N","N","0","","0","0","1","3","2","","2200","2","0","0","0","0","0","0","2","0","2","0","0","0","3","03","","N","","","","","","","","","",""
"2022065504","2112","2","0","0","0","0","0","0","0","0","5","0","","67","7","2022","7","39.936031","-75.175017","2112","6","0","0","0","0","0","0","0","0","","0","0","0","18","1","0","N","0","0","39 56:09.710","","0","75 10:30.060","0","0","0","0","67301","0","0","0","N","0","0","0","1","67301","0","","6.0","","1","N","N","N","0","","0","0","1","0","0","","1847","3","0","0","0","0","0","0","2","0","3","0","0","0","3","","","N","","","","","","","","","",""
"2022066605","1935","1","0","0","0","0","0","0","0","0","4","0","","67","7","2022","2","40.062022","-75.083486","1928","6","0","1","0","0","0","0","0","0","","0","0","0","19","3","0","","3","1","40 03:43.278","5","0","75 05:00.549","0","0","0","0","67301","0","0","0","N","0","0","0","2","67301","0","","1.0","2000.0","9","N","N","N","0","","0","0","1","0","0","Y","1920","2","0","0","0","0","0","0","2","0","2","0","0","0","7","","","N","","","","","","","","","",""
"2022064074","0805","1","0","0","0","0","0","0","0","0","4","0","","67","7","2022","3","40.071945","-75.17909","0759","6","0","0","0","0","0","0","0","0","","0","0","0","7","1","1","N","0","2","40 04:19.001","6","7","75 10:44.723","2","0","1","1","67301","0","0","0","N","0","0","0","2","67301","0","","1.0","1040.0","1","N","N","N","0","","0","1","0","0","0","N","757","2","1","0","0","0","0","0","2","0","2","0","0","0","3","03","","N","","","","","","","","","",""
"2022063228","1315","1","0","0","0","0","0","0","0","0","1","0","","67","7","2022","5","40.099036","-75.061556","1315","6","0","0","0","0","0","0","0","0","","0","0","0","13","1","1","N","0","0","40 05:56.530","","0","75 03:41.600","3","0","0","0","67301","0","0","0","N","0","0","0","1","67301","0","","6.0","","1","N","N","N","0","","1","0","1","0","0","","1310","2","1","0","0","0","0","0","2","0","2","0","0","0","3","03","","N","","","","","","","","","",""
"2022064475","1714","0","0","0","0","0","0","0","0","0","4","0","","67","7","2022","3","40.033054","-75.222464","1707","6","0","0","0","0","0","1","0","0","","0","0","0","17","1","1","","2","0","40 01:58.994","","0","75 13:20.870","8","0","0","0","67301","0","0","0","N","0","0","0","2","67301","0","","1.0","","1","N","N","N","0","","0","0","2","0","0","","1700","2","1","2","0","0","1","0","2","0","2","0","0","0","3","03","","N","","","","","","","","","",""
"2022076035","1210","2","0","0","0","0","0","0","0","0","1","0","","67","7","2022","5","39.92818","-75.196279","1147","6","0","0","0","0","0","0","0","0","","0","0","0","11","1","0","N","0","1","39 55:41.447","3","0","75 11:46.606","9","0","0","0","67301","0","0","0","N","0","0","0","3","68K01","0","","4.0","1230.0","1","N","N","N","0","","0","0","0","0","0","N","1144","2","0","0","0","0","0","1","2","0","2","0","0","0","3","03","","N","","","","","","","","","",""
"2022068671","","0","0","0","0","0","0","0","0","0","5","0","","67","5","2022","4","39.946091","-75.198507","","6","0","0","0","0","0","0","0","0","","0","0","0","15","1","1","N","0","0","39 56:45.926","","0","75 11:54.625","8","0","0","0","67301","0","0","0","N","0","0","0","2","00000","0","","1.0","","1","","","N","0","","0","0","2","0","0","","1500","2","1","1","0","0","1","0","2","0","2","0","0","0","3","","","N","","","","","","","","","",""
"2022075752","0438","1","0","0","0","0","0","0","0","0","2","0","","67","7","2022","7","40.065972","-74.98805","0437","6","0","0","0","0","0","0","0","0","","0","0","0","4","3","0","N","0","0","40 03:57.500","","7","74 59:16.980","0","0","0","0","67301","0","0","0","N","0","0","0","1","67301","0","","6.0","","1","N","N","N","0","","0","0","1","0","0","","400","2","0","0","0","0","0","0","2","0","2","0","0","0","3","03","","N","","","","","","","","","",""
"2022074503","1554","0","0","0","0","0","0","0","0","0","8","0","","67","8","2022","2","40.006179","-75.151931","1550","6","0","0","0","0","0","1","0","0","","0","0","0","15","1","1","N","0","1","40 00:22.246","2","0","75 09:06.950","2","0","0","0","67301","1","0","1","N","1","0","1","3","67505","0","","1.0","1620.0","1","N","N","N","0","","0","1","1","0","0","N","1550","2","1","0","0","0","0","0","2","0","1","1","0","1","3","03","","N","","","","","","","","","",""
"2022077258","1451","2","0","0","0","0","0","0","0","0","1","0","","67","7","2022","7","39.958855","-75.170687","1436","6","0","0","0","0","0","0","1","0","","0","0","0","14","1","1","N","0","1","39 57:31.879","3","0","75 10:14.474","8","0","0","0","67301","0","0","0","N","0","0","0","3","68K01","0","","1.0","1510.0","1","N","N","N","0","","0","0","0","0","0","N","1431","2","1","0","0","0","1","1","2","0","2","0","0","0","3","","","N","","","","","","","","","",""
"2022063543","2040","1","0","0","0","0","0","0","0","0","7","0","","67","7","2022","7","40.040624","-75.191698","2031","6","0","0","0","0","0","0","0","0","","0","0","0","20","3","0","N","0","0","40 02:26.248","","0","75 11:30.111","0","0","0","0","67301","0","0","0","N","0","0","0","1","67301","0","","4.0","","1","N","N","N","0","","0","0","0","0","0","","2023","1","0","0","0","0","0","0","2","0","1","0","0","0","3","03","","N","","","","","","","","","",""
"2022071371","0028","1","0","0","0","0","0","0","0","0","1","0","","67","7","2022","5","39.961874","-75.182833","0018","6","0","0","0","0","0","0","0","0","","0","0","0","0","3","1","N","0","2","39 57:42.745","3","3","75 10:58.197","8","0","0","0","67301","0","0","0","N","0","0","0","3","68K03","0","","1.0","30.0","1","N","N","N","0","","0","0","1","0","0","Y","17","2","1","1","0","0","1","0","2","0","2","0","0","0","3","03","","N","","","","","","","","","",""
"2022075819","1654","1","0","0","0","0","0","0","0","0","1","0","","67","8","2022","5","40.041469","-75.057834","1644","6","0","0","0","0","0","0","0","1","","0","0","0","16","1","0","N","0","1","40 02:29.287","2","0","75 03:28.203","0","0","0","0","67301","0","0","0","N","0","0","0","4","67301","0","","1.0","1710.0","1","N","N","N","0","","0","0","2","0","0","N","1642","3","0","0","0","0","0","0","2","0","3","0","0","0","3","","","N","","","","","","","","","",""
"2022062068","0331","1","0","0","0","0","0","0","0","0","5","0","","67","7","2022","3","39.96855","-75.207953","0320","6","0","0","0","0","0","0","0","0","","0","0","0","3","3","0","N","0","0","39 58:06.780","","0","75 12:28.630","0","0","0","0","67301","0","0","0","N","0","0","0","1","67301","0","","6.0","","1","N","N","N","0","","0","0","2","0","0","","300","3","0","0","0","0","0","0","2","0","3","0","0","0","3","03","","N","","","","","","","","","",""
"2022075804","1946","2","0","0","0","0","0","0","0","0","4","0","","67","8","2022","4","39.971819","-75.125928","1945","6","0","0","0","0","0","0","0","0","","0","0","0","19","4","0","","1","0","39 58:18.550","","0","75 07:33.339","0","0","0","0","67301","0","0","0","N","0","0","0","2","67301","0","","1.0","","1","N","N","N","0","","0","0","0","3","2","","1941","2","0","0","0","0","0","0","2","0","2","0","0","0","3","03","","N","","","","","","","","","",""
"2022074117","1432","1","0","0","0","0","0","0","0","0","5","0","","67","7","2022","3","40.026699","-75.025991","1419","6","0","0","0","1","0","0","0","0","","0","0","0","13","1","0","N","0","0","40 01:36.118","","0","75 01:33.567","0","0","0","0","67301","0","0","0","N","0","0","0","3","68K01","0","","1.0","","1","N","N","N","0","","0","0","1","0","0","","1358","2","0","0","0","0","0","0","2","0","2","0","0","0","3","03","","N","","","","","","","","","",""
"2022069692","2255","0","0","0","0","0","0","0","0","0","8","0","","67","7","2022","6","40.034192","-75.047614","2251","6","0","0","0","0","0","0","0","0","","0","0","0","22","2","1","N","0","0","40 02:03.090","","0","75 02:51.410","8","0","0","0","67301","1","0","0","N","1","0","0","2","67301","0","","1.0","","1","N","N","N","0","","0","0","1","0","0","","2225","2","1","0","0","0","1","1","2","0","1","1","0","0","4","","","N","","","","","","","","","",""
"2022068596","1445","0","0","0","0","0","0","0","0","0","1","0","","67","7","2022","7","39.973776","-75.258236","1426","6","0","0","0","0","0","0","1","0","","0","0","0","13","1","2","","1","0","39 58:25.593","","0","75 15:29.649","4","0","0","0","67301","0","0","0","N","0","0","0","2","67301","2","","1.0","","1","N","N","N","0","","0","0","2","3","2","","1350","2","2","2","0","0","0","0","2","0","2","0","0","0","3","03","","N","","","","","","","","","",""
"2022075742","1606","2","0","0","0","0","0","0","0","0","5","0","","67","8","2022","4","40.072892","-75.075887","1601","6","0","0","0","0","0","1","0","0","","0","0","0","15","1","1","","1","2","40 04:22.410","5","0","75 04:33.193","3","0","0","0","67301","0","0","0","N","0","0","0","2","67301","0","","1.0","100.0","1","N","N","N","0","","1","0","0","3","2","Y","1559","2","1","0","0","0","0","0","2","0","2","0","0","0","3","","","N","","","","","","","","","",""
"2022074557","0454","0","0","0","0","0","0","0","0","0","7","0","","67","8","2022","5","40.027738","-75.024128","0431","6","0","0","0","0","0","0","0","0","","0","0","0","4","3","1","N","0","0","40 01:39.855","","0","75 01:26.859","3","0","0","0","67301","0","0","0","N","0","0","0","1","68K01","0","","4.0","","9","N","N","N","0","","1","0","1","0","0","","429","1","1","0","0","0","0","0","2","0","1","0","0","0","7","07","","N","","","","","","","","","",""
"2022069083","1105","1","0","0","0","0","0","0","0","0","7","0","","67","7","2022","6","40.023986","-75.159578","1100","6","0","0","0","0","0","0","1","0","","0","0","0","10","1","1","","1","0","40 01:26.350","","0","75 09:34.481","3","0","0","0","67301","0","0","0","N","0","0","0","1","67301","0","","5.0","","1","N","N","N","0","","1","0","0","3","2","","1055","1","1","0","0","0","0","0","2","0","1","0","0","0","3","03","","N","","","","","","","","","",""
"2022079163","2135","1","0","0","0","0","0","0","0","0","1","0","","67","8","2022","7","40.027515","-75.099303","2135","6","0","0","0","0","0","1","1","0","","0","0","0","21","3","0","N","0","0","40 01:39.055","","0","75 05:57.492","0","0","0","0","67301","0","0","0","N","0","0","0","2","67301","0","","1.0","","1","N","N","N","0","","0","0","1","0","0","","2130","2","0","1","0","0","0","0","2","0","2","0","0","0","3","03","","N","","","","","","","","","",""
"2022070231","1345","0","0","0","0","0","0","0","0","0","4","0","","67","7","2022","1","39.948679","-75.192892","1337","6","0","0","0","0","0","0","0","0","","0","0","0","12","1","0","","2","0","39 56:55.246","","7","75 11:34.412","0","0","0","0","67301","0","0","0","N","0","0","0","2","67301","0","","1.0","","1","N","N","N","0","","0","0","2","3","2","","1250","2","0","0","0","0","0","0","2","0","2","0","0","0","3","03","","N","","","","","","","","","",""
"2022064580","1749","0","0","0","0","0","0","0","0","0","5","0","","67","7","2022","4","39.957439","-75.14136","1749","6","0","0","0","0","0","0","0","0","","0","0","0","17","1","0","N","0","0","39 57:26.780","","0","75 08:28.897","0","0","0","0","67301","0","0","0","N","0","0","0","2","68K01","0","","1.0","","1","N","N","N","0","","0","0","2","0","0","","1748","2","0","0","0","0","0","0","2","0","2","0","0","0","3","","","N","","","","","","","","","",""
"2022062042","1520","2","0","0","0","0","0","0","0","0","5","0","","67","7","2022","3","39.953428","-75.153089","1515","6","0","0","0","0","0","1","0","0","","0","0","0","15","1","2","N","0","0","39 57:12.340","","0","75 09:11.120","4","0","0","0","67301","0","0","0","N","0","0","0","3","67301","2","","1.0","","1","N","N","N","0","","0","0","0","0","0","","1515","2","2","0","0","0","0","0","2","0","2","0","0","0","4","04","","N","","","","","","","","","",""
"2022080459","1114","0","0","0","0","0","0","0","0","0","2","0","","67","8","2022","6","39.988441","-75.185381","1114","6","0","0","0","0","0","0","0","0","","0","0","0","2","3","0","","2","0","39 59:18.387","","0","75 11:07.371","9","0","0","0","67301","0","0","0","N","0","0","0","1","67301","0","","1.0","","1","N","N","N","0","","0","0","1","3","3","","230","2","0","0","0","0","0","1","2","0","2","0","0","0","3","03","","N","","","","","","","","","",""
"2022065479","2218","2","0","0","0","0","0","0","0","0","4","0","","67","7","2022","2","39.954593","-75.206427","2214","6","0","0","0","1","0","0","0","0","","0","0","0","21","3","1","","1","0","39 57:16.536","","0","75 12:23.138","3","0","0","0","67301","0","0","0","N","0","0","0","5","67301","0","","1.0","","1","N","N","N","0","","1","0","0","3","2","","2144","3","1","0","0","0","0","1","2","1","3","0","0","0","3","03","","N","","","","","","","","","",""
"2022068577","1736","1","0","0","0","0","0","0","0","0","4","0","","67","7","2022","3","40.024369","-75.034487","1725","6","0","0","0","0","0","0","0","0","","0","0","0","17","1","2","","1","0","40 01:27.729","","0","75 02:04.154","4","0","0","0","67301","0","0","0","N","0","0","0","3","67301","2","","1.0","","1","N","N","N","0","","0","0","0","3","3","","1700","2","2","2","0","0","0","0","2","1","2","0","0","0","4","","","N","","","","","","","","","",""
"2022075858","1624","1","0","0","0","0","0","0","0","0","4","0","","67","8","2022","7","40.009544","-75.130969","1615","6","0","0","1","0","0","0","0","0","","0","0","0","15","1","2","N","0","1","40 00:34.360","1","0","75 07:51.490","2","0","2","1","67301","0","0","0","N","0","0","0","5","67301","0","","1.0","1717.0","1","N","N","Y","0","","0","2","1","0","0","N","1534","3","2","3","0","0","0","0","2","0","3","0","0","0","3","03","","N","","","","","","","","","",""
"2022074743","1908","1","0","0","0","0","0","1","0","0","5","1","","67","8","2022","3","40.052077","-75.141781","1858","6","0","0","0","0","0","0","0","0","","0","0","0","18","4","1","","1","0","40 03:07.476","","0","75 08:30.412","8","0","0","0","67301","0","0","0","N","0","0","0","2","67508","0","","1.0","","1","N","N","N","0","","0","0","0","3","2","","1850","2","1","0","0","0","1","1","2","0","2","0","0","0","3","03","","N","","","","","","","","","",""
"2022068679","","2","0","0","0","0","0","0","0","0","4","0","","67","7","2022","6","39.903432","-75.243164","","6","0","0","0","0","0","0","0","0","","0","0","0","99","1","0","","1","0","39 54:12.355","","0","75 14:35.390","0","0","0","0","67301","0","0","0","N","0","0","0","2","00000","0","","1.0","","1","","","N","0","","0","0","0","3","2","","9999","2","0","0","0","0","0","0","2","0","2","0","0","0","3","","","N","","","","","","","","","",""
"2022061690","0654","2","0","0","0","0","0","0","0","0","2","0","","67","7","2022","3","40.0441","-75.162593","0651","6","0","0","0","0","0","0","0","0","","0","0","0","6","1","1","N","0","1","40 02:38.760","5","0","75 09:45.335","3","0","0","0","67301","0","0","0","N","0","0","0","2","67301","0","","1.0","805.0","1","N","N","N","0","","1","0","0","0","0","Y","647","2","1","0","0","0","0","0","2","0","2","0","0","0","3","03","","N","","","","","","","","","",""
"2022080044","0755","0","0","0","0","0","0","0","0","0","1","0","","67","8","2022","3","40.034868","-75.018341","0738","6","0","0","0","0","0","0","0","0","","0","0","0","7","1","0","N","0","0","40 02:05.526","","0","75 01:06.029","0","0","0","0","67301","0","0","0","N","0","0","0","4","68K01","0","","1.0","","1","N","N","N","0","","0","0","3","0","0","","737","3","0","0","0","0","0","0","2","0","3","0","0","0","3","","","N","","","","","","","","","",""
"2022061522","0506","1","0","0","0","0","0","0","0","0","5","0","","67","7","2022","3","40.030217","-75.139539","0505","6","0","0","0","0","0","0","0","0","","0","0","0","5","5","0","N","0","0","40 01:48.780","","0","75 08:22.340","9","0","0","0","67301","0","0","0","N","0","0","0","2","67301","0","","6.0","","1","N","N","N","0","","0","0","1","0","0","","500","2","0","0","0","0","0","1","2","0","2","0","0","0","3","03","","N","","","","","","","","","",""
"2022061246","1418","4","0","0","0","0","0","0","0","0","5","0","","67","7","2022","1","40.005414","-75.152092","1418","6","0","0","0","0","0","1","0","0","","0","0","0","14","1","1","N","0","1","40 00:19.489","2","0","75 09:07.531","3","0","0","0","67301","0","0","0","N","0","0","0","5","67505","0","","1.0","1418.0","1","N","N","N","0","","1","0","2","0","0","N","1416","6","1","0","0","0","0","0","2","0","6","0","0","0","3","03","","N","","","","","","","","","",""
"2022073604","0852","1","0","0","0","0","0","0","0","0","1","0","","67","7","2022","2","40.036833","-75.055861","0823","6","0","0","0","0","0","0","0","0","","0","0","0","3","3","0","N","0","0","40 02:12.600","","0","75 03:21.100","0","0","0","0","67301","0","0","0","N","0","0","0","1","67301","0","","6.0","","1","N","N","N","1","","0","0","1","0","0","","305","3","0","0","0","0","0","0","2","0","3","0","0","0","3","","","N","","","","","","","","","",""