"CRN","ARRIVAL_TM","AUTOMOBILE_COUNT","BELTED_DEATH_COUNT","BELTED_SUSP_SERIOUS_INJ_COUNT","BICYCLE_COUNT","BICYCLE_DEATH_COUNT","BICYCLE_SUSP_SERIOUS_INJ_COUNT","BUS_COUNT","CHLDPAS_DEATH_COUNT","CHLDPAS_SUSP_SERIOUS_INJ_COUNT","COLLISION_TYPE","COMM_VEH_COUNT","CONS_ZONE_SPD_LIM","COUNTY","CRASH_MONTH","CRASH_YEAR","DAY_OF_WEEK","DEC_LATITUDE","DEC_LONGITUDE","DISPATCH_TM","DISTRICT","DRIVER_COUNT_16YR","DRIVER_COUNT_17YR","DRIVER_COUNT_18YR","DRIVER_COUNT_19YR","DRIVER_COUNT_20YR","DRIVER_COUNT_50_64YR","DRIVER_COUNT_65_74YR","DRIVER_COUNT_75PLUS","EST_HRS_CLOSED","FATAL_COUNT","HEAVY_TRUCK_COUNT","HORSE_BUGGY_COUNT","HOUR_OF_DAY","ILLUMINATION","INJURY_COUNT","INTERSECTION_RELATED","INTERSECT_TYPE","LANE_CLOSED","LATITUDE","LN_CLOSE_DIR","LOCATION_TYPE","LONGITUDE","MAX_SEVERITY_LEVEL","MCYCLE_DEATH_COUNT","MCYCLE_SUSP_SERIOUS_INJ_COUNT","MOTORCYCLE_COUNT","MUNICIPALITY","NONMOTR_COUNT","NONMOTR_DEATH_COUNT","NONMOTR_SUSP_SERIOUS_INJ_COUNT","NTFY_HIWY_MAINT","PED_COUNT","PED_DEATH_COUNT","PED_SUSP_SERIOUS_INJ_COUNT","PERSON_COUNT","POLICE_AGCY","POSSIBLE_INJ_COUNT","RDWY_SURF_TYPE_CD","RELATION_TO_ROAD","ROADWAY_CLEARED","ROAD_CONDITION","SCH_BUS_IND","SCH_ZONE_IND","SECONDARY_CRASH","SMALL_TRUCK_COUNT","SPEC_JURIS_CD","SUSP_MINOR_INJ_COUNT","SUSP_SERIOUS_INJ_COUNT","SUV_COUNT","TCD_FUNC_CD","TCD_TYPE","TFC_DETOUR_IND","TIME_OF_DAY","TOTAL_UNITS","TOT_INJ_COUNT","UNBELTED_OCC_COUNT","UNB_DEATH_COUNT","UNB_SUSP_SERIOUS_INJ_COUNT","UNK_INJ_DEG_COUNT","UNK_INJ_PER_COUNT","URBAN_RURAL","VAN_COUNT","VEHICLE_COUNT","VULNERABLE_ROAD_USER_COUNT","VULNERABLE_ROAD_USER_DEATH_COUNT","VULNERABLE_ROAD_USER_SER_INJ_COUNT","WEATHER1","WEATHER2","WORKERS_PRES","WORK_ZONE_IND","WORK_ZONE_LOC","WORK_ZONE_TYPE","WZ_CLOSE_DETOUR","WZ_FLAGGER","WZ_LAW_OFFCR_IND","WZ_LN_CLOSURE","WZ_MOVING","WZ_OTHER","WZ_SHLDER_MDN","WZ_WORKERS_INJ_KILLED"
"2022084044","1238","1","0","0","0","0","0","0","0","0","4","0","","67","9","2022","3","40.077992","-75.023685","1233","6","0","0","0","0","0","0","0","0","","0","0","0","12","1","2","","2","1","40 04:40.772","1","7","75 01:25.266","3","0","0","0","67301","0","0","0","N","0","0","0","2","67301","0","","1.0","1335.0","1","N","N","N","0","","2","0","1","0","0","N","1230","2","2","0","0","0","0","0","2","0","2","0","0","0","3","03","","N","","","","","","","","","",""
"2022075779","1720","1","0","0","0","0","0","0","0","0","1","0","","67","8","2022","5","39.99625","-75.187549","1705","6","0","0","0","0","0","0","0","0","","0","0","0","17","1","1","N","0","1","39 59:46.499","1","0","75 11:15.177","3","0","0","0","67301","0","0","0","N","0","0","0","2","67301","0","","6.0","1900.0","99","N","N","N","0","","1","0","1","0","0","Y","1700","2","1","1","0","0","0","0","2","0","2","0","0","0","3","03","","N","","","","","","","","","",""
"2022083975","1818","0","0","0","0","0","0","0","0","0","7","0","","67","9","2022","7","40.053659","-75.049217","1808","6","0","0","0","0","0","1","0","0","","0","0","0","17","1","7","N","0","0","40 03:13.173","","0","75 02:57.180","3","0","0","0","67301","0","0","0","N","0","0","0","9","67301","0","","5.0","","1","N","N","N","0","","7","0","1","0","0","","1733","1","7","0","0","0","0","0","2","0","1","0","0","0","3","03","","N","","","","","","","","","",""
"2022083651","0524","0","0","0","0","0","0","0","0","0","8","0","","67","8","2022","2","40.017693","-75.150042","0524","6","0","0","0","0","0","0","0","0","","1","0","0","5","2","0","N","0","0","40 01:03.696","","0","75 09:00.152","1","0","0","0","67301","1","1","0","N","1","1","0","2","67301","0","2","1.0","","1","N","N","N","0","0","0","0","0","0","0","","522","2","0","0","0","0","0","0","2","0","1","1","1","0","3","03","","N","","","","","","","","","",""
"2022073513","1855","1","0","0","0","0","0","0","0","0","1","0","","67","8","2022","1","39.908444","-75.147833","1851","6","0","0","0","0","0","0","0","0","","0","0","0","18","1","1","N","0","0","39 54:30.400","","3","75 08:52.200","4","0","0","0","67301","0","0","0","N","0","0","0","10","67501","1","","1.0","","1","N","N","Y","1","","0","0","2","3","8","","1838","4","1","0","0","0","0","0","2","0","4","0","0","0","3","03","","N","","","","","","","","","",""
"2022084558","2345","1","0","0","0","0","0","0","0","0","4","0","","67","9","2022","6","40.05494","-75.053943","2340","6","0","0","0","0","0","0","0","0","","0","0","0","23","3","0","","1","2","40 03:17.783","2","0","75 03:14.193","9","0","0","1","67301","0","0","0","N","0","0","0","2","67301","0","","1.0","20.0","1","N","N","N","0","","0","0","0","3","2","N","2335","2","0","0","0","0","0","1","2","0","2","0","0","0","3","","","N","","","","","","","","","",""
"2022074611","0329","2","0","0","0","0","0","1","0","0","1","1","","67","7","2022","1","39.94557","-75.190107","0322","6","0","0","0","0","0","1","0","0","","0","0","0","3","3","4","N","0","0","39 56:44.052","","0","75 11:24.385","3","0","0","0","67301","0","0","0","N","0","0","0","6","68K01","0","","1.0","","1","N","N","N","0","","4","0","0","0","0","","318","3","4","0","0","0","0","0","2","0","3","0","0","0","3","03","","N","","","","","","","","","",""
"2022075974","1843","0","0","0","0","0","0","0","0","0","1","0","","67","8","2022","2","39.899963","-75.159968","1843","6","0","0","0","0","0","1","0","0","","0","0","0","18","1","1","N","0","0","39 53:59.868","","0","75 09:35.883","3","0","0","0","67301","0","0","0","N","0","0","0","3","68K01","0","","1.0","","1","N","N","N","0","","1","0","2","0","0","","1835","3","1","0","0","0","0","1","2","0","3","0","0","0","3","","","N","","","","","","","","","",""
"2022061569","1422","0","0","0","0","0","0","0","0","0","7","0","","67","7","2022","1","40.011127","-75.164245","1421","6","0","0","0","0","0","0","0","0","","0","0","0","14","1","0","","2","0","40 00:40.056","","0","75 09:51.282","0","0","0","0","67301","0","0","0","N","0","0","0","1","67301","0","","4.0","","1","N","N","N","0","","0","0","1","3","2","","1420","1","0","0","0","0","0","0","2","0","1","0","0","0","3","03","","N","","","","","","","","","",""
"2022068602","2234","2","0","0","0","0","0","0","0","0","4","0","","67","7","2022","7","40.001107","-75.124741","2232","6","0","0","0","0","0","0","0","0","","0","0","0","22","3","3","","1","0","40 00:03.985","","0","75 07:29.066","3","0","0","0","67301","0","0","0","N","0","0","0","4","67301","2","","1.0","","1","N","N","Y","0","","1","0","1","3","2","","2232","3","3","0","0","0","0","0","2","0","3","0","0","0","3","03","","N","","","","","","","","","",""
"2022074721","0958","0","0","0","0","0","0","0","0","0","1","0","","67","4","2022","2","39.979088","-75.203663","0953","6","0","0","0","0","0","0","0","1","","0","0","0","9","1","0","N","0","0","39 58:44.715","","0","75 12:13.186","0","0","0","0","67301","0","0","0","N","0","0","0","2","68K01","0","","1.0","","1","N","N","N","1","","0","0","1","0","0","","952","2","0","0","0","0","0","0","2","0","2","0","0","0","3","","","N","","","","","","","","","",""
"2022063401","0952","0","0","0","0","0","0","0","0","0","4","0","","67","7","2022","1","39.954079","-75.189725","0950","6","0","0","0","1","0","0","0","0","","0","0","0","9","1","1","","1","1","39 57:14.683","3","0","75 11:23.010","3","0","0","0","67301","0","0","0","N","0","0","0","2","67507","0","","1.0","1015.0","1","N","N","N","0","","1","0","1","3","2","Y","950","2","1","0","0","0","0","0","2","1","2","0","0","0","3","03","","N","","","","","","","","","",""
"2022079320","1230","2","0","0","0","0","0","0","0","0","4","0","","67","3","2022","7","40.016941","-75.060645","1210","6","0","0","0","0","0","0","0","0","","0","0","0","12","1","1","","1","0","40 01:00.988","","0","75 03:38.322","3","0","0","0","67301","0","0","0","N","0","0","0","3","67301","0","","1.0","","1","N","N","N","0","","1","0","1","3","2","","1208","3","1","0","0","0","0","0","2","0","3","0","0","0","3","03","","N","","","","","","","","","",""
"2022073905","2115","1","0","0","0","0","0","0","0","0","2","0","","67","8","2022","6","40.064575","-75.172175","2110","6","0","0","0","0","0","0","0","0","","0","0","0","20","3","1","N","0","0","40 03:52.470","","0","75 10:19.830","8","0","0","0","67301","0","0","0","N","0","0","0","1","67301","0","","6.0","","1","N","N","N","0","","0","0","2","0","0","","2042","3","1","0","0","0","1","0","2","0","3","0","0","0","3","","","N","","","","","","","","","",""
"2022072250","1228","0","0","0","1","0","0","0","0","0","8","0","","67","7","2022","6","39.942996","-75.167369","1224","6","0","0","0","0","0","0","1","0","","0","0","0","12","1","1","","1","0","39 56:34.787","","0","75 10:02.530","8","0","0","0","67301","1","0","0","N","0","0","0","2","67301","0","","1.0","","1","N","N","N","0","","0","0","0","3","3","","1220","2","1","0","0","0","1","0","2","1","1","1","0","0","3","","","N","","","","","","","","","",""
"2022063026","2205","2","0","0","0","0","0","0","0","0","6","0","","67","7","2022","5","40.102511","-75.026408","2154","6","0","0","0","0","0","0","0","0","","0","0","0","21","3","0","N","0","0","40 06:09.040","","0","75 01:35.070","9","0","0","0","67301","0","0","0","N","0","0","0","1","67301","0","","6.0","","1","N","N","N","0","","0","0","1","0","0","","2146","3","0","0","0","0","0","1","2","0","3","0","0","0","3","04","","N","","","","","","","","","",""
"2022063332","0130","2","0","0","0","0","0","0","0","0","1","0","","67","7","2022","1","39.958684","-75.23941","0129","6","0","0","0","0","0","0","0","0","","0","0","0","1","3","1","","1","0","39 57:31.262","","0","75 14:21.875","3","0","0","0","67301","0","0","0","N","0","0","0","2","67301","0","","1.0","","9","N","N","N","0","","1","0","2","3","2","","127","4","1","0","0","0","0","0","2","0","4","0","0","0","3","03","","N","","","","","","","","","",""
"2022070434","1435","1","0","0","0","0","0","0","0","0","4","0","","67","7","2022","7","39.997496","-75.169384","1433","6","0","0","0","0","0","0","1","0","","0","0","0","14","1","1","","1","2","39 59:50.985","3","0","75 10:09.782","3","0","0","0","67301","0","0","0","N","0","0","0","1","67301","0","","1.0","45.0","1","N","N","N","1","","1","0","0","3","3","Y","1430","2","1","0","0","0","0","0","2","0","2","0","0","0","3","","","N","","","","","","","","","",""
"2022071367","1623","0","0","0","0","0","0","0","0","0","0","0","","67","7","2022","1","40.005779","-75.198114","1619","6","0","0","0","0","0","0","0","0","","0","0","0","16","1","1","N","0","1","40 00:20.804","1","2","75 11:53.210","8","0","0","1","67301","0","0","0","N","0","0","0","1","68K01","0","","2.0","1700.0","1","N","N","N","0","","0","0","0","0","0","N","1618","1","1","0","0","0","1","0","2","0","1","0","0","0","3","","","N","","","","","","","","","",""
"2022068077","0011","2","0","0","0","0","0","0","0","0","5","0","","67","7","2022","7","40.005032","-75.075967","2357","6","0","0","0","0","0","0","0","0","","0","0","0","23","3","1","N","0","1","40 00:18.116","2","3","75 04:33.482","3","0","0","0","67301","0","0","0","Y","0","0","0","4","68K01","0","","1.0","100.0","1","N","N","N","0","","1","0","0","0","0","N","2354","2","1","0","0","0","0","0","2","0","2","0","0","0","3","03","","N","","","","","","","","","",""
"2022063413","1327","0","0","0","0","0","0","0","0","0","7","0","","67","7","2022","6","39.911944","-75.168083","1327","6","0","0","0","0","0","0","0","0","","0","0","0","12","1","0","","7","1","39 54:43.000","4","8","75 10:05.100","0","0","0","0","67301","0","0","0","N","0","0","0","1","67501","0","","7.0","1400.0","1","N","N","N","1","","0","0","0","0","0","N","1248","1","0","0","0","0","0","0","2","0","1","0","0","0","3","","","N","","","","","","","","","",""
"2022068560","1750","1","0","0","0","0","0","0","0","0","4","0","","67","7","2022","7","40.064009","-75.239716","1742","6","0","0","0","0","0","1","0","0","","0","0","0","17","1","1","","1","0","40 03:50.433","","0","75 14:22.976","3","0","0","0","67301","0","0","0","N","0","0","0","2","67301","0","","1.0","","1","N","N","N","0","","1","0","1","3","2","","1715","2","1","0","0","0","0","0","2","0","2","0","0","0","3","03","","N","","","","","","","","","",""
"2022068579","1835","3","0","0","0","0","0","0","0","0","5","0","","67","7","2022","6","40.024678","-75.084544","1831","6","0","0","0","0","0","0","0","0","","0","0","0","18","1","0","N","0","1","40 01:28.840","2","0","75 05:04.360","0","0","0","0","67301","0","0","0","N","0","0","0","2","67301","0","","6.0","1957.0","1","N","N","N","0","","0","0","0","0","0","N","1808","5","0","1","0","0","0","0","2","1","5","0","0","0","3","03","","N","","","","","","","","","",""
"2022064186","1113","1","0","0","0","0","0","0","0","0","4","0","","67","7","2022","7","40.109325","-75.025634","1113","6","0","0","0","0","1","0","1","0","","0","0","0","11","1","1","","2","0","40 06:33.569","","0","75 01:32.284","3","0","0","0","67301","0","0","0","N","0","0","0","3","67301","0","","1.0","","1","N","N","N","1","","1","0","0","0","0","","1100","2","1","0","0","0","0","0","2","0","2","0","0","0","4","","","N","","","","","","","","","",""
"2022061214","0451","1","0","0","0","0","0","0","0","0","4","0","","67","7","2022","1","40.030822","-75.146424","0444","6","0","0","0","0","0","0","0","0","","0","0","0","4","3","4","","3","2","40 01:50.959","1","0","75 08:47.127","3","0","0","0","67301","0","0","0","N","0","0","0","4","67301","0","","1.0","550.0","1","N","N","N","0","","2","0","1","3","2","Y","432","2","4","2","0","0","2","0","2","0","2","0","0","0","4","","","N","","","","","","","","","",""
"2022063551","2034","0","0","0","0","0","0","0","0","0","7","0","","67","7","2022","7","40.081965","-74.966378","2034","6","0","0","0","0","0","0","0","0","","0","0","0","19","1","1","N","0","1","40 04:55.075","4","0","74 57:58.961","2","0","1","1","67301","0","0","0","N","0","0","0","1","67301","0","","2.0","2015.0","1","N","N","N","0","","0","1","0","0","0","N","1945","1","1","0","0","0","0","0","2","0","1","0","0","0","3","03","","N","","","","","","","","","",""
"2022073969","0826","1","0","0","0","0","0","0","0","0","4","0","","67","8","2022","7","39.89318","-75.235951","0824","6","0","0","0","0","0","1","0","0","","0","0","0","8","1","1","N","0","1","39 53:35.449","1","0","75 14:09.424","3","0","0","0","67301","0","0","0","N","0","0","0","3","67301","0","","1.0","100.0","1","N","N","N","0","","1","0","1","0","0","N","820","2","1","0","0","0","0","0","2","0","2","0","0","0","3","03","","N","","","","","","","","","",""
"2022062071","0248","1","0","0","0","0","0","0","0","0","7","0","","67","7","2022","3","40.013278","-75.121583","0247","6","0","0","0","0","0","0","0","0","","0","0","0","2","3","1","N","0","2","40 00:47.800","6","0","75 07:17.700","3","0","0","0","67301","0","0","0","N","0","0","0","1","67301","0","","4.0","1200.0","1","N","N","N","0","","1","0","0","0","0","Y","247","1","1","1","0","0","0","0","2","0","1","0","0","0","3","03","","N","","","","","","","","","",""
"2022061521","1540","1","0","0","0","0","0","0","0","0","1","0","","67","7","2022","2","40.040414","-75.122683","1535","6","0","0","0","0","0","0","0","0","","0","0","0","13","1","0","N","0","0","40 02:25.490","","0","75 07:21.660","0","0","0","0","67301","0","0","0","N","0","0","0","1","67301","0","","6.0","","1","N","N","N","0","","0","0","2","0","0","","1300","3","0","0","0","0","0","0","2","0","3","0","0","0","3","","","N","","","","","","","","","",""
"2022061575","1613","0","0","0","0","0","0","0","0","0","1","0","","67","7","2022","2","39.940665","-75.219038","1613","6","0","0","0","0","0","0","0","0","","0","0","0","15","1","3","N","0","0","39 56:26.394","","0","75 13:08.535","3","0","0","0","67301","0","0","0","N","0","0","0","5","67301","0","","6.0","","1","N","N","N","0","","3","0","4","0","0","","1528","4","3","0","0","0","0","0","2","0","4","0","0","0","3","","","N","","","","","","","","","",""
"2022075340","1737","0","0","0","0","0","0","0","0","0","7","0","","67","7","2022","4","39.965434","-75.186061","1702","6","0","0","0","0","0","0","0","0","","0","0","0","16","1","1","N","0","0","39 57:55.563","","0","75 11:09.821","8","0","0","0","67301","0","0","0","Y","0","0","0","1","68K01","0","","4.0","","1","N","N","N","0","","0","0","1","0","0","","1654","1","1","0","0","0","1","0","2","0","1","0","0","0","3","","","N","","","","","","","","","",""
"2022068640","1710","0","0","0","0","0","0","0","0","0","8","0","","67","7","2022","3","39.950664","-75.162365","1700","6","0","0","0","0","0","0","0","0","","0","0","0","16","1","1","N","0","0","39 57:02.390","","0","75 09:44.515","3","0","0","0","67301","1","0","0","N","1","0","0","2","67301","0","","1.0","","1","N","N","N","0","","1","0","1","0","0","","1620","2","1","1","0","0","0","0","2","0","1","1","0","0","3","","","N","","","","","","","","","",""
"2022079877","1847","2","0","0","0","0","0","0","0","0","4","0","","67","8","2022","2","39.990168","-75.173655","1842","6","0","0","0","0","0","0","0","0","","0","0","0","18","1","0","","1","0","39 59:24.604","","0","75 10:25.157","0","0","0","0","67301","0","0","0","N","0","0","0","2","67301","0","","1.0","","1","N","N","N","0","","0","0","0","3","2","","1830","2","0","0","0","0","0","0","2","0","2","0","0","0","3","03","","N","","","","","","","","","",""
"2022075849","1430","1","0","0","0","0","0","0","0","0","5","0","","67","8","2022","5","39.993093","-75.184373","1430","6","0","0","0","0","0","0","0","0","","0","0","0","10","1","0","","2","0","39 59:35.134","","0","75 11:03.742","9","0","0","0","67301","0","0","0","N","0","0","0","1","67301","0","","1.0","","1","N","N","N","0","","0","0","0","3","2","","1000","2","0","0","0","0","0","1","2","0","2","0","0","0","3","03","","N","","","","","","","","","",""
"2022064300","2156","1","0","0","0","0","0","0","0","0","4","0","","67","7","2022","2","39.938889","-75.229764","2151","6","0","0","0","0","0","0","0","0","","0","0","0","21","3","1","","1","0","39 56:20.000","","0","75 13:47.150","3","0","0","0","67301","0","0","0","N","0","0","0","2","67301","0","","1.0","","1","N","N","N","0","","1","0","1","3","3","","2151","2","1","0","0","0","0","1","2","0","2","0","0","0","3","03","","N","","","","","","","","","",""
"2022063098","1158","1","0","0","0","0","0","0","0","0","4","0","","67","7","2022","5","39.987779","-75.167648","1154","6","0","0","0","0","0","0","0","0","","0","0","0","11","1","0","","1","0","39 59:16.004","","0","75 10:03.532","0","0","0","0","67301","0","0","0","N","0","0","0","2","67301","0","","1.0","","1","N","N","N","0","","0","0","0","3","2","","1143","2","0","0","0","0","0","0","2","1","2","0","0","0","3","03","","N","","","","","","","","","",""
"2022072251","1052","1","0","0","0","0","0","0","0","0","4","0","","67","7","2022","7","39.938271","-75.19856","1052","6","0","0","0","0","0","1","0","0","","0","0","0","10","1","2","","1","1","39 56:17.777","3","0","75 11:54.817","8","0","0","0","67301","0","0","0","N","0","0","0","2","67301","0","","1.0","1200.0","1","N","N","N","0","","0","0","1","3","2","N","1052","2","2","0","0","0","2","0","2","0","2","0","0","0","3","03","","N","","","","","","","","","",""
"2022064332","","0","0","0","0","0","0","0","0","0","4","0","","67","6","2022","7","39.977768","-75.21345","","6","0","0","0","0","0","1","0","0","","0","0","0","23","3","0","","1","0","39 58:39.965","","0","75 12:48.419","0","0","0","0","67301","0","0","0","N","0","0","0","2","00000","0","","1.0","","1","","","N","0","","0","0","1","3","2","","2345","2","0","0","0","0","0","0","2","0","2","0","0","0","3","","","N","","","","","","","","","",""
"2022083974","1603","1","0","0","0","0","0","0","0","0","4","1","","67","9","2022","6","40.036608","-75.064461","1557","6","0","0","0","0","0","1","0","1","","0","1","0","15","1","0","","1","2","40 02:11.789","3","0","75 03:52.061","0","0","0","0","67301","0","0","0","N","0","0","0","2","67301","0","","1.0","20.0","1","N","N","N","0","","0","0","0","3","2","N","1540","2","0","0","0","0","0","0","2","0","2","0","0","0","3","","","N","","","","","","","","","",""
"2022069617","1030","1","0","0","0","0","0","0","0","0","1","0","","67","7","2022","4","39.917695","-75.177717","1027","6","0","0","0","0","0","0","0","0","","0","0","0","10","1","1","","1","0","39 55:03.701","","0","75 10:39.781","8","0","0","0","67301","0","0","0","N","0","0","0","2","67301","0","","1.0","","1","N","N","N","0","","0","0","1","3","2","","1025","2","1","0","0","0","1","0","2","0","2","0","0","0","3","03","","N","","","","","","","","","",""
"2022078520","1208","0","0","0","0","0","0","0","0","0","4","0","","67","3","2022","4","39.999178","-75.134418","1205","6","0","0","0","0","0","0","0","0","","0","0","0","12","1","1","","1","0","39 59:57.041","","0","75 08:03.904","8","0","0","0","67301","0","0","0","N","0","0","0","3","67301","0","","1.0","","1","N","N","N","1","","0","0","1","3","3","","1200","2","1","0","0","0","1","0","2","0","2","0","0","0","3","03","","N","","","","","","","","","",""
"2022076790","2253","1","0","0","0","0","0","0","0","0","4","0","","67","7","2022","4","39.956107","-75.223687","2253","6","0","0","0","0","0","0","0","0","","0","0","0","18","1","2","","1","0","39 57:21.985","","0","75 13:25.273","3","0","0","0","67301","0","0","0","N","0","0","0","3","67301","0","","1.0","","1","N","N","N","0","","2","0","1","3","3","","1812","2","2","0","0","0","0","0","2","0","2","0","0","0","3","03","","N","","","","","","","","","",""
"2022072285","1732","0","0","0","1","0","0","0","0","0","8","0","","67","7","2022","3","40.004646","-75.137447","1731","6","0","0","0","0","0","0","0","0","","0","0","0","13","1","1","","1","0","40 00:16.725","","0","75 08:14.809","3","0","0","0","67301","1","0","0","N","0","0","0","2","67301","0","","1.0","","1","N","N","N","0","","1","0","1","3","3","","1330","2","1","0","0","0","0","0","2","0","1","1","0","0","3","","","N","","","","","","","","","",""
"2022069084","1640","1","0","0","0","0","0","0","0","0","1","0","","67","7","2022","3","40.009301","-75.151581","1638","6","0","0","0","0","0","0","0","0","","0","0","0","16","1","0","N","0","0","40 00:33.482","","0","75 09:05.691","0","0","0","0","67301","0","0","0","N","0","0","0","2","67301","0","","1.0","","1","N","N","N","0","","0","0","1","0","0","","1630","2","0","0","0","0","0","0","2","0","2","0","0","0","3","03","","N","","","","","","","","","",""
"2022069469","1301","0","0","0","0","0","0","0","0","0","5","0","","67","7","2022","4","40.020406","-75.116281","1301","6","0","0","0","0","0","0","0","0","","0","0","0","21","3","1","N","0","0","40 01:13.460","","0","75 06:58.610","3","0","0","0","67301","0","0","0","N","0","0","0","2","67301","0","","1.0","","1","N","N","N","0","","1","0","2","0","0","","2114","2","1","1","0","0","0","1","2","0","2","0","0","0","3","03","","N","","","","","","","","","",""
"2022076137","0710","1","0","0","0","0","0","0","0","0","4","0","","67","8","2022","5","39.97507","-75.23338","0708","6","0","0","0","0","0","1","0","0","","0","0","0","7","1","2","","1","0","39 58:30.251","","0","75 14:00.168","3","0","0","0","67301","0","0","0","N","0","0","0","2","67301","0","","1.0","","1","N","N","N","0","","2","0","1","3","3","","700","2","2","0","0","0","0","0","2","0","2","0","0","0","3","03","","N","","","","","","","","","",""
"2022079863","2024","2","0","0","0","0","0","0","0","0","2","0","","67","8","2022","6","40.00868","-75.068855","2022","6","0","0","0","0","0","1","0","0","","0","0","0","19","1","0","","1","0","40 00:31.249","","1","75 04:07.877","0","0","0","0","67301","0","0","0","N","0","0","0","2","67301","0","","4.0","","1","N","N","N","0","","0","0","0","3","2","","1954","2","0","0","0","0","0","0","2","0","2","0","0","0","3","03","","N","","","","","","","","","",""
"2022069354","0439","1","0","0","0","0","0","0","0","0","8","0","","67","7","2022","2","40.038651","-75.1098","0435","6","0","0","0","0","0","0","0","0","","0","0","0","4","3","1","N","0","0","40 02:19.143","","0","75 06:35.281","2","0","0","0","67301","1","0","1","N","1","0","1","2","67301","0","","1.0","","1","N","N","N","0","","0","1","0","0","0","","430","2","1","0","0","0","0","0","2","0","1","1","0","1","3","","","N","","","","","","","","","",""
"2022079257","2246","1","0","0","0","0","0","0","0","0","5","0","","67","7","2022","6","39.960873","-75.140473","2239","6","0","0","0","0","0","1","0","0","","0","0","0","22","2","0","N","0","0","39 57:39.143","","3","75 08:25.703","9","0","0","0","67301","0","0","0","N","0","0","0","4","68K01","0","","1.0","","1","N","N","N","2","","0","0","0","0","0","","2237","4","0","0","0","0","0","1","2","0","4","0","0","0","3","","","N","","","","","","","","","",""
"2022070327","1322","0","0","0","0","0","0","0","0","0","8","0","","67","7","2022","3","39.947821","-75.193772","1321","6","0","0","0","0","0","0","0","0","","0","0","0","13","1","1","","2","0","39 56:52.154","","0","75 11:37.578","4","0","0","0","67301","1","0","0","N","1","0","0","2","67504","1","","1.0","","1","N","N","N","0","","0","0","0","3","2","","1321","2","1","0","0","0","0","0","2","1","1","1","0","0","3","03","","N","","","","","","","","","",""
"2022084690","0154","0","0","0","0","0","0","0","0","0","1","0","15","67","9","2022","5","40.017664","-75.17225","0145","6","0","0","0","0","0","1","0","0","","0","1","0","1","3","1","","5","1","40 01:03.591","1","0","75 10:20.099","3","0","0","0","67301","0","0","0","N","0","0","0","2","67301","0","","1.0","600.0","1","N","N","N","0","","1","0","1","0","0","Y","130","2","1","0","0","0","0","0","2","0","2","0","0","0","3","03","N","Y","4","1","N","N","Y","Y","N","N","N","N"
"2022085022","1837","0","0","0","0","0","0","0","0","0","4","0","","67","9","2022","6","40.00868","-75.068855","1832","6","0","0","0","0","0","1","0","0","","1","0","0","18","1","1","","1","2","40 00:31.249","7","0","75 04:07.877","1","1","0","1","67301","0","0","0","N","0","0","0","7","67301","0","2","1.0","2220.0","1","N","N","N","0","0","0","1","0","3","2","Y","1832","2","1","0","0","0","0","0","2","1","2","0","0","0","3","03","","N","","","","","","","","","",""
"2022075807","0738","0","0","0","0","0","0","0","0","0","7","0","","67","8","2022","1","40.030737","-75.112002","0735","6","0","0","0","0","0","0","0","0","","0","0","0","7","1","0","","1","0","40 01:50.653","","0","75 06:43.207","9","0","0","0","67301","0","0","0","N","0","0","0","1","67301","0","","4.0","","1","N","N","N","0","","0","0","0","3","2","","730","1","0","0","0","0","0","1","2","1","1","0","0","0","3","03","","N","","","","","","","","","",""
"2022079328","1536","1","0","0","0","0","0","0","0","0","4","0","","67","8","2022","3","39.970414","-75.146542","1532","6","0","0","0","0","0","0","0","0","","0","0","0","15","1","3","","1","0","39 58:13.489","","0","75 08:47.550","3","0","0","0","67301","0","0","0","N","0","0","0","5","67301","2","","1.0","","1","N","N","N","0","","1","0","1","2","2","","1514","2","3","2","0","0","0","0","2","0","2","0","0","0","3","03","","N","","","","","","","","","",""
"2022082985","1242","3","0","0","0","0","0","0","0","0","1","0","","67","8","2022","1","40.008466","-75.070015","1230","6","0","0","0","0","0","0","0","0","","0","0","0","12","1","2","N","0","2","40 00:30.477","1","0","75 04:12.054","8","0","0","0","67301","0","0","0","N","0","0","0","5","68K01","0","","1.0","1250.0","1","N","N","N","0","","0","0","0","0","0","N","1230","3","2","0","0","0","2","0","2","0","3","0","0","0","3","03","","N","","","","","","","","","",""
"2022084689","2248","1","0","0","0","0","0","0","0","0","8","0","","67","9","2022","2","40.01078","-75.151367","2248","6","0","0","0","0","0","0","0","0","","0","0","0","14","1","1","N","0","0","40 00:38.809","","0","75 09:04.921","2","0","0","0","67301","1","0","1","N","1","0","1","2","67301","0","","1.0","","1","N","N","N","0","","0","1","0","0","0","","1434","2","1","0","0","0","0","1","2","0","1","1","0","1","3","","","N","","","","","","","","","",""
"2022069935","1717","1","0","0","0","0","0","0","0","0","0","0","","67","7","2022","7","39.910306","-75.15725","1716","6","0","0","0","0","0","0","0","0","","0","0","0","17","1","0","N","0","1","39 54:37.100","4","3","75 09:26.100","0","0","0","0","67301","0","0","0","N","0","0","0","1","67501","0","","1.0","1745.0","1","N","N","N","0","","0","0","0","0","0","N","1716","1","0","1","0","0","0","0","2","0","1","0","0","0","3","03","","N","","","","","","","","","",""