"CRN","ARRIVAL_TM","AUTOMOBILE_COUNT","BELTED_DEATH_COUNT","BELTED_SUSP_SERIOUS_INJ_COUNT","BICYCLE_COUNT","BICYCLE_DEATH_COUNT","BICYCLE_SUSP_SERIOUS_INJ_COUNT","BUS_COUNT","CHLDPAS_DEATH_COUNT","CHLDPAS_SUSP_SERIOUS_INJ_COUNT","COLLISION_TYPE","COMM_VEH_COUNT","CONS_ZONE_SPD_LIM","COUNTY","CRASH_MONTH","CRASH_YEAR","DAY_OF_WEEK","DEC_LATITUDE","DEC_LONGITUDE","DISPATCH_TM","DISTRICT","DRIVER_COUNT_16YR","DRIVER_COUNT_17YR","DRIVER_COUNT_18YR","DRIVER_COUNT_19YR","DRIVER_COUNT_20YR","DRIVER_COUNT_50_64YR","DRIVER_COUNT_65_74YR","DRIVER_COUNT_75PLUS","EST_HRS_CLOSED","FATAL_COUNT","HEAVY_TRUCK_COUNT","HORSE_BUGGY_COUNT","HOUR_OF_DAY","ILLUMINATION","INJURY_COUNT","INTERSECTION_RELATED","INTERSECT_TYPE","LANE_CLOSED","LATITUDE","LN_CLOSE_DIR","LOCATION_TYPE","LONGITUDE","MAX_SEVERITY_LEVEL","MCYCLE_DEATH_COUNT","MCYCLE_SUSP_SERIOUS_INJ_COUNT","MOTORCYCLE_COUNT","MUNICIPALITY","NONMOTR_COUNT","NONMOTR_DEATH_COUNT","NONMOTR_SUSP_SERIOUS_INJ_COUNT","NTFY_HIWY_MAINT","PED_COUNT","PED_DEATH_COUNT","PED_SUSP_SERIOUS_INJ_COUNT","PERSON_COUNT","POLICE_AGCY","POSSIBLE_INJ_COUNT","RDWY_SURF_TYPE_CD","RELATION_TO_ROAD","ROADWAY_CLEARED","ROAD_CONDITION","SCH_BUS_IND","SCH_ZONE_IND","SECONDARY_CRASH","SMALL_TRUCK_COUNT","SPEC_JURIS_CD","SUSP_MINOR_INJ_COUNT","SUSP_SERIOUS_INJ_COUNT","SUV_COUNT","TCD_FUNC_CD","TCD_TYPE","TFC_DETOUR_IND","TIME_OF_DAY","TOTAL_UNITS","TOT_INJ_COUNT","UNBELTED_OCC_COUNT","UNB_DEATH_COUNT","UNB_SUSP_SERIOUS_INJ_COUNT","UNK_INJ_DEG_COUNT","UNK_INJ_PER_COUNT","URBAN_RURAL","VAN_COUNT","VEHICLE_COUNT","VULNERABLE_ROAD_USER_COUNT","VULNERABLE_ROAD_USER_DEATH_COUNT","VULNERABLE_ROAD_USER_SER_INJ_COUNT","WEATHER1","WEATHER2","WORKERS_PRES","WORK_ZONE_IND","WORK_ZONE_LOC","WORK_ZONE_TYPE","WZ_CLOSE_DETOUR","WZ_FLAGGER","WZ_LAW_OFFCR_IND","WZ_LN_CLOSURE","WZ_MOVING","WZ_OTHER","WZ_SHLDER_MDN","WZ_WORKERS_INJ_KILLED"
"2022075761","0432","3","0","0","0","0","0","0","0","0","5","0","","67","8","2022","6","40.041272","-75.186953","0430","6","0","0","0","0","0","0","0","0","","0","0","0","22","3","0","N","0","0","40 02:28.580","","0","75 11:13.030","9","0","0","0","67301","0","0","0","N","0","0","0","1","67301","0","","6.0","","1","N","N","N","0","","0","0","1","0","0","","2250","4","0","0","0","0","0","1","2","0","4","0","0","0","3","","","N","","","","","","","","","",""
"2022078367","0025","0","0","0","0","0","0","0","0","0","8","0","","67","8","2022","6","39.994954","-75.15424","0018","6","0","0","0","0","0","0","0","0","","0","0","0","22","3","1","N","0","9","39 59:41.834","","0","75 09:15.263","2","0","0","0","67301","1","0","1","N","1","0","1","2","67301","0","","1.0","","1","N","N","N","0","","0","1","1","0","0","","2212","2","1","0","0","0","0","0","2","0","1","1","0","1","3","","","N","","","","","","","","","",""
"2022064408","","1","0","0","0","0","0","0","0","0","1","0","","67","7","2022","6","39.957324","-75.152279","","6","0","0","0","0","0","0","0","0","","0","0","0","19","1","1","","1","0","39 57:26.368","","2","75 09:08.204","8","0","0","0","67301","0","0","0","N","0","0","0","6","00000","0","","1.0","","1","","","N","0","","0","0","1","3","2","","1930","3","1","0","0","0","1","0","2","0","3","0","0","0","3","","","N","","","","","","","","","",""
"2022080273","1904","3","0","0","0","0","0","0","0","0","5","0","","67","8","2022","7","40.049134","-75.002443","1850","6","0","0","0","0","0","0","0","0","","1","0","0","18","1","7","N","0","2","40 02:56.884","7","0","75 00:08.796","1","0","0","0","67301","0","0","0","N","0","0","0","8","67301","0","2","1.0","200.0","1","N","N","N","0","0","2","5","0","0","0","Y","1836","3","7","0","0","0","0","0","2","0","3","0","0","0","3","03","","N","","","","","","","","","",""
"2022073032","1245","2","0","0","0","0","0","0","0","0","4","0","","67","8","2022","2","40.008218","-75.071521","1240","6","0","0","0","0","0","0","0","0","","0","0","0","12","1","1","N","0","1","40 00:29.584","5","0","75 04:17.476","4","0","0","0","67301","0","0","0","N","0","0","0","2","67301","1","","1.0","1315.0","9","N","N","N","0","","0","0","0","0","0","Y","1237","2","1","0","0","0","0","0","2","0","2","0","0","0","7","07","","N","","","","","","","","","",""
"2022083626","0830","1","0","0","0","0","0","0","0","0","4","0","","67","8","2022","2","39.959455","-75.22092","0826","6","0","0","0","0","1","0","0","0","","0","0","0","8","1","1","","1","1","39 57:34.039","3","1","75 13:15.311","3","0","0","0","67301","0","0","0","N","0","0","0","3","67301","0","","1.0","1600.0","1","N","N","N","0","","1","0","1","3","2","Y","814","2","1","0","0","0","0","0","2","0","2","0","0","0","3","","","N","","","","","","","","","",""
"2022072853","0536","2","0","0","0","0","0","0","0","0","4","0","","67","8","2022","3","39.958705","-75.233331","0535","6","0","0","0","0","0","0","0","0","","0","0","0","5","1","0","","1","0","39 57:31.337","","0","75 13:59.991","9","0","0","0","67301","0","0","0","N","0","0","0","3","67301","0","","1.0","","1","N","N","N","0","","0","0","0","3","3","","535","2","0","0","0","0","0","2","2","0","2","0","0","0","3","04","","N","","","","","","","","","",""
"2022081976","1326","1","0","0","0","0","0","0","0","0","7","0","","67","9","2022","1","39.895431","-75.233493","1325","6","0","0","0","0","0","0","0","0","","0","0","0","13","1","0","","2","0","39 53:43.553","","0","75 14:00.574","0","0","0","0","67301","0","0","0","N","0","0","0","1","67301","0","","4.0","","1","N","N","N","0","","0","0","0","3","2","","1320","1","0","0","0","0","0","0","2","0","1","0","0","0","3","03","","N","","","","","","","","","",""
"2022079340","1710","1","0","0","1","0","0","0","0","0","8","0","","67","3","2022","6","40.006362","-75.153561","1654","6","0","0","0","0","0","0","0","0","","0","0","0","16","1","1","","1","0","40 00:22.903","","0","75 09:12.819","4","0","0","0","67301","1","0","0","N","0","0","0","2","67301","1","","1.0","","1","N","N","N","0","","0","0","0","3","3","","1630","2","1","0","0","0","0","0","2","0","1","1","0","0","3","03","","N","","","","","","","","","",""
"2022067155","0240","2","0","0","0","0","0","0","0","0","7","0","","67","7","2022","5","40.06815","-75.02965","0239","6","0","0","0","0","0","0","0","0","","0","0","0","2","3","1","","2","0","40 04:05.340","","0","75 01:46.740","8","0","0","0","67301","0","0","0","N","0","0","0","1","67301","0","","5.0","","1","N","N","Y","0","","0","0","1","3","2","","237","3","1","0","0","0","1","0","2","0","3","0","0","0","3","03","","N","","","","","","","","","",""
"2022074173","2355","1","0","0","0","0","0","0","0","0","4","0","","67","7","2022","6","39.978916","-75.232258","2355","6","0","0","0","0","0","0","0","0","","0","0","0","23","3","0","","1","0","39 58:44.097","","0","75 13:56.128","0","0","0","0","67301","0","0","0","N","0","0","0","2","67301","0","","1.0","","1","N","N","N","0","","0","0","1","3","3","","2345","2","0","0","0","0","0","0","2","0","2","0","0","0","3","03","","N","","","","","","","","","",""
"2022080538","1009","2","0","0","0","0","0","0","0","0","4","0","","67","8","2022","4","40.043281","-75.143699","1009","6","0","0","0","0","0","0","1","0","","0","0","0","8","1","1","N","0","9","40 02:35.811","","7","75 08:37.316","4","0","0","0","67301","0","0","0","N","0","0","0","2","67301","1","","1.0","","1","N","N","N","0","","0","0","0","0","0","","858","2","1","0","0","0","0","0","2","0","2","0","0","0","3","","","N","","","","","","","","","",""
"2022069746","1924","1","0","0","1","0","0","0","0","0","8","0","","67","7","2022","6","39.918898","-75.156945","1918","6","0","0","0","0","0","0","0","0","","0","0","0","19","4","1","","2","0","39 55:08.032","","0","75 09:25.002","3","0","0","0","67301","1","0","0","N","0","0","0","2","67301","0","","1.0","","9","N","N","N","0","","1","0","0","3","3","","1916","2","1","0","0","0","0","0","2","0","1","1","0","0","7","07","","N","","","","","","","","","",""
"2022069849","1535","2","0","0","0","0","0","0","0","0","4","0","","67","7","2022","5","39.972339","-75.231934","1530","6","0","0","1","0","0","0","1","0","","0","0","0","14","1","1","","1","0","39 58:20.420","","0","75 13:54.962","3","0","0","0","67301","0","0","0","N","0","0","0","2","67301","0","","1.0","","1","N","N","N","0","","1","0","0","3","3","","1432","2","1","0","0","0","0","0","2","0","2","0","0","0","3","03","","N","","","","","","","","","",""
"2022068565","1651","1","0","0","0","0","0","0","0","0","1","0","","67","7","2022","2","40.106819","-75.053348","1640","6","0","0","0","0","0","1","0","0","","0","0","0","16","1","0","Y","0","0","40 06:24.548","","0","75 03:12.051","9","0","0","0","67301","0","0","0","N","0","0","0","4","67301","0","","1.0","","9","N","N","N","0","","0","0","2","3","2","","1614","3","0","0","0","0","0","1","2","0","3","0","0","0","7","07","","N","","","","","","","","","",""
"2022068553","0006","2","0","0","0","0","0","0","0","0","1","0","","67","7","2022","2","40.040097","-75.074358","0006","6","0","0","0","0","0","0","1","0","","0","0","0","0","3","1","N","0","0","40 02:24.350","","0","75 04:27.690","3","0","0","0","67301","0","0","0","N","0","0","0","1","67301","0","","6.0","","1","N","N","N","0","","1","0","1","0","0","","6","3","1","1","0","0","0","0","2","0","3","0","0","0","3","","","N","","","","","","","","","",""
"2022080192","2010","3","0","0","0","0","0","0","0","0","4","0","","67","7","2022","2","39.958263","-75.165812","1919","6","0","0","0","0","0","2","0","0","","0","0","0","19","1","1","","7","0","39 57:29.748","","2","75 09:56.922","3","0","0","0","67301","0","0","0","N","0","0","0","4","68K01","0","","1.0","","1","N","N","N","0","","1","0","0","3","4","","1910","4","1","0","0","0","0","1","2","0","4","0","0","0","3","03","","N","","","","","","","","","",""
"2022071507","1430","1","0","0","0","0","0","1","0","0","4","1","","67","7","2022","1","40.088094","-74.965633","1400","6","0","0","0","0","0","1","0","0","","0","0","0","14","1","0","","1","0","40 05:17.138","","7","74 57:56.278","0","0","0","0","67301","0","0","0","N","0","0","0","2","67508","0","","1.0","","1","N","N","Y","0","","0","0","0","3","3","","1400","2","0","0","0","0","0","0","2","0","2","0","0","0","3","03","","N","","","","","","","","","",""
"2022066442","","2","0","0","0","0","0","0","0","0","1","0","","67","7","2022","6","39.891942","-75.241906","","6","0","0","0","0","0","0","0","0","","0","0","0","11","1","4","","2","0","39 53:30.990","","0","75 14:30.862","8","0","0","0","67301","0","0","0","N","0","0","0","5","00000","0","","1.0","","1","","","N","0","","0","0","0","3","2","","1100","2","4","0","0","0","4","0","2","0","2","0","0","0","3","","","N","","","","","","","","","",""
"2022072078","2119","1","0","0","0","0","0","0","0","0","4","0","","67","8","2022","1","39.954079","-75.189725","2117","6","0","0","0","0","0","0","1","0","","0","0","0","21","3","1","","1","1","39 57:14.683","3","0","75 11:23.010","4","0","0","0","67301","0","0","0","N","0","0","0","2","67507","1","","1.0","2200.0","1","N","N","N","0","","0","0","1","3","2","Y","2115","2","1","0","0","0","0","0","2","0","2","0","0","0","3","","","N","","","","","","","","","",""
"2022074058","1720","3","0","0","0","0","0","0","0","0","1","0","","67","8","2022","4","39.978278","-75.177236","1703","6","0","0","0","0","0","0","0","0","","0","0","0","17","1","1","N","0","0","39 58:41.800","","0","75 10:38.050","3","0","0","0","67301","0","0","0","N","0","0","0","1","67301","0","","6.0","","1","N","N","N","0","","1","0","0","0","0","","1701","3","1","0","0","0","0","0","2","0","3","0","0","0","3","","","N","","","","","","","","","",""
"2022069201","2222","0","0","0","0","0","0","0","0","0","7","0","","67","7","2022","4","40.005897","-75.151861","2218","6","0","0","0","0","0","0","0","0","","0","0","0","22","3","1","N","0","0","40 00:21.229","","0","75 09:06.699","8","0","0","0","67301","0","0","0","N","0","0","0","1","67505","0","","5.0","","1","N","N","N","0","","0","0","0","0","0","","2218","1","1","0","0","0","1","0","2","1","1","0","0","0","3","03","","N","","","","","","","","","",""
"2022083635","1835","2","0","0","0","0","0","0","0","0","4","0","","67","9","2022","6","40.000869","-75.099236","1832","6","0","0","0","0","0","0","0","0","","0","0","0","10","1","0","N","0","0","40 00:03.130","","0","75 05:57.250","9","0","0","0","67301","0","0","0","N","0","0","0","1","67301","0","","1.0","","1","N","N","N","1","","0","0","0","0","0","","1000","3","0","0","0","0","0","1","2","0","3","0","0","0","3","98","","N","","","","","","","","","",""
"2022071414","2323","2","0","0","0","0","0","0","0","0","1","0","","67","7","2022","7","39.954833","-75.144889","2323","6","0","0","0","0","0","1","0","0","","0","0","0","23","3","0","N","0","0","39 57:17.400","","3","75 08:41.600","0","0","0","0","67301","0","0","0","N","0","0","0","6","67501","0","","1.0","","1","N","N","N","0","","0","0","0","0","0","","2323","2","0","0","0","0","0","0","2","0","2","0","0","0","3","","","N","","","","","","","","","",""
"2022083609","1033","1","0","0","0","0","0","0","0","0","8","0","30","67","9","2022","5","40.083529","-75.222281","1031","6","0","0","0","0","0","0","0","0","","0","0","0","10","1","3","","2","1","40 05:00.706","1","0","75 13:20.211","2","0","0","0","67301","2","0","1","N","2","0","1","3","67301","0","","5.0","1130.0","1","N","N","N","0","","2","1","0","3","2","Y","1030","3","3","1","0","0","0","0","2","0","1","2","0","1","3","03","Y","Y","4","2","N","N","N","N","N","N","Y","Y"
"2022072273","1752","0","0","0","0","0","0","0","0","0","4","0","","67","7","2022","6","39.994206","-75.107791","1746","6","0","0","0","0","0","1","0","0","","0","0","0","17","1","2","","1","0","39 59:39.142","","0","75 06:28.047","3","0","0","0","67301","0","0","0","N","0","0","0","2","67301","1","","1.0","","1","N","N","N","0","","1","0","2","3","2","","1740","2","2","1","0","0","0","0","2","0","2","0","0","0","3","03","","N","","","","","","","","","",""
"2022069938","1715","1","0","0","0","0","0","0","0","0","8","0","","67","7","2022","7","40.030775","-75.145861","1715","6","0","0","0","0","0","1","0","0","","0","0","0","17","1","1","N","0","0","40 01:50.790","","0","75 08:45.100","3","0","0","0","67301","1","0","0","N","1","0","0","2","67301","0","","1.0","","1","N","N","N","0","","1","0","0","0","0","","1706","2","1","0","0","0","0","0","2","0","1","1","0","0","3","03","","N","","","","","","","","","",""
"2022079875","1231","0","0","0","0","0","0","0","0","0","1","1","","67","8","2022","3","40.090436","-75.046568","1231","6","0","0","0","0","0","1","0","1","","0","1","0","12","1","1","N","0","1","40 05:25.571","6","7","75 02:47.645","3","0","0","0","67301","0","0","0","N","0","0","0","3","67301","0","","1.0","1350.0","1","N","N","N","0","","1","0","2","0","0","N","1231","3","1","0","0","0","0","0","2","0","3","0","0","0","3","03","","N","","","","","","","","","",""
"2022068627","1622","1","0","0","0","0","0","0","0","0","1","0","","67","7","2022","3","40.060398","-74.990435","1619","6","0","0","0","0","0","0","1","0","","0","0","0","14","1","1","","1","0","40 03:37.434","","0","74 59:25.565","3","0","0","0","67301","0","0","0","N","0","0","0","2","67301","0","","1.0","","1","N","N","N","0","","1","0","1","3","2","","1457","2","1","0","0","0","0","1","2","0","2","0","0","0","4","04","","N","","","","","","","","","",""
"2022078436","1630","1","0","0","0","0","0","0","0","0","1","0","","67","7","2022","1","40.011024","-75.206126","1630","6","0","0","0","0","0","1","0","0","","0","0","0","13","1","0","","6","0","40 00:39.685","","8","75 12:22.055","0","0","0","0","67301","0","0","0","N","0","0","0","2","67301","0","","7.0","","99","N","N","N","0","","0","0","1","3","3","","1350","2","0","0","0","0","0","0","2","0","2","0","0","0","3","","","N","","","","","","","","","",""
"2022080619","0935","1","0","0","0","0","0","0","0","0","1","0","","67","8","2022","1","40.035558","-75.069017","0933","6","0","0","0","0","0","0","0","0","","0","0","0","9","1","1","Y","0","0","40 02:08.009","","0","75 04:08.460","4","0","0","0","67301","0","0","0","N","0","0","0","2","67301","1","","1.0","","1","N","N","N","0","","0","0","1","3","2","","930","2","1","0","0","0","0","0","2","0","2","0","0","0","3","","","N","","","","","","","","","",""
"2022069977","1712","1","0","0","0","0","0","0","0","0","8","0","","67","7","2022","5","39.894279","-75.237428","1706","6","0","0","0","0","0","0","0","0","","0","0","0","16","1","1","N","0","0","39 53:39.404","","0","75 14:14.740","3","0","0","0","67301","1","0","0","N","1","0","0","2","67301","0","","1.0","","99","N","N","N","0","","1","0","0","0","0","","1624","2","1","1","0","0","0","0","2","0","1","1","0","0","3","03","","N","","","","","","","","","",""
"2022073954","1327","1","0","0","0","0","0","0","0","0","7","0","","67","8","2022","6","39.918956","-75.147358","1326","6","0","0","0","0","0","0","0","1","","0","0","0","13","1","0","N","0","0","39 55:08.240","","0","75 08:50.490","0","0","0","0","67301","0","0","0","N","0","0","0","1","67301","0","","1.0","","1","N","N","Y","0","","0","0","0","0","0","","1310","1","0","0","0","0","0","0","2","0","1","0","0","0","3","03","","N","","","","","","","","","",""
"2022079611","1955","1","0","0","0","0","0","0","0","0","8","0","","67","7","2022","5","39.951118","-75.1785","1951","6","0","0","0","0","0","0","0","0","","0","0","0","19","1","1","","1","2","39 57:04.026","4","0","75 10:42.601","2","0","0","0","67301","1","0","1","N","1","0","1","2","67301","0","","1.0","300.0","1","N","N","N","0","","0","1","0","3","2","Y","1950","2","1","0","0","0","0","0","2","0","1","1","0","1","3","03","","N","","","","","","","","","",""
"2022078198","1240","1","0","0","0","0","0","0","0","0","4","1","","67","8","2022","6","39.931432","-75.228869","1229","6","0","0","0","0","0","0","0","0","","0","1","0","8","1","0","","1","0","39 55:53.155","","0","75 13:43.928","0","0","0","0","67301","0","0","0","N","0","0","0","3","67301","0","","1.0","","1","N","N","N","0","","0","0","0","3","3","","827","2","0","0","0","0","0","0","2","0","2","0","0","0","3","03","","N","","","","","","","","","",""
"2022069158","0657","1","0","0","0","0","0","0","0","0","4","0","","67","7","2022","2","39.957136","-75.151069","0657","6","0","0","0","0","0","0","0","0","","0","0","0","5","1","1","","5","0","39 57:25.688","","2","75 09:03.847","4","0","0","0","67301","0","0","0","N","0","0","0","2","67301","1","","1.0","","1","N","N","N","0","","0","0","1","3","2","","550","2","1","0","0","0","0","0","2","0","2","0","0","0","3","03","","N","","","","","","","","","",""
"2022079835","0917","1","0","0","0","0","0","0","0","0","8","0","","67","8","2022","3","39.921225","-75.145307","0907","6","0","0","0","0","0","1","0","0","","0","0","0","9","1","1","","3","0","39 55:16.410","","0","75 08:43.106","8","0","0","0","67301","1","0","0","N","0","0","0","2","67301","0","","1.0","","1","N","N","N","0","","0","0","0","3","3","","900","2","1","0","0","0","1","0","2","0","1","1","0","0","3","","","N","","","","","","","","","",""
"2022068587","1826","0","0","1","0","0","0","0","0","0","4","0","","67","7","2022","6","40.029898","-75.087801","1825","6","0","0","0","0","0","1","0","0","","0","0","0","18","1","1","","1","0","40 01:47.633","","0","75 05:16.085","2","0","0","0","67301","0","0","0","N","0","0","0","2","67301","0","","1.0","","1","N","N","N","1","","0","1","1","3","2","","1825","2","1","0","0","0","0","0","2","0","2","0","0","0","3","","","N","","","","","","","","","",""
"2022070926","0855","1","0","0","0","0","0","0","0","0","4","0","","67","7","2022","6","39.996795","-75.153987","0850","6","0","0","0","1","0","0","0","0","","0","0","0","8","3","1","","1","0","39 59:48.463","","0","75 09:14.352","4","0","0","1","67301","0","0","0","N","0","0","0","2","67508","1","","1.0","","1","N","N","Y","0","","0","0","0","3","2","","850","2","1","0","0","0","0","0","2","0","2","0","0","0","3","03","","N","","","","","","","","","",""
"2022083625","0747","1","0","0","0","0","0","0","0","0","4","1","","67","8","2022","7","39.951943","-75.2388","0747","6","0","0","0","0","0","0","0","0","","0","1","0","7","1","1","","1","1","39 57:06.994","4","0","75 14:19.680","3","0","0","0","67301","0","0","0","N","0","0","0","2","67301","0","","1.0","900.0","1","N","N","N","0","","1","0","1","3","2","Y","746","3","1","0","0","0","0","0","2","0","3","0","0","0","3","","","N","","","","","","","","","",""
"2022076943","2255","2","0","0","0","0","0","0","0","0","5","0","","67","8","2022","2","39.971262","-75.123505","2227","6","0","0","0","0","0","0","0","0","","0","0","0","22","3","0","N","0","0","39 58:16.542","","3","75 07:24.617","9","0","0","0","67301","0","0","0","N","0","0","0","4","68K01","0","","1.0","","1","N","N","N","0","","0","0","0","0","0","","2225","2","0","0","0","0","0","1","2","0","2","0","0","0","3","03","","N","","","","","","","","","",""
"2022090091","1958","2","0","0","0","0","0","0","0","0","5","0","","67","9","2022","7","39.989749","-75.250783","2235","6","0","0","0","0","0","0","0","0","","0","0","0","22","3","0","","2","0","39 59:23.096","","0","75 15:02.818","0","0","0","0","67301","0","0","0","N","0","0","0","2","67301","0","","1.0","","1","N","N","N","0","","0","0","0","3","2","","2230","2","0","0","0","0","0","0","2","0","2","0","0","0","3","","","N","","","","","","","","","",""
"2022095734","2155","1","0","0","0","0","0","0","0","0","4","0","","67","10","2022","7","40.057022","-75.156165","2154","6","0","0","0","0","0","0","0","0","","0","0","0","21","3","0","","1","0","40 03:25.278","","0","75 09:22.193","0","0","0","0","67301","0","0","0","N","0","0","0","1","67301","0","","1.0","","1","N","N","N","0","","0","0","0","2","3","","2140","2","0","0","0","0","0","0","2","0","2","0","0","0","3","03","","N","","","","","","","","","",""
"2022076283","0830","2","0","0","0","0","0","0","0","0","4","0","","67","8","2022","2","39.996486","-75.228787","0830","6","0","0","0","0","0","0","0","0","","0","0","0","10","1","1","","1","0","39 59:47.349","","0","75 13:43.633","4","0","0","0","67301","0","0","0","N","0","0","0","2","67301","1","","1.0","","99","N","N","N","0","","0","0","0","3","3","","1020","2","1","0","0","0","0","0","2","0","2","0","0","0","99","","","N","","","","","","","","","",""
"2022080970","2347","0","0","0","0","0","0","0","0","0","8","0","","67","9","2022","7","40.044621","-75.054672","2347","6","0","0","0","0","0","0","0","0","","0","0","0","23","3","1","","1","2","40 02:40.636","2","0","75 03:16.819","2","0","0","0","67301","1","0","1","N","1","0","1","2","67301","0","","1.0","100.0","1","N","N","N","0","","0","1","1","3","2","Y","2345","2","1","0","0","0","0","0","2","0","1","1","0","1","3","","","N","","","","","","","","","",""
"2022085006","1734","0","0","0","0","0","0","0","0","0","1","0","","67","9","2022","5","39.911132","-75.148986","1719","6","0","0","0","0","0","1","0","0","","0","0","0","17","1","1","N","0","0","39 54:40.074","","0","75 08:56.349","3","0","0","0","67301","0","0","0","N","0","0","0","2","68K01","0","","2.0","","1","N","N","N","0","","1","0","2","0","0","","1716","2","1","0","0","0","0","0","2","0","2","0","0","0","3","03","","N","","","","","","","","","",""
"2022072790","2025","2","0","0","0","0","0","0","0","0","4","0","","67","8","2022","2","39.971558","-75.160228","2025","6","0","0","0","0","0","0","0","0","","0","0","0","20","3","2","","1","0","39 58:17.607","","0","75 09:36.821","3","0","0","0","67301","0","0","0","N","0","0","0","3","67301","0","","1.0","","1","N","N","N","0","","2","0","0","3","3","","2020","2","2","0","0","0","0","0","2","0","2","0","0","0","3","03","","N","","","","","","","","","",""
"2022078993","1555","1","0","0","0","0","0","0","0","0","4","0","","67","6","2022","4","39.957951","-75.227322","1551","6","0","0","0","0","0","0","0","0","","0","0","0","9","1","2","","1","0","39 57:28.623","","0","75 13:38.359","3","0","0","0","67301","0","0","0","N","0","0","0","3","67301","0","","1.0","","1","N","N","Y","0","","2","0","1","3","3","","945","2","2","0","0","0","0","1","2","0","2","0","0","0","99","","","N","","","","","","","","","",""
"2022069749","0725","0","0","0","0","0","0","0","0","0","7","0","","67","7","2022","7","39.998827","-75.156011","0721","6","0","0","0","0","0","1","0","0","","0","0","0","7","5","1","","2","0","39 59:55.776","","0","75 09:21.641","3","0","0","0","67301","0","0","0","N","0","0","0","1","67301","0","","5.0","","1","N","N","N","0","","1","0","1","3","3","","700","1","1","0","0","0","0","0","2","0","1","0","0","0","3","03","","N","","","","","","","","","",""
"2022097444","2325","1","0","0","0","0","0","0","0","0","1","0","","67","7","2022","2","39.994862","-75.218089","2314","6","0","0","0","0","0","0","0","0","","0","0","0","22","3","1","N","0","0","39 59:41.503","","0","75 13:05.119","3","0","0","0","67301","0","0","0","N","0","0","0","2","67301","0","","1.0","","1","N","N","N","0","","1","0","1","0","0","","2200","2","1","0","0","0","0","0","2","0","2","0","0","0","3","03","","N","","","","","","","","","",""
"2022081171","0341","2","0","0","0","0","0","0","0","0","4","0","","67","9","2022","7","40.011746","-75.076091","0328","6","0","0","0","0","0","0","0","0","","0","0","0","3","3","0","","2","0","40 00:42.286","","0","75 04:33.927","0","0","0","0","67301","0","0","0","N","0","0","0","2","67301","0","","1.0","","1","N","N","N","0","","0","0","0","3","3","","310","2","0","1","0","0","0","0","2","0","2","0","0","0","3","03","","N","","","","","","","","","",""
"2022096714","0835","1","0","0","0","0","0","0","0","0","1","1","","67","10","2022","1","40.049578","-75.095619","0835","6","0","0","0","0","0","1","0","0","","0","1","0","6","1","0","","1","1","40 02:58.479","1","0","75 05:44.227","0","0","0","0","67301","0","0","0","N","0","0","0","2","67301","0","","1.0","100.0","1","N","N","N","0","","0","0","0","3","2","N","630","2","0","1","0","0","0","0","2","0","2","0","0","0","3","03","","N","","","","","","","","","",""
"2022097390","1952","1","0","0","0","0","0","0","0","0","1","1","","67","10","2022","7","40.055793","-74.984339","1932","6","0","0","0","0","1","1","0","0","","0","1","0","19","3","1","N","0","2","40 03:20.854","2","0","74 59:03.622","8","0","0","0","67301","0","0","0","N","0","0","0","3","68K01","0","","1.0","2100.0","1","N","N","N","0","","0","0","1","0","0","Y","1931","3","1","0","0","0","1","0","2","0","3","0","0","0","3","","","N","","","","","","","","","",""
"2022090862","0144","0","0","0","0","0","0","0","0","0","7","0","","67","10","2022","7","39.960361","-75.18101","0144","6","0","0","0","0","0","0","0","0","","0","0","0","1","3","0","N","0","2","39 57:37.301","4","2","75 10:51.637","0","0","0","0","67301","0","0","0","N","0","0","0","3","68K01","0","","2.0","200.0","9","N","N","N","0","","0","0","1","0","0","Y","144","1","0","0","0","0","0","0","2","0","1","0","0","0","7","","","N","","","","","","","","","",""
"2022081875","2128","2","0","0","0","0","0","0","0","0","4","0","","67","9","2022","2","40.058141","-75.174302","2123","6","0","0","0","1","0","0","0","0","","0","0","0","21","3","4","","1","1","40 03:29.309","6","0","75 10:27.487","3","0","0","0","67301","0","0","0","N","0","0","0","4","67301","1","","1.0","2134.0","1","N","N","N","0","","3","0","0","3","2","Y","2122","2","4","0","0","0","0","0","2","0","2","0","0","0","3","98","","N","","","","","","","","","",""
"2022083633","1854","2","0","0","0","0","0","0","0","0","4","0","","67","9","2022","7","39.990109","-75.173196","1854","6","0","0","0","0","0","0","0","1","","0","0","0","18","1","1","","1","0","39 59:24.393","","0","75 10:23.506","3","0","0","0","67301","0","0","0","N","0","0","0","2","67301","0","","1.0","","1","N","N","Y","2","","1","0","0","3","2","","1801","4","1","1","0","0","0","1","2","0","4","0","0","0","3","","","N","","","","","","","","","",""
"2022081226","1210","1","0","0","0","0","0","0","0","0","4","0","","67","9","2022","6","40.021693","-75.150218","1158","6","0","0","0","0","0","0","0","0","","0","0","0","8","1","1","","1","0","40 01:18.095","","0","75 09:00.784","8","0","0","0","67301","0","0","0","N","0","0","0","2","67301","0","","1.0","","1","N","N","N","0","","0","0","0","3","3","","807","2","1","0","0","0","1","1","2","0","2","0","0","0","3","03","","N","","","","","","","","","",""