"CRN","ARRIVAL_TM","AUTOMOBILE_COUNT","BELTED_DEATH_COUNT","BELTED_SUSP_SERIOUS_INJ_COUNT","BICYCLE_COUNT","BICYCLE_DEATH_COUNT","BICYCLE_SUSP_SERIOUS_INJ_COUNT","BUS_COUNT","CHLDPAS_DEATH_COUNT","CHLDPAS_SUSP_SERIOUS_INJ_COUNT","COLLISION_TYPE","COMM_VEH_COUNT","CONS_ZONE_SPD_LIM","COUNTY","CRASH_MONTH","CRASH_YEAR","DAY_OF_WEEK","DEC_LATITUDE","DEC_LONGITUDE","DISPATCH_TM","DISTRICT","DRIVER_COUNT_16YR","DRIVER_COUNT_17YR","DRIVER_COUNT_18YR","DRIVER_COUNT_19YR","DRIVER_COUNT_20YR","DRIVER_COUNT_50_64YR","DRIVER_COUNT_65_74YR","DRIVER_COUNT_75PLUS","EST_HRS_CLOSED","FATAL_COUNT","HEAVY_TRUCK_COUNT","HORSE_BUGGY_COUNT","HOUR_OF_DAY","ILLUMINATION","INJURY_COUNT","INTERSECTION_RELATED","INTERSECT_TYPE","LANE_CLOSED","LATITUDE","LN_CLOSE_DIR","LOCATION_TYPE","LONGITUDE","MAX_SEVERITY_LEVEL","MCYCLE_DEATH_COUNT","MCYCLE_SUSP_SERIOUS_INJ_COUNT","MOTORCYCLE_COUNT","MUNICIPALITY","NONMOTR_COUNT","NONMOTR_DEATH_COUNT","NONMOTR_SUSP_SERIOUS_INJ_COUNT","NTFY_HIWY_MAINT","PED_COUNT","PED_DEATH_COUNT","PED_SUSP_SERIOUS_INJ_COUNT","PERSON_COUNT","POLICE_AGCY","POSSIBLE_INJ_COUNT","RDWY_SURF_TYPE_CD","RELATION_TO_ROAD","ROADWAY_CLEARED","ROAD_CONDITION","SCH_BUS_IND","SCH_ZONE_IND","SECONDARY_CRASH","SMALL_TRUCK_COUNT","SPEC_JURIS_CD","SUSP_MINOR_INJ_COUNT","SUSP_SERIOUS_INJ_COUNT","SUV_COUNT","TCD_FUNC_CD","TCD_TYPE","TFC_DETOUR_IND","TIME_OF_DAY","TOTAL_UNITS","TOT_INJ_COUNT","UNBELTED_OCC_COUNT","UNB_DEATH_COUNT","UNB_SUSP_SERIOUS_INJ_COUNT","UNK_INJ_DEG_COUNT","UNK_INJ_PER_COUNT","URBAN_RURAL","VAN_COUNT","VEHICLE_COUNT","VULNERABLE_ROAD_USER_COUNT","VULNERABLE_ROAD_USER_DEATH_COUNT","VULNERABLE_ROAD_USER_SER_INJ_COUNT","WEATHER1","WEATHER2","WORKERS_PRES","WORK_ZONE_IND","WORK_ZONE_LOC","WORK_ZONE_TYPE","WZ_CLOSE_DETOUR","WZ_FLAGGER","WZ_LAW_OFFCR_IND","WZ_LN_CLOSURE","WZ_MOVING","WZ_OTHER","WZ_SHLDER_MDN","WZ_WORKERS_INJ_KILLED"
"2022080959","2239","2","0","0","0","0","0","0","0","0","4","0","","67","9","2022","7","40.038464","-75.046881","2239","6","0","0","0","0","0","0","0","0","","0","0","0","22","3","0","","1","2","40 02:18.470","5","0","75 02:48.771","0","0","0","0","67301","0","0","0","N","0","0","0","3","67301","0","","1.0","33.0","1","N","N","N","0","","0","0","1","3","3","Y","2235","3","0","0","0","0","0","0","2","0","3","0","0","0","3","03","","N","","","","","","","","","",""
"2022097020","0315","1","0","0","0","0","0","0","0","0","1","0","","67","8","2022","1","39.961878","-75.226517","0305","6","0","0","0","0","0","0","0","0","","0","0","0","2","3","0","N","0","0","39 57:42.760","","0","75 13:35.460","9","0","0","0","67301","0","0","0","N","0","0","0","3","67301","0","","1.0","","1","N","N","N","0","","0","0","1","0","0","","234","2","0","0","0","0","0","1","2","0","2","0","0","0","3","03","","N","","","","","","","","","",""
"2022080184","1235","0","0","0","1","0","0","0","0","0","8","0","","67","8","2022","4","39.938719","-75.224301","1230","6","0","0","0","0","0","0","1","0","","0","0","0","12","1","1","","1","0","39 56:19.388","","0","75 13:27.483","3","0","0","0","67301","1","0","0","N","0","0","0","2","67301","0","","1.0","","1","N","N","N","0","","1","0","1","3","2","","1220","2","1","0","0","0","0","0","2","0","1","1","0","0","3","","","N","","","","","","","","","",""
"2022072208","1833","1","0","0","1","0","0","0","0","0","8","0","","67","8","2022","3","39.961855","-75.157718","1829","6","0","0","0","0","0","1","0","0","","0","0","0","18","1","1","","5","0","39 57:42.677","","0","75 09:27.784","4","0","0","0","67301","1","0","0","N","0","0","0","2","67301","1","","1.0","","1","N","N","N","0","","0","0","0","3","2","","1825","2","1","0","0","0","0","0","2","0","1","1","0","0","3","03","","N","","","","","","","","","",""
"2022079341","1023","1","0","0","0","0","0","0","0","0","8","0","","67","8","2022","7","40.016994","-75.188321","1020","6","0","0","0","0","0","0","0","0","","0","0","0","10","1","1","","1","0","40 01:01.180","","0","75 11:17.957","3","0","0","0","67301","1","0","0","N","1","0","0","2","67301","0","","1.0","","1","N","N","N","0","","1","0","0","3","2","","1019","2","1","0","0","0","0","0","2","0","1","1","0","0","3","","","N","","","","","","","","","",""
"2022082303","0124","0","0","0","0","0","0","0","0","0","1","0","","67","9","2022","1","39.955381","-75.147957","0124","6","0","0","0","0","0","0","0","0","","0","0","0","1","3","1","","3","2","39 57:19.370","4","2","75 08:52.644","2","0","0","0","67301","0","0","0","N","0","0","0","2","67501","0","","1.0","145.0","1","N","N","N","0","","0","1","0","0","0","N","124","2","1","0","0","0","0","1","2","0","2","0","0","0","3","","","N","","","","","","","","","",""
"2022083642","1331","1","0","0","0","0","0","0","0","0","5","0","","67","9","2022","3","39.978421","-75.118783","1330","6","0","0","0","0","0","0","0","0","","0","0","0","12","1","0","N","0","0","39 58:42.316","","0","75 07:07.620","9","0","0","0","67301","0","0","0","N","0","0","0","2","67301","0","","1.0","","1","N","N","N","0","","0","0","0","0","0","","1248","2","0","1","0","0","0","1","2","0","2","0","0","0","3","03","","N","","","","","","","","","",""
"2022095567","0708","1","0","0","0","0","0","0","0","0","5","1","","67","10","2022","3","39.906722","-75.138444","0708","6","0","0","0","0","0","0","0","0","","0","1","0","7","1","1","N","0","0","39 54:24.200","","3","75 08:18.400","3","0","0","0","67301","0","0","0","N","0","0","0","2","67501","0","","1.0","","1","N","N","N","0","","1","0","0","0","0","","708","2","1","0","0","0","0","0","2","0","2","0","0","0","3","","","N","","","","","","","","","",""
"2022096233","0516","1","0","0","0","0","0","0","0","0","7","0","","67","10","2022","2","39.943534","-75.142727","0508","6","0","0","0","0","0","0","0","0","","0","0","0","5","3","0","N","0","0","39 56:36.721","","0","75 08:33.817","0","0","0","0","67301","0","0","0","N","0","0","0","1","68K01","0","","4.0","","9","N","N","N","0","","0","0","0","0","0","","505","1","0","0","0","0","0","0","2","0","1","0","0","0","3","","","N","","","","","","","","","",""
"2022096748","0830","1","0","0","0","0","0","0","0","0","2","0","","67","10","2022","7","39.981339","-75.174","0830","6","0","0","0","0","0","0","0","0","","0","0","0","6","1","0","","2","0","39 58:52.820","","0","75 10:26.399","0","0","0","0","67301","0","0","0","N","0","0","0","2","67301","0","","1.0","","1","N","N","N","0","","0","0","0","3","3","","630","2","0","0","0","0","0","0","2","0","2","0","0","0","3","03","","N","","","","","","","","","",""
"2022077565","0900","1","0","0","0","0","0","0","0","0","4","0","","67","8","2022","5","39.961807","-75.226533","0857","6","0","0","0","0","0","0","0","0","","0","0","0","8","1","0","","1","0","39 57:42.505","","0","75 13:35.518","0","0","0","0","67301","0","0","0","N","0","0","0","2","67301","0","","1.0","","1","N","N","N","0","","0","0","2","3","3","","815","3","0","0","0","0","0","0","2","0","3","0","0","0","4","03","","N","","","","","","","","","",""
"2022096238","2242","0","0","0","0","0","0","0","0","0","7","0","","67","10","2022","2","40.039068","-75.008464","2227","6","0","0","0","0","0","0","0","0","","0","0","0","22","3","0","N","0","0","40 02:20.646","","0","75 00:30.469","0","0","0","0","67301","0","0","0","N","0","0","0","1","68K01","0","","4.0","","8","N","N","N","0","","0","0","0","0","0","","2225","1","0","0","0","0","0","0","2","1","1","0","0","0","7","","","N","","","","","","","","","",""
"2022083657","1035","1","0","0","0","0","0","0","0","0","8","0","","67","9","2022","6","40.004249","-75.173477","1030","6","0","0","0","0","0","0","0","0","","0","0","0","10","1","1","N","0","0","40 00:15.297","","0","75 10:24.518","3","0","0","0","67301","1","0","0","N","1","0","0","1","67301","0","","1.0","","1","N","N","N","0","","1","0","0","0","0","","1010","2","1","0","0","0","0","0","2","0","1","1","0","0","3","","","N","","","","","","","","","",""
"2022088706","0022","1","0","0","0","0","0","0","0","0","7","0","","67","9","2022","1","39.883644","-75.244731","2248","6","0","0","0","0","0","0","0","0","","0","0","0","22","3","0","N","0","0","39 53:01.119","","0","75 14:41.031","9","0","0","0","67301","0","0","0","N","0","0","0","1","68K01","0","","4.0","","1","N","N","N","0","","0","0","0","0","0","","2245","1","0","1","0","0","0","1","2","0","1","0","0","0","3","","","N","","","","","","","","","",""
"2022092152","2134","0","0","0","0","0","0","0","0","0","8","0","","67","10","2022","3","39.964959","-75.224574","2130","6","0","0","0","0","0","0","0","0","","0","0","0","21","3","1","","1","0","39 57:53.852","","0","75 13:28.466","2","0","0","0","67301","1","0","1","N","1","0","1","1","67301","0","","9.0","","9","N","N","N","0","","0","1","0","3","2","","2120","2","1","0","0","0","0","0","2","0","1","1","0","1","7","04","","N","","","","","","","","","",""
"2022083553","0225","1","0","0","0","0","0","0","0","0","1","0","","67","9","2022","6","40.042895","-75.160638","0217","6","0","0","0","0","0","0","0","0","","0","0","0","2","3","0","N","0","0","40 02:34.422","","0","75 09:38.297","9","0","0","0","67301","0","0","0","N","0","0","0","7","67301","0","","5.0","","1","N","N","N","0","","0","0","1","0","0","","214","2","0","0","0","0","0","7","2","0","2","0","0","0","3","03","","N","","","","","","","","","",""
"2022083027","1502","1","0","0","0","0","0","0","0","0","5","0","","67","8","2022","2","39.877592","-75.252828","1440","6","0","0","0","0","0","0","0","0","","0","0","0","14","1","0","N","0","0","39 52:39.332","","0","75 15:10.181","0","0","0","0","67301","0","0","0","N","0","0","0","2","68K01","0","","1.0","","1","N","N","N","0","","0","0","0","0","0","","1400","2","0","0","0","0","0","0","2","0","2","0","0","0","3","","","N","","","","","","","","","",""
"2022081435","1730","2","0","0","0","0","0","0","0","0","4","0","","67","9","2022","2","40.045087","-75.158216","1723","6","0","0","0","0","0","0","0","0","","0","0","0","17","1","2","","1","0","40 02:42.313","","0","75 09:29.577","3","0","0","0","67301","0","0","0","N","0","0","0","3","67301","0","","1.0","","1","N","N","N","0","","2","0","0","3","2","","1710","2","2","0","0","0","0","0","2","0","2","0","0","0","4","","","N","","","","","","","","","",""
"2022091582","2018","2","0","0","0","0","0","0","0","0","5","0","","67","9","2022","7","39.924558","-75.147104","2016","6","0","0","0","0","1","0","0","0","","0","0","0","20","3","2","N","0","0","39 55:28.409","","3","75 08:49.574","4","0","0","0","67301","0","0","0","N","0","0","0","3","68K01","2","","1.0","","1","N","N","N","0","","0","0","1","0","0","","2014","3","2","1","0","0","0","0","2","0","3","0","0","0","3","","","N","","","","","","","","","",""
"2022075784","1955","2","0","0","0","0","0","0","0","0","4","0","","67","8","2022","5","39.99394","-75.14183","1950","6","0","0","0","0","0","1","0","0","","0","0","0","19","4","2","","1","0","39 59:38.184","","0","75 08:30.587","2","0","0","0","67301","0","0","0","N","0","0","0","2","67301","0","","1.0","","1","N","N","N","0","","1","1","0","3","2","","1945","2","2","0","0","0","0","0","2","0","2","0","0","0","3","03","","N","","","","","","","","","",""
"2022097018","0049","0","0","0","0","0","0","0","0","0","2","0","","67","7","2022","1","39.965086","-75.240361","0049","6","0","0","0","0","0","0","0","0","","0","0","0","0","3","1","N","0","0","39 57:54.310","","0","75 14:25.300","3","0","0","0","67301","0","0","0","N","0","0","0","2","67301","0","","1.0","","1","N","N","N","0","","1","0","2","0","0","","15","3","1","0","0","0","0","0","2","0","3","0","0","0","3","03","","N","","","","","","","","","",""
"2022073983","1220","1","0","0","0","0","0","0","0","0","1","0","","67","8","2022","6","40.023694","-75.196117","1207","6","0","0","0","0","0","0","1","0","","0","0","0","11","1","1","N","0","1","40 01:25.300","2","0","75 11:46.020","3","0","0","1","67301","0","0","0","N","0","0","0","2","67301","0","","1.0","30.0","1","N","N","N","0","","1","0","0","0","0","N","1100","2","1","0","0","0","0","0","2","0","2","0","0","0","3","03","","N","","","","","","","","","",""
"2022081254","1311","4","0","0","0","0","0","0","0","0","5","0","","67","9","2022","5","39.928188","-75.16892","1307","6","0","0","0","0","0","0","0","0","","0","0","0","13","1","1","N","0","0","39 55:41.478","","0","75 10:08.113","4","0","0","0","67301","0","0","0","N","0","0","0","2","67301","1","","4.0","","1","N","N","N","0","","0","0","0","3","2","","1307","4","1","0","0","0","0","0","2","0","4","0","0","0","3","","","N","","","","","","","","","",""
"2022078448","2000","1","0","0","0","0","0","0","0","0","4","0","","67","8","2022","7","40.063636","-74.984911","1950","6","0","0","0","0","1","0","0","0","","0","0","0","19","3","2","","2","0","40 03:49.088","","0","74 59:05.678","3","0","0","0","67301","0","0","0","N","0","0","0","2","67301","0","","1.0","","1","N","N","N","0","","1","0","1","3","3","","1945","2","2","0","0","0","1","0","2","0","2","0","0","0","3","03","","N","","","","","","","","","",""
"2022077871","1955","2","0","0","0","0","0","0","0","0","4","0","","67","8","2022","4","39.990003","-75.160369","1955","6","0","0","0","0","0","0","1","0","","0","0","0","19","1","2","","1","0","39 59:24.010","","0","75 09:37.328","4","0","0","0","67301","0","0","0","N","0","0","0","2","67301","2","","1.0","","1","N","N","N","0","","0","0","0","3","2","","1915","2","2","1","0","0","0","0","2","0","2","0","0","0","3","03","","N","","","","","","","","","",""
"2022084602","2006","1","0","0","0","0","0","0","0","0","5","1","","67","8","2022","5","39.948747","-75.14199","1955","6","0","0","0","0","0","0","1","0","","0","1","0","19","3","0","N","0","0","39 56:55.488","","0","75 08:31.165","0","0","0","0","67301","0","0","0","N","0","0","0","2","68K01","0","","1.0","","1","N","N","N","0","","0","0","0","0","0","","1953","3","0","0","0","0","0","0","2","0","2","0","0","0","3","","","N","","","","","","","","","",""
"2022079781","0040","2","0","0","0","0","0","0","0","0","5","0","","67","8","2022","6","39.926167","-75.172636","0032","6","0","0","0","0","0","0","0","0","","0","0","0","0","3","0","N","0","0","39 55:34.200","","0","75 10:21.490","0","0","0","0","67301","0","0","0","N","0","0","0","1","67301","0","","6.0","","1","N","N","N","0","","0","0","0","0","0","","28","2","0","0","0","0","0","0","2","0","2","0","0","0","3","03","","N","","","","","","","","","",""
"2022075918","2217","1","0","0","0","0","0","0","0","0","4","0","","67","8","2022","5","40.011294","-75.106103","2211","6","0","0","0","0","0","1","0","0","","0","0","0","22","3","4","","1","0","40 00:40.660","","0","75 06:21.970","8","0","0","0","67301","0","0","0","N","0","0","0","5","67301","0","","1.0","","1","N","N","N","0","","0","0","0","3","2","","2204","2","4","0","0","0","4","1","2","1","2","0","0","0","3","03","","N","","","","","","","","","",""
"2022097034","1742","2","0","0","0","0","0","0","0","0","4","0","","67","10","2022","1","39.969793","-75.141502","1740","6","0","0","0","0","0","0","0","0","","0","0","0","17","1","0","","1","0","39 58:11.255","","0","75 08:29.406","9","0","0","0","67301","0","0","0","N","0","0","0","3","67301","0","","1.0","","1","N","N","N","0","","0","0","0","3","2","","1738","2","0","2","0","0","0","2","2","0","2","0","0","0","3","03","","N","","","","","","","","","",""
"2022072196","1615","0","0","0","0","0","0","0","0","0","8","0","","67","8","2022","4","40.045222","-75.094111","1610","6","0","0","0","0","0","0","0","0","","0","0","0","16","1","1","N","0","0","40 02:42.800","","0","75 05:38.800","8","0","0","0","67301","1","0","0","N","1","0","0","2","67301","0","","4.0","","1","N","N","N","0","","0","0","1","0","0","","1600","2","1","1","0","0","1","0","2","0","1","1","0","0","3","","","N","","","","","","","","","",""
"2022077755","1940","2","0","0","0","0","0","0","0","0","4","0","","67","8","2022","3","39.913333","-75.15025","1940","6","0","0","0","0","0","0","0","0","","0","0","0","18","4","0","N","0","0","39 54:48.000","","7","75 09:00.900","0","0","0","0","67301","0","0","0","N","0","0","0","2","67301","0","","1.0","","1","N","N","N","0","","0","0","0","0","0","","1837","2","0","2","0","0","0","0","2","0","2","0","0","0","3","","","N","","","","","","","","","",""
"2022073200","0225","1","0","0","0","0","0","0","0","0","7","0","","67","8","2022","3","40.039458","-75.154157","0223","6","0","0","0","0","0","0","0","0","","0","0","0","2","3","0","N","0","0","40 02:22.047","","0","75 09:14.965","0","0","0","0","67301","0","0","0","N","0","0","0","1","67301","0","","5.0","","1","N","N","N","0","","0","0","0","0","0","","223","1","0","0","0","0","0","0","2","0","1","0","0","0","3","","","N","","","","","","","","","",""
"2022080858","1635","2","0","0","0","0","0","0","0","0","4","0","","67","9","2022","6","40.024058","-75.209547","1633","6","0","0","0","0","0","0","0","0","","0","0","0","16","1","0","","1","0","40 01:26.608","","0","75 12:34.369","0","0","0","0","67301","0","0","0","N","0","0","0","1","67301","0","","1.0","","1","N","N","N","0","","0","0","0","3","3","","1630","2","0","0","0","0","0","0","2","0","2","0","0","0","3","","","N","","","","","","","","","",""
"2022073605","1340","0","0","0","0","0","0","0","0","0","7","0","","67","8","2022","4","40.022935","-75.087164","1335","6","0","0","0","1","0","0","0","0","","0","0","0","13","1","0","","1","0","40 01:22.566","","0","75 05:13.790","0","0","0","0","67301","0","0","0","N","0","0","0","1","67301","0","","5.0","","1","N","N","Y","0","","0","0","1","0","0","","1333","1","0","1","0","0","0","0","2","0","1","0","0","0","3","","","N","","","","","","","","","",""
"2022091558","1445","1","0","0","0","0","0","0","0","0","4","0","","67","9","2022","6","39.976416","-75.119678","1445","6","0","0","0","0","0","1","0","0","","0","0","0","20","3","0","","1","0","39 58:35.096","","0","75 07:10.841","0","0","0","0","67301","0","0","0","N","0","0","0","2","67301","0","","1.0","","99","N","N","N","0","","0","0","1","3","2","","2000","2","0","0","0","0","0","0","2","0","2","0","0","0","99","","","N","","","","","","","","","",""
"2022072192","1306","1","0","0","1","0","0","0","0","0","8","0","","67","8","2022","2","39.927833","-75.18675","1305","6","0","0","0","0","0","1","0","0","","0","0","0","12","1","1","N","0","0","39 55:40.200","","0","75 11:12.300","3","0","0","0","67301","1","0","0","N","0","0","0","2","67301","0","","1.0","","1","N","Y","N","0","","1","0","0","0","0","","1255","2","1","0","0","0","0","0","2","0","1","1","0","0","3","04","","N","","","","","","","","","",""
"2022073519","1234","2","0","0","0","0","0","0","0","0","4","0","","67","8","2022","4","39.994246","-75.16949","1216","6","0","0","0","0","0","0","0","0","","0","0","0","11","8","3","","1","1","39 59:39.285","1","0","75 10:10.164","3","0","0","0","67301","0","0","0","N","0","0","0","4","67301","0","","1.0","115.0","1","N","N","N","0","","3","0","2","3","3","Y","1148","5","3","2","0","0","0","0","2","1","5","0","0","0","3","04","","N","","","","","","","","","",""
"2022073371","1142","2","0","0","0","0","0","0","0","0","4","0","","67","8","2022","5","39.922519","-75.145881","1142","6","0","0","0","0","0","0","0","0","","0","0","0","10","1","1","","1","0","39 55:21.068","","0","75 08:45.172","3","0","0","0","67301","0","0","0","N","0","0","0","2","67301","0","","1.0","","1","N","N","N","0","","1","0","0","3","3","","1015","2","1","2","0","0","0","0","2","0","2","0","0","0","3","","","N","","","","","","","","","",""
"2022072621","1701","0","0","0","0","0","0","0","0","0","8","0","","67","8","2022","3","39.996887","-75.112741","1700","6","0","0","0","0","0","0","0","0","","0","0","0","16","1","1","","2","0","39 59:48.793","","1","75 06:45.867","2","0","0","0","67301","1","0","1","N","1","0","1","2","67301","0","","1.0","","1","N","N","N","1","","0","1","0","0","0","","1659","2","1","0","0","0","0","0","2","0","1","1","0","1","3","03","","N","","","","","","","","","",""
"2022073970","1805","0","0","0","0","0","0","0","0","0","6","0","","67","8","2022","4","40.013433","-75.150222","1800","6","0","0","0","0","0","0","0","0","","0","0","0","14","1","1","N","0","1","40 00:48.357","2","0","75 09:00.800","4","0","0","0","67301","0","0","0","N","0","0","0","4","67301","1","","1.0","1445.0","1","N","N","N","1","","0","0","1","0","0","N","1430","2","1","1","0","0","0","2","2","0","2","0","0","0","3","03","","N","","","","","","","","","",""
"2022070254","0945","0","0","0","0","0","0","0","0","0","8","0","","67","8","2022","2","40.052077","-75.141781","0945","6","0","0","0","0","0","0","1","0","","0","0","0","9","1","1","","1","0","40 03:07.476","","0","75 08:30.412","3","0","0","0","67301","1","0","0","N","1","0","0","2","67301","0","","1.0","","1","N","N","N","0","","1","0","1","3","2","","930","2","1","0","0","0","0","0","2","0","1","1","0","0","3","","","N","","","","","","","","","",""
"2022074211","0845","2","0","0","0","0","0","0","0","0","4","0","","67","8","2022","7","40.031754","-75.142465","0845","6","0","0","0","0","1","0","0","0","","0","0","0","16","1","2","","1","0","40 01:54.314","","0","75 08:32.873","3","0","0","0","67301","0","0","0","N","0","0","0","3","67301","0","","1.0","","1","N","N","N","0","","2","0","0","3","3","","1655","2","2","0","0","0","0","1","2","0","2","0","0","0","3","03","","N","","","","","","","","","",""
"2022072243","1938","0","0","0","0","0","0","0","0","0","4","0","","67","8","2022","2","40.008888","-75.071869","1938","6","0","0","0","0","1","0","0","0","","0","0","0","19","1","0","","5","0","40 00:31.996","","0","75 04:18.728","0","0","0","0","67301","0","0","0","N","0","0","0","3","67301","0","","1.0","","1","N","N","N","0","","0","0","2","3","2","","1938","2","0","0","0","0","0","0","2","0","2","0","0","0","3","","","N","","","","","","","","","",""
"2022097393","2012","1","0","0","0","0","0","0","0","0","1","0","","67","10","2022","1","39.999484","-75.080213","2002","6","0","0","0","0","0","0","0","0","","0","0","0","19","3","1","N","0","1","39 59:58.143","2","2","75 04:48.766","3","0","0","0","67301","0","0","0","N","0","0","0","3","68K01","0","","1.0","500.0","1","N","N","N","0","","1","0","1","0","0","N","1956","2","1","0","0","0","0","0","2","0","2","0","0","0","3","03","","N","","","","","","","","","",""
"2022081493","0814","0","0","0","0","0","0","0","0","0","1","0","","67","8","2022","3","39.974618","-75.118069","0814","6","0","0","0","0","0","1","0","0","","0","0","0","7","1","0","N","0","2","39 58:28.625","2","0","75 07:05.048","0","0","0","0","67301","0","0","0","N","0","0","0","2","68K01","0","","1.0","815.0","1","N","N","Y","0","","0","0","2","0","0","N","749","2","0","0","0","0","0","0","2","0","2","0","0","0","3","","","N","","","","","","","","","",""
"2022097352","0840","0","0","0","0","0","0","0","0","0","7","0","","67","9","2022","4","39.91062","-75.149078","0825","6","0","0","0","0","0","0","0","0","","0","0","0","6","1","1","","6","0","39 54:38.233","","2","75 08:56.679","3","0","0","0","67301","0","0","0","N","0","0","0","1","68K01","0","","2.0","","9","N","N","N","0","","1","0","1","0","0","","635","1","1","0","0","0","0","0","2","0","1","0","0","0","7","","","N","","","","","","","","","",""
"2022077349","1949","2","0","0","0","0","0","0","0","0","4","0","","67","8","2022","7","39.948517","-75.20568","1949","6","0","0","0","0","0","0","0","0","","0","0","0","19","1","2","","1","0","39 56:54.661","","0","75 12:20.448","4","0","0","0","67301","0","0","0","N","0","0","0","5","67504","2","","1.0","","1","N","N","N","0","","0","0","0","3","3","","1945","2","2","0","0","0","0","0","2","0","2","0","0","0","3","","","N","","","","","","","","","",""
"2022084564","1730","1","0","0","0","0","0","0","0","0","8","0","","67","9","2022","1","40.001585","-75.152798","1717","6","0","0","0","0","0","0","0","0","","0","0","0","12","1","1","","1","0","40 00:05.705","","0","75 09:10.074","4","0","0","0","67301","1","0","0","N","1","0","0","2","67301","1","","1.0","","99","N","N","N","0","","0","0","0","3","2","","1230","2","1","0","0","0","0","0","2","0","1","1","0","0","3","03","","N","","","","","","","","","",""
"2022082413","2159","2","0","0","0","0","0","0","0","0","4","0","","67","7","2022","2","40.003105","-75.177252","2159","6","0","0","0","0","0","1","0","0","","0","0","0","21","3","2","","1","2","40 00:11.177","7","0","75 10:38.108","2","0","0","0","67301","0","0","0","N","0","0","0","2","68K01","0","","1.0","100.0","1","N","Y","N","0","","1","1","0","3","2","Y","2158","2","2","0","0","0","0","0","2","0","2","0","0","0","3","03","","N","","","","","","","","","",""
"2022077657","2141","0","0","0","0","0","0","0","0","0","7","0","","67","8","2022","2","39.973719","-75.258075","2139","6","0","0","0","0","0","0","0","0","","0","0","0","21","4","0","N","0","0","39 58:25.387","","0","75 15:29.069","0","0","0","0","67301","0","0","0","N","0","0","0","1","67301","0","","4.0","","1","N","N","N","1","","0","0","0","0","0","","2135","2","0","0","0","0","0","0","2","0","1","0","0","0","3","","","N","","","","","","","","","",""
"2022081862","0142","0","0","0","0","0","0","0","0","0","7","0","","67","8","2022","3","40.002081","-75.122289","0142","6","0","0","0","0","0","0","0","0","","0","0","0","0","3","0","N","0","0","40 00:07.490","","0","75 07:20.240","0","0","0","0","67301","0","0","0","N","0","0","0","0","67301","0","","5.0","","1","N","N","N","0","","0","0","1","0","0","","5","1","0","0","0","0","0","0","2","0","1","0","0","0","3","","","N","","","","","","","","","",""
"2022081495","0820","1","0","0","0","0","0","0","0","0","1","0","","67","8","2022","3","39.974647","-75.118016","0820","6","0","0","0","0","0","0","0","0","","0","0","0","8","1","0","N","0","0","39 58:28.730","","0","75 07:04.856","9","0","0","0","67301","0","0","0","N","0","0","0","2","68K01","0","","1.0","","1","N","N","N","0","","0","0","0","0","0","","810","2","0","0","0","0","0","1","2","0","2","0","0","0","3","03","","N","","","","","","","","","",""
"2022082271","0954","3","0","0","0","0","0","0","0","0","1","0","","67","7","2022","7","40.013852","-75.056414","0937","6","0","0","0","0","0","0","0","0","","0","0","0","9","1","0","N","0","0","40 00:49.867","","0","75 03:23.092","0","0","0","0","67301","0","0","0","N","0","0","0","8","68K01","0","","1.0","","1","N","N","N","0","","0","0","0","0","0","","936","3","0","0","0","0","0","0","2","0","3","0","0","0","3","03","","N","","","","","","","","","",""
"2022075765","0554","0","0","0","0","0","0","0","0","0","4","0","","67","8","2022","3","40.046241","-75.166071","0552","6","0","0","0","0","0","1","0","0","","0","0","0","5","5","2","","1","0","40 02:46.469","","0","75 09:57.857","8","0","0","0","67301","0","0","0","N","0","0","0","2","67301","0","","1.0","","1","N","N","N","0","","0","0","2","3","3","","547","2","2","0","0","0","2","0","2","0","2","0","0","0","3","","","N","","","","","","","","","",""
"2022081594","0908","0","0","0","0","0","0","0","0","0","7","1","","67","9","2022","6","39.88625","-75.218083","0903","6","0","0","0","0","0","1","0","0","","0","1","0","8","1","1","N","0","1","39 53:10.500","6","0","75 13:05.100","3","0","0","0","67301","0","0","0","N","0","0","0","1","67301","0","","4.0","1300.0","1","N","N","N","0","","1","0","0","0","0","N","849","1","1","0","0","0","0","0","2","0","1","0","0","0","3","03","","N","","","","","","","","","",""
"2022086494","0706","3","0","0","0","0","0","0","0","0","5","1","","67","8","2022","2","39.947993","-75.142138","0706","6","0","0","0","0","1","0","1","0","","0","0","0","6","1","2","N","0","0","39 56:52.775","","0","75 08:31.695","3","0","0","0","67301","0","0","0","N","0","0","0","3","68K01","0","","1.0","","1","N","N","N","0","","2","0","0","0","0","","629","3","2","0","0","0","0","0","2","0","3","0","0","0","3","03","","N","","","","","","","","","",""
"2022075811","1708","1","0","0","0","0","0","0","0","0","8","0","","67","8","2022","3","40.030204","-75.118458","1705","6","0","0","0","0","0","0","0","0","","0","0","0","15","1","1","","1","0","40 01:48.734","","0","75 07:06.449","3","0","0","0","67301","1","0","0","N","1","0","0","2","67301","0","","1.0","","1","N","N","N","0","","1","0","0","3","2","","1559","2","1","1","0","0","0","0","2","0","1","1","0","0","3","03","","N","","","","","","","","","",""
"2022073712","1910","1","0","0","0","0","0","0","0","0","4","0","","67","8","2022","2","39.967073","-75.243775","1855","6","0","0","0","0","0","0","0","1","","0","0","0","15","1","1","","1","0","39 58:01.462","","0","75 14:37.590","8","0","0","0","67301","0","0","0","N","0","0","0","2","67301","0","","1.0","","1","N","N","N","0","","0","0","1","3","3","","1500","2","1","0","0","0","1","0","2","0","2","0","0","0","4","04","","N","","","","","","","","","",""