"CRN","ARRIVAL_TM","AUTOMOBILE_COUNT","BELTED_DEATH_COUNT","BELTED_SUSP_SERIOUS_INJ_COUNT","BICYCLE_COUNT","BICYCLE_DEATH_COUNT","BICYCLE_SUSP_SERIOUS_INJ_COUNT","BUS_COUNT","CHLDPAS_DEATH_COUNT","CHLDPAS_SUSP_SERIOUS_INJ_COUNT","COLLISION_TYPE","COMM_VEH_COUNT","CONS_ZONE_SPD_LIM","COUNTY","CRASH_MONTH","CRASH_YEAR","DAY_OF_WEEK","DEC_LATITUDE","DEC_LONGITUDE","DISPATCH_TM","DISTRICT","DRIVER_COUNT_16YR","DRIVER_COUNT_17YR","DRIVER_COUNT_18YR","DRIVER_COUNT_19YR","DRIVER_COUNT_20YR","DRIVER_COUNT_50_64YR","DRIVER_COUNT_65_74YR","DRIVER_COUNT_75PLUS","EST_HRS_CLOSED","FATAL_COUNT","HEAVY_TRUCK_COUNT","HORSE_BUGGY_COUNT","HOUR_OF_DAY","ILLUMINATION","INJURY_COUNT","INTERSECTION_RELATED","INTERSECT_TYPE","LANE_CLOSED","LATITUDE","LN_CLOSE_DIR","LOCATION_TYPE","LONGITUDE","MAX_SEVERITY_LEVEL","MCYCLE_DEATH_COUNT","MCYCLE_SUSP_SERIOUS_INJ_COUNT","MOTORCYCLE_COUNT","MUNICIPALITY","NONMOTR_COUNT","NONMOTR_DEATH_COUNT","NONMOTR_SUSP_SERIOUS_INJ_COUNT","NTFY_HIWY_MAINT","PED_COUNT","PED_DEATH_COUNT","PED_SUSP_SERIOUS_INJ_COUNT","PERSON_COUNT","POLICE_AGCY","POSSIBLE_INJ_COUNT","RDWY_SURF_TYPE_CD","RELATION_TO_ROAD","ROADWAY_CLEARED","ROAD_CONDITION","SCH_BUS_IND","SCH_ZONE_IND","SECONDARY_CRASH","SMALL_TRUCK_COUNT","SPEC_JURIS_CD","SUSP_MINOR_INJ_COUNT","SUSP_SERIOUS_INJ_COUNT","SUV_COUNT","TCD_FUNC_CD","TCD_TYPE","TFC_DETOUR_IND","TIME_OF_DAY","TOTAL_UNITS","TOT_INJ_COUNT","UNBELTED_OCC_COUNT","UNB_DEATH_COUNT","UNB_SUSP_SERIOUS_INJ_COUNT","UNK_INJ_DEG_COUNT","UNK_INJ_PER_COUNT","URBAN_RURAL","VAN_COUNT","VEHICLE_COUNT","VULNERABLE_ROAD_USER_COUNT","VULNERABLE_ROAD_USER_DEATH_COUNT","VULNERABLE_ROAD_USER_SER_INJ_COUNT","WEATHER1","WEATHER2","WORKERS_PRES","WORK_ZONE_IND","WORK_ZONE_LOC","WORK_ZONE_TYPE","WZ_CLOSE_DETOUR","WZ_FLAGGER","WZ_LAW_OFFCR_IND","WZ_LN_CLOSURE","WZ_MOVING","WZ_OTHER","WZ_SHLDER_MDN","WZ_WORKERS_INJ_KILLED"
"2022081620","0721","2","0","0","0","0","0","0","0","0","4","0","","67","9","2022","3","40.085459","-75.037453","0721","6","0","0","0","0","0","1","0","0","","0","0","0","7","1","2","","1","1","40 05:07.651","3","0","75 02:14.830","8","0","0","0","67301","0","0","0","N","0","0","0","2","67301","0","","1.0","100.0","9","N","N","N","0","","0","0","0","3","2","N","718","2","2","0","0","0","2","0","2","0","2","0","0","0","7","07","","N","","","","","","","","","",""
"2022072198","1339","1","0","0","0","0","0","0","0","0","4","0","","67","8","2022","5","40.028647","-75.095228","1334","6","0","0","0","0","0","0","0","2","","0","0","0","12","1","2","N","0","0","40 01:43.130","","7","75 05:42.820","3","0","0","0","67301","0","0","0","N","0","0","0","3","67301","0","","1.0","","1","N","N","Y","1","","2","0","1","0","0","","1249","3","2","0","0","0","0","0","2","0","3","0","0","0","3","","","N","","","","","","","","","",""
"2022075799","1700","0","0","0","0","0","0","0","0","0","1","0","","67","8","2022","2","39.988793","-75.127362","1655","6","0","0","0","0","0","1","1","0","","0","0","0","16","1","2","","5","0","39 59:19.655","","1","75 07:38.503","3","0","0","0","67301","0","0","0","N","0","0","0","3","67301","0","","1.0","","1","N","N","N","0","","2","0","1","3","2","","1645","2","2","0","0","0","0","0","2","1","2","0","0","0","3","","","N","","","","","","","","","",""
"2022082641","1524","1","0","0","0","0","0","0","0","0","1","0","","67","8","2022","5","39.958464","-75.167497","1524","6","0","0","0","0","1","1","0","0","","0","0","0","15","1","1","N","0","0","39 57:30.472","","0","75 10:02.989","3","0","0","0","67301","0","0","0","N","0","0","0","5","68K01","0","","1.0","","1","N","N","N","1","","1","0","0","0","0","","1510","3","1","0","0","0","0","0","2","1","3","0","0","0","3","03","","N","","","","","","","","","",""
"2022075640","1828","1","0","0","0","0","0","0","0","0","1","0","","67","8","2022","3","39.982685","-75.100282","1813","6","0","0","0","0","0","0","0","0","","0","0","0","18","1","0","N","0","0","39 58:57.666","","2","75 06:01.015","0","0","0","0","67301","0","0","0","N","0","0","0","3","68K01","0","","1.0","","1","N","N","N","0","","0","0","1","0","0","","1810","3","0","0","0","0","0","0","2","1","3","0","0","0","3","","","N","","","","","","","","","",""
"2022080972","0117","2","0","0","0","0","0","0","0","0","2","0","","67","9","2022","1","40.061292","-75.172057","0112","6","0","0","0","0","0","1","0","0","","0","0","0","0","3","1","","1","0","40 03:40.652","","0","75 10:19.404","3","0","0","0","67301","0","0","0","N","0","0","0","2","67301","0","","1.0","","1","N","N","N","0","","1","0","0","3","3","","50","2","1","0","0","0","0","1","2","0","2","0","0","0","3","03","","N","","","","","","","","","",""
"2022076175","1939","2","0","0","0","0","0","0","0","0","4","0","","67","8","2022","3","39.959472","-75.233176","1934","6","0","0","0","0","0","0","0","0","","0","0","0","19","4","3","","1","0","39 57:34.098","","0","75 13:59.434","4","0","0","0","67301","0","0","0","N","0","0","0","5","67301","3","","1.0","","1","N","N","N","0","","0","0","0","3","2","","1933","2","3","0","0","0","0","0","2","0","2","0","0","0","3","03","","N","","","","","","","","","",""
"2022080922","0135","2","0","0","0","0","0","0","0","0","4","1","","67","9","2022","7","40.130787","-75.015951","0130","6","0","0","0","0","0","0","0","0","","0","1","0","1","3","1","N","0","0","40 07:50.833","","0","75 00:57.425","4","0","0","0","67301","2","0","0","N","2","0","0","5","67301","1","","4.0","","1","N","N","N","0","","0","0","0","0","0","","122","5","1","0","0","0","0","1","2","0","3","2","0","0","3","03","","N","","","","","","","","","",""
"2022080700","1515","0","0","0","0","0","0","0","0","0","0","0","","67","8","2022","1","39.93249","-75.200023","1437","6","0","0","0","0","0","0","0","0","","1","0","0","14","1","0","N","0","2","39 55:56.963","4","0","75 12:00.083","1","1","0","1","67301","0","0","0","N","0","0","0","1","68K01","0","2","1.0","1710.0","1","N","N","N","0","0","0","0","0","0","0","Y","1436","1","0","0","0","0","0","0","2","0","1","0","0","0","3","","","N","","","","","","","","","",""
"2022082071","1634","0","0","0","0","0","0","0","0","0","1","0","","67","9","2022","6","40.039697","-75.099942","1632","6","0","0","0","0","1","0","0","0","","0","0","0","16","1","1","N","0","0","40 02:22.910","","0","75 05:59.790","4","0","0","0","67301","0","0","0","N","0","0","0","3","67301","1","","1.0","","1","N","N","N","1","","0","0","1","0","0","","1628","2","1","0","0","0","0","0","2","0","2","0","0","0","3","","","N","","","","","","","","","",""
"2022082167","2130","1","0","0","0","0","0","0","0","0","7","0","","67","9","2022","2","40.019877","-75.080868","2121","6","0","0","0","0","0","0","0","0","","0","0","0","21","3","1","","1","0","40 01:11.557","","0","75 04:51.126","8","0","0","0","67301","0","0","0","N","0","0","0","1","67301","0","","5.0","","1","N","N","N","0","","0","0","0","3","2","","2119","1","1","0","0","0","1","0","2","0","1","0","0","0","4","","","N","","","","","","","","","",""
"2022079773","1616","1","0","0","0","0","0","0","0","0","1","1","","67","8","2022","2","39.91113","-75.16246","1615","6","0","0","0","0","0","0","0","0","","0","1","0","16","1","1","N","0","2","39 54:40.067","4","3","75 09:44.855","2","0","0","0","67301","0","0","0","N","0","0","0","3","67501","0","","1.0","1711.0","1","N","N","N","0","","0","1","1","0","0","Y","1615","3","1","1","0","1","0","0","2","0","3","0","0","0","3","03","","N","","","","","","","","","",""
"2022070551","1638","2","0","0","0","0","0","0","0","0","1","0","","67","8","2022","2","39.917477","-75.212791","1638","6","0","0","0","0","0","0","0","0","","0","0","0","16","1","0","N","0","1","39 55:02.918","3","0","75 12:46.047","0","0","0","0","67301","0","0","0","N","0","0","0","1","67301","0","","1.0","1700.0","1","N","N","N","0","","0","0","0","0","0","N","1603","2","0","0","0","0","0","0","2","0","2","0","0","0","4","","","N","","","","","","","","","",""
"2022076058","1424","1","0","0","0","0","0","0","0","0","6","0","","67","8","2022","3","39.915853","-75.239351","1422","6","0","0","0","0","0","0","0","0","","0","0","0","13","1","0","N","0","1","39 54:57.071","6","0","75 14:21.665","0","0","0","0","67301","0","0","0","N","0","0","0","2","67301","0","","1.0","236.0","1","N","N","N","0","","0","0","0","0","0","Y","1313","2","0","0","0","0","0","0","2","0","2","0","0","0","3","","","N","","","","","","","","","",""
"2022081501","0840","0","0","0","0","0","0","0","0","0","1","0","","67","8","2022","6","39.957569","-75.159575","0830","6","0","0","0","0","0","1","0","0","","0","0","0","8","1","1","N","0","1","39 57:27.248","4","0","75 09:34.469","8","0","0","0","67301","0","0","0","N","0","0","0","4","68K01","0","","1.0","920.0","1","N","N","N","0","","0","0","2","0","0","N","826","2","1","1","0","0","1","0","2","0","2","0","0","0","3","03","","N","","","","","","","","","",""
"2022072255","2103","1","0","0","0","0","0","0","0","0","4","0","","67","8","2022","2","39.954826","-75.217894","2103","6","0","0","0","0","0","0","0","0","","0","0","0","19","1","3","","1","0","39 57:17.373","","0","75 13:04.418","3","0","0","0","67301","0","0","0","N","0","0","0","3","67301","0","","1.0","","1","N","N","N","0","","3","0","1","3","2","","1954","2","3","0","0","0","0","0","2","0","2","0","0","0","3","03","","N","","","","","","","","","",""
"2022078713","1821","0","0","0","0","0","0","0","0","0","0","0","","67","8","2022","1","40.010149","-75.121555","1820","6","0","0","0","0","0","0","0","0","","0","0","0","18","1","1","","1","0","40 00:36.538","","0","75 07:17.597","8","0","0","1","67301","0","0","0","N","0","0","0","1","67301","0","","1.0","","1","N","N","N","0","","0","0","0","3","2","","1820","1","1","0","0","0","1","0","2","0","1","0","0","0","4","","","N","","","","","","","","","",""
"2022077603","1500","1","0","0","0","0","0","0","0","0","4","0","","67","8","2022","3","40.048558","-75.161665","1500","6","0","0","0","0","0","1","0","0","","0","0","0","6","1","1","","1","0","40 02:54.808","","0","75 09:41.994","3","0","0","0","67301","0","0","0","N","0","0","0","2","67301","0","","1.0","","1","N","N","N","0","","1","0","1","3","2","","600","2","1","0","0","0","0","0","2","0","2","0","0","0","3","","","N","","","","","","","","","",""
"2022089080","0255","2","0","0","0","0","0","0","0","0","1","0","","67","9","2022","1","39.940578","-75.143126","0255","6","0","0","1","0","0","0","0","0","","0","0","0","2","3","0","N","0","1","39 56:26.082","1","0","75 08:35.254","0","0","0","0","67301","0","0","0","N","0","0","0","6","68K01","0","","1.0","330.0","1","N","N","N","0","","0","0","0","0","0","N","255","2","0","1","0","0","0","0","2","0","2","0","0","0","3","","","N","","","","","","","","","",""
"2022076622","1610","2","0","0","0","0","0","0","0","0","4","0","","67","8","2022","7","40.069043","-75.164764","1606","6","0","0","0","0","0","1","1","0","","0","0","0","15","1","2","","2","2","40 04:08.554","2","0","75 09:53.150","3","0","0","0","67301","0","0","0","N","0","0","0","3","67301","0","","1.0","1643.0","1","N","N","N","1","","2","0","0","0","0","Y","1539","3","2","0","0","0","0","0","2","0","3","0","0","0","3","03","","N","","","","","","","","","",""
"2022077708","0911","0","0","0","0","0","0","0","0","0","8","0","","67","8","2022","3","39.98629","-75.15628","0911","6","0","0","0","0","0","1","0","0","","0","0","0","9","1","1","","1","0","39 59:10.645","","0","75 09:22.609","4","0","0","0","67301","1","0","0","N","1","0","0","3","67301","1","","1.0","","1","N","N","N","0","","0","0","0","3","2","","911","2","1","1","0","0","0","0","2","1","1","1","0","0","3","03","","N","","","","","","","","","",""
"2022073197","0339","1","0","0","0","0","0","0","0","0","4","0","","67","8","2022","6","40.041653","-75.122094","0331","6","0","0","0","0","0","0","0","0","","0","0","0","1","3","2","","1","0","40 02:29.950","","0","75 07:19.538","3","0","0","0","67301","0","0","0","N","0","0","0","3","67301","0","","1.0","","1","N","N","N","0","","2","0","1","3","2","","108","2","2","0","0","0","0","1","2","0","2","0","0","0","3","03","","N","","","","","","","","","",""
"2022081105","1349","1","0","0","0","0","0","0","0","0","1","0","","67","8","2022","5","39.958159","-75.164098","1335","6","0","0","0","0","0","2","2","0","","0","0","0","13","1","0","N","0","0","39 57:29.372","","0","75 09:50.751","0","0","0","0","67301","0","0","0","N","0","0","0","4","68K01","0","","1.0","","1","N","N","N","1","","0","0","2","0","0","","1330","4","0","0","0","0","0","0","2","0","4","0","0","0","3","03","","N","","","","","","","","","",""
"2022075766","0059","0","0","0","0","0","0","0","0","0","8","0","","67","8","2022","3","40.059851","-75.15013","0059","6","0","0","0","0","0","0","0","0","","0","0","0","21","3","1","","1","0","40 03:35.463","","0","75 09:00.467","3","0","0","0","67301","1","0","0","N","1","0","0","2","67301","0","","1.0","","1","N","N","N","0","","1","0","0","3","2","","2100","2","1","0","0","0","0","1","2","0","1","1","0","0","3","03","","N","","","","","","","","","",""
"2022072223","1108","1","0","0","0","0","0","0","0","0","8","0","","67","8","2022","3","39.953837","-75.175072","1108","6","0","0","0","0","0","0","0","0","","0","0","0","10","1","1","","1","0","39 57:13.812","","0","75 10:30.258","8","0","0","0","67301","1","0","0","N","1","0","0","2","67301","0","","1.0","","1","N","N","N","0","","0","0","0","3","2","","1000","2","1","0","0","0","1","1","2","0","1","1","0","0","3","03","","N","","","","","","","","","",""
"2022081860","2256","1","0","0","0","0","0","0","0","0","2","0","","67","8","2022","2","40.013728","-75.125089","2256","6","0","0","0","0","0","0","0","0","","0","0","0","22","3","1","N","0","0","40 00:49.420","","0","75 07:30.320","4","0","0","0","67301","0","0","0","N","0","0","0","3","67301","1","","1.0","","9","N","N","N","0","","0","0","1","0","0","","2230","2","1","0","0","0","0","0","2","0","2","0","0","0","7","","","N","","","","","","","","","",""
"2022081444","0322","2","0","0","0","0","0","0","0","0","6","0","","67","9","2022","7","39.945848","-75.174838","0315","6","0","0","0","0","0","0","0","0","","0","0","0","3","3","1","","2","0","39 56:45.052","","0","75 10:29.418","4","0","0","0","67301","0","0","0","N","0","0","0","2","67301","1","","1.0","","1","N","N","N","0","","0","0","0","3","2","","310","2","1","0","0","0","0","0","2","0","2","0","0","0","3","03","","N","","","","","","","","","",""
"2022080320","2330","0","0","0","0","0","0","0","0","0","1","0","","67","8","2022","1","39.958336","-75.152042","2322","6","0","0","0","0","0","0","0","0","","0","0","0","21","3","2","","1","0","39 57:30.009","","0","75 09:07.351","3","0","0","0","67301","0","0","0","N","0","0","0","3","67301","0","","1.0","","99","N","N","N","1","","2","0","1","3","2","","2115","2","2","0","0","0","0","0","2","0","2","0","0","0","3","03","","N","","","","","","","","","",""
"2022080768","1752","0","0","0","0","0","0","0","0","0","4","0","","67","9","2022","6","40.072642","-75.15795","1752","6","0","0","0","0","0","0","1","0","","0","0","0","17","1","1","N","0","0","40 04:21.510","","7","75 09:28.620","4","0","0","0","67301","0","0","0","N","0","0","0","2","67301","1","","1.0","","1","N","N","N","0","","0","0","2","0","0","","1731","2","1","0","0","0","0","0","2","0","2","0","0","0","3","","","N","","","","","","","","","",""
"2022075764","1503","0","0","0","0","0","0","0","0","0","4","1","","67","8","2022","2","40.061026","-75.190128","1457","6","0","0","0","0","0","0","1","0","","0","0","0","14","1","1","","2","0","40 03:39.695","","0","75 11:24.461","3","0","0","0","67301","0","0","0","N","0","0","0","2","67301","0","","1.0","","1","N","N","N","1","","1","0","1","3","2","","1454","2","1","0","0","0","0","0","2","0","2","0","0","0","3","03","","N","","","","","","","","","",""
"2022072280","0928","1","0","0","0","0","0","0","0","0","5","0","","67","8","2022","5","40.010997","-75.103869","0925","6","0","0","0","0","0","1","0","0","","0","0","0","9","1","2","N","0","0","40 00:39.590","","0","75 06:13.930","4","0","0","0","67301","0","0","0","N","0","0","0","2","67301","1","","1.0","","1","N","N","N","0","","0","0","1","0","0","","923","2","2","0","0","0","1","0","2","0","2","0","0","0","3","03","","N","","","","","","","","","",""
"2022072238","0019","1","0","0","0","0","0","0","0","0","5","0","","67","8","2022","7","40.057651","-75.162163","0019","6","0","0","0","0","0","0","0","0","","0","0","0","23","3","1","","1","0","40 03:27.545","","0","75 09:43.786","3","0","0","0","67301","0","0","0","N","0","0","0","2","67301","0","","1.0","","1","N","N","N","0","","1","0","1","3","2","","2355","2","1","0","0","0","0","1","2","0","2","0","0","0","3","","","N","","","","","","","","","",""
"2022089219","0110","1","0","0","0","0","0","0","0","0","7","0","","67","9","2022","1","39.880381","-75.247032","0108","6","0","0","0","0","0","0","0","0","","0","0","0","1","3","1","N","0","0","39 52:49.371","","0","75 14:49.314","8","0","0","0","67301","0","0","0","N","0","0","0","1","68K01","0","","4.0","","1","N","N","N","0","","0","0","0","0","0","","100","1","1","1","0","0","1","0","2","0","1","0","0","0","3","03","","N","","","","","","","","","",""
"2022085675","2135","1","0","0","0","0","0","0","0","0","4","0","","67","8","2022","3","39.954758","-75.236221","2131","6","0","0","0","0","0","0","0","0","","0","0","0","21","3","3","","1","0","39 57:17.128","","0","75 14:10.395","4","0","0","0","67301","0","0","0","N","0","0","0","3","67301","3","","1.0","","9","N","N","N","0","","0","0","3","3","2","","2130","4","3","0","0","0","0","0","2","0","4","0","0","0","7","04","","N","","","","","","","","","",""
"2022081453","0507","0","0","0","0","0","0","0","0","0","2","0","","67","9","2022","2","40.057355","-75.076836","0505","6","0","0","0","0","0","1","0","0","","0","0","0","4","3","1","","1","0","40 03:26.479","","0","75 04:36.608","3","0","0","0","67301","0","0","0","N","0","0","0","2","67301","0","","1.0","","1","N","N","N","0","","1","0","2","3","2","","438","2","1","0","0","0","0","0","2","0","2","0","0","0","3","","","N","","","","","","","","","",""
"2022076536","2140","1","0","0","0","0","0","0","0","0","4","0","","67","8","2022","7","40.040702","-75.030185","2129","6","0","0","0","0","0","0","0","0","","0","0","0","21","3","2","Y","0","0","40 02:26.526","","7","75 01:48.667","4","0","0","0","67301","0","0","0","N","0","0","0","3","67301","2","","1.0","","1","N","N","N","1","","0","0","0","0","0","","2107","2","2","0","0","0","0","0","2","0","2","0","0","0","3","","","N","","","","","","","","","",""
"2022076558","1845","2","0","0","0","0","0","0","0","0","4","0","","67","8","2022","6","39.983434","-75.158573","1842","6","0","0","0","0","1","0","0","0","","0","0","0","18","1","0","","1","0","39 59:00.364","","0","75 09:30.861","0","0","0","0","67301","0","0","0","N","0","0","0","2","67505","0","","1.0","","1","N","N","N","0","","0","0","0","3","2","","1840","2","0","0","0","0","0","0","2","0","2","0","0","0","3","03","","N","","","","","","","","","",""
"2022073730","1628","1","0","0","0","0","0","0","0","0","8","0","","67","8","2022","4","39.974224","-75.226355","1628","6","0","0","0","0","0","0","0","0","","0","0","0","15","1","1","","1","0","39 58:27.207","","0","75 13:34.879","3","0","0","0","67301","1","0","0","N","1","0","0","2","67301","0","","1.0","","1","N","N","N","0","","1","0","0","3","2","","1500","2","1","1","0","0","0","0","2","0","1","1","0","0","3","03","","N","","","","","","","","","",""
"2022072258","0740","1","0","0","0","0","0","0","0","0","4","0","","67","8","2022","7","39.952184","-75.240772","0738","6","0","0","0","0","0","0","0","0","","0","0","0","7","1","1","","1","0","39 57:07.862","","0","75 14:26.779","4","0","0","0","67301","0","0","0","N","0","0","0","2","67301","1","","1.0","","1","N","N","N","0","","0","0","1","3","2","","738","2","1","0","0","0","0","0","2","0","2","0","0","0","3","03","","N","","","","","","","","","",""
"2022075757","1738","1","0","0","0","0","0","0","0","0","4","0","","67","8","2022","2","39.910768","-75.222509","1736","6","0","0","0","0","0","1","0","0","","0","0","0","17","1","3","N","0","2","39 54:38.764","6","6","75 13:21.031","2","0","1","1","67301","0","0","0","N","0","0","0","3","67301","1","","1.0","2010.0","1","N","N","N","0","","1","1","0","3","3","N","1736","2","3","0","0","0","0","0","2","0","2","0","0","0","3","03","","N","","","","","","","","","",""
"2022081486","1902","1","0","0","0","0","0","0","0","0","1","0","","67","8","2022","1","39.958316","-75.166253","1854","6","0","0","0","0","0","1","1","0","","0","0","0","18","1","0","N","0","1","39 57:29.938","3","0","75 09:58.511","0","0","0","0","67301","0","0","0","N","0","0","0","7","68K01","0","","1.0","1910.0","1","N","N","N","0","","0","0","3","0","0","N","1847","4","0","0","0","0","0","0","2","0","4","0","0","0","3","","","N","","","","","","","","","",""
"2022088129","1959","0","1","0","0","0","0","0","0","0","1","0","","67","8","2022","7","39.927404","-75.146484","1959","6","0","0","0","0","0","0","0","0","","1","0","0","19","1","0","N","0","1","39 55:38.655","1","3","75 08:47.344","1","0","0","0","67301","0","0","0","N","0","0","0","1","68K01","0","1","2.0","2300.0","1","N","N","N","0","0","0","0","0","0","0","Y","1952","2","0","0","0","0","0","0","2","2","2","0","0","0","3","","","N","","","","","","","","","",""
"2022089067","2107","1","0","0","0","0","0","0","0","0","1","0","","67","8","2022","7","39.968372","-75.129588","2045","6","0","0","0","1","0","1","0","0","","0","0","0","20","3","3","N","0","0","39 58:06.140","","0","75 07:46.518","3","0","0","0","67301","0","0","0","N","0","0","0","6","68K01","0","","1.0","","1","N","N","N","1","","3","0","1","0","0","","2040","3","3","1","0","0","0","2","2","0","3","0","0","0","3","","","N","","","","","","","","","",""
"2022076168","1025","1","0","0","0","0","0","0","0","0","4","0","","67","8","2022","7","39.938651","-75.142337","0200","6","0","0","0","0","0","0","0","0","","0","0","0","2","3","1","","1","0","39 56:19.144","","2","75 08:32.414","3","0","0","0","67301","0","0","0","N","0","0","0","2","67301","0","","1.0","","99","N","N","N","0","","1","0","1","3","2","","200","2","1","0","0","0","0","1","2","0","2","0","0","0","99","03","","N","","","","","","","","","",""
"2022089073","0318","1","0","0","0","0","0","0","0","0","7","0","","67","8","2022","2","40.02779","-75.024613","0315","6","0","0","0","0","0","0","0","0","","0","0","0","2","3","0","N","0","0","40 01:40.043","","0","75 01:28.605","0","0","0","0","67301","0","0","0","N","0","0","0","1","68K01","0","","4.0","","9","N","N","N","0","","0","0","0","0","0","","234","1","0","0","0","0","0","0","2","0","1","0","0","0","7","","","N","","","","","","","","","",""
"2022076697","2055","1","0","0","0","0","0","0","0","0","5","0","","67","8","2022","4","39.98422","-75.099055","2055","6","0","0","0","0","0","0","1","0","","0","0","0","18","1","0","","1","0","39 59:03.192","","0","75 05:56.598","9","0","0","0","67301","0","0","0","N","0","0","0","2","67301","0","","1.0","","1","N","N","N","0","","0","0","1","3","2","","1830","2","0","0","0","0","0","1","2","0","2","0","0","0","3","","","N","","","","","","","","","",""
"2022075848","1252","2","0","0","0","0","0","0","0","0","1","0","","67","8","2022","4","40.054387","-75.177142","1250","6","0","0","0","0","0","1","0","0","","0","0","0","12","1","1","N","0","0","40 03:15.793","","0","75 10:37.711","8","0","0","0","67301","0","0","0","N","0","0","0","2","67301","0","","1.0","","1","N","N","Y","0","","0","0","1","0","0","","1206","4","1","0","0","0","1","0","2","0","4","0","0","0","3","03","","N","","","","","","","","","",""
"2022076617","1356","1","0","0","0","0","0","0","0","0","4","0","","67","8","2022","1","40.009056","-75.151283","1356","6","0","0","0","0","0","1","0","0","","0","0","0","13","1","1","N","0","1","40 00:32.602","1","0","75 09:04.619","3","0","0","1","67301","0","0","0","N","0","0","0","2","67301","0","","1.0","1356.0","1","N","N","N","0","","1","0","0","0","0","N","1350","2","1","0","0","0","0","0","2","0","2","0","0","0","3","","","N","","","","","","","","","",""
"2022077899","0140","0","0","0","0","0","0","0","0","0","8","0","","67","8","2022","5","39.95194","-75.159916","0139","6","0","0","0","0","0","0","0","0","","0","0","0","1","8","1","","1","0","39 57:06.984","","0","75 09:35.699","8","0","0","0","67301","1","0","0","N","1","0","0","2","67301","0","","1.0","","1","N","N","N","0","","0","0","1","3","2","","138","2","1","1","0","0","1","0","2","0","1","1","0","0","3","03","","N","","","","","","","","","",""
"2022089836","0859","1","0","0","0","0","0","0","0","0","4","1","","67","9","2022","5","40.009322","-75.139326","0859","6","0","0","0","0","0","0","0","0","","0","1","0","8","1","2","","1","0","40 00:33.559","","0","75 08:21.573","8","0","0","0","67301","0","0","0","N","0","0","0","3","67301","0","","1.0","","1","N","N","N","0","","0","0","0","3","3","","857","3","2","0","0","0","2","1","2","0","3","0","0","0","3","","","N","","","","","","","","","",""
"2022091322","1008","1","0","0","0","0","0","0","0","0","1","1","","67","10","2022","2","39.999181","-75.153455","0942","6","0","0","0","0","0","1","1","0","","0","1","0","8","1","1","N","0","1","39 59:57.052","2","0","75 09:12.437","3","0","0","0","67301","0","0","0","N","0","0","0","4","67301","0","","1.0","1100.0","9","N","N","N","0","","1","0","1","0","0","N","833","3","1","0","0","0","0","2","2","0","3","0","0","0","7","04","","N","","","","","","","","","",""
"2022076371","1912","0","0","0","0","0","0","0","0","0","4","0","","67","8","2022","7","40.007408","-75.078112","1908","6","0","0","0","0","0","0","1","0","","0","0","0","19","3","2","","2","0","40 00:26.667","","0","75 04:41.203","3","0","0","0","67301","0","0","0","N","0","0","0","4","67301","0","","1.0","","1","N","N","N","0","","2","0","1","3","2","","1905","2","2","0","0","0","0","0","2","1","2","0","0","0","3","03","","N","","","","","","","","","",""
"2022075116","1005","1","0","0","0","0","0","0","0","0","1","0","","67","8","2022","4","39.984697","-75.15663","1000","6","0","0","0","0","0","0","0","0","","0","0","0","10","1","0","","1","0","39 59:04.910","","0","75 09:23.867","0","0","0","0","67301","0","0","0","N","0","0","0","2","67505","0","","1.0","","1","N","N","N","0","","0","0","0","3","2","","1000","2","0","0","0","0","0","0","2","1","2","0","0","0","3","03","","N","","","","","","","","","",""
"2022075652","2112","0","0","0","0","0","0","0","0","0","5","0","","67","8","2022","5","39.984557","-75.15666","2111","6","0","0","0","0","0","0","1","0","","0","0","0","21","3","0","N","0","1","39 59:04.404","2","0","75 09:23.977","0","0","0","0","67301","0","0","0","N","0","0","0","2","67505","0","","1.0","2140.0","1","N","N","N","0","","0","0","2","0","0","N","2110","2","0","0","0","0","0","0","2","0","2","0","0","0","3","03","","N","","","","","","","","","",""
"2022090175","0955","0","0","0","1","0","0","0","0","0","8","0","","67","9","2022","5","39.956707","-75.142279","0952","6","0","0","0","0","0","0","0","0","","0","0","0","7","1","1","","2","0","39 57:24.144","","0","75 08:32.205","8","0","0","0","67301","1","0","0","N","0","0","0","1","67301","0","","1.0","","99","N","N","N","1","","0","0","0","9","2","","745","2","1","0","0","0","1","0","2","0","1","1","0","0","3","","","N","","","","","","","","","",""
"2022089311","0942","2","0","0","0","0","0","0","0","0","5","0","","67","9","2022","4","40.07003","-75.031156","0937","6","0","0","0","0","0","0","0","0","","0","0","0","9","1","1","N","0","2","40 04:12.107","3","0","75 01:52.160","3","0","0","0","67301","0","0","0","N","0","0","0","2","67301","0","","6.0","100.0","1","N","N","N","0","","1","0","1","0","0","N","920","4","1","0","0","0","0","0","2","1","4","0","0","0","3","03","","N","","","","","","","","","",""
"2022077083","2330","0","0","0","0","0","0","0","0","0","4","0","","67","8","2022","2","40.099181","-75.012354","2330","6","0","0","0","0","0","0","0","0","","0","0","0","21","3","0","","1","0","40 05:57.051","","0","75 00:44.474","0","0","0","0","67301","0","0","0","N","0","0","0","2","67301","0","","1.0","","9","N","N","N","1","","0","0","0","3","2","","2130","2","0","1","0","0","0","0","2","1","2","0","0","0","7","","","N","","","","","","","","","",""
"2022075969","1652","1","0","0","0","0","0","0","0","0","7","0","","67","8","2022","5","39.889706","-75.233626","1651","6","0","0","0","0","0","0","0","0","","0","0","0","16","1","1","","1","1","39 53:22.940","1","0","75 14:01.052","3","0","0","0","67301","0","0","0","N","0","0","0","1","67301","0","","3.0","100.0","1","N","N","N","0","","1","0","0","3","2","N","1642","1","1","1","0","0","0","0","2","0","1","0","0","0","3","03","","N","","","","","","","","","",""