"CRN","ARRIVAL_TM","AUTOMOBILE_COUNT","BELTED_DEATH_COUNT","BELTED_SUSP_SERIOUS_INJ_COUNT","BICYCLE_COUNT","BICYCLE_DEATH_COUNT","BICYCLE_SUSP_SERIOUS_INJ_COUNT","BUS_COUNT","CHLDPAS_DEATH_COUNT","CHLDPAS_SUSP_SERIOUS_INJ_COUNT","COLLISION_TYPE","COMM_VEH_COUNT","CONS_ZONE_SPD_LIM","COUNTY","CRASH_MONTH","CRASH_YEAR","DAY_OF_WEEK","DEC_LATITUDE","DEC_LONGITUDE","DISPATCH_TM","DISTRICT","DRIVER_COUNT_16YR","DRIVER_COUNT_17YR","DRIVER_COUNT_18YR","DRIVER_COUNT_19YR","DRIVER_COUNT_20YR","DRIVER_COUNT_50_64YR","DRIVER_COUNT_65_74YR","DRIVER_COUNT_75PLUS","EST_HRS_CLOSED","FATAL_COUNT","HEAVY_TRUCK_COUNT","HORSE_BUGGY_COUNT","HOUR_OF_DAY","ILLUMINATION","INJURY_COUNT","INTERSECTION_RELATED","INTERSECT_TYPE","LANE_CLOSED","LATITUDE","LN_CLOSE_DIR","LOCATION_TYPE","LONGITUDE","MAX_SEVERITY_LEVEL","MCYCLE_DEATH_COUNT","MCYCLE_SUSP_SERIOUS_INJ_COUNT","MOTORCYCLE_COUNT","MUNICIPALITY","NONMOTR_COUNT","NONMOTR_DEATH_COUNT","NONMOTR_SUSP_SERIOUS_INJ_COUNT","NTFY_HIWY_MAINT","PED_COUNT","PED_DEATH_COUNT","PED_SUSP_SERIOUS_INJ_COUNT","PERSON_COUNT","POLICE_AGCY","POSSIBLE_INJ_COUNT","RDWY_SURF_TYPE_CD","RELATION_TO_ROAD","ROADWAY_CLEARED","ROAD_CONDITION","SCH_BUS_IND","SCH_ZONE_IND","SECONDARY_CRASH","SMALL_TRUCK_COUNT","SPEC_JURIS_CD","SUSP_MINOR_INJ_COUNT","SUSP_SERIOUS_INJ_COUNT","SUV_COUNT","TCD_FUNC_CD","TCD_TYPE","TFC_DETOUR_IND","TIME_OF_DAY","TOTAL_UNITS","TOT_INJ_COUNT","UNBELTED_OCC_COUNT","UNB_DEATH_COUNT","UNB_SUSP_SERIOUS_INJ_COUNT","UNK_INJ_DEG_COUNT","UNK_INJ_PER_COUNT","URBAN_RURAL","VAN_COUNT","VEHICLE_COUNT","VULNERABLE_ROAD_USER_COUNT","VULNERABLE_ROAD_USER_DEATH_COUNT","VULNERABLE_ROAD_USER_SER_INJ_COUNT","WEATHER1","WEATHER2","WORKERS_PRES","WORK_ZONE_IND","WORK_ZONE_LOC","WORK_ZONE_TYPE","WZ_CLOSE_DETOUR","WZ_FLAGGER","WZ_LAW_OFFCR_IND","WZ_LN_CLOSURE","WZ_MOVING","WZ_OTHER","WZ_SHLDER_MDN","WZ_WORKERS_INJ_KILLED"
"2022079030","0824","2","0","0","0","0","0","0","0","0","1","0","45","67","8","2022","4","40.011251","-75.061591","0800","6","0","0","0","0","0","0","0","0","","0","0","0","7","1","2","N","0","0","40 00:40.504","","0","75 03:41.728","3","0","0","0","67301","0","0","0","N","0","0","0","5","68K01","0","","1.0","","1","N","N","N","0","","2","0","1","0","0","","752","4","2","0","0","0","0","1","2","0","4","0","0","0","3","","Y","Y","4","1","N","N","N","N","N","N","Y","N"
"2022092492","1219","1","0","0","0","0","0","0","0","0","7","0","","67","10","2022","4","40.043539","-75.003057","1219","6","0","0","0","0","0","0","0","0","","0","0","0","12","1","0","N","0","0","40 02:36.739","","0","75 00:11.006","0","0","0","0","67301","0","0","0","Y","0","0","0","1","68K01","0","","4.0","","9","N","N","N","0","","0","0","0","0","0","","1215","1","0","0","0","0","0","0","2","0","1","0","0","0","7","","","N","","","","","","","","","",""
"2022078752","0035","1","0","0","0","0","0","0","0","0","4","0","","67","8","2022","6","39.970451","-75.150975","0030","6","0","0","0","0","0","0","0","0","","0","0","0","0","3","2","","1","0","39 58:13.623","","1","75 09:03.509","8","0","0","0","67301","0","0","0","N","0","0","0","4","67301","0","","1.0","","1","N","N","N","0","","0","0","1","3","3","","15","2","2","0","0","0","2","2","2","0","2","0","0","0","3","03","","N","","","","","","","","","",""
"2022095491","0110","2","0","0","0","0","0","0","0","0","4","0","","67","8","2022","2","39.969513","-75.225371","0110","6","0","0","0","0","0","0","0","0","","0","0","0","0","3","0","","1","0","39 58:10.246","","0","75 13:31.336","0","0","0","0","67301","0","0","0","N","0","0","0","2","67301","0","","1.0","","1","N","N","N","0","","0","0","0","3","2","","14","2","0","1","0","0","0","0","2","0","2","0","0","0","3","03","","N","","","","","","","","","",""
"2022075802","0002","2","0","0","0","0","0","0","0","0","5","0","","67","8","2022","4","39.985078","-75.142408","0002","6","0","0","0","0","0","0","0","0","","0","0","0","0","3","0","N","0","0","39 59:06.280","","0","75 08:32.670","0","0","0","0","67301","0","0","0","N","0","0","0","1","67301","0","","6.0","","1","N","N","N","0","","0","0","2","0","0","","0","4","0","0","0","0","0","0","2","0","4","0","0","0","3","","","N","","","","","","","","","",""
"2022090021","0455","2","0","0","0","0","0","0","0","0","4","0","","67","9","2022","5","40.029777","-75.104616","0451","6","0","0","0","0","0","0","0","0","","0","0","0","4","3","1","","2","2","40 01:47.196","4","0","75 06:16.616","3","0","0","0","67301","0","0","0","N","0","0","0","2","67301","0","","1.0","520.0","1","N","N","N","0","","1","0","0","3","2","Y","448","2","1","0","0","0","0","1","2","0","2","0","0","0","3","03","","N","","","","","","","","","",""
"2022075689","1816","2","0","0","0","0","0","0","0","0","4","0","","67","8","2022","5","39.978988","-75.160225","1815","6","0","0","0","0","0","0","0","0","","0","0","0","18","1","3","","1","0","39 58:44.355","","0","75 09:36.809","3","0","0","0","67301","0","0","0","N","0","0","0","3","67505","0","","1.0","","1","N","N","N","0","","3","0","0","3","3","","1814","2","3","0","0","0","0","0","2","0","2","0","0","0","3","03","","N","","","","","","","","","",""
"2022087687","0059","1","0","0","0","0","0","0","0","0","7","0","","67","8","2022","4","39.994361","-75.083389","0056","6","0","0","0","0","0","0","0","0","","0","0","0","0","3","0","","3","0","39 59:39.700","","2","75 05:00.200","0","0","0","0","67301","0","0","0","Y","0","0","0","1","68K01","0","","4.0","","1","N","N","N","0","","0","0","0","0","0","","42","1","0","0","0","0","0","0","2","0","1","0","0","0","3","03","","N","","","","","","","","","",""
"2022078695","0122","1","0","0","0","0","0","0","0","0","7","0","35","67","8","2022","7","39.955433","-75.148034","0122","6","0","0","0","0","0","0","0","0","","0","0","0","1","3","0","N","0","2","39 57:19.558","4","2","75 08:52.921","0","0","0","0","67301","0","0","0","N","0","0","0","2","67501","0","","4.0","430.0","1","N","N","N","0","","0","0","0","0","0","N","122","1","0","0","0","0","0","0","2","0","1","0","0","0","3","03","U","Y","5","1","","","N","Y","Y","","","N"
"2022077081","0028","1","0","0","0","0","0","0","0","0","7","0","","67","8","2022","5","40.064085","-75.053871","0028","6","0","0","0","0","0","0","0","0","","0","0","0","0","3","0","N","0","0","40 03:50.707","","0","75 03:13.934","0","0","0","0","67301","0","0","0","N","0","0","0","1","67301","0","","4.0","","1","N","N","N","0","","0","0","0","0","0","","28","1","0","0","0","0","0","0","2","0","1","0","0","0","3","","","N","","","","","","","","","",""
"2022091240","1438","1","0","0","0","0","0","0","0","0","1","0","","67","9","2022","7","40.030312","-75.022055","1428","6","0","0","0","0","0","0","0","0","","0","0","0","14","1","0","N","0","0","40 01:49.124","","0","75 01:19.399","0","0","0","0","67301","0","0","0","N","0","0","0","2","68K01","0","","1.0","","1","N","N","N","1","","0","0","0","0","0","","1419","2","0","0","0","0","0","0","2","0","2","0","0","0","3","","","N","","","","","","","","","",""
"2022092511","1225","0","0","0","0","0","0","0","0","0","4","1","","67","9","2022","6","40.023927","-75.035446","1210","6","0","0","0","0","0","0","0","0","","0","1","0","11","1","0","","1","2","40 01:26.136","1","2","75 02:07.607","0","0","0","0","67301","0","0","0","N","0","0","0","2","67301","0","","1.0","1415.0","1","N","N","N","0","","0","0","0","3","2","Y","1130","2","0","0","0","0","0","0","2","1","2","0","0","0","3","03","","N","","","","","","","","","",""
"2022089657","1400","1","0","0","0","0","0","0","0","0","4","0","","67","9","2022","4","40.014573","-75.156653","1349","6","0","0","0","0","0","2","0","0","","1","0","0","13","1","4","","1","2","40 00:52.463","3","0","75 09:23.952","1","0","0","0","67301","0","0","0","N","0","0","0","6","67301","4","2","1.0","1426.0","1","N","N","N","0","0","0","0","2","3","2","Y","1348","3","4","0","0","0","0","0","2","0","3","0","0","0","3","","","N","","","","","","","","","",""
"2022089256","1157","0","0","0","0","0","0","0","0","0","5","1","","67","9","2022","2","39.949279","-75.199516","1137","6","0","0","0","1","0","1","0","0","","0","1","0","11","1","0","","2","1","39 56:57.404","1","0","75 11:58.259","0","0","0","0","67301","0","0","0","N","0","0","0","2","67301","0","","1.0","1342.0","1","N","N","N","0","","0","0","1","3","2","N","1137","2","0","0","0","0","0","0","2","0","2","0","0","0","3","03","","N","","","","","","","","","",""
"2022089255","1040","0","0","0","0","0","0","0","0","0","4","1","","67","9","2022","6","39.938019","-75.197696","1030","6","0","0","0","1","0","0","0","0","","0","1","0","10","1","0","","1","0","39 56:16.868","","0","75 11:51.705","9","0","0","0","67301","0","0","0","N","0","0","0","2","67301","0","","1.0","","1","N","N","N","0","","0","0","1","3","3","","1000","2","0","0","0","0","0","1","2","0","2","0","0","0","3","03","","N","","","","","","","","","",""
"2022089234","0004","1","0","0","0","0","0","0","0","0","7","0","","67","9","2022","2","40.05346","-74.986564","2347","6","0","0","0","0","0","0","0","0","","0","0","0","23","3","0","N","0","0","40 03:12.455","","0","74 59:11.629","0","0","0","0","67301","0","0","0","Y","0","0","0","1","68K01","0","","4.0","","1","N","N","N","0","","0","0","0","0","0","","2341","1","0","0","0","0","0","0","2","0","1","0","0","0","3","","","N","","","","","","","","","",""
"2022078423","1740","0","0","0","0","0","0","0","0","0","8","0","","67","8","2022","6","39.9983","-75.127699","1736","6","0","0","0","0","0","0","0","1","","0","0","0","17","1","1","N","0","0","39 59:53.879","","0","75 07:39.717","3","0","0","0","67301","1","0","0","N","1","0","0","2","67301","0","","1.0","","1","N","N","N","0","","1","0","1","0","0","","1730","2","1","0","0","0","0","0","2","0","1","1","0","0","3","","","N","","","","","","","","","",""
"2022080804","1225","1","0","0","0","0","0","0","0","0","4","0","","67","8","2022","2","39.981559","-75.117404","1217","6","0","0","0","0","0","0","0","0","","0","0","0","0","3","2","","1","1","39 58:53.612","3","0","75 07:02.654","2","0","0","0","67301","0","0","0","N","0","0","0","4","67301","0","","1.0","200.0","1","N","N","N","0","","1","1","2","3","2","N","15","3","2","0","0","0","0","0","2","0","3","0","0","0","3","03","","N","","","","","","","","","",""
"2022091579","1936","1","0","0","0","0","0","0","0","0","5","1","","67","9","2022","6","39.892953","-75.227762","1922","6","0","0","0","0","0","0","0","0","","0","1","0","19","3","0","N","0","0","39 53:34.630","","0","75 13:39.944","0","0","0","0","67301","0","0","0","N","0","0","0","3","68K01","0","","1.0","","1","N","N","N","0","","0","0","0","0","0","","1914","2","0","0","0","0","0","0","2","0","2","0","0","0","3","","","N","","","","","","","","","",""
"2022083580","2129","1","0","0","0","0","0","0","0","0","4","0","","67","9","2022","1","40.027844","-75.096008","2123","6","0","0","0","0","0","0","0","0","","0","0","0","20","3","2","N","0","2","40 01:40.240","7","0","75 05:45.630","2","0","1","1","67301","0","0","0","N","0","0","0","2","67301","0","","1.0","1.0","1","N","N","N","0","","1","1","0","0","0","Y","2043","2","2","1","0","0","0","0","2","0","2","0","0","0","3","03","","N","","","","","","","","","",""
"2022097381","1956","0","0","0","0","0","0","0","0","0","1","0","","67","10","2022","1","39.970633","-75.124431","1954","6","0","0","0","0","0","0","0","0","","0","0","0","19","3","2","N","0","1","39 58:14.277","1","2","75 07:27.951","3","0","0","0","67301","0","0","0","N","0","0","0","3","68K01","1","","2.0","2050.0","9","N","N","N","0","","1","0","1","0","0","N","1942","2","2","1","0","0","0","0","2","1","2","0","0","0","7","","","N","","","","","","","","","",""
"2022075751","0309","0","0","0","0","0","0","0","0","0","6","0","","67","8","2022","4","40.077186","-75.081936","0308","6","0","0","0","0","0","0","0","0","","0","0","0","3","3","0","N","0","0","40 04:37.870","","0","75 04:54.970","9","0","0","0","67301","0","0","0","N","0","0","0","2","67301","0","","6.0","","1","N","N","Y","1","","0","0","1","0","0","","308","2","0","0","0","0","0","2","2","0","2","0","0","0","3","03","","N","","","","","","","","","",""
"2022094268","0142","2","0","0","0","0","0","0","0","0","1","0","","67","10","2022","1","40.027493","-75.059817","0135","6","0","0","0","0","0","0","0","0","","0","0","0","1","3","1","N","0","2","40 01:38.974","3","0","75 03:35.342","3","0","0","0","67301","0","0","0","N","0","0","0","1","67301","0","","1.0","245.0","1","N","N","N","0","","1","0","0","0","0","Y","130","2","1","0","0","0","0","0","2","0","2","0","0","0","3","","","N","","","","","","","","","",""
"2022093778","2249","1","0","0","0","0","0","0","0","0","5","0","","67","10","2022","2","40.01219","-75.059485","2238","6","0","0","0","0","0","0","0","0","","0","0","0","22","3","0","N","0","0","40 00:43.885","","0","75 03:34.147","9","0","0","0","67301","0","0","0","N","0","0","0","2","68K01","0","","1.0","","1","N","N","N","0","","0","0","0","0","0","","2224","2","0","0","0","0","0","1","2","0","2","0","0","0","3","03","","N","","","","","","","","","",""
"2022083611","2051","0","0","0","0","0","0","0","0","0","4","0","","67","9","2022","7","40.05195","-75.179628","2051","6","0","0","0","0","0","0","1","0","","0","0","0","10","1","1","","1","0","40 03:07.021","","0","75 10:46.660","3","0","0","0","67301","0","0","0","N","0","0","0","2","67301","0","","1.0","","1","N","N","N","0","","1","0","1","9","3","","1058","2","1","0","0","0","0","1","2","0","2","0","0","0","3","03","","N","","","","","","","","","",""
"2022083622","2225","2","0","0","0","0","0","0","0","0","5","0","","67","9","2022","2","39.974629","-75.199199","2222","6","0","0","0","0","0","0","0","0","","0","0","0","22","3","0","","1","1","39 58:28.663","3","2","75 11:57.118","0","0","0","0","67301","0","0","0","N","0","0","0","2","67301","0","","1.0","2345.0","1","N","N","N","0","","0","0","0","3","2","N","2221","2","0","0","0","0","0","0","2","0","2","0","0","0","3","03","","N","","","","","","","","","",""
"2022076572","1345","1","0","0","0","0","0","0","0","0","4","0","","67","8","2022","1","40.064009","-75.239716","1342","6","0","0","0","0","0","0","0","1","","0","0","0","13","1","0","","1","0","40 03:50.433","","0","75 14:22.976","0","0","0","0","67301","0","0","0","N","0","0","0","3","67301","0","","1.0","","1","N","N","N","0","","0","0","1","3","2","","1342","2","0","0","0","0","0","0","2","0","2","0","0","0","3","03","","N","","","","","","","","","",""
"2022080561","0757","2","0","0","0","0","0","0","0","0","5","0","","67","9","2022","5","40.024772","-75.136931","0747","6","0","0","0","0","0","0","0","0","","0","0","0","14","1","0","N","0","0","40 01:29.180","","0","75 08:12.950","0","0","0","0","67301","0","0","0","N","0","0","0","1","67301","0","","6.0","","1","N","N","N","0","","0","0","0","0","0","","1400","2","0","0","0","0","0","0","2","0","2","0","0","0","3","","","N","","","","","","","","","",""
"2022093390","0228","1","0","0","0","0","0","0","0","0","7","0","","67","10","2022","7","39.958043","-75.163178","0228","6","0","0","0","0","0","0","0","0","","0","0","0","2","3","0","N","0","0","39 57:28.954","","0","75 09:47.441","0","0","0","0","67301","0","0","0","N","0","0","0","1","68K01","0","","2.0","","1","N","N","N","0","","0","0","0","0","0","","223","1","0","1","0","0","0","0","2","0","1","0","0","0","3","","","N","","","","","","","","","",""
"2022094032","0625","1","0","0","0","0","0","0","0","0","1","0","","67","8","2022","4","39.975508","-75.194525","0625","6","0","0","0","0","0","1","0","0","","0","0","0","6","1","1","N","0","1","39 58:31.828","4","0","75 11:40.290","3","0","0","0","67301","0","0","0","N","0","0","0","3","68K01","0","","1.0","712.0","1","N","N","N","0","","1","0","1","0","0","Y","613","2","1","0","0","0","0","0","2","0","2","0","0","0","3","","","N","","","","","","","","","",""
"2022078725","0023","0","0","0","0","0","0","0","0","0","5","0","","67","8","2022","2","40.059153","-75.151","0020","6","0","0","0","0","0","0","0","0","","0","0","0","0","3","0","N","0","0","40 03:32.950","","0","75 09:03.600","0","0","0","0","67301","0","0","0","N","0","0","0","1","67301","0","","6.0","","1","N","N","N","0","","0","0","3","0","0","","20","3","0","0","0","0","0","0","2","0","3","0","0","0","3","","","N","","","","","","","","","",""
"2022079813","1350","0","0","0","0","0","0","0","0","0","1","0","","67","8","2022","3","40.041679","-75.088322","1345","6","0","0","0","0","0","1","0","0","","0","0","0","13","1","1","","3","0","40 02:30.045","","0","75 05:17.959","3","0","0","0","67301","0","0","0","N","0","0","0","7","67301","0","","1.0","","1","N","N","N","0","","1","0","3","3","2","","1344","3","1","0","0","0","0","1","2","0","3","0","0","0","3","","","N","","","","","","","","","",""
"2022076522","0418","1","0","0","0","0","0","0","0","0","4","0","","67","8","2022","1","39.942803","-75.239191","0418","6","0","0","0","0","0","0","0","0","","0","0","0","4","3","2","","3","0","39 56:34.091","","0","75 14:21.087","3","0","0","0","67301","0","0","0","N","0","0","0","2","67301","1","","1.0","","1","N","N","N","0","","1","0","1","0","0","","417","2","2","1","0","0","0","0","2","0","2","0","0","0","3","","","N","","","","","","","","","",""
"2022079639","1250","2","0","0","0","0","0","0","0","0","4","0","","67","8","2022","3","40.073681","-74.980229","1243","6","0","0","0","0","0","0","0","0","","0","0","0","12","1","1","","2","1","40 04:25.251","1","0","74 58:48.825","3","0","0","0","67301","0","0","0","N","0","0","0","3","67301","0","","1.0","20.0","1","N","N","N","0","","1","0","0","3","3","N","1231","2","1","0","0","0","0","0","2","0","2","0","0","0","3","03","","N","","","","","","","","","",""
"2022081224","1621","0","0","0","0","0","0","0","0","0","4","0","","67","9","2022","7","40.061974","-75.159888","1621","6","0","0","0","0","0","0","0","0","","0","0","0","16","1","3","","1","0","40 03:43.106","","6","75 09:35.596","3","0","0","0","67301","0","0","0","N","0","0","0","3","67301","0","","1.0","","1","N","N","N","0","","3","0","2","3","3","","1611","2","3","0","0","0","0","0","2","0","2","0","0","0","3","03","","N","","","","","","","","","",""
"2022094469","0200","0","0","0","0","0","0","0","0","0","7","0","","67","10","2022","2","40.030429","-75.022001","0127","6","0","0","0","0","0","0","0","0","","0","0","0","1","3","0","N","0","0","40 01:49.545","","0","75 01:19.203","0","0","0","0","67301","0","0","0","N","0","0","0","1","68K01","0","","5.0","","9","N","N","N","0","","0","0","1","0","0","","127","1","0","0","0","0","0","0","2","0","1","0","0","0","7","","","N","","","","","","","","","",""
"2022086782","1725","0","0","0","0","0","0","0","0","0","4","0","","67","8","2022","1","39.956797","-75.155574","1725","6","0","0","0","0","0","0","0","0","","0","0","0","23","3","1","","1","0","39 57:24.468","","0","75 09:20.068","3","0","0","0","67301","0","0","0","N","0","0","0","2","67301","0","","1.0","","1","N","N","N","1","","1","0","2","3","2","","2315","3","1","2","0","0","0","0","2","0","3","0","0","0","3","03","","N","","","","","","","","","",""
"2022081091","1217","1","0","0","0","0","0","0","0","0","8","0","","67","9","2022","7","39.917673","-75.167395","1217","6","0","0","0","0","0","0","0","0","","0","0","0","14","1","1","","1","0","39 55:03.622","","0","75 10:02.621","3","0","0","0","67301","1","0","0","N","1","0","0","2","67301","0","","1.0","","1","N","N","N","0","","1","0","0","3","3","","1442","2","1","0","0","0","0","0","2","0","1","1","0","0","3","03","","N","","","","","","","","","",""
"2022081725","1600","2","0","0","0","0","0","0","0","0","4","0","","67","9","2022","1","39.972436","-75.138918","1600","6","0","0","0","0","1","0","0","0","","0","0","0","15","1","0","","1","0","39 58:20.769","","0","75 08:20.104","0","0","0","0","67301","0","0","0","N","0","0","0","2","67301","0","","1.0","","1","N","N","N","0","","0","0","0","3","2","","1511","2","0","0","0","0","0","0","2","0","2","0","0","0","3","","","N","","","","","","","","","",""
"2022093134","1930","0","0","0","0","0","0","0","0","0","1","0","","67","10","2022","2","40.037294","-75.047973","1922","6","0","0","0","0","0","1","0","0","","0","0","0","17","1","1","","1","0","40 02:14.258","","0","75 02:52.702","3","0","0","0","67301","0","0","0","N","0","0","0","2","67301","0","","1.0","","9","N","N","N","0","","1","0","2","0","0","","1735","2","1","0","0","0","0","1","2","0","2","0","0","0","7","","","N","","","","","","","","","",""
"2022060785","2240","1","0","0","0","0","0","0","0","0","4","0","","67","6","2022","6","39.964331","-75.213223","2230","6","0","0","0","0","1","0","0","0","","0","0","0","22","3","0","","1","0","39 57:51.591","","0","75 12:47.602","0","0","0","0","67301","0","0","0","N","0","0","0","4","67301","0","","1.0","","1","N","N","N","0","","0","0","1","3","2","","2225","2","0","0","0","0","0","0","2","0","2","0","0","0","3","03","","N","","","","","","","","","",""
"2022091863","0225","0","0","0","0","0","0","0","0","0","8","0","","67","10","2022","7","40.021202","-75.054323","0220","6","0","0","0","0","0","0","0","0","","1","0","0","2","3","0","N","0","0","40 01:16.326","","0","75 03:15.564","1","0","0","0","67301","1","1","0","N","1","1","0","2","67301","0","2","1.0","","9","N","N","N","0","0","0","0","1","0","0","","200","2","0","0","0","0","0","1","2","0","1","1","1","0","7","07","","N","","","","","","","","","",""
"2022097385","0211","1","0","0","0","0","0","0","0","0","7","0","","67","10","2022","6","39.975864","-75.195135","0211","6","0","0","0","0","0","0","0","0","","0","0","0","2","3","0","N","0","1","39 58:33.110","3","0","75 11:42.487","0","0","0","0","67301","0","0","0","N","0","0","0","1","68K01","0","","5.0","245.0","1","N","N","N","0","","0","0","0","0","0","N","206","1","0","0","0","0","0","0","2","0","1","0","0","0","3","03","","N","","","","","","","","","",""
"2022093657","1717","1","0","0","0","0","0","0","0","0","4","1","","67","10","2022","1","39.966868","-75.209634","1630","6","0","0","0","0","0","0","0","0","","0","1","0","16","1","1","","1","0","39 58:00.724","","0","75 12:34.682","8","0","0","0","67301","0","0","0","N","0","0","0","2","67301","0","","1.0","","1","N","N","N","0","","0","0","0","3","3","","1617","2","1","0","0","0","1","1","2","0","2","0","0","0","3","03","","N","","","","","","","","","",""
"2022093663","2139","1","0","0","0","0","0","0","0","0","8","0","","67","10","2022","1","40.007942","-75.172302","2136","6","0","0","0","0","0","0","0","0","","0","0","0","21","3","1","","1","0","40 00:28.592","","0","75 10:20.286","3","0","0","0","67301","1","0","0","N","1","0","0","2","67301","0","","1.0","","1","N","N","N","0","","1","0","0","3","2","","2130","2","1","0","0","0","0","1","2","0","1","1","0","0","3","","","N","","","","","","","","","",""
"2022071237","","2","0","0","0","0","0","0","0","0","4","0","","67","7","2022","6","","","","6","0","0","0","0","0","0","0","0","","0","0","0","17","1","2","N","0","0","","","7","","8","0","0","0","67301","0","0","0","N","0","0","0","3","00000","0","","1.0","","1","","","N","0","","0","0","0","0","0","","1755","2","2","1","0","0","2","0","1","0","2","0","0","0","3","","","N","","","","","","","","","",""
"2022097189","0330","1","0","0","0","0","0","0","0","0","4","0","","67","8","2022","7","39.988513","-75.106348","0325","6","0","0","0","0","0","1","0","0","","0","0","0","3","3","2","","1","0","39 59:18.647","","0","75 06:22.851","4","0","0","0","67301","0","0","0","N","0","0","0","4","67301","2","","1.0","","1","N","N","N","1","","0","0","1","3","2","","308","3","2","0","0","0","0","1","2","0","3","0","0","0","3","","","N","","","","","","","","","",""
"2022080816","2015","2","0","0","0","0","0","0","0","0","6","0","","67","9","2022","6","39.919175","-75.211131","2012","6","0","0","0","0","0","0","0","0","","0","0","0","19","3","1","N","0","0","39 55:09.030","","0","75 12:40.070","3","0","0","0","67301","0","0","0","N","0","0","0","3","67301","0","","1.0","","1","N","N","N","0","","1","0","0","0","0","","1937","2","1","0","0","0","0","0","2","0","2","0","0","0","3","03","","N","","","","","","","","","",""
"2022080558","1912","0","0","0","0","0","0","0","0","0","8","0","","67","8","2022","4","40.053372","-75.075104","1909","6","0","0","0","0","0","0","0","0","","0","0","0","19","1","1","","1","2","40 03:12.139","5","0","75 04:30.374","2","0","0","0","67301","1","0","1","N","1","0","1","2","67301","0","","1.0","100.0","1","N","N","N","1","","0","1","0","3","2","N","1908","2","1","0","0","0","0","0","2","0","1","1","0","1","3","03","","N","","","","","","","","","",""
"2022094155","2015","2","0","1","0","0","0","0","0","0","4","0","","67","10","2022","3","39.972102","-75.246877","2014","6","0","0","0","0","0","0","0","0","","0","0","0","20","3","3","","2","0","39 58:19.566","","0","75 14:48.756","2","0","0","0","67301","0","0","0","N","0","0","0","3","67301","0","","1.0","","9","N","N","N","1","","2","1","0","3","3","","2013","3","3","2","0","0","0","0","2","0","3","0","0","0","7","04","","N","","","","","","","","","",""
"2022080191","1717","1","0","0","0","0","0","0","0","0","2","0","","67","8","2022","4","40.039456","-75.174136","1716","6","0","0","1","0","0","0","0","0","","0","0","0","17","1","1","N","0","0","40 02:22.040","","0","75 10:26.890","3","0","0","0","67301","0","0","0","N","0","0","0","1","67301","0","","6.0","","1","N","N","N","1","","1","0","1","0","0","","1715","3","1","1","0","0","0","0","2","0","3","0","0","0","3","","","N","","","","","","","","","",""
"2022096674","0431","0","0","0","0","0","0","0","0","0","7","0","","67","10","2022","7","39.987341","-75.090334","0424","6","0","0","0","0","0","0","0","0","","0","0","0","4","3","5","N","0","2","39 59:14.427","2","0","75 05:25.203","3","0","0","0","67301","0","0","0","N","0","0","0","5","68K01","0","","4.0","500.0","1","N","N","N","0","","5","0","1","0","0","Y","420","1","5","0","0","0","0","0","2","0","1","0","0","0","3","","","N","","","","","","","","","",""
"2022093650","1122","0","0","0","0","0","0","0","0","0","8","0","","67","8","2022","6","39.951356","-75.155153","1121","6","0","0","0","0","0","0","0","0","","0","0","0","11","1","1","","1","1","39 57:04.881","4","0","75 09:18.550","8","0","0","0","67301","1","0","0","N","1","0","0","2","67301","0","","1.0","1150.0","1","N","N","N","1","","0","0","0","3","2","N","1120","2","1","0","0","0","1","0","2","0","1","1","0","0","3","03","","N","","","","","","","","","",""
"2022095214","1646","0","0","0","0","0","0","0","0","0","1","0","","67","10","2022","5","40.024104","-75.031879","1617","6","0","0","0","0","0","1","0","0","","0","1","0","16","1","1","N","0","0","40 01:26.774","","0","75 01:54.766","4","0","0","0","67301","0","0","0","N","0","0","0","4","68K01","1","","1.0","","9","N","N","N","0","","0","0","2","0","0","","1609","3","1","0","0","0","0","0","2","0","3","0","0","0","7","","","N","","","","","","","","","",""
"2022094857","2331","2","0","0","0","0","0","0","0","0","7","0","","67","10","2022","7","39.932181","-75.200087","2321","6","0","0","0","0","0","0","0","0","","0","0","0","23","3","0","N","0","0","39 55:55.853","","0","75 12:00.312","0","0","0","0","67301","0","0","0","N","0","0","0","2","68K01","0","","4.0","","1","N","N","N","0","","0","0","0","0","0","","2304","2","0","0","0","0","0","0","2","0","2","0","0","0","3","03","","N","","","","","","","","","",""
"2022081679","1845","1","0","0","0","0","0","0","0","0","4","0","","67","9","2022","2","40.062647","-75.043","1835","6","0","0","0","0","0","1","0","0","","0","0","0","18","1","1","","1","0","40 03:45.528","","0","75 02:34.801","3","0","0","0","67301","0","0","0","N","0","0","0","3","67301","0","","1.0","","1","N","N","Y","0","","1","0","1","3","2","","1830","3","1","0","0","0","0","0","2","0","3","0","0","0","3","","","N","","","","","","","","","",""
"2022082142","0915","1","0","0","0","0","0","0","0","0","4","0","","67","9","2022","7","39.993879","-75.129448","0910","6","0","0","0","0","0","0","0","0","","0","0","0","9","1","0","","3","0","39 59:37.964","","0","75 07:46.012","0","0","0","0","67301","0","0","0","N","0","0","0","2","67301","0","","1.0","","1","N","N","N","0","","0","0","1","3","3","","905","2","0","2","0","0","0","0","2","0","2","0","0","0","3","98","","N","","","","","","","","","",""