"CRN","ARRIVAL_TM","AUTOMOBILE_COUNT","BELTED_DEATH_COUNT","BELTED_SUSP_SERIOUS_INJ_COUNT","BICYCLE_COUNT","BICYCLE_DEATH_COUNT","BICYCLE_SUSP_SERIOUS_INJ_COUNT","BUS_COUNT","CHLDPAS_DEATH_COUNT","CHLDPAS_SUSP_SERIOUS_INJ_COUNT","COLLISION_TYPE","COMM_VEH_COUNT","CONS_ZONE_SPD_LIM","COUNTY","CRASH_MONTH","CRASH_YEAR","DAY_OF_WEEK","DEC_LATITUDE","DEC_LONGITUDE","DISPATCH_TM","DISTRICT","DRIVER_COUNT_16YR","DRIVER_COUNT_17YR","DRIVER_COUNT_18YR","DRIVER_COUNT_19YR","DRIVER_COUNT_20YR","DRIVER_COUNT_50_64YR","DRIVER_COUNT_65_74YR","DRIVER_COUNT_75PLUS","EST_HRS_CLOSED","FATAL_COUNT","HEAVY_TRUCK_COUNT","HORSE_BUGGY_COUNT","HOUR_OF_DAY","ILLUMINATION","INJURY_COUNT","INTERSECTION_RELATED","INTERSECT_TYPE","LANE_CLOSED","LATITUDE","LN_CLOSE_DIR","LOCATION_TYPE","LONGITUDE","MAX_SEVERITY_LEVEL","MCYCLE_DEATH_COUNT","MCYCLE_SUSP_SERIOUS_INJ_COUNT","MOTORCYCLE_COUNT","MUNICIPALITY","NONMOTR_COUNT","NONMOTR_DEATH_COUNT","NONMOTR_SUSP_SERIOUS_INJ_COUNT","NTFY_HIWY_MAINT","PED_COUNT","PED_DEATH_COUNT","PED_SUSP_SERIOUS_INJ_COUNT","PERSON_COUNT","POLICE_AGCY","POSSIBLE_INJ_COUNT","RDWY_SURF_TYPE_CD","RELATION_TO_ROAD","ROADWAY_CLEARED","ROAD_CONDITION","SCH_BUS_IND","SCH_ZONE_IND","SECONDARY_CRASH","SMALL_TRUCK_COUNT","SPEC_JURIS_CD","SUSP_MINOR_INJ_COUNT","SUSP_SERIOUS_INJ_COUNT","SUV_COUNT","TCD_FUNC_CD","TCD_TYPE","TFC_DETOUR_IND","TIME_OF_DAY","TOTAL_UNITS","TOT_INJ_COUNT","UNBELTED_OCC_COUNT","UNB_DEATH_COUNT","UNB_SUSP_SERIOUS_INJ_COUNT","UNK_INJ_DEG_COUNT","UNK_INJ_PER_COUNT","URBAN_RURAL","VAN_COUNT","VEHICLE_COUNT","VULNERABLE_ROAD_USER_COUNT","VULNERABLE_ROAD_USER_DEATH_COUNT","VULNERABLE_ROAD_USER_SER_INJ_COUNT","WEATHER1","WEATHER2","WORKERS_PRES","WORK_ZONE_IND","WORK_ZONE_LOC","WORK_ZONE_TYPE","WZ_CLOSE_DETOUR","WZ_FLAGGER","WZ_LAW_OFFCR_IND","WZ_LN_CLOSURE","WZ_MOVING","WZ_OTHER","WZ_SHLDER_MDN","WZ_WORKERS_INJ_KILLED"
"2022097374","1258","0","0","0","0","0","0","0","0","0","1","1","","67","9","2022","5","39.972934","-75.19384","1245","6","0","0","0","0","0","1","0","0","","0","1","0","12","1","1","N","0","0","39 58:22.561","","0","75 11:37.824","3","0","0","0","67301","0","0","0","N","0","0","0","2","68K01","0","","1.0","","1","N","N","N","0","","1","0","1","0","0","","1239","2","1","0","0","0","0","0","2","0","2","0","0","0","3","03","","N","","","","","","","","","",""
"2022094880","0101","3","0","0","0","0","0","0","0","0","1","0","","67","10","2022","5","40.028046","-75.110038","0056","6","0","0","0","0","0","0","0","0","","0","0","0","0","3","0","","2","2","40 01:40.967","4","0","75 06:36.138","0","0","0","0","67301","0","0","0","N","0","0","0","4","67301","0","","1.0","145.0","1","N","N","N","0","","0","0","0","3","2","N","55","3","0","2","0","0","0","0","2","0","3","0","0","0","4","04","","N","","","","","","","","","",""
"2022093563","0139","0","0","0","0","0","0","0","0","0","1","0","","67","8","2022","5","39.953941","-75.201088","0134","6","0","0","0","0","0","0","0","0","","0","0","0","1","3","0","N","0","0","39 57:14.189","","0","75 12:03.918","0","0","0","0","67301","0","0","0","N","0","0","0","1","67504","0","","6.0","","1","N","N","N","0","","0","0","1","0","0","","130","2","0","0","0","0","0","0","2","1","2","0","0","0","3","03","","N","","","","","","","","","",""
"2022089164","1945","0","0","0","0","0","0","0","0","0","8","0","","67","9","2022","3","40.043155","-75.16721","1944","6","0","0","0","0","0","0","0","0","","1","0","0","19","3","0","","1","0","40 02:35.358","","0","75 10:01.956","1","0","0","0","67301","1","1","0","N","1","1","0","2","67301","0","2","1.0","","1","N","N","N","0","0","0","0","1","3","2","","1940","2","0","0","0","0","0","1","2","0","1","1","1","0","3","03","","N","","","","","","","","","",""
"2022081285","2006","0","0","0","0","0","0","0","0","0","8","0","","67","8","2022","4","39.996967","-75.117401","2006","6","0","0","0","0","0","0","0","0","","0","0","0","20","3","1","","1","0","39 59:49.080","","0","75 07:02.645","3","0","0","0","67301","1","0","0","N","1","0","0","2","67301","0","","1.0","","1","N","N","N","0","","1","0","0","3","2","","2000","2","1","0","0","0","0","0","2","0","1","1","0","0","3","03","","N","","","","","","","","","",""
"2022093801","1625","0","0","0","0","0","0","0","0","0","8","0","","67","10","2022","2","40.070853","-74.985731","1621","6","0","0","0","0","0","0","0","1","","0","0","0","16","1","1","N","0","0","40 04:15.070","","0","74 59:08.630","8","0","0","0","67301","1","0","0","N","1","0","0","2","67301","0","","1.0","","1","N","N","N","0","","0","0","0","0","0","","1605","2","1","0","0","0","1","0","2","1","1","1","0","0","3","03","","N","","","","","","","","","",""
"2022093130","0704","1","0","0","0","0","0","0","0","0","4","0","","67","10","2022","7","39.959696","-75.155849","0700","6","0","0","0","0","0","0","0","0","","0","0","0","3","3","0","","2","9","39 57:34.905","","0","75 09:21.056","9","0","0","0","67301","0","0","0","N","0","0","0","1","67301","0","","1.0","","99","N","N","N","0","","0","0","0","9","3","","329","2","0","0","0","0","0","1","2","0","1","0","0","0","99","","","N","","","","","","","","","",""
"2022094621","1750","1","0","0","0","0","0","0","0","0","2","0","","67","10","2022","6","39.918286","-75.209044","1750","6","0","0","0","0","0","0","0","1","","0","0","0","22","3","2","","1","9","39 55:05.829","","0","75 12:32.558","3","0","0","0","67301","0","0","0","N","0","0","0","2","67301","0","","1.0","","99","N","N","N","0","","1","0","1","9","2","","2200","2","2","0","0","0","1","0","2","0","2","0","0","0","3","03","","N","","","","","","","","","",""
"2022081117","1744","1","0","0","0","0","0","0","0","0","5","0","","67","8","2022","4","39.944975","-75.142448","1733","6","0","0","0","0","0","1","1","0","","0","0","0","17","1","1","N","0","1","39 56:41.911","1","0","75 08:32.811","3","0","0","0","67301","0","0","0","N","0","0","0","3","68K01","0","","1.0","1813.0","1","N","N","N","0","","1","0","1","0","0","N","1731","2","1","0","0","0","0","0","2","0","2","0","0","0","3","03","","N","","","","","","","","","",""
"2022093066","0741","0","0","0","0","0","0","0","0","0","7","0","","67","10","2022","7","40.052885","-75.008333","0737","6","0","0","0","1","0","0","0","0","","0","0","0","7","1","0","N","0","0","40 03:10.385","","0","75 00:29.997","0","0","0","0","67301","0","0","0","N","0","0","0","1","67301","0","","5.0","","1","N","N","N","0","","0","0","1","0","0","","715","1","0","0","0","0","0","0","2","0","1","0","0","0","3","03","","N","","","","","","","","","",""
"2022073812","1250","2","0","0","0","0","0","0","0","0","2","0","","67","8","2022","1","39.960579","-75.229268","1250","6","0","0","0","0","0","0","0","1","","0","0","0","12","1","0","N","0","0","39 57:38.084","","0","75 13:45.365","0","0","0","0","67301","0","0","0","N","0","0","0","2","67301","0","","1.0","","1","N","N","N","0","","0","0","0","0","0","","1250","2","0","0","0","0","0","0","2","0","2","0","0","0","3","04","","N","","","","","","","","","",""
"2022073238","1752","1","0","0","0","0","0","0","0","0","7","0","","67","8","2022","6","39.876904","-75.254176","1752","6","0","0","0","0","0","0","0","0","","0","0","0","17","1","0","N","0","0","39 52:36.854","","0","75 15:15.033","0","0","0","0","67301","0","0","0","N","0","0","0","1","68K01","0","","1.0","","1","N","N","Y","0","","0","0","0","0","0","","1735","1","0","0","0","0","0","0","2","0","1","0","0","0","3","03","","N","","","","","","","","","",""
"2022081287","2233","1","0","0","0","0","0","0","0","0","5","0","","67","9","2022","1","40.025814","-75.175814","2233","6","0","0","0","0","0","1","0","0","","0","0","0","22","3","0","N","0","0","40 01:32.930","","0","75 10:32.930","0","0","0","0","67301","0","0","0","N","0","0","0","1","67301","0","","6.0","","1","N","N","N","1","","0","0","0","0","0","","2230","2","0","0","0","0","0","0","2","0","2","0","0","0","3","","","N","","","","","","","","","",""
"2022095045","1010","0","0","0","0","0","0","0","0","0","4","1","","67","10","2022","6","39.985774","-75.156255","1005","6","0","0","0","0","0","1","0","0","","0","1","0","10","1","1","N","0","1","39 59:08.788","1","7","75 09:22.518","8","0","0","0","67301","0","0","0","N","0","0","0","3","67505","0","","1.0","1030.0","1","N","N","N","0","","0","0","1","0","0","N","1000","2","1","0","0","0","1","0","2","0","2","0","0","0","3","03","","N","","","","","","","","","",""
"2022083558","1920","1","0","0","0","0","0","0","0","0","4","0","","67","9","2022","2","39.970507","-75.234205","1916","6","0","0","0","0","0","1","0","0","","0","0","0","19","1","3","","1","2","39 58:13.825","7","0","75 14:03.137","8","0","0","0","67301","0","0","0","N","0","0","0","3","67301","0","","1.0","2044.0","1","N","N","N","0","","0","0","1","3","2","Y","1915","2","3","2","0","0","3","0","2","0","2","0","0","0","3","","","N","","","","","","","","","",""
"2022092141","1249","1","0","0","0","0","0","0","0","0","8","0","","67","9","2022","6","39.998509","-75.129281","1249","6","0","0","0","0","0","0","0","0","","0","0","0","20","3","1","","1","0","39 59:54.633","","0","75 07:45.412","2","0","0","0","67301","1","0","1","N","1","0","1","2","67301","0","","1.0","","1","N","N","Y","0","","0","1","0","3","2","","2030","2","1","0","0","0","0","1","2","0","1","1","0","1","3","","","N","","","","","","","","","",""
"2022093361","0115","3","0","1","0","0","0","0","0","0","1","0","","67","8","2022","1","40.005849","-75.075059","0102","6","0","0","0","0","0","2","0","0","","0","0","0","0","2","1","N","0","2","40 00:21.057","2","0","75 04:30.212","2","0","0","0","67301","0","0","0","N","0","0","0","4","68K01","0","","1.0","400.0","1","N","N","N","0","","0","1","1","0","0","Y","53","4","1","0","0","0","0","0","2","0","4","0","0","0","3","03","","N","","","","","","","","","",""
"2022060022","0805","0","0","0","0","0","0","0","0","0","4","0","","67","6","2022","6","40.05725","-75.014194","0757","6","0","0","0","0","0","0","0","0","","0","0","0","7","1","0","N","0","0","40 03:26.101","","7","75 00:51.097","9","0","0","0","67301","0","0","0","N","0","0","0","2","67301","0","","1.0","","1","N","N","N","0","","0","0","1","0","0","","750","2","0","0","0","0","0","1","2","1","2","0","0","0","4","04","","N","","","","","","","","","",""
"2022083621","1711","2","0","0","0","0","0","0","0","0","4","0","","67","9","2022","6","39.968556","-75.202133","1710","6","0","0","0","0","0","0","0","0","","0","0","0","17","1","0","","1","0","39 58:06.801","","0","75 12:07.678","9","0","0","0","67301","0","0","0","N","0","0","0","3","67301","0","","1.0","","1","N","N","N","0","","0","0","0","3","3","","1705","2","0","0","0","0","0","1","2","0","2","0","0","0","3","03","","N","","","","","","","","","",""
"2022075758","1926","0","0","0","0","0","0","0","0","0","8","0","","67","8","2022","2","39.929581","-75.221225","1925","6","0","0","0","0","0","1","0","0","","0","0","0","19","1","1","N","0","0","39 55:46.490","","0","75 13:16.410","8","0","0","0","67301","1","0","0","N","1","0","0","2","67301","0","","1.0","","1","N","N","N","0","","0","0","1","0","0","","1924","2","1","0","0","0","1","0","2","0","1","1","0","0","3","03","","N","","","","","","","","","",""
"2022073701","1508","1","0","0","0","0","0","0","0","0","4","0","","67","8","2022","5","40.080757","-75.028601","1450","6","0","0","0","0","1","1","0","0","","0","0","0","14","1","1","","1","2","40 04:50.725","1","0","75 01:42.964","2","0","0","0","67301","0","0","0","N","0","0","0","3","67301","0","","1.0","1515.0","1","N","N","N","0","","0","1","1","3","2","N","1405","2","1","0","0","0","0","0","2","0","2","0","0","0","3","03","","N","","","","","","","","","",""
"2022072256","0540","2","0","0","0","0","0","0","0","0","4","0","","67","8","2022","4","39.949684","-75.227017","0539","6","0","0","0","0","0","0","0","0","","0","0","0","5","1","0","","1","0","39 56:58.861","","0","75 13:37.260","0","0","0","0","67301","0","0","0","N","0","0","0","2","67301","0","","1.0","","1","N","N","N","0","","0","0","0","0","0","","539","2","0","0","0","0","0","0","2","0","2","0","0","0","3","03","","N","","","","","","","","","",""
"2022096716","1840","1","0","0","0","0","0","0","0","0","8","0","","67","10","2022","1","39.905417","-75.173545","1837","6","0","0","0","0","0","0","0","0","","0","0","0","18","3","1","","2","0","39 54:19.500","","7","75 10:24.761","3","0","0","0","67301","1","0","0","N","1","0","0","4","67301","0","","1.0","","1","N","N","N","0","","1","0","0","3","7","","1837","2","1","0","0","0","0","0","2","0","1","1","0","0","3","03","","N","","","","","","","","","",""
"2022085448","0805","1","0","0","0","0","0","0","0","0","2","0","","67","9","2022","7","40.069972","-75.157165","0737","6","0","0","0","0","0","1","0","0","","0","0","0","7","1","1","","1","0","40 04:11.899","","0","75 09:25.794","8","0","0","0","67301","0","0","0","N","0","0","0","2","67301","0","","1.0","","1","N","N","N","0","","0","0","0","3","2","","720","2","1","0","0","0","1","1","2","0","2","0","0","0","3","03","","N","","","","","","","","","",""
"2022083639","2310","0","0","0","0","0","0","0","0","0","4","0","","67","9","2022","7","39.976361","-75.119813","2301","6","0","0","0","0","0","0","0","0","","0","0","0","22","3","0","","1","0","39 58:34.901","","0","75 07:11.326","0","0","0","0","67301","0","0","0","N","0","0","0","2","67301","0","","1.0","","1","N","N","N","0","","0","0","2","3","2","","2249","2","0","0","0","0","0","0","2","0","2","0","0","0","3","03","","N","","","","","","","","","",""
"2022094031","1639","0","0","0","0","0","0","0","0","0","1","0","","67","8","2022","3","40.007828","-75.201261","1627","6","0","0","0","0","0","0","0","0","","0","0","0","16","1","1","N","0","1","40 00:28.182","4","0","75 12:04.541","3","0","0","0","67301","0","0","0","N","0","0","0","3","68K01","0","","1.0","1645.0","1","N","N","N","0","","1","0","0","0","0","N","1624","2","1","0","0","0","0","0","2","2","2","0","0","0","3","","","N","","","","","","","","","",""
"2022091580","1506","1","0","0","0","0","0","0","0","0","1","0","","67","9","2022","7","40.049537","-74.995747","1500","6","0","0","0","0","1","0","0","0","","0","0","0","14","1","2","N","0","0","40 02:58.334","","0","74 59:44.689","4","0","0","0","67301","0","0","0","N","0","0","0","4","68K01","2","","1.0","","1","N","N","N","0","","0","0","1","0","0","","1453","2","2","2","0","0","0","0","2","0","2","0","0","0","3","","","N","","","","","","","","","",""
"2022083593","0915","1","0","0","0","0","0","0","0","0","1","0","","67","9","2022","5","39.958132","-75.150458","0910","6","0","0","0","0","0","0","0","0","","0","0","0","9","1","1","","1","0","39 57:29.275","","0","75 09:01.648","3","0","0","0","67301","0","0","0","N","0","0","0","3","67301","0","","1.0","","1","N","N","N","0","","1","0","0","3","2","","905","2","1","0","0","0","0","0","2","1","2","0","0","0","4","04","","N","","","","","","","","","",""
"2022061024","1737","2","0","0","0","0","0","0","0","0","1","0","","67","6","2022","7","40.025248","-75.029263","1730","6","0","0","0","0","0","0","0","0","","0","0","0","17","1","0","N","0","1","40 01:30.894","2","0","75 01:45.347","0","0","0","0","67301","0","0","0","N","0","0","0","2","68K01","0","","1.0","1806.0","1","N","N","N","0","","0","0","0","0","0","N","1728","2","0","0","0","0","0","0","2","0","2","0","0","0","3","","","N","","","","","","","","","",""
"2022085582","1015","2","0","0","0","0","0","0","0","0","1","0","","67","9","2022","5","40.083736","-75.025992","1004","6","0","0","0","0","0","0","0","0","","0","0","0","10","1","1","N","0","0","40 05:01.448","","0","75 01:33.570","3","0","0","0","67301","0","0","0","N","0","0","0","3","67301","0","","1.0","","1","N","N","N","0","","1","0","0","3","2","","1002","2","1","0","0","0","0","0","2","0","2","0","0","0","3","03","","N","","","","","","","","","",""
"2022075777","1702","2","0","0","0","0","0","0","0","0","5","0","","67","8","2022","1","39.960075","-75.238082","1700","6","0","0","0","0","0","0","0","0","","0","0","0","16","1","1","N","0","0","39 57:36.271","","0","75 14:17.096","8","0","0","0","67301","0","0","0","N","0","0","0","1","67301","0","","6.0","","1","N","N","N","0","","0","0","2","0","0","","1655","5","1","0","0","0","1","0","2","1","5","0","0","0","3","04","","N","","","","","","","","","",""
"2022072917","0335","1","0","0","0","0","0","0","0","0","5","0","","67","7","2022","5","39.890408","-75.220486","0322","6","0","0","0","0","0","1","0","0","","0","0","0","3","3","0","N","0","0","39 53:25.469","","0","75 13:13.750","9","0","0","0","67301","0","0","0","N","0","0","0","2","68K01","0","","1.0","","1","N","N","N","0","","0","0","1","0","0","","311","2","0","0","0","0","0","1","2","0","2","0","0","0","3","03","","N","","","","","","","","","",""
"2022087351","0149","1","0","0","0","0","0","0","0","0","7","0","","67","9","2022","4","40.055999","-75.055947","0141","6","0","0","0","0","0","0","0","0","","0","0","0","1","3","0","","2","0","40 03:21.596","","0","75 03:21.409","9","0","0","0","67301","0","0","0","N","0","0","0","1","67301","0","","5.0","","1","N","N","N","0","","0","0","0","3","3","","141","1","0","0","0","0","0","1","2","0","1","0","0","0","3","03","","N","","","","","","","","","",""
"2022060126","1804","2","0","0","0","0","0","0","0","0","1","0","","67","6","2022","1","40.023986","-75.159578","1804","6","0","0","0","0","0","0","0","0","","0","0","0","17","1","1","","1","0","40 01:26.350","","0","75 09:34.481","3","0","0","0","67301","0","0","0","N","0","0","0","3","67301","0","","1.0","","1","N","N","N","0","","1","0","0","3","2","","1750","2","1","0","0","0","0","0","2","0","2","0","0","0","3","98","","N","","","","","","","","","",""
"2022068809","0123","3","0","0","0","0","0","0","0","0","1","0","","67","6","2022","2","39.98774","-75.154898","0123","6","0","0","0","0","0","0","0","0","","0","0","0","1","3","1","N","0","0","39 59:15.864","","0","75 09:17.633","3","0","0","0","67301","0","0","0","N","0","0","0","1","67301","0","","6.0","","1","N","N","N","0","","1","0","1","0","0","","120","4","1","0","0","0","0","0","2","0","4","0","0","0","3","03","","N","","","","","","","","","",""
"2022072200","1000","2","0","0","0","0","0","0","0","0","4","1","","67","4","2022","4","39.902943","-75.173996","0916","6","0","0","0","0","0","0","0","0","","0","0","0","9","1","1","","2","1","39 54:10.595","1","0","75 10:26.386","3","0","0","0","67301","0","0","0","N","0","0","0","2","67301","0","","1.0","1030.0","1","N","N","N","0","","1","0","0","3","2","N","915","2","1","0","0","0","0","0","2","0","2","0","0","0","3","03","","N","","","","","","","","","",""
"2022092044","0109","1","0","0","0","0","0","0","0","0","7","0","","67","9","2022","4","39.955273","-75.180958","0102","6","0","0","0","0","0","0","0","0","","0","0","0","1","3","0","N","0","0","39 57:18.981","","0","75 10:51.450","0","0","0","0","67301","0","0","0","N","0","0","0","1","68K01","0","","4.0","","3","N","N","N","0","","0","0","0","0","0","","100","1","0","0","0","0","0","0","2","0","1","0","0","0","3","","","N","","","","","","","","","",""
"2022090291","0651","0","0","0","0","0","0","1","0","0","4","1","","67","9","2022","1","39.944939","-75.148423","0645","6","0","0","0","0","0","1","0","0","","0","0","0","6","1","2","","1","0","39 56:41.782","","0","75 08:54.322","4","0","0","0","67301","0","0","0","N","0","0","0","4","67508","2","","1.0","","9","N","N","N","0","","0","0","1","3","2","","643","2","2","0","0","0","0","2","2","0","2","0","0","0","7","07","","N","","","","","","","","","",""
"2022068821","2214","1","0","0","0","0","0","0","0","0","8","0","","67","6","2022","2","39.997717","-75.123234","2214","6","0","0","0","0","0","0","0","0","","0","0","0","22","3","1","","1","0","39 59:51.782","","0","75 07:23.643","3","0","0","0","67301","1","0","0","N","1","0","0","2","67301","0","","1.0","","1","N","N","N","0","","1","0","0","3","2","","2214","2","1","1","0","0","0","0","2","0","1","1","0","0","3","03","","N","","","","","","","","","",""
"2022091725","0806","0","0","0","0","0","0","0","0","0","1","0","","67","8","2022","4","40.035822","-75.017108","0806","6","0","0","0","0","0","1","0","0","","0","0","0","7","1","7","N","0","0","40 02:08.959","","0","75 01:01.589","3","0","0","0","67301","0","0","0","N","0","0","0","7","68K01","0","","1.0","","1","N","N","N","0","","7","0","1","0","0","","743","2","7","0","0","0","0","0","2","1","2","0","0","0","3","","","N","","","","","","","","","",""
"2022072248","1146","1","0","0","0","0","0","0","0","0","7","0","","67","8","2022","6","40.012103","-75.069344","1146","6","0","0","0","0","0","0","0","0","","0","0","0","11","1","1","N","0","1","40 00:43.570","1","0","75 04:09.639","4","0","0","0","67301","0","0","0","N","0","0","0","1","67301","1","","5.0","1237.0","1","N","N","N","0","","0","0","0","0","0","Y","1145","1","1","0","0","0","0","0","2","0","1","0","0","0","4","","","N","","","","","","","","","",""
"2022091247","1805","2","0","0","0","0","0","0","0","0","1","0","","67","9","2022","7","39.956765","-75.149701","1805","6","0","0","0","0","0","1","0","0","","0","0","0","17","1","1","","6","0","39 57:24.355","","2","75 08:58.925","8","0","0","0","67301","0","0","0","N","0","0","0","5","68K01","0","","1.0","","1","N","N","N","0","","0","0","0","3","4","","1732","2","1","0","0","0","1","0","2","0","2","0","0","0","3","","","N","","","","","","","","","",""
"2022078555","0830","0","0","0","0","0","0","0","0","0","5","0","","67","8","2022","7","39.914886","-75.166839","0726","6","0","0","0","0","0","0","0","0","","0","0","0","7","1","0","N","0","2","39 54:53.590","3","0","75 10:00.620","0","0","0","0","67301","0","0","0","N","0","0","0","1","67301","0","","6.0","940.0","1","N","N","N","0","","0","0","2","0","0","N","710","2","0","0","0","0","0","0","2","0","2","0","0","0","3","03","","N","","","","","","","","","",""
"2022072240","1330","1","0","1","0","0","0","0","0","0","4","1","","67","4","2022","3","40.020085","-75.043114","1246","6","0","0","0","0","1","0","0","0","","0","1","0","12","1","1","","1","2","40 01:12.306","6","0","75 02:35.209","2","0","0","0","67301","0","0","0","N","0","0","0","2","67301","0","","1.0","1445.0","1","N","N","N","0","","0","1","0","3","2","Y","1245","2","1","0","0","0","0","0","2","0","2","0","0","0","4","04","","N","","","","","","","","","",""
"2022086452","0150","1","0","0","0","0","0","0","0","0","8","0","","67","9","2022","3","40.033638","-75.145807","0150","6","0","0","0","0","0","0","0","0","","0","0","0","1","3","1","N","0","0","40 02:01.098","","0","75 08:44.904","3","0","0","0","67301","1","0","0","N","1","0","0","2","67301","0","","1.0","","1","N","N","N","0","","1","0","0","3","2","","148","2","1","0","0","0","0","0","2","0","1","1","0","0","3","03","","N","","","","","","","","","",""
"2022079159","2251","0","0","0","0","0","0","0","0","0","5","0","35","67","8","2022","2","39.9535","-75.137889","2249","6","0","0","0","0","0","0","0","0","","0","0","0","22","3","0","N","0","2","39 57:12.600","3","3","75 08:16.400","0","0","0","0","67301","0","0","0","N","0","0","0","3","67501","0","","1.0","9999.0","1","N","N","N","0","","0","0","2","3","8","N","2249","2","0","0","0","0","0","0","2","0","2","0","0","0","3","","N","Y","4","1","","","N","Y","","","","N"
"2022060333","1414","3","0","0","0","0","0","0","0","0","4","0","","67","6","2022","3","39.925227","-75.229109","1414","6","0","0","0","0","0","0","0","0","","0","0","0","14","1","4","","1","2","39 55:30.817","7","0","75 13:44.792","3","0","0","0","67301","0","0","0","N","0","0","0","4","67301","0","","1.0","1649.0","1","N","N","N","0","","4","0","1","3","2","Y","1414","4","4","0","0","0","0","0","2","0","4","0","0","0","3","03","","N","","","","","","","","","",""
"2022085768","1702","1","0","1","0","0","0","0","0","0","4","0","","67","9","2022","1","40.101811","-75.006323","1701","6","0","0","0","0","1","0","0","0","","0","0","0","16","1","1","","1","1","40 06:06.519","6","0","75 00:22.762","2","0","0","0","67301","0","0","0","N","0","0","0","3","67301","0","","3.0","100.0","1","N","N","N","0","","0","1","1","3","2","Y","1657","2","1","0","0","0","0","0","2","0","2","0","0","0","3","","","N","","","","","","","","","",""
"2022078203","2315","0","0","0","0","0","0","0","0","0","4","0","","67","8","2022","6","39.985109","-75.1564","2311","6","0","0","0","0","0","0","0","0","","0","0","0","22","3","1","N","0","2","39 59:06.391","5","0","75 09:23.041","3","0","0","0","67301","0","0","0","N","0","0","0","2","67505","0","","1.0","2345.0","1","N","N","N","0","","1","0","2","0","0","Y","2245","2","1","0","0","0","0","1","2","0","2","0","0","0","3","03","","N","","","","","","","","","",""
"2022064043","1330","0","0","0","0","0","0","0","0","0","1","0","","67","6","2022","5","39.999227","-75.147381","1330","6","0","0","0","0","0","1","0","0","","0","0","0","15","1","3","","5","0","39 59:57.217","","0","75 08:50.570","8","0","0","0","67301","0","0","0","N","0","0","0","5","67301","0","","1.0","","1","N","N","N","1","","0","0","1","3","2","","1530","2","3","2","0","0","3","2","2","0","2","0","0","0","3","","","N","","","","","","","","","",""
"2022080486","1035","0","0","0","1","0","0","0","0","0","8","0","","67","8","2022","6","39.954413","-75.148071","1035","6","0","0","0","0","0","0","0","0","","0","0","0","21","3","1","","1","0","39 57:15.887","","2","75 08:53.056","8","0","0","0","67301","1","0","0","N","0","0","0","2","67301","0","","1.0","","1","N","N","N","0","","0","0","1","3","3","","2130","2","1","0","0","0","1","0","2","0","1","1","0","0","3","","","N","","","","","","","","","",""
"2022072987","2155","1","0","0","0","0","0","0","0","0","8","0","","67","8","2022","7","40.076324","-75.020351","2152","6","0","0","0","1","0","0","0","0","","1","0","0","21","3","0","N","0","2","40 04:34.768","6","0","75 01:13.264","1","0","0","0","67301","1","1","0","N","1","1","0","2","67301","0","2","1.0","2155.0","1","N","N","N","0","0","0","0","0","0","0","Y","2151","2","0","0","0","0","0","0","2","0","1","1","1","0","3","","","N","","","","","","","","","",""
"2022079811","1445","1","0","0","1","0","0","0","0","0","8","0","","67","8","2022","2","39.922841","-75.184045","1445","6","0","0","0","0","0","0","0","0","","0","0","0","14","1","1","","3","0","39 55:22.227","","0","75 11:02.562","8","0","0","0","67301","1","0","0","N","0","0","0","2","67301","0","","1.0","","1","N","N","N","0","","0","0","0","0","0","","1440","2","1","0","0","0","1","0","2","0","1","1","0","0","3","03","","N","","","","","","","","","",""
"2022063042","2335","2","0","0","0","0","0","0","0","0","5","0","","67","7","2022","6","39.970366","-75.214025","2333","6","0","0","0","0","0","0","0","0","","0","0","0","20","4","1","N","0","0","39 58:13.317","","0","75 12:50.490","4","0","0","0","67301","0","0","0","N","0","0","0","2","67301","1","","6.0","","1","N","N","N","0","","0","0","0","0","0","","2030","2","1","0","0","0","0","0","2","0","2","0","0","0","3","","","N","","","","","","","","","",""
"2022083559","0949","0","0","0","0","0","0","0","0","0","6","0","","67","9","2022","7","39.974778","-75.236253","0949","6","0","0","0","0","0","0","0","0","","0","0","0","9","1","1","N","0","2","39 58:29.200","6","0","75 14:10.510","3","0","0","0","67301","0","0","0","N","0","0","0","6","67301","0","","1.0","1059.0","1","N","N","N","0","","1","0","1","0","0","N","944","2","1","0","0","0","0","0","2","1","2","0","0","0","3","","","N","","","","","","","","","",""
"2022101993","","1","0","0","0","0","0","0","0","0","5","0","","67","10","2022","7","","","","6","0","0","0","0","0","0","0","0","","0","0","0","4","2","1","N","0","0","","","0","","8","0","0","0","67301","0","0","0","N","0","0","0","2","00000","0","","1.0","","1","","","N","0","","0","0","0","0","0","","400","2","1","0","0","0","1","0","1","0","2","0","0","0","3","","","N","","","","","","","","","",""
"2022069881","1917","1","0","0","0","0","0","0","0","0","4","0","","67","7","2022","7","40.01198","-75.135844","1915","6","0","0","0","0","0","0","0","0","","0","0","0","17","1","1","","1","0","40 00:43.127","","0","75 08:09.038","3","0","0","0","67301","0","0","0","N","0","0","0","2","67301","0","","1.0","","1","N","N","N","0","","1","0","1","3","2","","1741","2","1","0","0","0","0","0","2","0","2","0","0","0","3","03","","N","","","","","","","","","",""
"2022091789","0440","1","0","0","0","0","0","0","0","0","7","0","","67","10","2022","2","40.049906","-74.992639","0415","6","0","0","0","0","0","1","0","0","","0","0","0","4","3","0","N","0","0","40 02:59.661","","0","74 59:33.499","0","0","0","0","67301","0","0","0","N","0","0","0","1","68K01","0","","5.0","","9","N","N","N","0","","0","0","0","0","0","","411","1","0","0","0","0","0","0","2","0","1","0","0","0","3","","","N","","","","","","","","","",""