"CRN","ARRIVAL_TM","AUTOMOBILE_COUNT","BELTED_DEATH_COUNT","BELTED_SUSP_SERIOUS_INJ_COUNT","BICYCLE_COUNT","BICYCLE_DEATH_COUNT","BICYCLE_SUSP_SERIOUS_INJ_COUNT","BUS_COUNT","CHLDPAS_DEATH_COUNT","CHLDPAS_SUSP_SERIOUS_INJ_COUNT","COLLISION_TYPE","COMM_VEH_COUNT","CONS_ZONE_SPD_LIM","COUNTY","CRASH_MONTH","CRASH_YEAR","DAY_OF_WEEK","DEC_LATITUDE","DEC_LONGITUDE","DISPATCH_TM","DISTRICT","DRIVER_COUNT_16YR","DRIVER_COUNT_17YR","DRIVER_COUNT_18YR","DRIVER_COUNT_19YR","DRIVER_COUNT_20YR","DRIVER_COUNT_50_64YR","DRIVER_COUNT_65_74YR","DRIVER_COUNT_75PLUS","EST_HRS_CLOSED","FATAL_COUNT","HEAVY_TRUCK_COUNT","HORSE_BUGGY_COUNT","HOUR_OF_DAY","ILLUMINATION","INJURY_COUNT","INTERSECTION_RELATED","INTERSECT_TYPE","LANE_CLOSED","LATITUDE","LN_CLOSE_DIR","LOCATION_TYPE","LONGITUDE","MAX_SEVERITY_LEVEL","MCYCLE_DEATH_COUNT","MCYCLE_SUSP_SERIOUS_INJ_COUNT","MOTORCYCLE_COUNT","MUNICIPALITY","NONMOTR_COUNT","NONMOTR_DEATH_COUNT","NONMOTR_SUSP_SERIOUS_INJ_COUNT","NTFY_HIWY_MAINT","PED_COUNT","PED_DEATH_COUNT","PED_SUSP_SERIOUS_INJ_COUNT","PERSON_COUNT","POLICE_AGCY","POSSIBLE_INJ_COUNT","RDWY_SURF_TYPE_CD","RELATION_TO_ROAD","ROADWAY_CLEARED","ROAD_CONDITION","SCH_BUS_IND","SCH_ZONE_IND","SECONDARY_CRASH","SMALL_TRUCK_COUNT","SPEC_JURIS_CD","SUSP_MINOR_INJ_COUNT","SUSP_SERIOUS_INJ_COUNT","SUV_COUNT","TCD_FUNC_CD","TCD_TYPE","TFC_DETOUR_IND","TIME_OF_DAY","TOTAL_UNITS","TOT_INJ_COUNT","UNBELTED_OCC_COUNT","UNB_DEATH_COUNT","UNB_SUSP_SERIOUS_INJ_COUNT","UNK_INJ_DEG_COUNT","UNK_INJ_PER_COUNT","URBAN_RURAL","VAN_COUNT","VEHICLE_COUNT","VULNERABLE_ROAD_USER_COUNT","VULNERABLE_ROAD_USER_DEATH_COUNT","VULNERABLE_ROAD_USER_SER_INJ_COUNT","WEATHER1","WEATHER2","WORKERS_PRES","WORK_ZONE_IND","WORK_ZONE_LOC","WORK_ZONE_TYPE","WZ_CLOSE_DETOUR","WZ_FLAGGER","WZ_LAW_OFFCR_IND","WZ_LN_CLOSURE","WZ_MOVING","WZ_OTHER","WZ_SHLDER_MDN","WZ_WORKERS_INJ_KILLED"
"2022077711","0745","1","0","0","0","0","0","0","0","0","1","0","","67","8","2022","4","39.997511","-75.18225","0733","6","0","0","0","0","0","0","0","0","","0","0","0","7","1","1","N","0","0","39 59:51.039","","0","75 10:56.100","3","0","0","0","67301","0","0","0","N","0","0","0","3","67301","0","","6.0","","1","N","Y","N","0","","1","0","1","0","0","","720","2","1","2","0","0","0","1","2","0","2","0","0","0","3","03","","N","","","","","","","","","",""
"2022060131","1400","1","0","0","0","0","0","0","0","0","7","0","","67","6","2022","2","40.007942","-75.172302","1355","6","0","0","0","0","0","0","0","0","","0","0","0","10","1","0","","1","0","40 00:28.592","","0","75 10:20.286","9","0","0","0","67301","0","0","0","N","0","0","0","1","67301","0","","4.0","","9","N","N","N","0","","0","0","0","3","2","","1054","1","0","0","0","0","0","1","2","0","1","0","0","0","7","07","","N","","","","","","","","","",""
"2022078364","2235","1","0","0","0","0","0","0","0","0","7","0","","67","8","2022","3","40.013551","-75.159006","2230","6","0","0","0","0","0","0","0","0","","0","0","0","22","3","0","N","0","1","40 00:48.784","4","0","75 09:32.420","0","0","0","0","67301","0","0","0","N","0","0","0","1","67301","0","","4.0","2315.0","1","N","N","N","0","","0","0","0","0","0","Y","2223","1","0","0","0","0","0","0","2","0","1","0","0","0","3","03","","N","","","","","","","","","",""
"2022060050","1900","1","0","0","0","0","0","0","0","0","4","0","","67","6","2022","6","40.033908","-75.074273","1853","6","0","0","0","0","0","0","0","0","","0","0","0","18","1","1","","1","1","40 02:02.069","1","0","75 04:27.384","3","0","0","0","67301","0","0","0","N","0","0","0","6","67301","0","","1.0","1935.0","1","N","N","N","0","","1","0","1","3","2","N","1845","2","1","0","0","0","0","0","2","0","2","0","0","0","3","","","N","","","","","","","","","",""
"2022085349","1041","1","0","0","0","0","0","0","0","0","4","0","","67","9","2022","6","39.921472","-75.187128","1041","6","0","0","0","0","0","0","1","0","","0","0","0","10","1","0","N","0","0","39 55:17.300","","7","75 11:13.660","0","0","0","0","67301","0","0","0","N","0","0","0","2","67301","0","","1.0","","1","N","N","N","0","","0","0","1","0","0","","1038","3","0","0","0","0","0","0","2","0","3","0","0","0","3","","","N","","","","","","","","","",""
"2022072212","1731","2","0","0","0","0","0","0","0","0","1","0","","67","8","2022","4","40.073653","-75.055136","1727","6","0","0","0","0","0","0","0","0","","0","0","0","17","1","1","N","0","0","40 04:25.150","","0","75 03:18.490","3","0","0","0","67301","0","0","0","N","0","0","0","2","67301","0","","1.0","","1","N","N","N","0","","1","0","0","3","2","","1720","2","1","0","0","0","0","0","2","0","2","0","0","0","3","03","","N","","","","","","","","","",""
"2022063094","2142","2","0","0","0","0","0","0","0","0","4","0","","67","7","2022","6","39.967336","-75.245842","2142","6","0","0","0","0","0","0","0","0","","0","0","0","21","3","1","","1","0","39 58:02.410","","0","75 14:45.030","4","0","0","0","67301","0","0","0","N","0","0","0","2","67301","1","","1.0","","1","N","N","N","0","","0","0","0","3","2","","2113","2","1","0","0","0","0","0","2","0","2","0","0","0","3","03","","N","","","","","","","","","",""
"2022103475","0815","1","0","0","0","0","0","0","0","0","1","0","","67","9","2022","5","40.007519","-75.200408","0804","6","0","0","0","0","0","0","0","0","","0","0","0","8","1","1","N","0","0","40 00:27.068","","0","75 12:01.469","3","0","0","1","67301","0","0","0","N","0","0","0","2","68K01","0","","1.0","","1","N","N","N","0","","1","0","0","0","0","","803","2","1","0","0","0","0","0","2","0","2","0","0","0","3","03","","N","","","","","","","","","",""
"2022083603","0317","1","0","0","0","0","0","0","0","0","7","0","","67","9","2022","6","39.957722","-75.16425","0315","6","0","0","0","0","0","0","0","0","","0","0","0","3","3","1","","2","0","39 57:27.800","","2","75 09:51.300","3","0","0","0","67301","0","0","0","N","0","0","0","1","67301","0","","4.0","","1","N","N","N","0","","1","0","0","3","2","","311","1","1","1","0","0","0","0","2","0","1","0","0","0","3","03","","N","","","","","","","","","",""
"2022114303","0324","0","0","0","0","0","0","0","0","0","7","0","","67","11","2022","1","40.000621","-75.194826","0306","6","0","0","0","0","0","0","0","0","","0","0","0","3","3","0","N","0","2","40 00:02.237","4","0","75 11:41.375","0","0","0","0","67301","0","0","0","N","0","0","0","1","68K01","0","","4.0","500.0","1","N","N","N","0","","0","0","1","0","0","N","306","1","0","0","0","0","0","0","2","0","1","0","0","0","3","","","N","","","","","","","","","",""
"2022087404","1131","1","0","0","0","0","0","0","0","0","8","0","","67","9","2022","4","39.987418","-75.232409","1130","6","0","0","0","0","0","0","0","0","","0","0","0","11","1","1","","1","0","39 59:14.704","","0","75 13:56.672","3","0","0","0","67301","1","0","0","N","0","0","0","2","67301","0","","1.0","","1","N","N","N","0","","1","0","0","3","2","","1125","2","1","1","0","0","0","0","2","0","1","1","0","0","3","03","","N","","","","","","","","","",""
"2022103322","1500","1","0","0","0","0","0","1","0","0","5","1","","67","9","2022","6","39.999908","-75.131006","1641","6","0","0","0","0","0","0","1","0","","0","0","0","15","1","1","N","0","0","39 59:59.670","","0","75 07:51.620","3","0","0","0","67301","0","0","0","N","0","0","0","2","67301","0","","1.0","","1","N","N","N","0","","1","0","0","0","0","","1520","2","1","0","0","0","0","0","2","0","2","0","0","0","3","03","","N","","","","","","","","","",""
"2022105127","1201","1","0","0","0","0","0","0","0","0","7","0","","67","3","2022","7","40.064848","-75.168479","1157","6","0","0","0","0","0","1","0","0","","0","0","0","11","1","1","N","0","2","40 03:53.453","6","0","75 10:06.525","4","0","0","0","67301","0","0","0","N","0","0","0","1","67301","1","","5.0","1400.0","9","N","N","N","0","","0","0","0","0","0","Y","1154","1","1","1","0","0","0","0","2","0","1","0","0","0","7","","","N","","","","","","","","","",""
"2022103328","1527","0","0","0","0","0","0","1","0","0","4","2","","67","11","2022","3","40.044427","-75.14356","1527","6","0","0","0","0","0","0","0","0","","0","1","0","15","1","0","","1","1","40 02:39.936","2","0","75 08:36.817","9","0","0","0","67301","0","0","0","N","0","0","0","6","67301","0","","1.0","1730.0","1","Y","N","N","0","","0","0","0","3","2","N","1526","2","0","0","0","0","0","6","2","0","2","0","0","0","3","03","","N","","","","","","","","","",""
"2022104552","2211","1","0","0","0","0","0","0","0","0","7","0","","67","11","2022","2","39.97924","-75.107746","2205","6","0","0","0","0","0","0","0","0","","0","0","0","22","3","1","N","0","0","39 58:45.263","","0","75 06:27.885","4","0","0","0","67301","0","0","0","N","0","0","0","1","68K01","1","","2.0","","1","N","N","N","0","","0","0","0","0","0","","2205","1","1","1","0","0","0","0","2","0","1","0","0","0","3","03","","N","","","","","","","","","",""
"2022083596","0703","1","0","0","0","0","0","0","0","0","4","0","","67","9","2022","6","40.097156","-75.018134","0654","6","0","0","0","0","0","0","1","0","","0","0","0","6","1","0","","1","0","40 05:49.760","","0","75 01:05.283","0","0","0","0","67301","0","0","0","N","0","0","0","3","67301","0","","1.0","","1","N","N","N","0","","0","0","2","3","2","","654","3","0","0","0","0","0","0","2","0","3","0","0","0","3","","","N","","","","","","","","","",""
"2022090799","0410","2","0","0","0","0","0","0","0","0","5","0","","67","9","2022","7","39.998935","-75.132537","0350","6","0","0","0","0","0","0","0","0","","0","0","0","3","3","0","N","0","0","39 59:56.165","","0","75 07:57.134","0","0","0","0","67301","0","0","0","N","0","0","0","1","67301","0","","6.0","","1","N","N","N","0","","0","0","2","0","0","","310","4","0","0","0","0","0","0","2","0","4","0","0","0","3","03","","N","","","","","","","","","",""
"2022097353","1138","1","0","0","0","0","0","0","0","0","5","0","","67","9","2022","6","39.95664","-75.180366","1135","6","0","0","0","0","0","0","0","0","","0","0","0","11","1","0","N","0","1","39 57:23.905","4","1","75 10:49.318","0","0","0","0","67301","0","0","0","Y","0","0","0","3","68K01","0","","1.0","1210.0","1","N","N","N","0","","0","0","1","0","0","N","1118","2","0","0","0","0","0","0","2","0","2","0","0","0","3","03","","N","","","","","","","","","",""
"2022090346","1115","1","0","0","0","0","0","0","0","0","4","0","","67","9","2022","4","39.985436","-75.096701","1108","6","0","0","0","0","0","0","0","0","","0","0","0","11","1","1","","1","0","39 59:07.571","","0","75 05:48.123","3","0","0","1","67301","0","0","0","N","0","0","0","2","67301","0","","1.0","","1","N","N","N","0","","1","0","0","3","2","","1104","2","1","0","0","0","0","0","2","0","2","0","0","0","3","","","N","","","","","","","","","",""
"2022086456","0432","3","0","0","0","0","0","0","0","0","5","0","","67","9","2022","7","39.995317","-75.132886","0432","6","0","0","0","0","0","0","0","0","","0","0","0","4","3","0","N","0","0","39 59:43.140","","0","75 07:58.390","9","0","0","0","67301","0","0","0","N","0","0","0","1","67301","0","","6.0","","1","N","N","N","0","","0","0","0","0","0","","430","3","0","0","0","0","0","1","2","0","3","0","0","0","3","03","","N","","","","","","","","","",""
"2022103478","1723","1","0","0","0","0","0","0","0","0","1","0","","67","9","2022","7","39.917781","-75.147849","1714","6","0","0","0","0","0","0","0","0","","0","0","0","17","1","3","N","0","0","39 55:04.012","","0","75 08:52.258","4","0","0","0","67301","0","0","0","N","0","0","0","3","68K01","3","","1.0","","1","N","N","N","0","","0","0","1","0","0","","1704","2","3","0","0","0","0","0","2","0","2","0","0","0","3","","","N","","","","","","","","","",""
"2022104966","0050","0","0","0","0","0","0","0","0","0","5","0","25","67","10","2022","2","40.019387","-75.145273","0045","6","0","0","0","0","0","0","0","0","","0","0","0","19","3","1","","7","9","40 01:09.794","","0","75 08:42.984","3","0","0","0","67301","0","0","0","N","0","0","0","1","67301","0","","1.0","","9","N","N","N","0","","1","0","1","0","0","","1930","2","1","0","0","0","0","0","2","0","2","0","0","0","7","07","U","Y","4","1","N","N","N","N","N","N","Y","N"
"2022104383","0434","1","0","0","0","0","0","0","0","0","4","0","","67","11","2022","6","40.027709","-75.098754","0428","6","0","0","0","0","0","0","0","0","","0","0","0","4","3","0","","5","2","40 01:39.753","4","0","75 05:55.513","0","0","0","0","67301","0","0","0","N","0","0","0","3","67301","0","","1.0","434.0","1","N","N","N","0","","0","0","1","3","2","Y","427","2","0","0","0","0","0","0","2","0","2","0","0","0","3","03","","N","","","","","","","","","",""
"2022090152","2030","0","0","0","0","0","0","0","0","0","4","0","","67","9","2022","6","39.991616","-75.136169","2027","6","0","0","0","0","0","1","0","0","","0","0","0","20","3","2","","1","0","39 59:29.817","","0","75 08:10.209","8","0","0","0","67301","0","0","0","N","0","0","0","3","67301","0","","1.0","","1","N","N","N","1","","0","0","0","3","2","","2015","2","2","0","0","0","2","0","2","0","2","0","0","0","3","","","N","","","","","","","","","",""
"2022088281","1645","2","0","0","0","0","0","0","0","0","1","0","","67","9","2022","6","39.99045","-75.127913","1630","6","0","0","0","0","1","1","0","0","","0","0","0","16","1","0","Y","0","0","39 59:25.621","","0","75 07:40.485","0","0","0","0","67301","0","0","0","N","0","0","0","3","67301","0","","1.0","","1","N","N","N","0","","0","0","1","3","2","","1600","3","0","3","0","0","0","0","2","0","3","0","0","0","3","03","","N","","","","","","","","","",""
"2022083547","0955","1","0","0","0","0","0","0","0","0","4","0","","67","9","2022","6","39.919742","-75.163705","0947","6","0","0","0","0","0","0","0","0","","0","0","0","7","1","0","","5","0","39 55:11.071","","0","75 09:49.337","0","0","0","0","67301","0","0","0","N","0","0","0","2","67301","0","","1.0","","1","N","N","N","0","","0","0","1","3","3","","730","2","0","1","0","0","0","0","2","0","2","0","0","0","3","03","","N","","","","","","","","","",""
"2022117873","1915","0","0","0","0","0","0","0","0","0","7","0","","67","12","2022","1","39.982593","-75.207754","1912","6","0","0","0","0","0","0","0","0","","0","0","0","19","3","0","N","0","1","39 58:57.335","4","0","75 12:27.913","0","0","0","0","67301","0","0","0","N","0","0","0","1","68K01","0","","2.0","1945.0","9","N","N","N","1","","0","0","0","0","0","N","1904","1","0","0","0","0","0","0","2","0","1","0","0","0","3","","","N","","","","","","","","","",""
"2022117995","0708","0","0","0","0","0","0","1","0","0","5","1","","67","12","2022","5","39.998004","-75.233208","0658","6","0","0","0","0","0","2","0","0","","0","0","0","6","1","1","N","1","0","39 59:52.816","","0","75 13:59.550","8","0","0","0","67301","0","0","0","N","0","0","0","3","67508","0","","1.0","","1","N","N","Y","0","","0","0","1","3","2","N","658","2","1","1","0","0","1","0","2","0","2","0","0","0","3","03","","N","","","","","","","","","",""
"2022102043","","0","0","0","0","0","0","0","0","0","4","0","","67","10","2022","6","39.987173","-75.17552","","6","0","0","0","0","0","0","0","0","","0","0","0","14","1","1","","1","0","39 59:13.822","","0","75 10:31.872","8","0","0","0","67301","0","0","0","N","0","0","0","2","00000","0","","1.0","","1","","","N","0","","0","0","1","0","0","","1430","2","1","1","0","0","1","0","2","1","2","0","0","0","3","","","N","","","","","","","","","",""
"2022115631","1910","1","0","0","0","0","0","1","0","0","4","1","","67","12","2022","1","40.052391","-75.007889","1900","6","0","0","0","0","0","1","0","0","","0","0","0","18","3","0","","1","1","40 03:08.606","3","0","75 00:28.400","0","0","0","0","67301","0","0","0","N","0","0","0","2","67301","0","","1.0","20.0","1","Y","N","N","0","","0","0","0","3","2","N","1850","2","0","0","0","0","0","0","2","0","2","0","0","0","3","03","","N","","","","","","","","","",""
"2022087008","1225","2","0","0","0","0","0","0","0","0","4","0","","67","9","2022","4","39.912022","-75.150508","1225","6","0","0","0","0","0","0","1","0","","0","0","0","11","1","1","","2","0","39 54:43.280","","2","75 09:01.830","3","0","0","0","67301","0","0","0","N","0","0","0","3","67301","0","","1.0","","1","N","N","N","0","","1","0","0","3","2","","1154","2","1","0","0","0","0","0","2","0","2","0","0","0","3","03","","N","","","","","","","","","",""
"2022098811","0217","0","0","0","0","0","0","0","0","0","1","0","","67","9","2022","3","39.955524","-75.201361","0216","6","0","0","0","0","0","0","0","0","","0","0","0","2","3","1","N","0","0","39 57:19.885","","0","75 12:04.901","4","0","0","0","67301","0","0","0","N","0","0","0","1","67504","1","","6.0","","1","N","N","Y","0","","0","0","2","0","0","","216","2","1","0","0","0","0","0","2","0","2","0","0","0","3","03","","N","","","","","","","","","",""
"2022110736","","1","0","0","0","0","0","0","0","0","1","0","","67","9","2022","7","39.953098","-75.181817","","6","0","0","0","1","0","0","0","0","","0","0","0","5","1","1","","1","0","39 57:11.151","","2","75 10:54.540","8","0","0","0","67301","0","0","0","N","0","0","0","2","00000","0","","1.0","","1","","","N","0","","0","0","0","3","2","","530","2","1","0","0","0","1","0","2","0","2","0","0","0","3","","","N","","","","","","","","","",""
"2022088286","0925","2","0","0","0","0","0","0","0","0","4","0","","67","9","2022","6","39.98084","-75.119716","0925","6","0","0","0","0","0","0","0","0","","0","0","0","6","1","0","","1","0","39 58:51.023","","0","75 07:10.979","0","0","0","0","67301","0","0","0","N","0","0","0","2","67301","0","","1.0","","99","N","N","N","0","","0","0","0","3","3","","630","2","0","2","0","0","0","0","2","0","2","0","0","0","3","","","N","","","","","","","","","",""
"2022105121","1801","0","0","0","0","0","0","0","0","0","8","0","","67","10","2022","2","39.900978","-75.169358","1800","6","0","0","0","0","0","0","0","0","","0","0","0","1","3","2","N","0","9","39 54:03.520","","0","75 10:09.690","2","0","0","0","67301","2","0","1","N","2","0","1","3","67301","0","","1.0","","99","N","N","N","1","","1","1","0","0","0","","102","3","2","0","0","0","0","1","2","0","1","2","0","1","99","","","N","","","","","","","","","",""
"2022083610","1607","0","0","0","0","0","0","0","0","0","8","0","","67","9","2022","6","40.051619","-75.174819","1603","6","0","0","0","0","0","0","0","0","","0","0","0","16","1","1","N","0","0","40 03:05.828","","0","75 10:29.348","2","0","0","0","67301","1","0","1","N","1","0","1","2","67301","0","","1.0","","1","N","N","N","0","","0","1","1","0","0","","1600","2","1","1","0","0","0","0","2","0","1","1","0","1","3","03","","N","","","","","","","","","",""
"2022104145","1444","0","0","0","0","0","0","0","0","0","7","1","","67","11","2022","6","40.050583","-75.191469","1356","6","0","0","0","0","0","0","0","0","","0","1","0","13","1","0","N","0","2","40 03:02.100","7","1","75 11:29.290","0","0","0","0","67301","0","0","0","N","0","0","0","1","67301","0","","1.0","1850.0","1","N","N","Y","0","","0","0","0","0","0","Y","1332","1","0","1","0","0","0","0","2","0","1","0","0","0","3","03","","N","","","","","","","","","",""
"2022097365","1245","0","0","0","0","0","0","0","0","0","5","0","","67","9","2022","4","40.008974","-75.068714","1216","6","0","0","1","0","0","0","0","0","","0","0","0","12","1","0","N","0","1","40 00:32.308","2","3","75 04:07.372","0","0","0","0","67301","0","0","0","N","0","0","0","2","68K01","0","","1.0","1409.0","1","N","N","N","0","","0","0","2","0","0","N","1209","2","0","1","0","0","0","0","2","0","2","0","0","0","3","","","N","","","","","","","","","",""
"2022104173","1415","0","0","0","0","0","0","2","0","0","4","2","","67","10","2022","4","40.028181","-75.038898","1400","6","0","0","0","0","0","2","0","0","","0","0","0","14","1","2","","1","1","40 01:41.450","3","0","75 02:20.031","4","0","0","0","67301","0","0","0","N","0","0","0","4","67508","1","","1.0","9999.0","1","Y","N","N","0","","0","0","0","3","2","N","1400","2","2","0","0","0","1","2","2","0","2","0","0","0","3","03","","N","","","","","","","","","",""
"2022114089","1741","1","0","0","0","0","0","0","0","0","5","1","","67","12","2022","5","40.018169","-75.169543","1735","6","0","0","0","0","0","0","1","0","","0","1","0","17","4","1","N","0","2","40 01:05.410","1","0","75 10:10.354","8","0","0","0","67301","0","0","0","N","0","0","0","2","67301","0","","1.0","1917.0","1","N","N","N","0","","0","0","0","0","0","N","1730","2","1","0","0","0","1","0","2","0","2","0","0","0","3","","","N","","","","","","","","","",""
"2022104961","0327","2","0","0","0","0","0","0","0","0","4","0","","67","9","2022","7","39.998834","-75.119027","0323","6","0","0","0","0","0","0","0","0","","0","0","0","3","3","1","","1","0","39 59:55.804","","0","75 07:08.496","3","0","0","0","67301","0","0","0","N","0","0","0","2","67301","0","","1.0","","1","N","N","N","0","","1","0","0","3","3","","323","2","1","2","0","0","0","0","2","0","2","0","0","0","3","03","","N","","","","","","","","","",""
"2022089289","2020","1","0","0","0","0","0","0","0","0","5","0","","67","9","2022","2","39.925667","-75.242936","2015","6","0","0","0","0","0","1","0","0","","0","0","0","20","2","0","N","0","0","39 55:32.400","","0","75 14:34.570","0","0","0","0","67301","0","0","0","N","0","0","0","1","67301","0","","6.0","","1","N","N","N","1","","0","0","2","0","0","","2009","5","0","0","0","0","0","0","2","1","5","0","0","0","3","98","","N","","","","","","","","","",""
"2022098812","2332","1","0","0","0","0","0","0","0","0","4","0","","67","9","2022","2","39.953609","-75.198625","2330","6","0","0","0","1","0","0","0","0","","0","0","0","23","3","1","","1","0","39 57:12.991","","0","75 11:55.051","3","0","0","0","67301","0","0","0","N","0","0","0","3","67504","0","","1.0","","1","N","N","N","0","","1","0","1","3","2","","2328","2","1","0","0","0","0","0","2","0","2","0","0","0","3","03","","N","","","","","","","","","",""
"2022117264","1500","0","0","0","0","0","0","0","0","0","8","0","","67","11","2022","3","39.958475","-75.225184","1457","6","0","0","0","0","0","0","0","0","","0","0","0","14","1","1","","1","0","39 57:30.510","","0","75 13:30.663","2","0","0","0","67301","1","0","1","N","1","0","1","1","67301","0","","1.0","","1","N","N","N","0","","0","1","0","3","2","","1455","2","1","0","0","0","0","0","2","0","1","1","0","1","3","03","","N","","","","","","","","","",""
"2022088883","1730","1","0","0","0","0","0","0","0","0","4","0","","67","9","2022","7","39.971446","-75.159371","1724","6","0","0","0","0","0","0","0","0","","0","0","0","17","1","0","","1","0","39 58:17.205","","0","75 09:33.736","0","0","0","0","67301","0","0","0","N","0","0","0","2","67301","0","","1.0","","1","N","N","N","0","","0","0","1","3","2","","1723","2","0","0","0","0","0","0","2","0","2","0","0","0","3","03","","N","","","","","","","","","",""
"2022112221","0206","0","0","0","0","0","0","0","0","0","7","0","","67","11","2022","2","40.065733","-74.982394","0202","6","0","0","0","0","0","0","0","0","","0","0","0","2","3","1","N","0","0","40 03:56.639","","0","74 58:56.617","3","0","0","0","67301","0","0","0","N","0","0","0","1","67301","0","","5.0","","1","N","N","N","0","","1","0","1","0","0","","200","1","1","1","0","0","0","0","2","0","1","0","0","0","3","03","","N","","","","","","","","","",""
"2022087433","0008","1","0","0","0","0","0","0","0","0","1","0","","67","9","2022","5","40.007907","-75.191921","0010","6","0","0","0","0","0","0","0","0","","0","0","0","0","3","1","N","0","0","40 00:28.466","","3","75 11:30.916","3","0","0","0","67301","0","0","0","N","0","0","0","2","67301","0","","1.0","","1","N","N","N","0","","1","0","1","0","0","","5","2","1","0","0","0","0","1","2","0","2","0","0","0","3","03","","N","","","","","","","","","",""
"2022088503","1714","2","0","0","0","0","0","0","0","0","1","0","","67","9","2022","1","39.967972","-75.130941","1709","6","0","0","0","0","0","2","1","0","","0","0","0","17","1","0","N","0","0","39 58:04.698","","0","75 07:51.388","0","0","0","0","67301","0","0","0","N","0","0","0","4","68K01","0","","1.0","","9","N","N","N","0","","0","0","0","0","0","","1708","3","0","0","0","0","0","0","2","1","3","0","0","0","3","03","","N","","","","","","","","","",""
"2022088868","1736","1","0","0","0","0","0","0","0","0","1","0","","67","9","2022","1","39.967795","-75.131525","1736","6","0","0","0","0","0","1","0","0","","0","0","0","16","1","1","N","0","1","39 58:04.062","2","0","75 07:53.491","4","0","0","0","67301","0","0","0","N","0","0","0","2","68K01","1","","1.0","1750.0","9","N","N","N","0","","0","0","1","0","0","Y","1649","2","1","0","0","0","0","0","2","0","2","0","0","0","3","03","","N","","","","","","","","","",""
"2022115622","","1","0","0","0","0","0","0","0","0","5","0","","67","10","2022","6","39.921371","-75.19261","","6","0","0","0","0","0","0","0","0","","0","0","0","19","1","1","N","0","0","39 55:16.936","","0","75 11:33.395","8","0","0","0","67301","0","0","0","N","0","0","0","2","00000","0","","1.0","","1","","","N","0","","0","0","1","0","0","","1930","2","1","1","0","0","1","0","2","0","2","0","0","0","3","","","N","","","","","","","","","",""
"2022088884","1909","0","0","0","0","0","0","0","0","0","1","0","","67","9","2022","7","39.985134","-75.178611","1905","6","0","0","0","0","0","1","0","0","","0","0","0","18","4","2","N","0","0","39 59:06.481","","0","75 10:43.000","3","0","0","0","67301","0","0","0","N","0","0","0","3","67301","0","","1.0","","1","N","N","N","0","","2","0","1","0","0","","1845","3","2","0","0","0","0","1","2","1","3","0","0","0","3","03","","N","","","","","","","","","",""
"2022118711","0127","0","0","0","0","0","0","0","0","0","7","0","","67","12","2022","4","39.982474","-75.207692","0122","6","0","0","0","0","0","1","0","0","","0","0","0","1","3","1","N","0","0","39 58:56.908","","0","75 12:27.690","3","0","0","0","67301","0","0","0","N","0","0","0","1","68K01","0","","2.0","","9","N","N","N","0","","1","0","1","0","0","","120","1","1","0","0","0","0","0","2","0","1","0","0","0","7","","","N","","","","","","","","","",""
"2022116665","2345","2","0","0","0","0","0","0","0","0","4","0","","67","12","2022","2","40.025956","-75.134814","2345","6","0","0","0","0","0","0","0","0","","0","0","0","21","3","0","N","0","9","40 01:33.440","","0","75 08:05.330","0","0","0","0","67301","0","0","0","N","0","0","0","1","67301","0","","6.0","","1","N","N","N","1","","0","0","0","0","0","","2109","3","0","0","0","0","0","0","2","0","3","0","0","0","3","","","N","","","","","","","","","",""
"2022087838","1017","1","0","0","0","0","0","0","0","0","7","0","","67","9","2022","6","40.038844","-75.171625","1013","6","0","0","0","0","0","0","0","0","","0","0","0","10","1","1","","1","0","40 02:19.838","","0","75 10:17.849","3","0","0","0","67301","0","0","0","N","0","0","0","2","67301","0","","5.0","","1","N","N","N","0","","1","0","0","3","2","","1013","1","1","0","0","0","0","0","2","0","1","0","0","0","3","98","","N","","","","","","","","","",""
"2022118175","0054","0","0","0","0","0","0","0","0","0","4","1","","67","12","2022","2","40.037892","-75.139494","0054","6","0","0","0","0","0","2","0","0","","0","1","0","0","3","0","","1","0","40 02:16.410","","0","75 08:22.177","0","0","0","0","67301","0","0","0","N","0","0","0","5","67301","0","","1.0","","1","N","N","N","0","","0","0","1","3","2","","54","2","0","0","0","0","0","0","2","0","2","0","0","0","3","03","","N","","","","","","","","","",""
"2022088240","2200","2","0","0","0","0","0","0","0","0","1","0","","67","9","2022","7","40.020332","-75.080449","2151","6","0","0","0","0","0","1","0","0","","0","0","0","21","3","2","","1","0","40 01:13.195","","1","75 04:49.615","3","0","0","0","67301","0","0","0","N","0","0","0","3","67301","0","","1.0","","1","N","N","N","0","","2","0","0","3","2","","2132","2","2","0","0","0","0","0","2","0","2","0","0","0","3","03","","N","","","","","","","","","",""
"2022087870","1045","1","0","0","0","0","0","0","0","0","8","0","","67","9","2022","4","39.918968","-75.167131","1041","6","0","0","0","0","0","0","0","0","","0","0","0","6","1","1","","5","0","39 55:08.284","","0","75 10:01.671","4","0","0","0","67301","1","0","0","N","0","0","0","2","67301","1","","1.0","","1","N","N","N","0","","0","0","0","3","2","","600","2","1","0","0","0","0","0","2","0","1","1","0","0","3","03","","N","","","","","","","","","",""