"CRN","ARRIVAL_TM","AUTOMOBILE_COUNT","BELTED_DEATH_COUNT","BELTED_SUSP_SERIOUS_INJ_COUNT","BICYCLE_COUNT","BICYCLE_DEATH_COUNT","BICYCLE_SUSP_SERIOUS_INJ_COUNT","BUS_COUNT","CHLDPAS_DEATH_COUNT","CHLDPAS_SUSP_SERIOUS_INJ_COUNT","COLLISION_TYPE","COMM_VEH_COUNT","CONS_ZONE_SPD_LIM","COUNTY","CRASH_MONTH","CRASH_YEAR","DAY_OF_WEEK","DEC_LATITUDE","DEC_LONGITUDE","DISPATCH_TM","DISTRICT","DRIVER_COUNT_16YR","DRIVER_COUNT_17YR","DRIVER_COUNT_18YR","DRIVER_COUNT_19YR","DRIVER_COUNT_20YR","DRIVER_COUNT_50_64YR","DRIVER_COUNT_65_74YR","DRIVER_COUNT_75PLUS","EST_HRS_CLOSED","FATAL_COUNT","HEAVY_TRUCK_COUNT","HORSE_BUGGY_COUNT","HOUR_OF_DAY","ILLUMINATION","INJURY_COUNT","INTERSECTION_RELATED","INTERSECT_TYPE","LANE_CLOSED","LATITUDE","LN_CLOSE_DIR","LOCATION_TYPE","LONGITUDE","MAX_SEVERITY_LEVEL","MCYCLE_DEATH_COUNT","MCYCLE_SUSP_SERIOUS_INJ_COUNT","MOTORCYCLE_COUNT","MUNICIPALITY","NONMOTR_COUNT","NONMOTR_DEATH_COUNT","NONMOTR_SUSP_SERIOUS_INJ_COUNT","NTFY_HIWY_MAINT","PED_COUNT","PED_DEATH_COUNT","PED_SUSP_SERIOUS_INJ_COUNT","PERSON_COUNT","POLICE_AGCY","POSSIBLE_INJ_COUNT","RDWY_SURF_TYPE_CD","RELATION_TO_ROAD","ROADWAY_CLEARED","ROAD_CONDITION","SCH_BUS_IND","SCH_ZONE_IND","SECONDARY_CRASH","SMALL_TRUCK_COUNT","SPEC_JURIS_CD","SUSP_MINOR_INJ_COUNT","SUSP_SERIOUS_INJ_COUNT","SUV_COUNT","TCD_FUNC_CD","TCD_TYPE","TFC_DETOUR_IND","TIME_OF_DAY","TOTAL_UNITS","TOT_INJ_COUNT","UNBELTED_OCC_COUNT","UNB_DEATH_COUNT","UNB_SUSP_SERIOUS_INJ_COUNT","UNK_INJ_DEG_COUNT","UNK_INJ_PER_COUNT","URBAN_RURAL","VAN_COUNT","VEHICLE_COUNT","VULNERABLE_ROAD_USER_COUNT","VULNERABLE_ROAD_USER_DEATH_COUNT","VULNERABLE_ROAD_USER_SER_INJ_COUNT","WEATHER1","WEATHER2","WORKERS_PRES","WORK_ZONE_IND","WORK_ZONE_LOC","WORK_ZONE_TYPE","WZ_CLOSE_DETOUR","WZ_FLAGGER","WZ_LAW_OFFCR_IND","WZ_LN_CLOSURE","WZ_MOVING","WZ_OTHER","WZ_SHLDER_MDN","WZ_WORKERS_INJ_KILLED"
"2022115628","1020","1","0","0","0","0","0","1","0","0","5","1","","67","11","2022","2","39.980413","-75.157424","1010","6","0","0","0","0","0","2","0","0","","0","0","0","10","1","4","N","0","0","39 58:49.488","","0","75 09:26.727","8","0","0","0","67301","0","0","0","N","0","0","0","7","67508","0","","1.0","","1","N","N","N","0","","0","0","1","0","0","","1010","3","4","2","0","0","4","2","2","0","3","0","0","0","3","03","","N","","","","","","","","","",""
"2022119588","1832","1","0","0","0","0","0","0","0","0","1","0","","67","12","2022","1","40.009186","-75.166264","1816","6","0","0","0","0","0","0","0","0","","0","0","0","13","1","0","N","0","0","40 00:33.070","","0","75 09:58.550","9","0","0","0","67301","0","0","0","N","0","0","0","1","67301","0","","2.0","","9","N","N","N","0","","0","0","0","0","0","","1345","2","0","0","0","0","0","1","2","0","2","0","0","0","7","04","","N","","","","","","","","","",""
"2022119141","1009","0","0","0","0","0","0","0","0","0","7","0","","67","11","2022","1","39.951709","-75.141471","1003","6","0","0","0","0","0","0","0","0","","0","0","0","10","1","0","N","0","0","39 57:06.151","","0","75 08:29.297","0","0","0","0","67301","0","0","0","N","0","0","0","1","68K01","0","","2.0","","1","N","N","N","0","","0","0","0","0","0","","1002","1","0","0","0","0","0","0","2","1","1","0","0","0","3","","","N","","","","","","","","","",""
"2022116782","1655","1","0","0","0","0","0","0","0","0","5","0","","67","12","2022","5","40.036971","-75.013473","1648","6","0","0","0","0","0","1","1","0","","0","0","0","15","1","2","N","0","0","40 02:13.096","","0","75 00:48.504","4","0","0","0","67301","0","0","0","N","0","0","0","3","68K01","2","","1.0","","1","N","N","N","0","","0","0","1","0","0","","1557","2","2","0","0","0","0","0","2","0","2","0","0","0","3","03","","N","","","","","","","","","",""
"2022088161","1145","1","0","0","0","0","0","0","0","0","6","0","","67","9","2022","7","39.943822","-75.237857","1145","6","0","0","0","0","0","1","0","0","","0","0","0","11","1","0","","1","1","39 56:37.760","7","0","75 14:16.286","0","0","0","0","67301","0","0","0","N","0","0","0","2","67301","0","","1.0","1210.0","1","N","N","N","0","","0","0","1","3","2","Y","1144","2","0","2","0","0","0","0","2","0","2","0","0","0","3","03","","N","","","","","","","","","",""
"2022089281","1117","2","0","0","0","0","0","0","0","0","4","0","","67","9","2022","2","40.020198","-75.150541","1112","6","0","0","0","0","0","0","1","0","","0","0","0","10","1","1","","1","0","40 01:12.714","","3","75 09:01.947","3","0","0","0","67301","0","0","0","N","0","0","0","2","67301","0","","1.0","","1","N","N","N","0","","1","0","0","3","2","","1044","2","1","2","0","0","0","0","2","0","2","0","0","0","4","04","","N","","","","","","","","","",""
"2022088194","0557","0","0","0","0","0","0","0","0","0","4","0","","67","9","2022","7","40.040505","-75.059087","0555","6","0","0","0","0","0","2","0","0","","0","0","0","5","3","3","","1","1","40 02:25.817","2","0","75 03:32.713","3","0","0","0","67301","0","0","0","N","0","0","0","6","67301","2","","1.0","706.0","1","N","N","N","0","","1","0","2","3","2","N","544","2","3","0","0","0","0","0","2","0","2","0","0","0","3","","","N","","","","","","","","","",""
"2022117762","0038","0","0","0","0","0","0","0","0","0","99","0","","67","12","2022","7","39.996175","-75.141342","0034","6","0","0","0","0","0","0","0","0","","0","0","0","22","3","0","N","0","0","39 59:46.230","","0","75 08:28.830","9","0","0","0","67301","0","0","0","N","0","0","0","1","67301","0","","1.0","","1","N","N","N","0","","0","0","1","3","2","","2214","1","0","0","0","0","0","1","2","0","1","0","0","0","3","","","N","","","","","","","","","",""
"2022088255","1209","0","0","0","0","0","0","0","0","0","1","0","","67","9","2022","7","40.003185","-75.152576","1156","6","0","0","0","0","0","2","0","0","","0","0","0","11","1","1","","5","0","40 00:11.467","","0","75 09:09.273","3","0","0","0","67301","0","0","0","N","0","0","0","2","67301","0","","1.0","","1","N","N","N","0","","1","0","2","3","2","","1106","2","1","0","0","0","0","0","2","0","2","0","0","0","3","03","","N","","","","","","","","","",""
"2022089314","0025","0","0","0","0","0","0","0","0","0","1","0","","67","9","2022","3","40.051528","-75.148528","0025","6","0","0","0","0","0","1","0","0","","0","0","0","0","3","4","N","0","0","40 03:05.500","","0","75 08:54.700","3","0","0","0","67301","0","0","0","N","0","0","0","4","67301","0","","1.0","","1","N","N","N","0","","4","0","2","0","0","","24","2","4","0","0","0","0","0","2","0","2","0","0","0","3","03","","N","","","","","","","","","",""
"2022114236","1710","1","0","0","0","0","0","0","0","0","8","0","","67","12","2022","6","40.042709","-75.024531","1702","6","0","0","0","0","0","1","0","0","","0","0","0","17","4","1","N","0","0","40 02:33.754","","7","75 01:28.311","3","0","0","0","67301","1","0","0","N","1","0","0","2","67301","0","","1.0","","1","N","N","N","0","","1","0","0","0","0","","1701","2","1","0","0","0","0","0","2","0","1","1","0","0","3","03","","N","","","","","","","","","",""
"2022117759","0818","1","0","0","0","0","0","0","0","0","4","1","","67","12","2022","6","39.995034","-75.227631","0803","6","0","0","0","0","0","0","0","0","","0","1","0","7","1","1","","1","1","39 59:42.122","2","0","75 13:39.471","8","0","0","0","67301","0","0","0","N","0","0","0","2","67301","0","","1.0","1015.0","1","N","N","N","0","","0","0","0","3","3","N","751","2","1","1","0","0","1","0","2","0","2","0","0","0","3","03","","N","","","","","","","","","",""
"2022115554","0528","2","0","0","0","0","0","0","0","0","1","0","","67","10","2022","1","39.937104","-75.199041","0521","6","0","0","0","0","0","0","0","0","","0","0","0","5","3","0","N","0","0","39 56:13.575","","0","75 11:56.547","0","0","0","0","67301","0","0","0","N","0","0","0","2","68K01","0","","1.0","","1","N","N","N","0","","0","0","0","0","0","","510","2","0","0","0","0","0","0","2","0","2","0","0","0","3","03","","N","","","","","","","","","",""
"2022116342","1940","1","0","0","0","0","0","0","0","0","8","0","","67","12","2022","4","39.934269","-75.150819","1937","6","0","0","0","0","0","1","0","0","","0","0","0","19","3","1","","2","0","39 56:03.368","","0","75 09:02.948","8","0","0","0","67301","1","0","0","N","1","0","0","2","67301","0","","1.0","","9","N","N","N","0","","0","0","0","3","2","","1936","2","1","0","0","0","1","0","2","0","1","1","0","0","3","","","N","","","","","","","","","",""
"2022089133","0218","1","0","0","0","0","0","0","0","0","7","0","","67","9","2022","1","39.996492","-75.081096","0217","6","0","0","0","0","0","0","0","0","","0","0","0","2","3","1","N","0","0","39 59:47.371","","0","75 04:51.947","3","0","0","0","67301","0","0","0","N","0","0","0","1","68K01","0","","2.0","","1","N","N","N","0","","1","0","0","0","0","","205","1","1","0","0","0","0","0","2","0","1","0","0","0","3","","","N","","","","","","","","","",""
"2022088731","0919","1","0","0","0","0","0","0","0","0","8","0","","67","9","2022","5","39.964472","-75.220111","0919","6","0","0","0","0","0","1","0","0","","0","0","0","9","1","1","N","0","0","39 57:52.100","","0","75 13:12.400","3","0","0","0","67301","1","0","0","N","1","0","0","2","67301","0","","1.0","","1","N","N","N","0","","1","0","0","0","0","","919","2","1","0","0","0","0","0","2","0","1","1","0","0","3","04","","N","","","","","","","","","",""
"2022119020","0040","1","0","0","0","0","0","0","0","0","8","0","","67","12","2022","2","39.974049","-75.204529","0030","6","0","0","0","0","0","0","0","0","","0","0","0","22","3","1","N","0","0","39 58:26.577","","0","75 12:16.303","8","0","0","0","67301","1","0","0","N","1","0","0","2","67301","0","","1.0","","1","N","N","N","0","","0","0","0","0","0","","2230","2","1","1","0","0","1","0","2","0","1","1","0","0","3","","","N","","","","","","","","","",""
"2022109207","0700","0","0","0","0","0","0","1","0","0","8","1","","67","11","2022","5","40.037892","-75.139494","0625","6","0","0","0","0","0","1","0","0","","0","0","0","6","1","1","","1","0","40 02:16.410","","0","75 08:22.177","8","0","0","0","67301","1","0","0","N","1","0","0","2","67508","0","","1.0","","98","N","N","Y","0","","0","0","0","3","2","","625","2","1","0","0","0","1","0","2","0","1","1","0","0","3","03","","N","","","","","","","","","",""
"2022088958","0835","1","0","0","0","0","0","0","0","0","1","0","","67","9","2022","2","40.055964","-75.050172","0832","6","0","0","0","0","0","0","0","0","","0","0","0","7","1","0","N","0","0","40 03:21.470","","0","75 03:00.620","9","0","0","0","67301","0","0","0","N","0","0","0","1","67301","0","","6.0","","1","N","N","N","0","","0","0","0","0","0","","709","2","0","0","0","0","0","1","2","0","2","0","0","0","3","03","","N","","","","","","","","","",""
"2022096699","","1","0","0","0","0","0","0","0","0","1","0","","67","10","2022","3","39.895373","-75.216842","","6","0","0","0","0","0","0","0","0","","0","0","0","0","3","1","N","0","0","39 53:43.342","","3","75 13:00.632","8","0","0","0","67301","0","0","0","N","0","0","0","2","00000","0","","1.0","","1","","","N","0","","0","0","1","0","0","","55","2","1","1","0","0","1","0","2","0","2","0","0","0","3","","","N","","","","","","","","","",""
"2022093812","1202","0","0","0","0","0","0","0","0","0","8","1","","67","9","2022","3","39.970146","-75.237445","1202","6","0","0","0","0","0","0","0","0","","0","1","0","10","1","1","","1","0","39 58:12.525","","0","75 14:14.801","3","0","0","0","67301","1","0","0","N","1","0","0","2","67301","0","","1.0","","1","N","N","N","0","","1","0","0","3","2","","1051","2","1","0","0","0","0","1","2","0","1","1","0","0","3","","","N","","","","","","","","","",""
"2022118781","0003","0","0","0","0","0","0","1","0","0","4","1","","67","12","2022","2","40.025378","-75.073311","0000","6","0","0","0","0","0","0","0","0","","0","0","0","0","3","3","","1","0","40 01:31.360","","0","75 04:23.920","4","0","0","0","67301","0","0","0","N","0","0","0","5","67508","1","","1.0","","1","N","N","Y","0","","0","0","1","3","2","","0","2","3","1","0","0","2","0","2","0","2","0","0","0","3","03","","N","","","","","","","","","",""
"2022115932","1300","0","0","0","0","0","0","0","0","0","4","1","","67","12","2022","3","39.955608","-75.189481","1244","6","0","0","0","0","0","0","0","0","","0","1","0","8","1","1","","1","0","39 57:20.190","","0","75 11:22.130","3","0","0","0","67301","0","0","0","N","0","0","0","2","67301","0","","1.0","","99","N","N","N","0","","1","0","1","9","2","","810","2","1","1","0","0","0","0","2","0","2","0","0","0","7","07","","N","","","","","","","","","",""
"2022118538","0257","0","0","0","0","0","0","0","0","0","4","0","","67","12","2022","2","40.010322","-75.207049","0256","6","0","0","0","0","0","0","0","0","","0","0","0","2","3","0","N","0","1","40 00:37.160","4","0","75 12:25.376","9","0","0","0","67301","0","0","0","N","0","0","0","2","68K01","0","","1.0","305.0","1","N","N","N","0","","0","0","1","0","0","N","256","2","0","0","0","0","0","1","2","0","2","0","0","0","3","03","","N","","","","","","","","","",""
"2022094160","0646","0","0","0","0","0","0","0","0","0","1","0","","67","9","2022","4","39.986811","-75.135742","0640","6","0","0","0","0","0","0","0","0","","0","0","0","6","1","0","N","0","0","39 59:12.520","","0","75 08:08.670","9","0","0","0","67301","0","0","0","N","0","0","0","1","67301","0","","6.0","","1","N","N","N","1","","0","0","1","0","0","","635","2","0","0","0","0","0","1","2","0","2","0","0","0","3","03","","N","","","","","","","","","",""
"2022106153","2303","3","0","0","0","0","0","0","0","0","4","0","","67","9","2022","5","39.953763","-75.236423","2205","6","0","0","0","0","0","0","0","0","","0","0","0","22","3","2","","1","0","39 57:13.546","","0","75 14:11.122","3","0","0","0","67301","0","0","0","N","0","0","0","3","67301","0","","1.0","","1","N","N","N","0","","2","0","0","3","3","","2205","3","2","3","0","0","0","0","2","0","3","0","0","0","3","03","","N","","","","","","","","","",""
"2022090307","1716","0","0","0","0","0","0","0","0","0","5","0","","67","9","2022","5","39.997843","-75.110972","1715","6","0","0","0","1","0","0","0","0","","0","0","0","17","1","1","","5","0","39 59:52.234","","1","75 06:39.499","3","0","0","1","67301","0","0","0","N","0","0","0","2","67301","0","","1.0","","1","N","N","N","1","","1","0","0","3","2","","1710","2","1","1","0","0","0","0","2","0","2","0","0","0","3","03","","N","","","","","","","","","",""
"2022109325","0754","1","0","0","0","0","0","0","0","0","7","0","","67","11","2022","4","39.890453","-75.239557","0748","6","0","0","0","0","0","0","0","0","","0","0","0","7","1","0","N","0","0","39 53:25.632","","0","75 14:22.404","0","0","0","0","67301","0","0","0","N","0","0","0","3","68K01","0","","2.0","","1","N","N","N","1","","0","0","1","0","0","","736","3","0","0","0","0","0","0","2","0","3","0","0","0","3","03","","N","","","","","","","","","",""
"2022114237","1425","0","0","0","0","0","0","0","0","0","99","0","","67","11","2022","7","39.932955","-75.167759","1425","6","0","0","0","0","0","0","0","0","","0","0","0","21","3","1","","2","0","39 55:58.639","","0","75 10:03.934","8","0","0","0","67301","1","0","0","N","1","0","0","2","67301","0","","9.0","","99","N","N","N","0","","0","0","0","9","3","","2120","2","1","0","0","0","1","1","2","0","1","1","0","0","3","","","N","","","","","","","","","",""
"2022119575","1424","1","0","0","0","0","0","0","0","0","4","0","","67","12","2022","4","39.925519","-75.241733","1424","6","0","0","0","0","0","0","0","0","","0","0","0","16","8","0","","1","0","39 55:31.869","","0","75 14:30.237","9","0","0","0","67301","0","0","0","N","0","0","0","2","67301","0","","1.0","","98","N","N","N","0","","0","0","0","3","3","","1657","2","0","0","0","0","0","1","2","1","2","0","0","0","98","07","","N","","","","","","","","","",""
"2022086458","2219","2","0","0","0","0","0","0","0","0","4","0","","67","9","2022","6","40.020399","-75.12648","2217","6","0","0","0","0","0","0","0","0","","0","0","0","22","3","1","","2","1","40 01:13.436","5","0","75 07:35.327","3","0","0","1","67301","0","0","0","N","0","0","0","3","67301","0","","1.0","2320.0","1","N","N","N","0","","1","0","0","0","0","Y","2211","3","1","0","0","0","0","0","2","0","3","0","0","0","3","03","","N","","","","","","","","","",""
"2022116617","0043","1","0","0","0","0","0","0","0","0","7","0","","67","11","2022","3","39.982644","-75.207779","0038","6","0","0","0","0","0","0","0","0","","0","0","0","0","3","1","N","0","1","39 58:57.519","4","0","75 12:28.005","8","0","0","0","67301","0","0","0","N","0","0","0","1","68K01","0","","2.0","1300.0","1","N","N","N","0","","0","0","0","0","0","N","37","1","1","1","0","0","1","0","2","0","1","0","0","0","3","","","N","","","","","","","","","",""
"2022109031","1624","0","0","0","0","0","0","0","0","0","4","0","","67","11","2022","5","40.010074","-75.157612","1619","6","0","0","0","0","0","2","0","0","","0","0","0","14","1","2","","1","2","40 00:36.265","3","0","75 09:27.402","3","0","0","0","67301","0","0","0","N","0","0","0","2","67301","0","","1.0","1715.0","1","N","N","N","1","","1","0","1","3","2","Y","1430","2","2","0","0","0","1","0","2","0","2","0","0","0","3","","","N","","","","","","","","","",""
"2022115377","1627","2","0","0","0","0","0","0","0","0","1","0","","67","11","2022","3","40.025838","-75.028189","1549","6","0","0","0","0","1","0","0","0","","0","0","0","15","1","1","N","0","0","40 01:33.016","","0","75 01:41.479","8","0","0","0","67301","0","0","0","N","0","0","0","4","68K01","0","","1.0","","1","N","N","Y","0","","0","0","0","0","0","","1546","2","1","1","0","0","1","0","2","0","2","0","0","0","3","","","N","","","","","","","","","",""
"2022121358","0415","0","0","0","0","0","0","0","0","0","2","0","","67","11","2022","7","39.994631","-75.094531","0415","6","0","0","0","0","0","0","0","0","","1","0","0","21","3","2","","1","2","39 59:40.673","7","0","75 05:40.311","1","0","0","0","67301","1","1","0","N","1","1","0","12","67301","0","2","1.0","359.0","1","N","N","N","1","0","2","0","2","3","2","Y","2122","4","2","0","0","0","0","7","2","0","3","1","1","0","3","03","","N","","","","","","","","","",""
"2022120113","1845","0","0","0","0","0","0","0","0","0","8","0","","67","12","2022","2","39.924351","-75.175698","1841","6","0","0","0","0","0","0","0","0","","0","0","0","16","3","1","N","0","0","39 55:27.663","","0","75 10:32.514","3","0","0","0","67301","1","0","0","N","1","0","0","2","67301","0","","1.0","","1","N","N","N","0","","1","0","0","0","0","","1655","2","1","0","0","0","0","1","2","0","1","1","0","0","3","03","","N","","","","","","","","","",""
"2022092824","2225","2","0","0","0","0","0","0","0","0","4","0","","67","10","2022","4","40.039436","-75.154006","2219","6","0","0","0","0","0","1","0","0","","0","0","0","22","3","2","N","0","0","40 02:21.968","","0","75 09:14.423","8","0","0","0","67301","0","0","0","N","0","0","0","4","67301","0","","1.0","","1","N","N","N","0","","0","0","0","0","0","","2215","2","2","0","0","0","2","0","2","0","2","0","0","0","3","03","","N","","","","","","","","","",""
"2022115122","1450","1","0","0","0","0","0","0","0","0","7","0","","67","12","2022","2","40.023099","-75.136573","1444","6","0","0","0","0","0","0","1","0","","0","0","0","14","1","1","N","0","1","40 01:23.157","2","0","75 08:11.664","3","0","0","0","67301","0","0","0","N","0","0","0","1","67301","0","","3.0","1604.0","1","N","N","N","0","","1","0","0","0","0","Y","1443","1","1","0","0","0","0","0","2","0","1","0","0","0","3","03","","N","","","","","","","","","",""
"2022104569","","2","0","0","0","0","0","0","0","0","1","0","","67","10","2022","2","39.960173","-75.137197","","6","0","0","0","0","0","1","0","0","","0","0","0","20","1","1","","2","0","39 57:36.624","","0","75 08:13.909","8","0","0","0","67301","0","0","0","N","0","0","0","2","00000","0","","1.0","","1","","","N","0","","0","0","0","3","2","","2015","2","1","0","0","0","1","0","2","0","2","0","0","0","3","","","N","","","","","","","","","",""
"2022114301","2327","2","0","0","0","0","0","0","0","0","5","0","","67","11","2022","6","39.926847","-75.195031","2320","6","0","0","0","0","0","0","0","0","","0","0","0","23","3","0","N","0","1","39 55:36.650","3","0","75 11:42.113","0","0","0","0","67301","0","0","0","N","0","0","0","1","68K01","0","","1.0","1140.0","1","N","N","N","0","","0","0","0","0","0","N","2302","2","0","0","0","0","0","0","2","0","2","0","0","0","3","","","N","","","","","","","","","",""
"2022088168","1555","2","0","0","0","0","0","0","0","0","1","0","","67","9","2022","6","40.053904","-75.083095","1550","6","0","0","0","0","0","1","0","0","","0","0","0","15","1","1","","1","0","40 03:14.053","","0","75 04:59.142","4","0","0","0","67301","0","0","0","N","0","0","0","4","67301","1","","1.0","","1","N","N","N","0","","0","0","2","3","2","","1549","4","1","1","0","0","0","1","2","0","4","0","0","0","3","03","","N","","","","","","","","","",""
"2022115123","2025","2","0","0","0","0","0","0","0","0","4","0","","67","7","2022","6","40.020313","-75.162803","2023","6","0","0","0","0","0","1","0","0","","0","0","0","20","4","1","","2","0","40 01:13.127","","0","75 09:46.089","3","0","0","0","67301","0","0","0","N","0","0","0","2","67301","0","","1.0","","1","N","N","N","0","","1","0","0","0","0","","2018","2","1","0","0","0","0","0","2","0","2","0","0","0","3","03","","N","","","","","","","","","",""
"2022120503","1640","1","0","0","0","0","0","0","0","0","2","0","","67","12","2022","4","39.991626","-75.109094","1640","6","0","0","0","0","0","0","0","0","","0","0","0","16","3","0","N","0","0","39 59:29.853","","0","75 06:32.737","0","0","0","0","67301","0","0","0","N","0","0","0","1","67301","0","","1.0","","1","N","N","N","0","","0","0","0","0","0","","1640","2","0","1","0","0","0","0","2","0","2","0","0","0","3","03","","N","","","","","","","","","",""
"2022114079","1020","0","0","0","0","0","0","0","0","0","8","0","","67","12","2022","6","40.055282","-75.192943","1004","6","0","0","0","0","0","0","0","0","","0","0","0","10","1","1","","1","0","40 03:19.015","","0","75 11:34.594","3","0","0","0","67301","1","0","0","N","1","0","0","1","67301","0","","1.0","","1","N","N","N","0","","1","0","1","3","2","","1002","2","1","0","0","0","0","0","2","0","1","1","0","0","3","","","N","","","","","","","","","",""
"2022114503","1111","1","0","0","0","0","0","0","0","0","7","0","","67","12","2022","7","40.043838","-75.002914","1105","6","0","0","0","0","0","0","0","0","","0","0","0","11","1","0","N","0","0","40 02:37.816","","0","75 00:10.490","0","0","0","0","67301","0","0","0","N","0","0","0","2","68K01","0","","3.0","","9","N","N","N","0","","0","0","0","0","0","","1104","1","0","0","0","0","0","0","2","0","1","0","0","0","7","07","","N","","","","","","","","","",""
"2022087321","0555","4","0","0","0","0","0","0","0","0","8","0","","67","9","2022","3","39.882428","-75.2438","0552","6","0","0","1","0","0","0","0","0","","0","0","0","5","1","0","N","0","0","39 52:56.740","","0","75 14:37.680","0","0","0","0","67301","1","0","0","N","1","0","0","5","67301","0","","6.0","","1","N","N","N","0","","0","0","0","0","0","","550","5","0","0","0","0","0","0","2","0","4","1","0","0","3","03","","N","","","","","","","","","",""
"2022087629","1651","2","0","0","0","0","0","0","0","0","4","0","","67","9","2022","5","40.03694","-75.145084","1650","6","0","0","0","0","0","0","0","0","","0","0","0","16","1","0","","2","0","40 02:12.984","","0","75 08:42.301","9","0","0","0","67301","0","0","0","N","0","0","0","2","67301","0","","1.0","","1","N","N","N","0","","0","0","0","3","2","","1628","2","0","2","0","0","0","1","2","0","2","0","0","0","3","03","","N","","","","","","","","","",""
"2022109624","1143","1","0","0","0","0","0","0","0","0","1","1","","67","11","2022","7","40.077278","-75.175645","1142","6","0","0","0","1","0","0","0","0","","0","1","0","23","3","1","N","0","0","40 04:38.202","","0","75 10:32.322","8","0","0","0","67301","0","0","0","N","0","0","0","4","67301","0","","1.0","","1","N","N","N","0","","0","0","0","0","0","","2342","2","1","1","0","0","1","0","2","0","2","0","0","0","3","03","","N","","","","","","","","","",""
"2022089299","1755","1","0","0","0","0","0","0","0","0","5","0","","67","9","2022","4","39.920059","-75.162021","1751","6","0","0","0","0","0","0","0","0","","0","0","0","16","1","1","","1","0","39 55:12.212","","0","75 09:43.275","4","0","0","1","67301","0","0","0","N","0","0","0","3","67301","1","","1.0","","1","N","N","N","0","","0","0","0","3","3","","1600","2","1","0","0","0","0","0","2","0","2","0","0","0","3","","","N","","","","","","","","","",""
"2022114332","0035","1","0","0","0","0","0","0","0","0","4","1","","67","12","2022","6","40.053853","-75.086308","0027","6","0","0","0","0","0","1","0","0","","0","0","0","23","3","0","","1","1","40 03:13.871","1","0","75 05:10.708","9","0","0","0","67301","0","0","0","N","0","0","0","3","67301","0","","1.0","136.0","1","N","N","N","1","","0","0","0","3","2","N","2310","2","0","0","0","0","0","2","2","0","2","0","0","0","3","03","","N","","","","","","","","","",""
"2022115863","2020","1","0","0","0","0","0","0","0","0","5","1","","67","11","2022","6","39.914845","-75.148056","2018","6","0","0","0","0","0","0","0","0","","0","1","0","20","3","3","N","0","0","39 54:53.441","","0","75 08:53.002","4","0","0","0","67301","0","0","0","N","0","0","0","6","68K01","3","","1.0","","1","N","N","N","0","","0","0","0","0","0","","2017","3","3","0","0","0","0","0","2","1","3","0","0","0","3","03","","N","","","","","","","","","",""
"2022088235","0335","0","0","0","0","0","0","0","0","0","7","0","","67","9","2022","6","39.898761","-75.169947","0321","6","0","0","0","0","0","0","0","0","","0","0","0","3","3","3","N","0","2","39 53:55.541","1","3","75 10:11.809","3","0","0","0","67301","0","0","0","N","0","0","0","3","68K01","0","","4.0","430.0","1","N","N","N","0","","3","0","2","0","0","N","320","2","3","0","0","0","0","0","2","0","2","0","0","0","3","03","","N","","","","","","","","","",""
"2022085047","0652","1","0","0","0","0","0","0","0","0","4","0","","67","9","2022","6","40.039341","-75.184832","0650","6","0","0","0","0","0","1","0","0","","0","0","0","6","5","1","","1","0","40 02:21.627","","0","75 11:05.396","8","0","0","1","67301","0","0","0","N","0","0","0","2","67301","0","","1.0","","1","N","N","N","0","","0","0","0","3","2","","645","2","1","0","0","0","1","0","2","0","2","0","0","0","3","03","","N","","","","","","","","","",""
"2022087871","2107","1","0","0","0","0","0","0","0","0","4","0","","67","9","2022","5","39.924704","-75.152952","2106","6","1","0","0","0","0","0","0","0","","0","0","0","20","3","0","","1","0","39 55:28.934","","0","75 09:10.627","9","0","0","0","67301","0","0","0","N","0","0","0","3","67301","0","","1.0","","99","N","N","N","0","","0","0","1","3","3","","2050","2","0","0","0","0","0","1","2","0","2","0","0","0","99","","","N","","","","","","","","","",""
"2022087216","1601","1","0","0","0","0","0","0","0","0","4","0","","67","9","2022","4","39.975836","-75.158419","1600","6","0","1","0","0","0","0","0","0","","0","0","0","15","1","1","","1","0","39 58:33.009","","0","75 09:30.309","3","0","0","1","67301","0","0","0","N","0","0","0","3","67301","0","","1.0","","1","N","N","N","0","","1","0","0","3","2","","1500","2","1","0","0","0","0","0","2","0","2","0","0","0","3","03","","N","","","","","","","","","",""
"2022090683","1610","0","0","0","0","0","0","0","0","0","5","0","","67","10","2022","1","40.021578","-75.079739","1607","6","0","0","0","0","0","0","0","0","","0","0","0","15","1","0","N","0","2","40 01:17.680","4","0","75 04:47.060","0","0","0","0","67301","0","0","0","N","0","0","0","1","67301","0","","6.0","1732.0","9","N","N","N","0","","0","0","2","0","0","Y","1557","2","0","1","0","0","0","0","2","0","2","0","0","0","7","","","N","","","","","","","","","",""
"2022116649","1814","1","0","0","0","0","0","0","0","0","8","0","","67","12","2022","1","40.029533","-75.206191","1810","6","0","0","0","0","0","0","0","0","","0","0","0","18","3","1","N","0","1","40 01:46.319","5","0","75 12:22.286","3","0","0","0","67301","1","0","0","N","1","0","0","2","67301","0","","1.0","1832.0","1","N","N","N","0","","1","0","0","0","0","Y","1809","2","1","1","0","0","0","0","2","0","1","1","0","0","3","03","","N","","","","","","","","","",""
"2022090814","0318","2","0","0","0","0","0","0","0","0","4","0","","67","9","2022","5","39.921451","-75.176931","0311","6","0","0","0","0","0","0","0","0","","0","0","0","2","3","1","","1","0","39 55:17.223","","0","75 10:36.951","3","0","0","0","67301","0","0","0","N","0","0","0","2","67301","0","","1.0","","1","N","N","N","0","","1","0","0","3","2","","228","2","1","0","0","0","0","1","2","0","2","0","0","0","3","03","","N","","","","","","","","","",""