"CRN","ARRIVAL_TM","AUTOMOBILE_COUNT","BELTED_DEATH_COUNT","BELTED_SUSP_SERIOUS_INJ_COUNT","BICYCLE_COUNT","BICYCLE_DEATH_COUNT","BICYCLE_SUSP_SERIOUS_INJ_COUNT","BUS_COUNT","CHLDPAS_DEATH_COUNT","CHLDPAS_SUSP_SERIOUS_INJ_COUNT","COLLISION_TYPE","COMM_VEH_COUNT","CONS_ZONE_SPD_LIM","COUNTY","CRASH_MONTH","CRASH_YEAR","DAY_OF_WEEK","DEC_LATITUDE","DEC_LONGITUDE","DISPATCH_TM","DISTRICT","DRIVER_COUNT_16YR","DRIVER_COUNT_17YR","DRIVER_COUNT_18YR","DRIVER_COUNT_19YR","DRIVER_COUNT_20YR","DRIVER_COUNT_50_64YR","DRIVER_COUNT_65_74YR","DRIVER_COUNT_75PLUS","EST_HRS_CLOSED","FATAL_COUNT","HEAVY_TRUCK_COUNT","HORSE_BUGGY_COUNT","HOUR_OF_DAY","ILLUMINATION","INJURY_COUNT","INTERSECTION_RELATED","INTERSECT_TYPE","LANE_CLOSED","LATITUDE","LN_CLOSE_DIR","LOCATION_TYPE","LONGITUDE","MAX_SEVERITY_LEVEL","MCYCLE_DEATH_COUNT","MCYCLE_SUSP_SERIOUS_INJ_COUNT","MOTORCYCLE_COUNT","MUNICIPALITY","NONMOTR_COUNT","NONMOTR_DEATH_COUNT","NONMOTR_SUSP_SERIOUS_INJ_COUNT","NTFY_HIWY_MAINT","PED_COUNT","PED_DEATH_COUNT","PED_SUSP_SERIOUS_INJ_COUNT","PERSON_COUNT","POLICE_AGCY","POSSIBLE_INJ_COUNT","RDWY_SURF_TYPE_CD","RELATION_TO_ROAD","ROADWAY_CLEARED","ROAD_CONDITION","SCH_BUS_IND","SCH_ZONE_IND","SECONDARY_CRASH","SMALL_TRUCK_COUNT","SPEC_JURIS_CD","SUSP_MINOR_INJ_COUNT","SUSP_SERIOUS_INJ_COUNT","SUV_COUNT","TCD_FUNC_CD","TCD_TYPE","TFC_DETOUR_IND","TIME_OF_DAY","TOTAL_UNITS","TOT_INJ_COUNT","UNBELTED_OCC_COUNT","UNB_DEATH_COUNT","UNB_SUSP_SERIOUS_INJ_COUNT","UNK_INJ_DEG_COUNT","UNK_INJ_PER_COUNT","URBAN_RURAL","VAN_COUNT","VEHICLE_COUNT","VULNERABLE_ROAD_USER_COUNT","VULNERABLE_ROAD_USER_DEATH_COUNT","VULNERABLE_ROAD_USER_SER_INJ_COUNT","WEATHER1","WEATHER2","WORKERS_PRES","WORK_ZONE_IND","WORK_ZONE_LOC","WORK_ZONE_TYPE","WZ_CLOSE_DETOUR","WZ_FLAGGER","WZ_LAW_OFFCR_IND","WZ_LN_CLOSURE","WZ_MOVING","WZ_OTHER","WZ_SHLDER_MDN","WZ_WORKERS_INJ_KILLED"
"2022091834","1113","1","0","0","0","0","0","0","0","0","4","0","","67","10","2022","3","39.971617","-75.126514","1113","6","0","0","0","0","0","1","0","0","","0","0","0","10","1","0","N","0","0","39 58:17.822","","0","75 07:35.452","0","0","0","0","67301","0","0","0","N","0","0","0","2","67301","0","","1.0","","9","N","N","N","1","","0","0","0","0","0","","1055","2","0","0","0","0","0","0","2","0","2","0","0","0","7","","","N","","","","","","","","","",""
"2022123213","1949","3","0","0","0","0","0","0","0","0","1","0","","67","12","2022","3","40.038425","-75.010229","1947","6","0","0","0","1","0","0","0","0","","0","0","0","19","3","1","N","0","2","40 02:18.329","2","0","75 00:36.823","8","0","0","0","67301","0","0","0","N","0","0","0","4","68K01","0","","1.0","820.0","9","N","N","N","0","","0","0","0","0","0","N","1946","3","1","0","0","0","1","0","2","0","3","0","0","0","7","07","","N","","","","","","","","","",""
"2022121803","1331","0","0","0","1","0","0","0","0","0","8","0","","67","7","2022","4","40.003066","-75.164297","1327","6","0","0","0","0","0","1","0","0","","0","0","0","13","1","1","","1","0","40 00:11.036","","0","75 09:51.468","3","0","0","0","67301","1","0","0","N","0","0","0","2","67301","0","","1.0","","1","N","N","N","0","","1","0","1","3","2","","1311","2","1","0","0","0","0","0","2","0","1","1","0","0","3","","","N","","","","","","","","","",""
"2022121810","1750","1","0","0","0","0","0","0","0","0","2","0","","67","12","2022","3","40.011437","-75.155688","1745","6","0","0","0","0","0","2","0","0","","0","0","0","17","3","0","","1","0","40 00:41.173","","0","75 09:20.476","0","0","0","0","67301","0","0","0","N","0","0","0","4","67301","0","","1.0","","1","N","N","N","0","","0","0","1","3","3","","1715","2","0","0","0","0","0","0","2","0","2","0","0","0","3","03","","N","","","","","","","","","",""
"2022123211","1642","1","0","0","0","0","0","0","0","0","5","1","","67","11","2022","1","40.017428","-75.049154","1628","6","0","0","1","0","0","0","0","0","","0","1","0","16","4","0","N","0","1","40 01:02.739","1","0","75 02:56.954","0","0","0","0","67301","0","0","0","N","0","0","0","2","68K01","0","","1.0","1646.0","1","N","N","N","0","","0","0","0","0","0","N","1626","2","0","0","0","0","0","0","2","0","2","0","0","0","3","","","N","","","","","","","","","",""
"2022090800","0426","1","0","0","0","0","0","0","0","0","7","0","","67","10","2022","1","40.015808","-75.141118","0423","6","0","0","0","0","0","0","0","0","","0","0","0","4","3","0","","1","0","40 00:56.908","","0","75 08:28.024","0","0","0","0","67301","0","0","0","N","0","0","0","1","67301","0","","4.0","","9","N","N","N","0","","0","0","0","3","2","","420","1","0","1","0","0","0","0","2","0","1","0","0","0","7","","","N","","","","","","","","","",""
"2022121805","2344","1","0","0","0","0","0","0","0","0","4","0","","67","12","2022","2","40.005282","-75.157039","2344","6","0","0","0","0","0","0","0","0","","0","0","0","23","3","1","","1","0","40 00:19.015","","0","75 09:25.340","3","0","0","0","67301","0","0","0","N","0","0","0","2","67301","0","","1.0","","1","N","N","N","0","","1","0","1","3","2","","2304","2","1","0","0","0","0","0","2","0","2","0","0","0","3","","","N","","","","","","","","","",""
"2022108075","2032","1","0","0","0","0","0","0","0","0","8","0","","67","9","2022","4","39.995306","-75.104083","2027","6","0","0","0","0","0","0","0","0","","0","0","0","20","3","1","N","0","0","39 59:43.100","","0","75 06:14.700","4","0","0","0","67301","1","0","0","N","1","0","0","2","67301","1","","1.0","","1","N","N","N","0","","0","0","0","0","0","","2019","2","1","1","0","0","0","0","2","0","1","1","0","0","99","03","","N","","","","","","","","","",""
"2022091817","0947","1","0","0","0","0","0","0","0","0","8","0","","67","10","2022","3","40.029422","-75.124695","0941","6","0","0","0","0","0","0","0","0","","0","0","0","9","1","1","","1","0","40 01:45.919","","99","75 07:28.902","8","0","0","0","67301","1","0","0","N","1","0","0","2","67301","0","","1.0","","9","N","N","N","0","","0","0","0","3","2","","927","2","1","0","0","0","1","1","2","0","1","1","0","0","7","07","","N","","","","","","","","","",""
"2022092155","0202","1","0","0","0","0","0","0","0","0","7","0","","67","10","2022","1","39.955379","-75.147953","0202","6","0","0","0","0","0","0","0","0","","0","0","0","2","3","0","N","0","0","39 57:19.363","","2","75 08:52.632","0","0","0","0","67301","0","0","0","N","0","0","0","1","67501","0","","4.0","","9","N","N","N","0","","0","0","0","0","0","","202","1","0","0","0","0","0","0","2","0","1","0","0","0","7","","","N","","","","","","","","","",""
"2022119579","1610","0","0","0","1","0","0","0","0","0","8","0","","67","8","2022","1","40.024646","-75.109709","1600","6","0","0","0","0","0","0","0","0","","0","0","0","1","3","1","","5","0","40 01:28.725","","0","75 06:34.951","8","0","0","0","67301","1","0","0","N","0","0","0","2","67301","0","","1.0","","99","N","N","N","0","","0","0","0","3","1","","100","2","1","0","0","0","1","1","2","0","1","1","0","0","99","98","","N","","","","","","","","","",""
"2022123680","0005","1","0","0","0","0","0","0","0","0","5","0","","67","12","2022","7","40.020844","-75.131408","0005","6","0","0","0","0","0","0","0","0","","0","0","0","23","3","0","N","0","0","40 01:15.040","","0","75 07:53.070","0","0","0","0","67301","0","0","0","N","0","0","0","0","67301","0","","1.0","","1","N","N","N","0","","0","0","1","0","0","","2350","2","0","0","0","0","0","0","2","0","2","0","0","0","3","","","N","","","","","","","","","",""
"2022091988","1126","0","0","0","0","0","0","0","0","0","8","0","","67","9","2022","6","39.961328","-75.222589","1118","6","0","0","0","0","0","1","0","0","","0","0","0","11","1","1","","1","0","39 57:40.780","","0","75 13:21.320","2","0","0","0","67301","1","0","1","N","1","0","1","2","67301","0","","1.0","","1","N","N","N","0","","0","1","0","0","0","","1115","2","1","0","0","0","0","0","2","1","1","1","0","1","3","03","","N","","","","","","","","","",""
"2022102785","1550","1","0","0","0","0","0","0","0","0","1","0","","67","9","2022","5","40.007191","-75.199494","1550","6","0","0","0","0","0","0","0","1","","0","0","0","15","1","0","N","0","2","40 00:25.886","4","3","75 11:58.179","0","0","0","0","67301","0","0","0","N","0","0","0","2","68K01","0","","1.0","1555.0","1","N","N","N","0","","0","0","1","0","0","N","1535","2","0","0","0","0","0","0","2","0","2","0","0","0","3","03","","N","","","","","","","","","",""
"2022119739","2025","1","0","0","0","0","0","0","0","0","4","0","","67","11","2022","6","40.048111","-75.235072","2020","6","0","0","0","0","0","0","0","0","","0","0","0","20","3","1","N","0","0","40 02:53.199","","7","75 14:06.259","8","0","0","1","67301","0","0","0","N","0","0","0","2","67301","0","","1.0","","1","N","N","N","0","","0","0","0","0","0","","2015","2","1","0","0","0","1","0","2","0","2","0","0","0","3","03","","N","","","","","","","","","",""
"2022119746","1835","1","0","0","0","0","0","0","0","0","1","0","","67","4","2022","3","40.029828","-75.187969","1827","6","0","0","1","0","0","1","0","0","","0","0","0","18","1","1","Y","0","0","40 01:47.380","","0","75 11:16.690","2","0","1","1","67301","0","0","0","N","0","0","0","2","67301","0","","1.0","","1","N","N","N","0","","0","1","0","3","1","","1820","2","1","1","0","0","0","0","2","0","2","0","0","0","4","04","","N","","","","","","","","","",""
"2022122213","0820","0","0","0","0","0","0","0","0","0","7","0","","67","12","2022","4","39.929964","-75.145169","0811","6","0","0","0","0","0","0","0","0","","0","0","0","8","1","1","N","0","0","39 55:47.870","","0","75 08:42.610","4","0","0","0","67301","0","0","0","N","0","0","0","1","67301","1","","5.0","","1","N","N","N","0","","0","0","1","0","0","","809","1","1","0","0","0","0","0","2","0","1","0","0","0","3","","","N","","","","","","","","","",""
"2022090681","1708","2","0","0","0","0","0","0","0","0","4","0","","67","9","2022","5","40.027594","-75.028429","1706","6","0","0","0","0","0","1","0","0","","0","0","0","17","1","1","N","0","1","40 01:39.337","1","7","75 01:42.345","3","0","0","0","67301","0","0","0","N","0","0","0","4","67301","0","","1.0","1930.0","1","N","N","N","0","","1","0","1","0","0","Y","1706","3","1","0","0","0","0","0","2","0","3","0","0","0","3","","","N","","","","","","","","","",""
"2022123005","1622","2","0","0","0","0","0","0","0","0","5","1","","67","11","2022","2","39.996296","-75.082558","1621","6","0","0","0","0","0","1","0","0","","0","1","0","16","1","2","N","0","1","39 59:46.665","1","0","75 04:57.210","3","0","0","0","67301","0","0","0","Y","0","0","0","5","68K01","0","","1.0","1730.0","1","N","N","N","0","","2","0","0","0","0","N","1612","3","2","2","0","0","0","0","2","0","3","0","0","0","3","03","","N","","","","","","","","","",""
"2022122661","0151","1","0","0","0","0","0","0","0","0","1","1","","67","12","2022","6","39.989672","-75.103822","0138","6","0","0","0","0","0","0","0","0","","0","1","0","1","3","0","N","0","0","39 59:22.820","","0","75 06:13.760","0","0","0","0","67301","0","0","0","N","0","0","0","3","67301","0","","1.0","","9","N","N","N","0","","0","0","1","3","2","","121","3","0","0","0","0","0","0","2","0","3","0","0","0","7","07","","N","","","","","","","","","",""
"2022121806","0557","1","0","0","0","0","0","0","0","0","5","1","","67","12","2022","2","40.019951","-75.14987","0557","6","0","0","0","0","0","1","0","0","","0","1","0","5","3","0","N","0","1","40 01:11.823","4","1","75 08:59.532","0","0","0","0","67301","0","0","0","N","0","0","0","2","67301","0","","1.0","700.0","2","N","N","Y","0","","0","0","0","0","0","N","554","2","0","0","0","0","0","0","2","0","2","0","0","0","3","03","","N","","","","","","","","","",""
"2022096759","0825","1","0","0","0","0","0","0","0","0","4","0","","67","9","2022","6","40.011787","-75.109993","0805","6","0","0","0","0","0","1","0","0","","0","0","0","8","5","1","","1","0","40 00:42.433","","0","75 06:35.974","3","0","0","0","67301","0","0","0","N","0","0","0","2","67301","0","","1.0","","1","N","N","N","0","","1","0","0","3","3","","800","2","1","0","0","0","0","0","2","0","2","0","0","0","3","03","","N","","","","","","","","","",""
"2022119853","1104","1","0","0","0","0","0","0","0","0","1","1","","67","10","2022","2","39.967006","-75.133441","1101","6","0","0","0","0","0","0","0","0","","0","1","0","10","1","0","N","0","1","39 58:01.220","1","0","75 08:00.386","0","0","0","0","67301","0","0","0","N","0","0","0","2","68K01","0","","1.0","1110.0","1","N","N","N","0","","0","0","0","0","0","N","1058","2","0","0","0","0","0","0","2","0","2","0","0","0","3","","","N","","","","","","","","","",""
"2022121282","0135","1","0","0","0","0","0","0","0","0","7","0","","67","12","2022","5","39.93326","-75.199759","0127","6","0","0","0","0","0","0","0","0","","0","0","0","1","3","0","","7","0","39 55:59.737","","2","75 11:59.133","0","0","0","0","67301","0","0","0","N","0","0","0","1","68K01","0","","2.0","","1","N","N","N","0","","0","0","0","0","0","","123","1","0","0","0","0","0","0","2","0","1","0","0","0","3","03","","N","","","","","","","","","",""
"2022096758","0552","1","0","0","0","0","0","0","0","0","5","0","","67","9","2022","6","40.008778","-75.0984","0551","6","0","0","0","0","0","0","0","0","","0","0","0","5","3","0","N","0","0","40 00:31.602","","0","75 05:54.239","0","0","0","0","67301","0","0","0","N","0","0","0","1","67301","0","","6.0","","1","N","N","N","0","","0","0","3","0","0","","535","5","0","1","0","0","0","0","2","1","5","0","0","0","3","03","","N","","","","","","","","","",""
"2022090618","1931","1","0","0","0","0","0","0","0","0","7","0","","67","10","2022","7","40.018458","-75.167843","1927","6","0","0","0","0","0","1","0","0","","0","0","0","19","4","0","N","0","0","40 01:06.449","","0","75 10:04.236","0","0","0","0","67301","0","0","0","N","0","0","0","2","67301","0","","3.0","","9","N","N","N","0","","0","0","1","0","0","","1913","2","0","0","0","0","0","0","2","0","2","0","0","0","7","07","","N","","","","","","","","","",""
"2022122656","0058","1","0","0","0","0","0","0","0","0","7","0","","67","12","2022","5","40.062182","-75.170071","0056","6","0","0","0","0","0","0","0","0","","0","0","0","0","3","0","N","0","0","40 03:43.854","","0","75 10:12.256","9","0","0","0","67301","0","0","0","N","0","0","0","1","67301","0","","5.0","","1","N","N","N","0","","0","0","0","0","0","","50","1","0","0","0","0","0","1","2","0","1","0","0","0","3","","","N","","","","","","","","","",""
"2022121501","","0","0","0","0","0","0","0","0","0","4","0","","67","12","2022","1","39.978681","-75.26787","","6","0","0","0","0","0","1","0","0","","0","0","0","16","1","0","","2","0","39 58:43.250","","0","75 16:04.332","0","0","0","0","67301","0","0","0","N","0","0","0","2","00000","0","","1.0","","1","","","N","0","","0","0","2","0","0","","1645","2","0","1","0","0","0","0","2","0","2","0","0","0","3","","","N","","","","","","","","","",""
"2022090911","1721","1","0","0","0","0","0","0","0","0","1","0","","67","10","2022","7","39.917929","-75.159278","1720","6","0","0","0","0","0","0","1","0","","0","0","0","17","4","1","","1","0","39 55:04.544","","0","75 09:33.400","4","0","0","0","67301","0","0","0","N","0","0","0","3","67301","1","","1.0","","9","N","N","N","0","","0","0","2","3","3","","1708","3","1","3","0","0","0","0","2","0","3","0","0","0","4","07","","N","","","","","","","","","",""
"2022082484","1310","1","0","0","0","0","0","0","0","0","8","0","","67","9","2022","5","39.955831","-75.190862","1309","6","0","0","0","0","0","0","0","0","","0","0","0","13","1","1","N","0","0","39 57:20.992","","0","75 11:27.104","4","0","0","0","67301","1","0","0","N","1","0","0","3","67507","1","","1.0","","1","N","N","N","0","","0","0","0","0","0","","1300","2","1","0","0","0","0","0","2","0","1","1","0","0","3","","","N","","","","","","","","","",""
"2022089513","1717","2","0","0","0","0","0","0","0","0","4","0","","67","9","2022","4","40.125","-75.017763","1717","6","0","0","0","0","0","1","0","0","","0","0","0","17","1","1","","1","0","40 07:29.999","","0","75 01:03.946","3","0","0","0","67301","0","0","0","N","0","0","0","2","67301","0","","1.0","","1","N","N","N","0","","1","0","0","3","3","","1717","2","1","0","0","0","0","0","2","0","2","0","0","0","3","03","","N","","","","","","","","","",""
"2022083654","0804","0","0","0","0","0","0","0","0","0","4","0","","67","9","2022","4","40.003661","-75.168915","0759","6","0","0","0","0","0","0","0","0","","0","0","0","7","1","3","","5","0","40 00:13.178","","0","75 10:08.095","3","0","0","0","67301","0","0","0","N","0","0","0","4","67301","1","","1.0","","9","N","N","N","0","","2","0","1","3","2","","757","2","3","0","0","0","0","0","2","1","2","0","0","0","7","07","","N","","","","","","","","","",""
"2022120895","1345","0","0","0","0","0","0","0","0","0","4","1","","67","12","2022","5","40.040258","-75.058429","1318","6","0","0","0","0","0","0","0","0","","0","1","0","12","1","1","","1","1","40 02:24.930","1","6","75 03:30.344","8","0","0","0","67301","0","0","0","N","0","0","0","2","67301","0","","1.0","1705.0","9","N","N","N","0","","0","0","1","3","8","N","1227","2","1","1","0","0","1","0","2","0","2","0","0","0","7","04","","N","","","","","","","","","",""
"2022100663","0742","1","0","0","0","0","0","0","0","0","7","0","","67","10","2022","3","39.933755","-75.145319","0742","6","0","0","0","0","0","0","0","0","","0","0","0","7","5","0","N","0","0","39 56:01.519","","0","75 08:43.148","0","0","0","0","67301","0","0","0","N","0","0","0","1","68K01","0","","2.0","","9","N","N","N","0","","0","0","0","0","0","","738","1","0","0","0","0","0","0","2","0","1","0","0","0","7","07","","N","","","","","","","","","",""
"2022101107","1335","0","0","0","0","0","0","0","0","0","5","0","","67","10","2022","1","40.036169","-75.163811","1334","6","0","0","0","0","0","1","0","0","","0","0","0","13","1","0","N","0","1","40 02:10.210","1","0","75 09:49.720","0","0","0","0","67301","0","0","0","N","0","0","0","1","67301","0","","6.0","1427.0","1","N","N","N","2","","0","0","0","0","0","Y","1330","2","0","1","0","0","0","0","2","0","2","0","0","0","3","03","","N","","","","","","","","","",""
"2022101401","1458","0","0","0","0","0","0","0","0","0","5","0","","67","10","2022","6","39.997597","-75.196253","1452","6","0","0","0","0","0","1","0","0","","0","0","0","14","1","2","N","0","1","39 59:51.348","3","0","75 11:46.512","3","0","0","0","67301","0","0","0","N","0","0","0","3","68K01","0","","1.0","1537.0","1","N","N","N","0","","2","0","1","0","0","N","1451","2","2","0","0","0","0","0","2","0","2","0","0","0","3","03","","N","","","","","","","","","",""
"2022097351","1215","2","0","0","0","0","0","0","0","0","7","0","","67","9","2022","3","39.95745","-75.158678","1158","6","0","0","0","0","0","0","0","0","","0","0","0","11","1","0","N","0","1","39 57:26.819","4","1","75 09:31.239","9","0","0","0","67301","0","0","0","N","0","0","0","3","68K01","0","","3.0","15.0","9","N","N","N","0","","0","0","0","0","0","N","1157","3","0","0","0","0","0","1","2","0","3","0","0","0","7","07","","N","","","","","","","","","",""
"2022101404","2026","3","0","0","0","0","0","0","0","0","1","0","","67","10","2022","6","39.967636","-75.132075","2015","6","0","0","0","0","0","0","0","0","","0","0","0","20","3","1","N","0","0","39 58:03.488","","0","75 07:55.471","3","0","0","0","67301","0","0","0","N","0","0","0","3","68K01","0","","1.0","","1","N","N","N","0","","1","0","0","0","0","","2013","3","1","0","0","0","0","1","2","0","3","0","0","0","3","03","","N","","","","","","","","","",""
"2022081434","1625","0","0","0","0","0","0","0","0","0","4","0","","67","9","2022","2","40.026832","-75.117115","1614","6","0","0","0","0","0","1","1","0","","0","0","0","13","1","1","","1","0","40 01:36.594","","0","75 07:01.615","3","0","0","0","67301","0","0","0","N","0","0","0","2","67301","0","","1.0","","1","N","N","N","1","","1","0","1","0","0","","1339","2","1","0","0","0","0","0","2","0","2","0","0","0","3","03","","N","","","","","","","","","",""
"2022100792","1035","2","0","0","0","0","0","0","0","0","2","0","","67","10","2022","7","40.00933","-75.086881","1018","6","0","0","0","0","0","1","0","0","","0","0","0","10","1","0","","2","0","40 00:33.588","","0","75 05:12.772","9","0","0","0","67301","0","0","0","N","0","0","0","3","67301","0","","1.0","","1","N","N","N","0","","0","0","0","3","3","","1005","2","0","0","0","0","0","1","2","0","2","0","0","0","3","03","","N","","","","","","","","","",""
"2022102956","1810","1","0","0","0","0","0","0","0","0","8","0","","67","11","2022","3","40.063403","-74.985363","1803","6","0","0","0","0","0","0","0","0","","0","0","0","17","1","1","N","0","0","40 03:48.250","","7","74 59:07.308","3","0","0","0","67301","1","0","0","N","1","0","0","2","67301","0","","5.0","","1","N","N","N","0","","1","0","0","0","0","","1710","2","1","0","0","0","0","0","2","0","1","1","0","0","3","","","N","","","","","","","","","",""
"2022083624","0216","2","0","0","0","0","0","0","0","0","5","0","","67","9","2022","5","39.942744","-75.181739","0215","6","0","0","0","0","0","0","0","0","","0","0","0","2","3","0","N","0","0","39 56:33.880","","0","75 10:54.260","0","0","0","0","67301","0","0","0","N","0","0","0","1","67301","0","","6.0","","1","N","N","N","0","","0","0","0","0","0","","212","2","0","1","0","0","0","0","2","0","2","0","0","0","3","03","","N","","","","","","","","","",""
"2022083566","0928","1","0","0","0","0","0","0","0","0","4","0","","67","9","2022","4","40.018423","-75.186174","0928","6","0","0","0","0","0","0","0","0","","0","0","0","9","1","1","","1","0","40 01:06.321","","0","75 11:10.226","3","0","0","0","67301","0","0","0","N","0","0","0","2","67301","0","","1.0","","9","N","N","Y","0","","1","0","1","3","3","","927","2","1","2","0","0","0","0","2","0","2","0","0","0","3","","","N","","","","","","","","","",""
"2022121796","2359","3","0","0","0","0","0","0","0","0","4","0","","67","12","2022","2","40.058067","-75.189742","2359","6","0","0","0","0","0","0","0","0","","0","0","0","23","3","0","N","0","1","40 03:29.040","4","0","75 11:23.070","0","0","0","0","67301","0","0","0","N","0","0","0","1","67301","0","","6.0","100.0","1","N","N","Y","0","","0","0","0","0","0","N","2354","3","0","0","0","0","0","0","2","0","3","0","0","0","3","03","","N","","","","","","","","","",""
"2022092613","0020","0","0","0","0","0","0","0","0","0","4","0","","67","9","2022","3","39.975162","-75.188163","0014","6","0","0","0","0","0","0","0","0","","0","0","0","23","3","4","","1","0","39 58:30.584","","0","75 11:17.385","3","0","0","0","67301","0","0","0","N","0","0","0","4","67301","0","","1.0","","1","N","N","N","0","","4","0","2","3","2","","2351","2","4","0","0","0","0","0","2","0","2","0","0","0","3","","","N","","","","","","","","","",""
"2022083617","0303","2","0","0","0","0","0","0","0","0","5","0","","67","9","2022","4","40.0253","-75.059033","0247","6","0","0","0","0","0","0","0","0","","0","0","0","2","3","1","N","0","0","40 01:31.080","","0","75 03:32.520","3","0","0","0","67301","0","0","0","N","0","0","0","1","67301","0","","6.0","","9","N","N","N","0","","1","0","1","0","0","","246","4","1","0","0","0","0","0","2","1","4","0","0","0","7","","","N","","","","","","","","","",""
"2022123007","2344","2","0","0","0","0","0","0","0","0","8","0","","67","11","2022","6","39.990266","-75.205133","2332","6","0","0","0","0","0","0","0","0","","0","0","0","23","3","2","N","0","0","39 59:24.959","","0","75 12:18.478","3","0","0","0","67301","1","0","0","N","1","0","0","3","68K01","0","","4.0","","1","N","N","N","0","","1","0","0","0","0","","2328","3","2","0","0","0","1","0","2","0","2","1","0","0","3","","","N","","","","","","","","","",""
"2022102230","1322","0","0","0","0","0","0","0","0","0","8","0","","67","10","2022","2","39.933175","-75.179549","1317","6","0","0","0","0","0","1","0","0","","0","0","0","13","1","1","","1","2","39 55:59.429","3","0","75 10:46.377","3","0","0","0","67301","1","0","0","N","1","0","0","2","67301","0","","1.0","1340.0","1","N","N","N","1","","1","0","0","3","3","Y","1315","2","1","0","0","0","0","0","2","0","1","1","0","0","3","03","","N","","","","","","","","","",""
"2022083620","0739","0","0","0","0","0","0","0","0","0","8","0","","67","9","2022","6","40.038461","-75.036321","0726","6","0","0","0","0","0","0","0","0","","0","0","0","7","1","1","","1","0","40 02:18.460","","0","75 02:10.757","3","0","0","0","67301","1","0","0","N","1","0","0","2","67301","0","","1.0","","1","N","N","N","0","","1","0","1","3","2","","725","2","1","0","0","0","0","0","2","0","1","1","0","0","3","","","N","","","","","","","","","",""
"2022082290","2052","2","0","0","0","0","0","0","0","0","4","0","","67","9","2022","4","39.983348","-75.157887","2050","6","0","0","0","0","0","0","0","0","","0","0","0","20","3","0","","2","0","39 59:00.054","","0","75 09:28.392","9","0","0","0","67301","0","0","0","N","0","0","0","2","67505","0","","1.0","","1","N","N","N","0","","0","0","0","0","0","","2048","2","0","0","0","0","0","1","2","0","2","0","0","0","3","03","","N","","","","","","","","","",""
"2022096695","","1","0","0","0","0","0","0","0","0","1","0","","67","2","2022","1","40.003165","-75.152455","","6","0","0","0","0","0","0","0","0","","0","0","0","17","1","1","","5","0","40 00:11.393","","0","75 09:08.837","8","0","0","0","67301","0","0","0","N","0","0","0","2","00000","0","","1.0","","1","","","N","0","","0","0","1","3","2","","1707","2","1","0","0","0","1","0","2","0","2","0","0","0","3","","","N","","","","","","","","","",""
"2022084289","1628","1","0","0","0","0","0","0","0","0","1","0","","67","9","2022","1","40.044413","-75.143452","1628","6","0","0","0","0","0","1","0","0","","0","0","0","16","1","0","","1","1","40 02:39.888","1","0","75 08:36.428","0","0","0","0","67301","0","0","0","N","0","0","0","4","67301","0","","1.0","15.0","9","N","N","Y","0","","0","0","2","3","2","N","1625","3","0","0","0","0","0","0","2","0","3","0","0","0","7","","","N","","","","","","","","","",""
"2022085389","0821","0","0","0","0","0","0","0","0","0","8","0","","67","9","2022","5","39.96248","-75.216215","0817","6","0","0","0","0","0","0","0","0","","0","0","0","8","1","1","","1","0","39 57:44.928","","0","75 12:58.374","3","0","0","0","67301","1","0","0","N","1","0","0","2","67301","0","","1.0","","1","N","N","N","0","","1","0","1","3","2","","811","2","1","1","0","0","0","0","2","0","1","1","0","0","3","03","","N","","","","","","","","","",""
"2022101846","0815","0","0","0","0","0","0","1","0","0","1","1","","67","10","2022","2","40.066468","-75.063601","0752","6","0","0","0","0","0","1","0","0","","0","0","0","7","1","1","N","0","0","40 03:59.284","","0","75 03:48.962","3","0","0","0","67301","0","0","0","N","0","0","0","3","67301","0","","1.0","","1","N","N","N","0","","1","0","2","0","0","","750","3","1","0","0","0","0","0","2","0","3","0","0","0","3","03","","N","","","","","","","","","",""
"2022100954","1232","0","0","0","0","0","0","0","0","0","8","0","","67","10","2022","7","39.92603","-75.233682","1232","6","0","0","0","0","0","0","0","0","","0","0","0","12","1","1","","2","0","39 55:33.708","","0","75 14:01.255","3","0","0","0","67301","1","0","0","N","1","0","0","1","67301","0","","1.0","","1","N","N","N","0","","1","0","0","3","3","","1216","2","1","0","0","0","0","0","2","0","1","1","0","0","3","03","","N","","","","","","","","","",""
"2022102030","2155","4","0","0","0","0","0","1","0","0","5","1","","67","10","2022","6","40.030611","-75.218083","2140","6","0","0","0","0","0","1","0","0","","0","0","0","21","3","0","N","0","0","40 01:50.200","","0","75 13:05.100","0","0","0","0","67301","0","0","0","N","0","0","0","1","67508","0","","6.0","","1","N","N","Y","0","","0","0","1","0","0","","2140","6","0","0","0","0","0","0","2","0","6","0","0","0","3","03","","N","","","","","","","","","",""
"2022083601","1646","1","0","0","0","0","0","0","0","0","4","0","","67","9","2022","5","40.077433","-75.024275","1641","6","0","0","0","0","0","0","0","1","","0","0","0","16","1","2","N","0","1","40 04:38.760","2","7","75 01:27.390","3","0","0","0","67301","0","0","0","N","0","0","0","3","67301","0","","1.0","15.0","1","N","N","N","0","","2","0","1","0","0","N","1640","2","2","3","0","0","0","0","2","0","2","0","0","0","3","03","","N","","","","","","","","","",""