"CRN","ARRIVAL_TM","AUTOMOBILE_COUNT","BELTED_DEATH_COUNT","BELTED_SUSP_SERIOUS_INJ_COUNT","BICYCLE_COUNT","BICYCLE_DEATH_COUNT","BICYCLE_SUSP_SERIOUS_INJ_COUNT","BUS_COUNT","CHLDPAS_DEATH_COUNT","CHLDPAS_SUSP_SERIOUS_INJ_COUNT","COLLISION_TYPE","COMM_VEH_COUNT","CONS_ZONE_SPD_LIM","COUNTY","CRASH_MONTH","CRASH_YEAR","DAY_OF_WEEK","DEC_LATITUDE","DEC_LONGITUDE","DISPATCH_TM","DISTRICT","DRIVER_COUNT_16YR","DRIVER_COUNT_17YR","DRIVER_COUNT_18YR","DRIVER_COUNT_19YR","DRIVER_COUNT_20YR","DRIVER_COUNT_50_64YR","DRIVER_COUNT_65_74YR","DRIVER_COUNT_75PLUS","EST_HRS_CLOSED","FATAL_COUNT","HEAVY_TRUCK_COUNT","HORSE_BUGGY_COUNT","HOUR_OF_DAY","ILLUMINATION","INJURY_COUNT","INTERSECTION_RELATED","INTERSECT_TYPE","LANE_CLOSED","LATITUDE","LN_CLOSE_DIR","LOCATION_TYPE","LONGITUDE","MAX_SEVERITY_LEVEL","MCYCLE_DEATH_COUNT","MCYCLE_SUSP_SERIOUS_INJ_COUNT","MOTORCYCLE_COUNT","MUNICIPALITY","NONMOTR_COUNT","NONMOTR_DEATH_COUNT","NONMOTR_SUSP_SERIOUS_INJ_COUNT","NTFY_HIWY_MAINT","PED_COUNT","PED_DEATH_COUNT","PED_SUSP_SERIOUS_INJ_COUNT","PERSON_COUNT","POLICE_AGCY","POSSIBLE_INJ_COUNT","RDWY_SURF_TYPE_CD","RELATION_TO_ROAD","ROADWAY_CLEARED","ROAD_CONDITION","SCH_BUS_IND","SCH_ZONE_IND","SECONDARY_CRASH","SMALL_TRUCK_COUNT","SPEC_JURIS_CD","SUSP_MINOR_INJ_COUNT","SUSP_SERIOUS_INJ_COUNT","SUV_COUNT","TCD_FUNC_CD","TCD_TYPE","TFC_DETOUR_IND","TIME_OF_DAY","TOTAL_UNITS","TOT_INJ_COUNT","UNBELTED_OCC_COUNT","UNB_DEATH_COUNT","UNB_SUSP_SERIOUS_INJ_COUNT","UNK_INJ_DEG_COUNT","UNK_INJ_PER_COUNT","URBAN_RURAL","VAN_COUNT","VEHICLE_COUNT","VULNERABLE_ROAD_USER_COUNT","VULNERABLE_ROAD_USER_DEATH_COUNT","VULNERABLE_ROAD_USER_SER_INJ_COUNT","WEATHER1","WEATHER2","WORKERS_PRES","WORK_ZONE_IND","WORK_ZONE_LOC","WORK_ZONE_TYPE","WZ_CLOSE_DETOUR","WZ_FLAGGER","WZ_LAW_OFFCR_IND","WZ_LN_CLOSURE","WZ_MOVING","WZ_OTHER","WZ_SHLDER_MDN","WZ_WORKERS_INJ_KILLED"
"2022083594","0757","0","0","0","0","0","0","0","0","0","1","0","","67","9","2022","5","40.085813","-75.038098","0757","6","0","0","0","0","0","0","0","0","","0","0","0","7","1","1","Y","0","0","40 05:08.927","","0","75 02:17.153","3","0","0","0","67301","0","0","0","N","0","0","0","2","67301","0","","1.0","","1","N","N","N","1","","1","0","1","3","2","","756","2","1","0","0","0","0","0","2","0","2","0","0","0","3","","","N","","","","","","","","","",""
"2022101523","2215","1","0","0","0","0","0","0","0","0","98","0","","67","10","2022","2","39.982767","-75.207994","2214","6","0","0","0","0","1","0","0","0","","0","0","0","22","3","0","N","0","1","39 58:57.960","3","0","75 12:28.780","0","0","0","0","67301","0","0","0","N","0","0","0","1","68K01","0","","1.0","2250.0","1","N","N","N","0","","0","0","0","0","0","N","2208","1","0","0","0","0","0","0","2","0","1","0","0","0","3","","","N","","","","","","","","","",""
"2022075127","","0","0","0","0","0","0","0","0","0","5","0","","67","8","2022","4","","","","6","0","0","0","0","0","1","0","0","","0","0","0","8","1","1","N","0","0","","","0","","8","0","0","0","67301","0","0","0","N","0","0","0","2","00000","0","","1.0","","1","","","N","0","","0","0","1","0","0","","845","2","1","0","0","0","1","0","1","0","2","0","0","0","3","","","N","","","","","","","","","",""
"2022072945","","1","0","0","0","0","0","0","0","0","6","0","","67","7","2022","7","","","","6","0","0","0","0","0","0","0","0","","0","0","0","23","3","1","N","0","0","","","0","","8","0","0","0","67301","0","0","0","N","0","0","0","2","00000","0","","1.0","","1","","","N","0","","0","0","1","0","0","","2315","2","1","0","0","0","1","0","1","0","2","0","0","0","3","","","N","","","","","","","","","",""
"2022084736","1248","0","0","0","0","0","0","0","0","0","8","0","","67","9","2022","5","39.978627","-75.133487","1248","6","0","0","0","0","0","0","0","0","","0","0","0","7","1","1","","2","0","39 58:43.057","","1","75 08:00.553","2","0","0","0","67301","1","0","1","N","1","0","1","2","67301","0","","1.0","","1","N","N","N","0","","0","1","0","3","2","","720","2","1","0","0","0","0","0","2","0","1","1","0","1","3","","","N","","","","","","","","","",""
"2022103616","1707","1","0","0","0","0","0","0","0","0","1","0","","67","10","2022","4","39.957256","-75.140662","1703","6","0","0","0","0","0","0","0","0","","0","0","0","16","1","1","N","0","0","39 57:26.120","","2","75 08:26.382","8","0","0","0","67301","0","0","0","N","0","0","0","2","68K01","0","","1.0","","1","N","N","N","0","","0","0","1","0","0","","1657","2","1","0","0","0","1","0","2","0","2","0","0","0","3","","","N","","","","","","","","","",""
"2022101109","1057","1","0","0","1","0","0","0","0","0","8","0","","67","10","2022","7","39.998195","-75.187621","1057","6","0","0","0","0","0","0","0","0","","0","0","0","10","1","1","","2","0","39 59:53.503","","0","75 11:15.437","3","0","0","0","67301","1","0","0","N","0","0","0","2","67301","0","","1.0","","1","N","N","N","0","","1","0","0","3","2","","1055","2","1","1","0","0","0","0","2","0","1","1","0","0","3","03","","N","","","","","","","","","",""
"2022084312","2323","0","0","0","0","0","0","0","0","0","4","0","","67","9","2022","6","39.961593","-75.175025","2323","6","0","0","0","0","0","0","0","0","","0","0","0","23","3","1","","1","1","39 57:41.736","1","0","75 10:30.090","3","0","0","0","67301","0","0","0","N","0","0","0","5","67301","0","","1.0","2354.0","1","N","N","N","1","","1","0","1","3","2","N","2307","2","1","0","0","0","0","0","2","0","2","0","0","0","3","03","","N","","","","","","","","","",""
"2022087743","1205","1","0","0","0","0","0","0","0","0","5","0","","67","9","2022","5","40.067999","-75.040237","1200","6","0","0","0","0","0","1","0","0","","0","0","0","11","1","0","","8","1","40 04:04.796","1","0","75 02:24.854","0","0","0","0","67301","0","0","0","N","0","0","0","2","67301","0","","1.0","1210.0","1","N","N","N","1","","0","0","0","3","8","N","1150","2","0","0","0","0","0","0","2","0","2","0","0","0","4","","","N","","","","","","","","","",""
"2022082041","1019","1","0","0","0","0","0","0","0","0","1","0","","67","9","2022","4","40.067933","-75.161","1019","6","0","0","0","0","0","0","0","0","","0","0","0","9","1","0","N","0","0","40 04:04.560","","0","75 09:39.600","0","0","0","0","67301","0","0","0","N","0","0","0","1","67301","0","","6.0","","1","N","N","N","0","","0","0","1","0","0","","936","2","0","0","0","0","0","0","2","0","2","0","0","0","3","03","","N","","","","","","","","","",""
"2022105366","1530","0","0","0","0","0","0","0","0","0","5","0","","67","9","2022","3","39.990592","-75.126964","1530","6","0","0","0","0","0","0","0","0","","0","0","0","10","1","0","N","0","0","39 59:26.130","","0","75 07:37.070","0","0","0","0","67301","0","0","0","N","0","0","0","1","67301","0","","6.0","","99","N","N","N","0","","0","0","2","0","0","","1030","2","0","0","0","0","0","0","2","0","2","0","0","0","99","","","N","","","","","","","","","",""
"2022110428","0257","1","0","0","0","0","0","0","0","0","7","0","","67","10","2022","6","39.982923","-75.2079","0252","6","0","0","0","0","0","0","0","0","","0","0","0","2","3","0","N","0","0","39 58:58.523","","0","75 12:28.440","0","0","0","0","67301","0","0","0","N","0","0","0","2","68K01","0","","4.0","","9","N","N","N","0","","0","0","0","0","0","","251","1","0","0","0","0","0","0","2","0","1","0","0","0","3","","","N","","","","","","","","","",""
"2022083588","2005","1","0","0","0","0","0","0","0","0","1","0","","67","9","2022","6","39.942969","-75.165593","2201","6","0","0","0","0","0","0","0","0","","0","0","0","21","3","1","N","0","0","39 56:34.687","","0","75 09:56.135","3","0","0","0","67301","0","0","0","N","0","0","0","1","67301","0","","6.0","","1","N","N","N","0","","1","0","1","0","0","","2130","2","1","0","0","0","0","0","2","0","2","0","0","0","3","03","","N","","","","","","","","","",""
"2022084281","1755","1","0","0","0","0","0","0","0","0","6","0","","67","9","2022","3","40.060917","-75.155056","1752","6","0","0","0","0","0","0","0","0","","0","0","0","17","1","1","N","0","1","40 03:39.300","6","0","75 09:18.200","3","0","0","0","67301","0","0","0","N","0","0","0","1","67301","0","","6.0","1818.0","1","N","N","N","0","","1","0","0","0","0","Y","1747","2","1","1","0","0","0","0","2","1","2","0","0","0","3","03","","N","","","","","","","","","",""
"2022091099","1351","1","0","0","0","0","0","0","0","0","7","0","","67","9","2022","2","39.935708","-75.199798","1322","6","0","0","0","0","0","0","0","0","","0","0","0","13","1","1","N","0","0","39 56:08.549","","3","75 11:59.271","3","0","0","0","67301","0","0","0","N","0","0","0","1","68K01","0","","3.0","","1","N","N","N","0","","1","0","0","0","0","","1318","1","1","0","0","0","0","0","2","0","1","0","0","0","3","03","","N","","","","","","","","","",""
"2022086938","","1","0","0","0","0","0","0","0","0","1","0","","67","8","2022","1","39.975088","-75.194965","","6","0","0","0","0","0","0","0","0","","0","0","0","17","1","1","","1","0","39 58:30.316","","0","75 11:41.875","8","0","0","0","67301","0","0","0","N","0","0","0","3","00000","0","","1.0","","1","","","N","0","","0","0","1","3","2","","1730","3","1","0","0","0","1","0","2","0","3","0","0","0","3","","","N","","","","","","","","","",""
"2022101313","1243","2","0","0","0","0","0","0","0","0","1","0","","67","10","2022","1","39.945865","-75.142537","1227","6","0","0","0","0","0","0","0","0","","0","0","0","12","1","1","N","0","0","39 56:45.114","","0","75 08:33.132","3","0","0","0","67301","0","0","0","N","0","0","0","4","68K01","0","","1.0","","9","N","N","N","0","","1","0","0","0","0","","1221","2","1","0","0","0","0","0","2","0","2","0","0","0","7","","","N","","","","","","","","","",""
"2022101524","1510","0","0","0","0","0","0","1","0","0","5","2","","67","10","2022","5","39.955284","-75.14776","1430","6","0","0","0","0","0","1","0","0","","0","1","0","14","1","2","N","0","0","39 57:19.023","","2","75 08:51.936","4","0","0","0","67301","0","0","0","N","0","0","0","6","67501","2","","1.0","","1","N","N","N","0","","0","0","0","0","0","","1426","2","2","0","0","0","0","0","2","0","2","0","0","0","3","03","","N","","","","","","","","","",""
"2022084851","1738","0","0","0","0","0","0","0","0","0","1","0","","67","9","2022","4","39.958487","-75.180267","1707","6","0","0","0","0","0","1","0","0","","0","0","0","17","1","1","N","0","1","39 57:30.554","4","0","75 10:48.960","3","0","0","0","67301","0","0","0","N","0","0","0","4","68K01","0","","1.0","1835.0","1","N","N","N","1","","1","0","2","0","0","N","1705","3","1","0","0","0","0","0","2","0","3","0","0","0","3","","","N","","","","","","","","","",""
"2022101388","1700","0","0","0","0","0","0","0","0","0","1","0","","67","10","2022","5","40.026767","-75.02587","1636","6","0","0","0","0","0","1","0","0","","0","0","0","16","1","0","N","0","0","40 01:36.362","","0","75 01:33.132","0","0","0","0","67301","0","0","0","N","0","0","0","4","68K01","0","","1.0","","1","N","N","N","0","","0","0","1","0","0","","1635","2","0","0","0","0","0","0","2","1","2","0","0","0","3","03","","N","","","","","","","","","",""
"2022083584","1404","3","0","0","0","0","0","0","0","0","5","0","","67","9","2022","1","40.061578","-75.074561","1358","6","0","0","0","0","0","1","0","0","","0","0","0","13","1","0","N","0","0","40 03:41.680","","0","75 04:28.420","0","0","0","0","67301","0","0","0","N","0","0","0","1","67301","0","","6.0","","9","N","N","Y","0","","0","0","3","0","0","","1357","7","0","0","0","0","0","0","2","1","7","0","0","0","7","07","","N","","","","","","","","","",""
"2022091345","1915","0","0","0","0","0","0","0","0","0","8","0","","67","9","2022","3","39.940045","-75.166342","1913","6","0","0","0","0","0","0","0","0","","0","0","0","15","1","1","","1","0","39 56:24.162","","0","75 09:58.832","3","0","0","0","67301","1","0","0","N","1","0","0","2","67301","0","","1.0","","1","N","N","N","0","","1","0","0","3","2","","1540","2","1","0","0","0","0","0","2","0","1","1","0","0","3","","","N","","","","","","","","","",""
"2022102961","0855","1","0","0","0","0","0","0","0","0","4","0","","67","10","2022","1","39.954001","-75.226129","0836","6","0","0","0","0","0","0","0","0","","0","0","0","8","1","0","N","0","0","39 57:14.405","","0","75 13:34.066","9","0","0","0","67301","0","0","0","N","0","0","0","1","67301","0","","1.0","","1","N","N","N","0","","0","0","1","0","0","","802","2","0","0","0","0","0","1","2","0","2","0","0","0","3","03","","N","","","","","","","","","",""
"2022084916","0015","1","0","0","0","0","0","0","0","0","1","0","","67","9","2022","1","40.035027","-75.069419","0011","6","0","0","0","0","0","0","1","0","","0","0","0","16","1","0","","1","0","40 02:06.097","","0","75 04:09.909","9","0","0","0","67301","0","0","0","N","0","0","0","2","67301","0","","1.0","","9","N","N","N","0","","0","0","1","3","2","","1628","2","0","2","0","0","0","2","2","0","2","0","0","0","7","","","N","","","","","","","","","",""
"2022085274","1230","0","0","0","0","0","0","0","0","0","1","1","","67","9","2022","5","40.114035","-74.987614","1219","6","0","0","0","0","0","0","0","0","","0","1","0","12","1","1","","1","0","40 06:50.525","","0","74 59:15.412","8","0","0","0","67301","0","0","0","N","0","0","0","2","67301","0","","1.0","","1","N","N","N","0","","0","0","1","3","2","","1211","2","1","0","0","0","1","0","2","0","2","0","0","0","3","","","N","","","","","","","","","",""
"2022102145","1833","1","0","0","0","0","0","0","0","0","1","0","","67","9","2022","6","40.007716","-75.201184","1833","6","0","0","1","0","0","0","0","0","","0","0","0","18","1","1","N","0","0","40 00:27.777","","2","75 12:04.261","3","0","0","0","67301","0","0","0","N","0","0","0","4","68K01","0","","1.0","","1","N","N","N","0","","1","0","1","0","0","","1833","2","1","0","0","0","0","0","2","0","2","0","0","0","3","","","N","","","","","","","","","",""
"2022096766","1032","0","0","0","0","0","0","0","0","0","4","0","","67","9","2022","3","40.02131","-75.122413","1032","6","0","0","0","0","0","1","0","0","","0","0","0","7","5","1","","1","0","40 01:16.715","","0","75 07:20.686","3","0","0","0","67301","0","0","0","N","0","0","0","2","67301","0","","1.0","","9","N","N","N","1","","1","0","1","3","3","","743","2","1","1","0","0","0","1","2","0","2","0","0","0","7","04","","N","","","","","","","","","",""
"2022108597","0630","2","0","0","0","0","0","0","0","0","4","0","","67","11","2022","1","39.988831","-75.155727","0630","6","0","0","0","0","0","0","1","0","","0","0","0","6","3","1","N","0","1","39 59:19.790","2","0","75 09:20.617","4","0","0","0","67301","0","0","0","N","0","0","0","2","67301","1","","1.0","800.0","9","N","N","N","0","","0","0","0","0","0","Y","630","2","1","0","0","0","0","0","2","0","2","0","0","0","7","","","N","","","","","","","","","",""
"2022107445","1155","1","0","0","0","0","0","0","0","0","4","2","50","67","11","2022","2","39.993165","-75.200034","1151","6","0","0","0","1","0","0","1","0","","0","2","0","11","1","2","N","0","1","39 59:35.394","4","0","75 12:00.121","3","0","0","0","67301","0","0","0","Y","0","0","0","4","68K01","1","","1.0","1240.0","1","N","N","N","0","","1","0","0","3","8","N","1148","3","2","0","0","0","0","0","2","0","3","0","0","0","3","","Y","Y","4","8","N","N","N","N","Y","N","N","Y"
"2022084231","2202","1","0","0","0","0","0","0","0","0","7","0","","67","9","2022","1","39.981525","-75.207164","2202","6","0","0","0","0","0","0","0","0","","0","0","0","21","3","0","N","0","0","39 58:53.491","","0","75 12:25.792","0","0","0","0","67301","0","0","0","N","0","0","0","1","68K01","0","","3.0","","9","N","N","N","0","","0","0","0","0","0","","2147","1","0","0","0","0","0","0","2","0","1","0","0","0","7","07","","N","","","","","","","","","",""
"2022106561","1008","1","0","0","0","0","0","0","0","0","7","0","","67","9","2022","1","39.889296","-75.218686","0957","6","0","0","0","0","0","0","0","0","","0","0","0","9","1","1","N","0","2","39 53:21.467","2","0","75 13:07.268","3","0","0","0","67301","0","0","0","N","0","0","0","1","68K01","0","","7.0","1023.0","1","N","N","N","0","","1","0","0","0","0","N","955","1","1","0","0","0","0","0","2","0","1","0","0","0","4","04","","N","","","","","","","","","",""
"2022105914","1713","1","0","0","0","0","0","0","0","0","7","0","","67","10","2022","7","39.88724","-75.215256","1713","6","0","0","0","0","0","0","0","0","","0","0","0","17","1","1","N","0","2","39 53:14.063","2","0","75 12:54.922","3","0","0","0","67301","0","0","0","N","0","0","0","1","68K01","0","","5.0","1744.0","9","N","N","N","0","","1","0","0","0","0","N","1703","1","1","0","0","0","0","0","2","0","1","0","0","0","7","07","","N","","","","","","","","","",""
"2022086346","2313","0","0","0","0","0","0","0","0","0","7","0","","67","9","2022","1","39.88829","-75.217062","2313","6","0","0","0","0","0","0","0","0","","0","0","0","23","3","1","N","0","1","39 53:17.845","2","3","75 13:01.423","8","0","0","0","67301","0","0","0","N","0","0","0","1","68K01","0","","3.0","2320.0","9","N","N","N","0","","0","0","1","0","0","N","2308","1","1","0","0","0","1","0","2","0","1","0","0","0","7","","","N","","","","","","","","","",""
"2022084686","1356","1","0","0","0","0","0","0","0","0","4","0","","67","9","2022","4","40.01314","-75.150404","1354","6","0","0","0","0","0","0","0","0","","0","0","0","13","1","1","","3","1","40 00:47.304","2","0","75 09:01.456","8","0","0","0","67301","0","0","0","N","0","0","0","5","67301","0","","1.0","1440.0","1","N","N","N","0","","0","0","1","0","0","N","1349","2","1","0","0","0","1","0","2","0","2","0","0","0","3","03","","N","","","","","","","","","",""
"2022087224","1810","2","0","0","0","0","0","0","0","0","4","0","","67","9","2022","5","39.986662","-75.208311","1800","6","0","0","0","0","0","0","0","0","","0","0","0","17","1","1","","3","0","39 59:11.983","","2","75 12:29.919","2","0","0","0","67301","0","0","0","N","0","0","0","2","67301","0","","1.0","","1","N","N","N","0","","0","1","0","3","3","","1700","2","1","0","0","0","0","1","2","0","2","0","0","0","3","03","","N","","","","","","","","","",""
"2022106267","0855","1","0","0","0","0","0","0","0","0","7","0","","67","11","2022","7","40.082499","-74.967052","0842","6","0","0","0","0","1","0","0","0","","0","0","0","8","1","1","N","0","0","40 04:56.997","","0","74 58:01.387","3","0","0","0","67301","0","0","0","Y","0","0","0","1","67301","0","","5.0","","1","N","N","N","0","","1","0","0","0","0","","830","1","1","0","0","0","0","0","2","0","1","0","0","0","4","","","N","","","","","","","","","",""
"2022109191","1203","0","0","0","0","0","0","0","0","0","5","0","","67","11","2022","4","39.916436","-75.218878","1154","6","0","0","0","0","1","1","0","0","","0","0","0","11","1","1","N","0","0","39 54:59.170","","0","75 13:07.962","3","0","0","0","67301","0","0","0","N","0","0","0","2","67301","0","","1.0","","1","N","N","N","0","","1","0","2","0","0","","1122","2","1","0","0","0","0","0","2","0","2","0","0","0","3","03","","N","","","","","","","","","",""
"2022094271","1638","1","0","0","0","0","0","0","0","0","4","0","","67","9","2022","1","39.972028","-75.234475","1638","6","0","0","0","0","0","0","0","0","","0","0","0","16","1","2","","1","0","39 58:19.300","","0","75 14:04.109","3","0","0","0","67301","0","0","0","N","0","0","0","3","67301","0","","1.0","","9","N","N","N","0","","2","0","1","3","3","","1636","2","2","0","0","0","0","0","2","0","2","0","0","0","7","","","N","","","","","","","","","",""
"2022084151","1745","0","0","0","0","0","0","0","0","0","8","0","","67","9","2022","3","40.030737","-75.112002","1738","6","0","0","0","0","0","0","0","0","","0","0","0","17","1","1","","1","0","40 01:50.653","","0","75 06:43.207","3","0","0","0","67301","1","0","0","N","1","0","0","2","67301","0","","1.0","","1","N","N","N","0","","1","0","1","3","1","","1723","2","1","0","0","0","0","0","2","0","1","1","0","0","3","03","","N","","","","","","","","","",""
"2022084278","1840","1","0","0","0","0","0","0","0","0","4","0","","67","9","2022","2","40.058119","-75.165773","1835","6","0","0","0","1","0","0","0","0","","0","0","0","18","4","1","","2","0","40 03:29.228","","0","75 09:56.782","4","0","0","0","67301","0","0","0","N","0","0","0","3","67301","1","","1.0","","1","N","N","N","0","","0","0","0","3","3","","1835","2","1","3","0","0","0","0","2","1","2","0","0","0","3","03","","N","","","","","","","","","",""
"2022109024","1656","1","0","0","0","0","0","0","0","0","1","0","","67","11","2022","5","39.909475","-75.242253","1653","6","0","0","0","0","0","1","0","0","","0","0","0","16","3","6","N","0","0","39 54:34.109","","0","75 14:32.109","3","0","0","0","67301","0","0","0","N","0","0","0","6","67301","0","","1.0","","1","N","N","N","0","","6","0","1","0","0","","1645","2","6","4","0","0","0","0","2","0","2","0","0","0","3","03","","N","","","","","","","","","",""
"2022084543","1706","0","0","0","0","0","0","0","0","0","4","0","","67","9","2022","4","39.991043","-75.168557","1702","6","0","0","0","0","0","1","0","0","","0","0","0","16","1","1","","1","0","39 59:27.754","","0","75 10:06.805","8","0","0","0","67301","0","0","0","N","0","0","0","2","67301","0","","1.0","","1","N","N","N","0","","0","0","0","3","2","","1600","2","1","0","0","0","1","0","2","1","2","0","0","0","3","03","","N","","","","","","","","","",""
"2022107712","2044","0","0","0","0","0","0","0","0","0","2","0","","67","11","2022","1","40.077322","-75.085406","2034","6","0","0","0","0","0","0","1","0","","0","0","0","19","3","2","N","0","2","40 04:38.359","6","0","75 05:07.460","3","0","0","0","67301","0","0","0","N","0","0","0","3","67301","0","","1.0","200.0","1","N","N","N","0","","2","0","2","0","0","N","1943","2","2","0","0","0","0","0","2","0","2","0","0","0","3","03","","N","","","","","","","","","",""
"2022113711","0604","1","0","0","0","0","0","0","0","0","7","0","","67","11","2022","4","40.041512","-75.004258","0551","6","0","0","0","0","0","0","0","0","","0","0","0","5","3","0","N","0","1","40 02:29.444","1","0","75 00:15.328","0","0","0","0","67301","0","0","0","N","0","0","0","1","68K01","0","","3.0","618.0","9","N","N","N","0","","0","0","0","0","0","N","538","1","0","0","0","0","0","0","2","0","1","0","0","0","7","","","N","","","","","","","","","",""
"2022097778","2136","2","0","0","0","0","0","0","0","0","4","0","","67","9","2022","1","39.956565","-75.209738","2136","6","0","0","0","0","0","0","0","0","","0","0","0","4","5","2","","1","0","39 57:23.634","","0","75 12:35.058","3","0","0","0","67301","0","0","0","N","0","0","0","3","67301","0","","1.0","","1","N","N","N","0","","2","0","0","3","2","","405","2","2","2","0","0","0","0","2","0","2","0","0","0","3","98","","N","","","","","","","","","",""
"2022085505","1356","0","0","0","0","0","0","0","0","0","1","0","","67","9","2022","3","40.067232","-75.051034","1352","6","0","0","0","0","0","0","0","0","","0","0","0","13","1","0","N","0","0","40 04:02.035","","0","75 03:03.721","0","0","0","0","67301","0","0","0","N","0","0","0","3","67301","0","","1.0","","1","N","N","N","0","","0","0","2","3","2","","1350","2","0","0","0","0","0","0","2","0","2","0","0","0","3","03","","N","","","","","","","","","",""
"2022084277","1759","1","0","0","0","0","0","0","0","0","4","0","","67","9","2022","2","40.047268","-75.167742","1759","6","0","0","0","0","0","0","0","1","","0","0","0","17","4","6","","1","0","40 02:50.166","","0","75 10:03.872","3","0","0","0","67301","0","0","0","N","0","0","0","7","67301","0","","1.0","","1","N","N","Y","0","","6","0","1","3","2","","1750","2","6","0","0","0","0","0","2","0","2","0","0","0","4","98","","N","","","","","","","","","",""
"2022085363","1910","0","0","0","0","0","0","0","0","0","8","0","","67","9","2022","3","39.930508","-75.168288","1910","6","0","0","0","0","0","1","0","0","","0","0","0","19","1","1","","1","0","39 55:49.827","","0","75 10:05.835","4","0","0","0","67301","1","0","0","N","1","0","0","2","67301","1","","1.0","","1","N","N","N","0","","0","0","1","3","2","","1905","2","1","0","0","0","0","0","2","0","1","1","0","0","3","03","","N","","","","","","","","","",""
"2022111349","0033","2","0","0","0","0","0","0","0","0","1","0","","67","11","2022","6","40.023439","-75.034499","0033","6","0","0","0","0","0","1","0","0","","0","0","0","0","3","0","N","0","1","40 01:24.379","2","0","75 02:04.196","0","0","0","0","67301","0","0","0","N","0","0","0","2","68K01","0","","1.0","430.0","1","N","N","N","0","","0","0","0","0","0","N","33","2","0","0","0","0","0","0","2","0","2","0","0","0","3","","","N","","","","","","","","","",""
"2022106147","0205","2","0","0","0","0","0","0","0","0","6","0","","67","8","2022","7","39.954842","-75.182968","0205","6","0","0","0","0","0","0","0","0","","0","0","0","0","3","1","N","0","0","39 57:17.431","","0","75 10:58.683","3","0","0","0","67301","0","0","0","N","0","0","0","2","67301","0","","1.0","","1","N","N","N","0","","1","0","0","0","0","","25","2","1","0","0","0","0","1","2","0","2","0","0","0","3","03","","N","","","","","","","","","",""
"2022109760","0306","2","0","0","0","0","0","0","0","0","2","0","","67","11","2022","6","39.97444","-75.19485","0306","6","0","0","0","0","0","0","0","0","","0","0","0","2","3","0","N","0","0","39 58:27.983","","0","75 11:41.461","9","0","0","0","67301","0","0","0","N","0","0","0","2","67301","0","","1.0","","1","N","N","N","0","","0","0","0","0","0","","236","2","0","0","0","0","0","1","2","0","2","0","0","0","3","","","N","","","","","","","","","",""
"2022106560","1124","1","0","0","0","0","0","0","0","0","1","0","","67","9","2022","2","40.045331","-75.002337","1124","6","0","0","1","0","0","0","0","0","","0","0","0","11","1","1","","6","1","40 02:43.190","2","2","75 00:08.414","3","0","0","0","67301","0","0","0","N","0","0","0","2","68K01","0","","1.0","1225.0","1","N","N","N","0","","1","0","1","3","4","N","1124","2","1","0","0","0","0","0","2","0","2","0","0","0","3","03","","N","","","","","","","","","",""
"2022108047","2326","1","0","0","0","0","0","0","0","0","7","0","","67","11","2022","3","39.974819","-75.116926","2314","6","0","0","0","0","1","0","0","0","","0","0","0","23","3","0","N","0","1","39 58:29.349","1","0","75 07:00.934","0","0","0","0","67301","0","0","0","N","0","0","0","1","68K01","0","","2.0","1137.0","9","N","N","N","0","","0","0","0","0","0","N","2314","1","0","0","0","0","0","0","2","0","1","0","0","0","7","","","N","","","","","","","","","",""
"2022112899","1000","0","0","0","0","0","0","0","0","0","7","0","","67","11","2022","5","39.988206","-75.214447","0949","6","0","0","0","0","0","0","0","0","","0","0","0","9","1","0","N","0","1","39 59:17.540","6","0","75 12:52.010","0","0","0","0","67301","0","0","0","N","0","0","0","1","67301","0","","4.0","1054.0","1","N","N","N","0","","0","0","1","0","0","Y","926","1","0","0","0","0","0","0","2","0","1","0","0","0","3","03","","N","","","","","","","","","",""
"2022108056","1245","0","0","0","0","0","0","0","0","0","7","1","","67","11","2022","2","39.912389","-75.173861","1240","6","0","0","0","0","0","1","0","0","","0","1","0","12","1","0","","7","2","39 54:44.600","3","8","75 10:25.900","0","0","0","0","67301","0","0","0","N","0","0","0","1","67301","0","","4.0","617.0","1","N","N","N","0","","0","0","0","3","8","Y","1230","1","0","0","0","0","0","0","2","0","1","0","0","0","3","03","","N","","","","","","","","","",""
"2022112627","0635","1","0","0","0","0","0","0","0","0","8","0","","67","11","2022","7","39.95141","-75.141496","0635","6","0","0","0","0","0","1","0","0","","2","0","0","5","3","0","N","0","2","39 57:05.077","2","0","75 08:29.386","1","0","0","0","67301","1","1","0","N","1","1","0","2","68K01","0","1","1.0","1000.0","9","N","N","N","0","0","0","0","1","0","0","Y","549","4","0","1","1","0","0","0","2","1","3","1","1","0","3","","","N","","","","","","","","","",""
"2022096647","","1","0","0","0","0","0","0","0","0","4","0","","67","9","2022","6","40.019111","-75.081461","","6","0","0","0","0","0","0","0","0","","0","0","0","20","1","1","","1","0","40 01:08.801","","0","75 04:53.260","8","0","0","0","67301","0","0","0","N","0","0","0","2","00000","0","","1.0","","1","","","N","0","","0","0","0","3","2","","2021","2","1","0","0","0","1","0","2","0","2","0","0","0","3","","","N","","","","","","","","","",""
"2022112404","2047","2","0","0","0","0","0","1","0","0","6","1","","67","10","2022","2","39.992302","-75.185923","2046","6","0","0","0","0","0","1","0","0","","0","0","0","20","3","1","N","0","0","39 59:32.287","","0","75 11:09.323","3","0","0","0","67301","0","0","0","N","0","0","0","3","67301","0","","1.0","","9","N","N","N","0","","1","0","4","0","0","","2024","8","1","1","0","0","0","0","2","1","8","0","0","0","7","04","","N","","","","","","","","","",""