"CRN","ARRIVAL_TM","AUTOMOBILE_COUNT","BELTED_DEATH_COUNT","BELTED_SUSP_SERIOUS_INJ_COUNT","BICYCLE_COUNT","BICYCLE_DEATH_COUNT","BICYCLE_SUSP_SERIOUS_INJ_COUNT","BUS_COUNT","CHLDPAS_DEATH_COUNT","CHLDPAS_SUSP_SERIOUS_INJ_COUNT","COLLISION_TYPE","COMM_VEH_COUNT","CONS_ZONE_SPD_LIM","COUNTY","CRASH_MONTH","CRASH_YEAR","DAY_OF_WEEK","DEC_LATITUDE","DEC_LONGITUDE","DISPATCH_TM","DISTRICT","DRIVER_COUNT_16YR","DRIVER_COUNT_17YR","DRIVER_COUNT_18YR","DRIVER_COUNT_19YR","DRIVER_COUNT_20YR","DRIVER_COUNT_50_64YR","DRIVER_COUNT_65_74YR","DRIVER_COUNT_75PLUS","EST_HRS_CLOSED","FATAL_COUNT","HEAVY_TRUCK_COUNT","HORSE_BUGGY_COUNT","HOUR_OF_DAY","ILLUMINATION","INJURY_COUNT","INTERSECTION_RELATED","INTERSECT_TYPE","LANE_CLOSED","LATITUDE","LN_CLOSE_DIR","LOCATION_TYPE","LONGITUDE","MAX_SEVERITY_LEVEL","MCYCLE_DEATH_COUNT","MCYCLE_SUSP_SERIOUS_INJ_COUNT","MOTORCYCLE_COUNT","MUNICIPALITY","NONMOTR_COUNT","NONMOTR_DEATH_COUNT","NONMOTR_SUSP_SERIOUS_INJ_COUNT","NTFY_HIWY_MAINT","PED_COUNT","PED_DEATH_COUNT","PED_SUSP_SERIOUS_INJ_COUNT","PERSON_COUNT","POLICE_AGCY","POSSIBLE_INJ_COUNT","RDWY_SURF_TYPE_CD","RELATION_TO_ROAD","ROADWAY_CLEARED","ROAD_CONDITION","SCH_BUS_IND","SCH_ZONE_IND","SECONDARY_CRASH","SMALL_TRUCK_COUNT","SPEC_JURIS_CD","SUSP_MINOR_INJ_COUNT","SUSP_SERIOUS_INJ_COUNT","SUV_COUNT","TCD_FUNC_CD","TCD_TYPE","TFC_DETOUR_IND","TIME_OF_DAY","TOTAL_UNITS","TOT_INJ_COUNT","UNBELTED_OCC_COUNT","UNB_DEATH_COUNT","UNB_SUSP_SERIOUS_INJ_COUNT","UNK_INJ_DEG_COUNT","UNK_INJ_PER_COUNT","URBAN_RURAL","VAN_COUNT","VEHICLE_COUNT","VULNERABLE_ROAD_USER_COUNT","VULNERABLE_ROAD_USER_DEATH_COUNT","VULNERABLE_ROAD_USER_SER_INJ_COUNT","WEATHER1","WEATHER2","WORKERS_PRES","WORK_ZONE_IND","WORK_ZONE_LOC","WORK_ZONE_TYPE","WZ_CLOSE_DETOUR","WZ_FLAGGER","WZ_LAW_OFFCR_IND","WZ_LN_CLOSURE","WZ_MOVING","WZ_OTHER","WZ_SHLDER_MDN","WZ_WORKERS_INJ_KILLED"
"2022085666","1337","1","0","0","0","0","0","0","0","0","5","0","","67","9","2022","1","40.053861","-75.197278","1330","6","0","0","0","0","0","0","0","0","","0","0","0","12","1","1","Y","0","1","40 03:13.900","1","0","75 11:50.200","8","0","0","0","67301","0","0","0","N","0","0","0","2","67301","0","","1.0","1400.0","1","N","N","Y","0","","0","0","2","3","3","N","1223","3","1","0","0","0","1","0","2","0","3","0","0","0","3","03","","N","","","","","","","","","",""
"2022087349","0849","3","0","0","0","0","0","0","0","0","4","0","","67","9","2022","2","40.062124","-75.058314","0840","6","0","0","0","0","0","0","0","0","","0","0","0","8","1","1","","1","2","40 03:43.646","6","0","75 03:29.930","3","0","0","0","67301","0","0","0","N","0","0","0","2","67301","0","","1.0","849.0","1","N","N","Y","0","","1","0","0","3","3","N","814","3","1","0","0","0","0","0","2","0","3","0","0","0","3","","","N","","","","","","","","","",""
"2022112227","0725","1","0","0","0","0","0","0","0","0","4","0","","67","11","2022","7","40.057794","-75.008743","0722","6","0","0","0","1","0","1","0","0","","0","0","0","6","1","1","","1","0","40 03:28.059","","0","75 00:31.473","8","0","0","0","67301","0","0","0","N","0","0","0","2","67301","0","","1.0","","1","N","N","N","0","","0","0","1","3","2","","644","2","1","0","0","0","1","0","2","0","2","0","0","0","3","","","N","","","","","","","","","",""
"2022112930","0742","2","0","0","0","0","0","0","0","0","2","0","","67","11","2022","2","40.021278","-75.147103","0738","6","0","0","0","0","0","0","0","0","","0","0","0","7","1","0","","5","1","40 01:16.600","2","0","75 08:49.570","9","0","0","0","67301","0","0","0","N","0","0","0","4","67301","0","","1.0","845.0","1","N","N","N","0","","0","0","0","3","2","Y","737","2","0","0","0","0","0","3","2","0","2","0","0","0","3","03","","N","","","","","","","","","",""
"2022087418","1715","1","0","0","0","0","0","0","0","0","4","0","","67","9","2022","2","40.021001","-75.16392","1708","6","0","0","0","0","0","0","0","1","","0","0","0","15","1","1","","1","0","40 01:15.603","","0","75 09:50.111","4","0","0","0","67301","0","0","0","N","0","0","0","2","67301","1","","1.0","","1","N","N","N","0","","0","0","1","3","3","","1530","2","1","0","0","0","0","1","2","0","2","0","0","0","3","03","","N","","","","","","","","","",""
"2022088740","1348","1","0","0","0","0","0","0","0","0","7","0","","67","9","2022","3","39.978462","-75.110038","1341","6","0","0","1","0","0","0","0","0","","0","0","0","13","1","2","N","0","1","39 58:42.462","1","0","75 06:36.138","3","0","0","0","67301","0","0","0","N","0","0","0","2","68K01","0","","3.0","1400.0","1","N","N","N","0","","2","0","0","0","0","N","1325","1","2","2","0","0","0","0","2","0","1","0","0","0","3","","","N","","","","","","","","","",""
"2022113492","0859","1","0","0","0","0","0","0","0","0","1","1","","67","10","2022","6","39.948261","-75.186575","0849","6","0","0","0","0","0","0","0","0","","0","1","0","8","1","0","N","0","0","39 56:53.741","","0","75 11:11.669","0","0","0","0","67301","0","0","0","N","0","0","0","2","68K01","0","","1.0","","1","N","N","N","0","","0","0","0","0","0","","844","2","0","0","0","0","0","0","2","0","2","0","0","0","3","","","N","","","","","","","","","",""
"2022113616","0016","2","0","0","0","0","0","0","0","0","4","0","","67","11","2022","3","40.030904","-75.065504","0006","6","0","0","0","0","0","0","0","0","","0","0","0","0","3","0","","1","0","40 01:51.253","","0","75 03:55.813","0","0","0","0","67301","0","0","0","N","0","0","0","2","67301","0","","1.0","","1","N","N","N","0","","0","0","0","3","3","","3","2","0","0","0","0","0","0","2","0","2","0","0","0","3","","","N","","","","","","","","","",""
"2022113344","0051","2","0","0","0","0","0","0","0","0","4","0","","67","11","2022","4","40.028357","-75.120001","0045","6","0","0","0","0","0","0","0","0","","0","0","0","0","3","1","","1","0","40 01:42.085","","0","75 07:12.004","3","0","0","0","67301","0","0","0","N","0","0","0","2","67301","0","","1.0","","1","N","N","N","0","","1","0","0","3","2","","42","2","1","0","0","0","0","1","2","0","2","0","0","0","3","03","","N","","","","","","","","","",""
"2022085281","0039","1","0","0","0","0","0","0","0","0","8","0","","67","9","2022","7","39.981744","-75.157275","0039","6","0","0","0","0","0","0","0","0","","0","0","0","0","3","1","N","0","0","39 58:54.278","","0","75 09:26.191","8","0","0","0","67301","1","0","0","N","1","0","0","2","67505","0","","1.0","","1","N","N","N","0","","0","0","0","3","2","","39","2","1","0","0","0","1","0","2","0","1","1","0","0","3","03","","N","","","","","","","","","",""
"2022085876","0140","0","0","0","0","0","0","0","0","0","7","0","","67","9","2022","1","40.007238","-75.17445","0140","6","0","0","0","0","0","1","0","0","","0","0","0","1","3","1","","3","1","40 00:26.056","4","0","75 10:28.019","3","0","0","0","67301","0","0","0","N","0","0","0","1","67301","0","","4.0","215.0","1","N","N","N","0","","1","0","1","3","2","N","132","2","1","0","0","0","0","0","2","0","1","0","0","0","3","03","","N","","","","","","","","","",""
"2022086742","1633","1","0","0","0","0","0","0","0","0","8","0","","67","9","2022","2","40.026503","-75.04216","1624","6","0","0","0","0","0","0","0","0","","0","0","0","16","1","1","","1","0","40 01:35.410","","0","75 02:31.776","3","0","0","0","67301","1","0","0","N","1","0","0","2","67301","0","","1.0","","9","N","N","N","0","","1","0","0","0","0","","1622","2","1","0","0","0","0","0","2","0","1","1","0","0","7","","","N","","","","","","","","","",""
"2022103323","2001","1","0","0","0","0","0","0","0","0","7","0","","67","9","2022","3","39.999263","-75.15211","1953","6","0","0","0","0","0","0","0","0","","0","0","0","19","3","0","","11","0","39 59:57.346","","0","75 09:07.596","9","0","0","0","67301","0","0","0","N","0","0","0","1","67301","0","","4.0","","1","N","N","N","0","","0","0","0","0","0","","1952","1","0","0","0","0","0","1","2","0","1","0","0","0","3","03","","N","","","","","","","","","",""
"2022086027","0810","0","0","0","0","0","0","0","0","0","5","0","","67","9","2022","2","40.034293","-75.068175","0806","6","0","0","0","0","0","2","0","0","","0","0","0","8","1","2","","2","0","40 02:03.454","","0","75 04:05.430","3","0","0","0","67301","0","0","0","N","0","0","0","2","67301","0","","1.0","","1","N","N","N","0","","2","0","2","0","0","","805","2","2","0","0","0","0","0","2","0","2","0","0","0","3","03","","N","","","","","","","","","",""
"2022112215","0054","0","0","0","0","0","0","0","0","0","7","0","","67","11","2022","5","40.124906","-75.003181","0054","6","0","0","0","0","0","0","0","0","","0","0","0","0","3","1","N","0","0","40 07:29.660","","0","75 00:11.450","2","0","1","1","67301","0","0","0","N","0","0","0","1","67301","0","","5.0","","1","N","N","N","0","","0","1","0","0","0","","53","1","1","0","0","0","0","0","2","0","1","0","0","0","3","03","","N","","","","","","","","","",""
"2022088500","2040","3","0","0","0","0","0","0","0","0","1","0","","67","9","2022","6","39.967261","-75.133344","2035","6","0","0","0","0","0","1","0","0","","0","0","0","20","3","3","N","0","1","39 58:02.141","2","0","75 08:00.037","3","0","0","0","67301","0","0","0","N","0","0","0","9","68K01","0","","1.0","2100.0","1","N","N","N","0","","3","0","0","0","0","Y","2032","3","3","0","0","0","0","0","2","0","3","0","0","0","3","03","","N","","","","","","","","","",""
"2022071261","","0","0","0","0","0","0","0","0","0","1","0","","67","7","2022","2","40.022306","-75.036361","","6","0","0","0","0","0","0","0","0","","0","0","0","22","3","2","N","0","0","40 01:20.300","","0","75 02:10.900","8","0","0","0","67301","0","0","0","N","0","0","0","3","00000","0","","1.0","","1","","","N","1","","0","0","0","0","0","","2200","2","2","1","0","0","2","0","2","1","2","0","0","0","3","","","N","","","","","","","","","",""
"2022097177","0942","0","0","0","0","0","0","0","0","0","7","0","25","67","10","2022","4","40.025573","-75.202181","0942","6","0","0","0","0","0","0","0","0","","0","0","0","9","1","0","N","0","0","40 01:32.061","","0","75 12:07.850","0","0","0","0","67301","0","0","0","N","0","0","0","1","67301","0","","2.0","","1","N","N","N","0","","0","0","0","0","0","","942","1","0","0","0","0","0","0","2","1","1","0","0","0","3","","N","Y","4","1","N","N","Y","N","N","N","Y","N"
"2022110737","","0","0","0","0","0","0","0","0","0","1","0","","67","11","2022","5","39.985642","-75.208282","","6","0","0","0","0","0","0","0","0","","0","0","0","9","1","1","","6","0","39 59:08.312","","2","75 12:29.815","8","0","0","0","67301","0","0","0","N","0","0","0","2","00000","0","","7.0","","1","","","N","0","","0","0","1","0","0","","900","2","1","0","0","0","1","0","2","0","2","0","0","0","3","","","N","","","","","","","","","",""
"2022112371","1616","1","0","0","0","0","0","0","0","0","1","0","","67","11","2022","7","40.025595","-75.028631","1608","6","0","0","1","0","0","0","0","0","","0","0","0","16","1","0","N","0","1","40 01:32.143","2","0","75 01:43.071","9","0","0","0","67301","0","0","0","N","0","0","0","2","68K01","0","","1.0","1630.0","1","N","N","N","0","","0","0","0","0","0","N","1605","2","0","0","0","0","0","1","2","0","2","0","0","0","3","03","","N","","","","","","","","","",""
"2022085568","0140","1","0","0","0","0","0","0","0","0","4","0","","67","9","2022","1","39.915989","-75.164464","0137","6","0","0","0","0","0","0","0","0","","0","0","0","1","3","1","","1","0","39 54:57.561","","0","75 09:52.072","3","0","0","0","67301","0","0","0","N","0","0","0","2","67301","0","","1.0","","1","N","N","N","0","","1","0","0","3","2","","130","2","1","1","0","0","0","0","2","1","2","0","0","0","3","03","","N","","","","","","","","","",""
"2022086694","1010","0","0","0","0","0","0","0","0","0","8","0","","67","9","2022","3","39.97696","-75.272486","1010","6","0","0","0","0","0","0","0","0","","0","0","0","10","1","1","","1","0","39 58:37.055","","0","75 16:20.949","8","0","0","0","67301","1","0","0","N","1","0","0","2","67301","0","","1.0","","1","N","N","N","0","","0","0","0","3","3","","1008","2","1","0","0","0","1","0","2","1","1","1","0","0","3","03","","N","","","","","","","","","",""
"2022112399","0619","0","0","0","0","0","0","0","0","0","8","0","","67","11","2022","5","39.91266","-75.243254","0617","6","0","0","0","0","0","0","0","0","","1","0","0","6","3","0","N","0","2","39 54:45.575","5","0","75 14:35.716","1","0","0","0","67301","1","1","0","N","1","1","0","2","67301","0","2","1.0","845.0","1","N","N","N","0","0","0","0","0","0","0","Y","613","2","0","0","0","0","0","0","2","1","1","1","1","0","3","03","","N","","","","","","","","","",""
"2022113081","0537","1","0","0","0","0","0","0","0","0","1","0","","67","9","2022","1","39.897125","-75.188665","0525","6","0","0","0","0","0","0","0","0","","1","0","0","5","3","7","N","0","2","39 53:49.650","1","3","75 11:19.195","1","0","0","0","67301","0","0","0","N","0","0","0","8","68K01","0","2","1.0","1005.0","1","N","N","Y","0","0","0","0","1","0","0","Y","524","2","7","8","1","0","7","0","2","0","2","0","0","0","3","03","","N","","","","","","","","","",""
"2022112765","1550","2","0","0","0","0","0","0","0","0","1","0","","67","11","2022","2","40.013916","-75.179009","1550","6","0","0","0","0","0","0","0","0","","0","0","0","15","1","1","N","0","0","40 00:50.096","","0","75 10:44.432","4","0","0","0","67301","0","0","0","N","0","0","0","2","67301","1","","1.0","","1","N","N","N","0","","0","0","0","0","0","","1544","2","1","0","0","0","0","0","2","0","2","0","0","0","3","03","","N","","","","","","","","","",""
"2022112748","0836","0","0","0","0","0","0","0","0","0","1","0","","67","11","2022","3","39.957142","-75.144361","0819","6","0","0","0","0","0","0","0","0","","0","0","0","8","1","2","N","0","0","39 57:25.710","","2","75 08:39.698","4","0","0","0","67301","0","0","0","N","0","0","0","3","68K01","2","","1.0","","1","N","N","N","0","","0","0","2","0","0","","813","2","2","0","0","0","0","0","2","0","2","0","0","0","3","03","","N","","","","","","","","","",""
"2022086620","2110","0","0","0","0","0","0","0","0","0","5","0","","67","9","2022","2","40.060302","-75.053428","2104","6","0","0","0","0","0","0","0","0","","0","0","0","20","3","1","N","0","0","40 03:37.088","","0","75 03:12.339","3","0","0","0","67301","0","0","0","N","0","0","0","2","67301","0","","1.0","","1","N","N","N","0","","1","0","1","0","0","","2058","2","1","1","0","0","0","0","2","1","2","0","0","0","3","03","","N","","","","","","","","","",""
"2022111718","2019","1","0","0","0","0","0","0","0","0","5","0","","67","10","2022","7","40.039377","-75.007726","2008","6","0","0","0","1","0","1","0","0","","0","0","0","20","3","2","N","0","1","40 02:21.757","2","0","75 00:27.815","4","0","0","0","67301","0","0","0","N","0","0","0","4","68K01","2","","1.0","2050.0","9","N","N","N","0","","0","0","2","0","0","N","2006","4","2","0","0","0","0","0","2","0","4","0","0","0","7","","","N","","","","","","","","","",""
"2022093811","2050","1","0","0","0","0","0","0","0","0","4","0","","67","9","2022","2","39.973425","-75.227638","2045","6","0","0","0","0","0","0","0","0","","0","0","0","20","2","1","","1","0","39 58:24.329","","0","75 13:39.496","3","0","0","1","67301","0","0","0","N","0","0","0","2","67301","0","","1.0","","1","N","N","N","0","","1","0","0","0","0","","2040","2","1","0","0","0","0","0","2","0","2","0","0","0","3","","","N","","","","","","","","","",""
"2022085665","1130","1","0","0","0","0","0","0","0","0","4","0","","67","9","2022","1","40.049794","-75.181837","1119","6","0","0","0","0","0","1","0","0","","0","0","0","11","1","1","N","0","0","40 02:59.259","","0","75 10:54.612","3","0","0","0","67301","0","0","0","N","0","0","0","2","67301","0","","1.0","","1","N","N","N","0","","1","0","1","0","0","","1110","2","1","0","0","0","0","0","2","0","2","0","0","0","3","03","","N","","","","","","","","","",""
"2022088494","2027","1","0","0","0","0","0","0","0","0","1","0","","67","9","2022","5","39.90036","-75.157785","2025","6","0","0","0","0","0","0","0","0","","0","0","0","20","3","1","N","0","0","39 54:01.295","","0","75 09:28.025","4","0","0","0","67301","0","0","0","N","0","0","0","4","68K01","1","","1.0","","1","N","N","N","0","","0","0","2","0","0","","2023","3","1","0","0","0","0","0","2","0","3","0","0","0","3","03","","N","","","","","","","","","",""
"2022113747","2012","0","0","0","0","0","0","0","0","0","1","0","","67","7","2022","2","40.042328","-75.063631","1840","6","0","0","0","0","0","1","0","0","","0","0","0","18","4","2","Y","0","1","40 02:32.382","1","0","75 03:49.070","8","0","0","0","67301","0","0","0","N","0","0","0","3","67301","0","","1.0","100.0","1","N","N","N","0","","0","0","1","3","2","Y","1839","3","2","0","0","0","2","1","2","0","3","0","0","0","3","03","","N","","","","","","","","","",""
"2022112761","0739","2","0","0","0","0","0","0","0","0","4","0","","67","10","2022","2","40.01686","-75.097026","0734","6","0","0","0","0","0","1","0","0","","0","0","0","7","5","0","N","0","1","40 01:00.697","2","0","75 05:49.295","9","0","0","0","67301","0","0","0","N","0","0","0","2","67301","0","","4.0","800.0","9","N","N","Y","0","","0","0","2","0","0","Y","730","4","0","0","0","0","0","2","2","0","4","0","0","0","7","04","","N","","","","","","","","","",""
"2022099176","0530","0","0","0","0","0","0","0","0","0","2","0","","67","10","2022","5","40.028922","-75.159117","0515","6","0","0","0","0","0","0","0","0","","0","0","0","5","3","0","N","0","0","40 01:44.120","","0","75 09:32.820","0","0","0","0","67301","0","0","0","N","0","0","0","1","67301","0","","1.0","","1","N","N","N","1","","0","0","1","0","0","","500","2","0","0","0","0","0","0","2","0","2","0","0","0","3","","","N","","","","","","","","","",""
"2022098901","1330","1","0","0","0","0","0","0","0","0","4","0","","67","10","2022","5","40.001433","-75.151631","1330","6","0","0","0","0","0","0","0","0","","0","0","0","13","1","1","","1","0","40 00:05.160","","0","75 09:05.871","3","0","0","0","67301","0","0","0","N","0","0","0","3","67301","0","","1.0","","1","N","N","N","0","","1","0","1","3","3","","1300","2","1","0","0","0","0","1","2","0","2","0","0","0","3","03","","N","","","","","","","","","",""
"2022092922","2240","0","0","0","0","0","0","0","0","0","4","0","","67","9","2022","6","40.043155","-75.16721","2235","6","0","0","0","0","0","2","0","0","","0","0","0","22","3","1","","1","0","40 02:35.358","","0","75 10:01.956","4","0","0","0","67301","0","0","0","N","0","0","0","2","67301","1","","1.0","","1","N","N","N","0","","0","0","2","3","2","","2230","2","1","0","0","0","0","0","2","0","2","0","0","0","3","03","","N","","","","","","","","","",""
"2022098818","0805","0","0","0","0","0","0","1","0","0","4","2","","67","10","2022","4","39.968891","-75.134424","0800","6","0","0","0","0","0","1","0","0","","0","1","0","8","1","2","","1","0","39 58:08.006","","0","75 08:03.925","4","0","0","0","67301","0","0","0","N","0","0","0","2","67508","2","","1.0","","1","N","N","N","0","","0","0","0","3","7","","800","2","2","0","0","0","0","0","2","0","2","0","0","0","3","03","","N","","","","","","","","","",""
"2022113749","1036","1","0","0","0","0","0","0","0","0","4","0","","67","11","2022","4","40.047432","-75.059377","1030","6","0","0","0","0","0","0","0","0","","0","0","0","18","3","1","N","0","0","40 02:50.756","","0","75 03:33.758","4","0","0","0","67301","0","0","0","N","0","0","0","1","67301","1","","1.0","","1","N","N","N","0","","0","0","1","0","0","","1800","2","1","0","0","0","0","0","2","0","2","0","0","0","3","03","","N","","","","","","","","","",""
"2022105913","1508","2","0","0","0","0","0","1","0","0","1","1","","67","9","2022","5","39.891076","-75.239168","1444","6","0","0","0","0","0","2","0","0","","0","0","0","14","1","1","N","0","0","39 53:27.873","","2","75 14:21.004","3","0","0","0","67301","0","0","0","N","0","0","0","3","68K01","0","","1.0","","2","N","N","N","0","","1","0","0","0","0","","1442","3","1","0","0","0","0","0","2","0","3","0","0","0","3","03","","N","","","","","","","","","",""
"2022088122","1230","2","0","0","0","0","0","0","0","0","4","0","","67","9","2022","2","39.958177","-75.229104","1222","6","0","0","0","0","0","1","0","0","","0","0","0","12","1","1","","1","0","39 57:29.437","","0","75 13:44.774","8","0","0","0","67301","0","0","0","N","0","0","0","3","67301","0","","1.0","","1","N","N","N","1","","0","0","0","3","3","","1217","3","1","1","0","0","1","0","2","0","3","0","0","0","3","03","","N","","","","","","","","","",""
"2022111876","2039","2","0","0","0","0","0","0","0","0","1","0","","67","11","2022","7","39.898604","-75.180453","2016","6","0","0","0","0","0","1","0","0","","0","0","0","20","1","0","N","0","0","39 53:54.973","","0","75 10:49.630","0","0","0","0","67301","0","0","0","N","0","0","0","4","68K01","0","","1.0","","1","N","N","N","0","","0","0","0","0","0","","2011","2","0","0","0","0","0","0","2","0","2","0","0","0","3","03","","N","","","","","","","","","",""
"2022108703","1021","1","0","0","0","0","0","0","0","0","5","1","","67","11","2022","4","39.997354","-75.196397","1004","6","0","0","0","0","0","0","0","0","","0","1","0","9","1","0","N","0","0","39 59:50.473","","0","75 11:47.029","0","0","0","0","67301","0","0","0","N","0","0","0","2","68K01","0","","1.0","","1","N","N","N","0","","0","0","0","0","0","","926","2","0","0","0","0","0","0","2","0","2","0","0","0","3","","","N","","","","","","","","","",""
"2022068670","","1","0","0","0","0","0","0","0","0","3","0","","67","6","2022","2","39.965361","-75.185781","","6","0","0","0","0","0","0","0","0","","0","0","0","21","1","3","","6","0","39 57:55.299","","2","75 11:08.810","8","0","0","0","67301","0","0","0","N","0","0","0","4","00000","0","","1.0","","1","","","N","0","","0","0","0","0","0","","2155","2","3","0","0","0","3","0","2","0","2","0","0","0","3","","","N","","","","","","","","","",""
"2022066417","","2","0","0","0","0","0","0","0","0","5","0","","67","7","2022","3","39.945139","-75.241694","","6","0","0","0","0","0","0","0","0","","0","0","0","8","1","0","N","0","0","39 56:42.500","","0","75 14:30.100","0","0","0","0","67301","0","0","0","N","0","0","0","2","00000","0","","1.0","","1","","","N","0","","0","0","0","0","0","","832","2","0","0","0","0","0","0","2","0","2","0","0","0","3","","","N","","","","","","","","","",""
"2022099564","0732","0","0","0","0","0","0","0","0","0","7","0","","67","10","2022","1","40.043506","-75.002784","0714","6","0","0","0","0","0","0","0","0","","0","0","0","7","3","0","N","0","0","40 02:36.622","","0","75 00:10.024","0","0","0","0","67301","0","0","0","N","0","0","0","1","68K01","0","","2.0","","9","N","N","N","0","","0","0","1","0","0","","711","1","0","0","0","0","0","0","2","0","1","0","0","0","7","07","","N","","","","","","","","","",""
"2022100424","0025","2","0","0","0","0","0","0","0","0","2","0","","67","10","2022","2","40.062054","-75.021434","0019","6","0","0","0","0","0","0","0","0","","0","0","0","0","3","2","N","0","1","40 03:43.396","3","7","75 01:17.163","8","0","0","0","67301","0","0","0","N","0","0","0","2","67301","0","","6.0","140.0","9","N","N","N","0","","0","0","2","0","0","Y","15","4","2","0","0","0","2","0","2","0","4","0","0","0","7","07","","N","","","","","","","","","",""
"2022106635","1725","1","0","0","0","0","0","0","0","0","4","0","","67","11","2022","1","39.961703","-75.222511","1714","6","0","0","0","0","0","0","0","0","","0","0","0","3","3","0","N","0","0","39 57:42.130","","0","75 13:21.040","9","0","0","0","67301","0","0","0","N","0","0","0","1","67301","0","","1.0","","1","N","N","N","0","","0","0","0","0","0","","333","2","0","0","0","0","0","1","2","0","2","0","0","0","3","03","","N","","","","","","","","","",""
"2022098268","1918","0","0","0","0","0","0","0","0","0","5","0","","67","10","2022","7","40.006002","-75.176695","1918","6","0","0","0","0","0","0","0","0","","0","0","0","18","3","1","","2","0","40 00:21.607","","0","75 10:36.101","3","0","0","0","67301","0","0","0","N","0","0","0","2","67301","0","","1.0","","1","N","N","N","0","","1","0","2","3","1","","1816","2","1","0","0","0","0","1","2","0","2","0","0","0","3","","","N","","","","","","","","","",""
"2022085723","1930","1","0","0","0","0","0","0","0","0","7","0","","67","9","2022","1","39.98189","-75.157243","1925","6","0","0","0","0","0","0","0","0","","0","0","0","17","1","0","N","0","1","39 58:54.804","2","0","75 09:26.075","0","0","0","0","67301","0","0","0","N","0","0","0","3","67505","0","","3.0","1950.0","1","N","N","N","0","","0","0","0","0","0","Y","1725","1","0","0","0","0","0","0","2","0","1","0","0","0","3","03","","N","","","","","","","","","",""
"2022080573","","1","0","0","0","0","0","0","0","0","1","0","","67","4","2022","3","39.935334","-75.234981","","6","0","0","0","0","0","0","0","0","","0","0","0","13","1","1","N","0","0","39 56:07.203","","0","75 14:05.931","8","0","0","0","67301","0","0","0","N","0","0","0","2","00000","0","","1.0","","1","","","N","0","","0","0","0","0","0","","1305","2","1","0","0","0","1","0","2","0","2","0","0","0","3","","","N","","","","","","","","","",""
"2022108763","1546","0","0","0","0","0","0","0","0","0","8","0","","67","11","2022","4","40.055314","-75.07855","1542","6","0","0","0","0","0","1","0","0","","0","0","0","15","1","1","N","0","0","40 03:19.130","","0","75 04:42.780","3","0","0","0","67301","1","0","0","N","1","0","0","2","67301","0","","1.0","","1","N","N","N","0","","1","0","1","0","0","","1541","2","1","0","0","0","0","0","2","0","1","1","0","0","3","03","","N","","","","","","","","","",""
"2022071256","","1","0","0","0","0","0","0","0","0","4","0","","67","7","2022","2","39.942325","-75.233821","","6","0","0","0","0","1","0","0","0","","0","0","0","22","3","3","","1","0","39 56:32.369","","0","75 14:01.754","8","0","0","0","67301","0","0","0","N","0","0","0","4","00000","0","","1.0","","1","","","N","0","","0","0","0","3","2","","2240","2","3","0","0","0","3","0","2","1","2","0","0","0","3","","","N","","","","","","","","","",""
"2022120315","1130","0","0","0","0","0","0","0","0","0","1","0","","67","12","2022","7","39.917917","-75.180439","1125","6","0","0","0","0","0","1","0","0","","0","0","0","11","1","1","N","0","0","39 55:04.500","","0","75 10:49.580","3","0","0","0","67301","0","0","0","N","0","0","0","3","67301","0","","1.0","","1","N","N","N","0","","1","0","1","0","0","","1120","2","1","1","0","0","0","1","2","0","2","0","0","0","3","03","","N","","","","","","","","","",""
"2022083825","1230","0","0","0","0","0","0","0","0","0","8","1","","67","9","2022","2","40.02499","-75.166937","1218","6","0","0","0","0","0","0","0","0","","0","1","0","10","1","1","","2","0","40 01:29.963","","0","75 10:00.974","8","0","0","0","67301","1","0","0","N","1","0","0","2","67301","0","","1.0","","1","N","N","N","0","","0","0","0","0","0","","1010","2","1","1","0","0","1","0","2","0","1","1","0","0","3","03","","N","","","","","","","","","",""
"2022107166","1455","0","0","0","0","0","0","0","0","0","7","1","","67","11","2022","2","39.932392","-75.218916","1442","6","0","0","0","0","0","0","0","0","","0","1","0","13","1","0","N","0","2","39 55:56.611","6","1","75 13:08.097","0","0","0","0","67301","0","0","0","N","0","0","0","1","67301","0","","1.0","1600.0","1","N","N","N","0","","0","0","0","3","8","Y","1344","1","0","0","0","0","0","0","2","0","1","0","0","0","3","03","","N","","","","","","","","","",""
"2022098747","1725","1","0","0","0","0","0","1","0","0","4","1","","67","10","2022","3","40.009868","-75.156024","1719","6","0","0","0","0","0","1","0","0","","0","0","0","17","1","1","","1","0","40 00:35.524","","0","75 09:21.688","3","0","0","0","67301","0","0","0","N","0","0","0","3","67301","0","","1.0","","1","Y","N","N","0","","1","0","0","0","0","","1710","3","1","0","0","0","0","0","2","1","3","0","0","0","3","","","N","","","","","","","","","",""
"2022084159","0124","1","0","0","0","0","0","0","0","0","4","0","","67","9","2022","3","39.992287","-75.142193","0122","6","0","0","0","0","0","0","0","0","","0","0","0","1","3","0","","1","0","39 59:32.232","","0","75 08:31.896","0","0","0","0","67301","0","0","0","N","0","0","0","2","67301","0","","1.0","","9","N","N","N","0","","0","0","1","3","2","","121","2","0","0","0","0","0","0","2","0","2","0","0","0","3","03","","N","","","","","","","","","",""