"CRN","ARRIVAL_TM","AUTOMOBILE_COUNT","BELTED_DEATH_COUNT","BELTED_SUSP_SERIOUS_INJ_COUNT","BICYCLE_COUNT","BICYCLE_DEATH_COUNT","BICYCLE_SUSP_SERIOUS_INJ_COUNT","BUS_COUNT","CHLDPAS_DEATH_COUNT","CHLDPAS_SUSP_SERIOUS_INJ_COUNT","COLLISION_TYPE","COMM_VEH_COUNT","CONS_ZONE_SPD_LIM","COUNTY","CRASH_MONTH","CRASH_YEAR","DAY_OF_WEEK","DEC_LATITUDE","DEC_LONGITUDE","DISPATCH_TM","DISTRICT","DRIVER_COUNT_16YR","DRIVER_COUNT_17YR","DRIVER_COUNT_18YR","DRIVER_COUNT_19YR","DRIVER_COUNT_20YR","DRIVER_COUNT_50_64YR","DRIVER_COUNT_65_74YR","DRIVER_COUNT_75PLUS","EST_HRS_CLOSED","FATAL_COUNT","HEAVY_TRUCK_COUNT","HORSE_BUGGY_COUNT","HOUR_OF_DAY","ILLUMINATION","INJURY_COUNT","INTERSECTION_RELATED","INTERSECT_TYPE","LANE_CLOSED","LATITUDE","LN_CLOSE_DIR","LOCATION_TYPE","LONGITUDE","MAX_SEVERITY_LEVEL","MCYCLE_DEATH_COUNT","MCYCLE_SUSP_SERIOUS_INJ_COUNT","MOTORCYCLE_COUNT","MUNICIPALITY","NONMOTR_COUNT","NONMOTR_DEATH_COUNT","NONMOTR_SUSP_SERIOUS_INJ_COUNT","NTFY_HIWY_MAINT","PED_COUNT","PED_DEATH_COUNT","PED_SUSP_SERIOUS_INJ_COUNT","PERSON_COUNT","POLICE_AGCY","POSSIBLE_INJ_COUNT","RDWY_SURF_TYPE_CD","RELATION_TO_ROAD","ROADWAY_CLEARED","ROAD_CONDITION","SCH_BUS_IND","SCH_ZONE_IND","SECONDARY_CRASH","SMALL_TRUCK_COUNT","SPEC_JURIS_CD","SUSP_MINOR_INJ_COUNT","SUSP_SERIOUS_INJ_COUNT","SUV_COUNT","TCD_FUNC_CD","TCD_TYPE","TFC_DETOUR_IND","TIME_OF_DAY","TOTAL_UNITS","TOT_INJ_COUNT","UNBELTED_OCC_COUNT","UNB_DEATH_COUNT","UNB_SUSP_SERIOUS_INJ_COUNT","UNK_INJ_DEG_COUNT","UNK_INJ_PER_COUNT","URBAN_RURAL","VAN_COUNT","VEHICLE_COUNT","VULNERABLE_ROAD_USER_COUNT","VULNERABLE_ROAD_USER_DEATH_COUNT","VULNERABLE_ROAD_USER_SER_INJ_COUNT","WEATHER1","WEATHER2","WORKERS_PRES","WORK_ZONE_IND","WORK_ZONE_LOC","WORK_ZONE_TYPE","WZ_CLOSE_DETOUR","WZ_FLAGGER","WZ_LAW_OFFCR_IND","WZ_LN_CLOSURE","WZ_MOVING","WZ_OTHER","WZ_SHLDER_MDN","WZ_WORKERS_INJ_KILLED"
"2022099646","0806","0","0","0","0","0","0","0","0","0","1","0","","67","10","2022","7","39.95815","-75.164026","0756","6","0","0","0","0","0","1","0","0","","0","0","0","7","1","0","N","0","0","39 57:29.339","","0","75 09:50.492","0","0","0","0","67301","0","0","0","N","0","0","0","2","68K01","0","","3.0","","1","N","N","N","0","","0","0","2","0","0","","755","2","0","0","0","0","0","0","2","0","2","0","0","0","3","","","N","","","","","","","","","",""
"2022075063","","1","0","0","0","0","0","0","0","0","4","0","","67","5","2022","6","40.018988","-75.093359","","6","0","0","0","0","0","1","0","0","","0","0","0","22","3","1","","1","0","40 01:08.356","","0","75 05:36.092","8","0","0","0","67301","0","0","0","N","0","0","0","2","00000","0","","1.0","","1","","","N","0","","0","0","0","3","3","","2235","2","1","0","0","0","1","0","2","0","2","0","0","0","3","","","N","","","","","","","","","",""
"2022084650","0850","0","0","0","0","0","0","0","0","0","8","0","","67","9","2022","4","39.982541","-75.163616","0838","6","0","0","1","0","0","0","0","0","","0","0","0","8","1","1","","1","0","39 58:57.147","","0","75 09:49.017","8","0","0","0","67301","1","0","0","N","1","0","0","2","67505","0","","1.0","","1","N","Y","N","0","","0","0","1","3","3","","838","2","1","0","0","0","1","1","2","0","1","1","0","0","3","03","","N","","","","","","","","","",""
"2022084535","1520","1","0","0","0","0","0","0","0","0","8","0","","67","9","2022","4","40.087534","-74.971328","1520","6","0","0","0","0","0","0","0","0","","0","0","0","14","1","1","","1","0","40 05:15.121","","2","74 58:16.779","3","0","0","0","67301","1","0","0","N","1","0","0","2","67301","0","","1.0","","1","N","N","N","0","","1","0","0","3","2","","1450","2","1","1","0","0","0","0","2","0","1","1","0","0","3","03","","N","","","","","","","","","",""
"2022100095","1003","0","0","0","0","0","0","0","0","0","8","0","","67","10","2022","4","39.992957","-75.110258","1003","6","0","0","0","0","0","0","0","0","","1","0","0","10","1","2","","1","0","39 59:34.645","","0","75 06:36.928","1","0","0","0","67301","2","1","1","N","2","1","1","7","67301","1","2","4.0","","9","N","N","N","0","0","0","1","1","3","2","","1003","3","2","0","0","0","0","0","2","0","1","2","1","1","4","03","","N","","","","","","","","","",""
"2022106414","1720","1","0","0","0","0","0","0","0","0","8","0","","67","11","2022","5","39.954899","-75.183419","1640","6","0","0","0","0","0","1","0","0","","0","0","0","15","1","1","N","1","0","39 57:17.635","","0","75 11:00.310","3","0","0","0","67301","1","0","0","N","1","0","0","2","67507","0","","1.0","","1","N","N","N","0","","1","0","0","3","2","","1505","2","1","0","0","0","0","1","2","0","1","1","0","0","3","","","N","","","","","","","","","",""
"2022097774","1501","1","0","0","0","0","0","0","0","0","5","1","","67","10","2022","3","39.93809","-75.142328","1500","6","0","0","0","0","0","1","0","0","","0","1","0","15","1","1","N","0","0","39 56:17.124","","0","75 08:32.382","8","0","0","0","67301","0","0","0","N","0","0","0","2","67301","0","","1.0","","99","N","N","N","0","","0","0","0","0","0","","1530","2","1","0","0","0","1","1","2","0","2","0","0","0","99","","","N","","","","","","","","","",""
"2022098720","0100","0","0","0","0","0","0","0","0","0","2","0","","67","10","2022","1","39.901476","-75.174315","0052","6","0","0","0","0","0","0","0","0","","0","0","0","0","3","1","N","0","0","39 54:05.314","","0","75 10:27.533","3","0","0","0","67301","0","0","0","N","0","0","0","2","67301","0","","1.0","","1","N","N","N","0","","1","0","2","3","2","","45","2","1","0","0","0","0","0","2","0","2","0","0","0","3","03","","N","","","","","","","","","",""
"2022107721","0405","1","0","0","0","0","0","0","0","0","7","0","","67","8","2022","1","39.989651","-75.107345","0355","6","0","0","0","0","0","0","0","0","","0","0","0","3","3","0","","1","0","39 59:22.743","","0","75 06:26.443","9","0","0","0","67301","0","0","0","N","0","0","0","1","67301","0","","4.0","","1","N","N","N","0","","0","0","0","3","2","","317","1","0","0","0","0","0","1","2","0","1","0","0","0","3","","","N","","","","","","","","","",""
"2022098361","0155","1","0","0","0","0","0","0","0","0","1","0","","67","10","2022","1","40.0078","-75.201938","0152","6","0","0","0","0","0","0","0","0","","0","0","0","1","3","0","N","0","1","40 00:28.080","3","0","75 12:06.975","0","0","0","0","67301","0","0","0","N","0","0","0","9","68K01","0","","1.0","157.0","1","N","N","N","0","","0","0","1","0","0","N","151","2","0","1","0","0","0","0","2","0","2","0","0","0","3","03","","N","","","","","","","","","",""
"2022098393","2030","0","0","0","1","0","0","1","0","0","8","1","","67","10","2022","6","40.019705","-75.055297","2020","6","0","0","0","0","0","1","0","0","","0","0","0","20","6","1","N","0","0","40 01:10.939","","0","75 03:19.070","8","0","0","0","67301","1","0","0","N","0","0","0","2","67508","0","","1.0","","1","N","N","N","0","","0","0","0","0","0","","2015","2","1","0","0","0","1","0","2","0","1","1","0","0","3","03","","N","","","","","","","","","",""
"2022085096","1600","2","0","0","0","0","0","0","0","0","4","0","","67","9","2022","4","40.054528","-75.090776","1558","6","0","0","0","0","0","1","0","0","","0","0","0","15","1","1","","1","0","40 03:16.301","","0","75 05:26.793","3","0","0","0","67301","0","0","0","N","0","0","0","3","67301","0","","1.0","","1","N","N","N","0","","1","0","0","3","3","","1526","2","1","0","0","0","0","0","2","0","2","0","0","0","3","","","N","","","","","","","","","",""
"2022105797","1715","0","0","0","0","0","0","0","0","0","5","0","","67","11","2022","5","40.114193","-75.025095","1710","6","0","0","0","0","0","1","0","0","","0","0","0","17","1","1","N","0","0","40 06:51.096","","0","75 01:30.343","3","0","0","1","67301","0","0","0","N","0","0","0","2","67301","0","","1.0","","1","N","N","N","0","","1","0","1","0","0","","1710","2","1","0","0","0","0","0","2","0","2","0","0","0","3","","","N","","","","","","","","","",""
"2022097437","1405","4","0","1","0","0","0","0","0","0","5","0","","67","10","2022","4","40.065008","-75.148181","1402","6","0","0","0","0","0","0","1","0","","0","0","0","14","1","1","N","0","0","40 03:54.030","","0","75 08:53.450","2","0","0","0","67301","0","0","0","N","0","0","0","1","67301","0","","6.0","","1","N","N","N","1","","0","1","2","0","0","","1400","7","1","0","0","0","0","0","2","0","7","0","0","0","3","","","N","","","","","","","","","",""
"2022123842","1851","0","0","0","0","0","0","0","0","0","1","0","","67","11","2022","4","39.899046","-75.174895","1839","6","0","0","0","0","0","1","0","0","","0","0","0","18","3","0","N","0","1","39 53:56.566","1","3","75 10:29.622","0","0","0","0","67301","0","0","0","N","0","0","0","3","68K01","0","","1.0","1915.0","1","N","N","N","0","","0","0","3","0","0","Y","1833","3","0","0","0","0","0","0","2","0","3","0","0","0","3","","","N","","","","","","","","","",""
"2022098062","2350","1","0","0","0","0","0","0","0","0","1","0","","67","10","2022","4","39.990961","-75.167868","2345","6","0","0","0","0","0","1","0","0","","0","0","0","22","3","1","","1","0","39 59:27.459","","0","75 10:04.324","3","0","0","0","67301","0","0","0","N","0","0","0","2","67301","0","","1.0","","1","N","N","N","0","","1","0","0","3","2","","2200","2","1","0","0","0","0","0","2","0","2","0","0","0","3","","","N","","","","","","","","","",""
"2022083837","1815","0","0","0","1","0","0","0","0","0","8","0","","67","9","2022","2","39.978585","-75.114757","1815","6","0","0","0","0","0","0","0","0","","0","0","0","14","1","1","","1","0","39 58:42.906","","0","75 06:53.125","3","0","0","0","67301","1","0","0","N","0","0","0","2","67301","0","","1.0","","1","N","N","N","0","","1","0","1","3","2","","1430","2","1","0","0","0","0","0","2","0","1","1","0","0","3","03","","N","","","","","","","","","",""
"2022106728","1642","1","0","0","0","0","0","0","0","0","5","0","","67","11","2022","2","39.956089","-75.19295","1640","6","0","0","0","1","0","0","0","0","","0","0","0","15","1","0","N","0","0","39 57:21.921","","0","75 11:34.619","0","0","0","0","67301","0","0","0","N","0","0","0","4","67507","0","","1.0","","1","N","N","N","0","","0","0","1","0","0","","1530","2","0","1","0","0","0","0","2","0","2","0","0","0","3","","","N","","","","","","","","","",""
"2022109364","1356","2","0","0","0","0","0","0","0","0","1","0","","67","11","2022","4","40.027503","-75.033095","1353","6","0","0","0","0","0","0","0","0","","0","0","0","12","1","1","","1","0","40 01:39.009","","0","75 01:59.143","3","0","0","0","67301","0","0","0","N","0","0","0","2","67301","0","","1.0","","1","N","N","N","0","","1","0","0","0","0","","1207","2","1","0","0","0","0","1","2","0","2","0","0","0","3","","","N","","","","","","","","","",""
"2022099875","2140","1","0","0","0","0","0","0","0","0","8","0","","67","10","2022","7","40.032919","-75.106761","2137","6","0","0","0","0","0","0","0","0","","0","0","0","21","3","1","N","0","0","40 01:58.507","","0","75 06:24.340","2","0","0","0","67301","1","0","1","N","1","0","1","2","67301","0","","1.0","","1","N","N","N","0","","0","1","0","3","2","","2135","2","1","0","0","0","0","1","2","0","1","1","0","1","3","03","","N","","","","","","","","","",""
"2022098814","0643","2","0","0","0","0","0","0","0","0","6","0","","67","10","2022","4","39.953609","-75.198625","0642","6","0","0","0","0","0","1","0","0","","0","0","0","6","3","1","","1","0","39 57:12.991","","0","75 11:55.051","3","0","0","0","67301","0","0","0","N","0","0","0","2","67504","0","","1.0","","1","N","N","N","0","","1","0","0","9","2","","640","2","1","0","0","0","0","0","2","0","2","0","0","0","3","","","N","","","","","","","","","",""
"2022120332","2206","1","0","0","0","0","0","0","0","0","5","0","","67","12","2022","7","40.031694","-75.119083","2206","6","0","0","0","0","0","0","0","0","","0","0","0","21","3","0","N","0","0","40 01:54.100","","0","75 07:08.700","9","0","0","0","67301","0","0","0","N","0","0","0","1","67301","0","","2.0","","1","N","N","N","1","","0","0","1","0","0","","2127","3","0","0","0","0","0","1","2","0","3","0","0","0","3","03","","N","","","","","","","","","",""
"2022098259","2316","1","0","0","0","0","0","0","0","0","7","0","","67","10","2022","7","39.967316","-75.180833","2314","6","0","0","0","0","0","0","0","0","","0","0","0","23","3","1","N","0","2","39 58:02.339","6","0","75 10:50.997","3","0","0","0","67301","0","0","0","N","0","0","0","1","67301","0","","4.0","2351.0","1","N","N","N","0","","1","0","0","0","0","Y","2312","1","1","0","0","0","0","0","2","0","1","0","0","0","3","03","","N","","","","","","","","","",""
"2022099314","0804","0","0","0","0","0","0","0","0","0","8","0","","67","10","2022","3","40.036098","-75.193965","0804","6","0","0","0","0","0","0","0","1","","0","0","0","6","5","1","","1","0","40 02:09.952","","6","75 11:38.274","3","0","0","0","67301","1","0","0","N","1","0","0","2","67301","0","","1.0","","9","N","N","N","0","","1","0","1","3","1","","648","2","1","0","0","0","0","0","2","0","1","1","0","0","7","04","","N","","","","","","","","","",""
"2022109030","0907","1","0","0","0","0","0","0","0","0","8","0","","67","11","2022","4","40.014573","-75.156653","0905","6","0","0","0","0","0","0","0","0","","0","0","0","9","1","1","","1","1","40 00:52.463","6","0","75 09:23.952","3","0","0","0","67301","1","0","0","N","1","0","0","2","67301","0","","1.0","30.0","1","N","Y","N","0","","1","0","0","3","2","N","900","2","1","0","0","0","0","0","2","0","1","1","0","0","4","04","","N","","","","","","","","","",""
"2022107718","1711","1","0","0","0","0","0","0","0","0","8","0","","67","11","2022","3","39.942826","-75.224161","1711","6","0","0","0","0","0","0","0","0","","0","0","0","17","4","1","","1","0","39 56:34.173","","0","75 13:26.979","8","0","0","0","67301","1","0","0","N","1","0","0","2","67301","0","","1.0","","9","N","N","N","0","","0","0","0","3","3","","1708","2","1","0","0","0","1","0","2","0","1","1","0","0","7","","","N","","","","","","","","","",""
"2022099319","0035","1","0","0","0","0","0","0","0","0","6","1","","67","8","2022","7","39.996261","-75.125814","0032","6","0","0","0","0","0","0","0","0","","0","1","0","0","2","2","N","0","0","39 59:46.540","","0","75 07:32.930","3","0","0","0","67301","0","0","0","N","0","0","0","2","67301","0","","6.0","","1","N","N","N","1","","2","0","1","0","0","","28","4","2","0","0","0","0","0","2","0","4","0","0","0","3","","","N","","","","","","","","","",""
"2022097570","1250","1","0","0","0","0","0","0","0","0","4","0","","67","10","2022","3","40.052378","-75.073309","1234","6","0","0","0","0","0","0","0","0","","0","0","0","9","1","1","","1","0","40 03:08.560","","0","75 04:23.912","3","0","0","0","67301","0","0","0","N","0","0","0","2","67301","0","","1.0","","1","N","N","N","0","","1","0","1","3","2","","930","2","1","0","0","0","0","1","2","0","2","0","0","0","3","03","","N","","","","","","","","","",""
"2022120322","1438","2","0","0","0","0","0","0","0","0","5","0","","67","12","2022","6","40.033248","-75.03776","1417","6","0","0","0","0","0","0","0","0","","0","0","0","14","1","0","","1","1","40 01:59.691","5","0","75 02:15.936","9","0","0","0","67301","0","0","0","N","0","0","0","4","67301","0","","1.0","200.0","9","N","N","N","0","","0","0","0","9","3","Y","1408","2","0","0","0","0","0","1","2","0","2","0","0","0","7","","","N","","","","","","","","","",""
"2022119577","2001","1","0","0","0","0","0","0","0","0","8","0","","67","12","2022","5","39.938582","-75.221679","2001","6","0","0","0","0","0","0","0","0","","0","0","0","20","3","1","","1","0","39 56:18.895","","0","75 13:18.043","8","0","0","0","67301","1","0","0","N","1","0","0","2","67301","0","","1.0","","9","N","N","N","0","","0","0","0","0","0","","2001","2","1","0","0","0","1","0","2","0","1","1","0","0","7","","","N","","","","","","","","","",""
"2022120897","2120","0","0","0","0","0","0","0","0","0","7","0","","67","10","2022","3","39.969199","-75.228382","2110","6","0","0","0","0","0","0","0","0","","0","0","0","21","3","0","","1","0","39 58:09.116","","0","75 13:42.175","9","0","0","0","67301","0","0","0","N","0","0","0","1","67301","0","","4.0","","1","N","N","N","0","","0","0","1","3","3","","2104","1","0","0","0","0","0","1","2","0","1","0","0","0","3","","","N","","","","","","","","","",""
"2022112230","1655","1","0","0","0","0","0","0","0","0","4","0","","67","11","2022","5","39.92727","-75.226287","1655","6","0","0","0","1","0","0","0","0","","0","0","0","16","3","0","","2","0","39 55:38.171","","0","75 13:34.633","9","0","0","0","67301","0","0","0","N","0","0","0","1","67301","0","","1.0","","1","N","N","N","0","","0","0","1","3","3","","1655","2","0","0","0","0","0","1","2","0","2","0","0","0","3","03","","N","","","","","","","","","",""
"2022121351","2200","0","0","0","0","0","0","0","0","0","4","0","","67","12","2022","5","40.03951","-75.03345","2200","6","0","0","0","0","0","0","0","0","","0","0","0","21","3","1","","1","0","40 02:22.235","","0","75 02:00.419","3","0","0","0","67301","0","0","0","N","0","0","0","2","67301","0","","1.0","","9","N","N","N","0","","1","0","0","9","2","","2140","2","1","0","0","0","0","1","2","1","2","0","0","0","7","07","","N","","","","","","","","","",""
"2022120844","1522","1","0","0","0","0","0","0","0","0","1","0","","67","12","2022","6","39.96844","-75.129359","1516","6","0","0","0","0","1","0","0","0","","0","0","0","15","1","0","N","0","0","39 58:06.383","","0","75 07:45.693","0","0","0","0","67301","0","0","0","N","0","0","0","8","68K01","0","","1.0","","1","N","N","N","0","","0","0","1","0","0","","1511","2","0","0","0","0","0","0","2","0","2","0","0","0","3","03","","N","","","","","","","","","",""
"2022108284","1000","1","0","0","0","0","0","0","0","0","1","0","","67","11","2022","6","39.983937","-75.102289","0956","6","0","0","0","0","0","1","0","0","","0","0","0","9","1","1","N","0","0","39 59:02.172","","0","75 06:08.241","4","0","0","0","67301","0","0","0","N","0","0","0","2","67301","1","","1.0","","9","N","N","N","0","","0","0","1","0","0","","950","2","1","0","0","0","0","0","2","0","2","0","0","0","7","04","","N","","","","","","","","","",""
"2022108071","0012","1","0","0","0","0","0","0","0","0","8","0","","67","11","2022","6","39.955497","-75.213652","0009","6","0","0","0","0","0","0","0","0","","0","0","0","0","3","1","","1","0","39 57:19.789","","0","75 12:49.146","2","0","0","0","67301","1","0","1","N","1","0","1","2","67301","0","","1.0","","1","N","N","N","0","","0","1","0","3","2","","2","2","1","0","0","0","0","1","2","0","1","1","0","1","3","03","","N","","","","","","","","","",""
"2022122784","2045","0","0","0","0","0","0","0","0","0","5","0","","67","12","2022","7","39.96784","-75.228147","2044","6","0","0","0","0","0","0","0","0","","0","0","0","20","3","1","","1","0","39 58:04.224","","0","75 13:41.328","3","0","0","0","67301","0","0","0","N","0","0","0","6","67301","0","","1.0","","1","N","N","N","0","","1","0","3","3","2","","2025","3","1","0","0","0","0","0","2","0","3","0","0","0","3","03","","N","","","","","","","","","",""
"2022105482","1945","0","0","0","0","0","0","0","0","0","1","0","","67","11","2022","4","40.033622","-75.225608","1928","6","0","0","0","0","0","0","0","0","","0","0","0","19","3","1","N","0","0","40 02:01.040","","0","75 13:32.190","8","0","0","0","67301","0","0","0","N","0","0","0","2","67301","0","","6.0","","1","N","N","N","0","","0","0","3","0","0","","1910","3","1","0","0","0","1","0","2","0","3","0","0","0","3","03","","N","","","","","","","","","",""
"2022121952","1553","1","0","0","0","0","0","0","0","0","8","0","","67","12","2022","2","39.955499","-75.24211","1553","6","0","0","0","0","0","0","0","0","","0","0","0","7","1","1","","1","0","39 57:19.796","","0","75 14:31.596","3","0","0","0","67301","1","0","0","N","1","0","0","2","67301","0","","1.0","","1","N","N","N","0","","1","0","0","3","3","","730","2","1","1","0","0","0","0","2","0","1","1","0","0","3","03","","N","","","","","","","","","",""
"2022106508","1508","1","0","0","0","0","0","0","0","0","4","0","","67","11","2022","7","40.132541","-75.01148","1504","6","0","0","0","0","0","1","0","0","","0","0","0","14","1","2","N","0","0","40 07:57.148","","7","75 00:41.328","3","0","0","0","67301","0","0","0","N","0","0","0","2","67301","0","","1.0","","1","N","N","N","0","","2","0","1","0","0","","1430","2","2","0","0","0","0","0","2","0","2","0","0","0","3","","","N","","","","","","","","","",""
"2022108545","0850","0","0","0","0","0","0","0","0","0","1","0","","67","11","2022","2","40.026829","-75.025759","0809","6","0","0","0","0","0","0","0","0","","0","0","0","8","1","1","N","0","1","40 01:36.584","1","0","75 01:32.734","8","0","0","0","67301","0","0","0","N","0","0","0","3","68K01","0","","1.0","935.0","1","N","N","N","0","","0","0","1","0","0","N","808","2","1","0","0","0","1","0","2","1","2","0","0","0","3","","","N","","","","","","","","","",""
"2022105810","0138","0","0","0","0","0","0","0","0","0","1","0","","67","11","2022","6","40.026752","-75.117654","0109","6","0","0","0","1","0","0","0","0","","0","0","0","0","3","0","N","0","2","40 01:36.308","4","0","75 07:03.554","0","0","0","0","67301","0","0","0","N","0","0","0","1","67301","0","","6.0","220.0","1","N","N","N","0","","0","0","1","0","0","Y","56","2","0","0","0","0","0","0","2","1","2","0","0","0","4","04","","N","","","","","","","","","",""
"2022095523","0140","1","0","0","0","0","0","0","0","0","4","0","","67","10","2022","1","39.976176","-75.160962","0125","6","0","0","0","0","1","0","0","0","","0","0","0","1","3","1","","1","0","39 58:34.232","","0","75 09:39.464","2","0","0","0","67301","0","0","0","N","0","0","0","4","67505","0","","1.0","","1","N","N","Y","0","","0","1","2","3","3","","120","3","1","1","0","1","0","0","2","0","3","0","0","0","3","03","","N","","","","","","","","","",""
"2022104969","0327","3","0","0","0","0","0","0","0","0","5","0","","67","10","2022","7","40.010864","-75.139428","0327","6","0","0","0","0","0","0","0","0","","1","0","0","2","3","0","N","0","0","40 00:39.110","","0","75 08:21.940","1","0","0","0","67301","0","0","0","N","0","0","0","2","67301","0","2","6.0","","1","N","N","N","0","0","0","0","1","0","0","","220","4","0","0","0","0","0","0","2","0","4","0","0","0","3","","","N","","","","","","","","","",""
"2022120485","1443","2","0","0","0","0","0","0","0","0","4","0","","67","12","2022","1","40.11296","-75.023011","1423","6","0","0","0","0","0","0","1","0","","0","0","0","14","1","2","","1","0","40 06:46.657","","0","75 01:22.840","3","0","0","0","67301","0","0","0","N","0","0","0","3","67301","0","","1.0","","1","N","N","N","0","","2","0","0","3","2","","1409","2","2","0","0","0","0","0","2","0","2","0","0","0","3","","","N","","","","","","","","","",""
"2022109366","0843","1","0","0","0","0","0","0","0","0","4","0","","67","11","2022","5","39.931581","-75.196509","0843","6","0","0","0","0","0","0","0","0","","0","0","0","8","1","1","","1","2","39 55:53.690","4","0","75 11:47.433","8","0","0","0","67301","0","0","0","N","0","0","0","5","67301","0","","1.0","1030.0","1","N","N","N","0","","0","0","1","3","3","Y","842","2","1","0","0","0","1","4","2","0","2","0","0","0","3","03","","N","","","","","","","","","",""
"2022096750","0836","2","0","0","0","0","0","0","0","0","4","0","","67","10","2022","2","39.983906","-75.186354","0830","6","0","0","0","0","0","0","1","0","","0","0","0","8","1","5","","1","0","39 59:02.061","","0","75 11:10.874","3","0","0","0","67301","0","0","0","N","0","0","0","6","67301","0","","1.0","","1","N","N","N","0","","5","0","1","3","2","","820","3","5","3","0","0","0","0","2","0","3","0","0","0","3","04","","N","","","","","","","","","",""
"2022096775","0609","1","0","0","0","0","0","0","0","0","5","0","","67","10","2022","2","40.015787","-75.176339","0603","6","0","0","0","0","0","0","0","0","","0","0","0","5","3","1","N","0","1","40 00:56.832","2","0","75 10:34.820","8","0","0","0","67301","0","0","0","N","0","0","0","2","67301","0","","1.0","650.0","1","N","N","N","0","","0","0","1","0","0","N","532","2","1","0","0","0","1","0","2","0","2","0","0","0","3","","","N","","","","","","","","","",""
"2022108764","0958","1","0","0","0","0","0","0","0","0","2","0","","67","11","2022","5","40.032498","-75.106209","0942","6","0","0","0","0","0","0","0","0","","0","0","0","9","1","2","N","0","0","40 01:56.991","","0","75 06:22.351","3","0","0","0","67301","0","0","0","N","0","0","0","2","67301","0","","1.0","","1","N","N","N","0","","2","0","1","0","0","","931","2","2","0","0","0","0","0","2","0","2","0","0","0","3","03","","N","","","","","","","","","",""
"2022113339","1720","0","0","0","0","0","0","0","0","0","2","0","","67","10","2022","4","39.998317","-75.149866","1714","6","0","0","0","0","0","2","0","0","","0","0","0","15","1","3","","1","0","39 59:53.941","","0","75 08:59.517","3","0","0","0","67301","0","0","0","N","0","0","0","5","67301","0","","1.0","","1","N","N","N","0","","3","0","1","3","2","","1500","2","3","0","0","0","0","1","2","1","2","0","0","0","3","03","","N","","","","","","","","","",""
"2022097464","1618","0","0","0","0","0","0","0","0","0","8","0","","67","10","2022","3","39.956096","-75.193006","1611","6","0","0","0","0","0","0","0","0","","0","0","0","9","1","1","N","0","0","39 57:21.946","","0","75 11:34.820","8","0","0","0","67301","1","0","0","N","1","0","0","2","67507","0","","6.0","","1","N","N","N","0","","0","0","1","0","0","","923","2","1","1","0","0","1","0","2","0","1","1","0","0","3","03","","N","","","","","","","","","",""
"2022124961","1722","0","0","0","0","0","0","0","0","0","5","0","","67","12","2022","5","40.02669","-75.026636","1722","6","0","0","0","0","0","1","0","0","","0","0","0","17","3","0","N","0","2","40 01:36.084","2","0","75 01:35.889","0","0","0","0","67301","0","0","0","N","0","0","0","2","68K01","0","","1.0","1745.0","9","N","N","N","1","","0","0","1","0","0","N","1713","2","0","0","0","0","0","0","2","0","2","0","0","0","7","","","N","","","","","","","","","",""
"2022096727","1154","1","0","0","0","0","0","0","0","0","4","0","","67","10","2022","3","40.080957","-75.202694","1116","6","0","0","0","0","0","1","1","0","","0","0","0","10","1","0","","1","1","40 04:51.446","5","0","75 12:09.698","9","0","0","0","67301","0","0","0","N","0","0","0","2","67301","0","","1.0","1150.0","1","N","N","N","0","","0","0","1","3","2","N","1054","2","0","0","0","0","0","2","2","0","2","0","0","0","3","","","N","","","","","","","","","",""
"2022098065","0140","2","0","0","0","0","0","0","0","0","1","0","","67","10","2022","1","40.017482","-75.173075","0135","6","0","0","0","0","0","0","0","0","","0","0","0","1","3","2","N","0","1","40 01:02.935","4","0","75 10:23.071","3","0","0","0","67301","0","0","0","N","0","0","0","4","67301","0","","1.0","234.0","1","N","N","N","0","","2","0","0","0","0","N","134","2","2","0","0","0","0","0","2","0","2","0","0","0","3","03","","N","","","","","","","","","",""
"2022113335","2322","2","0","0","0","0","0","0","0","0","4","0","","67","10","2022","5","39.981899","-75.170586","2322","6","0","0","0","0","1","0","0","0","","0","0","0","23","3","4","","1","2","39 58:54.836","7","0","75 10:14.109","3","0","0","0","67301","0","0","0","N","0","0","0","4","67301","0","","1.0","2335.0","1","N","N","Y","0","","4","0","1","3","2","Y","2322","3","4","1","0","0","0","0","2","0","3","0","0","0","3","","","N","","","","","","","","","",""
"2022105985","1410","0","0","0","0","0","0","0","0","0","5","0","99","67","11","2022","4","40.018102","-75.170109","1337","6","0","0","0","0","0","0","0","0","","0","0","0","13","1","0","N","0","0","40 01:05.168","","0","75 10:12.393","0","0","0","0","67301","0","0","0","N","0","0","0","2","67301","0","","1.0","","1","N","N","N","1","","0","0","1","0","0","","1314","2","0","0","0","0","0","0","2","0","2","0","0","0","3","","U","Y","4","1","","","U","Y","","","","N"
"2022105984","0935","0","0","0","0","0","0","0","0","0","4","0","","67","11","2022","4","40.012411","-75.150553","0935","6","0","0","0","0","0","0","0","0","","0","0","0","9","1","2","","1","0","40 00:44.680","","0","75 09:01.992","3","0","0","0","67301","0","0","0","N","0","0","0","2","67301","0","","1.0","","1","N","N","N","0","","2","0","1","3","2","","935","2","2","0","0","0","0","0","2","1","2","0","0","0","3","03","","N","","","","","","","","","",""
"2022107025","2102","1","0","0","0","0","0","0","0","0","4","0","","67","11","2022","1","40.099146","-74.986864","2051","6","0","0","0","0","0","1","0","1","","0","0","0","20","3","1","","1","0","40 05:56.927","","2","74 59:12.712","4","0","0","0","67301","0","0","0","N","0","0","0","3","67301","1","","1.0","","1","N","N","N","0","","0","0","1","3","2","","2030","2","1","0","0","0","0","0","2","0","2","0","0","0","3","03","","N","","","","","","","","","",""