"CRN","ARRIVAL_TM","AUTOMOBILE_COUNT","BELTED_DEATH_COUNT","BELTED_SUSP_SERIOUS_INJ_COUNT","BICYCLE_COUNT","BICYCLE_DEATH_COUNT","BICYCLE_SUSP_SERIOUS_INJ_COUNT","BUS_COUNT","CHLDPAS_DEATH_COUNT","CHLDPAS_SUSP_SERIOUS_INJ_COUNT","COLLISION_TYPE","COMM_VEH_COUNT","CONS_ZONE_SPD_LIM","COUNTY","CRASH_MONTH","CRASH_YEAR","DAY_OF_WEEK","DEC_LATITUDE","DEC_LONGITUDE","DISPATCH_TM","DISTRICT","DRIVER_COUNT_16YR","DRIVER_COUNT_17YR","DRIVER_COUNT_18YR","DRIVER_COUNT_19YR","DRIVER_COUNT_20YR","DRIVER_COUNT_50_64YR","DRIVER_COUNT_65_74YR","DRIVER_COUNT_75PLUS","EST_HRS_CLOSED","FATAL_COUNT","HEAVY_TRUCK_COUNT","HORSE_BUGGY_COUNT","HOUR_OF_DAY","ILLUMINATION","INJURY_COUNT","INTERSECTION_RELATED","INTERSECT_TYPE","LANE_CLOSED","LATITUDE","LN_CLOSE_DIR","LOCATION_TYPE","LONGITUDE","MAX_SEVERITY_LEVEL","MCYCLE_DEATH_COUNT","MCYCLE_SUSP_SERIOUS_INJ_COUNT","MOTORCYCLE_COUNT","MUNICIPALITY","NONMOTR_COUNT","NONMOTR_DEATH_COUNT","NONMOTR_SUSP_SERIOUS_INJ_COUNT","NTFY_HIWY_MAINT","PED_COUNT","PED_DEATH_COUNT","PED_SUSP_SERIOUS_INJ_COUNT","PERSON_COUNT","POLICE_AGCY","POSSIBLE_INJ_COUNT","RDWY_SURF_TYPE_CD","RELATION_TO_ROAD","ROADWAY_CLEARED","ROAD_CONDITION","SCH_BUS_IND","SCH_ZONE_IND","SECONDARY_CRASH","SMALL_TRUCK_COUNT","SPEC_JURIS_CD","SUSP_MINOR_INJ_COUNT","SUSP_SERIOUS_INJ_COUNT","SUV_COUNT","TCD_FUNC_CD","TCD_TYPE","TFC_DETOUR_IND","TIME_OF_DAY","TOTAL_UNITS","TOT_INJ_COUNT","UNBELTED_OCC_COUNT","UNB_DEATH_COUNT","UNB_SUSP_SERIOUS_INJ_COUNT","UNK_INJ_DEG_COUNT","UNK_INJ_PER_COUNT","URBAN_RURAL","VAN_COUNT","VEHICLE_COUNT","VULNERABLE_ROAD_USER_COUNT","VULNERABLE_ROAD_USER_DEATH_COUNT","VULNERABLE_ROAD_USER_SER_INJ_COUNT","WEATHER1","WEATHER2","WORKERS_PRES","WORK_ZONE_IND","WORK_ZONE_LOC","WORK_ZONE_TYPE","WZ_CLOSE_DETOUR","WZ_FLAGGER","WZ_LAW_OFFCR_IND","WZ_LN_CLOSURE","WZ_MOVING","WZ_OTHER","WZ_SHLDER_MDN","WZ_WORKERS_INJ_KILLED"
"2022119856","1921","0","0","0","0","0","0","0","0","0","7","0","","67","11","2022","6","40.034473","-75.018961","1914","6","0","0","0","0","0","0","0","0","","0","0","0","19","3","0","N","0","2","40 02:04.101","1","3","75 01:08.260","0","0","0","0","67301","0","0","0","N","0","0","0","2","68K01","0","","2.0","1945.0","9","N","N","N","0","","0","0","1","0","0","N","1908","1","0","0","0","0","0","0","2","0","1","0","0","0","7","07","","N","","","","","","","","","",""
"2022110072","1340","1","0","0","0","0","0","0","0","0","5","0","","67","11","2022","4","40.063681","-75.070353","1335","6","0","0","0","0","0","0","0","0","","0","0","0","13","1","1","N","0","0","40 03:49.250","","0","75 04:13.270","8","0","0","0","67301","0","0","0","N","0","0","0","2","67301","0","","1.0","","1","N","N","N","0","","0","0","1","0","0","","1330","2","1","1","0","0","1","1","2","0","2","0","0","0","3","03","","N","","","","","","","","","",""
"2022123846","1645","2","0","0","0","0","0","0","0","0","1","0","","67","11","2022","1","39.980238","-75.205223","1626","6","0","0","0","0","0","0","0","0","","0","0","0","16","1","0","N","0","0","39 58:48.856","","0","75 12:18.802","0","0","0","0","67301","0","0","0","N","0","0","0","2","68K01","0","","1.0","","1","N","N","N","0","","0","0","0","0","0","","1626","2","0","0","0","0","0","0","2","0","2","0","0","0","3","03","","N","","","","","","","","","",""
"2022106272","0533","2","0","0","0","0","0","0","0","0","4","0","","67","11","2022","7","40.036763","-75.138105","0531","6","0","0","0","0","0","0","0","0","","0","0","0","5","3","0","","1","0","40 02:12.346","","0","75 08:17.177","9","0","0","0","67301","0","0","0","N","0","0","0","2","67301","0","","1.0","","1","N","N","N","0","","0","0","1","3","3","","505","3","0","2","0","0","0","2","2","0","3","0","0","0","4","04","","N","","","","","","","","","",""
"2022110919","0224","1","0","0","0","0","0","0","0","0","7","0","","67","11","2022","4","40.018429","-75.063673","0222","6","0","0","0","0","0","0","0","0","","0","0","0","2","3","0","","5","0","40 01:06.345","","0","75 03:49.223","0","0","0","0","67301","0","0","0","N","0","0","0","1","67301","0","","4.0","","1","N","N","N","0","","0","0","0","3","2","","221","1","0","0","0","0","0","0","2","0","1","0","0","0","3","","","N","","","","","","","","","",""
"2022119133","0843","1","0","0","0","0","0","0","0","0","1","0","","67","11","2022","4","40.054886","-74.984763","0820","6","0","0","0","0","0","1","0","0","","0","0","0","8","1","0","N","0","2","40 03:17.590","1","3","74 59:05.147","0","0","0","0","67301","0","0","0","N","0","0","0","7","68K01","0","","1.0","950.0","1","N","N","N","0","","0","0","3","0","0","N","817","4","0","0","0","0","0","0","2","0","4","0","0","0","3","","","N","","","","","","","","","",""
"2022110546","0739","1","0","0","0","0","0","0","0","0","1","0","","67","11","2022","5","40.082292","-75.078322","0732","6","0","0","0","0","0","1","0","0","","0","0","0","7","1","2","N","0","0","40 04:56.250","","7","75 04:41.960","8","0","0","0","67301","0","0","0","N","0","0","0","6","67301","0","","1.0","","1","N","N","N","0","","0","0","2","0","0","","720","3","2","3","0","0","2","0","2","0","3","0","0","0","3","","","N","","","","","","","","","",""
"2022120888","0517","1","0","0","0","0","0","0","0","0","5","0","","67","12","2022","6","40.040089","-75.059318","0500","6","0","0","0","0","0","2","0","0","","0","0","0","4","3","0","N","0","2","40 02:24.322","2","0","75 03:33.546","0","0","0","0","67301","0","0","0","N","0","0","0","2","67301","0","","1.0","545.0","1","N","N","Y","0","","0","0","1","0","0","Y","458","2","0","0","0","0","0","0","2","0","2","0","0","0","3","03","","N","","","","","","","","","",""
"2022106189","2347","1","0","0","0","0","0","0","0","0","2","0","","67","11","2022","7","39.955608","-75.189481","2344","6","0","0","0","0","0","1","1","0","","0","0","0","23","3","4","","1","1","39 57:20.190","3","0","75 11:22.130","4","0","0","0","67301","0","0","0","N","0","0","0","4","67507","4","","1.0","19.0","9","N","N","N","0","","0","0","1","3","2","N","2340","2","4","0","0","0","0","0","2","0","2","0","0","0","3","03","","N","","","","","","","","","",""
"2022124334","0850","1","0","0","0","0","0","0","0","0","8","0","","67","12","2022","6","39.994686","-75.164168","0846","6","0","0","0","0","0","0","0","0","","0","0","0","8","3","1","","3","0","39 59:40.869","","0","75 09:51.004","3","0","0","0","67301","1","0","0","N","1","0","0","2","67301","0","","1.0","","9","N","N","N","0","","1","0","0","3","3","","844","2","1","0","0","0","0","1","2","0","1","1","0","0","3","03","","N","","","","","","","","","",""
"2022096718","2337","2","0","0","0","0","0","0","0","0","1","0","","67","10","2022","1","40.091812","-75.032319","2333","6","0","0","0","0","0","1","0","0","","0","0","0","23","3","0","Y","0","0","40 05:30.524","","0","75 01:56.350","0","0","0","0","67301","0","0","0","N","0","0","0","3","67301","0","","1.0","","1","N","N","N","0","","0","0","1","3","2","","2328","3","0","0","0","0","0","0","2","0","3","0","0","0","3","03","","N","","","","","","","","","",""
"2022106644","2300","0","0","0","0","0","0","0","0","0","8","0","","67","11","2022","7","40.02346","-75.160348","2300","6","0","0","0","0","0","0","0","0","","0","0","0","4","3","1","","2","0","40 01:24.456","","0","75 09:37.253","8","0","0","0","67301","1","0","0","N","1","0","0","2","67301","0","","1.0","","99","N","N","N","0","","0","0","1","3","2","","441","2","1","0","0","0","1","1","2","0","1","1","0","0","3","03","","N","","","","","","","","","",""
"2022112248","0855","1","0","0","0","0","0","0","0","0","2","0","","67","11","2022","2","40.000341","-75.0838","0845","6","0","0","0","0","0","0","0","0","","0","0","0","8","1","2","","2","1","40 00:01.227","1","2","75 05:01.681","2","0","0","0","67301","0","0","0","N","0","0","0","2","67301","0","","1.0","1123.0","1","N","N","N","0","","0","1","1","3","2","N","835","2","2","0","0","0","1","0","2","0","2","0","0","0","3","","","N","","","","","","","","","",""
"2022114681","2151","0","0","0","0","0","0","0","0","0","4","0","","67","11","2022","2","39.992136","-75.1402","2145","6","0","0","0","0","0","1","0","0","","0","0","0","20","3","0","","1","1","39 59:31.690","4","0","75 08:24.720","0","0","0","0","67301","0","0","0","N","0","0","0","2","67301","0","","1.0","2200.0","1","N","N","Y","0","","0","0","3","3","2","Y","2058","3","0","1","0","0","0","0","2","0","3","0","0","0","3","03","","N","","","","","","","","","",""
"2022096779","0959","1","0","0","0","0","0","0","0","0","1","0","","67","10","2022","3","40.019831","-75.148893","0952","6","0","0","0","0","0","1","0","0","","0","0","0","9","1","2","N","0","2","40 01:11.390","2","1","75 08:56.013","4","0","0","0","67301","0","0","0","N","0","0","0","2","67301","2","","1.0","1020.0","1","N","N","N","0","","0","0","1","0","0","N","952","2","2","2","0","0","0","0","2","0","2","0","0","0","3","","","N","","","","","","","","","",""
"2022096722","2355","0","0","0","0","0","0","0","0","0","99","0","","67","10","2022","1","39.933698","-75.236906","2348","6","0","0","0","0","0","0","0","0","","0","0","0","21","3","1","N","0","0","39 56:01.312","","0","75 14:12.861","2","0","0","0","67301","0","0","0","N","0","0","0","2","67301","0","","1.0","","1","N","N","N","0","","0","1","2","0","0","","2151","2","1","0","0","0","0","1","2","0","2","0","0","0","3","03","","N","","","","","","","","","",""
"2022121939","1607","1","0","0","0","0","0","0","0","0","5","0","","67","12","2022","2","39.948064","-75.163631","1607","6","0","0","0","0","0","0","0","0","","0","0","0","12","1","0","N","0","0","39 56:53.030","","0","75 09:49.070","0","0","0","0","67301","0","0","0","N","0","0","0","2","67301","0","","1.0","","1","N","N","N","0","","0","0","1","0","0","","1200","2","0","1","0","0","0","0","2","0","2","0","0","0","3","03","","N","","","","","","","","","",""
"2022121791","1805","1","0","0","0","0","0","0","0","0","4","0","","67","12","2022","3","39.923299","-75.161318","1750","6","0","0","0","0","0","1","0","1","","0","0","0","17","3","0","","1","0","39 55:23.877","","0","75 09:40.743","0","0","0","0","67301","0","0","0","N","0","0","0","3","67301","0","","1.0","","1","N","N","N","1","","0","0","0","3","2","","1720","2","0","2","0","0","0","0","2","0","2","0","0","0","3","03","","N","","","","","","","","","",""
"2022124995","2225","0","0","0","0","0","0","0","0","0","8","0","","67","12","2022","3","39.968592","-75.243453","2221","6","0","0","0","0","0","0","0","0","","0","0","0","22","3","1","","1","0","39 58:06.931","","0","75 14:36.430","3","0","0","0","67301","1","0","0","N","1","0","0","2","67301","0","","1.0","","1","N","N","N","0","","1","0","0","3","3","","2219","2","1","0","0","0","0","0","2","0","1","1","0","0","3","03","","N","","","","","","","","","",""
"2022119072","2331","0","0","0","0","0","0","0","0","0","4","1","","67","12","2022","5","39.955313","-75.187111","2330","6","0","0","0","0","0","0","0","0","","0","1","0","23","3","0","","2","0","39 57:19.125","","0","75 11:13.598","9","0","0","0","67301","0","0","0","N","0","0","0","2","67507","0","","1.0","","9","N","N","N","0","","0","0","1","3","2","","2325","2","0","0","0","0","0","1","2","0","2","0","0","0","4","07","","N","","","","","","","","","",""
"2022114090","2058","1","0","0","0","0","0","0","0","0","4","0","","67","12","2022","5","40.018024","-75.155028","2057","6","0","0","0","0","0","0","0","0","","0","0","0","20","3","0","","2","2","40 01:04.885","3","0","75 09:18.101","9","0","0","0","67301","0","0","0","N","0","0","0","1","67301","0","","1.0","2150.0","1","N","N","N","0","","0","0","2","3","2","Y","2056","3","0","0","0","0","0","1","2","0","3","0","0","0","3","03","","N","","","","","","","","","",""
"2022116798","1145","0","0","0","0","0","0","0","0","0","8","0","","67","12","2022","6","39.945101","-75.161358","1120","6","0","0","0","0","0","0","0","0","","0","0","0","0","3","1","","1","0","39 56:42.363","","0","75 09:40.887","2","0","0","0","67301","1","0","1","N","0","0","0","2","67301","0","","1.0","","99","N","N","N","0","","0","1","0","3","2","","20","2","1","0","0","0","0","0","2","0","1","1","0","1","3","","","N","","","","","","","","","",""
"2022115105","0806","1","0","0","0","0","0","0","0","0","1","0","","67","12","2022","2","40.016678","-75.073353","0806","6","0","0","0","0","0","0","0","0","","0","0","0","8","1","0","N","0","2","40 01:00.040","6","0","75 04:24.070","9","0","0","0","67301","0","0","0","N","0","0","0","2","67301","0","","1.0","1000.0","1","N","N","N","0","","0","0","1","0","0","Y","806","3","0","0","0","0","0","1","2","1","3","0","0","0","3","","","N","","","","","","","","","",""
"2022105367","1945","1","0","0","0","0","0","0","0","0","5","0","","67","10","2022","1","39.996083","-75.104451","1945","6","0","0","0","0","0","0","0","0","","0","0","0","18","3","1","N","0","0","39 59:45.897","","0","75 06:16.022","4","0","0","1","67301","0","0","0","N","0","0","0","2","67301","1","","1.0","","1","N","N","N","0","","0","0","0","0","0","","1800","2","1","0","0","0","0","0","2","0","2","0","0","0","3","03","","N","","","","","","","","","",""
"2022113976","1655","1","0","0","0","0","0","0","0","0","7","0","","67","12","2022","5","40.047801","-75.164383","1650","6","1","0","0","0","0","0","0","0","","0","0","0","16","4","1","","1","0","40 02:52.083","","0","75 09:51.778","2","0","0","0","67301","0","0","0","N","0","0","0","1","67301","0","","5.0","","1","N","N","N","0","","0","1","0","3","3","","1645","1","1","0","0","0","0","0","2","0","1","0","0","0","3","03","","N","","","","","","","","","",""
"2022096733","2304","1","0","0","0","0","0","0","0","0","4","0","","67","10","2022","2","40.004698","-75.077573","2303","6","0","0","0","0","0","0","0","0","","0","0","0","22","3","1","","1","0","40 00:16.912","","0","75 04:39.262","4","0","0","0","67301","0","0","0","N","0","0","0","3","67301","1","","1.0","","1","N","N","N","0","","0","0","2","3","3","","2250","3","1","0","0","0","0","1","2","0","3","0","0","0","3","","","N","","","","","","","","","",""
"2022112643","0348","0","0","0","0","0","0","0","0","0","7","1","","67","11","2022","4","39.955128","-75.147283","0348","6","0","0","0","0","0","1","0","0","","0","1","0","3","3","2","N","0","0","39 57:18.460","","0","75 08:50.220","3","0","0","0","67301","0","0","0","N","0","0","0","2","68K01","0","","4.0","","9","N","N","N","0","","2","0","0","0","0","","348","1","2","0","0","0","0","0","2","0","1","0","0","0","7","04","","N","","","","","","","","","",""
"2022116670","1750","2","0","0","0","0","0","0","0","0","1","0","","67","12","2022","5","40.045637","-75.128489","1750","6","0","0","0","0","0","1","0","0","","0","0","0","11","1","2","","1","0","40 02:44.292","","0","75 07:42.562","3","0","0","0","67301","0","0","0","N","0","0","0","4","67301","0","","1.0","","1","N","N","N","1","","1","0","0","3","2","","1130","3","2","2","0","0","1","0","2","0","3","0","0","0","3","","","N","","","","","","","","","",""
"2022116100","1142","1","0","0","0","0","0","0","0","0","4","0","","67","12","2022","5","40.006188","-75.151929","1140","6","0","0","0","0","0","1","0","0","","0","0","0","11","1","1","","1","0","40 00:22.276","","0","75 09:06.943","3","0","0","0","67301","0","0","0","N","0","0","0","2","67505","0","","1.0","","1","N","N","N","0","","1","0","1","3","2","","1140","2","1","1","0","0","0","0","2","0","2","0","0","0","3","03","","N","","","","","","","","","",""
"2022109022","2145","1","0","0","0","0","0","0","0","0","4","0","","67","11","2022","4","40.094644","-75.015196","2137","6","0","0","0","0","0","0","0","0","","0","0","0","21","3","2","","1","0","40 05:40.718","","0","75 00:54.707","3","0","0","0","67301","0","0","0","N","0","0","0","3","67301","0","","1.0","","1","N","N","N","0","","2","0","1","3","2","","2125","2","2","0","0","0","0","0","2","0","2","0","0","0","3","03","","N","","","","","","","","","",""
"2022123843","1412","1","0","0","0","0","0","0","0","0","7","0","","67","11","2022","6","40.039967","-75.006612","1344","6","0","0","0","0","0","1","0","0","","0","0","0","13","1","0","N","0","0","40 02:23.881","","0","75 00:23.804","0","0","0","0","67301","0","0","0","N","0","0","0","2","68K01","0","","3.0","","9","N","N","N","1","","0","0","0","0","0","","1341","2","0","0","0","0","0","0","2","0","2","0","0","0","7","07","","N","","","","","","","","","",""
"2022110116","2106","1","0","0","0","0","0","0","0","0","7","0","","67","11","2022","4","39.955312","-75.147833","2103","6","0","0","0","0","0","0","0","0","","0","0","0","21","3","0","N","0","1","39 57:19.123","4","2","75 08:52.199","0","0","0","0","67301","0","0","0","N","0","0","0","1","67501","0","","4.0","2110.0","1","N","N","N","0","","0","0","0","0","0","N","2103","1","0","0","0","0","0","0","2","0","1","0","0","0","3","","","N","","","","","","","","","",""
"2022097014","1903","0","0","0","0","0","0","0","0","0","4","0","","67","10","2022","3","40.129225","-75.024888","1903","6","0","0","0","0","0","1","0","0","","0","0","0","19","6","2","","1","0","40 07:45.210","","0","75 01:29.597","3","0","0","0","67301","0","0","0","N","0","0","0","3","67301","0","","1.0","","1","N","N","N","0","","1","0","2","3","2","","1902","2","2","0","0","0","1","0","2","0","2","0","0","0","3","","","N","","","","","","","","","",""
"2022121527","0453","1","0","0","0","0","0","0","0","0","5","0","","67","12","2022","1","40.009868","-75.156024","0453","6","1","0","0","0","0","0","0","0","","0","0","0","4","5","0","","1","0","40 00:35.524","","0","75 09:21.688","0","0","0","0","67301","0","0","0","N","0","0","0","2","67301","0","","1.0","","1","N","N","N","0","","0","0","1","9","2","","453","2","0","1","0","0","0","0","2","0","2","0","0","0","3","03","","N","","","","","","","","","",""
"2022125102","0915","1","0","0","0","0","0","0","0","0","4","0","","67","11","2022","4","39.987993","-75.237486","0915","6","0","0","0","0","0","2","0","0","","0","0","0","7","1","1","","1","0","39 59:16.774","","0","75 14:14.949","3","0","0","0","67301","0","0","0","N","0","0","0","2","67301","0","","1.0","","1","N","N","N","0","","1","0","0","3","2","","725","2","1","0","0","0","0","0","2","1","2","0","0","0","3","03","","N","","","","","","","","","",""
"2022107174","2329","1","0","0","0","0","0","0","0","0","5","0","","67","11","2022","1","40.023918","-75.164978","2359","6","0","0","0","0","0","0","0","0","","0","0","0","23","3","0","N","0","0","40 01:26.105","","0","75 09:53.921","0","0","0","0","67301","0","0","0","N","0","0","0","1","67301","0","","6.0","","1","N","N","N","0","","0","0","1","0","0","","2301","2","0","0","0","0","0","0","2","0","2","0","0","0","3","03","","N","","","","","","","","","",""
"2022116658","0452","2","0","0","0","0","0","0","0","0","4","0","","67","12","2022","4","39.96248","-75.216215","0452","6","0","0","0","0","0","1","0","0","","0","0","0","4","3","2","","1","1","39 57:44.928","5","0","75 12:58.374","3","0","0","0","67301","0","0","0","N","0","0","0","2","67301","0","","1.0","600.0","9","N","N","N","0","","2","0","0","3","2","N","450","2","2","1","0","0","0","0","2","0","2","0","0","0","7","","","N","","","","","","","","","",""
"2022120122","1120","0","0","0","0","0","0","0","0","0","8","0","","67","12","2022","6","39.938582","-75.221679","1115","6","0","0","0","0","0","0","0","0","","0","0","0","10","1","1","","1","0","39 56:18.895","","0","75 13:18.043","4","0","0","0","67301","1","0","0","N","1","0","0","2","67301","1","","1.0","","99","N","N","N","0","","0","0","0","9","2","","1057","2","1","0","0","0","0","1","2","0","1","1","0","0","3","","","N","","","","","","","","","",""
"2022098740","0010","0","0","0","1","0","0","0","0","0","8","0","","67","10","2022","1","39.995216","-75.154183","0010","6","0","0","0","0","0","0","0","0","","0","0","0","13","1","1","","2","0","39 59:42.779","","0","75 09:15.057","3","0","0","0","67301","1","0","0","N","0","0","0","2","67301","0","","1.0","","1","N","N","N","0","","1","0","0","3","3","","1355","2","1","0","0","0","0","0","2","0","1","1","0","0","3","03","","N","","","","","","","","","",""
"2022118475","0150","0","0","0","0","0","0","0","0","0","0","0","","67","11","2022","1","39.982278","-75.207735","0150","6","0","0","0","0","0","0","0","0","","0","0","0","1","2","1","N","0","0","39 58:56.201","","0","75 12:27.846","4","0","0","0","67301","0","0","0","N","0","0","0","1","68K01","1","","5.0","","9","N","N","N","0","","0","0","1","0","0","","146","1","1","0","0","0","0","0","2","0","1","0","0","0","7","07","","N","","","","","","","","","",""
"2022115650","1806","0","0","0","0","0","0","0","0","0","8","0","","67","12","2022","3","40.007707","-75.190646","1758","6","0","0","0","0","0","0","1","0","","0","0","0","17","3","1","N","0","1","40 00:27.744","1","0","75 11:26.325","4","0","0","0","67301","1","0","0","N","1","0","0","2","67301","1","","1.0","1850.0","9","N","N","N","0","","0","0","1","0","0","N","1740","2","1","0","0","0","0","0","2","0","1","1","0","0","7","07","","N","","","","","","","","","",""
"2022112261","1929","1","0","0","0","0","0","0","0","0","2","0","","67","11","2022","7","40.001084","-75.215384","1929","6","0","0","0","0","0","0","1","0","","0","0","0","19","3","0","","5","0","40 00:03.902","","0","75 12:55.382","9","0","0","0","67301","0","0","0","N","0","0","0","2","67301","0","","1.0","","1","N","N","N","0","","0","0","1","3","2","","1950","2","0","0","0","0","0","2","2","0","2","0","0","0","3","03","","N","","","","","","","","","",""
"2022110252","1906","2","0","0","0","0","0","0","0","0","5","0","","67","11","2022","4","39.993567","-75.149178","1906","6","0","0","0","0","0","0","0","0","","0","0","0","19","3","0","N","0","0","39 59:36.840","","0","75 08:57.040","0","0","0","0","67301","0","0","0","N","0","0","0","1","67301","0","","6.0","","1","N","N","N","0","","0","0","1","0","0","","1906","3","0","1","0","0","0","0","2","0","3","0","0","0","3","03","","N","","","","","","","","","",""
"2022119570","0120","1","0","0","0","0","0","0","0","0","4","0","","67","12","2022","5","40.035741","-75.081016","0104","6","0","0","0","0","0","0","0","0","","0","0","0","23","3","1","","1","0","40 02:08.667","","0","75 04:51.659","3","0","0","0","67301","0","0","0","N","0","0","0","2","67301","0","","1.0","","9","N","N","N","1","","1","0","0","2","2","","2311","2","1","2","0","0","0","0","2","0","2","0","0","0","7","07","","N","","","","","","","","","",""
"2022109020","2232","1","0","0","0","0","0","0","0","0","5","0","","67","11","2022","5","39.916839","-75.150739","2230","6","0","0","0","0","0","0","0","0","","0","0","0","22","3","0","N","0","0","39 55:00.620","","0","75 09:02.660","0","0","0","0","67301","0","0","0","N","0","0","0","1","67301","0","","6.0","","1","N","N","Y","0","","0","0","3","0","0","","2228","5","0","0","0","0","0","0","2","1","5","0","0","0","3","03","","N","","","","","","","","","",""
"2022122400","0054","1","0","0","0","0","0","0","0","0","4","0","","67","12","2022","3","40.016785","-75.083611","0054","6","0","0","0","0","0","0","0","0","","0","0","0","0","3","0","","5","0","40 01:00.426","","1","75 05:00.999","0","0","0","0","67301","0","0","0","N","0","0","0","3","67301","0","","1.0","","1","N","N","N","0","","0","0","1","3","2","","53","2","0","1","0","0","0","0","2","0","2","0","0","0","3","03","","N","","","","","","","","","",""
"2022117757","0125","1","0","0","0","0","0","0","0","0","8","0","","67","12","2022","3","39.967095","-75.162135","0016","6","0","0","0","0","0","0","0","0","","0","0","0","0","3","1","","1","0","39 58:01.541","","0","75 09:43.686","8","0","0","0","67301","1","0","0","N","1","0","0","2","67301","0","","1.0","","1","N","N","Y","0","","0","0","0","3","2","","15","2","1","1","0","0","1","0","2","0","1","1","0","0","3","03","","N","","","","","","","","","",""
"2022107033","1418","1","0","0","0","0","0","0","0","0","8","0","","67","11","2022","1","39.876336","-75.243761","1415","6","0","0","0","0","0","0","0","0","","0","0","0","14","1","1","N","0","0","39 52:34.810","","0","75 14:37.540","3","0","0","0","67301","1","0","0","N","1","0","0","2","67301","0","","1.0","","1","N","N","N","0","","1","0","0","0","0","","1411","2","1","0","0","0","0","0","2","0","1","1","0","0","3","03","","N","","","","","","","","","",""
"2022096676","0241","1","0","0","0","0","0","0","0","0","1","0","","67","10","2022","1","39.968611","-75.127924","0229","6","0","0","0","0","0","0","0","0","","0","0","0","2","3","0","N","0","0","39 58:07.001","","3","75 07:40.527","9","0","0","0","67301","0","0","0","N","0","0","0","2","68K01","0","","1.0","","1","N","N","N","0","","0","0","1","0","0","","224","2","0","0","0","0","0","1","2","0","2","0","0","0","3","","","N","","","","","","","","","",""
"2022121347","2319","1","0","0","0","0","0","0","0","0","4","0","","67","12","2022","7","40.05061","-75.177451","2319","6","0","0","0","0","0","0","0","0","","0","0","0","22","3","1","","1","0","40 03:02.196","","0","75 10:38.823","8","0","0","0","67301","0","0","0","N","0","0","0","4","67301","0","","1.0","","1","N","N","Y","0","","0","0","1","3","2","","2214","2","1","0","0","0","1","0","2","0","2","0","0","0","3","03","","N","","","","","","","","","",""
"2022108085","0514","1","0","0","0","0","0","0","0","0","2","0","","67","11","2022","1","40.009042","-75.095375","0512","6","0","0","0","0","0","0","0","0","","0","0","0","5","3","0","N","0","0","40 00:32.550","","0","75 05:43.350","0","0","0","0","67301","0","0","0","N","0","0","0","1","67301","0","","3.0","","1","N","N","N","1","","0","0","0","0","0","","512","3","0","0","0","0","0","0","2","1","3","0","0","0","3","03","","N","","","","","","","","","",""
"2022110921","0123","2","0","0","0","0","0","0","0","0","5","0","","67","11","2022","7","40.0234","-75.059794","0122","6","0","0","0","0","0","0","0","0","","0","0","0","1","3","1","N","0","2","40 01:24.240","1","0","75 03:35.260","3","0","0","0","67301","0","0","0","N","0","0","0","1","67301","0","","6.0","220.0","9","N","N","N","1","","1","0","2","0","0","Y","115","5","1","0","0","0","0","0","2","0","5","0","0","0","7","04","","N","","","","","","","","","",""
"2022112259","1815","0","0","0","1","0","0","0","0","0","8","0","","67","11","2022","4","39.973575","-75.247212","1800","6","0","0","0","0","0","0","0","0","","0","0","0","17","1","1","","1","0","39 58:24.870","","0","75 14:49.963","8","0","0","0","67301","1","0","0","N","0","0","0","2","67301","0","","1.0","","1","N","N","N","0","","0","0","0","3","3","","1700","2","1","0","0","0","1","0","2","0","1","1","0","0","3","03","","N","","","","","","","","","",""
"2022122931","0410","3","0","1","0","0","0","0","0","0","1","0","","67","12","2022","5","39.948628","-75.221186","0406","6","0","0","0","0","0","0","0","0","","0","0","0","2","3","2","N","0","0","39 56:55.060","","0","75 13:16.270","2","0","0","0","67301","0","0","0","N","0","0","0","4","67301","0","","1.0","","1","N","N","N","0","","0","2","0","0","0","","234","4","2","1","0","1","0","1","2","0","4","0","0","0","3","03","","N","","","","","","","","","",""
"2022116808","2012","1","0","0","0","0","0","0","0","0","4","0","","67","12","2022","2","39.972038","-75.12498","2010","6","0","0","0","0","0","2","0","0","","0","0","0","20","3","1","N","0","0","39 58:19.335","","7","75 07:29.929","3","0","0","0","67301","0","0","0","N","0","0","0","2","67301","0","","1.0","","1","N","N","N","0","","1","0","1","0","0","","2000","2","1","0","0","0","0","0","2","0","2","0","0","0","3","","","N","","","","","","","","","",""
"2022122926","2205","1","0","0","0","0","0","0","0","0","4","0","","67","12","2022","1","39.94907","-75.21293","2157","6","0","0","0","0","0","0","0","0","","0","0","0","21","3","0","","1","0","39 56:56.653","","0","75 12:46.547","9","0","0","0","67301","0","0","0","N","0","0","0","2","67301","0","","1.0","","1","N","N","N","0","","0","0","1","3","2","","2148","2","0","0","0","0","0","2","2","0","2","0","0","0","3","03","","N","","","","","","","","","",""
"2022112632","0346","2","0","0","0","0","0","0","0","0","1","0","","67","11","2022","3","40.003718","-75.077229","0346","6","0","0","0","0","0","1","0","0","","0","0","0","3","3","1","N","0","1","40 00:13.385","2","3","75 04:38.023","3","0","0","0","67301","0","0","0","N","0","0","0","2","68K01","0","","1.0","415.0","1","N","N","N","0","","1","0","0","0","0","N","346","2","1","0","0","0","0","0","2","0","2","0","0","0","4","03","","N","","","","","","","","","",""