"CRN","ARRIVAL_TM","AUTOMOBILE_COUNT","BELTED_DEATH_COUNT","BELTED_SUSP_SERIOUS_INJ_COUNT","BICYCLE_COUNT","BICYCLE_DEATH_COUNT","BICYCLE_SUSP_SERIOUS_INJ_COUNT","BUS_COUNT","CHLDPAS_DEATH_COUNT","CHLDPAS_SUSP_SERIOUS_INJ_COUNT","COLLISION_TYPE","COMM_VEH_COUNT","CONS_ZONE_SPD_LIM","COUNTY","CRASH_MONTH","CRASH_YEAR","DAY_OF_WEEK","DEC_LATITUDE","DEC_LONGITUDE","DISPATCH_TM","DISTRICT","DRIVER_COUNT_16YR","DRIVER_COUNT_17YR","DRIVER_COUNT_18YR","DRIVER_COUNT_19YR","DRIVER_COUNT_20YR","DRIVER_COUNT_50_64YR","DRIVER_COUNT_65_74YR","DRIVER_COUNT_75PLUS","EST_HRS_CLOSED","FATAL_COUNT","HEAVY_TRUCK_COUNT","HORSE_BUGGY_COUNT","HOUR_OF_DAY","ILLUMINATION","INJURY_COUNT","INTERSECTION_RELATED","INTERSECT_TYPE","LANE_CLOSED","LATITUDE","LN_CLOSE_DIR","LOCATION_TYPE","LONGITUDE","MAX_SEVERITY_LEVEL","MCYCLE_DEATH_COUNT","MCYCLE_SUSP_SERIOUS_INJ_COUNT","MOTORCYCLE_COUNT","MUNICIPALITY","NONMOTR_COUNT","NONMOTR_DEATH_COUNT","NONMOTR_SUSP_SERIOUS_INJ_COUNT","NTFY_HIWY_MAINT","PED_COUNT","PED_DEATH_COUNT","PED_SUSP_SERIOUS_INJ_COUNT","PERSON_COUNT","POLICE_AGCY","POSSIBLE_INJ_COUNT","RDWY_SURF_TYPE_CD","RELATION_TO_ROAD","ROADWAY_CLEARED","ROAD_CONDITION","SCH_BUS_IND","SCH_ZONE_IND","SECONDARY_CRASH","SMALL_TRUCK_COUNT","SPEC_JURIS_CD","SUSP_MINOR_INJ_COUNT","SUSP_SERIOUS_INJ_COUNT","SUV_COUNT","TCD_FUNC_CD","TCD_TYPE","TFC_DETOUR_IND","TIME_OF_DAY","TOTAL_UNITS","TOT_INJ_COUNT","UNBELTED_OCC_COUNT","UNB_DEATH_COUNT","UNB_SUSP_SERIOUS_INJ_COUNT","UNK_INJ_DEG_COUNT","UNK_INJ_PER_COUNT","URBAN_RURAL","VAN_COUNT","VEHICLE_COUNT","VULNERABLE_ROAD_USER_COUNT","VULNERABLE_ROAD_USER_DEATH_COUNT","VULNERABLE_ROAD_USER_SER_INJ_COUNT","WEATHER1","WEATHER2","WORKERS_PRES","WORK_ZONE_IND","WORK_ZONE_LOC","WORK_ZONE_TYPE","WZ_CLOSE_DETOUR","WZ_FLAGGER","WZ_LAW_OFFCR_IND","WZ_LN_CLOSURE","WZ_MOVING","WZ_OTHER","WZ_SHLDER_MDN","WZ_WORKERS_INJ_KILLED"
"2022108088","1042","1","0","0","0","0","0","0","0","0","4","0","","67","11","2022","2","39.970586","-75.150888","1042","6","0","0","0","0","1","1","0","0","","0","0","0","10","1","2","","1","0","39 58:14.110","","1","75 09:03.197","3","0","0","0","67301","0","0","0","N","0","0","0","2","67301","0","","1.0","","1","N","N","N","0","","2","0","1","3","3","","1024","2","2","0","0","0","0","0","2","0","2","0","0","0","3","03","","N","","","","","","","","","",""
"2022112228","1640","1","0","0","0","0","0","0","0","0","8","0","","67","11","2022","1","39.948611","-75.177832","1625","6","0","0","0","0","0","0","0","0","","0","0","0","16","1","1","","1","0","39 56:54.998","","0","75 10:40.196","8","0","0","0","67301","1","0","0","N","1","0","0","2","67301","0","","1.0","","1","N","N","N","0","","0","0","0","3","2","","1615","2","1","1","0","0","1","0","2","0","1","1","0","0","3","","","N","","","","","","","","","",""
"2022112915","0350","3","0","0","0","0","0","0","0","0","2","0","","67","11","2022","6","39.975889","-75.17975","0349","6","0","0","0","0","0","0","0","0","","0","0","0","3","3","0","N","0","2","39 58:33.200","4","0","75 10:47.100","0","0","0","0","67301","0","0","0","N","0","0","0","1","67301","0","","6.0","630.0","1","N","N","N","0","","0","0","2","0","0","Y","341","5","0","1","0","0","0","0","2","0","5","0","0","0","3","04","","N","","","","","","","","","",""
"2022117049","1126","1","0","0","0","0","0","0","0","0","4","0","","67","12","2022","6","39.949917","-75.229021","1124","6","0","0","0","0","0","1","0","0","","0","0","0","11","1","1","","1","0","39 56:59.701","","0","75 13:44.475","3","0","0","0","67301","0","0","0","N","0","0","0","2","67301","0","","1.0","","1","N","N","N","0","","1","0","0","3","3","","1123","2","1","0","0","0","0","0","2","1","2","0","0","0","3","03","","N","","","","","","","","","",""
"2022103989","1617","0","0","0","0","0","0","0","0","0","8","0","","67","11","2022","7","40.049353","-75.06791","1814","6","0","0","0","0","0","0","0","0","","0","0","0","15","1","1","","1","0","40 02:57.669","","0","75 04:04.477","8","0","0","0","67301","1","0","0","N","1","0","0","2","67301","0","","1.0","","99","N","N","N","0","","0","0","1","3","2","","1548","2","1","0","0","0","1","0","2","0","1","1","0","0","3","03","","N","","","","","","","","","",""
"2022093389","0018","2","0","0","0","0","0","0","0","0","1","0","","67","10","2022","7","39.981975","-75.100903","0007","6","0","0","0","0","0","1","0","0","","0","0","0","0","3","2","N","0","1","39 58:55.110","1","3","75 06:03.249","4","0","0","0","67301","0","0","0","N","0","0","0","3","68K01","2","","1.0","55.0","1","N","N","N","0","","0","0","0","0","0","N","6","2","2","0","0","0","0","0","2","0","2","0","0","0","3","03","","N","","","","","","","","","",""
"2022112264","1704","1","0","0","0","0","0","0","0","0","4","0","","67","10","2022","7","39.979099","-75.195775","1639","6","0","0","0","0","0","1","1","0","","0","0","0","16","1","2","N","0","1","39 58:44.756","1","0","75 11:44.789","2","0","2","1","67301","0","0","0","N","0","0","0","3","67301","0","","1.0","2200.0","1","N","N","N","0","","0","2","0","0","0","N","1637","2","2","0","0","0","0","0","2","0","2","0","0","0","3","","","N","","","","","","","","","",""
"2022121808","1119","1","0","0","0","0","0","0","0","0","5","0","","67","12","2022","3","40.011133","-75.181645","1109","6","0","0","0","0","0","0","1","0","","0","0","0","9","1","1","N","0","0","40 00:40.078","","0","75 10:53.922","4","0","0","0","67301","0","0","0","N","0","0","0","2","67301","1","","1.0","","1","N","N","N","0","","0","0","1","0","0","","929","2","1","0","0","0","0","0","2","0","2","0","0","0","3","","","N","","","","","","","","","",""
"2022124226","1606","0","0","0","0","0","0","0","0","0","1","0","","67","12","2022","5","39.958643","-75.141724","1559","6","0","0","0","0","0","0","0","0","","0","0","0","14","1","0","N","0","1","39 57:31.115","2","2","75 08:30.205","0","0","0","0","67301","0","0","0","N","0","0","0","2","68K01","0","","1.0","1645.0","1","N","N","N","0","","0","0","2","0","0","Y","1455","2","0","1","0","0","0","0","2","0","2","0","0","0","3","","","N","","","","","","","","","",""
"2022122220","0639","1","0","0","0","0","0","0","0","0","7","0","","67","12","2022","6","39.974853","-75.249586","0637","6","0","0","0","0","0","0","0","0","","0","0","0","6","1","0","N","0","0","39 58:29.470","","0","75 14:58.510","0","0","0","0","67301","0","0","0","N","0","0","0","1","67301","0","","5.0","","1","N","N","N","0","","0","0","0","0","0","","630","1","0","1","0","0","0","0","2","0","1","0","0","0","3","","","N","","","","","","","","","",""
"2022121951","0427","0","0","0","0","0","0","0","0","0","1","0","","67","12","2022","1","39.953846","-75.220097","0425","6","0","0","0","0","0","0","0","0","","0","0","0","4","3","2","","1","0","39 57:13.845","","0","75 13:12.349","3","0","0","0","67301","0","0","0","N","0","0","0","3","67301","0","","1.0","","1","N","N","N","0","","2","0","2","3","2","","406","2","2","1","0","0","0","0","2","0","2","0","0","0","3","03","","N","","","","","","","","","",""
"2022124056","2002","3","0","0","0","0","0","0","0","0","4","0","","67","12","2022","4","39.93153","-75.179906","2002","6","0","0","0","0","0","0","0","0","","0","0","0","20","3","0","","1","0","39 55:53.509","","0","75 10:47.663","0","0","0","0","67301","0","0","0","N","0","0","0","2","67301","0","","1.0","","1","N","N","N","0","","0","0","2","0","0","","2001","6","0","1","0","0","0","0","2","1","6","0","0","0","3","03","","N","","","","","","","","","",""
"2022121349","0850","1","0","0","0","0","0","0","0","0","4","0","","67","12","2022","2","40.030788","-75.158143","0840","6","0","0","0","0","0","0","1","0","","0","0","0","8","1","1","","1","0","40 01:50.836","","0","75 09:29.314","3","0","0","0","67301","0","0","0","N","0","0","0","4","67301","0","","1.0","","1","N","N","N","0","","1","0","1","0","0","","829","2","1","0","0","0","0","0","2","0","2","0","0","0","3","03","","N","","","","","","","","","",""
"2022113189","0801","0","0","0","0","0","0","0","0","0","7","0","","67","10","2022","7","40.007626","-75.126633","0801","6","0","0","0","0","0","0","0","0","","0","0","0","7","1","0","N","0","0","40 00:27.455","","0","75 07:35.878","9","0","0","0","67301","0","0","0","N","0","0","0","1","67301","0","","4.0","","1","N","N","N","0","","0","0","1","0","0","","755","1","0","0","0","0","0","1","2","0","1","0","0","0","3","03","","N","","","","","","","","","",""
"2022115632","1940","1","0","0","0","0","0","0","0","0","7","0","","67","12","2022","1","40.091972","-75.006","1925","6","0","0","0","0","0","1","0","0","","0","0","0","19","3","0","N","0","0","40 05:31.100","","0","75 00:21.600","0","0","0","0","67301","0","0","0","N","0","0","0","1","67301","0","","4.0","","1","N","N","N","0","","0","0","0","0","0","","1919","1","0","0","0","0","0","0","2","0","1","0","0","0","3","03","","N","","","","","","","","","",""
"2022115019","2232","1","0","0","0","0","0","0","0","0","1","0","","67","12","2022","2","40.004944","-75.152191","2230","6","0","0","0","0","0","0","0","0","","0","0","0","22","3","0","Y","0","0","40 00:17.797","","0","75 09:07.888","9","0","0","0","67301","0","0","0","N","0","0","0","2","67505","0","","1.0","","1","N","N","N","0","","0","0","1","3","2","","2227","2","0","0","0","0","0","1","2","0","2","0","0","0","3","03","","N","","","","","","","","","",""
"2022118313","0340","2","0","0","0","0","0","0","0","0","4","0","","67","12","2022","2","40.013178","-75.070421","0334","6","0","0","0","0","0","0","0","0","","0","0","0","3","3","2","","1","1","40 00:47.439","3","0","75 04:13.514","4","0","0","0","67301","0","0","0","N","0","0","0","2","67301","2","","1.0","400.0","1","N","N","N","0","","0","0","0","3","2","N","333","2","2","2","0","0","0","0","2","0","2","0","0","0","3","","","N","","","","","","","","","",""
"2022115630","1457","1","0","0","0","0","0","0","0","0","4","0","","67","12","2022","3","40.111198","-75.024348","1450","6","1","0","0","0","0","0","0","1","","0","0","0","14","1","2","","1","0","40 06:40.311","","0","75 01:27.652","8","0","0","0","67301","0","0","0","N","0","0","0","2","67301","0","","1.0","","9","N","N","Y","0","","0","0","0","3","2","","1450","2","2","0","0","0","2","0","2","1","2","0","0","0","7","","","N","","","","","","","","","",""
"2022115000","0305","0","0","0","0","0","0","0","0","0","6","0","","67","12","2022","7","39.998758","-75.118306","0305","6","0","0","0","0","0","0","0","0","","0","0","0","3","3","0","N","0","0","39 59:55.530","","0","75 07:05.900","9","0","0","0","67301","0","0","0","N","0","0","0","1","67301","0","","6.0","","1","N","N","N","0","","0","0","2","0","0","","304","3","0","1","0","0","0","1","2","1","3","0","0","0","3","03","","N","","","","","","","","","",""
"2022114673","0035","0","0","0","0","0","0","0","0","0","1","0","","67","12","2022","7","39.897754","-75.211536","0025","6","0","0","0","0","0","0","0","0","","0","0","0","11","8","2","N","0","2","39 53:51.913","3","3","75 12:41.529","3","0","0","0","67301","0","0","0","N","0","0","0","2","67301","0","","1.0","125.0","1","N","N","N","0","","2","0","2","0","0","Y","1100","2","2","0","0","0","0","0","2","0","2","0","0","0","3","","","N","","","","","","","","","",""
"2022116678","1850","1","0","0","0","0","0","0","0","0","8","0","","67","12","2022","3","40.031737","-75.178872","1845","6","0","0","0","0","0","1","0","0","","0","0","0","18","3","1","","1","0","40 01:54.253","","0","75 10:43.938","2","0","0","0","67301","1","0","1","N","1","0","1","2","67301","0","","1.0","","9","N","N","N","0","","0","1","0","3","2","","1840","2","1","0","0","0","0","0","2","0","1","1","0","1","7","","","N","","","","","","","","","",""
"2022116801","1332","1","0","0","0","0","0","0","0","0","4","0","","67","12","2022","5","39.958266","-75.167273","1324","6","0","0","0","0","0","1","0","0","","0","0","0","13","1","1","","1","1","39 57:29.757","3","3","75 10:02.184","8","0","0","0","67301","0","0","0","N","0","0","0","2","67301","0","","1.0","1435.0","1","N","Y","N","0","","0","0","1","3","2","N","1324","2","1","0","0","0","1","0","2","0","2","0","0","0","4","","","N","","","","","","","","","",""
"2022117266","1445","1","0","0","0","0","0","0","0","0","8","0","","67","12","2022","1","39.950025","-75.237947","1441","6","0","0","0","0","0","1","0","0","","0","0","0","14","1","1","N","0","0","39 57:00.090","","0","75 14:16.610","3","0","0","0","67301","1","0","0","N","1","0","0","2","67301","0","","1.0","","1","N","N","N","0","","1","0","0","0","0","","1434","2","1","0","0","0","0","0","2","0","1","1","0","0","3","03","","N","","","","","","","","","",""
"2022115970","0052","1","0","0","0","0","0","0","0","0","7","0","","67","12","2022","2","39.955528","-75.148164","0052","6","0","0","0","0","0","0","0","0","","0","0","0","0","3","0","N","0","1","39 57:19.901","4","2","75 08:53.389","0","0","0","0","67301","0","0","0","N","0","0","0","2","67501","0","","4.0","130.0","1","N","N","N","0","","0","0","0","0","0","Y","52","1","0","0","0","0","0","0","2","0","1","0","0","0","3","","","N","","","","","","","","","",""
"2022116338","0752","0","0","0","0","0","0","0","0","0","8","0","","67","12","2022","4","40.05306","-75.064399","0752","6","0","0","0","0","0","0","0","0","","0","0","0","7","8","1","","1","0","40 03:11.017","","0","75 03:51.838","4","0","0","0","67301","1","0","0","N","1","0","0","2","67301","1","","1.0","","9","N","N","N","1","","0","0","0","3","2","","751","2","1","0","0","0","0","0","2","0","1","1","0","0","7","05","","N","","","","","","","","","",""
"2022121341","0911","0","0","0","0","0","0","0","0","0","4","0","","67","12","2022","3","40.086788","-74.971843","0856","6","0","0","0","0","0","1","0","0","","0","0","0","8","1","2","","1","0","40 05:12.438","","0","74 58:18.635","3","0","0","0","67301","0","0","0","N","0","0","0","2","67301","0","","1.0","","1","N","N","N","1","","2","0","1","3","2","","817","2","2","0","0","0","0","0","2","0","2","0","0","0","3","03","","N","","","","","","","","","",""
"2022103702","0832","1","0","0","0","0","0","0","0","0","4","0","","67","11","2022","1","40.042896","-75.143783","0832","6","0","0","0","0","1","0","0","1","","0","0","0","8","1","2","","1","0","40 02:34.426","","0","75 08:37.618","4","0","0","0","67301","0","0","0","N","0","0","0","2","67301","2","","1.0","","1","N","N","N","0","","0","0","1","3","2","","830","2","2","0","0","0","0","0","2","0","2","0","0","0","4","","","N","","","","","","","","","",""
"2022123839","2029","1","0","0","0","0","0","0","0","0","5","0","","67","10","2022","1","39.970332","-75.192934","2024","6","1","0","0","1","0","0","0","0","","0","0","0","20","3","3","N","0","0","39 58:13.194","","0","75 11:34.564","4","0","0","0","67301","0","0","0","N","0","0","0","3","68K01","3","","1.0","","1","N","N","N","0","","0","0","1","0","0","","2024","2","3","0","0","0","0","0","2","0","2","0","0","0","3","03","","N","","","","","","","","","",""
"2022114166","1645","0","0","0","0","0","0","0","0","0","8","0","","67","12","2022","7","39.98629","-75.15628","1643","6","0","0","1","0","0","0","0","0","","0","0","0","16","4","1","","1","0","39 59:10.645","","0","75 09:22.609","3","0","0","0","67301","1","0","0","N","1","0","0","2","67505","0","","1.0","","9","N","N","N","0","","1","0","1","3","2","","1640","2","1","0","0","0","0","0","2","0","1","1","0","0","4","07","","N","","","","","","","","","",""
"2022097874","1016","0","0","0","0","0","0","0","0","0","8","0","","67","10","2022","6","39.964593","-75.167528","1014","6","0","0","0","0","0","0","0","0","","0","0","0","10","1","1","","1","0","39 57:52.534","","0","75 10:03.100","3","0","0","0","67301","1","0","0","N","1","0","0","2","67301","0","","1.0","","1","N","Y","N","0","","1","0","0","3","3","","1012","2","1","0","0","0","0","0","2","0","1","1","0","0","3","03","","N","","","","","","","","","",""
"2022121350","0915","2","0","0","0","0","0","0","0","0","4","0","","67","12","2022","2","40.035496","-75.178766","0858","6","0","0","0","0","0","0","1","0","","0","0","0","8","1","0","","1","1","40 02:07.785","1","0","75 10:43.557","0","0","0","0","67301","0","0","0","N","0","0","0","2","67301","0","","1.0","930.0","1","N","N","N","0","","0","0","0","3","2","N","850","2","0","0","0","0","0","0","2","0","2","0","0","0","3","03","","N","","","","","","","","","",""
"2022108692","2212","1","0","0","0","0","0","0","0","0","0","0","","67","10","2022","2","40.034856","-75.018875","2151","6","0","1","0","0","0","0","0","0","","0","0","0","21","3","1","N","0","1","40 02:05.480","2","3","75 01:07.950","8","0","0","0","67301","0","0","0","N","0","0","0","1","68K01","0","","1.0","2300.0","9","N","N","N","0","","0","0","0","0","0","Y","2148","1","1","0","0","0","1","0","2","0","1","0","0","0","7","","","N","","","","","","","","","",""
"2022092629","0931","1","0","0","0","0","0","0","0","0","7","0","","67","10","2022","6","39.980865","-75.157467","0930","6","0","0","1","0","0","0","0","0","","0","0","0","9","1","0","N","0","1","39 58:51.113","1","0","75 09:26.881","0","0","0","0","67301","0","0","0","N","0","0","0","2","67505","0","","3.0","945.0","1","N","N","N","0","","0","0","1","0","0","N","928","2","0","0","0","0","0","0","2","0","2","0","0","0","3","03","","N","","","","","","","","","",""
"2022097389","1800","1","0","0","0","0","0","0","0","0","1","0","","67","10","2022","6","39.976472","-75.196348","1750","6","0","0","0","0","0","0","0","0","","0","0","0","17","3","0","N","0","0","39 58:35.298","","0","75 11:46.853","0","0","0","0","67301","0","0","0","N","0","0","0","2","68K01","0","","1.0","","1","N","N","N","0","","0","0","1","0","0","","1718","2","0","0","0","0","0","0","2","0","2","0","0","0","3","03","","N","","","","","","","","","",""
"2022099081","2209","1","0","0","0","0","0","0","0","0","1","0","","67","10","2022","5","39.910386","-75.158489","2209","6","0","0","0","0","0","0","0","0","","0","0","0","22","3","1","N","0","0","39 54:37.390","","0","75 09:30.560","4","0","0","0","67301","0","0","0","N","0","0","0","3","68K01","1","","1.0","","1","N","N","N","0","","0","0","1","0","0","","2208","2","1","1","0","0","0","0","2","0","2","0","0","0","3","","","N","","","","","","","","","",""
"2022104952","1851","2","0","0","0","0","0","0","0","0","4","0","","67","11","2022","2","40.045659","-75.056316","1847","6","0","0","0","0","0","0","0","0","","0","0","0","17","3","2","","2","0","40 02:44.374","","7","75 03:22.739","3","0","0","0","67301","0","0","0","N","0","0","0","2","67301","0","","1.0","","1","N","N","N","0","","2","0","0","3","2","","1728","2","2","0","0","0","0","0","2","0","2","0","0","0","3","03","","N","","","","","","","","","",""
"2022115927","1245","0","0","0","0","0","0","0","0","0","8","0","","67","12","2022","7","39.952756","-75.149919","1244","6","0","0","0","0","0","0","0","0","","0","0","0","12","1","1","","1","0","39 57:09.921","","0","75 08:59.708","8","0","0","0","67301","1","0","0","N","1","0","0","2","67301","0","","1.0","","9","N","N","N","0","","0","0","1","3","2","","1240","2","1","0","0","0","1","0","2","0","1","1","0","0","7","04","","N","","","","","","","","","",""
"2022093292","1735","1","0","0","0","0","0","0","0","0","5","0","","67","10","2022","7","40.076623","-75.032867","1731","6","0","0","0","0","0","2","0","0","","0","0","0","16","1","2","","1","0","40 04:35.844","","0","75 01:58.321","4","0","0","0","67301","0","0","0","N","0","0","0","4","67301","2","","1.0","","1","N","N","N","1","","0","0","1","3","2","","1628","3","2","1","0","0","0","1","2","0","3","0","0","0","3","03","","N","","","","","","","","","",""
"2022102228","1610","0","0","0","0","0","0","0","0","0","4","0","","67","11","2022","3","39.928019","-75.219299","1600","6","0","0","0","0","0","0","0","0","","0","0","0","13","1","5","","1","0","39 55:40.869","","0","75 13:09.477","3","0","0","0","67301","0","0","0","N","0","0","0","7","67301","0","","1.0","","1","N","N","N","0","","5","0","0","3","2","","1310","2","5","1","0","0","0","0","2","1","2","0","0","0","3","03","","N","","","","","","","","","",""
"2022113604","2110","1","0","0","0","0","0","0","0","0","4","0","","67","10","2022","7","40.041444","-75.049005","2100","6","0","0","0","0","0","0","0","0","","0","0","0","17","1","1","","1","0","40 02:29.198","","0","75 02:56.419","3","0","0","0","67301","0","0","0","N","0","0","0","2","67301","0","","1.0","","99","N","N","N","0","","1","0","1","3","2","","1715","2","1","1","0","0","0","0","2","0","2","0","0","0","99","98","","N","","","","","","","","","",""
"2022103987","1839","1","0","0","0","0","0","0","0","0","4","0","","67","11","2022","6","40.061755","-75.056066","1839","6","0","0","0","0","0","0","0","1","","0","0","0","18","3","2","","1","0","40 03:42.317","","0","75 03:21.839","8","0","0","0","67301","0","0","0","N","0","0","0","2","67301","0","","1.0","","1","N","N","N","0","","0","0","1","3","2","","1838","2","2","0","0","0","2","0","2","0","2","0","0","0","3","","","N","","","","","","","","","",""
"2022103224","0808","1","0","0","0","0","0","0","0","0","8","0","","67","11","2022","5","40.020931","-75.119306","0807","6","0","0","0","0","0","0","0","0","","0","0","0","8","1","1","N","0","0","40 01:15.350","","0","75 07:09.500","3","0","0","0","67301","1","0","0","N","1","0","0","2","67301","0","","1.0","","1","N","Y","N","0","","1","0","0","3","8","","800","2","1","0","0","0","0","0","2","0","1","1","0","0","3","03","","N","","","","","","","","","",""
"2022103330","1714","0","0","0","0","0","0","0","0","0","8","0","","67","11","2022","3","40.028357","-75.120001","1714","6","0","0","0","0","0","0","0","0","","0","0","0","17","1","3","","1","2","40 01:42.085","2","0","75 07:12.004","2","0","0","0","67301","3","0","1","N","3","0","1","4","67301","0","","1.0","1825.0","1","N","N","N","0","","2","1","1","3","2","N","1713","4","3","1","0","0","0","0","2","0","1","3","0","1","3","","","N","","","","","","","","","",""
"2022116677","1825","1","0","0","0","0","0","0","0","0","8","0","","67","12","2022","2","40.003273","-75.165898","1820","6","0","0","0","1","0","0","0","0","","0","0","0","18","3","1","","1","0","40 00:11.783","","0","75 09:57.234","4","0","0","0","67301","1","0","0","N","1","0","0","2","67301","1","","1.0","","1","N","N","N","0","","0","0","0","3","2","","1811","2","1","0","0","0","0","0","2","0","1","1","0","0","3","03","","N","","","","","","","","","",""
"2022123001","0028","1","0","0","0","0","0","0","0","0","5","0","","67","10","2022","1","40.007212","-75.200268","0026","6","0","0","1","0","0","1","0","0","","0","0","0","0","3","5","N","0","0","40 00:25.962","","0","75 12:00.964","3","0","0","0","67301","0","0","0","N","0","0","0","5","68K01","0","","1.0","","1","N","N","N","0","","5","0","1","0","0","","25","2","5","0","0","0","0","0","2","0","2","0","0","0","3","","","N","","","","","","","","","",""
"2022125099","1636","1","0","0","0","0","0","0","0","0","1","1","","67","12","2022","5","40.036762","-75.040946","1626","6","0","0","0","0","0","1","0","0","","0","1","0","14","1","1","","5","1","40 02:12.343","2","0","75 02:27.405","3","0","0","0","67301","0","0","0","N","0","0","0","5","67301","0","","1.0","1721.0","1","N","N","N","0","","1","0","1","3","2","N","1445","3","1","0","0","0","0","2","2","0","3","0","0","0","3","03","","N","","","","","","","","","",""
"2022124404","2237","0","0","0","0","0","0","0","0","0","7","0","","67","12","2022","5","39.886647","-75.213975","2224","6","0","0","0","0","0","0","0","0","","0","0","0","22","3","0","N","0","0","39 53:11.928","","0","75 12:50.309","0","0","0","0","67301","0","0","0","N","0","0","0","1","68K01","0","","4.0","","1","N","N","N","0","","0","0","1","0","0","","2212","1","0","0","0","0","0","0","2","0","1","0","0","0","3","","","N","","","","","","","","","",""
"2022114688","1713","0","0","0","0","0","0","0","0","0","1","0","","67","12","2022","7","40.014639","-75.178469","1706","6","0","0","0","0","0","0","0","0","","0","0","0","16","3","0","","1","2","40 00:52.700","4","2","75 10:42.488","0","0","0","0","67301","0","0","0","N","0","0","0","5","67301","0","","1.0","1835.0","9","N","N","N","0","","0","0","1","3","2","Y","1650","2","0","0","0","0","0","0","2","1","2","0","0","0","7","04","","N","","","","","","","","","",""
"2022102224","0735","0","0","0","0","0","0","0","0","0","8","0","","67","11","2022","3","40.066291","-75.051926","0735","6","0","0","0","0","0","0","0","0","","0","0","0","7","5","1","N","0","1","40 03:58.647","2","0","75 03:06.934","8","0","0","0","67301","1","0","0","N","1","0","0","2","67301","0","","1.0","800.0","1","N","Y","N","0","","0","0","0","0","0","Y","732","2","1","0","0","0","1","0","2","1","1","1","0","0","4","04","","N","","","","","","","","","",""
"2022103321","1240","1","0","0","0","0","0","0","0","0","4","0","","67","11","2022","5","40.055789","-75.176185","1236","6","0","0","0","0","0","0","0","0","","0","0","0","12","1","0","","1","0","40 03:20.841","","0","75 10:34.267","0","0","0","0","67301","0","0","0","N","0","0","0","2","67301","0","","1.0","","1","N","N","N","0","","0","0","1","3","2","","1228","2","0","0","0","0","0","0","2","0","2","0","0","0","3","","","N","","","","","","","","","",""
"2022100786","1510","2","0","0","0","0","0","0","0","0","4","0","","67","10","2022","7","40.094017","-74.979694","1506","6","0","0","0","0","0","0","0","1","","0","0","0","14","1","1","","1","2","40 05:38.461","5","0","74 58:46.899","3","0","0","0","67301","0","0","0","N","0","0","0","2","67301","0","","1.0","130.0","1","N","N","N","0","","1","0","0","3","2","Y","1453","2","1","1","0","0","0","1","2","0","2","0","0","0","3","03","","N","","","","","","","","","",""
"2022092610","1630","1","0","0","0","0","0","0","0","0","4","0","","67","10","2022","5","40.053247","-75.186072","1609","6","0","0","0","0","0","1","0","1","","0","0","0","13","1","1","","2","0","40 03:11.690","","0","75 11:09.860","3","0","0","0","67301","0","0","0","N","0","0","0","2","67301","0","","1.0","","1","N","N","N","0","","1","0","0","0","0","","1330","2","1","0","0","0","0","1","2","1","2","0","0","0","3","03","","N","","","","","","","","","",""
"2022115639","1045","1","0","0","0","0","0","0","0","0","8","0","","67","11","2022","2","40.001114","-75.112283","1036","6","0","0","0","0","0","0","0","0","","0","0","0","9","1","1","","1","0","40 00:04.010","","0","75 06:44.218","8","0","0","0","67301","1","0","0","N","1","0","0","2","67301","0","","1.0","","1","N","N","N","0","","0","0","0","3","2","","908","2","1","1","0","0","1","0","2","0","1","1","0","0","3","03","","N","","","","","","","","","",""
"2022119008","1728","2","0","0","0","0","0","0","0","0","4","0","","67","12","2022","4","40.040695","-75.069437","1725","6","0","0","0","0","0","1","0","0","","0","0","0","17","3","0","","1","1","40 02:26.501","6","0","75 04:09.973","0","0","0","0","67301","0","0","0","N","0","0","0","2","67301","0","","1.0","1935.0","1","N","N","N","0","","0","0","0","3","3","N","1722","2","0","1","0","0","0","0","2","0","2","0","0","0","3","03","","N","","","","","","","","","",""
"2022124473","0945","1","0","0","0","0","0","0","0","0","1","0","","67","12","2022","1","40.028046","-75.110038","0940","6","0","0","0","0","0","0","0","0","","0","0","0","9","1","0","","1","0","40 01:40.967","","0","75 06:36.138","9","0","0","0","67301","0","0","0","N","0","0","0","4","67301","0","","1.0","","1","N","N","N","0","","0","0","0","3","2","","930","2","0","1","0","0","0","2","2","0","2","0","0","0","3","","","N","","","","","","","","","",""
"2022103334","1845","0","0","0","0","0","0","0","0","0","5","0","","67","11","2022","7","40.047809","-75.145437","1845","6","0","0","0","0","0","0","0","0","","0","0","0","14","1","1","","2","0","40 02:52.112","","0","75 08:43.573","3","0","0","0","67301","0","0","0","N","0","0","0","2","67301","0","","1.0","","1","N","N","N","0","","1","0","1","0","0","","1445","2","1","0","0","0","0","0","2","1","2","0","0","0","3","03","","N","","","","","","","","","",""
"2022114997","0855","1","0","0","0","0","0","0","0","0","2","0","","67","12","2022","5","40.001526","-75.104233","0855","6","0","0","0","0","0","1","1","0","","0","0","0","8","1","1","","5","0","40 00:05.492","","0","75 06:15.239","3","0","0","0","67301","0","0","0","N","0","0","0","3","67301","0","","1.0","","1","N","N","N","1","","1","0","1","3","2","","855","3","1","3","0","0","0","0","2","0","3","0","0","0","3","03","","N","","","","","","","","","",""