"CRN","ARRIVAL_TM","AUTOMOBILE_COUNT","BELTED_DEATH_COUNT","BELTED_SUSP_SERIOUS_INJ_COUNT","BICYCLE_COUNT","BICYCLE_DEATH_COUNT","BICYCLE_SUSP_SERIOUS_INJ_COUNT","BUS_COUNT","CHLDPAS_DEATH_COUNT","CHLDPAS_SUSP_SERIOUS_INJ_COUNT","COLLISION_TYPE","COMM_VEH_COUNT","CONS_ZONE_SPD_LIM","COUNTY","CRASH_MONTH","CRASH_YEAR","DAY_OF_WEEK","DEC_LATITUDE","DEC_LONGITUDE","DISPATCH_TM","DISTRICT","DRIVER_COUNT_16YR","DRIVER_COUNT_17YR","DRIVER_COUNT_18YR","DRIVER_COUNT_19YR","DRIVER_COUNT_20YR","DRIVER_COUNT_50_64YR","DRIVER_COUNT_65_74YR","DRIVER_COUNT_75PLUS","EST_HRS_CLOSED","FATAL_COUNT","HEAVY_TRUCK_COUNT","HORSE_BUGGY_COUNT","HOUR_OF_DAY","ILLUMINATION","INJURY_COUNT","INTERSECTION_RELATED","INTERSECT_TYPE","LANE_CLOSED","LATITUDE","LN_CLOSE_DIR","LOCATION_TYPE","LONGITUDE","MAX_SEVERITY_LEVEL","MCYCLE_DEATH_COUNT","MCYCLE_SUSP_SERIOUS_INJ_COUNT","MOTORCYCLE_COUNT","MUNICIPALITY","NONMOTR_COUNT","NONMOTR_DEATH_COUNT","NONMOTR_SUSP_SERIOUS_INJ_COUNT","NTFY_HIWY_MAINT","PED_COUNT","PED_DEATH_COUNT","PED_SUSP_SERIOUS_INJ_COUNT","PERSON_COUNT","POLICE_AGCY","POSSIBLE_INJ_COUNT","RDWY_SURF_TYPE_CD","RELATION_TO_ROAD","ROADWAY_CLEARED","ROAD_CONDITION","SCH_BUS_IND","SCH_ZONE_IND","SECONDARY_CRASH","SMALL_TRUCK_COUNT","SPEC_JURIS_CD","SUSP_MINOR_INJ_COUNT","SUSP_SERIOUS_INJ_COUNT","SUV_COUNT","TCD_FUNC_CD","TCD_TYPE","TFC_DETOUR_IND","TIME_OF_DAY","TOTAL_UNITS","TOT_INJ_COUNT","UNBELTED_OCC_COUNT","UNB_DEATH_COUNT","UNB_SUSP_SERIOUS_INJ_COUNT","UNK_INJ_DEG_COUNT","UNK_INJ_PER_COUNT","URBAN_RURAL","VAN_COUNT","VEHICLE_COUNT","VULNERABLE_ROAD_USER_COUNT","VULNERABLE_ROAD_USER_DEATH_COUNT","VULNERABLE_ROAD_USER_SER_INJ_COUNT","WEATHER1","WEATHER2","WORKERS_PRES","WORK_ZONE_IND","WORK_ZONE_LOC","WORK_ZONE_TYPE","WZ_CLOSE_DETOUR","WZ_FLAGGER","WZ_LAW_OFFCR_IND","WZ_LN_CLOSURE","WZ_MOVING","WZ_OTHER","WZ_SHLDER_MDN","WZ_WORKERS_INJ_KILLED"
"2022103327","1913","1","0","0","0","0","0","0","0","0","2","0","","67","10","2022","2","40.031153","-75.146479","1913","6","0","0","0","0","0","0","0","0","","0","0","0","19","3","2","N","0","0","40 01:52.150","","0","75 08:47.324","3","0","0","0","67301","0","0","0","N","0","0","0","3","67301","0","","1.0","","9","N","N","N","0","","2","0","1","0","0","","1913","2","2","1","0","0","0","0","2","0","2","0","0","0","7","","","N","","","","","","","","","",""
"2022103696","0321","1","0","0","0","0","0","0","0","0","7","0","","67","11","2022","1","39.936842","-75.221159","0320","6","0","0","0","0","0","0","0","0","","0","0","0","3","3","0","","1","2","39 56:12.631","1","0","75 13:16.172","0","0","0","0","67301","0","0","0","N","0","0","0","1","67301","0","","4.0","426.0","1","N","N","N","0","","0","0","0","0","0","Y","320","1","0","0","0","0","0","0","2","0","1","0","0","0","3","03","","N","","","","","","","","","",""
"2022093660","1909","3","0","0","0","0","0","0","0","0","2","0","","67","10","2022","5","40.047356","-75.155125","1909","6","0","0","0","0","0","0","0","0","","0","0","0","19","4","2","N","0","2","40 02:50.480","6","0","75 09:18.450","3","0","0","0","67301","0","0","0","N","0","0","0","2","67301","0","","1.0","200.0","1","N","N","N","0","","2","0","1","0","0","Y","1909","4","2","0","0","0","0","0","2","0","4","0","0","0","3","03","","N","","","","","","","","","",""
"2022125105","2201","2","0","0","0","0","0","0","0","0","4","0","","67","12","2022","6","39.999671","-75.229648","2201","6","0","0","0","0","1","0","0","0","","0","0","0","21","3","0","N","0","9","39 59:58.815","","7","75 13:46.732","0","0","0","0","67301","0","0","0","N","0","0","0","2","67301","0","","1.0","","99","N","N","N","0","","0","0","0","0","0","","2130","2","0","0","0","0","0","0","2","0","2","0","0","0","99","","","N","","","","","","","","","",""
"2022103532","0431","2","0","0","0","0","0","0","0","0","4","0","","67","11","2022","7","40.134374","-75.009144","0426","6","0","0","0","0","1","0","0","0","","0","0","0","4","3","0","","1","0","40 08:03.746","","0","75 00:32.919","0","0","0","0","67301","0","0","0","N","0","0","0","2","67301","0","","1.0","","1","N","N","N","0","","0","0","0","3","2","","415","2","0","0","0","0","0","0","2","0","2","0","0","0","3","03","","N","","","","","","","","","",""
"2022104976","0026","1","0","0","0","0","0","0","0","0","2","0","","67","10","2022","2","40.020022","-75.124694","0020","6","0","0","0","0","0","0","0","0","","0","0","0","0","3","0","N","0","0","40 01:12.080","","0","75 07:28.900","0","0","0","0","67301","0","0","0","N","0","0","0","1","67301","0","","6.0","","1","N","N","N","1","","0","0","1","0","0","","8","4","0","1","0","0","0","0","2","1","4","0","0","0","3","03","","N","","","","","","","","","",""
"2022125234","0220","1","0","0","0","0","0","0","0","0","4","0","","67","12","2022","5","40.053531","-75.156261","0215","6","0","0","0","0","0","0","0","0","","0","0","0","2","3","0","N","0","0","40 03:12.710","","0","75 09:22.540","9","0","0","0","67301","0","0","0","N","0","0","0","1","67301","0","","6.0","","1","N","N","N","0","","0","0","2","0","0","","200","3","0","0","0","0","0","1","2","0","3","0","0","0","3","","","N","","","","","","","","","",""
"2022103333","1140","0","0","0","0","0","0","0","0","0","4","0","","67","11","2022","6","40.020881","-75.1486","1130","6","0","0","0","0","0","0","0","0","","0","0","0","10","1","1","","2","0","40 01:15.173","","0","75 08:54.961","3","0","0","0","67301","0","0","0","N","0","0","0","2","67301","0","","1.0","","1","N","N","N","0","","1","0","2","0","0","","1046","2","1","0","0","0","0","0","2","0","2","0","0","0","3","03","","N","","","","","","","","","",""
"2022101118","0448","1","0","0","0","0","0","0","0","0","7","0","","67","10","2022","7","40.022319","-75.138563","0443","6","0","0","0","0","0","0","0","0","","0","0","0","4","3","1","N","0","1","40 01:20.349","2","0","75 08:18.828","3","0","0","0","67301","0","0","0","N","0","0","0","1","67301","0","","3.0","545.0","1","N","N","N","0","","1","0","0","0","0","N","438","1","1","0","0","0","0","0","2","0","1","0","0","0","3","03","","N","","","","","","","","","",""
"2022104123","0207","1","0","0","0","0","0","0","0","0","7","0","","67","11","2022","1","39.930941","-75.199128","0158","6","0","0","0","0","0","0","0","0","","0","0","0","1","3","1","","3","0","39 55:51.387","","2","75 11:56.859","3","0","0","0","67301","0","0","0","Y","0","0","0","1","68K01","0","","7.0","","1","N","N","N","0","","1","0","0","0","0","","151","1","1","0","0","0","0","0","2","0","1","0","0","0","3","03","","N","","","","","","","","","",""
"2022102954","2025","1","0","0","0","0","0","0","0","0","4","0","","67","11","2022","3","40.064271","-75.053695","2018","6","0","0","0","1","0","0","0","0","","0","0","0","20","3","1","","1","1","40 03:51.377","6","0","75 03:13.303","3","0","0","0","67301","0","0","0","N","0","0","0","2","67301","0","","1.0","2100.0","1","N","N","N","0","","1","0","1","3","1","N","2017","2","1","0","0","0","0","0","2","0","2","0","0","0","3","03","","N","","","","","","","","","",""
"2022117599","0024","2","0","0","0","0","0","0","0","0","1","0","","67","10","2022","7","39.932444","-75.200017","0018","6","0","0","0","0","0","0","0","0","","0","0","0","0","3","7","N","0","1","39 55:56.797","4","0","75 12:00.061","3","0","0","0","67301","0","0","0","N","0","0","0","8","68K01","0","","1.0","130.0","1","N","N","N","0","","5","0","1","0","0","N","17","4","7","0","0","0","2","1","2","0","4","0","0","0","3","","","N","","","","","","","","","",""
"2022092611","0300","0","0","0","0","0","0","0","0","0","7","0","","67","10","2022","6","40.040611","-75.164103","0255","6","0","0","0","0","0","0","0","0","","0","0","0","2","3","1","N","0","0","40 02:26.200","","0","75 09:50.770","3","0","0","0","67301","0","0","0","N","0","0","0","1","67301","0","","6.0","","1","N","N","N","0","","1","0","1","0","0","","246","1","1","0","0","0","0","0","2","0","1","0","0","0","3","","","N","","","","","","","","","",""
"2022113188","0806","1","0","0","0","0","0","0","0","0","4","0","","67","10","2022","7","40.010121","-75.121438","0801","6","0","0","0","0","0","1","0","0","","0","0","0","7","1","1","","1","0","40 00:36.436","","0","75 07:17.178","8","0","0","0","67301","0","0","0","N","0","0","0","2","67301","0","","1.0","","1","N","N","N","0","","0","0","0","3","2","","759","2","1","0","0","0","1","0","2","1","2","0","0","0","3","03","","N","","","","","","","","","",""
"2022113192","0930","1","0","0","0","0","0","0","0","0","1","0","","67","11","2022","4","40.007441","-75.125171","0929","6","0","0","0","0","0","1","0","0","","0","0","0","9","1","2","","2","0","40 00:26.789","","0","75 07:30.615","4","0","0","0","67301","0","0","0","N","0","0","0","4","67301","2","","1.0","","1","N","N","N","0","","0","0","0","3","2","","915","2","2","0","0","0","0","0","2","1","2","0","0","0","3","","","N","","","","","","","","","",""
"2022101106","1340","0","0","0","0","0","0","0","0","0","1","1","","67","10","2022","1","39.961813","-75.178343","1340","6","0","0","0","0","0","0","0","0","","0","1","0","13","1","1","N","0","0","39 57:42.526","","2","75 10:42.036","4","0","0","0","67301","0","0","0","N","0","0","0","2","67301","1","","1.0","","1","N","N","N","1","","0","0","0","0","0","","1300","2","1","1","0","0","0","0","2","0","2","0","0","0","3","03","","N","","","","","","","","","",""
"2022094156","1725","2","0","0","0","0","0","0","0","0","1","0","","67","10","2022","6","39.965028","-75.225722","1719","6","0","0","0","0","0","1","0","0","","0","0","0","17","1","2","Y","0","0","39 57:54.100","","0","75 13:32.600","4","0","0","0","67301","0","0","0","N","0","0","0","4","67301","2","","1.0","","1","N","N","N","0","","0","0","0","3","2","","1710","2","2","3","0","0","0","0","2","0","2","0","0","0","3","","","N","","","","","","","","","",""
"2022108267","1556","0","0","0","1","0","0","0","0","0","8","0","","67","11","2022","3","39.923","-75.188598","1554","6","0","0","0","0","0","0","0","0","","0","0","0","22","3","1","","1","0","39 55:22.800","","1","75 11:18.952","3","0","0","0","67301","1","0","0","N","0","0","0","2","67301","0","","1.0","","1","N","N","N","0","","1","0","0","3","3","","2230","2","1","0","0","0","0","0","2","0","1","1","0","0","3","","","N","","","","","","","","","",""
"2022109363","2141","1","0","0","0","0","0","0","0","0","1","0","","67","11","2022","7","40.015774","-75.062899","2141","6","0","0","0","0","0","0","0","0","","0","0","0","21","3","1","N","0","0","40 00:56.788","","0","75 03:46.438","3","0","0","0","67301","0","0","0","N","0","0","0","1","67301","0","","6.0","","1","N","N","N","0","","1","0","2","0","0","","2141","3","1","1","0","0","0","0","2","0","3","0","0","0","3","03","","N","","","","","","","","","",""
"2022103609","0555","1","0","0","0","0","0","0","0","0","1","0","","67","10","2022","4","39.942352","-75.143253","0555","6","0","0","0","0","0","0","0","0","","0","0","0","5","2","2","N","0","2","39 56:32.468","2","0","75 08:35.710","8","0","0","0","67301","0","0","0","N","0","0","0","3","68K01","0","","1.0","658.0","1","N","N","Y","0","","0","0","0","0","0","N","555","3","2","1","0","0","2","0","2","2","3","0","0","0","3","","","N","","","","","","","","","",""
"2022112605","0229","1","0","0","0","0","0","0","0","0","7","0","","67","11","2022","3","39.976348","-75.114006","0226","6","0","0","0","1","0","0","0","0","","0","0","0","2","3","0","N","0","0","39 58:34.851","","3","75 06:50.421","0","0","0","0","67301","0","0","0","N","0","0","0","1","68K01","0","","4.0","","9","N","N","N","0","","0","0","0","0","0","","205","1","0","0","0","0","0","0","2","0","1","0","0","0","7","07","","N","","","","","","","","","",""
"2022103996","1915","1","0","0","1","0","0","0","0","0","8","0","","67","11","2022","4","39.948631","-75.146018","1907","6","0","0","0","0","0","0","0","0","","0","0","0","19","3","1","","1","0","39 56:55.070","","0","75 08:45.663","3","0","0","0","67301","1","0","0","N","0","0","0","2","67301","0","","1.0","","1","N","N","N","0","","1","0","0","3","2","","1901","2","1","0","0","0","0","0","2","0","1","1","0","0","3","","","N","","","","","","","","","",""
"2022102225","0515","2","0","0","0","0","0","0","0","0","1","0","","67","10","2022","1","39.964497","-75.166781","0511","6","0","0","0","0","0","0","0","0","","0","0","0","4","3","0","N","0","0","39 57:52.190","","0","75 10:00.410","0","0","0","0","67301","0","0","0","N","0","0","0","1","67301","0","","6.0","","1","N","N","N","0","","0","0","3","0","0","","400","5","0","1","0","0","0","0","2","0","5","0","0","0","99","","","N","","","","","","","","","",""
"2022093067","1649","2","0","0","0","0","0","0","0","0","4","0","","67","10","2022","6","40.044528","-75.193121","1649","6","0","0","0","0","0","0","0","0","","0","0","0","16","1","1","","1","1","40 02:40.301","2","0","75 11:35.235","3","0","0","0","67301","0","0","0","N","0","0","0","2","67301","0","","1.0","1820.0","1","N","N","N","0","","1","0","0","3","2","N","1647","2","1","0","0","0","0","0","2","0","2","0","0","0","3","","","N","","","","","","","","","",""
"2022107027","0747","0","0","0","0","0","0","0","0","0","4","0","","67","11","2022","4","39.963167","-75.199643","0747","6","0","0","0","0","0","1","0","0","","0","0","0","7","1","0","","1","0","39 57:47.401","","0","75 11:58.714","9","0","0","0","67301","0","0","0","N","0","0","0","3","67301","0","","1.0","","1","N","N","N","0","","0","0","2","3","2","","747","2","0","0","0","0","0","2","2","0","2","0","0","0","3","","","N","","","","","","","","","",""
"2022122215","1850","1","0","0","0","0","0","0","0","0","8","0","","67","12","2022","5","39.946159","-75.169926","1842","6","0","0","0","0","0","0","0","0","","0","0","0","12","1","1","","1","0","39 56:46.173","","0","75 10:11.732","3","0","0","0","67301","1","0","0","N","1","0","0","2","67301","0","","1.0","","1","N","N","N","0","","1","0","0","3","2","","1240","2","1","0","0","0","0","0","2","0","1","1","0","0","3","03","","N","","","","","","","","","",""
"2022101444","1137","2","0","0","0","0","0","0","0","0","5","0","","67","10","2022","6","40.034667","-75.091917","1137","6","0","0","0","0","0","0","0","0","","0","0","0","11","1","0","N","0","2","40 02:04.800","7","0","75 05:30.900","0","0","0","0","67301","0","0","0","N","0","0","0","2","67301","0","","6.0","1338.0","1","N","N","N","0","","0","0","0","0","0","Y","1137","2","0","2","0","0","0","0","2","0","2","0","0","0","3","03","","N","","","","","","","","","",""
"2022104979","0157","0","0","0","0","0","0","0","0","0","7","0","","67","11","2022","6","40.013639","-75.123806","0157","6","0","0","0","0","0","0","0","0","","0","0","0","0","3","0","N","0","0","40 00:49.100","","0","75 07:25.700","9","0","0","0","67301","0","0","0","N","0","0","0","1","67301","0","","4.0","","1","N","N","N","0","","0","0","1","0","0","","45","1","0","0","0","0","0","1","2","0","1","0","0","0","3","","","N","","","","","","","","","",""
"2022121948","2130","4","0","0","0","0","0","0","0","0","5","0","","67","12","2022","5","39.948375","-75.226361","2125","6","0","0","0","0","0","0","0","0","","0","0","0","21","3","0","N","0","0","39 56:54.150","","0","75 13:34.900","0","0","0","0","67301","0","0","0","N","0","0","0","1","67301","0","","6.0","","1","N","N","N","1","","0","0","0","0","0","","2125","5","0","0","0","0","0","0","2","0","5","0","0","0","3","03","","N","","","","","","","","","",""
"2022093135","1823","0","0","0","0","0","0","0","0","0","1","0","","67","10","2022","6","40.033296","-75.037693","1817","6","0","0","0","0","0","1","0","0","","0","0","0","18","1","0","","1","0","40 01:59.865","","0","75 02:15.694","0","0","0","0","67301","0","0","0","N","0","0","0","5","67301","0","","1.0","","1","N","N","N","0","","0","0","1","3","2","","1800","2","0","0","0","0","0","0","2","1","2","0","0","0","3","03","","N","","","","","","","","","",""
"2022102227","1020","1","0","0","0","0","0","0","0","0","4","0","","67","11","2022","3","39.942944","-75.226794","1011","6","0","0","0","0","0","0","0","0","","0","0","0","10","1","2","","1","0","39 56:34.598","","0","75 13:36.458","4","0","0","0","67301","0","0","0","N","0","0","0","4","67301","1","","1.0","","9","N","N","N","0","","0","0","1","3","2","","1010","2","2","0","0","0","1","2","2","0","2","0","0","0","4","","","N","","","","","","","","","",""
"2022103530","2314","2","0","0","0","0","0","0","0","0","5","0","","67","11","2022","3","39.925481","-75.181247","2311","6","0","0","0","0","0","0","0","0","","0","0","0","23","3","0","N","0","2","39 55:31.730","3","0","75 10:52.490","0","0","0","0","67301","0","0","0","N","0","0","0","1","67301","0","","6.0","20.0","1","N","N","N","0","","0","0","1","0","0","N","2310","3","0","0","0","0","0","0","2","0","3","0","0","0","3","03","","N","","","","","","","","","",""
"2022102945","2120","0","0","1","0","0","0","0","0","0","1","0","","67","10","2022","1","40.057977","-75.052698","2115","6","0","0","0","0","0","0","0","0","","0","0","0","21","3","1","","1","0","40 03:28.718","","0","75 03:09.712","2","0","0","0","67301","0","0","0","N","0","0","0","2","67301","0","","1.0","","1","N","N","N","0","","0","1","2","3","2","","2100","2","1","1","0","0","0","0","2","0","2","0","0","0","3","","","N","","","","","","","","","",""
"2022093817","1601","2","0","0","0","0","0","0","0","0","4","0","","67","10","2022","5","39.973137","-75.148382","1600","6","0","0","0","0","0","0","1","0","","0","0","0","14","1","0","","1","0","39 58:23.293","","0","75 08:54.175","9","0","0","0","67301","0","0","0","N","0","0","0","2","67301","0","","1.0","","1","N","N","N","0","","0","0","0","3","3","","1430","2","0","0","0","0","0","2","2","0","2","0","0","0","3","03","","N","","","","","","","","","",""
"2022093071","1249","2","0","0","0","0","0","0","0","0","5","0","","67","10","2022","6","40.007667","-75.171944","1242","6","0","0","0","0","0","1","0","0","","0","0","0","12","1","2","N","0","2","40 00:27.600","5","0","75 10:19.000","3","0","0","0","67301","0","0","0","N","0","0","0","5","67301","0","","1.0","1338.0","1","N","N","N","0","","2","0","0","0","0","N","1231","3","2","1","0","0","0","0","2","1","3","0","0","0","3","","","N","","","","","","","","","",""
"2022106163","0257","1","0","0","0","0","0","0","0","0","4","0","","67","10","2022","7","39.959689","-75.228779","0254","6","0","0","0","0","0","0","0","0","","0","0","0","1","3","1","","1","0","39 57:34.880","","0","75 13:43.604","4","0","0","0","67301","0","0","0","N","0","0","0","2","67301","1","","1.0","","1","N","N","Y","0","","0","0","2","3","3","","100","3","1","0","0","0","0","0","2","0","3","0","0","0","3","03","","N","","","","","","","","","",""
"2022102953","1210","1","0","0","0","0","0","0","0","0","1","0","","67","11","2022","3","40.082578","-75.040587","1201","6","0","0","0","0","0","1","0","0","","0","0","0","12","1","2","","2","2","40 04:57.279","2","0","75 02:26.113","3","0","0","0","67301","0","0","0","N","0","0","0","4","67301","1","","1.0","1230.0","1","N","N","N","0","","1","0","2","3","2","N","1200","3","2","0","0","0","0","1","2","0","3","0","0","0","3","03","","N","","","","","","","","","",""
"2022103992","0902","1","0","0","1","0","0","0","0","0","8","0","","67","11","2022","6","40.027127","-75.209113","0856","6","0","0","0","0","0","0","1","0","","0","0","0","7","1","1","N","0","0","40 01:37.656","","7","75 12:32.808","3","0","0","0","67301","1","0","0","N","0","0","0","2","67301","0","","1.0","","1","N","N","N","0","","1","0","0","0","0","","715","2","1","0","0","0","0","0","2","0","1","1","0","0","5","05","","N","","","","","","","","","",""
"2022103059","1310","1","0","0","0","0","0","0","0","0","4","0","","67","10","2022","7","40.031613","-75.207631","1300","6","0","0","0","0","0","0","0","2","","0","0","0","12","1","0","","1","0","40 01:53.806","","0","75 12:27.472","0","0","0","0","67301","0","0","0","N","0","0","0","2","67301","0","","1.0","","1","N","N","N","0","","0","0","1","3","2","","1255","2","0","0","0","0","0","0","2","0","2","0","0","0","3","03","","N","","","","","","","","","",""
"2022105362","0218","3","0","0","0","0","0","0","0","0","5","0","","67","11","2022","1","39.96068","-75.242999","0158","6","0","0","0","0","0","1","0","0","","0","0","0","1","3","0","N","0","2","39 57:38.449","3","0","75 14:34.796","0","0","0","0","67301","0","0","0","N","0","0","0","1","67301","0","","6.0","314.0","1","N","N","N","1","","0","0","0","0","0","N","143","4","0","1","0","0","0","0","2","0","4","0","0","0","3","03","","N","","","","","","","","","",""
"2022112254","1900","3","0","0","0","0","0","0","0","0","5","0","","67","11","2022","2","39.965069","-75.218025","1855","6","0","0","0","0","0","0","0","0","","0","0","0","18","3","1","N","0","0","39 57:54.250","","0","75 13:04.890","2","0","0","0","67301","0","0","0","N","0","0","0","1","67301","0","","6.0","","1","N","N","N","1","","0","1","2","0","0","","1839","6","1","0","0","0","0","0","2","0","6","0","0","0","3","03","","N","","","","","","","","","",""
"2022118582","1925","0","0","0","0","0","0","0","0","0","4","0","","67","12","2022","3","40.039472","-75.110306","1920","6","0","0","0","0","0","0","0","0","","0","0","0","19","3","0","Y","0","0","40 02:22.100","","7","75 06:37.100","0","0","0","0","67301","0","0","0","N","0","0","0","2","67301","0","","1.0","","1","N","N","N","0","","0","0","1","0","0","","1900","2","0","0","0","0","0","0","2","1","2","0","0","0","3","03","","N","","","","","","","","","",""
"2022119294","1947","0","0","0","0","0","0","0","0","0","4","0","","67","11","2022","6","39.98171","-75.145237","1945","6","0","0","0","0","0","0","0","0","","0","0","0","19","3","1","","1","0","39 58:54.156","","0","75 08:42.853","3","0","0","0","67301","0","0","0","N","0","0","0","2","67301","0","","1.0","","1","N","N","N","0","","1","0","2","3","3","","1940","2","1","0","0","0","0","0","2","0","2","0","0","0","3","03","","N","","","","","","","","","",""
"2022113748","1442","0","0","0","0","0","0","0","0","0","8","0","","67","11","2022","4","40.040453","-75.065605","1439","6","0","0","0","0","0","0","1","0","","0","0","0","14","1","1","","5","1","40 02:25.631","6","0","75 03:56.177","3","0","0","0","67301","1","0","0","N","1","0","0","2","67301","0","","1.0","1515.0","9","N","N","N","0","","1","0","1","3","2","N","1430","2","1","0","0","0","0","0","2","0","1","1","0","0","7","","","N","","","","","","","","","",""
"2022117055","1729","1","0","0","0","0","0","0","0","0","8","0","","67","12","2022","6","40.007891","-75.140528","1719","6","0","0","0","0","0","0","1","0","","0","0","0","17","3","2","","5","0","40 00:28.406","","0","75 08:25.901","3","0","0","0","67301","2","0","0","N","1","0","0","3","67301","0","","1.0","","1","N","N","N","0","","2","0","0","3","2","","1706","3","2","0","0","0","0","0","2","0","1","2","0","0","3","","","N","","","","","","","","","",""
"2022112240","2305","2","0","0","0","0","0","0","0","0","6","0","","67","11","2022","3","40.035247","-75.188597","2257","6","0","0","0","0","0","0","0","0","","0","0","0","22","3","0","N","0","0","40 02:06.890","","0","75 11:18.950","9","0","0","0","67301","0","0","0","N","0","0","0","4","67301","0","","1.0","","1","N","N","N","0","","0","0","1","0","0","","2224","3","0","0","0","0","0","4","2","0","3","0","0","0","3","03","","N","","","","","","","","","",""
"2022104972","0038","0","0","0","0","0","0","0","0","0","8","0","","67","10","2022","6","40.008972","-75.150736","0038","6","0","0","0","0","0","0","0","0","","0","0","0","17","3","1","N","0","0","40 00:32.300","","0","75 09:02.650","2","0","0","0","67301","1","0","1","N","1","0","1","2","67301","0","","1.0","","1","N","N","N","1","","0","1","0","0","0","","1730","2","1","0","0","0","0","1","2","0","1","1","0","1","3","","","N","","","","","","","","","",""
"2022100794","0837","0","0","0","0","0","0","0","0","0","8","0","","67","10","2022","5","39.966056","-75.206944","0836","6","0","0","0","0","0","0","0","0","","0","0","0","8","1","1","N","0","0","39 57:57.800","","0","75 12:25.000","8","0","0","0","67301","1","0","0","N","1","0","0","3","67301","0","","6.0","","1","N","N","N","0","","0","0","1","0","0","","830","2","1","0","0","0","1","0","2","0","1","1","0","0","3","03","","N","","","","","","","","","",""
"2022093798","0045","1","0","0","0","0","0","0","0","0","8","0","","67","10","2022","7","39.922783","-75.167081","0045","6","0","0","0","0","0","0","0","0","","0","0","0","19","3","1","N","0","0","39 55:22.020","","0","75 10:01.490","2","0","0","0","67301","1","0","1","N","1","0","1","2","67301","0","","1.0","","1","N","N","N","0","","0","1","0","0","0","","1915","2","1","1","0","0","0","0","2","0","1","1","0","1","3","03","","N","","","","","","","","","",""
"2022095499","0039","1","0","0","0","0","0","0","0","0","4","0","","67","10","2022","6","39.99218","-75.233706","0037","6","0","0","0","0","0","0","0","0","","0","0","0","0","3","0","","1","0","39 59:31.848","","0","75 14:01.341","0","0","0","0","67301","0","0","0","N","0","0","0","2","67301","0","","1.0","","1","N","N","N","0","","0","0","0","3","2","","15","2","0","0","0","0","0","0","2","0","2","0","0","0","3","03","","N","","","","","","","","","",""
"2022125107","2020","1","0","0","0","0","0","0","0","0","8","0","","67","12","2022","2","39.994136","-75.154417","2018","6","0","0","0","0","0","0","0","0","","1","0","0","20","3","0","N","0","0","39 59:38.890","","0","75 09:15.902","1","0","0","0","67301","1","1","0","N","1","1","0","2","67301","0","2","9.0","","1","N","N","N","0","0","0","0","0","0","0","","2016","2","0","0","0","0","0","0","2","0","1","1","1","0","3","03","","N","","","","","","","","","",""
"2022117888","2115","2","0","0","0","0","0","0","0","0","1","0","","67","12","2022","1","39.9585","-75.213028","2110","6","0","0","0","0","0","0","1","0","","0","0","0","20","3","0","","2","0","39 57:30.600","","0","75 12:46.900","9","0","0","0","67301","0","0","0","N","0","0","0","2","67301","0","","1.0","","9","N","N","N","0","","0","0","1","3","3","","2031","3","0","0","0","0","0","1","2","0","3","0","0","0","3","03","","N","","","","","","","","","",""
"2022113595","0755","1","0","0","0","0","0","0","0","0","4","0","","67","11","2022","4","40.077992","-75.023685","0755","6","0","0","0","0","0","1","0","0","","0","0","0","7","1","1","","2","0","40 04:40.772","","0","75 01:25.266","3","0","0","0","67301","0","0","0","N","0","0","0","4","67301","0","","1.0","","1","N","N","N","0","","1","0","1","3","2","","720","2","1","0","0","0","0","0","2","0","2","0","0","0","4","04","","N","","","","","","","","","",""
"2022095344","0421","2","0","0","0","0","0","0","0","0","2","0","","67","10","2022","6","40.020169","-75.113258","0421","6","0","0","0","0","0","0","0","0","","0","0","0","4","3","0","N","0","0","40 01:12.610","","0","75 06:47.730","0","0","0","0","67301","0","0","0","N","0","0","0","1","67301","0","","6.0","","1","N","N","N","0","","0","0","1","0","0","","421","3","0","1","0","0","0","0","2","0","3","0","0","0","4","","","N","","","","","","","","","",""
"2022124828","1608","2","0","0","0","0","0","0","0","0","5","0","","67","12","2022","5","40.074606","-75.000536","1604","6","0","0","0","0","0","0","0","0","","0","0","0","15","1","1","N","0","0","40 04:28.580","","0","75 00:01.930","3","0","0","0","67301","0","0","0","N","0","0","0","1","67301","0","","6.0","","1","N","N","N","0","","1","0","1","0","0","","1505","3","1","0","0","0","0","0","2","0","3","0","0","0","3","","","N","","","","","","","","","",""
"2022112194","2200","1","0","0","0","0","0","0","0","0","4","0","","67","11","2022","4","39.987883","-75.123448","2225","6","0","0","0","0","0","2","0","0","","0","0","0","22","3","0","","1","0","39 59:16.379","","0","75 07:24.412","0","0","0","0","67301","0","0","0","N","0","0","0","2","67301","0","","1.0","","1","N","N","N","0","","0","0","1","3","2","","2200","2","0","1","0","0","0","0","2","0","2","0","0","0","3","03","","N","","","","","","","","","",""
"2022112922","0323","0","0","0","0","0","0","0","0","0","7","0","","67","11","2022","5","40.032397","-75.151456","0323","6","0","0","0","0","0","0","0","0","","0","0","0","2","3","0","N","0","0","40 01:56.630","","0","75 09:05.240","0","0","0","0","67301","0","0","0","N","0","0","0","1","67301","0","","4.0","","1","N","N","N","1","","0","0","0","0","0","","217","1","0","0","0","0","0","0","2","0","1","0","0","0","3","03","","N","","","","","","","","","",""
"2022102946","0840","2","0","0","0","0","0","0","0","0","5","0","","67","11","2022","4","40.072353","-75.076437","0830","6","0","0","0","0","0","1","0","0","","0","0","0","6","3","1","N","0","0","40 04:20.472","","0","75 04:35.173","8","0","0","0","67301","0","0","0","N","0","0","0","2","67301","0","","1.0","","1","N","N","N","0","","0","0","0","0","0","","620","2","1","0","0","0","1","1","2","0","2","0","0","0","3","03","","N","","","","","","","","","",""