"CRN","ARRIVAL_TM","AUTOMOBILE_COUNT","BELTED_DEATH_COUNT","BELTED_SUSP_SERIOUS_INJ_COUNT","BICYCLE_COUNT","BICYCLE_DEATH_COUNT","BICYCLE_SUSP_SERIOUS_INJ_COUNT","BUS_COUNT","CHLDPAS_DEATH_COUNT","CHLDPAS_SUSP_SERIOUS_INJ_COUNT","COLLISION_TYPE","COMM_VEH_COUNT","CONS_ZONE_SPD_LIM","COUNTY","CRASH_MONTH","CRASH_YEAR","DAY_OF_WEEK","DEC_LATITUDE","DEC_LONGITUDE","DISPATCH_TM","DISTRICT","DRIVER_COUNT_16YR","DRIVER_COUNT_17YR","DRIVER_COUNT_18YR","DRIVER_COUNT_19YR","DRIVER_COUNT_20YR","DRIVER_COUNT_50_64YR","DRIVER_COUNT_65_74YR","DRIVER_COUNT_75PLUS","EST_HRS_CLOSED","FATAL_COUNT","HEAVY_TRUCK_COUNT","HORSE_BUGGY_COUNT","HOUR_OF_DAY","ILLUMINATION","INJURY_COUNT","INTERSECTION_RELATED","INTERSECT_TYPE","LANE_CLOSED","LATITUDE","LN_CLOSE_DIR","LOCATION_TYPE","LONGITUDE","MAX_SEVERITY_LEVEL","MCYCLE_DEATH_COUNT","MCYCLE_SUSP_SERIOUS_INJ_COUNT","MOTORCYCLE_COUNT","MUNICIPALITY","NONMOTR_COUNT","NONMOTR_DEATH_COUNT","NONMOTR_SUSP_SERIOUS_INJ_COUNT","NTFY_HIWY_MAINT","PED_COUNT","PED_DEATH_COUNT","PED_SUSP_SERIOUS_INJ_COUNT","PERSON_COUNT","POLICE_AGCY","POSSIBLE_INJ_COUNT","RDWY_SURF_TYPE_CD","RELATION_TO_ROAD","ROADWAY_CLEARED","ROAD_CONDITION","SCH_BUS_IND","SCH_ZONE_IND","SECONDARY_CRASH","SMALL_TRUCK_COUNT","SPEC_JURIS_CD","SUSP_MINOR_INJ_COUNT","SUSP_SERIOUS_INJ_COUNT","SUV_COUNT","TCD_FUNC_CD","TCD_TYPE","TFC_DETOUR_IND","TIME_OF_DAY","TOTAL_UNITS","TOT_INJ_COUNT","UNBELTED_OCC_COUNT","UNB_DEATH_COUNT","UNB_SUSP_SERIOUS_INJ_COUNT","UNK_INJ_DEG_COUNT","UNK_INJ_PER_COUNT","URBAN_RURAL","VAN_COUNT","VEHICLE_COUNT","VULNERABLE_ROAD_USER_COUNT","VULNERABLE_ROAD_USER_DEATH_COUNT","VULNERABLE_ROAD_USER_SER_INJ_COUNT","WEATHER1","WEATHER2","WORKERS_PRES","WORK_ZONE_IND","WORK_ZONE_LOC","WORK_ZONE_TYPE","WZ_CLOSE_DETOUR","WZ_FLAGGER","WZ_LAW_OFFCR_IND","WZ_LN_CLOSURE","WZ_MOVING","WZ_OTHER","WZ_SHLDER_MDN","WZ_WORKERS_INJ_KILLED"
"2022076898","1307","1","0","0","0","0","0","0","0","0","1","0","","67","8","2022","3","40.052316","-75.007986","1307","6","0","0","0","0","0","0","0","0","","0","0","0","0","3","1","","5","0","40 03:08.339","","0","75 00:28.750","3","0","0","1","67301","0","0","0","N","0","0","0","2","67301","0","","1.0","","1","N","N","N","0","","1","0","0","3","2","","42","2","1","0","0","0","0","0","2","0","2","0","0","0","3","03","","N","","","","","","","","","",""
"2022117420","1336","2","0","0","0","0","0","0","0","0","4","0","","67","12","2022","1","40.057611","-75.154917","1328","6","0","0","0","0","0","1","0","1","","0","0","0","12","1","2","","2","0","40 03:27.400","","0","75 09:17.700","3","0","0","0","67301","0","0","0","N","0","0","0","4","67301","0","","1.0","","9","N","N","N","0","","2","0","0","3","3","","1200","2","2","0","0","0","0","2","2","0","2","0","0","0","7","","","N","","","","","","","","","",""
"2022102941","1625","0","0","0","0","0","0","0","0","0","1","0","","67","11","2022","3","39.921412","-75.191569","1620","6","0","0","0","0","0","1","0","0","","0","0","0","16","1","0","N","0","0","39 55:17.083","","0","75 11:29.648","0","0","0","0","67301","0","0","0","N","0","0","0","2","67301","0","","1.0","","1","N","N","N","0","","0","0","2","0","0","","1615","2","0","2","0","0","0","0","2","0","2","0","0","0","3","04","","N","","","","","","","","","",""
"2022097735","1700","0","0","0","0","0","0","0","0","0","5","0","","67","10","2022","7","39.892665","-75.235008","1653","6","0","0","0","0","0","0","0","0","","0","0","0","16","1","0","N","0","2","39 53:33.595","2","0","75 14:06.027","0","0","0","0","67301","0","0","0","Y","0","0","0","2","68K01","0","","1.0","1830.0","1","N","N","N","0","","0","0","2","0","0","N","1651","2","0","0","0","0","0","0","2","0","2","0","0","0","3","","","N","","","","","","","","","",""
"2022093616","0948","0","0","0","0","0","0","0","0","0","7","0","","67","10","2022","6","40.000648","-75.08575","0939","6","0","0","0","0","0","0","0","0","","0","0","0","8","1","0","N","0","1","40 00:02.332","1","2","75 05:08.701","0","0","0","0","67301","0","0","0","N","0","0","0","1","68K01","0","","4.0","1000.0","1","N","N","N","0","","0","0","1","0","0","N","848","1","0","0","0","0","0","0","2","0","1","0","0","0","3","","","N","","","","","","","","","",""
"2022116991","1315","0","0","0","0","0","0","1","0","0","5","1","","67","11","2022","3","39.955401","-75.171142","1300","6","0","0","0","0","0","0","0","0","","0","0","0","13","1","2","","1","1","39 57:19.443","4","0","75 10:16.111","4","0","0","0","67301","0","0","0","N","0","0","0","3","67508","2","","1.0","9999.0","1","N","N","Y","0","","0","0","1","3","2","N","1300","2","2","1","0","0","0","0","2","0","2","0","0","0","3","03","","N","","","","","","","","","",""
"2022112229","1030","2","0","0","0","0","0","0","0","0","4","0","","67","11","2022","2","39.957931","-75.164145","1025","6","0","0","0","0","0","1","0","0","","0","0","0","10","1","2","","5","0","39 57:28.550","","2","75 09:50.921","4","0","0","0","67301","0","0","0","N","0","0","0","2","67301","2","","1.0","","1","N","N","N","0","","0","0","0","3","2","","1020","2","2","1","0","0","0","0","2","0","2","0","0","0","3","03","","N","","","","","","","","","",""
"2022113615","0748","1","0","0","0","0","0","0","0","0","4","0","","67","11","2022","2","40.03577","-75.033026","0735","6","0","0","0","0","0","0","0","0","","0","0","0","7","1","2","","1","0","40 02:08.772","","0","75 01:58.893","4","0","0","0","67301","0","0","0","N","0","0","0","2","67301","2","","1.0","","1","N","N","N","0","","0","0","1","3","3","","733","2","2","2","0","0","0","0","2","0","2","0","0","0","4","","","N","","","","","","","","","",""
"2022124230","1858","0","0","0","0","0","0","0","0","0","1","0","","67","12","2022","7","40.044889","-75.002083","1851","6","0","0","0","0","0","0","0","0","","0","0","0","18","3","1","N","0","0","40 02:41.600","","0","75 00:07.500","8","0","0","0","67301","0","0","0","N","0","0","0","4","68K01","0","","1.0","","1","N","N","N","0","","0","0","2","0","0","","1849","2","1","1","0","0","1","0","2","0","2","0","0","0","3","","","N","","","","","","","","","",""
"2022103317","1640","1","0","0","0","0","0","0","0","0","4","0","","67","11","2022","5","39.920292","-75.213503","1629","6","0","0","0","0","0","0","0","0","","0","0","0","15","1","1","N","0","0","39 55:13.050","","7","75 12:48.610","3","0","0","0","67301","0","0","0","N","0","0","0","2","67301","0","","1.0","","1","N","N","N","1","","1","0","0","0","0","","1546","2","1","0","0","0","0","1","2","0","2","0","0","0","3","04","","N","","","","","","","","","",""
"2022117052","0945","1","0","0","0","0","0","0","0","0","4","0","","67","11","2022","6","40.012123","-75.137131","0945","6","0","0","0","0","0","1","0","0","","0","0","0","12","1","1","","1","0","40 00:43.642","","0","75 08:13.671","8","0","0","0","67301","0","0","0","N","0","0","0","2","67301","0","","1.0","","1","N","N","N","0","","0","0","0","3","3","","1230","2","1","0","0","0","1","1","2","0","2","0","0","0","3","03","","N","","","","","","","","","",""
"2022103690","1200","0","0","0","0","0","0","0","0","0","0","0","","67","10","2022","6","40.06165","-75.235436","1155","6","0","0","0","0","0","0","0","0","","0","0","0","11","1","1","N","0","1","40 03:41.940","3","0","75 14:07.570","8","0","0","0","67301","0","0","0","N","0","0","0","1","67301","0","","1.0","1400.0","1","N","N","N","0","","0","0","1","0","0","Y","1150","2","1","0","0","0","1","0","2","1","2","0","0","0","3","03","","N","","","","","","","","","",""
"2022095345","0015","1","0","0","0","0","0","0","0","0","1","0","","67","10","2022","7","39.992716","-75.144674","0010","6","0","0","0","0","0","0","0","1","","0","0","0","23","3","3","Y","0","0","39 59:33.779","","0","75 08:40.825","4","0","0","0","67301","0","0","0","N","0","0","0","4","67301","2","","1.0","","1","N","N","N","0","","0","0","1","3","2","","2344","2","3","2","0","0","1","0","2","0","2","0","0","0","3","03","","N","","","","","","","","","",""
"2022105702","0100","1","0","0","0","0","0","0","0","0","7","0","","67","10","2022","7","39.961314","-75.182459","0053","6","0","0","0","0","0","0","0","0","","0","0","0","0","3","1","N","0","1","39 57:40.729","3","0","75 10:56.854","3","0","0","0","67301","0","0","0","N","0","0","0","2","68K01","0","","4.0","130.0","1","N","N","N","0","","1","0","1","0","0","N","52","2","1","0","0","0","0","0","2","0","2","0","0","0","3","","","N","","","","","","","","","",""
"2022110254","2103","2","0","0","0","0","0","0","0","0","5","0","","67","11","2022","1","40.020783","-75.125136","2103","6","0","0","0","0","0","0","0","0","","0","0","0","21","3","1","N","0","2","40 01:14.820","4","0","75 07:30.490","8","0","0","0","67301","0","0","0","N","0","0","0","2","67301","0","","6.0","1002.0","1","N","N","Y","0","","0","0","2","0","0","Y","2103","4","1","2","0","0","1","1","2","0","4","0","0","0","3","03","","N","","","","","","","","","",""
"2022108437","1020","0","0","0","0","0","0","0","0","0","8","0","","67","10","2022","2","39.955351","-75.199948","1017","6","0","0","0","0","0","0","0","0","","0","0","0","10","1","1","","1","0","39 57:19.264","","0","75 11:59.814","3","0","0","0","67301","1","0","0","N","1","0","0","2","67504","0","","1.0","","1","N","N","N","0","","1","0","1","3","2","","1017","2","1","0","0","0","0","0","2","0","1","1","0","0","3","03","","N","","","","","","","","","",""
"2022116659","2122","1","0","0","0","0","0","0","0","0","5","0","","67","11","2022","1","39.959221","-75.247451","2116","6","0","0","0","0","0","0","0","0","","0","0","0","20","3","2","N","0","0","39 57:33.197","","0","75 14:50.824","4","0","0","0","67301","0","0","0","N","0","0","0","3","67301","2","","1.0","","9","N","N","Y","0","","0","0","2","0","0","","2000","3","2","0","0","0","0","0","2","0","3","0","0","0","7","98","","N","","","","","","","","","",""
"2022119931","2210","0","0","0","0","0","0","0","0","0","7","0","","67","12","2022","4","40.061388","-75.168668","2208","6","0","0","0","0","0","0","1","0","","0","0","0","22","3","1","","1","0","40 03:40.995","","0","75 10:07.205","3","0","0","0","67301","0","0","0","N","0","0","0","1","67301","0","","5.0","","1","N","N","N","0","","1","0","1","3","3","","2205","1","1","0","0","0","0","0","2","0","1","0","0","0","3","","","N","","","","","","","","","",""
"2022112238","0107","2","0","0","0","0","0","0","0","0","4","0","","67","11","2022","1","39.924078","-75.245498","0047","6","0","0","0","0","0","1","0","0","","0","0","0","0","3","1","","1","0","39 55:26.681","","0","75 14:43.794","3","0","0","0","67301","0","0","0","N","0","0","0","2","67301","0","","1.0","","1","N","N","N","0","","1","0","0","3","2","","35","2","1","0","0","0","0","0","2","0","2","0","0","0","3","","","N","","","","","","","","","",""
"2022116718","0509","1","0","0","0","0","0","0","0","0","4","0","","67","12","2022","7","39.983444","-75.158556","0503","6","0","0","0","0","0","0","0","0","","0","0","0","5","3","1","","1","2","39 59:00.400","4","0","75 09:30.800","8","0","0","0","67301","0","0","0","N","0","0","0","8","67505","0","","1.0","630.0","1","N","N","N","0","","0","0","1","3","2","Y","503","2","1","2","0","0","1","5","2","0","2","0","0","0","3","","","N","","","","","","","","","",""
"2022118757","1015","1","0","0","0","0","0","0","0","0","1","0","","67","12","2022","7","40.000722","-75.227472","1006","6","0","0","0","0","0","1","0","0","","0","0","0","10","1","2","N","0","0","40 00:02.600","","0","75 13:38.900","8","0","0","0","67301","0","0","0","N","0","0","0","3","67301","0","","1.0","","1","N","N","N","0","","0","0","1","9","2","","1005","2","2","3","0","0","2","0","2","0","2","0","0","0","3","03","","N","","","","","","","","","",""
"2022112224","1543","0","0","0","0","0","0","0","0","0","1","0","","67","11","2022","4","40.065803","-75.025694","1543","6","0","0","0","0","0","0","0","0","","0","0","0","15","1","1","N","0","1","40 03:56.891","4","0","75 01:32.498","3","0","0","0","67301","0","0","0","N","0","0","0","1","67301","0","","6.0","1420.0","1","N","N","N","1","","1","0","1","0","0","N","1543","2","1","1","0","0","0","0","2","0","2","0","0","0","3","03","","N","","","","","","","","","",""
"2022123261","1830","1","0","0","0","0","0","0","0","0","7","0","","67","12","2022","7","39.936522","-75.219156","1824","6","0","0","0","1","0","0","0","0","","0","0","0","18","3","0","N","0","0","39 56:11.480","","0","75 13:08.960","0","0","0","0","67301","0","0","0","N","0","0","0","2","67301","0","","5.0","","1","N","N","N","0","","0","0","0","0","0","","1820","1","0","0","0","0","0","0","2","0","1","0","0","0","3","","","N","","","","","","","","","",""
"2022109359","1507","1","0","0","0","0","0","0","0","0","6","0","","67","11","2022","6","40.027167","-75.159242","1501","6","0","0","0","0","0","0","0","0","","0","0","0","15","1","0","N","0","2","40 01:37.800","5","0","75 09:33.270","9","0","0","0","67301","0","0","0","N","0","0","0","1","67301","0","","6.0","100.0","1","N","N","Y","0","","0","0","1","0","0","Y","1500","3","0","0","0","0","0","1","2","1","3","0","0","0","3","03","","N","","","","","","","","","",""
"2022118747","0745","1","0","0","0","0","0","0","0","0","4","0","","67","12","2022","4","40.100172","-74.976378","0737","6","0","0","0","0","0","1","0","0","","0","0","0","6","1","1","N","0","0","40 06:00.620","","0","74 58:34.960","3","0","0","0","67301","0","0","0","N","0","0","0","2","67301","0","","1.0","","1","N","N","N","0","","1","0","1","0","0","","634","2","1","0","0","0","0","0","2","0","2","0","0","0","3","03","","N","","","","","","","","","",""
"2022120893","0111","1","0","0","0","0","0","0","0","0","7","0","","67","12","2022","2","40.079989","-74.997289","0105","6","0","1","0","0","0","0","0","0","","0","0","0","0","3","1","","1","2","40 04:47.959","1","0","74 59:50.241","2","0","0","0","67301","0","0","0","N","0","0","0","1","67301","0","","4.0","300.0","1","N","N","N","0","","0","1","0","3","2","Y","54","1","1","1","0","1","0","0","2","0","1","0","0","0","3","","","N","","","","","","","","","",""
"2022123128","0321","2","0","0","0","0","0","0","0","0","1","0","","67","12","2022","1","40.030222","-75.06775","0315","6","0","0","0","0","1","0","0","0","","0","0","0","3","3","1","N","0","1","40 01:48.800","3","0","75 04:03.900","3","0","0","0","67301","0","0","0","N","0","0","0","2","67301","0","","1.0","500.0","1","N","N","N","0","","1","0","2","0","0","Y","311","6","1","0","0","0","0","0","2","2","6","0","0","0","3","03","","N","","","","","","","","","",""
"2022124697","1307","0","0","0","0","0","0","0","0","0","5","0","","67","12","2022","3","40.071907","-75.076893","1303","6","0","0","0","0","0","1","1","0","","0","0","0","18","3","1","N","0","0","40 04:18.866","","0","75 04:36.813","3","0","0","0","67301","0","0","0","N","0","0","0","2","67301","0","","1.0","","1","N","N","N","0","","1","0","2","0","0","","1800","2","1","0","0","0","0","0","2","0","2","0","0","0","3","03","","N","","","","","","","","","",""
"2022112216","0121","1","0","0","0","0","0","0","0","0","4","0","","67","11","2022","5","40.100464","-75.029855","0119","6","0","0","1","0","0","1","0","0","","0","0","0","1","3","1","","2","0","40 06:01.669","","0","75 01:47.478","3","0","0","0","67301","0","0","0","N","0","0","0","2","67301","0","","1.0","","1","N","N","N","0","","1","0","0","3","2","","119","2","1","0","0","0","0","0","2","1","2","0","0","0","3","03","","N","","","","","","","","","",""
"2022120915","0340","1","0","0","0","0","0","0","0","0","4","0","","67","12","2022","1","40.043758","-75.14443","0340","6","0","0","0","0","0","0","0","0","","0","0","0","2","3","0","","2","0","40 02:37.530","","0","75 08:39.949","9","0","0","0","67301","0","0","0","N","0","0","0","3","67301","0","","1.0","","1","N","N","N","0","","0","0","1","0","0","","230","2","0","0","0","0","0","1","2","0","2","0","0","0","3","","","N","","","","","","","","","",""
"2022112199","2340","1","0","0","0","0","0","0","0","0","4","0","","67","11","2022","1","40.038305","-75.075365","2338","6","0","0","0","0","0","0","0","0","","0","0","0","23","3","1","","1","0","40 02:17.897","","0","75 04:31.313","3","0","0","0","67301","0","0","0","N","0","0","0","2","67301","0","","1.0","","9","N","N","N","0","","1","0","1","3","2","","2333","2","1","0","0","0","0","0","2","0","2","0","0","0","3","","","N","","","","","","","","","",""
"2022123031","0525","1","0","0","0","0","0","0","0","0","5","0","","67","12","2022","7","40.042547","-75.128944","0523","6","0","0","0","0","0","0","0","0","","0","0","0","3","3","0","N","0","0","40 02:33.170","","0","75 07:44.200","9","0","0","0","67301","0","0","0","N","0","0","0","1","67301","0","","6.0","","1","N","N","N","0","","0","0","0","0","0","","340","2","0","0","0","0","0","1","2","0","2","0","0","0","3","03","","N","","","","","","","","","",""
"2022125229","1551","0","0","0","0","0","0","0","0","0","1","0","","67","12","2022","6","40.013915","-75.067097","1522","6","0","0","0","0","0","0","1","0","","0","0","0","15","1","0","N","0","0","40 00:50.093","","0","75 04:01.550","9","0","0","0","67301","0","0","0","N","0","0","0","2","67301","0","","1.0","","1","N","N","N","1","","0","0","0","0","0","","1513","2","0","0","0","0","0","1","2","1","2","0","0","0","3","03","","N","","","","","","","","","",""
"2022112226","0905","1","0","1","0","0","0","0","0","0","7","0","","67","11","2022","6","40.086788","-74.971843","0904","6","0","0","1","0","0","0","0","0","","0","0","0","8","5","1","","1","0","40 05:12.438","","0","74 58:18.635","2","0","0","0","67301","0","0","0","N","0","0","0","2","67301","0","","4.0","","9","N","N","N","0","","0","1","0","3","2","","855","1","1","0","0","0","0","0","2","0","1","0","0","0","7","07","","N","","","","","","","","","",""
"2022120483","1029","0","0","0","0","0","0","0","0","0","4","0","","67","12","2022","7","40.071278","-75.038333","1028","6","0","0","0","0","0","0","0","0","","0","0","0","10","1","0","","1","0","40 04:16.600","","0","75 02:18.000","9","0","0","0","67301","0","0","0","N","0","0","0","2","67301","0","","1.0","","1","N","N","N","0","","0","0","2","3","8","","1028","2","0","0","0","0","0","1","2","0","2","0","0","0","3","","","N","","","","","","","","","",""
"2022119040","2230","2","0","0","0","0","0","0","0","0","4","0","","67","12","2022","4","40.021474","-75.148578","2230","6","0","0","0","0","0","0","0","0","","0","0","0","21","3","0","","1","0","40 01:17.307","","0","75 08:54.881","9","0","0","0","67301","0","0","0","N","0","0","0","3","67301","0","","1.0","","1","N","N","N","0","","0","0","0","3","2","","2100","2","0","0","0","0","0","1","2","0","2","0","0","0","3","","","N","","","","","","","","","",""
"2022121516","2047","0","0","0","0","0","0","0","0","0","4","0","","67","12","2022","2","39.9471","-75.146364","2040","6","0","0","0","0","0","1","0","0","","0","0","0","20","3","0","","1","1","39 56:49.560","1","0","75 08:46.912","0","0","0","0","67301","0","0","0","N","0","0","0","2","67301","0","","1.0","2130.0","1","N","N","N","0","","0","0","2","3","2","N","2039","2","0","0","0","0","0","0","2","0","2","0","0","0","3","03","","N","","","","","","","","","",""
"2022125064","1244","1","0","0","0","0","0","0","0","0","7","0","","67","12","2022","6","39.912472","-75.173944","1244","6","0","0","0","0","0","0","0","0","","0","0","0","12","1","0","","7","2","39 54:44.900","3","8","75 10:26.200","0","0","0","0","67301","0","0","0","N","0","0","0","2","67501","0","","7.0","1308.0","1","N","N","N","0","","0","0","0","0","0","Y","1234","1","0","0","0","0","0","0","2","0","1","0","0","0","3","","","N","","","","","","","","","",""
"2022124831","1728","1","0","0","0","0","0","0","0","0","8","0","","67","12","2022","4","40.057655","-75.16607","1724","6","0","0","0","0","0","1","0","0","","0","0","0","17","3","3","","1","0","40 03:27.557","","0","75 09:57.853","8","0","0","0","67301","4","0","0","N","4","0","0","5","67301","0","","1.0","","1","N","N","N","0","","0","0","0","3","2","","1721","5","3","0","0","0","3","1","2","0","1","4","0","0","3","","","N","","","","","","","","","",""
"2022125115","1306","1","0","0","0","0","0","0","0","0","4","0","","67","12","2022","6","40.002009","-75.156126","1259","6","0","0","0","0","0","1","0","0","","0","0","0","12","1","1","","1","0","40 00:07.234","","0","75 09:22.054","8","0","0","0","67301","0","0","0","N","0","0","0","2","67301","0","","1.0","","1","N","N","N","0","","0","0","1","3","2","","1259","2","1","2","0","0","1","0","2","0","2","0","0","0","3","03","","N","","","","","","","","","",""
"2022113617","2325","1","0","0","0","0","0","0","0","0","4","0","","67","11","2022","3","40.02773","-75.10997","2325","6","0","0","0","0","0","0","0","0","","0","0","0","21","3","1","","1","0","40 01:39.827","","0","75 06:35.893","3","0","0","0","67301","0","0","0","N","0","0","0","2","67301","0","","1.0","","1","N","N","N","0","","1","0","0","3","2","","2102","2","1","0","0","0","0","0","2","1","2","0","0","0","3","03","","N","","","","","","","","","",""
"2022122218","1655","1","0","0","0","0","0","0","0","0","1","0","","67","12","2022","4","39.941549","-75.238025","1655","6","0","0","0","0","0","2","0","0","","0","0","0","16","3","2","","2","0","39 56:29.575","","0","75 14:16.891","8","0","0","0","67301","0","0","0","N","0","0","0","3","67301","0","","1.0","","1","N","N","N","0","","0","0","1","0","0","","1655","2","2","0","0","0","2","0","2","0","2","0","0","0","3","03","","N","","","","","","","","","",""
"2022117884","2330","1","0","0","0","0","0","0","0","0","1","0","","67","12","2022","7","40.047056","-75.091056","2326","6","0","0","0","0","0","1","0","0","","0","0","0","23","3","0","","1","0","40 02:49.400","","0","75 05:27.800","0","0","0","0","67301","0","0","0","N","0","0","0","3","67301","0","","1.0","","1","N","N","N","0","","0","0","2","3","2","","2322","3","0","0","0","0","0","0","2","0","3","0","0","0","3","","","N","","","","","","","","","",""
"2022122228","0908","1","0","0","0","0","0","0","0","0","5","0","","67","12","2022","5","39.989944","-75.127125","0906","6","0","0","0","0","0","0","0","0","","0","0","0","8","1","0","N","0","0","39 59:23.800","","0","75 07:37.650","0","0","0","0","67301","0","0","0","N","0","0","0","1","67301","0","","6.0","","1","N","N","N","0","","0","0","1","0","0","","845","2","0","1","0","0","0","0","2","0","2","0","0","0","4","04","","N","","","","","","","","","",""
"2022110553","1003","2","0","0","0","0","0","0","0","0","5","0","","67","11","2022","2","40.038828","-75.035093","1003","6","0","0","0","0","0","0","0","0","","0","0","0","10","1","1","N","0","0","40 02:19.781","","0","75 02:06.333","3","0","0","0","67301","0","0","0","N","0","0","0","1","67301","0","","6.0","","1","N","N","Y","0","","1","0","1","0","0","","1000","3","1","0","0","0","0","0","2","0","3","0","0","0","3","03","","N","","","","","","","","","",""
"2022123655","1330","1","0","0","0","0","0","0","0","0","4","0","","67","12","2022","7","40.037203","-75.053008","1324","6","0","0","0","1","0","1","0","0","","0","0","0","13","1","2","","1","1","40 02:13.930","3","0","75 03:10.828","3","0","0","0","67301","0","0","0","N","0","0","0","4","67301","0","","1.0","20.0","1","N","N","N","0","","2","0","0","3","2","Y","1302","2","2","0","0","0","0","0","2","1","2","0","0","0","3","03","","N","","","","","","","","","",""
"2022109487","1053","1","0","0","0","0","0","0","0","0","4","0","","67","11","2022","1","39.97699","-75.155999","1051","6","0","0","0","0","0","0","0","0","","0","0","0","10","1","0","","1","0","39 58:37.164","","0","75 09:21.596","0","0","0","0","67301","0","0","0","N","0","0","0","4","67505","0","","1.0","","1","","","N","0","","0","0","1","3","2","","1045","2","0","0","0","0","0","0","2","0","2","0","0","0","3","03","","N","","","","","","","","","",""
"2022124943","1835","1","0","0","0","0","0","0","0","0","5","0","","67","12","2022","5","39.961646","-75.191165","1830","6","0","0","0","0","0","1","0","0","","0","0","0","18","3","0","N","0","1","39 57:41.925","2","0","75 11:28.194","0","0","0","0","67301","0","0","0","N","0","0","0","2","67507","0","","1.0","1930.0","1","N","","N","0","","0","0","1","0","0","N","1825","2","0","1","0","0","0","0","2","0","2","0","0","0","3","03","","N","","","","","","","","","",""
"2022110573","1337","1","0","0","0","0","0","0","0","0","1","0","","67","11","2022","1","40.025489","-75.125437","1337","6","0","0","0","0","1","1","0","0","","0","0","0","9","1","2","","1","0","40 01:31.761","","0","75 07:31.573","3","0","0","0","67301","0","0","0","N","0","0","0","3","67301","0","","1.0","","1","N","N","N","0","","2","0","1","3","2","","925","2","2","0","0","0","0","0","2","0","2","0","0","0","3","","","N","","","","","","","","","",""
"2022119035","0526","0","0","0","0","0","0","0","0","0","4","0","","67","12","2022","7","40.029417","-75.12475","0526","6","0","0","0","0","0","0","0","0","","0","0","0","5","3","1","","1","1","40 01:45.900","6","6","75 07:29.100","3","0","0","0","67301","0","0","0","N","0","0","0","2","67301","0","","1.0","615.0","1","N","N","N","0","","1","0","2","3","2","Y","500","2","1","0","0","0","0","0","2","0","2","0","0","0","3","03","","N","","","","","","","","","",""
"2022112394","1510","1","0","0","0","0","0","0","0","0","4","0","","67","11","2022","6","39.956858","-75.147483","1500","6","0","0","0","0","0","1","0","0","","0","0","0","13","1","0","","1","0","39 57:24.688","","0","75 08:50.938","9","0","0","0","67301","0","0","0","N","0","0","0","2","67301","0","","1.0","","1","N","N","N","0","","0","0","1","3","3","","1304","2","0","0","0","0","0","1","2","0","2","0","0","0","3","03","","N","","","","","","","","","",""
"2022122223","2335","0","0","0","0","0","0","0","0","0","4","0","","67","12","2022","4","39.967819","-75.241578","2333","6","0","0","0","0","0","1","0","0","","0","0","0","23","3","1","N","0","0","39 58:04.150","","0","75 14:29.680","8","0","0","0","67301","0","0","0","N","0","0","0","4","67301","0","","1.0","","1","N","N","N","1","","0","0","2","0","0","","2313","3","1","0","0","0","1","1","2","0","3","0","0","0","3","03","","N","","","","","","","","","",""
"2022120900","1300","1","0","0","0","0","0","0","0","0","4","0","","67","11","2022","3","39.995327","-75.231378","1250","6","0","0","0","0","0","0","0","0","","0","0","0","12","1","1","","1","0","39 59:43.177","","0","75 13:52.960","3","0","0","0","67301","0","0","0","N","0","0","0","3","67301","0","","1.0","","1","N","N","N","0","","1","0","1","3","3","","1244","2","1","0","0","0","0","0","2","0","2","0","0","0","3","","","N","","","","","","","","","",""
"2022123669","2354","1","0","0","0","0","0","0","0","0","5","0","","67","11","2022","7","39.988364","-75.169464","2354","6","0","0","0","0","0","0","0","0","","0","0","0","23","3","0","N","0","0","39 59:18.110","","0","75 10:10.070","9","0","0","0","67301","0","0","0","N","0","0","0","1","67301","0","","6.0","","1","N","N","N","0","","0","0","0","0","0","","2310","2","0","1","0","0","0","1","2","1","2","0","0","0","3","03","","N","","","","","","","","","",""
"2022124485","1627","0","0","0","0","0","0","0","0","0","1","0","","67","12","2022","3","39.95161","-75.163656","1620","6","0","0","0","0","0","0","0","0","","0","0","0","15","1","0","","2","0","39 57:05.795","","0","75 09:49.162","0","0","0","0","67301","0","0","0","N","0","0","0","2","67301","0","","1.0","","1","N","N","N","1","","0","0","1","3","2","","1545","2","0","0","0","0","0","0","2","0","2","0","0","0","3","03","","N","","","","","","","","","",""
"2022122655","1325","2","0","0","0","0","0","0","0","0","4","0","","67","12","2022","4","40.054833","-75.157163","1325","6","0","0","0","0","0","0","0","0","","0","0","0","13","1","2","Y","0","0","40 03:17.398","","0","75 09:25.787","3","0","0","0","67301","0","0","0","N","0","0","0","4","67301","0","","1.0","","1","N","N","N","0","","2","0","0","3","2","","1320","2","2","0","0","0","0","1","2","0","2","0","0","0","3","03","","N","","","","","","","","","",""
"2022124494","2305","1","0","0","0","0","0","0","0","0","7","0","","67","12","2022","1","40.004444","-75.07525","2300","6","0","0","0","0","0","0","0","0","","0","0","0","17","3","0","N","0","0","40 00:16.000","","0","75 04:30.900","0","0","0","0","67301","0","0","0","N","0","0","0","1","67301","0","","4.0","","1","N","N","N","0","","0","0","0","0","0","","1748","1","0","1","0","0","0","0","2","0","1","0","0","0","3","03","","N","","","","","","","","","",""