"CRN","ARRIVAL_TM","AUTOMOBILE_COUNT","BELTED_DEATH_COUNT","BELTED_SUSP_SERIOUS_INJ_COUNT","BICYCLE_COUNT","BICYCLE_DEATH_COUNT","BICYCLE_SUSP_SERIOUS_INJ_COUNT","BUS_COUNT","CHLDPAS_DEATH_COUNT","CHLDPAS_SUSP_SERIOUS_INJ_COUNT","COLLISION_TYPE","COMM_VEH_COUNT","CONS_ZONE_SPD_LIM","COUNTY","CRASH_MONTH","CRASH_YEAR","DAY_OF_WEEK","DEC_LATITUDE","DEC_LONGITUDE","DISPATCH_TM","DISTRICT","DRIVER_COUNT_16YR","DRIVER_COUNT_17YR","DRIVER_COUNT_18YR","DRIVER_COUNT_19YR","DRIVER_COUNT_20YR","DRIVER_COUNT_50_64YR","DRIVER_COUNT_65_74YR","DRIVER_COUNT_75PLUS","EST_HRS_CLOSED","FATAL_COUNT","HEAVY_TRUCK_COUNT","HORSE_BUGGY_COUNT","HOUR_OF_DAY","ILLUMINATION","INJURY_COUNT","INTERSECTION_RELATED","INTERSECT_TYPE","LANE_CLOSED","LATITUDE","LN_CLOSE_DIR","LOCATION_TYPE","LONGITUDE","MAX_SEVERITY_LEVEL","MCYCLE_DEATH_COUNT","MCYCLE_SUSP_SERIOUS_INJ_COUNT","MOTORCYCLE_COUNT","MUNICIPALITY","NONMOTR_COUNT","NONMOTR_DEATH_COUNT","NONMOTR_SUSP_SERIOUS_INJ_COUNT","NTFY_HIWY_MAINT","PED_COUNT","PED_DEATH_COUNT","PED_SUSP_SERIOUS_INJ_COUNT","PERSON_COUNT","POLICE_AGCY","POSSIBLE_INJ_COUNT","RDWY_SURF_TYPE_CD","RELATION_TO_ROAD","ROADWAY_CLEARED","ROAD_CONDITION","SCH_BUS_IND","SCH_ZONE_IND","SECONDARY_CRASH","SMALL_TRUCK_COUNT","SPEC_JURIS_CD","SUSP_MINOR_INJ_COUNT","SUSP_SERIOUS_INJ_COUNT","SUV_COUNT","TCD_FUNC_CD","TCD_TYPE","TFC_DETOUR_IND","TIME_OF_DAY","TOTAL_UNITS","TOT_INJ_COUNT","UNBELTED_OCC_COUNT","UNB_DEATH_COUNT","UNB_SUSP_SERIOUS_INJ_COUNT","UNK_INJ_DEG_COUNT","UNK_INJ_PER_COUNT","URBAN_RURAL","VAN_COUNT","VEHICLE_COUNT","VULNERABLE_ROAD_USER_COUNT","VULNERABLE_ROAD_USER_DEATH_COUNT","VULNERABLE_ROAD_USER_SER_INJ_COUNT","WEATHER1","WEATHER2","WORKERS_PRES","WORK_ZONE_IND","WORK_ZONE_LOC","WORK_ZONE_TYPE","WZ_CLOSE_DETOUR","WZ_FLAGGER","WZ_LAW_OFFCR_IND","WZ_LN_CLOSURE","WZ_MOVING","WZ_OTHER","WZ_SHLDER_MDN","WZ_WORKERS_INJ_KILLED"
"2022104147","2020","2","0","0","0","0","0","0","0","0","4","0","","67","10","2022","7","39.951162","-75.207128","2015","6","0","0","0","0","0","1","1","0","","0","0","0","19","3","2","","1","0","39 57:04.183","","0","75 12:25.660","4","0","0","0","67301","0","0","0","N","0","0","0","2","67301","2","","1.0","","1","N","N","N","0","","0","0","0","3","3","","1915","2","2","0","0","0","0","0","2","0","2","0","0","0","3","98","","N","","","","","","","","","",""
"2022100957","0110","0","0","0","0","0","0","0","0","0","8","0","","67","10","2022","3","39.956479","-75.221585","0100","6","0","0","0","0","0","0","0","0","","0","0","0","22","3","2","","1","0","39 57:23.323","","0","75 13:17.707","3","0","0","0","67301","2","0","0","N","2","0","0","3","67301","0","","1.0","","9","N","N","N","0","","2","0","1","3","2","","2230","3","2","0","0","0","0","1","2","0","1","2","0","0","98","05","","N","","","","","","","","","",""
"2022094885","1042","1","0","0","0","0","0","0","0","0","8","0","","67","10","2022","4","40.045637","-75.128489","1040","6","0","0","0","0","0","0","0","0","","0","0","0","9","1","1","","1","0","40 02:44.292","","0","75 07:42.562","3","0","0","0","67301","1","0","0","N","1","0","0","2","67301","0","","1.0","","1","N","N","N","0","","1","0","0","3","2","","900","2","1","0","0","0","0","0","2","0","1","1","0","0","3","03","","N","","","","","","","","","",""
"2022122936","1114","0","0","0","0","0","0","0","0","0","8","0","","67","12","2022","2","39.954826","-75.217894","1059","6","0","0","0","0","0","0","0","0","","0","0","0","8","1","1","","1","0","39 57:17.373","","0","75 13:04.418","3","0","0","0","67301","1","0","0","N","1","0","0","2","67301","0","","1.0","","1","N","Y","N","0","","1","0","0","3","2","","814","2","1","0","0","0","0","1","2","0","1","1","0","0","3","","","N","","","","","","","","","",""
"2022110107","0010","1","0","0","0","0","0","0","0","0","4","0","","67","11","2022","3","39.977806","-75.162221","0010","6","0","0","0","0","0","0","0","0","","0","0","0","0","3","1","","1","1","39 58:40.101","4","0","75 09:43.997","8","0","0","0","67301","0","0","0","N","0","0","0","4","67505","0","","1.0","40.0","1","N","N","N","0","","0","0","1","3","3","Y","10","2","1","2","0","0","1","1","2","0","2","0","0","0","3","03","","N","","","","","","","","","",""
"2022117053","1446","2","0","0","0","0","0","0","0","0","4","0","","67","11","2022","3","40.001107","-75.124741","1446","6","0","0","0","0","1","0","0","0","","0","0","0","14","1","1","","1","1","40 00:03.985","7","0","75 07:29.066","8","0","0","0","67301","0","0","0","N","0","0","0","2","67301","0","","1.0","1500.0","1","N","N","N","0","","0","0","0","3","2","N","1445","2","1","0","0","0","1","1","2","0","2","0","0","0","3","03","","N","","","","","","","","","",""
"2022124474","0902","1","0","0","0","0","0","0","0","0","4","0","","67","12","2022","4","40.056076","-75.064027","0901","6","0","0","0","0","0","2","0","0","","0","0","0","9","1","2","","1","0","40 03:21.873","","0","75 03:50.497","3","0","0","0","67301","0","0","0","N","0","0","0","2","67301","1","","1.0","","2","N","N","N","0","","1","0","1","3","2","","900","2","2","0","0","0","0","0","2","0","2","0","0","0","3","","","N","","","","","","","","","",""
"2022118176","1215","1","0","0","0","0","0","0","0","0","4","0","","67","12","2022","7","40.028694","-75.11775","1215","6","0","0","0","0","0","0","1","0","","0","0","0","22","3","2","","1","0","40 01:43.300","","0","75 07:03.900","4","0","0","0","67301","0","0","0","N","0","0","0","2","67301","1","","1.0","","1","N","N","N","0","","0","0","0","3","2","","2200","2","2","1","0","0","1","0","2","1","2","0","0","0","3","04","","N","","","","","","","","","",""
"2022123032","1643","1","0","0","0","0","0","0","0","0","5","0","","67","12","2022","7","40.027808","-75.114811","1641","6","0","0","0","0","0","0","0","0","","0","0","0","12","1","0","N","0","0","40 01:40.110","","0","75 06:53.320","9","0","0","0","67301","0","0","0","N","0","0","0","1","67301","0","","6.0","","1","N","N","N","0","","0","0","2","0","0","","1230","3","0","0","0","0","0","1","2","0","3","0","0","0","3","03","","N","","","","","","","","","",""
"2022123923","0253","3","0","0","0","0","0","0","0","0","1","0","","67","12","2022","7","39.921639","-75.149972","0252","6","0","0","1","0","0","0","0","0","","0","0","0","2","3","3","N","0","2","39 55:17.900","7","0","75 08:59.900","4","0","0","0","67301","0","0","0","N","0","0","0","5","67301","3","","1.0","400.0","1","N","N","N","0","","0","0","0","0","0","Y","245","3","3","5","0","0","0","0","2","0","3","0","0","0","3","03","","N","","","","","","","","","",""
"2022118593","2052","1","0","0","0","0","0","0","0","0","4","0","","67","12","2022","3","40.075469","-75.163817","2052","6","0","0","0","0","0","1","0","0","","0","0","0","20","3","3","","1","0","40 04:31.690","","0","75 09:49.740","3","0","0","0","67301","0","0","0","N","0","0","0","4","67301","0","","1.0","","1","N","N","N","0","","3","0","1","3","3","","2052","3","3","1","0","0","0","0","2","1","3","0","0","0","3","03","","N","","","","","","","","","",""
"2022112220","1925","2","0","0","0","0","0","0","0","0","2","0","","67","11","2022","1","40.061956","-75.014261","1917","6","0","0","0","0","0","0","0","1","","0","0","0","19","3","1","N","0","0","40 03:43.040","","0","75 00:51.340","3","0","0","0","67301","0","0","0","N","0","0","0","1","67301","0","","6.0","","1","N","N","N","0","","1","0","1","0","0","","1909","3","1","0","0","0","0","0","2","0","3","0","0","0","3","03","","N","","","","","","","","","",""
"2022119157","1555","1","0","0","0","0","0","0","0","0","7","0","","67","11","2022","1","40.032122","-75.021288","1544","6","0","0","0","0","0","1","0","0","","0","0","0","15","1","0","N","0","2","40 01:55.640","2","3","75 01:16.635","0","0","0","0","67301","0","0","0","N","0","0","0","2","68K01","0","","2.0","1615.0","9","N","N","N","0","","0","0","0","0","0","N","1537","1","0","0","0","0","0","0","2","0","1","0","0","0","7","","","N","","","","","","","","","",""
"2022122781","1520","3","0","0","0","0","0","0","0","0","4","0","","67","12","2022","5","40.031295","-75.066206","1510","6","0","0","0","0","0","0","0","0","","0","0","0","15","1","1","","1","0","40 01:52.663","","0","75 03:58.341","3","0","0","0","67301","0","0","0","N","0","0","0","2","67301","0","","1.0","","9","N","N","N","2","","1","0","0","3","3","","1500","5","1","0","0","0","0","1","2","0","5","0","0","0","7","","","N","","","","","","","","","",""
"2022124955","1813","0","0","0","0","0","0","0","0","0","1","0","","67","12","2022","4","40.039402","-75.007673","1809","6","0","0","0","0","1","0","0","0","","0","0","0","18","3","1","N","0","0","40 02:21.848","","0","75 00:27.623","8","0","0","0","67301","0","0","0","N","0","0","0","2","68K01","0","","1.0","","1","N","N","N","0","","0","0","2","0","0","","1803","2","1","0","0","0","1","0","2","0","2","0","0","0","3","","","N","","","","","","","","","",""
"2022123262","0644","1","0","0","0","0","0","0","0","0","1","0","","67","12","2022","7","39.953523","-75.185273","0641","6","0","0","0","0","0","1","0","0","","0","0","0","6","3","2","","2","1","39 57:12.684","3","0","75 11:06.982","8","0","0","0","67301","0","0","0","N","0","0","0","4","67301","0","","1.0","700.0","1","N","N","N","0","","0","0","0","3","2","N","640","2","2","0","0","0","2","1","2","1","2","0","0","0","3","03","","N","","","","","","","","","",""
"2022112249","0917","2","0","0","0","0","0","0","0","0","4","0","","67","11","2022","3","40.007166","-75.091089","0916","6","0","0","0","0","0","1","0","0","","0","0","0","9","1","1","N","0","0","40 00:25.799","","0","75 05:27.919","3","0","0","0","67301","0","0","0","N","0","0","0","2","67301","0","","1.0","","1","N","N","N","0","","1","0","0","0","0","","913","2","1","0","0","0","0","0","2","0","2","0","0","0","3","03","","N","","","","","","","","","",""
"2022113759","0228","2","0","0","0","0","0","0","0","0","4","0","","67","12","2022","5","40.028791","-75.132182","0227","6","0","0","0","0","0","0","0","0","","0","0","0","2","3","2","","1","0","40 01:43.647","","0","75 07:55.855","8","0","0","0","67301","0","0","0","N","0","0","0","3","67301","0","","1.0","","1","N","N","N","0","","0","0","1","3","2","","223","3","2","2","0","0","2","0","2","0","3","0","0","0","3","03","","N","","","","","","","","","",""
"2022122928","2107","2","0","0","0","0","0","0","0","0","1","0","","67","12","2022","1","39.957472","-75.223389","2107","6","0","0","0","0","0","0","0","0","","0","0","0","21","3","1","","1","0","39 57:26.900","","0","75 13:24.200","3","0","0","0","67301","0","0","0","N","0","0","0","2","67301","0","","1.0","","9","N","N","N","0","","1","0","1","3","3","","2102","3","1","0","0","0","0","1","2","0","3","0","0","0","7","07","","N","","","","","","","","","",""
"2022122414","1046","1","0","0","0","0","0","0","0","0","4","0","","67","12","2022","5","40.004691","-75.176907","1045","6","0","0","0","0","0","0","0","0","","0","0","0","10","1","1","","1","0","40 00:16.889","","0","75 10:36.864","3","0","0","0","67301","0","0","0","N","0","0","0","2","67301","0","","1.0","","9","N","N","N","0","","1","0","0","3","2","","1043","2","1","0","0","0","0","0","2","1","2","0","0","0","7","07","","N","","","","","","","","","",""
"2022098258","0028","1","0","0","0","0","0","0","0","0","1","0","","67","10","2022","7","40.030196","-75.211523","0020","6","0","0","0","0","0","0","0","0","","0","0","0","0","3","1","Y","0","0","40 01:48.704","","0","75 12:41.482","3","0","0","0","67301","0","0","0","N","0","0","0","2","67301","0","","1.0","","1","N","N","N","0","","1","0","1","3","2","","0","2","1","0","0","0","0","0","2","0","2","0","0","0","3","03","","N","","","","","","","","","",""
"2022112219","2108","1","0","0","0","0","0","0","0","0","1","0","","67","11","2022","5","40.127984","-75.013933","2108","6","0","0","0","0","0","3","0","0","","0","0","0","21","3","0","N","0","1","40 07:40.741","1","0","75 00:50.157","0","0","0","0","67301","0","0","0","N","0","0","0","4","67301","0","","1.0","2113.0","1","N","N","N","0","","0","0","3","0","0","Y","2107","4","0","0","0","0","0","0","2","0","4","0","0","0","3","","","N","","","","","","","","","",""
"2022121672","1641","0","0","0","0","0","0","0","0","0","7","0","","67","11","2022","4","40.026955","-75.026153","1631","6","0","0","0","0","0","0","0","0","","0","0","0","16","3","0","N","0","0","40 01:37.038","","0","75 01:34.152","0","0","0","0","67301","0","0","0","N","0","0","0","1","68K01","0","","3.0","","9","N","N","N","0","","0","0","0","0","0","","1628","1","0","1","0","0","0","0","2","1","1","0","0","0","7","","","N","","","","","","","","","",""
"2022122657","1527","0","0","0","0","0","0","0","0","0","8","0","","67","12","2022","5","40.052234","-75.175818","1527","6","0","0","0","0","0","0","0","0","","0","0","0","15","8","1","","1","0","40 03:08.041","","0","75 10:32.943","3","0","0","0","67301","1","0","0","N","1","0","0","2","67301","0","","1.0","","9","N","N","N","1","","1","0","0","3","2","","1500","2","1","1","0","0","0","1","2","0","1","1","0","0","7","04","","N","","","","","","","","","",""
"2022118592","1545","3","0","0","0","0","0","0","0","0","1","0","","67","12","2022","3","40.075722","-75.193722","1543","6","0","0","0","0","1","1","1","0","","0","0","0","15","1","0","N","0","1","40 04:32.600","2","0","75 11:37.400","0","0","0","0","67301","0","0","0","N","0","0","0","4","67301","0","","1.0","1655.0","1","N","N","N","0","","0","0","1","0","0","N","1543","4","0","0","0","0","0","0","2","0","4","0","0","0","3","03","","N","","","","","","","","","",""
"2022125114","1205","1","0","0","0","0","0","0","0","0","7","0","","67","12","2022","6","40.027838","-75.184234","1200","6","0","0","0","0","0","0","0","0","","0","0","0","12","1","0","","2","0","40 01:40.218","","0","75 11:03.244","0","0","0","0","67301","0","0","0","N","0","0","0","1","67301","0","","4.0","","1","N","N","N","0","","0","0","0","0","0","","1200","1","0","0","0","0","0","0","2","0","1","0","0","0","3","03","","N","","","","","","","","","",""
"2022097873","1835","1","0","0","0","0","0","0","0","0","4","0","","67","10","2022","5","40.134325","-75.009065","1835","6","0","0","0","0","0","1","0","0","","0","0","0","18","3","1","","1","0","40 08:03.571","","0","75 00:32.634","3","0","0","0","67301","0","0","0","N","0","0","0","3","67301","0","","1.0","","1","N","N","N","0","","1","0","2","3","2","","1828","3","1","0","0","0","0","0","2","0","3","0","0","0","3","03","","N","","","","","","","","","",""
"2022113745","0851","1","0","0","0","0","0","0","0","0","7","0","","67","11","2022","4","39.91984","-75.201452","0849","6","0","0","0","0","0","0","0","0","","0","0","0","8","1","1","N","0","0","39 55:11.423","","3","75 12:05.227","3","0","0","0","67301","0","0","0","N","0","0","0","2","67301","0","","3.0","","9","N","N","N","0","","1","0","0","0","0","","816","1","1","0","0","0","0","0","2","0","1","0","0","0","7","07","","N","","","","","","","","","",""
"2022119034","0331","1","0","0","0","0","0","0","0","0","2","0","","67","12","2022","7","39.971167","-75.121778","0330","6","0","0","0","0","0","1","0","0","","0","0","0","3","3","2","N","0","1","39 58:16.200","2","0","75 07:18.400","3","0","0","0","67301","0","0","0","N","0","0","0","4","67301","0","","1.0","645.0","1","N","N","N","0","","2","0","1","0","0","Y","330","2","2","0","0","0","0","0","2","0","2","0","0","0","3","03","","N","","","","","","","","","",""
"2022118316","1738","2","0","0","0","0","0","0","0","0","4","0","","67","12","2022","1","39.974699","-75.160484","1726","6","0","0","0","0","0","0","0","0","","0","0","0","15","8","0","","1","0","39 58:28.917","","0","75 09:37.744","0","0","0","0","67301","0","0","0","N","0","0","0","2","67301","0","","1.0","","9","N","N","N","0","","0","0","0","3","2","","1537","3","0","0","0","0","0","0","2","1","3","0","0","0","7","07","","N","","","","","","","","","",""
"2022114350","1802","1","0","0","0","0","0","0","0","0","7","0","","67","11","2022","2","39.997496","-75.169384","1801","6","1","0","0","0","0","0","0","0","","0","0","0","18","3","0","","1","2","39 59:50.985","7","0","75 10:09.782","0","0","0","0","67301","0","0","0","N","0","0","0","1","67301","0","","5.0","2057.0","1","N","N","N","0","","0","0","0","0","0","Y","1800","1","0","0","0","0","0","0","2","0","1","0","0","0","3","03","","N","","","","","","","","","",""
"2022112126","1728","1","0","0","0","0","0","0","0","0","1","0","","67","11","2022","3","39.973973","-75.118543","1707","6","0","0","0","0","0","1","0","0","","0","0","0","17","3","0","N","0","2","39 58:26.303","1","0","75 07:06.756","0","0","0","0","67301","0","0","0","N","0","0","0","2","68K01","0","","1.0","1735.0","1","N","N","N","0","","0","0","1","0","0","N","1705","2","0","0","0","0","0","0","2","0","2","0","0","0","3","","","N","","","","","","","","","",""
"2022124344","0123","0","0","0","0","0","0","0","0","0","7","0","","67","12","2022","2","39.912472","-75.174","0120","6","0","0","0","0","0","0","0","0","","0","0","0","1","3","1","","7","0","39 54:44.900","","8","75 10:26.400","4","0","0","0","67301","0","0","0","N","0","0","0","1","67501","1","","7.0","","1","N","N","N","0","","0","0","1","0","0","","120","1","1","0","0","0","0","0","2","0","1","0","0","0","3","03","","N","","","","","","","","","",""
"2022124493","0138","0","0","0","0","0","0","0","0","0","5","0","","67","12","2022","7","40.018206","-75.055419","0112","6","0","0","0","0","0","0","0","0","","0","0","0","0","3","0","N","0","2","40 01:05.540","7","0","75 03:19.510","0","0","0","0","67301","0","0","0","N","0","0","0","1","67301","0","","6.0","355.0","1","N","N","N","0","","0","0","2","0","0","N","59","3","0","1","0","0","0","0","2","1","3","0","0","0","3","03","","N","","","","","","","","","",""
"2022124330","0210","1","0","0","0","0","0","0","0","0","7","0","","67","12","2022","3","39.950458","-75.226856","0210","6","0","0","0","0","0","0","0","0","","0","0","0","2","3","1","","1","0","39 57:01.650","","0","75 13:36.680","2","0","0","0","67301","0","0","0","N","0","0","0","1","67301","0","","4.0","","1","N","N","N","0","","0","1","0","3","2","","200","1","1","1","0","1","0","0","2","0","1","0","0","0","3","03","","N","","","","","","","","","",""
"2022115855","0402","1","0","0","0","0","0","0","0","0","7","0","","67","11","2022","4","39.932086","-75.200051","0402","6","0","0","0","0","0","0","0","0","","0","0","0","3","3","0","N","0","1","39 55:55.511","3","0","75 12:00.182","0","0","0","0","67301","0","0","0","N","0","0","0","2","68K01","0","","3.0","410.0","1","N","N","N","0","","0","0","1","0","0","N","347","2","0","0","0","0","0","0","2","0","2","0","0","0","3","03","","N","","","","","","","","","",""
"2022112897","0818","1","0","0","0","0","0","0","0","0","4","0","","67","11","2022","5","39.973237","-75.212226","0814","6","0","0","0","0","0","0","0","0","","0","0","0","6","1","1","","1","0","39 58:23.653","","0","75 12:44.012","3","0","0","0","67301","0","0","0","N","0","0","0","2","67301","0","","1.0","","1","N","N","N","0","","1","0","0","3","2","","612","2","1","1","0","0","0","1","2","0","2","0","0","0","3","03","","N","","","","","","","","","",""
"2022118586","0740","1","0","0","0","0","0","0","0","0","4","0","","67","12","2022","2","39.923426","-75.237396","0738","6","0","0","0","1","0","0","0","0","","0","0","0","7","1","1","","2","0","39 55:24.333","","0","75 14:14.625","3","0","0","0","67301","0","0","0","N","0","0","0","5","67301","0","","1.0","","1","N","N","N","0","","1","0","1","0","0","","737","2","1","5","0","0","0","1","2","0","2","0","0","0","3","03","","N","","","","","","","","","",""
"2022122921","0440","3","0","0","0","0","0","0","0","0","4","0","","67","12","2022","6","40.014637","-75.069587","0437","6","0","0","0","0","0","0","0","0","","0","0","0","4","3","1","","1","1","40 00:52.693","1","0","75 04:10.513","3","0","0","0","67301","0","0","0","N","0","0","0","2","67301","0","","1.0","500.0","9","N","N","N","0","","1","0","1","3","3","N","415","5","1","1","0","0","0","0","2","1","5","0","0","0","7","","","N","","","","","","","","","",""
"2022110924","1120","3","0","0","0","0","0","0","0","0","4","0","","67","11","2022","7","40.031302","-75.041637","1117","6","0","0","1","0","0","0","0","0","","0","0","0","10","8","1","","1","0","40 01:52.688","","0","75 02:29.892","3","0","0","0","67301","0","0","0","N","0","0","0","2","67301","0","","1.0","","1","N","N","N","1","","1","0","1","3","3","","1050","5","1","0","0","0","0","0","2","0","5","0","0","0","3","03","","N","","","","","","","","","",""
"2022119738","1724","1","0","0","0","0","0","0","0","0","8","0","","67","12","2022","7","39.943028","-75.152139","1718","6","0","0","0","0","0","0","0","0","","0","0","0","17","3","1","","1","0","39 56:34.900","","0","75 09:07.700","3","0","0","0","67301","1","0","0","N","1","0","0","3","67301","0","","1.0","","1","N","N","N","0","","1","0","0","3","2","","1715","2","1","0","0","0","0","2","2","0","1","1","0","0","3","03","","N","","","","","","","","","",""
"2022110075","0339","1","0","0","0","0","0","0","0","0","7","0","","67","11","2022","1","39.902499","-75.224775","0338","6","0","0","0","0","0","0","0","0","","0","0","0","3","3","2","","2","0","39 54:08.998","","0","75 13:29.191","2","0","0","0","67301","0","0","0","N","0","0","0","2","67301","0","","4.0","","1","N","N","N","0","","0","2","0","3","2","","330","1","2","0","0","0","0","0","2","0","1","0","0","0","3","03","","N","","","","","","","","","",""
"2022124497","2138","1","0","0","0","0","0","0","0","0","1","0","","67","12","2022","3","40.055371","-75.047765","2137","6","0","0","0","0","0","0","0","1","","0","0","0","21","3","1","Y","0","1","40 03:19.335","1","0","75 02:51.954","3","0","0","0","67301","0","0","0","N","0","0","0","2","67301","0","","1.0","2200.0","1","N","N","N","0","","1","0","0","3","2","N","2118","2","1","0","0","0","0","0","2","1","2","0","0","0","3","","","N","","","","","","","","","",""
"2022097032","1700","2","0","0","0","0","0","0","0","0","4","0","","67","10","2022","1","39.974744","-75.138429","1700","6","0","0","0","0","0","0","0","0","","0","0","0","2","3","1","","1","0","39 58:29.078","","0","75 08:18.344","3","0","0","0","67301","0","0","0","N","0","0","0","2","67301","0","","1.0","","99","N","N","N","0","","1","0","0","3","2","","249","2","1","1","0","0","0","0","2","0","2","0","0","0","99","","","N","","","","","","","","","",""
"2022101607","1925","0","0","0","0","0","0","0","0","0","8","0","","67","10","2022","2","40.043291","-75.052235","1903","6","0","0","0","0","0","0","0","0","","0","0","0","18","3","1","","1","0","40 02:35.849","","0","75 03:08.046","3","0","0","0","67301","1","0","0","N","1","0","0","2","67301","0","","1.0","","9","N","N","N","0","","1","0","1","3","2","","1855","2","1","1","0","0","0","0","2","0","1","1","0","0","7","07","","N","","","","","","","","","",""
"2022098729","0600","0","0","0","0","0","0","0","0","0","5","0","","67","10","2022","1","39.928373","-75.23618","0555","6","0","0","0","0","0","0","0","0","","0","0","0","5","3","1","N","0","0","39 55:42.143","","0","75 14:10.249","3","0","0","0","67301","0","0","0","N","0","0","0","2","67301","0","","6.0","","1","N","N","N","1","","1","0","1","0","0","","553","2","1","0","0","0","0","0","2","0","2","0","0","0","3","03","","N","","","","","","","","","",""
"2022094161","0220","0","0","0","0","0","0","0","0","0","4","0","","67","10","2022","1","39.966549","-75.141693","0215","6","0","0","0","0","0","1","0","0","","0","0","0","2","3","1","","1","0","39 57:59.576","","0","75 08:30.094","4","0","0","0","67301","0","0","0","N","0","0","0","4","67301","1","","1.0","","1","N","N","N","0","","0","0","2","3","3","","200","2","1","0","0","0","0","0","2","0","2","0","0","0","3","03","","N","","","","","","","","","",""
"2022095074","2255","1","0","0","0","0","0","0","0","0","4","0","","67","10","2022","2","39.939674","-75.222944","2235","6","0","0","0","0","0","0","0","0","","0","0","0","22","3","4","","1","0","39 56:22.826","","0","75 13:22.598","3","0","0","0","67301","0","0","0","N","0","0","0","6","67508","2","","1.0","","1","N","N","Y","0","","2","0","0","3","2","","2235","2","4","1","0","0","0","0","2","0","2","0","0","0","3","03","","N","","","","","","","","","",""
"2022098748","2330","2","0","0","0","0","0","0","0","0","5","0","","67","10","2022","1","40.00035","-75.155825","2324","6","0","0","0","0","0","0","0","0","","0","0","0","23","3","0","N","0","0","40 00:01.260","","0","75 09:20.970","9","0","0","0","67301","0","0","0","N","0","0","0","1","67301","0","","6.0","","9","N","N","N","0","","0","0","1","0","0","","2320","3","0","0","0","0","0","1","2","0","3","0","0","0","7","","","N","","","","","","","","","",""
"2022094556","0852","1","0","0","0","0","0","0","0","0","7","0","","67","10","2022","1","39.912444","-75.173889","0852","6","0","0","1","0","0","0","0","0","","0","0","0","8","1","0","","7","1","39 54:44.800","1","8","75 10:26.000","0","0","0","0","67301","0","0","0","N","0","0","0","2","67501","0","","4.0","932.0","1","N","N","N","0","","0","0","0","0","0","N","842","1","0","0","0","0","0","0","2","0","1","0","0","0","3","03","","N","","","","","","","","","",""
"2022099879","0840","1","0","0","1","0","0","0","0","0","8","0","","67","10","2022","4","40.078583","-74.998083","0833","6","0","0","0","0","0","0","0","0","","0","0","0","7","1","1","N","0","0","40 04:42.900","","7","74 59:53.100","8","0","0","0","67301","1","0","0","N","0","0","0","2","67301","0","","1.0","","9","N","N","N","0","","0","0","0","0","0","","726","2","1","0","0","0","1","0","2","0","1","1","0","0","4","05","","N","","","","","","","","","",""
"2022100631","1555","1","0","0","1","0","0","0","0","0","4","0","","67","10","2022","7","39.951249","-75.199138","1550","6","0","0","0","0","0","0","1","0","","0","0","0","15","1","2","","1","0","39 57:04.496","","0","75 11:56.898","4","0","0","0","67301","2","0","0","N","1","0","0","5","67504","2","","1.0","","1","N","N","N","0","","0","0","0","3","2","","1540","4","2","0","0","0","0","1","2","0","2","2","0","0","3","03","","N","","","","","","","","","",""
"2022096767","1219","1","0","0","0","0","0","0","0","0","1","0","","67","10","2022","1","40.021778","-75.112557","1216","6","0","0","0","0","0","0","0","0","","0","0","0","12","1","1","N","0","0","40 01:18.401","","0","75 06:45.204","2","0","1","1","67301","0","0","0","N","0","0","0","2","67301","0","","1.0","","1","N","N","N","0","","0","1","0","0","0","","1210","3","1","0","0","0","0","1","2","1","3","0","0","0","3","","","N","","","","","","","","","",""
"2022098888","2145","3","0","0","0","0","0","0","0","0","4","0","","67","10","2022","6","39.924631","-75.181435","2140","6","0","0","0","0","0","0","0","0","","0","0","0","21","3","1","","1","0","39 55:28.671","","0","75 10:53.165","4","0","0","0","67301","0","0","0","N","0","0","0","2","67301","1","","1.0","","1","N","N","N","0","","0","0","2","3","3","","2138","5","1","0","0","0","0","1","2","0","5","0","0","0","3","","","N","","","","","","","","","",""
"2022098764","2304","1","0","0","0","0","0","0","0","0","4","0","","67","10","2022","2","39.954555","-75.181298","2304","6","0","0","0","0","0","1","0","0","","0","0","0","23","3","1","","1","1","39 57:16.399","4","0","75 10:52.674","8","0","0","0","67301","0","0","0","N","0","0","0","2","67507","0","","1.0","2330.0","1","N","N","N","0","","0","0","1","3","2","N","2304","2","1","0","0","0","1","1","2","0","2","0","0","0","3","","","N","","","","","","","","","",""
"2022099312","0930","0","0","0","0","0","0","0","0","0","8","0","","67","10","2022","3","39.919383","-75.170703","0921","6","0","0","0","0","0","0","0","0","","0","0","0","9","1","1","","1","0","39 55:09.777","","0","75 10:14.532","3","0","0","0","67301","1","0","0","N","1","0","0","2","67301","0","","1.0","","9","N","N","N","0","","1","0","1","3","2","","915","2","1","0","0","0","0","0","2","0","1","1","0","0","7","07","","N","","","","","","","","","",""
"2022101113","0815","0","0","0","0","0","0","0","0","0","8","0","","67","10","2022","3","40.020348","-75.114115","0812","6","0","0","0","0","0","0","1","0","","0","0","0","8","3","1","","1","0","40 01:13.253","","0","75 06:50.813","8","0","0","0","67301","1","0","0","N","1","0","0","2","67301","0","","1.0","","9","N","N","N","1","","0","0","0","3","2","","810","2","1","0","0","0","1","0","2","0","1","1","0","0","7","07","","N","","","","","","","","","",""
"2022098738","0320","1","0","0","0","0","0","0","0","0","4","0","","67","10","2022","1","40.020244","-75.114084","0308","6","0","0","0","0","0","0","0","0","","0","0","0","2","3","1","","1","0","40 01:12.880","","0","75 06:50.704","3","0","0","1","67301","0","0","0","N","0","0","0","2","67301","0","","1.0","","1","N","N","N","0","","1","0","0","3","2","","240","2","1","0","0","0","0","1","2","0","2","0","0","0","3","","","N","","","","","","","","","",""