"CRN","ARRIVAL_TM","AUTOMOBILE_COUNT","BELTED_DEATH_COUNT","BELTED_SUSP_SERIOUS_INJ_COUNT","BICYCLE_COUNT","BICYCLE_DEATH_COUNT","BICYCLE_SUSP_SERIOUS_INJ_COUNT","BUS_COUNT","CHLDPAS_DEATH_COUNT","CHLDPAS_SUSP_SERIOUS_INJ_COUNT","COLLISION_TYPE","COMM_VEH_COUNT","CONS_ZONE_SPD_LIM","COUNTY","CRASH_MONTH","CRASH_YEAR","DAY_OF_WEEK","DEC_LATITUDE","DEC_LONGITUDE","DISPATCH_TM","DISTRICT","DRIVER_COUNT_16YR","DRIVER_COUNT_17YR","DRIVER_COUNT_18YR","DRIVER_COUNT_19YR","DRIVER_COUNT_20YR","DRIVER_COUNT_50_64YR","DRIVER_COUNT_65_74YR","DRIVER_COUNT_75PLUS","EST_HRS_CLOSED","FATAL_COUNT","HEAVY_TRUCK_COUNT","HORSE_BUGGY_COUNT","HOUR_OF_DAY","ILLUMINATION","INJURY_COUNT","INTERSECTION_RELATED","INTERSECT_TYPE","LANE_CLOSED","LATITUDE","LN_CLOSE_DIR","LOCATION_TYPE","LONGITUDE","MAX_SEVERITY_LEVEL","MCYCLE_DEATH_COUNT","MCYCLE_SUSP_SERIOUS_INJ_COUNT","MOTORCYCLE_COUNT","MUNICIPALITY","NONMOTR_COUNT","NONMOTR_DEATH_COUNT","NONMOTR_SUSP_SERIOUS_INJ_COUNT","NTFY_HIWY_MAINT","PED_COUNT","PED_DEATH_COUNT","PED_SUSP_SERIOUS_INJ_COUNT","PERSON_COUNT","POLICE_AGCY","POSSIBLE_INJ_COUNT","RDWY_SURF_TYPE_CD","RELATION_TO_ROAD","ROADWAY_CLEARED","ROAD_CONDITION","SCH_BUS_IND","SCH_ZONE_IND","SECONDARY_CRASH","SMALL_TRUCK_COUNT","SPEC_JURIS_CD","SUSP_MINOR_INJ_COUNT","SUSP_SERIOUS_INJ_COUNT","SUV_COUNT","TCD_FUNC_CD","TCD_TYPE","TFC_DETOUR_IND","TIME_OF_DAY","TOTAL_UNITS","TOT_INJ_COUNT","UNBELTED_OCC_COUNT","UNB_DEATH_COUNT","UNB_SUSP_SERIOUS_INJ_COUNT","UNK_INJ_DEG_COUNT","UNK_INJ_PER_COUNT","URBAN_RURAL","VAN_COUNT","VEHICLE_COUNT","VULNERABLE_ROAD_USER_COUNT","VULNERABLE_ROAD_USER_DEATH_COUNT","VULNERABLE_ROAD_USER_SER_INJ_COUNT","WEATHER1","WEATHER2","WORKERS_PRES","WORK_ZONE_IND","WORK_ZONE_LOC","WORK_ZONE_TYPE","WZ_CLOSE_DETOUR","WZ_FLAGGER","WZ_LAW_OFFCR_IND","WZ_LN_CLOSURE","WZ_MOVING","WZ_OTHER","WZ_SHLDER_MDN","WZ_WORKERS_INJ_KILLED"
"2022101614","0837","1","0","0","0","0","0","0","0","0","8","0","","67","10","2022","5","40.000678","-75.097725","0824","6","0","0","0","0","0","0","0","0","","0","0","0","8","1","1","","1","0","40 00:02.442","","0","75 05:51.811","3","0","0","0","67301","1","0","0","N","1","0","0","2","67301","0","","1.0","","1","N","N","N","0","","1","0","0","3","2","","820","2","1","0","0","0","0","0","2","0","1","1","0","0","3","03","","N","","","","","","","","","",""
"2022109459","2122","0","0","0","0","0","0","0","0","0","4","0","","67","11","2022","6","40.101796","-75.027553","2119","6","0","0","0","0","0","1","0","0","","0","0","0","21","3","1","","1","0","40 06:06.465","","0","75 01:39.190","8","0","0","0","67301","0","0","0","N","0","0","0","5","67301","0","","1.0","","1","N","N","N","0","","0","0","2","3","2","","2118","2","1","0","0","0","1","0","2","0","2","0","0","0","3","03","","N","","","","","","","","","",""
"2022101443","1349","0","0","0","0","0","0","0","0","0","5","0","","67","10","2022","5","40.038142","-75.073389","1345","6","0","0","0","0","0","0","0","0","","0","0","0","13","1","0","N","0","0","40 02:17.310","","0","75 04:24.200","0","0","0","0","67301","0","0","0","N","0","0","0","1","67301","0","","6.0","","1","N","N","N","0","","0","0","3","0","0","","1340","3","0","1","0","0","0","0","2","0","3","0","0","0","3","03","","N","","","","","","","","","",""
"2022106286","0935","0","0","0","0","0","0","0","0","0","7","0","","67","11","2022","1","39.910694","-75.158167","0935","6","0","0","0","0","0","1","0","0","","0","0","0","9","1","0","","7","0","39 54:38.500","","8","75 09:29.400","0","0","0","0","67301","0","0","0","N","0","0","0","2","67501","0","","7.0","","1","N","N","N","0","","0","0","0","0","0","","935","1","0","0","0","0","0","0","2","1","1","0","0","0","3","03","","N","","","","","","","","","",""
"2022100655","0032","0","0","0","0","0","0","0","0","0","4","0","","67","10","2022","7","40.035271","-75.227232","0023","6","0","0","0","0","0","0","0","0","","0","0","0","0","3","0","","1","0","40 02:06.975","","0","75 13:38.035","0","0","0","0","67301","0","0","0","N","0","0","0","1","68K01","0","","1.0","","1","N","N","N","1","","0","0","1","3","3","","17","2","0","0","0","0","0","0","2","0","2","0","0","0","3","03","","N","","","","","","","","","",""
"2022120330","1305","1","0","0","0","0","0","0","0","0","4","0","","67","12","2022","7","40.021716","-75.139801","1302","6","0","0","0","0","0","0","0","0","","0","0","0","12","1","2","","1","0","40 01:18.177","","0","75 08:23.284","4","0","0","0","67301","0","0","0","N","0","0","0","4","67301","2","","1.0","","1","N","N","Y","0","","0","0","0","3","2","","1250","2","2","3","0","0","0","2","2","1","2","0","0","0","3","03","","N","","","","","","","","","",""
"2022093411","1535","1","0","0","0","0","0","0","0","0","4","0","","67","10","2022","1","40.062593","-75.009551","1530","6","0","0","0","0","0","1","0","0","","0","0","0","15","1","2","","1","0","40 03:45.334","","0","75 00:34.383","3","0","0","0","67301","0","0","0","N","0","0","0","2","67301","0","","1.0","","1","N","N","N","0","","2","0","1","3","2","","1500","2","2","0","0","0","0","0","2","0","2","0","0","0","3","","","N","","","","","","","","","",""
"2022096729","0705","0","0","0","0","0","0","0","0","0","8","0","","67","10","2022","6","40.004297","-75.067201","0705","6","0","0","0","0","0","1","0","0","","0","0","0","7","1","1","","2","1","40 00:15.469","4","0","75 04:01.925","3","0","0","0","67301","1","0","0","N","1","0","0","2","67301","0","","1.0","750.0","1","N","N","N","1","","1","0","0","3","2","N","700","2","1","0","0","0","0","0","2","0","1","1","0","0","3","03","","N","","","","","","","","","",""
"2022094151","0222","1","0","0","0","0","0","0","0","0","4","0","","67","10","2022","3","40.072396","-75.157881","0220","6","0","0","0","0","1","0","0","0","","0","0","0","2","3","0","","1","0","40 04:20.625","","0","75 09:28.371","0","0","0","0","67301","0","0","0","N","0","0","0","2","67301","0","","1.0","","1","N","N","N","0","","0","0","1","3","2","","205","2","0","0","0","0","0","0","2","0","2","0","0","0","3","03","","N","","","","","","","","","",""
"2022097767","1500","1","0","1","0","0","0","0","0","0","1","0","","67","10","2022","5","39.993462","-75.084655","1455","6","0","0","0","0","0","1","0","0","","0","0","0","14","1","4","N","0","2","39 59:36.464","1","0","75 05:04.758","2","0","0","0","67301","0","0","0","N","0","0","0","5","68K01","1","","1.0","1515.0","1","N","N","N","0","","1","1","3","0","0","N","1411","4","4","0","0","0","1","0","2","0","4","0","0","0","3","","","N","","","","","","","","","",""
"2022098263","1710","1","0","0","0","0","0","0","0","0","4","0","","67","10","2022","6","39.941574","-75.232937","1657","6","0","0","0","0","0","2","0","0","","0","0","0","12","1","1","","1","0","39 56:29.666","","0","75 13:58.573","3","0","0","0","67301","0","0","0","N","0","0","0","2","67301","0","","1.0","","1","N","N","N","0","","1","0","1","3","3","","1200","2","1","0","0","0","0","1","2","0","2","0","0","0","3","03","","N","","","","","","","","","",""
"2022097876","0821","0","0","0","0","0","0","0","0","0","8","0","","67","10","2022","6","40.018659","-75.084057","0820","6","0","0","0","0","0","0","1","0","","0","0","0","8","1","1","","5","1","40 01:07.172","7","0","75 05:02.605","8","0","0","0","67301","1","0","0","N","1","0","0","2","67301","0","","1.0","835.0","1","N","N","N","0","","0","0","1","3","2","N","818","2","1","0","0","0","1","0","2","0","1","1","0","0","3","","","N","","","","","","","","","",""
"2022105796","1829","1","0","0","0","0","0","0","0","0","4","0","","67","11","2022","4","40.074464","-75.03495","1808","6","0","0","0","0","0","0","1","0","","0","0","0","17","3","2","","1","0","40 04:28.071","","0","75 02:05.821","3","0","0","0","67301","1","0","0","N","1","0","0","4","67301","0","","1.0","","1","N","N","N","1","","2","0","1","3","2","","1751","4","2","0","0","0","0","0","2","0","3","1","0","0","3","","","N","","","","","","","","","",""
"2022108065","1828","1","0","0","0","0","0","0","0","0","4","0","","67","11","2022","3","40.037712","-75.042449","1828","6","0","0","1","1","0","0","0","0","","0","0","0","18","3","0","","1","0","40 02:15.762","","0","75 02:32.815","0","0","0","0","67301","0","0","0","N","0","0","0","2","67301","0","","1.0","","9","N","N","N","0","","0","0","1","3","2","","1828","2","0","2","0","0","0","0","2","0","2","0","0","0","7","","","N","","","","","","","","","",""
"2022100204","1931","1","0","0","0","0","0","0","0","0","4","0","","67","10","2022","2","40.112874","-75.023188","1931","6","0","0","0","0","0","0","1","0","","0","0","0","19","3","1","N","0","2","40 06:46.347","2","7","75 01:23.478","4","0","0","0","67301","0","0","0","N","0","0","0","2","67301","1","","1.0","2032.0","9","N","N","N","1","","0","0","0","0","0","N","1910","2","1","0","0","0","0","0","2","0","2","0","0","0","7","","","N","","","","","","","","","",""
"2022119578","0456","0","0","0","0","0","0","0","0","0","4","0","","67","12","2022","6","39.944718","-75.243408","0451","6","0","0","0","0","0","1","1","0","","0","0","0","4","3","2","","1","0","39 56:40.986","","0","75 14:36.268","3","0","0","0","67301","0","0","0","N","0","0","0","2","67301","0","","1.0","","9","N","N","N","0","","2","0","2","3","3","","433","2","2","0","0","0","0","0","2","0","2","0","0","0","7","","","N","","","","","","","","","",""
"2022109058","2357","1","0","0","0","0","0","0","0","0","5","0","","67","11","2022","6","39.986472","-75.157528","2356","6","0","0","0","0","0","0","0","0","","0","0","0","23","3","1","N","0","2","39 59:11.300","4","0","75 09:27.100","8","0","0","0","67301","0","0","0","N","0","0","0","2","67505","0","","1.0","25.0","1","N","N","N","0","","0","0","2","0","0","Y","2356","3","1","0","0","0","1","1","2","0","3","0","0","0","3","03","","N","","","","","","","","","",""
"2022096741","0834","1","0","0","0","0","0","0","0","0","4","0","","67","10","2022","6","39.975298","-75.231481","0826","6","0","0","0","0","0","0","0","0","","0","0","0","8","1","1","","1","0","39 58:31.072","","0","75 13:53.331","4","0","0","0","67301","0","0","0","N","0","0","0","2","67301","1","","1.0","","1","N","N","N","0","","0","0","1","3","3","","820","2","1","0","0","0","0","0","2","0","2","0","0","0","3","","","N","","","","","","","","","",""
"2022097573","1701","2","0","0","0","0","0","0","0","0","4","0","","67","10","2022","7","39.935361","-75.154694","1701","6","0","0","0","0","0","1","0","0","","0","0","0","12","1","2","N","0","0","39 56:07.300","","7","75 09:16.900","3","0","0","0","67301","0","0","0","N","0","0","0","3","67301","0","","1.0","","1","N","N","N","0","","2","0","0","0","0","","1200","2","2","0","0","0","0","1","2","0","2","0","0","0","3","","","N","","","","","","","","","",""
"2022098727","1950","1","0","0","0","0","0","0","0","0","8","0","","67","10","2022","5","39.943818","-75.158413","1950","6","0","0","0","0","0","0","0","0","","0","0","0","19","3","1","","1","0","39 56:37.743","","0","75 09:30.285","3","0","0","0","67301","1","0","0","N","0","0","0","2","67301","0","","1.0","","1","N","N","N","0","","1","0","0","3","2","","1930","2","1","1","0","0","0","0","2","0","1","1","0","0","3","03","","N","","","","","","","","","",""
"2022094523","1509","0","0","0","0","0","0","0","0","0","4","0","","67","10","2022","2","40.009868","-75.156024","1508","6","0","1","0","0","0","0","0","0","","0","0","0","15","1","3","","1","1","40 00:35.524","4","0","75 09:21.688","3","0","0","0","67301","0","0","0","N","0","0","0","4","67301","0","","1.0","1540.0","1","N","N","N","0","","3","0","2","3","2","N","1508","2","3","0","0","0","0","0","2","0","2","0","0","0","3","03","","N","","","","","","","","","",""
"2022091781","0238","2","0","0","0","0","0","0","0","0","7","0","","67","10","2022","1","39.979249","-75.203913","0228","6","0","0","0","0","1","0","0","0","","0","0","0","2","3","3","N","0","1","39 58:45.298","3","0","75 12:14.088","3","0","0","0","67301","0","0","0","N","0","0","0","3","68K01","0","","3.0","315.0","9","N","N","N","0","","2","0","0","0","0","N","227","2","3","0","0","0","1","0","2","0","2","0","0","0","7","04","","N","","","","","","","","","",""
"2022108078","0130","2","0","0","0","0","0","0","0","0","5","0","","67","10","2022","5","39.999203","-75.101822","0130","6","0","0","0","0","0","0","0","0","","0","0","0","1","3","0","N","0","0","39 59:57.130","","0","75 06:06.560","9","0","0","0","67301","0","0","0","N","0","0","0","1","67301","0","","6.0","","1","N","N","N","0","","0","0","0","0","0","","130","2","0","0","0","0","0","1","2","0","2","0","0","0","3","03","","N","","","","","","","","","",""
"2022093808","1658","2","0","0","0","0","0","0","0","0","1","0","","67","10","2022","1","39.927306","-75.231944","1653","6","0","0","0","0","0","0","0","0","","0","0","0","16","4","3","N","0","2","39 55:38.300","6","0","75 13:55.000","3","0","0","0","67301","0","0","0","N","0","0","0","3","67301","0","","1.0","1835.0","1","N","N","N","0","","1","0","0","0","0","Y","1653","2","3","0","0","0","2","0","2","0","2","0","0","0","98","03","","N","","","","","","","","","",""
"2022095731","2135","1","0","0","0","0","0","0","0","0","4","0","","67","10","2022","6","40.059926","-75.018391","2123","6","0","0","0","0","0","0","0","0","","0","0","0","21","3","2","","1","0","40 03:35.733","","0","75 01:06.209","3","0","0","0","67301","0","0","0","N","0","0","0","4","67301","1","","1.0","","1","N","N","N","1","","1","0","0","2","2","","2101","2","2","4","0","0","0","0","2","0","2","0","0","0","3","","","N","","","","","","","","","",""
"2022098902","0610","0","0","0","0","0","0","0","0","0","4","0","","67","10","2022","7","40.00834","-75.139544","0602","6","1","0","0","0","0","1","0","0","","0","0","0","5","1","1","","1","0","40 00:30.023","","0","75 08:22.358","2","0","1","1","67301","0","0","0","N","0","0","0","3","67301","0","","1.0","","1","N","N","N","0","","0","1","1","3","3","","552","2","1","0","0","0","0","0","2","0","2","0","0","0","3","03","","N","","","","","","","","","",""
"2022123208","1853","0","0","0","0","0","0","0","0","0","1","0","","67","10","2022","5","39.982543","-75.100094","1828","6","0","0","0","0","0","1","0","0","","0","0","0","18","3","0","N","0","0","39 58:57.153","","0","75 06:00.337","0","0","0","0","67301","0","0","0","N","0","0","0","2","68K01","0","","1.0","","1","N","N","N","0","","0","0","0","0","0","","1828","2","0","0","0","0","0","0","2","2","2","0","0","0","3","03","","N","","","","","","","","","",""
"2022106640","1640","0","0","0","1","0","0","0","0","0","8","0","","67","10","2022","2","40.00194","-75.140075","1640","6","0","0","0","0","0","0","0","0","","0","0","0","17","4","1","","1","0","40 00:06.983","","0","75 08:24.269","3","0","0","0","67301","1","0","0","N","0","0","0","2","67301","0","","1.0","","1","N","N","N","0","","1","0","1","3","3","","1700","2","1","1","0","0","0","1","2","0","1","1","0","0","3","03","","N","","","","","","","","","",""
"2022094622","1547","0","0","0","1","0","0","0","0","0","8","0","","67","10","2022","4","39.921692","-75.227994","1547","6","0","0","0","0","0","1","0","0","","0","0","0","15","1","1","N","0","0","39 55:18.090","","0","75 13:40.780","3","0","0","0","67301","1","0","0","N","0","0","0","2","67301","0","","1.0","","1","N","N","N","0","","1","0","1","0","0","","1531","2","1","0","0","0","0","0","2","0","1","1","0","0","3","03","","N","","","","","","","","","",""
"2022097784","1836","0","0","0","0","0","0","0","0","0","8","0","","67","10","2022","5","40.035583","-75.123863","1835","6","0","0","0","0","0","0","0","0","","0","0","0","10","1","1","","1","0","40 02:08.098","","0","75 07:25.905","4","0","0","0","67301","1","0","0","N","1","0","0","2","67301","1","","1.0","","1","N","N","N","0","","0","0","0","3","2","","1000","2","1","0","0","0","0","1","2","0","1","1","0","0","3","03","","N","","","","","","","","","",""
"2022095490","1615","2","0","0","0","0","0","0","0","0","4","0","","67","10","2022","6","39.962803","-75.164633","1611","6","0","0","0","0","0","2","0","0","","0","0","0","16","1","1","","1","2","39 57:46.089","4","0","75 09:52.678","3","0","0","0","67301","0","0","0","N","0","0","0","2","67301","0","","1.0","1700.0","1","N","N","N","0","","1","0","0","2","2","Y","1609","2","1","0","0","0","0","0","2","0","2","0","0","0","3","03","","N","","","","","","","","","",""
"2022099878","0531","1","0","0","0","0","0","0","0","0","5","0","","67","10","2022","3","40.047047","-75.031798","0518","6","0","0","0","0","0","1","0","0","","0","0","0","5","3","0","N","0","0","40 02:49.369","","0","75 01:54.472","0","0","0","0","67301","0","0","0","N","0","0","0","1","67301","0","","6.0","","9","N","N","N","0","","0","0","0","0","0","","515","2","0","0","0","0","0","0","2","1","2","0","0","0","7","05","","N","","","","","","","","","",""
"2022100979","0139","1","0","0","0","0","0","0","0","0","7","0","","67","10","2022","6","39.910694","-75.160194","0136","6","0","0","0","0","0","0","0","0","","0","0","0","1","3","0","","6","0","39 54:38.500","","8","75 09:36.700","0","0","0","0","67301","0","0","0","N","0","0","0","1","67501","0","","2.0","","1","N","N","N","0","","0","0","0","0","0","","136","1","0","0","0","0","0","0","2","0","1","0","0","0","3","03","","N","","","","","","","","","",""
"2022102944","0346","0","0","0","0","0","0","0","0","0","8","0","","67","10","2022","6","40.050561","-75.066746","0345","6","0","0","0","0","0","0","0","0","","0","0","0","3","2","1","","2","0","40 03:02.020","","0","75 04:00.287","3","0","0","0","67301","1","0","0","N","1","0","0","2","67301","0","","1.0","","1","N","N","N","0","","1","0","0","0","0","","330","2","1","1","0","0","0","0","2","1","1","1","0","0","3","03","","N","","","","","","","","","",""
"2022099638","0910","1","0","0","0","0","0","0","0","0","1","0","","67","10","2022","6","39.946634","-75.18888","0901","6","0","0","0","0","0","0","0","0","","0","0","0","8","1","0","N","0","1","39 56:47.882","3","3","75 11:19.968","0","0","0","0","67301","0","0","0","N","0","0","0","3","68K01","0","","1.0","938.0","1","N","N","N","1","","0","0","1","0","0","N","859","3","0","0","0","0","0","0","2","0","3","0","0","0","3","03","","N","","","","","","","","","",""
"2022097877","0935","1","0","0","0","0","0","0","0","0","1","0","","67","10","2022","5","39.988606","-75.157444","0926","6","0","0","0","0","0","0","0","0","","0","0","0","9","1","1","N","0","0","39 59:18.980","","0","75 09:26.800","3","0","0","0","67301","0","0","0","N","0","0","0","2","67301","0","","6.0","","1","N","N","N","0","","1","0","0","0","0","","900","2","1","0","0","0","0","0","2","1","2","0","0","0","3","03","","N","","","","","","","","","",""
"2022096715","0100","1","0","0","0","0","0","0","0","0","7","0","","67","10","2022","6","39.902328","-75.149869","0055","6","0","0","0","0","0","0","0","0","","0","0","0","0","3","1","N","0","0","39 54:08.380","","0","75 08:59.530","2","0","0","0","67301","0","0","0","N","0","0","0","1","67301","0","","4.0","","9","N","N","N","0","","0","1","0","0","0","","54","1","1","0","0","0","0","0","2","0","1","0","0","0","7","07","","N","","","","","","","","","",""
"2022098907","1329","0","0","0","0","0","0","0","0","0","6","0","","67","10","2022","5","40.036128","-75.132603","1329","6","0","0","0","0","0","0","0","0","","0","0","0","13","1","1","N","0","0","40 02:10.060","","0","75 07:57.370","3","0","0","0","67301","0","0","0","N","0","0","0","1","67301","0","","6.0","","1","N","N","N","0","","1","0","3","0","0","","1329","3","1","0","0","0","0","0","2","0","3","0","0","0","3","","","N","","","","","","","","","",""
"2022096710","1044","1","0","0","0","0","0","0","0","0","1","0","","67","10","2022","5","39.896034","-75.21537","1038","6","0","0","0","0","0","0","0","0","","0","0","0","10","1","2","N","0","2","39 53:45.721","3","3","75 12:55.331","4","0","0","0","67301","0","0","0","N","0","0","0","3","67301","2","","1.0","1120.0","1","N","N","Y","0","","0","0","2","0","0","N","1036","3","2","0","0","0","0","0","2","0","3","0","0","0","4","04","","N","","","","","","","","","",""
"2022094881","0825","1","0","0","0","0","0","0","0","0","4","0","","67","10","2022","5","40.046241","-75.166071","0819","6","0","0","0","0","0","0","0","0","","0","0","0","7","1","1","","1","0","40 02:46.469","","0","75 09:57.857","3","0","0","0","67301","0","0","0","N","0","0","0","3","67301","0","","1.0","","1","N","N","N","1","","1","0","0","3","3","","700","2","1","0","0","0","0","2","2","0","2","0","0","0","4","04","","N","","","","","","","","","",""
"2022108080","0123","0","0","0","0","0","0","0","0","0","8","0","","67","10","2022","1","39.997843","-75.110972","0120","6","0","0","0","0","0","0","0","0","","0","0","0","21","3","1","","5","0","39 59:52.234","","1","75 06:39.499","3","0","0","0","67301","1","0","0","N","1","0","0","2","67301","0","","1.0","","1","N","N","N","1","","1","0","0","3","2","","2141","2","1","1","0","0","0","0","2","0","1","1","0","0","3","03","","N","","","","","","","","","",""
"2022123000","1559","1","0","0","0","0","0","0","0","0","1","0","","67","10","2022","7","39.993087","-75.08493","1553","6","0","0","0","0","0","1","1","0","","0","0","0","15","1","2","N","0","2","39 59:35.114","1","0","75 05:05.748","3","0","0","0","67301","0","0","0","N","0","0","0","4","68K01","0","","1.0","1615.0","1","N","N","N","0","","2","0","3","0","0","N","1552","4","2","0","0","0","0","0","2","0","4","0","0","0","3","03","","N","","","","","","","","","",""
"2022096289","1741","1","0","0","0","0","0","0","0","0","7","0","","67","10","2022","6","39.88647","-75.206598","1730","6","0","0","0","0","0","0","0","0","","0","0","0","17","1","0","N","0","0","39 53:11.291","","3","75 12:23.753","0","0","0","0","67301","0","0","0","N","0","0","0","1","68K01","0","","4.0","","1","N","N","N","0","","0","0","0","0","0","","1727","1","0","0","0","0","0","0","2","0","1","0","0","0","3","03","","N","","","","","","","","","",""
"2022095574","0838","1","0","0","0","0","0","0","0","0","5","0","","67","10","2022","1","39.934742","-75.189358","0838","6","0","0","0","0","0","0","0","0","","0","0","0","8","1","0","N","0","1","39 56:05.070","2","0","75 11:21.690","0","0","0","0","67301","0","0","0","N","0","0","0","2","67301","0","","6.0","930.0","1","N","N","N","0","","0","0","2","0","0","N","835","3","0","0","0","0","0","0","2","0","3","0","0","0","3","03","","N","","","","","","","","","",""
"2022098257","1900","1","0","0","1","0","0","0","0","0","8","0","","67","10","2022","7","39.927658","-75.146839","1857","6","0","0","0","0","0","0","0","0","","0","0","0","18","3","1","","1","0","39 55:39.569","","0","75 08:48.620","3","0","0","0","67301","1","0","0","N","0","0","0","2","67301","0","","1.0","","1","N","N","N","0","","1","0","0","3","3","","1852","2","1","0","0","0","0","0","2","0","1","1","0","0","3","","","N","","","","","","","","","",""
"2022098060","0329","1","0","0","0","0","0","0","0","0","5","0","","67","10","2022","6","39.987531","-75.162536","0328","6","0","0","0","0","0","0","0","0","","0","0","0","3","3","0","N","0","2","39 59:15.110","1","0","75 09:45.130","0","0","0","0","67301","0","0","0","N","0","0","0","1","67301","0","","6.0","545.0","9","N","N","N","0","","0","0","1","0","0","Y","300","3","0","0","0","0","0","0","2","1","3","0","0","0","7","","","N","","","","","","","","","",""
"2022099315","2132","1","0","0","0","0","0","0","0","0","7","0","","67","10","2022","5","39.965846","-75.208229","2132","6","0","0","0","0","0","0","0","0","","0","0","0","21","3","0","","1","0","39 57:57.045","","0","75 12:29.624","0","0","0","0","67301","0","0","0","N","0","0","0","2","67301","0","","4.0","","9","N","N","N","0","","0","0","0","3","3","","2131","1","0","2","0","0","0","0","2","0","1","0","0","0","7","07","","N","","","","","","","","","",""
"2022124393","1630","0","0","0","0","0","0","1","0","0","5","1","","67","12","2022","2","40.044875","-75.054398","1614","6","0","0","0","0","0","0","1","0","","0","0","0","16","1","3","N","0","1","40 02:41.549","2","0","75 03:15.834","4","0","0","0","67301","0","0","0","N","0","0","0","5","67508","3","","1.0","9999.0","1","N","N","N","0","","0","0","1","0","0","N","1614","2","3","0","0","0","0","0","2","0","2","0","0","0","3","03","","N","","","","","","","","","",""
"2022124063","1845","1","0","0","0","0","0","0","0","0","4","1","","67","12","2022","7","39.956239","-75.162676","1843","6","0","0","0","0","0","0","1","0","","0","0","0","18","3","3","","1","2","39 57:22.462","1","0","75 09:45.632","3","0","0","0","67301","0","0","0","N","0","0","0","3","67301","0","","1.0","2035.0","1","N","N","Y","1","","3","0","0","3","2","Y","1843","2","3","0","0","0","0","0","2","0","2","0","0","0","3","","","N","","","","","","","","","",""
"2022124498","0858","0","0","0","0","0","0","0","0","0","8","0","","67","12","2022","4","40.042208","-75.032719","0852","6","0","0","0","0","0","0","0","1","","0","0","0","8","1","1","","1","1","40 02:31.948","4","0","75 01:57.788","3","0","0","0","67301","1","0","0","N","1","0","0","2","67301","0","","1.0","1000.0","1","N","N","N","0","","1","0","1","3","3","N","847","2","1","0","0","0","0","0","2","0","1","1","0","0","3","03","","N","","","","","","","","","",""
"2022122927","0337","1","0","0","0","0","0","0","0","0","4","0","","67","12","2022","1","39.949983","-75.201263","0330","6","0","0","0","0","0","0","0","0","","0","0","0","3","3","0","","5","0","39 56:59.938","","0","75 12:04.545","0","0","0","0","67301","0","0","0","N","0","0","0","2","67301","0","","1.0","","1","N","N","N","0","","0","0","1","3","2","","320","2","0","0","0","0","0","0","2","0","2","0","0","0","3","03","","N","","","","","","","","","",""
"2022100427","0150","0","0","1","0","0","0","0","0","0","4","0","","67","10","2022","1","40.000678","-75.097725","0143","6","0","0","0","0","0","0","0","0","","0","0","0","1","3","2","","1","0","40 00:02.442","","0","75 05:51.811","2","0","0","0","67301","0","0","0","N","0","0","0","6","67301","0","","1.0","","1","N","N","N","0","","0","2","3","3","2","","140","3","2","0","0","0","0","2","2","0","3","0","0","0","3","","","N","","","","","","","","","",""
"2022092151","1055","1","0","0","0","0","0","0","0","0","8","0","","67","10","2022","2","39.957396","-75.19777","1040","6","0","0","0","0","0","0","0","0","","0","0","0","10","1","1","","1","0","39 57:26.624","","0","75 11:51.973","4","0","0","0","67301","1","0","0","N","1","0","0","2","67301","1","","1.0","","9","N","N","N","0","","0","0","0","0","0","","1035","2","1","0","0","0","0","0","2","0","1","1","0","0","7","04","","N","","","","","","","","","",""
"2022095496","0330","2","0","0","0","0","0","0","0","0","1","0","","67","10","2022","1","40.007105","-75.213717","0326","6","0","0","0","0","0","0","0","0","","0","0","0","3","3","0","","1","0","40 00:25.579","","0","75 12:49.382","9","0","0","0","67301","0","0","0","N","0","0","0","3","67301","0","","1.0","","9","N","N","N","0","","0","0","1","3","2","","315","3","0","1","0","0","0","1","2","0","3","0","0","0","7","07","","N","","","","","","","","","",""
"2022095884","1145","1","0","0","0","0","0","0","0","0","7","0","","67","10","2022","3","39.911194","-75.162111","1140","6","0","0","0","0","0","0","0","0","","0","0","0","11","1","0","N","0","0","39 54:40.300","","3","75 09:43.600","0","0","0","0","67301","0","0","0","N","0","0","0","1","67501","0","","2.0","","9","N","N","N","0","","0","0","0","0","0","","1138","1","0","0","0","0","0","0","2","0","1","0","0","0","7","","","N","","","","","","","","","",""
"2022122793","2139","1","0","0","0","0","0","0","0","0","4","0","","67","12","2022","5","39.985265","-75.178794","2139","6","0","0","0","0","0","1","0","0","","0","0","0","21","3","1","","1","0","39 59:06.953","","0","75 10:43.660","4","0","0","0","67301","0","0","0","N","0","0","0","4","67301","1","","1.0","","9","N","N","N","0","","0","0","1","3","2","","2139","2","1","0","0","0","0","1","2","0","2","0","0","0","7","","","N","","","","","","","","","",""
"2022090682","1812","1","0","0","0","0","0","0","0","0","6","0","","67","10","2022","1","39.958558","-75.193625","1808","6","0","0","0","0","1","0","0","0","","0","0","0","18","4","0","","5","0","39 57:30.808","","0","75 11:37.051","0","0","0","0","67301","0","0","0","N","0","0","0","3","67507","0","","1.0","","9","N","N","N","0","","0","0","1","3","2","","1800","2","0","1","0","0","0","0","2","0","2","0","0","0","7","","","N","","","","","","","","","",""