"CRN","ARRIVAL_TM","AUTOMOBILE_COUNT","BELTED_DEATH_COUNT","BELTED_SUSP_SERIOUS_INJ_COUNT","BICYCLE_COUNT","BICYCLE_DEATH_COUNT","BICYCLE_SUSP_SERIOUS_INJ_COUNT","BUS_COUNT","CHLDPAS_DEATH_COUNT","CHLDPAS_SUSP_SERIOUS_INJ_COUNT","COLLISION_TYPE","COMM_VEH_COUNT","CONS_ZONE_SPD_LIM","COUNTY","CRASH_MONTH","CRASH_YEAR","DAY_OF_WEEK","DEC_LATITUDE","DEC_LONGITUDE","DISPATCH_TM","DISTRICT","DRIVER_COUNT_16YR","DRIVER_COUNT_17YR","DRIVER_COUNT_18YR","DRIVER_COUNT_19YR","DRIVER_COUNT_20YR","DRIVER_COUNT_50_64YR","DRIVER_COUNT_65_74YR","DRIVER_COUNT_75PLUS","EST_HRS_CLOSED","FATAL_COUNT","HEAVY_TRUCK_COUNT","HORSE_BUGGY_COUNT","HOUR_OF_DAY","ILLUMINATION","INJURY_COUNT","INTERSECTION_RELATED","INTERSECT_TYPE","LANE_CLOSED","LATITUDE","LN_CLOSE_DIR","LOCATION_TYPE","LONGITUDE","MAX_SEVERITY_LEVEL","MCYCLE_DEATH_COUNT","MCYCLE_SUSP_SERIOUS_INJ_COUNT","MOTORCYCLE_COUNT","MUNICIPALITY","NONMOTR_COUNT","NONMOTR_DEATH_COUNT","NONMOTR_SUSP_SERIOUS_INJ_COUNT","NTFY_HIWY_MAINT","PED_COUNT","PED_DEATH_COUNT","PED_SUSP_SERIOUS_INJ_COUNT","PERSON_COUNT","POLICE_AGCY","POSSIBLE_INJ_COUNT","RDWY_SURF_TYPE_CD","RELATION_TO_ROAD","ROADWAY_CLEARED","ROAD_CONDITION","SCH_BUS_IND","SCH_ZONE_IND","SECONDARY_CRASH","SMALL_TRUCK_COUNT","SPEC_JURIS_CD","SUSP_MINOR_INJ_COUNT","SUSP_SERIOUS_INJ_COUNT","SUV_COUNT","TCD_FUNC_CD","TCD_TYPE","TFC_DETOUR_IND","TIME_OF_DAY","TOTAL_UNITS","TOT_INJ_COUNT","UNBELTED_OCC_COUNT","UNB_DEATH_COUNT","UNB_SUSP_SERIOUS_INJ_COUNT","UNK_INJ_DEG_COUNT","UNK_INJ_PER_COUNT","URBAN_RURAL","VAN_COUNT","VEHICLE_COUNT","VULNERABLE_ROAD_USER_COUNT","VULNERABLE_ROAD_USER_DEATH_COUNT","VULNERABLE_ROAD_USER_SER_INJ_COUNT","WEATHER1","WEATHER2","WORKERS_PRES","WORK_ZONE_IND","WORK_ZONE_LOC","WORK_ZONE_TYPE","WZ_CLOSE_DETOUR","WZ_FLAGGER","WZ_LAW_OFFCR_IND","WZ_LN_CLOSURE","WZ_MOVING","WZ_OTHER","WZ_SHLDER_MDN","WZ_WORKERS_INJ_KILLED"
"2022115551","2145","0","0","0","0","0","0","0","0","0","7","0","","67","10","2022","1","39.961791","-75.182321","2133","6","0","0","0","0","0","0","0","0","","0","0","0","21","3","1","N","0","1","39 57:42.446","6","3","75 10:56.357","8","0","0","0","67301","0","0","0","N","0","0","0","1","68K01","0","","4.0","2205.0","9","N","N","N","0","","0","0","1","0","0","N","2127","1","1","0","0","0","1","0","2","0","1","0","0","0","7","04","","N","","","","","","","","","",""
"2022123006","0428","0","0","0","0","0","0","0","0","0","7","0","","67","11","2022","4","39.960324","-75.181265","0427","6","0","0","0","0","0","0","0","0","","0","0","0","4","3","0","N","0","0","39 57:37.166","","2","75 10:52.553","0","0","0","0","67301","0","0","0","Y","0","0","0","1","68K01","0","","4.0","","9","N","N","N","1","","0","0","0","0","0","","425","1","0","0","0","0","0","0","2","0","1","0","0","0","7","","","N","","","","","","","","","",""
"2022093291","1735","0","0","0","0","0","0","0","0","0","4","0","","67","10","2022","3","39.955969","-75.160612","1730","6","0","0","0","0","0","0","0","0","","0","0","0","17","3","1","","1","0","39 57:21.490","","0","75 09:38.204","3","0","0","1","67301","0","0","0","N","0","0","0","2","67301","0","","1.0","","9","N","N","N","0","","1","0","1","3","2","","1729","2","1","1","0","0","0","0","2","0","2","0","0","0","7","","","N","","","","","","","","","",""
"2022118347","","0","0","0","0","0","0","0","0","0","1","0","","67","12","2022","6","40.029357","-75.062731","","6","0","0","0","0","0","0","0","0","","0","0","0","14","1","4","","5","0","40 01:45.685","","0","75 03:45.831","8","0","0","0","67301","0","0","0","N","0","0","0","5","00000","0","","1.0","","1","","","N","0","","0","0","0","0","0","","1400","2","4","1","0","0","4","0","2","2","2","0","0","0","3","","","N","","","","","","","","","",""
"2022122923","2119","1","0","0","0","0","0","0","0","0","4","0","","67","12","2022","6","40.028188","-75.058561","2110","6","0","0","0","0","0","0","0","0","","0","0","0","21","3","0","","2","0","40 01:41.478","","0","75 03:30.821","0","0","0","0","67301","0","0","0","N","0","0","0","2","67301","0","","1.0","","1","N","N","N","0","","0","0","1","3","3","","2110","2","0","0","0","0","0","0","2","0","2","0","0","0","3","","","N","","","","","","","","","",""
"2022121937","2129","2","0","0","0","0","0","0","0","0","4","0","","67","12","2022","7","39.961466","-75.151722","2129","6","0","0","0","0","0","1","0","0","","0","0","0","21","3","1","","1","0","39 57:41.278","","0","75 09:06.199","4","0","0","0","67301","0","0","0","N","0","0","0","2","67301","1","","5.0","","1","N","N","N","0","","0","0","0","3","1","","2129","2","1","0","0","0","0","0","2","0","2","0","0","0","3","03","","N","","","","","","","","","",""
"2022102156","1936","0","0","0","0","0","0","0","0","0","5","0","","67","10","2022","2","40.036207","-75.01626","1920","6","0","0","0","0","0","0","0","0","","0","0","0","19","3","1","N","0","0","40 02:10.345","","0","75 00:58.537","8","0","0","0","67301","0","0","0","N","0","0","0","2","68K01","0","","1.0","","9","N","N","N","0","","0","0","2","0","0","","1902","2","1","0","0","0","1","0","2","0","2","0","0","0","7","07","","N","","","","","","","","","",""
"2022091318","0420","1","0","0","0","0","0","0","0","0","5","0","","67","10","2022","2","39.941211","-75.155744","0415","6","0","0","0","0","0","0","0","0","","0","0","0","3","3","0","N","0","0","39 56:28.360","","0","75 09:20.680","0","0","0","0","67301","0","0","0","N","0","0","0","1","67301","0","","6.0","","9","N","N","N","0","","0","0","2","0","0","","359","3","0","1","0","0","0","0","2","0","3","0","0","0","7","07","","N","","","","","","","","","",""
"2022093410","2030","1","0","0","0","0","0","0","0","0","4","1","","67","10","2022","2","40.105161","-75.032846","2027","6","0","0","0","0","0","0","0","0","","0","0","0","20","3","1","","1","0","40 06:18.580","","0","75 01:58.246","8","0","0","0","67301","0","0","0","N","0","0","0","3","67301","0","","1.0","","9","N","N","N","0","","0","0","0","3","2","","2025","2","1","1","0","0","1","0","2","1","2","0","0","0","7","07","","N","","","","","","","","","",""
"2022097379","1315","1","0","0","0","0","0","0","0","0","5","0","","67","10","2022","1","40.023836","-75.031039","1301","6","0","0","0","0","0","0","0","0","","0","0","0","12","1","0","N","0","0","40 01:25.809","","2","75 01:51.741","0","0","0","0","67301","0","0","0","N","0","0","0","1","68K01","0","","2.0","","9","N","N","N","0","","0","0","0","0","0","","1257","2","0","0","0","0","0","0","2","0","2","0","0","0","7","07","","N","","","","","","","","","",""
"2022124788","0114","1","0","0","0","0","0","0","0","0","4","0","","67","12","2022","6","39.947751","-75.18742","0111","6","0","0","0","0","0","0","0","0","","0","0","0","1","3","0","N","0","2","39 56:51.902","3","0","75 11:14.712","9","0","0","0","67301","0","0","0","N","0","0","0","3","68K01","0","","1.0","10.0","9","N","N","N","0","","0","0","0","0","0","Y","111","2","0","1","0","0","0","1","2","0","2","0","0","0","7","","","N","","","","","","","","","",""
"2022122917","1435","0","0","0","0","0","0","0","0","0","6","1","","67","12","2022","5","40.025869","-75.197899","1425","6","0","0","0","0","0","1","0","0","","0","0","0","14","1","1","N","0","2","40 01:33.128","5","0","75 11:52.438","8","0","0","0","67301","0","0","0","N","0","0","0","2","67301","0","","1.0","1800.0","9","N","N","N","1","","0","0","1","0","0","Y","1400","2","1","1","0","0","1","0","2","0","2","0","0","0","7","07","","N","","","","","","","","","",""
"2022122785","1715","2","0","0","0","0","0","0","0","0","4","0","","67","9","2022","6","39.975836","-75.158419","1712","6","0","0","0","1","0","0","0","0","","0","0","0","16","1","3","","1","0","39 58:33.009","","0","75 09:30.309","3","0","0","0","67301","0","0","0","N","0","0","0","4","67301","2","","1.0","","1","N","N","N","0","","1","0","0","3","2","","1659","2","3","0","0","0","0","0","2","0","2","0","0","0","3","03","","N","","","","","","","","","",""
"2023012673","1528","0","0","0","0","0","0","0","0","0","7","0","","67","12","2022","2","39.911433","-75.154334","1518","6","0","0","0","0","0","0","0","0","","0","0","0","15","1","0","","7","0","39 54:41.159","","2","75 09:15.604","0","0","0","0","67301","0","0","0","Y","0","0","0","2","68K01","0","","4.0","","1","N","N","N","0","","0","0","1","0","0","","1516","1","0","0","0","0","0","0","2","0","1","0","0","0","3","03","","N","","","","","","","","","",""
"2023012988","0540","1","0","0","0","0","0","0","0","0","4","0","","67","10","2022","2","40.001318","-75.215301","0531","6","0","0","0","0","0","0","1","0","","0","0","0","5","3","0","","5","0","40 00:04.744","","0","75 12:55.083","0","0","0","0","67301","0","0","0","N","0","0","0","2","67301","0","","1.0","","9","N","N","N","0","","0","0","1","3","2","","530","2","0","2","0","0","0","0","2","0","2","0","0","0","7","07","","N","","","","","","","","","",""
"2023012670","1630","1","0","0","0","0","0","0","0","0","7","0","","67","12","2022","6","40.005167","-75.195893","1629","6","0","0","0","0","0","0","0","0","","0","0","0","16","1","3","","7","2","40 00:18.602","1","2","75 11:45.215","3","0","0","0","67301","0","0","0","N","0","0","0","3","68K01","0","","4.0","1718.0","1","N","N","N","0","","3","0","0","0","0","N","1625","1","3","0","0","0","0","0","2","0","1","0","0","0","3","03","","N","","","","","","","","","",""
"2023005838","1105","0","0","0","0","0","0","0","0","0","4","0","","67","9","2022","5","39.99765","-75.107483","1149","6","0","0","0","0","0","0","0","0","","0","0","0","21","4","1","","1","0","39 59:51.539","","0","75 06:26.938","4","0","0","0","67301","0","0","0","N","0","0","0","2","67301","1","","1.0","","1","N","N","N","0","","0","0","2","3","3","","2130","2","1","1","0","0","0","0","2","0","2","0","0","0","3","03","","N","","","","","","","","","",""
"2023001908","1110","0","0","0","0","0","0","0","0","0","4","0","","67","11","2022","1","39.948106","-75.154252","1103","6","0","0","0","0","0","0","0","0","","0","0","0","11","8","1","","1","0","39 56:53.182","","0","75 09:15.307","2","0","0","0","67301","1","0","1","N","1","0","1","3","67301","0","","1.0","","1","N","N","N","1","","0","1","1","3","2","","1100","3","1","1","0","0","0","0","2","0","2","1","0","1","3","03","","N","","","","","","","","","",""
"2023006293","1040","1","0","0","0","0","0","0","0","0","5","0","","67","9","2022","5","39.992397","-75.120883","1030","6","0","0","0","0","0","1","0","0","","0","0","0","10","1","1","N","0","0","39 59:32.630","","1","75 07:15.180","4","0","0","0","67301","0","0","0","N","0","0","0","2","67301","1","","1.0","","1","N","N","N","0","","0","0","1","0","0","","1015","2","1","0","0","0","0","0","2","0","2","0","0","0","3","03","","N","","","","","","","","","",""
"2023006295","1950","2","0","0","0","0","0","0","0","0","5","0","","67","9","2022","5","39.993719","-75.118475","1945","6","0","0","0","0","0","0","0","0","","0","0","0","19","4","0","N","0","0","39 59:37.390","","1","75 07:06.510","0","0","0","0","67301","0","0","0","N","0","0","0","1","67301","0","","6.0","","1","N","N","N","0","","0","0","0","0","0","","1930","2","0","0","0","0","0","0","2","0","2","0","0","0","3","03","","N","","","","","","","","","",""
"2023006296","0945","0","0","0","0","0","0","0","0","0","8","0","","67","10","2022","7","39.995508","-75.115222","0942","6","0","0","0","0","0","1","0","0","","0","0","0","9","1","1","N","0","0","39 59:43.830","","0","75 06:54.800","3","0","0","0","67301","1","0","0","N","1","0","0","2","67301","0","","1.0","","1","N","N","N","0","","1","0","1","3","2","","940","2","1","1","0","0","0","0","2","0","1","1","0","0","3","03","","N","","","","","","","","","",""
"2023013402","2026","1","0","0","0","0","0","0","0","0","1","0","","67","12","2022","7","39.960097","-75.179659","2020","6","0","0","0","0","0","0","0","0","","0","0","0","20","3","0","N","0","1","39 57:36.350","4","0","75 10:46.771","0","0","0","0","67301","0","0","0","N","0","0","0","3","68K01","0","","1.0","2040.0","9","N","N","Y","0","","0","0","1","0","0","N","2018","2","0","0","0","0","0","0","2","0","2","0","0","0","7","07","","N","","","","","","","","","",""
"2023000079","1749","0","0","0","0","0","0","0","0","0","1","0","","67","12","2022","6","39.973784","-75.219674","1749","6","0","0","0","0","0","0","1","0","","0","0","0","17","4","1","","1","0","39 58:25.623","","0","75 13:10.826","3","0","0","0","67301","0","0","0","N","0","0","0","3","67301","0","","1.0","","1","N","N","N","0","","1","0","0","3","2","","1707","2","1","0","0","0","0","0","2","2","2","0","0","0","3","","","N","","","","","","","","","",""
"2023007893","","0","0","0","0","0","0","0","0","0","1","0","","67","12","2022","2","39.933333","-75.143587","","6","0","0","0","0","0","1","0","0","","0","0","0","17","1","1","","2","0","39 55:59.997","","0","75 08:36.914","8","0","0","0","67301","0","0","0","N","0","0","0","2","00000","0","","1.0","","1","","","N","0","","0","0","1","3","2","","1725","2","1","0","0","0","1","0","2","0","2","0","0","0","3","","","N","","","","","","","","","",""
"2023001128","2057","0","0","0","0","0","0","0","0","0","8","0","","67","12","2022","3","39.999214","-75.102158","2057","6","0","0","0","0","0","0","0","0","","0","0","0","20","3","1","N","0","0","39 59:57.170","","0","75 06:07.770","3","0","0","0","67301","1","0","0","N","1","0","0","2","67301","0","","1.0","","1","N","N","N","0","","1","0","1","0","0","","2030","2","1","0","0","0","0","0","2","0","1","1","0","0","3","03","","N","","","","","","","","","",""
"2023017568","1534","1","0","0","0","0","0","0","0","0","7","0","","67","12","2022","4","39.95806","-75.163314","1512","6","0","0","0","0","0","0","0","0","","0","0","0","14","1","1","N","0","1","39 57:29.016","4","0","75 09:47.932","4","0","0","0","67301","0","0","0","N","0","0","0","1","68K01","1","","2.0","1540.0","1","N","N","N","0","","0","0","0","0","0","N","1451","1","1","0","0","0","0","0","2","0","1","0","0","0","3","03","","N","","","","","","","","","",""
"2023003927","0440","0","0","0","0","0","0","0","0","0","7","0","","67","12","2022","6","39.992778","-75.094167","0429","6","0","0","0","0","0","0","0","0","","0","0","0","4","3","0","N","0","0","39 59:34.000","","0","75 05:39.000","9","0","0","0","67301","0","0","0","N","0","0","0","1","67301","0","","5.0","","1","N","N","N","0","","0","0","0","0","0","","423","1","0","0","0","0","0","1","2","1","1","0","0","0","3","","","N","","","","","","","","","",""
"2023000465","0747","0","0","0","0","0","0","0","0","0","7","0","","67","12","2022","4","40.035561","-75.01702","0724","6","0","0","0","0","0","0","1","0","","0","0","0","7","1","1","N","0","0","40 02:08.019","","0","75 01:01.272","3","0","0","0","67301","0","0","0","N","0","0","0","3","68K01","0","","4.0","","9","N","N","N","0","","1","0","1","0","0","","723","2","1","0","0","0","0","0","2","1","2","0","0","0","7","","","N","","","","","","","","","",""
"2023003716","","1","0","0","0","0","0","0","0","0","5","0","","67","12","2022","1","39.910056","-75.163028","","6","0","0","0","0","0","0","0","0","","0","0","0","4","3","1","N","0","0","39 54:36.200","","0","75 09:46.900","8","0","0","0","67301","0","0","0","N","0","0","0","2","00000","0","","1.0","","1","","","N","0","","0","0","1","0","0","","430","2","1","0","0","0","1","0","2","0","2","0","0","0","3","","","N","","","","","","","","","",""
"2023006181","1346","0","0","0","1","0","1","0","0","0","8","0","","67","12","2022","2","39.959603","-75.195643","1338","6","0","1","0","0","0","0","0","0","","0","0","0","13","1","1","","1","0","39 57:34.572","","0","75 11:44.314","2","0","0","0","67301","1","0","1","N","0","0","0","3","67301","0","","1.0","","1","N","N","N","1","","0","1","0","3","2","","1335","2","1","2","0","0","0","0","2","0","1","1","0","1","3","03","","N","","","","","","","","","",""
"2023003129","2141","1","0","0","0","0","0","0","0","0","4","0","","67","12","2022","7","39.974704","-75.199479","2141","6","0","0","0","0","0","2","0","0","","0","0","0","21","3","2","","1","0","39 58:28.934","","2","75 11:58.125","3","0","0","0","67301","0","0","0","N","0","0","0","2","67301","0","","1.0","","9","N","N","N","0","","2","0","1","3","2","","2136","2","2","0","0","0","0","0","2","0","2","0","0","0","7","07","","N","","","","","","","","","",""
"2023002478","1953","0","0","0","0","0","0","0","0","0","1","0","","67","12","2022","7","39.959758","-75.177877","1939","6","0","0","0","0","0","1","0","0","","0","0","0","19","3","0","N","0","2","39 57:35.130","3","3","75 10:40.358","0","0","0","0","67301","0","0","0","N","0","0","0","2","68K01","0","","1.0","2050.0","1","N","N","N","0","","0","0","2","0","0","N","1936","2","0","0","0","0","0","0","2","0","2","0","0","0","3","03","","N","","","","","","","","","",""
"2023000342","1703","1","0","0","0","0","0","1","0","0","4","1","","67","12","2022","4","39.986979","-75.149001","1650","6","0","0","0","0","0","0","0","0","","0","0","0","15","1","2","","1","0","39 59:13.126","","0","75 08:56.402","8","0","0","0","67301","0","0","0","N","0","0","0","5","67508","0","","1.0","","1","N","N","N","0","","0","0","0","3","2","","1530","2","2","0","0","0","2","2","2","0","2","0","0","0","3","03","","N","","","","","","","","","",""
"2023000197","0020","2","0","0","0","0","0","0","0","0","5","0","","67","12","2022","7","40.053385","-75.055104","0014","6","0","0","0","0","0","0","0","0","","0","0","0","0","3","0","N","0","1","40 03:12.187","1","0","75 03:18.376","0","0","0","0","67301","0","0","0","N","0","0","0","1","67301","0","","6.0","145.0","1","N","N","Y","1","","0","0","0","0","0","N","1","3","0","1","0","0","0","0","2","0","3","0","0","0","3","","","N","","","","","","","","","",""
"2023001124","1319","0","0","0","0","0","0","0","0","0","7","0","","67","12","2022","4","39.994444","-75.182833","1311","6","0","0","0","0","0","0","0","0","","0","0","0","12","1","0","N","0","0","39 59:40.000","","0","75 10:58.200","9","0","0","0","67301","0","0","0","N","0","0","0","1","67301","0","","5.0","","9","N","N","N","0","","0","0","1","0","0","","1256","1","0","0","0","0","0","1","2","0","1","0","0","0","7","","","N","","","","","","","","","",""
"2023000470","2223","1","0","0","0","0","0","0","0","0","5","0","","67","12","2022","5","40.003034","-75.078062","2210","6","0","0","0","0","0","0","0","0","","0","0","0","21","3","0","N","0","1","40 00:10.924","2","2","75 04:41.024","0","0","0","0","67301","0","0","0","N","0","0","0","2","68K01","0","","1.0","1025.0","1","N","N","N","0","","0","0","1","0","0","N","2154","2","0","0","0","0","0","0","2","0","2","0","0","0","3","03","","N","","","","","","","","","",""
"2023002346","1437","0","0","0","0","0","0","0","0","0","1","0","","67","12","2022","7","39.977334","-75.19984","1425","6","0","0","0","0","0","0","0","0","","0","0","0","14","1","0","N","0","2","39 58:38.404","4","0","75 11:59.424","0","0","0","0","67301","0","0","0","N","0","0","0","3","68K01","0","","1.0","1435.0","9","N","N","N","0","","0","0","2","0","0","N","1418","2","0","0","0","0","0","0","2","0","2","0","0","0","4","04","","N","","","","","","","","","",""
"2023009526","0739","1","0","0","0","0","0","0","0","0","7","0","","67","12","2022","7","39.992893","-75.200431","0734","6","0","0","1","0","0","0","0","0","","0","0","0","7","5","0","N","0","0","39 59:34.416","","0","75 12:01.551","0","0","0","0","67301","0","0","0","N","0","0","0","1","68K01","0","","2.0","","9","N","N","N","0","","0","0","0","0","0","","733","1","0","0","0","0","0","0","2","0","1","0","0","0","5","","","N","","","","","","","","","",""
"2023008669","1008","0","0","0","0","0","0","0","0","0","8","0","","67","12","2022","2","39.986069","-75.231942","1008","6","0","0","0","0","0","0","0","0","","0","0","0","9","1","1","N","0","0","39 59:09.850","","0","75 13:54.990","3","0","0","0","67301","1","0","0","N","1","0","0","2","67301","0","","1.0","","1","N","N","N","0","","1","0","1","3","2","","930","2","1","1","0","0","0","0","2","0","1","1","0","0","3","03","","N","","","","","","","","","",""
"2023000608","2333","1","0","0","0","0","0","0","0","0","7","0","","67","12","2022","7","40.076214","-75.054656","2333","6","0","1","0","0","0","0","0","0","","0","0","0","23","3","0","N","0","0","40 04:34.370","","0","75 03:16.760","0","0","0","0","67301","0","0","0","N","0","0","0","5","67301","0","","4.0","","9","N","N","N","0","","0","0","0","0","0","","2330","1","0","0","0","0","0","0","2","0","1","0","0","0","7","05","","N","","","","","","","","","",""
"2023003038","1744","2","0","0","0","0","0","0","0","0","1","0","","67","10","2022","7","39.962358","-75.139746","1720","6","0","0","0","0","0","0","1","0","","0","0","0","17","1","1","N","0","0","39 57:44.490","","0","75 08:23.084","8","0","0","0","67301","0","0","0","N","0","0","0","2","68K01","0","","1.0","","1","N","N","N","0","","0","0","0","0","0","","1705","2","1","0","0","0","1","0","2","0","2","0","0","0","3","03","","N","","","","","","","","","",""
"2023004273","0258","1","0","0","0","0","0","0","0","0","7","0","","67","12","2022","6","40.026471","-75.027034","0242","6","0","0","1","0","0","0","0","0","","0","0","0","2","3","1","N","0","0","40 01:35.297","","3","75 01:37.322","3","0","0","0","67301","0","0","0","N","0","0","0","1","68K01","0","","2.0","","1","N","N","N","0","","1","0","0","0","0","","236","1","1","0","0","0","0","0","2","0","1","0","0","0","3","","","N","","","","","","","","","",""
"2023009754","1349","2","0","0","0","0","0","0","0","0","1","1","","67","12","2022","5","39.967801","-75.131504","1339","6","0","0","0","0","0","0","0","0","","0","1","0","13","1","1","N","0","0","39 58:04.085","","0","75 07:53.415","3","0","0","0","67301","0","0","0","N","0","0","0","6","68K01","0","","1.0","","9","N","N","N","0","","1","0","0","0","0","","1335","4","1","0","0","0","0","1","2","1","4","0","0","0","7","","","N","","","","","","","","","",""
"2023006297","2010","3","0","0","0","0","0","0","0","0","5","0","","67","12","2022","1","39.996556","-75.121472","2008","6","0","0","0","0","0","0","0","0","","0","1","0","20","3","0","N","0","0","39 59:47.600","","0","75 07:17.300","0","0","0","0","67301","0","0","0","N","0","0","0","1","67301","0","","4.0","","9","N","N","N","0","","0","0","2","3","5","","2007","7","0","0","0","0","0","0","2","1","7","0","0","0","7","07","","N","","","","","","","","","",""
"2023000618","0542","0","0","0","0","0","0","0","0","0","1","1","","67","12","2022","6","40.016539","-75.128903","0534","6","0","0","0","0","0","0","0","0","","0","1","0","5","3","1","N","0","0","40 00:59.540","","0","75 07:44.050","3","0","0","0","67301","0","0","0","N","0","0","0","2","67301","0","","6.0","","1","N","N","N","0","","1","0","1","3","2","","533","2","1","0","0","0","0","0","2","0","2","0","0","0","3","","","N","","","","","","","","","",""
"2023000612","237","2","0","0","0","0","0","0","0","0","1","0","","67","12","2022","7","40.043415","-75.022578","233","6","0","0","0","0","0","0","0","0","","0","0","0","2","3","0","N","0","1","40 02:36.293","7","0","75 01:21.282","0","0","0","0","67301","0","0","0","N","0","0","0","1","67301","0","","6.0","5.0","1","N","N","N","0","","0","0","0","0","0","N","225","2","0","1","0","0","0","0","2","0","2","0","0","0","3","03","","N","","","","","","","","","",""
"2023010755","2358","0","0","0","0","0","0","0","0","0","7","0","","67","12","2022","7","39.969643","-75.192317","2354","6","0","0","0","0","0","0","0","0","","0","0","0","23","3","1","N","0","1","39 58:10.713","4","0","75 11:32.342","8","0","0","0","67301","0","0","0","N","0","0","0","1","68K01","0","","4.0","15.0","9","N","N","N","0","","0","0","1","0","0","N","2352","1","1","0","0","0","1","0","2","0","1","0","0","0","7","07","","N","","","","","","","","","",""
"2023012667","2214","1","0","0","0","0","0","0","0","0","7","0","","67","12","2022","4","39.989092","-75.206626","2214","6","0","0","0","0","0","0","0","0","","0","0","0","21","3","1","N","0","1","39 59:20.730","3","0","75 12:23.855","3","0","0","0","67301","0","0","0","N","0","0","0","1","68K01","0","","4.0","12.0","1","N","N","N","0","","1","0","0","0","0","N","2148","1","1","1","0","0","0","0","2","0","1","0","0","0","3","","","N","","","","","","","","","",""
"2023009753","652","1","0","0","0","0","0","0","0","0","5","0","","67","12","2022","5","39.948588","-75.141647","649","6","0","0","0","0","0","0","0","0","","0","0","0","6","5","1","N","0","1","39 56:54.915","1","0","75 08:29.930","8","0","0","0","67301","0","0","0","N","0","0","0","2","68K01","0","","1.0","727.0","1","N","N","N","0","","0","0","0","0","0","N","645","2","1","0","0","0","1","1","2","0","2","0","0","0","3","","","N","","","","","","","","","",""
"2023003041","654","2","0","0","0","0","0","0","0","0","1","0","","67","11","2022","2","40.011865","-75.060071","633","6","0","0","0","0","0","1","0","0","","0","0","0","6","1","1","N","0","0","40 00:42.714","","3","75 03:36.255","3","0","0","0","67301","0","0","0","N","0","0","0","6","68K01","0","","1.0","","1","N","N","N","0","","1","0","3","0","0","","627","5","1","0","0","0","0","0","2","0","5","0","0","0","3","03","","N","","","","","","","","","",""
"2023002281","117","1","0","0","0","0","0","0","0","0","5","0","","67","12","2022","6","39.971281","-75.165676","110","6","0","0","0","0","0","1","0","0","","0","0","0","0","3","0","N","0","0","39 58:16.611","","0","75 09:56.435","0","0","0","0","67301","0","0","0","N","0","0","0","1","67301","0","","1.0","","1","N","N","N","1","","0","0","0","0","0","","33","2","0","0","0","0","0","0","2","0","2","0","0","0","3","","","N","","","","","","","","","",""
"2023009580","2118","1","0","0","0","0","0","0","0","0","2","0","","67","8","2022","2","39.986752","-75.187476","2118","6","0","0","0","0","0","0","0","0","","0","0","0","21","3","0","N","0","0","39 59:12.307","","0","75 11:14.915","0","0","0","0","67301","0","0","0","N","0","0","0","3","67301","0","","1.0","","9","N","N","N","0","","0","0","1","0","0","","2118","2","0","0","0","0","0","0","2","0","2","0","0","0","3","03","","N","","","","","","","","","",""
"2023005836","1131","0","0","0","0","0","0","0","0","0","8","0","","67","10","2022","7","39.941736","-75.157248","1129","6","0","0","0","0","0","0","0","0","","0","0","0","11","1","1","","1","0","39 56:30.249","","0","75 09:26.093","3","0","0","0","67301","1","0","0","N","1","0","0","2","67301","0","","1.0","","1","N","N","N","0","","1","0","1","3","3","","1120","2","1","1","0","0","0","0","2","0","1","1","0","0","3","03","","N","","","","","","","","","",""
"2023001429","715","1","0","0","0","0","0","0","0","0","7","0","","67","11","2022","6","40.033607","-75.019956","709","6","0","0","0","0","0","0","0","0","","0","0","0","7","5","1","N","0","1","40 02:00.985","1","3","75 01:11.840","8","0","0","0","67301","0","0","0","N","0","0","0","1","68K01","0","","4.0","725.0","9","N","N","N","0","","0","0","0","0","0","N","706","1","1","0","0","0","1","0","2","0","1","0","0","0","7","","","N","","","","","","","","","",""
"2023001077","324","1","0","0","0","0","0","0","0","0","7","0","","67","12","2022","2","40.032996","-75.020467","311","6","0","0","0","0","0","0","0","0","","0","0","0","2","3","0","N","0","1","40 01:58.785","1","0","75 01:13.682","0","0","0","0","67301","0","0","0","N","0","0","0","1","68K01","0","","4.0","340.0","1","N","N","N","0","","0","0","0","0","0","N","259","1","0","0","0","0","0","0","2","0","1","0","0","0","3","","","N","","","","","","","","","",""
"2023010754","24","3","0","0","0","0","0","0","0","0","5","0","","67","12","2022","7","40.038784","-75.009239","18","6","0","0","0","0","0","1","0","0","","0","0","0","0","3","1","N","0","1","40 02:19.621","2","0","75 00:33.262","4","0","0","0","67301","0","0","0","N","0","0","0","2","68K01","1","","1.0","30.0","1","N","N","N","0","","0","0","0","0","0","N","14","3","1","0","0","0","0","0","2","0","3","0","0","0","3","03","","N","","","","","","","","","",""
"2023009759","1843","1","0","0","0","0","0","0","0","0","1","0","","67","12","2022","4","39.959333","-75.172611","1831","6","0","0","0","0","0","0","0","0","","0","0","0","18","3","0","N","0","1","39 57:33.600","4","0","75 10:21.400","0","0","0","0","67301","0","0","0","N","0","0","0","2","68K01","0","","1.0","1905.0","1","N","N","N","0","","0","0","1","0","0","N","1811","2","0","0","0","0","0","0","2","0","2","0","0","0","3","","","N","","","","","","","","","",""