"CRN","ARRIVAL_TM","AUTOMOBILE_COUNT","BELTED_DEATH_COUNT","BELTED_SUSP_SERIOUS_INJ_COUNT","BICYCLE_COUNT","BICYCLE_DEATH_COUNT","BICYCLE_SUSP_SERIOUS_INJ_COUNT","BUS_COUNT","CHLDPAS_DEATH_COUNT","CHLDPAS_SUSP_SERIOUS_INJ_COUNT","COLLISION_TYPE","COMM_VEH_COUNT","CONS_ZONE_SPD_LIM","COUNTY","CRASH_MONTH","CRASH_YEAR","DAY_OF_WEEK","DEC_LATITUDE","DEC_LONGITUDE","DISPATCH_TM","DISTRICT","DRIVER_COUNT_16YR","DRIVER_COUNT_17YR","DRIVER_COUNT_18YR","DRIVER_COUNT_19YR","DRIVER_COUNT_20YR","DRIVER_COUNT_50_64YR","DRIVER_COUNT_65_74YR","DRIVER_COUNT_75PLUS","EST_HRS_CLOSED","FATAL_COUNT","HEAVY_TRUCK_COUNT","HORSE_BUGGY_COUNT","HOUR_OF_DAY","ILLUMINATION","INJURY_COUNT","INTERSECTION_RELATED","INTERSECT_TYPE","LANE_CLOSED","LATITUDE","LN_CLOSE_DIR","LOCATION_TYPE","LONGITUDE","MAX_SEVERITY_LEVEL","MCYCLE_DEATH_COUNT","MCYCLE_SUSP_SERIOUS_INJ_COUNT","MOTORCYCLE_COUNT","MUNICIPALITY","NONMOTR_COUNT","NONMOTR_DEATH_COUNT","NONMOTR_SUSP_SERIOUS_INJ_COUNT","NTFY_HIWY_MAINT","PED_COUNT","PED_DEATH_COUNT","PED_SUSP_SERIOUS_INJ_COUNT","PERSON_COUNT","POLICE_AGCY","POSSIBLE_INJ_COUNT","RDWY_SURF_TYPE_CD","RELATION_TO_ROAD","ROADWAY_CLEARED","ROAD_CONDITION","SCH_BUS_IND","SCH_ZONE_IND","SECONDARY_CRASH","SMALL_TRUCK_COUNT","SPEC_JURIS_CD","SUSP_MINOR_INJ_COUNT","SUSP_SERIOUS_INJ_COUNT","SUV_COUNT","TCD_FUNC_CD","TCD_TYPE","TFC_DETOUR_IND","TIME_OF_DAY","TOTAL_UNITS","TOT_INJ_COUNT","UNBELTED_OCC_COUNT","UNB_DEATH_COUNT","UNB_SUSP_SERIOUS_INJ_COUNT","UNK_INJ_DEG_COUNT","UNK_INJ_PER_COUNT","URBAN_RURAL","VAN_COUNT","VEHICLE_COUNT","VULNERABLE_ROAD_USER_COUNT","VULNERABLE_ROAD_USER_DEATH_COUNT","VULNERABLE_ROAD_USER_SER_INJ_COUNT","WEATHER1","WEATHER2","WORKERS_PRES","WORK_ZONE_IND","WORK_ZONE_LOC","WORK_ZONE_TYPE","WZ_CLOSE_DETOUR","WZ_FLAGGER","WZ_LAW_OFFCR_IND","WZ_LN_CLOSURE","WZ_MOVING","WZ_OTHER","WZ_SHLDER_MDN","WZ_WORKERS_INJ_KILLED"
"2023009761","1732","2","0","0","0","0","0","0","0","0","7","0","","67","12","2022","5","40.034994","-75.018657","1711","6","0","0","0","0","0","0","0","0","","0","0","0","16","3","1","N","0","2","40 02:05.980","2","0","75 01:07.165","3","0","0","0","67301","0","0","0","N","0","0","0","2","68K01","0","","4.0","1811.0","9","N","N","N","0","","1","0","0","0","0","N","1653","2","1","0","0","0","0","0","2","0","2","0","0","0","7","","","N","","","","","","","","","",""
"2023006302","1905","2","0","0","0","0","0","0","0","0","1","0","","67","12","2022","6","40.005538","-75.104741","1904","6","0","0","0","0","0","1","0","0","","0","0","0","19","3","1","Y","0","0","40 00:19.937","","0","75 06:17.066","3","0","0","0","67301","0","0","0","N","0","0","0","3","67301","0","","1.0","","1","N","N","N","0","","1","0","1","3","2","","1900","3","1","0","0","0","0","0","2","0","3","0","0","0","3","03","","N","","","","","","","","","",""
"2023000313","816","0","0","0","0","0","0","0","0","0","1","0","","67","12","2022","3","40.015939","-75.05265","748","6","0","0","0","0","0","0","0","0","","0","0","0","7","1","0","N","0","0","40 00:57.380","","0","75 03:09.539","9","0","0","0","67301","0","0","0","N","0","0","0","2","68K01","0","","1.0","","1","N","N","N","0","","0","0","1","0","0","","747","2","0","0","0","0","0","1","2","0","2","0","0","0","3","","","N","","","","","","","","","",""
"2023009525","1116","1","0","0","0","0","0","0","0","0","5","0","","67","12","2022","6","39.94787","-75.141825","1111","6","0","0","0","0","0","1","0","0","","0","0","0","11","1","1","N","0","1","39 56:52.333","1","0","75 08:30.570","3","0","0","0","67301","0","0","0","N","0","0","0","2","68K01","0","","1.0","1159.0","1","N","N","N","0","","1","0","1","0","0","N","1108","2","1","0","0","0","0","0","2","0","2","0","0","0","3","","","N","","","","","","","","","",""
"2023000610","1423","1","0","0","0","0","0","0","0","0","2","0","","67","12","2022","6","40.093958","-74.989096","1421","6","1","0","0","0","0","0","0","0","","0","0","0","14","1","2","","2","0","40 05:38.247","","0","74 59:20.747","8","0","0","0","67301","0","0","0","N","0","0","0","2","67301","0","","1.0","","1","N","N","Y","0","","0","0","0","3","2","","1408","2","2","0","0","0","2","0","2","1","2","0","0","0","3","03","","N","","","","","","","","","",""
"2023013338","1725","1","0","0","0","0","0","0","0","0","8","0","","67","11","2022","4","39.996311","-75.159836","1719","6","0","0","0","0","0","1","0","0","","0","0","0","17","3","1","N","0","0","39 59:46.720","","0","75 09:35.410","8","0","0","0","67301","1","0","0","N","1","0","0","2","67301","0","","1.0","","1","N","N","N","0","","0","0","0","0","0","","1708","2","1","0","0","0","1","0","2","0","1","1","0","0","3","03","","N","","","","","","","","","",""
"2023000076","1647","0","0","0","0","0","0","0","0","0","4","0","","67","12","2022","6","39.937441","-75.220255","1647","6","0","0","0","0","0","1","1","0","","0","0","0","16","3","2","","1","0","39 56:14.787","","0","75 13:12.918","3","0","0","0","67301","0","0","0","N","0","0","0","3","67301","0","","1.0","","1","N","N","N","0","","2","0","2","3","3","","1643","2","2","0","0","0","0","0","2","0","2","0","0","0","3","03","","N","","","","","","","","","",""
"2023000077","1657","1","0","0","0","0","0","0","0","0","4","0","","67","12","2022","6","39.921544","-75.216597","1657","6","0","0","0","0","0","1","0","0","","0","0","0","16","1","0","N","0","1","39 55:17.560","2","0","75 12:59.750","0","0","0","0","67301","0","0","0","N","0","0","0","3","67301","0","","1.0","1802.0","1","N","N","N","0","","0","0","1","0","0","N","1646","2","0","0","0","0","0","0","2","0","2","0","0","0","3","03","","N","","","","","","","","","",""
"2023000607","1630","0","0","0","0","0","0","0","0","0","1","0","","67","12","2022","3","40.126412","-75.014447","1630","6","0","0","0","0","0","1","0","0","","0","0","0","14","1","0","N","0","0","40 07:35.084","","0","75 00:52.010","9","0","0","0","67301","0","0","0","N","0","0","0","2","67301","0","","1.0","","1","N","N","N","1","","0","0","1","0","0","","1435","2","0","0","0","0","0","1","2","0","2","0","0","0","3","04","","N","","","","","","","","","",""
"2023001126","742","1","0","0","0","0","0","0","0","0","5","0","","67","12","2022","4","39.974619","-75.159858","742","6","0","0","0","0","0","0","0","0","","0","0","0","6","5","0","N","0","0","39 58:28.630","","0","75 09:35.490","0","0","0","0","67301","0","0","0","N","0","0","0","1","67301","0","","6.0","","1","N","N","N","0","","0","0","1","0","0","","642","2","0","1","0","0","0","0","2","0","2","0","0","0","3","03","","N","","","","","","","","","",""
"2023000329","1650","1","0","0","0","0","0","0","0","0","8","0","","67","12","2022","5","39.999227","-75.147381","1647","6","0","0","0","0","0","0","0","0","","0","0","0","14","1","1","","5","0","39 59:57.217","","0","75 08:50.570","3","0","0","0","67301","1","0","0","N","1","0","0","2","67301","0","","1.0","","1","N","N","N","0","","1","0","0","3","2","","1419","2","1","0","0","0","0","0","2","0","1","1","0","0","3","","","N","","","","","","","","","",""
"2023000614","410","2","0","0","0","0","0","0","0","0","7","0","","67","12","2022","7","40.057394","-75.000659","406","6","0","0","0","0","0","0","0","0","","0","0","0","4","3","1","N","0","0","40 03:26.619","","0","75 00:02.371","3","0","0","0","67301","0","0","0","N","0","0","0","1","67301","0","","4.0","","9","N","N","N","0","","1","0","0","0","0","","401","2","1","0","0","0","0","0","2","0","2","0","0","0","3","05","","N","","","","","","","","","",""
"2023005951","1623","0","0","0","0","0","0","0","0","0","8","0","","67","11","2022","3","40.036065","-75.127653","1622","6","0","0","0","0","0","0","0","0","","0","0","0","19","3","1","","1","0","40 02:09.833","","0","75 07:39.552","8","0","0","0","67301","1","0","0","N","1","0","0","2","67301","0","","1.0","","1","N","N","N","0","","0","0","0","3","2","","1900","2","1","0","0","0","1","1","2","0","1","1","0","0","3","03","","N","","","","","","","","","",""
"2023000195","556","0","0","0","0","0","0","0","0","0","6","0","","67","12","2022","1","40.049887","-75.086245","550","6","0","0","0","0","0","0","0","0","","0","0","0","5","3","0","N","0","0","40 02:59.592","","0","75 05:10.483","0","0","0","0","67301","0","0","0","N","0","0","0","2","67301","0","","6.0","","1","N","N","N","0","","0","0","2","0","0","","545","2","0","0","0","0","0","0","2","0","2","0","0","0","3","","","N","","","","","","","","","",""
"2023011481","2027","1","0","0","0","0","0","0","0","0","1","0","","67","11","2022","3","39.959837","-75.177517","2009","6","0","0","0","0","0","0","0","0","","0","0","0","19","3","0","N","0","1","39 57:35.414","4","3","75 10:39.062","0","0","0","0","67301","0","0","0","N","0","0","0","3","68K01","0","","1.0","2100.0","1","N","N","N","0","","0","0","2","0","0","Y","1953","3","0","0","0","0","0","0","2","0","3","0","0","0","3","03","","N","","","","","","","","","",""
"2023007367","1403","1","0","0","0","0","0","0","0","0","1","0","","67","12","2022","6","40.045331","-75.002337","1340","6","0","0","0","0","0","2","0","0","","0","0","0","13","1","2","","3","0","40 02:43.190","","2","75 00:08.414","3","0","0","0","67301","0","0","0","N","0","0","0","4","68K01","0","","1.0","","1","N","N","N","0","","2","0","2","3","4","","1328","3","2","0","0","0","0","0","2","0","3","0","0","0","3","03","","N","","","","","","","","","",""
"2023002288","1232","2","0","0","0","0","0","0","0","0","4","0","","67","12","2022","5","40.00221","-75.1577","1230","6","0","0","0","0","0","0","1","0","","0","0","0","12","1","0","","1","1","40 00:07.957","1","0","75 09:27.721","9","0","0","0","67301","0","0","0","N","0","0","0","5","67301","0","","1.0","1410.0","1","N","N","N","0","","0","0","1","3","2","N","1203","3","0","0","0","0","0","2","2","0","3","0","0","0","3","03","","N","","","","","","","","","",""
"2023011868","1040","2","0","0","0","0","0","0","0","0","1","0","","67","12","2022","5","39.969848","-75.239132","1034","6","0","0","0","0","0","0","0","0","","0","0","0","10","1","0","","5","1","39 58:11.451","2","0","75 14:20.874","0","0","0","0","67301","0","0","0","N","0","0","0","3","67301","0","","1.0","1034.0","9","N","N","N","0","","0","0","0","3","2","N","1034","2","0","0","0","0","0","0","2","0","2","0","0","0","7","07","","N","","","","","","","","","",""
"2023009747","1756","1","0","0","0","0","0","0","0","0","1","0","","67","12","2022","3","40.051588","-74.989144","1736","6","0","1","0","0","0","0","0","0","","0","0","0","17","3","0","N","0","0","40 03:05.717","","0","74 59:20.919","0","0","0","0","67301","0","0","0","N","0","0","0","2","68K01","0","","1.0","","1","N","N","N","0","","0","0","1","0","0","","1732","2","0","0","0","0","0","0","2","0","2","0","0","0","3","03","","N","","","","","","","","","",""
"2023017888","1852","1","0","0","0","0","0","0","0","0","7","0","","67","12","2022","7","39.934791","-75.145064","1845","6","0","0","0","0","0","0","0","0","","0","0","0","18","3","0","N","0","0","39 56:05.246","","3","75 08:42.230","0","0","0","0","67301","0","0","0","N","0","0","0","1","68K01","0","","2.0","","9","N","N","N","0","","0","0","0","0","0","","1837","1","0","0","0","0","0","0","2","0","1","0","0","0","7","07","","N","","","","","","","","","",""
"2023000081","228","2","0","0","0","0","0","0","0","0","5","0","","67","12","2022","5","39.989497","-75.140767","225","6","0","0","0","0","1","0","0","0","","0","0","0","2","3","1","N","0","0","39 59:22.190","","0","75 08:26.760","3","0","0","0","67301","0","0","0","N","0","0","0","2","67301","0","","6.0","","1","N","N","N","0","","1","0","0","0","0","","220","2","1","0","0","0","0","0","2","0","2","0","0","0","3","03","","N","","","","","","","","","",""
"2023008140","1330","1","0","0","0","0","0","0","0","0","4","1","","67","11","2022","2","39.894612","-75.236717","1328","6","0","0","0","0","0","1","0","0","","0","1","0","13","1","1","","1","0","39 53:40.603","","0","75 14:12.181","3","0","0","0","67301","0","0","0","N","0","0","0","2","67301","0","","1.0","","1","N","N","N","0","","1","0","0","2","2","","1328","2","1","0","0","0","0","0","2","0","2","0","0","0","3","","","N","","","","","","","","","",""
"2023002285","253","3","0","0","0","0","0","0","0","0","5","0","","67","12","2022","5","39.976797","-75.162442","248","6","0","0","0","0","0","0","0","0","","0","0","0","2","3","0","N","0","0","39 58:36.470","","0","75 09:44.790","0","0","0","0","67301","0","0","0","N","0","0","0","1","67301","0","","1.0","","1","N","N","N","0","","0","0","0","0","0","","247","3","0","0","0","0","0","0","2","0","3","0","0","0","3","03","","N","","","","","","","","","",""
"2023003684","2215","0","0","0","0","0","0","0","0","0","1","1","35","67","12","2022","3","40.019956","-75.149915","2200","6","0","0","0","0","0","1","0","0","","0","1","0","21","3","1","N","0","1","40 01:11.842","2","0","75 08:59.693","3","0","0","0","67301","0","0","0","Y","0","0","0","2","68K01","0","","1.0","30.0","9","N","N","N","0","","1","0","0","0","0","N","2153","2","1","0","0","0","0","1","2","0","2","0","0","0","3","03","Y","Y","4","2","N","N","N","Y","N","N","N","Y"
"2023003048","1608","1","0","0","0","0","0","0","0","0","1","0","","67","11","2022","7","40.015519","-75.053039","1533","6","0","0","0","0","0","0","0","0","","0","0","0","15","1","0","N","0","2","40 00:55.869","1","0","75 03:10.941","0","0","0","0","67301","0","0","0","N","0","0","0","2","68K01","0","","1.0","1615.0","1","N","N","N","0","","0","0","1","0","0","N","1524","2","0","0","0","0","0","0","2","0","2","0","0","0","3","03","","N","","","","","","","","","",""
"2023000609","408","1","0","0","0","0","0","0","0","0","1","0","","67","12","2022","4","40.056397","-75.017584","407","6","0","0","0","0","0","0","0","0","","0","0","0","4","3","0","N","0","2","40 03:23.030","1","0","75 01:03.301","9","0","0","0","67301","0","0","0","N","0","0","0","1","67301","0","","6.0","530.0","1","N","N","N","0","","0","0","1","0","0","Y","400","2","0","0","0","0","0","1","2","0","2","0","0","0","3","03","","N","","","","","","","","","",""
"2023004277","45","1","0","0","0","0","0","0","0","0","7","0","","67","12","2022","6","39.981271","-75.206901","40","6","0","0","0","0","0","0","0","0","","0","0","0","0","3","0","N","0","2","39 58:52.574","3","0","75 12:24.843","9","0","0","0","67301","0","0","0","N","0","0","0","1","68K01","0","","4.0","45.0","9","N","N","N","0","","0","0","0","0","0","N","37","1","0","1","0","0","0","1","2","0","1","0","0","0","7","","","N","","","","","","","","","",""
"2023003926","1635","0","0","0","0","0","0","0","0","0","2","0","","67","11","2022","4","39.996867","-75.116624","1635","6","0","0","0","0","0","0","0","0","","0","0","0","16","1","1","N","0","0","39 59:48.720","","0","75 06:59.848","3","0","0","0","67301","0","0","0","N","0","0","0","1","67301","0","","1.0","","9","N","N","N","0","","1","0","1","0","0","","1635","2","1","1","0","0","0","0","2","1","2","0","0","0","7","07","","N","","","","","","","","","",""
"2023008670","28","0","0","0","0","0","0","0","0","0","8","0","","67","12","2022","7","39.989421","-75.125123","24","6","0","0","0","0","0","0","0","0","","1","0","0","0","3","0","N","0","0","39 59:21.915","","0","75 07:30.442","1","0","0","0","67301","1","1","0","N","1","1","0","2","67301","0","2","1.0","","1","N","N","N","0","0","0","0","0","0","0","","15","2","0","0","0","0","0","0","2","0","1","1","1","0","3","03","","N","","","","","","","","","",""
"2023003057","1916","2","0","0","0","0","0","0","0","0","1","0","","67","12","2022","2","40.050191","-74.992639","1850","6","0","0","0","0","0","0","0","0","","0","0","0","18","3","1","N","0","0","40 03:00.686","","0","74 59:33.500","3","0","0","0","67301","0","0","0","N","0","0","0","2","68K01","0","","1.0","","1","N","N","N","0","","1","0","0","0","0","","1843","2","1","0","0","0","0","0","2","0","2","0","0","0","3","03","","N","","","","","","","","","",""
"2023027357","2357","1","0","0","0","0","0","0","0","0","7","0","","67","12","2022","7","39.981386","-75.207027","2357","6","0","0","0","0","0","0","0","0","","0","0","0","23","2","0","N","0","0","39 58:52.989","","0","75 12:25.296","0","0","0","0","67301","0","0","0","N","0","0","0","1","68K01","0","","2.0","","9","N","N","N","0","","0","0","0","0","0","","2345","1","0","0","0","0","0","0","2","0","1","0","0","0","7","07","","N","","","","","","","","","",""
"2023002514","1935","2","0","0","0","0","0","0","0","0","3","0","","67","12","2022","6","39.993661","-75.166181","1933","6","0","0","0","0","0","1","0","0","","0","0","0","19","3","1","N","0","0","39 59:37.180","","0","75 09:58.250","8","0","0","0","67301","0","0","0","N","0","0","0","4","67301","0","","1.0","","9","N","N","N","0","","0","0","1","0","0","","1931","3","1","0","0","0","1","0","2","0","3","0","0","0","3","","","N","","","","","","","","","",""
"2023003649","1525","0","0","0","0","0","0","0","0","0","8","0","","67","12","2022","5","39.973776","-75.245295","1519","6","0","0","0","0","0","0","0","0","","0","0","0","14","1","1","","1","0","39 58:25.594","","0","75 14:43.063","3","0","0","0","67301","1","0","0","N","1","0","0","1","67301","0","","1.0","","1","N","N","N","0","","1","0","0","3","2","","1452","2","1","0","0","0","0","0","2","0","1","1","0","0","3","03","","N","","","","","","","","","",""
"2023003051","1941","1","0","0","0","0","0","0","0","0","7","0","","67","11","2022","1","40.033849","-75.019711","1938","6","0","0","0","0","0","0","0","0","","0","0","0","19","3","0","N","0","2","40 02:01.857","1","0","75 01:10.961","0","0","0","0","67301","0","0","0","N","0","0","0","1","68K01","0","","4.0","1945.0","9","N","N","N","0","","0","0","0","0","0","N","1933","1","0","0","0","0","0","0","2","0","1","0","0","0","7","07","","N","","","","","","","","","",""
"2023003648","1720","0","0","0","0","0","0","0","0","0","4","0","","67","12","2022","6","39.974448","-75.259936","1718","6","0","0","0","0","0","0","0","0","","0","0","0","17","4","0","N","0","1","39 58:28.011","6","7","75 15:35.769","9","0","0","0","67301","0","0","0","N","0","0","0","2","67301","0","","1.0","100.0","1","N","N","Y","1","","0","0","1","0","0","Y","1715","2","0","0","0","0","0","1","2","0","2","0","0","0","3","","","N","","","","","","","","","",""
"2023023604","","0","0","0","0","0","0","0","0","0","4","0","","67","5","2022","3","39.973418","-75.136863","","6","0","0","0","0","0","0","0","0","","0","0","0","2","3","2","","1","0","39 58:24.304","","0","75 08:12.706","8","0","0","0","67301","0","0","0","N","0","0","0","3","00000","0","","1.0","","1","","","N","0","","0","0","1","3","3","","243","2","2","0","0","0","2","0","2","0","2","0","0","0","3","","","N","","","","","","","","","",""
"2023044314","1929","0","0","0","0","0","0","0","0","0","1","0","","67","10","2022","4","39.962735","-75.246806","1925","6","0","0","0","0","0","1","0","0","","0","0","0","18","3","2","","1","0","39 57:45.845","","1","75 14:48.500","3","0","0","0","67301","0","0","0","N","0","0","0","4","67301","0","","1.0","","1","N","N","N","0","","2","0","1","3","2","","1830","2","2","2","0","0","0","0","2","0","2","0","0","0","3","","","N","","","","","","","","","",""
"2023054502","0830","1","0","0","0","0","0","0","0","0","7","0","","67","12","2022","7","39.961997","-75.177758","0815","6","0","0","0","0","0","0","0","0","","0","0","0","8","1","0","N","0","0","39 57:43.190","","0","75 10:39.930","0","0","0","0","67301","0","0","0","N","0","0","0","1","67301","0","","3.0","","9","N","N","N","0","","0","0","0","0","0","","805","1","0","0","0","0","0","0","2","0","1","0","0","0","7","04","","N","","","","","","","","","",""
"2023078947","1354","1","0","0","0","0","0","0","0","0","4","0","","67","6","2022","1","40.008148","-75.072467","1347","6","0","0","0","0","0","0","0","0","","0","0","0","13","1","0","","1","0","40 00:29.331","","0","75 04:20.880","0","0","0","0","67301","0","0","0","N","0","0","0","2","67301","0","","1.0","","1","N","N","N","1","","0","0","0","3","2","","1343","2","0","1","0","0","0","0","2","0","2","0","0","0","3","04","","N","","","","","","","","","",""
"2023093875","2333","2","0","0","0","0","0","0","0","0","4","0","","67","3","2022","4","39.956723","-75.198135","2329","6","0","0","1","0","0","0","0","0","","0","0","0","23","3","1","","1","0","39 57:24.202","","0","75 11:53.285","3","0","0","0","67301","0","0","0","N","0","0","0","3","67504","0","","1.0","","1","N","N","N","0","","1","0","0","3","2","","2329","2","1","0","0","0","0","0","2","0","2","0","0","0","3","03","","N","","","","","","","","","",""
"2023106008","0915","3","0","0","0","0","0","0","0","0","4","1","","67","3","2022","5","39.987871","-75.155877","0907","6","0","0","0","0","0","1","0","0","","0","1","0","9","1","0","","1","2","39 59:16.336","3","0","75 09:21.158","0","0","0","0","67301","0","0","0","N","0","0","0","1","67301","0","","1.0","1015.0","9","N","N","Y","0","","0","0","0","3","2","Y","906","4","0","0","0","0","0","0","2","0","4","0","0","0","7","04","","N","","","","","","","","","",""
"2023100332","2001","1","0","0","0","0","0","0","0","0","1","0","","67","3","2022","5","39.953675","-75.208592","2001","6","0","0","0","0","0","1","0","0","","0","0","0","20","3","0","N","0","0","39 57:13.230","","0","75 12:30.930","0","0","0","0","67301","0","0","0","N","0","0","0","2","67504","0","","1.0","","9","N","N","N","0","","0","0","0","0","0","","2000","2","0","0","0","0","0","0","2","1","2","0","0","0","07","03","","N","","","","","","","","","",""
"2023099992","","1","0","0","0","0","0","0","0","0","5","0","","67","10","2022","5","39.946637","-75.198562","","6","0","0","0","0","0","0","0","0","","0","0","0","8","1","0","N","0","0","39 56:47.892","","0","75 11:54.824","8","0","0","0","67301","0","0","0","N","0","0","0","0","00000","0","","1.0","","1","","","N","0","","0","0","0","0","0","","836","2","1","1","0","0","1","0","2","1","2","0","0","0","03","","","N","","","","","","","","","",""
"2023110737","0107","1","0","0","0","0","0","0","0","0","4","0","","67","10","2022","2","39.970683","-75.232585","0104","6","0","0","1","0","0","0","0","0","","0","0","0","1","3","0","","1","0","39 58:14.458","","0","75 13:57.305","0","0","0","0","67301","0","0","0","N","0","0","0","2","67301","0","","1.0","","1","N","N","N","0","","0","0","0","3","2","","102","2","0","0","0","0","0","0","2","0","2","0","0","0","03","03","","N","","","","","","","","","",""
"2023118542","1535","1","0","0","0","0","0","0","0","0","1","0","","67","8","2022","5","39.977381","-75.171544","1533","6","0","0","0","0","0","0","1","0","","0","0","0","15","1","1","N","0","0","39 58:38.570","","0","75 10:17.560","8","0","0","0","67301","0","0","0","N","0","0","0","1","67301","0","","6.0","","1","N","N","N","0","","0","0","1","0","0","","1533","2","1","0","0","0","1","0","2","0","2","0","0","0","03","","","N","","","","","","","","","",""
"2023118625","1934","2","0","0","0","0","0","0","0","0","5","0","","67","10","2022","3","39.971528","-75.244883","1934","6","0","0","0","0","0","0","0","0","","0","0","0","7","1","1","N","0","0","39 58:17.499","","0","75 14:41.577","3","0","0","0","67301","0","0","0","N","0","0","0","2","67301","0","","6.0","","9","N","N","N","0","","1","0","0","0","0","","740","2","1","0","0","0","0","0","2","0","2","0","0","0","07","07","","N","","","","","","","","","",""
"2023118627","2300","0","0","0","0","0","0","0","0","0","5","0","","67","12","2022","4","40.001753","-75.213119","2240","6","0","0","0","0","0","1","0","0","","0","0","0","22","3","0","N","0","0","40 00:06.310","","0","75 12:47.230","0","0","0","0","67301","0","0","0","N","0","0","0","1","67301","0","","6.0","","9","N","N","N","0","","0","0","2","0","0","","2210","2","0","0","0","0","0","0","2","0","2","0","0","0","07","05","","N","","","","","","","","","",""
"2024011898","","0","0","0","0","0","0","0","0","0","7","0","","67","10","2022","4","40.010861","-75.126917","","6","0","0","0","0","0","0","0","0","","0","0","0","3","3","1","N","0","0","40 00:39.100","","0","75 07:36.900","8","0","0","0","67301","0","0","0","N","0","0","0","2","00000","0","","4.0","","1","","","N","0","","0","0","0","0","0","","350","1","1","0","0","0","1","0","2","1","1","0","0","0","03","03","","N","","","","","","","","","",""
"2024011803","","0","0","0","0","0","0","0","0","0","4","0","","67","12","2022","6","40.01224","-75.150481","","6","0","0","0","0","0","0","1","0","","0","0","0","17","3","1","","1","0","40 00:44.064","","0","75 09:01.733","8","0","0","0","67301","0","0","0","N","0","0","0","2","00000","0","","1.0","","1","","","N","0","","0","0","1","3","2","","1730","2","1","0","0","0","1","0","2","0","2","0","0","0","03","03","","N","","","","","","","","","",""
"2024021014","","0","0","0","0","0","0","0","0","0","5","0","","67","11","2022","1","","","","6","0","0","0","0","0","0","0","0","","0","0","0","99","1","2","N","0","0","","","0","","8","0","0","0","67301","0","0","0","N","0","0","0","3","00000","0","","1.0","","1","","","N","0","","0","0","0","0","0","","9999","2","2","0","0","0","2","0","1","0","2","0","0","0","03","","","N","","","","","","","","","",""
"2024021037","","0","0","0","0","0","0","0","0","0","4","0","","67","10","2022","2","39.954339","-75.191786","","6","0","0","0","0","0","0","1","0","","0","0","0","10","1","5","","1","0","39 57:15.621","","0","75 11:30.428","8","0","0","0","67301","0","0","0","N","0","0","0","6","00000","0","","1.0","","1","","","N","1","","0","0","1","3","2","","1052","2","5","0","0","0","5","0","2","0","2","0","0","0","03","","","N","","","","","","","","","",""
"2024031409","2016","3","0","0","0","0","0","0","0","0","6","0","","67","5","2022","6","39.970444","-75.216833","2011","6","0","0","0","0","0","0","0","0","","0","0","0","20","4","0","N","0","0","39 58:13.600","","0","75 13:00.600","0","0","0","0","67301","0","0","0","N","0","0","0","2","67301","0","","1.0","","1","N","N","N","0","","0","0","0","0","0","","2008","3","0","1","0","0","0","0","2","0","3","0","0","0","03","03","","N","","","","","","","","","",""
"2024031404","0852","2","0","0","0","0","0","0","0","0","4","0","","67","12","2022","4","40.022623","-75.208508","0850","6","0","0","0","0","0","0","0","0","","0","0","0","8","1","0","","3","0","40 01:21.441","","0","75 12:30.628","0","0","0","0","67301","0","0","0","N","0","0","0","2","67301","0","","1.0","","1","N","N","N","1","","0","0","0","3","3","","847","3","0","1","0","0","0","0","2","0","3","0","0","0","03","03","","N","","","","","","","","","",""
"2024076849","1655","1","0","0","0","0","0","0","0","0","4","0","","67","10","2022","3","39.985153","-75.159815","1642","6","0","0","0","0","0","1","0","0","","0","0","0","16","1","1","","1","0","39 59:06.550","","0","75 09:35.335","3","0","0","0","67301","0","0","0","N","0","0","0","2","67301","0","","1.0","","9","N","N","N","0","","1","0","1","3","2","","1636","2","1","0","0","0","0","0","2","0","2","0","0","0","03","03","","N","","","","","","","","","",""
"2024031413","0027","2","0","0","0","0","0","0","0","0","2","0","","67","8","2022","4","39.965836","-75.24635","0027","6","0","0","0","0","0","0","0","0","","0","0","0","0","3","1","N","0","0","39 57:57.010","","0","75 14:46.860","4","0","0","0","67301","0","0","0","N","0","0","0","2","67301","1","","1.0","","1","N","N","N","0","","0","0","0","0","0","","27","2","1","0","0","0","0","0","2","0","2","0","0","0","03","03","","N","","","","","","","","","",""
"2024031415","1205","1","0","0","0","0","0","0","0","0","8","0","","67","10","2022","4","39.960932","-75.232866","1200","6","0","0","0","0","0","0","0","0","","0","0","0","17","3","1","","1","0","39 57:39.355","","0","75 13:58.316","3","0","0","0","67301","1","0","0","N","1","0","0","2","67301","0","","1.0","","1","N","N","N","0","","1","0","0","3","2","","1700","2","1","0","0","0","0","0","2","0","1","1","0","0","03","03","","N","","","","","","","","","",""
"2024031402","0116","1","0","0","0","0","0","0","0","0","1","0","","67","10","2022","2","40.041379","-75.225279","0110","6","0","0","0","0","0","0","0","0","","0","0","0","0","3","1","N","0","0","40 02:28.964","","0","75 13:31.003","3","0","0","0","67301","0","0","0","N","0","0","0","1","67301","0","","6.0","","1","N","N","N","0","","1","0","1","0","0","","10","2","1","0","0","0","0","0","2","0","2","0","0","0","03","","","N","","","","","","","","","",""
"2024031412","0135","1","0","0","0","0","0","0","0","0","4","0","","67","7","2022","1","39.971253","-75.227216","0130","6","0","0","0","0","1","0","0","0","","0","0","0","0","3","0","","1","0","39 58:16.510","","0","75 13:37.977","0","0","0","0","67301","0","0","0","N","0","0","0","3","67301","0","","1.0","","1","N","N","N","0","","0","0","1","3","2","","12","2","0","0","0","0","0","0","2","0","2","0","0","0","03","03","","N","","","","","","","","","",""